{
"type": "FeatureCollection",
"name": "emergency_shelters",
"crs": { "type": "name", "properties": { "name": "urn:ogc:def:crs:OGC:1.3:CRS84" } },
"features": [
{ "type": "Feature", "properties": { "OBJECTID": 1, "BUSNAME": "Mauka Lani ES", "ADDRESS": "92-1300 Panana St", "PHONE": "6721100", "PLACENAME": "Kapolei", "CONTACT": null, "ZIPCODE": "96707", "CAPACITY": 0, "SCHOOL_COD": 0, "ELEMENTARY": 0, "MIDDLE": 0, "HIGH": 0, "SPACE": 0, "W_UPGRADE": 0, "EVAC_ZONE": 0, "TYPE": null, "PETS": null, "SP_NEEDS": "Y" }, "geometry": { "type": "Point", "coordinates": [ -158.083644855279601, 21.358446488343823 ] } },
{ "type": "Feature", "properties": { "OBJECTID": 2, "BUSNAME": "Makakilo ES", "ADDRESS": "92-675 Anipeahi St", "PHONE": "6721122", "PLACENAME": "Kapolei", "CONTACT": null, "ZIPCODE": "96707", "CAPACITY": 0, "SCHOOL_COD": 0, "ELEMENTARY": 0, "MIDDLE": 0, "HIGH": 0, "SPACE": 0, "W_UPGRADE": 0, "EVAC_ZONE": 0, "TYPE": null, "PETS": null, "SP_NEEDS": null }, "geometry": { "type": "Point", "coordinates": [ -158.084752366551072, 21.344334027171836 ] } },
{ "type": "Feature", "properties": { "OBJECTID": 3, "BUSNAME": "Kapolei ES", "ADDRESS": "91-1119 Kamaaha Lp", "PHONE": "6937000", "PLACENAME": "Kapolei", "CONTACT": null, "ZIPCODE": "96707", "CAPACITY": 0, "SCHOOL_COD": 0, "ELEMENTARY": 0, "MIDDLE": 0, "HIGH": 0, "SPACE": 0, "W_UPGRADE": 0, "EVAC_ZONE": 0, "TYPE": null, "PETS": null, "SP_NEEDS": "Y" }, "geometry": { "type": "Point", "coordinates": [ -158.064468282949861, 21.333988635532315 ] } },
{ "type": "Feature", "properties": { "OBJECTID": 4, "BUSNAME": "Ilima IS", "ADDRESS": "91-884 Fort Weaver Rd", "PHONE": "6891250", "PLACENAME": "Ewa Beach", "CONTACT": null, "ZIPCODE": "96706", "CAPACITY": 0, "SCHOOL_COD": 0, "ELEMENTARY": 0, "MIDDLE": 0, "HIGH": 0, "SPACE": 0, "W_UPGRADE": 0, "EVAC_ZONE": 0, "TYPE": null, "PETS": "Y", "SP_NEEDS": "Y" }, "geometry": { "type": "Point", "coordinates": [ -158.01093849147486, 21.317257891662557 ] } },
{ "type": "Feature", "properties": { "OBJECTID": 5, "BUSNAME": "Kaimiloa ES", "ADDRESS": "91-1028 Kaunolu St", "PHONE": "6891280", "PLACENAME": "Ewa Beach", "CONTACT": null, "ZIPCODE": "96706", "CAPACITY": 0, "SCHOOL_COD": 0, "ELEMENTARY": 0, "MIDDLE": 0, "HIGH": 0, "SPACE": 0, "W_UPGRADE": 0, "EVAC_ZONE": 0, "TYPE": null, "PETS": null, "SP_NEEDS": null }, "geometry": { "type": "Point", "coordinates": [ -158.009181658480287, 21.319277998977036 ] } },
{ "type": "Feature", "properties": { "OBJECTID": 6, "BUSNAME": "Pohakea ES", "ADDRESS": "91-750 Fort Weaver Rd", "PHONE": "6891290", "PLACENAME": "Ewa Beach", "CONTACT": null, "ZIPCODE": "96706", "CAPACITY": 0, "SCHOOL_COD": 0, "ELEMENTARY": 0, "MIDDLE": 0, "HIGH": 0, "SPACE": 0, "W_UPGRADE": 0, "EVAC_ZONE": 0, "TYPE": null, "PETS": null, "SP_NEEDS": null }, "geometry": { "type": "Point", "coordinates": [ -158.009927398377357, 21.313656300321561 ] } },
{ "type": "Feature", "properties": { "OBJECTID": 7, "BUSNAME": "Campbell HS", "ADDRESS": "91-980 North Rd", "PHONE": "6891200", "PLACENAME": "Ewa Beach", "CONTACT": null, "ZIPCODE": "96706", "CAPACITY": 0, "SCHOOL_COD": 0, "ELEMENTARY": 0, "MIDDLE": 0, "HIGH": 0, "SPACE": 0, "W_UPGRADE": 0, "EVAC_ZONE": 0, "TYPE": null, "PETS": "Y", "SP_NEEDS": "Y" }, "geometry": { "type": "Point", "coordinates": [ -158.00843587114602, 21.315924153778553 ] } },
{ "type": "Feature", "properties": { "OBJECTID": 8, "BUSNAME": "Kaleiopuu ES", "ADDRESS": "94-665 Kaaholo St", "PHONE": "6750266", "PLACENAME": "Waipahu", "CONTACT": null, "ZIPCODE": "96797", "CAPACITY": 0, "SCHOOL_COD": 0, "ELEMENTARY": 0, "MIDDLE": 0, "HIGH": 0, "SPACE": 0, "W_UPGRADE": 0, "EVAC_ZONE": 0, "TYPE": null, "PETS": null, "SP_NEEDS": null }, "geometry": { "type": "Point", "coordinates": [ -158.028113927006871, 21.391287727153916 ] } },
{ "type": "Feature", "properties": { "OBJECTID": 9, "BUSNAME": "Honowai ES", "ADDRESS": "94-600 Honowai St", "PHONE": "6750165", "PLACENAME": "Waipahu", "CONTACT": null, "ZIPCODE": "96797", "CAPACITY": 0, "SCHOOL_COD": 0, "ELEMENTARY": 0, "MIDDLE": 0, "HIGH": 0, "SPACE": 0, "W_UPGRADE": 0, "EVAC_ZONE": 0, "TYPE": null, "PETS": null, "SP_NEEDS": "Y" }, "geometry": { "type": "Point", "coordinates": [ -158.026221101269925, 21.38360669482832 ] } },
{ "type": "Feature", "properties": { "OBJECTID": 10, "BUSNAME": "Waipahu ES", "ADDRESS": "94-465 Waipahu St", "PHONE": "6750150", "PLACENAME": "Waipahu", "CONTACT": null, "ZIPCODE": "96796", "CAPACITY": 0, "SCHOOL_COD": 0, "ELEMENTARY": 0, "MIDDLE": 0, "HIGH": 0, "SPACE": 0, "W_UPGRADE": 0, "EVAC_ZONE": 0, "TYPE": null, "PETS": "Y", "SP_NEEDS": "Y" }, "geometry": { "type": "Point", "coordinates": [ -158.015822282008799, 21.38498474364539 ] } },
{ "type": "Feature", "properties": { "OBJECTID": 11, "BUSNAME": "Waipahu IS", "ADDRESS": "94-455 Farrington Hwy", "PHONE": "6750177", "PLACENAME": "Waipahu", "CONTACT": null, "ZIPCODE": "96796", "CAPACITY": 0, "SCHOOL_COD": 0, "ELEMENTARY": 0, "MIDDLE": 0, "HIGH": 0, "SPACE": 0, "W_UPGRADE": 0, "EVAC_ZONE": 0, "TYPE": null, "PETS": null, "SP_NEEDS": "Y" }, "geometry": { "type": "Point", "coordinates": [ -158.012898398012027, 21.380391698045951 ] } },
{ "type": "Feature", "properties": { "OBJECTID": 12, "BUSNAME": "August Ahrens ES", "ADDRESS": "94-1170 Waipahu St", "PHONE": "6750202", "PLACENAME": "Waipahu", "CONTACT": null, "ZIPCODE": "96797", "CAPACITY": 0, "SCHOOL_COD": 0, "ELEMENTARY": 0, "MIDDLE": 0, "HIGH": 0, "SPACE": 0, "W_UPGRADE": 0, "EVAC_ZONE": 0, "TYPE": null, "PETS": null, "SP_NEEDS": null }, "geometry": { "type": "Point", "coordinates": [ -158.001597767788581, 21.394455988180937 ] } },
{ "type": "Feature", "properties": { "OBJECTID": 13, "BUSNAME": "Waipahu HS", "ADDRESS": "94-1211 Farrington Hwy", "PHONE": "6750222", "PLACENAME": "Waipahu", "CONTACT": null, "ZIPCODE": "96796", "CAPACITY": 0, "SCHOOL_COD": 0, "ELEMENTARY": 0, "MIDDLE": 0, "HIGH": 0, "SPACE": 0, "W_UPGRADE": 0, "EVAC_ZONE": 0, "TYPE": null, "PETS": "Y", "SP_NEEDS": "Y" }, "geometry": { "type": "Point", "coordinates": [ -157.993808075242868, 21.38869888866412 ] } },
{ "type": "Feature", "properties": { "OBJECTID": 15, "BUSNAME": "Kanoelani ES", "ADDRESS": "94-1091 Oli Loop", "PHONE": "6750195", "PLACENAME": "Waipahu", "CONTACT": null, "ZIPCODE": "96797", "CAPACITY": 0, "SCHOOL_COD": 0, "ELEMENTARY": 0, "MIDDLE": 0, "HIGH": 0, "SPACE": 0, "W_UPGRADE": 0, "EVAC_ZONE": 0, "TYPE": null, "PETS": null, "SP_NEEDS": null }, "geometry": { "type": "Point", "coordinates": [ -157.998273428409533, 21.416141297037225 ] } },
{ "type": "Feature", "properties": { "OBJECTID": 16, "BUSNAME": "Lehua ES", "ADDRESS": "791 Lehua Ave", "PHONE": "4536490", "PLACENAME": "Pearl City", "CONTACT": null, "ZIPCODE": "96782", "CAPACITY": 0, "SCHOOL_COD": 0, "ELEMENTARY": 0, "MIDDLE": 0, "HIGH": 0, "SPACE": 0, "W_UPGRADE": 0, "EVAC_ZONE": 0, "TYPE": null, "PETS": null, "SP_NEEDS": "Y" }, "geometry": { "type": "Point", "coordinates": [ -157.971175923682949, 21.38873472709253 ] } },
{ "type": "Feature", "properties": { "OBJECTID": 17, "BUSNAME": "Manana ES", "ADDRESS": "1147 Kumano St", "PHONE": "4536430", "PLACENAME": "Pearl City", "CONTACT": null, "ZIPCODE": "96782", "CAPACITY": 0, "SCHOOL_COD": 0, "ELEMENTARY": 0, "MIDDLE": 0, "HIGH": 0, "SPACE": 0, "W_UPGRADE": 0, "EVAC_ZONE": 0, "TYPE": null, "PETS": null, "SP_NEEDS": "Y" }, "geometry": { "type": "Point", "coordinates": [ -157.9714337046087, 21.408505201553684 ] } },
{ "type": "Feature", "properties": { "OBJECTID": 18, "BUSNAME": "Pearl City Highlands ES", "ADDRESS": "1090 Waimano Home Rd", "PHONE": "4536455", "PLACENAME": "Pearl City", "CONTACT": null, "ZIPCODE": "96782", "CAPACITY": 0, "SCHOOL_COD": 0, "ELEMENTARY": 0, "MIDDLE": 0, "HIGH": 0, "SPACE": 0, "W_UPGRADE": 0, "EVAC_ZONE": 0, "TYPE": null, "PETS": null, "SP_NEEDS": "Y" }, "geometry": { "type": "Point", "coordinates": [ -157.965332545448433, 21.403264007176027 ] } },
{ "type": "Feature", "properties": { "OBJECTID": 19, "BUSNAME": "Pearl City District Park", "ADDRESS": "785 Hoomaemae St", "PHONE": "4537550", "PLACENAME": "Pearl City", "CONTACT": null, "ZIPCODE": "96782", "CAPACITY": 0, "SCHOOL_COD": 0, "ELEMENTARY": 0, "MIDDLE": 0, "HIGH": 0, "SPACE": 0, "W_UPGRADE": 0, "EVAC_ZONE": 0, "TYPE": null, "PETS": null, "SP_NEEDS": null }, "geometry": { "type": "Point", "coordinates": [ -157.963662113936778, 21.402368347230112 ] } },
{ "type": "Feature", "properties": { "OBJECTID": 21, "BUSNAME": "Waiau ES", "ADDRESS": "98-450 Hookanike St", "PHONE": "4536530", "PLACENAME": "Pearl City", "CONTACT": null, "ZIPCODE": "96782", "CAPACITY": 0, "SCHOOL_COD": 0, "ELEMENTARY": 0, "MIDDLE": 0, "HIGH": 0, "SPACE": 0, "W_UPGRADE": 0, "EVAC_ZONE": 0, "TYPE": null, "PETS": null, "SP_NEEDS": null }, "geometry": { "type": "Point", "coordinates": [ -157.953478503163467, 21.398752418180411 ] } },
{ "type": "Feature", "properties": { "OBJECTID": 22, "BUSNAME": "Momilani ES", "ADDRESS": "2130 Hookiekie St", "PHONE": "4536444", "PLACENAME": "Pearl City", "CONTACT": null, "ZIPCODE": "96782", "CAPACITY": 0, "SCHOOL_COD": 0, "ELEMENTARY": 0, "MIDDLE": 0, "HIGH": 0, "SPACE": 0, "W_UPGRADE": 0, "EVAC_ZONE": 0, "TYPE": null, "PETS": null, "SP_NEEDS": null }, "geometry": { "type": "Point", "coordinates": [ -157.954051639175958, 21.413187917030076 ] } },
{ "type": "Feature", "properties": { "OBJECTID": 23, "BUSNAME": "Pearl City HS", "ADDRESS": "2100 Hookiekie St", "PHONE": "4536500", "PLACENAME": "Pearl City", "CONTACT": null, "ZIPCODE": "96782", "CAPACITY": 0, "SCHOOL_COD": 0, "ELEMENTARY": 0, "MIDDLE": 0, "HIGH": 0, "SPACE": 0, "W_UPGRADE": 0, "EVAC_ZONE": 0, "TYPE": null, "PETS": "Y", "SP_NEEDS": "Y" }, "geometry": { "type": "Point", "coordinates": [ -157.951268422743908, 21.413783781624865 ] } },
{ "type": "Feature", "properties": { "OBJECTID": 24, "BUSNAME": "Waimalu ES", "ADDRESS": "98-825 Moanalua Rd", "PHONE": "4837210", "PLACENAME": "Aiea", "CONTACT": null, "ZIPCODE": "96701", "CAPACITY": 0, "SCHOOL_COD": 0, "ELEMENTARY": 0, "MIDDLE": 0, "HIGH": 0, "SPACE": 0, "W_UPGRADE": 0, "EVAC_ZONE": 0, "TYPE": null, "PETS": null, "SP_NEEDS": "Y" }, "geometry": { "type": "Point", "coordinates": [ -157.950324290510565, 21.390023856879612 ] } },
{ "type": "Feature", "properties": { "OBJECTID": 25, "BUSNAME": "Pearlridge ES", "ADDRESS": "98-940 Moanalua Rd", "PHONE": "4837250", "PLACENAME": "Aiea", "CONTACT": null, "ZIPCODE": "96701", "CAPACITY": 0, "SCHOOL_COD": 0, "ELEMENTARY": 0, "MIDDLE": 0, "HIGH": 0, "SPACE": 0, "W_UPGRADE": 0, "EVAC_ZONE": 0, "TYPE": null, "PETS": null, "SP_NEEDS": "Y" }, "geometry": { "type": "Point", "coordinates": [ -157.944853945241874, 21.388745079890036 ] } },
{ "type": "Feature", "properties": { "OBJECTID": 26, "BUSNAME": "Aiea HS", "ADDRESS": "98-1276 Ulune St", "PHONE": "4837300", "PLACENAME": "Aiea", "CONTACT": null, "ZIPCODE": "96701", "CAPACITY": 0, "SCHOOL_COD": 0, "ELEMENTARY": 0, "MIDDLE": 0, "HIGH": 0, "SPACE": 0, "W_UPGRADE": 0, "EVAC_ZONE": 0, "TYPE": null, "PETS": "Y", "SP_NEEDS": "Y" }, "geometry": { "type": "Point", "coordinates": [ -157.929930411537242, 21.384788477817242 ] } },
{ "type": "Feature", "properties": { "OBJECTID": 27, "BUSNAME": "Aiea ES", "ADDRESS": "99-370 Moanalua Rd", "PHONE": "4837200", "PLACENAME": "Aiea", "CONTACT": null, "ZIPCODE": "96701", "CAPACITY": 0, "SCHOOL_COD": 0, "ELEMENTARY": 0, "MIDDLE": 0, "HIGH": 0, "SPACE": 0, "W_UPGRADE": 0, "EVAC_ZONE": 0, "TYPE": null, "PETS": null, "SP_NEEDS": "Y" }, "geometry": { "type": "Point", "coordinates": [ -157.927682423013351, 21.375681364163739 ] } },
{ "type": "Feature", "properties": { "OBJECTID": 28, "BUSNAME": "Aiea IS", "ADDRESS": "99-600 Kulawea St", "PHONE": "4837230", "PLACENAME": "Aiea", "CONTACT": null, "ZIPCODE": "96701", "CAPACITY": 0, "SCHOOL_COD": 0, "ELEMENTARY": 0, "MIDDLE": 0, "HIGH": 0, "SPACE": 0, "W_UPGRADE": 0, "EVAC_ZONE": 0, "TYPE": null, "PETS": null, "SP_NEEDS": "Y" }, "geometry": { "type": "Point", "coordinates": [ -157.923728239698363, 21.38034470525934 ] } },
{ "type": "Feature", "properties": { "OBJECTID": 29, "BUSNAME": "Webling ES", "ADDRESS": "99-370 Paihi St", "PHONE": "4837240", "PLACENAME": "Aiea", "CONTACT": null, "ZIPCODE": "96701", "CAPACITY": 0, "SCHOOL_COD": 0, "ELEMENTARY": 0, "MIDDLE": 0, "HIGH": 0, "SPACE": 0, "W_UPGRADE": 0, "EVAC_ZONE": 0, "TYPE": null, "PETS": null, "SP_NEEDS": null }, "geometry": { "type": "Point", "coordinates": [ -157.920526250801458, 21.381378850952512 ] } },
{ "type": "Feature", "properties": { "OBJECTID": 30, "BUSNAME": "Halawa District Park", "ADDRESS": "99-795 Iwaiwa St", "PHONE": "4837852", "PLACENAME": "Aiea", "CONTACT": null, "ZIPCODE": null, "CAPACITY": 0, "SCHOOL_COD": 0, "ELEMENTARY": 0, "MIDDLE": 0, "HIGH": 0, "SPACE": 0, "W_UPGRADE": 0, "EVAC_ZONE": 0, "TYPE": null, "PETS": null, "SP_NEEDS": null }, "geometry": { "type": "Point", "coordinates": [ -157.915655305957785, 21.374020850492865 ] } },
{ "type": "Feature", "properties": { "OBJECTID": 31, "BUSNAME": "Makaha ES", "ADDRESS": "84-200 Ala Naauao Pl", "PHONE": "6957900", "PLACENAME": "Waianae", "CONTACT": null, "ZIPCODE": "96792", "CAPACITY": 0, "SCHOOL_COD": 0, "ELEMENTARY": 0, "MIDDLE": 0, "HIGH": 0, "SPACE": 0, "W_UPGRADE": 0, "EVAC_ZONE": 0, "TYPE": null, "PETS": null, "SP_NEEDS": null }, "geometry": { "type": "Point", "coordinates": [ -158.212123922516213, 21.470623404403632 ] } },
{ "type": "Feature", "properties": { "OBJECTID": 32, "BUSNAME": "Kamaile ES", "ADDRESS": "85-180 Ala Akau St", "PHONE": "6977110", "PLACENAME": "Waianae", "CONTACT": null, "ZIPCODE": "96792", "CAPACITY": 0, "SCHOOL_COD": 0, "ELEMENTARY": 0, "MIDDLE": 0, "HIGH": 0, "SPACE": 0, "W_UPGRADE": 0, "EVAC_ZONE": 0, "TYPE": null, "PETS": null, "SP_NEEDS": null }, "geometry": { "type": "Point", "coordinates": [ -158.195344580289628, 21.457161141417068 ] } },
{ "type": "Feature", "properties": { "OBJECTID": 33, "BUSNAME": "Waianae IS", "ADDRESS": "85-626 Farrington Hwy", "PHONE": "6977121", "PLACENAME": "Waianae", "CONTACT": null, "ZIPCODE": "96792", "CAPACITY": 0, "SCHOOL_COD": 0, "ELEMENTARY": 0, "MIDDLE": 0, "HIGH": 0, "SPACE": 0, "W_UPGRADE": 0, "EVAC_ZONE": 0, "TYPE": null, "PETS": null, "SP_NEEDS": null }, "geometry": { "type": "Point", "coordinates": [ -158.192717591799209, 21.452802896247508 ] } },
{ "type": "Feature", "properties": { "OBJECTID": 34, "BUSNAME": "Waianae ES", "ADDRESS": "85-220 McArthur St", "PHONE": "6977083", "PLACENAME": "Waianae", "CONTACT": null, "ZIPCODE": "96792", "CAPACITY": 0, "SCHOOL_COD": 0, "ELEMENTARY": 0, "MIDDLE": 0, "HIGH": 0, "SPACE": 0, "W_UPGRADE": 0, "EVAC_ZONE": 0, "TYPE": null, "PETS": null, "SP_NEEDS": null }, "geometry": { "type": "Point", "coordinates": [ -158.185164186487498, 21.446613791530567 ] } },
{ "type": "Feature", "properties": { "OBJECTID": 35, "BUSNAME": "Maili ES", "ADDRESS": "87-360 Kulaaupuni St", "PHONE": "6977150", "PLACENAME": "Waianae", "CONTACT": null, "ZIPCODE": "96792", "CAPACITY": 0, "SCHOOL_COD": 0, "ELEMENTARY": 0, "MIDDLE": 0, "HIGH": 0, "SPACE": 0, "W_UPGRADE": 0, "EVAC_ZONE": 0, "TYPE": null, "PETS": null, "SP_NEEDS": null }, "geometry": { "type": "Point", "coordinates": [ -158.171895494633617, 21.420156674452254 ] } },
{ "type": "Feature", "properties": { "OBJECTID": 36, "BUSNAME": "Waialua HS & IS", "ADDRESS": "67-160 Farrington Hwy", "PHONE": "6378200", "PLACENAME": "Waialua", "CONTACT": null, "ZIPCODE": "96791", "CAPACITY": 0, "SCHOOL_COD": 0, "ELEMENTARY": 0, "MIDDLE": 0, "HIGH": 0, "SPACE": 0, "W_UPGRADE": 0, "EVAC_ZONE": 0, "TYPE": null, "PETS": "Y", "SP_NEEDS": "Y" }, "geometry": { "type": "Point", "coordinates": [ -158.127530114512069, 21.566753066559567 ] } },
{ "type": "Feature", "properties": { "OBJECTID": 37, "BUSNAME": "Helemano ES", "ADDRESS": "1001 Ihi Ihi Ave", "PHONE": "6226336", "PLACENAME": "Wahiawa", "CONTACT": null, "ZIPCODE": "96786", "CAPACITY": 0, "SCHOOL_COD": 0, "ELEMENTARY": 0, "MIDDLE": 0, "HIGH": 0, "SPACE": 0, "W_UPGRADE": 0, "EVAC_ZONE": 0, "TYPE": null, "PETS": null, "SP_NEEDS": "Y" }, "geometry": { "type": "Point", "coordinates": [ -158.023403268565943, 21.514296653315103 ] } },
{ "type": "Feature", "properties": { "OBJECTID": 38, "BUSNAME": "Iliahi ES", "ADDRESS": "2035 California Ave", "PHONE": "6226411", "PLACENAME": "Wahiawa", "CONTACT": null, "ZIPCODE": "96786", "CAPACITY": 0, "SCHOOL_COD": 0, "ELEMENTARY": 0, "MIDDLE": 0, "HIGH": 0, "SPACE": 0, "W_UPGRADE": 0, "EVAC_ZONE": 0, "TYPE": null, "PETS": null, "SP_NEEDS": null }, "geometry": { "type": "Point", "coordinates": [ -157.998809283030198, 21.504902306264299 ] } },
{ "type": "Feature", "properties": { "OBJECTID": 39, "BUSNAME": "Leilehua HS", "ADDRESS": "1515 California Ave", "PHONE": "6226550", "PLACENAME": "Wahiawa", "CONTACT": null, "ZIPCODE": "96786", "CAPACITY": 0, "SCHOOL_COD": 0, "ELEMENTARY": 0, "MIDDLE": 0, "HIGH": 0, "SPACE": 0, "W_UPGRADE": 0, "EVAC_ZONE": 0, "TYPE": null, "PETS": "Y", "SP_NEEDS": "Y" }, "geometry": { "type": "Point", "coordinates": [ -158.012059958574127, 21.500378371862041 ] } },
{ "type": "Feature", "properties": { "OBJECTID": 40, "BUSNAME": "Wahiawa ES", "ADDRESS": "1402 Glen Ave", "PHONE": "6226393", "PLACENAME": "Wahiawa", "CONTACT": null, "ZIPCODE": "96786", "CAPACITY": 0, "SCHOOL_COD": 0, "ELEMENTARY": 0, "MIDDLE": 0, "HIGH": 0, "SPACE": 0, "W_UPGRADE": 0, "EVAC_ZONE": 0, "TYPE": null, "PETS": null, "SP_NEEDS": "Y" }, "geometry": { "type": "Point", "coordinates": [ -158.017874585497225, 21.50474226966152 ] } },
{ "type": "Feature", "properties": { "OBJECTID": 41, "BUSNAME": "Wahiawa Middle", "ADDRESS": "275 Rose St", "PHONE": "6226500", "PLACENAME": "Wahiawa", "CONTACT": null, "ZIPCODE": "96786", "CAPACITY": 0, "SCHOOL_COD": 0, "ELEMENTARY": 0, "MIDDLE": 0, "HIGH": 0, "SPACE": 0, "W_UPGRADE": 0, "EVAC_ZONE": 0, "TYPE": null, "PETS": null, "SP_NEEDS": "Y" }, "geometry": { "type": "Point", "coordinates": [ -158.018820005825944, 21.493956588880717 ] } },
{ "type": "Feature", "properties": { "OBJECTID": 42, "BUSNAME": "Mililani HS", "ADDRESS": "95-1200 Meheula Pkwy", "PHONE": "6277747", "PLACENAME": "Mililani", "CONTACT": null, "ZIPCODE": "96789", "CAPACITY": 0, "SCHOOL_COD": 0, "ELEMENTARY": 0, "MIDDLE": 0, "HIGH": 0, "SPACE": 0, "W_UPGRADE": 0, "EVAC_ZONE": 0, "TYPE": null, "PETS": "Y", "SP_NEEDS": "Y" }, "geometry": { "type": "Point", "coordinates": [ -158.012672620423473, 21.452474083530948 ] } },
{ "type": "Feature", "properties": { "OBJECTID": 43, "BUSNAME": "Mililani Uka ES", "ADDRESS": "94-380 Kuahelani Ave", "PHONE": "6277303", "PLACENAME": "Mililani", "CONTACT": null, "ZIPCODE": "96789", "CAPACITY": 0, "SCHOOL_COD": 0, "ELEMENTARY": 0, "MIDDLE": 0, "HIGH": 0, "SPACE": 0, "W_UPGRADE": 0, "EVAC_ZONE": 0, "TYPE": null, "PETS": null, "SP_NEEDS": "Y" }, "geometry": { "type": "Point", "coordinates": [ -158.014752977148788, 21.437281865267231 ] } },
{ "type": "Feature", "properties": { "OBJECTID": 44, "BUSNAME": "Hanalani ES", "ADDRESS": "94-294 Anania Dr", "PHONE": "6250735", "PLACENAME": "Mililani", "CONTACT": null, "ZIPCODE": "96789", "CAPACITY": 0, "SCHOOL_COD": 0, "ELEMENTARY": 0, "MIDDLE": 0, "HIGH": 0, "SPACE": 0, "W_UPGRADE": 0, "EVAC_ZONE": 0, "TYPE": null, "PETS": null, "SP_NEEDS": null }, "geometry": { "type": "Point", "coordinates": [ -158.009028753101717, 21.440825594662023 ] } },
{ "type": "Feature", "properties": { "OBJECTID": 47, "BUSNAME": "Waiahole ES", "ADDRESS": "48-215 Waiahole Valley Rd", "PHONE": "2393111", "PLACENAME": "Kaneohe", "CONTACT": null, "ZIPCODE": "96744", "CAPACITY": 0, "SCHOOL_COD": 0, "ELEMENTARY": 0, "MIDDLE": 0, "HIGH": 0, "SPACE": 0, "W_UPGRADE": 0, "EVAC_ZONE": 0, "TYPE": null, "PETS": null, "SP_NEEDS": "Y" }, "geometry": { "type": "Point", "coordinates": [ -157.852370713257585, 21.483080136502764 ] } },
{ "type": "Feature", "properties": { "OBJECTID": 48, "BUSNAME": "Ahuimanu ES", "ADDRESS": "47-470 Hui Aeko Place", "PHONE": "2397160", "PLACENAME": "Kaneohe", "CONTACT": null, "ZIPCODE": "96744", "CAPACITY": 0, "SCHOOL_COD": 0, "ELEMENTARY": 0, "MIDDLE": 0, "HIGH": 0, "SPACE": 0, "W_UPGRADE": 0, "EVAC_ZONE": 0, "TYPE": null, "PETS": null, "SP_NEEDS": "Y" }, "geometry": { "type": "Point", "coordinates": [ -157.830410848926931, 21.434855481041073 ] } },
{ "type": "Feature", "properties": { "OBJECTID": 49, "BUSNAME": "Heeia ES", "ADDRESS": "46-202 Haiku Rd", "PHONE": "2335677", "PLACENAME": "Kaneohe", "CONTACT": null, "ZIPCODE": "96744", "CAPACITY": 0, "SCHOOL_COD": 0, "ELEMENTARY": 0, "MIDDLE": 0, "HIGH": 0, "SPACE": 0, "W_UPGRADE": 0, "EVAC_ZONE": 0, "TYPE": null, "PETS": null, "SP_NEEDS": "Y" }, "geometry": { "type": "Point", "coordinates": [ -157.808481984511332, 21.418207537196025 ] } },
{ "type": "Feature", "properties": { "OBJECTID": 50, "BUSNAME": "Puohala ES", "ADDRESS": "45-233 Kulauli St", "PHONE": "2335660", "PLACENAME": "Kaneohe", "CONTACT": null, "ZIPCODE": "96744", "CAPACITY": 0, "SCHOOL_COD": 0, "ELEMENTARY": 0, "MIDDLE": 0, "HIGH": 0, "SPACE": 0, "W_UPGRADE": 0, "EVAC_ZONE": 0, "TYPE": null, "PETS": null, "SP_NEEDS": null }, "geometry": { "type": "Point", "coordinates": [ -157.791176869828035, 21.409408953202103 ] } },
{ "type": "Feature", "properties": { "OBJECTID": 51, "BUSNAME": "Castle HS", "ADDRESS": "45-386 Kaneohe Bay Dr", "PHONE": "2335600", "PLACENAME": "Kaneohe", "CONTACT": null, "ZIPCODE": "96744", "CAPACITY": 0, "SCHOOL_COD": 0, "ELEMENTARY": 0, "MIDDLE": 0, "HIGH": 0, "SPACE": 0, "W_UPGRADE": 0, "EVAC_ZONE": 0, "TYPE": null, "PETS": "Y", "SP_NEEDS": "Y" }, "geometry": { "type": "Point", "coordinates": [ -157.794463278495499, 21.403179056043083 ] } },
{ "type": "Feature", "properties": { "OBJECTID": 52, "BUSNAME": "Kaneohe ES", "ADDRESS": "45-495 Kamehameha Hwy", "PHONE": "2335633", "PLACENAME": "Kaneohe", "CONTACT": null, "ZIPCODE": "96744", "CAPACITY": 0, "SCHOOL_COD": 0, "ELEMENTARY": 0, "MIDDLE": 0, "HIGH": 0, "SPACE": 0, "W_UPGRADE": 0, "EVAC_ZONE": 0, "TYPE": null, "PETS": null, "SP_NEEDS": null }, "geometry": { "type": "Point", "coordinates": [ -157.79575814496522, 21.395986244946528 ] } },
{ "type": "Feature", "properties": { "OBJECTID": 53, "BUSNAME": "Kailua HS", "ADDRESS": "451 Ulumanu Dr", "PHONE": "2667900", "PLACENAME": "Kailua", "CONTACT": null, "ZIPCODE": "96734", "CAPACITY": 0, "SCHOOL_COD": 0, "ELEMENTARY": 0, "MIDDLE": 0, "HIGH": 0, "SPACE": 0, "W_UPGRADE": 0, "EVAC_ZONE": 0, "TYPE": null, "PETS": "Y", "SP_NEEDS": "Y" }, "geometry": { "type": "Point", "coordinates": [ -157.747840535670889, 21.384993929750586 ] } },
{ "type": "Feature", "properties": { "OBJECTID": 54, "BUSNAME": "Kainalu ES", "ADDRESS": "165 Kaiholu St", "PHONE": "2667834", "PLACENAME": "Kailua", "CONTACT": null, "ZIPCODE": "96734", "CAPACITY": 0, "SCHOOL_COD": 0, "ELEMENTARY": 0, "MIDDLE": 0, "HIGH": 0, "SPACE": 0, "W_UPGRADE": 0, "EVAC_ZONE": 0, "TYPE": null, "PETS": null, "SP_NEEDS": null }, "geometry": { "type": "Point", "coordinates": [ -157.748422740891954, 21.412959172547815 ] } },
{ "type": "Feature", "properties": { "OBJECTID": 55, "BUSNAME": "King IS", "ADDRESS": "46-155 Kamehameha Hwy", "PHONE": "2335727", "PLACENAME": "Kaneohe", "CONTACT": null, "ZIPCODE": "96744", "CAPACITY": 0, "SCHOOL_COD": 0, "ELEMENTARY": 0, "MIDDLE": 0, "HIGH": 0, "SPACE": 0, "W_UPGRADE": 0, "EVAC_ZONE": 0, "TYPE": null, "PETS": "Y", "SP_NEEDS": "Y" }, "geometry": { "type": "Point", "coordinates": [ -157.806497195162763, 21.428424083079392 ] } },
{ "type": "Feature", "properties": { "OBJECTID": 56, "BUSNAME": "Kalaheo HS", "ADDRESS": "730 Iliaina St", "PHONE": "2547900", "PLACENAME": "Kailua", "CONTACT": null, "ZIPCODE": "96734", "CAPACITY": 0, "SCHOOL_COD": 0, "ELEMENTARY": 0, "MIDDLE": 0, "HIGH": 0, "SPACE": 0, "W_UPGRADE": 0, "EVAC_ZONE": 0, "TYPE": null, "PETS": "Y", "SP_NEEDS": "Y" }, "geometry": { "type": "Point", "coordinates": [ -157.757682312552674, 21.408037605084747 ] } },
{ "type": "Feature", "properties": { "OBJECTID": 57, "BUSNAME": "Enchanted Lake ES", "ADDRESS": "770 Keolu Dr", "PHONE": "2667800", "PLACENAME": "Kailua", "CONTACT": null, "ZIPCODE": "96734", "CAPACITY": 0, "SCHOOL_COD": 0, "ELEMENTARY": 0, "MIDDLE": 0, "HIGH": 0, "SPACE": 0, "W_UPGRADE": 0, "EVAC_ZONE": 0, "TYPE": null, "PETS": null, "SP_NEEDS": "Y" }, "geometry": { "type": "Point", "coordinates": [ -157.731870216827019, 21.382536117884765 ] } },
{ "type": "Feature", "properties": { "OBJECTID": 58, "BUSNAME": "Kapunahala ES", "ADDRESS": "45-828 Anoi Rd", "PHONE": "2335650", "PLACENAME": "Kaneohe", "CONTACT": null, "ZIPCODE": "96744", "CAPACITY": 0, "SCHOOL_COD": 0, "ELEMENTARY": 0, "MIDDLE": 0, "HIGH": 0, "SPACE": 0, "W_UPGRADE": 0, "EVAC_ZONE": 0, "TYPE": null, "PETS": null, "SP_NEEDS": null }, "geometry": { "type": "Point", "coordinates": [ -157.803794025922599, 21.40789827234466 ] } },
{ "type": "Feature", "properties": { "OBJECTID": 59, "BUSNAME": "Mokapu ES", "ADDRESS": "1193 Mokapu Rd", "PHONE": "2547964", "PLACENAME": "Kailua", "CONTACT": null, "ZIPCODE": "96734", "CAPACITY": 0, "SCHOOL_COD": 0, "ELEMENTARY": 0, "MIDDLE": 0, "HIGH": 0, "SPACE": 0, "W_UPGRADE": 0, "EVAC_ZONE": 0, "TYPE": null, "PETS": null, "SP_NEEDS": "Y" }, "geometry": { "type": "Point", "coordinates": [ -157.749499963872722, 21.444751314453903 ] } },
{ "type": "Feature", "properties": { "OBJECTID": 60, "BUSNAME": "Waimanalo ES & IS", "ADDRESS": "41-1330 Kalanianaole Hwy", "PHONE": "2590460", "PLACENAME": "Waimanalo", "CONTACT": null, "ZIPCODE": "96795", "CAPACITY": 0, "SCHOOL_COD": 0, "ELEMENTARY": 0, "MIDDLE": 0, "HIGH": 0, "SPACE": 0, "W_UPGRADE": 0, "EVAC_ZONE": 0, "TYPE": null, "PETS": "Y", "SP_NEEDS": "Y" }, "geometry": { "type": "Point", "coordinates": [ -157.715194377084543, 21.345649403571329 ] } },
{ "type": "Feature", "properties": { "OBJECTID": 61, "BUSNAME": "Pope ES", "ADDRESS": "41-133 Huli St", "PHONE": "2590450", "PLACENAME": "Waimanalo", "CONTACT": null, "ZIPCODE": "96795", "CAPACITY": 0, "SCHOOL_COD": 0, "ELEMENTARY": 0, "MIDDLE": 0, "HIGH": 0, "SPACE": 0, "W_UPGRADE": 0, "EVAC_ZONE": 0, "TYPE": null, "PETS": null, "SP_NEEDS": "Y" }, "geometry": { "type": "Point", "coordinates": [ -157.695155523118586, 21.328195650272068 ] } },
{ "type": "Feature", "properties": { "OBJECTID": 62, "BUSNAME": "Kamiloiki ES", "ADDRESS": "7788 Hawaii Kai Dr", "PHONE": "3975800", "PLACENAME": "Honolulu", "CONTACT": null, "ZIPCODE": "96825", "CAPACITY": 0, "SCHOOL_COD": 0, "ELEMENTARY": 0, "MIDDLE": 0, "HIGH": 0, "SPACE": 0, "W_UPGRADE": 0, "EVAC_ZONE": 0, "TYPE": null, "PETS": null, "SP_NEEDS": "Y" }, "geometry": { "type": "Point", "coordinates": [ -157.684847273066879, 21.294314095370328 ] } },
{ "type": "Feature", "properties": { "OBJECTID": 63, "BUSNAME": "Koko Head ES", "ADDRESS": "189 Lunalilo Home Rd", "PHONE": "3975811", "PLACENAME": "Honolulu", "CONTACT": null, "ZIPCODE": "96825", "CAPACITY": 0, "SCHOOL_COD": 0, "ELEMENTARY": 0, "MIDDLE": 0, "HIGH": 0, "SPACE": 0, "W_UPGRADE": 0, "EVAC_ZONE": 0, "TYPE": null, "PETS": null, "SP_NEEDS": "Y" }, "geometry": { "type": "Point", "coordinates": [ -157.704483833223719, 21.274802619088984 ] } },
{ "type": "Feature", "properties": { "OBJECTID": 64, "BUSNAME": "Hahaione ES", "ADDRESS": "595 Pepeekeo", "PHONE": "3975822", "PLACENAME": "Honolulu", "CONTACT": null, "ZIPCODE": "96825", "CAPACITY": 0, "SCHOOL_COD": 0, "ELEMENTARY": 0, "MIDDLE": 0, "HIGH": 0, "SPACE": 0, "W_UPGRADE": 0, "EVAC_ZONE": 0, "TYPE": null, "PETS": null, "SP_NEEDS": "Y" }, "geometry": { "type": "Point", "coordinates": [ -157.710144561300723, 21.296303175334817 ] } },
{ "type": "Feature", "properties": { "OBJECTID": 65, "BUSNAME": "Niu Valley Middle", "ADDRESS": "310 Halemaumau St", "PHONE": "3772440", "PLACENAME": "Honolulu", "CONTACT": null, "ZIPCODE": "96821", "CAPACITY": 0, "SCHOOL_COD": 0, "ELEMENTARY": 0, "MIDDLE": 0, "HIGH": 0, "SPACE": 0, "W_UPGRADE": 0, "EVAC_ZONE": 0, "TYPE": null, "PETS": null, "SP_NEEDS": "Y" }, "geometry": { "type": "Point", "coordinates": [ -157.739775604862018, 21.285618770992734 ] } },
{ "type": "Feature", "properties": { "OBJECTID": 66, "BUSNAME": "Kalani HS", "ADDRESS": "4680 Kalanianaole Hwy", "PHONE": "3777744", "PLACENAME": "Honolulu", "CONTACT": null, "ZIPCODE": "96821", "CAPACITY": 0, "SCHOOL_COD": 0, "ELEMENTARY": 0, "MIDDLE": 0, "HIGH": 0, "SPACE": 0, "W_UPGRADE": 0, "EVAC_ZONE": 0, "TYPE": null, "PETS": "Y", "SP_NEEDS": "Y" }, "geometry": { "type": "Point", "coordinates": [ -157.773774979241438, 21.278541609100998 ] } },
{ "type": "Feature", "properties": { "OBJECTID": 67, "BUSNAME": "Wilson ES", "ADDRESS": "4945 Kilauea Ave", "PHONE": "7334740", "PLACENAME": "Honolulu", "CONTACT": null, "ZIPCODE": "96816", "CAPACITY": 0, "SCHOOL_COD": 0, "ELEMENTARY": 0, "MIDDLE": 0, "HIGH": 0, "SPACE": 0, "W_UPGRADE": 0, "EVAC_ZONE": 0, "TYPE": null, "PETS": null, "SP_NEEDS": "Y" }, "geometry": { "type": "Point", "coordinates": [ -157.78458915629696, 21.282496043602467 ] } },
{ "type": "Feature", "properties": { "OBJECTID": 68, "BUSNAME": "Palolo ES", "ADDRESS": "2106 10th Ave", "PHONE": "7334700", "PLACENAME": "Honolulu", "CONTACT": null, "ZIPCODE": "96816", "CAPACITY": 0, "SCHOOL_COD": 0, "ELEMENTARY": 0, "MIDDLE": 0, "HIGH": 0, "SPACE": 0, "W_UPGRADE": 0, "EVAC_ZONE": 0, "TYPE": null, "PETS": null, "SP_NEEDS": "Y" }, "geometry": { "type": "Point", "coordinates": [ -157.792734877523372, 21.299477234776003 ] } },
{ "type": "Feature", "properties": { "OBJECTID": 70, "BUSNAME": "Kaimuki Middle", "ADDRESS": "631 18th Ave", "PHONE": "7334800", "PLACENAME": "Honolulu", "CONTACT": null, "ZIPCODE": "96816", "CAPACITY": 0, "SCHOOL_COD": 0, "ELEMENTARY": 0, "MIDDLE": 0, "HIGH": 0, "SPACE": 0, "W_UPGRADE": 0, "EVAC_ZONE": 0, "TYPE": null, "PETS": "Y", "SP_NEEDS": "Y" }, "geometry": { "type": "Point", "coordinates": [ -157.7967219479807, 21.270021642989235 ] } },
{ "type": "Feature", "properties": { "OBJECTID": 71, "BUSNAME": "Waialae ES", "ADDRESS": "1045 19th Ave", "PHONE": "7334880", "PLACENAME": "Honolulu", "CONTACT": null, "ZIPCODE": "96816", "CAPACITY": 0, "SCHOOL_COD": 0, "ELEMENTARY": 0, "MIDDLE": 0, "HIGH": 0, "SPACE": 0, "W_UPGRADE": 0, "EVAC_ZONE": 0, "TYPE": null, "PETS": null, "SP_NEEDS": "Y" }, "geometry": { "type": "Point", "coordinates": [ -157.792419859379152, 21.27622645595671 ] } },
{ "type": "Feature", "properties": { "OBJECTID": 72, "BUSNAME": "Jefferson ES", "ADDRESS": "324 Kapahulu Ave", "PHONE": "9716922", "PLACENAME": "Honolulu", "CONTACT": null, "ZIPCODE": "96815", "CAPACITY": 0, "SCHOOL_COD": 0, "ELEMENTARY": 0, "MIDDLE": 0, "HIGH": 0, "SPACE": 0, "W_UPGRADE": 0, "EVAC_ZONE": 0, "TYPE": null, "PETS": null, "SP_NEEDS": "Y" }, "geometry": { "type": "Point", "coordinates": [ -157.81819067840749, 21.273502610999142 ] } },
{ "type": "Feature", "properties": { "OBJECTID": 73, "BUSNAME": "Kaimuki HS", "ADDRESS": "2705 Kaimuki Ave", "PHONE": "7334900", "PLACENAME": "Honolulu", "CONTACT": null, "ZIPCODE": "96816", "CAPACITY": 0, "SCHOOL_COD": 0, "ELEMENTARY": 0, "MIDDLE": 0, "HIGH": 0, "SPACE": 0, "W_UPGRADE": 0, "EVAC_ZONE": 0, "TYPE": null, "PETS": "Y", "SP_NEEDS": "Y" }, "geometry": { "type": "Point", "coordinates": [ -157.817215472409316, 21.286079964460754 ] } },
{ "type": "Feature", "properties": { "OBJECTID": 74, "BUSNAME": "Kuhio ES", "ADDRESS": "2759 South King St", "PHONE": "9730085", "PLACENAME": "Honolulu", "CONTACT": null, "ZIPCODE": "96826", "CAPACITY": 0, "SCHOOL_COD": 0, "ELEMENTARY": 0, "MIDDLE": 0, "HIGH": 0, "SPACE": 0, "W_UPGRADE": 0, "EVAC_ZONE": 0, "TYPE": null, "PETS": null, "SP_NEEDS": null }, "geometry": { "type": "Point", "coordinates": [ -157.819624555974059, 21.289708175555525 ] } },
{ "type": "Feature", "properties": { "OBJECTID": 75, "BUSNAME": "Waikiki ES", "ADDRESS": "3710 Leahi Ave", "PHONE": "9716900", "PLACENAME": "Honolulu", "CONTACT": null, "ZIPCODE": "96815", "CAPACITY": 0, "SCHOOL_COD": 0, "ELEMENTARY": 0, "MIDDLE": 0, "HIGH": 0, "SPACE": 0, "W_UPGRADE": 0, "EVAC_ZONE": 0, "TYPE": null, "PETS": null, "SP_NEEDS": null }, "geometry": { "type": "Point", "coordinates": [ -157.814610625715659, 21.268176821849941 ] } },
{ "type": "Feature", "properties": { "OBJECTID": 76, "BUSNAME": "Washington Middle", "ADDRESS": "1633 S King St", "PHONE": "9730177", "PLACENAME": "Honolulu", "CONTACT": null, "ZIPCODE": "96826", "CAPACITY": 0, "SCHOOL_COD": 0, "ELEMENTARY": 0, "MIDDLE": 0, "HIGH": 0, "SPACE": 0, "W_UPGRADE": 0, "EVAC_ZONE": 0, "TYPE": null, "PETS": "Y", "SP_NEEDS": "Y" }, "geometry": { "type": "Point", "coordinates": [ -157.835283727594259, 21.295851902250391 ] } },
{ "type": "Feature", "properties": { "OBJECTID": 77, "BUSNAME": "Lunalilo ES", "ADDRESS": "810 Pumehana St", "PHONE": "9730270", "PLACENAME": "Honolulu", "CONTACT": null, "ZIPCODE": "96823", "CAPACITY": 0, "SCHOOL_COD": 0, "ELEMENTARY": 0, "MIDDLE": 0, "HIGH": 0, "SPACE": 0, "W_UPGRADE": 0, "EVAC_ZONE": 0, "TYPE": null, "PETS": null, "SP_NEEDS": null }, "geometry": { "type": "Point", "coordinates": [ -157.833190237908781, 21.292481305939226 ] } },
{ "type": "Feature", "properties": { "OBJECTID": 79, "BUSNAME": "Roosevelt HS", "ADDRESS": "1120 Nehoa St", "PHONE": "5874600", "PLACENAME": "Honolulu", "CONTACT": null, "ZIPCODE": "96822", "CAPACITY": 0, "SCHOOL_COD": 0, "ELEMENTARY": 0, "MIDDLE": 0, "HIGH": 0, "SPACE": 0, "W_UPGRADE": 0, "EVAC_ZONE": 0, "TYPE": null, "PETS": "Y", "SP_NEEDS": "Y" }, "geometry": { "type": "Point", "coordinates": [ -157.838273720775959, 21.311419925409925 ] } },
{ "type": "Feature", "properties": { "OBJECTID": 80, "BUSNAME": "Stevenson Middle", "ADDRESS": "1202 Prospect St", "PHONE": "5874520", "PLACENAME": "Honolulu", "CONTACT": null, "ZIPCODE": "96822", "CAPACITY": 0, "SCHOOL_COD": 0, "ELEMENTARY": 0, "MIDDLE": 0, "HIGH": 0, "SPACE": 0, "W_UPGRADE": 0, "EVAC_ZONE": 0, "TYPE": null, "PETS": "Y", "SP_NEEDS": "Y" }, "geometry": { "type": "Point", "coordinates": [ -157.840630495708268, 21.311156137747858 ] } },
{ "type": "Feature", "properties": { "OBJECTID": 81, "BUSNAME": "Makiki District Park", "ADDRESS": "1527 Keeaumoku St", "PHONE": "5227082", "PLACENAME": "Honolulu", "CONTACT": null, "ZIPCODE": null, "CAPACITY": 0, "SCHOOL_COD": 0, "ELEMENTARY": 0, "MIDDLE": 0, "HIGH": 0, "SPACE": 0, "W_UPGRADE": 0, "EVAC_ZONE": 0, "TYPE": null, "PETS": null, "SP_NEEDS": null }, "geometry": { "type": "Point", "coordinates": [ -157.836416030379041, 21.303396279239763 ] } },
{ "type": "Feature", "properties": { "OBJECTID": 82, "BUSNAME": "McKinley HS", "ADDRESS": "1039 S King St", "PHONE": "5940400", "PLACENAME": "Honolulu", "CONTACT": null, "ZIPCODE": "96814", "CAPACITY": 0, "SCHOOL_COD": 0, "ELEMENTARY": 0, "MIDDLE": 0, "HIGH": 0, "SPACE": 0, "W_UPGRADE": 0, "EVAC_ZONE": 0, "TYPE": null, "PETS": null, "SP_NEEDS": "Y" }, "geometry": { "type": "Point", "coordinates": [ -157.848090091191722, 21.299307445462247 ] } },
{ "type": "Feature", "properties": { "OBJECTID": 83, "BUSNAME": "Manoa ES", "ADDRESS": "3155 Manoa Rd", "PHONE": "9881868", "PLACENAME": "Honolulu", "CONTACT": null, "ZIPCODE": "96822", "CAPACITY": 0, "SCHOOL_COD": 0, "ELEMENTARY": 0, "MIDDLE": 0, "HIGH": 0, "SPACE": 0, "W_UPGRADE": 0, "EVAC_ZONE": 0, "TYPE": null, "PETS": null, "SP_NEEDS": "Y" }, "geometry": { "type": "Point", "coordinates": [ -157.807984073837417, 21.316007203584004 ] } },
{ "type": "Feature", "properties": { "OBJECTID": 84, "BUSNAME": "Noelani ES", "ADDRESS": "2655 Woodlawn Dr", "PHONE": "9881858", "PLACENAME": "Honolulu", "CONTACT": null, "ZIPCODE": "96822", "CAPACITY": 0, "SCHOOL_COD": 0, "ELEMENTARY": 0, "MIDDLE": 0, "HIGH": 0, "SPACE": 0, "W_UPGRADE": 0, "EVAC_ZONE": 0, "TYPE": null, "PETS": null, "SP_NEEDS": "Y" }, "geometry": { "type": "Point", "coordinates": [ -157.811733360773189, 21.305868411913501 ] } },
{ "type": "Feature", "properties": { "OBJECTID": 85, "BUSNAME": "Pauoa ES", "ADDRESS": "2301 Pauoa Rd", "PHONE": "5874300", "PLACENAME": "Honolulu", "CONTACT": null, "ZIPCODE": "96813", "CAPACITY": 0, "SCHOOL_COD": 0, "ELEMENTARY": 0, "MIDDLE": 0, "HIGH": 0, "SPACE": 0, "W_UPGRADE": 0, "EVAC_ZONE": 0, "TYPE": null, "PETS": null, "SP_NEEDS": null }, "geometry": { "type": "Point", "coordinates": [ -157.843910512653679, 21.318724286555792 ] } },
{ "type": "Feature", "properties": { "OBJECTID": 86, "BUSNAME": "Nuuanu ES", "ADDRESS": "3055 Puiwa Ln", "PHONE": "5955422", "PLACENAME": "Honolulu", "CONTACT": null, "ZIPCODE": "96817", "CAPACITY": 0, "SCHOOL_COD": 0, "ELEMENTARY": 0, "MIDDLE": 0, "HIGH": 0, "SPACE": 0, "W_UPGRADE": 0, "EVAC_ZONE": 0, "TYPE": null, "PETS": null, "SP_NEEDS": null }, "geometry": { "type": "Point", "coordinates": [ -157.834802516013241, 21.335618009544614 ] } },
{ "type": "Feature", "properties": { "OBJECTID": 87, "BUSNAME": "Maemae ES", "ADDRESS": "319 Wyllie St", "PHONE": "5955400", "PLACENAME": "Honolulu", "CONTACT": null, "ZIPCODE": "96817", "CAPACITY": 0, "SCHOOL_COD": 0, "ELEMENTARY": 0, "MIDDLE": 0, "HIGH": 0, "SPACE": 0, "W_UPGRADE": 0, "EVAC_ZONE": 0, "TYPE": null, "PETS": null, "SP_NEEDS": "Y" }, "geometry": { "type": "Point", "coordinates": [ -157.847608572157412, 21.328436285418793 ] } },
{ "type": "Feature", "properties": { "OBJECTID": 88, "BUSNAME": "Lanakila ES", "ADDRESS": "717 North Kuakini St", "PHONE": "5874466", "PLACENAME": "Honolulu", "CONTACT": null, "ZIPCODE": "96817", "CAPACITY": 0, "SCHOOL_COD": 0, "ELEMENTARY": 0, "MIDDLE": 0, "HIGH": 0, "SPACE": 0, "W_UPGRADE": 0, "EVAC_ZONE": 0, "TYPE": null, "PETS": null, "SP_NEEDS": "Y" }, "geometry": { "type": "Point", "coordinates": [ -157.860501366091285, 21.326563824374119 ] } },
{ "type": "Feature", "properties": { "OBJECTID": 89, "BUSNAME": "Lanakila District Park", "ADDRESS": "1701 Lanakila Ave", "PHONE": "8327820", "PLACENAME": "Honolulu", "CONTACT": null, "ZIPCODE": "96817", "CAPACITY": 0, "SCHOOL_COD": 0, "ELEMENTARY": 0, "MIDDLE": 0, "HIGH": 0, "SPACE": 0, "W_UPGRADE": 0, "EVAC_ZONE": 0, "TYPE": null, "PETS": null, "SP_NEEDS": null }, "geometry": { "type": "Point", "coordinates": [ -157.862027041256056, 21.326422842930338 ] } },
{ "type": "Feature", "properties": { "OBJECTID": 90, "BUSNAME": "Kawananakoa Middle", "ADDRESS": "49 Funchal St", "PHONE": "5874430", "PLACENAME": "Honolulu", "CONTACT": null, "ZIPCODE": "96813", "CAPACITY": 0, "SCHOOL_COD": 0, "ELEMENTARY": 0, "MIDDLE": 0, "HIGH": 0, "SPACE": 0, "W_UPGRADE": 0, "EVAC_ZONE": 0, "TYPE": null, "PETS": null, "SP_NEEDS": "Y" }, "geometry": { "type": "Point", "coordinates": [ -157.851889702268039, 21.318957381957333 ] } },
{ "type": "Feature", "properties": { "OBJECTID": 91, "BUSNAME": "Kauluwela ES", "ADDRESS": "1486 Aala St", "PHONE": "2874450", "PLACENAME": "Honolulu", "CONTACT": null, "ZIPCODE": "96817", "CAPACITY": 0, "SCHOOL_COD": 0, "ELEMENTARY": 0, "MIDDLE": 0, "HIGH": 0, "SPACE": 0, "W_UPGRADE": 0, "EVAC_ZONE": 0, "TYPE": null, "PETS": null, "SP_NEEDS": null }, "geometry": { "type": "Point", "coordinates": [ -157.859338500328306, 21.319369443369602 ] } },
{ "type": "Feature", "properties": { "OBJECTID": 92, "BUSNAME": "Royal ES", "ADDRESS": "1519 Queen Emma St", "PHONE": "5874510", "PLACENAME": "Honolulu", "CONTACT": null, "ZIPCODE": "96813", "CAPACITY": 0, "SCHOOL_COD": 0, "ELEMENTARY": 0, "MIDDLE": 0, "HIGH": 0, "SPACE": 0, "W_UPGRADE": 0, "EVAC_ZONE": 0, "TYPE": null, "PETS": null, "SP_NEEDS": "Y" }, "geometry": { "type": "Point", "coordinates": [ -157.85360002379889, 21.311787074305418 ] } },
{ "type": "Feature", "properties": { "OBJECTID": 94, "BUSNAME": "Kaiulani ES", "ADDRESS": "783 North King St", "PHONE": "8323160", "PLACENAME": "Honolulu", "CONTACT": null, "ZIPCODE": "96817", "CAPACITY": 0, "SCHOOL_COD": 0, "ELEMENTARY": 0, "MIDDLE": 0, "HIGH": 0, "SPACE": 0, "W_UPGRADE": 0, "EVAC_ZONE": 0, "TYPE": null, "PETS": null, "SP_NEEDS": "Y" }, "geometry": { "type": "Point", "coordinates": [ -157.86772730547807, 21.321282615426899 ] } },
{ "type": "Feature", "properties": { "OBJECTID": 95, "BUSNAME": "Kalihi Kai ES", "ADDRESS": "626 McNeill St", "PHONE": "8323322", "PLACENAME": "Honolulu", "CONTACT": null, "ZIPCODE": "96817", "CAPACITY": 0, "SCHOOL_COD": 0, "ELEMENTARY": 0, "MIDDLE": 0, "HIGH": 0, "SPACE": 0, "W_UPGRADE": 0, "EVAC_ZONE": 0, "TYPE": null, "PETS": null, "SP_NEEDS": "Y" }, "geometry": { "type": "Point", "coordinates": [ -157.877968727034613, 21.326602281775088 ] } },
{ "type": "Feature", "properties": { "OBJECTID": 96, "BUSNAME": "Kalakaua Middle", "ADDRESS": "821 Kalihi St", "PHONE": "8323130", "PLACENAME": "Honolulu", "CONTACT": null, "ZIPCODE": "96819", "CAPACITY": 0, "SCHOOL_COD": 0, "ELEMENTARY": 0, "MIDDLE": 0, "HIGH": 0, "SPACE": 0, "W_UPGRADE": 0, "EVAC_ZONE": 0, "TYPE": null, "PETS": "Y", "SP_NEEDS": "Y" }, "geometry": { "type": "Point", "coordinates": [ -157.876492856285182, 21.32843535168346 ] } },
{ "type": "Feature", "properties": { "OBJECTID": 97, "BUSNAME": "Farrington HS", "ADDRESS": "1564 N King St", "PHONE": "8323600", "PLACENAME": "Honolulu", "CONTACT": null, "ZIPCODE": "96817", "CAPACITY": 0, "SCHOOL_COD": 0, "ELEMENTARY": 0, "MIDDLE": 0, "HIGH": 0, "SPACE": 0, "W_UPGRADE": 0, "EVAC_ZONE": 0, "TYPE": null, "PETS": null, "SP_NEEDS": null }, "geometry": { "type": "Point", "coordinates": [ -157.872600432520443, 21.33074230857051 ] } },
{ "type": "Feature", "properties": { "OBJECTID": 98, "BUSNAME": "Puuhale ES", "ADDRESS": "345 Puuhale Rd", "PHONE": "8323190", "PLACENAME": "Honolulu", "CONTACT": null, "ZIPCODE": "96819", "CAPACITY": 0, "SCHOOL_COD": 0, "ELEMENTARY": 0, "MIDDLE": 0, "HIGH": 0, "SPACE": 0, "W_UPGRADE": 0, "EVAC_ZONE": 0, "TYPE": null, "PETS": null, "SP_NEEDS": "Y" }, "geometry": { "type": "Point", "coordinates": [ -157.884399003748484, 21.327299606656339 ] } },
{ "type": "Feature", "properties": { "OBJECTID": 99, "BUSNAME": "Linapuni ES", "ADDRESS": "1434 Linapuni St", "PHONE": "8323303", "PLACENAME": "Honolulu", "CONTACT": null, "ZIPCODE": "96819", "CAPACITY": 0, "SCHOOL_COD": 0, "ELEMENTARY": 0, "MIDDLE": 0, "HIGH": 0, "SPACE": 0, "W_UPGRADE": 0, "EVAC_ZONE": 0, "TYPE": null, "PETS": null, "SP_NEEDS": "Y" }, "geometry": { "type": "Point", "coordinates": [ -157.877424816619168, 21.338846454099457 ] } },
{ "type": "Feature", "properties": { "OBJECTID": 100, "BUSNAME": "Kalihi Waena ES", "ADDRESS": "1240 Gulick Ave", "PHONE": "8323210", "PLACENAME": "Honolulu", "CONTACT": null, "ZIPCODE": "96819", "CAPACITY": 0, "SCHOOL_COD": 0, "ELEMENTARY": 0, "MIDDLE": 0, "HIGH": 0, "SPACE": 0, "W_UPGRADE": 0, "EVAC_ZONE": 0, "TYPE": null, "PETS": null, "SP_NEEDS": "Y" }, "geometry": { "type": "Point", "coordinates": [ -157.875570976709014, 21.336248088658287 ] } },
{ "type": "Feature", "properties": { "OBJECTID": 101, "BUSNAME": "Dole Middle", "ADDRESS": "1803 Kam IV Rd", "PHONE": "8323340", "PLACENAME": "Honolulu", "CONTACT": null, "ZIPCODE": "96819", "CAPACITY": 0, "SCHOOL_COD": 0, "ELEMENTARY": 0, "MIDDLE": 0, "HIGH": 0, "SPACE": 0, "W_UPGRADE": 0, "EVAC_ZONE": 0, "TYPE": null, "PETS": null, "SP_NEEDS": "Y" }, "geometry": { "type": "Point", "coordinates": [ -157.870733827217919, 21.342510057495147 ] } },
{ "type": "Feature", "properties": { "OBJECTID": 102, "BUSNAME": "Kalihi Valley District Park", "ADDRESS": "2239 N School St", "PHONE": "8327811", "PLACENAME": "Honolulu", "CONTACT": null, "ZIPCODE": null, "CAPACITY": 0, "SCHOOL_COD": 0, "ELEMENTARY": 0, "MIDDLE": 0, "HIGH": 0, "SPACE": 0, "W_UPGRADE": 0, "EVAC_ZONE": 0, "TYPE": null, "PETS": null, "SP_NEEDS": null }, "geometry": { "type": "Point", "coordinates": [ -157.86981576180284, 21.343972489635505 ] } },
{ "type": "Feature", "properties": { "OBJECTID": 103, "BUSNAME": "Kaewai ES", "ADDRESS": "1929 Kam IV Rd", "PHONE": "8323500", "PLACENAME": "Honolulu", "CONTACT": null, "ZIPCODE": "96819", "CAPACITY": 0, "SCHOOL_COD": 0, "ELEMENTARY": 0, "MIDDLE": 0, "HIGH": 0, "SPACE": 0, "W_UPGRADE": 0, "EVAC_ZONE": 0, "TYPE": null, "PETS": null, "SP_NEEDS": "Y" }, "geometry": { "type": "Point", "coordinates": [ -157.869104521968978, 21.34474854522967 ] } },
{ "type": "Feature", "properties": { "OBJECTID": 104, "BUSNAME": "Likelike ES", "ADDRESS": "1618 Palama St", "PHONE": "8323370", "PLACENAME": "Honolulu", "CONTACT": null, "ZIPCODE": "96817", "CAPACITY": 0, "SCHOOL_COD": 0, "ELEMENTARY": 0, "MIDDLE": 0, "HIGH": 0, "SPACE": 0, "W_UPGRADE": 0, "EVAC_ZONE": 0, "TYPE": null, "PETS": null, "SP_NEEDS": null }, "geometry": { "type": "Point", "coordinates": [ -157.864037171117985, 21.324875820471465 ] } },
{ "type": "Feature", "properties": { "OBJECTID": 105, "BUSNAME": "Aliiolani ES", "ADDRESS": "1240 7th Ave", "PHONE": "7334750", "PLACENAME": "Honolulu", "CONTACT": null, "ZIPCODE": "96816", "CAPACITY": 0, "SCHOOL_COD": 0, "ELEMENTARY": 0, "MIDDLE": 0, "HIGH": 0, "SPACE": 0, "W_UPGRADE": 0, "EVAC_ZONE": 0, "TYPE": null, "PETS": null, "SP_NEEDS": "Y" }, "geometry": { "type": "Point", "coordinates": [ -157.804768199119451, 21.286662823741473 ] } },
{ "type": "Feature", "properties": { "OBJECTID": 106, "BUSNAME": "Liholiho ES", "ADDRESS": "3430 Maunaloa Ave", "PHONE": "7334850", "PLACENAME": "Honolulu", "CONTACT": null, "ZIPCODE": "96816", "CAPACITY": 0, "SCHOOL_COD": 0, "ELEMENTARY": 0, "MIDDLE": 0, "HIGH": 0, "SPACE": 0, "W_UPGRADE": 0, "EVAC_ZONE": 0, "TYPE": null, "PETS": null, "SP_NEEDS": "Y" }, "geometry": { "type": "Point", "coordinates": [ -157.806235867212536, 21.278956062406799 ] } },
{ "type": "Feature", "properties": { "OBJECTID": 107, "BUSNAME": "Liliuokalani ES", "ADDRESS": "3633 Waialae Ave", "PHONE": "7334680", "PLACENAME": "Honolulu", "CONTACT": null, "ZIPCODE": "96816", "CAPACITY": 0, "SCHOOL_COD": 0, "ELEMENTARY": 0, "MIDDLE": 0, "HIGH": 0, "SPACE": 0, "W_UPGRADE": 0, "EVAC_ZONE": 0, "TYPE": null, "PETS": null, "SP_NEEDS": "Y" }, "geometry": { "type": "Point", "coordinates": [ -157.797720927985324, 21.281481424979106 ] } },
{ "type": "Feature", "properties": { "OBJECTID": 108, "BUSNAME": "Kaahumanu ES", "ADDRESS": "1141 Kinau St", "PHONE": "5874414", "PLACENAME": "Honolulu", "CONTACT": null, "ZIPCODE": "96814", "CAPACITY": 0, "SCHOOL_COD": 0, "ELEMENTARY": 0, "MIDDLE": 0, "HIGH": 0, "SPACE": 0, "W_UPGRADE": 0, "EVAC_ZONE": 0, "TYPE": null, "PETS": null, "SP_NEEDS": null }, "geometry": { "type": "Point", "coordinates": [ -157.843700470748558, 21.302296930088314 ] } },
{ "type": "Feature", "properties": { "OBJECTID": 109, "BUSNAME": "Hokulani ES", "ADDRESS": "2940 Kamakini St", "PHONE": "7334789", "PLACENAME": "Honolulu", "CONTACT": null, "ZIPCODE": "96816", "CAPACITY": 0, "SCHOOL_COD": 0, "ELEMENTARY": 0, "MIDDLE": 0, "HIGH": 0, "SPACE": 0, "W_UPGRADE": 0, "EVAC_ZONE": 0, "TYPE": null, "PETS": null, "SP_NEEDS": "Y" }, "geometry": { "type": "Point", "coordinates": [ -157.812906213309617, 21.291862587201077 ] } },
{ "type": "Feature", "properties": { "OBJECTID": 110, "BUSNAME": "Kapalama ES", "ADDRESS": "1601 North School St", "PHONE": "8323290", "PLACENAME": "Honolulu", "CONTACT": null, "ZIPCODE": "96817", "CAPACITY": 0, "SCHOOL_COD": 0, "ELEMENTARY": 0, "MIDDLE": 0, "HIGH": 0, "SPACE": 0, "W_UPGRADE": 0, "EVAC_ZONE": 0, "TYPE": null, "PETS": null, "SP_NEEDS": "Y" }, "geometry": { "type": "Point", "coordinates": [ -157.86947580051239, 21.334759495317073 ] } },
{ "type": "Feature", "properties": { "OBJECTID": 111, "BUSNAME": "Kalihi Uka ES", "ADDRESS": "2411 Kalihi St", "PHONE": "8323310", "PLACENAME": "Honolulu", "CONTACT": null, "ZIPCODE": "96819", "CAPACITY": 0, "SCHOOL_COD": 0, "ELEMENTARY": 0, "MIDDLE": 0, "HIGH": 0, "SPACE": 0, "W_UPGRADE": 0, "EVAC_ZONE": 0, "TYPE": null, "PETS": null, "SP_NEEDS": "Y" }, "geometry": { "type": "Point", "coordinates": [ -157.861847629556934, 21.345225759488887 ] } },
{ "type": "Feature", "properties": { "OBJECTID": 112, "BUSNAME": "Shafter ES", "ADDRESS": "2 Fort Shafter", "PHONE": "8323560", "PLACENAME": "Honolulu", "CONTACT": null, "ZIPCODE": "96819", "CAPACITY": 0, "SCHOOL_COD": 0, "ELEMENTARY": 0, "MIDDLE": 0, "HIGH": 0, "SPACE": 0, "W_UPGRADE": 0, "EVAC_ZONE": 0, "TYPE": null, "PETS": null, "SP_NEEDS": null }, "geometry": { "type": "Point", "coordinates": [ -157.884711678522336, 21.34209301085156 ] } },
{ "type": "Feature", "properties": { "OBJECTID": 113, "BUSNAME": "Moanalua Middle", "ADDRESS": "1289 Mahiole St", "PHONE": "8317850", "PLACENAME": "Honolulu", "CONTACT": null, "ZIPCODE": "96819", "CAPACITY": 0, "SCHOOL_COD": 0, "ELEMENTARY": 0, "MIDDLE": 0, "HIGH": 0, "SPACE": 0, "W_UPGRADE": 0, "EVAC_ZONE": 0, "TYPE": null, "PETS": "Y", "SP_NEEDS": "Y" }, "geometry": { "type": "Point", "coordinates": [ -157.893204232841953, 21.34960153795716 ] } },
{ "type": "Feature", "properties": { "OBJECTID": 114, "BUSNAME": "Moanalua HS", "ADDRESS": "2825 Ala Ilima St", "PHONE": "8378455", "PLACENAME": "Honolulu", "CONTACT": null, "ZIPCODE": "96818", "CAPACITY": 0, "SCHOOL_COD": 0, "ELEMENTARY": 0, "MIDDLE": 0, "HIGH": 0, "SPACE": 0, "W_UPGRADE": 0, "EVAC_ZONE": 0, "TYPE": null, "PETS": "Y", "SP_NEEDS": "Y" }, "geometry": { "type": "Point", "coordinates": [ -157.900551003481866, 21.347351321772653 ] } },
{ "type": "Feature", "properties": { "OBJECTID": 115, "BUSNAME": "Salt Lake ES", "ADDRESS": "1131 Ala Lilikoi St", "PHONE": "8317870", "PLACENAME": "Honolulu", "CONTACT": null, "ZIPCODE": "96818", "CAPACITY": 0, "SCHOOL_COD": 0, "ELEMENTARY": 0, "MIDDLE": 0, "HIGH": 0, "SPACE": 0, "W_UPGRADE": 0, "EVAC_ZONE": 0, "TYPE": null, "PETS": null, "SP_NEEDS": "Y" }, "geometry": { "type": "Point", "coordinates": [ -157.912022795176057, 21.351744290045694 ] } },
{ "type": "Feature", "properties": { "OBJECTID": 116, "BUSNAME": "Radford HS", "ADDRESS": "4361 Salt Lake Blvd", "PHONE": "4214200", "PLACENAME": "Honolulu", "CONTACT": null, "ZIPCODE": "96818", "CAPACITY": 0, "SCHOOL_COD": 0, "ELEMENTARY": 0, "MIDDLE": 0, "HIGH": 0, "SPACE": 0, "W_UPGRADE": 0, "EVAC_ZONE": 0, "TYPE": null, "PETS": "Y", "SP_NEEDS": "Y" }, "geometry": { "type": "Point", "coordinates": [ -157.929024639684599, 21.359552858621306 ] } },
{ "type": "Feature", "properties": { "OBJECTID": 117, "BUSNAME": "Makalapa ES", "ADDRESS": "4435 Salt Lake Blvd", "PHONE": "4214110", "PLACENAME": "Honolulu", "CONTACT": null, "ZIPCODE": "96818", "CAPACITY": 0, "SCHOOL_COD": 0, "ELEMENTARY": 0, "MIDDLE": 0, "HIGH": 0, "SPACE": 0, "W_UPGRADE": 0, "EVAC_ZONE": 0, "TYPE": null, "PETS": null, "SP_NEEDS": "Y" }, "geometry": { "type": "Point", "coordinates": [ -157.928565775509753, 21.361483220797275 ] } },
{ "type": "Feature", "properties": { "OBJECTID": 118, "BUSNAME": "Red Hill ES", "ADDRESS": "1265 Ala Kula Pl", "PHONE": "8317866", "PLACENAME": "Honolulu", "CONTACT": null, "ZIPCODE": "96819", "CAPACITY": 0, "SCHOOL_COD": 0, "ELEMENTARY": 0, "MIDDLE": 0, "HIGH": 0, "SPACE": 0, "W_UPGRADE": 0, "EVAC_ZONE": 0, "TYPE": null, "PETS": null, "SP_NEEDS": "Y" }, "geometry": { "type": "Point", "coordinates": [ -157.900076858566393, 21.368483258192772 ] } },
{ "type": "Feature", "properties": { "OBJECTID": 119, "BUSNAME": "Pearl Harbor Kai ES", "ADDRESS": "1 C Ave", "PHONE": "4214245", "PLACENAME": "Honolulu", "CONTACT": null, "ZIPCODE": "96818", "CAPACITY": 0, "SCHOOL_COD": 0, "ELEMENTARY": 0, "MIDDLE": 0, "HIGH": 0, "SPACE": 0, "W_UPGRADE": 0, "EVAC_ZONE": 0, "TYPE": null, "PETS": null, "SP_NEEDS": null }, "geometry": { "type": "Point", "coordinates": [ -157.938196306921213, 21.349226436395188 ] } },
{ "type": "Feature", "properties": { "OBJECTID": 120, "BUSNAME": "Hickam ES", "ADDRESS": "Manzelman Circle", "PHONE": "4214148", "PLACENAME": "Honolulu", "CONTACT": null, "ZIPCODE": "96818", "CAPACITY": 0, "SCHOOL_COD": 0, "ELEMENTARY": 0, "MIDDLE": 0, "HIGH": 0, "SPACE": 0, "W_UPGRADE": 0, "EVAC_ZONE": 0, "TYPE": null, "PETS": null, "SP_NEEDS": null }, "geometry": { "type": "Point", "coordinates": [ -157.963725545637203, 21.342488322765551 ] } },
{ "type": "Feature", "properties": { "OBJECTID": 121, "BUSNAME": "Aliamanu ES & Middle", "ADDRESS": "3265 Salt Lake Blvd", "PHONE": "4214280", "PLACENAME": "Honolulu", "CONTACT": null, "ZIPCODE": "96818", "CAPACITY": 0, "SCHOOL_COD": 0, "ELEMENTARY": 0, "MIDDLE": 0, "HIGH": 0, "SPACE": 0, "W_UPGRADE": 0, "EVAC_ZONE": 0, "TYPE": null, "PETS": null, "SP_NEEDS": "Y" }, "geometry": { "type": "Point", "coordinates": [ -157.914516260889457, 21.342570552652631 ] } },
{ "type": "Feature", "properties": { "OBJECTID": 122, "BUSNAME": "Mokulele ES", "ADDRESS": "250 Aupaka St", "PHONE": "4214180", "PLACENAME": "Honolulu", "CONTACT": null, "ZIPCODE": "96818", "CAPACITY": 0, "SCHOOL_COD": 0, "ELEMENTARY": 0, "MIDDLE": 0, "HIGH": 0, "SPACE": 0, "W_UPGRADE": 0, "EVAC_ZONE": 0, "TYPE": null, "PETS": null, "SP_NEEDS": null }, "geometry": { "type": "Point", "coordinates": [ -157.940889375818756, 21.342994102701386 ] } },
{ "type": "Feature", "properties": { "OBJECTID": 123, "BUSNAME": "Solomon ES", "ADDRESS": "1 Schofield Barracks", "PHONE": "6249500", "PLACENAME": "Wahiawa", "CONTACT": null, "ZIPCODE": "96786", "CAPACITY": 0, "SCHOOL_COD": 0, "ELEMENTARY": 0, "MIDDLE": 0, "HIGH": 0, "SPACE": 0, "W_UPGRADE": 0, "EVAC_ZONE": 0, "TYPE": null, "PETS": null, "SP_NEEDS": null }, "geometry": { "type": "Point", "coordinates": [ -158.072804837821678, 21.490452435161728 ] } },
{ "type": "Feature", "properties": { "OBJECTID": 124, "BUSNAME": "Kaala ES", "ADDRESS": "130 California Ave", "PHONE": "6226366", "PLACENAME": "Wahiawa", "CONTACT": null, "ZIPCODE": "96786", "CAPACITY": 0, "SCHOOL_COD": 0, "ELEMENTARY": 0, "MIDDLE": 0, "HIGH": 0, "SPACE": 0, "W_UPGRADE": 0, "EVAC_ZONE": 0, "TYPE": null, "PETS": null, "SP_NEEDS": "Y" }, "geometry": { "type": "Point", "coordinates": [ -158.036528972449446, 21.494335236858085 ] } },
{ "type": "Feature", "properties": { "OBJECTID": 125, "BUSNAME": "Nanakuli ES", "ADDRESS": "89-778 Haleakala Ave", "PHONE": "6685813", "PLACENAME": "Waianae", "CONTACT": null, "ZIPCODE": "96792", "CAPACITY": 0, "SCHOOL_COD": 0, "ELEMENTARY": 0, "MIDDLE": 0, "HIGH": 0, "SPACE": 0, "W_UPGRADE": 0, "EVAC_ZONE": 0, "TYPE": null, "PETS": null, "SP_NEEDS": null }, "geometry": { "type": "Point", "coordinates": [ -158.136071001739452, 21.386111549060573 ] } },
{ "type": "Feature", "properties": { "OBJECTID": 126, "BUSNAME": "Nanakuli HS & IS", "ADDRESS": "89-980 Nanakuli Ave", "PHONE": "6685823", "PLACENAME": "Waianae", "CONTACT": null, "ZIPCODE": "96792", "CAPACITY": 0, "SCHOOL_COD": 0, "ELEMENTARY": 0, "MIDDLE": 0, "HIGH": 0, "SPACE": 0, "W_UPGRADE": 0, "EVAC_ZONE": 0, "TYPE": null, "PETS": "Y", "SP_NEEDS": "Y" }, "geometry": { "type": "Point", "coordinates": [ -158.132745416620708, 21.388256727475188 ] } },
{ "type": "Feature", "properties": { "OBJECTID": 127, "BUSNAME": "Leihoku ES", "ADDRESS": "86-285 Leihoku St", "PHONE": "6977100", "PLACENAME": "Waianae", "CONTACT": null, "ZIPCODE": "96792", "CAPACITY": 0, "SCHOOL_COD": 0, "ELEMENTARY": 0, "MIDDLE": 0, "HIGH": 0, "SPACE": 0, "W_UPGRADE": 0, "EVAC_ZONE": 0, "TYPE": null, "PETS": null, "SP_NEEDS": null }, "geometry": { "type": "Point", "coordinates": [ -158.17445905213637, 21.438694547216144 ] } },
{ "type": "Feature", "properties": { "OBJECTID": 128, "BUSNAME": "Wheeler ES", "ADDRESS": "1 Wheeler Army Airfield", "PHONE": "6226400", "PLACENAME": "Wahiawa", "CONTACT": null, "ZIPCODE": "96786", "CAPACITY": 0, "SCHOOL_COD": 0, "ELEMENTARY": 0, "MIDDLE": 0, "HIGH": 0, "SPACE": 0, "W_UPGRADE": 0, "EVAC_ZONE": 0, "TYPE": null, "PETS": null, "SP_NEEDS": null }, "geometry": { "type": "Point", "coordinates": [ -158.03802711409611, 21.487712804335896 ] } },
{ "type": "Feature", "properties": { "OBJECTID": 129, "BUSNAME": "Wheeler Middle", "ADDRESS": "2 Wheeler Army Airfield", "PHONE": "6226525", "PLACENAME": "Wahiawa", "CONTACT": null, "ZIPCODE": "96786", "CAPACITY": 0, "SCHOOL_COD": 0, "ELEMENTARY": 0, "MIDDLE": 0, "HIGH": 0, "SPACE": 0, "W_UPGRADE": 0, "EVAC_ZONE": 0, "TYPE": null, "PETS": "Y", "SP_NEEDS": "Y" }, "geometry": { "type": "Point", "coordinates": [ -158.03867760508308, 21.486679881050982 ] } },
{ "type": "Feature", "properties": { "OBJECTID": 130, "BUSNAME": "Aina Haina ES", "ADDRESS": "801 Hind Dr", "PHONE": "3772419", "PLACENAME": "Honolulu", "CONTACT": null, "ZIPCODE": "96821", "CAPACITY": 0, "SCHOOL_COD": 0, "ELEMENTARY": 0, "MIDDLE": 0, "HIGH": 0, "SPACE": 0, "W_UPGRADE": 0, "EVAC_ZONE": 0, "TYPE": null, "PETS": null, "SP_NEEDS": "Y" }, "geometry": { "type": "Point", "coordinates": [ -157.756986295211874, 21.279478257124332 ] } },
{ "type": "Feature", "properties": { "OBJECTID": 131, "BUSNAME": "Kaiser HS", "ADDRESS": "511 LUNALILO HOME RD", "PHONE": "3946650", "PLACENAME": "Honolulu", "CONTACT": "Judy Nakamura", "ZIPCODE": "96825", "CAPACITY": 0, "SCHOOL_COD": 0, "ELEMENTARY": 0, "MIDDLE": 0, "HIGH": 0, "SPACE": 0, "W_UPGRADE": 0, "EVAC_ZONE": 0, "TYPE": null, "PETS": "Y", "SP_NEEDS": "Y" }, "geometry": { "type": "Point", "coordinates": [ -157.695605636153658, 21.28396634525442 ] } },
{ "type": "Feature", "properties": { "OBJECTID": 132, "BUSNAME": "Lanikai ES", "ADDRESS": "140 Alala Rd", "PHONE": "2667844", "PLACENAME": "Kailua", "CONTACT": null, "ZIPCODE": "96734", "CAPACITY": 0, "SCHOOL_COD": 0, "ELEMENTARY": 0, "MIDDLE": 0, "HIGH": 0, "SPACE": 0, "W_UPGRADE": 0, "EVAC_ZONE": 0, "TYPE": null, "PETS": null, "SP_NEEDS": "Y" }, "geometry": { "type": "Point", "coordinates": [ -157.726096274024769, 21.393996556420344 ] } },
{ "type": "Feature", "properties": { "OBJECTID": 133, "BUSNAME": "Kailua ES", "ADDRESS": "315 Kuulei Rd", "PHONE": "2667878", "PLACENAME": "Kailua", "CONTACT": null, "ZIPCODE": "96734", "CAPACITY": 0, "SCHOOL_COD": 0, "ELEMENTARY": 0, "MIDDLE": 0, "HIGH": 0, "SPACE": 0, "W_UPGRADE": 0, "EVAC_ZONE": 0, "TYPE": null, "PETS": null, "SP_NEEDS": "Y" }, "geometry": { "type": "Point", "coordinates": [ -157.741189826008394, 21.395034301672428 ] } },
{ "type": "Feature", "properties": { "OBJECTID": 134, "BUSNAME": "Kailua IS", "ADDRESS": "145 S Kainalu Dr", "PHONE": "2631500", "PLACENAME": "Kailua", "CONTACT": null, "ZIPCODE": "96734", "CAPACITY": 0, "SCHOOL_COD": 0, "ELEMENTARY": 0, "MIDDLE": 0, "HIGH": 0, "SPACE": 0, "W_UPGRADE": 0, "EVAC_ZONE": 0, "TYPE": null, "PETS": "Y", "SP_NEEDS": "Y" }, "geometry": { "type": "Point", "coordinates": [ -157.736327601503262, 21.394010794470525 ] } },
{ "type": "Feature", "properties": { "OBJECTID": 135, "BUSNAME": "Brigham Young University", "ADDRESS": "55-220 Kulanui Street", "PHONE": "2933211", "PLACENAME": "Laie", "CONTACT": null, "ZIPCODE": "96762", "CAPACITY": 0, "SCHOOL_COD": 0, "ELEMENTARY": 0, "MIDDLE": 0, "HIGH": 0, "SPACE": 0, "W_UPGRADE": 0, "EVAC_ZONE": 0, "TYPE": null, "PETS": null, "SP_NEEDS": "Y" }, "geometry": { "type": "Point", "coordinates": [ -157.92545080534245, 21.641839754955697 ] } },
{ "type": "Feature", "properties": { "OBJECTID": 136, "BUSNAME": "Kahuku HS & IS", "ADDRESS": "56-490 Kamehameha Hwy", "PHONE": "2938950", "PLACENAME": "Kahuku", "CONTACT": null, "ZIPCODE": "96731", "CAPACITY": 0, "SCHOOL_COD": 0, "ELEMENTARY": 0, "MIDDLE": 0, "HIGH": 0, "SPACE": 0, "W_UPGRADE": 0, "EVAC_ZONE": 0, "TYPE": null, "PETS": "Y", "SP_NEEDS": "Y" }, "geometry": { "type": "Point", "coordinates": [ -157.947622680789465, 21.675158310662301 ] } },
{ "type": "Feature", "properties": { "OBJECTID": 137, "BUSNAME": "Central MS", "ADDRESS": "1302 Queen Emma St", "PHONE": "5874400", "PLACENAME": "Honolulu", "CONTACT": null, "ZIPCODE": "96813", "CAPACITY": 0, "SCHOOL_COD": 0, "ELEMENTARY": 0, "MIDDLE": 0, "HIGH": 0, "SPACE": 0, "W_UPGRADE": 0, "EVAC_ZONE": 0, "TYPE": null, "PETS": "Y", "SP_NEEDS": null }, "geometry": { "type": "Point", "coordinates": [ -157.856842294546027, 21.310736512450088 ] } },
{ "type": "Feature", "properties": { "OBJECTID": 138, "BUSNAME": "Hawaii Convention Center", "ADDRESS": "1801 Kalakaua Ave", "PHONE": "9433500", "PLACENAME": "Honolulu", "CONTACT": null, "ZIPCODE": "96815", "CAPACITY": 0, "SCHOOL_COD": 0, "ELEMENTARY": 0, "MIDDLE": 0, "HIGH": 0, "SPACE": 0, "W_UPGRADE": 0, "EVAC_ZONE": 0, "TYPE": null, "PETS": null, "SP_NEEDS": "Y" }, "geometry": { "type": "Point", "coordinates": [ -157.836073903389916, 21.289792074799358 ] } },
{ "type": "Feature", "properties": { "OBJECTID": 141, "BUSNAME": "Pearl Harbor ES", "ADDRESS": "1 Moanalua Ridge", "PHONE": "4214125", "PLACENAME": "Honolulu", "CONTACT": null, "ZIPCODE": "96818", "CAPACITY": 0, "SCHOOL_COD": 0, "ELEMENTARY": 0, "MIDDLE": 0, "HIGH": 0, "SPACE": 0, "W_UPGRADE": 0, "EVAC_ZONE": 0, "TYPE": null, "PETS": null, "SP_NEEDS": null }, "geometry": { "type": "Point", "coordinates": [ -157.930321928327686, 21.346354369421885 ] } },
{ "type": "Feature", "properties": { "OBJECTID": 142, "BUSNAME": "Kipapa ES", "ADDRESS": "95-076 Kipapa Dr", "PHONE": "6277322", "PLACENAME": "Mililani", "CONTACT": null, "ZIPCODE": "96789", "CAPACITY": 0, "SCHOOL_COD": 0, "ELEMENTARY": 0, "MIDDLE": 0, "HIGH": 0, "SPACE": 0, "W_UPGRADE": 0, "EVAC_ZONE": 0, "TYPE": null, "PETS": null, "SP_NEEDS": "Y" }, "geometry": { "type": "Point", "coordinates": [ -158.012685731350302, 21.461994360222807 ] } },
{ "type": "Feature", "properties": { "OBJECTID": 143, "BUSNAME": "Mililani Mauka ES", "ADDRESS": "95-1111 Makaikai St", "PHONE": "6263000", "PLACENAME": "Mililani", "CONTACT": null, "ZIPCODE": "96789", "CAPACITY": 0, "SCHOOL_COD": 0, "ELEMENTARY": 0, "MIDDLE": 0, "HIGH": 0, "SPACE": 0, "W_UPGRADE": 0, "EVAC_ZONE": 0, "TYPE": null, "PETS": null, "SP_NEEDS": null }, "geometry": { "type": "Point", "coordinates": [ -158.00141767583608, 21.470726669118584 ] } },
{ "type": "Feature", "properties": { "OBJECTID": 144, "BUSNAME": "Keolu ES", "ADDRESS": "1416 Keolu Dr", "PHONE": "2667818", "PLACENAME": "Kailua", "CONTACT": null, "ZIPCODE": "96734", "CAPACITY": 0, "SCHOOL_COD": 0, "ELEMENTARY": 0, "MIDDLE": 0, "HIGH": 0, "SPACE": 0, "W_UPGRADE": 0, "EVAC_ZONE": 0, "TYPE": null, "PETS": null, "SP_NEEDS": null }, "geometry": { "type": "Point", "coordinates": [ -157.734968678266796, 21.371354395994775 ] } },
{ "type": "Feature", "properties": { "OBJECTID": 145, "BUSNAME": "Mililani MS", "ADDRESS": "95-1140 Lehiwa Dr", "PHONE": "6267355", "PLACENAME": "Mililani", "CONTACT": null, "ZIPCODE": "96789", "CAPACITY": 0, "SCHOOL_COD": 0, "ELEMENTARY": 0, "MIDDLE": 0, "HIGH": 0, "SPACE": 0, "W_UPGRADE": 0, "EVAC_ZONE": 0, "TYPE": null, "PETS": "Y", "SP_NEEDS": "Y" }, "geometry": { "type": "Point", "coordinates": [ -157.989336664843506, 21.475446020502229 ] } },
{ "type": "Feature", "properties": { "OBJECTID": 146, "BUSNAME": "Palisades ES", "ADDRESS": "2306 Auhuhu St", "PHONE": "4536550", "PLACENAME": "Pearl City", "CONTACT": null, "ZIPCODE": "96782", "CAPACITY": 0, "SCHOOL_COD": 0, "ELEMENTARY": 0, "MIDDLE": 0, "HIGH": 0, "SPACE": 0, "W_UPGRADE": 0, "EVAC_ZONE": 0, "TYPE": null, "PETS": null, "SP_NEEDS": "Y" }, "geometry": { "type": "Point", "coordinates": [ -157.953155818163253, 21.425440965584713 ] } },
{ "type": "Feature", "properties": { "OBJECTID": 147, "BUSNAME": "Benjamin Parker ES", "ADDRESS": "45-259 Waikalua Rd", "PHONE": "2335686", "PLACENAME": "Kaneohe", "CONTACT": null, "ZIPCODE": "96744", "CAPACITY": 0, "SCHOOL_COD": 0, "ELEMENTARY": 0, "MIDDLE": 0, "HIGH": 0, "SPACE": 0, "W_UPGRADE": 0, "EVAC_ZONE": 0, "TYPE": null, "PETS": null, "SP_NEEDS": null }, "geometry": { "type": "Point", "coordinates": [ -157.798966937739976, 21.413942910533255 ] } },
{ "type": "Feature", "properties": { "OBJECTID": 148, "BUSNAME": "Kapolei HS", "ADDRESS": "91-5007 Kapolei Pkwy", "PHONE": "6928200", "PLACENAME": "Kapolei", "CONTACT": null, "ZIPCODE": "96707", "CAPACITY": 0, "SCHOOL_COD": 0, "ELEMENTARY": 0, "MIDDLE": 0, "HIGH": 0, "SPACE": 0, "W_UPGRADE": 0, "EVAC_ZONE": 0, "TYPE": null, "PETS": null, "SP_NEEDS": "Y" }, "geometry": { "type": "Point", "coordinates": [ -158.068680989869392, 21.328736485654552 ] } },
{ "type": "Feature", "properties": { "OBJECTID": 149, "BUSNAME": "HANA HIGH", "ADDRESS": "4111 WAKIU ST", "PHONE": "2488272", "PLACENAME": "Hana", "CONTACT": "PATRICIA EASON", "ZIPCODE": "96713", "CAPACITY": 1347, "SCHOOL_COD": 0, "ELEMENTARY": 0, "MIDDLE": 0, "HIGH": 0, "SPACE": 0, "W_UPGRADE": 0, "EVAC_ZONE": 0, "TYPE": null, "PETS": null, "SP_NEEDS": null }, "geometry": { "type": "Point", "coordinates": [ -155.983844694183887, 20.753119549240019 ] } },
{ "type": "Feature", "properties": { "OBJECTID": 150, "BUSNAME": "MOLOKAI HIGH", "ADDRESS": "2140 FARRINGTON HWY", "PHONE": "5676112", "PLACENAME": "Hoolehua", "CONTACT": "SARAH KALANI", "ZIPCODE": "96729", "CAPACITY": 598, "SCHOOL_COD": 0, "ELEMENTARY": 0, "MIDDLE": 0, "HIGH": 0, "SPACE": 0, "W_UPGRADE": 0, "EVAC_ZONE": 0, "TYPE": null, "PETS": null, "SP_NEEDS": "Y" }, "geometry": { "type": "Point", "coordinates": [ -157.047646184004094, 21.163045545215645 ] } },
{ "type": "Feature", "properties": { "OBJECTID": 151, "BUSNAME": "MAUI HIGH SCHOOL", "ADDRESS": "660 LONO AVE", "PHONE": "8733000", "PLACENAME": "Kahului", "CONTACT": "HOWARD OMURA", "ZIPCODE": "96732", "CAPACITY": 3266, "SCHOOL_COD": 0, "ELEMENTARY": 0, "MIDDLE": 0, "HIGH": 0, "SPACE": 0, "W_UPGRADE": 0, "EVAC_ZONE": 0, "TYPE": null, "PETS": "Y", "SP_NEEDS": "Y" }, "geometry": { "type": "Point", "coordinates": [ -156.474078339592722, 20.87396952779817 ] } },
{ "type": "Feature", "properties": { "OBJECTID": 152, "BUSNAME": "KAUNAKAKAI ELEMENTARY SCHOOL", "ADDRESS": "ILOA ST & KAMEHAMEHA HWY", "PHONE": "5535425", "PLACENAME": "Kaunakakai", "CONTACT": "JOYCE BELLINO", "ZIPCODE": "96748", "CAPACITY": 532, "SCHOOL_COD": 0, "ELEMENTARY": 0, "MIDDLE": 0, "HIGH": 0, "SPACE": 0, "W_UPGRADE": 0, "EVAC_ZONE": 0, "TYPE": null, "PETS": null, "SP_NEEDS": null }, "geometry": { "type": "Point", "coordinates": [ -157.017529632172682, 21.088436324309253 ] } },
{ "type": "Feature", "properties": { "OBJECTID": 153, "BUSNAME": "KIHEI ELEMENTARY SCHOOL", "ADDRESS": "250 E LIPOA ST", "PHONE": "8756818", "PLACENAME": "Kihei", "CONTACT": "RON OKAMURA", "ZIPCODE": "96753", "CAPACITY": 2649, "SCHOOL_COD": 0, "ELEMENTARY": 0, "MIDDLE": 0, "HIGH": 0, "SPACE": 0, "W_UPGRADE": 0, "EVAC_ZONE": 0, "TYPE": null, "PETS": null, "SP_NEEDS": "Y" }, "geometry": { "type": "Point", "coordinates": [ -156.44671119549821, 20.748091297892639 ] } },
{ "type": "Feature", "properties": { "OBJECTID": 154, "BUSNAME": "KUALAPUU ELEMENTARY SCHOOL", "ADDRESS": "FARRINGTON AVE", "PHONE": "5676126", "PLACENAME": "Kualapuu", "CONTACT": "ALLEN ASHITOMI", "ZIPCODE": "96757", "CAPACITY": 909, "SCHOOL_COD": 0, "ELEMENTARY": 0, "MIDDLE": 0, "HIGH": 0, "SPACE": 0, "W_UPGRADE": 0, "EVAC_ZONE": 0, "TYPE": null, "PETS": null, "SP_NEEDS": null }, "geometry": { "type": "Point", "coordinates": [ -157.036209049511115, 21.153127418809589 ] } },
{ "type": "Feature", "properties": { "OBJECTID": 155, "BUSNAME": "LAHAINA INTERMEDIATE SCHOOL", "ADDRESS": "871 LAHAINALUNA RD", "PHONE": "6623055", "PLACENAME": "Lahaina", "CONTACT": "VANCE YATSUSHIRO", "ZIPCODE": "96761", "CAPACITY": 1464, "SCHOOL_COD": 0, "ELEMENTARY": 0, "MIDDLE": 0, "HIGH": 0, "SPACE": 0, "W_UPGRADE": 0, "EVAC_ZONE": 0, "TYPE": null, "PETS": null, "SP_NEEDS": "Y" }, "geometry": { "type": "Point", "coordinates": [ -156.662148491770068, 20.885652861909698 ] } },
{ "type": "Feature", "properties": { "OBJECTID": 156, "BUSNAME": "PRINCESS NAHIENAENA ELEMENTARY", "ADDRESS": "816 NIHEU ST", "PHONE": "6623033", "PLACENAME": "Lahaina", "CONTACT": "SANDRA SHAWHAN", "ZIPCODE": "96761", "CAPACITY": 1475, "SCHOOL_COD": 0, "ELEMENTARY": 0, "MIDDLE": 0, "HIGH": 0, "SPACE": 0, "W_UPGRADE": 0, "EVAC_ZONE": 0, "TYPE": null, "PETS": null, "SP_NEEDS": "Y" }, "geometry": { "type": "Point", "coordinates": [ -156.663541309890064, 20.887848626569102 ] } },
{ "type": "Feature", "properties": { "OBJECTID": 157, "BUSNAME": "LANAI HIGH", "ADDRESS": "555 FRASER AVE", "PHONE": "5657224", "PLACENAME": "Lanai City", "CONTACT": "NORMA BARROGA", "ZIPCODE": "96763", "CAPACITY": 648, "SCHOOL_COD": 0, "ELEMENTARY": 0, "MIDDLE": 0, "HIGH": 0, "SPACE": 0, "W_UPGRADE": 0, "EVAC_ZONE": 0, "TYPE": null, "PETS": null, "SP_NEEDS": "Y" }, "geometry": { "type": "Point", "coordinates": [ -156.922820172849583, 20.825989505588453 ] } },
{ "type": "Feature", "properties": { "OBJECTID": 158, "BUSNAME": "BALDWIN HIGH SCHOOL", "ADDRESS": "1650 KAAHUMANU AVE", "PHONE": "2435656", "PLACENAME": "Wailuku", "CONTACT": "WALLACE FUJII", "ZIPCODE": "96793", "CAPACITY": 2078, "SCHOOL_COD": 0, "ELEMENTARY": 0, "MIDDLE": 0, "HIGH": 0, "SPACE": 0, "W_UPGRADE": 0, "EVAC_ZONE": 0, "TYPE": null, "PETS": "Y", "SP_NEEDS": "Y" }, "geometry": { "type": "Point", "coordinates": [ -156.490794812205991, 20.890927715124231 ] } },
{ "type": "Feature", "properties": { "OBJECTID": 159, "BUSNAME": "IAO INTERMEDIATE SCHOOL", "ADDRESS": "1910 KAOHU ST", "PHONE": "9845610", "PLACENAME": "Wailuku", "CONTACT": null, "ZIPCODE": "96793", "CAPACITY": 1078, "SCHOOL_COD": 0, "ELEMENTARY": 0, "MIDDLE": 0, "HIGH": 0, "SPACE": 0, "W_UPGRADE": 0, "EVAC_ZONE": 0, "TYPE": null, "PETS": null, "SP_NEEDS": "Y" }, "geometry": { "type": "Point", "coordinates": [ -156.500107836561455, 20.884789016697557 ] } },
{ "type": "Feature", "properties": { "OBJECTID": 160, "BUSNAME": "LIHIKAI ELEMENTARY SCHOOL", "ADDRESS": "335 S. PAPA AVE", "PHONE": "8733033", "PLACENAME": "Kahului", "CONTACT": null, "ZIPCODE": "96732", "CAPACITY": 1183, "SCHOOL_COD": 0, "ELEMENTARY": 0, "MIDDLE": 0, "HIGH": 0, "SPACE": 0, "W_UPGRADE": 0, "EVAC_ZONE": 0, "TYPE": null, "PETS": null, "SP_NEEDS": "Y" }, "geometry": { "type": "Point", "coordinates": [ -156.484395059741473, 20.880474188177619 ] } },
{ "type": "Feature", "properties": { "OBJECTID": 161, "BUSNAME": "KING KEKAULIKE HIGH SCHOOL", "ADDRESS": "121 KULA HWY", "PHONE": "5738710", "PLACENAME": "Pukalani", "CONTACT": null, "ZIPCODE": "96768", "CAPACITY": 2541, "SCHOOL_COD": 0, "ELEMENTARY": 0, "MIDDLE": 0, "HIGH": 0, "SPACE": 0, "W_UPGRADE": 0, "EVAC_ZONE": 0, "TYPE": null, "PETS": "Y", "SP_NEEDS": "Y" }, "geometry": { "type": "Point", "coordinates": [ -156.327571428013641, 20.82689072356909 ] } },
{ "type": "Feature", "properties": { "OBJECTID": 162, "BUSNAME": "KALAMA INTERMEDIATE SCHOOL", "ADDRESS": "120 MAKANI RD", "PHONE": "5727719", "PLACENAME": "Makawao", "CONTACT": null, "ZIPCODE": "96768", "CAPACITY": 2971, "SCHOOL_COD": 0, "ELEMENTARY": 0, "MIDDLE": 0, "HIGH": 0, "SPACE": 0, "W_UPGRADE": 0, "EVAC_ZONE": 0, "TYPE": null, "PETS": "Y", "SP_NEEDS": "Y" }, "geometry": { "type": "Point", "coordinates": [ -156.320917792866396, 20.850381699781465 ] } },
{ "type": "Feature", "properties": { "OBJECTID": 163, "BUSNAME": "MAKAWAO ELEMENTARY SCHOOL", "ADDRESS": "3542 BALDWIN AVE", "PHONE": "5738770", "PLACENAME": "Makawao", "CONTACT": null, "ZIPCODE": "96768", "CAPACITY": 200, "SCHOOL_COD": 0, "ELEMENTARY": 0, "MIDDLE": 0, "HIGH": 0, "SPACE": 0, "W_UPGRADE": 0, "EVAC_ZONE": 0, "TYPE": null, "PETS": null, "SP_NEEDS": "Y" }, "geometry": { "type": "Point", "coordinates": [ -156.313173272652875, 20.856911288391718 ] } },
{ "type": "Feature", "properties": { "OBJECTID": 164, "BUSNAME": "WAIHEE ELEMENTARY SCHOOL", "ADDRESS": "2125 KAHEKILI HWY", "PHONE": "9845644", "PLACENAME": "Waihee", "CONTACT": null, "ZIPCODE": "96793", "CAPACITY": 1326, "SCHOOL_COD": 0, "ELEMENTARY": 0, "MIDDLE": 0, "HIGH": 0, "SPACE": 0, "W_UPGRADE": 0, "EVAC_ZONE": 0, "TYPE": null, "PETS": null, "SP_NEEDS": "Y" }, "geometry": { "type": "Point", "coordinates": [ -156.513793949372342, 20.934233457511493 ] } },
{ "type": "Feature", "properties": { "OBJECTID": 165, "BUSNAME": "MAUI COMMUNITY COLLEGE", "ADDRESS": "310 KAAHUMANU AVE", "PHONE": "9843500", "PLACENAME": "Kahului", "CONTACT": null, "ZIPCODE": "96732", "CAPACITY": 0, "SCHOOL_COD": 0, "ELEMENTARY": 0, "MIDDLE": 0, "HIGH": 0, "SPACE": 0, "W_UPGRADE": 0, "EVAC_ZONE": 0, "TYPE": null, "PETS": null, "SP_NEEDS": null }, "geometry": { "type": "Point", "coordinates": [ -156.477020659352689, 20.889914197966124 ] } },
{ "type": "Feature", "properties": { "OBJECTID": 166, "BUSNAME": "KAMALII ELEMENTARY SCHOOL", "ADDRESS": "180 KEALII ALANUI", "PHONE": "8756840", "PLACENAME": "Kihei", "CONTACT": null, "ZIPCODE": "96753", "CAPACITY": 0, "SCHOOL_COD": 0, "ELEMENTARY": 0, "MIDDLE": 0, "HIGH": 0, "SPACE": 0, "W_UPGRADE": 0, "EVAC_ZONE": 0, "TYPE": null, "PETS": null, "SP_NEEDS": "Y" }, "geometry": { "type": "Point", "coordinates": [ -156.440383076502314, 20.720815174015275 ] } },
{ "type": "Feature", "properties": { "OBJECTID": 167, "BUSNAME": "LOKELANI INTERMEDIATE SCHOOL", "ADDRESS": "250-A E. LIPOA ST", "PHONE": "8756800", "PLACENAME": "Kihei", "CONTACT": null, "ZIPCODE": "96753", "CAPACITY": 0, "SCHOOL_COD": 0, "ELEMENTARY": 0, "MIDDLE": 0, "HIGH": 0, "SPACE": 0, "W_UPGRADE": 0, "EVAC_ZONE": 0, "TYPE": null, "PETS": "Y", "SP_NEEDS": "Y" }, "geometry": { "type": "Point", "coordinates": [ -156.448044483068827, 20.747866039638843 ] } },
{ "type": "Feature", "properties": { "OBJECTID": 168, "BUSNAME": "LAHAINALUNA HIGH SCHOOL", "ADDRESS": "980 LAHAINALUNA RD", "PHONE": "6624000", "PLACENAME": "Lahaina", "CONTACT": null, "ZIPCODE": "96761", "CAPACITY": 0, "SCHOOL_COD": 0, "ELEMENTARY": 0, "MIDDLE": 0, "HIGH": 0, "SPACE": 0, "W_UPGRADE": 0, "EVAC_ZONE": 0, "TYPE": null, "PETS": null, "SP_NEEDS": null }, "geometry": { "type": "Point", "coordinates": [ -156.658793934797075, 20.888809018407002 ] } },
{ "type": "Feature", "properties": { "OBJECTID": 169, "BUSNAME": "PUKALANI ELEMENTARY SCHOOL", "ADDRESS": "2945 IOLANI ST", "PHONE": "5738760", "PLACENAME": "Pukalani", "CONTACT": null, "ZIPCODE": "96768", "CAPACITY": 0, "SCHOOL_COD": 0, "ELEMENTARY": 0, "MIDDLE": 0, "HIGH": 0, "SPACE": 0, "W_UPGRADE": 0, "EVAC_ZONE": 0, "TYPE": null, "PETS": null, "SP_NEEDS": "Y" }, "geometry": { "type": "Point", "coordinates": [ -156.345966824041341, 20.83989816284096 ] } },
{ "type": "Feature", "properties": { "OBJECTID": 170, "BUSNAME": "WAILUKU ELEMENTARY SCHOOL", "ADDRESS": "355 HIGH ST", "PHONE": "9845622", "PLACENAME": "Wailuku", "CONTACT": null, "ZIPCODE": "96793", "CAPACITY": 0, "SCHOOL_COD": 0, "ELEMENTARY": 0, "MIDDLE": 0, "HIGH": 0, "SPACE": 0, "W_UPGRADE": 0, "EVAC_ZONE": 0, "TYPE": null, "PETS": null, "SP_NEEDS": "Y" }, "geometry": { "type": "Point", "coordinates": [ -156.505430228258604, 20.88326611892349 ] } },
{ "type": "Feature", "properties": { "OBJECTID": 172, "BUSNAME": "MAUI WAENA INTERMEDIATE SCHOOL", "ADDRESS": "795 ONEHE ST", "PHONE": "8733070", "PLACENAME": "Kahului", "CONTACT": null, "ZIPCODE": "96732", "CAPACITY": 0, "SCHOOL_COD": 0, "ELEMENTARY": 0, "MIDDLE": 0, "HIGH": 0, "SPACE": 0, "W_UPGRADE": 0, "EVAC_ZONE": 0, "TYPE": null, "PETS": "Y", "SP_NEEDS": "Y" }, "geometry": { "type": "Point", "coordinates": [ -156.484699214513199, 20.873922018116296 ] } },
{ "type": "Feature", "properties": { "OBJECTID": 175, "BUSNAME": "Kapaa High", "ADDRESS": "4695 Mailihuna Rd", "PHONE": "8214400", "PLACENAME": "Kapaa", "CONTACT": null, "ZIPCODE": "96746", "CAPACITY": 1870, "SCHOOL_COD": 455, "ELEMENTARY": 0, "MIDDLE": 0, "HIGH": 1, "SPACE": 1870, "W_UPGRADE": 751, "EVAC_ZONE": 4, "TYPE": "all", "PETS": "Y", "SP_NEEDS": "Y" }, "geometry": { "type": "Point", "coordinates": [ -159.312760790443662, 22.091309472104889 ] } },
{ "type": "Feature", "properties": { "OBJECTID": 176, "BUSNAME": "Kauai High", "ADDRESS": "3577 Lala Rd", "PHONE": "2743160", "PLACENAME": "Lihue", "CONTACT": null, "ZIPCODE": "96766", "CAPACITY": 2283, "SCHOOL_COD": 456, "ELEMENTARY": 0, "MIDDLE": 0, "HIGH": 1, "SPACE": 2283, "W_UPGRADE": 477, "EVAC_ZONE": 3, "TYPE": "all", "PETS": "Y", "SP_NEEDS": "Y" }, "geometry": { "type": "Point", "coordinates": [ -159.360369863016217, 21.958484774337439 ] } },
{ "type": "Feature", "properties": { "OBJECTID": 177, "BUSNAME": "Kekaha Elementary", "ADDRESS": "8140 Kekaha Rd", "PHONE": "3377655", "PLACENAME": "Kekaha", "CONTACT": null, "ZIPCODE": "96752", "CAPACITY": 830, "SCHOOL_COD": 458, "ELEMENTARY": 1, "MIDDLE": 0, "HIGH": 0, "SPACE": 830, "W_UPGRADE": 0, "EVAC_ZONE": 1, "TYPE": "all", "PETS": null, "SP_NEEDS": "Y" }, "geometry": { "type": "Point", "coordinates": [ -159.715818970270902, 21.971883964869832 ] } },
{ "type": "Feature", "properties": { "OBJECTID": 178, "BUSNAME": "Wilcox Elementary", "ADDRESS": "4319 Hardy St", "PHONE": "2743150", "PLACENAME": "Lihue", "CONTACT": null, "ZIPCODE": "96766", "CAPACITY": 268, "SCHOOL_COD": 463, "ELEMENTARY": 1, "MIDDLE": 0, "HIGH": 0, "SPACE": 268, "W_UPGRADE": 0, "EVAC_ZONE": 3, "TYPE": "all", "PETS": null, "SP_NEEDS": null }, "geometry": { "type": "Point", "coordinates": [ -159.364157888871205, 21.975350722581538 ] } },
{ "type": "Feature", "properties": { "OBJECTID": 179, "BUSNAME": "Kapaa Elementary", "ADDRESS": "4886 Kawaihau Rd", "PHONE": "8218244", "PLACENAME": "Kapaa", "CONTACT": null, "ZIPCODE": "96746", "CAPACITY": 1346, "SCHOOL_COD": 454, "ELEMENTARY": 1, "MIDDLE": 0, "HIGH": 0, "SPACE": 1346, "W_UPGRADE": 0, "EVAC_ZONE": 4, "TYPE": "all", "PETS": null, "SP_NEEDS": "Y" }, "geometry": { "type": "Point", "coordinates": [ -159.313313719624205, 22.089776400489438 ] } },
{ "type": "Feature", "properties": { "OBJECTID": 180, "BUSNAME": "Kapaa Middle", "ADDRESS": "4867 Olohena Rd", "PHONE": "8214460", "PLACENAME": "Kapaa", "CONTACT": null, "ZIPCODE": "96746", "CAPACITY": 467, "SCHOOL_COD": 447, "ELEMENTARY": 0, "MIDDLE": 1, "HIGH": 0, "SPACE": 467, "W_UPGRADE": 84, "EVAC_ZONE": 4, "TYPE": "all", "PETS": "Y", "SP_NEEDS": "Y" }, "geometry": { "type": "Point", "coordinates": [ -159.32772324051362, 22.07845516112954 ] } },
{ "type": "Feature", "properties": { "OBJECTID": 181, "BUSNAME": "King Kaumualii Elementary", "ADDRESS": "4380 Hanamaula Rd", "PHONE": "2413150", "PLACENAME": "Lihue", "CONTACT": null, "ZIPCODE": "96766", "CAPACITY": 2245, "SCHOOL_COD": 0, "ELEMENTARY": 0, "MIDDLE": 0, "HIGH": 0, "SPACE": 2245, "W_UPGRADE": 0, "EVAC_ZONE": 0, "TYPE": null, "PETS": null, "SP_NEEDS": "Y" }, "geometry": { "type": "Point", "coordinates": [ -159.350993184464159, 21.99591322874355 ] } },
{ "type": "Feature", "properties": { "OBJECTID": 182, "BUSNAME": "Kilauea Elementary", "ADDRESS": "2440 Kolo Rd", "PHONE": "8281212", "PLACENAME": "Kilauea", "CONTACT": null, "ZIPCODE": "96754", "CAPACITY": 380, "SCHOOL_COD": 459, "ELEMENTARY": 1, "MIDDLE": 0, "HIGH": 0, "SPACE": 380, "W_UPGRADE": 257, "EVAC_ZONE": 5, "TYPE": "tsunami only", "PETS": null, "SP_NEEDS": null }, "geometry": { "type": "Point", "coordinates": [ -159.409317174328663, 22.20613122159298 ] } },
{ "type": "Feature", "properties": { "OBJECTID": 183, "BUSNAME": "Eleele Elementary", "ADDRESS": "4570  Uliuli'i Rd", "PHONE": "3352111", "PLACENAME": "Eleele", "CONTACT": null, "ZIPCODE": "96705", "CAPACITY": 1197, "SCHOOL_COD": 451, "ELEMENTARY": 1, "MIDDLE": 0, "HIGH": 0, "SPACE": 1197, "W_UPGRADE": 252, "EVAC_ZONE": 2, "TYPE": "all", "PETS": "Y", "SP_NEEDS": "Y" }, "geometry": { "type": "Point", "coordinates": [ -159.58340542515586, 21.910326651276854 ] } },
{ "type": "Feature", "properties": { "OBJECTID": 184, "BUSNAME": "Koloa Elementary", "ADDRESS": "3223 Poipu Rd", "PHONE": "7428460", "PLACENAME": "Koloa", "CONTACT": null, "ZIPCODE": "96756", "CAPACITY": 855, "SCHOOL_COD": 460, "ELEMENTARY": 1, "MIDDLE": 0, "HIGH": 0, "SPACE": 855, "W_UPGRADE": 0, "EVAC_ZONE": 2, "TYPE": "all", "PETS": null, "SP_NEEDS": "Y" }, "geometry": { "type": "Point", "coordinates": [ -159.467204734882955, 21.898567492727828 ] } },
{ "type": "Feature", "properties": { "OBJECTID": 185, "BUSNAME": "Waimea High", "ADDRESS": "9707 Tsuchiya Rd", "PHONE": "3386800", "PLACENAME": "Waimea", "CONTACT": null, "ZIPCODE": "96796", "CAPACITY": 1923, "SCHOOL_COD": 462, "ELEMENTARY": 0, "MIDDLE": 0, "HIGH": 1, "SPACE": 1923, "W_UPGRADE": 784, "EVAC_ZONE": 1, "TYPE": "all", "PETS": "Y", "SP_NEEDS": "Y" }, "geometry": { "type": "Point", "coordinates": [ -159.668315721840173, 21.957820962779511 ] } },
{ "type": "Feature", "properties": { "OBJECTID": 187, "BUSNAME": "Kauai Community College", "ADDRESS": "3-1901 Kaumualii Hwy", "PHONE": "2458311", "PLACENAME": "Lihue", "CONTACT": null, "ZIPCODE": "96766", "CAPACITY": 1470, "SCHOOL_COD": 0, "ELEMENTARY": 0, "MIDDLE": 0, "HIGH": 0, "SPACE": 1470, "W_UPGRADE": 0, "EVAC_ZONE": 0, "TYPE": null, "PETS": null, "SP_NEEDS": null }, "geometry": { "type": "Point", "coordinates": [ -159.396382673916122, 21.969855664333689 ] } },
{ "type": "Feature", "properties": { "OBJECTID": 189, "BUSNAME": "Kauai Humane Society", "ADDRESS": "3-825 Kaumualii Hwy", "PHONE": "6320610", "PLACENAME": "Lihue", "CONTACT": null, "ZIPCODE": "96766", "CAPACITY": 300, "SCHOOL_COD": 0, "ELEMENTARY": 0, "MIDDLE": 0, "HIGH": 0, "SPACE": 300, "W_UPGRADE": 0, "EVAC_ZONE": 0, "TYPE": null, "PETS": "ONLY", "SP_NEEDS": null }, "geometry": { "type": "Point", "coordinates": [ -159.421269037158254, 21.964605883524754 ] } },
{ "type": "Feature", "properties": { "OBJECTID": 190, "BUSNAME": "Kamakahelei Middle School", "ADDRESS": "4431 Nuhou St", "PHONE": "2413200", "PLACENAME": "Lihue", "CONTACT": null, "ZIPCODE": "96766", "CAPACITY": 0, "SCHOOL_COD": 0, "ELEMENTARY": 0, "MIDDLE": 0, "HIGH": 0, "SPACE": 0, "W_UPGRADE": 0, "EVAC_ZONE": 0, "TYPE": null, "PETS": null, "SP_NEEDS": "Y" }, "geometry": { "type": "Point", "coordinates": [ -159.388182705779911, 21.967155110738332 ] } },
{ "type": "Feature", "properties": { "OBJECTID": 193, "BUSNAME": "Hilo High", "ADDRESS": "556 Waianuenue Ave", "PHONE": "9744021", "PLACENAME": "Hilo", "CONTACT": null, "ZIPCODE": "96720", "CAPACITY": 0, "SCHOOL_COD": 0, "ELEMENTARY": 0, "MIDDLE": 0, "HIGH": 0, "SPACE": 0, "W_UPGRADE": 0, "EVAC_ZONE": 0, "TYPE": null, "PETS": "Y", "SP_NEEDS": "Y" }, "geometry": { "type": "Point", "coordinates": [ -155.096749648593743, 19.721933465504872 ] } },
{ "type": "Feature", "properties": { "OBJECTID": 194, "BUSNAME": "Holualoa Elementary", "ADDRESS": "76-5957 Mamalahoa Hwy", "PHONE": "3224800", "PLACENAME": "Holualoa", "CONTACT": null, "ZIPCODE": "96725", "CAPACITY": 0, "SCHOOL_COD": 0, "ELEMENTARY": 0, "MIDDLE": 0, "HIGH": 0, "SPACE": 0, "W_UPGRADE": 0, "EVAC_ZONE": 0, "TYPE": null, "PETS": null, "SP_NEEDS": null }, "geometry": { "type": "Point", "coordinates": [ -155.948486059064152, 19.616895956308024 ] } },
{ "type": "Feature", "properties": { "OBJECTID": 195, "BUSNAME": "Honaunau Elementary", "ADDRESS": "83-5360 Mamalahoa Hwy", "PHONE": "3282727", "PLACENAME": "Captian Cook", "CONTACT": null, "ZIPCODE": "96704", "CAPACITY": 0, "SCHOOL_COD": 0, "ELEMENTARY": 0, "MIDDLE": 0, "HIGH": 0, "SPACE": 0, "W_UPGRADE": 0, "EVAC_ZONE": 0, "TYPE": null, "PETS": null, "SP_NEEDS": null }, "geometry": { "type": "Point", "coordinates": [ -155.878685139326592, 19.450287847095662 ] } },
{ "type": "Feature", "properties": { "OBJECTID": 196, "BUSNAME": "Hookena Elementary", "ADDRESS": "86-4355 Mamalahoa Hwy", "PHONE": "3282710", "PLACENAME": "Captain Cook", "CONTACT": null, "ZIPCODE": "96704", "CAPACITY": 0, "SCHOOL_COD": 0, "ELEMENTARY": 0, "MIDDLE": 0, "HIGH": 0, "SPACE": 0, "W_UPGRADE": 0, "EVAC_ZONE": 0, "TYPE": null, "PETS": null, "SP_NEEDS": null }, "geometry": { "type": "Point", "coordinates": [ -155.878685113573596, 19.386681002837232 ] } },
{ "type": "Feature", "properties": { "OBJECTID": 197, "BUSNAME": "Kau High and Pahala Elementary", "ADDRESS": "PO Box 100", "PHONE": "9282088", "PLACENAME": "Pahala", "CONTACT": null, "ZIPCODE": "96777", "CAPACITY": 0, "SCHOOL_COD": 0, "ELEMENTARY": 0, "MIDDLE": 0, "HIGH": 0, "SPACE": 0, "W_UPGRADE": 0, "EVAC_ZONE": 0, "TYPE": null, "PETS": "Y", "SP_NEEDS": "Y" }, "geometry": { "type": "Point", "coordinates": [ -155.479546425701614, 19.202879496845348 ] } },
{ "type": "Feature", "properties": { "OBJECTID": 198, "BUSNAME": "Kaumana Elementary", "ADDRESS": "1710 Kaumana Dr", "PHONE": "9744190", "PLACENAME": "Hilo", "CONTACT": null, "ZIPCODE": "96720", "CAPACITY": 0, "SCHOOL_COD": 0, "ELEMENTARY": 0, "MIDDLE": 0, "HIGH": 0, "SPACE": 0, "W_UPGRADE": 0, "EVAC_ZONE": 0, "TYPE": null, "PETS": null, "SP_NEEDS": "Y" }, "geometry": { "type": "Point", "coordinates": [ -155.134804421829017, 19.68693673736956 ] } },
{ "type": "Feature", "properties": { "OBJECTID": 199, "BUSNAME": "Kohala Elementary", "ADDRESS": "PO Box 814", "PHONE": "8897100", "PLACENAME": "Kapaau", "CONTACT": null, "ZIPCODE": "96755", "CAPACITY": 0, "SCHOOL_COD": 0, "ELEMENTARY": 0, "MIDDLE": 0, "HIGH": 0, "SPACE": 0, "W_UPGRADE": 0, "EVAC_ZONE": 0, "TYPE": null, "PETS": null, "SP_NEEDS": "Y" }, "geometry": { "type": "Point", "coordinates": [ -155.819213499331539, 20.237851977706306 ] } },
{ "type": "Feature", "properties": { "OBJECTID": 200, "BUSNAME": "Waiakea-Waena Elementary", "ADDRESS": "2420 Kilauea Ave", "PHONE": "9817200", "PLACENAME": "Hilo", "CONTACT": null, "ZIPCODE": "96720", "CAPACITY": 0, "SCHOOL_COD": 0, "ELEMENTARY": 0, "MIDDLE": 0, "HIGH": 0, "SPACE": 0, "W_UPGRADE": 0, "EVAC_ZONE": 0, "TYPE": null, "PETS": null, "SP_NEEDS": "Y" }, "geometry": { "type": "Point", "coordinates": [ -155.068235432240385, 19.683563972203729 ] } },
{ "type": "Feature", "properties": { "OBJECTID": 201, "BUSNAME": "Hilo Intermediate", "ADDRESS": "587 Waianuenue Ave", "PHONE": "9744955", "PLACENAME": "Hilo", "CONTACT": null, "ZIPCODE": "96720", "CAPACITY": 0, "SCHOOL_COD": 0, "ELEMENTARY": 0, "MIDDLE": 0, "HIGH": 0, "SPACE": 0, "W_UPGRADE": 0, "EVAC_ZONE": 0, "TYPE": null, "PETS": null, "SP_NEEDS": "Y" }, "geometry": { "type": "Point", "coordinates": [ -155.095872727373262, 19.720290647556457 ] } },
{ "type": "Feature", "properties": { "OBJECTID": 202, "BUSNAME": "Keaau Middle", "ADDRESS": "16-565 Keaau-Pahoa Rd", "PHONE": "9824200", "PLACENAME": "Keaau", "CONTACT": null, "ZIPCODE": "96749", "CAPACITY": 0, "SCHOOL_COD": 0, "ELEMENTARY": 0, "MIDDLE": 0, "HIGH": 0, "SPACE": 0, "W_UPGRADE": 0, "EVAC_ZONE": 0, "TYPE": null, "PETS": "Y", "SP_NEEDS": "Y" }, "geometry": { "type": "Point", "coordinates": [ -155.037936645176444, 19.621677599260941 ] } },
{ "type": "Feature", "properties": { "OBJECTID": 203, "BUSNAME": "Pahoa High & Intermediate", "ADDRESS": "15-3038 Puna Rd", "PHONE": "9652150", "PLACENAME": "Pahoa", "CONTACT": null, "ZIPCODE": "96778", "CAPACITY": 0, "SCHOOL_COD": 0, "ELEMENTARY": 0, "MIDDLE": 0, "HIGH": 0, "SPACE": 0, "W_UPGRADE": 0, "EVAC_ZONE": 0, "TYPE": null, "PETS": "Y", "SP_NEEDS": "Y" }, "geometry": { "type": "Point", "coordinates": [ -154.941840002437601, 19.491283942194897 ] } },
{ "type": "Feature", "properties": { "OBJECTID": 204, "BUSNAME": "Waiakea Elementary", "ADDRESS": "180 W. Puainako St", "PHONE": "9817215", "PLACENAME": "Hilo", "CONTACT": null, "ZIPCODE": "96720", "CAPACITY": 0, "SCHOOL_COD": 0, "ELEMENTARY": 0, "MIDDLE": 0, "HIGH": 0, "SPACE": 0, "W_UPGRADE": 0, "EVAC_ZONE": 0, "TYPE": null, "PETS": null, "SP_NEEDS": "Y" }, "geometry": { "type": "Point", "coordinates": [ -155.074993216921172, 19.695037124965417 ] } },
{ "type": "Feature", "properties": { "OBJECTID": 205, "BUSNAME": "Kealakehe Intermediate", "ADDRESS": "74-5062 Onipaa St", "PHONE": "3274314", "PLACENAME": "Kailua-Kona", "CONTACT": null, "ZIPCODE": "96740", "CAPACITY": 0, "SCHOOL_COD": 0, "ELEMENTARY": 0, "MIDDLE": 0, "HIGH": 0, "SPACE": 0, "W_UPGRADE": 0, "EVAC_ZONE": 0, "TYPE": null, "PETS": null, "SP_NEEDS": "Y" }, "geometry": { "type": "Point", "coordinates": [ -155.984433533747534, 19.670374432955285 ] } },
{ "type": "Feature", "properties": { "OBJECTID": 206, "BUSNAME": "Kealakehe Elementary", "ADDRESS": "74-5118 Kealakaa St", "PHONE": "3274308", "PLACENAME": "Kailua-Kona", "CONTACT": null, "ZIPCODE": "96740", "CAPACITY": 0, "SCHOOL_COD": 0, "ELEMENTARY": 0, "MIDDLE": 0, "HIGH": 0, "SPACE": 0, "W_UPGRADE": 0, "EVAC_ZONE": 0, "TYPE": null, "PETS": null, "SP_NEEDS": "Y" }, "geometry": { "type": "Point", "coordinates": [ -155.982681404107609, 19.668489917170351 ] } },
{ "type": "Feature", "properties": { "OBJECTID": 207, "BUSNAME": "Waimea Elementary", "ADDRESS": "67-1225 Mamalahoa Hwy", "PHONE": "8877636", "PLACENAME": "Kamuela", "CONTACT": null, "ZIPCODE": "96743", "CAPACITY": 0, "SCHOOL_COD": 0, "ELEMENTARY": 0, "MIDDLE": 0, "HIGH": 0, "SPACE": 0, "W_UPGRADE": 0, "EVAC_ZONE": 0, "TYPE": null, "PETS": null, "SP_NEEDS": "Y" }, "geometry": { "type": "Point", "coordinates": [ -155.669656840487505, 20.018873151001188 ] } },
{ "type": "Feature", "properties": { "OBJECTID": 208, "BUSNAME": "Konawaena High", "ADDRESS": "81-1043 Konawaena School Rd", "PHONE": "3234500", "PLACENAME": "Kealakekua", "CONTACT": null, "ZIPCODE": "96750", "CAPACITY": 0, "SCHOOL_COD": 0, "ELEMENTARY": 0, "MIDDLE": 0, "HIGH": 0, "SPACE": 0, "W_UPGRADE": 0, "EVAC_ZONE": 0, "TYPE": null, "PETS": "Y", "SP_NEEDS": "Y" }, "geometry": { "type": "Point", "coordinates": [ -155.916605740762321, 19.5098331889278 ] } },
{ "type": "Feature", "properties": { "OBJECTID": 209, "BUSNAME": "Kohala High & Inter", "ADDRESS": "PO Box 273", "PHONE": "8897117", "PLACENAME": "Kapaau", "CONTACT": null, "ZIPCODE": "96755", "CAPACITY": 0, "SCHOOL_COD": 0, "ELEMENTARY": 0, "MIDDLE": 0, "HIGH": 0, "SPACE": 0, "W_UPGRADE": 0, "EVAC_ZONE": 0, "TYPE": null, "PETS": null, "SP_NEEDS": "Y" }, "geometry": { "type": "Point", "coordinates": [ -155.818379620797657, 20.238788325511504 ] } },
{ "type": "Feature", "properties": { "OBJECTID": 210, "BUSNAME": "Honokaa High & Intermediate", "ADDRESS": "45-527 Pakalana St", "PHONE": "7758800", "PLACENAME": "Honokaa", "CONTACT": null, "ZIPCODE": "96727", "CAPACITY": 0, "SCHOOL_COD": 0, "ELEMENTARY": 0, "MIDDLE": 0, "HIGH": 0, "SPACE": 0, "W_UPGRADE": 0, "EVAC_ZONE": 0, "TYPE": null, "PETS": "Y", "SP_NEEDS": "Y" }, "geometry": { "type": "Point", "coordinates": [ -155.462550396889554, 20.075852288009472 ] } },
{ "type": "Feature", "properties": { "OBJECTID": 211, "BUSNAME": "E B DeSilva Elementary", "ADDRESS": "278 Ainako Ave", "PHONE": "9744855", "PLACENAME": "Hilo", "CONTACT": null, "ZIPCODE": "96720", "CAPACITY": 0, "SCHOOL_COD": 0, "ELEMENTARY": 0, "MIDDLE": 0, "HIGH": 0, "SPACE": 0, "W_UPGRADE": 0, "EVAC_ZONE": 0, "TYPE": null, "PETS": null, "SP_NEEDS": null }, "geometry": { "type": "Point", "coordinates": [ -155.114617253515632, 19.710511587081264 ] } },
{ "type": "Feature", "properties": { "OBJECTID": 212, "BUSNAME": "Kahakai Elementary", "ADDRESS": "76-147 Royal Poinciana Dr", "PHONE": "3274313", "PLACENAME": "Kailua-Kona", "CONTACT": null, "ZIPCODE": "96740", "CAPACITY": 0, "SCHOOL_COD": 0, "ELEMENTARY": 0, "MIDDLE": 0, "HIGH": 0, "SPACE": 0, "W_UPGRADE": 0, "EVAC_ZONE": 0, "TYPE": null, "PETS": null, "SP_NEEDS": "Y" }, "geometry": { "type": "Point", "coordinates": [ -155.978058406159676, 19.614120307148731 ] } },
{ "type": "Feature", "properties": { "OBJECTID": 213, "BUSNAME": "Mountain View Elementary", "ADDRESS": "PO Box 9", "PHONE": "9682300", "PLACENAME": "Mountain View", "CONTACT": null, "ZIPCODE": "96771", "CAPACITY": 0, "SCHOOL_COD": 0, "ELEMENTARY": 0, "MIDDLE": 0, "HIGH": 0, "SPACE": 0, "W_UPGRADE": 0, "EVAC_ZONE": 0, "TYPE": null, "PETS": null, "SP_NEEDS": "Y" }, "geometry": { "type": "Point", "coordinates": [ -155.10229211311318, 19.554388837730535 ] } },
{ "type": "Feature", "properties": { "OBJECTID": 214, "BUSNAME": "Waiakea High", "ADDRESS": "155 W. Kawili St", "PHONE": "9744888", "PLACENAME": "Hilo", "CONTACT": null, "ZIPCODE": "96720", "CAPACITY": 0, "SCHOOL_COD": 0, "ELEMENTARY": 0, "MIDDLE": 0, "HIGH": 0, "SPACE": 0, "W_UPGRADE": 0, "EVAC_ZONE": 0, "TYPE": null, "PETS": "Y", "SP_NEEDS": "Y" }, "geometry": { "type": "Point", "coordinates": [ -155.075839192043929, 19.699764306142239 ] } },
{ "type": "Feature", "properties": { "OBJECTID": 215, "BUSNAME": "Keonepoko Elementary", "ADDRESS": "15-890 Kahakai Blvd", "PHONE": "9652131", "PLACENAME": "Pahoa", "CONTACT": null, "ZIPCODE": "96778", "CAPACITY": 0, "SCHOOL_COD": 0, "ELEMENTARY": 0, "MIDDLE": 0, "HIGH": 0, "SPACE": 0, "W_UPGRADE": 0, "EVAC_ZONE": 0, "TYPE": null, "PETS": null, "SP_NEEDS": "Y" }, "geometry": { "type": "Point", "coordinates": [ -154.926863315920485, 19.52548849401893 ] } },
{ "type": "Feature", "properties": { "OBJECTID": 216, "BUSNAME": "Kealakehe High", "ADDRESS": "74-5000 Puohulihuli St", "PHONE": "3274300", "PLACENAME": "Kailua-Kona", "CONTACT": null, "ZIPCODE": "96740", "CAPACITY": 0, "SCHOOL_COD": 0, "ELEMENTARY": 0, "MIDDLE": 0, "HIGH": 0, "SPACE": 0, "W_UPGRADE": 0, "EVAC_ZONE": 0, "TYPE": null, "PETS": "Y", "SP_NEEDS": "Y" }, "geometry": { "type": "Point", "coordinates": [ -155.997927139077547, 19.668643840858017 ] } },
{ "type": "Feature", "properties": { "OBJECTID": 217, "BUSNAME": "Keaau High", "ADDRESS": "16-725 Keaau-Pahoa Rd", "PHONE": "9824220", "PLACENAME": "Keaau", "CONTACT": null, "ZIPCODE": "96749", "CAPACITY": 0, "SCHOOL_COD": 0, "ELEMENTARY": 0, "MIDDLE": 0, "HIGH": 0, "SPACE": 0, "W_UPGRADE": 0, "EVAC_ZONE": 0, "TYPE": null, "PETS": "Y", "SP_NEEDS": "Y" }, "geometry": { "type": "Point", "coordinates": [ -155.033936037995289, 19.614585297779598 ] } },
{ "type": "Feature", "properties": { "OBJECTID": 218, "BUSNAME": "Pahoa Elementary", "ADDRESS": "15-3030 Puna Rd", "PHONE": "9652141", "PLACENAME": "Pahoa", "CONTACT": null, "ZIPCODE": "96778", "CAPACITY": 0, "SCHOOL_COD": 0, "ELEMENTARY": 0, "MIDDLE": 0, "HIGH": 0, "SPACE": 0, "W_UPGRADE": 0, "EVAC_ZONE": 0, "TYPE": null, "PETS": null, "SP_NEEDS": "Y" }, "geometry": { "type": "Point", "coordinates": [ -154.943300140177115, 19.491821793197378 ] } },
{ "type": "Feature", "properties": { "OBJECTID": 219, "BUSNAME": "Waimea State Offices & Courthouse", "ADDRESS": null, "PHONE": null, "PLACENAME": null, "CONTACT": null, "ZIPCODE": null, "CAPACITY": 0, "SCHOOL_COD": 0, "ELEMENTARY": 0, "MIDDLE": 0, "HIGH": 0, "SPACE": 1470, "W_UPGRADE": 187, "EVAC_ZONE": 3, "TYPE": "all", "PETS": null, "SP_NEEDS": null }, "geometry": { "type": "Point", "coordinates": [ -155.668878120523772, 20.019895472093346 ] } },
{ "type": "Feature", "properties": { "OBJECTID": 224, "BUSNAME": "Mililani Ike Elementary", "ADDRESS": "95-1330 Lehiwa Dr", "PHONE": "6262980", "PLACENAME": "Mililani", "CONTACT": null, "ZIPCODE": "96789", "CAPACITY": 0, "SCHOOL_COD": 0, "ELEMENTARY": 0, "MIDDLE": 0, "HIGH": 0, "SPACE": 0, "W_UPGRADE": 0, "EVAC_ZONE": 0, "TYPE": null, "PETS": null, "SP_NEEDS": null }, "geometry": { "type": "Point", "coordinates": [ -157.988938970872368, 21.47333900921647 ] } },
{ "type": "Feature", "properties": { "OBJECTID": 223, "BUSNAME": "Ewa Elementary", "ADDRESS": "91-1280 Renton Rd", "PHONE": "6818208", "PLACENAME": "Ewa Beach", "CONTACT": null, "ZIPCODE": "96706", "CAPACITY": 0, "SCHOOL_COD": 0, "ELEMENTARY": 0, "MIDDLE": 0, "HIGH": 0, "SPACE": 0, "W_UPGRADE": 0, "EVAC_ZONE": 0, "TYPE": null, "PETS": null, "SP_NEEDS": "Y" }, "geometry": { "type": "Point", "coordinates": [ -158.033918188778046, 21.344740469946476 ] } },
{ "type": "Feature", "properties": { "OBJECTID": 222, "BUSNAME": "Ewa Beach Elementary", "ADDRESS": "91-740 Papipi Rd", "PHONE": "6891271", "PLACENAME": "Ewa Beach", "CONTACT": null, "ZIPCODE": "96706", "CAPACITY": 0, "SCHOOL_COD": 0, "ELEMENTARY": 0, "MIDDLE": 0, "HIGH": 0, "SPACE": 0, "W_UPGRADE": 0, "EVAC_ZONE": 0, "TYPE": null, "PETS": null, "SP_NEEDS": null }, "geometry": { "type": "Point", "coordinates": [ -158.015026482651166, 21.31532964015905 ] } },
{ "type": "Feature", "properties": { "OBJECTID": 221, "BUSNAME": "Barber's Point Elementary", "ADDRESS": "3001 Boxer Rd", "PHONE": "6737400", "PLACENAME": "Kapolei", "CONTACT": null, "ZIPCODE": "96707", "CAPACITY": 0, "SCHOOL_COD": 0, "ELEMENTARY": 0, "MIDDLE": 0, "HIGH": 0, "SPACE": 0, "W_UPGRADE": 0, "EVAC_ZONE": 0, "TYPE": null, "PETS": null, "SP_NEEDS": null }, "geometry": { "type": "Point", "coordinates": [ -158.081443370645019, 21.320461287410833 ] } },
{ "type": "Feature", "properties": { "OBJECTID": 220, "BUSNAME": "Waialua Elementary", "ADDRESS": "67-020 Waialua Beach Road", "PHONE": "6378228", "PLACENAME": "Waialua", "CONTACT": null, "ZIPCODE": "96791", "CAPACITY": 0, "SCHOOL_COD": 0, "ELEMENTARY": 0, "MIDDLE": 0, "HIGH": 0, "SPACE": 0, "W_UPGRADE": 0, "EVAC_ZONE": 0, "TYPE": null, "PETS": null, "SP_NEEDS": "Y" }, "geometry": { "type": "Point", "coordinates": [ -158.121640946477385, 21.576709494330231 ] } },
{ "type": "Feature", "properties": { "OBJECTID": 225, "BUSNAME": "Mililani Waena Elementary", "ADDRESS": "95-502 Kipapa Dr", "PHONE": "6277300", "PLACENAME": "Mililani", "CONTACT": null, "ZIPCODE": "96789", "CAPACITY": 0, "SCHOOL_COD": 0, "ELEMENTARY": 0, "MIDDLE": 0, "HIGH": 0, "SPACE": 0, "W_UPGRADE": 0, "EVAC_ZONE": 0, "TYPE": null, "PETS": null, "SP_NEEDS": "Y" }, "geometry": { "type": "Point", "coordinates": [ -158.010041592698059, 21.455348770988451 ] } },
{ "type": "Feature", "properties": { "OBJECTID": 0, "BUSNAME": "Highlands Intermediate", "ADDRESS": "1460 Hoolaulea St", "PHONE": "4536480", "PLACENAME": "Pearl City", "CONTACT": null, "ZIPCODE": "96782", "CAPACITY": 0, "SCHOOL_COD": 0, "ELEMENTARY": 0, "MIDDLE": 0, "HIGH": 0, "SPACE": 0, "W_UPGRADE": 0, "EVAC_ZONE": 0, "TYPE": null, "PETS": "Y", "SP_NEEDS": "Y" }, "geometry": { "type": "Point", "coordinates": [ -157.96221838085043, 21.401249949244704 ] } },
{ "type": "Feature", "properties": { "OBJECTID": 0, "BUSNAME": "Moanalua Elementary", "ADDRESS": "1337 Mahiole St", "PHONE": "8317878", "PLACENAME": "Honolulu", "CONTACT": null, "ZIPCODE": "96819", "CAPACITY": 0, "SCHOOL_COD": 0, "ELEMENTARY": 0, "MIDDLE": 0, "HIGH": 0, "SPACE": 0, "W_UPGRADE": 0, "EVAC_ZONE": 0, "TYPE": null, "PETS": null, "SP_NEEDS": "Y" }, "geometry": { "type": "Point", "coordinates": [ -157.89066126886496, 21.349392223814469 ] } },
{ "type": "Feature", "properties": { "OBJECTID": 0, "BUSNAME": "Nimitz Elementary", "ADDRESS": "520 Main St", "PHONE": "4814165", "PLACENAME": "Honolulu", "CONTACT": null, "ZIPCODE": "96818", "CAPACITY": 0, "SCHOOL_COD": 0, "ELEMENTARY": 0, "MIDDLE": 0, "HIGH": 0, "SPACE": 0, "W_UPGRADE": 0, "EVAC_ZONE": 0, "TYPE": null, "PETS": null, "SP_NEEDS": null }, "geometry": { "type": "Point", "coordinates": [ -157.93539444273577, 21.340584468194553 ] } },
{ "type": "Feature", "properties": { "OBJECTID": 0, "BUSNAME": "Pearl City Elementary", "ADDRESS": "1090 Waimano Home Rd", "PHONE": "4536455", "PLACENAME": "Pearl City", "CONTACT": null, "ZIPCODE": "96782", "CAPACITY": 0, "SCHOOL_COD": 0, "ELEMENTARY": 0, "MIDDLE": 0, "HIGH": 0, "SPACE": 0, "W_UPGRADE": 0, "EVAC_ZONE": 0, "TYPE": null, "PETS": null, "SP_NEEDS": null }, "geometry": { "type": "Point", "coordinates": [ -157.971496006205172, 21.395699239773421 ] } },
{ "type": "Feature", "properties": { "OBJECTID": 0, "BUSNAME": "Fern Elementary", "ADDRESS": "1121 Middle St", "PHONE": "8323040", "PLACENAME": "Honolulu", "CONTACT": null, "ZIPCODE": "96819", "CAPACITY": 0, "SCHOOL_COD": 0, "ELEMENTARY": 0, "MIDDLE": 0, "HIGH": 0, "SPACE": 0, "W_UPGRADE": 0, "EVAC_ZONE": 0, "TYPE": null, "PETS": null, "SP_NEEDS": null }, "geometry": { "type": "Point", "coordinates": [ -157.881183973835363, 21.338841507574056 ] } },
{ "type": "Feature", "properties": { "OBJECTID": 0, "BUSNAME": "Kalilhi Elementary", "ADDRESS": "2471 Kula Kolea Dr", "PHONE": "8323177", "PLACENAME": "Honolulu", "CONTACT": null, "ZIPCODE": "96819", "CAPACITY": 0, "SCHOOL_COD": 0, "ELEMENTARY": 0, "MIDDLE": 0, "HIGH": 0, "SPACE": 0, "W_UPGRADE": 0, "EVAC_ZONE": 0, "TYPE": null, "PETS": null, "SP_NEEDS": null }, "geometry": { "type": "Point", "coordinates": [ -157.861491528703397, 21.354265129341389 ] } },
{ "type": "Feature", "properties": { "OBJECTID": 0, "BUSNAME": "Anuenue Elementary", "ADDRESS": "2528 10th Ave", "PHONE": "7338465", "PLACENAME": "Honolulu", "CONTACT": null, "ZIPCODE": "96816", "CAPACITY": 0, "SCHOOL_COD": 0, "ELEMENTARY": 0, "MIDDLE": 0, "HIGH": 0, "SPACE": 0, "W_UPGRADE": 0, "EVAC_ZONE": 0, "TYPE": null, "PETS": null, "SP_NEEDS": null }, "geometry": { "type": "Point", "coordinates": [ -157.789862301587078, 21.303827995367921 ] } },
{ "type": "Feature", "properties": { "OBJECTID": 0, "BUSNAME": "Jarrett Middle", "ADDRESS": "1903 Palolo Ave", "PHONE": "7334888", "PLACENAME": "Honolulu", "CONTACT": null, "ZIPCODE": "96816", "CAPACITY": 0, "SCHOOL_COD": 0, "ELEMENTARY": 0, "MIDDLE": 0, "HIGH": 0, "SPACE": 0, "W_UPGRADE": 0, "EVAC_ZONE": 0, "TYPE": null, "PETS": "Y", "SP_NEEDS": "Y" }, "geometry": { "type": "Point", "coordinates": [ -157.796598119857407, 21.297142009868981 ] } },
{ "type": "Feature", "properties": { "OBJECTID": 0, "BUSNAME": "Lincoln Elementary", "ADDRESS": "615 Auwaiolimu St", "PHONE": "5874480", "PLACENAME": "Honolulu", "CONTACT": null, "ZIPCODE": "96813", "CAPACITY": 0, "SCHOOL_COD": 0, "ELEMENTARY": 0, "MIDDLE": 0, "HIGH": 0, "SPACE": 0, "W_UPGRADE": 0, "EVAC_ZONE": 0, "TYPE": null, "PETS": null, "SP_NEEDS": null }, "geometry": { "type": "Point", "coordinates": [ -157.839897008275443, 21.313721657517469 ] } },
{ "type": "Feature", "properties": { "OBJECTID": 0, "BUSNAME": "Neal Blaisdell Center", "ADDRESS": "777 Ward Ave", "PHONE": "5275400", "PLACENAME": "Honolulu", "CONTACT": null, "ZIPCODE": "96814", "CAPACITY": 0, "SCHOOL_COD": 0, "ELEMENTARY": 0, "MIDDLE": 0, "HIGH": 0, "SPACE": 0, "W_UPGRADE": 0, "EVAC_ZONE": 0, "TYPE": null, "PETS": null, "SP_NEEDS": "Y" }, "geometry": { "type": "Point", "coordinates": [ -157.850536239693184, 21.299270744033258 ] } },
{ "type": "Feature", "properties": { "OBJECTID": 0, "BUSNAME": "Kahala Elementary", "ADDRESS": "4559 Kilauea Ave", "PHONE": "7338455", "PLACENAME": "Honolulu", "CONTACT": null, "ZIPCODE": "96816", "CAPACITY": 0, "SCHOOL_COD": 0, "ELEMENTARY": 0, "MIDDLE": 0, "HIGH": 0, "SPACE": 0, "W_UPGRADE": 0, "EVAC_ZONE": 0, "TYPE": null, "PETS": null, "SP_NEEDS": "Y" }, "geometry": { "type": "Point", "coordinates": [ -157.784336438179054, 21.273857235946323 ] } },
{ "type": "Feature", "properties": { "OBJECTID": 0, "BUSNAME": "Aikahi Elementary", "ADDRESS": "281 Ilihau St", "PHONE": "2547944", "PLACENAME": "Kailua", "CONTACT": null, "ZIPCODE": "96734", "CAPACITY": 0, "SCHOOL_COD": 0, "ELEMENTARY": 0, "MIDDLE": 0, "HIGH": 0, "SPACE": 0, "W_UPGRADE": 0, "EVAC_ZONE": 0, "TYPE": null, "PETS": null, "SP_NEEDS": null }, "geometry": { "type": "Point", "coordinates": [ -157.749062267010373, 21.425476158845346 ] } },
{ "type": "Feature", "properties": { "OBJECTID": 0, "BUSNAME": "Kahuku Elementary", "ADDRESS": "56-170 Pualalea St", "PHONE": "2938980", "PLACENAME": "Kahuku", "CONTACT": null, "ZIPCODE": "96731", "CAPACITY": 0, "SCHOOL_COD": 0, "ELEMENTARY": 0, "MIDDLE": 0, "HIGH": 0, "SPACE": 0, "W_UPGRADE": 0, "EVAC_ZONE": 0, "TYPE": null, "PETS": null, "SP_NEEDS": null }, "geometry": { "type": "Point", "coordinates": [ -157.949315138164991, 21.674620103317157 ] } },
{ "type": "Feature", "properties": { "OBJECTID": 0, "BUSNAME": "Maunawili Elementary", "ADDRESS": "1465 Ulupii St", "PHONE": "2667822", "PLACENAME": "Kailua", "CONTACT": null, "ZIPCODE": "96734", "CAPACITY": 0, "SCHOOL_COD": 0, "ELEMENTARY": 0, "MIDDLE": 0, "HIGH": 0, "SPACE": 0, "W_UPGRADE": 0, "EVAC_ZONE": 0, "TYPE": null, "PETS": null, "SP_NEEDS": "Y" }, "geometry": { "type": "Point", "coordinates": [ -157.752949001930347, 21.376949653315037 ] } },
{ "type": "Feature", "properties": { "OBJECTID": 0, "BUSNAME": "Kahului Elementary", "ADDRESS": "410 South Hina Ave", "PHONE": "8733055", "PLACENAME": "Kahului", "CONTACT": null, "ZIPCODE": "96732", "CAPACITY": 0, "SCHOOL_COD": 0, "ELEMENTARY": 0, "MIDDLE": 0, "HIGH": 0, "SPACE": 0, "W_UPGRADE": 0, "EVAC_ZONE": 0, "TYPE": null, "PETS": null, "SP_NEEDS": "Y" }, "geometry": { "type": "Point", "coordinates": [ -156.470750035686223, 20.879473616454181 ] } },
{ "type": "Feature", "properties": { "OBJECTID": 0, "BUSNAME": "Lahaina Civic Center", "ADDRESS": "1840 Honoapiilani Hwy", "PHONE": "6614685", "PLACENAME": "Wailuku", "CONTACT": null, "ZIPCODE": "96761", "CAPACITY": 0, "SCHOOL_COD": 0, "ELEMENTARY": 0, "MIDDLE": 0, "HIGH": 0, "SPACE": 0, "W_UPGRADE": 0, "EVAC_ZONE": 0, "TYPE": null, "PETS": null, "SP_NEEDS": null }, "geometry": { "type": "Point", "coordinates": [ -156.686686803812705, 20.90831212095534 ] } },
{ "type": "Feature", "properties": { "OBJECTID": 0, "BUSNAME": "Haiku Elementary", "ADDRESS": "105 Pauwela Rd", "PHONE": "5753000", "PLACENAME": "Haiku", "CONTACT": null, "ZIPCODE": "96708", "CAPACITY": 0, "SCHOOL_COD": 0, "ELEMENTARY": 0, "MIDDLE": 0, "HIGH": 0, "SPACE": 0, "W_UPGRADE": 0, "EVAC_ZONE": 0, "TYPE": null, "PETS": null, "SP_NEEDS": null }, "geometry": { "type": "Point", "coordinates": [ -156.322696587877914, 20.928098040866608 ] } },
{ "type": "Feature", "properties": { "OBJECTID": 0, "BUSNAME": "Paia Elementary", "ADDRESS": "955 Baldwin Ave", "PHONE": "5792100", "PLACENAME": "Paia", "CONTACT": null, "ZIPCODE": "96779", "CAPACITY": 0, "SCHOOL_COD": 0, "ELEMENTARY": 0, "MIDDLE": 0, "HIGH": 0, "SPACE": 0, "W_UPGRADE": 0, "EVAC_ZONE": 0, "TYPE": null, "PETS": null, "SP_NEEDS": "Y" }, "geometry": { "type": "Point", "coordinates": [ -156.354207857281551, 20.89490839928558 ] } },
{ "type": "Feature", "properties": { "OBJECTID": 0, "BUSNAME": "Kalanianaole Elementary", "ADDRESS": "27-330 Old Mamalahoa Hwy", "PHONE": "964-9700", "PLACENAME": "Papaikou", "CONTACT": null, "ZIPCODE": "96781", "CAPACITY": 0, "SCHOOL_COD": 0, "ELEMENTARY": 0, "MIDDLE": 0, "HIGH": 0, "SPACE": 0, "W_UPGRADE": 0, "EVAC_ZONE": 0, "TYPE": null, "PETS": "Y", "SP_NEEDS": "Y" }, "geometry": { "type": "Point", "coordinates": [ -155.093606910351923, 19.82102441896901 ] } },
{ "type": "Feature", "properties": { "OBJECTID": 0, "BUSNAME": "Waikoloa Elementary", "ADDRESS": "68-1730 Hooko St", "PHONE": "8836808", "PLACENAME": "Waikoloa", "CONTACT": null, "ZIPCODE": "96738", "CAPACITY": 0, "SCHOOL_COD": 0, "ELEMENTARY": 0, "MIDDLE": 0, "HIGH": 0, "SPACE": 0, "W_UPGRADE": 0, "EVAC_ZONE": 0, "TYPE": null, "PETS": null, "SP_NEEDS": "Y" }, "geometry": { "type": "Point", "coordinates": [ -155.785086844620366, 19.944660338840897 ] } },
{ "type": "Feature", "properties": { "OBJECTID": 0, "BUSNAME": "Waiakea Intermediate", "ADDRESS": "200 West Puainako St", "PHONE": "9817231", "PLACENAME": "Hilo", "CONTACT": null, "ZIPCODE": "96720", "CAPACITY": 0, "SCHOOL_COD": 0, "ELEMENTARY": 0, "MIDDLE": 0, "HIGH": 0, "SPACE": 0, "W_UPGRADE": 0, "EVAC_ZONE": 0, "TYPE": null, "PETS": null, "SP_NEEDS": "Y" }, "geometry": { "type": "Point", "coordinates": [ -155.076665172530426, 19.69423622831038 ] } },
{ "type": "Feature", "properties": { "OBJECTID": 0, "BUSNAME": "Keaau Elementary", "ADDRESS": "16-680 Keaau Pahoa Rd", "PHONE": "9824210", "PLACENAME": "Keaau", "CONTACT": null, "ZIPCODE": "96749", "CAPACITY": 0, "SCHOOL_COD": 0, "ELEMENTARY": 0, "MIDDLE": 0, "HIGH": 0, "SPACE": 0, "W_UPGRADE": 0, "EVAC_ZONE": 0, "TYPE": null, "PETS": null, "SP_NEEDS": null }, "geometry": { "type": "Point", "coordinates": [ -155.007767237253375, 19.581356580228789 ] } },
{ "type": "Feature", "properties": { "OBJECTID": 0, "BUSNAME": "Kauai War Memorial Convention Hall", "ADDRESS": "4191 Hardy St", "PHONE": "2416623", "PLACENAME": "Lihue", "CONTACT": null, "ZIPCODE": "96766", "CAPACITY": 0, "SCHOOL_COD": 0, "ELEMENTARY": 0, "MIDDLE": 0, "HIGH": 0, "SPACE": 0, "W_UPGRADE": 0, "EVAC_ZONE": 0, "TYPE": null, "PETS": null, "SP_NEEDS": null }, "geometry": { "type": "Point", "coordinates": [ -159.362748799406859, 21.97489277152691 ] } },
{ "type": "Feature", "properties": { "OBJECTID": 0, "BUSNAME": "Kilauea Neighborhood Center", "ADDRESS": "4260 Keneke St", "PHONE": "8281421", "PLACENAME": "Kilauea", "CONTACT": null, "ZIPCODE": "96754", "CAPACITY": 0, "SCHOOL_COD": 0, "ELEMENTARY": 0, "MIDDLE": 0, "HIGH": 0, "SPACE": 0, "W_UPGRADE": 0, "EVAC_ZONE": 0, "TYPE": null, "PETS": null, "SP_NEEDS": null }, "geometry": { "type": "Point", "coordinates": [ -159.406838817736968, 22.212184857978261 ] } },
{ "type": "Feature", "properties": { "OBJECTID": 0, "BUSNAME": "Waimea Canyon Elementary & Middle", "ADDRESS": "9555 Huakai Rd", "PHONE": "3386830", "PLACENAME": "Waimea", "CONTACT": null, "ZIPCODE": "96796", "CAPACITY": 2649, "SCHOOL_COD": 464, "ELEMENTARY": 1, "MIDDLE": 1, "HIGH": 0, "SPACE": 2649, "W_UPGRADE": 118, "EVAC_ZONE": 1, "TYPE": "all", "PETS": "Y", "SP_NEEDS": "Y" }, "geometry": { "type": "Point", "coordinates": [ -159.671273743430305, 21.959570838848443 ] } },
{ "type": "Feature", "properties": { "OBJECTID": 0, "BUSNAME": "Kalaheo Elementary", "ADDRESS": "4400 Maka Rd", "PHONE": "3326801", "PLACENAME": "Kalaheo", "CONTACT": null, "ZIPCODE": "96741", "CAPACITY": 0, "SCHOOL_COD": 0, "ELEMENTARY": 0, "MIDDLE": 0, "HIGH": 0, "SPACE": 0, "W_UPGRADE": 0, "EVAC_ZONE": 0, "TYPE": null, "PETS": "Y", "SP_NEEDS": "Y" }, "geometry": { "type": "Point", "coordinates": [ -159.522629985513333, 21.922003451058366 ] } },
{ "type": "Feature", "properties": { "OBJECTID": 0, "BUSNAME": "Waimea Middle", "ADDRESS": "67-1229 Mamalahoa Hwy", "PHONE": "8876090", "PLACENAME": "Kamuela", "CONTACT": null, "ZIPCODE": "96743", "CAPACITY": 0, "SCHOOL_COD": 0, "ELEMENTARY": 0, "MIDDLE": 0, "HIGH": 0, "SPACE": 0, "W_UPGRADE": 0, "EVAC_ZONE": 0, "TYPE": null, "PETS": null, "SP_NEEDS": null }, "geometry": { "type": "Point", "coordinates": [ -155.764804094958208, 19.839545710859369 ] } },
{ "type": "Feature", "properties": { "OBJECTID": 0, "BUSNAME": "Kahaluu Elementary", "ADDRESS": "47-280 Waihee Rd", "PHONE": "2393100", "PLACENAME": "Kaneohe", "CONTACT": null, "ZIPCODE": "96744", "CAPACITY": 0, "SCHOOL_COD": 0, "ELEMENTARY": 0, "MIDDLE": 0, "HIGH": 0, "SPACE": 0, "W_UPGRADE": 0, "EVAC_ZONE": 0, "TYPE": null, "PETS": null, "SP_NEEDS": "Y" }, "geometry": { "type": "Point", "coordinates": [ -157.84602845640606, 21.457451892790075 ] } }
]
}
