{
"type": "FeatureCollection",
"name": "Preschools",
"crs": { "type": "name", "properties": { "name": "urn:ogc:def:crs:OGC:1.3:CRS84" } },
"features": [
{ "type": "Feature", "properties": { "objectid": 1, "name": "Kamaaina Kids - King Street Infant/Toddler Program", "address": "1054 King St", "city": "Honolulu", "zip": 96814, "island_dis": "Oahu", "type": "Licensed Infant/Toddler Center", "source": "PATCH" }, "geometry": { "type": "Point", "coordinates": [ -157.847108763972813, 21.300928918649845 ] } },
{ "type": "Feature", "properties": { "objectid": 2, "name": "Kamaaina Kids Pearl City Infant Toddler Program", "address": "784 Kamehameha Hwy", "city": "Pearl City", "zip": 96782, "island_dis": "Oahu", "type": "Licensed Infant/Toddler Center", "source": "PATCH" }, "geometry": { "type": "Point", "coordinates": [ -157.966735499865308, 21.393063000790697 ] } },
{ "type": "Feature", "properties": { "objectid": 3, "name": "Waikiki Community Center Preschool - IT", "address": "310 Paoakalani Avenue", "city": "Honolulu", "zip": 96815, "island_dis": "Oahu", "type": "Licensed Infant/Toddler Center", "source": "PATCH" }, "geometry": { "type": "Point", "coordinates": [ -157.820080696713887, 21.275223704577215 ] } },
{ "type": "Feature", "properties": { "objectid": 4, "name": "Kamaaina Kids Cfs Ewa Infant Toddler Program", "address": "91-1841 Fort Weaver Road", "city": "Ewa Beach", "zip": 96706, "island_dis": "Oahu", "type": "Licensed Infant/Toddler Center", "source": "PATCH" }, "geometry": { "type": "Point", "coordinates": [ -158.028752534556332, 21.354376507823666 ] } },
{ "type": "Feature", "properties": { "objectid": 5, "name": "Kamaaina Kids Mililani Tech Park Infant Toddler", "address": "345 Kahelu Avenue", "city": "Mililani", "zip": 96789, "island_dis": "Oahu", "type": "Licensed Infant/Toddler Center", "source": "PATCH" }, "geometry": { "type": "Point", "coordinates": [ -158.016856500470197, 21.480525000233815 ] } },
{ "type": "Feature", "properties": { "objectid": 6, "name": "Honolulu Community College-keiki Hauoli Cdl Infant", "address": "874 Dillingham Blvd", "city": "Honolulu", "zip": 96817, "island_dis": "Oahu", "type": "Licensed Infant/Toddler Center", "source": "PATCH" }, "geometry": { "type": "Point", "coordinates": [ -157.869987833046622, 21.320249613808603 ] } },
{ "type": "Feature", "properties": { "objectid": 7, "name": "Kamaaina Kids Honolulu Toddler Program", "address": "930 Lunalilo Street", "city": "Honolulu", "zip": 96822, "island_dis": "Oahu", "type": "Licensed Infant/Toddler Center", "source": "PATCH" }, "geometry": { "type": "Point", "coordinates": [ -157.847273999736245, 21.305772001038289 ] } },
{ "type": "Feature", "properties": { "objectid": 8, "name": "Kamaaina Kids Piilani Infant Toddler Program", "address": "10 Manino Circle", "city": "Kihei", "zip": 96753, "island_dis": "Maui", "type": "Licensed Infant/Toddler Center", "source": "PATCH" }, "geometry": { "type": "Point", "coordinates": [ -156.447757298735326, 20.750858831270858 ] } },
{ "type": "Feature", "properties": { "objectid": 9, "name": "MEO Kahi Kamalii Infant Toddler Center", "address": "97 Mahalani Street", "city": "Wailuku", "zip": 96793, "island_dis": "Maui", "type": "Licensed Infant/Toddler Center", "source": "PATCH" }, "geometry": { "type": "Point", "coordinates": [ -156.487671013157524, 20.886748091917415 ] } },
{ "type": "Feature", "properties": { "objectid": 10, "name": "MFSS Early Head Start Center- Wailuku", "address": "1844 Wili Pa Loop", "city": "Wailuku", "zip": 96793, "island_dis": "Maui", "type": "Licensed Infant/Toddler Center", "source": "PATCH" }, "geometry": { "type": "Point", "coordinates": [ -156.500839802941158, 20.893670425968455 ] } },
{ "type": "Feature", "properties": { "objectid": 11, "name": "The Cole Academy Kaimuki IT Program", "address": "1041 10th Avenue", "city": "Honolulu", "zip": 96816, "island_dis": "Oahu", "type": "Licensed Infant/Toddler Center", "source": "PATCH" }, "geometry": { "type": "Point", "coordinates": [ -157.802242737009408, 21.281795655667096 ] } },
{ "type": "Feature", "properties": { "objectid": 12, "name": "Kamaaina Kids Alewa Heights Infant Toddler Program", "address": "1052 Ilima Drive", "city": "Honolulu", "zip": 96817, "island_dis": "Oahu", "type": "Licensed Infant/Toddler Center", "source": "PATCH" }, "geometry": { "type": "Point", "coordinates": [ -157.857205564902642, 21.333846162946003 ] } },
{ "type": "Feature", "properties": { "objectid": 13, "name": "Kamaaina Kids Aikahi Infant Toddler Program", "address": "38 Kaneohe Bay Drive", "city": "Kailua", "zip": 96734, "island_dis": "Oahu", "type": "Licensed Infant/Toddler Center", "source": "PATCH" }, "geometry": { "type": "Point", "coordinates": [ -157.749165000237667, 21.422106000346936 ] } },
{ "type": "Feature", "properties": { "objectid": 14, "name": "Stepping Stones Academy Infant And Toddler Program", "address": "860 Halekauwila St", "city": "Honolulu", "zip": 96813, "island_dis": "Oahu", "type": "Licensed Infant/Toddler Center", "source": "PATCH" }, "geometry": { "type": "Point", "coordinates": [ -157.856143499900099, 21.298275000253415 ] } },
{ "type": "Feature", "properties": { "objectid": 15, "name": "Rainbow School Honolulu Infant & Toddler", "address": "300 Ala Moana Blvd #1-108", "city": "Honolulu", "zip": 96813, "island_dis": "Oahu", "type": "Licensed Infant/Toddler Center", "source": "PATCH" }, "geometry": { "type": "Point", "coordinates": [ -157.862330999709599, 21.303666000737635 ] } },
{ "type": "Feature", "properties": { "objectid": 16, "name": "Kamaaina Kids Lahaina Infant Toddler Program", "address": "553 Wainee Street", "city": "Lahaina", "zip": 96761, "island_dis": "Maui", "type": "Licensed Infant/Toddler Center", "source": "PATCH" }, "geometry": { "type": "Point", "coordinates": [ -156.673577798701984, 20.870610298999832 ] } },
{ "type": "Feature", "properties": { "objectid": 17, "name": "FSSWH EHS Teen Parent Center At Kealakehe", "address": "74-5000 Puohulihuli Street; Room J-102", "city": "Kailua-kona", "zip": 96740, "island_dis": "West Hawaii", "type": "Licensed Infant/Toddler Center", "source": "PATCH" }, "geometry": { "type": "Point", "coordinates": [ -155.998296441905893, 19.670741691299764 ] } },
{ "type": "Feature", "properties": { "objectid": 18, "name": "Kamaaina Kids Kalaeloa Infant Toddler Program", "address": "1965 Bougainville Avenue", "city": "Kapolei", "zip": 96707, "island_dis": "Oahu", "type": "Licensed Infant/Toddler Center", "source": "PATCH" }, "geometry": { "type": "Point", "coordinates": [ -158.05851456629685, 21.32619464590185 ] } },
{ "type": "Feature", "properties": { "objectid": 19, "name": "Happy Keiki Infant & Toddler Program at University Avenue", "address": "1035 University Avenue", "city": "Honolulu", "zip": 96826, "island_dis": "Oahu", "type": "Licensed Infant/Toddler Center", "source": "PATCH" }, "geometry": { "type": "Point", "coordinates": [ -157.821437883260529, 21.292827298252629 ] } },
{ "type": "Feature", "properties": { "objectid": 20, "name": "Hawaii Community College Children's Center ITC", "address": "1175 Manono Street", "city": "Hilo", "zip": 96720, "island_dis": "East Hawaii", "type": "Licensed Infant/Toddler Center", "source": "PATCH" }, "geometry": { "type": "Point", "coordinates": [ -155.070030350793445, 19.705595264406774 ] } },
{ "type": "Feature", "properties": { "objectid": 21, "name": "Poppins Keiki Hawaii Infant And Toddler Program", "address": "2255 Kalakaua Avenue #434", "city": "Honolulu", "zip": 96815, "island_dis": "Oahu", "type": "Licensed Infant/Toddler Center", "source": "PATCH" }, "geometry": { "type": "Point", "coordinates": [ -157.83038999967826, 21.27743100107044 ] } },
{ "type": "Feature", "properties": { "objectid": 22, "name": "Pahala Preschool Toddler Program", "address": "96-1225 Huapala Street", "city": "Pahala", "zip": 96777, "island_dis": "West Hawaii", "type": "Licensed Infant/Toddler Center", "source": "PATCH" }, "geometry": { "type": "Point", "coordinates": [ -155.478696251726603, 19.199748533206829 ] } },
{ "type": "Feature", "properties": { "objectid": 23, "name": "Kamaaina Kids St. Marks Childrens Ctr Infant Toddl", "address": "539 Kapahulu Avenue", "city": "Honolulu", "zip": 96815, "island_dis": "Oahu", "type": "Licensed Infant/Toddler Center", "source": "PATCH" }, "geometry": { "type": "Point", "coordinates": [ -157.814134979704789, 21.27752801090984 ] } },
{ "type": "Feature", "properties": { "objectid": 24, "name": "The Cole Academy Kailua I/T Program", "address": "780 Keolu Drive", "city": "Kailua", "zip": 96734, "island_dis": "Oahu", "type": "Licensed Infant/Toddler Center", "source": "PATCH" }, "geometry": { "type": "Point", "coordinates": [ -157.731117673246928, 21.383758186912218 ] } },
{ "type": "Feature", "properties": { "objectid": 25, "name": "Jack&Helen Greenwell Family Dev Center", "address": "81-6493 Mamalahoa Highway", "city": "Kealakekua", "zip": 96750, "island_dis": "West Hawaii", "type": "Licensed Infant/Toddler Center", "source": "PATCH" }, "geometry": { "type": "Point", "coordinates": [ -155.920259492973656, 19.506325777503445 ] } },
{ "type": "Feature", "properties": { "objectid": 26, "name": "The Cole Academy - Kapolei Infant And Toddler Program", "address": "1033 Ala Kahawai St.", "city": "Kapolei", "zip": 96707, "island_dis": "Oahu", "type": "Licensed Infant/Toddler Center", "source": "PATCH" }, "geometry": { "type": "Point", "coordinates": [ -158.078807999750694, 21.333249000760389 ] } },
{ "type": "Feature", "properties": { "objectid": 27, "name": "Strode Montessori Mauka", "address": "36 Merchant Street", "city": "Honolulu", "zip": 96813, "island_dis": "Oahu", "type": "Licensed Infant/Toddler Center", "source": "PATCH" }, "geometry": { "type": "Point", "coordinates": [ -157.863388348704035, 21.309858523889162 ] } },
{ "type": "Feature", "properties": { "objectid": 28, "name": "Kamaaina Kids Holy Trinity Infant Toddler Program", "address": "5919 Kalanianaole Hwy.", "city": "Honolulu", "zip": 96821, "island_dis": "Oahu", "type": "Licensed Infant/Toddler Center", "source": "PATCH" }, "geometry": { "type": "Point", "coordinates": [ -157.728910500052933, 21.282750000306692 ] } },
{ "type": "Feature", "properties": { "objectid": 29, "name": "MFSS Early Head Start Center- Lahaina", "address": "15 Ipu Aumakua Lane", "city": "Lahaina", "zip": 96761, "island_dis": "Maui", "type": "Licensed Infant/Toddler Center", "source": "PATCH" }, "geometry": { "type": "Point", "coordinates": [ -156.669883785301636, 20.869256054310608 ] } },
{ "type": "Feature", "properties": { "objectid": 30, "name": "Kamaaina Kids St. Timothy's Academy Infant Toddler", "address": "98-939 Moanalua Road.", "city": "Aiea", "zip": 96701, "island_dis": "Oahu", "type": "Licensed Infant/Toddler Center", "source": "PATCH" }, "geometry": { "type": "Point", "coordinates": [ -157.945193714995725, 21.387698366563406 ] } },
{ "type": "Feature", "properties": { "objectid": 31, "name": "Aloha Kai Academy I/T", "address": "954 Baldwin Avenue", "city": "Paia", "zip": 96779, "island_dis": "Maui", "type": "Licensed Infant/Toddler Center", "source": "PATCH" }, "geometry": { "type": "Point", "coordinates": [ -156.363359192419182, 20.899412532570704 ] } },
{ "type": "Feature", "properties": { "objectid": 32, "name": "The Cole Academy - Mililani Infant  And Toddler Program", "address": "94-359 Makohilani Street", "city": "Mililani", "zip": 96789, "island_dis": "Oahu", "type": "Licensed Infant/Toddler Center", "source": "PATCH" }, "geometry": { "type": "Point", "coordinates": [ -158.018899499708709, 21.433284000433872 ] } },
{ "type": "Feature", "properties": { "objectid": 33, "name": "Kamaaina Kids Maili Infant Toddler Program", "address": "87-227 St Johns Road", "city": "Waianae", "zip": 96792, "island_dis": "Oahu", "type": "Licensed Infant/Toddler Center", "source": "PATCH" }, "geometry": { "type": "Point", "coordinates": [ -158.172661739850895, 21.416797763730091 ] } },
{ "type": "Feature", "properties": { "objectid": 34, "name": "Kamaaina Kids Kaneohe Toddler Program", "address": "45-520 Keaahala Rd", "city": "Kaneohe", "zip": 96744, "island_dis": "Oahu", "type": "Licensed Infant/Toddler Center", "source": "PATCH" }, "geometry": { "type": "Point", "coordinates": [ -157.802177308824952, 21.413710978423012 ] } },
{ "type": "Feature", "properties": { "objectid": 35, "name": "Kamaaina Kids Enchanted Lake Toddler Program", "address": "1425 Keolu Drive", "city": "Kailua", "zip": 96734, "island_dis": "Oahu", "type": "Licensed Infant/Toddler Center", "source": "PATCH" }, "geometry": { "type": "Point", "coordinates": [ -157.734934838758704, 21.37121456591035 ] } },
{ "type": "Feature", "properties": { "objectid": 36, "name": "MFSS - Hale Hiipoi Infant Toddler Center", "address": "4111 Hana Hwy H-101", "city": "Hana", "zip": 96713, "island_dis": "Maui", "type": "Licensed Infant/Toddler Center", "source": "PATCH" }, "geometry": { "type": "Point", "coordinates": [ -156.000465115898976, 20.775584295988548 ] } },
{ "type": "Feature", "properties": { "objectid": 37, "name": "Happy Keiki Preschool IT Center Hawaii Kai", "address": "6650 Hawaii Kai Drive", "city": "Honolulu", "zip": 96825, "island_dis": "Oahu", "type": "Licensed Infant/Toddler Center", "source": "PATCH" }, "geometry": { "type": "Point", "coordinates": [ -157.709886469366893, 21.293811680334873 ] } },
{ "type": "Feature", "properties": { "objectid": 38, "name": "Kamaaina Kids Judd Street IT", "address": "45 Judd Street", "city": "Honolulu", "zip": 96817, "island_dis": "Oahu", "type": "Licensed Infant/Toddler Center", "source": "PATCH" }, "geometry": { "type": "Point", "coordinates": [ -157.850721290009943, 21.323160506593325 ] } },
{ "type": "Feature", "properties": { "objectid": 39, "name": "Children With Aloha Academy IT Program", "address": "550 Halekauwila Street", "city": "Honolulu", "zip": 96817, "island_dis": "Oahu", "type": "Licensed Infant/Toddler Center", "source": "PATCH" }, "geometry": { "type": "Point", "coordinates": [ -157.860480800341008, 21.302703522358467 ] } },
{ "type": "Feature", "properties": { "objectid": 40, "name": "The Cole Academy Queen's Court", "address": "800 Bethel Street, Ste. 100", "city": "Honolulu", "zip": 96813, "island_dis": "Oahu", "type": "Licensed Infant/Toddler Center", "source": "PATCH" }, "geometry": { "type": "Point", "coordinates": [ -157.863896999750892, 21.309813000950673 ] } },
{ "type": "Feature", "properties": { "objectid": 41, "name": "Stepping Stones Academy Infant And Toddler Center Waipahu", "address": "94-905 Waipahu Street #200", "city": "Waipahu", "zip": 96797, "island_dis": "Oahu", "type": "Licensed Infant/Toddler Center", "source": "PATCH" }, "geometry": { "type": "Point", "coordinates": [ -158.006025000441213, 21.38625900060407 ] } },
{ "type": "Feature", "properties": { "objectid": 42, "name": "The Cole Academy-Mauna Lani", "address": "68-148 Hoohana Street", "city": "Kamuela", "zip": 96743, "island_dis": "West Hawaii", "type": "Licensed Infant/Toddler Center", "source": "PATCH" }, "geometry": { "type": "Point", "coordinates": [ -155.850154043465182, 19.945289329565153 ] } },
{ "type": "Feature", "properties": { "objectid": 43, "name": "Ke Kula Kamalii `O Hanaiaulu", "address": "45-720 Keaahala Road #107", "city": "Kaneohe", "zip": 96744, "island_dis": "Oahu", "type": "Licensed Infant/Toddler Center", "source": "PATCH" }, "geometry": { "type": "Point", "coordinates": [ -157.813456500118178, 21.409308000741937 ] } },
{ "type": "Feature", "properties": { "objectid": 44, "name": "Kinder Kids International Hawaii Kai Infant Toddler", "address": "6660 Hawaii Kai Drive", "city": "Honolulu", "zip": 96825, "island_dis": "Oahu", "type": "Licensed Infant/Toddler Center", "source": "PATCH" }, "geometry": { "type": "Point", "coordinates": [ -157.708999084632154, 21.29384034168061 ] } },
{ "type": "Feature", "properties": { "objectid": 45, "name": "First Steps - Unity School", "address": "3608 Diamond Head Circle", "city": "Honolulu", "zip": 96815, "island_dis": "Oahu", "type": "Licensed Infant/Toddler Center", "source": "PATCH" }, "geometry": { "type": "Point", "coordinates": [ -157.812805059435789, 21.268690941438752 ] } },
{ "type": "Feature", "properties": { "objectid": 46, "name": "Stepping Stones Academy Infant And Toddler Center", "address": "98-761 Oihana Place", "city": "Aiea", "zip": 96701, "island_dis": "Oahu", "type": "Licensed Infant/Toddler Center", "source": "PATCH" }, "geometry": { "type": "Point", "coordinates": [ -157.952812147863767, 21.391828525965977 ] } },
{ "type": "Feature", "properties": { "objectid": 47, "name": "St Philomena Early Learning Center - Infant/Toddler Program", "address": "3300 Ala Laulani Street", "city": "Honolulu", "zip": 96818, "island_dis": "Oahu", "type": "Licensed Infant/Toddler Center", "source": "PATCH" }, "geometry": { "type": "Point", "coordinates": [ -157.914295959519734, 21.346572974457082 ] } },
{ "type": "Feature", "properties": { "objectid": 48, "name": "Keiki O Ka Aina Family Learning Center Infant Toddler", "address": "87-790 Kulauku Street", "city": "Waianae", "zip": 96792, "island_dis": "Oahu", "type": "Licensed Infant/Toddler Center", "source": "PATCH" }, "geometry": { "type": "Point", "coordinates": [ -158.171755012999114, 21.409419985749217 ] } },
{ "type": "Feature", "properties": { "objectid": 49, "name": "A Caring Place Infant And Toddler Program", "address": "260 North Kainalu Drive", "city": "Kailua", "zip": 96734, "island_dis": "Oahu", "type": "Licensed Infant/Toddler Center", "source": "PATCH" }, "geometry": { "type": "Point", "coordinates": [ -157.742734606676038, 21.403062460736294 ] } },
{ "type": "Feature", "properties": { "objectid": 50, "name": "The Early Education Center Toddler Program", "address": "1130 Alapai Street", "city": "Honolulu", "zip": 96813, "island_dis": "Oahu", "type": "Licensed Infant/Toddler Center", "source": "PATCH" }, "geometry": { "type": "Point", "coordinates": [ -157.853673817520672, 21.304160932558926 ] } },
{ "type": "Feature", "properties": { "objectid": 51, "name": "PACT Early Head Start Easter Seals ITC", "address": "41 Kaiulani Street", "city": "Hilo", "zip": 96720, "island_dis": "East Hawaii", "type": "Licensed Infant/Toddler Center", "source": "PATCH" }, "geometry": { "type": "Point", "coordinates": [ -155.092327781631781, 19.724192746578691 ] } },
{ "type": "Feature", "properties": { "objectid": 52, "name": "PACT Early Head Start Hawaiian Beaches ITC", "address": "15-360 N. Puni Makai Loop", "city": "Pahoa", "zip": 96778, "island_dis": "East Hawaii", "type": "Licensed Infant/Toddler Center", "source": "PATCH" }, "geometry": { "type": "Point", "coordinates": [ -154.902471528529333, 19.548166371494602 ] } },
{ "type": "Feature", "properties": { "objectid": 53, "name": "MFSS Early Head Start - Waiale", "address": "67 Waiale Road", "city": "Wailuku", "zip": 96793, "island_dis": "Maui", "type": "Licensed Infant/Toddler Center", "source": "PATCH" }, "geometry": { "type": "Point", "coordinates": [ -156.4978087921304, 20.887654987627226 ] } },
{ "type": "Feature", "properties": { "objectid": 54, "name": "PACT Early Head Start At Leeward Health Center", "address": "860 Fourth Street #110", "city": "Pearl City", "zip": 96782, "island_dis": "Oahu", "type": "Licensed Infant/Toddler Center", "source": "PATCH" }, "geometry": { "type": "Point", "coordinates": [ -157.969165500339699, 21.393000000482708 ] } },
{ "type": "Feature", "properties": { "objectid": 55, "name": "PACT Early Head Start Ka Pua", "address": "87-790 Kulauku St", "city": "Waianae", "zip": 96792, "island_dis": "Oahu", "type": "Licensed Infant/Toddler Center", "source": "PATCH" }, "geometry": { "type": "Point", "coordinates": [ -158.171755012999114, 21.409419985749217 ] } },
{ "type": "Feature", "properties": { "objectid": 56, "name": "PACT Kahauiki Village Early Head Start", "address": "2625 North Nimitz Hwy", "city": "Honolulu", "zip": 96819, "island_dis": "Oahu", "type": "Licensed Infant/Toddler Center", "source": "PATCH" }, "geometry": { "type": "Point", "coordinates": [ -157.891439637916221, 21.332885382787865 ] } },
{ "type": "Feature", "properties": { "objectid": 57, "name": "PACT Early Head Start Job Corps Infant/Toddler Program", "address": "41-467 Hihimanu Street", "city": "Waimanalo", "zip": 96795, "island_dis": "Oahu", "type": "Licensed Infant/Toddler Center", "source": "PATCH" }, "geometry": { "type": "Point", "coordinates": [ -157.718445912967951, 21.34230499272191 ] } },
{ "type": "Feature", "properties": { "objectid": 58, "name": "PACT Early Head Start KPT Portables", "address": "1485 Linapuni Street", "city": "Honolulu", "zip": 96819, "island_dis": "Oahu", "type": "Licensed Infant/Toddler Center", "source": "PATCH" }, "geometry": { "type": "Point", "coordinates": [ -157.876637186746677, 21.338136965815284 ] } },
{ "type": "Feature", "properties": { "objectid": 59, "name": "PACT - Early Head Start At Waialua High School", "address": "67-160 Farrington Hwy, Room V-101", "city": "Waialua", "zip": 96791, "island_dis": "Oahu", "type": "Licensed Infant/Toddler Center", "source": "PATCH" }, "geometry": { "type": "Point", "coordinates": [ -158.125635000038159, 21.565611000486843 ] } },
{ "type": "Feature", "properties": { "objectid": 60, "name": "The Early School Young Childrens Program", "address": "2510 Bingham Street", "city": "Honolulu", "zip": 96826, "island_dis": "Oahu", "type": "Licensed Infant/Toddler Center", "source": "PATCH" }, "geometry": { "type": "Point", "coordinates": [ -157.822579447168152, 21.294456233512587 ] } },
{ "type": "Feature", "properties": { "objectid": 61, "name": "The Growing Patch 24-Hour Children's Academy I/T CCC", "address": "99-080 Kauhale St, #D14-15", "city": "Aiea", "zip": 96701, "island_dis": "Oahu", "type": "Licensed Infant/Toddler Center", "source": "PATCH" }, "geometry": { "type": "Point", "coordinates": [ -157.931679685903021, 21.379093373931227 ] } },
{ "type": "Feature", "properties": { "objectid": 62, "name": "Hawaii Montessori Schools; Kona Campus I/T Program", "address": "74-978 Manawalea Street", "city": "Kailua-kona", "zip": 96740, "island_dis": "West Hawaii", "type": "Licensed Infant/Toddler Center", "source": "PATCH" }, "geometry": { "type": "Point", "coordinates": [ -155.987569084437069, 19.674510424450045 ] } },
{ "type": "Feature", "properties": { "objectid": 63, "name": "Cornerstone Early Education Center I/T", "address": "95-1080 Ukuwai St", "city": "Mililani", "zip": 96789, "island_dis": "Oahu", "type": "Licensed Infant/Toddler Center", "source": "PATCH" }, "geometry": { "type": "Point", "coordinates": [ -158.004275359816006, 21.469356364288831 ] } },
{ "type": "Feature", "properties": { "objectid": 64, "name": "PACT Waimanalo Early Head Start", "address": "41-038 Wailea Street", "city": "Waimanalo", "zip": 96795, "island_dis": "Oahu", "type": "Licensed Infant/Toddler Center", "source": "PATCH" }, "geometry": { "type": "Point", "coordinates": [ -157.697266306670883, 21.333211964984557 ] } },
{ "type": "Feature", "properties": { "objectid": 65, "name": "Wesley Childrens Programs Infant Toddler Program", "address": "1350 Hunakai Street", "city": "Honolulu", "zip": 96816, "island_dis": "Oahu", "type": "Licensed Infant/Toddler Center", "source": "PATCH" }, "geometry": { "type": "Point", "coordinates": [ -157.787244354920603, 21.280640836009137 ] } },
{ "type": "Feature", "properties": { "objectid": 66, "name": "Piaget School of Maui", "address": "1931 East Vineyard Street", "city": "Wailuku", "zip": 96793, "island_dis": "Maui", "type": "Licensed Infant/Toddler Center", "source": "PATCH" }, "geometry": { "type": "Point", "coordinates": [ -156.501059600605657, 20.8901078615872 ] } },
{ "type": "Feature", "properties": { "objectid": 67, "name": "Montessori School Of Maui Infant Toddler Program", "address": "2933 Baldwin Avenue", "city": "Makawao", "zip": 96768, "island_dis": "Maui", "type": "Licensed Infant/Toddler Center", "source": "PATCH" }, "geometry": { "type": "Point", "coordinates": [ -156.32139356092506, 20.8684649935491 ] } },
{ "type": "Feature", "properties": { "objectid": 68, "name": "Keiki O Ka Aina Infant Toddler Center-Kailua", "address": "647 Ulukahiki Street", "city": "Kailua", "zip": 96734, "island_dis": "Oahu", "type": "Licensed Infant/Toddler Center", "source": "PATCH" }, "geometry": { "type": "Point", "coordinates": [ -157.757359443336895, 21.381646448718332 ] } },
{ "type": "Feature", "properties": { "objectid": 69, "name": "Inspireme Preschool", "address": "94877 Lumiana Street", "city": "Waipahu", "zip": 96797, "island_dis": "Oahu", "type": "Licensed Group Child Care (Preschools)", "source": "PATCH" }, "geometry": { "type": "Point", "coordinates": [ -158.002903337812199, 21.400562099991539 ] } },
{ "type": "Feature", "properties": { "objectid": 70, "name": "Hoohua Early Learning Organization", "address": "87-169 Helelua St", "city": "Waianae", "zip": 96792, "island_dis": "Oahu", "type": "Licensed Group Child Care (Preschools)", "source": "PATCH" }, "geometry": { "type": "Point", "coordinates": [ -158.146729758704481, 21.38609731383637 ] } },
{ "type": "Feature", "properties": { "objectid": 71, "name": "HCAP Head Start Waianae Elementary", "address": "58-220 Mcarthur St Rm A-20", "city": "Waianae", "zip": 96792, "island_dis": "Oahu", "type": "Licensed Group Child Care (Preschools)", "source": "PATCH" }, "geometry": { "type": "Point", "coordinates": [ -158.184177882608708, 21.444713562912838 ] } },
{ "type": "Feature", "properties": { "objectid": 72, "name": "Akamai Kids Club, Inc.", "address": "100 Kulanihakoi Street", "city": "Kihei", "zip": 96753, "island_dis": "Maui", "type": "Licensed Group Child Care (Preschools)", "source": "PATCH" }, "geometry": { "type": "Point", "coordinates": [ -156.454596497728801, 20.761779788035078 ] } },
{ "type": "Feature", "properties": { "objectid": 73, "name": "HCAP Head Start Kahuku Elementary", "address": "56-170 Pualalea St", "city": "Kahuku", "zip": 96731, "island_dis": "Oahu", "type": "Licensed Group Child Care (Preschools)", "source": "PATCH" }, "geometry": { "type": "Point", "coordinates": [ -157.951737698655023, 21.674508717248603 ] } },
{ "type": "Feature", "properties": { "objectid": 74, "name": "Ae Kamalii Preschool", "address": "2943 Kress Street", "city": "Lihue", "zip": 96766, "island_dis": "Kauai", "type": "Licensed Group Child Care (Preschools)", "source": "PATCH" }, "geometry": { "type": "Point", "coordinates": [ -159.366093666329533, 21.9716690257126 ] } },
{ "type": "Feature", "properties": { "objectid": 75, "name": "Kamehameha Schools Preschool - Anahola", "address": "4109 Kealia Road", "city": "Anahola", "zip": 96703, "island_dis": "Kauai", "type": "Licensed Group Child Care (Preschools)", "source": "PATCH" }, "geometry": { "type": "Point", "coordinates": [ -159.312063315803528, 22.140544337472427 ] } },
{ "type": "Feature", "properties": { "objectid": 76, "name": "Christian Liberty Preschool", "address": "16-675 Milo Street", "city": "Keaau", "zip": 96749, "island_dis": "East Hawaii", "type": "Licensed Group Child Care (Preschools)", "source": "PATCH" }, "geometry": { "type": "Point", "coordinates": [ -155.029710046613587, 19.628301345972616 ] } },
{ "type": "Feature", "properties": { "objectid": 77, "name": "E Maka'ala Preschool Program", "address": "440 W. Lanikaula St.", "city": "Hilo", "zip": 96720, "island_dis": "East Hawaii", "type": "Licensed Group Child Care (Preschools)", "source": "PATCH" }, "geometry": { "type": "Point", "coordinates": [ -155.08152590732692, 19.703386243634576 ] } },
{ "type": "Feature", "properties": { "objectid": 78, "name": "Haili Christian Preschool", "address": "190 Ululani Street", "city": "Hilo", "zip": 96720, "island_dis": "East Hawaii", "type": "Licensed Group Child Care (Preschools)", "source": "PATCH" }, "geometry": { "type": "Point", "coordinates": [ -155.088516384962247, 19.722166518650955 ] } },
{ "type": "Feature", "properties": { "objectid": 79, "name": "Hale Aloha Nazarene School", "address": "595 Kupulau Road", "city": "Hilo", "zip": 96720, "island_dis": "East Hawaii", "type": "Licensed Group Child Care (Preschools)", "source": "PATCH" }, "geometry": { "type": "Point", "coordinates": [ -155.106051881656782, 19.676243323562801 ] } },
{ "type": "Feature", "properties": { "objectid": 80, "name": "Hawaii Community College Children's Center", "address": "1175 Manono Street", "city": "Hilo", "zip": 96720, "island_dis": "East Hawaii", "type": "Licensed Group Child Care (Preschools)", "source": "PATCH" }, "geometry": { "type": "Point", "coordinates": [ -155.070030350793445, 19.705595264406774 ] } },
{ "type": "Feature", "properties": { "objectid": 81, "name": "Kailua Methodist Preschool", "address": "1110 Kailua Road", "city": "Kailua", "zip": 96734, "island_dis": "Oahu", "type": "Licensed Group Child Care (Preschools)", "source": "PATCH" }, "geometry": { "type": "Point", "coordinates": [ -157.7511722021423, 21.386378261452709 ] } },
{ "type": "Feature", "properties": { "objectid": 82, "name": "Kula Kamali'io Hi'ikeakaikamalama", "address": "1500 Kalanianaole Avenue", "city": "Hilo", "zip": 96720, "island_dis": "East Hawaii", "type": "Licensed Group Child Care (Preschools)", "source": "PATCH" }, "geometry": { "type": "Point", "coordinates": [ -155.035886005249779, 19.734842880464019 ] } },
{ "type": "Feature", "properties": { "objectid": 83, "name": "Christ The King Child Development Center", "address": "211 Kaulawahine Street", "city": "Kahului", "zip": 96732, "island_dis": "Maui", "type": "Licensed Group Child Care (Preschools)", "source": "PATCH" }, "geometry": { "type": "Point", "coordinates": [ -156.46648379154567, 20.884968748545425 ] } },
{ "type": "Feature", "properties": { "objectid": 84, "name": "Waolani-Judd Nazarene School", "address": "408 North Judd Street", "city": "Honolulu", "zip": 96817, "island_dis": "Oahu", "type": "Licensed Group Child Care (Preschools)", "source": "PATCH" }, "geometry": { "type": "Point", "coordinates": [ -157.852437916373106, 21.325143833707312 ] } },
{ "type": "Feature", "properties": { "objectid": 85, "name": "Iao Preschool", "address": "2371 West Vineyard Street", "city": "Wailuku", "zip": 96793, "island_dis": "Maui", "type": "Licensed Group Child Care (Preschools)", "source": "PATCH" }, "geometry": { "type": "Point", "coordinates": [ -156.507489613797588, 20.887126431393195 ] } },
{ "type": "Feature", "properties": { "objectid": 86, "name": "Alphabetland Preschool - Waipahu", "address": "94-069 Waipahu Street", "city": "Waipahu", "zip": 96797, "island_dis": "Oahu", "type": "Licensed Group Child Care (Preschools)", "source": "PATCH" }, "geometry": { "type": "Point", "coordinates": [ -158.026239101423897, 21.380393067954426 ] } },
{ "type": "Feature", "properties": { "objectid": 87, "name": "Good Shepherd Preschool", "address": "638 North Kuakini Street", "city": "Honolulu", "zip": 96817, "island_dis": "Oahu", "type": "Licensed Group Child Care (Preschools)", "source": "PATCH" }, "geometry": { "type": "Point", "coordinates": [ -157.858496688425731, 21.325171797298811 ] } },
{ "type": "Feature", "properties": { "objectid": 88, "name": "Central Union Church Preschool & Kindergarten", "address": "1660 S. Beretania Street", "city": "Honolulu", "zip": 96826, "island_dis": "Oahu", "type": "Licensed Group Child Care (Preschools)", "source": "PATCH" }, "geometry": { "type": "Point", "coordinates": [ -157.833970990949894, 21.29822069057095 ] } },
{ "type": "Feature", "properties": { "objectid": 89, "name": "Pahala Preschool", "address": "96-1225 Huapala Street", "city": "Pahala", "zip": 96777, "island_dis": "West Hawaii", "type": "Licensed Group Child Care (Preschools)", "source": "PATCH" }, "geometry": { "type": "Point", "coordinates": [ -155.478696251726603, 19.199748533206829 ] } },
{ "type": "Feature", "properties": { "objectid": 90, "name": "Excel Church Preschool", "address": "95- 801 Kipapa Drive", "city": "Mililani", "zip": 96789, "island_dis": "Oahu", "type": "Licensed Group Child Care (Preschools)", "source": "PATCH" }, "geometry": { "type": "Point", "coordinates": [ -158.006163657947496, 21.464822422386341 ] } },
{ "type": "Feature", "properties": { "objectid": 91, "name": "Moiliili Hongwanji Preschool", "address": "902 University Avenue", "city": "Honolulu", "zip": 96826, "island_dis": "Oahu", "type": "Licensed Group Child Care (Preschools)", "source": "PATCH" }, "geometry": { "type": "Point", "coordinates": [ -157.823090999626146, 21.291255000588382 ] } },
{ "type": "Feature", "properties": { "objectid": 92, "name": "Honolulu Christian Preschool", "address": "2207 Oahu Avenue", "city": "Honolulu", "zip": 96822, "island_dis": "Oahu", "type": "Licensed Group Child Care (Preschools)", "source": "PATCH" }, "geometry": { "type": "Point", "coordinates": [ -157.820282999867999, 21.303108000527626 ] } },
{ "type": "Feature", "properties": { "objectid": 93, "name": "Pali View Baptist Preschool", "address": "45-510 Halekou Road", "city": "Kaneohe", "zip": 96744, "island_dis": "Oahu", "type": "Licensed Group Child Care (Preschools)", "source": "PATCH" }, "geometry": { "type": "Point", "coordinates": [ -157.795147394319685, 21.388894085509133 ] } },
{ "type": "Feature", "properties": { "objectid": 94, "name": "Rosary Preschool", "address": "94-1249 Lumikula Street", "city": "Waipahu", "zip": 96797, "island_dis": "Oahu", "type": "Licensed Group Child Care (Preschools)", "source": "PATCH" }, "geometry": { "type": "Point", "coordinates": [ -157.993485383940566, 21.410092112337029 ] } },
{ "type": "Feature", "properties": { "objectid": 95, "name": "Rainbow School - Wahiawa", "address": "108 California Avenue", "city": "Wahiawa", "zip": 96786, "island_dis": "Oahu", "type": "Licensed Group Child Care (Preschools)", "source": "PATCH" }, "geometry": { "type": "Point", "coordinates": [ -158.038033500111396, 21.493170000743206 ] } },
{ "type": "Feature", "properties": { "objectid": 96, "name": "Rainbow School - Mililani, A Licensed Demonstration Project", "address": "95-1361 Meheula Parkway", "city": "Mililani", "zip": 96789, "island_dis": "Oahu", "type": "Licensed Group Child Care (Preschools)", "source": "PATCH" }, "geometry": { "type": "Point", "coordinates": [ -158.007526484942559, 21.455918288719378 ] } },
{ "type": "Feature", "properties": { "objectid": 97, "name": "Kamaaina Kids Calvary Preschool", "address": "45-435 Aumoku Street", "city": "Kaneohe", "zip": 96744, "island_dis": "Oahu", "type": "Licensed Group Child Care (Preschools)", "source": "PATCH" }, "geometry": { "type": "Point", "coordinates": [ -157.797103500371946, 21.403008000871914 ] } },
{ "type": "Feature", "properties": { "objectid": 98, "name": "Honolulu Waldorf School Preschool", "address": "350 Ulua Street", "city": "Honolulu", "zip": 96821, "island_dis": "Oahu", "type": "Licensed Group Child Care (Preschools)", "source": "PATCH" }, "geometry": { "type": "Point", "coordinates": [ -157.734454383818644, 21.285794883651473 ] } },
{ "type": "Feature", "properties": { "objectid": 99, "name": "Bright Beginning Learning Center", "address": "54-109 Kawaipuna Street", "city": "Hauula", "zip": 96717, "island_dis": "Oahu", "type": "Licensed Group Child Care (Preschools)", "source": "PATCH" }, "geometry": { "type": "Point", "coordinates": [ -157.915361796988208, 21.618194719450472 ] } },
{ "type": "Feature", "properties": { "objectid": 100, "name": "Kamehameha Preschool Paukukalo", "address": "661 Kaumualii Street", "city": "Wailuku", "zip": 96793, "island_dis": "Maui", "type": "Licensed Group Child Care (Preschools)", "source": "PATCH" }, "geometry": { "type": "Point", "coordinates": [ -156.492662345936992, 20.909164594735188 ] } },
{ "type": "Feature", "properties": { "objectid": 101, "name": "Kamehameha Hana Preschool", "address": "5060 Uakea Road", "city": "Hana", "zip": 96713, "island_dis": "Maui", "type": "Licensed Group Child Care (Preschools)", "source": "PATCH" }, "geometry": { "type": "Point", "coordinates": [ -155.984444873338589, 20.75397243130789 ] } },
{ "type": "Feature", "properties": { "objectid": 102, "name": "Makawao Hongwanji Preschool", "address": "223 Hiwalani Loop", "city": "Pukalani", "zip": 96768, "island_dis": "Maui", "type": "Licensed Group Child Care (Preschools)", "source": "PATCH" }, "geometry": { "type": "Point", "coordinates": [ -156.34541619507479, 20.841687618780433 ] } },
{ "type": "Feature", "properties": { "objectid": 103, "name": "Montessori School Of Maui", "address": "2933 Baldwin Avenue", "city": "Makawao", "zip": 96768, "island_dis": "Maui", "type": "Licensed Group Child Care (Preschools)", "source": "PATCH" }, "geometry": { "type": "Point", "coordinates": [ -156.32139356092506, 20.8684649935491 ] } },
{ "type": "Feature", "properties": { "objectid": 104, "name": "St. Joseph Early Learning Center", "address": "1294 Makawao Avenue", "city": "Makawao", "zip": 96768, "island_dis": "Maui", "type": "Licensed Group Child Care (Preschools)", "source": "PATCH" }, "geometry": { "type": "Point", "coordinates": [ -156.308357423395876, 20.856614356290081 ] } },
{ "type": "Feature", "properties": { "objectid": 105, "name": "Keiki Aloha Preschool", "address": "98-027 Hekaha Street, Unit 47", "city": "Aiea", "zip": 96701, "island_dis": "Oahu", "type": "Licensed Group Child Care (Preschools)", "source": "PATCH" }, "geometry": { "type": "Point", "coordinates": [ -157.951433905313735, 21.384763508582978 ] } },
{ "type": "Feature", "properties": { "objectid": 106, "name": "Pali Preschool", "address": "467 North Judd Street", "city": "Honolulu", "zip": 96817, "island_dis": "Oahu", "type": "Licensed Group Child Care (Preschools)", "source": "PATCH" }, "geometry": { "type": "Point", "coordinates": [ -157.853763000273688, 21.325572000904891 ] } },
{ "type": "Feature", "properties": { "objectid": 107, "name": "St Philomena Early Learning Center - Preschool Program", "address": "3300 Ala Laulani St", "city": "Honolulu", "zip": 96818, "island_dis": "Oahu", "type": "Licensed Group Child Care (Preschools)", "source": "PATCH" }, "geometry": { "type": "Point", "coordinates": [ -157.914295959519734, 21.346572974457082 ] } },
{ "type": "Feature", "properties": { "objectid": 108, "name": "Ke Kula Kamali'i Pu'uwai La'a", "address": "239 Dickenson Street", "city": "Lahaina", "zip": 96761, "island_dis": "Maui", "type": "Licensed Group Child Care (Preschools)", "source": "PATCH" }, "geometry": { "type": "Point", "coordinates": [ -156.675988435397045, 20.875300509281178 ] } },
{ "type": "Feature", "properties": { "objectid": 109, "name": "Wailuku Hongwanji Preschool", "address": "144 Kaniela Street", "city": "Wailuku", "zip": 96793, "island_dis": "Maui", "type": "Licensed Group Child Care (Preschools)", "source": "PATCH" }, "geometry": { "type": "Point", "coordinates": [ -156.499535295076186, 20.891808964333901 ] } },
{ "type": "Feature", "properties": { "objectid": 110, "name": "Children Of The Rainbow Preschool", "address": "142 Baker Street", "city": "Lahaina", "zip": 96761, "island_dis": "Maui", "type": "Licensed Group Child Care (Preschools)", "source": "PATCH" }, "geometry": { "type": "Point", "coordinates": [ -156.6820382674494, 20.879507425355179 ] } },
{ "type": "Feature", "properties": { "objectid": 111, "name": "E Malama I Na Keiki O Lanai Preschool", "address": "751 Fraser Avenue", "city": "Lanai City", "zip": 96763, "island_dis": "Lanai", "type": "Licensed Group Child Care (Preschools)", "source": "PATCH" }, "geometry": { "type": "Point", "coordinates": [ -156.921074590325901, 20.824631236486002 ] } },
{ "type": "Feature", "properties": { "objectid": 112, "name": "The Cole Academy Kailua", "address": "780 Keolu Drive", "city": "Kailua", "zip": 96734, "island_dis": "Oahu", "type": "Licensed Group Child Care (Preschools)", "source": "PATCH" }, "geometry": { "type": "Point", "coordinates": [ -157.731117673246928, 21.383758186912218 ] } },
{ "type": "Feature", "properties": { "objectid": 113, "name": "First Baptist Preschool Of Haleiwa", "address": "66-415 Haleiwa Road", "city": "Haleiwa", "zip": 96712, "island_dis": "Oahu", "type": "Licensed Group Child Care (Preschools)", "source": "PATCH" }, "geometry": { "type": "Point", "coordinates": [ -158.11251299961242, 21.587076000777206 ] } },
{ "type": "Feature", "properties": { "objectid": 114, "name": "Kamaaina Kids Pearl City", "address": "784 Kamehameha Hwy", "city": "Pearl City", "zip": 96782, "island_dis": "Oahu", "type": "Licensed Group Child Care (Preschools)", "source": "PATCH" }, "geometry": { "type": "Point", "coordinates": [ -157.966735499865308, 21.393063000790697 ] } },
{ "type": "Feature", "properties": { "objectid": 115, "name": "Hanahauoli Pre Kindergarten", "address": "1922 Makiki Street", "city": "Honolulu", "zip": 96822, "island_dis": "Oahu", "type": "Licensed Group Child Care (Preschools)", "source": "PATCH" }, "geometry": { "type": "Point", "coordinates": [ -157.831631474183553, 21.307076474746193 ] } },
{ "type": "Feature", "properties": { "objectid": 116, "name": "Hanalani Schools Early Childhood", "address": "94-294 Anania Drive", "city": "Mililani", "zip": 96789, "island_dis": "Oahu", "type": "Licensed Group Child Care (Preschools)", "source": "PATCH" }, "geometry": { "type": "Point", "coordinates": [ -158.009682807066866, 21.440789999992969 ] } },
{ "type": "Feature", "properties": { "objectid": 117, "name": "Saint Michael School", "address": "67-340 Haona Street", "city": "Waialua", "zip": 96791, "island_dis": "Oahu", "type": "Licensed Group Child Care (Preschools)", "source": "PATCH" }, "geometry": { "type": "Point", "coordinates": [ -158.121890726665555, 21.568609422349315 ] } },
{ "type": "Feature", "properties": { "objectid": 118, "name": "Kalihi Union Church Preschool", "address": "2214 North King Street", "city": "Honolulu", "zip": 96819, "island_dis": "Oahu", "type": "Licensed Group Child Care (Preschools)", "source": "PATCH" }, "geometry": { "type": "Point", "coordinates": [ -157.880169000025205, 21.335652000277502 ] } },
{ "type": "Feature", "properties": { "objectid": 119, "name": "Manoa Valley Church Preschool", "address": "2728 Huapala Street", "city": "Honolulu", "zip": 96822, "island_dis": "Oahu", "type": "Licensed Group Child Care (Preschools)", "source": "PATCH" }, "geometry": { "type": "Point", "coordinates": [ -157.810320000365039, 21.310704001062511 ] } },
{ "type": "Feature", "properties": { "objectid": 120, "name": "Kamaaina Kids Mililani Tech Park Preschool", "address": "345 Kahelu Avenue", "city": "Mililani", "zip": 96789, "island_dis": "Oahu", "type": "Licensed Group Child Care (Preschools)", "source": "PATCH" }, "geometry": { "type": "Point", "coordinates": [ -158.016856500470197, 21.480525000233815 ] } },
{ "type": "Feature", "properties": { "objectid": 121, "name": "Waikiki Community Center Preschool - GCC", "address": "310 Paoakalani Avenue", "city": "Honolulu", "zip": 96815, "island_dis": "Oahu", "type": "Licensed Group Child Care (Preschools)", "source": "PATCH" }, "geometry": { "type": "Point", "coordinates": [ -157.820080696713887, 21.275223704577215 ] } },
{ "type": "Feature", "properties": { "objectid": 122, "name": "Wahiawa Baptist Preschool", "address": "1233 California Avenue", "city": "Wahiawa", "zip": 96786, "island_dis": "Oahu", "type": "Licensed Group Child Care (Preschools)", "source": "PATCH" }, "geometry": { "type": "Point", "coordinates": [ -158.019855308470255, 21.500643616930319 ] } },
{ "type": "Feature", "properties": { "objectid": 123, "name": "Le Jardin Academy Junior School", "address": "1004 Kailua Road", "city": "Kailua", "zip": 96734, "island_dis": "Oahu", "type": "Licensed Group Child Care (Preschools)", "source": "PATCH" }, "geometry": { "type": "Point", "coordinates": [ -157.749391794224749, 21.388337547738594 ] } },
{ "type": "Feature", "properties": { "objectid": 124, "name": "Kilohana United Methodist Church Preschool Inc.", "address": "5829 Mahimahi Street", "city": "Honolulu", "zip": 96821, "island_dis": "Oahu", "type": "Licensed Group Child Care (Preschools)", "source": "PATCH" }, "geometry": { "type": "Point", "coordinates": [ -157.733660432267641, 21.282983699089613 ] } },
{ "type": "Feature", "properties": { "objectid": 125, "name": "Honolulu Community College Keiki Hauoli Childrens", "address": "874 Dillingham Boulevard", "city": "Honolulu", "zip": 96817, "island_dis": "Oahu", "type": "Licensed Group Child Care (Preschools)", "source": "PATCH" }, "geometry": { "type": "Point", "coordinates": [ -157.869987833046622, 21.320249613808603 ] } },
{ "type": "Feature", "properties": { "objectid": 126, "name": "Kaimuki Christian School", "address": "1117 Koko Head Avenue", "city": "Honolulu", "zip": 96816, "island_dis": "Oahu", "type": "Licensed Group Child Care (Preschools)", "source": "PATCH" }, "geometry": { "type": "Point", "coordinates": [ -157.798156500212571, 21.281049000991285 ] } },
{ "type": "Feature", "properties": { "objectid": 127, "name": "HCAP Head Start Pohakea Elementary", "address": "91-750 Fort Weaver Road", "city": "Ewa Beach", "zip": 96706, "island_dis": "Oahu", "type": "Licensed Group Child Care (Preschools)", "source": "PATCH" }, "geometry": { "type": "Point", "coordinates": [ -158.009710500360171, 21.315762001034265 ] } },
{ "type": "Feature", "properties": { "objectid": 128, "name": "Malama Na Keiki O Waianae Preschool", "address": "86-072 Farrington Hwy", "city": "Waianae", "zip": 96792, "island_dis": "Oahu", "type": "Licensed Group Child Care (Preschools)", "source": "PATCH" }, "geometry": { "type": "Point", "coordinates": [ -158.185124999833306, 21.438036000998729 ] } },
{ "type": "Feature", "properties": { "objectid": 129, "name": "Makiki Christian Church Preschool", "address": "829 Pensacola Street", "city": "Honolulu", "zip": 96814, "island_dis": "Oahu", "type": "Licensed Group Child Care (Preschools)", "source": "PATCH" }, "geometry": { "type": "Point", "coordinates": [ -157.846510506947169, 21.298761432029846 ] } },
{ "type": "Feature", "properties": { "objectid": 130, "name": "Queen Emma Preschool", "address": "3019 Pali Hwy", "city": "Honolulu", "zip": 96817, "island_dis": "Oahu", "type": "Licensed Group Child Care (Preschools)", "source": "PATCH" }, "geometry": { "type": "Point", "coordinates": [ -157.837620808896787, 21.337397132647276 ] } },
{ "type": "Feature", "properties": { "objectid": 131, "name": "Rainbow School Kahuku", "address": "56-463 Kamehameha Hwy", "city": "Kahuku", "zip": 96731, "island_dis": "Oahu", "type": "Licensed Group Child Care (Preschools)", "source": "PATCH" }, "geometry": { "type": "Point", "coordinates": [ -157.945359941796653, 21.675174764398623 ] } },
{ "type": "Feature", "properties": { "objectid": 132, "name": "Rainbow School Honolulu", "address": "300 Ala Moana Blvd #1-108", "city": "Honolulu", "zip": 96813, "island_dis": "Oahu", "type": "Licensed Group Child Care (Preschools)", "source": "PATCH" }, "geometry": { "type": "Point", "coordinates": [ -157.862330999709599, 21.303666000737635 ] } },
{ "type": "Feature", "properties": { "objectid": 133, "name": "Kamehameha Schools - Honaunau Preschool", "address": "84-5574 Honaunau Beach Road", "city": "Captain Cook", "zip": 96704, "island_dis": "West Hawaii", "type": "Licensed Group Child Care (Preschools)", "source": "PATCH" }, "geometry": { "type": "Point", "coordinates": [ -155.911155123894957, 19.423904565467069 ] } },
{ "type": "Feature", "properties": { "objectid": 134, "name": "St. Joseph Montessori-Based Preschool", "address": "999 Ululani Street", "city": "Hilo", "zip": 96720, "island_dis": "East Hawaii", "type": "Licensed Group Child Care (Preschools)", "source": "PATCH" }, "geometry": { "type": "Point", "coordinates": [ -155.083755873767728, 19.71414181172954 ] } },
{ "type": "Feature", "properties": { "objectid": 135, "name": "Emmanuel Lutheran Preschool", "address": "520 West One Street", "city": "Kahului", "zip": 96732, "island_dis": "Maui", "type": "Licensed Group Child Care (Preschools)", "source": "PATCH" }, "geometry": { "type": "Point", "coordinates": [ -156.482301225272607, 20.888200266837966 ] } },
{ "type": "Feature", "properties": { "objectid": 136, "name": "HCAP Head Start Waipahu Elementary", "address": "94-465 Waipahu Street", "city": "Waipahu", "zip": 96797, "island_dis": "Oahu", "type": "Licensed Group Child Care (Preschools)", "source": "PATCH" }, "geometry": { "type": "Point", "coordinates": [ -158.015957307816564, 21.385518111311359 ] } },
{ "type": "Feature", "properties": { "objectid": 137, "name": "Creative Day Preschool", "address": "74-4981 Palani Road", "city": "Kailua-kona", "zip": 96740, "island_dis": "West Hawaii", "type": "Licensed Group Child Care (Preschools)", "source": "PATCH" }, "geometry": { "type": "Point", "coordinates": [ -155.978322796931167, 19.677071746323847 ] } },
{ "type": "Feature", "properties": { "objectid": 138, "name": "Kamehameha Schools- Kona Preschool", "address": "74-5100 Palani Road", "city": "Kailua-kona", "zip": 96740, "island_dis": "West Hawaii", "type": "Licensed Group Child Care (Preschools)", "source": "PATCH" }, "geometry": { "type": "Point", "coordinates": [ -155.980638496718058, 19.668991022843496 ] } },
{ "type": "Feature", "properties": { "objectid": 139, "name": "Kamehameha Schools, Kailua-Kona Preschool", "address": "75-5713 Alii Drive", "city": "Kailua-kona", "zip": 96740, "island_dis": "West Hawaii", "type": "Licensed Group Child Care (Preschools)", "source": "PATCH" }, "geometry": { "type": "Point", "coordinates": [ -155.993988483577965, 19.639430109584151 ] } },
{ "type": "Feature", "properties": { "objectid": 140, "name": "Kona Hongwanji Preschool", "address": "81-6630 Mamalahoa Highway", "city": "Kealakekua", "zip": 96750, "island_dis": "West Hawaii", "type": "Licensed Group Child Care (Preschools)", "source": "PATCH" }, "geometry": { "type": "Point", "coordinates": [ -155.920412947710304, 19.516025431726717 ] } },
{ "type": "Feature", "properties": { "objectid": 141, "name": "Small World Preschool", "address": "65-1253 Kawaihae Road", "city": "Kamuela", "zip": 96743, "island_dis": "West Hawaii", "type": "Licensed Group Child Care (Preschools)", "source": "PATCH" }, "geometry": { "type": "Point", "coordinates": [ -155.672381486261969, 20.022000734248241 ] } },
{ "type": "Feature", "properties": { "objectid": 142, "name": "Waikoloa Baptist Keikiland", "address": "68-3670 Paniolo Avenue", "city": "Waikoloa", "zip": 96738, "island_dis": "West Hawaii", "type": "Licensed Group Child Care (Preschools)", "source": "PATCH" }, "geometry": { "type": "Point", "coordinates": [ -155.790383965857984, 19.943467932850599 ] } },
{ "type": "Feature", "properties": { "objectid": 143, "name": "Montessori Education Center of Hawaii-Waimea Camp", "address": "65-1197 Opelo Road", "city": "Kamuela", "zip": 96743, "island_dis": "West Hawaii", "type": "Licensed Group Child Care (Preschools)", "source": "PATCH" }, "geometry": { "type": "Point", "coordinates": [ -155.676771112236992, 20.02090297864483 ] } },
{ "type": "Feature", "properties": { "objectid": 144, "name": "Kahului Hongwanji Preschool", "address": "291 South Puunene Avenue", "city": "Kahului", "zip": 96732, "island_dis": "Maui", "type": "Licensed Group Child Care (Preschools)", "source": "PATCH" }, "geometry": { "type": "Point", "coordinates": [ -156.463875708338179, 20.883839351924724 ] } },
{ "type": "Feature", "properties": { "objectid": 145, "name": "MEO Head Start - UH Maui College", "address": "310 Kaahumanu Street", "city": "Kahului", "zip": 96732, "island_dis": "Maui", "type": "Licensed Group Child Care (Preschools)", "source": "PATCH" }, "geometry": { "type": "Point", "coordinates": [ -156.476708999985902, 20.888906484220044 ] } },
{ "type": "Feature", "properties": { "objectid": 146, "name": "Noah's Ark Early Childhood Center", "address": "777 Mokulele Highway", "city": "Kahului", "zip": 96732, "island_dis": "Maui", "type": "Licensed Group Child Care (Preschools)", "source": "PATCH" }, "geometry": { "type": "Point", "coordinates": [ -156.459874884996424, 20.875364598509535 ] } },
{ "type": "Feature", "properties": { "objectid": 147, "name": "HCAP Head Start Palolo I-III", "address": "2106 10th Ave", "city": "Honolulu", "zip": 96816, "island_dis": "Oahu", "type": "Licensed Group Child Care (Preschools)", "source": "PATCH" }, "geometry": { "type": "Point", "coordinates": [ -157.791496493124782, 21.299753712062728 ] } },
{ "type": "Feature", "properties": { "objectid": 148, "name": "Haleakala Waldorf School", "address": "4160 Lower Kula Road", "city": "Kula", "zip": 96790, "island_dis": "Maui", "type": "Licensed Group Child Care (Preschools)", "source": "PATCH" }, "geometry": { "type": "Point", "coordinates": [ -156.327140011040115, 20.766966505052295 ] } },
{ "type": "Feature", "properties": { "objectid": 149, "name": "Kamaaina Kids Piilani Children's Center", "address": "10 Manino Circle Building 26", "city": "Kihei", "zip": 96753, "island_dis": "Maui", "type": "Licensed Group Child Care (Preschools)", "source": "PATCH" }, "geometry": { "type": "Point", "coordinates": [ -156.447757298735326, 20.750858831270858 ] } },
{ "type": "Feature", "properties": { "objectid": 150, "name": "The Preschool At Kapalua", "address": "5960 Lower Honoapiilani Road", "city": "Lahaina", "zip": 96761, "island_dis": "Maui", "type": "Licensed Group Child Care (Preschools)", "source": "PATCH" }, "geometry": { "type": "Point", "coordinates": [ -156.665615373643675, 20.998118547998786 ] } },
{ "type": "Feature", "properties": { "objectid": 151, "name": "Kahului Union Church Preschool", "address": "101 West Kamehameha Avenue", "city": "Kahului", "zip": 96732, "island_dis": "Maui", "type": "Licensed Group Child Care (Preschools)", "source": "PATCH" }, "geometry": { "type": "Point", "coordinates": [ -156.468461078227932, 20.887817661290786 ] } },
{ "type": "Feature", "properties": { "objectid": 152, "name": "Wailuku Union Preschool", "address": "327 South High Street", "city": "Wailuku", "zip": 96793, "island_dis": "Maui", "type": "Licensed Group Child Care (Preschools)", "source": "PATCH" }, "geometry": { "type": "Point", "coordinates": [ -156.504829732781843, 20.884093962364481 ] } },
{ "type": "Feature", "properties": { "objectid": 153, "name": "Children's Garden", "address": "2140 Kanakanui Road", "city": "Kihei", "zip": 96753, "island_dis": "Maui", "type": "Licensed Group Child Care (Preschools)", "source": "PATCH" }, "geometry": { "type": "Point", "coordinates": [ -156.441103670902407, 20.724482168903378 ] } },
{ "type": "Feature", "properties": { "objectid": 154, "name": "MEO Head Start - Haiku", "address": "97 Pauwela Road", "city": "Haiku", "zip": 96708, "island_dis": "Maui", "type": "Licensed Group Child Care (Preschools)", "source": "PATCH" }, "geometry": { "type": "Point", "coordinates": [ -156.322437050136585, 20.926910100236537 ] } },
{ "type": "Feature", "properties": { "objectid": 155, "name": "MEO Head Start - Kahului A & B", "address": "615 South Papa Avenue", "city": "Kahului", "zip": 96732, "island_dis": "Maui", "type": "Licensed Group Child Care (Preschools)", "source": "PATCH" }, "geometry": { "type": "Point", "coordinates": [ -156.480194887216982, 20.874069845715297 ] } },
{ "type": "Feature", "properties": { "objectid": 156, "name": "Kaunakakai Head Start A", "address": "387 Kolapa Place", "city": "Kaunakakai", "zip": 96748, "island_dis": "Molokai", "type": "Licensed Group Child Care (Preschools)", "source": "PATCH" }, "geometry": { "type": "Point", "coordinates": [ -157.013031663988897, 21.088734265945508 ] } },
{ "type": "Feature", "properties": { "objectid": 157, "name": "MEO Head Start - Kihei A", "address": "250 East Lipoa Street", "city": "Kihei", "zip": 96753, "island_dis": "Maui", "type": "Licensed Group Child Care (Preschools)", "source": "PATCH" }, "geometry": { "type": "Point", "coordinates": [ -156.447038616056744, 20.748614681755964 ] } },
{ "type": "Feature", "properties": { "objectid": 158, "name": "MEO Head Start - Lahaina", "address": "816 Niheu Street", "city": "Lahaina", "zip": 96761, "island_dis": "Maui", "type": "Licensed Group Child Care (Preschools)", "source": "PATCH" }, "geometry": { "type": "Point", "coordinates": [ -156.663527523733819, 20.886307156261918 ] } },
{ "type": "Feature", "properties": { "objectid": 159, "name": "MEO Head Start - Makawao A & B", "address": "931-B Makawao Avenue", "city": "Makawao", "zip": 96768, "island_dis": "Maui", "type": "Licensed Group Child Care (Preschools)", "source": "PATCH" }, "geometry": { "type": "Point", "coordinates": [ -156.316266661421679, 20.849995315858624 ] } },
{ "type": "Feature", "properties": { "objectid": 160, "name": "MEO Head Start - Wailuku A", "address": "670 Waiale Drive", "city": "Wailuku", "zip": 96793, "island_dis": "Maui", "type": "Licensed Group Child Care (Preschools)", "source": "PATCH" }, "geometry": { "type": "Point", "coordinates": [ -156.499459004252913, 20.875168175523804 ] } },
{ "type": "Feature", "properties": { "objectid": 161, "name": "MEO Head Start - Wailuku B", "address": "355 South High Street", "city": "Wailuku", "zip": 96793, "island_dis": "Maui", "type": "Licensed Group Child Care (Preschools)", "source": "PATCH" }, "geometry": { "type": "Point", "coordinates": [ -156.505107236782862, 20.882796985660292 ] } },
{ "type": "Feature", "properties": { "objectid": 162, "name": "Calvary Child Care Center", "address": "1215 Ala Aolani Street", "city": "Honolulu", "zip": 96819, "island_dis": "Oahu", "type": "Licensed Group Child Care (Preschools)", "source": "PATCH" }, "geometry": { "type": "Point", "coordinates": [ -157.898254500101302, 21.357207000684514 ] } },
{ "type": "Feature", "properties": { "objectid": 163, "name": "Cornerstone Early Education Center", "address": "95-1080 Ukuwai Street", "city": "Mililani", "zip": 96789, "island_dis": "Oahu", "type": "Licensed Group Child Care (Preschools)", "source": "PATCH" }, "geometry": { "type": "Point", "coordinates": [ -158.004275359816006, 21.469356364288831 ] } },
{ "type": "Feature", "properties": { "objectid": 164, "name": "Christian Academy - Preschool", "address": "3400 Moanalua Road", "city": "Honolulu", "zip": 96819, "island_dis": "Oahu", "type": "Licensed Group Child Care (Preschools)", "source": "PATCH" }, "geometry": { "type": "Point", "coordinates": [ -157.902901618541307, 21.365379302491391 ] } },
{ "type": "Feature", "properties": { "objectid": 165, "name": "First United Methodist Church Preschool", "address": "1020 South Beretania Street", "city": "Honolulu", "zip": 96814, "island_dis": "Oahu", "type": "Licensed Group Child Care (Preschools)", "source": "PATCH" }, "geometry": { "type": "Point", "coordinates": [ -157.847624729157559, 21.303202157822476 ] } },
{ "type": "Feature", "properties": { "objectid": 166, "name": "Holy Family Catholic Academy", "address": "830 Main Street", "city": "Honolulu", "zip": 96818, "island_dis": "Oahu", "type": "Licensed Group Child Care (Preschools)", "source": "PATCH" }, "geometry": { "type": "Point", "coordinates": [ -157.930594824626183, 21.33782851301136 ] } },
{ "type": "Feature", "properties": { "objectid": 167, "name": "Kamaaina Kids Honolulu", "address": "930 Lunalilo Street", "city": "Honolulu", "zip": 96822, "island_dis": "Oahu", "type": "Licensed Group Child Care (Preschools)", "source": "PATCH" }, "geometry": { "type": "Point", "coordinates": [ -157.847273999736245, 21.305772001038289 ] } },
{ "type": "Feature", "properties": { "objectid": 168, "name": "Our Savior Lutheran Preschool", "address": "98-1098 Moanalua Road", "city": "Aiea", "zip": 96701, "island_dis": "Oahu", "type": "Licensed Group Child Care (Preschools)", "source": "PATCH" }, "geometry": { "type": "Point", "coordinates": [ -157.93718151423144, 21.382667716403063 ] } },
{ "type": "Feature", "properties": { "objectid": 169, "name": "Kamaaina Kids Kahului Preschool", "address": "50 South Papa Avenue", "city": "Kahului", "zip": 96732, "island_dis": "Maui", "type": "Licensed Group Child Care (Preschools)", "source": "PATCH" }, "geometry": { "type": "Point", "coordinates": [ -156.483644481599157, 20.887703202278654 ] } },
{ "type": "Feature", "properties": { "objectid": 170, "name": "St. Anthony School Early Learning Center", "address": "148 Makawao Street", "city": "Kailua", "zip": 96734, "island_dis": "Oahu", "type": "Licensed Group Child Care (Preschools)", "source": "PATCH" }, "geometry": { "type": "Point", "coordinates": [ -157.739187943644254, 21.400284277916882 ] } },
{ "type": "Feature", "properties": { "objectid": 171, "name": "Sacred Hearts Academy-Early Learning Center", "address": "3253 Waialae Ave", "city": "Honolulu", "zip": 96816, "island_dis": "Oahu", "type": "Licensed Group Child Care (Preschools)", "source": "PATCH" }, "geometry": { "type": "Point", "coordinates": [ -157.806206999647344, 21.285801001024097 ] } },
{ "type": "Feature", "properties": { "objectid": 172, "name": "HCAP Head Start August Ahrens Elementary", "address": "94-1170 Waipahu Street", "city": "Waipahu", "zip": 96797, "island_dis": "Oahu", "type": "Licensed Group Child Care (Preschools)", "source": "PATCH" }, "geometry": { "type": "Point", "coordinates": [ -158.00177699990067, 21.394440000238681 ] } },
{ "type": "Feature", "properties": { "objectid": 173, "name": "HCAP Head Start Kaimiloa Elementary", "address": "91-1028 Kaunolu Street", "city": "Ewa Beach", "zip": 96706, "island_dis": "Oahu", "type": "Licensed Group Child Care (Preschools)", "source": "PATCH" }, "geometry": { "type": "Point", "coordinates": [ -158.008504752699452, 21.319657996609127 ] } },
{ "type": "Feature", "properties": { "objectid": 174, "name": "HCAP Head Start Lanakila CDC I & II", "address": "1701 Lanakila Avenue", "city": "Honolulu", "zip": 96817, "island_dis": "Oahu", "type": "Licensed Group Child Care (Preschools)", "source": "PATCH" }, "geometry": { "type": "Point", "coordinates": [ -157.861871999871596, 21.325914000977214 ] } },
{ "type": "Feature", "properties": { "objectid": 175, "name": "HCAP Head Start Lanakila Elementary", "address": "717 N Kuakini Street", "city": "Honolulu", "zip": 96817, "island_dis": "Oahu", "type": "Licensed Group Child Care (Preschools)", "source": "PATCH" }, "geometry": { "type": "Point", "coordinates": [ -157.860486000219396, 21.326607000679694 ] } },
{ "type": "Feature", "properties": { "objectid": 176, "name": "Jefferson II Head Start", "address": "324 Kapahulu Avenue", "city": "Honolulu", "zip": 96815, "island_dis": "Oahu", "type": "Licensed Group Child Care (Preschools)", "source": "PATCH" }, "geometry": { "type": "Point", "coordinates": [ -157.818512078363, 21.272457034970827 ] } },
{ "type": "Feature", "properties": { "objectid": 177, "name": "Mililani Baptist Preschool", "address": "94-293 Anania Drive", "city": "Mililani", "zip": 96789, "island_dis": "Oahu", "type": "Licensed Group Child Care (Preschools)", "source": "PATCH" }, "geometry": { "type": "Point", "coordinates": [ -158.010133500066217, 21.440718000784329 ] } },
{ "type": "Feature", "properties": { "objectid": 178, "name": "Jikoen Hongwanji Lumbini Preschool", "address": "1731 North School St", "city": "Honolulu", "zip": 96819, "island_dis": "Oahu", "type": "Licensed Group Child Care (Preschools)", "source": "PATCH" }, "geometry": { "type": "Point", "coordinates": [ -157.8703275003719, 21.336228001036549 ] } },
{ "type": "Feature", "properties": { "objectid": 179, "name": "Montessori Community School", "address": "1239 Nehoa St", "city": "Honolulu", "zip": 96822, "island_dis": "Oahu", "type": "Licensed Group Child Care (Preschools)", "source": "PATCH" }, "geometry": { "type": "Point", "coordinates": [ -157.83632008839038, 21.308825391335624 ] } },
{ "type": "Feature", "properties": { "objectid": 180, "name": "St John Vianney Early Learning Center", "address": "940 Keolu Drive", "city": "Kailua", "zip": 96734, "island_dis": "Oahu", "type": "Licensed Group Child Care (Preschools)", "source": "PATCH" }, "geometry": { "type": "Point", "coordinates": [ -157.72867594541276, 21.3796418858104 ] } },
{ "type": "Feature", "properties": { "objectid": 181, "name": "Waiokeola Church Preschool", "address": "4705 Kilauea Avenue", "city": "Honolulu", "zip": 96816, "island_dis": "Oahu", "type": "Licensed Group Child Care (Preschools)", "source": "PATCH" }, "geometry": { "type": "Point", "coordinates": [ -157.784656799875052, 21.276839840203088 ] } },
{ "type": "Feature", "properties": { "objectid": 182, "name": "The Childrens Center, Inc", "address": "2651 A Pali Hwy", "city": "Honolulu", "zip": 96817, "island_dis": "Oahu", "type": "Licensed Group Child Care (Preschools)", "source": "PATCH" }, "geometry": { "type": "Point", "coordinates": [ -157.842328499702518, 21.330711000557429 ] } },
{ "type": "Feature", "properties": { "objectid": 183, "name": "Sunshine School", "address": "175 Kihapai St, #A", "city": "Kailua", "zip": 96734, "island_dis": "Oahu", "type": "Licensed Group Child Care (Preschools)", "source": "PATCH" }, "geometry": { "type": "Point", "coordinates": [ -157.748703165353675, 21.395375530685648 ] } },
{ "type": "Feature", "properties": { "objectid": 184, "name": "Playmate Kindergarten Day Care Center & Grade School LTD", "address": "1704 Keeaumoku St", "city": "Honolulu", "zip": 96822, "island_dis": "Oahu", "type": "Licensed Group Child Care (Preschools)", "source": "PATCH" }, "geometry": { "type": "Point", "coordinates": [ -157.835061000163932, 21.306276000902368 ] } },
{ "type": "Feature", "properties": { "objectid": 185, "name": "Little Friends Learning Center", "address": "2313 Nuuanu Avenue", "city": "Honolulu", "zip": 96817, "island_dis": "Oahu", "type": "Licensed Group Child Care (Preschools)", "source": "PATCH" }, "geometry": { "type": "Point", "coordinates": [ -157.847297193534018, 21.326461818357949 ] } },
{ "type": "Feature", "properties": { "objectid": 186, "name": "Kamaaina Kids Aikahi", "address": "38 Kaneohe Bay Drive", "city": "Kailua", "zip": 96734, "island_dis": "Oahu", "type": "Licensed Group Child Care (Preschools)", "source": "PATCH" }, "geometry": { "type": "Point", "coordinates": [ -157.749165000237667, 21.422106000346936 ] } },
{ "type": "Feature", "properties": { "objectid": 187, "name": "Kamaaina Kids St. Marks Childrens Center", "address": "539 Kapahulu Ave", "city": "Honolulu", "zip": 96815, "island_dis": "Oahu", "type": "Licensed Group Child Care (Preschools)", "source": "PATCH" }, "geometry": { "type": "Point", "coordinates": [ -157.814134979704789, 21.27752801090984 ] } },
{ "type": "Feature", "properties": { "objectid": 188, "name": "Kamaaina Kids Enchanted Lakes", "address": "1425 Keolu Dr", "city": "Kailua", "zip": 96734, "island_dis": "Oahu", "type": "Licensed Group Child Care (Preschools)", "source": "PATCH" }, "geometry": { "type": "Point", "coordinates": [ -157.734934838758704, 21.37121456591035 ] } },
{ "type": "Feature", "properties": { "objectid": 189, "name": "Kamaaina Kids CFS Ewa Preschool", "address": "91-1841 Fort Weaver Road", "city": "Ewa Beach", "zip": 96706, "island_dis": "Oahu", "type": "Licensed Group Child Care (Preschools)", "source": "PATCH" }, "geometry": { "type": "Point", "coordinates": [ -158.028752534556332, 21.354376507823666 ] } },
{ "type": "Feature", "properties": { "objectid": 190, "name": "Kamaaina Kids Moanalua", "address": "4857 Bougainville Drive", "city": "Honolulu", "zip": 96818, "island_dis": "Oahu", "type": "Licensed Group Child Care (Preschools)", "source": "PATCH" }, "geometry": { "type": "Point", "coordinates": [ -157.930658172359728, 21.344400094552302 ] } },
{ "type": "Feature", "properties": { "objectid": 191, "name": "Leeward Community College Children's Center", "address": "96-045 Ala Ike Street #DA102", "city": "Pearl City", "zip": 96782, "island_dis": "Oahu", "type": "Licensed Group Child Care (Preschools)", "source": "PATCH" }, "geometry": { "type": "Point", "coordinates": [ -157.984186500099071, 21.392217000768209 ] } },
{ "type": "Feature", "properties": { "objectid": 192, "name": "Kailua Baptist Preschool", "address": "1080 Kailua Road", "city": "Kailua", "zip": 96734, "island_dis": "Oahu", "type": "Licensed Group Child Care (Preschools)", "source": "PATCH" }, "geometry": { "type": "Point", "coordinates": [ -157.75045216385854, 21.387177993063535 ] } },
{ "type": "Feature", "properties": { "objectid": 193, "name": "Na Kamalii Hoaloha", "address": "670 Maunaloa Highway", "city": "Kaunakakai", "zip": 96748, "island_dis": "Molokai", "type": "Licensed Group Child Care (Preschools)", "source": "PATCH" }, "geometry": { "type": "Point", "coordinates": [ -157.036779399931476, 21.096858044239962 ] } },
{ "type": "Feature", "properties": { "objectid": 194, "name": "Ark Of Safety Christian Academy", "address": "86-120 Farrington Hwy., Ste A109-A110", "city": "Waianae", "zip": 96792, "island_dis": "Oahu", "type": "Licensed Group Child Care (Preschools)", "source": "PATCH" }, "geometry": { "type": "Point", "coordinates": [ -158.184905688256976, 21.435833218729869 ] } },
{ "type": "Feature", "properties": { "objectid": 195, "name": "Kamaaina Kids Alewa Heights At St Marks Coptic Ort", "address": "1052 Ilima Drive", "city": "Honolulu", "zip": 96817, "island_dis": "Oahu", "type": "Licensed Group Child Care (Preschools)", "source": "PATCH" }, "geometry": { "type": "Point", "coordinates": [ -157.857205564902642, 21.333846162946003 ] } },
{ "type": "Feature", "properties": { "objectid": 196, "name": "Jefferson Pre-Plus Head Start", "address": "324 Kapahulu Avenue", "city": "Honolulu", "zip": 96815, "island_dis": "Oahu", "type": "Licensed Group Child Care (Preschools)", "source": "PATCH" }, "geometry": { "type": "Point", "coordinates": [ -157.818512078363, 21.272457034970827 ] } },
{ "type": "Feature", "properties": { "objectid": 197, "name": "Grace Bible Christian Preschool", "address": "635 South Hina Avenue", "city": "Kahului", "zip": 96732, "island_dis": "Maui", "type": "Licensed Group Child Care (Preschools)", "source": "PATCH" }, "geometry": { "type": "Point", "coordinates": [ -156.464863591718881, 20.875876103048103 ] } },
{ "type": "Feature", "properties": { "objectid": 198, "name": "HCAP Head Start Waiau Elementary Pre-plus", "address": "98-450 Hookanike Street", "city": "Pearl City", "zip": 96782, "island_dis": "Oahu", "type": "Licensed Group Child Care (Preschools)", "source": "PATCH" }, "geometry": { "type": "Point", "coordinates": [ -157.954250424043664, 21.398305333891692 ] } },
{ "type": "Feature", "properties": { "objectid": 199, "name": "Calvary Chapel Christian Preschool", "address": "98-1016 Komo Mai Drive", "city": "Aiea", "zip": 96701, "island_dis": "Oahu", "type": "Licensed Group Child Care (Preschools)", "source": "PATCH" }, "geometry": { "type": "Point", "coordinates": [ -157.947841866281209, 21.400559159795378 ] } },
{ "type": "Feature", "properties": { "objectid": 200, "name": "Joyland Preschool", "address": "1407 Kapiolani Street", "city": "Hilo", "zip": 96720, "island_dis": "East Hawaii", "type": "Licensed Group Child Care (Preschools)", "source": "PATCH" }, "geometry": { "type": "Point", "coordinates": [ -155.077996089253588, 19.702244817939402 ] } },
{ "type": "Feature", "properties": { "objectid": 201, "name": "Mid-Pacific Institute Preschool", "address": "2445 Kaala Street", "city": "Honolulu", "zip": 96822, "island_dis": "Oahu", "type": "Licensed Group Child Care (Preschools)", "source": "PATCH" }, "geometry": { "type": "Point", "coordinates": [ -157.817989081519784, 21.303252056080357 ] } },
{ "type": "Feature", "properties": { "objectid": 202, "name": "The Cole Academy Kaimuki", "address": "1041 10th Avenue", "city": "Honolulu", "zip": 96816, "island_dis": "Oahu", "type": "Licensed Group Child Care (Preschools)", "source": "PATCH" }, "geometry": { "type": "Point", "coordinates": [ -157.802242737009408, 21.281795655667096 ] } },
{ "type": "Feature", "properties": { "objectid": 203, "name": "Kamaaina Kids Lahaina Preschool", "address": "553 Wainee Street", "city": "Lahaina", "zip": 96761, "island_dis": "Maui", "type": "Licensed Group Child Care (Preschools)", "source": "PATCH" }, "geometry": { "type": "Point", "coordinates": [ -156.673577798701984, 20.870610298999832 ] } },
{ "type": "Feature", "properties": { "objectid": 204, "name": "HCAP Head Start Kuhio Elementary Pre-plus", "address": "2759 South King Street", "city": "Honolulu", "zip": 96826, "island_dis": "Oahu", "type": "Licensed Group Child Care (Preschools)", "source": "PATCH" }, "geometry": { "type": "Point", "coordinates": [ -157.819778999610918, 21.289212000772398 ] } },
{ "type": "Feature", "properties": { "objectid": 205, "name": "Kansha Preschool", "address": "3 Go For Broke Place", "city": "Wailuku", "zip": 96793, "island_dis": "Maui", "type": "Licensed Group Child Care (Preschools)", "source": "PATCH" }, "geometry": { "type": "Point", "coordinates": [ -156.501835000160355, 20.884780000900669 ] } },
{ "type": "Feature", "properties": { "objectid": 206, "name": "Seagull School At Ocean Pointe", "address": "91-203 Kaimele Place", "city": "Ewa Beach", "zip": 96706, "island_dis": "Oahu", "type": "Licensed Group Child Care (Preschools)", "source": "PATCH" }, "geometry": { "type": "Point", "coordinates": [ -158.019201389571066, 21.322517702569044 ] } },
{ "type": "Feature", "properties": { "objectid": 207, "name": "Kamaaina Kids Kaneohe Preschool", "address": "45-520 Keaahala Road", "city": "Kaneohe", "zip": 96744, "island_dis": "Oahu", "type": "Licensed Group Child Care (Preschools)", "source": "PATCH" }, "geometry": { "type": "Point", "coordinates": [ -157.802177308824952, 21.413710978423012 ] } },
{ "type": "Feature", "properties": { "objectid": 208, "name": "Pearl Harbor Christian Academy Preschool", "address": "94-1044 Waipio Uka Street", "city": "Waipahu", "zip": 96797, "island_dis": "Oahu", "type": "Licensed Group Child Care (Preschools)", "source": "PATCH" }, "geometry": { "type": "Point", "coordinates": [ -157.99927500030546, 21.413250000953738 ] } },
{ "type": "Feature", "properties": { "objectid": 209, "name": "Stepping Stones Academy Kakaako", "address": "860 Halekauwila St #103", "city": "Honolulu", "zip": 96813, "island_dis": "Oahu", "type": "Licensed Group Child Care (Preschools)", "source": "PATCH" }, "geometry": { "type": "Point", "coordinates": [ -157.856143499900099, 21.298275000253415 ] } },
{ "type": "Feature", "properties": { "objectid": 210, "name": "Maui Preparatory Academy Preschool", "address": "4910 Honoapiilani Hwy", "city": "Lahaina", "zip": 96761, "island_dis": "Maui", "type": "Licensed Group Child Care (Preschools)", "source": "PATCH" }, "geometry": { "type": "Point", "coordinates": [ -156.664506949699586, 20.984539515921291 ] } },
{ "type": "Feature", "properties": { "objectid": 211, "name": "Alaka`i Academy", "address": "74-5565 Luhia Street", "city": "Kailua-kona", "zip": 96740, "island_dis": "West Hawaii", "type": "Licensed Group Child Care (Preschools)", "source": "PATCH" }, "geometry": { "type": "Point", "coordinates": [ -156.000236926906155, 19.648012837562934 ] } },
{ "type": "Feature", "properties": { "objectid": 212, "name": "Kamehameha Aapueo Preschool", "address": "270 Aapueo Parkway", "city": "Pukalani", "zip": 96768, "island_dis": "Maui", "type": "Licensed Group Child Care (Preschools)", "source": "PATCH" }, "geometry": { "type": "Point", "coordinates": [ -156.335235588375326, 20.823155488829489 ] } },
{ "type": "Feature", "properties": { "objectid": 213, "name": "Keiki Care Center Of Hawaii", "address": "757 Hoomalu St.", "city": "Pearl City", "zip": 96782, "island_dis": "Oahu", "type": "Licensed Group Child Care (Preschools)", "source": "PATCH" }, "geometry": { "type": "Point", "coordinates": [ -157.966109999549815, 21.395853000552286 ] } },
{ "type": "Feature", "properties": { "objectid": 214, "name": "Poppins Keiki Hawaii", "address": "2255 Kalakaua Avenue, Suite 435", "city": "Honolulu", "zip": 96815, "island_dis": "Oahu", "type": "Licensed Group Child Care (Preschools)", "source": "PATCH" }, "geometry": { "type": "Point", "coordinates": [ -157.83038999967826, 21.27743100107044 ] } },
{ "type": "Feature", "properties": { "objectid": 215, "name": "HCAP Head Start Ewa I & II", "address": "91-1280 Renton Road", "city": "Ewa Beach", "zip": 96706, "island_dis": "Oahu", "type": "Licensed Group Child Care (Preschools)", "source": "PATCH" }, "geometry": { "type": "Point", "coordinates": [ -158.03383631714982, 21.343994736410455 ] } },
{ "type": "Feature", "properties": { "objectid": 216, "name": "Kamaaina Kids Kalaeloa Preschool", "address": "1965 Bougainville Avenue", "city": "Kapolei", "zip": 96707, "island_dis": "Oahu", "type": "Licensed Group Child Care (Preschools)", "source": "PATCH" }, "geometry": { "type": "Point", "coordinates": [ -158.05851456629685, 21.32619464590185 ] } },
{ "type": "Feature", "properties": { "objectid": 217, "name": "Little Explorers Maui Preschool, LLC", "address": "1050 Lower Main Street", "city": "Wailuku", "zip": 96793, "island_dis": "Maui", "type": "Licensed Group Child Care (Preschools)", "source": "PATCH" }, "geometry": { "type": "Point", "coordinates": [ -156.489372863096349, 20.8992099914955 ] } },
{ "type": "Feature", "properties": { "objectid": 218, "name": "HCAP Head Start Waipahu Pre Plus", "address": "94-465 Waipahu Street", "city": "Waipahu", "zip": 96797, "island_dis": "Oahu", "type": "Licensed Group Child Care (Preschools)", "source": "PATCH" }, "geometry": { "type": "Point", "coordinates": [ -158.015957307816564, 21.385518111311359 ] } },
{ "type": "Feature", "properties": { "objectid": 219, "name": "T.R.A.C.E. Academy", "address": "94-1388 Moaniani Street #205", "city": "Waipahu", "zip": 96797, "island_dis": "Oahu", "type": "Licensed Group Child Care (Preschools)", "source": "PATCH" }, "geometry": { "type": "Point", "coordinates": [ -157.99603950041552, 21.421809000364153 ] } },
{ "type": "Feature", "properties": { "objectid": 220, "name": "Happy Keiki Preschool At University Avenue", "address": "1035 University Avenue", "city": "Honolulu", "zip": 96826, "island_dis": "Oahu", "type": "Licensed Group Child Care (Preschools)", "source": "PATCH" }, "geometry": { "type": "Point", "coordinates": [ -157.821437883260529, 21.292827298252629 ] } },
{ "type": "Feature", "properties": { "objectid": 221, "name": "Kamaaina Kids Holy Trinity Preschool", "address": "5919 Kalanianaole Highway", "city": "Honolulu", "zip": 96821, "island_dis": "Oahu", "type": "Licensed Group Child Care (Preschools)", "source": "PATCH" }, "geometry": { "type": "Point", "coordinates": [ -157.728910500052933, 21.282750000306692 ] } },
{ "type": "Feature", "properties": { "objectid": 222, "name": "Mauna Loa Preschool", "address": "172 Kapiolani Street", "city": "Hilo", "zip": 96720, "island_dis": "East Hawaii", "type": "Licensed Group Child Care (Preschools)", "source": "PATCH" }, "geometry": { "type": "Point", "coordinates": [ -155.088563115910176, 19.719740841623608 ] } },
{ "type": "Feature", "properties": { "objectid": 223, "name": "Seagull School At Ko Olina", "address": "92-1415 Aliinui Dr.", "city": "Kapolei", "zip": 96707, "island_dis": "Oahu", "type": "Licensed Group Child Care (Preschools)", "source": "PATCH" }, "geometry": { "type": "Point", "coordinates": [ -158.115476664243744, 21.336078198002593 ] } },
{ "type": "Feature", "properties": { "objectid": 224, "name": "HCAP Head Start August Ahrens Elementary II", "address": "94-1170 Waipahu St.", "city": "Waipahu", "zip": 96797, "island_dis": "Oahu", "type": "Licensed Group Child Care (Preschools)", "source": "PATCH" }, "geometry": { "type": "Point", "coordinates": [ -158.00177699990067, 21.394440000238681 ] } },
{ "type": "Feature", "properties": { "objectid": 225, "name": "Harris Preschool", "address": "20 South Vineyard Blvd.", "city": "Honolulu", "zip": 96813, "island_dis": "Oahu", "type": "Licensed Group Child Care (Preschools)", "source": "PATCH" }, "geometry": { "type": "Point", "coordinates": [ -157.857245582981932, 21.314016335051281 ] } },
{ "type": "Feature", "properties": { "objectid": 226, "name": "Jumpstart Preschool Hilo", "address": "317 Lehua Street", "city": "Hilo", "zip": 96720, "island_dis": "East Hawaii", "type": "Licensed Group Child Care (Preschools)", "source": "PATCH" }, "geometry": { "type": "Point", "coordinates": [ -155.090343238402539, 19.730366017933502 ] } },
{ "type": "Feature", "properties": { "objectid": 227, "name": "Disney`s Aunty`s Beach House At Aulani", "address": "92-1185 Aliinui Drive.", "city": "Kapolei", "zip": 96707, "island_dis": "Oahu", "type": "Licensed Group Child Care (Preschools)", "source": "PATCH" }, "geometry": { "type": "Point", "coordinates": [ -158.124347999808037, 21.339279000568272 ] } },
{ "type": "Feature", "properties": { "objectid": 228, "name": "The Cole Academy - Kapolei", "address": "1033 Ala Kahawai St.", "city": "Kapolei", "zip": 96707, "island_dis": "Oahu", "type": "Licensed Group Child Care (Preschools)", "source": "PATCH" }, "geometry": { "type": "Point", "coordinates": [ -158.078807999750694, 21.333249000760389 ] } },
{ "type": "Feature", "properties": { "objectid": 229, "name": "Kroc Keiki Learning Center", "address": "91-3257 Kualakai Parkway", "city": "Ewa Beach", "zip": 96706, "island_dis": "Oahu", "type": "Licensed Group Child Care (Preschools)", "source": "PATCH" }, "geometry": { "type": "Point", "coordinates": [ -158.049090000152205, 21.346101000912292 ] } },
{ "type": "Feature", "properties": { "objectid": 230, "name": "Kamaaina Kids St. Timothy's Academy Preschool Prog", "address": "98-939 Moanalua Road.", "city": "Aiea", "zip": 96701, "island_dis": "Oahu", "type": "Licensed Group Child Care (Preschools)", "source": "PATCH" }, "geometry": { "type": "Point", "coordinates": [ -157.945193714995725, 21.387698366563406 ] } },
{ "type": "Feature", "properties": { "objectid": 231, "name": "Makua Lani Christian Academy; 4 Yr Old Kindergarte", "address": "74-4907 Palani Road", "city": "Kailua-kona", "zip": 96740, "island_dis": "West Hawaii", "type": "Licensed Group Child Care (Preschools)", "source": "PATCH" }, "geometry": { "type": "Point", "coordinates": [ -155.975471443521201, 19.681576966809818 ] } },
{ "type": "Feature", "properties": { "objectid": 232, "name": "Wee Achievers Inc", "address": "45-119 Kaneohe Bay Drive", "city": "Kaneohe", "zip": 96744, "island_dis": "Oahu", "type": "Licensed Group Child Care (Preschools)", "source": "PATCH" }, "geometry": { "type": "Point", "coordinates": [ -157.781306916134866, 21.407661187631685 ] } },
{ "type": "Feature", "properties": { "objectid": 233, "name": "Maui Adventist Pre Elementary School", "address": "261 South Puunene Avenue", "city": "Kahului", "zip": 96732, "island_dis": "Maui", "type": "Licensed Group Child Care (Preschools)", "source": "PATCH" }, "geometry": { "type": "Point", "coordinates": [ -156.46416372732287, 20.884463464321183 ] } },
{ "type": "Feature", "properties": { "objectid": 234, "name": "St Patrick School Early Childhood Program", "address": "3320 Harding Ave.", "city": "Honolulu", "zip": 96816, "island_dis": "Oahu", "type": "Licensed Group Child Care (Preschools)", "source": "PATCH" }, "geometry": { "type": "Point", "coordinates": [ -157.805383500130858, 21.285153000885153 ] } },
{ "type": "Feature", "properties": { "objectid": 235, "name": "HCAP Head Start Pauoa", "address": "2301 Pauoa Rd", "city": "Honolulu", "zip": 96813, "island_dis": "Oahu", "type": "Licensed Group Child Care (Preschools)", "source": "PATCH" }, "geometry": { "type": "Point", "coordinates": [ -157.843493999744879, 21.318570000530851 ] } },
{ "type": "Feature", "properties": { "objectid": 236, "name": "HCAP Head Start Queen Kaahumanu Elementary School", "address": "1141 Kinau St", "city": "Honolulu", "zip": 96814, "island_dis": "Oahu", "type": "Licensed Group Child Care (Preschools)", "source": "PATCH" }, "geometry": { "type": "Point", "coordinates": [ -157.843504539450237, 21.302695627795224 ] } },
{ "type": "Feature", "properties": { "objectid": 237, "name": "HCAP Head Start Ewa Elementary Pre-plus", "address": "91-1280 Renton Rd", "city": "Ewa Beach", "zip": 96706, "island_dis": "Oahu", "type": "Licensed Group Child Care (Preschools)", "source": "PATCH" }, "geometry": { "type": "Point", "coordinates": [ -158.03383631714982, 21.343994736410455 ] } },
{ "type": "Feature", "properties": { "objectid": 238, "name": "Kidz Kare Preschool at Pearl City Elementary School", "address": "1090 Waimano Home Rd, Rm 11", "city": "Pearl City", "zip": 96782, "island_dis": "Oahu", "type": "Licensed Group Child Care (Preschools)", "source": "PATCH" }, "geometry": { "type": "Point", "coordinates": [ -157.972149000250113, 21.395313000578128 ] } },
{ "type": "Feature", "properties": { "objectid": 239, "name": "Fun 2 , 3 Preschool", "address": "8992 Kula Highway", "city": "Kula", "zip": 96790, "island_dis": "Maui", "type": "Licensed Group Child Care (Preschools)", "source": "PATCH" }, "geometry": { "type": "Point", "coordinates": [ -156.35408490534499, 20.707245971219301 ] } },
{ "type": "Feature", "properties": { "objectid": 240, "name": "New Hope Christian School", "address": "94-050 Farrington Highway, Suite C-2", "city": "Waipahu", "zip": 96797, "island_dis": "Oahu", "type": "Licensed Group Child Care (Preschools)", "source": "PATCH" }, "geometry": { "type": "Point", "coordinates": [ -158.024812500204774, 21.378573000800507 ] } },
{ "type": "Feature", "properties": { "objectid": 241, "name": "Bright Beginning Preschool", "address": "54-113 Kawaipuna St.", "city": "Hauula", "zip": 96717, "island_dis": "Oahu", "type": "Licensed Group Child Care (Preschools)", "source": "PATCH" }, "geometry": { "type": "Point", "coordinates": [ -157.91590614837736, 21.61837344069318 ] } },
{ "type": "Feature", "properties": { "objectid": 242, "name": "Imua Inclusion Preschool", "address": "161 South Wakea Avenue", "city": "Kahului", "zip": 96732, "island_dis": "Maui", "type": "Licensed Group Child Care (Preschools)", "source": "PATCH" }, "geometry": { "type": "Point", "coordinates": [ -156.476983904349282, 20.884791054849394 ] } },
{ "type": "Feature", "properties": { "objectid": 243, "name": "The Cole Academy - Mililani", "address": "94-359 Makohilani Street", "city": "Mililani", "zip": 96789, "island_dis": "Oahu", "type": "Licensed Group Child Care (Preschools)", "source": "PATCH" }, "geometry": { "type": "Point", "coordinates": [ -158.018899499708709, 21.433284000433872 ] } },
{ "type": "Feature", "properties": { "objectid": 244, "name": "Na Maka Kindergarten Prep School", "address": "94-450 Mokuola Street, Ste 102", "city": "Waipahu", "zip": 96797, "island_dis": "Oahu", "type": "Licensed Group Child Care (Preschools)", "source": "PATCH" }, "geometry": { "type": "Point", "coordinates": [ -158.007186623266762, 21.388101374717781 ] } },
{ "type": "Feature", "properties": { "objectid": 245, "name": "HCAP Head Start Iroquois Point", "address": "5553 Cormorant Ave", "city": "Ewa Beach", "zip": 96706, "island_dis": "Oahu", "type": "Licensed Group Child Care (Preschools)", "source": "PATCH" }, "geometry": { "type": "Point", "coordinates": [ -157.981516118840005, 21.318986994489975 ] } },
{ "type": "Feature", "properties": { "objectid": 246, "name": "Kamaaina Kids Maili Preschool", "address": "87-227 St John's Road", "city": "Waianae", "zip": 96792, "island_dis": "Oahu", "type": "Licensed Group Child Care (Preschools)", "source": "PATCH" }, "geometry": { "type": "Point", "coordinates": [ -158.172661739850895, 21.416797763730091 ] } },
{ "type": "Feature", "properties": { "objectid": 247, "name": "St. Francis Preschool", "address": "91-1758 Oohao St", "city": "Ewa Beach", "zip": 96706, "island_dis": "Oahu", "type": "Licensed Group Child Care (Preschools)", "source": "PATCH" }, "geometry": { "type": "Point", "coordinates": [ -158.033501884064975, 21.343326330494811 ] } },
{ "type": "Feature", "properties": { "objectid": 248, "name": "Strode Montessori Preschool", "address": "810 Richards Street #124", "city": "Honolulu", "zip": 96813, "island_dis": "Oahu", "type": "Licensed Group Child Care (Preschools)", "source": "PATCH" }, "geometry": { "type": "Point", "coordinates": [ -157.861530000251889, 21.306564000970486 ] } },
{ "type": "Feature", "properties": { "objectid": 249, "name": "Metro Christian Academy", "address": "429 Waiakamilo Road", "city": "Honolulu", "zip": 96817, "island_dis": "Oahu", "type": "Licensed Group Child Care (Preschools)", "source": "PATCH" }, "geometry": { "type": "Point", "coordinates": [ -157.877545499730843, 21.322206001011761 ] } },
{ "type": "Feature", "properties": { "objectid": 250, "name": "Little Monk Seal Montessori", "address": "300 Ohukai Rd Ste B206", "city": "Kihei", "zip": 96753, "island_dis": "Maui", "type": "Licensed Group Child Care (Preschools)", "source": "PATCH" }, "geometry": { "type": "Point", "coordinates": [ -156.451560940524843, 20.774445894257859 ] } },
{ "type": "Feature", "properties": { "objectid": 251, "name": "Moo School", "address": "2752 Woodlawn Drive, Ste 5-114", "city": "Honolulu", "zip": 96822, "island_dis": "Oahu", "type": "Licensed Group Child Care (Preschools)", "source": "PATCH" }, "geometry": { "type": "Point", "coordinates": [ -157.809677278378786, 21.307579876883057 ] } },
{ "type": "Feature", "properties": { "objectid": 252, "name": "Waipuna Chapel Preschool", "address": "17 Omaopio Road", "city": "Kula", "zip": 96790, "island_dis": "Maui", "type": "Licensed Group Child Care (Preschools)", "source": "PATCH" }, "geometry": { "type": "Point", "coordinates": [ -156.326214944184301, 20.797257147849862 ] } },
{ "type": "Feature", "properties": { "objectid": 253, "name": "Kamaaina Kids Judd Street Preschool", "address": "45 Judd Street", "city": "Honolulu", "zip": 96817, "island_dis": "Oahu", "type": "Licensed Group Child Care (Preschools)", "source": "PATCH" }, "geometry": { "type": "Point", "coordinates": [ -157.850721290009943, 21.323160506593325 ] } },
{ "type": "Feature", "properties": { "objectid": 254, "name": "Kulaniakea Preschool", "address": "45-114 Waikapoki Road", "city": "Kaneohe", "zip": 96744, "island_dis": "Oahu", "type": "Licensed Group Child Care (Preschools)", "source": "PATCH" }, "geometry": { "type": "Point", "coordinates": [ -157.792862457547955, 21.415854480437002 ] } },
{ "type": "Feature", "properties": { "objectid": 255, "name": "Na Maka Kindergarten Prep School - Mililani", "address": "95-390 Kuahelani Ave, Ste 3f", "city": "Mililani", "zip": 96789, "island_dis": "Oahu", "type": "Licensed Group Child Care (Preschools)", "source": "PATCH" }, "geometry": { "type": "Point", "coordinates": [ -158.014489365932263, 21.458215184509555 ] } },
{ "type": "Feature", "properties": { "objectid": 256, "name": "Kihei Baptist Preschool", "address": "1655 South Kihei Road", "city": "Kihei", "zip": 96753, "island_dis": "Maui", "type": "Licensed Group Child Care (Preschools)", "source": "PATCH" }, "geometry": { "type": "Point", "coordinates": [ -156.454112292939925, 20.739210894691936 ] } },
{ "type": "Feature", "properties": { "objectid": 257, "name": "Kamaaina Kids Maui Evangelical Preschool", "address": "256 Hina Avenue", "city": "Kahului", "zip": 96732, "island_dis": "Maui", "type": "Licensed Group Child Care (Preschools)", "source": "PATCH" }, "geometry": { "type": "Point", "coordinates": [ -156.473882721292853, 20.88153297652233 ] } },
{ "type": "Feature", "properties": { "objectid": 258, "name": "Kamaaina Kids Makawao Preschool", "address": "55 Makawao Avenue", "city": "Pukalani", "zip": 96768, "island_dis": "Maui", "type": "Licensed Group Child Care (Preschools)", "source": "PATCH" }, "geometry": { "type": "Point", "coordinates": [ -156.332544850769949, 20.834693747297298 ] } },
{ "type": "Feature", "properties": { "objectid": 259, "name": "HCAP Head Start Pohakea II", "address": "91-750 Ft. Weaver Rd. C3", "city": "Ewa Beach", "zip": 96706, "island_dis": "Oahu", "type": "Licensed Group Child Care (Preschools)", "source": "PATCH" }, "geometry": { "type": "Point", "coordinates": [ -158.009710500360171, 21.315762001034265 ] } },
{ "type": "Feature", "properties": { "objectid": 260, "name": "St Elizabeth Preschool", "address": "99-312 Moanalua Road", "city": "Aiea", "zip": 96701, "island_dis": "Oahu", "type": "Licensed Group Child Care (Preschools)", "source": "PATCH" }, "geometry": { "type": "Point", "coordinates": [ -157.929921751331648, 21.376211582872049 ] } },
{ "type": "Feature", "properties": { "objectid": 261, "name": "Children With Aloha Academy", "address": "550 Halekauwila Street #102-107", "city": "Honolulu", "zip": 96813, "island_dis": "Oahu", "type": "Licensed Group Child Care (Preschools)", "source": "PATCH" }, "geometry": { "type": "Point", "coordinates": [ -157.860480354126622, 21.302707881856048 ] } },
{ "type": "Feature", "properties": { "objectid": 262, "name": "The Growing Patch 24-Hour Children's Academy", "address": "99-080 Kauhale St, Ste D14-15", "city": "Aiea", "zip": 96701, "island_dis": "Oahu", "type": "Licensed Group Child Care (Preschools)", "source": "PATCH" }, "geometry": { "type": "Point", "coordinates": [ -157.931679685903021, 21.379093373931227 ] } },
{ "type": "Feature", "properties": { "objectid": 263, "name": "Jumpstart Preschool", "address": "2550 Pali Highway", "city": "Honolulu", "zip": 96817, "island_dis": "Oahu", "type": "Licensed Group Child Care (Preschools)", "source": "PATCH" }, "geometry": { "type": "Point", "coordinates": [ -157.844340517074073, 21.330450753291675 ] } },
{ "type": "Feature", "properties": { "objectid": 264, "name": "Ala Wai Elementary Head Start", "address": "503 Kamoku St E-33", "city": "Honolulu", "zip": 96826, "island_dis": "Oahu", "type": "Licensed Group Child Care (Preschools)", "source": "PATCH" }, "geometry": { "type": "Point", "coordinates": [ -157.826731499644382, 21.284730000656204 ] } },
{ "type": "Feature", "properties": { "objectid": 265, "name": "The Cole Acadamy - Mauna Lani", "address": "68-148 Hoohana Street", "city": "Kamuela", "zip": 96743, "island_dis": "West Hawaii", "type": "Licensed Group Child Care (Preschools)", "source": "PATCH" }, "geometry": { "type": "Point", "coordinates": [ -155.850154043465182, 19.945289329565153 ] } },
{ "type": "Feature", "properties": { "objectid": 266, "name": "Kamaaina Kids King Street", "address": "1054 South King Street", "city": "Honolulu", "zip": 96814, "island_dis": "Oahu", "type": "Licensed Group Child Care (Preschools)", "source": "PATCH" }, "geometry": { "type": "Point", "coordinates": [ -157.847108763972813, 21.300928918649845 ] } },
{ "type": "Feature", "properties": { "objectid": 267, "name": "Kinder Kids International Preschool", "address": "6660 Hawaii Kai Drive", "city": "Honolulu", "zip": 96825, "island_dis": "Oahu", "type": "Licensed Group Child Care (Preschools)", "source": "PATCH" }, "geometry": { "type": "Point", "coordinates": [ -157.708999084632154, 21.29384034168061 ] } },
{ "type": "Feature", "properties": { "objectid": 268, "name": "Sunshine Works Preschool", "address": "98-1277 Kaahumanu Street #116", "city": "Aiea", "zip": 96701, "island_dis": "Oahu", "type": "Licensed Group Child Care (Preschools)", "source": "PATCH" }, "geometry": { "type": "Point", "coordinates": [ -157.951943999646886, 21.390300001023935 ] } },
{ "type": "Feature", "properties": { "objectid": 269, "name": "The Cole Academy Queen's Court", "address": "800 Bethel Street", "city": "Honolulu", "zip": 96813, "island_dis": "Oahu", "type": "Licensed Group Child Care (Preschools)", "source": "PATCH" }, "geometry": { "type": "Point", "coordinates": [ -157.863896999750892, 21.309813000950673 ] } },
{ "type": "Feature", "properties": { "objectid": 270, "name": "Hauoli Haven Early Childhood Education Center", "address": "500 Manono St., Suite 104", "city": "Hilo", "zip": 96720, "island_dis": "East Hawaii", "type": "Licensed Group Child Care (Preschools)", "source": "PATCH" }, "geometry": { "type": "Point", "coordinates": [ -155.070090216578166, 19.715597916990021 ] } },
{ "type": "Feature", "properties": { "objectid": 271, "name": "Iroquois Point Preschool", "address": "5111 Iroquois Ave.", "city": "Ewa Beach", "zip": 96706, "island_dis": "Oahu", "type": "Licensed Group Child Care (Preschools)", "source": "PATCH" }, "geometry": { "type": "Point", "coordinates": [ -157.97941549497412, 21.320364949757121 ] } },
{ "type": "Feature", "properties": { "objectid": 272, "name": "Unity School", "address": "3608 Diamond Head Circle", "city": "Honolulu", "zip": 96815, "island_dis": "Oahu", "type": "Licensed Group Child Care (Preschools)", "source": "PATCH" }, "geometry": { "type": "Point", "coordinates": [ -157.812805059435789, 21.268690941438752 ] } },
{ "type": "Feature", "properties": { "objectid": 273, "name": "St Anthony Preschool", "address": "1627-B Mill Street", "city": "Wailuku", "zip": 96793, "island_dis": "Maui", "type": "Licensed Group Child Care (Preschools)", "source": "PATCH" }, "geometry": { "type": "Point", "coordinates": [ -156.497094112856189, 20.893442509900201 ] } },
{ "type": "Feature", "properties": { "objectid": 274, "name": "Kapahulu Bible Church Preschool", "address": "3221 Makini Street", "city": "Honolulu", "zip": 96815, "island_dis": "Oahu", "type": "Licensed Group Child Care (Preschools)", "source": "PATCH" }, "geometry": { "type": "Point", "coordinates": [ -157.810666500415294, 21.270645000887782 ] } },
{ "type": "Feature", "properties": { "objectid": 275, "name": "Malamalama Waldorf School Kinderhale", "address": "15-1834 Makuu Drive", "city": "Keaau", "zip": 96749, "island_dis": "East Hawaii", "type": "Licensed Group Child Care (Preschools)", "source": "PATCH" }, "geometry": { "type": "Point", "coordinates": [ -154.969272538718428, 19.556860067009449 ] } },
{ "type": "Feature", "properties": { "objectid": 276, "name": "Stepping Stones Academy Preschool", "address": "98-761 Oihana Place, Ste. 1", "city": "Aiea", "zip": 96701, "island_dis": "Oahu", "type": "Licensed Group Child Care (Preschools)", "source": "PATCH" }, "geometry": { "type": "Point", "coordinates": [ -157.952580541917257, 21.39176270705503 ] } },
{ "type": "Feature", "properties": { "objectid": 277, "name": "The Toddler Program", "address": "3509 Pahoa Avenue", "city": "Honolulu", "zip": 96816, "island_dis": "Oahu", "type": "Licensed Group Child Care (Preschools)", "source": "PATCH" }, "geometry": { "type": "Point", "coordinates": [ -157.802559741248871, 21.280429248388394 ] } },
{ "type": "Feature", "properties": { "objectid": 278, "name": "Mililani Presbyterian Preschool", "address": "95-410 Kuahelani Avenue", "city": "Mililani", "zip": 96789, "island_dis": "Oahu", "type": "Licensed Group Child Care (Preschools)", "source": "PATCH" }, "geometry": { "type": "Point", "coordinates": [ -158.014480499901225, 21.459294000364959 ] } },
{ "type": "Feature", "properties": { "objectid": 279, "name": "University of Hawaii at Manoa Childrens Center", "address": "2320 Dole Street", "city": "Honolulu", "zip": 96822, "island_dis": "Oahu", "type": "Licensed Group Child Care (Preschools)", "source": "PATCH" }, "geometry": { "type": "Point", "coordinates": [ -157.822749519235799, 21.296905263883282 ] } },
{ "type": "Feature", "properties": { "objectid": 280, "name": "University of Hawaii at Manoa Children's Center Noelani", "address": "2655 Woodlawn Drive, Room Po 2", "city": "Honolulu", "zip": 96822, "island_dis": "Oahu", "type": "Licensed Group Child Care (Preschools)", "source": "PATCH" }, "geometry": { "type": "Point", "coordinates": [ -157.811584557802689, 21.306560307380785 ] } },
{ "type": "Feature", "properties": { "objectid": 281, "name": "University of Hawaii at Manoa Children's Center Kuhio", "address": "2759 South King St, #c1", "city": "Honolulu", "zip": 96826, "island_dis": "Oahu", "type": "Licensed Group Child Care (Preschools)", "source": "PATCH" }, "geometry": { "type": "Point", "coordinates": [ -157.819778999610918, 21.289212000772398 ] } },
{ "type": "Feature", "properties": { "objectid": 282, "name": "Windward Nazarene Academy Preschool", "address": "45-232 Puaae Road", "city": "Kaneohe", "zip": 96744, "island_dis": "Oahu", "type": "Licensed Group Child Care (Preschools)", "source": "PATCH" }, "geometry": { "type": "Point", "coordinates": [ -157.789286921101564, 21.404120796500504 ] } },
{ "type": "Feature", "properties": { "objectid": 283, "name": "Sounds Of Success Preschool And Learning Center", "address": "98-029 Hekaha St, Bldg 5, Ste 44", "city": "Aiea", "zip": 96701, "island_dis": "Oahu", "type": "Licensed Group Child Care (Preschools)", "source": "PATCH" }, "geometry": { "type": "Point", "coordinates": [ -157.95142433161061, 21.384782370703547 ] } },
{ "type": "Feature", "properties": { "objectid": 284, "name": "KCAA Atherton Preschool", "address": "410 Oneawa Street", "city": "Kailua", "zip": 96734, "island_dis": "Oahu", "type": "Licensed Group Child Care (Preschools)", "source": "PATCH" }, "geometry": { "type": "Point", "coordinates": [ -157.747720499751267, 21.400191000879559 ] } },
{ "type": "Feature", "properties": { "objectid": 285, "name": "KCAA Muriel Preschool", "address": "1045 Kawaiahao Street", "city": "Honolulu", "zip": 96814, "island_dis": "Oahu", "type": "Licensed Group Child Care (Preschools)", "source": "PATCH" }, "geometry": { "type": "Point", "coordinates": [ -157.85205579327183, 21.29587822076218 ] } },
{ "type": "Feature", "properties": { "objectid": 286, "name": "Stepping Stones Academy - Waipahu", "address": "94-905 Waipahu Street #200", "city": "Waipahu", "zip": 96797, "island_dis": "Oahu", "type": "Licensed Group Child Care (Preschools)", "source": "PATCH" }, "geometry": { "type": "Point", "coordinates": [ -158.006025000441213, 21.38625900060407 ] } },
{ "type": "Feature", "properties": { "objectid": 287, "name": "Little Hoku Montessori Academy, LLC", "address": "220 Moi Place", "city": "Kihei", "zip": 96753, "island_dis": "Maui", "type": "Licensed Group Child Care (Preschools)", "source": "PATCH" }, "geometry": { "type": "Point", "coordinates": [ -156.453808000715327, 20.778638484216394 ] } },
{ "type": "Feature", "properties": { "objectid": 288, "name": "Rainbow School Kaneohe", "address": "45-211 Waikalua Road", "city": "Kaneohe", "zip": 96744, "island_dis": "Oahu", "type": "Licensed Group Child Care (Preschools)", "source": "PATCH" }, "geometry": { "type": "Point", "coordinates": [ -157.795835062930621, 21.413729251662048 ] } },
{ "type": "Feature", "properties": { "objectid": 289, "name": "L. Robert Allen Montessori Center", "address": "3140 Waialae Avenue, Bldg. 20", "city": "Honolulu", "zip": 96816, "island_dis": "Oahu", "type": "Licensed Group Child Care (Preschools)", "source": "PATCH" }, "geometry": { "type": "Point", "coordinates": [ -157.807421999656867, 21.289878001083014 ] } },
{ "type": "Feature", "properties": { "objectid": 290, "name": "Keiki O Ka Aina Family Learning Center Ka Pua Preschool", "address": "87-790 Kulauku St.", "city": "Waianae", "zip": 96792, "island_dis": "Oahu", "type": "Licensed Group Child Care (Preschools)", "source": "PATCH" }, "geometry": { "type": "Point", "coordinates": [ -158.171755012999114, 21.409419985749217 ] } },
{ "type": "Feature", "properties": { "objectid": 291, "name": "Aiea Hongwanji Preschool", "address": "99-186 Puakala Street", "city": "Aiea", "zip": 96701, "island_dis": "Oahu", "type": "Licensed Group Child Care (Preschools)", "source": "PATCH" }, "geometry": { "type": "Point", "coordinates": [ -157.929009914227834, 21.377831342543896 ] } },
{ "type": "Feature", "properties": { "objectid": 292, "name": "Alani Childrens Center", "address": "4303 Diamond Head Road", "city": "Honolulu", "zip": 96816, "island_dis": "Oahu", "type": "Licensed Group Child Care (Preschools)", "source": "PATCH" }, "geometry": { "type": "Point", "coordinates": [ -157.800302999597875, 21.27071700108494 ] } },
{ "type": "Feature", "properties": { "objectid": 293, "name": "Koloa Head Start", "address": "3223 Poipu Road", "city": "Koloa", "zip": 96756, "island_dis": "Kauai", "type": "Licensed Group Child Care (Preschools)", "source": "PATCH" }, "geometry": { "type": "Point", "coordinates": [ -159.466117361115835, 21.898985421006248 ] } },
{ "type": "Feature", "properties": { "objectid": 294, "name": "Kekaha Head Start", "address": "8563 Elepaio Road", "city": "Kekaha", "zip": 96752, "island_dis": "Kauai", "type": "Licensed Group Child Care (Preschools)", "source": "PATCH" }, "geometry": { "type": "Point", "coordinates": [ -159.707055175809217, 21.963292270249646 ] } },
{ "type": "Feature", "properties": { "objectid": 295, "name": "Kapaa Head Start", "address": "4886 Kawaihau Road", "city": "Kapaa", "zip": 96746, "island_dis": "Kauai", "type": "Licensed Group Child Care (Preschools)", "source": "PATCH" }, "geometry": { "type": "Point", "coordinates": [ -159.313892071885618, 22.08898901379392 ] } },
{ "type": "Feature", "properties": { "objectid": 296, "name": "St. Catherine Preschool", "address": "5021 Kawaihau Road", "city": "Kapaa", "zip": 96746, "island_dis": "Kauai", "type": "Licensed Group Child Care (Preschools)", "source": "PATCH" }, "geometry": { "type": "Point", "coordinates": [ -159.316702878255001, 22.092109967644333 ] } },
{ "type": "Feature", "properties": { "objectid": 297, "name": "A Caring Place Montessori Preschool", "address": "260 North Kainalu Drive", "city": "Kailua", "zip": 96734, "island_dis": "Oahu", "type": "Licensed Group Child Care (Preschools)", "source": "PATCH" }, "geometry": { "type": "Point", "coordinates": [ -157.742734606676038, 21.403062460736294 ] } },
{ "type": "Feature", "properties": { "objectid": 298, "name": "St. Theresa Early Learning Academy (S.T.E.L.A.)", "address": "8311 Kaumualii Hwy", "city": "Kekaha", "zip": 96752, "island_dis": "Kauai", "type": "Licensed Group Child Care (Preschools)", "source": "PATCH" }, "geometry": { "type": "Point", "coordinates": [ -159.711126350962672, 21.964559198774868 ] } },
{ "type": "Feature", "properties": { "objectid": 299, "name": "Love A Keiki Learning Center", "address": "1239 Olomea Street", "city": "Honolulu", "zip": 96817, "island_dis": "Oahu", "type": "Licensed Group Child Care (Preschools)", "source": "PATCH" }, "geometry": { "type": "Point", "coordinates": [ -157.869083921771818, 21.328304449992761 ] } },
{ "type": "Feature", "properties": { "objectid": 300, "name": "Faith, Hope & Love Child Care & Learning Center", "address": "94-133 Pahu Street", "city": "Waipahu", "zip": 96797, "island_dis": "Oahu", "type": "Licensed Group Child Care (Preschools)", "source": "PATCH" }, "geometry": { "type": "Point", "coordinates": [ -158.007144357036054, 21.382854423478012 ] } },
{ "type": "Feature", "properties": { "objectid": 301, "name": "Sonshine Preschool & Day Care Center", "address": "81-6614 Mamalahoa Highway", "city": "Kealakekua", "zip": 96750, "island_dis": "West Hawaii", "type": "Licensed Group Child Care (Preschools)", "source": "PATCH" }, "geometry": { "type": "Point", "coordinates": [ -155.920540015700112, 19.514957051517044 ] } },
{ "type": "Feature", "properties": { "objectid": 302, "name": "Friendship Christian Schools at Youth Center Campus", "address": "91-1207 Renton Road", "city": "Ewa Beach", "zip": 96706, "island_dis": "Oahu", "type": "Licensed Group Child Care (Preschools)", "source": "PATCH" }, "geometry": { "type": "Point", "coordinates": [ -158.035828500424969, 21.340674000284977 ] } },
{ "type": "Feature", "properties": { "objectid": 303, "name": "Aloha School Early Learning Center", "address": "5-5344 Kuhio Highway", "city": "Hanalei", "zip": 96714, "island_dis": "Kauai", "type": "Licensed Group Child Care (Preschools)", "source": "PATCH" }, "geometry": { "type": "Point", "coordinates": [ -159.500617742839523, 22.201700312756135 ] } },
{ "type": "Feature", "properties": { "objectid": 304, "name": "Island School Na Pua Keiki", "address": "3-1875 Kaumualii Hwy", "city": "Lihue", "zip": 96766, "island_dis": "Kauai", "type": "Licensed Group Child Care (Preschools)", "source": "PATCH" }, "geometry": { "type": "Point", "coordinates": [ -159.396300548161804, 21.966821475483531 ] } },
{ "type": "Feature", "properties": { "objectid": 305, "name": "Kamehameha Schools Preschool - Kaumakani", "address": "2201 Kaumakani Road", "city": "Kaumakani", "zip": 96747, "island_dis": "Kauai", "type": "Licensed Group Child Care (Preschools)", "source": "PATCH" }, "geometry": { "type": "Point", "coordinates": [ -159.620376166688743, 21.918505772973191 ] } },
{ "type": "Feature", "properties": { "objectid": 306, "name": "Lihue Hongwanji Preschool", "address": "3-3560 B Kuhio Hwy", "city": "Lihue", "zip": 96766, "island_dis": "Kauai", "type": "Licensed Group Child Care (Preschools)", "source": "PATCH" }, "geometry": { "type": "Point", "coordinates": [ -159.366185726953489, 21.990344581926774 ] } },
{ "type": "Feature", "properties": { "objectid": 307, "name": "Kauai Christian Academy Preschool", "address": "4000 Kilauea Road", "city": "Kilauea", "zip": 96754, "island_dis": "Kauai", "type": "Licensed Group Child Care (Preschools)", "source": "PATCH" }, "geometry": { "type": "Point", "coordinates": [ -159.403815856294699, 22.217295417597061 ] } },
{ "type": "Feature", "properties": { "objectid": 308, "name": "Kahili Adventist Preschool", "address": "4-1132 Kuhio Highway", "city": "Kapaa", "zip": 96746, "island_dis": "Kauai", "type": "Licensed Group Child Care (Preschools)", "source": "PATCH" }, "geometry": { "type": "Point", "coordinates": [ -159.319420366741014, 22.069727895688811 ] } },
{ "type": "Feature", "properties": { "objectid": 309, "name": "Haloalaunuiakea Early Learning Center", "address": "4402 Waialo Road", "city": "Eleele", "zip": 96705, "island_dis": "Kauai", "type": "Licensed Group Child Care (Preschools)", "source": "PATCH" }, "geometry": { "type": "Point", "coordinates": [ -159.585867945284491, 21.90275470074069 ] } },
{ "type": "Feature", "properties": { "objectid": 310, "name": "KCF Keiki Preschool", "address": "2731 Ala Kinoiki Street", "city": "Koloa", "zip": 96756, "island_dis": "Kauai", "type": "Licensed Group Child Care (Preschools)", "source": "PATCH" }, "geometry": { "type": "Point", "coordinates": [ -159.450159113322911, 21.887410904507544 ] } },
{ "type": "Feature", "properties": { "objectid": 311, "name": "OCA Preschool", "address": "4212 Rice Street", "city": "Lihue", "zip": 96766, "island_dis": "Kauai", "type": "Licensed Group Child Care (Preschools)", "source": "PATCH" }, "geometry": { "type": "Point", "coordinates": [ -159.363502492382906, 21.97139922750285 ] } },
{ "type": "Feature", "properties": { "objectid": 312, "name": "Na Maka Kindergarten Prep School Honolulu", "address": "1254 South King Street", "city": "Honolulu", "zip": 96814, "island_dis": "Oahu", "type": "Licensed Group Child Care (Preschools)", "source": "PATCH" }, "geometry": { "type": "Point", "coordinates": [ -157.842485999856024, 21.299490000559281 ] } },
{ "type": "Feature", "properties": { "objectid": 313, "name": "Saint Theresa School", "address": "712 N School St", "city": "Honolulu", "zip": 96817, "island_dis": "Oahu", "type": "Licensed Group Child Care (Preschools)", "source": "PATCH" }, "geometry": { "type": "Point", "coordinates": [ -157.860612000122785, 21.324654000317349 ] } },
{ "type": "Feature", "properties": { "objectid": 314, "name": "A Room To Grow Preschool Too", "address": "3116 Akahi Street", "city": "Lihue", "zip": 96766, "island_dis": "Kauai", "type": "Licensed Group Child Care (Preschools)", "source": "PATCH" }, "geometry": { "type": "Point", "coordinates": [ -159.367463435055811, 21.977438689899582 ] } },
{ "type": "Feature", "properties": { "objectid": 315, "name": "A Room To Grow Preschool One", "address": "3195 Elua Street", "city": "Lihue", "zip": 96766, "island_dis": "Kauai", "type": "Licensed Group Child Care (Preschools)", "source": "PATCH" }, "geometry": { "type": "Point", "coordinates": [ -159.366009612001704, 21.979386303443686 ] } },
{ "type": "Feature", "properties": { "objectid": 316, "name": "The Early Education Center", "address": "1130 Alapai Street", "city": "Honolulu", "zip": 96813, "island_dis": "Oahu", "type": "Licensed Group Child Care (Preschools)", "source": "PATCH" }, "geometry": { "type": "Point", "coordinates": [ -157.853673817520672, 21.304160932558926 ] } },
{ "type": "Feature", "properties": { "objectid": 317, "name": "YWCA of Hawaii Island Developmental Preschool", "address": "145 Ululani Street", "city": "Hilo", "zip": 96720, "island_dis": "East Hawaii", "type": "Licensed Group Child Care (Preschools)", "source": "PATCH" }, "geometry": { "type": "Point", "coordinates": [ -155.089125022610119, 19.723352740716219 ] } },
{ "type": "Feature", "properties": { "objectid": 318, "name": "Lihue Head Start", "address": "3343 Kanakolu Street", "city": "Lihue", "zip": 96766, "island_dis": "Kauai", "type": "Licensed Group Child Care (Preschools)", "source": "PATCH" }, "geometry": { "type": "Point", "coordinates": [ -159.370748047066513, 21.984843373786969 ] } },
{ "type": "Feature", "properties": { "objectid": 319, "name": "Kamehameha Preschool - Keaau", "address": "15-1906 20th Avenue", "city": "Keaau", "zip": 96749, "island_dis": "East Hawaii", "type": "Licensed Group Child Care (Preschools)", "source": "PATCH" }, "geometry": { "type": "Point", "coordinates": [ -154.964265922870624, 19.568999286572161 ] } },
{ "type": "Feature", "properties": { "objectid": 320, "name": "Kamehameha Preschool - Pahoa", "address": "15-3022 Puna Road", "city": "Pahoa", "zip": 96778, "island_dis": "East Hawaii", "type": "Licensed Group Child Care (Preschools)", "source": "PATCH" }, "geometry": { "type": "Point", "coordinates": [ -154.905081927989528, 19.51266842531258 ] } },
{ "type": "Feature", "properties": { "objectid": 321, "name": "PACT Head Start (Puueo)", "address": "145 Wainaku Street", "city": "Hilo", "zip": 96720, "island_dis": "East Hawaii", "type": "Licensed Group Child Care (Preschools)", "source": "PATCH" }, "geometry": { "type": "Point", "coordinates": [ -155.09088491232734, 19.744769125224629 ] } },
{ "type": "Feature", "properties": { "objectid": 322, "name": "PACT Head Start Hawaiian Beaches", "address": "15-360 North Puni Makai Street", "city": "Pahoa", "zip": 96778, "island_dis": "East Hawaii", "type": "Licensed Group Child Care (Preschools)", "source": "PATCH" }, "geometry": { "type": "Point", "coordinates": [ -154.902471528529333, 19.548166371494602 ] } },
{ "type": "Feature", "properties": { "objectid": 323, "name": "PACT Head Start Hilo Child Development Center", "address": "2133 Waianuenue Avenue", "city": "Hilo", "zip": 96720, "island_dis": "East Hawaii", "type": "Licensed Group Child Care (Preschools)", "source": "PATCH" }, "geometry": { "type": "Point", "coordinates": [ -155.138231774730258, 19.714560654783433 ] } },
{ "type": "Feature", "properties": { "objectid": 324, "name": "PACT Head Start Kalanianaole Inclusion", "address": "27-330 Old Mamalahoa Hwy", "city": "Papaikou", "zip": 96781, "island_dis": "East Hawaii", "type": "Licensed Group Child Care (Preschools)", "source": "PATCH" }, "geometry": { "type": "Point", "coordinates": [ -155.093156249080664, 19.779128675248192 ] } },
{ "type": "Feature", "properties": { "objectid": 325, "name": "PACT Head Start Keonepoko Pre-Plus Inclusion", "address": "15-890 Kahakai Blvd", "city": "Pahoa", "zip": 96778, "island_dis": "East Hawaii", "type": "Licensed Group Child Care (Preschools)", "source": "PATCH" }, "geometry": { "type": "Point", "coordinates": [ -154.929108807678318, 19.526099066334666 ] } },
{ "type": "Feature", "properties": { "objectid": 326, "name": "PACT Head Start Mt. View Pre-Plus", "address": "18-1235 Volcano Highway", "city": "Mountain View", "zip": 96771, "island_dis": "East Hawaii", "type": "Licensed Group Child Care (Preschools)", "source": "PATCH" }, "geometry": { "type": "Point", "coordinates": [ -155.102735007825061, 19.555093077954865 ] } },
{ "type": "Feature", "properties": { "objectid": 327, "name": "All Saints Preschool", "address": "4-1065 Kuhio Hwy", "city": "Kapaa", "zip": 96746, "island_dis": "Kauai", "type": "Licensed Group Child Care (Preschools)", "source": "PATCH" }, "geometry": { "type": "Point", "coordinates": [ -159.319428110880295, 22.067874918040779 ] } },
{ "type": "Feature", "properties": { "objectid": 328, "name": "Hilo Hongwanji Preschool", "address": "398 Kilauea Avenue", "city": "Hilo", "zip": 96720, "island_dis": "East Hawaii", "type": "Licensed Group Child Care (Preschools)", "source": "PATCH" }, "geometry": { "type": "Point", "coordinates": [ -155.08280846198744, 19.720020924907843 ] } },
{ "type": "Feature", "properties": { "objectid": 329, "name": "Natural Bridges School", "address": "2414 Oka Street", "city": "Kilauea", "zip": 96754, "island_dis": "Kauai", "type": "Licensed Group Child Care (Preschools)", "source": "PATCH" }, "geometry": { "type": "Point", "coordinates": [ -159.406715273352518, 22.209983403789202 ] } },
{ "type": "Feature", "properties": { "objectid": 330, "name": "HCAP Head Start 442", "address": "85-555 B Farrington Hwy", "city": "Waianae", "zip": 96792, "island_dis": "Oahu", "type": "Licensed Group Child Care (Preschools)", "source": "PATCH" }, "geometry": { "type": "Point", "coordinates": [ -158.194124012954774, 21.452038148778652 ] } },
{ "type": "Feature", "properties": { "objectid": 331, "name": "HCAP Head Start Aiea Elementary I", "address": "99-370 Moanalua Road", "city": "Aiea", "zip": 96701, "island_dis": "Oahu", "type": "Licensed Group Child Care (Preschools)", "source": "PATCH" }, "geometry": { "type": "Point", "coordinates": [ -157.927945500184819, 21.375765000769469 ] } },
{ "type": "Feature", "properties": { "objectid": 332, "name": "HCAP Head Start Aiea Elementary Pre-plus", "address": "99-370 Moanalua Road", "city": "Aiea", "zip": 96701, "island_dis": "Oahu", "type": "Licensed Group Child Care (Preschools)", "source": "PATCH" }, "geometry": { "type": "Point", "coordinates": [ -157.927945500184819, 21.375765000769469 ] } },
{ "type": "Feature", "properties": { "objectid": 333, "name": "HCAP Head Start Ben Parker Elementary II", "address": "45-259 Waikalua Road A5", "city": "Kaneohe", "zip": 96744, "island_dis": "Oahu", "type": "Licensed Group Child Care (Preschools)", "source": "PATCH" }, "geometry": { "type": "Point", "coordinates": [ -157.798993028451264, 21.413528600961296 ] } },
{ "type": "Feature", "properties": { "objectid": 334, "name": "HCAP Head Start Benjamin Parker", "address": "45-259 Waikalua Road", "city": "Kaneohe", "zip": 96744, "island_dis": "Oahu", "type": "Licensed Group Child Care (Preschools)", "source": "PATCH" }, "geometry": { "type": "Point", "coordinates": [ -157.798993028451264, 21.413528600961296 ] } },
{ "type": "Feature", "properties": { "objectid": 335, "name": "HCAP Head Start Daniel K. Inouye Elementary", "address": "1 Waianae Ave & Ayers Ave, Rm G1", "city": "Wahiawa", "zip": 96786, "island_dis": "Oahu", "type": "Licensed Group Child Care (Preschools)", "source": "PATCH" }, "geometry": { "type": "Point", "coordinates": [ -158.058468000359795, 21.499101000555861 ] } },
{ "type": "Feature", "properties": { "objectid": 336, "name": "Enchanted Lake Head Start", "address": "770 Keolu Drive", "city": "Kailua", "zip": 96734, "island_dis": "Oahu", "type": "Licensed Group Child Care (Preschools)", "source": "PATCH" }, "geometry": { "type": "Point", "coordinates": [ -157.731526032623208, 21.384036740522191 ] } },
{ "type": "Feature", "properties": { "objectid": 337, "name": "HCAP Head Start Halawa", "address": "99-795 Iwaiwa Street", "city": "Aiea", "zip": 96701, "island_dis": "Oahu", "type": "Licensed Group Child Care (Preschools)", "source": "PATCH" }, "geometry": { "type": "Point", "coordinates": [ -157.916632499839125, 21.373668000488728 ] } },
{ "type": "Feature", "properties": { "objectid": 338, "name": "HCAP Head Start Hauula Elementary School", "address": "54-046 Kamehameha Highway", "city": "Hauula", "zip": 96717, "island_dis": "Oahu", "type": "Licensed Group Child Care (Preschools)", "source": "PATCH" }, "geometry": { "type": "Point", "coordinates": [ -157.907718000383937, 21.605769001074197 ] } },
{ "type": "Feature", "properties": { "objectid": 339, "name": "HCAP Head Start Heeia", "address": "46-202 Haiku Road", "city": "Kaneohe", "zip": 96744, "island_dis": "Oahu", "type": "Licensed Group Child Care (Preschools)", "source": "PATCH" }, "geometry": { "type": "Point", "coordinates": [ -157.809104455279197, 21.419201448990442 ] } },
{ "type": "Feature", "properties": { "objectid": 340, "name": "HCAP Head Start Ka Pua I & II", "address": "87-790 Kulauku Street", "city": "Waianae", "zip": 96792, "island_dis": "Oahu", "type": "Licensed Group Child Care (Preschools)", "source": "PATCH" }, "geometry": { "type": "Point", "coordinates": [ -158.171755012999114, 21.409419985749217 ] } },
{ "type": "Feature", "properties": { "objectid": 341, "name": "HCAP Head Start Kaala Elementary Pre-plus", "address": "130 California Avenue", "city": "Wahiawa", "zip": 96786, "island_dis": "Oahu", "type": "Licensed Group Child Care (Preschools)", "source": "PATCH" }, "geometry": { "type": "Point", "coordinates": [ -158.036876999615401, 21.494169000306396 ] } },
{ "type": "Feature", "properties": { "objectid": 342, "name": "Kaewai Head Start", "address": "1929 Kamehameha Road Iv", "city": "Honolulu", "zip": 96819, "island_dis": "Oahu", "type": "Licensed Group Child Care (Preschools)", "source": "PATCH" }, "geometry": { "type": "Point", "coordinates": [ -157.868936999576732, 21.344895000412791 ] } },
{ "type": "Feature", "properties": { "objectid": 343, "name": "HCAP Head Start Kahaluu", "address": "47-280 Waihee Road", "city": "Kaneohe", "zip": 96744, "island_dis": "Oahu", "type": "Licensed Group Child Care (Preschools)", "source": "PATCH" }, "geometry": { "type": "Point", "coordinates": [ -157.845352893318818, 21.457741855776813 ] } },
{ "type": "Feature", "properties": { "objectid": 344, "name": "HCAP Head Start Kahikolu", "address": "85-296 Ala Hema Street", "city": "Waianae", "zip": 96792, "island_dis": "Oahu", "type": "Licensed Group Child Care (Preschools)", "source": "PATCH" }, "geometry": { "type": "Point", "coordinates": [ -158.191731464542585, 21.454117899478653 ] } },
{ "type": "Feature", "properties": { "objectid": 345, "name": "Kailua Elementary Pre-Plus Head Start", "address": "315 Kuulei Road", "city": "Kailua", "zip": 96734, "island_dis": "Oahu", "type": "Licensed Group Child Care (Preschools)", "source": "PATCH" }, "geometry": { "type": "Point", "coordinates": [ -157.741136117839517, 21.395967995845016 ] } },
{ "type": "Feature", "properties": { "objectid": 346, "name": "Kainalu Elementary Head Start", "address": "165 Kaiholu Street", "city": "Kailua", "zip": 96734, "island_dis": "Oahu", "type": "Licensed Group Child Care (Preschools)", "source": "PATCH" }, "geometry": { "type": "Point", "coordinates": [ -157.74813364036396, 21.413987343016117 ] } },
{ "type": "Feature", "properties": { "objectid": 347, "name": "Kaiulani I & II Head Start", "address": "783 North King Street", "city": "Honolulu", "zip": 96817, "island_dis": "Oahu", "type": "Licensed Group Child Care (Preschools)", "source": "PATCH" }, "geometry": { "type": "Point", "coordinates": [ -157.867169507683286, 21.321719835454282 ] } },
{ "type": "Feature", "properties": { "objectid": 348, "name": "Kalihi Kai Head Start HCAP", "address": "626 Mcneill St", "city": "Honolulu", "zip": 96817, "island_dis": "Oahu", "type": "Licensed Group Child Care (Preschools)", "source": "PATCH" }, "geometry": { "type": "Point", "coordinates": [ -157.878648000326791, 21.327273000372259 ] } },
{ "type": "Feature", "properties": { "objectid": 349, "name": "HCAP Head Start Kaneohe Elementary", "address": "45-495 Kamehameha Highway", "city": "Kaneohe", "zip": 96744, "island_dis": "Oahu", "type": "Licensed Group Child Care (Preschools)", "source": "PATCH" }, "geometry": { "type": "Point", "coordinates": [ -157.795650000254426, 21.395997000387887 ] } },
{ "type": "Feature", "properties": { "objectid": 350, "name": "HCAP Head Start Kapalama", "address": "1601 North School Street", "city": "Honolulu", "zip": 96817, "island_dis": "Oahu", "type": "Licensed Group Child Care (Preschools)", "source": "PATCH" }, "geometry": { "type": "Point", "coordinates": [ -157.868707877918752, 21.335074465016067 ] } },
{ "type": "Feature", "properties": { "objectid": 351, "name": "HCAP Head Start Keiki Country I", "address": "87-412 Kaukama Road", "city": "Waianae", "zip": 96792, "island_dis": "Oahu", "type": "Licensed Group Child Care (Preschools)", "source": "PATCH" }, "geometry": { "type": "Point", "coordinates": [ -158.166792000039976, 21.406293000264004 ] } },
{ "type": "Feature", "properties": { "objectid": 352, "name": "HCAP Head Start Keiki Country II", "address": "87-412 Kaukama Road", "city": "Waianae", "zip": 96792, "island_dis": "Oahu", "type": "Licensed Group Child Care (Preschools)", "source": "PATCH" }, "geometry": { "type": "Point", "coordinates": [ -158.166792000039976, 21.406293000264004 ] } },
{ "type": "Feature", "properties": { "objectid": 353, "name": "HCAP Head Start Kipapa Elementary", "address": "95-076 Kipapa Drive", "city": "Mililani", "zip": 96789, "island_dis": "Oahu", "type": "Licensed Group Child Care (Preschools)", "source": "PATCH" }, "geometry": { "type": "Point", "coordinates": [ -158.011938000313876, 21.460842000968039 ] } },
{ "type": "Feature", "properties": { "objectid": 354, "name": "HCAP Head Start KMCBH", "address": "257 Reed Road #3", "city": "Kailua", "zip": 96734, "island_dis": "Oahu", "type": "Licensed Group Child Care (Preschools)", "source": "PATCH" }, "geometry": { "type": "Point", "coordinates": [ -157.758715979664515, 21.450226122229076 ] } },
{ "type": "Feature", "properties": { "objectid": 355, "name": "HCAP Head Start Kunia", "address": "92-1750 Kunia Drive", "city": "Kunia", "zip": 96759, "island_dis": "Oahu", "type": "Licensed Group Child Care (Preschools)", "source": "PATCH" }, "geometry": { "type": "Point", "coordinates": [ -158.059144470134527, 21.456684111460664 ] } },
{ "type": "Feature", "properties": { "objectid": 356, "name": "HCAP Head Start Kunia III", "address": "92-1750 Kunia Drive", "city": "Kunia", "zip": 96759, "island_dis": "Oahu", "type": "Licensed Group Child Care (Preschools)", "source": "PATCH" }, "geometry": { "type": "Point", "coordinates": [ -158.059144470134527, 21.456684111460664 ] } },
{ "type": "Feature", "properties": { "objectid": 357, "name": "HCAP Head Start Laie Elementary", "address": "55-109 Kulanui St", "city": "Laie", "zip": 96762, "island_dis": "Oahu", "type": "Licensed Group Child Care (Preschools)", "source": "PATCH" }, "geometry": { "type": "Point", "coordinates": [ -157.925862000264715, 21.64915800068033 ] } },
{ "type": "Feature", "properties": { "objectid": 358, "name": "HCAP Head Start Makaha Elementary", "address": "84-200 Ala Naauao Place", "city": "Waianae", "zip": 96792, "island_dis": "Oahu", "type": "Licensed Group Child Care (Preschools)", "source": "PATCH" }, "geometry": { "type": "Point", "coordinates": [ -158.212462970411025, 21.469286383203315 ] } },
{ "type": "Feature", "properties": { "objectid": 359, "name": "HCAP Head Start Maunawili Elementary", "address": "1465 Ulupi'i St", "city": "Kailua", "zip": 96734, "island_dis": "Oahu", "type": "Licensed Group Child Care (Preschools)", "source": "PATCH" }, "geometry": { "type": "Point", "coordinates": [ -157.752201168896278, 21.377725236878778 ] } },
{ "type": "Feature", "properties": { "objectid": 360, "name": "HCAP Head Start Nanakuli I & II", "address": "89-195 Farrington Hwy", "city": "Waianae", "zip": 96792, "island_dis": "Oahu", "type": "Licensed Group Child Care (Preschools)", "source": "PATCH" }, "geometry": { "type": "Point", "coordinates": [ -158.144482965674399, 21.380523510949455 ] } },
{ "type": "Feature", "properties": { "objectid": 361, "name": "HCAP Head Start Pope", "address": "41-133 Huli St", "city": "Waimanalo", "zip": 96795, "island_dis": "Oahu", "type": "Licensed Group Child Care (Preschools)", "source": "PATCH" }, "geometry": { "type": "Point", "coordinates": [ -157.693828903014918, 21.327880701429283 ] } },
{ "type": "Feature", "properties": { "objectid": 362, "name": "ABC Fun Preschool", "address": "97-a Olona Street #101", "city": "Hilo", "zip": 96720, "island_dis": "East Hawaii", "type": "Licensed Group Child Care (Preschools)", "source": "PATCH" }, "geometry": { "type": "Point", "coordinates": [ -155.076323925679134, 19.703942200837741 ] } },
{ "type": "Feature", "properties": { "objectid": 363, "name": "HCAP Head Start Puohala Elementary", "address": "45-233 Kulauli Street", "city": "Kaneohe", "zip": 96744, "island_dis": "Oahu", "type": "Licensed Group Child Care (Preschools)", "source": "PATCH" }, "geometry": { "type": "Point", "coordinates": [ -157.789896814134494, 21.409382303014997 ] } },
{ "type": "Feature", "properties": { "objectid": 364, "name": "HCAP Head Start Puuhale Elementary", "address": "345 Puuhale Road", "city": "Honolulu", "zip": 96819, "island_dis": "Oahu", "type": "Licensed Group Child Care (Preschools)", "source": "PATCH" }, "geometry": { "type": "Point", "coordinates": [ -157.884516000437657, 21.327345000938458 ] } },
{ "type": "Feature", "properties": { "objectid": 365, "name": "HCAP Head Start Salt Lake Elementary Pre-plus", "address": "1131 Ala Lilikoi St", "city": "Honolulu", "zip": 96818, "island_dis": "Oahu", "type": "Licensed Group Child Care (Preschools)", "source": "PATCH" }, "geometry": { "type": "Point", "coordinates": [ -157.912395260756739, 21.350874591941245 ] } },
{ "type": "Feature", "properties": { "objectid": 366, "name": "HCAP Head Start Ulu Ke Kukui I & II", "address": "87-576 Kulaaupuni Street", "city": "Waianae", "zip": 96792, "island_dis": "Oahu", "type": "Licensed Group Child Care (Preschools)", "source": "PATCH" }, "geometry": { "type": "Point", "coordinates": [ -158.170436999542289, 21.412737000671491 ] } },
{ "type": "Feature", "properties": { "objectid": 367, "name": "HCAP Head Start Wahiawa UMC 1", "address": "1445 California Ave.", "city": "Wahiawa", "zip": 96786, "island_dis": "Oahu", "type": "Licensed Group Child Care (Preschools)", "source": "PATCH" }, "geometry": { "type": "Point", "coordinates": [ -158.014340999974479, 21.502179000201195 ] } },
{ "type": "Feature", "properties": { "objectid": 368, "name": "HCAP Head Start Wahiawa Elementary Pre-plus", "address": "1402 Glen Ave", "city": "Wahiawa", "zip": 96786, "island_dis": "Oahu", "type": "Licensed Group Child Care (Preschools)", "source": "PATCH" }, "geometry": { "type": "Point", "coordinates": [ -158.017868494585258, 21.504139486416324 ] } },
{ "type": "Feature", "properties": { "objectid": 369, "name": "HCAP Head Start Waimanalo Elementary Pre-plus", "address": "41-1330 Kalanianaole Hwy", "city": "Waimanalo", "zip": 96795, "island_dis": "Oahu", "type": "Licensed Group Child Care (Preschools)", "source": "PATCH" }, "geometry": { "type": "Point", "coordinates": [ -157.714985203570762, 21.346900407390109 ] } },
{ "type": "Feature", "properties": { "objectid": 370, "name": "St Johns Catholic Preschool", "address": "95-370 Kuahelani Avenue", "city": "Mililani", "zip": 96789, "island_dis": "Oahu", "type": "Licensed Group Child Care (Preschools)", "source": "PATCH" }, "geometry": { "type": "Point", "coordinates": [ -158.014349903638646, 21.457449713196493 ] } },
{ "type": "Feature", "properties": { "objectid": 371, "name": "Calvary By The Sea School", "address": "5339 Kalanianaole Highway", "city": "Honolulu", "zip": 96821, "island_dis": "Oahu", "type": "Licensed Group Child Care (Preschools)", "source": "PATCH" }, "geometry": { "type": "Point", "coordinates": [ -157.749705764182835, 21.277564007241882 ] } },
{ "type": "Feature", "properties": { "objectid": 372, "name": "The Koloa Early School", "address": "5521 Koloa Rd.", "city": "Koloa", "zip": 96756, "island_dis": "Kauai", "type": "Licensed Group Child Care (Preschools)", "source": "PATCH" }, "geometry": { "type": "Point", "coordinates": [ -159.463210215208051, 21.905292665828913 ] } },
{ "type": "Feature", "properties": { "objectid": 373, "name": "The Childrens House Preschool", "address": "1840 Komo Mai Drive", "city": "Pearl City", "zip": 96782, "island_dis": "Oahu", "type": "Licensed Group Child Care (Preschools)", "source": "PATCH" }, "geometry": { "type": "Point", "coordinates": [ -157.961940551254997, 21.415080068332458 ] } },
{ "type": "Feature", "properties": { "objectid": 374, "name": "Aloha Keiki Preschool", "address": "17-4021 Kuaaina Road", "city": "Keaau", "zip": 96749, "island_dis": "East Hawaii", "type": "Licensed Group Child Care (Preschools)", "source": "PATCH" }, "geometry": { "type": "Point", "coordinates": [ -155.055089445787956, 19.601074165846974 ] } },
{ "type": "Feature", "properties": { "objectid": 375, "name": "Hawaii Kai Church Early Learning Center", "address": "265 Lunalilo Home Road", "city": "Honolulu", "zip": 96825, "island_dis": "Oahu", "type": "Licensed Group Child Care (Preschools)", "source": "PATCH" }, "geometry": { "type": "Point", "coordinates": [ -157.702860000110945, 21.27791700029519 ] } },
{ "type": "Feature", "properties": { "objectid": 376, "name": "Malamapoki`i Early Childhood Education Program", "address": "64-1043 Hiiaka Street; Bldg. B", "city": "Kamuela", "zip": 96743, "island_dis": "West Hawaii", "type": "Licensed Group Child Care (Preschools)", "source": "PATCH" }, "geometry": { "type": "Point", "coordinates": [ -155.656075833917726, 20.016174118971406 ] } },
{ "type": "Feature", "properties": { "objectid": 377, "name": "Waialae Baptist Preschool", "address": "1047 21st Avenue", "city": "Honolulu", "zip": 96816, "island_dis": "Oahu", "type": "Licensed Group Child Care (Preschools)", "source": "PATCH" }, "geometry": { "type": "Point", "coordinates": [ -157.790754944928977, 21.276043702737766 ] } },
{ "type": "Feature", "properties": { "objectid": 378, "name": "Seagull School Of Kailua", "address": "1300 Kailua Road", "city": "Kailua", "zip": 96734, "island_dis": "Oahu", "type": "Licensed Group Child Care (Preschools)", "source": "PATCH" }, "geometry": { "type": "Point", "coordinates": [ -157.75509433683817, 21.382068466871573 ] } },
{ "type": "Feature", "properties": { "objectid": 379, "name": "PACT KPT Head Start I", "address": "1485 Linapuni Street", "city": "Honolulu", "zip": 96819, "island_dis": "Oahu", "type": "Licensed Group Child Care (Preschools)", "source": "PATCH" }, "geometry": { "type": "Point", "coordinates": [ -157.876637186746677, 21.338136965815284 ] } },
{ "type": "Feature", "properties": { "objectid": 380, "name": "PACT Fern Preplus Head Start", "address": "1121 Middle Street", "city": "Honolulu", "zip": 96819, "island_dis": "Oahu", "type": "Licensed Group Child Care (Preschools)", "source": "PATCH" }, "geometry": { "type": "Point", "coordinates": [ -157.882017041160651, 21.339194619209714 ] } },
{ "type": "Feature", "properties": { "objectid": 381, "name": "PACT Kalihi Elementary Head Start A Licensed DP", "address": "2471 Kula Kolea Drive, # A15, A16", "city": "Honolulu", "zip": 96819, "island_dis": "Oahu", "type": "Licensed Group Child Care (Preschools)", "source": "PATCH" }, "geometry": { "type": "Point", "coordinates": [ -157.860936000157636, 21.352860000794507 ] } },
{ "type": "Feature", "properties": { "objectid": 382, "name": "PACT Linapuni Head Start", "address": "1434 Linapuni Street", "city": "Honolulu", "zip": 96819, "island_dis": "Oahu", "type": "Licensed Group Child Care (Preschools)", "source": "PATCH" }, "geometry": { "type": "Point", "coordinates": [ -157.877863264292756, 21.338747695812586 ] } },
{ "type": "Feature", "properties": { "objectid": 383, "name": "PACT Kahauiki Village Head Start", "address": "2625 North Nimitz Highway", "city": "Honolulu", "zip": 96819, "island_dis": "Oahu", "type": "Licensed Group Child Care (Preschools)", "source": "PATCH" }, "geometry": { "type": "Point", "coordinates": [ -157.891439637916221, 21.332885382787865 ] } },
{ "type": "Feature", "properties": { "objectid": 384, "name": "Holy Nativity School", "address": "5286 Kalanianaole Highway", "city": "Honolulu", "zip": 96821, "island_dis": "Oahu", "type": "Licensed Group Child Care (Preschools)", "source": "PATCH" }, "geometry": { "type": "Point", "coordinates": [ -157.752026999957224, 21.278601000797668 ] } },
{ "type": "Feature", "properties": { "objectid": 385, "name": "Kamehameha Schools- Kohala Preschool", "address": "55-1999 Kohala Mountain Road", "city": "Hawi", "zip": 96719, "island_dis": "West Hawaii", "type": "Licensed Group Child Care (Preschools)", "source": "PATCH" }, "geometry": { "type": "Point", "coordinates": [ -155.836206285123723, 20.207301208474998 ] } },
{ "type": "Feature", "properties": { "objectid": 386, "name": "Kamehameha Schools- Waimea Preschool", "address": "64-780 Mamalahoa Highway", "city": "Kamuela", "zip": 96743, "island_dis": "West Hawaii", "type": "Licensed Group Child Care (Preschools)", "source": "PATCH" }, "geometry": { "type": "Point", "coordinates": [ -155.641957956825792, 20.0296845867536 ] } },
{ "type": "Feature", "properties": { "objectid": 387, "name": "Carden Academy Of Maui", "address": "55 Makaena Place", "city": "Pukalani", "zip": 96768, "island_dis": "Maui", "type": "Licensed Group Child Care (Preschools)", "source": "PATCH" }, "geometry": { "type": "Point", "coordinates": [ -156.330952177849781, 20.827327110657837 ] } },
{ "type": "Feature", "properties": { "objectid": 388, "name": "Punana Leo O Waianae", "address": "87-790 Kulauku St, Pod A, Classroom 2", "city": "Waianae", "zip": 96792, "island_dis": "Oahu", "type": "Licensed Group Child Care (Preschools)", "source": "PATCH" }, "geometry": { "type": "Point", "coordinates": [ -158.171755012999114, 21.409419985749217 ] } },
{ "type": "Feature", "properties": { "objectid": 389, "name": "Punana Leo O Ko'olau Poko", "address": "45-233 Kulauli St #C-5, C-6", "city": "Kaneohe", "zip": 96744, "island_dis": "Oahu", "type": "Licensed Group Child Care (Preschools)", "source": "PATCH" }, "geometry": { "type": "Point", "coordinates": [ -157.789896814134494, 21.409382303014997 ] } },
{ "type": "Feature", "properties": { "objectid": 390, "name": "Punana Leo O Manoa", "address": "2331 Seaview Ave", "city": "Honolulu", "zip": 96822, "island_dis": "Oahu", "type": "Licensed Group Child Care (Preschools)", "source": "PATCH" }, "geometry": { "type": "Point", "coordinates": [ -157.82180243886603, 21.300003127822521 ] } },
{ "type": "Feature", "properties": { "objectid": 391, "name": "Punana Leo O Kona", "address": "81-1004 Konawaena School Road", "city": "Kealakekua", "zip": 96750, "island_dis": "West Hawaii", "type": "Licensed Group Child Care (Preschools)", "source": "PATCH" }, "geometry": { "type": "Point", "coordinates": [ -155.919683674766588, 19.508415673260465 ] } },
{ "type": "Feature", "properties": { "objectid": 392, "name": "Punana Leo O Waimea", "address": "64-756 Mamalahoa Highway", "city": "Kamuela", "zip": 96743, "island_dis": "West Hawaii", "type": "Licensed Group Child Care (Preschools)", "source": "PATCH" }, "geometry": { "type": "Point", "coordinates": [ -155.640477123333483, 20.030117767848331 ] } },
{ "type": "Feature", "properties": { "objectid": 393, "name": "Punana Leo O Hilo", "address": "16-120 Opukahaia Street", "city": "Keaau", "zip": 96749, "island_dis": "East Hawaii", "type": "Licensed Group Child Care (Preschools)", "source": "PATCH" }, "geometry": { "type": "Point", "coordinates": [ -155.028099569093342, 19.604814251522356 ] } },
{ "type": "Feature", "properties": { "objectid": 394, "name": "Punana Leo O Hana", "address": "5060 Uakea Road", "city": "Hana", "zip": 96713, "island_dis": "Maui", "type": "Licensed Group Child Care (Preschools)", "source": "PATCH" }, "geometry": { "type": "Point", "coordinates": [ -155.984444873338589, 20.75397243130789 ] } },
{ "type": "Feature", "properties": { "objectid": 395, "name": "Punana Leo O Maui", "address": "103 South High Street", "city": "Wailuku", "zip": 96793, "island_dis": "Maui", "type": "Licensed Group Child Care (Preschools)", "source": "PATCH" }, "geometry": { "type": "Point", "coordinates": [ -156.504749298143196, 20.885920227586283 ] } },
{ "type": "Feature", "properties": { "objectid": 396, "name": "Punana Leo O Lahaina", "address": "547 Wainee Street", "city": "Lahaina", "zip": 96761, "island_dis": "Maui", "type": "Licensed Group Child Care (Preschools)", "source": "PATCH" }, "geometry": { "type": "Point", "coordinates": [ -156.673455808552262, 20.870399144466944 ] } },
{ "type": "Feature", "properties": { "objectid": 397, "name": "Punana Leo O Molokai", "address": "2200 Farrington Avenue", "city": "Hoolehua", "zip": 96729, "island_dis": "Molokai", "type": "Licensed Group Child Care (Preschools)", "source": "PATCH" }, "geometry": { "type": "Point", "coordinates": [ -157.050699819456071, 21.16327738096502 ] } },
{ "type": "Feature", "properties": { "objectid": 398, "name": "Punana Leo O Kauai", "address": "3-1821 Kaumualii Highway", "city": "Lihue", "zip": 96766, "island_dis": "Kauai", "type": "Licensed Group Child Care (Preschools)", "source": "PATCH" }, "geometry": { "type": "Point", "coordinates": [ -159.397879880646656, 21.966100036585392 ] } },
{ "type": "Feature", "properties": { "objectid": 399, "name": "Kamehameha Preschool - Piihonua", "address": "1350 Waianuenue Ave", "city": "Hilo", "zip": 96720, "island_dis": "East Hawaii", "type": "Licensed Group Child Care (Preschools)", "source": "PATCH" }, "geometry": { "type": "Point", "coordinates": [ -155.116454248775028, 19.717143439150941 ] } },
{ "type": "Feature", "properties": { "objectid": 400, "name": "Kamehameha Preschool - Hilo", "address": "300 W. Lanikaula Street", "city": "Hilo", "zip": 96720, "island_dis": "East Hawaii", "type": "Licensed Group Child Care (Preschools)", "source": "PATCH" }, "geometry": { "type": "Point", "coordinates": [ -155.080132652007393, 19.704184066610079 ] } },
{ "type": "Feature", "properties": { "objectid": 401, "name": "Kamehameha Preschool - Waianuenue", "address": "374 Waianuenue Avenue", "city": "Hilo", "zip": 96720, "island_dis": "East Hawaii", "type": "Licensed Group Child Care (Preschools)", "source": "PATCH" }, "geometry": { "type": "Point", "coordinates": [ -155.091836484134291, 19.723554321359661 ] } },
{ "type": "Feature", "properties": { "objectid": 402, "name": "Kamehameha Preschool - Keaukaha", "address": "162 Baker Avenue", "city": "Hilo", "zip": 96720, "island_dis": "East Hawaii", "type": "Licensed Group Child Care (Preschools)", "source": "PATCH" }, "geometry": { "type": "Point", "coordinates": [ -155.043621408348571, 19.727660046377814 ] } },
{ "type": "Feature", "properties": { "objectid": 403, "name": "Kamehameha Schools Preschool - Waimanalo", "address": "41-235 Ilauhole Street", "city": "Waimanalo", "zip": 96795, "island_dis": "Oahu", "type": "Licensed Group Child Care (Preschools)", "source": "PATCH" }, "geometry": { "type": "Point", "coordinates": [ -157.698375290962986, 21.330616495697001 ] } },
{ "type": "Feature", "properties": { "objectid": 404, "name": "Kamehameha Schools Preschool - Puu Kahea", "address": "85-179 Ala Hema Street", "city": "Waianae", "zip": 96792, "island_dis": "Oahu", "type": "Licensed Group Child Care (Preschools)", "source": "PATCH" }, "geometry": { "type": "Point", "coordinates": [ -158.188215997757084, 21.451242044885159 ] } },
{ "type": "Feature", "properties": { "objectid": 405, "name": "Kamehameha Schools Preschool - Haleiwa I & II", "address": "66-279 A Haleiwa Rd", "city": "Haleiwa", "zip": 96712, "island_dis": "Oahu", "type": "Licensed Group Child Care (Preschools)", "source": "PATCH" }, "geometry": { "type": "Point", "coordinates": [ -158.110316999697517, 21.590073000359638 ] } },
{ "type": "Feature", "properties": { "objectid": 406, "name": "Kamehameha Schools Preschool - Hoaliku Drake", "address": "87-115 Waiolu Street", "city": "Waianae", "zip": 96792, "island_dis": "Oahu", "type": "Licensed Group Child Care (Preschools)", "source": "PATCH" }, "geometry": { "type": "Point", "coordinates": [ -158.160200903280639, 21.397998563223773 ] } },
{ "type": "Feature", "properties": { "objectid": 407, "name": "Kamehameha Schools Preschool - Kahuku", "address": "56-117 Pualalea St #17", "city": "Kahuku", "zip": 96731, "island_dis": "Oahu", "type": "Licensed Group Child Care (Preschools)", "source": "PATCH" }, "geometry": { "type": "Point", "coordinates": [ -157.954238999904391, 21.67632900053145 ] } },
{ "type": "Feature", "properties": { "objectid": 408, "name": "Kamehameha Schools Preschool - Kalihi- Palama", "address": "1850 Makuakane Street", "city": "Honolulu", "zip": 96817, "island_dis": "Oahu", "type": "Licensed Group Child Care (Preschools)", "source": "PATCH" }, "geometry": { "type": "Point", "coordinates": [ -157.866282216611125, 21.339098983491144 ] } },
{ "type": "Feature", "properties": { "objectid": 409, "name": "Kamehameha Schools Preschool - Kahaluu", "address": "47-253 Waihee Rd", "city": "Kaneohe", "zip": 96744, "island_dis": "Oahu", "type": "Licensed Group Child Care (Preschools)", "source": "PATCH" }, "geometry": { "type": "Point", "coordinates": [ -157.844873781297878, 21.457862108091497 ] } },
{ "type": "Feature", "properties": { "objectid": 410, "name": "Kamehameha Schools Preschool - Nanakuli", "address": "89-101 Farrington Hwy.", "city": "Waianae", "zip": 96792, "island_dis": "Oahu", "type": "Licensed Group Child Care (Preschools)", "source": "PATCH" }, "geometry": { "type": "Point", "coordinates": [ -158.144482965674399, 21.380523510949455 ] } },
{ "type": "Feature", "properties": { "objectid": 411, "name": "Kamehameha Schools Preschool - Nanakuli II", "address": "89-101 Farrington Hwy", "city": "Waianae", "zip": 96792, "island_dis": "Oahu", "type": "Licensed Group Child Care (Preschools)", "source": "PATCH" }, "geometry": { "type": "Point", "coordinates": [ -158.144482965674399, 21.380523510949455 ] } },
{ "type": "Feature", "properties": { "objectid": 412, "name": "Kamehameha Schools Preschool - Heeia", "address": "46-430 Kahuhipa Street", "city": "Kaneohe", "zip": 96744, "island_dis": "Oahu", "type": "Licensed Group Child Care (Preschools)", "source": "PATCH" }, "geometry": { "type": "Point", "coordinates": [ -157.818298500402335, 21.410793000657776 ] } },
{ "type": "Feature", "properties": { "objectid": 413, "name": "Kamehameha Schools Preschool - Ma'ili", "address": "87-790 Kulauku St, Pod C-11 & C-12", "city": "Waianae", "zip": 96792, "island_dis": "Oahu", "type": "Licensed Group Child Care (Preschools)", "source": "PATCH" }, "geometry": { "type": "Point", "coordinates": [ -158.171755012999114, 21.409419985749217 ] } },
{ "type": "Feature", "properties": { "objectid": 414, "name": "Kamehameha Schools Preschool - Kapalama", "address": "1867 Kaikunane Loop", "city": "Honolulu", "zip": 96817, "island_dis": "Oahu", "type": "Licensed Group Child Care (Preschools)", "source": "PATCH" }, "geometry": { "type": "Point", "coordinates": [ -157.865787837684394, 21.338185461506491 ] } },
{ "type": "Feature", "properties": { "objectid": 415, "name": "Kamehameha Preschool - Hamakua", "address": "43-1377 Hawaii Belt Road", "city": "Paauilo", "zip": 96776, "island_dis": "East Hawaii", "type": "Licensed Group Child Care (Preschools)", "source": "PATCH" }, "geometry": { "type": "Point", "coordinates": [ -155.369682264769892, 20.039921000045648 ] } },
{ "type": "Feature", "properties": { "objectid": 416, "name": "Ka Hana Pono Daycare", "address": "66-434 Kamehameha Hwy.", "city": "Haleiwa", "zip": 96712, "island_dis": "Oahu", "type": "Licensed Group Child Care (Preschools)", "source": "PATCH" }, "geometry": { "type": "Point", "coordinates": [ -158.104769754611283, 21.581953618343288 ] } },
{ "type": "Feature", "properties": { "objectid": 417, "name": "Seagull School At Kapolei", "address": "531 Farrington Hwy", "city": "Kapolei", "zip": 96707, "island_dis": "Oahu", "type": "Licensed Group Child Care (Preschools)", "source": "PATCH" }, "geometry": { "type": "Point", "coordinates": [ -158.078294999898105, 21.336462000428732 ] } },
{ "type": "Feature", "properties": { "objectid": 418, "name": "Roots Preschool", "address": "740 Haiku Road", "city": "Haiku", "zip": 96708, "island_dis": "Maui", "type": "Licensed Group Child Care (Preschools)", "source": "PATCH" }, "geometry": { "type": "Point", "coordinates": [ -156.322920597158344, 20.915460209292952 ] } },
{ "type": "Feature", "properties": { "objectid": 419, "name": "Hongwanji Mission School Preschool", "address": "1728 Pali Highway", "city": "Honolulu", "zip": 96813, "island_dis": "Oahu", "type": "Licensed Group Child Care (Preschools)", "source": "PATCH" }, "geometry": { "type": "Point", "coordinates": [ -157.8531752732857, 21.316177769056619 ] } },
{ "type": "Feature", "properties": { "objectid": 420, "name": "Hawaii Baptist Academy Junior Kindergarten", "address": "21 Bates Street", "city": "Honolulu", "zip": 96817, "island_dis": "Oahu", "type": "Licensed Group Child Care (Preschools)", "source": "PATCH" }, "geometry": { "type": "Point", "coordinates": [ -157.852051477662826, 21.321887409686564 ] } },
{ "type": "Feature", "properties": { "objectid": 421, "name": "The Early School", "address": "2510 Bingham Street", "city": "Honolulu", "zip": 96826, "island_dis": "Oahu", "type": "Licensed Group Child Care (Preschools)", "source": "PATCH" }, "geometry": { "type": "Point", "coordinates": [ -157.822579447168152, 21.294456233512587 ] } },
{ "type": "Feature", "properties": { "objectid": 422, "name": "Parent Participation Nursery School", "address": "92 Kaneohe Bay Dr", "city": "Kailua", "zip": 96734, "island_dis": "Oahu", "type": "Licensed Group Child Care (Preschools)", "source": "PATCH" }, "geometry": { "type": "Point", "coordinates": [ -157.751754137593082, 21.425169941520075 ] } },
{ "type": "Feature", "properties": { "objectid": 423, "name": "Kauai Independent Daycare Services, Inc.(K.I.D.S.)", "address": "1346 Inia Street", "city": "Kapaa", "zip": 96746, "island_dis": "Kauai", "type": "Licensed Group Child Care (Preschools)", "source": "PATCH" }, "geometry": { "type": "Point", "coordinates": [ -159.317904433087506, 22.07537770646233 ] } },
{ "type": "Feature", "properties": { "objectid": 424, "name": "Ka Hale O Na Keiki Preschool", "address": "45-3668 Honokaa-waipio Rd", "city": "Honokaa", "zip": 96727, "island_dis": "East Hawaii", "type": "Licensed Group Child Care (Preschools)", "source": "PATCH" }, "geometry": { "type": "Point", "coordinates": [ -155.470336198828818, 20.079603236831964 ] } },
{ "type": "Feature", "properties": { "objectid": 425, "name": "Waianae Early Education Center At Ma'ili", "address": "87-790 KULAUKU STREET, POD B-7 & B-8", "city": "Waianae", "zip": 96792, "island_dis": "Oahu", "type": "Licensed Group Child Care (Preschools)", "source": "PATCH" }, "geometry": { "type": "Point", "coordinates": [ -158.171755012999114, 21.409419985749217 ] } },
{ "type": "Feature", "properties": { "objectid": 426, "name": "Waianae Early Education Center", "address": "84-1061 Noholio Rd", "city": "Waianae", "zip": 96792, "island_dis": "Oahu", "type": "Licensed Group Child Care (Preschools)", "source": "PATCH" }, "geometry": { "type": "Point", "coordinates": [ -158.20147612397983, 21.466970195267187 ] } },
{ "type": "Feature", "properties": { "objectid": 427, "name": "The Salvation Army Ohana Keiki Day Care Center", "address": "75-223 Kalani Street", "city": "Kailua-kona", "zip": 96740, "island_dis": "West Hawaii", "type": "Licensed Group Child Care (Preschools)", "source": "PATCH" }, "geometry": { "type": "Point", "coordinates": [ -155.987357141681827, 19.642042757317682 ] } },
{ "type": "Feature", "properties": { "objectid": 428, "name": "Hawaii Montessori Schools; Kona Campus Primary Pro", "address": "74-978 Manawalea Street", "city": "Kailua-kona", "zip": 96740, "island_dis": "West Hawaii", "type": "Licensed Group Child Care (Preschools)", "source": "PATCH" }, "geometry": { "type": "Point", "coordinates": [ -155.987569084437069, 19.674510424450045 ] } },
{ "type": "Feature", "properties": { "objectid": 429, "name": "Mililani Community Church Preschool", "address": "95-1100 Kaapeha Street", "city": "Mililani Town", "zip": 96789, "island_dis": "Oahu", "type": "Licensed Group Child Care (Preschools)", "source": "PATCH" }, "geometry": { "type": "Point", "coordinates": [ -157.99641176342638, 21.472731263926136 ] } },
{ "type": "Feature", "properties": { "objectid": 430, "name": "Palisades Baptist Church Preschool", "address": "2251 Auhuhu Street", "city": "Pearl City", "zip": 96782, "island_dis": "Oahu", "type": "Licensed Group Child Care (Preschools)", "source": "PATCH" }, "geometry": { "type": "Point", "coordinates": [ -157.955518368315438, 21.424663260050185 ] } },
{ "type": "Feature", "properties": { "objectid": 431, "name": "Grace Fellowship Childrens Center", "address": "94-1323 Waipio Uka Street", "city": "Waipahu", "zip": 96797, "island_dis": "Oahu", "type": "Licensed Group Child Care (Preschools)", "source": "PATCH" }, "geometry": { "type": "Point", "coordinates": [ -157.995435061837583, 21.420212938480802 ] } },
{ "type": "Feature", "properties": { "objectid": 432, "name": "St Clements School", "address": "1515 Wilder Avenue", "city": "Honolulu", "zip": 96822, "island_dis": "Oahu", "type": "Licensed Group Child Care (Preschools)", "source": "PATCH" }, "geometry": { "type": "Point", "coordinates": [ -157.834759500162704, 21.303270000970507 ] } },
{ "type": "Feature", "properties": { "objectid": 433, "name": "Kawaiahao Church School", "address": "872 Mission Lane", "city": "Honolulu", "zip": 96813, "island_dis": "Oahu", "type": "Licensed Group Child Care (Preschools)", "source": "PATCH" }, "geometry": { "type": "Point", "coordinates": [ -157.858015500411454, 21.304053000603968 ] } },
{ "type": "Feature", "properties": { "objectid": 434, "name": "Kaumana Baptist Keikiland", "address": "388 Kaumana Drive", "city": "Hilo", "zip": 96720, "island_dis": "East Hawaii", "type": "Licensed Group Child Care (Preschools)", "source": "PATCH" }, "geometry": { "type": "Point", "coordinates": [ -155.110104793457822, 19.708525476386907 ] } },
{ "type": "Feature", "properties": { "objectid": 435, "name": "PACT Keauhou Head Start", "address": "78-6804 Mamalahoa Highway", "city": "Holualoa", "zip": 96725, "island_dis": "West Hawaii", "type": "Licensed Group Child Care (Preschools)", "source": "PATCH" }, "geometry": { "type": "Point", "coordinates": [ -155.941059391948244, 19.566233080608907 ] } },
{ "type": "Feature", "properties": { "objectid": 436, "name": "PACT Kealakehe Head Start", "address": "74-5118 Kealakaa Street; Room Pb-14", "city": "Kailua-kona", "zip": 96740, "island_dis": "West Hawaii", "type": "Licensed Group Child Care (Preschools)", "source": "PATCH" }, "geometry": { "type": "Point", "coordinates": [ -155.982203587619438, 19.668949463567643 ] } },
{ "type": "Feature", "properties": { "objectid": 437, "name": "PACT Waimea Elementary Head Start", "address": "67-1225 Mamalahoa Highway; Room V-103", "city": "Kamuela", "zip": 96743, "island_dis": "West Hawaii", "type": "Licensed Group Child Care (Preschools)", "source": "PATCH" }, "geometry": { "type": "Point", "coordinates": [ -155.670160786190905, 20.019408426490205 ] } },
{ "type": "Feature", "properties": { "objectid": 438, "name": "Olivet Baptist Preschool", "address": "1775 S. Beretania Street", "city": "Honolulu", "zip": 96826, "island_dis": "Oahu", "type": "Licensed Group Child Care (Preschools)", "source": "PATCH" }, "geometry": { "type": "Point", "coordinates": [ -157.832360192647911, 21.297598650332034 ] } },
{ "type": "Feature", "properties": { "objectid": 439, "name": "Angels At Play Preschool & Kindergarten", "address": "2062 South King Street", "city": "Honolulu", "zip": 96826, "island_dis": "Oahu", "type": "Licensed Group Child Care (Preschools)", "source": "PATCH" }, "geometry": { "type": "Point", "coordinates": [ -157.828899373874634, 21.294471424560804 ] } },
{ "type": "Feature", "properties": { "objectid": 440, "name": "Alphabetland Preschool and Kindergarten - Newtown", "address": "98-456 Kaahele Street", "city": "Aiea", "zip": 96701, "island_dis": "Oahu", "type": "Licensed Group Child Care (Preschools)", "source": "PATCH" }, "geometry": { "type": "Point", "coordinates": [ -157.946854171364095, 21.396286160542097 ] } },
{ "type": "Feature", "properties": { "objectid": 441, "name": "Alphabetland Preschool - Pearl City", "address": "1716 Komo Mai Drive", "city": "Pearl City", "zip": 96782, "island_dis": "Oahu", "type": "Licensed Group Child Care (Preschools)", "source": "PATCH" }, "geometry": { "type": "Point", "coordinates": [ -157.9637205004218, 21.410604000238099 ] } },
{ "type": "Feature", "properties": { "objectid": 442, "name": "Kamehameha Preschool-Kalamaula", "address": "612 Maunaloa Highway Building A", "city": "Kaunakakai", "zip": 96748, "island_dis": "Molokai", "type": "Licensed Group Child Care (Preschools)", "source": "PATCH" }, "geometry": { "type": "Point", "coordinates": [ -157.035495661430645, 21.096305521306608 ] } },
{ "type": "Feature", "properties": { "objectid": 443, "name": "Punana Leo O Waialua", "address": "67-174 Farrington Hwy.", "city": "Waialua", "zip": 96791, "island_dis": "Oahu", "type": "Licensed Group Child Care (Preschools)", "source": "PATCH" }, "geometry": { "type": "Point", "coordinates": [ -158.128670486547463, 21.567761546547757 ] } },
{ "type": "Feature", "properties": { "objectid": 444, "name": "Ewa Plains Enrichment Programs, LLC DBA Ewa Beach Preschool", "address": "91-1258 Renton Road", "city": "Ewa Beach", "zip": 96706, "island_dis": "Oahu", "type": "Licensed Group Child Care (Preschools)", "source": "PATCH" }, "geometry": { "type": "Point", "coordinates": [ -158.034718837301853, 21.342954781522728 ] } },
{ "type": "Feature", "properties": { "objectid": 445, "name": "Enrichment Academy Child Care Tutoring Service LLC.", "address": "91-679 Ft. Weaver Rd", "city": "Ewa Beach", "zip": 96706, "island_dis": "Oahu", "type": "Licensed Group Child Care (Preschools)", "source": "PATCH" }, "geometry": { "type": "Point", "coordinates": [ -158.010146999929589, 21.311892000564839 ] } },
{ "type": "Feature", "properties": { "objectid": 446, "name": "Kahului Baptist Preschool", "address": "309 South Puunene Avenue", "city": "Kahului", "zip": 96732, "island_dis": "Maui", "type": "Licensed Group Child Care (Preschools)", "source": "PATCH" }, "geometry": { "type": "Point", "coordinates": [ -156.463504260149733, 20.8830755159826 ] } },
{ "type": "Feature", "properties": { "objectid": 447, "name": "Holy Innocents Preschool", "address": "561 Front Street", "city": "Lahaina", "zip": 96761, "island_dis": "Maui", "type": "Licensed Group Child Care (Preschools)", "source": "PATCH" }, "geometry": { "type": "Point", "coordinates": [ -156.676027329336591, 20.869743847603075 ] } },
{ "type": "Feature", "properties": { "objectid": 448, "name": "Strode Montessori Mauka Preschool", "address": "36 Merchant Street", "city": "Honolulu", "zip": 96813, "island_dis": "Oahu", "type": "Licensed Group Child Care (Preschools)", "source": "PATCH" }, "geometry": { "type": "Point", "coordinates": [ -157.863388348704035, 21.309858523889162 ] } },
{ "type": "Feature", "properties": { "objectid": 449, "name": "Aloha Kai Academy, INC.", "address": "954 Baldwin Avenue", "city": "Paia", "zip": 96779, "island_dis": "Maui", "type": "Licensed Group Child Care (Preschools)", "source": "PATCH" }, "geometry": { "type": "Point", "coordinates": [ -156.363359192419182, 20.899412532570704 ] } },
{ "type": "Feature", "properties": { "objectid": 450, "name": "Punana Leo O Nuuanu", "address": "110 Coello Way", "city": "Honolulu", "zip": 96817, "island_dis": "Oahu", "type": "Licensed Group Child Care (Preschools)", "source": "PATCH" }, "geometry": { "type": "Point", "coordinates": [ -157.847012891221453, 21.331375469383197 ] } },
{ "type": "Feature", "properties": { "objectid": 451, "name": "Trinity Lutheran School Preschool Program", "address": "1611 California Avenue", "city": "Wahiawa", "zip": 96786, "island_dis": "Oahu", "type": "Licensed Group Child Care (Preschools)", "source": "PATCH" }, "geometry": { "type": "Point", "coordinates": [ -158.00996623002527, 21.50192069540271 ] } },
{ "type": "Feature", "properties": { "objectid": 452, "name": "Kulia Christian Academy", "address": "290 Sand Island Access Road", "city": "Honolulu", "zip": 96819, "island_dis": "Oahu", "type": "Licensed Group Child Care (Preschools)", "source": "PATCH" }, "geometry": { "type": "Point", "coordinates": [ -157.888579500122773, 21.327318000880485 ] } },
{ "type": "Feature", "properties": { "objectid": 453, "name": "Kid's Prep Preschool", "address": "94-440 Mokuola Street", "city": "Waipahu", "zip": 96797, "island_dis": "Oahu", "type": "Licensed Group Child Care (Preschools)", "source": "PATCH" }, "geometry": { "type": "Point", "coordinates": [ -158.006875499836639, 21.386907000785676 ] } },
{ "type": "Feature", "properties": { "objectid": 454, "name": "Mary, Star Of The Sea Early Learning Center", "address": "4470 Aliikoa Street #100", "city": "Honolulu", "zip": 96821, "island_dis": "Oahu", "type": "Licensed Group Child Care (Preschools)", "source": "PATCH" }, "geometry": { "type": "Point", "coordinates": [ -157.781104652562192, 21.278678287643245 ] } },
{ "type": "Feature", "properties": { "objectid": 455, "name": "KCAA Wai Kahala Preschool", "address": "1261 Pueo Street", "city": "Honolulu", "zip": 96816, "island_dis": "Oahu", "type": "Licensed Group Child Care (Preschools)", "source": "PATCH" }, "geometry": { "type": "Point", "coordinates": [ -157.785675487168731, 21.272268686558728 ] } },
{ "type": "Feature", "properties": { "objectid": 456, "name": "KCAA Kuapa Preschool", "address": "6774 Hawaii Kai Drive", "city": "Honolulu", "zip": 96825, "island_dis": "Oahu", "type": "Licensed Group Child Care (Preschools)", "source": "PATCH" }, "geometry": { "type": "Point", "coordinates": [ -157.707399980188569, 21.290965564868284 ] } },
{ "type": "Feature", "properties": { "objectid": 457, "name": "St Joseph School Pre-Kindergarten", "address": "94-651 Farrington Hwy", "city": "Waipahu", "zip": 96797, "island_dis": "Oahu", "type": "Licensed Group Child Care (Preschools)", "source": "PATCH" }, "geometry": { "type": "Point", "coordinates": [ -158.008567499791582, 21.382380000206705 ] } },
{ "type": "Feature", "properties": { "objectid": 458, "name": "Trinity Christian School", "address": "875 Auloa Road", "city": "Kailua", "zip": 96734, "island_dis": "Oahu", "type": "Licensed Group Child Care (Preschools)", "source": "PATCH" }, "geometry": { "type": "Point", "coordinates": [ -157.76399402342048, 21.375057247857718 ] } },
{ "type": "Feature", "properties": { "objectid": 459, "name": "Our Lady Of Good Counsel Preschool", "address": "1530 Hoolana St", "city": "Pearl City", "zip": 96782, "island_dis": "Oahu", "type": "Licensed Group Child Care (Preschools)", "source": "PATCH" }, "geometry": { "type": "Point", "coordinates": [ -157.964287499836644, 21.40516800052956 ] } },
{ "type": "Feature", "properties": { "objectid": 460, "name": "Kauai Montessori Project", "address": "4534 Uahi Road", "city": "Lihue", "zip": 96766, "island_dis": "Kauai", "type": "Licensed Group Child Care (Preschools)", "source": "PATCH" }, "geometry": { "type": "Point", "coordinates": [ -159.378120038249165, 21.973864129089808 ] } },
{ "type": "Feature", "properties": { "objectid": 461, "name": "University Of The Nations Preschool", "address": "75-5851 Kuakini Highway; #228", "city": "Kailua-kona", "zip": 96740, "island_dis": "West Hawaii", "type": "Licensed Group Child Care (Preschools)", "source": "PATCH" }, "geometry": { "type": "Point", "coordinates": [ -155.986839799807683, 19.632011326997169 ] } },
{ "type": "Feature", "properties": { "objectid": 462, "name": "The Meleaina School", "address": "641 Olinda Road", "city": "Makawao", "zip": 96768, "island_dis": "Maui", "type": "Licensed Group Child Care (Preschools)", "source": "PATCH" }, "geometry": { "type": "Point", "coordinates": [ -156.305211051851728, 20.836959885577588 ] } },
{ "type": "Feature", "properties": { "objectid": 463, "name": "Doris Todd Christian Academy", "address": "519 Baldwin Avenue", "city": "Paia", "zip": 96779, "island_dis": "Maui", "type": "Licensed Group Child Care (Preschools)", "source": "PATCH" }, "geometry": { "type": "Point", "coordinates": [ -156.372010518854097, 20.903346344701685 ] } },
{ "type": "Feature", "properties": { "objectid": 464, "name": "Wesley Childrens Programs Enrichment", "address": "1350 Hunakai Street", "city": "Honolulu", "zip": 96816, "island_dis": "Oahu", "type": "Licensed Group Child Care (Preschools)", "source": "PATCH" }, "geometry": { "type": "Point", "coordinates": [ -157.787244354920603, 21.280640836009137 ] } },
{ "type": "Feature", "properties": { "objectid": 465, "name": "Na Pualei 'O Sarah Kupanihi Kamakau", "address": "46-500 Kuneki Street", "city": "Kaneohe", "zip": 96744, "island_dis": "Oahu", "type": "Licensed Group Child Care (Preschools)", "source": "PATCH" }, "geometry": { "type": "Point", "coordinates": [ -157.821716873799943, 21.40897164556166 ] } },
{ "type": "Feature", "properties": { "objectid": 466, "name": "All God's Children Preschool", "address": "495 Puupeeula Avenue", "city": "Hoolehua", "zip": 96729, "island_dis": "Molokai", "type": "Licensed Group Child Care (Preschools)", "source": "PATCH" }, "geometry": { "type": "Point", "coordinates": [ -157.069646521817049, 21.163497998653572 ] } },
{ "type": "Feature", "properties": { "objectid": 467, "name": "KCAA Mother Rice Preschool", "address": "2707 South King Street", "city": "Honolulu", "zip": 96826, "island_dis": "Oahu", "type": "Licensed Group Child Care (Preschools)", "source": "PATCH" }, "geometry": { "type": "Point", "coordinates": [ -157.82094899974382, 21.290616001037638 ] } },
{ "type": "Feature", "properties": { "objectid": 468, "name": "Keiki O Ka Aina Preschool - Palolo Site", "address": "2528 10th Avenue", "city": "Honolulu", "zip": 96816, "island_dis": "Oahu", "type": "Licensed Group Child Care (Preschools)", "source": "PATCH" }, "geometry": { "type": "Point", "coordinates": [ -157.790029500018051, 21.303666000232653 ] } },
{ "type": "Feature", "properties": { "objectid": 469, "name": "Saint Mark Lutheran School ELC", "address": "45-725 Kamehameha Hwy", "city": "Kaneohe", "zip": 96744, "island_dis": "Oahu", "type": "Licensed Group Child Care (Preschools)", "source": "PATCH" }, "geometry": { "type": "Point", "coordinates": [ -157.798345500019224, 21.408048000467819 ] } },
{ "type": "Feature", "properties": { "objectid": 470, "name": "Hāna High & Elementary", "address": "4111 Hana Hwy.", "city": "Hana", "zip": 96713, "island_dis": "Maui", "type": "Public-private partnership", "source": "EOEL" }, "geometry": { "type": "Point", "coordinates": [ -156.000465115898976, 20.775584295988548 ] } },
{ "type": "Feature", "properties": { "objectid": 471, "name": "Nānākuli Elementary", "address": "89-778 Haleakala Avenue", "city": "Waianae", "zip": 96792, "island_dis": "Oahu", "type": "Public-private partnership", "source": "EOEL" }, "geometry": { "type": "Point", "coordinates": [ -158.134018499849418, 21.387807000955267 ] } },
{ "type": "Feature", "properties": { "objectid": 472, "name": "Puʻuhale Elementary", "address": "345 Puuhale Road", "city": "Honolulu", "zip": 96819, "island_dis": "Oahu", "type": "Public-private partnership", "source": "EOEL" }, "geometry": { "type": "Point", "coordinates": [ -157.884516000437657, 21.327345000938458 ] } },
{ "type": "Feature", "properties": { "objectid": 473, "name": "Waimea Elementary", "address": "67-1225 Mamalahoa Hwy.", "city": "Kamuela", "zip": 96743, "island_dis": "Hawaii", "type": "Public-private partnership", "source": "EOEL" }, "geometry": { "type": "Point", "coordinates": [ -155.670160786190905, 20.019408426490205 ] } },
{ "type": "Feature", "properties": { "objectid": 474, "name": "Ka ʻUmeke Kāeo Public Charter School", "address": "1500 Kalanianaole Avenue.", "city": "Hilo", "zip": 96720, "island_dis": "Hawaii", "type": "Charter", "source": "EOEL" }, "geometry": { "type": "Point", "coordinates": [ -155.035886005249779, 19.734842880464019 ] } },
{ "type": "Feature", "properties": { "objectid": 475, "name": "Ke Kula ʻo Nāwahīokalaniʻōpuʻu Iki Laboratory Public Charter School", "address": "16-120 Opukahaia St.", "city": "Kea'au", "zip": 96749, "island_dis": "Hawaii", "type": "Charter", "source": "EOEL" }, "geometry": { "type": "Point", "coordinates": [ -155.028099569093342, 19.604814251522356 ] } },
{ "type": "Feature", "properties": { "objectid": 476, "name": "Ke Kula ʻo Nāwahīokalaniʻōpuʻu Iki Laboratory Public Charter School", "address": "64-756 Mamalahoa Hwy.", "city": "Waimea", "zip": 96743, "island_dis": "Hawaii", "type": "Charter", "source": "EOEL" }, "geometry": { "type": "Point", "coordinates": [ -155.640477123333483, 20.030117767848331 ] } },
{ "type": "Feature", "properties": { "objectid": 477, "name": "Ke Kula ʻo Nāwahīokalaniʻōpuʻu Iki Laboratory Public Charter School", "address": "89-308 Farrington Hwy.", "city": "Waianae", "zip": 96792, "island_dis": "Oahu", "type": "Charter", "source": "EOEL" }, "geometry": { "type": "Point", "coordinates": [ -158.141218722102167, 21.377546244451896 ] } },
{ "type": "Feature", "properties": { "objectid": 478, "name": "Kua O Ka Lā New Century Public Charter School", "address": "42 Kinoʻole St", "city": "Hilo", "zip": 96720, "island_dis": "Hawaii", "type": "Charter", "source": "EOEL" }, "geometry": { "type": "Point", "coordinates": [ -155.089459782597174, 19.725504906586067 ] } },
{ "type": "Feature", "properties": { "objectid": 479, "name": "Kua O Ka Lā New Century Public Charter School", "address": "345 Makalika St.", "city": "Hilo", "zip": 96720, "island_dis": "Hawaii", "type": "Charter", "source": "EOEL" }, "geometry": { "type": "Point", "coordinates": [ -155.055658187791209, 19.671337236652974 ] } },
{ "type": "Feature", "properties": { "objectid": 480, "name": "Laupāhoehoe Community Public Charter School", "address": "35-2065 Old Mamalahoa HWY", "city": "Laupahoehoe", "zip": 96764, "island_dis": "Hawaii", "type": "Charter", "source": "EOEL" }, "geometry": { "type": "Point", "coordinates": [ -155.22649570483145, 19.980371645408486 ] } },
{ "type": "Feature", "properties": { "objectid": 481, "name": "Nā Wai Ola Public Charter School", "address": "18-1355 Volcano Hwy", "city": "Mountain View", "zip": 96771, "island_dis": "Hawaii", "type": "Charter", "source": "EOEL" }, "geometry": { "type": "Point", "coordinates": [ -155.108723136142459, 19.549199066985199 ] } },
{ "type": "Feature", "properties": { "objectid": 482, "name": "Volcano School of Arts & Sciences", "address": "99-128 Old Volcano Road", "city": "Volcano", "zip": 96785, "island_dis": "Hawaii", "type": "Charter", "source": "EOEL" }, "geometry": { "type": "Point", "coordinates": [ -155.173685084864132, 19.454976484193992 ] } },
{ "type": "Feature", "properties": { "objectid": 483, "name": "Ke Kula Niʻihau O Kekaha Learning Center", "address": "8135 Kekaha Rd.", "city": "Kekaha", "zip": 96752, "island_dis": "Kauai", "type": "Charter", "source": "EOEL" }, "geometry": { "type": "Point", "coordinates": [ -159.715683997366199, 21.972522204421139 ] } },
{ "type": "Feature", "properties": { "objectid": 484, "name": "Kualapuʻu Charter School", "address": "260 Farrington Avenue", "city": "Kualapuu", "zip": 96757, "island_dis": "Molokai", "type": "Charter", "source": "EOEL" }, "geometry": { "type": "Point", "coordinates": [ -157.036511876201388, 21.152186982946681 ] } },
{ "type": "Feature", "properties": { "objectid": 485, "name": "Kamaile Academy Public Charter School", "address": "85-180 Ala Akau Street", "city": "Waianae", "zip": 96792, "island_dis": "Oahu", "type": "Charter", "source": "EOEL" }, "geometry": { "type": "Point", "coordinates": [ -158.195062521724992, 21.456462924910937 ] } },
{ "type": "Feature", "properties": { "objectid": 486, "name": "Ke Kula ʻo Samuel M. Kamakau Laboratory Public Charter School", "address": "46-500 Kuneki Street", "city": "Kaneohe", "zip": 96744, "island_dis": "Oahu", "type": "Charter", "source": "EOEL" }, "geometry": { "type": "Point", "coordinates": [ -157.821716873799943, 21.40897164556166 ] } },
{ "type": "Feature", "properties": { "objectid": 487, "name": "Waiʻalae Elementary Public Charter School", "address": "1045 19th Avenue", "city": "Honolulu", "zip": 96816, "island_dis": "Oahu", "type": "Charter", "source": "EOEL" }, "geometry": { "type": "Point", "coordinates": [ -157.792798673562089, 21.276444585738869 ] } },
{ "type": "Feature", "properties": { "objectid": 488, "name": "Aiea Elementary", "address": "99-370 Moanalua Road", "city": "Aiea", "zip": 96701, "island_dis": "Oahu", "type": "DOE", "source": "EOEL" }, "geometry": { "type": "Point", "coordinates": [ -157.927945500184819, 21.375765000769469 ] } },
{ "type": "Feature", "properties": { "objectid": 489, "name": "Chiefess Kapi'olani Elementary", "address": "966 Kilauea Avenue", "city": "Hilo", "zip": 96720, "island_dis": "Hawaii", "type": "DOE", "source": "EOEL" }, "geometry": { "type": "Point", "coordinates": [ -155.07754657195639, 19.71390127727728 ] } },
{ "type": "Feature", "properties": { "objectid": 490, "name": "ʻEleʻele Elementary", "address": "4750 Uliuli Road", "city": "Eleele", "zip": 96705, "island_dis": "Kauai", "type": "DOE", "source": "EOEL" }, "geometry": { "type": "Point", "coordinates": [ -159.583897711968774, 21.909340638964544 ] } },
{ "type": "Feature", "properties": { "objectid": 491, "name": "Hale'iwa Elementary", "address": "66-505 Haleiwa Road", "city": "Haleiwa", "zip": 96712, "island_dis": "Oahu", "type": "DOE", "source": "EOEL" }, "geometry": { "type": "Point", "coordinates": [ -158.113453840857289, 21.584420879877925 ] } },
{ "type": "Feature", "properties": { "objectid": 492, "name": "Hilo Union Elementary", "address": "506 Waianuenue Avenue", "city": "Hilo", "zip": 96720, "island_dis": "Hawaii", "type": "DOE", "source": "EOEL" }, "geometry": { "type": "Point", "coordinates": [ -155.094532984809433, 19.721908399461782 ] } },
{ "type": "Feature", "properties": { "objectid": 493, "name": "Honaunau Elementary", "address": "83-5360 Mamalahoa Highway", "city": "Captain Cook", "zip": 96704, "island_dis": "Hawaii", "type": "DOE", "source": "EOEL" }, "geometry": { "type": "Point", "coordinates": [ -155.87969285690744, 19.450726985400905 ] } },
{ "type": "Feature", "properties": { "objectid": 494, "name": "Honokaʻa Elementary", "address": "45-534 Pakalana Street", "city": "Honokaa", "zip": 96727, "island_dis": "Hawaii", "type": "DOE", "source": "EOEL" }, "geometry": { "type": "Point", "coordinates": [ -155.464100735814043, 20.075507142530633 ] } },
{ "type": "Feature", "properties": { "objectid": 495, "name": "Kailua Elementary", "address": "315 Kuulei Road", "city": "Kailua", "zip": 96734, "island_dis": "Oahu", "type": "DOE", "source": "EOEL" }, "geometry": { "type": "Point", "coordinates": [ -157.741136117839517, 21.395967995845016 ] } },
{ "type": "Feature", "properties": { "objectid": 496, "name": "Kalihi Uka Elementary", "address": "2411 Kalihi Street", "city": "Honolulu", "zip": 96819, "island_dis": "Oahu", "type": "DOE", "source": "EOEL" }, "geometry": { "type": "Point", "coordinates": [ -157.86209772401466, 21.345594267197772 ] } },
{ "type": "Feature", "properties": { "objectid": 497, "name": "Kapālama Elementary", "address": "1601 N School Street", "city": "Honolulu", "zip": 96817, "island_dis": "Oahu", "type": "DOE", "source": "EOEL" }, "geometry": { "type": "Point", "coordinates": [ -157.868707877918752, 21.335074465016067 ] } },
{ "type": "Feature", "properties": { "objectid": 498, "name": "Kaunakakai Elementary", "address": "30 Ailoa Street", "city": "Kaunakakai", "zip": 96748, "island_dis": "Molokai", "type": "DOE", "source": "EOEL" }, "geometry": { "type": "Point", "coordinates": [ -157.018332852255412, 21.088635036959463 ] } },
{ "type": "Feature", "properties": { "objectid": 499, "name": "Keaʻau Elementary", "address": "16-680 Keaau-Pahoa Road", "city": "Keaau", "zip": 96749, "island_dis": "Hawaii", "type": "DOE", "source": "EOEL" }, "geometry": { "type": "Point", "coordinates": [ -155.034522446058361, 19.613181005369974 ] } },
{ "type": "Feature", "properties": { "objectid": 500, "name": "Kekaha Elementary", "address": "8140 Kekaha Road", "city": "Kekaha", "zip": 96752, "island_dis": "Kauai", "type": "DOE", "source": "EOEL" }, "geometry": { "type": "Point", "coordinates": [ -159.715466933530365, 21.972300835234513 ] } },
{ "type": "Feature", "properties": { "objectid": 501, "name": "Keolu Elementary", "address": "1416 Keolu Drive", "city": "Kailua", "zip": 96734, "island_dis": "Oahu", "type": "DOE", "source": "EOEL" }, "geometry": { "type": "Point", "coordinates": [ -157.735178999664157, 21.371850001060796 ] } },
{ "type": "Feature", "properties": { "objectid": 502, "name": "Keonepoko Elementary", "address": "15-890 Kahakai Boulevard", "city": "Pahoa", "zip": 96778, "island_dis": "Hawaii", "type": "DOE", "source": "EOEL" }, "geometry": { "type": "Point", "coordinates": [ -154.929108807678318, 19.526099066334666 ] } },
{ "type": "Feature", "properties": { "objectid": 503, "name": "Kilohana Elementary", "address": "334 Kamehameha V Highway", "city": "Kaunakakai", "zip": 96748, "island_dis": "Molokai", "type": "DOE", "source": "EOEL" }, "geometry": { "type": "Point", "coordinates": [ -157.013675975618924, 21.085561543738944 ] } },
{ "type": "Feature", "properties": { "objectid": 504, "name": "Kohala Elementary", "address": "54-3609 Akoni Pule Highway", "city": "Kapaau", "zip": 96755, "island_dis": "Hawaii", "type": "DOE", "source": "EOEL" }, "geometry": { "type": "Point", "coordinates": [ -155.818951483188187, 20.237036826340486 ] } },
{ "type": "Feature", "properties": { "objectid": 505, "name": "Konawaena Elementary", "address": "81-901 Onouli Road", "city": "Kealakekua", "zip": 96750, "island_dis": "Hawaii", "type": "DOE", "source": "EOEL" }, "geometry": { "type": "Point", "coordinates": [ -155.923186859690276, 19.504845086465703 ] } },
{ "type": "Feature", "properties": { "objectid": 506, "name": "Kula Elementary", "address": "5000 Kula Highway", "city": "Kula", "zip": 96790, "island_dis": "Maui", "type": "DOE", "source": "EOEL" }, "geometry": { "type": "Point", "coordinates": [ -156.328820879993742, 20.761217510786668 ] } },
{ "type": "Feature", "properties": { "objectid": 507, "name": "Lānaʻi Elementary", "address": "555 Fraser Avenue", "city": "Lanai City", "zip": 96763, "island_dis": "Lanai", "type": "DOE", "source": "EOEL" }, "geometry": { "type": "Point", "coordinates": [ -156.921926002814502, 20.826415062321711 ] } },
{ "type": "Feature", "properties": { "objectid": 508, "name": "Likelike Elementary", "address": "1618 Palama Street", "city": "Honolulu", "zip": 96817, "island_dis": "Oahu", "type": "DOE", "source": "EOEL" }, "geometry": { "type": "Point", "coordinates": [ -157.864171500204435, 21.325104001027341 ] } },
{ "type": "Feature", "properties": { "objectid": 509, "name": "Linapuni Elementary", "address": "1434 Linapuni Street", "city": "Honolulu", "zip": 96819, "island_dis": "Oahu", "type": "DOE", "source": "EOEL" }, "geometry": { "type": "Point", "coordinates": [ -157.877863264292756, 21.338747695812586 ] } },
{ "type": "Feature", "properties": { "objectid": 510, "name": "Mountain View Elementary", "address": "18-1235 Volcano Road", "city": "Mountain View", "zip": 96771, "island_dis": "Hawaii", "type": "DOE", "source": "EOEL" }, "geometry": { "type": "Point", "coordinates": [ -155.102735007825061, 19.555093077954865 ] } },
{ "type": "Feature", "properties": { "objectid": 511, "name": "Nāʻālehu Elementary", "address": "95-5547 Mamalahoa Highway", "city": "Naalehu", "zip": 96772, "island_dis": "Hawaii", "type": "DOE", "source": "EOEL" }, "geometry": { "type": "Point", "coordinates": [ -155.580758660527522, 19.061816747914822 ] } },
{ "type": "Feature", "properties": { "objectid": 512, "name": "Nānāikapono Elementary", "address": "89-153 Mano Avenue", "city": "Waianae", "zip": 96792, "island_dis": "Oahu", "type": "DOE", "source": "EOEL" }, "geometry": { "type": "Point", "coordinates": [ -158.144107499619821, 21.382830000986573 ] } },
{ "type": "Feature", "properties": { "objectid": 513, "name": "Nānākuli Elementary", "address": "89-778 Haleakala Avenue", "city": "Waianae", "zip": 96792, "island_dis": "Oahu", "type": "DOE", "source": "EOEL" }, "geometry": { "type": "Point", "coordinates": [ -158.134018499849418, 21.387807000955267 ] } },
{ "type": "Feature", "properties": { "objectid": 514, "name": "Pāhoa Elementary", "address": "15-3030 Pahoa Village Road", "city": "Pahoa", "zip": 96778, "island_dis": "Hawaii", "type": "DOE", "source": "EOEL" }, "geometry": { "type": "Point", "coordinates": [ -154.942513895963572, 19.492458205978679 ] } },
{ "type": "Feature", "properties": { "objectid": 515, "name": "Palolo Elementary", "address": "2106 10th Avenue", "city": "Honolulu", "zip": 96816, "island_dis": "Oahu", "type": "DOE", "source": "EOEL" }, "geometry": { "type": "Point", "coordinates": [ -157.791496493124782, 21.299753712062728 ] } },
{ "type": "Feature", "properties": { "objectid": 516, "name": "Pukalani Elementary", "address": "2945 Iolani Street", "city": "Pukalani", "zip": 96768, "island_dis": "Maui", "type": "DOE", "source": "EOEL" }, "geometry": { "type": "Point", "coordinates": [ -156.346292134794709, 20.839343125449552 ] } },
{ "type": "Feature", "properties": { "objectid": 517, "name": "Puʻuhale Elementary", "address": "345 Puuhale Road", "city": "Honolulu", "zip": 96819, "island_dis": "Oahu", "type": "DOE", "source": "EOEL" }, "geometry": { "type": "Point", "coordinates": [ -157.884516000437657, 21.327345000938458 ] } },
{ "type": "Feature", "properties": { "objectid": 518, "name": "Waiāhole Elementary", "address": "48-215 Waiahole Valley Road", "city": "Kaneohe", "zip": 96744, "island_dis": "Oahu", "type": "DOE", "source": "EOEL" }, "geometry": { "type": "Point", "coordinates": [ -157.852262337075388, 21.482696669047645 ] } },
{ "type": "Feature", "properties": { "objectid": 519, "name": "Waialua Elementary", "address": "67-020 Waialua Beach Road", "city": "Waialua", "zip": 96791, "island_dis": "Oahu", "type": "DOE", "source": "EOEL" }, "geometry": { "type": "Point", "coordinates": [ -158.121273338803519, 21.576213845060423 ] } },
{ "type": "Feature", "properties": { "objectid": 520, "name": "Wai'anae Elementary", "address": "85-220 McArthur Street", "city": "Waianae", "zip": 96792, "island_dis": "Oahu", "type": "DOE", "source": "EOEL" }, "geometry": { "type": "Point", "coordinates": [ -158.184248431821572, 21.444728653763576 ] } },
{ "type": "Feature", "properties": { "objectid": 521, "name": "Waimanalo Elementary and Intermediate", "address": "41-1330 Kalanianaole Highway", "city": "Waimanalo", "zip": 96795, "island_dis": "Oahu", "type": "DOE", "source": "EOEL" }, "geometry": { "type": "Point", "coordinates": [ -157.714985203570762, 21.346900407390109 ] } }
]
}
