{
"type": "FeatureCollection",
"name": "Census_Hawaiian_Homelands_hhl10_Stripped",
"crs": { "type": "name", "properties": { "name": "urn:ogc:def:crs:OGC:1.3:CRS84" } },
"xy_coordinate_resolution": 1e-05,
"features": [
{ "type": "Feature", "properties": { "GEOID10": "155271T", "NAME10": "Waimanalo", "POP10": 3048 }, "geometry": { "type": "MultiPolygon", "coordinates": [ [ [ [ -157.67585, 21.32287 ], [ -157.67368, 21.3221 ], [ -157.67244, 21.32124 ], [ -157.67146, 21.31984 ], [ -157.67064, 21.31908 ], [ -157.67039, 21.31915 ], [ -157.66995, 21.31894 ], [ -157.66844, 21.31718 ], [ -157.6676, 21.31655 ], [ -157.6666, 21.31611 ], [ -157.66619, 21.31609 ], [ -157.66568, 21.31615 ], [ -157.66518, 21.31654 ], [ -157.66469, 21.3167 ], [ -157.66448, 21.31659 ], [ -157.66428, 21.3167 ], [ -157.66327, 21.31667 ], [ -157.6629, 21.3163 ], [ -157.66253, 21.31623 ], [ -157.66201, 21.31568 ], [ -157.66156, 21.31574 ], [ -157.66159, 21.31523 ], [ -157.66048, 21.31425 ], [ -157.66032, 21.31317 ], [ -157.66057, 21.31283 ], [ -157.66029, 21.31242 ], [ -157.66055, 21.31185 ], [ -157.65906, 21.31018 ], [ -157.65887, 21.31031 ], [ -157.65869, 21.31013 ], [ -157.65781, 21.31012 ], [ -157.65749, 21.31031 ], [ -157.65746, 21.31003 ], [ -157.65492, 21.31047 ], [ -157.65426, 21.31079 ], [ -157.65303, 21.31088 ], [ -157.65276, 21.31082 ], [ -157.6515, 21.30866 ], [ -157.65278, 21.30873 ], [ -157.65292, 21.30912 ], [ -157.65347, 21.30905 ], [ -157.65443, 21.30951 ], [ -157.6549, 21.30947 ], [ -157.65551, 21.30913 ], [ -157.65676, 21.30916 ], [ -157.65733, 21.30886 ], [ -157.65792, 21.30955 ], [ -157.6594, 21.30966 ], [ -157.66001, 21.30988 ], [ -157.66129, 21.31133 ], [ -157.66153, 21.31196 ], [ -157.66174, 21.31362 ], [ -157.66223, 21.31452 ], [ -157.66269, 21.31499 ], [ -157.66408, 21.31569 ], [ -157.66648, 21.3158 ], [ -157.66781, 21.31631 ], [ -157.67315, 21.32109 ], [ -157.67605, 21.32256 ], [ -157.67585, 21.32287 ] ] ], [ [ [ -157.70517, 21.34024 ], [ -157.71036, 21.34503 ], [ -157.71108, 21.34573 ], [ -157.70472, 21.34058 ], [ -157.70517, 21.34024 ] ] ], [ [ [ -157.74172, 21.33701 ], [ -157.74292, 21.33767 ], [ -157.74246, 21.3382 ], [ -157.74276, 21.33846 ], [ -157.74182, 21.33899 ], [ -157.74145, 21.33941 ], [ -157.74084, 21.33805 ], [ -157.74172, 21.33701 ] ] ], [ [ [ -157.68479, 21.3269 ], [ -157.68338, 21.32658 ], [ -157.68174, 21.32588 ], [ -157.68205, 21.32528 ], [ -157.69607, 21.33163 ], [ -157.69733, 21.33267 ], [ -157.69445, 21.33411 ], [ -157.69327, 21.33237 ], [ -157.69014, 21.32965 ], [ -157.68837, 21.32851 ], [ -157.68479, 21.3269 ] ] ], [ [ [ -157.75267, 21.32784 ], [ -157.7531, 21.32805 ], [ -157.75345, 21.32857 ], [ -157.75399, 21.32878 ], [ -157.75482, 21.32949 ], [ -157.75563, 21.33056 ], [ -157.75766, 21.33101 ], [ -157.75863, 21.33175 ], [ -157.75905, 21.33187 ], [ -157.75903, 21.33205 ], [ -157.75861, 21.33314 ], [ -157.75711, 21.33503 ], [ -157.75623, 21.33641 ], [ -157.75506, 21.33995 ], [ -157.7546, 21.34052 ], [ -157.754, 21.34091 ], [ -157.75222, 21.34129 ], [ -157.75175, 21.34193 ], [ -157.75158, 21.34274 ], [ -157.75082, 21.34398 ], [ -157.75272, 21.33804 ], [ -157.73897, 21.3289 ], [ -157.72952, 21.32809 ], [ -157.72116, 21.33194 ], [ -157.72059, 21.33161 ], [ -157.72005, 21.33161 ], [ -157.71912, 21.33118 ], [ -157.71755, 21.3294 ], [ -157.71618, 21.32918 ], [ -157.71605, 21.32888 ], [ -157.71793, 21.32708 ], [ -157.71742, 21.32415 ], [ -157.71465, 21.32187 ], [ -157.71091, 21.3229 ], [ -157.70796, 21.32284 ], [ -157.70409, 21.32413 ], [ -157.7012, 21.32356 ], [ -157.70096, 21.32427 ], [ -157.70043, 21.32508 ], [ -157.70138, 21.32543 ], [ -157.70263, 21.32645 ], [ -157.70446, 21.3269 ], [ -157.70486, 21.32724 ], [ -157.70407, 21.32985 ], [ -157.7033, 21.33031 ], [ -157.70298, 21.33034 ], [ -157.7064, 21.33089 ], [ -157.70689, 21.3314 ], [ -157.70733, 21.33264 ], [ -157.70709, 21.33342 ], [ -157.70722, 21.33444 ], [ -157.70677, 21.33517 ], [ -157.70712, 21.33587 ], [ -157.70701, 21.3365 ], [ -157.70539, 21.33645 ], [ -157.70542, 21.33571 ], [ -157.70492, 21.33528 ], [ -157.7052, 21.33502 ], [ -157.70403, 21.3339 ], [ -157.70371, 21.33377 ], [ -157.70318, 21.33383 ], [ -157.70295, 21.33365 ], [ -157.70302, 21.33328 ], [ -157.70236, 21.33298 ], [ -157.7019, 21.33227 ], [ -157.70097, 21.33204 ], [ -157.69872, 21.33087 ], [ -157.69894, 21.33217 ], [ -157.69973, 21.33233 ], [ -157.70028, 21.33322 ], [ -157.70083, 21.33364 ], [ -157.70362, 21.33708 ], [ -157.70405, 21.33843 ], [ -157.70435, 21.33826 ], [ -157.70486, 21.33995 ], [ -157.70505, 21.34013 ], [ -157.70471, 21.34036 ], [ -157.69763, 21.33248 ], [ -157.69652, 21.33158 ], [ -157.6742, 21.32133 ], [ -157.67333, 21.32077 ], [ -157.67088, 21.31863 ], [ -157.67228, 21.31725 ], [ -157.67327, 21.31734 ], [ -157.67452, 21.31782 ], [ -157.67827, 21.32021 ], [ -157.68121, 21.32064 ], [ -157.68311, 21.32008 ], [ -157.68483, 21.31993 ], [ -157.68542, 21.32039 ], [ -157.68537, 21.32112 ], [ -157.68636, 21.32146 ], [ -157.68753, 21.3216 ], [ -157.68928, 21.32133 ], [ -157.69088, 21.32023 ], [ -157.69144, 21.32005 ], [ -157.69342, 21.32014 ], [ -157.69383, 21.32038 ], [ -157.69506, 21.32044 ], [ -157.69696, 21.31906 ], [ -157.70126, 21.31786 ], [ -157.70206, 21.31727 ], [ -157.70347, 21.31736 ], [ -157.70457, 21.31658 ], [ -157.70636, 21.31666 ], [ -157.70716, 21.31774 ], [ -157.70976, 21.31824 ], [ -157.71076, 21.31704 ], [ -157.71276, 21.31744 ], [ -157.71366, 21.31694 ], [ -157.71686, 21.31715 ], [ -157.71896, 21.31844 ], [ -157.72136, 21.31865 ], [ -157.72286, 21.32004 ], [ -157.72356, 21.32134 ], [ -157.72586, 21.32414 ], [ -157.72766, 21.32324 ], [ -157.73096, 21.32264 ], [ -157.73306, 21.32274 ], [ -157.73486, 21.32334 ], [ -157.73706, 21.32305 ], [ -157.73836, 21.32335 ], [ -157.73837, 21.32357 ], [ -157.73917, 21.32379 ], [ -157.74171, 21.32422 ], [ -157.74281, 21.32466 ], [ -157.74381, 21.32475 ], [ -157.74436, 21.32509 ], [ -157.74646, 21.32571 ], [ -157.74752, 21.32577 ], [ -157.74919, 21.32723 ], [ -157.75267, 21.32784 ] ], [ [ -157.704, 21.33229 ], [ -157.70433, 21.33261 ], [ -157.70463, 21.33234 ], [ -157.7043, 21.33202 ], [ -157.704, 21.33229 ] ], [ [ -157.75309, 21.33583 ], [ -157.75334, 21.33719 ], [ -157.75509, 21.33704 ], [ -157.75484, 21.33569 ], [ -157.75309, 21.33583 ] ], [ [ -157.69436, 21.32708 ], [ -157.69424, 21.32705 ], [ -157.69354, 21.32841 ], [ -157.69398, 21.32855 ], [ -157.69435, 21.32896 ], [ -157.69624, 21.3286 ], [ -157.69618, 21.32767 ], [ -157.69418, 21.32743 ], [ -157.69436, 21.32708 ] ] ] ] } },
{ "type": "Feature", "properties": { "GEOID10": "155044T", "NAME10": "Kalaeloa", "POP10": 10 }, "geometry": { "type": "MultiPolygon", "coordinates": [ [ [ [ -158.09302, 21.31363 ], [ -158.09017, 21.31845 ], [ -158.08998, 21.31831 ], [ -158.08827, 21.31892 ], [ -158.08808, 21.31377 ], [ -158.08762, 21.31378 ], [ -158.08761, 21.31362 ], [ -158.08807, 21.31362 ], [ -158.08802, 21.31302 ], [ -158.08942, 21.31373 ], [ -158.09302, 21.31363 ] ] ], [ [ [ -158.08638, 21.30142 ], [ -158.08686, 21.30672 ], [ -158.0857, 21.30675 ], [ -158.08323, 21.30573 ], [ -158.08266, 21.30583 ], [ -158.0827, 21.30603 ], [ -158.08198, 21.30616 ], [ -158.08152, 21.30644 ], [ -158.08108, 21.30608 ], [ -158.08116, 21.30593 ], [ -158.08049, 21.30553 ], [ -158.07923, 21.30775 ], [ -158.07478, 21.30549 ], [ -158.08394, 21.29947 ], [ -158.08529, 21.30122 ], [ -158.0858, 21.30142 ], [ -158.08638, 21.30142 ] ] ], [ [ [ -158.05493, 21.31535 ], [ -158.05447, 21.31606 ], [ -158.05375, 21.31659 ], [ -158.05031, 21.31755 ], [ -158.04946, 21.31853 ], [ -158.04868, 21.3204 ], [ -158.04705, 21.32187 ], [ -158.04655, 21.32323 ], [ -158.04513, 21.32461 ], [ -158.04503, 21.32453 ], [ -158.04503, 21.3204 ], [ -158.04613, 21.3204 ], [ -158.04616, 21.31995 ], [ -158.04609, 21.31758 ], [ -158.04547, 21.31756 ], [ -158.04551, 21.31714 ], [ -158.04851, 21.31492 ], [ -158.05326, 21.3148 ], [ -158.05403, 21.31535 ], [ -158.05493, 21.31535 ] ] ], [ [ [ -158.05694, 21.30542 ], [ -158.05608, 21.30999 ], [ -158.05086, 21.31024 ], [ -158.05138, 21.30831 ], [ -158.05323, 21.30811 ], [ -158.05281, 21.30619 ], [ -158.05694, 21.30542 ] ] ], [ [ [ -158.0696, 21.31458 ], [ -158.06903, 21.31544 ], [ -158.06566, 21.31613 ], [ -158.0669, 21.31425 ], [ -158.06797, 21.31406 ], [ -158.06817, 21.31486 ], [ -158.0696, 21.31458 ] ] ], [ [ [ -158.07492, 21.3145 ], [ -158.07414, 21.31568 ], [ -158.07336, 21.31523 ], [ -158.07275, 21.31617 ], [ -158.06984, 21.31448 ], [ -158.07075, 21.31308 ], [ -158.07159, 21.31357 ], [ -158.0713, 21.31402 ], [ -158.0723, 21.31458 ], [ -158.07308, 21.31341 ], [ -158.07492, 21.3145 ] ] ], [ [ [ -158.08332, 21.31406 ], [ -158.07991, 21.31592 ], [ -158.07871, 21.31596 ], [ -158.0774, 21.31571 ], [ -158.07763, 21.31474 ], [ -158.07857, 21.31492 ], [ -158.08036, 21.3123 ], [ -158.08332, 21.31406 ] ] ], [ [ [ -158.08744, 21.31391 ], [ -158.08789, 21.31904 ], [ -158.08773, 21.32062 ], [ -158.08756, 21.32138 ], [ -158.08735, 21.32151 ], [ -158.08684, 21.32155 ], [ -158.08231, 21.32026 ], [ -158.07939, 21.31781 ], [ -158.07896, 21.3172 ], [ -158.07895, 21.31613 ], [ -158.08034, 21.31592 ], [ -158.08361, 21.31419 ], [ -158.08451, 21.31397 ], [ -158.08744, 21.31391 ] ] ], [ [ [ -158.08745, 21.31357 ], [ -158.08437, 21.31375 ], [ -158.08335, 21.31405 ], [ -158.08455, 21.31181 ], [ -158.08478, 21.31028 ], [ -158.08505, 21.31015 ], [ -158.08715, 21.31009 ], [ -158.08745, 21.31357 ] ] ] ] } },
{ "type": "Feature", "properties": { "GEOID10": "155148T", "NAME10": "Maluohai", "POP10": 1178 }, "geometry": { "type": "Polygon", "coordinates": [ [ [ -158.07181, 21.32997 ], [ -158.07237, 21.33086 ], [ -158.07125, 21.3314 ], [ -158.07083, 21.33188 ], [ -158.06996, 21.33126 ], [ -158.06882, 21.33267 ], [ -158.06793, 21.33198 ], [ -158.06585, 21.33267 ], [ -158.06565, 21.33215 ], [ -158.06582, 21.33202 ], [ -158.06503, 21.33028 ], [ -158.06513, 21.3301 ], [ -158.06597, 21.32997 ], [ -158.07031, 21.33012 ], [ -158.07138, 21.32984 ], [ -158.07181, 21.32997 ] ] ] } },
{ "type": "Feature", "properties": { "GEOID10": "155161T", "NAME10": "Nanakuli", "POP10": 5370 }, "geometry": { "type": "MultiPolygon", "coordinates": [ [ [ [ -158.13949, 21.375 ], [ -158.13579, 21.36885 ], [ -158.13594, 21.3687 ], [ -158.13632, 21.36922 ], [ -158.1369, 21.36918 ], [ -158.13708, 21.36942 ], [ -158.1374, 21.36913 ], [ -158.13785, 21.36918 ], [ -158.13777, 21.36982 ], [ -158.13814, 21.36986 ], [ -158.13819, 21.37003 ], [ -158.13791, 21.37081 ], [ -158.13881, 21.3716 ], [ -158.13915, 21.37218 ], [ -158.13958, 21.3722 ], [ -158.14035, 21.3719 ], [ -158.14108, 21.37201 ], [ -158.14151, 21.37302 ], [ -158.14143, 21.3738 ], [ -158.14107, 21.37432 ], [ -158.14102, 21.37486 ], [ -158.14168, 21.37617 ], [ -158.14218, 21.37684 ], [ -158.14295, 21.3775 ], [ -158.14377, 21.37752 ], [ -158.14402, 21.37806 ], [ -158.14448, 21.37854 ], [ -158.14629, 21.37932 ], [ -158.14678, 21.38123 ], [ -158.14797, 21.38319 ], [ -158.14765, 21.3835 ], [ -158.14162, 21.3779 ], [ -158.14036, 21.37656 ], [ -158.13929, 21.37512 ], [ -158.13942, 21.37505 ], [ -158.13958, 21.37528 ], [ -158.13983, 21.37514 ], [ -158.13968, 21.3749 ], [ -158.13949, 21.375 ] ] ], [ [ [ -158.12448, 21.37975 ], [ -158.12724, 21.37776 ], [ -158.12789, 21.37703 ], [ -158.12804, 21.37586 ], [ -158.12883, 21.37558 ], [ -158.12903, 21.37524 ], [ -158.13557, 21.36906 ], [ -158.13855, 21.37426 ], [ -158.14015, 21.37664 ], [ -158.14117, 21.37778 ], [ -158.14386, 21.38028 ], [ -158.1435, 21.38056 ], [ -158.14378, 21.38082 ], [ -158.14414, 21.38054 ], [ -158.14545, 21.38175 ], [ -158.14498, 21.3821 ], [ -158.14382, 21.38218 ], [ -158.14289, 21.38246 ], [ -158.14353, 21.38305 ], [ -158.14283, 21.38372 ], [ -158.14382, 21.38464 ], [ -158.14536, 21.38318 ], [ -158.14564, 21.38344 ], [ -158.14578, 21.3833 ], [ -158.1455, 21.38304 ], [ -158.14627, 21.38252 ], [ -158.14749, 21.38365 ], [ -158.14407, 21.38763 ], [ -158.14165, 21.38937 ], [ -158.13943, 21.39125 ], [ -158.13787, 21.39223 ], [ -158.13699, 21.39325 ], [ -158.13578, 21.3941 ], [ -158.13427, 21.39561 ], [ -158.13402, 21.396 ], [ -158.13442, 21.39634 ], [ -158.13275, 21.39981 ], [ -158.13206, 21.40213 ], [ -158.1191, 21.40734 ], [ -158.11552, 21.41161 ], [ -158.11182, 21.41187 ], [ -158.10794, 21.40657 ], [ -158.10807, 21.40645 ], [ -158.10709, 21.40677 ], [ -158.10526, 21.40675 ], [ -158.10315, 21.40488 ], [ -158.10533, 21.4029 ], [ -158.10769, 21.3993 ], [ -158.11242, 21.39754 ], [ -158.11438, 21.39915 ], [ -158.11877, 21.39328 ], [ -158.11303, 21.39261 ], [ -158.11046, 21.38927 ], [ -158.11217, 21.38545 ], [ -158.11715, 21.38181 ], [ -158.11859, 21.38137 ], [ -158.11921, 21.38166 ], [ -158.11999, 21.38141 ], [ -158.12091, 21.3815 ], [ -158.12298, 21.38011 ], [ -158.12395, 21.3797 ], [ -158.12448, 21.37975 ] ], [ [ -158.13227, 21.39089 ], [ -158.13532, 21.38924 ], [ -158.13661, 21.38728 ], [ -158.13776, 21.38665 ], [ -158.13584, 21.38486 ], [ -158.1351, 21.38529 ], [ -158.13184, 21.38586 ], [ -158.13116, 21.3863 ], [ -158.13028, 21.38734 ], [ -158.13093, 21.388 ], [ -158.13227, 21.39089 ] ] ] ] } },
{ "type": "Feature", "properties": { "GEOID10": "155139T", "NAME10": "Makaha Valley", "POP10": 4 }, "geometry": { "type": "Polygon", "coordinates": [ [ [ -158.19686, 21.47803 ], [ -158.19408, 21.48148 ], [ -158.1935, 21.48193 ], [ -158.19044, 21.47893 ], [ -158.1903, 21.47835 ], [ -158.19151, 21.47762 ], [ -158.19147, 21.47698 ], [ -158.18963, 21.47643 ], [ -158.18905, 21.47233 ], [ -158.19422, 21.46843 ], [ -158.19617, 21.46418 ], [ -158.19757, 21.46316 ], [ -158.19616, 21.46717 ], [ -158.19936, 21.46979 ], [ -158.20012, 21.46982 ], [ -158.20011, 21.46964 ], [ -158.20027, 21.4696 ], [ -158.20179, 21.46973 ], [ -158.20281, 21.47045 ], [ -158.20296, 21.47034 ], [ -158.20358, 21.47124 ], [ -158.20609, 21.47275 ], [ -158.20587, 21.47307 ], [ -158.20379, 21.47324 ], [ -158.203, 21.47304 ], [ -158.20289, 21.47255 ], [ -158.20064, 21.47076 ], [ -158.19981, 21.47068 ], [ -158.1995, 21.47131 ], [ -158.19754, 21.47107 ], [ -158.1958, 21.47265 ], [ -158.19501, 21.47309 ], [ -158.19423, 21.47509 ], [ -158.19379, 21.47533 ], [ -158.19342, 21.47649 ], [ -158.19348, 21.47727 ], [ -158.19385, 21.47754 ], [ -158.19446, 21.47776 ], [ -158.19686, 21.47803 ] ] ] } },
{ "type": "Feature", "properties": { "GEOID10": "155238T", "NAME10": "Waianae", "POP10": 2201 }, "geometry": { "type": "MultiPolygon", "coordinates": [ [ [ [ -158.15638, 21.46766 ], [ -158.15785, 21.46687 ], [ -158.15893, 21.46754 ], [ -158.1584, 21.46758 ], [ -158.15759, 21.46811 ], [ -158.15649, 21.4695 ], [ -158.15565, 21.46945 ], [ -158.15393, 21.47047 ], [ -158.15461, 21.46987 ], [ -158.15421, 21.46948 ], [ -158.15375, 21.46987 ], [ -158.15392, 21.47008 ], [ -158.15373, 21.4699 ], [ -158.15243, 21.47092 ], [ -158.15121, 21.47135 ], [ -158.1513, 21.47188 ], [ -158.15108, 21.4725 ], [ -158.15147, 21.47313 ], [ -158.15174, 21.47299 ], [ -158.15183, 21.47337 ], [ -158.15225, 21.47334 ], [ -158.15215, 21.47376 ], [ -158.15187, 21.47377 ], [ -158.15172, 21.47326 ], [ -158.15161, 21.47329 ], [ -158.15218, 21.47458 ], [ -158.15339, 21.47368 ], [ -158.15318, 21.47239 ], [ -158.15308, 21.47241 ], [ -158.15287, 21.47182 ], [ -158.15292, 21.47176 ], [ -158.15374, 21.47288 ], [ -158.154, 21.47412 ], [ -158.15384, 21.47446 ], [ -158.1526, 21.47509 ], [ -158.15254, 21.47496 ], [ -158.15154, 21.47627 ], [ -158.1517, 21.47641 ], [ -158.15102, 21.47728 ], [ -158.15078, 21.47664 ], [ -158.15116, 21.47691 ], [ -158.15155, 21.47641 ], [ -158.15137, 21.47628 ], [ -158.15207, 21.47539 ], [ -158.15205, 21.475 ], [ -158.15183, 21.47449 ], [ -158.15093, 21.47501 ], [ -158.15083, 21.47533 ], [ -158.15033, 21.47551 ], [ -158.14747, 21.46769 ], [ -158.15517, 21.46819 ], [ -158.15571, 21.46793 ], [ -158.15571, 21.46834 ], [ -158.156, 21.46833 ], [ -158.15646, 21.46795 ], [ -158.15638, 21.46766 ] ] ], [ [ [ -158.18429, 21.44963 ], [ -158.18443, 21.4502 ], [ -158.18259, 21.45086 ], [ -158.18238, 21.45032 ], [ -158.18429, 21.44963 ] ] ], [ [ [ -158.15511, 21.46067 ], [ -158.15615, 21.45903 ], [ -158.15604, 21.4582 ], [ -158.1565, 21.45769 ], [ -158.15809, 21.45664 ], [ -158.1595, 21.45613 ], [ -158.16217, 21.45463 ], [ -158.16355, 21.45305 ], [ -158.16478, 21.45202 ], [ -158.16494, 21.45198 ], [ -158.16559, 21.45258 ], [ -158.16879, 21.45572 ], [ -158.17044, 21.45388 ], [ -158.17066, 21.45299 ], [ -158.17132, 21.45218 ], [ -158.17168, 21.45281 ], [ -158.17071, 21.4541 ], [ -158.17058, 21.45496 ], [ -158.16976, 21.45569 ], [ -158.17004, 21.45625 ], [ -158.16952, 21.45613 ], [ -158.16949, 21.45762 ], [ -158.16899, 21.45793 ], [ -158.16925, 21.45836 ], [ -158.1698, 21.45805 ], [ -158.16986, 21.4582 ], [ -158.1689, 21.45964 ], [ -158.1687, 21.45969 ], [ -158.16775, 21.45916 ], [ -158.16667, 21.46019 ], [ -158.16648, 21.45995 ], [ -158.16552, 21.46075 ], [ -158.16632, 21.4618 ], [ -158.16716, 21.46082 ], [ -158.16737, 21.4611 ], [ -158.16595, 21.46234 ], [ -158.1631, 21.4635 ], [ -158.16703, 21.45893 ], [ -158.16644, 21.45793 ], [ -158.16423, 21.45976 ], [ -158.16198, 21.45941 ], [ -158.15944, 21.46188 ], [ -158.15847, 21.46483 ], [ -158.15567, 21.46436 ], [ -158.15471, 21.46373 ], [ -158.15416, 21.46356 ], [ -158.15197, 21.46353 ], [ -158.15511, 21.46067 ] ], [ [ -158.16037, 21.4578 ], [ -158.16043, 21.45758 ], [ -158.1602, 21.45764 ], [ -158.16021, 21.45779 ], [ -158.16037, 21.4578 ] ] ] ] } },
{ "type": "Feature", "properties": { "GEOID10": "155136T", "NAME10": "Lualualei", "POP10": 58 }, "geometry": { "type": "MultiPolygon", "coordinates": [ [ [ [ -158.16638, 21.43659 ], [ -158.16626, 21.43717 ], [ -158.16343, 21.43962 ], [ -158.15733, 21.4408 ], [ -158.15702, 21.43926 ], [ -158.15753, 21.43898 ], [ -158.15929, 21.43745 ], [ -158.16186, 21.43649 ], [ -158.1615, 21.43584 ], [ -158.16255, 21.43547 ], [ -158.16365, 21.43465 ], [ -158.16373, 21.43568 ], [ -158.16638, 21.43659 ] ] ], [ [ [ -158.17725, 21.4325 ], [ -158.17005, 21.44525 ], [ -158.1673, 21.44967 ], [ -158.16599, 21.45118 ], [ -158.16366, 21.45295 ], [ -158.16217, 21.45463 ], [ -158.1595, 21.45613 ], [ -158.15809, 21.45664 ], [ -158.1565, 21.45769 ], [ -158.15602, 21.45826 ], [ -158.15612, 21.45913 ], [ -158.15511, 21.46067 ], [ -158.15102, 21.46428 ], [ -158.14756, 21.4676 ], [ -158.14653, 21.46333 ], [ -158.14877, 21.46319 ], [ -158.14867, 21.4625 ], [ -158.1489, 21.46136 ], [ -158.14964, 21.46034 ], [ -158.1489, 21.45694 ], [ -158.15274, 21.45625 ], [ -158.1529, 21.45716 ], [ -158.15144, 21.45935 ], [ -158.15159, 21.45935 ], [ -158.15294, 21.45746 ], [ -158.15579, 21.45531 ], [ -158.16121, 21.4532 ], [ -158.16245, 21.45225 ], [ -158.16621, 21.44828 ], [ -158.1675, 21.44501 ], [ -158.16823, 21.44375 ], [ -158.16865, 21.44332 ], [ -158.17178, 21.44127 ], [ -158.1722, 21.44045 ], [ -158.17119, 21.44079 ], [ -158.17041, 21.44056 ], [ -158.17005, 21.43967 ], [ -158.1697, 21.43946 ], [ -158.17042, 21.4368 ], [ -158.17194, 21.43507 ], [ -158.17233, 21.43423 ], [ -158.17073, 21.43299 ], [ -158.1718, 21.43273 ], [ -158.17298, 21.43133 ], [ -158.17467, 21.43055 ], [ -158.17725, 21.4325 ] ] ], [ [ [ -158.1782, 21.42895 ], [ -158.17838, 21.43081 ], [ -158.18046, 21.43224 ], [ -158.17945, 21.43266 ], [ -158.17725, 21.4325 ], [ -158.17646, 21.42912 ], [ -158.1782, 21.42895 ] ] ], [ [ [ -158.18269, 21.43078 ], [ -158.18297, 21.4312 ], [ -158.1821, 21.43155 ], [ -158.18086, 21.43048 ], [ -158.18036, 21.43025 ], [ -158.18069, 21.4296 ], [ -158.17976, 21.42903 ], [ -158.18008, 21.42901 ], [ -158.18163, 21.4299 ], [ -158.18269, 21.43078 ] ] ] ] } },
{ "type": "Feature", "properties": { "GEOID10": "155009T", "NAME10": "Haiku", "POP10": 0 }, "geometry": { "type": "MultiPolygon", "coordinates": [ [ [ [ -157.83705, 21.41204 ], [ -157.83909, 21.41039 ], [ -157.83927, 21.41059 ], [ -157.83853, 21.41137 ], [ -157.83626, 21.41285 ], [ -157.83615, 21.41255 ], [ -157.83705, 21.41204 ] ] ], [ [ [ -157.82407, 21.39523 ], [ -157.82403, 21.39576 ], [ -157.82277, 21.3971 ], [ -157.82155, 21.39744 ], [ -157.82407, 21.39523 ] ] ], [ [ [ -157.83182, 21.40382 ], [ -157.83233, 21.40504 ], [ -157.83028, 21.40642 ], [ -157.82884, 21.40645 ], [ -157.82883, 21.40997 ], [ -157.82742, 21.40975 ], [ -157.82594, 21.41036 ], [ -157.82598, 21.41067 ], [ -157.82383, 21.41 ], [ -157.8225, 21.40832 ], [ -157.82278, 21.40831 ], [ -157.82463, 21.40694 ], [ -157.82278, 21.40496 ], [ -157.82072, 21.40609 ], [ -157.82631, 21.40236 ], [ -157.8269, 21.40331 ], [ -157.83058, 21.4022 ], [ -157.83182, 21.40382 ] ] ] ] } },
{ "type": "Feature", "properties": { "GEOID10": "155239T", "NAME10": "Waianae Kai", "POP10": 609 }, "geometry": { "type": "Polygon", "coordinates": [ [ [ -158.17843, 21.44003 ], [ -158.17662, 21.44031 ], [ -158.1749, 21.43961 ], [ -158.17516, 21.43884 ], [ -158.17552, 21.43902 ], [ -158.17697, 21.43666 ], [ -158.17868, 21.43614 ], [ -158.17886, 21.43681 ], [ -158.17814, 21.43698 ], [ -158.17794, 21.43769 ], [ -158.17843, 21.44003 ] ] ] } },
{ "type": "Feature", "properties": { "GEOID10": "155043T", "NAME10": "Kakaina-Kumuhau", "POP10": 0 }, "geometry": { "type": "MultiPolygon", "coordinates": [ [ [ [ -157.72709, 21.3439 ], [ -157.72897, 21.3475 ], [ -157.72896, 21.34764 ], [ -157.72833, 21.34791 ], [ -157.72745, 21.34633 ], [ -157.72679, 21.34571 ], [ -157.72589, 21.34517 ], [ -157.72673, 21.34409 ], [ -157.72709, 21.3439 ] ] ], [ [ [ -157.72256, 21.3447 ], [ -157.72633, 21.34326 ], [ -157.72671, 21.34392 ], [ -157.72629, 21.34359 ], [ -157.72597, 21.34416 ], [ -157.72565, 21.34388 ], [ -157.72543, 21.34409 ], [ -157.72569, 21.34443 ], [ -157.72455, 21.345 ], [ -157.72432, 21.3447 ], [ -157.72342, 21.34524 ], [ -157.7231, 21.34574 ], [ -157.72283, 21.34561 ], [ -157.72256, 21.3447 ] ] ] ] } },
{ "type": "Feature", "properties": { "GEOID10": "155179T", "NAME10": "Papakolea", "POP10": 1215 }, "geometry": { "type": "MultiPolygon", "coordinates": [ [ [ [ -157.84188, 21.31609 ], [ -157.84222, 21.31595 ], [ -157.84329, 21.31584 ], [ -157.84294, 21.31623 ], [ -157.8421, 21.31626 ], [ -157.84188, 21.31609 ] ] ], [ [ [ -157.84316, 21.31114 ], [ -157.84229, 21.31332 ], [ -157.84159, 21.31326 ], [ -157.84147, 21.31358 ], [ -157.84103, 21.31389 ], [ -157.8411, 21.31446 ], [ -157.84094, 21.31476 ], [ -157.84036, 21.31414 ], [ -157.84098, 21.31369 ], [ -157.84233, 21.31017 ], [ -157.84418, 21.30966 ], [ -157.84447, 21.30966 ], [ -157.845, 21.31014 ], [ -157.84316, 21.31114 ] ] ], [ [ [ -157.83724, 21.31564 ], [ -157.83764, 21.31542 ], [ -157.83781, 21.31552 ], [ -157.8385, 21.31511 ], [ -157.84045, 21.31461 ], [ -157.84182, 21.31631 ], [ -157.84276, 21.31669 ], [ -157.84327, 21.318 ], [ -157.84089, 21.31856 ], [ -157.83752, 21.32039 ], [ -157.83622, 21.32146 ], [ -157.83402, 21.32424 ], [ -157.83321, 21.32388 ], [ -157.8351, 21.31999 ], [ -157.83369, 21.32111 ], [ -157.83342, 21.31866 ], [ -157.83405, 21.31849 ], [ -157.83399, 21.31823 ], [ -157.83531, 21.31785 ], [ -157.83594, 21.3175 ], [ -157.83667, 21.31673 ], [ -157.83697, 21.31661 ], [ -157.83683, 21.31629 ], [ -157.83724, 21.31564 ] ] ] ] } },
{ "type": "Feature", "properties": { "GEOID10": "155030T", "NAME10": "Honolulu Makai", "POP10": 13 }, "geometry": { "type": "MultiPolygon", "coordinates": [ [ [ [ -157.87638, 21.32111 ], [ -157.87699, 21.32065 ], [ -157.87739, 21.32105 ], [ -157.87647, 21.32184 ], [ -157.87552, 21.32194 ], [ -157.87565, 21.32185 ], [ -157.87552, 21.32169 ], [ -157.87563, 21.32142 ], [ -157.87638, 21.32111 ] ] ], [ [ [ -157.82616, 21.29165 ], [ -157.82638, 21.29113 ], [ -157.82695, 21.29133 ], [ -157.82729, 21.29103 ], [ -157.82748, 21.29134 ], [ -157.82719, 21.29203 ], [ -157.82616, 21.29165 ] ] ], [ [ [ -157.89394, 21.33501 ], [ -157.89759, 21.3355 ], [ -157.89626, 21.33824 ], [ -157.89494, 21.3378 ], [ -157.89575, 21.33598 ], [ -157.89476, 21.33583 ], [ -157.894, 21.3359 ], [ -157.89394, 21.33501 ] ] ], [ [ [ -157.87746, 21.32075 ], [ -157.87761, 21.32082 ], [ -157.87788, 21.32055 ], [ -157.87885, 21.32117 ], [ -157.87828, 21.32168 ], [ -157.87746, 21.32075 ] ] ] ] } },
{ "type": "Feature", "properties": { "GEOID10": "155223T", "NAME10": "Waiahole", "POP10": 27 }, "geometry": { "type": "MultiPolygon", "coordinates": [ [ [ [ -157.84647, 21.47875 ], [ -157.8471, 21.47889 ], [ -157.84709, 21.48032 ], [ -157.84647, 21.48032 ], [ -157.84647, 21.47875 ] ] ], [ [ [ -157.84751, 21.48303 ], [ -157.84783, 21.48276 ], [ -157.84795, 21.48249 ], [ -157.84776, 21.48311 ], [ -157.84751, 21.48303 ] ] ], [ [ [ -157.8499, 21.48313 ], [ -157.84992, 21.48357 ], [ -157.84963, 21.48356 ], [ -157.84962, 21.48315 ], [ -157.8499, 21.48313 ] ] ], [ [ [ -157.85033, 21.48285 ], [ -157.85035, 21.4832 ], [ -157.85, 21.48321 ], [ -157.84999, 21.48286 ], [ -157.85033, 21.48285 ] ] ], [ [ [ -157.85058, 21.48255 ], [ -157.85023, 21.48254 ], [ -157.85025, 21.48221 ], [ -157.85061, 21.48223 ], [ -157.85058, 21.48255 ] ] ], [ [ [ -157.85195, 21.48266 ], [ -157.85155, 21.48263 ], [ -157.85158, 21.48231 ], [ -157.85197, 21.48234 ], [ -157.85195, 21.48266 ] ] ], [ [ [ -157.8527, 21.48264 ], [ -157.85236, 21.48267 ], [ -157.85249, 21.48217 ], [ -157.85255, 21.48216 ], [ -157.8527, 21.48264 ] ] ], [ [ [ -157.85349, 21.4824 ], [ -157.85317, 21.48251 ], [ -157.85305, 21.48211 ], [ -157.85349, 21.48206 ], [ -157.85349, 21.4824 ] ] ], [ [ [ -157.85462, 21.48218 ], [ -157.85495, 21.48209 ], [ -157.85504, 21.48249 ], [ -157.85517, 21.48249 ], [ -157.85501, 21.48279 ], [ -157.85464, 21.48263 ], [ -157.85462, 21.48218 ] ] ], [ [ [ -157.85566, 21.48195 ], [ -157.85581, 21.48235 ], [ -157.85558, 21.48244 ], [ -157.85547, 21.48199 ], [ -157.85566, 21.48195 ] ] ], [ [ [ -157.85641, 21.48291 ], [ -157.85629, 21.48258 ], [ -157.85598, 21.4826 ], [ -157.85596, 21.48235 ], [ -157.85632, 21.48212 ], [ -157.85641, 21.48291 ] ] ], [ [ [ -157.85989, 21.48281 ], [ -157.86024, 21.48278 ], [ -157.86056, 21.48303 ], [ -157.85988, 21.4837 ], [ -157.86043, 21.48421 ], [ -157.86005, 21.48459 ], [ -157.85842, 21.48459 ], [ -157.85842, 21.48413 ], [ -157.85915, 21.48348 ], [ -157.85987, 21.48331 ], [ -157.85989, 21.48281 ] ] ], [ [ [ -157.86824, 21.48527 ], [ -157.86759, 21.48557 ], [ -157.86693, 21.48517 ], [ -157.86637, 21.48517 ], [ -157.86608, 21.48575 ], [ -157.8651, 21.48529 ], [ -157.86536, 21.48481 ], [ -157.86744, 21.48481 ], [ -157.86733, 21.48414 ], [ -157.86806, 21.48422 ], [ -157.86824, 21.48527 ] ] ] ] } },
{ "type": "Feature", "properties": { "GEOID10": "155053T", "NAME10": "Kalawahine", "POP10": 319 }, "geometry": { "type": "Polygon", "coordinates": [ [ [ -157.83724, 21.31564 ], [ -157.83683, 21.31629 ], [ -157.83697, 21.31661 ], [ -157.83667, 21.31673 ], [ -157.83594, 21.3175 ], [ -157.83531, 21.31785 ], [ -157.83399, 21.31823 ], [ -157.83405, 21.31849 ], [ -157.83342, 21.31866 ], [ -157.83358, 21.32006 ], [ -157.83132, 21.3209 ], [ -157.83167, 21.31964 ], [ -157.83226, 21.31842 ], [ -157.83285, 21.31765 ], [ -157.83376, 21.31729 ], [ -157.8344, 21.31723 ], [ -157.83447, 21.31675 ], [ -157.83461, 21.31676 ], [ -157.83497, 21.31592 ], [ -157.83494, 21.31496 ], [ -157.83537, 21.31425 ], [ -157.83521, 21.31409 ], [ -157.83648, 21.31289 ], [ -157.83704, 21.31214 ], [ -157.83783, 21.31274 ], [ -157.83767, 21.31337 ], [ -157.83825, 21.31381 ], [ -157.83858, 21.31343 ], [ -157.83802, 21.31458 ], [ -157.83751, 21.31472 ], [ -157.83724, 21.31564 ] ] ] } },
{ "type": "Feature", "properties": { "GEOID10": "155120T", "NAME10": "Kewalo", "POP10": 261 }, "geometry": { "type": "Polygon", "coordinates": [ [ [ -157.84045, 21.31461 ], [ -157.8385, 21.31511 ], [ -157.83781, 21.31552 ], [ -157.83764, 21.31542 ], [ -157.83724, 21.31564 ], [ -157.83751, 21.31472 ], [ -157.83802, 21.31458 ], [ -157.83836, 21.31392 ], [ -157.83868, 21.3128 ], [ -157.83924, 21.31244 ], [ -157.83957, 21.31234 ], [ -157.83981, 21.31343 ], [ -157.84049, 21.31444 ], [ -157.84045, 21.31461 ] ] ] } },
{ "type": "Feature", "properties": { "GEOID10": "155198T", "NAME10": "Princess Kahanu Estates", "POP10": 1128 }, "geometry": { "type": "Polygon", "coordinates": [ [ [ -158.1579, 21.39571 ], [ -158.15896, 21.39424 ], [ -158.15931, 21.39452 ], [ -158.15827, 21.39594 ], [ -158.16005, 21.39706 ], [ -158.1608, 21.3981 ], [ -158.16037, 21.39829 ], [ -158.16055, 21.39854 ], [ -158.15704, 21.3988 ], [ -158.15301, 21.39532 ], [ -158.15446, 21.39454 ], [ -158.15553, 21.39421 ], [ -158.1579, 21.39571 ] ] ] } },
{ "type": "Feature", "properties": { "GEOID10": "155188T", "NAME10": "Pearl City", "POP10": 99 }, "geometry": { "type": "Polygon", "coordinates": [ [ [ -157.9805, 21.39753 ], [ -157.98309, 21.39825 ], [ -157.98313, 21.39852 ], [ -157.98337, 21.39862 ], [ -157.98359, 21.39854 ], [ -157.9843, 21.39874 ], [ -157.98448, 21.39913 ], [ -157.98446, 21.39968 ], [ -157.98201, 21.40326 ], [ -157.98123, 21.40383 ], [ -157.97881, 21.40493 ], [ -157.97879, 21.40466 ], [ -157.97829, 21.40439 ], [ -157.9782, 21.40376 ], [ -157.97844, 21.40329 ], [ -157.97964, 21.40383 ], [ -157.98035, 21.40379 ], [ -157.98068, 21.40299 ], [ -157.98154, 21.40216 ], [ -157.98277, 21.40138 ], [ -157.98408, 21.39958 ], [ -157.98385, 21.39891 ], [ -157.98274, 21.39918 ], [ -157.98254, 21.39913 ], [ -157.98205, 21.39834 ], [ -157.9816, 21.39803 ], [ -157.98109, 21.39796 ], [ -157.98049, 21.39822 ], [ -157.9803, 21.3981 ], [ -157.9805, 21.39753 ] ] ] } },
{ "type": "Feature", "properties": { "GEOID10": "155088T", "NAME10": "Kaupea", "POP10": 1387 }, "geometry": { "type": "Polygon", "coordinates": [ [ [ -158.05994, 21.32955 ], [ -158.05954, 21.32855 ], [ -158.06547, 21.32653 ], [ -158.06591, 21.32766 ], [ -158.06554, 21.32765 ], [ -158.06424, 21.32809 ], [ -158.06495, 21.32972 ], [ -158.06259, 21.33047 ], [ -158.0594, 21.33238 ], [ -158.05866, 21.3314 ], [ -158.05853, 21.33066 ], [ -158.05897, 21.32994 ], [ -158.05994, 21.32955 ] ] ] } },
{ "type": "Feature", "properties": { "GEOID10": "155083T", "NAME10": "Kapolei", "POP10": 0 }, "geometry": { "type": "MultiPolygon", "coordinates": [ [ [ [ -158.04865, 21.33186 ], [ -158.05369, 21.33015 ], [ -158.05386, 21.33137 ], [ -158.05425, 21.33262 ], [ -158.05555, 21.33478 ], [ -158.05393, 21.33559 ], [ -158.05085, 21.3356 ], [ -158.0505, 21.33536 ], [ -158.04865, 21.33186 ] ] ], [ [ [ -158.05466, 21.3358 ], [ -158.05551, 21.3353 ], [ -158.05656, 21.33846 ], [ -158.05557, 21.33868 ], [ -158.05466, 21.3358 ] ] ], [ [ [ -158.05317, 21.33606 ], [ -158.05438, 21.33594 ], [ -158.05471, 21.33695 ], [ -158.0535, 21.3373 ], [ -158.05317, 21.33606 ] ] ], [ [ [ -158.05286, 21.33606 ], [ -158.05394, 21.33915 ], [ -158.05337, 21.33924 ], [ -158.0533, 21.33943 ], [ -158.05169, 21.33614 ], [ -158.05286, 21.33606 ] ] ] ] } },
{ "type": "Feature", "properties": { "GEOID10": "155008T", "NAME10": "East Kapolei", "POP10": 0 }, "geometry": { "type": "MultiPolygon", "coordinates": [ [ [ [ -158.04146, 21.35097 ], [ -158.03977, 21.35255 ], [ -158.03834, 21.35113 ], [ -158.04013, 21.34965 ], [ -158.04146, 21.35097 ] ] ], [ [ [ -158.04537, 21.34519 ], [ -158.04631, 21.34679 ], [ -158.04476, 21.34791 ], [ -158.043, 21.34957 ], [ -158.0416, 21.34827 ], [ -158.04168, 21.34806 ], [ -158.04426, 21.34569 ], [ -158.04537, 21.34519 ] ] ], [ [ [ -158.04724, 21.34857 ], [ -158.04707, 21.35445 ], [ -158.04726, 21.35507 ], [ -158.04458, 21.35675 ], [ -158.04435, 21.35677 ], [ -158.04422, 21.35697 ], [ -158.03988, 21.35267 ], [ -158.04302, 21.35004 ], [ -158.0431, 21.34981 ], [ -158.04337, 21.34972 ], [ -158.04334, 21.3496 ], [ -158.04566, 21.34744 ], [ -158.04717, 21.34665 ], [ -158.04768, 21.34752 ], [ -158.04854, 21.34745 ], [ -158.04858, 21.34779 ], [ -158.04911, 21.34776 ], [ -158.04896, 21.3483 ], [ -158.04724, 21.34857 ] ] ], [ [ [ -158.04386, 21.34288 ], [ -158.04521, 21.34232 ], [ -158.04634, 21.34425 ], [ -158.04411, 21.34545 ], [ -158.04289, 21.34641 ], [ -158.0406, 21.34867 ], [ -158.03899, 21.34719 ], [ -158.04386, 21.34288 ] ] ] ] } },
{ "type": "Feature", "properties": { "GEOID10": "155067T", "NAME10": "Kanehili", "POP10": 0 }, "geometry": { "type": "Polygon", "coordinates": [ [ [ -158.05394, 21.33917 ], [ -158.05286, 21.33606 ], [ -158.05317, 21.33606 ], [ -158.05356, 21.33731 ], [ -158.05471, 21.33695 ], [ -158.05432, 21.33593 ], [ -158.05466, 21.3358 ], [ -158.05557, 21.33868 ], [ -158.05656, 21.33846 ], [ -158.05846, 21.34417 ], [ -158.05312, 21.34414 ], [ -158.05373, 21.343 ], [ -158.05396, 21.34175 ], [ -158.0538, 21.34057 ], [ -158.05329, 21.33937 ], [ -158.05337, 21.33924 ], [ -158.05394, 21.33917 ] ] ] } },
{ "type": "Feature", "properties": { "GEOID10": "155138T", "NAME10": "Maili", "POP10": 323 }, "geometry": { "type": "Polygon", "coordinates": [ [ [ -158.1718, 21.4095 ], [ -158.17319, 21.4154 ], [ -158.173, 21.41554 ], [ -158.16811, 21.4163 ], [ -158.16765, 21.41626 ], [ -158.16764, 21.40957 ], [ -158.1718, 21.4095 ] ] ] } },
{ "type": "Feature", "properties": { "GEOID10": "155018T", "NAME10": "Homuula-Upper Piihonua", "POP10": 3 }, "geometry": { "type": "MultiPolygon", "coordinates": [ [ [ [ -155.17277, 19.71978 ], [ -155.16212, 19.73541 ], [ -155.15921, 19.7407 ], [ -155.15829, 19.74073 ], [ -155.15806, 19.74055 ], [ -155.1582, 19.73981 ], [ -155.1575, 19.73951 ], [ -155.15651, 19.73861 ], [ -155.15472, 19.73864 ], [ -155.15454, 19.73747 ], [ -155.15301, 19.73599 ], [ -155.15278, 19.73512 ], [ -155.15183, 19.73449 ], [ -155.15165, 19.73298 ], [ -155.15115, 19.73206 ], [ -155.14948, 19.73159 ], [ -155.14669, 19.72949 ], [ -155.1459, 19.72822 ], [ -155.14548, 19.72701 ], [ -155.14467, 19.72643 ], [ -155.14328, 19.72617 ], [ -155.14304, 19.72589 ], [ -155.14347, 19.72551 ], [ -155.14352, 19.72519 ], [ -155.14338, 19.725 ], [ -155.1428, 19.72471 ], [ -155.14164, 19.72449 ], [ -155.14079, 19.72347 ], [ -155.14032, 19.72314 ], [ -155.13986, 19.72312 ], [ -155.13913, 19.72348 ], [ -155.13754, 19.72378 ], [ -155.13597, 19.72319 ], [ -155.13386, 19.72282 ], [ -155.13281, 19.72311 ], [ -155.1316, 19.72311 ], [ -155.13078, 19.72337 ], [ -155.12986, 19.72342 ], [ -155.1286, 19.72331 ], [ -155.12728, 19.72244 ], [ -155.12615, 19.72309 ], [ -155.12554, 19.72297 ], [ -155.12474, 19.72234 ], [ -155.12306, 19.72228 ], [ -155.12186, 19.72269 ], [ -155.12096, 19.7224 ], [ -155.12068, 19.72149 ], [ -155.12025, 19.72138 ], [ -155.12004, 19.72091 ], [ -155.1191, 19.7202 ], [ -155.11873, 19.72026 ], [ -155.11875, 19.72014 ], [ -155.11947, 19.71991 ], [ -155.1204, 19.71991 ], [ -155.12111, 19.71948 ], [ -155.12184, 19.71952 ], [ -155.12201, 19.71908 ], [ -155.12314, 19.71834 ], [ -155.12527, 19.71781 ], [ -155.12562, 19.71707 ], [ -155.12648, 19.71682 ], [ -155.12782, 19.71614 ], [ -155.12931, 19.71568 ], [ -155.12951, 19.71576 ], [ -155.13003, 19.7155 ], [ -155.13102, 19.71543 ], [ -155.13166, 19.71577 ], [ -155.13217, 19.71548 ], [ -155.13334, 19.7157 ], [ -155.1338, 19.71514 ], [ -155.1341, 19.71515 ], [ -155.13379, 19.71621 ], [ -155.13292, 19.7167 ], [ -155.13312, 19.71672 ], [ -155.13443, 19.71588 ], [ -155.13559, 19.71542 ], [ -155.13505, 19.71463 ], [ -155.13595, 19.7143 ], [ -155.13596, 19.71375 ], [ -155.13695, 19.71397 ], [ -155.137, 19.71413 ], [ -155.13756, 19.71403 ], [ -155.13679, 19.71447 ], [ -155.13681, 19.71463 ], [ -155.13728, 19.71474 ], [ -155.13721, 19.71488 ], [ -155.13818, 19.71497 ], [ -155.13865, 19.71525 ], [ -155.14128, 19.71537 ], [ -155.14175, 19.71584 ], [ -155.14263, 19.71596 ], [ -155.14311, 19.71576 ], [ -155.14364, 19.71587 ], [ -155.14424, 19.71578 ], [ -155.14596, 19.71496 ], [ -155.14642, 19.7143 ], [ -155.14678, 19.71405 ], [ -155.14776, 19.71377 ], [ -155.14957, 19.71371 ], [ -155.14885, 19.71312 ], [ -155.14883, 19.71247 ], [ -155.14809, 19.71249 ], [ -155.14712, 19.71171 ], [ -155.14883, 19.71085 ], [ -155.14929, 19.70998 ], [ -155.15032, 19.70938 ], [ -155.1514, 19.70914 ], [ -155.15163, 19.70985 ], [ -155.15278, 19.71051 ], [ -155.15286, 19.71123 ], [ -155.15305, 19.71099 ], [ -155.15364, 19.71104 ], [ -155.15366, 19.71181 ], [ -155.15442, 19.71209 ], [ -155.15575, 19.71226 ], [ -155.15624, 19.7125 ], [ -155.15878, 19.71493 ], [ -155.16058, 19.71527 ], [ -155.1612, 19.71522 ], [ -155.16212, 19.71561 ], [ -155.16406, 19.71603 ], [ -155.16521, 19.71677 ], [ -155.16666, 19.71739 ], [ -155.16741, 19.71788 ], [ -155.16897, 19.71844 ], [ -155.17012, 19.7191 ], [ -155.17195, 19.71977 ], [ -155.17277, 19.71978 ] ], [ [ -155.1546, 19.72107 ], [ -155.15469, 19.7212 ], [ -155.15487, 19.72111 ], [ -155.15473, 19.72097 ], [ -155.1546, 19.72107 ] ], [ [ -155.14769, 19.71918 ], [ -155.15034, 19.71894 ], [ -155.15035, 19.71859 ], [ -155.1511, 19.71852 ], [ -155.15122, 19.71855 ], [ -155.15118, 19.71896 ], [ -155.15218, 19.71899 ], [ -155.15286, 19.7196 ], [ -155.15341, 19.71976 ], [ -155.15371, 19.71905 ], [ -155.15261, 19.71886 ], [ -155.15245, 19.71862 ], [ -155.15168, 19.71842 ], [ -155.15072, 19.71786 ], [ -155.14964, 19.71822 ], [ -155.14877, 19.71814 ], [ -155.1488, 19.71837 ], [ -155.14837, 19.71827 ], [ -155.14692, 19.71847 ], [ -155.14699, 19.71828 ], [ -155.14628, 19.71811 ], [ -155.14429, 19.71679 ], [ -155.14377, 19.71698 ], [ -155.14361, 19.71666 ], [ -155.14267, 19.71655 ], [ -155.14248, 19.71794 ], [ -155.14364, 19.71818 ], [ -155.14364, 19.71834 ], [ -155.1438, 19.71836 ], [ -155.14384, 19.71821 ], [ -155.14677, 19.71846 ], [ -155.14674, 19.71885 ], [ -155.14769, 19.71918 ] ] ], [ [ [ -155.33837, 19.78628 ], [ -155.34341, 19.78098 ], [ -155.33107, 19.78074 ], [ -155.33053, 19.78037 ], [ -155.32916, 19.78046 ], [ -155.32748, 19.78081 ], [ -155.32678, 19.78064 ], [ -155.32514, 19.77942 ], [ -155.3242, 19.77911 ], [ -155.32268, 19.77816 ], [ -155.32172, 19.77783 ], [ -155.32038, 19.77665 ], [ -155.31938, 19.77649 ], [ -155.31678, 19.77649 ], [ -155.31521, 19.77606 ], [ -155.31384, 19.77545 ], [ -155.3126, 19.77554 ], [ -155.31213, 19.77515 ], [ -155.31183, 19.76913 ], [ -155.31969, 19.75634 ], [ -155.31975, 19.74551 ], [ -155.32145, 19.74254 ], [ -155.3261, 19.74007 ], [ -155.32771, 19.73796 ], [ -155.33012, 19.73345 ], [ -155.32473, 19.72842 ], [ -155.32504, 19.72576 ], [ -155.32574, 19.72502 ], [ -155.33249, 19.72434 ], [ -155.33453, 19.72574 ], [ -155.33584, 19.72794 ], [ -155.33629, 19.72391 ], [ -155.33613, 19.72255 ], [ -155.33664, 19.72074 ], [ -155.33749, 19.71855 ], [ -155.33902, 19.71835 ], [ -155.33915, 19.71913 ], [ -155.33997, 19.71948 ], [ -155.34069, 19.7195 ], [ -155.34122, 19.72017 ], [ -155.34129, 19.7211 ], [ -155.34196, 19.72189 ], [ -155.34258, 19.72213 ], [ -155.34396, 19.72374 ], [ -155.3447, 19.72381 ], [ -155.34491, 19.72413 ], [ -155.34514, 19.72419 ], [ -155.34554, 19.72486 ], [ -155.34681, 19.72525 ], [ -155.34779, 19.72575 ], [ -155.34828, 19.72575 ], [ -155.34858, 19.72594 ], [ -155.34927, 19.72578 ], [ -155.34986, 19.72621 ], [ -155.35035, 19.72627 ], [ -155.35167, 19.72601 ], [ -155.35201, 19.72533 ], [ -155.35257, 19.72506 ], [ -155.35359, 19.72498 ], [ -155.35426, 19.72548 ], [ -155.35608, 19.72603 ], [ -155.3584, 19.72772 ], [ -155.36004, 19.72782 ], [ -155.36092, 19.72812 ], [ -155.36296, 19.72936 ], [ -155.36444, 19.72969 ], [ -155.36466, 19.72992 ], [ -155.36467, 19.73019 ], [ -155.36598, 19.73115 ], [ -155.3662, 19.73157 ], [ -155.36765, 19.73188 ], [ -155.36852, 19.73244 ], [ -155.36942, 19.73334 ], [ -155.3709, 19.73329 ], [ -155.37552, 19.72334 ], [ -155.37769, 19.72479 ], [ -155.37972, 19.72111 ], [ -155.37733, 19.71936 ], [ -155.37812, 19.71758 ], [ -155.38562, 19.70964 ], [ -155.3898, 19.71248 ], [ -155.39197, 19.71377 ], [ -155.39218, 19.7119 ], [ -155.39241, 19.71141 ], [ -155.39686, 19.69058 ], [ -155.39017, 19.68458 ], [ -155.37848, 19.65503 ], [ -155.4083, 19.63557 ], [ -155.46183, 19.62933 ], [ -155.46617, 19.68693 ], [ -155.46684, 19.68756 ], [ -155.46739, 19.68747 ], [ -155.46792, 19.68798 ], [ -155.46852, 19.68804 ], [ -155.46876, 19.68835 ], [ -155.46993, 19.68852 ], [ -155.47076, 19.68835 ], [ -155.47109, 19.68859 ], [ -155.47296, 19.68837 ], [ -155.47346, 19.6887 ], [ -155.4739, 19.68835 ], [ -155.47453, 19.68868 ], [ -155.4754, 19.68852 ], [ -155.47589, 19.68889 ], [ -155.47637, 19.6889 ], [ -155.4766, 19.68907 ], [ -155.47803, 19.68914 ], [ -155.47841, 19.6896 ], [ -155.47913, 19.68969 ], [ -155.48083, 19.69065 ], [ -155.48199, 19.69076 ], [ -155.48263, 19.69108 ], [ -155.48332, 19.69113 ], [ -155.4839, 19.6914 ], [ -155.48607, 19.69184 ], [ -155.48664, 19.69289 ], [ -155.48698, 19.69294 ], [ -155.48746, 19.69353 ], [ -155.48789, 19.69378 ], [ -155.48804, 19.6943 ], [ -155.48885, 19.6951 ], [ -155.48931, 19.69526 ], [ -155.48989, 19.69619 ], [ -155.49063, 19.69642 ], [ -155.49106, 19.69621 ], [ -155.49178, 19.69624 ], [ -155.49224, 19.69687 ], [ -155.49282, 19.69715 ], [ -155.49284, 19.69774 ], [ -155.49366, 19.69792 ], [ -155.49387, 19.69828 ], [ -155.49479, 19.69847 ], [ -155.49637, 19.69774 ], [ -155.49757, 19.69869 ], [ -155.49791, 19.69957 ], [ -155.49905, 19.70119 ], [ -155.49602, 19.71197 ], [ -155.46826, 19.74324 ], [ -155.45874, 19.7536 ], [ -155.41771, 19.74445 ], [ -155.41589, 19.75258 ], [ -155.41634, 19.76129 ], [ -155.41296, 19.76531 ], [ -155.40667, 19.79367 ], [ -155.38383, 19.85901 ], [ -155.38224, 19.86176 ], [ -155.38239, 19.86201 ], [ -155.38177, 19.86283 ], [ -155.37409, 19.8756 ], [ -155.3733, 19.87575 ], [ -155.37233, 19.8764 ], [ -155.37094, 19.87671 ], [ -155.36983, 19.87726 ], [ -155.36842, 19.87869 ], [ -155.36809, 19.87912 ], [ -155.368, 19.8811 ], [ -155.36769, 19.88187 ], [ -155.36757, 19.88303 ], [ -155.36678, 19.8847 ], [ -155.36573, 19.88569 ], [ -155.36375, 19.88602 ], [ -155.36093, 19.88835 ], [ -155.35932, 19.89032 ], [ -155.3581, 19.89481 ], [ -155.3579, 19.89505 ], [ -155.35615, 19.89571 ], [ -155.35241, 19.90027 ], [ -155.35134, 19.90055 ], [ -155.3507, 19.90097 ], [ -155.3501, 19.90227 ], [ -155.34878, 19.90352 ], [ -155.34822, 19.90456 ], [ -155.34714, 19.90581 ], [ -155.34629, 19.90723 ], [ -155.34612, 19.9078 ], [ -155.34622, 19.90821 ], [ -155.34599, 19.91058 ], [ -155.3461, 19.91182 ], [ -155.34466, 19.91432 ], [ -155.34386, 19.91487 ], [ -155.34248, 19.91636 ], [ -155.34131, 19.91884 ], [ -155.34112, 19.91899 ], [ -155.33297, 19.90891 ], [ -155.33028, 19.8992 ], [ -155.3412, 19.89138 ], [ -155.34106, 19.88971 ], [ -155.33825, 19.87775 ], [ -155.33645, 19.87586 ], [ -155.33645, 19.87408 ], [ -155.33694, 19.86778 ], [ -155.33573, 19.86405 ], [ -155.33529, 19.86324 ], [ -155.33467, 19.86024 ], [ -155.33325, 19.84891 ], [ -155.33197, 19.83227 ], [ -155.33547, 19.81076 ], [ -155.33544, 19.79588 ], [ -155.33837, 19.78628 ] ], [ [ -155.45372, 19.718 ], [ -155.45368, 19.71807 ], [ -155.45374, 19.71805 ], [ -155.45372, 19.718 ] ] ] ] } },
{ "type": "Feature", "properties": { "GEOID10": "155106T", "NAME10": "Keaukaha", "POP10": 1584 }, "geometry": { "type": "MultiPolygon", "coordinates": [ [ [ [ -155.03488, 19.72356 ], [ -155.03821, 19.72342 ], [ -155.05101, 19.72344 ], [ -155.04897, 19.7256 ], [ -155.04926, 19.72614 ], [ -155.04959, 19.72598 ], [ -155.04996, 19.72661 ], [ -155.05014, 19.72653 ], [ -155.05043, 19.72708 ], [ -155.05073, 19.72693 ], [ -155.05106, 19.72755 ], [ -155.0515, 19.72731 ], [ -155.05149, 19.72877 ], [ -155.04664, 19.7311 ], [ -155.04775, 19.73187 ], [ -155.04868, 19.73193 ], [ -155.04888, 19.73229 ], [ -155.04867, 19.73235 ], [ -155.04843, 19.73212 ], [ -155.04832, 19.7323 ], [ -155.04825, 19.73206 ], [ -155.04791, 19.73229 ], [ -155.04754, 19.7319 ], [ -155.04748, 19.73216 ], [ -155.04737, 19.73194 ], [ -155.0472, 19.73194 ], [ -155.04716, 19.73169 ], [ -155.04673, 19.73155 ], [ -155.04627, 19.73156 ], [ -155.04598, 19.73202 ], [ -155.04554, 19.73208 ], [ -155.04519, 19.73195 ], [ -155.04539, 19.73221 ], [ -155.0453, 19.73247 ], [ -155.04542, 19.7327 ], [ -155.04559, 19.73224 ], [ -155.04606, 19.73238 ], [ -155.04609, 19.73265 ], [ -155.04591, 19.73273 ], [ -155.04589, 19.73294 ], [ -155.04499, 19.73304 ], [ -155.04487, 19.7333 ], [ -155.0447, 19.73329 ], [ -155.04455, 19.73381 ], [ -155.04427, 19.73374 ], [ -155.04449, 19.73444 ], [ -155.04432, 19.7344 ], [ -155.04456, 19.73471 ], [ -155.04451, 19.73495 ], [ -155.04423, 19.7345 ], [ -155.04287, 19.73344 ], [ -155.04321, 19.73282 ], [ -155.03921, 19.73482 ], [ -155.038, 19.735 ], [ -155.03876, 19.7337 ], [ -155.03922, 19.73082 ], [ -155.03899, 19.72985 ], [ -155.03449, 19.72375 ], [ -155.03488, 19.72356 ] ] ], [ [ [ -155.03442, 19.72366 ], [ -155.03423, 19.72341 ], [ -155.03492, 19.72341 ], [ -155.03442, 19.72366 ] ] ], [ [ [ -155.01131, 19.73291 ], [ -155.00547, 19.73294 ], [ -155.00542, 19.73613 ], [ -155.0041, 19.73607 ], [ -155.00395, 19.73636 ], [ -155.00352, 19.73634 ], [ -155.00343, 19.73584 ], [ -155.00305, 19.73603 ], [ -155.00309, 19.7358 ], [ -155.00285, 19.73587 ], [ -155.00276, 19.73555 ], [ -155.00234, 19.73541 ], [ -155.00233, 19.73514 ], [ -155.00212, 19.7351 ], [ -155.00205, 19.73483 ], [ -155.00127, 19.73462 ], [ -155.0012, 19.73415 ], [ -155.00152, 19.73407 ], [ -155.00093, 19.73407 ], [ -155.00109, 19.73395 ], [ -155.00088, 19.73381 ], [ -155.00091, 19.7335 ], [ -155.00062, 19.7335 ], [ -155.00082, 19.73321 ], [ -155.00053, 19.73321 ], [ -155.00047, 19.7329 ], [ -155.00063, 19.73274 ], [ -155.00036, 19.73242 ], [ -155.00058, 19.73148 ], [ -155.00012, 19.731 ], [ -154.99937, 19.73072 ], [ -154.99897, 19.7302 ], [ -154.99905, 19.73009 ], [ -154.99882, 19.73013 ], [ -154.99856, 19.72992 ], [ -154.99856, 19.72958 ], [ -154.9982, 19.72959 ], [ -154.99812, 19.72935 ], [ -154.99801, 19.72946 ], [ -154.99789, 19.72899 ], [ -154.99757, 19.72878 ], [ -154.99762, 19.72816 ], [ -154.99681, 19.72779 ], [ -154.99657, 19.72784 ], [ -154.99601, 19.72745 ], [ -154.99628, 19.72732 ], [ -154.99604, 19.727 ], [ -154.9961, 19.72669 ], [ -154.9959, 19.72656 ], [ -154.9959, 19.72632 ], [ -154.99612, 19.72623 ], [ -154.99584, 19.72608 ], [ -154.99505, 19.72614 ], [ -154.99517, 19.72596 ], [ -154.99485, 19.72552 ], [ -154.99451, 19.72577 ], [ -154.99451, 19.72548 ], [ -154.99464, 19.72543 ], [ -154.99438, 19.7251 ], [ -154.99454, 19.72499 ], [ -154.99407, 19.72482 ], [ -154.99415, 19.72428 ], [ -154.99382, 19.72412 ], [ -154.99357, 19.72417 ], [ -154.99366, 19.72399 ], [ -154.9933, 19.72385 ], [ -154.99349, 19.72366 ], [ -154.99302, 19.72348 ], [ -154.99313, 19.72332 ], [ -154.99268, 19.7233 ], [ -154.99298, 19.72303 ], [ -154.99268, 19.72291 ], [ -154.9928, 19.72243 ], [ -154.99256, 19.72237 ], [ -154.99259, 19.72219 ], [ -154.99242, 19.7221 ], [ -154.99272, 19.72186 ], [ -154.99254, 19.72164 ], [ -154.99284, 19.72161 ], [ -154.99281, 19.72138 ], [ -154.99262, 19.7213 ], [ -154.99274, 19.72072 ], [ -154.99216, 19.72042 ], [ -154.99246, 19.71998 ], [ -154.99243, 19.71978 ], [ -154.99214, 19.71958 ], [ -154.99212, 19.71892 ], [ -154.9913, 19.71796 ], [ -154.9908, 19.71774 ], [ -154.99107, 19.71751 ], [ -154.9907, 19.71745 ], [ -154.99094, 19.71679 ], [ -154.99061, 19.71673 ], [ -154.99051, 19.71641 ], [ -154.99833, 19.70716 ], [ -155.00814, 19.72259 ], [ -155.01516, 19.72258 ], [ -155.01516, 19.72367 ], [ -155.02158, 19.72359 ], [ -155.02231, 19.72345 ], [ -155.03032, 19.7235 ], [ -155.03251, 19.73111 ], [ -155.03192, 19.73142 ], [ -155.02971, 19.72897 ], [ -155.02608, 19.72952 ], [ -155.02624, 19.73165 ], [ -155.02197, 19.73026 ], [ -155.02187, 19.73025 ], [ -155.02183, 19.7309 ], [ -155.02088, 19.73097 ], [ -155.02071, 19.73026 ], [ -155.02053, 19.73028 ], [ -155.01809, 19.73121 ], [ -155.0184, 19.73191 ], [ -155.01775, 19.73216 ], [ -155.01744, 19.73147 ], [ -155.01337, 19.7331 ], [ -155.01368, 19.73378 ], [ -155.0125, 19.73425 ], [ -155.01225, 19.73352 ], [ -155.01186, 19.73366 ], [ -155.01135, 19.73352 ], [ -155.01131, 19.73291 ] ] ] ] } },
{ "type": "Feature", "properties": { "GEOID10": "155056T", "NAME10": "Kamaoa-Puueo", "POP10": 14 }, "geometry": { "type": "Polygon", "coordinates": [ [ [ -155.6223, 18.95703 ], [ -155.62407, 18.95536 ], [ -155.62512, 18.95509 ], [ -155.6251, 18.95416 ], [ -155.62556, 18.95366 ], [ -155.62529, 18.95332 ], [ -155.62622, 18.95304 ], [ -155.62634, 18.95287 ], [ -155.62632, 18.95215 ], [ -155.6261, 18.95191 ], [ -155.62606, 18.95155 ], [ -155.62645, 18.9517 ], [ -155.6271, 18.95126 ], [ -155.62709, 18.95107 ], [ -155.62675, 18.95072 ], [ -155.62748, 18.94988 ], [ -155.62735, 18.9497 ], [ -155.62766, 18.94935 ], [ -155.6277, 18.9489 ], [ -155.62734, 18.94815 ], [ -155.62764, 18.94798 ], [ -155.62795, 18.94818 ], [ -155.62889, 18.94774 ], [ -155.62979, 18.94754 ], [ -155.62986, 18.94693 ], [ -155.63069, 18.94724 ], [ -155.63094, 18.9465 ], [ -155.63139, 18.94602 ], [ -155.63173, 18.94599 ], [ -155.63193, 18.94578 ], [ -155.6318, 18.94509 ], [ -155.63232, 18.94445 ], [ -155.6322, 18.94414 ], [ -155.6323, 18.94364 ], [ -155.63211, 18.94351 ], [ -155.6322, 18.94292 ], [ -155.63246, 18.94259 ], [ -155.63286, 18.94244 ], [ -155.63286, 18.94208 ], [ -155.63315, 18.94211 ], [ -155.63343, 18.94182 ], [ -155.63311, 18.94134 ], [ -155.63337, 18.94078 ], [ -155.63416, 18.94044 ], [ -155.63437, 18.93989 ], [ -155.63499, 18.93972 ], [ -155.63496, 18.9394 ], [ -155.63526, 18.93916 ], [ -155.63546, 18.93867 ], [ -155.63716, 18.93732 ], [ -155.63804, 18.9363 ], [ -155.63912, 18.93601 ], [ -155.64044, 18.93622 ], [ -155.64087, 18.93615 ], [ -155.64114, 18.93559 ], [ -155.64154, 18.93551 ], [ -155.64185, 18.93512 ], [ -155.64246, 18.93528 ], [ -155.64277, 18.93495 ], [ -155.64306, 18.9349 ], [ -155.64367, 18.93518 ], [ -155.64376, 18.9354 ], [ -155.64465, 18.93565 ], [ -155.64515, 18.93618 ], [ -155.64553, 18.93599 ], [ -155.64533, 18.93558 ], [ -155.64596, 18.9362 ], [ -155.64661, 18.93596 ], [ -155.64668, 18.93548 ], [ -155.64656, 18.93508 ], [ -155.64585, 18.93429 ], [ -155.646, 18.93363 ], [ -155.64592, 18.9331 ], [ -155.64622, 18.9325 ], [ -155.64716, 18.93201 ], [ -155.64717, 18.93168 ], [ -155.64691, 18.93159 ], [ -155.64714, 18.9313 ], [ -155.64705, 18.93095 ], [ -155.64764, 18.9304 ], [ -155.64756, 18.93018 ], [ -155.6479, 18.92941 ], [ -155.64811, 18.92948 ], [ -155.64834, 18.92912 ], [ -155.64896, 18.9291 ], [ -155.64926, 18.92893 ], [ -155.64913, 18.92817 ], [ -155.64953, 18.92761 ], [ -155.64986, 18.92756 ], [ -155.64959, 18.92728 ], [ -155.65023, 18.92725 ], [ -155.65064, 18.92697 ], [ -155.65057, 18.92649 ], [ -155.65121, 18.92576 ], [ -155.65286, 18.92505 ], [ -155.65315, 18.9252 ], [ -155.65343, 18.92496 ], [ -155.65426, 18.92489 ], [ -155.65446, 18.92462 ], [ -155.6544, 18.92423 ], [ -155.65459, 18.92371 ], [ -155.65437, 18.92333 ], [ -155.65447, 18.92298 ], [ -155.6548, 18.92269 ], [ -155.65476, 18.92245 ], [ -155.655, 18.92244 ], [ -155.65507, 18.92227 ], [ -155.65557, 18.92243 ], [ -155.65562, 18.92173 ], [ -155.65588, 18.92187 ], [ -155.65617, 18.92168 ], [ -155.65648, 18.92173 ], [ -155.6567, 18.92161 ], [ -155.65696, 18.921 ], [ -155.6582, 18.92074 ], [ -155.65876, 18.92111 ], [ -155.65928, 18.92082 ], [ -155.65997, 18.9209 ], [ -155.66031, 18.92013 ], [ -155.66108, 18.92011 ], [ -155.66168, 18.91971 ], [ -155.66223, 18.92041 ], [ -155.66239, 18.92022 ], [ -155.66337, 18.92009 ], [ -155.66391, 18.91967 ], [ -155.66399, 18.91871 ], [ -155.66414, 18.91855 ], [ -155.6637, 18.91825 ], [ -155.66375, 18.91744 ], [ -155.6645, 18.91698 ], [ -155.66446, 18.91671 ], [ -155.66582, 18.91674 ], [ -155.66635, 18.9169 ], [ -155.66657, 18.91647 ], [ -155.6672, 18.91691 ], [ -155.66766, 18.91697 ], [ -155.66808, 18.91662 ], [ -155.66798, 18.91605 ], [ -155.6682, 18.91566 ], [ -155.66861, 18.91688 ], [ -155.66906, 18.91683 ], [ -155.66897, 18.91654 ], [ -155.6691, 18.91617 ], [ -155.6696, 18.91572 ], [ -155.66997, 18.91565 ], [ -155.67067, 18.9152 ], [ -155.671, 18.91462 ], [ -155.67142, 18.91457 ], [ -155.67174, 18.91416 ], [ -155.67255, 18.91368 ], [ -155.67273, 18.9133 ], [ -155.6727, 18.9128 ], [ -155.673, 18.91272 ], [ -155.67309, 18.91232 ], [ -155.67376, 18.91215 ], [ -155.67393, 18.91226 ], [ -155.6744, 18.91203 ], [ -155.67541, 18.91212 ], [ -155.67571, 18.91185 ], [ -155.67608, 18.91232 ], [ -155.67663, 18.91233 ], [ -155.67715, 18.91188 ], [ -155.67741, 18.91108 ], [ -155.67783, 18.91081 ], [ -155.6785, 18.91083 ], [ -155.67868, 18.91105 ], [ -155.67943, 18.91134 ], [ -155.67991, 18.91134 ], [ -155.68053, 18.91109 ], [ -155.68078, 18.91069 ], [ -155.68098, 18.91083 ], [ -155.68137, 18.91403 ], [ -155.68286, 18.91398 ], [ -155.68305, 18.91448 ], [ -155.68297, 18.91489 ], [ -155.68313, 18.91597 ], [ -155.6833, 18.91611 ], [ -155.68329, 18.91676 ], [ -155.68376, 18.91746 ], [ -155.68367, 18.91771 ], [ -155.68433, 18.91815 ], [ -155.68437, 18.91847 ], [ -155.68456, 18.9186 ], [ -155.68429, 18.91946 ], [ -155.68423, 18.92074 ], [ -155.6839, 18.92104 ], [ -155.68397, 18.92142 ], [ -155.68364, 18.9216 ], [ -155.68377, 18.92213 ], [ -155.6829, 18.92355 ], [ -155.68299, 18.92443 ], [ -155.68252, 18.92614 ], [ -155.68271, 18.92823 ], [ -155.68252, 18.92833 ], [ -155.68267, 18.93302 ], [ -155.68407, 18.94201 ], [ -155.68497, 18.95162 ], [ -155.67863, 18.9656 ], [ -155.67704, 18.9709 ], [ -155.67472, 18.97529 ], [ -155.6732, 18.98372 ], [ -155.66676, 18.98372 ], [ -155.66669, 18.98082 ], [ -155.66083, 18.98087 ], [ -155.66078, 18.98657 ], [ -155.65954, 18.98656 ], [ -155.65768, 18.98549 ], [ -155.65525, 18.98506 ], [ -155.65385, 18.98504 ], [ -155.65159, 18.98441 ], [ -155.65155, 18.98116 ], [ -155.64461, 18.9812 ], [ -155.64452, 18.98816 ], [ -155.64559, 18.98947 ], [ -155.63765, 18.99167 ], [ -155.64142, 18.99339 ], [ -155.64101, 18.99368 ], [ -155.64205, 18.99502 ], [ -155.64345, 18.99428 ], [ -155.64497, 18.99695 ], [ -155.64572, 18.99778 ], [ -155.65003, 19.00493 ], [ -155.65041, 19.00504 ], [ -155.65045, 19.00552 ], [ -155.65099, 19.00681 ], [ -155.65214, 19.00683 ], [ -155.65347, 19.01006 ], [ -155.65429, 19.01306 ], [ -155.65467, 19.01547 ], [ -155.65583, 19.01494 ], [ -155.657, 19.01623 ], [ -155.65773, 19.01583 ], [ -155.66031, 19.02086 ], [ -155.66094, 19.02245 ], [ -155.66147, 19.02308 ], [ -155.66177, 19.02455 ], [ -155.66169, 19.02502 ], [ -155.6604, 19.02611 ], [ -155.65578, 19.02127 ], [ -155.65467, 19.02219 ], [ -155.64922, 19.02476 ], [ -155.64445, 19.01847 ], [ -155.62663, 18.9928 ], [ -155.62565, 18.99257 ], [ -155.61781, 18.98476 ], [ -155.62053, 18.97363 ], [ -155.61871, 18.97043 ], [ -155.62079, 18.9674 ], [ -155.6224, 18.96467 ], [ -155.62357, 18.96052 ], [ -155.6223, 18.95703 ] ], [ [ -155.68157, 18.93882 ], [ -155.68189, 18.94023 ], [ -155.68317, 18.94024 ], [ -155.68313, 18.93878 ], [ -155.68157, 18.93882 ] ] ] } },
{ "type": "Feature", "properties": { "GEOID10": "155176T", "NAME10": "Panaewa (Agricultural)", "POP10": 664 }, "geometry": { "type": "Polygon", "coordinates": [ [ [ -155.05521, 19.69089 ], [ -155.05795, 19.69842 ], [ -155.05492, 19.69942 ], [ -155.05414, 19.69724 ], [ -155.04824, 19.69916 ], [ -155.04647, 19.6991 ], [ -155.04084, 19.68402 ], [ -155.04127, 19.68252 ], [ -155.04185, 19.6816 ], [ -155.0416, 19.68084 ], [ -155.03981, 19.6818 ], [ -155.03751, 19.67551 ], [ -155.03581, 19.67607 ], [ -155.03235, 19.66673 ], [ -155.03408, 19.66464 ], [ -155.03773, 19.66097 ], [ -155.03952, 19.65857 ], [ -155.04259, 19.65498 ], [ -155.04352, 19.6587 ], [ -155.05064, 19.67861 ], [ -155.06053, 19.67534 ], [ -155.06313, 19.67521 ], [ -155.0633, 19.67743 ], [ -155.06051, 19.67763 ], [ -155.06147, 19.69029 ], [ -155.05681, 19.6904 ], [ -155.05521, 19.69089 ] ] ] } },
{ "type": "Feature", "properties": { "GEOID10": "155086T", "NAME10": "Kaumana", "POP10": 111 }, "geometry": { "type": "MultiPolygon", "coordinates": [ [ [ [ -155.14033, 19.68616 ], [ -155.14112, 19.68616 ], [ -155.14112, 19.68652 ], [ -155.14028, 19.6864 ], [ -155.14033, 19.68616 ] ] ], [ [ [ -155.13431, 19.68501 ], [ -155.13462, 19.68499 ], [ -155.13459, 19.68527 ], [ -155.1343, 19.68525 ], [ -155.13431, 19.68501 ] ] ], [ [ [ -155.13591, 19.68526 ], [ -155.13632, 19.68503 ], [ -155.13634, 19.68458 ], [ -155.13669, 19.68462 ], [ -155.13675, 19.68377 ], [ -155.13614, 19.68369 ], [ -155.13687, 19.68333 ], [ -155.13809, 19.68392 ], [ -155.1385, 19.68432 ], [ -155.1385, 19.68475 ], [ -155.13831, 19.68474 ], [ -155.13831, 19.68507 ], [ -155.13706, 19.68498 ], [ -155.13706, 19.68529 ], [ -155.13591, 19.68526 ] ] ], [ [ [ -155.14282, 19.68458 ], [ -155.14294, 19.68389 ], [ -155.14572, 19.68332 ], [ -155.14587, 19.68359 ], [ -155.14471, 19.68433 ], [ -155.14453, 19.68402 ], [ -155.14377, 19.68442 ], [ -155.14394, 19.68472 ], [ -155.14368, 19.68485 ], [ -155.14352, 19.68455 ], [ -155.14325, 19.68466 ], [ -155.14312, 19.68443 ], [ -155.14282, 19.68458 ] ] ], [ [ [ -155.13442, 19.68352 ], [ -155.13471, 19.68355 ], [ -155.13466, 19.6845 ], [ -155.13435, 19.68446 ], [ -155.13442, 19.68352 ] ] ], [ [ [ -155.13943, 19.68417 ], [ -155.13914, 19.68409 ], [ -155.13936, 19.68368 ], [ -155.14069, 19.684 ], [ -155.14069, 19.68438 ], [ -155.13943, 19.68437 ], [ -155.13943, 19.68417 ] ] ], [ [ [ -155.13473, 19.68299 ], [ -155.13472, 19.68327 ], [ -155.13444, 19.68324 ], [ -155.13446, 19.68297 ], [ -155.13473, 19.68299 ] ] ], [ [ [ -155.13448, 19.68269 ], [ -155.13485, 19.68232 ], [ -155.13482, 19.68272 ], [ -155.13448, 19.68269 ] ] ] ] } },
{ "type": "Feature", "properties": { "GEOID10": "155091T", "NAME10": "Kawaihae", "POP10": 407 }, "geometry": { "type": "Polygon", "coordinates": [ [ [ -155.81812, 20.0353 ], [ -155.81981, 20.03367 ], [ -155.82043, 20.03378 ], [ -155.82085, 20.03296 ], [ -155.82127, 20.03261 ], [ -155.822, 20.03225 ], [ -155.82289, 20.03214 ], [ -155.82569, 20.03582 ], [ -155.82681, 20.03707 ], [ -155.82667, 20.03717 ], [ -155.82769, 20.03768 ], [ -155.82696, 20.03816 ], [ -155.8274, 20.03852 ], [ -155.82813, 20.03804 ], [ -155.8285, 20.03843 ], [ -155.8289, 20.0381 ], [ -155.82966, 20.03911 ], [ -155.8319, 20.04105 ], [ -155.83294, 20.04234 ], [ -155.83369, 20.04173 ], [ -155.83385, 20.04186 ], [ -155.83412, 20.0423 ], [ -155.83512, 20.04319 ], [ -155.83512, 20.04336 ], [ -155.83554, 20.04357 ], [ -155.83544, 20.04374 ], [ -155.83625, 20.04439 ], [ -155.83652, 20.0452 ], [ -155.83674, 20.04528 ], [ -155.83702, 20.04575 ], [ -155.8373, 20.04586 ], [ -155.83774, 20.04638 ], [ -155.83842, 20.04796 ], [ -155.8384, 20.04893 ], [ -155.83826, 20.04922 ], [ -155.8384, 20.04947 ], [ -155.83881, 20.04948 ], [ -155.83887, 20.05003 ], [ -155.83908, 20.05035 ], [ -155.8398, 20.05084 ], [ -155.84078, 20.05075 ], [ -155.84076, 20.05095 ], [ -155.84127, 20.05114 ], [ -155.84138, 20.05144 ], [ -155.84164, 20.05134 ], [ -155.8424, 20.05158 ], [ -155.84231, 20.05195 ], [ -155.84268, 20.05239 ], [ -155.84333, 20.05221 ], [ -155.84355, 20.0524 ], [ -155.84324, 20.05255 ], [ -155.84326, 20.05284 ], [ -155.84351, 20.05296 ], [ -155.84325, 20.05328 ], [ -155.84393, 20.05329 ], [ -155.84439, 20.05352 ], [ -155.84408, 20.05355 ], [ -155.84419, 20.0537 ], [ -155.84405, 20.05374 ], [ -155.8439, 20.0542 ], [ -155.84315, 20.05436 ], [ -155.84322, 20.05542 ], [ -155.84365, 20.05579 ], [ -155.84395, 20.05646 ], [ -155.8439, 20.05675 ], [ -155.84426, 20.05685 ], [ -155.84458, 20.05717 ], [ -155.84549, 20.05851 ], [ -155.84595, 20.05866 ], [ -155.84595, 20.05893 ], [ -155.84653, 20.05891 ], [ -155.84658, 20.05914 ], [ -155.84729, 20.0595 ], [ -155.84791, 20.06035 ], [ -155.84794, 20.06073 ], [ -155.84833, 20.06065 ], [ -155.84882, 20.06077 ], [ -155.83145, 20.0765 ], [ -155.82498, 20.08095 ], [ -155.81745, 20.08426 ], [ -155.81695, 20.08506 ], [ -155.81644, 20.08515 ], [ -155.81578, 20.08491 ], [ -155.81509, 20.08491 ], [ -155.81464, 20.08527 ], [ -155.81411, 20.08539 ], [ -155.81362, 20.0861 ], [ -155.81299, 20.08664 ], [ -155.81133, 20.0866 ], [ -155.81111, 20.08696 ], [ -155.81107, 20.08779 ], [ -155.81084, 20.08797 ], [ -155.80936, 20.08818 ], [ -155.80893, 20.08874 ], [ -155.80805, 20.08893 ], [ -155.80785, 20.08913 ], [ -155.80752, 20.08908 ], [ -155.80722, 20.08871 ], [ -155.80648, 20.08926 ], [ -155.80594, 20.08935 ], [ -155.80578, 20.0908 ], [ -155.80589, 20.09165 ], [ -155.80563, 20.09194 ], [ -155.80505, 20.09207 ], [ -155.80481, 20.0923 ], [ -155.80401, 20.09244 ], [ -155.80358, 20.09286 ], [ -155.80247, 20.09327 ], [ -155.80048, 20.09355 ], [ -155.79931, 20.09393 ], [ -155.79936, 20.09415 ], [ -155.79889, 20.0944 ], [ -155.79855, 20.09451 ], [ -155.79797, 20.09436 ], [ -155.79751, 20.09471 ], [ -155.79669, 20.09496 ], [ -155.79595, 20.09492 ], [ -155.79494, 20.09511 ], [ -155.7938, 20.0947 ], [ -155.79286, 20.09484 ], [ -155.79151, 20.09633 ], [ -155.7907, 20.09622 ], [ -155.79006, 20.09673 ], [ -155.7897, 20.09682 ], [ -155.78784, 20.09687 ], [ -155.78757, 20.09722 ], [ -155.78649, 20.09778 ], [ -155.78627, 20.09852 ], [ -155.78569, 20.09879 ], [ -155.78542, 20.09917 ], [ -155.78459, 20.09914 ], [ -155.78372, 20.09966 ], [ -155.78311, 20.10026 ], [ -155.78176, 20.10027 ], [ -155.78147, 20.10081 ], [ -155.78002, 20.1012 ], [ -155.7793, 20.1017 ], [ -155.77887, 20.10212 ], [ -155.7787, 20.10269 ], [ -155.77807, 20.10281 ], [ -155.77779, 20.10322 ], [ -155.77747, 20.1034 ], [ -155.77709, 20.10433 ], [ -155.77621, 20.10478 ], [ -155.77537, 20.10563 ], [ -155.77418, 20.10591 ], [ -155.77303, 20.10559 ], [ -155.77243, 20.10578 ], [ -155.77222, 20.10602 ], [ -155.77143, 20.1061 ], [ -155.77106, 20.10631 ], [ -155.7701, 20.10627 ], [ -155.76949, 20.10665 ], [ -155.76787, 20.10717 ], [ -155.76733, 20.10717 ], [ -155.76706, 20.10761 ], [ -155.75728, 20.10803 ], [ -155.75531, 20.10644 ], [ -155.75506, 20.10497 ], [ -155.75311, 20.10407 ], [ -155.75054, 20.10239 ], [ -155.75188, 20.10046 ], [ -155.75072, 20.10012 ], [ -155.74594, 20.09644 ], [ -155.74581, 20.09509 ], [ -155.74407, 20.0939 ], [ -155.74297, 20.09235 ], [ -155.74013, 20.09086 ], [ -155.73854, 20.0886 ], [ -155.738, 20.08819 ], [ -155.73825, 20.08811 ], [ -155.73902, 20.08716 ], [ -155.73984, 20.08686 ], [ -155.74062, 20.08679 ], [ -155.74172, 20.08595 ], [ -155.74196, 20.08592 ], [ -155.7426, 20.08504 ], [ -155.74229, 20.08443 ], [ -155.7429, 20.08432 ], [ -155.74368, 20.08333 ], [ -155.74572, 20.08208 ], [ -155.74573, 20.08149 ], [ -155.74594, 20.08118 ], [ -155.74628, 20.08108 ], [ -155.74729, 20.08016 ], [ -155.74876, 20.07822 ], [ -155.74884, 20.0779 ], [ -155.74973, 20.07764 ], [ -155.75, 20.07764 ], [ -155.75643, 20.08743 ], [ -155.75736, 20.08657 ], [ -155.76515, 20.08114 ], [ -155.76731, 20.07853 ], [ -155.76851, 20.07668 ], [ -155.76951, 20.07624 ], [ -155.76977, 20.07584 ], [ -155.77023, 20.07557 ], [ -155.77111, 20.07537 ], [ -155.76996, 20.07334 ], [ -155.76952, 20.07193 ], [ -155.78015, 20.06636 ], [ -155.78385, 20.06097 ], [ -155.78469, 20.06014 ], [ -155.78464, 20.05941 ], [ -155.78516, 20.05843 ], [ -155.78676, 20.05699 ], [ -155.78757, 20.05673 ], [ -155.78784, 20.05642 ], [ -155.78855, 20.05626 ], [ -155.78941, 20.05564 ], [ -155.7902, 20.05398 ], [ -155.79026, 20.05318 ], [ -155.79075, 20.0525 ], [ -155.79195, 20.05163 ], [ -155.79311, 20.05103 ], [ -155.79474, 20.04935 ], [ -155.79731, 20.0475 ], [ -155.79869, 20.04735 ], [ -155.79961, 20.04655 ], [ -155.8011, 20.04617 ], [ -155.8018, 20.04577 ], [ -155.80489, 20.04536 ], [ -155.80564, 20.04495 ], [ -155.80617, 20.04436 ], [ -155.8073, 20.04391 ], [ -155.80832, 20.0432 ], [ -155.80951, 20.04276 ], [ -155.81023, 20.04207 ], [ -155.81073, 20.0413 ], [ -155.81139, 20.04099 ], [ -155.81263, 20.03963 ], [ -155.81303, 20.03938 ], [ -155.81387, 20.03825 ], [ -155.81513, 20.03781 ], [ -155.81543, 20.03756 ], [ -155.81581, 20.03675 ], [ -155.81631, 20.03616 ], [ -155.81812, 20.0353 ] ], [ [ -155.77375, 20.09002 ], [ -155.77351, 20.08965 ], [ -155.77298, 20.08992 ], [ -155.77319, 20.0903 ], [ -155.77375, 20.09002 ] ], [ [ -155.77395, 20.0893 ], [ -155.77411, 20.08951 ], [ -155.77504, 20.08942 ], [ -155.77529, 20.08973 ], [ -155.77579, 20.08959 ], [ -155.77538, 20.08885 ], [ -155.77487, 20.08908 ], [ -155.7745, 20.08876 ], [ -155.77395, 20.0893 ] ], [ [ -155.78039, 20.08883 ], [ -155.78107, 20.08988 ], [ -155.78188, 20.08973 ], [ -155.78196, 20.08903 ], [ -155.78175, 20.08859 ], [ -155.78039, 20.08883 ] ] ] } },
{ "type": "Feature", "properties": { "GEOID10": "155283T", "NAME10": "Waiohinu", "POP10": 6 }, "geometry": { "type": "MultiPolygon", "coordinates": [ [ [ [ -155.62298, 19.07526 ], [ -155.62569, 19.07923 ], [ -155.62105, 19.08328 ], [ -155.62064, 19.08269 ], [ -155.62042, 19.08159 ], [ -155.61946, 19.0816 ], [ -155.61916, 19.08006 ], [ -155.61773, 19.08007 ], [ -155.61703, 19.07903 ], [ -155.61571, 19.07792 ], [ -155.61468, 19.07634 ], [ -155.61373, 19.07456 ], [ -155.61334, 19.07483 ], [ -155.61263, 19.07287 ], [ -155.612, 19.07329 ], [ -155.61165, 19.07238 ], [ -155.61229, 19.07207 ], [ -155.61212, 19.07081 ], [ -155.6126, 19.07066 ], [ -155.61241, 19.06985 ], [ -155.61289, 19.06981 ], [ -155.61277, 19.06907 ], [ -155.61239, 19.06827 ], [ -155.61253, 19.06821 ], [ -155.61314, 19.06921 ], [ -155.6134, 19.06926 ], [ -155.61285, 19.06936 ], [ -155.61309, 19.07108 ], [ -155.61407, 19.07079 ], [ -155.61499, 19.07075 ], [ -155.61537, 19.07198 ], [ -155.61702, 19.07129 ], [ -155.6159, 19.06923 ], [ -155.61861, 19.06936 ], [ -155.61879, 19.0699 ], [ -155.61949, 19.06958 ], [ -155.61903, 19.06877 ], [ -155.61876, 19.06904 ], [ -155.61907, 19.06856 ], [ -155.61886, 19.0683 ], [ -155.6189, 19.06802 ], [ -155.6194, 19.0667 ], [ -155.62165, 19.07162 ], [ -155.62298, 19.07526 ] ], [ [ -155.61822, 19.06963 ], [ -155.61811, 19.07002 ], [ -155.61849, 19.07013 ], [ -155.61863, 19.06974 ], [ -155.61822, 19.06963 ] ], [ [ -155.61227, 19.07104 ], [ -155.6124, 19.07187 ], [ -155.61302, 19.07172 ], [ -155.61289, 19.0709 ], [ -155.61227, 19.07104 ] ], [ [ -155.62117, 19.07549 ], [ -155.62204, 19.07537 ], [ -155.62132, 19.07408 ], [ -155.62059, 19.07454 ], [ -155.62117, 19.07549 ] ], [ [ -155.61372, 19.07429 ], [ -155.61453, 19.07595 ], [ -155.61628, 19.07594 ], [ -155.61628, 19.07683 ], [ -155.61846, 19.07683 ], [ -155.61845, 19.07429 ], [ -155.61372, 19.07429 ] ] ], [ [ [ -155.62837, 19.03259 ], [ -155.62835, 19.03286 ], [ -155.62786, 19.03281 ], [ -155.62789, 19.03254 ], [ -155.62837, 19.03259 ] ] ], [ [ [ -155.62816, 19.03477 ], [ -155.62764, 19.03472 ], [ -155.62767, 19.03446 ], [ -155.62819, 19.03452 ], [ -155.62816, 19.03477 ] ] ], [ [ [ -155.62832, 19.03314 ], [ -155.62824, 19.03398 ], [ -155.62773, 19.03392 ], [ -155.62782, 19.03309 ], [ -155.62832, 19.03314 ] ] ], [ [ [ -155.63046, 19.03397 ], [ -155.63082, 19.03415 ], [ -155.63064, 19.03486 ], [ -155.63023, 19.03487 ], [ -155.63046, 19.03397 ] ] ], [ [ [ -155.62926, 19.03976 ], [ -155.62955, 19.0394 ], [ -155.62973, 19.03968 ], [ -155.62936, 19.03983 ], [ -155.62926, 19.03976 ] ] ], [ [ [ -155.63625, 19.04101 ], [ -155.63654, 19.04101 ], [ -155.63653, 19.04143 ], [ -155.63625, 19.04139 ], [ -155.63625, 19.04101 ] ] ], [ [ [ -155.63849, 19.04152 ], [ -155.6388, 19.04164 ], [ -155.63873, 19.04188 ], [ -155.63836, 19.04181 ], [ -155.63849, 19.04152 ] ] ], [ [ [ -155.6375, 19.03733 ], [ -155.63784, 19.03753 ], [ -155.63753, 19.03849 ], [ -155.63712, 19.03848 ], [ -155.6375, 19.03733 ] ] ], [ [ [ -155.64035, 19.0368 ], [ -155.64058, 19.03663 ], [ -155.64082, 19.03693 ], [ -155.64058, 19.0371 ], [ -155.64035, 19.0368 ] ] ], [ [ [ -155.64328, 19.03921 ], [ -155.64314, 19.039 ], [ -155.64348, 19.03879 ], [ -155.64362, 19.039 ], [ -155.64328, 19.03921 ] ] ], [ [ [ -155.64365, 19.03975 ], [ -155.64397, 19.04022 ], [ -155.64353, 19.04049 ], [ -155.64354, 19.04066 ], [ -155.643, 19.04064 ], [ -155.64293, 19.04026 ], [ -155.64365, 19.03975 ] ] ], [ [ [ -155.64435, 19.04077 ], [ -155.64377, 19.04113 ], [ -155.64355, 19.0408 ], [ -155.64413, 19.04045 ], [ -155.64435, 19.04077 ] ] ], [ [ [ -155.64406, 19.04112 ], [ -155.64433, 19.04137 ], [ -155.64408, 19.04151 ], [ -155.64389, 19.04122 ], [ -155.64406, 19.04112 ] ] ], [ [ [ -155.64287, 19.04068 ], [ -155.64325, 19.04099 ], [ -155.64306, 19.0411 ], [ -155.64328, 19.04143 ], [ -155.64304, 19.04157 ], [ -155.64282, 19.04125 ], [ -155.64298, 19.04115 ], [ -155.64274, 19.04108 ], [ -155.64287, 19.04068 ] ] ], [ [ [ -155.64257, 19.0414 ], [ -155.64279, 19.04172 ], [ -155.64255, 19.04187 ], [ -155.64233, 19.04155 ], [ -155.64257, 19.0414 ] ] ], [ [ [ -155.64233, 19.04219 ], [ -155.64257, 19.04204 ], [ -155.64276, 19.04232 ], [ -155.64252, 19.04247 ], [ -155.64233, 19.04219 ] ] ], [ [ [ -155.64015, 19.04389 ], [ -155.64125, 19.04303 ], [ -155.64153, 19.04325 ], [ -155.6416, 19.04315 ], [ -155.64187, 19.04352 ], [ -155.64165, 19.04368 ], [ -155.64139, 19.04336 ], [ -155.64035, 19.04414 ], [ -155.64015, 19.04389 ] ] ], [ [ [ -155.63851, 19.04521 ], [ -155.63873, 19.04502 ], [ -155.63924, 19.04557 ], [ -155.63896, 19.04581 ], [ -155.63851, 19.04521 ] ] ], [ [ [ -155.6387, 19.0462 ], [ -155.63832, 19.04649 ], [ -155.63806, 19.04618 ], [ -155.63841, 19.04585 ], [ -155.6387, 19.0462 ] ] ], [ [ [ -155.6363, 19.04749 ], [ -155.63707, 19.04691 ], [ -155.63735, 19.04725 ], [ -155.63655, 19.04779 ], [ -155.6363, 19.04749 ] ] ], [ [ [ -155.63566, 19.04537 ], [ -155.63588, 19.04502 ], [ -155.63613, 19.04533 ], [ -155.63589, 19.04551 ], [ -155.63566, 19.04537 ] ] ] ] } },
{ "type": "Feature", "properties": { "GEOID10": "155236T", "NAME10": "Waiakea", "POP10": 0 }, "geometry": { "type": "MultiPolygon", "coordinates": [ [ [ [ -155.0474, 19.71215 ], [ -155.04237, 19.7074 ], [ -155.0443, 19.70027 ], [ -155.04977, 19.70646 ], [ -155.05415, 19.70932 ], [ -155.05427, 19.71037 ], [ -155.05361, 19.71038 ], [ -155.05386, 19.71226 ], [ -155.05293, 19.71311 ], [ -155.05172, 19.71196 ], [ -155.05287, 19.7109 ], [ -155.05154, 19.70962 ], [ -155.04857, 19.71248 ], [ -155.04784, 19.71178 ], [ -155.0474, 19.71215 ] ] ], [ [ [ -155.03215, 19.70074 ], [ -155.03338, 19.7014 ], [ -155.03143, 19.71172 ], [ -155.03004, 19.71177 ], [ -155.03215, 19.70074 ] ] ], [ [ [ -155.05876, 19.65404 ], [ -155.06042, 19.65646 ], [ -155.05804, 19.65793 ], [ -155.05639, 19.65551 ], [ -155.05876, 19.65404 ] ] ], [ [ [ -155.01015, 19.69318 ], [ -155.01888, 19.68289 ], [ -155.02626, 19.68853 ], [ -155.01753, 19.69882 ], [ -155.01015, 19.69318 ] ] ], [ [ [ -155.03751, 19.67551 ], [ -155.04028, 19.68305 ], [ -155.04001, 19.68315 ], [ -155.03968, 19.68481 ], [ -155.03858, 19.68517 ], [ -155.03795, 19.68354 ], [ -155.0341, 19.68482 ], [ -155.03429, 19.6851 ], [ -155.03364, 19.68542 ], [ -155.0307, 19.68115 ], [ -155.03068, 19.67922 ], [ -155.02681, 19.67355 ], [ -155.03235, 19.66673 ], [ -155.03581, 19.67607 ], [ -155.03751, 19.67551 ] ] ], [ [ [ -155.0631, 19.71695 ], [ -155.0622, 19.71619 ], [ -155.06379, 19.71452 ], [ -155.06414, 19.71541 ], [ -155.06414, 19.71803 ], [ -155.06289, 19.71801 ], [ -155.0631, 19.71695 ] ] ], [ [ [ -155.06452, 19.69515 ], [ -155.06621, 19.69511 ], [ -155.06632, 19.69683 ], [ -155.0687, 19.70054 ], [ -155.06859, 19.70218 ], [ -155.06767, 19.70219 ], [ -155.06767, 19.70296 ], [ -155.06441, 19.70296 ], [ -155.06458, 19.70188 ], [ -155.06095, 19.70186 ], [ -155.06095, 19.70311 ], [ -155.05963, 19.7031 ], [ -155.06086, 19.70639 ], [ -155.05073, 19.70642 ], [ -155.0503, 19.70479 ], [ -155.04824, 19.69916 ], [ -155.05414, 19.69724 ], [ -155.05492, 19.69942 ], [ -155.05795, 19.69842 ], [ -155.0571, 19.6961 ], [ -155.05731, 19.69619 ], [ -155.06128, 19.69506 ], [ -155.0613, 19.69495 ], [ -155.06373, 19.69477 ], [ -155.0641, 19.69481 ], [ -155.06452, 19.69515 ] ] ] ] } },
{ "type": "Feature", "properties": { "GEOID10": "155133T", "NAME10": "Lalamilo", "POP10": 64 }, "geometry": { "type": "Polygon", "coordinates": [ [ [ -155.69639, 20.02167 ], [ -155.69736, 20.02171 ], [ -155.69804, 20.02155 ], [ -155.69891, 20.02092 ], [ -155.70049, 20.02115 ], [ -155.70166, 20.02055 ], [ -155.70433, 20.02105 ], [ -155.7055, 20.02104 ], [ -155.70652, 20.02182 ], [ -155.70783, 20.02197 ], [ -155.70907, 20.02257 ], [ -155.70994, 20.02223 ], [ -155.71101, 20.02226 ], [ -155.71144, 20.02246 ], [ -155.71208, 20.0225 ], [ -155.71385, 20.02212 ], [ -155.71426, 20.02223 ], [ -155.71449, 20.02252 ], [ -155.71478, 20.02242 ], [ -155.71504, 20.02283 ], [ -155.71543, 20.02291 ], [ -155.71731, 20.02727 ], [ -155.71381, 20.02804 ], [ -155.7129, 20.02803 ], [ -155.71104, 20.02769 ], [ -155.70732, 20.02692 ], [ -155.70778, 20.02673 ], [ -155.70815, 20.02696 ], [ -155.70895, 20.02697 ], [ -155.7094, 20.02723 ], [ -155.71068, 20.02689 ], [ -155.71139, 20.02708 ], [ -155.71217, 20.02687 ], [ -155.71218, 20.02567 ], [ -155.71083, 20.02548 ], [ -155.70965, 20.02473 ], [ -155.70849, 20.02464 ], [ -155.70723, 20.02512 ], [ -155.70637, 20.02511 ], [ -155.70634, 20.02562 ], [ -155.7059, 20.0256 ], [ -155.70308, 20.02512 ], [ -155.7031, 20.02498 ], [ -155.70242, 20.02487 ], [ -155.7025, 20.02432 ], [ -155.70237, 20.02432 ], [ -155.7004, 20.02492 ], [ -155.69884, 20.02668 ], [ -155.69601, 20.02635 ], [ -155.69639, 20.02167 ] ] ] } },
{ "type": "Feature", "properties": { "GEOID10": "155201T", "NAME10": "Puukapu", "POP10": 898 }, "geometry": { "type": "MultiPolygon", "coordinates": [ [ [ [ -155.64929, 20.03944 ], [ -155.64154, 20.04382 ], [ -155.62512, 20.0496 ], [ -155.61137, 20.05216 ], [ -155.61056, 20.05427 ], [ -155.60912, 20.05161 ], [ -155.60667, 20.04978 ], [ -155.63415, 20.04344 ], [ -155.64414, 20.03794 ], [ -155.63941, 20.03039 ], [ -155.6425, 20.02952 ], [ -155.64282, 20.03052 ], [ -155.64233, 20.03163 ], [ -155.64231, 20.03222 ], [ -155.6428, 20.03381 ], [ -155.64332, 20.03414 ], [ -155.64343, 20.03467 ], [ -155.64389, 20.03457 ], [ -155.64427, 20.03482 ], [ -155.64473, 20.03473 ], [ -155.64509, 20.03488 ], [ -155.64582, 20.03469 ], [ -155.64621, 20.035 ], [ -155.64735, 20.03503 ], [ -155.64813, 20.03546 ], [ -155.64801, 20.03605 ], [ -155.64831, 20.03639 ], [ -155.64843, 20.0369 ], [ -155.6483, 20.03742 ], [ -155.64853, 20.03763 ], [ -155.64851, 20.03788 ], [ -155.64929, 20.03944 ] ] ], [ [ [ -155.59495, 20.04114 ], [ -155.59703, 20.04248 ], [ -155.5957, 20.04278 ], [ -155.59007, 20.03985 ], [ -155.59127, 20.03983 ], [ -155.59202, 20.04003 ], [ -155.59495, 20.04114 ] ] ], [ [ [ -155.59744, 20.04257 ], [ -155.59754, 20.0428 ], [ -155.59698, 20.04326 ], [ -155.59625, 20.04288 ], [ -155.59744, 20.04257 ] ] ], [ [ [ -155.65037, 20.02125 ], [ -155.63509, 20.02519 ], [ -155.60007, 20.03317 ], [ -155.60111, 20.03704 ], [ -155.6017, 20.03707 ], [ -155.605, 20.03847 ], [ -155.60535, 20.03878 ], [ -155.60761, 20.0398 ], [ -155.60754, 20.03991 ], [ -155.60528, 20.03887 ], [ -155.60425, 20.03871 ], [ -155.60058, 20.03948 ], [ -155.59973, 20.03989 ], [ -155.5988, 20.04062 ], [ -155.59748, 20.03376 ], [ -155.59719, 20.03383 ], [ -155.58539, 20.02784 ], [ -155.58569, 20.02752 ], [ -155.58609, 20.02625 ], [ -155.58615, 20.02206 ], [ -155.58593, 20.01853 ], [ -155.5853, 20.01611 ], [ -155.60093, 20.01551 ], [ -155.59989, 20.00097 ], [ -155.5838, 20.00167 ], [ -155.58118, 19.97763 ], [ -155.58305, 19.96491 ], [ -155.59181, 19.94939 ], [ -155.60106, 19.93191 ], [ -155.61374, 19.93419 ], [ -155.61437, 19.98971 ], [ -155.63207, 19.99188 ], [ -155.64192, 19.99363 ], [ -155.64899, 19.99536 ], [ -155.65277, 19.99571 ], [ -155.6544, 19.9962 ], [ -155.65698, 20.01469 ], [ -155.65666, 20.01477 ], [ -155.66075, 20.02148 ], [ -155.66, 20.02167 ], [ -155.65995, 20.02185 ], [ -155.65528, 20.02305 ], [ -155.65361, 20.02018 ], [ -155.65025, 20.02102 ], [ -155.65037, 20.02125 ] ], [ [ -155.62667, 19.99771 ], [ -155.62656, 19.99751 ], [ -155.62633, 19.9976 ], [ -155.62639, 19.99781 ], [ -155.62667, 19.99771 ] ], [ [ -155.62607, 20.02396 ], [ -155.62577, 20.02379 ], [ -155.62563, 20.02401 ], [ -155.62589, 20.02419 ], [ -155.62607, 20.02396 ] ], [ [ -155.61834, 20.02165 ], [ -155.61747, 20.0215 ], [ -155.61676, 20.02521 ], [ -155.62201, 20.02612 ], [ -155.62272, 20.02241 ], [ -155.62186, 20.02226 ], [ -155.62192, 20.02195 ], [ -155.61959, 20.02154 ], [ -155.6184, 20.02134 ], [ -155.61834, 20.02165 ] ] ], [ [ [ -155.69779, 20.04485 ], [ -155.69614, 20.04716 ], [ -155.69526, 20.04901 ], [ -155.67896, 20.04836 ], [ -155.67288, 20.04548 ], [ -155.67135, 20.04294 ], [ -155.66842, 20.04081 ], [ -155.66947, 20.03785 ], [ -155.66941, 20.03731 ], [ -155.6692, 20.03689 ], [ -155.6687, 20.03672 ], [ -155.66813, 20.03574 ], [ -155.66737, 20.03546 ], [ -155.66842, 20.03575 ], [ -155.67095, 20.03817 ], [ -155.67955, 20.03944 ], [ -155.68302, 20.04163 ], [ -155.68258, 20.04314 ], [ -155.6824, 20.04333 ], [ -155.68602, 20.0438 ], [ -155.69035, 20.045 ], [ -155.69779, 20.04485 ] ] ] ] } },
{ "type": "Feature", "properties": { "GEOID10": "155066T", "NAME10": "Kamoku-Kapulena", "POP10": 46 }, "geometry": { "type": "Polygon", "coordinates": [ [ [ -155.55028, 20.00604 ], [ -155.55863, 20.01546 ], [ -155.55815, 20.01582 ], [ -155.57489, 20.02636 ], [ -155.57119, 20.03125 ], [ -155.57604, 20.03432 ], [ -155.57959, 20.02948 ], [ -155.58039, 20.03442 ], [ -155.57351, 20.03456 ], [ -155.57007, 20.07187 ], [ -155.56437, 20.07303 ], [ -155.56443, 20.07425 ], [ -155.56384, 20.07433 ], [ -155.5618, 20.0741 ], [ -155.5597, 20.07587 ], [ -155.55444, 20.07472 ], [ -155.55196, 20.07904 ], [ -155.55291, 20.07902 ], [ -155.55245, 20.08 ], [ -155.55252, 20.08093 ], [ -155.55238, 20.08166 ], [ -155.55176, 20.08238 ], [ -155.55151, 20.08298 ], [ -155.55143, 20.08365 ], [ -155.55192, 20.08553 ], [ -155.5514, 20.08828 ], [ -155.55059, 20.08939 ], [ -155.55056, 20.09048 ], [ -155.54389, 20.08997 ], [ -155.54627, 20.08208 ], [ -155.53699, 20.08154 ], [ -155.53054, 20.0802 ], [ -155.53444, 20.07148 ], [ -155.5398, 20.0678 ], [ -155.55317, 20.0346 ], [ -155.55456, 20.0224 ], [ -155.54817, 20.02189 ], [ -155.54894, 20.00769 ], [ -155.55028, 20.00604 ] ] ] } },
{ "type": "Feature", "properties": { "GEOID10": "155166T", "NAME10": "Nienie", "POP10": 0 }, "geometry": { "type": "Polygon", "coordinates": [ [ [ -155.55028, 20.00604 ], [ -155.54894, 20.00769 ], [ -155.53391, 20.01012 ], [ -155.5254, 20.01174 ], [ -155.52298, 20.02435 ], [ -155.52237, 20.03766 ], [ -155.51915, 20.03732 ], [ -155.51679, 20.04191 ], [ -155.49673, 20.04065 ], [ -155.47197, 20.03878 ], [ -155.47271, 20.0381 ], [ -155.47774, 20.03635 ], [ -155.47824, 20.03604 ], [ -155.47869, 20.0354 ], [ -155.47952, 20.03063 ], [ -155.47975, 20.03052 ], [ -155.48013, 20.02927 ], [ -155.48054, 20.0288 ], [ -155.48079, 20.02874 ], [ -155.48152, 20.02893 ], [ -155.48196, 20.02887 ], [ -155.4825, 20.02814 ], [ -155.48236, 20.02706 ], [ -155.48273, 20.02636 ], [ -155.48306, 20.02454 ], [ -155.48274, 20.02367 ], [ -155.48393, 20.02292 ], [ -155.48481, 20.02176 ], [ -155.48495, 20.02132 ], [ -155.48523, 20.02111 ], [ -155.48549, 20.02138 ], [ -155.48605, 20.02094 ], [ -155.48735, 20.02046 ], [ -155.48765, 20.02015 ], [ -155.48883, 20.02001 ], [ -155.48973, 20.01921 ], [ -155.48985, 20.01881 ], [ -155.49029, 20.01849 ], [ -155.49043, 20.01815 ], [ -155.49226, 20.01763 ], [ -155.4927, 20.01672 ], [ -155.49316, 20.01636 ], [ -155.49334, 20.01527 ], [ -155.49376, 20.0147 ], [ -155.49377, 20.01409 ], [ -155.49415, 20.01367 ], [ -155.49501, 20.01108 ], [ -155.49605, 20.00962 ], [ -155.49696, 20.00905 ], [ -155.49696, 20.00722 ], [ -155.49763, 20.00434 ], [ -155.49751, 20.00239 ], [ -155.49791, 20.00116 ], [ -155.4987, 20.00019 ], [ -155.49828, 19.99921 ], [ -155.49979, 19.99611 ], [ -155.50014, 19.99582 ], [ -155.50125, 19.9955 ], [ -155.50139, 19.99295 ], [ -155.5016, 19.99253 ], [ -155.50239, 19.99201 ], [ -155.50278, 19.99143 ], [ -155.50254, 19.99045 ], [ -155.50281, 19.98947 ], [ -155.50212, 19.98605 ], [ -155.50228, 19.98518 ], [ -155.5022, 19.98444 ], [ -155.50143, 19.9837 ], [ -155.50089, 19.98286 ], [ -155.5005, 19.98273 ], [ -155.5003, 19.9821 ], [ -155.49983, 19.98178 ], [ -155.49951, 19.98099 ], [ -155.49871, 19.98055 ], [ -155.51691, 19.97494 ], [ -155.53436, 19.98818 ], [ -155.55146, 19.98454 ], [ -155.5394, 19.99394 ], [ -155.55028, 20.00604 ] ] ] } },
{ "type": "Feature", "properties": { "GEOID10": "155181T", "NAME10": "Pauahi", "POP10": 0 }, "geometry": { "type": "Polygon", "coordinates": [ [ [ -155.72107, 20.02912 ], [ -155.72178, 20.02845 ], [ -155.72669, 20.02515 ], [ -155.72877, 20.02428 ], [ -155.72898, 20.02458 ], [ -155.72878, 20.02537 ], [ -155.72745, 20.02681 ], [ -155.72691, 20.02769 ], [ -155.7264, 20.02807 ], [ -155.72567, 20.02905 ], [ -155.72472, 20.02976 ], [ -155.72433, 20.03038 ], [ -155.72439, 20.03146 ], [ -155.72404, 20.03206 ], [ -155.7236, 20.03244 ], [ -155.72372, 20.03298 ], [ -155.72338, 20.03398 ], [ -155.72342, 20.03635 ], [ -155.72294, 20.03722 ], [ -155.72301, 20.0378 ], [ -155.72257, 20.03867 ], [ -155.72281, 20.03941 ], [ -155.72216, 20.04039 ], [ -155.72206, 20.04083 ], [ -155.72229, 20.04206 ], [ -155.72154, 20.04431 ], [ -155.7207, 20.04537 ], [ -155.72081, 20.04561 ], [ -155.72071, 20.04617 ], [ -155.72013, 20.04681 ], [ -155.71997, 20.04839 ], [ -155.72024, 20.04902 ], [ -155.72016, 20.04966 ], [ -155.72036, 20.05004 ], [ -155.72026, 20.05049 ], [ -155.72046, 20.05108 ], [ -155.72022, 20.05249 ], [ -155.72059, 20.05364 ], [ -155.71984, 20.05525 ], [ -155.72001, 20.05571 ], [ -155.71978, 20.05616 ], [ -155.71983, 20.05682 ], [ -155.71962, 20.05754 ], [ -155.71968, 20.05786 ], [ -155.72043, 20.05801 ], [ -155.72095, 20.05831 ], [ -155.72025, 20.06383 ], [ -155.71214, 20.0607 ], [ -155.71169, 20.05852 ], [ -155.71133, 20.05761 ], [ -155.71177, 20.05687 ], [ -155.71254, 20.05648 ], [ -155.71293, 20.05586 ], [ -155.71277, 20.05398 ], [ -155.71362, 20.05019 ], [ -155.71455, 20.04917 ], [ -155.71486, 20.04846 ], [ -155.71529, 20.048 ], [ -155.71575, 20.04796 ], [ -155.71699, 20.04704 ], [ -155.71679, 20.04654 ], [ -155.71711, 20.04636 ], [ -155.71721, 20.046 ], [ -155.7168, 20.04568 ], [ -155.71672, 20.04444 ], [ -155.71654, 20.04398 ], [ -155.7172, 20.04269 ], [ -155.71734, 20.0416 ], [ -155.718, 20.04114 ], [ -155.71824, 20.04051 ], [ -155.71905, 20.03998 ], [ -155.7196, 20.03929 ], [ -155.71965, 20.03727 ], [ -155.72023, 20.03508 ], [ -155.71984, 20.03395 ], [ -155.72023, 20.03252 ], [ -155.72072, 20.03189 ], [ -155.72073, 20.03138 ], [ -155.72102, 20.03112 ], [ -155.72108, 20.03082 ], [ -155.72087, 20.03028 ], [ -155.72107, 20.02912 ] ], [ [ -155.72011, 20.04629 ], [ -155.72026, 20.04632 ], [ -155.72037, 20.04589 ], [ -155.72013, 20.04589 ], [ -155.72011, 20.04629 ] ], [ [ -155.71969, 20.04548 ], [ -155.71998, 20.04553 ], [ -155.72, 20.04512 ], [ -155.71972, 20.04507 ], [ -155.71969, 20.04548 ] ] ] } },
{ "type": "Feature", "properties": { "GEOID10": "155026T", "NAME10": "Honokaia", "POP10": 0 }, "geometry": { "type": "Polygon", "coordinates": [ [ [ -155.54894, 20.00769 ], [ -155.54817, 20.02189 ], [ -155.53007, 20.06752 ], [ -155.52795, 20.06613 ], [ -155.52751, 20.06628 ], [ -155.52711, 20.06676 ], [ -155.51602, 20.06356 ], [ -155.5168, 20.06039 ], [ -155.51752, 20.05834 ], [ -155.51734, 20.05514 ], [ -155.52054, 20.05611 ], [ -155.52145, 20.05364 ], [ -155.52173, 20.05366 ], [ -155.52157, 20.05338 ], [ -155.52102, 20.05328 ], [ -155.51793, 20.0515 ], [ -155.51802, 20.05127 ], [ -155.52117, 20.0527 ], [ -155.52118, 20.05177 ], [ -155.52, 20.04952 ], [ -155.51872, 20.04929 ], [ -155.51904, 20.04756 ], [ -155.52029, 20.04606 ], [ -155.52053, 20.04545 ], [ -155.52056, 20.04212 ], [ -155.52029, 20.04144 ], [ -155.52237, 20.03772 ], [ -155.52298, 20.02435 ], [ -155.5254, 20.01174 ], [ -155.53391, 20.01012 ], [ -155.54894, 20.00769 ] ] ] } },
{ "type": "Feature", "properties": { "GEOID10": "155251T", "NAME10": "Wailau", "POP10": 0 }, "geometry": { "type": "Polygon", "coordinates": [ [ [ -155.51878, 19.14791 ], [ -155.51724, 19.14782 ], [ -155.5169, 19.14812 ], [ -155.51516, 19.14484 ], [ -155.51458, 19.14306 ], [ -155.51626, 19.14034 ], [ -155.51718, 19.14142 ], [ -155.51994, 19.14626 ], [ -155.51878, 19.14791 ] ] ] } },
{ "type": "Feature", "properties": { "GEOID10": "155146T", "NAME10": "Makuu", "POP10": 113 }, "geometry": { "type": "MultiPolygon", "coordinates": [ [ [ [ -154.96057, 19.51568 ], [ -154.95668, 19.51778 ], [ -154.95281, 19.51159 ], [ -154.95604, 19.50856 ], [ -154.95905, 19.51332 ], [ -154.96114, 19.51157 ], [ -154.96125, 19.51167 ], [ -154.95914, 19.51345 ], [ -154.96057, 19.51568 ] ] ], [ [ [ -154.9374, 19.58043 ], [ -154.92965, 19.58889 ], [ -154.92684, 19.58613 ], [ -154.92851, 19.58531 ], [ -154.92594, 19.58101 ], [ -154.92715, 19.57998 ], [ -154.92388, 19.57501 ], [ -154.91785, 19.57765 ], [ -154.91496, 19.58015 ], [ -154.91349, 19.57977 ], [ -154.9131, 19.57943 ], [ -154.91215, 19.57917 ], [ -154.92159, 19.56734 ], [ -154.9374, 19.58043 ] ] ], [ [ [ -154.96575, 19.51806 ], [ -154.97197, 19.50622 ], [ -154.97835, 19.52095 ], [ -154.98127, 19.52824 ], [ -154.97351, 19.5406 ], [ -154.96312, 19.55198 ], [ -154.95665, 19.53316 ], [ -154.96251, 19.52472 ], [ -154.96575, 19.51806 ] ] ] ] } },
{ "type": "Feature", "properties": { "GEOID10": "155177T", "NAME10": "Panaewa (Residential)", "POP10": 1091 }, "geometry": { "type": "Polygon", "coordinates": [ [ [ -155.06432, 19.69008 ], [ -155.06474, 19.69516 ], [ -155.06373, 19.69477 ], [ -155.0613, 19.69495 ], [ -155.06128, 19.69506 ], [ -155.05731, 19.69619 ], [ -155.0571, 19.6961 ], [ -155.05521, 19.69089 ], [ -155.05681, 19.6904 ], [ -155.06, 19.6904 ], [ -155.06432, 19.69008 ] ] ] } },
{ "type": "Feature", "properties": { "GEOID10": "155031T", "NAME10": "Honomu", "POP10": 6 }, "geometry": { "type": "Polygon", "coordinates": [ [ [ -155.1472, 19.84832 ], [ -155.14596, 19.84892 ], [ -155.14569, 19.84928 ], [ -155.14637, 19.84954 ], [ -155.14735, 19.85058 ], [ -155.14803, 19.85091 ], [ -155.14899, 19.852 ], [ -155.14957, 19.85199 ], [ -155.15023, 19.85142 ], [ -155.15074, 19.85148 ], [ -155.1521, 19.8535 ], [ -155.1519, 19.85489 ], [ -155.15163, 19.85501 ], [ -155.15111, 19.85575 ], [ -155.15034, 19.85609 ], [ -155.14992, 19.85658 ], [ -155.14904, 19.85558 ], [ -155.14691, 19.85715 ], [ -155.1436, 19.8589 ], [ -155.14334, 19.85838 ], [ -155.14426, 19.8578 ], [ -155.14098, 19.85505 ], [ -155.14082, 19.85536 ], [ -155.14005, 19.85554 ], [ -155.13959, 19.85606 ], [ -155.13882, 19.85618 ], [ -155.13827, 19.85688 ], [ -155.13763, 19.857 ], [ -155.13745, 19.85825 ], [ -155.13671, 19.85879 ], [ -155.13681, 19.85928 ], [ -155.13722, 19.85923 ], [ -155.13739, 19.85905 ], [ -155.13917, 19.86114 ], [ -155.13819, 19.86092 ], [ -155.1349, 19.86147 ], [ -155.1344, 19.86191 ], [ -155.13412, 19.86243 ], [ -155.13375, 19.86244 ], [ -155.13327, 19.86301 ], [ -155.13256, 19.86341 ], [ -155.13239, 19.86359 ], [ -155.13251, 19.86391 ], [ -155.13136, 19.865 ], [ -155.13088, 19.86512 ], [ -155.12925, 19.86326 ], [ -155.12914, 19.86352 ], [ -155.1289, 19.86354 ], [ -155.12858, 19.86275 ], [ -155.12827, 19.86259 ], [ -155.12776, 19.86389 ], [ -155.1275, 19.8639 ], [ -155.1274, 19.86343 ], [ -155.1271, 19.86333 ], [ -155.12659, 19.86368 ], [ -155.12655, 19.86421 ], [ -155.12617, 19.86438 ], [ -155.12568, 19.86503 ], [ -155.12516, 19.86525 ], [ -155.12529, 19.86589 ], [ -155.12498, 19.86651 ], [ -155.12457, 19.86649 ], [ -155.1244, 19.86606 ], [ -155.12422, 19.86601 ], [ -155.12352, 19.86629 ], [ -155.1213, 19.86253 ], [ -155.12446, 19.86003 ], [ -155.13207, 19.85817 ], [ -155.13641, 19.85352 ], [ -155.13568, 19.85308 ], [ -155.13094, 19.8554 ], [ -155.13061, 19.85447 ], [ -155.1289, 19.85533 ], [ -155.12723, 19.85298 ], [ -155.12773, 19.85266 ], [ -155.12861, 19.85244 ], [ -155.1288, 19.85224 ], [ -155.12928, 19.8522 ], [ -155.13109, 19.85109 ], [ -155.13209, 19.84938 ], [ -155.13211, 19.84826 ], [ -155.13273, 19.84763 ], [ -155.13298, 19.84678 ], [ -155.13397, 19.84689 ], [ -155.13453, 19.84667 ], [ -155.13537, 19.84676 ], [ -155.13583, 19.8465 ], [ -155.13686, 19.84671 ], [ -155.13802, 19.84659 ], [ -155.13873, 19.8461 ], [ -155.13995, 19.84622 ], [ -155.14033, 19.84584 ], [ -155.14152, 19.84554 ], [ -155.1417, 19.84473 ], [ -155.14238, 19.84402 ], [ -155.14289, 19.84314 ], [ -155.14277, 19.84242 ], [ -155.14349, 19.84191 ], [ -155.14525, 19.8445 ], [ -155.14507, 19.84458 ], [ -155.14635, 19.84651 ], [ -155.1472, 19.84832 ] ], [ [ -155.14362, 19.84993 ], [ -155.14179, 19.85011 ], [ -155.14189, 19.85099 ], [ -155.1437, 19.85081 ], [ -155.14362, 19.84993 ] ] ] } },
{ "type": "Feature", "properties": { "GEOID10": "155196T", "NAME10": "Ponohawaii", "POP10": 21 }, "geometry": { "type": "MultiPolygon", "coordinates": [ [ [ [ -155.08495, 19.70641 ], [ -155.08514, 19.70599 ], [ -155.08541, 19.70609 ], [ -155.08523, 19.70652 ], [ -155.08495, 19.70641 ] ] ], [ [ [ -155.08716, 19.70553 ], [ -155.08743, 19.70537 ], [ -155.08756, 19.70557 ], [ -155.08725, 19.70575 ], [ -155.08716, 19.70553 ] ] ], [ [ [ -155.08618, 19.70464 ], [ -155.08643, 19.7048 ], [ -155.0861, 19.70509 ], [ -155.08594, 19.70499 ], [ -155.08618, 19.70464 ] ] ] ] } },
{ "type": "Feature", "properties": { "GEOID10": "155123T", "NAME10": "Kolaoa", "POP10": 0 }, "geometry": { "type": "MultiPolygon", "coordinates": [ [ [ [ -156.00834, 19.72138 ], [ -156.00804, 19.72623 ], [ -155.99895, 19.72584 ], [ -155.99919, 19.72461 ], [ -155.99934, 19.72096 ], [ -156.00349, 19.72079 ], [ -156.0067, 19.72129 ], [ -156.00834, 19.72138 ] ] ], [ [ [ -156.03363, 19.71232 ], [ -156.03223, 19.72079 ], [ -156.02412, 19.7195 ], [ -156.02411, 19.71234 ], [ -156.03363, 19.71232 ] ] ], [ [ [ -156.02206, 19.7346 ], [ -156.02542, 19.73403 ], [ -156.02619, 19.73341 ], [ -156.02675, 19.73325 ], [ -156.02847, 19.73295 ], [ -156.02997, 19.73292 ], [ -156.02943, 19.7364 ], [ -156.02928, 19.73634 ], [ -156.02908, 19.73723 ], [ -156.02921, 19.7373 ], [ -156.02899, 19.73879 ], [ -156.02105, 19.74013 ], [ -156.02206, 19.7346 ] ] ], [ [ [ -156.02665, 19.73304 ], [ -156.02591, 19.73331 ], [ -156.02533, 19.73379 ], [ -156.0252, 19.73323 ], [ -156.02419, 19.73342 ], [ -156.02434, 19.73397 ], [ -156.02211, 19.73437 ], [ -156.02281, 19.73061 ], [ -156.02568, 19.7317 ], [ -156.02541, 19.73326 ], [ -156.02665, 19.73304 ] ] ] ] } },
{ "type": "Feature", "properties": { "GEOID10": "155101T", "NAME10": "Kealakehe", "POP10": 759 }, "geometry": { "type": "MultiPolygon", "coordinates": [ [ [ [ -156.01524, 19.67114 ], [ -156.00954, 19.66265 ], [ -156.01244, 19.66096 ], [ -156.01416, 19.66047 ], [ -156.01509, 19.66401 ], [ -156.02136, 19.66252 ], [ -156.02389, 19.66403 ], [ -156.02212, 19.66669 ], [ -156.0216, 19.66801 ], [ -156.02126, 19.66839 ], [ -156.01976, 19.66926 ], [ -156.0155, 19.67117 ], [ -156.01524, 19.67114 ] ] ], [ [ [ -156.01102, 19.67188 ], [ -156.01342, 19.6712 ], [ -156.01481, 19.67262 ], [ -156.00496, 19.67431 ], [ -156.00473, 19.67281 ], [ -156.01102, 19.67188 ] ] ], [ [ [ -155.99642, 19.66351 ], [ -156.00027, 19.66291 ], [ -156.00031, 19.66352 ], [ -155.99985, 19.66379 ], [ -155.99963, 19.66523 ], [ -156.00052, 19.66662 ], [ -155.99986, 19.66737 ], [ -155.9969, 19.66438 ], [ -155.99642, 19.66351 ] ] ], [ [ [ -155.98923, 19.66562 ], [ -155.98906, 19.66696 ], [ -155.9891, 19.66776 ], [ -155.98822, 19.66801 ], [ -155.98858, 19.66908 ], [ -155.98937, 19.66886 ], [ -155.99003, 19.6709 ], [ -155.99004, 19.67174 ], [ -155.98953, 19.67274 ], [ -155.98794, 19.67405 ], [ -155.98741, 19.67484 ], [ -155.98637, 19.6727 ], [ -155.98709, 19.67241 ], [ -155.98783, 19.67235 ], [ -155.98788, 19.67196 ], [ -155.98857, 19.67211 ], [ -155.98889, 19.67132 ], [ -155.98892, 19.67061 ], [ -155.98855, 19.67067 ], [ -155.98849, 19.67049 ], [ -155.98803, 19.67059 ], [ -155.98612, 19.66641 ], [ -155.98646, 19.66513 ], [ -155.98923, 19.66562 ] ] ], [ [ [ -155.99795, 19.67533 ], [ -155.99761, 19.67563 ], [ -155.9971, 19.67573 ], [ -155.98926, 19.67675 ], [ -155.98827, 19.67662 ], [ -155.98749, 19.67499 ], [ -155.98803, 19.67421 ], [ -155.98973, 19.67277 ], [ -155.99021, 19.67178 ], [ -155.9902, 19.67089 ], [ -155.98927, 19.66803 ], [ -155.98924, 19.66742 ], [ -155.9897, 19.66489 ], [ -155.99023, 19.6635 ], [ -155.99289, 19.6647 ], [ -155.99228, 19.6662 ], [ -155.99249, 19.66628 ], [ -155.99344, 19.66373 ], [ -155.99336, 19.66314 ], [ -155.99284, 19.6624 ], [ -155.99496, 19.66098 ], [ -155.99641, 19.66427 ], [ -155.9976, 19.66556 ], [ -155.99583, 19.66779 ], [ -155.99509, 19.66822 ], [ -155.9962, 19.66992 ], [ -155.99671, 19.67106 ], [ -155.99915, 19.6706 ], [ -156.00111, 19.66943 ], [ -156.00141, 19.66986 ], [ -156.00215, 19.66953 ], [ -156.00281, 19.66837 ], [ -156.00244, 19.6663 ], [ -156.00434, 19.66683 ], [ -156.00405, 19.66769 ], [ -156.00468, 19.66933 ], [ -156.00325, 19.6708 ], [ -156.00319, 19.67114 ], [ -156.00282, 19.67052 ], [ -156.00213, 19.67089 ], [ -156.00257, 19.67183 ], [ -156.00288, 19.67385 ], [ -156.00197, 19.67395 ], [ -156.0021, 19.6748 ], [ -155.99836, 19.67549 ], [ -155.9983, 19.67528 ], [ -155.99795, 19.67533 ] ] ] ] } },
{ "type": "Feature", "properties": { "GEOID10": "155098T", "NAME10": "Keahuolu", "POP10": 0 }, "geometry": { "type": "Polygon", "coordinates": [ [ [ -155.98613, 19.66637 ], [ -155.98492, 19.66713 ], [ -155.98369, 19.66762 ], [ -155.98166, 19.66784 ], [ -155.98112, 19.66761 ], [ -155.98105, 19.66627 ], [ -155.9817, 19.66397 ], [ -155.98122, 19.66095 ], [ -155.98124, 19.66006 ], [ -155.98178, 19.65914 ], [ -155.98306, 19.65816 ], [ -155.98337, 19.6574 ], [ -155.98821, 19.65863 ], [ -155.98613, 19.66637 ] ] ] } },
{ "type": "Feature", "properties": { "GEOID10": "155069T", "NAME10": "Kaohe-Olaa", "POP10": 0 }, "geometry": { "type": "MultiPolygon", "coordinates": [ [ [ [ -155.18698, 19.49227 ], [ -155.18319, 19.49759 ], [ -155.17883, 19.4948 ], [ -155.18262, 19.48947 ], [ -155.18698, 19.49227 ] ] ], [ [ [ -155.18547, 19.49515 ], [ -155.19219, 19.48569 ], [ -155.1989, 19.48993 ], [ -155.1922, 19.49941 ], [ -155.18547, 19.49515 ] ] ], [ [ [ -155.1923, 19.48553 ], [ -155.19851, 19.47672 ], [ -155.20405, 19.48263 ], [ -155.19901, 19.48977 ], [ -155.1923, 19.48553 ] ] ], [ [ [ -155.18247, 19.48103 ], [ -155.18439, 19.47838 ], [ -155.1929, 19.48388 ], [ -155.19101, 19.48659 ], [ -155.18247, 19.48103 ] ] ] ] } },
{ "type": "Feature", "properties": { "GEOID10": "155116T", "NAME10": "Keoniki", "POP10": 0 }, "geometry": { "type": "Polygon", "coordinates": [ [ [ -155.69779, 20.04485 ], [ -155.69035, 20.045 ], [ -155.69154, 20.04382 ], [ -155.69495, 20.03498 ], [ -155.69577, 20.03456 ], [ -155.69622, 20.0314 ], [ -155.70016, 20.03332 ], [ -155.70045, 20.03291 ], [ -155.7007, 20.0314 ], [ -155.7011, 20.03063 ], [ -155.70081, 20.02927 ], [ -155.70128, 20.02966 ], [ -155.70132, 20.03022 ], [ -155.70132, 20.03112 ], [ -155.70083, 20.03188 ], [ -155.70092, 20.03272 ], [ -155.70063, 20.03353 ], [ -155.70068, 20.03402 ], [ -155.70112, 20.03498 ], [ -155.70075, 20.03573 ], [ -155.70101, 20.03606 ], [ -155.70045, 20.03697 ], [ -155.70059, 20.03726 ], [ -155.70055, 20.03766 ], [ -155.69987, 20.03947 ], [ -155.69992, 20.03989 ], [ -155.69964, 20.04085 ], [ -155.6997, 20.04146 ], [ -155.69948, 20.04211 ], [ -155.69886, 20.04272 ], [ -155.69835, 20.04397 ], [ -155.69779, 20.04485 ] ] ] } },
{ "type": "Feature", "properties": { "GEOID10": "155276T", "NAME10": "Waimanu", "POP10": 2 }, "geometry": { "type": "Polygon", "coordinates": [ [ [ -155.64561, 20.12817 ], [ -155.64503, 20.12834 ], [ -155.64532, 20.12715 ], [ -155.6439, 20.12709 ], [ -155.64352, 20.12817 ], [ -155.64466, 20.12857 ], [ -155.64331, 20.13018 ], [ -155.64298, 20.13361 ], [ -155.64243, 20.13347 ], [ -155.64196, 20.13427 ], [ -155.64341, 20.13476 ], [ -155.64472, 20.1332 ], [ -155.64596, 20.13324 ], [ -155.64392, 20.13492 ], [ -155.64344, 20.13749 ], [ -155.64288, 20.13722 ], [ -155.64271, 20.13739 ], [ -155.64256, 20.1373 ], [ -155.6423, 20.13772 ], [ -155.64234, 20.13806 ], [ -155.64378, 20.13856 ], [ -155.64241, 20.13977 ], [ -155.64139, 20.13964 ], [ -155.64084, 20.14004 ], [ -155.64064, 20.14098 ], [ -155.64046, 20.14103 ], [ -155.64002, 20.14074 ], [ -155.63978, 20.14091 ], [ -155.63976, 20.14112 ], [ -155.63997, 20.14124 ], [ -155.63977, 20.1415 ], [ -155.63943, 20.14162 ], [ -155.63909, 20.14148 ], [ -155.63891, 20.1416 ], [ -155.63909, 20.14276 ], [ -155.63877, 20.14348 ], [ -155.6382, 20.14401 ], [ -155.63774, 20.14405 ], [ -155.63668, 20.14377 ], [ -155.63573, 20.14327 ], [ -155.63495, 20.14341 ], [ -155.63383, 20.14328 ], [ -155.63328, 20.14299 ], [ -155.63394, 20.14284 ], [ -155.63567, 20.14188 ], [ -155.63631, 20.13988 ], [ -155.63691, 20.13872 ], [ -155.63815, 20.13753 ], [ -155.6389, 20.13642 ], [ -155.63938, 20.13494 ], [ -155.63937, 20.13247 ], [ -155.63984, 20.13163 ], [ -155.64136, 20.13191 ], [ -155.64203, 20.13115 ], [ -155.64224, 20.13049 ], [ -155.64206, 20.13032 ], [ -155.64133, 20.13029 ], [ -155.64121, 20.13089 ], [ -155.64086, 20.1308 ], [ -155.64094, 20.13034 ], [ -155.64013, 20.12993 ], [ -155.64092, 20.1283 ], [ -155.64028, 20.12547 ], [ -155.64594, 20.12698 ], [ -155.64561, 20.12817 ] ], [ [ -155.64243, 20.13347 ], [ -155.64251, 20.13294 ], [ -155.64226, 20.13294 ], [ -155.64219, 20.13348 ], [ -155.64243, 20.13347 ] ] ] } },
{ "type": "Feature", "properties": { "GEOID10": "155222T", "NAME10": "Upolu", "POP10": 0 }, "geometry": { "type": "Polygon", "coordinates": [ [ [ -155.88877, 20.24777 ], [ -155.88865, 20.24789 ], [ -155.88875, 20.24837 ], [ -155.88847, 20.24862 ], [ -155.88865, 20.24883 ], [ -155.88791, 20.25017 ], [ -155.88802, 20.25057 ], [ -155.88854, 20.25099 ], [ -155.8882, 20.25105 ], [ -155.88752, 20.25223 ], [ -155.8866, 20.2522 ], [ -155.88635, 20.25234 ], [ -155.88626, 20.25026 ], [ -155.88562, 20.25025 ], [ -155.88402, 20.24913 ], [ -155.88549, 20.24899 ], [ -155.8863, 20.24798 ], [ -155.88605, 20.24647 ], [ -155.88798, 20.24767 ], [ -155.88855, 20.2476 ], [ -155.88877, 20.24777 ] ] ] } },
{ "type": "Feature", "properties": { "GEOID10": "155193T", "NAME10": "Piihonua", "POP10": 46 }, "geometry": { "type": "Polygon", "coordinates": [ [ [ -155.10543, 19.71506 ], [ -155.10649, 19.71455 ], [ -155.10685, 19.71565 ], [ -155.10662, 19.71629 ], [ -155.10577, 19.71682 ], [ -155.10562, 19.71706 ], [ -155.1057, 19.71673 ], [ -155.10614, 19.71655 ], [ -155.10543, 19.71506 ] ] ] } },
{ "type": "Feature", "properties": { "GEOID10": "155281T", "NAME10": "Waimea", "POP10": 0 }, "geometry": { "type": "Polygon", "coordinates": [ [ [ -159.75264, 22.03618 ], [ -159.75368, 22.04218 ], [ -159.75528, 22.04957 ], [ -159.75349, 22.07078 ], [ -159.74582, 22.08848 ], [ -159.71724, 22.08359 ], [ -159.70314, 22.07031 ], [ -159.69193, 22.07319 ], [ -159.68246, 22.0564 ], [ -159.67159, 22.03658 ], [ -159.67124, 22.03501 ], [ -159.6718, 22.03355 ], [ -159.67231, 22.03289 ], [ -159.67237, 22.03255 ], [ -159.67293, 22.03229 ], [ -159.6732, 22.03164 ], [ -159.67387, 22.031 ], [ -159.67426, 22.03024 ], [ -159.67471, 22.0299 ], [ -159.67495, 22.02845 ], [ -159.6755, 22.02831 ], [ -159.67584, 22.02804 ], [ -159.67618, 22.02761 ], [ -159.67627, 22.0269 ], [ -159.67743, 22.02676 ], [ -159.67802, 22.02615 ], [ -159.67887, 22.02597 ], [ -159.67926, 22.02607 ], [ -159.67985, 22.02681 ], [ -159.68015, 22.02693 ], [ -159.68046, 22.02689 ], [ -159.68121, 22.02638 ], [ -159.68192, 22.02533 ], [ -159.68192, 22.02469 ], [ -159.68264, 22.02388 ], [ -159.68287, 22.02314 ], [ -159.68363, 22.02248 ], [ -159.68452, 22.02243 ], [ -159.68509, 22.02205 ], [ -159.68646, 22.01734 ], [ -159.68623, 22.01663 ], [ -159.68717, 22.01627 ], [ -159.68809, 22.01567 ], [ -159.68867, 22.01554 ], [ -159.68925, 22.01483 ], [ -159.69042, 22.01443 ], [ -159.69237, 22.01181 ], [ -159.69348, 22.01118 ], [ -159.69388, 22.01047 ], [ -159.69449, 22.01034 ], [ -159.69561, 22.00941 ], [ -159.69609, 22.00927 ], [ -159.69786, 22.00811 ], [ -159.69846, 22.0079 ], [ -159.69903, 22.00718 ], [ -159.70033, 22.00623 ], [ -159.70088, 22.00546 ], [ -159.7021, 22.00441 ], [ -159.70273, 22.00414 ], [ -159.70299, 22.00337 ], [ -159.70405, 22.00215 ], [ -159.70405, 22.00144 ], [ -159.70463, 22.00103 ], [ -159.70481, 22.00029 ], [ -159.7051, 22.00012 ], [ -159.70576, 22.00009 ], [ -159.70809, 22.00294 ], [ -159.70827, 22.00183 ], [ -159.70863, 22.0009 ], [ -159.70964, 22.00017 ], [ -159.71126, 21.99934 ], [ -159.71234, 21.99799 ], [ -159.71268, 21.99688 ], [ -159.71401, 21.9957 ], [ -159.71551, 21.99528 ], [ -159.71684, 21.99433 ], [ -159.71883, 21.99344 ], [ -159.71946, 21.99247 ], [ -159.72057, 21.99178 ], [ -159.7222, 21.99138 ], [ -159.72391, 21.99041 ], [ -159.7247, 21.98935 ], [ -159.73664, 22.0046 ], [ -159.73903, 22.00806 ], [ -159.74994, 22.02489 ], [ -159.7512, 22.03076 ], [ -159.75264, 22.03618 ] ] ] } },
{ "type": "Feature", "properties": { "GEOID10": "155011T", "NAME10": "Hanapepe", "POP10": 25 }, "geometry": { "type": "MultiPolygon", "coordinates": [ [ [ [ -159.59617, 21.90585 ], [ -159.59742, 21.90587 ], [ -159.59731, 21.90724 ], [ -159.59666, 21.9078 ], [ -159.59609, 21.90772 ], [ -159.59617, 21.90585 ] ] ], [ [ [ -159.59015, 21.92049 ], [ -159.59242, 21.91246 ], [ -159.59187, 21.91227 ], [ -159.59408, 21.9107 ], [ -159.5949, 21.9095 ], [ -159.59579, 21.90856 ], [ -159.59696, 21.90816 ], [ -159.59866, 21.9088 ], [ -159.60365, 21.91222 ], [ -159.60523, 21.9127 ], [ -159.58816, 21.92712 ], [ -159.58872, 21.92358 ], [ -159.58957, 21.92035 ], [ -159.59015, 21.92049 ] ] ] ] } },
{ "type": "Feature", "properties": { "GEOID10": "155004T", "NAME10": "Anahola (Residential)", "POP10": 1566 }, "geometry": { "type": "MultiPolygon", "coordinates": [ [ [ [ -159.30646, 22.15474 ], [ -159.30646, 22.15391 ], [ -159.30665, 22.154 ], [ -159.30693, 22.15336 ], [ -159.30605, 22.15335 ], [ -159.30611, 22.15445 ], [ -159.30572, 22.15445 ], [ -159.30568, 22.15412 ], [ -159.30574, 22.15249 ], [ -159.30594, 22.15249 ], [ -159.30596, 22.15233 ], [ -159.30572, 22.15214 ], [ -159.30628, 22.15218 ], [ -159.30629, 22.15176 ], [ -159.30569, 22.15173 ], [ -159.30575, 22.15047 ], [ -159.30592, 22.15007 ], [ -159.30666, 22.14975 ], [ -159.30698, 22.14934 ], [ -159.30699, 22.14906 ], [ -159.30759, 22.14933 ], [ -159.30885, 22.14852 ], [ -159.3108, 22.1482 ], [ -159.31141, 22.14784 ], [ -159.31197, 22.14931 ], [ -159.31063, 22.14974 ], [ -159.31102, 22.15079 ], [ -159.31084, 22.15084 ], [ -159.31077, 22.15063 ], [ -159.30923, 22.15109 ], [ -159.30926, 22.15061 ], [ -159.30863, 22.15068 ], [ -159.30779, 22.14984 ], [ -159.30771, 22.14953 ], [ -159.30737, 22.14978 ], [ -159.30777, 22.15006 ], [ -159.3077, 22.15111 ], [ -159.30728, 22.15102 ], [ -159.30756, 22.15012 ], [ -159.30708, 22.15006 ], [ -159.30684, 22.15035 ], [ -159.30653, 22.15106 ], [ -159.30649, 22.15167 ], [ -159.30725, 22.15168 ], [ -159.30723, 22.15251 ], [ -159.30742, 22.15251 ], [ -159.30646, 22.15474 ] ], [ [ -159.30612, 22.15332 ], [ -159.30647, 22.15332 ], [ -159.30648, 22.15222 ], [ -159.30612, 22.15223 ], [ -159.30612, 22.15332 ] ] ], [ [ [ -159.31726, 22.13498 ], [ -159.3166, 22.1356 ], [ -159.31653, 22.13592 ], [ -159.31695, 22.13619 ], [ -159.31756, 22.13733 ], [ -159.31655, 22.13815 ], [ -159.31631, 22.13805 ], [ -159.31578, 22.13923 ], [ -159.31596, 22.13948 ], [ -159.31686, 22.13909 ], [ -159.31711, 22.13947 ], [ -159.31687, 22.13956 ], [ -159.31708, 22.13988 ], [ -159.31666, 22.14004 ], [ -159.31705, 22.14039 ], [ -159.31743, 22.14009 ], [ -159.31723, 22.14056 ], [ -159.31646, 22.1407 ], [ -159.31673, 22.14029 ], [ -159.31658, 22.14007 ], [ -159.31452, 22.13995 ], [ -159.31394, 22.1402 ], [ -159.31403, 22.14066 ], [ -159.31361, 22.14113 ], [ -159.31361, 22.14152 ], [ -159.31325, 22.14146 ], [ -159.3129, 22.1418 ], [ -159.3135, 22.1421 ], [ -159.31421, 22.14273 ], [ -159.31447, 22.14307 ], [ -159.31421, 22.14328 ], [ -159.31283, 22.14211 ], [ -159.3115, 22.14152 ], [ -159.31008, 22.14131 ], [ -159.30997, 22.14153 ], [ -159.31086, 22.1417 ], [ -159.30968, 22.143 ], [ -159.30908, 22.14329 ], [ -159.30892, 22.14352 ], [ -159.3088, 22.14339 ], [ -159.30824, 22.14397 ], [ -159.30813, 22.14358 ], [ -159.30704, 22.14383 ], [ -159.30744, 22.14531 ], [ -159.30804, 22.14547 ], [ -159.30818, 22.14564 ], [ -159.30807, 22.14589 ], [ -159.30838, 22.14611 ], [ -159.30839, 22.14637 ], [ -159.30924, 22.1464 ], [ -159.30709, 22.14792 ], [ -159.3064, 22.14868 ], [ -159.30452, 22.14649 ], [ -159.30394, 22.14617 ], [ -159.30288, 22.14606 ], [ -159.30124, 22.146 ], [ -159.29791, 22.14626 ], [ -159.29778, 22.14675 ], [ -159.29706, 22.14785 ], [ -159.29604, 22.14809 ], [ -159.29497, 22.14664 ], [ -159.29487, 22.14577 ], [ -159.29437, 22.14527 ], [ -159.29395, 22.14359 ], [ -159.29362, 22.14327 ], [ -159.29317, 22.1433 ], [ -159.29323, 22.14312 ], [ -159.29366, 22.14304 ], [ -159.29373, 22.14249 ], [ -159.29358, 22.14189 ], [ -159.29309, 22.14132 ], [ -159.2934, 22.14028 ], [ -159.29317, 22.13962 ], [ -159.29332, 22.13892 ], [ -159.293, 22.13831 ], [ -159.29364, 22.13796 ], [ -159.29426, 22.13677 ], [ -159.29412, 22.13625 ], [ -159.29417, 22.13525 ], [ -159.29396, 22.13511 ], [ -159.29379, 22.13465 ], [ -159.29331, 22.13431 ], [ -159.29363, 22.134 ], [ -159.29433, 22.13393 ], [ -159.29486, 22.13333 ], [ -159.29475, 22.13267 ], [ -159.29437, 22.13228 ], [ -159.2946, 22.13112 ], [ -159.29445, 22.13071 ], [ -159.29448, 22.12982 ], [ -159.29428, 22.12953 ], [ -159.29401, 22.12949 ], [ -159.29359, 22.1297 ], [ -159.29321, 22.12967 ], [ -159.29298, 22.12941 ], [ -159.293, 22.12911 ], [ -159.29268, 22.12848 ], [ -159.29275, 22.12823 ], [ -159.29248, 22.12795 ], [ -159.29256, 22.1277 ], [ -159.29242, 22.12736 ], [ -159.29285, 22.12658 ], [ -159.29269, 22.12606 ], [ -159.29296, 22.12545 ], [ -159.29283, 22.1252 ], [ -159.29296, 22.12476 ], [ -159.29385, 22.12457 ], [ -159.2941, 22.12379 ], [ -159.29383, 22.12311 ], [ -159.29333, 22.12289 ], [ -159.29302, 22.12301 ], [ -159.29326, 22.12219 ], [ -159.29391, 22.12208 ], [ -159.29445, 22.1225 ], [ -159.29523, 22.1223 ], [ -159.29588, 22.12165 ], [ -159.29579, 22.1209 ], [ -159.29789, 22.12146 ], [ -159.30099, 22.12136 ], [ -159.30446, 22.12228 ], [ -159.30626, 22.12341 ], [ -159.30779, 22.124 ], [ -159.31041, 22.12541 ], [ -159.31352, 22.12539 ], [ -159.31469, 22.12587 ], [ -159.31543, 22.12643 ], [ -159.31532, 22.12619 ], [ -159.31796, 22.12687 ], [ -159.31997, 22.12699 ], [ -159.32225, 22.12781 ], [ -159.32359, 22.12804 ], [ -159.32581, 22.12799 ], [ -159.3285, 22.12838 ], [ -159.33039, 22.12834 ], [ -159.3409, 22.12916 ], [ -159.34201, 22.12851 ], [ -159.34229, 22.12818 ], [ -159.34411, 22.12763 ], [ -159.34725, 22.1277 ], [ -159.34824, 22.12797 ], [ -159.35054, 22.12809 ], [ -159.35249, 22.12848 ], [ -159.355, 22.12777 ], [ -159.35594, 22.12701 ], [ -159.35711, 22.12702 ], [ -159.35775, 22.12666 ], [ -159.35868, 22.12663 ], [ -159.3604, 22.12716 ], [ -159.3628, 22.12889 ], [ -159.36396, 22.12921 ], [ -159.36532, 22.12923 ], [ -159.36951, 22.13043 ], [ -159.37065, 22.13274 ], [ -159.37481, 22.13431 ], [ -159.36664, 22.13775 ], [ -159.36696, 22.14207 ], [ -159.365, 22.14229 ], [ -159.36229, 22.14507 ], [ -159.36021, 22.14599 ], [ -159.35622, 22.14701 ], [ -159.35056, 22.14691 ], [ -159.34785, 22.14926 ], [ -159.3471, 22.14858 ], [ -159.34674, 22.14663 ], [ -159.34496, 22.14623 ], [ -159.34332, 22.14525 ], [ -159.34269, 22.14505 ], [ -159.34168, 22.14507 ], [ -159.34113, 22.14468 ], [ -159.34095, 22.14431 ], [ -159.34043, 22.144 ], [ -159.33891, 22.14415 ], [ -159.33693, 22.14361 ], [ -159.33553, 22.1425 ], [ -159.33454, 22.14207 ], [ -159.33328, 22.14118 ], [ -159.33261, 22.14102 ], [ -159.33161, 22.14122 ], [ -159.33087, 22.14108 ], [ -159.3306, 22.14096 ], [ -159.32944, 22.13967 ], [ -159.32636, 22.13849 ], [ -159.32511, 22.13863 ], [ -159.3226, 22.13951 ], [ -159.32166, 22.13892 ], [ -159.32101, 22.13799 ], [ -159.32089, 22.13752 ], [ -159.32105, 22.13624 ], [ -159.32074, 22.13533 ], [ -159.31873, 22.13475 ], [ -159.31765, 22.13482 ], [ -159.31726, 22.13498 ] ], [ [ -159.30776, 22.14637 ], [ -159.30779, 22.14664 ], [ -159.30807, 22.14664 ], [ -159.30805, 22.14637 ], [ -159.30776, 22.14637 ] ], [ [ -159.29837, 22.14523 ], [ -159.2982, 22.14545 ], [ -159.29796, 22.14578 ], [ -159.29862, 22.14572 ], [ -159.29864, 22.14523 ], [ -159.29837, 22.14523 ] ], [ [ -159.31586, 22.13792 ], [ -159.31521, 22.13747 ], [ -159.31509, 22.13778 ], [ -159.31573, 22.13828 ], [ -159.31586, 22.13792 ] ], [ [ -159.31738, 22.13446 ], [ -159.31714, 22.13399 ], [ -159.31634, 22.13449 ], [ -159.31678, 22.13518 ], [ -159.31738, 22.13446 ] ], [ [ -159.34769, 22.14775 ], [ -159.34761, 22.14897 ], [ -159.34785, 22.149 ], [ -159.34857, 22.14805 ], [ -159.34769, 22.14775 ] ], [ [ -159.31649, 22.1367 ], [ -159.31599, 22.13704 ], [ -159.31679, 22.13768 ], [ -159.3171, 22.13739 ], [ -159.3172, 22.13684 ], [ -159.31649, 22.1367 ] ], [ [ -159.31885, 22.13462 ], [ -159.32057, 22.13473 ], [ -159.32073, 22.13429 ], [ -159.31998, 22.13409 ], [ -159.31885, 22.13462 ] ], [ [ -159.31277, 22.14177 ], [ -159.31353, 22.14 ], [ -159.31382, 22.13979 ], [ -159.31367, 22.13953 ], [ -159.31304, 22.14006 ], [ -159.31215, 22.14142 ], [ -159.31277, 22.14177 ] ], [ [ -159.30726, 22.1464 ], [ -159.30757, 22.14653 ], [ -159.30764, 22.14639 ], [ -159.30733, 22.14626 ], [ -159.3074, 22.14605 ], [ -159.30714, 22.14606 ], [ -159.30654, 22.14552 ], [ -159.30609, 22.14535 ], [ -159.3059, 22.14535 ], [ -159.30554, 22.14605 ], [ -159.30662, 22.147 ], [ -159.30726, 22.1464 ] ] ] ] } },
{ "type": "Feature", "properties": { "GEOID10": "155003T", "NAME10": "Anahola (Agricultural)", "POP10": 257 }, "geometry": { "type": "MultiPolygon", "coordinates": [ [ [ [ -159.31222, 22.14778 ], [ -159.3125, 22.14769 ], [ -159.31326, 22.1477 ], [ -159.31259, 22.14784 ], [ -159.31222, 22.14778 ] ] ], [ [ [ -159.31502, 22.14646 ], [ -159.31481, 22.14611 ], [ -159.31459, 22.1462 ], [ -159.31448, 22.14599 ], [ -159.31403, 22.14613 ], [ -159.31392, 22.14597 ], [ -159.31472, 22.14572 ], [ -159.31465, 22.14601 ], [ -159.31515, 22.14617 ], [ -159.31502, 22.14646 ] ] ], [ [ [ -159.3141, 22.14356 ], [ -159.31394, 22.14387 ], [ -159.31447, 22.14414 ], [ -159.31428, 22.14439 ], [ -159.3137, 22.14398 ], [ -159.31372, 22.14346 ], [ -159.3141, 22.14356 ] ] ], [ [ [ -159.30811, 22.14893 ], [ -159.3077, 22.14888 ], [ -159.3078, 22.14873 ], [ -159.30728, 22.14847 ], [ -159.30757, 22.14805 ], [ -159.30865, 22.14719 ], [ -159.30892, 22.14772 ], [ -159.30929, 22.14771 ], [ -159.30925, 22.14749 ], [ -159.30886, 22.14749 ], [ -159.30908, 22.14695 ], [ -159.30965, 22.14667 ], [ -159.30953, 22.14781 ], [ -159.30939, 22.14791 ], [ -159.30894, 22.14779 ], [ -159.30885, 22.14852 ], [ -159.30811, 22.14893 ] ] ], [ [ [ -159.31023, 22.14823 ], [ -159.31059, 22.14614 ], [ -159.31148, 22.14556 ], [ -159.31145, 22.14568 ], [ -159.31324, 22.14601 ], [ -159.31317, 22.14573 ], [ -159.31218, 22.14554 ], [ -159.31206, 22.14566 ], [ -159.3116, 22.14536 ], [ -159.31212, 22.14507 ], [ -159.31301, 22.14525 ], [ -159.31333, 22.14495 ], [ -159.31342, 22.14504 ], [ -159.31317, 22.14549 ], [ -159.31324, 22.14594 ], [ -159.31371, 22.14594 ], [ -159.31411, 22.1473 ], [ -159.31472, 22.14699 ], [ -159.31507, 22.14702 ], [ -159.31552, 22.14651 ], [ -159.31509, 22.14704 ], [ -159.31374, 22.14753 ], [ -159.31327, 22.14602 ], [ -159.31303, 22.14605 ], [ -159.31305, 22.14719 ], [ -159.3123, 22.147 ], [ -159.31211, 22.14687 ], [ -159.31267, 22.14699 ], [ -159.31265, 22.14676 ], [ -159.31187, 22.14668 ], [ -159.31191, 22.14685 ], [ -159.31176, 22.1467 ], [ -159.31151, 22.14682 ], [ -159.31158, 22.14755 ], [ -159.31211, 22.14762 ], [ -159.31213, 22.14774 ], [ -159.31155, 22.14777 ], [ -159.3108, 22.1482 ], [ -159.31023, 22.14823 ] ] ], [ [ [ -159.31349, 22.1449 ], [ -159.31362, 22.14459 ], [ -159.31388, 22.14479 ], [ -159.3142, 22.14456 ], [ -159.31444, 22.14497 ], [ -159.31476, 22.14486 ], [ -159.31533, 22.14495 ], [ -159.31539, 22.14472 ], [ -159.31558, 22.14529 ], [ -159.31541, 22.14505 ], [ -159.31477, 22.14498 ], [ -159.31484, 22.1455 ], [ -159.31454, 22.14549 ], [ -159.31418, 22.14504 ], [ -159.31376, 22.14524 ], [ -159.31349, 22.1449 ] ] ], [ [ [ -159.31568, 22.14645 ], [ -159.31571, 22.14729 ], [ -159.3156, 22.14645 ], [ -159.31568, 22.14645 ] ] ], [ [ [ -159.3166, 22.13561 ], [ -159.31726, 22.13498 ], [ -159.3183, 22.13477 ], [ -159.31971, 22.13495 ], [ -159.32074, 22.13533 ], [ -159.32105, 22.13624 ], [ -159.32089, 22.13752 ], [ -159.32101, 22.13799 ], [ -159.32166, 22.13892 ], [ -159.3226, 22.13951 ], [ -159.3219, 22.13985 ], [ -159.32229, 22.14021 ], [ -159.32176, 22.14056 ], [ -159.32252, 22.14276 ], [ -159.32162, 22.14584 ], [ -159.32332, 22.14889 ], [ -159.32278, 22.15 ], [ -159.32356, 22.15206 ], [ -159.30553, 22.15737 ], [ -159.30579, 22.15619 ], [ -159.30632, 22.15535 ], [ -159.30749, 22.15231 ], [ -159.30779, 22.14984 ], [ -159.30863, 22.15068 ], [ -159.30926, 22.15061 ], [ -159.30923, 22.15109 ], [ -159.31077, 22.15063 ], [ -159.31084, 22.15084 ], [ -159.31102, 22.15079 ], [ -159.31063, 22.14974 ], [ -159.31197, 22.14931 ], [ -159.31145, 22.14793 ], [ -159.3117, 22.14782 ], [ -159.31242, 22.14796 ], [ -159.31308, 22.14786 ], [ -159.31457, 22.14727 ], [ -159.31548, 22.1472 ], [ -159.31527, 22.14748 ], [ -159.31583, 22.14729 ], [ -159.31594, 22.14654 ], [ -159.31571, 22.14574 ], [ -159.31569, 22.14485 ], [ -159.31546, 22.14457 ], [ -159.31581, 22.14433 ], [ -159.31558, 22.144 ], [ -159.31514, 22.14437 ], [ -159.31459, 22.1434 ], [ -159.31435, 22.14178 ], [ -159.314, 22.14167 ], [ -159.31401, 22.14154 ], [ -159.31465, 22.14156 ], [ -159.31472, 22.14098 ], [ -159.31403, 22.14066 ], [ -159.31396, 22.1404 ], [ -159.31625, 22.14045 ], [ -159.31658, 22.14007 ], [ -159.31673, 22.14029 ], [ -159.31646, 22.1407 ], [ -159.31723, 22.14056 ], [ -159.31743, 22.14009 ], [ -159.31693, 22.13931 ], [ -159.31686, 22.13909 ], [ -159.31704, 22.13902 ], [ -159.31652, 22.13845 ], [ -159.31655, 22.13815 ], [ -159.31756, 22.13733 ], [ -159.31695, 22.13619 ], [ -159.31653, 22.13592 ], [ -159.3166, 22.13561 ] ], [ [ -159.31786, 22.13522 ], [ -159.31882, 22.13506 ], [ -159.31877, 22.13485 ], [ -159.31783, 22.13497 ], [ -159.31786, 22.13522 ] ], [ [ -159.31659, 22.14558 ], [ -159.31607, 22.14513 ], [ -159.31577, 22.14497 ], [ -159.31578, 22.14555 ], [ -159.31659, 22.14558 ] ], [ [ -159.31688, 22.13554 ], [ -159.31765, 22.13639 ], [ -159.31792, 22.13629 ], [ -159.31718, 22.13545 ], [ -159.31688, 22.13554 ] ], [ [ -159.31577, 22.14485 ], [ -159.31623, 22.14518 ], [ -159.31668, 22.14558 ], [ -159.31695, 22.1456 ], [ -159.31659, 22.14488 ], [ -159.31577, 22.14485 ] ] ] ] } },
{ "type": "Feature", "properties": { "GEOID10": "155156T", "NAME10": "Moloaa", "POP10": 6 }, "geometry": { "type": "Polygon", "coordinates": [ [ [ -159.36881, 22.17529 ], [ -159.36712, 22.17579 ], [ -159.36585, 22.17654 ], [ -159.3655, 22.17651 ], [ -159.36455, 22.17685 ], [ -159.36335, 22.17686 ], [ -159.36272, 22.17737 ], [ -159.36117, 22.17735 ], [ -159.36122, 22.17792 ], [ -159.36224, 22.17914 ], [ -159.36202, 22.18046 ], [ -159.36134, 22.18002 ], [ -159.36109, 22.18057 ], [ -159.36085, 22.18075 ], [ -159.36037, 22.18019 ], [ -159.36003, 22.18019 ], [ -159.35974, 22.18067 ], [ -159.36023, 22.18078 ], [ -159.36005, 22.18125 ], [ -159.35937, 22.18171 ], [ -159.35863, 22.18147 ], [ -159.35828, 22.18181 ], [ -159.35782, 22.18303 ], [ -159.35689, 22.18261 ], [ -159.35691, 22.18224 ], [ -159.35678, 22.18214 ], [ -159.35645, 22.18244 ], [ -159.35567, 22.18257 ], [ -159.35435, 22.18241 ], [ -159.35426, 22.18295 ], [ -159.35317, 22.18305 ], [ -159.35278, 22.18393 ], [ -159.35243, 22.18385 ], [ -159.35203, 22.18426 ], [ -159.34371, 22.17871 ], [ -159.3441, 22.17845 ], [ -159.34605, 22.17812 ], [ -159.34775, 22.1776 ], [ -159.34803, 22.17748 ], [ -159.34841, 22.177 ], [ -159.34826, 22.17589 ], [ -159.34598, 22.17486 ], [ -159.3517, 22.176 ], [ -159.35433, 22.17741 ], [ -159.36459, 22.17291 ], [ -159.37122, 22.17379 ], [ -159.36881, 22.17529 ] ] ] } },
{ "type": "Feature", "properties": { "GEOID10": "155071T", "NAME10": "Kapaa", "POP10": 0 }, "geometry": { "type": "MultiPolygon", "coordinates": [ [ [ [ -159.32041, 22.07056 ], [ -159.32047, 22.06985 ], [ -159.32078, 22.0698 ], [ -159.32081, 22.06946 ], [ -159.32136, 22.06938 ], [ -159.3214, 22.06981 ], [ -159.32088, 22.07023 ], [ -159.32079, 22.07055 ], [ -159.32041, 22.07056 ] ] ], [ [ [ -159.31681, 22.078 ], [ -159.31801, 22.07747 ], [ -159.3194, 22.07841 ], [ -159.31862, 22.07942 ], [ -159.31787, 22.07893 ], [ -159.31615, 22.08055 ], [ -159.31548, 22.07884 ], [ -159.31573, 22.07876 ], [ -159.31568, 22.07863 ], [ -159.3162, 22.07857 ], [ -159.31681, 22.078 ] ] ] ] } },
{ "type": "Feature", "properties": { "GEOID10": "155256T", "NAME10": "Wailua", "POP10": 17 }, "geometry": { "type": "MultiPolygon", "coordinates": [ [ [ [ -159.3385, 22.03535 ], [ -159.33748, 22.03453 ], [ -159.33883, 22.03379 ], [ -159.34131, 22.03368 ], [ -159.34099, 22.03488 ], [ -159.33952, 22.03492 ], [ -159.3385, 22.03535 ] ] ], [ [ [ -159.34384, 22.01635 ], [ -159.34784, 22.01793 ], [ -159.34689, 22.01861 ], [ -159.34483, 22.0185 ], [ -159.34438, 22.01864 ], [ -159.34421, 22.01882 ], [ -159.3441, 22.01946 ], [ -159.34415, 22.0205 ], [ -159.34432, 22.02097 ], [ -159.34503, 22.0219 ], [ -159.34744, 22.02364 ], [ -159.34824, 22.02387 ], [ -159.34842, 22.02435 ], [ -159.34915, 22.02526 ], [ -159.34914, 22.02561 ], [ -159.34984, 22.02606 ], [ -159.34996, 22.0263 ], [ -159.34929, 22.02778 ], [ -159.34862, 22.03065 ], [ -159.34833, 22.03123 ], [ -159.3478, 22.0315 ], [ -159.3472, 22.03208 ], [ -159.34641, 22.03341 ], [ -159.34552, 22.03542 ], [ -159.34574, 22.03565 ], [ -159.34738, 22.03617 ], [ -159.34798, 22.03651 ], [ -159.34857, 22.03779 ], [ -159.34937, 22.03803 ], [ -159.34871, 22.03844 ], [ -159.34869, 22.03885 ], [ -159.35062, 22.03963 ], [ -159.35089, 22.04079 ], [ -159.35211, 22.04175 ], [ -159.35093, 22.04356 ], [ -159.34941, 22.0443 ], [ -159.34863, 22.04502 ], [ -159.34729, 22.0453 ], [ -159.3453, 22.04643 ], [ -159.34049, 22.04546 ], [ -159.33917, 22.04497 ], [ -159.33787, 22.04501 ], [ -159.33702, 22.04447 ], [ -159.33804, 22.0427 ], [ -159.33771, 22.04226 ], [ -159.33779, 22.0391 ], [ -159.33766, 22.03744 ], [ -159.33806, 22.03622 ], [ -159.33851, 22.03559 ], [ -159.33905, 22.03527 ], [ -159.34084, 22.0351 ], [ -159.34075, 22.03556 ], [ -159.34096, 22.03559 ], [ -159.34105, 22.0351 ], [ -159.34135, 22.03514 ], [ -159.3419, 22.03128 ], [ -159.3445, 22.03127 ], [ -159.34456, 22.03072 ], [ -159.34624, 22.03005 ], [ -159.3455, 22.02982 ], [ -159.34566, 22.02847 ], [ -159.34489, 22.02788 ], [ -159.3448, 22.02613 ], [ -159.34521, 22.02605 ], [ -159.34422, 22.02217 ], [ -159.3435, 22.02171 ], [ -159.34163, 22.0223 ], [ -159.34174, 22.02113 ], [ -159.34199, 22.02042 ], [ -159.34384, 22.01635 ] ], [ [ -159.34552, 22.02271 ], [ -159.34538, 22.02278 ], [ -159.34569, 22.02351 ], [ -159.34588, 22.02341 ], [ -159.34552, 22.02271 ] ], [ [ -159.33919, 22.04313 ], [ -159.33837, 22.04305 ], [ -159.33815, 22.0438 ], [ -159.33903, 22.04398 ], [ -159.33919, 22.04313 ] ] ] ] } },
{ "type": "Feature", "properties": { "GEOID10": "155111T", "NAME10": "Kekaha", "POP10": 483 }, "geometry": { "type": "MultiPolygon", "coordinates": [ [ [ [ -159.72015, 21.97375 ], [ -159.72095, 21.97426 ], [ -159.72057, 21.97478 ], [ -159.71854, 21.97344 ], [ -159.71891, 21.97294 ], [ -159.71714, 21.97177 ], [ -159.7181, 21.97048 ], [ -159.72191, 21.97301 ], [ -159.72142, 21.97365 ], [ -159.72063, 21.97311 ], [ -159.72015, 21.97375 ] ] ], [ [ [ -159.72655, 21.9728 ], [ -159.72665, 21.97183 ], [ -159.7244, 21.97074 ], [ -159.72398, 21.97073 ], [ -159.72455, 21.97053 ], [ -159.72516, 21.97057 ], [ -159.72898, 21.9718 ], [ -159.72528, 21.97623 ], [ -159.72385, 21.97624 ], [ -159.7238, 21.97551 ], [ -159.72503, 21.97399 ], [ -159.72562, 21.97432 ], [ -159.72653, 21.97434 ], [ -159.72655, 21.97329 ], [ -159.72555, 21.97329 ], [ -159.72562, 21.97282 ], [ -159.72655, 21.9728 ] ] ] ] } },
{ "type": "Feature", "properties": { "GEOID10": "155051T", "NAME10": "Kalaupapa", "POP10": 90 }, "geometry": { "type": "Polygon", "coordinates": [ [ [ -156.97944, 21.20373 ], [ -156.97937, 21.20471 ], [ -156.97653, 21.20524 ], [ -156.97256, 21.18668 ], [ -156.9732, 21.18198 ], [ -156.97081, 21.17229 ], [ -156.97223, 21.17261 ], [ -156.97272, 21.17312 ], [ -156.97309, 21.17324 ], [ -156.97394, 21.17393 ], [ -156.97478, 21.17399 ], [ -156.97527, 21.17449 ], [ -156.97621, 21.17483 ], [ -156.97703, 21.17482 ], [ -156.97809, 21.17509 ], [ -156.97916, 21.1756 ], [ -156.98035, 21.17558 ], [ -156.98111, 21.17584 ], [ -156.98277, 21.17583 ], [ -156.98373, 21.17619 ], [ -156.98514, 21.17538 ], [ -156.98906, 21.17477 ], [ -156.99017, 21.17496 ], [ -156.99112, 21.17484 ], [ -156.99236, 21.17498 ], [ -156.99372, 21.17485 ], [ -156.99529, 21.17492 ], [ -156.99674, 21.17513 ], [ -156.99927, 21.17485 ], [ -157.00016, 21.17498 ], [ -157.0018, 21.17559 ], [ -157.00225, 21.17561 ], [ -157.00312, 21.17624 ], [ -157.0037, 21.17617 ], [ -157.00444, 21.17671 ], [ -157.00539, 21.17697 ], [ -157.0057, 21.17732 ], [ -157.0085, 21.1787 ], [ -157.00978, 21.17899 ], [ -157.01188, 21.1789 ], [ -157.012, 21.18262 ], [ -157.01031, 21.18219 ], [ -157.01005, 21.18194 ], [ -157.00921, 21.1818 ], [ -157.00824, 21.1819 ], [ -157.00433, 21.1811 ], [ -157.00223, 21.17969 ], [ -157.00018, 21.17904 ], [ -156.99949, 21.17926 ], [ -156.99748, 21.17929 ], [ -156.9959, 21.1796 ], [ -156.99437, 21.18013 ], [ -156.99298, 21.18033 ], [ -156.9924, 21.18069 ], [ -156.99152, 21.18088 ], [ -156.98796, 21.1827 ], [ -156.98717, 21.18353 ], [ -156.98707, 21.18392 ], [ -156.98626, 21.18448 ], [ -156.98628, 21.18488 ], [ -156.98587, 21.18525 ], [ -156.98592, 21.18554 ], [ -156.98492, 21.18647 ], [ -156.98482, 21.18763 ], [ -156.98452, 21.18783 ], [ -156.98483, 21.18829 ], [ -156.98459, 21.18946 ], [ -156.98482, 21.19012 ], [ -156.98494, 21.18998 ], [ -156.98515, 21.19006 ], [ -156.98489, 21.19031 ], [ -156.98505, 21.19118 ], [ -156.98533, 21.19174 ], [ -156.98527, 21.19198 ], [ -156.98506, 21.19216 ], [ -156.98492, 21.19205 ], [ -156.98411, 21.19227 ], [ -156.98384, 21.19255 ], [ -156.98362, 21.19314 ], [ -156.98358, 21.1942 ], [ -156.98305, 21.19595 ], [ -156.98314, 21.19698 ], [ -156.98281, 21.19774 ], [ -156.98157, 21.19906 ], [ -156.98146, 21.19937 ], [ -156.98196, 21.20088 ], [ -156.97993, 21.20173 ], [ -156.97944, 21.20373 ] ] ] } },
{ "type": "Feature", "properties": { "GEOID10": "155286T", "NAME10": "Waiohuli (Residential)", "POP10": 904 }, "geometry": { "type": "Polygon", "coordinates": [ [ [ -156.34084, 20.72604 ], [ -156.34261, 20.72383 ], [ -156.34395, 20.7244 ], [ -156.34409, 20.72403 ], [ -156.34493, 20.72473 ], [ -156.34618, 20.72541 ], [ -156.35239, 20.72573 ], [ -156.35259, 20.72554 ], [ -156.35204, 20.72388 ], [ -156.35136, 20.72357 ], [ -156.34891, 20.72329 ], [ -156.35161, 20.72082 ], [ -156.35203, 20.72009 ], [ -156.34655, 20.71766 ], [ -156.34788, 20.71582 ], [ -156.3508, 20.71298 ], [ -156.35196, 20.71218 ], [ -156.35377, 20.71328 ], [ -156.35447, 20.71233 ], [ -156.35478, 20.71251 ], [ -156.35526, 20.71164 ], [ -156.35588, 20.71202 ], [ -156.35574, 20.71224 ], [ -156.35719, 20.71308 ], [ -156.35849, 20.71465 ], [ -156.35822, 20.71491 ], [ -156.3591, 20.71539 ], [ -156.35928, 20.71507 ], [ -156.3859, 20.73046 ], [ -156.41088, 20.73644 ], [ -156.403, 20.75465 ], [ -156.40215, 20.75451 ], [ -156.39813, 20.75373 ], [ -156.37113, 20.74463 ], [ -156.33923, 20.72946 ], [ -156.34084, 20.72604 ] ], [ [ -156.34171, 20.72749 ], [ -156.34235, 20.7269 ], [ -156.34174, 20.72584 ], [ -156.34105, 20.72624 ], [ -156.34171, 20.72749 ] ], [ [ -156.34227, 20.72909 ], [ -156.34445, 20.73035 ], [ -156.34432, 20.73066 ], [ -156.34593, 20.73114 ], [ -156.34602, 20.73084 ], [ -156.34964, 20.73185 ], [ -156.34975, 20.73123 ], [ -156.3489, 20.73072 ], [ -156.34731, 20.73033 ], [ -156.34644, 20.73034 ], [ -156.34466, 20.72984 ], [ -156.34257, 20.72864 ], [ -156.34227, 20.72909 ] ] ] } },
{ "type": "Feature", "properties": { "GEOID10": "155104T", "NAME10": "Keanae-Wailua", "POP10": 17 }, "geometry": { "type": "MultiPolygon", "coordinates": [ [ [ [ -156.14709, 20.86362 ], [ -156.14731, 20.86365 ], [ -156.14718, 20.8638 ], [ -156.14752, 20.86487 ], [ -156.1473, 20.86511 ], [ -156.14692, 20.8652 ], [ -156.14661, 20.86397 ], [ -156.1469, 20.86317 ], [ -156.14709, 20.86362 ] ] ], [ [ [ -156.13222, 20.84414 ], [ -156.13327, 20.84332 ], [ -156.13357, 20.84367 ], [ -156.13252, 20.84449 ], [ -156.13222, 20.84414 ] ] ], [ [ [ -156.13552, 20.84447 ], [ -156.13598, 20.84478 ], [ -156.13576, 20.84513 ], [ -156.13562, 20.84509 ], [ -156.13573, 20.84574 ], [ -156.13637, 20.84618 ], [ -156.13512, 20.84748 ], [ -156.13444, 20.84672 ], [ -156.1355, 20.8459 ], [ -156.1349, 20.84522 ], [ -156.13384, 20.84603 ], [ -156.13324, 20.84533 ], [ -156.13514, 20.84373 ], [ -156.13552, 20.84447 ] ] ], [ [ [ -156.13514, 20.84373 ], [ -156.13321, 20.84529 ], [ -156.13313, 20.84521 ], [ -156.13192, 20.84613 ], [ -156.13226, 20.84682 ], [ -156.1325, 20.84672 ], [ -156.13405, 20.84852 ], [ -156.13617, 20.84865 ], [ -156.13481, 20.84871 ], [ -156.13135, 20.8485 ], [ -156.13132, 20.84765 ], [ -156.12848, 20.84776 ], [ -156.12895, 20.84854 ], [ -156.12867, 20.8485 ], [ -156.12828, 20.84823 ], [ -156.12794, 20.84758 ], [ -156.12744, 20.84627 ], [ -156.12739, 20.84531 ], [ -156.1268, 20.84427 ], [ -156.12704, 20.84337 ], [ -156.12781, 20.84224 ], [ -156.12804, 20.84203 ], [ -156.12873, 20.84256 ], [ -156.1294, 20.84185 ], [ -156.13026, 20.84185 ], [ -156.1305, 20.84214 ], [ -156.12931, 20.84305 ], [ -156.1306, 20.84457 ], [ -156.13179, 20.84364 ], [ -156.13205, 20.84394 ], [ -156.13085, 20.84487 ], [ -156.13166, 20.84582 ], [ -156.13392, 20.84406 ], [ -156.13357, 20.84367 ], [ -156.13406, 20.84363 ], [ -156.13432, 20.84298 ], [ -156.13469, 20.84314 ], [ -156.13515, 20.84305 ], [ -156.13555, 20.8434 ], [ -156.13514, 20.84373 ] ], [ [ -156.12942, 20.84619 ], [ -156.1299, 20.84621 ], [ -156.1299, 20.84581 ], [ -156.12939, 20.84588 ], [ -156.12942, 20.84619 ] ] ], [ [ [ -156.13402, 20.84022 ], [ -156.13402, 20.84054 ], [ -156.13386, 20.84055 ], [ -156.13383, 20.8402 ], [ -156.13352, 20.84021 ], [ -156.13349, 20.83979 ], [ -156.13369, 20.83969 ], [ -156.13438, 20.8404 ], [ -156.13402, 20.84022 ] ] ], [ [ [ -156.13452, 20.83946 ], [ -156.1342, 20.83972 ], [ -156.13392, 20.83951 ], [ -156.13403, 20.83892 ], [ -156.13452, 20.83946 ] ] ], [ [ [ -156.13409, 20.83777 ], [ -156.13366, 20.83781 ], [ -156.13388, 20.83804 ], [ -156.13356, 20.83834 ], [ -156.13396, 20.83861 ], [ -156.13378, 20.83919 ], [ -156.13347, 20.83901 ], [ -156.13366, 20.83872 ], [ -156.13271, 20.8383 ], [ -156.1338, 20.83726 ], [ -156.13409, 20.83777 ] ] ], [ [ [ -156.13743, 20.84125 ], [ -156.13676, 20.84146 ], [ -156.13665, 20.84117 ], [ -156.13721, 20.84081 ], [ -156.13743, 20.84125 ] ] ], [ [ [ -156.13552, 20.83815 ], [ -156.13582, 20.83794 ], [ -156.13621, 20.83835 ], [ -156.1359, 20.83857 ], [ -156.13552, 20.83815 ] ] ], [ [ [ -156.15177, 20.83396 ], [ -156.1512, 20.83465 ], [ -156.15155, 20.83542 ], [ -156.1513, 20.83613 ], [ -156.15154, 20.8366 ], [ -156.15141, 20.83732 ], [ -156.15029, 20.839 ], [ -156.14982, 20.83993 ], [ -156.14971, 20.84072 ], [ -156.14896, 20.84211 ], [ -156.14842, 20.84242 ], [ -156.14815, 20.84649 ], [ -156.14828, 20.84763 ], [ -156.14812, 20.85469 ], [ -156.14795, 20.85608 ], [ -156.14839, 20.85611 ], [ -156.14913, 20.85527 ], [ -156.14964, 20.85505 ], [ -156.14892, 20.85638 ], [ -156.14844, 20.85679 ], [ -156.14816, 20.85759 ], [ -156.14782, 20.85798 ], [ -156.14749, 20.85767 ], [ -156.14698, 20.85635 ], [ -156.14661, 20.85628 ], [ -156.14624, 20.85545 ], [ -156.14593, 20.85518 ], [ -156.14605, 20.85464 ], [ -156.14593, 20.85331 ], [ -156.14635, 20.85238 ], [ -156.14631, 20.85207 ], [ -156.14579, 20.85122 ], [ -156.14609, 20.85023 ], [ -156.14584, 20.84996 ], [ -156.14624, 20.8492 ], [ -156.14663, 20.84654 ], [ -156.14732, 20.8449 ], [ -156.14704, 20.84428 ], [ -156.14651, 20.84454 ], [ -156.14582, 20.84447 ], [ -156.14594, 20.84357 ], [ -156.14566, 20.84283 ], [ -156.14596, 20.84205 ], [ -156.14605, 20.84118 ], [ -156.14717, 20.83975 ], [ -156.14741, 20.83858 ], [ -156.14876, 20.83754 ], [ -156.14937, 20.8364 ], [ -156.1499, 20.83606 ], [ -156.14986, 20.83498 ], [ -156.15045, 20.83454 ], [ -156.15086, 20.83334 ], [ -156.15115, 20.83302 ], [ -156.15109, 20.83224 ], [ -156.15145, 20.83168 ], [ -156.15177, 20.83396 ] ] ] ] } },
{ "type": "Feature", "properties": { "GEOID10": "155029T", "NAME10": "Honokowai", "POP10": 0 }, "geometry": { "type": "MultiPolygon", "coordinates": [ [ [ [ -156.67521, 20.94827 ], [ -156.68037, 20.94653 ], [ -156.68102, 20.9468 ], [ -156.6828, 20.94632 ], [ -156.68257, 20.9466 ], [ -156.68186, 20.94666 ], [ -156.68189, 20.9468 ], [ -156.68318, 20.94717 ], [ -156.68441, 20.9469 ], [ -156.68525, 20.94696 ], [ -156.68524, 20.94745 ], [ -156.68556, 20.94862 ], [ -156.68552, 20.94948 ], [ -156.6838, 20.95292 ], [ -156.68294, 20.95515 ], [ -156.67437, 20.95299 ], [ -156.67469, 20.95217 ], [ -156.67464, 20.9516 ], [ -156.67387, 20.95066 ], [ -156.6733, 20.94894 ], [ -156.67292, 20.94859 ], [ -156.67521, 20.94827 ] ] ], [ [ [ -156.66029, 20.94385 ], [ -156.66169, 20.94325 ], [ -156.66387, 20.94356 ], [ -156.66641, 20.94429 ], [ -156.66708, 20.94468 ], [ -156.67055, 20.94537 ], [ -156.67129, 20.94565 ], [ -156.67359, 20.94742 ], [ -156.67452, 20.9477 ], [ -156.67694, 20.94685 ], [ -156.67757, 20.94681 ], [ -156.67759, 20.9467 ], [ -156.67845, 20.94659 ], [ -156.67908, 20.94671 ], [ -156.68028, 20.94648 ], [ -156.67903, 20.9468 ], [ -156.67516, 20.94822 ], [ -156.6728, 20.94855 ], [ -156.67255, 20.94842 ], [ -156.67268, 20.94841 ], [ -156.67277, 20.94799 ], [ -156.67221, 20.9472 ], [ -156.67132, 20.94792 ], [ -156.67139, 20.94823 ], [ -156.67202, 20.94846 ], [ -156.67245, 20.94844 ], [ -156.67298, 20.94868 ], [ -156.67323, 20.94901 ], [ -156.67388, 20.95079 ], [ -156.67456, 20.95165 ], [ -156.6746, 20.95221 ], [ -156.67429, 20.95297 ], [ -156.66371, 20.94994 ], [ -156.66173, 20.95014 ], [ -156.6556, 20.94905 ], [ -156.65634, 20.94745 ], [ -156.65617, 20.94688 ], [ -156.65705, 20.94617 ], [ -156.65723, 20.94564 ], [ -156.6575, 20.94346 ], [ -156.65818, 20.94383 ], [ -156.65932, 20.94404 ], [ -156.66029, 20.94385 ] ] ], [ [ [ -156.66051, 20.94318 ], [ -156.65919, 20.94321 ], [ -156.65667, 20.94245 ], [ -156.65685, 20.94229 ], [ -156.65664, 20.94227 ], [ -156.65672, 20.9419 ], [ -156.65752, 20.94217 ], [ -156.6576, 20.9405 ], [ -156.65722, 20.93963 ], [ -156.65663, 20.93954 ], [ -156.65689, 20.93752 ], [ -156.66288, 20.93851 ], [ -156.66475, 20.93912 ], [ -156.66452, 20.94096 ], [ -156.6648, 20.94094 ], [ -156.66524, 20.94291 ], [ -156.66862, 20.94323 ], [ -156.66869, 20.94229 ], [ -156.67369, 20.94208 ], [ -156.67369, 20.9404 ], [ -156.67677, 20.9413 ], [ -156.68325, 20.94364 ], [ -156.68401, 20.9438 ], [ -156.68728, 20.9437 ], [ -156.68581, 20.94558 ], [ -156.68584, 20.94578 ], [ -156.68568, 20.94582 ], [ -156.68558, 20.94536 ], [ -156.68386, 20.94579 ], [ -156.68077, 20.946 ], [ -156.68, 20.9456 ], [ -156.67792, 20.94604 ], [ -156.67652, 20.94605 ], [ -156.67456, 20.94653 ], [ -156.67303, 20.94605 ], [ -156.67198, 20.94506 ], [ -156.67091, 20.94458 ], [ -156.67006, 20.94463 ], [ -156.66817, 20.94395 ], [ -156.66694, 20.94423 ], [ -156.66602, 20.94391 ], [ -156.66519, 20.94324 ], [ -156.66476, 20.94312 ], [ -156.66404, 20.94322 ], [ -156.66183, 20.94282 ], [ -156.66051, 20.94318 ] ], [ [ -156.65756, 20.93966 ], [ -156.65737, 20.93977 ], [ -156.65744, 20.94004 ], [ -156.65773, 20.93991 ], [ -156.65756, 20.93966 ] ] ], [ [ [ -156.65704, 20.9401 ], [ -156.65696, 20.94173 ], [ -156.6567, 20.94174 ], [ -156.65664, 20.93977 ], [ -156.6569, 20.93981 ], [ -156.65704, 20.9401 ] ] ] ] } },
{ "type": "Feature", "properties": { "GEOID10": "155033T", "NAME10": "Hoolehua-Palaaau", "POP10": 1292 }, "geometry": { "type": "MultiPolygon", "coordinates": [ [ [ [ -157.10318, 21.15317 ], [ -157.10251, 21.15277 ], [ -157.10253, 21.15006 ], [ -157.10324, 21.14968 ], [ -157.10318, 21.15317 ] ] ], [ [ [ -157.11716, 21.13884 ], [ -157.12948, 21.14189 ], [ -157.13795, 21.15478 ], [ -157.14167, 21.1779 ], [ -157.14453, 21.19306 ], [ -157.14441, 21.19686 ], [ -157.14317, 21.19707 ], [ -157.14326, 21.19763 ], [ -157.14301, 21.19838 ], [ -157.14335, 21.19911 ], [ -157.14293, 21.19956 ], [ -157.14256, 21.19933 ], [ -157.14219, 21.19947 ], [ -157.14174, 21.19925 ], [ -157.14164, 21.199 ], [ -157.14096, 21.19923 ], [ -157.14052, 21.19978 ], [ -157.14033, 21.19945 ], [ -157.14003, 21.19966 ], [ -157.13998, 21.19945 ], [ -157.13943, 21.19932 ], [ -157.13723, 21.19936 ], [ -157.13669, 21.19898 ], [ -157.13624, 21.19923 ], [ -157.13611, 21.19952 ], [ -157.13592, 21.19871 ], [ -157.13557, 21.19833 ], [ -157.13509, 21.19877 ], [ -157.13426, 21.19851 ], [ -157.13395, 21.1988 ], [ -157.13357, 21.19823 ], [ -157.13324, 21.19825 ], [ -157.13311, 21.19793 ], [ -157.13266, 21.19828 ], [ -157.13232, 21.19804 ], [ -157.13196, 21.1981 ], [ -157.1317, 21.19863 ], [ -157.1309, 21.19846 ], [ -157.1297, 21.19957 ], [ -157.12895, 21.19943 ], [ -157.12883, 21.19917 ], [ -157.12855, 21.19931 ], [ -157.12845, 21.1987 ], [ -157.12831, 21.19864 ], [ -157.12807, 21.19868 ], [ -157.12791, 21.19911 ], [ -157.12788, 21.1987 ], [ -157.12755, 21.19892 ], [ -157.12689, 21.1983 ], [ -157.12631, 21.19843 ], [ -157.12596, 21.19888 ], [ -157.12565, 21.19842 ], [ -157.12529, 21.19843 ], [ -157.12458, 21.1981 ], [ -157.12399, 21.19772 ], [ -157.1237, 21.1973 ], [ -157.12241, 21.19677 ], [ -157.12117, 21.19677 ], [ -157.12086, 21.19711 ], [ -157.12068, 21.19673 ], [ -157.11993, 21.19659 ], [ -157.11972, 21.19703 ], [ -157.11951, 21.19691 ], [ -157.11888, 21.19712 ], [ -157.11859, 21.19776 ], [ -157.11845, 21.19744 ], [ -157.11857, 21.19726 ], [ -157.11841, 21.19725 ], [ -157.11821, 21.19679 ], [ -157.11769, 21.19672 ], [ -157.11734, 21.19638 ], [ -157.11654, 21.19625 ], [ -157.11615, 21.19669 ], [ -157.11597, 21.19668 ], [ -157.11592, 21.19649 ], [ -157.11571, 21.19647 ], [ -157.11563, 21.19615 ], [ -157.11496, 21.19558 ], [ -157.11445, 21.19545 ], [ -157.11415, 21.19561 ], [ -157.11384, 21.19524 ], [ -157.11293, 21.19512 ], [ -157.11247, 21.19549 ], [ -157.11244, 21.19534 ], [ -157.11226, 21.19536 ], [ -157.11247, 21.19512 ], [ -157.11206, 21.19498 ], [ -157.11207, 21.19544 ], [ -157.11187, 21.19525 ], [ -157.11194, 21.19504 ], [ -157.11177, 21.19468 ], [ -157.11111, 21.19438 ], [ -157.10991, 21.19442 ], [ -157.10873, 21.19494 ], [ -157.10847, 21.19466 ], [ -157.10713, 21.19519 ], [ -157.10681, 21.19494 ], [ -157.10653, 21.19497 ], [ -157.10629, 21.19529 ], [ -157.10561, 21.19476 ], [ -157.10499, 21.19471 ], [ -157.1042, 21.19499 ], [ -157.10367, 21.19497 ], [ -157.10167, 21.19618 ], [ -157.10158, 21.19595 ], [ -157.10089, 21.19591 ], [ -157.10025, 21.19537 ], [ -157.1, 21.19552 ], [ -157.09958, 21.19501 ], [ -157.09898, 21.19498 ], [ -157.0986, 21.19517 ], [ -157.09817, 21.19504 ], [ -157.09785, 21.19518 ], [ -157.09767, 21.19483 ], [ -157.09691, 21.1945 ], [ -157.0953, 21.195 ], [ -157.09463, 21.19495 ], [ -157.09387, 21.19524 ], [ -157.09291, 21.19497 ], [ -157.09257, 21.19472 ], [ -157.09198, 21.19489 ], [ -157.09184, 21.19463 ], [ -157.09149, 21.1945 ], [ -157.09072, 21.19377 ], [ -157.08972, 21.19368 ], [ -157.08964, 21.19346 ], [ -157.08856, 21.1934 ], [ -157.08768, 21.19291 ], [ -157.087, 21.19227 ], [ -157.08613, 21.1922 ], [ -157.08488, 21.19146 ], [ -157.08417, 21.1914 ], [ -157.08357, 21.19166 ], [ -157.08343, 21.19141 ], [ -157.08316, 21.19155 ], [ -157.08319, 21.19127 ], [ -157.08062, 21.19011 ], [ -157.07901, 21.19 ], [ -157.07814, 21.19024 ], [ -157.07674, 21.18948 ], [ -157.07594, 21.18936 ], [ -157.07501, 21.18885 ], [ -157.07379, 21.18861 ], [ -157.07332, 21.18879 ], [ -157.07254, 21.1888 ], [ -157.07216, 21.18861 ], [ -157.07144, 21.1887 ], [ -157.07112, 21.18914 ], [ -157.07088, 21.18881 ], [ -157.07055, 21.18881 ], [ -157.07017, 21.18906 ], [ -157.06986, 21.18878 ], [ -157.06912, 21.18883 ], [ -157.06772, 21.18857 ], [ -157.0667, 21.18872 ], [ -157.06607, 21.18822 ], [ -157.06442, 21.18772 ], [ -157.06431, 21.18742 ], [ -157.06366, 21.18743 ], [ -157.06343, 21.1873 ], [ -157.06344, 21.18707 ], [ -157.06302, 21.18703 ], [ -157.063, 21.18681 ], [ -157.06146, 21.18589 ], [ -157.0609, 21.18591 ], [ -157.06062, 21.1857 ], [ -157.05815, 21.18597 ], [ -157.05591, 21.18548 ], [ -157.05513, 21.18581 ], [ -157.05473, 21.18557 ], [ -157.05412, 21.18571 ], [ -157.04994, 21.18584 ], [ -157.04895, 21.18613 ], [ -157.04863, 21.18588 ], [ -157.04849, 21.18433 ], [ -157.04774, 21.18258 ], [ -157.04708, 21.18216 ], [ -157.04664, 21.18129 ], [ -157.04576, 21.18072 ], [ -157.04583, 21.17988 ], [ -157.04555, 21.17942 ], [ -157.04512, 21.17923 ], [ -157.04423, 21.17933 ], [ -157.04331, 21.17788 ], [ -157.04263, 21.17739 ], [ -157.04088, 21.17742 ], [ -157.04168, 21.17644 ], [ -157.03959, 21.1745 ], [ -157.03699, 21.17355 ], [ -157.03519, 21.17132 ], [ -157.03353, 21.17049 ], [ -157.0315, 21.17063 ], [ -157.03572, 21.16748 ], [ -157.04056, 21.16497 ], [ -157.04367, 21.16317 ], [ -157.04373, 21.16326 ], [ -157.04627, 21.16193 ], [ -157.05473, 21.15689 ], [ -157.0563, 21.15699 ], [ -157.05946, 21.15484 ], [ -157.06219, 21.1547 ], [ -157.06495, 21.15178 ], [ -157.06578, 21.1522 ], [ -157.07296, 21.14475 ], [ -157.07958, 21.13757 ], [ -157.08915, 21.14411 ], [ -157.0954, 21.14815 ], [ -157.09002, 21.14906 ], [ -157.08928, 21.14952 ], [ -157.08884, 21.15054 ], [ -157.08855, 21.15296 ], [ -157.08426, 21.15343 ], [ -157.08408, 21.15456 ], [ -157.0843, 21.15555 ], [ -157.08396, 21.15699 ], [ -157.08435, 21.15563 ], [ -157.1033, 21.15869 ], [ -157.10341, 21.1379 ], [ -157.09791, 21.13683 ], [ -157.09858, 21.13622 ], [ -157.10026, 21.13515 ], [ -157.10064, 21.13446 ], [ -157.10084, 21.13321 ], [ -157.10032, 21.1318 ], [ -157.09922, 21.13139 ], [ -157.09821, 21.13066 ], [ -157.09837, 21.13006 ], [ -157.09903, 21.12965 ], [ -157.09889, 21.12907 ], [ -157.09891, 21.12752 ], [ -157.09882, 21.1272 ], [ -157.09831, 21.12675 ], [ -157.09811, 21.12588 ], [ -157.09762, 21.12515 ], [ -157.09715, 21.12342 ], [ -157.09808, 21.12183 ], [ -157.09825, 21.12058 ], [ -157.0973, 21.11781 ], [ -157.11716, 21.13884 ] ], [ [ -157.11743, 21.16607 ], [ -157.11794, 21.16535 ], [ -157.11732, 21.1649 ], [ -157.11679, 21.1656 ], [ -157.11743, 21.16607 ] ] ], [ [ [ -156.99915, 21.17487 ], [ -156.99935, 21.17231 ], [ -156.99719, 21.17075 ], [ -156.99719, 21.17088 ], [ -156.99291, 21.16829 ], [ -156.99751, 21.16995 ], [ -157.00506, 21.17035 ], [ -157.00689, 21.1695 ], [ -157.0098, 21.17034 ], [ -157.00998, 21.17086 ], [ -157.0141, 21.17138 ], [ -157.01461, 21.17329 ], [ -157.01172, 21.17399 ], [ -157.00855, 21.17605 ], [ -157.00539, 21.17697 ], [ -157.00444, 21.17671 ], [ -157.0037, 21.17617 ], [ -157.00312, 21.17624 ], [ -157.00221, 21.17559 ], [ -157.0018, 21.17559 ], [ -157.00016, 21.17498 ], [ -156.99915, 21.17487 ] ] ], [ [ [ -157.09188, 21.10214 ], [ -157.0923, 21.10235 ], [ -157.09247, 21.10269 ], [ -157.09288, 21.10224 ], [ -157.09335, 21.10305 ], [ -157.09439, 21.1035 ], [ -157.09744, 21.10362 ], [ -157.09767, 21.10337 ], [ -157.09799, 21.10344 ], [ -157.0989, 21.10269 ], [ -157.09942, 21.10247 ], [ -157.09959, 21.10215 ], [ -157.09984, 21.10212 ], [ -157.10032, 21.10153 ], [ -157.10018, 21.10136 ], [ -157.10112, 21.10045 ], [ -157.10178, 21.10041 ], [ -157.10682, 21.11198 ], [ -157.1026, 21.11448 ], [ -157.09598, 21.1162 ], [ -157.09095, 21.1147 ], [ -157.08858, 21.11426 ], [ -157.08726, 21.11325 ], [ -157.08222, 21.11228 ], [ -157.07861, 21.11353 ], [ -157.08174, 21.1115 ], [ -157.08439, 21.11058 ], [ -157.09188, 21.10214 ] ] ] ] } },
{ "type": "Feature", "properties": { "GEOID10": "155135T", "NAME10": "Leialii", "POP10": 328 }, "geometry": { "type": "MultiPolygon", "coordinates": [ [ [ [ -156.67963, 20.90161 ], [ -156.6795, 20.89976 ], [ -156.68447, 20.90021 ], [ -156.68392, 20.90178 ], [ -156.68166, 20.90153 ], [ -156.67963, 20.90161 ] ] ], [ [ [ -156.67995, 20.90766 ], [ -156.68, 20.90498 ], [ -156.67882, 20.90206 ], [ -156.68126, 20.90183 ], [ -156.68349, 20.90207 ], [ -156.68346, 20.90224 ], [ -156.68303, 20.90229 ], [ -156.68313, 20.90289 ], [ -156.68333, 20.90288 ], [ -156.6839, 20.90396 ], [ -156.68311, 20.90428 ], [ -156.68268, 20.90528 ], [ -156.68166, 20.90583 ], [ -156.68271, 20.90753 ], [ -156.67995, 20.90766 ] ] ] ] } },
{ "type": "Feature", "properties": { "GEOID10": "155076T", "NAME10": "Kapaakea", "POP10": 141 }, "geometry": { "type": "Polygon", "coordinates": [ [ [ -156.98641, 21.10378 ], [ -157.00381, 21.08169 ], [ -157.00472, 21.08035 ], [ -157.00717, 21.08067 ], [ -157.00761, 21.0806 ], [ -157.00819, 21.0809 ], [ -157.00874, 21.08096 ], [ -157.00932, 21.0815 ], [ -157.01111, 21.08229 ], [ -157.01235, 21.08307 ], [ -157.01317, 21.08332 ], [ -157.00999, 21.08974 ], [ -157.00204, 21.10115 ], [ -157.00181, 21.10169 ], [ -157.00118, 21.10232 ], [ -157.00102, 21.10291 ], [ -157.00054, 21.10337 ], [ -157.00034, 21.10396 ], [ -156.99944, 21.10505 ], [ -156.99342, 21.11734 ], [ -156.98585, 21.12105 ], [ -156.98609, 21.12166 ], [ -156.98556, 21.12158 ], [ -156.98484, 21.1219 ], [ -156.98402, 21.122 ], [ -156.98268, 21.12288 ], [ -156.98111, 21.12306 ], [ -156.97848, 21.12367 ], [ -156.97788, 21.12362 ], [ -156.97734, 21.12325 ], [ -156.97666, 21.12326 ], [ -156.97587, 21.12302 ], [ -156.97491, 21.12313 ], [ -156.97401, 21.12339 ], [ -156.97302, 21.12392 ], [ -156.97232, 21.12395 ], [ -156.97181, 21.12439 ], [ -156.97128, 21.12429 ], [ -156.9697, 21.1248 ], [ -156.96801, 21.12594 ], [ -156.96694, 21.12634 ], [ -156.96481, 21.1275 ], [ -156.96131, 21.12296 ], [ -156.9758, 21.11266 ], [ -156.97875, 21.11019 ], [ -156.97908, 21.10969 ], [ -156.98027, 21.10943 ], [ -156.98091, 21.10846 ], [ -156.98245, 21.10747 ], [ -156.98317, 21.10639 ], [ -156.98427, 21.10572 ], [ -156.98641, 21.10378 ] ], [ [ -157.00939, 21.08613 ], [ -157.00967, 21.08609 ], [ -157.0104, 21.08512 ], [ -157.0094, 21.08493 ], [ -157.00903, 21.08582 ], [ -157.00939, 21.08613 ] ] ] } },
{ "type": "Feature", "properties": { "GEOID10": "155199T", "NAME10": "Pulehunui", "POP10": 0 }, "geometry": { "type": "MultiPolygon", "coordinates": [ [ [ [ -156.46719, 20.82285 ], [ -156.47128, 20.82329 ], [ -156.46977, 20.82933 ], [ -156.46883, 20.83049 ], [ -156.46756, 20.83158 ], [ -156.467, 20.83098 ], [ -156.46622, 20.83102 ], [ -156.46719, 20.82285 ] ] ], [ [ [ -156.45543, 20.80888 ], [ -156.45379, 20.80852 ], [ -156.45381, 20.8089 ], [ -156.45533, 20.8113 ], [ -156.45363, 20.81218 ], [ -156.45345, 20.81182 ], [ -156.45351, 20.80989 ], [ -156.45296, 20.80919 ], [ -156.45288, 20.80869 ], [ -156.45248, 20.80878 ], [ -156.45226, 20.80846 ], [ -156.46102, 20.80466 ], [ -156.46697, 20.80329 ], [ -156.46837, 20.80945 ], [ -156.46851, 20.81147 ], [ -156.46831, 20.81384 ], [ -156.46723, 20.81431 ], [ -156.46598, 20.81438 ], [ -156.46491, 20.81407 ], [ -156.46287, 20.81224 ], [ -156.4624, 20.81251 ], [ -156.46165, 20.81222 ], [ -156.46167, 20.81332 ], [ -156.46084, 20.81293 ], [ -156.46035, 20.81386 ], [ -156.45934, 20.81333 ], [ -156.4587, 20.81357 ], [ -156.45543, 20.80888 ] ] ] ] } },
{ "type": "Feature", "properties": { "GEOID10": "155046T", "NAME10": "Kalamaula", "POP10": 300 }, "geometry": { "type": "Polygon", "coordinates": [ [ [ -157.04807, 21.12234 ], [ -157.05169, 21.12415 ], [ -157.05466, 21.1247 ], [ -157.0447, 21.12864 ], [ -157.04135, 21.12987 ], [ -157.0413, 21.12973 ], [ -157.03253, 21.13321 ], [ -157.03129, 21.13383 ], [ -157.02763, 21.13629 ], [ -157.02402, 21.13751 ], [ -157.0204, 21.13838 ], [ -157.01581, 21.14805 ], [ -157.01332, 21.15393 ], [ -157.01256, 21.15479 ], [ -157.0128, 21.1547 ], [ -157.01302, 21.15537 ], [ -157.01274, 21.15569 ], [ -157.01234, 21.15579 ], [ -157.01224, 21.15552 ], [ -157.00448, 21.15663 ], [ -157.0045, 21.15463 ], [ -156.99889, 21.15476 ], [ -156.99626, 21.1526 ], [ -156.99129, 21.15214 ], [ -156.98999, 21.15225 ], [ -156.98949, 21.1519 ], [ -156.98913, 21.15119 ], [ -156.98852, 21.15057 ], [ -156.98764, 21.15033 ], [ -156.98712, 21.14982 ], [ -156.98591, 21.14914 ], [ -156.98538, 21.14924 ], [ -156.98438, 21.14874 ], [ -156.98163, 21.14582 ], [ -156.97981, 21.14517 ], [ -156.98023, 21.14402 ], [ -156.98334, 21.14356 ], [ -156.98832, 21.14517 ], [ -156.99397, 21.1404 ], [ -156.99859, 21.13624 ], [ -157.01145, 21.12343 ], [ -157.01934, 21.11516 ], [ -157.02268, 21.10919 ], [ -157.02838, 21.09488 ], [ -157.02955, 21.09238 ], [ -157.03059, 21.09296 ], [ -157.03033, 21.09342 ], [ -157.03069, 21.09362 ], [ -157.03111, 21.09386 ], [ -157.03125, 21.09354 ], [ -157.03359, 21.09466 ], [ -157.035, 21.09504 ], [ -157.0351, 21.09482 ], [ -157.03639, 21.09517 ], [ -157.03781, 21.09525 ], [ -157.03868, 21.09581 ], [ -157.04116, 21.09586 ], [ -157.04146, 21.09624 ], [ -157.04147, 21.09703 ], [ -157.0427, 21.09709 ], [ -157.04753, 21.09919 ], [ -157.04951, 21.10027 ], [ -157.05131, 21.10062 ], [ -157.05371, 21.10133 ], [ -157.05616, 21.10173 ], [ -157.06008, 21.10184 ], [ -157.06217, 21.10268 ], [ -157.06298, 21.1034 ], [ -157.06303, 21.10394 ], [ -157.06223, 21.10434 ], [ -157.0612, 21.10436 ], [ -157.05924, 21.10519 ], [ -157.05879, 21.10559 ], [ -157.05576, 21.10681 ], [ -157.05396, 21.10666 ], [ -157.05195, 21.10713 ], [ -157.05186, 21.10703 ], [ -157.04983, 21.10762 ], [ -157.04957, 21.10788 ], [ -157.04861, 21.10774 ], [ -157.048, 21.10784 ], [ -157.0494, 21.10806 ], [ -157.04805, 21.11262 ], [ -157.04903, 21.11846 ], [ -157.04807, 21.12234 ] ], [ [ -157.00747, 21.13548 ], [ -157.00994, 21.13573 ], [ -157.0098, 21.1351 ], [ -157.00731, 21.13482 ], [ -157.00747, 21.13548 ] ], [ [ -157.01425, 21.13767 ], [ -157.01441, 21.13704 ], [ -157.01136, 21.13669 ], [ -157.01119, 21.13743 ], [ -157.01425, 21.13767 ] ] ] } },
{ "type": "Feature", "properties": { "GEOID10": "155186T", "NAME10": "Paukukalo", "POP10": 818 }, "geometry": { "type": "MultiPolygon", "coordinates": [ [ [ [ -156.49585, 20.90622 ], [ -156.49455, 20.90725 ], [ -156.49303, 20.90957 ], [ -156.49156, 20.91041 ], [ -156.48998, 20.90789 ], [ -156.49026, 20.90726 ], [ -156.49013, 20.90709 ], [ -156.48961, 20.907 ], [ -156.4902, 20.90659 ], [ -156.49048, 20.90598 ], [ -156.49071, 20.90624 ], [ -156.49131, 20.90607 ], [ -156.49153, 20.90557 ], [ -156.49246, 20.90459 ], [ -156.4923, 20.90437 ], [ -156.4941, 20.90318 ], [ -156.49519, 20.90445 ], [ -156.49472, 20.90489 ], [ -156.49585, 20.90622 ] ] ], [ [ [ -156.50031, 20.88708 ], [ -156.5001, 20.88746 ], [ -156.49962, 20.88723 ], [ -156.49994, 20.88717 ], [ -156.50031, 20.88708 ] ] ] ] } },
{ "type": "Feature", "properties": { "GEOID10": "155061T", "NAME10": "Kamiloloa-Makakupaia", "POP10": 85 }, "geometry": { "type": "MultiPolygon", "coordinates": [ [ [ [ -157.00062, 21.07997 ], [ -157.00017, 21.0796 ], [ -156.99965, 21.07956 ], [ -156.99816, 21.0789 ], [ -156.99844, 21.07795 ], [ -156.99929, 21.07693 ], [ -157.00036, 21.07676 ], [ -157.00138, 21.07698 ], [ -157.00287, 21.07792 ], [ -157.00299, 21.07901 ], [ -157.00261, 21.07983 ], [ -157.00148, 21.08027 ], [ -157.00062, 21.07997 ] ] ], [ [ [ -156.99932, 21.08733 ], [ -156.98641, 21.10378 ], [ -156.98427, 21.10572 ], [ -156.98317, 21.10639 ], [ -156.98245, 21.10747 ], [ -156.98091, 21.10846 ], [ -156.98027, 21.10943 ], [ -156.97908, 21.10969 ], [ -156.97875, 21.11019 ], [ -156.9758, 21.11266 ], [ -156.96131, 21.12296 ], [ -156.96002, 21.12004 ], [ -156.95607, 21.11584 ], [ -156.95537, 21.11143 ], [ -156.9525, 21.10839 ], [ -156.97747, 21.07142 ], [ -156.97708, 21.07117 ], [ -156.97723, 21.07091 ], [ -156.97874, 21.06981 ], [ -156.97949, 21.06962 ], [ -156.98022, 21.06977 ], [ -156.98097, 21.07045 ], [ -156.98158, 21.07193 ], [ -156.98161, 21.07339 ], [ -156.98144, 21.07382 ], [ -156.98155, 21.07411 ], [ -156.97961, 21.07912 ], [ -156.98211, 21.08096 ], [ -156.98399, 21.07585 ], [ -156.98382, 21.07577 ], [ -156.98416, 21.07488 ], [ -156.98526, 21.07539 ], [ -156.98653, 21.07562 ], [ -156.98944, 21.0766 ], [ -156.99226, 21.07695 ], [ -156.99301, 21.07742 ], [ -156.99424, 21.07773 ], [ -156.99533, 21.07776 ], [ -156.99566, 21.07797 ], [ -156.9922, 21.08558 ], [ -156.99932, 21.08733 ] ], [ [ -156.99284, 21.08753 ], [ -156.99233, 21.08695 ], [ -156.99198, 21.08722 ], [ -156.99244, 21.0878 ], [ -156.99284, 21.08753 ] ], [ [ -156.98692, 21.07596 ], [ -156.98688, 21.0764 ], [ -156.98602, 21.07867 ], [ -156.98854, 21.07951 ], [ -156.98948, 21.07681 ], [ -156.98858, 21.07655 ], [ -156.98745, 21.07598 ], [ -156.98692, 21.07596 ] ] ] ] } },
{ "type": "Feature", "properties": { "GEOID10": "155114T", "NAME10": "Keokea (Agricultural)", "POP10": 24 }, "geometry": { "type": "Polygon", "coordinates": [ [ [ -156.35987, 20.70424 ], [ -156.36235, 20.70325 ], [ -156.36388, 20.70196 ], [ -156.36872, 20.70478 ], [ -156.36926, 20.70402 ], [ -156.37402, 20.70664 ], [ -156.40023, 20.71926 ], [ -156.41566, 20.72539 ], [ -156.41088, 20.73644 ], [ -156.3859, 20.73046 ], [ -156.35849, 20.71465 ], [ -156.35719, 20.71308 ], [ -156.35746, 20.71207 ], [ -156.35706, 20.71189 ], [ -156.35783, 20.71091 ], [ -156.35703, 20.70946 ], [ -156.35784, 20.70795 ], [ -156.35643, 20.70672 ], [ -156.35737, 20.70556 ], [ -156.35686, 20.70501 ], [ -156.35845, 20.70417 ], [ -156.35987, 20.70424 ] ] ] } },
{ "type": "Feature", "properties": { "GEOID10": "155041T", "NAME10": "Kahikinui", "POP10": 3 }, "geometry": { "type": "Polygon", "coordinates": [ [ [ -156.31423, 20.58358 ], [ -156.31937, 20.62188 ], [ -156.31743, 20.67146 ], [ -156.30562, 20.68281 ], [ -156.26676, 20.70244 ], [ -156.26615, 20.70108 ], [ -156.25172, 20.70647 ], [ -156.23931, 20.70026 ], [ -156.23843, 20.67366 ], [ -156.23807, 20.6728 ], [ -156.23763, 20.67232 ], [ -156.23744, 20.6706 ], [ -156.23707, 20.66989 ], [ -156.23672, 20.66713 ], [ -156.23574, 20.6652 ], [ -156.23498, 20.6642 ], [ -156.2348, 20.66297 ], [ -156.23439, 20.66249 ], [ -156.23421, 20.66177 ], [ -156.23922, 20.66068 ], [ -156.23836, 20.65927 ], [ -156.23717, 20.65807 ], [ -156.23724, 20.65758 ], [ -156.23674, 20.65443 ], [ -156.23627, 20.64804 ], [ -156.23506, 20.64589 ], [ -156.23358, 20.64454 ], [ -156.23247, 20.64294 ], [ -156.23087, 20.63846 ], [ -156.22918, 20.6356 ], [ -156.22535, 20.63094 ], [ -156.22409, 20.62907 ], [ -156.22314, 20.6269 ], [ -156.2219, 20.62497 ], [ -156.22001, 20.62139 ], [ -156.21877, 20.62045 ], [ -156.21877, 20.62023 ], [ -156.21903, 20.6199 ], [ -156.21965, 20.61977 ], [ -156.22113, 20.61981 ], [ -156.2223, 20.61952 ], [ -156.22368, 20.61816 ], [ -156.22409, 20.61717 ], [ -156.22393, 20.6167 ], [ -156.22436, 20.61675 ], [ -156.22454, 20.61661 ], [ -156.22441, 20.61594 ], [ -156.22477, 20.61594 ], [ -156.2252, 20.61569 ], [ -156.22605, 20.61569 ], [ -156.22611, 20.6155 ], [ -156.22647, 20.61558 ], [ -156.22668, 20.61528 ], [ -156.22707, 20.61524 ], [ -156.22764, 20.61455 ], [ -156.2274, 20.61402 ], [ -156.22768, 20.61402 ], [ -156.22792, 20.61373 ], [ -156.22814, 20.61378 ], [ -156.22833, 20.61407 ], [ -156.22851, 20.61364 ], [ -156.22887, 20.61362 ], [ -156.22869, 20.61334 ], [ -156.22877, 20.61318 ], [ -156.22916, 20.61336 ], [ -156.22923, 20.61313 ], [ -156.22948, 20.6135 ], [ -156.23042, 20.61291 ], [ -156.23084, 20.61296 ], [ -156.23071, 20.6126 ], [ -156.231, 20.61222 ], [ -156.23234, 20.6123 ], [ -156.23269, 20.61255 ], [ -156.23286, 20.61238 ], [ -156.23297, 20.61264 ], [ -156.23343, 20.61264 ], [ -156.23352, 20.61168 ], [ -156.23401, 20.61179 ], [ -156.23467, 20.61141 ], [ -156.23529, 20.61074 ], [ -156.23671, 20.61125 ], [ -156.23691, 20.61101 ], [ -156.23727, 20.61114 ], [ -156.23727, 20.61083 ], [ -156.23802, 20.61145 ], [ -156.2382, 20.61123 ], [ -156.23844, 20.61137 ], [ -156.23895, 20.61125 ], [ -156.23931, 20.61101 ], [ -156.23928, 20.61053 ], [ -156.23952, 20.61036 ], [ -156.23934, 20.61014 ], [ -156.23942, 20.60991 ], [ -156.24011, 20.6099 ], [ -156.24024, 20.60952 ], [ -156.24041, 20.60962 ], [ -156.24121, 20.60952 ], [ -156.24151, 20.60875 ], [ -156.24237, 20.60902 ], [ -156.24253, 20.60872 ], [ -156.24289, 20.60886 ], [ -156.24388, 20.60822 ], [ -156.24388, 20.60796 ], [ -156.24432, 20.60786 ], [ -156.24471, 20.60726 ], [ -156.24453, 20.60662 ], [ -156.24475, 20.60675 ], [ -156.2448, 20.60655 ], [ -156.24505, 20.60675 ], [ -156.24554, 20.60668 ], [ -156.24612, 20.60553 ], [ -156.24639, 20.60536 ], [ -156.24733, 20.60559 ], [ -156.24717, 20.6062 ], [ -156.24745, 20.60633 ], [ -156.24799, 20.60637 ], [ -156.24859, 20.60612 ], [ -156.24865, 20.60592 ], [ -156.24908, 20.60614 ], [ -156.24947, 20.60593 ], [ -156.24985, 20.60596 ], [ -156.24988, 20.60565 ], [ -156.25015, 20.60592 ], [ -156.2505, 20.60559 ], [ -156.25024, 20.60506 ], [ -156.25037, 20.60481 ], [ -156.2513, 20.60454 ], [ -156.25137, 20.6041 ], [ -156.2526, 20.60382 ], [ -156.2532, 20.60324 ], [ -156.25368, 20.60318 ], [ -156.25386, 20.60296 ], [ -156.25414, 20.60306 ], [ -156.25438, 20.60268 ], [ -156.25495, 20.60256 ], [ -156.25497, 20.60232 ], [ -156.2552, 20.60217 ], [ -156.25583, 20.60215 ], [ -156.25602, 20.60169 ], [ -156.25644, 20.60168 ], [ -156.2565, 20.60145 ], [ -156.25685, 20.60128 ], [ -156.25695, 20.6009 ], [ -156.25726, 20.60093 ], [ -156.25721, 20.60062 ], [ -156.25801, 20.60081 ], [ -156.25818, 20.60023 ], [ -156.2586, 20.59992 ], [ -156.25851, 20.59961 ], [ -156.25876, 20.59979 ], [ -156.25965, 20.59968 ], [ -156.26007, 20.59993 ], [ -156.26019, 20.59954 ], [ -156.26038, 20.59983 ], [ -156.26055, 20.59978 ], [ -156.26109, 20.59914 ], [ -156.26103, 20.59885 ], [ -156.26135, 20.59898 ], [ -156.2614, 20.5984 ], [ -156.26237, 20.59802 ], [ -156.26282, 20.59827 ], [ -156.26304, 20.59814 ], [ -156.26322, 20.59851 ], [ -156.26348, 20.59865 ], [ -156.26379, 20.5985 ], [ -156.26405, 20.59869 ], [ -156.26535, 20.59847 ], [ -156.26554, 20.59825 ], [ -156.26613, 20.59826 ], [ -156.26624, 20.59799 ], [ -156.26665, 20.59799 ], [ -156.26691, 20.5983 ], [ -156.26737, 20.59799 ], [ -156.26715, 20.59744 ], [ -156.26767, 20.59695 ], [ -156.268, 20.59699 ], [ -156.26836, 20.59671 ], [ -156.269, 20.59666 ], [ -156.26908, 20.59639 ], [ -156.26944, 20.59639 ], [ -156.26968, 20.596 ], [ -156.27021, 20.59594 ], [ -156.2702, 20.59571 ], [ -156.2705, 20.59552 ], [ -156.27097, 20.59531 ], [ -156.2713, 20.59539 ], [ -156.27134, 20.5952 ], [ -156.27206, 20.59539 ], [ -156.27313, 20.59536 ], [ -156.27366, 20.59451 ], [ -156.27418, 20.5947 ], [ -156.27464, 20.59447 ], [ -156.27461, 20.59432 ], [ -156.27477, 20.5944 ], [ -156.27512, 20.59421 ], [ -156.2755, 20.59437 ], [ -156.27569, 20.594 ], [ -156.27609, 20.59404 ], [ -156.27678, 20.59348 ], [ -156.27724, 20.59358 ], [ -156.2777, 20.59345 ], [ -156.27929, 20.59377 ], [ -156.2796, 20.59361 ], [ -156.28003, 20.59366 ], [ -156.28092, 20.59315 ], [ -156.28172, 20.59318 ], [ -156.28212, 20.5925 ], [ -156.28209, 20.59227 ], [ -156.28189, 20.59222 ], [ -156.28194, 20.59207 ], [ -156.28287, 20.59174 ], [ -156.28324, 20.59178 ], [ -156.28375, 20.59134 ], [ -156.28375, 20.59089 ], [ -156.28411, 20.59058 ], [ -156.28416, 20.59031 ], [ -156.28444, 20.59046 ], [ -156.28488, 20.59041 ], [ -156.28474, 20.59006 ], [ -156.28481, 20.58993 ], [ -156.28512, 20.59005 ], [ -156.28521, 20.58986 ], [ -156.28501, 20.58929 ], [ -156.28512, 20.58895 ], [ -156.28565, 20.58831 ], [ -156.28609, 20.58863 ], [ -156.28633, 20.58857 ], [ -156.28657, 20.58794 ], [ -156.28643, 20.58754 ], [ -156.28664, 20.58729 ], [ -156.28706, 20.58721 ], [ -156.28761, 20.58735 ], [ -156.28793, 20.5868 ], [ -156.28812, 20.58687 ], [ -156.28802, 20.58709 ], [ -156.2882, 20.58704 ], [ -156.28841, 20.58669 ], [ -156.28893, 20.58654 ], [ -156.28925, 20.58615 ], [ -156.28992, 20.58579 ], [ -156.29035, 20.58583 ], [ -156.2905, 20.58556 ], [ -156.29115, 20.58551 ], [ -156.29129, 20.58532 ], [ -156.29159, 20.58557 ], [ -156.29221, 20.58523 ], [ -156.29301, 20.58521 ], [ -156.29422, 20.58441 ], [ -156.29472, 20.58459 ], [ -156.29534, 20.5843 ], [ -156.29561, 20.58435 ], [ -156.29593, 20.58408 ], [ -156.29662, 20.5841 ], [ -156.2974, 20.5836 ], [ -156.29737, 20.58348 ], [ -156.2978, 20.58336 ], [ -156.29756, 20.5832 ], [ -156.2976, 20.58308 ], [ -156.29821, 20.58305 ], [ -156.29884, 20.58333 ], [ -156.29929, 20.5833 ], [ -156.30014, 20.5827 ], [ -156.30063, 20.58265 ], [ -156.30176, 20.58293 ], [ -156.30173, 20.58267 ], [ -156.30205, 20.5827 ], [ -156.30221, 20.58304 ], [ -156.30281, 20.58268 ], [ -156.30375, 20.58259 ], [ -156.30495, 20.58378 ], [ -156.30565, 20.5836 ], [ -156.30571, 20.58334 ], [ -156.30615, 20.58304 ], [ -156.30638, 20.58308 ], [ -156.30656, 20.58336 ], [ -156.30683, 20.58333 ], [ -156.30705, 20.58285 ], [ -156.30725, 20.58277 ], [ -156.30773, 20.58281 ], [ -156.30853, 20.58349 ], [ -156.30964, 20.5832 ], [ -156.30987, 20.58362 ], [ -156.31068, 20.58417 ], [ -156.31119, 20.58414 ], [ -156.31159, 20.58336 ], [ -156.31227, 20.58363 ], [ -156.31259, 20.58407 ], [ -156.31282, 20.58413 ], [ -156.31323, 20.58407 ], [ -156.31342, 20.58367 ], [ -156.31357, 20.5838 ], [ -156.31373, 20.58362 ], [ -156.31423, 20.58358 ] ], [ [ -156.31316, 20.61595 ], [ -156.31419, 20.61561 ], [ -156.31456, 20.61375 ], [ -156.31346, 20.61376 ], [ -156.31316, 20.61595 ] ], [ [ -156.31315, 20.61021 ], [ -156.31356, 20.61365 ], [ -156.31544, 20.61352 ], [ -156.31523, 20.60847 ], [ -156.31226, 20.60835 ], [ -156.31315, 20.61021 ] ], [ [ -156.25488, 20.63248 ], [ -156.25354, 20.62342 ], [ -156.24901, 20.62396 ], [ -156.25068, 20.63307 ], [ -156.25488, 20.63248 ] ] ] } },
{ "type": "Feature", "properties": { "GEOID10": "155248T", "NAME10": "Waiku-Hana", "POP10": 0 }, "geometry": { "type": "Polygon", "coordinates": [ [ [ -156.0069, 20.7816 ], [ -156.00294, 20.77955 ], [ -156.00264, 20.77856 ], [ -156.00229, 20.77796 ], [ -156.00338, 20.77741 ], [ -156.00261, 20.77594 ], [ -156.00091, 20.77603 ], [ -156.00046, 20.7755 ], [ -156.00268, 20.77426 ], [ -156.00247, 20.77378 ], [ -155.99993, 20.77482 ], [ -156.00075, 20.77417 ], [ -155.99976, 20.77242 ], [ -156.00341, 20.77098 ], [ -156.0061, 20.76952 ], [ -156.01073, 20.76817 ], [ -156.02828, 20.76814 ], [ -156.02998, 20.76984 ], [ -156.02409, 20.77437 ], [ -156.02176, 20.7737 ], [ -156.02072, 20.77694 ], [ -156.02033, 20.77724 ], [ -156.02017, 20.77707 ], [ -156.01958, 20.77781 ], [ -156.01874, 20.77845 ], [ -156.01744, 20.77777 ], [ -156.01714, 20.77968 ], [ -156.01346, 20.78252 ], [ -156.01205, 20.78262 ], [ -156.00957, 20.78244 ], [ -156.0069, 20.7816 ] ], [ [ -156.02047, 20.77479 ], [ -156.02327, 20.77109 ], [ -156.02241, 20.77005 ], [ -156.02205, 20.76991 ], [ -156.0189, 20.77379 ], [ -156.02047, 20.77479 ] ] ] } },
{ "type": "Feature", "properties": { "GEOID10": "155134T", "NAME10": "Lanai City", "POP10": 85 }, "geometry": { "type": "Polygon", "coordinates": [ [ [ -156.92631, 20.82585 ], [ -156.92942, 20.82454 ], [ -156.9311, 20.82799 ], [ -156.92609, 20.83068 ], [ -156.92578, 20.83022 ], [ -156.92621, 20.83009 ], [ -156.92652, 20.82943 ], [ -156.92637, 20.82901 ], [ -156.92695, 20.82765 ], [ -156.92694, 20.82726 ], [ -156.92631, 20.82585 ] ] ] } },
{ "type": "Feature", "properties": { "GEOID10": "155213T", "NAME10": "South Maui", "POP10": 0 }, "geometry": { "type": "MultiPolygon", "coordinates": [ [ [ [ -156.39648, 20.64303 ], [ -156.397, 20.64404 ], [ -156.39644, 20.6443 ], [ -156.39593, 20.64329 ], [ -156.39648, 20.64303 ] ] ], [ [ [ -156.39581, 20.63224 ], [ -156.39653, 20.6338 ], [ -156.39666, 20.63371 ], [ -156.39797, 20.63605 ], [ -156.39594, 20.63742 ], [ -156.39353, 20.63436 ], [ -156.39281, 20.63307 ], [ -156.39247, 20.63194 ], [ -156.39297, 20.63126 ], [ -156.39314, 20.63231 ], [ -156.39324, 20.63181 ], [ -156.39372, 20.63325 ], [ -156.39581, 20.63224 ] ] ], [ [ [ -156.42729, 20.62547 ], [ -156.4283, 20.62738 ], [ -156.42497, 20.62767 ], [ -156.42515, 20.62859 ], [ -156.42457, 20.6288 ], [ -156.42388, 20.62704 ], [ -156.4254, 20.62567 ], [ -156.42641, 20.62611 ], [ -156.42729, 20.62547 ] ] ], [ [ [ -156.42205, 20.60222 ], [ -156.42122, 20.60359 ], [ -156.41999, 20.60413 ], [ -156.41879, 20.60424 ], [ -156.41851, 20.60412 ], [ -156.41729, 20.60278 ], [ -156.41584, 20.60427 ], [ -156.41631, 20.60545 ], [ -156.4147, 20.60651 ], [ -156.41365, 20.61029 ], [ -156.41277, 20.6097 ], [ -156.41603, 20.60192 ], [ -156.41398, 20.60148 ], [ -156.41489, 20.59987 ], [ -156.41406, 20.60017 ], [ -156.41362, 20.5998 ], [ -156.41547, 20.5977 ], [ -156.41496, 20.59716 ], [ -156.41644, 20.59816 ], [ -156.4172, 20.59824 ], [ -156.41938, 20.60003 ], [ -156.41663, 20.60131 ], [ -156.41747, 20.60245 ], [ -156.41975, 20.60142 ], [ -156.41997, 20.60178 ], [ -156.41776, 20.60282 ], [ -156.41798, 20.6031 ], [ -156.41841, 20.60333 ], [ -156.41935, 20.60325 ], [ -156.42055, 20.60274 ], [ -156.42102, 20.6021 ], [ -156.4208, 20.60153 ], [ -156.42205, 20.60222 ] ], [ [ -156.41489, 20.59987 ], [ -156.41511, 20.60045 ], [ -156.41614, 20.60102 ], [ -156.41677, 20.59863 ], [ -156.41489, 20.59987 ] ] ], [ [ [ -156.43611, 20.61677 ], [ -156.43739, 20.61838 ], [ -156.43719, 20.61847 ], [ -156.43667, 20.61777 ], [ -156.43648, 20.61811 ], [ -156.43662, 20.6184 ], [ -156.43394, 20.61989 ], [ -156.43344, 20.61904 ], [ -156.43138, 20.62006 ], [ -156.43195, 20.62068 ], [ -156.43348, 20.62013 ], [ -156.43067, 20.62176 ], [ -156.4299, 20.6207 ], [ -156.42673, 20.62174 ], [ -156.42689, 20.62216 ], [ -156.42537, 20.62328 ], [ -156.42607, 20.62496 ], [ -156.42383, 20.62689 ], [ -156.42277, 20.62421 ], [ -156.42456, 20.62355 ], [ -156.42369, 20.62203 ], [ -156.43235, 20.61866 ], [ -156.4346, 20.61526 ], [ -156.43611, 20.61677 ] ] ] ] } },
{ "type": "Feature", "properties": { "GEOID10": "155216T", "NAME10": "Ualapue", "POP10": 2 }, "geometry": { "type": "MultiPolygon", "coordinates": [ [ [ [ -156.82944, 21.06224 ], [ -156.82989, 21.06413 ], [ -156.8288, 21.06436 ], [ -156.82867, 21.06329 ], [ -156.82893, 21.06317 ], [ -156.82885, 21.0628 ], [ -156.82862, 21.06286 ], [ -156.82857, 21.06237 ], [ -156.82944, 21.06224 ] ], [ [ -156.82947, 21.06329 ], [ -156.82945, 21.06298 ], [ -156.82917, 21.06308 ], [ -156.82927, 21.06336 ], [ -156.82947, 21.06329 ] ] ], [ [ [ -156.83065, 21.07197 ], [ -156.82892, 21.06512 ], [ -156.82992, 21.06488 ], [ -156.83008, 21.0655 ], [ -156.8303, 21.06547 ], [ -156.82995, 21.06412 ], [ -156.83112, 21.06392 ], [ -156.83125, 21.06455 ], [ -156.83169, 21.06456 ], [ -156.83142, 21.06383 ], [ -156.83151, 21.06351 ], [ -156.83218, 21.06348 ], [ -156.83213, 21.0633 ], [ -156.83251, 21.06322 ], [ -156.83291, 21.06437 ], [ -156.83337, 21.06411 ], [ -156.83318, 21.06365 ], [ -156.83491, 21.06308 ], [ -156.8346, 21.06244 ], [ -156.83507, 21.06217 ], [ -156.83499, 21.06198 ], [ -156.83292, 21.06256 ], [ -156.83283, 21.0622 ], [ -156.83565, 21.06093 ], [ -156.83569, 21.06117 ], [ -156.83633, 21.06165 ], [ -156.83661, 21.06154 ], [ -156.83715, 21.06058 ], [ -156.83658, 21.06251 ], [ -156.83704, 21.06371 ], [ -156.83692, 21.064 ], [ -156.83858, 21.07066 ], [ -156.83853, 21.07314 ], [ -156.83881, 21.0737 ], [ -156.83983, 21.0749 ], [ -156.84051, 21.07638 ], [ -156.84111, 21.0805 ], [ -156.83576, 21.08128 ], [ -156.83458, 21.07983 ], [ -156.83379, 21.07932 ], [ -156.83285, 21.07796 ], [ -156.8322, 21.0775 ], [ -156.83061, 21.0735 ], [ -156.83065, 21.07197 ] ] ] ] } },
{ "type": "Feature", "properties": { "GEOID10": "155241T", "NAME10": "Waiehu", "POP10": 1330 }, "geometry": { "type": "Polygon", "coordinates": [ [ [ -156.50928, 20.92979 ], [ -156.50883, 20.9304 ], [ -156.509, 20.93094 ], [ -156.50464, 20.93207 ], [ -156.50503, 20.93133 ], [ -156.50492, 20.93081 ], [ -156.50346, 20.92862 ], [ -156.50229, 20.92782 ], [ -156.50217, 20.92626 ], [ -156.50108, 20.92609 ], [ -156.49993, 20.9251 ], [ -156.49943, 20.92503 ], [ -156.49905, 20.92453 ], [ -156.4989, 20.92403 ], [ -156.49834, 20.9233 ], [ -156.49856, 20.92148 ], [ -156.49827, 20.9211 ], [ -156.49861, 20.92094 ], [ -156.49915, 20.92112 ], [ -156.49937, 20.92092 ], [ -156.5054, 20.92575 ], [ -156.50982, 20.92889 ], [ -156.5101, 20.92919 ], [ -156.50928, 20.92979 ] ] ] } }
]
}
