{
"type": "FeatureCollection",
"name": "filtered_slr_cstl_erosn_3pt2ft",
"crs": { "type": "name", "properties": { "name": "urn:ogc:def:crs:OGC:1.3:CRS84" } },
"features": [
{ "type": "Feature", "properties": { "id": 0.0, "Shape_Leng": 11120.9610245, "Shape_Area": 214730.48386800001 }, "geometry": { "type": "MultiPolygon", "coordinates": [ [ [ [ -159.5836, 22.2203 ], [ -159.58171, 22.22307 ], [ -159.57596, 22.22376 ], [ -159.57232, 22.22344 ], [ -159.56561, 22.22011 ], [ -159.56074, 22.22338 ], [ -159.55883, 22.22596 ], [ -159.55731, 22.22599 ], [ -159.55486, 22.22452 ], [ -159.55103, 22.22485 ], [ -159.54606, 22.2233 ], [ -159.54458, 22.22158 ], [ -159.54443, 22.21964 ], [ -159.54251, 22.21776 ], [ -159.5423, 22.21687 ], [ -159.54452, 22.21937 ], [ -159.54479, 22.22144 ], [ -159.5463, 22.2232 ], [ -159.55133, 22.22459 ], [ -159.55461, 22.22424 ], [ -159.55698, 22.22558 ], [ -159.55849, 22.22563 ], [ -159.56038, 22.22307 ], [ -159.56549, 22.21966 ], [ -159.56697, 22.21971 ], [ -159.57248, 22.22312 ], [ -159.57594, 22.22334 ], [ -159.58169, 22.22266 ], [ -159.58278, 22.22031 ], [ -159.5836, 22.2203 ] ] ] ] } },
{ "type": "Feature", "properties": { "id": 1.0, "Shape_Leng": 961.57294638799999, "Shape_Area": 22016.3913851 }, "geometry": { "type": "MultiPolygon", "coordinates": [ [ [ [ -159.5422, 22.21513 ], [ -159.53892, 22.21319 ], [ -159.53926, 22.21262 ], [ -159.54236, 22.21449 ], [ -159.5422, 22.21513 ] ] ] ] } },
{ "type": "Feature", "properties": { "id": 2.0, "Shape_Leng": 2810.24272823, "Shape_Area": 55961.979214500003 }, "geometry": { "type": "MultiPolygon", "coordinates": [ [ [ [ -159.53141, 22.21576 ], [ -159.52549, 22.21506 ], [ -159.52362, 22.21403 ], [ -159.52272, 22.21477 ], [ -159.52196, 22.21407 ], [ -159.51992, 22.21446 ], [ -159.52377, 22.21363 ], [ -159.53141, 22.21576 ] ] ] ] } },
{ "type": "Feature", "properties": { "id": 3.0, "Shape_Leng": 2378.07465619, "Shape_Area": 30687.2609586 }, "geometry": { "type": "MultiPolygon", "coordinates": [ [ [ [ -159.51762, 22.21303 ], [ -159.51669, 22.20728 ], [ -159.5135, 22.20427 ], [ -159.51719, 22.20766 ], [ -159.51836, 22.21167 ], [ -159.51762, 22.21303 ] ] ] ] } },
{ "type": "Feature", "properties": { "id": 4.0, "Shape_Leng": 575.17222615699995, "Shape_Area": 409.71744899599997 }, "geometry": { "type": "MultiPolygon", "coordinates": [ [ [ [ -159.51343, 22.20423 ], [ -159.51182, 22.20332 ], [ -159.51095, 22.20314 ], [ -159.51182, 22.2033 ], [ -159.51343, 22.20423 ] ] ] ] } },
{ "type": "Feature", "properties": { "id": 5.0, "Shape_Leng": 1273.78457463, "Shape_Area": 6764.7539059800001 }, "geometry": { "type": "MultiPolygon", "coordinates": [ [ [ [ -159.50839, 22.20304 ], [ -159.50534, 22.20271 ], [ -159.50261, 22.20354 ], [ -159.50415, 22.20286 ], [ -159.5061, 22.20258 ], [ -159.50839, 22.20304 ] ] ] ] } },
{ "type": "Feature", "properties": { "id": 6.0, "Shape_Leng": 2865.5259562599999, "Shape_Area": 41641.28925 }, "geometry": { "type": "MultiPolygon", "coordinates": [ [ [ [ -159.50226, 22.20374 ], [ -159.49827, 22.20695 ], [ -159.49686, 22.21371 ], [ -159.49607, 22.21405 ], [ -159.49801, 22.2068 ], [ -159.50226, 22.20374 ] ] ] ] } },
{ "type": "Feature", "properties": { "id": 7.0, "Shape_Leng": 1017.93146229, "Shape_Area": 11101.828112 }, "geometry": { "type": "MultiPolygon", "coordinates": [ [ [ [ -159.49844, 22.21558 ], [ -159.49882, 22.2166 ], [ -159.4978, 22.21947 ], [ -159.49862, 22.21667 ], [ -159.49844, 22.21558 ] ] ] ] } },
{ "type": "Feature", "properties": { "id": 8.0, "Shape_Leng": 950.62046987400004, "Shape_Area": 10191.049681300001 }, "geometry": { "type": "MultiPolygon", "coordinates": [ [ [ [ -159.49625, 22.22321 ], [ -159.49238, 22.22444 ], [ -159.49223, 22.22421 ], [ -159.49397, 22.22326 ], [ -159.49625, 22.22321 ] ] ] ] } },
{ "type": "Feature", "properties": { "id": 9.0, "Shape_Leng": 199.57064342199999, "Shape_Area": 1413.5986777400001 }, "geometry": { "type": "MultiPolygon", "coordinates": [ [ [ [ -159.47804, 22.22906 ], [ -159.47728, 22.22922 ], [ -159.47723, 22.2291 ], [ -159.47777, 22.22888 ], [ -159.47804, 22.22906 ] ] ] ] } },
{ "type": "Feature", "properties": { "id": 10.0, "Shape_Leng": 1617.6256798100001, "Shape_Area": 20202.192555199999 }, "geometry": { "type": "MultiPolygon", "coordinates": [ [ [ [ -159.4719, 22.22621 ], [ -159.46902, 22.22628 ], [ -159.46757, 22.22575 ], [ -159.46544, 22.2235 ], [ -159.4675, 22.22542 ], [ -159.4719, 22.22621 ] ] ] ] } },
{ "type": "Feature", "properties": { "id": 11.0, "Shape_Leng": 2177.2061043499998, "Shape_Area": 25902.501702400001 }, "geometry": { "type": "MultiPolygon", "coordinates": [ [ [ [ -159.46396, 22.22306 ], [ -159.45528, 22.2261 ], [ -159.45455, 22.22589 ], [ -159.46169, 22.22313 ], [ -159.46396, 22.22306 ] ] ] ] } },
{ "type": "Feature", "properties": { "id": 12.0, "Shape_Leng": 3346.0304729200002, "Shape_Area": 39124.730566300001 }, "geometry": { "type": "MultiPolygon", "coordinates": [ [ [ [ -159.45401, 22.22559 ], [ -159.44944, 22.22532 ], [ -159.44833, 22.2244 ], [ -159.44411, 22.2238 ], [ -159.43912, 22.22242 ], [ -159.45401, 22.22559 ] ] ] ] } },
{ "type": "Feature", "properties": { "id": 13.0, "Shape_Leng": 275.04126503399999, "Shape_Area": 3337.8891898299999 }, "geometry": { "type": "MultiPolygon", "coordinates": [ [ [ [ -159.43772, 22.22362 ], [ -159.43694, 22.22307 ], [ -159.43712, 22.2228 ], [ -159.43777, 22.2232 ], [ -159.43772, 22.22362 ] ] ] ] } },
{ "type": "Feature", "properties": { "id": 14.0, "Shape_Leng": 1426.34612823, "Shape_Area": 21775.397051299999 }, "geometry": { "type": "MultiPolygon", "coordinates": [ [ [ [ -159.43521, 22.2221 ], [ -159.43347, 22.22038 ], [ -159.43145, 22.21727 ], [ -159.43208, 22.2175 ], [ -159.43521, 22.2221 ] ] ] ] } },
{ "type": "Feature", "properties": { "id": 15.0, "Shape_Leng": 960.01858591400003, "Shape_Area": 14692.050464899999 }, "geometry": { "type": "MultiPolygon", "coordinates": [ [ [ [ -159.42831, 22.21588 ], [ -159.42585, 22.21693 ], [ -159.42537, 22.2182 ], [ -159.42551, 22.21679 ], [ -159.42831, 22.21588 ] ] ] ] } },
{ "type": "Feature", "properties": { "id": 16.0, "Shape_Leng": 2035.4335899099999, "Shape_Area": 38646.358391100002 }, "geometry": { "type": "MultiPolygon", "coordinates": [ [ [ [ -159.42015, 22.22254 ], [ -159.41873, 22.22224 ], [ -159.41828, 22.22311 ], [ -159.41752, 22.22203 ], [ -159.41608, 22.22286 ], [ -159.41302, 22.22332 ], [ -159.41292, 22.22268 ], [ -159.41747, 22.22172 ], [ -159.41823, 22.22281 ], [ -159.41886, 22.22183 ], [ -159.42015, 22.22254 ] ] ] ] } },
{ "type": "Feature", "properties": { "id": 17.0, "Shape_Leng": 2069.2052521700002, "Shape_Area": 52541.898714900002 }, "geometry": { "type": "MultiPolygon", "coordinates": [ [ [ [ -159.4123, 22.22286 ], [ -159.40686, 22.22494 ], [ -159.40456, 22.22712 ], [ -159.40665, 22.22455 ], [ -159.41207, 22.22217 ], [ -159.4123, 22.22286 ] ] ] ] } },
{ "type": "Feature", "properties": { "id": 18.0, "Shape_Leng": 719.50540539600001, "Shape_Area": 15778.9623034 }, "geometry": { "type": "MultiPolygon", "coordinates": [ [ [ [ -159.39563, 22.22493 ], [ -159.3934, 22.22383 ], [ -159.39372, 22.22335 ], [ -159.39569, 22.22384 ], [ -159.39563, 22.22493 ] ] ] ] } },
{ "type": "Feature", "properties": { "id": 19.0, "Shape_Leng": 580.67879527100001, "Shape_Area": 1833.75086457 }, "geometry": { "type": "MultiPolygon", "coordinates": [ [ [ [ -159.38577, 22.21892 ], [ -159.38539, 22.2187 ], [ -159.38456, 22.21727 ], [ -159.38411, 22.21709 ], [ -159.38448, 22.2171 ], [ -159.38577, 22.21892 ] ] ] ] } },
{ "type": "Feature", "properties": { "id": 20.0, "Shape_Leng": 666.62909388699995, "Shape_Area": 9068.5641446200007 }, "geometry": { "type": "MultiPolygon", "coordinates": [ [ [ [ -159.38358, 22.21662 ], [ -159.38231, 22.21617 ], [ -159.38076, 22.21591 ], [ -159.38243, 22.2159 ], [ -159.38358, 22.21662 ] ] ] ] } },
{ "type": "Feature", "properties": { "id": 21.0, "Shape_Leng": 426.112852062, "Shape_Area": 6435.0558471699997 }, "geometry": { "type": "MultiPolygon", "coordinates": [ [ [ [ -159.37546, 22.21646 ], [ -159.37416, 22.21608 ], [ -159.37428, 22.21574 ], [ -159.37536, 22.2156 ], [ -159.37546, 22.21646 ] ] ] ] } },
{ "type": "Feature", "properties": { "id": 22.0, "Shape_Leng": 908.71699278400001, "Shape_Area": 14052.929055299999 }, "geometry": { "type": "MultiPolygon", "coordinates": [ [ [ [ -159.37333, 22.21563 ], [ -159.37163, 22.21522 ], [ -159.36987, 22.21411 ], [ -159.37337, 22.21506 ], [ -159.37333, 22.21563 ] ] ] ] } },
{ "type": "Feature", "properties": { "id": 23.0, "Shape_Leng": 624.11344350599995, "Shape_Area": 9451.67951111 }, "geometry": { "type": "MultiPolygon", "coordinates": [ [ [ [ -159.36421, 22.21128 ], [ -159.36326, 22.21148 ], [ -159.36156, 22.2112 ], [ -159.36419, 22.21094 ], [ -159.36421, 22.21128 ] ] ] ] } },
{ "type": "Feature", "properties": { "id": 24.0, "Shape_Leng": 504.47622637900002, "Shape_Area": 6330.4773690700003 }, "geometry": { "type": "MultiPolygon", "coordinates": [ [ [ [ -159.36002, 22.21165 ], [ -159.3579, 22.21142 ], [ -159.35794, 22.21115 ], [ -159.36006, 22.21138 ], [ -159.36002, 22.21165 ] ] ] ] } },
{ "type": "Feature", "properties": { "id": 25.0, "Shape_Leng": 1273.1473092700001, "Shape_Area": 15052.6167425 }, "geometry": { "type": "MultiPolygon", "coordinates": [ [ [ [ -159.34782, 22.21171 ], [ -159.34677, 22.21152 ], [ -159.34385, 22.21003 ], [ -159.34306, 22.20897 ], [ -159.34782, 22.21171 ] ] ] ] } },
{ "type": "Feature", "properties": { "id": 26.0, "Shape_Leng": 1632.5614334300001, "Shape_Area": 19492.835966800001 }, "geometry": { "type": "MultiPolygon", "coordinates": [ [ [ [ -159.34164, 22.20843 ], [ -159.33591, 22.2041 ], [ -159.33608, 22.20392 ], [ -159.3417, 22.20779 ], [ -159.34164, 22.20843 ] ] ] ] } },
{ "type": "Feature", "properties": { "id": 27.0, "Shape_Leng": 185.51427657, "Shape_Area": 1571.82158925 }, "geometry": { "type": "MultiPolygon", "coordinates": [ [ [ [ -159.33472, 22.2022 ], [ -159.33438, 22.20173 ], [ -159.33455, 22.20151 ], [ -159.33486, 22.20203 ], [ -159.33472, 22.2022 ] ] ] ] } },
{ "type": "Feature", "properties": { "id": 28.0, "Shape_Leng": 413.408053354, "Shape_Area": 3918.21151594 }, "geometry": { "type": "MultiPolygon", "coordinates": [ [ [ [ -159.33315, 22.19672 ], [ -159.33372, 22.19637 ], [ -159.33402, 22.19556 ], [ -159.33375, 22.19674 ], [ -159.33315, 22.19672 ] ] ] ] } },
{ "type": "Feature", "properties": { "id": 29.0, "Shape_Leng": 162.678201247, "Shape_Area": 395.73579813800001 }, "geometry": { "type": "MultiPolygon", "coordinates": [ [ [ [ -159.33406, 22.19524 ], [ -159.33401, 22.19457 ], [ -159.33412, 22.19454 ], [ -159.3341, 22.19473 ], [ -159.33406, 22.19524 ] ] ] ] } },
{ "type": "Feature", "properties": { "id": 30.0, "Shape_Leng": 1637.16548392, "Shape_Area": 39331.261808399999 }, "geometry": { "type": "MultiPolygon", "coordinates": [ [ [ [ -159.33364, 22.19404 ], [ -159.33176, 22.19267 ], [ -159.32904, 22.19404 ], [ -159.32768, 22.19399 ], [ -159.32769, 22.19307 ], [ -159.329, 22.19344 ], [ -159.33177, 22.19219 ], [ -159.33364, 22.19404 ] ] ] ] } },
{ "type": "Feature", "properties": { "id": 31.0, "Shape_Leng": 225.89019620900001, "Shape_Area": 2880.6638085700001 }, "geometry": { "type": "MultiPolygon", "coordinates": [ [ [ [ -159.31328, 22.17445 ], [ -159.31317, 22.1741 ], [ -159.31388, 22.17397 ], [ -159.31395, 22.17432 ], [ -159.31328, 22.17445 ] ] ] ] } },
{ "type": "Feature", "properties": { "id": 32.0, "Shape_Leng": 496.51415477500001, "Shape_Area": 7123.3805907899996 }, "geometry": { "type": "MultiPolygon", "coordinates": [ [ [ [ -159.31355, 22.1737 ], [ -159.31392, 22.17205 ], [ -159.31423, 22.17202 ], [ -159.31405, 22.17393 ], [ -159.31355, 22.1737 ] ] ] ] } },
{ "type": "Feature", "properties": { "id": 33.0, "Shape_Leng": 1339.86372194, "Shape_Area": 22659.488189799999 }, "geometry": { "type": "MultiPolygon", "coordinates": [ [ [ [ -159.31119, 22.17065 ], [ -159.3095, 22.16781 ], [ -159.30903, 22.16552 ], [ -159.30947, 22.16557 ], [ -159.31119, 22.17065 ] ] ] ] } },
{ "type": "Feature", "properties": { "id": 34.0, "Shape_Leng": 115.780666162, "Shape_Area": 745.15869851299999 }, "geometry": { "type": "MultiPolygon", "coordinates": [ [ [ [ -159.30901, 22.16458 ], [ -159.30903, 22.1644 ], [ -159.30939, 22.16437 ], [ -159.30938, 22.16455 ], [ -159.30901, 22.16458 ] ] ] ] } },
{ "type": "Feature", "properties": { "id": 35.0, "Shape_Leng": 3495.1176316199999, "Shape_Area": 81749.987363199994 }, "geometry": { "type": "MultiPolygon", "coordinates": [ [ [ [ -159.30935, 22.16373 ], [ -159.30776, 22.16032 ], [ -159.30512, 22.1579 ], [ -159.30621, 22.15037 ], [ -159.30573, 22.15766 ], [ -159.30971, 22.16239 ], [ -159.30935, 22.16373 ] ] ] ] } },
{ "type": "Feature", "properties": { "id": 36.0, "Shape_Leng": 66.585899494000003, "Shape_Area": 39.629388615000003 }, "geometry": { "type": "MultiPolygon", "coordinates": [ [ [ [ -159.30615, 22.1487 ], [ -159.30607, 22.14853 ], [ -159.306, 22.14844 ], [ -159.30608, 22.14853 ], [ -159.30617, 22.14868 ], [ -159.30615, 22.1487 ] ] ] ] } },
{ "type": "Feature", "properties": { "id": 37.0, "Shape_Leng": 1236.8581360600001, "Shape_Area": 23671.642307400001 }, "geometry": { "type": "MultiPolygon", "coordinates": [ [ [ [ -159.30376, 22.14648 ], [ -159.29815, 22.14626 ], [ -159.29815, 22.1458 ], [ -159.30262, 22.14586 ], [ -159.30376, 22.14648 ] ] ] ] } },
{ "type": "Feature", "properties": { "id": 38.0, "Shape_Leng": 955.45766575699997, "Shape_Area": 10958.4344246 }, "geometry": { "type": "MultiPolygon", "coordinates": [ [ [ [ -159.29387, 22.14313 ], [ -159.29333, 22.14136 ], [ -159.2935, 22.13951 ], [ -159.29421, 22.14258 ], [ -159.29387, 22.14313 ] ] ] ] } },
{ "type": "Feature", "properties": { "id": 39.0, "Shape_Leng": 267.17278433600001, "Shape_Area": 3206.5747413 }, "geometry": { "type": "MultiPolygon", "coordinates": [ [ [ [ -159.29424, 22.13718 ], [ -159.2942, 22.13646 ], [ -159.29463, 22.13644 ], [ -159.29474, 22.13697 ], [ -159.29424, 22.13718 ] ] ] ] } },
{ "type": "Feature", "properties": { "id": 40.0, "Shape_Leng": 133.39401363900001, "Shape_Area": 944.78814913999997 }, "geometry": { "type": "MultiPolygon", "coordinates": [ [ [ [ -159.29428, 22.1361 ], [ -159.2943, 22.13582 ], [ -159.29432, 22.13564 ], [ -159.29452, 22.1359 ], [ -159.29428, 22.1361 ] ] ] ] } },
{ "type": "Feature", "properties": { "id": 41.0, "Shape_Leng": 605.32410120600002, "Shape_Area": 7051.1166823699996 }, "geometry": { "type": "MultiPolygon", "coordinates": [ [ [ [ -159.2951, 22.13377 ], [ -159.29459, 22.13256 ], [ -159.29472, 22.13164 ], [ -159.2955, 22.13347 ], [ -159.2951, 22.13377 ] ] ] ] } },
{ "type": "Feature", "properties": { "id": 42.0, "Shape_Leng": 309.91487712399999, "Shape_Area": 4090.2076911099998 }, "geometry": { "type": "MultiPolygon", "coordinates": [ [ [ [ -159.29475, 22.13009 ], [ -159.29411, 22.12957 ], [ -159.29414, 22.12926 ], [ -159.29505, 22.1297 ], [ -159.29475, 22.13009 ] ] ] ] } },
{ "type": "Feature", "properties": { "id": 43.0, "Shape_Leng": 674.53745740299996, "Shape_Area": 8831.3417007799999 }, "geometry": { "type": "MultiPolygon", "coordinates": [ [ [ [ -159.29393, 22.12486 ], [ -159.29428, 22.12366 ], [ -159.29353, 22.12253 ], [ -159.29459, 22.12363 ], [ -159.29393, 22.12486 ] ] ] ] } },
{ "type": "Feature", "properties": { "id": 44.0, "Shape_Leng": 801.01370597799996, "Shape_Area": 10373.8123037 }, "geometry": { "type": "MultiPolygon", "coordinates": [ [ [ [ -159.29418, 22.12259 ], [ -159.29537, 22.12254 ], [ -159.29646, 22.1209 ], [ -159.29584, 22.12253 ], [ -159.29418, 22.12259 ] ] ] ] } },
{ "type": "Feature", "properties": { "id": 45.0, "Shape_Leng": 94.620654575800003, "Shape_Area": 546.20628309200004 }, "geometry": { "type": "MultiPolygon", "coordinates": [ [ [ [ -159.29558, 22.11967 ], [ -159.29575, 22.11986 ], [ -159.2956, 22.11998 ], [ -159.29543, 22.11979 ], [ -159.29558, 22.11967 ] ] ] ] } },
{ "type": "Feature", "properties": { "id": 46.0, "Shape_Leng": 1189.15590105, "Shape_Area": 23193.415905599999 }, "geometry": { "type": "MultiPolygon", "coordinates": [ [ [ [ -159.29606, 22.11676 ], [ -159.29692, 22.11578 ], [ -159.29722, 22.11223 ], [ -159.29749, 22.11495 ], [ -159.29675, 22.11667 ], [ -159.29606, 22.11676 ] ] ] ] } },
{ "type": "Feature", "properties": { "id": 47.0, "Shape_Leng": 120.563291572, "Shape_Area": 737.92855337100002 }, "geometry": { "type": "MultiPolygon", "coordinates": [ [ [ [ -159.29687, 22.10647 ], [ -159.29683, 22.10632 ], [ -159.29721, 22.10618 ], [ -159.29726, 22.10633 ], [ -159.29687, 22.10647 ] ] ] ] } },
{ "type": "Feature", "properties": { "id": 48.0, "Shape_Leng": 2923.9257853099998, "Shape_Area": 89724.249831299996 }, "geometry": { "type": "MultiPolygon", "coordinates": [ [ [ [ -159.30243, 22.10004 ], [ -159.30397, 22.09975 ], [ -159.30541, 22.09778 ], [ -159.3071, 22.09375 ], [ -159.30605, 22.09057 ], [ -159.30667, 22.09042 ], [ -159.30771, 22.09378 ], [ -159.30659, 22.0968 ], [ -159.30429, 22.10023 ], [ -159.30243, 22.10004 ] ] ] ] } },
{ "type": "Feature", "properties": { "id": 49.0, "Shape_Leng": 1598.9445338400001, "Shape_Area": 29540.6249044 }, "geometry": { "type": "MultiPolygon", "coordinates": [ [ [ [ -159.31131, 22.08333 ], [ -159.31294, 22.08007 ], [ -159.31498, 22.07764 ], [ -159.31484, 22.07944 ], [ -159.31322, 22.08022 ], [ -159.31131, 22.08333 ] ] ] ] } },
{ "type": "Feature", "properties": { "id": 50.0, "Shape_Leng": 1663.20275601, "Shape_Area": 36593.472202800011 }, "geometry": { "type": "MultiPolygon", "coordinates": [ [ [ [ -159.31549, 22.07707 ], [ -159.31724, 22.07479 ], [ -159.31707, 22.07101 ], [ -159.31774, 22.07073 ], [ -159.31762, 22.07492 ], [ -159.31549, 22.07707 ] ] ] ] } },
{ "type": "Feature", "properties": { "id": 51.0, "Shape_Leng": 2633.7476778099999, "Shape_Area": 43498.569881700001 }, "geometry": { "type": "MultiPolygon", "coordinates": [ [ [ [ -159.31655, 22.07056 ], [ -159.31855, 22.06101 ], [ -159.31938, 22.05947 ], [ -159.3189, 22.06338 ], [ -159.31655, 22.07056 ] ] ] ] } },
{ "type": "Feature", "properties": { "id": 52.0, "Shape_Leng": 2935.06707615, "Shape_Area": 41047.386740800001 }, "geometry": { "type": "MultiPolygon", "coordinates": [ [ [ [ -159.31957, 22.05909 ], [ -159.32211, 22.05554 ], [ -159.32563, 22.05415 ], [ -159.32723, 22.0526 ], [ -159.32964, 22.05109 ], [ -159.32597, 22.05448 ], [ -159.32216, 22.05564 ], [ -159.31957, 22.05909 ] ] ] ] } },
{ "type": "Feature", "properties": { "id": 53.0, "Shape_Leng": 604.51534275500001, "Shape_Area": 11802.985351699999 }, "geometry": { "type": "MultiPolygon", "coordinates": [ [ [ [ -159.33017, 22.05124 ], [ -159.33219, 22.05125 ], [ -159.33236, 22.05167 ], [ -159.33042, 22.05195 ], [ -159.33017, 22.05124 ] ] ] ] } },
{ "type": "Feature", "properties": { "id": 54.0, "Shape_Leng": 1540.11398915, "Shape_Area": 14032.6381497 }, "geometry": { "type": "MultiPolygon", "coordinates": [ [ [ [ -159.33264, 22.0508 ], [ -159.33416, 22.05013 ], [ -159.33582, 22.04551 ], [ -159.33613, 22.0456 ], [ -159.33444, 22.05022 ], [ -159.33264, 22.0508 ] ] ] ] } },
{ "type": "Feature", "properties": { "id": 55.0, "Shape_Leng": 1566.33224307, "Shape_Area": 35772.2088105 }, "geometry": { "type": "MultiPolygon", "coordinates": [ [ [ [ -159.33502, 22.04303 ], [ -159.33474, 22.04096 ], [ -159.33583, 22.03674 ], [ -159.3364, 22.03687 ], [ -159.33502, 22.04303 ] ] ] ] } },
{ "type": "Feature", "properties": { "id": 56.0, "Shape_Leng": 7738.4183043200001, "Shape_Area": 157052.25431 }, "geometry": { "type": "MultiPolygon", "coordinates": [ [ [ [ -159.33586, 22.0362 ], [ -159.33625, 22.03379 ], [ -159.33827, 22.02988 ], [ -159.3391, 22.02383 ], [ -159.33849, 22.01989 ], [ -159.33882, 22.01771 ], [ -159.33598, 22.00807 ], [ -159.33605, 22.00395 ], [ -159.33636, 22.008 ], [ -159.33933, 22.01774 ], [ -159.33877, 22.02114 ], [ -159.33957, 22.0238 ], [ -159.33858, 22.03001 ], [ -159.33586, 22.0362 ] ] ] ] } },
{ "type": "Feature", "properties": { "id": 57.0, "Shape_Leng": 901.27926984400005, "Shape_Area": 23088.844003599999 }, "geometry": { "type": "MultiPolygon", "coordinates": [ [ [ [ -159.34134, 21.99456 ], [ -159.34055, 21.99121 ], [ -159.34114, 21.99103 ], [ -159.34193, 21.99362 ], [ -159.34134, 21.99456 ] ] ] ] } },
{ "type": "Feature", "properties": { "id": 58.0, "Shape_Leng": 1001.23386151, "Shape_Area": 12295.946901 }, "geometry": { "type": "MultiPolygon", "coordinates": [ [ [ [ -159.35186, 21.96035 ], [ -159.35113, 21.96077 ], [ -159.34959, 21.96097 ], [ -159.34763, 21.96009 ], [ -159.34957, 21.96078 ], [ -159.35186, 21.96035 ] ] ] ] } },
{ "type": "Feature", "properties": { "id": 59.0, "Shape_Leng": 287.27386643400001, "Shape_Area": 4635.9023271599999 }, "geometry": { "type": "MultiPolygon", "coordinates": [ [ [ [ -159.34219, 21.95883 ], [ -159.34225, 21.95941 ], [ -159.34147, 21.95926 ], [ -159.34142, 21.95877 ], [ -159.34219, 21.95883 ] ] ] ] } },
{ "type": "Feature", "properties": { "id": 60.0, "Shape_Leng": 190.565683681, "Shape_Area": 2134.0610596800002 }, "geometry": { "type": "MultiPolygon", "coordinates": [ [ [ [ -159.33791, 21.95807 ], [ -159.33756, 21.95845 ], [ -159.33725, 21.95825 ], [ -159.33758, 21.95788 ], [ -159.33791, 21.95807 ] ] ] ] } },
{ "type": "Feature", "properties": { "id": 61.0, "Shape_Leng": 2106.8857544399998, "Shape_Area": 17849.563593499999 }, "geometry": { "type": "MultiPolygon", "coordinates": [ [ [ [ -159.39063, 21.90756 ], [ -159.39113, 21.9083 ], [ -159.39022, 21.91107 ], [ -159.38945, 21.91233 ], [ -159.38748, 21.91374 ], [ -159.38646, 21.91364 ], [ -159.38545, 21.91328 ], [ -159.38741, 21.9136 ], [ -159.38926, 21.91217 ], [ -159.39063, 21.90756 ] ] ] ] } },
{ "type": "Feature", "properties": { "id": 62.0, "Shape_Leng": 356.65874107100001, "Shape_Area": 6699.0256926700004 }, "geometry": { "type": "MultiPolygon", "coordinates": [ [ [ [ -159.38512, 21.91365 ], [ -159.38563, 21.9134 ], [ -159.38597, 21.91445 ], [ -159.38553, 21.91467 ], [ -159.38512, 21.91365 ] ] ] ] } },
{ "type": "Feature", "properties": { "id": 63.0, "Shape_Leng": 1128.4028872700001, "Shape_Area": 16139.578547900001 }, "geometry": { "type": "MultiPolygon", "coordinates": [ [ [ [ -159.38319, 21.91751 ], [ -159.38394, 21.91792 ], [ -159.38406, 21.91922 ], [ -159.38352, 21.91994 ], [ -159.38156, 21.92067 ], [ -159.38384, 21.91914 ], [ -159.38319, 21.91751 ] ] ] ] } },
{ "type": "Feature", "properties": { "id": 64.0, "Shape_Leng": 1310.2275526200001, "Shape_Area": 14997.219819 }, "geometry": { "type": "MultiPolygon", "coordinates": [ [ [ [ -159.38053, 21.92063 ], [ -159.38073, 21.9208 ], [ -159.37973, 21.92195 ], [ -159.37563, 21.92328 ], [ -159.38053, 21.92063 ] ] ] ] } },
{ "type": "Feature", "properties": { "id": 65.0, "Shape_Leng": 206.424734352, "Shape_Area": 2453.34641913 }, "geometry": { "type": "MultiPolygon", "coordinates": [ [ [ [ -159.41807, 21.88788 ], [ -159.41831, 21.88812 ], [ -159.41793, 21.88852 ], [ -159.41762, 21.88822 ], [ -159.41807, 21.88788 ] ] ] ] } },
{ "type": "Feature", "properties": { "id": 66.0, "Shape_Leng": 2022.47324607, "Shape_Area": 26393.159194 }, "geometry": { "type": "MultiPolygon", "coordinates": [ [ [ [ -159.41673, 21.88875 ], [ -159.41681, 21.88909 ], [ -159.41056, 21.8902 ], [ -159.41132, 21.89148 ], [ -159.41118, 21.8925 ], [ -159.41075, 21.89259 ], [ -159.41049, 21.89001 ], [ -159.41673, 21.88875 ] ] ] ] } },
{ "type": "Feature", "properties": { "id": 67.0, "Shape_Leng": 124.20810806599999, "Shape_Area": 862.81869727000003 }, "geometry": { "type": "MultiPolygon", "coordinates": [ [ [ [ -159.41025, 21.89298 ], [ -159.41033, 21.89315 ], [ -159.40997, 21.89329 ], [ -159.40989, 21.8931 ], [ -159.41025, 21.89298 ] ] ] ] } },
{ "type": "Feature", "properties": { "id": 68.0, "Shape_Leng": 351.52908305199998, "Shape_Area": 5517.4576508800001 }, "geometry": { "type": "MultiPolygon", "coordinates": [ [ [ [ -159.40582, 21.89461 ], [ -159.40659, 21.89475 ], [ -159.4056, 21.89551 ], [ -159.40594, 21.89478 ], [ -159.40582, 21.89461 ] ] ] ] } },
{ "type": "Feature", "properties": { "id": 69.0, "Shape_Leng": 280.77327698599998, "Shape_Area": 1650.6662223799999 }, "geometry": { "type": "MultiPolygon", "coordinates": [ [ [ [ -159.40429, 21.89895 ], [ -159.40473, 21.89938 ], [ -159.40386, 21.89955 ], [ -159.40451, 21.89927 ], [ -159.40429, 21.89895 ] ] ] ] } },
{ "type": "Feature", "properties": { "id": 70.0, "Shape_Leng": 991.98979953100002, "Shape_Area": 18576.382667099999 }, "geometry": { "type": "MultiPolygon", "coordinates": [ [ [ [ -159.4402, 21.87376 ], [ -159.44001, 21.87481 ], [ -159.43652, 21.87507 ], [ -159.43922, 21.87442 ], [ -159.4402, 21.87376 ] ] ] ] } },
{ "type": "Feature", "properties": { "id": 71.0, "Shape_Leng": 765.44701802300006, "Shape_Area": 16986.0739335 }, "geometry": { "type": "MultiPolygon", "coordinates": [ [ [ [ -159.5038, 21.88875 ], [ -159.50243, 21.88957 ], [ -159.5013, 21.88843 ], [ -159.50159, 21.88786 ], [ -159.5027, 21.88904 ], [ -159.5038, 21.88875 ] ] ] ] } },
{ "type": "Feature", "properties": { "id": 72.0, "Shape_Leng": 73.167209689700002, "Shape_Area": 328.36606045299999 }, "geometry": { "type": "MultiPolygon", "coordinates": [ [ [ [ -159.49198, 21.88548 ], [ -159.49214, 21.88551 ], [ -159.49213, 21.88569 ], [ -159.49197, 21.88566 ], [ -159.49198, 21.88548 ] ] ] ] } },
{ "type": "Feature", "properties": { "id": 73.0, "Shape_Leng": 300.50897480700002, "Shape_Area": 1446.3323943600001 }, "geometry": { "type": "MultiPolygon", "coordinates": [ [ [ [ -159.48743, 21.88555 ], [ -159.48734, 21.88559 ], [ -159.48702, 21.88495 ], [ -159.48705, 21.88441 ], [ -159.48743, 21.88555 ] ] ] ] } },
{ "type": "Feature", "properties": { "id": 74.0, "Shape_Leng": 416.71898009099999, "Shape_Area": 1639.18816425 }, "geometry": { "type": "MultiPolygon", "coordinates": [ [ [ [ -159.47793, 21.88186 ], [ -159.47771, 21.882 ], [ -159.47674, 21.88193 ], [ -159.47634, 21.88185 ], [ -159.47601, 21.88169 ], [ -159.47793, 21.88186 ] ] ] ] } },
{ "type": "Feature", "properties": { "id": 75.0, "Shape_Leng": 299.97157628000002, "Shape_Area": 1810.03504075 }, "geometry": { "type": "MultiPolygon", "coordinates": [ [ [ [ -159.47411, 21.88111 ], [ -159.47347, 21.88124 ], [ -159.47301, 21.88074 ], [ -159.47349, 21.8811 ], [ -159.47411, 21.88111 ] ] ] ] } },
{ "type": "Feature", "properties": { "id": 76.0, "Shape_Leng": 407.198870441, "Shape_Area": 949.43207257200004 }, "geometry": { "type": "MultiPolygon", "coordinates": [ [ [ [ -159.47277, 21.8802 ], [ -159.47255, 21.88012 ], [ -159.47242, 21.8799 ], [ -159.47163, 21.87975 ], [ -159.47114, 21.87947 ], [ -159.47244, 21.87987 ], [ -159.47277, 21.8802 ] ] ] ] } },
{ "type": "Feature", "properties": { "id": 77.0, "Shape_Leng": 149.237082327, "Shape_Area": 838.46737216700001 }, "geometry": { "type": "MultiPolygon", "coordinates": [ [ [ [ -159.46485, 21.87673 ], [ -159.46444, 21.87675 ], [ -159.46431, 21.87652 ], [ -159.46448, 21.87663 ], [ -159.46485, 21.87673 ] ] ] ] } },
{ "type": "Feature", "properties": { "id": 78.0, "Shape_Leng": 189.901506455, "Shape_Area": 992.61758269500001 }, "geometry": { "type": "MultiPolygon", "coordinates": [ [ [ [ -159.46377, 21.8764 ], [ -159.46374, 21.87649 ], [ -159.46293, 21.87639 ], [ -159.46304, 21.87628 ], [ -159.46377, 21.8764 ] ] ] ] } },
{ "type": "Feature", "properties": { "id": 79.0, "Shape_Leng": 1317.29958448, "Shape_Area": 18499.417298 }, "geometry": { "type": "MultiPolygon", "coordinates": [ [ [ [ -159.46219, 21.87569 ], [ -159.46069, 21.87641 ], [ -159.45972, 21.87637 ], [ -159.45725, 21.87435 ], [ -159.45985, 21.87609 ], [ -159.46219, 21.87569 ] ] ] ] } },
{ "type": "Feature", "properties": { "id": 80.0, "Shape_Leng": 826.70493762499996, "Shape_Area": 9285.1002231700004 }, "geometry": { "type": "MultiPolygon", "coordinates": [ [ [ [ -159.45664, 21.874 ], [ -159.45621, 21.87428 ], [ -159.45381, 21.87359 ], [ -159.4535, 21.8728 ], [ -159.45664, 21.874 ] ] ] ] } },
{ "type": "Feature", "properties": { "id": 81.0, "Shape_Leng": 334.81473219200001, "Shape_Area": 4552.8847862299999 }, "geometry": { "type": "MultiPolygon", "coordinates": [ [ [ [ -159.4519, 21.873 ], [ -159.4511, 21.87361 ], [ -159.45081, 21.87327 ], [ -159.45094, 21.87288 ], [ -159.4519, 21.873 ] ] ] ] } },
{ "type": "Feature", "properties": { "id": 82.0, "Shape_Leng": 91.856221284200004, "Shape_Area": 467.13897984699997 }, "geometry": { "type": "MultiPolygon", "coordinates": [ [ [ [ -159.62875, 21.91118 ], [ -159.62861, 21.91133 ], [ -159.62839, 21.91129 ], [ -159.62855, 21.91112 ], [ -159.62875, 21.91118 ] ] ] ] } },
{ "type": "Feature", "properties": { "id": 83.0, "Shape_Leng": 237.56384314799999, "Shape_Area": 2845.3665748100002 }, "geometry": { "type": "MultiPolygon", "coordinates": [ [ [ [ -159.62177, 21.90754 ], [ -159.62157, 21.90786 ], [ -159.62095, 21.90742 ], [ -159.62113, 21.90714 ], [ -159.62177, 21.90754 ] ] ] ] } },
{ "type": "Feature", "properties": { "id": 84.0, "Shape_Leng": 2323.2816106099999, "Shape_Area": 41322.1953918 }, "geometry": { "type": "MultiPolygon", "coordinates": [ [ [ [ -159.60994, 21.90084 ], [ -159.60952, 21.90139 ], [ -159.60691, 21.89972 ], [ -159.60708, 21.8958 ], [ -159.60543, 21.89423 ], [ -159.60553, 21.89378 ], [ -159.6074, 21.89579 ], [ -159.60733, 21.89973 ], [ -159.60994, 21.90084 ] ] ] ] } },
{ "type": "Feature", "properties": { "id": 85.0, "Shape_Leng": 681.32873448199996, "Shape_Area": 19176.605000899999 }, "geometry": { "type": "MultiPolygon", "coordinates": [ [ [ [ -159.59092, 21.90406 ], [ -159.59041, 21.90451 ], [ -159.58859, 21.90286 ], [ -159.5895, 21.90244 ], [ -159.59092, 21.90406 ] ] ] ] } },
{ "type": "Feature", "properties": { "id": 86.0, "Shape_Leng": 317.59721771699998, "Shape_Area": 2408.4960794 }, "geometry": { "type": "MultiPolygon", "coordinates": [ [ [ [ -159.58496, 21.89827 ], [ -159.58408, 21.89835 ], [ -159.58378, 21.89808 ], [ -159.58445, 21.89801 ], [ -159.58496, 21.89827 ] ] ] ] } },
{ "type": "Feature", "properties": { "id": 87.0, "Shape_Leng": 310.32775257899999, "Shape_Area": 1553.66826178 }, "geometry": { "type": "MultiPolygon", "coordinates": [ [ [ [ -159.57503, 21.89748 ], [ -159.57462, 21.89737 ], [ -159.57414, 21.89678 ], [ -159.57412, 21.89653 ], [ -159.57503, 21.89748 ] ] ] ] } },
{ "type": "Feature", "properties": { "id": 88.0, "Shape_Leng": 143.84427725399999, "Shape_Area": 1211.99516262 }, "geometry": { "type": "MultiPolygon", "coordinates": [ [ [ [ -159.52746, 21.88402 ], [ -159.52735, 21.88427 ], [ -159.527, 21.8841 ], [ -159.52712, 21.88384 ], [ -159.52746, 21.88402 ] ] ] ] } },
{ "type": "Feature", "properties": { "id": 89.0, "Shape_Leng": 773.39136474500003, "Shape_Area": 13485.9534843 }, "geometry": { "type": "MultiPolygon", "coordinates": [ [ [ [ -159.52607, 21.88488 ], [ -159.5259, 21.88542 ], [ -159.52318, 21.88638 ], [ -159.52301, 21.88602 ], [ -159.52607, 21.88488 ] ] ] ] } },
{ "type": "Feature", "properties": { "id": 90.0, "Shape_Leng": 495.443494294, "Shape_Area": 8964.9029994899993 }, "geometry": { "type": "MultiPolygon", "coordinates": [ [ [ [ -159.63579, 21.91688 ], [ -159.63588, 21.91724 ], [ -159.6369, 21.91804 ], [ -159.63517, 21.91724 ], [ -159.63579, 21.91688 ] ] ] ] } },
{ "type": "Feature", "properties": { "id": 91.0, "Shape_Leng": 316.373614202, "Shape_Area": 5591.5561687400004 }, "geometry": { "type": "MultiPolygon", "coordinates": [ [ [ [ -159.63727, 21.91969 ], [ -159.63743, 21.92028 ], [ -159.637, 21.92051 ], [ -159.63657, 21.91959 ], [ -159.63727, 21.91969 ] ] ] ] } },
{ "type": "Feature", "properties": { "id": 92.0, "Shape_Leng": 504.48464185400002, "Shape_Area": 13632.9388865 }, "geometry": { "type": "MultiPolygon", "coordinates": [ [ [ [ -159.63768, 21.92151 ], [ -159.63849, 21.92213 ], [ -159.638, 21.92273 ], [ -159.63667, 21.92236 ], [ -159.63768, 21.92151 ] ] ] ] } },
{ "type": "Feature", "properties": { "id": 93.0, "Shape_Leng": 192.17242433300001, "Shape_Area": 1513.5018593499999 }, "geometry": { "type": "MultiPolygon", "coordinates": [ [ [ [ -159.63921, 21.92244 ], [ -159.63894, 21.92307 ], [ -159.63875, 21.923 ], [ -159.63921, 21.92244 ] ] ] ] } },
{ "type": "Feature", "properties": { "id": 94.0, "Shape_Leng": 1110.65683962, "Shape_Area": 22712.049766700002 }, "geometry": { "type": "MultiPolygon", "coordinates": [ [ [ [ -159.64048, 21.92432 ], [ -159.64245, 21.9251 ], [ -159.64386, 21.92733 ], [ -159.64319, 21.92723 ], [ -159.64048, 21.92432 ] ] ] ] } },
{ "type": "Feature", "properties": { "id": 95.0, "Shape_Leng": 381.56050841299998, "Shape_Area": 6043.9517854300002 }, "geometry": { "type": "MultiPolygon", "coordinates": [ [ [ [ -159.64484, 21.92818 ], [ -159.64502, 21.92907 ], [ -159.64522, 21.9294 ], [ -159.64424, 21.92829 ], [ -159.64484, 21.92818 ] ] ] ] } },
{ "type": "Feature", "properties": { "id": 96.0, "Shape_Leng": 7494.3972457, "Shape_Area": 100257.15293 }, "geometry": { "type": "MultiPolygon", "coordinates": [ [ [ [ -159.64544, 21.9299 ], [ -159.64617, 21.93107 ], [ -159.64884, 21.93177 ], [ -159.65013, 21.93479 ], [ -159.6498, 21.93519 ], [ -159.64994, 21.93572 ], [ -159.6499, 21.93604 ], [ -159.64909, 21.93846 ], [ -159.65032, 21.94054 ], [ -159.65217, 21.94172 ], [ -159.65488, 21.94175 ], [ -159.66043, 21.94305 ], [ -159.66196, 21.94636 ], [ -159.66539, 21.94912 ], [ -159.66567, 21.95073 ], [ -159.66512, 21.94919 ], [ -159.66177, 21.94653 ], [ -159.66051, 21.94357 ], [ -159.65215, 21.94194 ], [ -159.65032, 21.94083 ], [ -159.64881, 21.93852 ], [ -159.64963, 21.93401 ], [ -159.64854, 21.93227 ], [ -159.64572, 21.93105 ], [ -159.64544, 21.9299 ] ] ] ] } },
{ "type": "Feature", "properties": { "id": 97.0, "Shape_Leng": 97.604601396999996, "Shape_Area": 194.890102281 }, "geometry": { "type": "MultiPolygon", "coordinates": [ [ [ [ -159.66671, 21.95241 ], [ -159.66686, 21.95252 ], [ -159.66704, 21.95267 ], [ -159.66666, 21.95247 ], [ -159.66671, 21.95241 ] ] ] ] } },
{ "type": "Feature", "properties": { "id": 98.0, "Shape_Leng": 1148.5256119799999, "Shape_Area": 3806.7703766 }, "geometry": { "type": "MultiPolygon", "coordinates": [ [ [ [ -159.6701, 21.95452 ], [ -159.67495, 21.95572 ], [ -159.67539, 21.95592 ], [ -159.67209, 21.95518 ], [ -159.6701, 21.95452 ] ] ] ] } },
{ "type": "Feature", "properties": { "id": 99.0, "Shape_Leng": 20924.171982700002, "Shape_Area": 624543.09028400003 }, "geometry": { "type": "MultiPolygon", "coordinates": [ [ [ [ -159.6935, 21.96003 ], [ -159.70581, 21.96083 ], [ -159.70847, 21.96193 ], [ -159.71525, 21.96723 ], [ -159.73734, 21.97412 ], [ -159.74839, 21.97621 ], [ -159.75792, 21.97938 ], [ -159.76078, 21.98135 ], [ -159.76368, 21.98469 ], [ -159.76939, 21.99642 ], [ -159.77105, 22.00176 ], [ -159.76344, 21.98486 ], [ -159.75924, 21.98055 ], [ -159.7483, 21.97649 ], [ -159.74023, 21.97567 ], [ -159.71436, 21.96818 ], [ -159.70993, 21.96327 ], [ -159.70561, 21.96127 ], [ -159.69847, 21.96087 ], [ -159.69488, 21.96172 ], [ -159.6935, 21.96003 ] ] ] ] } },
{ "type": "Feature", "properties": { "id": 100.0, "Shape_Leng": 3294.62857889, "Shape_Area": 42746.031091199999 }, "geometry": { "type": "MultiPolygon", "coordinates": [ [ [ [ -159.77566, 22.00777 ], [ -159.77792, 22.00859 ], [ -159.77885, 22.00924 ], [ -159.78431, 22.01438 ], [ -159.78559, 22.01735 ], [ -159.78439, 22.01736 ], [ -159.78447, 22.01517 ], [ -159.78225, 22.01265 ], [ -159.77566, 22.00777 ] ] ] ] } },
{ "type": "Feature", "properties": { "id": 101.0, "Shape_Leng": 693.17583406899996, "Shape_Area": 11723.541267500001 }, "geometry": { "type": "MultiPolygon", "coordinates": [ [ [ [ -159.78572, 22.01805 ], [ -159.78656, 22.02065 ], [ -159.78601, 22.02078 ], [ -159.78564, 22.01994 ], [ -159.78572, 22.01805 ] ] ] ] } },
{ "type": "Feature", "properties": { "id": 102.0, "Shape_Leng": 86.784274827000004, "Shape_Area": 467.842564536 }, "geometry": { "type": "MultiPolygon", "coordinates": [ [ [ [ -159.7874, 22.02636 ], [ -159.78718, 22.02642 ], [ -159.78712, 22.02625 ], [ -159.78734, 22.02619 ], [ -159.7874, 22.02636 ] ] ] ] } },
{ "type": "Feature", "properties": { "id": 103.0, "Shape_Leng": 248.22360885399999, "Shape_Area": 3427.6787155799998 }, "geometry": { "type": "MultiPolygon", "coordinates": [ [ [ [ -159.78607, 22.03734 ], [ -159.78606, 22.03806 ], [ -159.78572, 22.03804 ], [ -159.78558, 22.03731 ], [ -159.78607, 22.03734 ] ] ] ] } },
{ "type": "Feature", "properties": { "id": 104.0, "Shape_Leng": 1182.7499636, "Shape_Area": 14324.7075358 }, "geometry": { "type": "MultiPolygon", "coordinates": [ [ [ [ -159.78557, 22.04295 ], [ -159.7838, 22.04735 ], [ -159.78322, 22.04716 ], [ -159.78388, 22.04508 ], [ -159.78557, 22.04295 ] ] ] ] } },
{ "type": "Feature", "properties": { "id": 105.0, "Shape_Leng": 175.39886427499999, "Shape_Area": 1587.83416005 }, "geometry": { "type": "MultiPolygon", "coordinates": [ [ [ [ -159.78369, 22.04769 ], [ -159.7836, 22.04824 ], [ -159.78338, 22.04817 ], [ -159.78343, 22.04761 ], [ -159.78369, 22.04769 ] ] ] ] } },
{ "type": "Feature", "properties": { "id": 106.0, "Shape_Leng": 11644.228273299999, "Shape_Area": 281945.67657299998 }, "geometry": { "type": "MultiPolygon", "coordinates": [ [ [ [ -159.78298, 22.06593 ], [ -159.7719, 22.07233 ], [ -159.76753, 22.0775 ], [ -159.74966, 22.09276 ], [ -159.74457, 22.09881 ], [ -159.74413, 22.09836 ], [ -159.74609, 22.09502 ], [ -159.74875, 22.0937 ], [ -159.75266, 22.08913 ], [ -159.76733, 22.07731 ], [ -159.76954, 22.07341 ], [ -159.77584, 22.06886 ], [ -159.77837, 22.06847 ], [ -159.78253, 22.06547 ], [ -159.78298, 22.06593 ] ] ] ] } },
{ "type": "Feature", "properties": { "id": 107.0, "Shape_Leng": 259.69989827000001, "Shape_Area": 2367.51596049 }, "geometry": { "type": "MultiPolygon", "coordinates": [ [ [ [ -156.44253, 20.62582 ], [ -156.44301, 20.62657 ], [ -156.4428, 20.62672 ], [ -156.44231, 20.6259 ], [ -156.44253, 20.62582 ] ] ] ] } },
{ "type": "Feature", "properties": { "id": 108.0, "Shape_Leng": 182.82476709299999, "Shape_Area": 1763.55919438 }, "geometry": { "type": "MultiPolygon", "coordinates": [ [ [ [ -156.44306, 20.62691 ], [ -156.44342, 20.62707 ], [ -156.44286, 20.62735 ], [ -156.44275, 20.6272 ], [ -156.44306, 20.62691 ] ] ] ] } },
{ "type": "Feature", "properties": { "id": 109.0, "Shape_Leng": 2445.3106180099999, "Shape_Area": 27452.3685964 }, "geometry": { "type": "MultiPolygon", "coordinates": [ [ [ [ -156.44379, 20.62746 ], [ -156.44421, 20.62784 ], [ -156.44472, 20.62981 ], [ -156.4457, 20.63092 ], [ -156.45095, 20.63448 ], [ -156.44899, 20.63405 ], [ -156.44555, 20.63107 ], [ -156.44449, 20.62975 ], [ -156.44408, 20.62795 ], [ -156.44346, 20.62777 ], [ -156.44379, 20.62746 ] ] ] ] } },
{ "type": "Feature", "properties": { "id": 110.0, "Shape_Leng": 151.59452377599999, "Shape_Area": 591.19288581299998 }, "geometry": { "type": "MultiPolygon", "coordinates": [ [ [ [ -156.45154, 20.63481 ], [ -156.45175, 20.63537 ], [ -156.45159, 20.63541 ], [ -156.45151, 20.63506 ], [ -156.45154, 20.63481 ] ] ] ] } },
{ "type": "Feature", "properties": { "id": 111.0, "Shape_Leng": 1142.70584938, "Shape_Area": 14739.8463514 }, "geometry": { "type": "MultiPolygon", "coordinates": [ [ [ [ -156.44796, 20.63931 ], [ -156.44658, 20.64014 ], [ -156.44614, 20.6421 ], [ -156.44549, 20.64323 ], [ -156.44628, 20.64015 ], [ -156.44796, 20.63931 ] ] ] ] } },
{ "type": "Feature", "properties": { "id": 112.0, "Shape_Leng": 926.96138811599997, "Shape_Area": 11126.3854058 }, "geometry": { "type": "MultiPolygon", "coordinates": [ [ [ [ -156.44407, 20.64542 ], [ -156.44295, 20.64611 ], [ -156.44232, 20.6482 ], [ -156.44205, 20.64811 ], [ -156.44263, 20.6462 ], [ -156.4436, 20.64484 ], [ -156.44407, 20.64542 ] ] ] ] } },
{ "type": "Feature", "properties": { "id": 113.0, "Shape_Leng": 178.984581117, "Shape_Area": 1577.1918070300001 }, "geometry": { "type": "MultiPolygon", "coordinates": [ [ [ [ -156.44221, 20.64951 ], [ -156.4418, 20.64989 ], [ -156.4416, 20.64969 ], [ -156.44205, 20.64935 ], [ -156.44221, 20.64951 ] ] ] ] } },
{ "type": "Feature", "properties": { "id": 114.0, "Shape_Leng": 126.780719998, "Shape_Area": 860.84577793000005 }, "geometry": { "type": "MultiPolygon", "coordinates": [ [ [ [ -156.44143, 20.65051 ], [ -156.44129, 20.65063 ], [ -156.44099, 20.65035 ], [ -156.44113, 20.65023 ], [ -156.44143, 20.65051 ] ] ] ] } },
{ "type": "Feature", "properties": { "id": 115.0, "Shape_Leng": 192.97373665000001, "Shape_Area": 1872.7120561 }, "geometry": { "type": "MultiPolygon", "coordinates": [ [ [ [ -156.44079, 20.65242 ], [ -156.44081, 20.65298 ], [ -156.44048, 20.65291 ], [ -156.4405, 20.65236 ], [ -156.44079, 20.65242 ] ] ] ] } },
{ "type": "Feature", "properties": { "id": 116.0, "Shape_Leng": 285.931543078, "Shape_Area": 3721.7568095699999 }, "geometry": { "type": "MultiPolygon", "coordinates": [ [ [ [ -156.44082, 20.65314 ], [ -156.44101, 20.6538 ], [ -156.44082, 20.65405 ], [ -156.44034, 20.65333 ], [ -156.44082, 20.65314 ] ] ] ] } },
{ "type": "Feature", "properties": { "id": 117.0, "Shape_Leng": 170.89232139399999, "Shape_Area": 1320.5848271499999 }, "geometry": { "type": "MultiPolygon", "coordinates": [ [ [ [ -156.44161, 20.65848 ], [ -156.44167, 20.65885 ], [ -156.44118, 20.65857 ], [ -156.44132, 20.65841 ], [ -156.44161, 20.65848 ] ] ] ] } },
{ "type": "Feature", "properties": { "id": 118.0, "Shape_Leng": 1024.4141887000001, "Shape_Area": 10284.133449299999 }, "geometry": { "type": "MultiPolygon", "coordinates": [ [ [ [ -156.44153, 20.66027 ], [ -156.44114, 20.66127 ], [ -156.44179, 20.66417 ], [ -156.44091, 20.66096 ], [ -156.44153, 20.66027 ] ] ] ] } },
{ "type": "Feature", "properties": { "id": 119.0, "Shape_Leng": 773.46268766900005, "Shape_Area": 12058.2760626 }, "geometry": { "type": "MultiPolygon", "coordinates": [ [ [ [ -156.44181, 20.66442 ], [ -156.44285, 20.66694 ], [ -156.4425, 20.66713 ], [ -156.44148, 20.66555 ], [ -156.44181, 20.66442 ] ] ] ] } },
{ "type": "Feature", "properties": { "id": 120.0, "Shape_Leng": 142.88789108099999, "Shape_Area": 1203.0609777899999 }, "geometry": { "type": "MultiPolygon", "coordinates": [ [ [ [ -156.44308, 20.66801 ], [ -156.443, 20.66837 ], [ -156.44274, 20.66827 ], [ -156.44281, 20.66791 ], [ -156.44308, 20.66801 ] ] ] ] } },
{ "type": "Feature", "properties": { "id": 121.0, "Shape_Leng": 125.257164765, "Shape_Area": 858.65983856599996 }, "geometry": { "type": "MultiPolygon", "coordinates": [ [ [ [ -156.443, 20.66864 ], [ -156.44298, 20.66901 ], [ -156.44278, 20.66896 ], [ -156.44281, 20.66859 ], [ -156.443, 20.66864 ] ] ] ] } },
{ "type": "Feature", "properties": { "id": 122.0, "Shape_Leng": 728.74916243500002, "Shape_Area": 10596.1344095 }, "geometry": { "type": "MultiPolygon", "coordinates": [ [ [ [ -156.44286, 20.66935 ], [ -156.44272, 20.67063 ], [ -156.44345, 20.67194 ], [ -156.44241, 20.67069 ], [ -156.44286, 20.66935 ] ] ] ] } },
{ "type": "Feature", "properties": { "id": 123.0, "Shape_Leng": 295.17654155600002, "Shape_Area": 2827.2697943100002 }, "geometry": { "type": "MultiPolygon", "coordinates": [ [ [ [ -156.44387, 20.67332 ], [ -156.44369, 20.67439 ], [ -156.44346, 20.67436 ], [ -156.44356, 20.67346 ], [ -156.44387, 20.67332 ] ] ] ] } },
{ "type": "Feature", "properties": { "id": 124.0, "Shape_Leng": 597.84039214300003, "Shape_Area": 4564.40150644 }, "geometry": { "type": "MultiPolygon", "coordinates": [ [ [ [ -156.44349, 20.67465 ], [ -156.4435, 20.67691 ], [ -156.44326, 20.67694 ], [ -156.44308, 20.67512 ], [ -156.44349, 20.67465 ] ] ] ] } },
{ "type": "Feature", "properties": { "id": 125.0, "Shape_Leng": 981.56679997499998, "Shape_Area": 10457.0375276 }, "geometry": { "type": "MultiPolygon", "coordinates": [ [ [ [ -156.44376, 20.68077 ], [ -156.443, 20.68166 ], [ -156.4429, 20.68444 ], [ -156.44277, 20.68158 ], [ -156.44376, 20.68077 ] ] ] ] } },
{ "type": "Feature", "properties": { "id": 126.0, "Shape_Leng": 3695.4213444900001, "Shape_Area": 65079.482028099999 }, "geometry": { "type": "MultiPolygon", "coordinates": [ [ [ [ -156.44343, 20.68964 ], [ -156.4444, 20.69164 ], [ -156.44383, 20.69282 ], [ -156.44465, 20.69494 ], [ -156.44464, 20.69887 ], [ -156.44531, 20.69971 ], [ -156.44629, 20.70467 ], [ -156.44405, 20.69739 ], [ -156.44343, 20.68964 ] ] ] ] } },
{ "type": "Feature", "properties": { "id": 127.0, "Shape_Leng": 698.94302380700003, "Shape_Area": 8141.9731367699997 }, "geometry": { "type": "MultiPolygon", "coordinates": [ [ [ [ -156.44598, 20.71168 ], [ -156.44692, 20.71426 ], [ -156.44666, 20.71441 ], [ -156.4459, 20.71284 ], [ -156.44598, 20.71168 ] ] ] ] } },
{ "type": "Feature", "properties": { "id": 128.0, "Shape_Leng": 814.07078770800001, "Shape_Area": 9342.6978000700001 }, "geometry": { "type": "MultiPolygon", "coordinates": [ [ [ [ -156.44635, 20.71521 ], [ -156.44743, 20.71831 ], [ -156.44725, 20.71842 ], [ -156.44596, 20.71544 ], [ -156.44635, 20.71521 ] ] ] ] } },
{ "type": "Feature", "properties": { "id": 129.0, "Shape_Leng": 1211.26631045, "Shape_Area": 7996.4303465200001 }, "geometry": { "type": "MultiPolygon", "coordinates": [ [ [ [ -156.44734, 20.72048 ], [ -156.44859, 20.72467 ], [ -156.44933, 20.72518 ], [ -156.44842, 20.72473 ], [ -156.44734, 20.72048 ] ] ] ] } },
{ "type": "Feature", "properties": { "id": 130.0, "Shape_Leng": 118.308579967, "Shape_Area": 746.39078751399995 }, "geometry": { "type": "MultiPolygon", "coordinates": [ [ [ [ -156.45009, 20.7269 ], [ -156.4502, 20.72724 ], [ -156.45002, 20.7273 ], [ -156.44992, 20.72696 ], [ -156.45009, 20.7269 ] ] ] ] } },
{ "type": "Feature", "properties": { "id": 131.0, "Shape_Leng": 3988.7816573099999, "Shape_Area": 126899.474648 }, "geometry": { "type": "MultiPolygon", "coordinates": [ [ [ [ -156.45014, 20.72832 ], [ -156.45296, 20.7301 ], [ -156.45549, 20.73366 ], [ -156.45743, 20.74355 ], [ -156.45608, 20.74098 ], [ -156.45579, 20.73591 ], [ -156.45309, 20.73123 ], [ -156.45014, 20.72832 ] ] ] ] } },
{ "type": "Feature", "properties": { "id": 132.0, "Shape_Leng": 76.092390599500007, "Shape_Area": 6.0695113962600002 }, "geometry": { "type": "MultiPolygon", "coordinates": [ [ [ [ -156.45754, 20.74404 ], [ -156.45761, 20.7442 ], [ -156.45765, 20.74436 ], [ -156.45761, 20.74421 ], [ -156.45754, 20.74404 ] ] ] ] } },
{ "type": "Feature", "properties": { "id": 133.0, "Shape_Leng": 1195.4960483, "Shape_Area": 12432.4911438 }, "geometry": { "type": "MultiPolygon", "coordinates": [ [ [ [ -156.45745, 20.74582 ], [ -156.45775, 20.74758 ], [ -156.45923, 20.75064 ], [ -156.45752, 20.74766 ], [ -156.45745, 20.74582 ] ] ] ] } },
{ "type": "Feature", "properties": { "id": 134.0, "Shape_Leng": 1279.7324914599999, "Shape_Area": 18675.372914799998 }, "geometry": { "type": "MultiPolygon", "coordinates": [ [ [ [ -156.45971, 20.75391 ], [ -156.45941, 20.75534 ], [ -156.4598, 20.7595 ], [ -156.45898, 20.75584 ], [ -156.45971, 20.75391 ] ] ] ] } },
{ "type": "Feature", "properties": { "id": 135.0, "Shape_Leng": 532.03579668899999, "Shape_Area": 14298.7045569 }, "geometry": { "type": "MultiPolygon", "coordinates": [ [ [ [ -156.45922, 20.76299 ], [ -156.45915, 20.76389 ], [ -156.45945, 20.76446 ], [ -156.45829, 20.76401 ], [ -156.45834, 20.76293 ], [ -156.45922, 20.76299 ] ] ] ] } },
{ "type": "Feature", "properties": { "id": 136.0, "Shape_Leng": 3932.34958512, "Shape_Area": 62665.789936699999 }, "geometry": { "type": "MultiPolygon", "coordinates": [ [ [ [ -156.45906, 20.76477 ], [ -156.45896, 20.76936 ], [ -156.46037, 20.77353 ], [ -156.4611, 20.77871 ], [ -156.46251, 20.78107 ], [ -156.46101, 20.77876 ], [ -156.45849, 20.76923 ], [ -156.45823, 20.7654 ], [ -156.45906, 20.76477 ] ] ] ] } },
{ "type": "Feature", "properties": { "id": 137.0, "Shape_Leng": 10221.6942124, "Shape_Area": 174244.32599000001 }, "geometry": { "type": "MultiPolygon", "coordinates": [ [ [ [ -156.46289, 20.78144 ], [ -156.47265, 20.78937 ], [ -156.4768, 20.79084 ], [ -156.48549, 20.7954 ], [ -156.49639, 20.79741 ], [ -156.50579, 20.79599 ], [ -156.49634, 20.79779 ], [ -156.48539, 20.79567 ], [ -156.47252, 20.78961 ], [ -156.46289, 20.78144 ] ] ] ] } },
{ "type": "Feature", "properties": { "id": 138.0, "Shape_Leng": 1051.9862972000001, "Shape_Area": 31038.274381899999 }, "geometry": { "type": "MultiPolygon", "coordinates": [ [ [ [ -156.5064, 20.79517 ], [ -156.50888, 20.79269 ], [ -156.50992, 20.79246 ], [ -156.50754, 20.7951 ], [ -156.5064, 20.79517 ] ] ] ] } },
{ "type": "Feature", "properties": { "id": 139.0, "Shape_Leng": 76.232191899100002, "Shape_Area": 264.05172992199999 }, "geometry": { "type": "MultiPolygon", "coordinates": [ [ [ [ -156.51557, 20.78651 ], [ -156.5156, 20.78643 ], [ -156.51586, 20.78649 ], [ -156.51585, 20.78657 ], [ -156.51557, 20.78651 ] ] ] ] } },
{ "type": "Feature", "properties": { "id": 140.0, "Shape_Leng": 79.707661532299994, "Shape_Area": 277.374827681 }, "geometry": { "type": "MultiPolygon", "coordinates": [ [ [ [ -156.51588, 20.78599 ], [ -156.51587, 20.78591 ], [ -156.51617, 20.78604 ], [ -156.51588, 20.78599 ] ] ] ] } },
{ "type": "Feature", "properties": { "id": 141.0, "Shape_Leng": 243.206158397, "Shape_Area": 2728.5569588600001 }, "geometry": { "type": "MultiPolygon", "coordinates": [ [ [ [ -156.51616, 20.78548 ], [ -156.51668, 20.7849 ], [ -156.517, 20.78501 ], [ -156.51648, 20.78559 ], [ -156.51616, 20.78548 ] ] ] ] } },
{ "type": "Feature", "properties": { "id": 142.0, "Shape_Leng": 94.332599360700002, "Shape_Area": 445.547520072 }, "geometry": { "type": "MultiPolygon", "coordinates": [ [ [ [ -156.51672, 20.78437 ], [ -156.51684, 20.78432 ], [ -156.51703, 20.78457 ], [ -156.51692, 20.78462 ], [ -156.51672, 20.78437 ] ] ] ] } },
{ "type": "Feature", "properties": { "id": 143.0, "Shape_Leng": 312.76143536000001, "Shape_Area": 3761.6262655800001 }, "geometry": { "type": "MultiPolygon", "coordinates": [ [ [ [ -156.5204, 20.78092 ], [ -156.52137, 20.78033 ], [ -156.52153, 20.78056 ], [ -156.5208, 20.78115 ], [ -156.5204, 20.78092 ] ] ] ] } },
{ "type": "Feature", "properties": { "id": 144.0, "Shape_Leng": 7050.6944693200003, "Shape_Area": 104681.982005 }, "geometry": { "type": "MultiPolygon", "coordinates": [ [ [ [ -156.56659, 20.79268 ], [ -156.57169, 20.7932 ], [ -156.58235, 20.79487 ], [ -156.58993, 20.79829 ], [ -156.59224, 20.79991 ], [ -156.59654, 20.80379 ], [ -156.58991, 20.79831 ], [ -156.58436, 20.79593 ], [ -156.56659, 20.79268 ] ] ] ] } },
{ "type": "Feature", "properties": { "id": 145.0, "Shape_Leng": 6209.7997849200001, "Shape_Area": 79961.993240900003 }, "geometry": { "type": "MultiPolygon", "coordinates": [ [ [ [ -156.59689, 20.8041 ], [ -156.60816, 20.81008 ], [ -156.61405, 20.81008 ], [ -156.61803, 20.80787 ], [ -156.61928, 20.80828 ], [ -156.62097, 20.80949 ], [ -156.62272, 20.80931 ], [ -156.6209, 20.81001 ], [ -156.61819, 20.80826 ], [ -156.61423, 20.81038 ], [ -156.60858, 20.81042 ], [ -156.60071, 20.8069 ], [ -156.59689, 20.8041 ] ] ] ] } },
{ "type": "Feature", "properties": { "id": 146.0, "Shape_Leng": 6450.3750915500004, "Shape_Area": 124209.652782 }, "geometry": { "type": "MultiPolygon", "coordinates": [ [ [ [ -156.62319, 20.80952 ], [ -156.62677, 20.81268 ], [ -156.62822, 20.81518 ], [ -156.6291, 20.8195 ], [ -156.6317, 20.82479 ], [ -156.63971, 20.83216 ], [ -156.63147, 20.82511 ], [ -156.62878, 20.82012 ], [ -156.62822, 20.8158 ], [ -156.62319, 20.80952 ] ] ] ] } },
{ "type": "Feature", "properties": { "id": 147.0, "Shape_Leng": 3101.5323229199998, "Shape_Area": 51768.740446000003 }, "geometry": { "type": "MultiPolygon", "coordinates": [ [ [ [ -156.64041, 20.8326 ], [ -156.64655, 20.83448 ], [ -156.64812, 20.83566 ], [ -156.65101, 20.84035 ], [ -156.64635, 20.83471 ], [ -156.64041, 20.8326 ] ] ] ] } },
{ "type": "Feature", "properties": { "id": 148.0, "Shape_Leng": 3447.55820567, "Shape_Area": 66242.9259915 }, "geometry": { "type": "MultiPolygon", "coordinates": [ [ [ [ -156.6516, 20.84158 ], [ -156.65228, 20.84197 ], [ -156.65242, 20.84211 ], [ -156.65323, 20.84321 ], [ -156.6554, 20.84715 ], [ -156.66097, 20.85294 ], [ -156.65354, 20.84579 ], [ -156.6516, 20.84158 ] ] ] ] } },
{ "type": "Feature", "properties": { "id": 149.0, "Shape_Leng": 1877.59860437, "Shape_Area": 41986.840541899997 }, "geometry": { "type": "MultiPolygon", "coordinates": [ [ [ [ -156.66219, 20.85354 ], [ -156.66835, 20.85869 ], [ -156.66801, 20.85924 ], [ -156.66183, 20.85389 ], [ -156.66219, 20.85354 ] ] ] ] } },
{ "type": "Feature", "properties": { "id": 150.0, "Shape_Leng": 1402.4042080500001, "Shape_Area": 26486.181488800001 }, "geometry": { "type": "MultiPolygon", "coordinates": [ [ [ [ -156.66945, 20.85937 ], [ -156.6704, 20.86202 ], [ -156.67289, 20.86389 ], [ -156.67043, 20.8629 ], [ -156.66945, 20.85937 ] ] ] ] } },
{ "type": "Feature", "properties": { "id": 151.0, "Shape_Leng": 1481.9491579400001, "Shape_Area": 16235.620202399999 }, "geometry": { "type": "MultiPolygon", "coordinates": [ [ [ [ -156.67346, 20.86478 ], [ -156.67578, 20.86752 ], [ -156.67738, 20.86998 ], [ -156.67693, 20.87002 ], [ -156.67346, 20.86478 ] ] ] ] } },
{ "type": "Feature", "properties": { "id": 152.0, "Shape_Leng": 864.20205822699995, "Shape_Area": 20160.033416300001 }, "geometry": { "type": "MultiPolygon", "coordinates": [ [ [ [ -156.67855, 20.87358 ], [ -156.68062, 20.87577 ], [ -156.6803, 20.87601 ], [ -156.67764, 20.87427 ], [ -156.67855, 20.87358 ] ] ] ] } },
{ "type": "Feature", "properties": { "id": 153.0, "Shape_Leng": 110.080168456, "Shape_Area": 700.80766648899998 }, "geometry": { "type": "MultiPolygon", "coordinates": [ [ [ [ -156.68104, 20.87672 ], [ -156.68078, 20.87692 ], [ -156.68066, 20.87678 ], [ -156.68092, 20.87658 ], [ -156.68104, 20.87672 ] ] ] ] } },
{ "type": "Feature", "properties": { "id": 154.0, "Shape_Leng": 1529.1569953200001, "Shape_Area": 32901.523426300002 }, "geometry": { "type": "MultiPolygon", "coordinates": [ [ [ [ -156.68217, 20.87804 ], [ -156.68465, 20.8802 ], [ -156.68573, 20.88065 ], [ -156.68742, 20.88195 ], [ -156.68295, 20.87987 ], [ -156.68163, 20.87855 ], [ -156.68217, 20.87804 ] ] ] ] } },
{ "type": "Feature", "properties": { "id": 155.0, "Shape_Leng": 623.22391500799995, "Shape_Area": 12661.6947733 }, "geometry": { "type": "MultiPolygon", "coordinates": [ [ [ [ -156.68762, 20.88237 ], [ -156.68738, 20.88352 ], [ -156.68668, 20.8846 ], [ -156.68615, 20.88403 ], [ -156.68762, 20.88237 ] ] ] ] } },
{ "type": "Feature", "properties": { "id": 156.0, "Shape_Leng": 2000.0653525600001, "Shape_Area": 35031.827374499997 }, "geometry": { "type": "MultiPolygon", "coordinates": [ [ [ [ -156.68583, 20.88593 ], [ -156.68488, 20.88831 ], [ -156.68551, 20.89138 ], [ -156.68507, 20.89425 ], [ -156.68453, 20.88824 ], [ -156.68583, 20.88593 ] ] ] ] } },
{ "type": "Feature", "properties": { "id": 157.0, "Shape_Leng": 274.85471420099998, "Shape_Area": 3636.3374270700001 }, "geometry": { "type": "MultiPolygon", "coordinates": [ [ [ [ -156.68503, 20.89529 ], [ -156.68516, 20.89618 ], [ -156.68481, 20.89623 ], [ -156.68467, 20.89534 ], [ -156.68503, 20.89529 ] ] ] ] } },
{ "type": "Feature", "properties": { "id": 158.0, "Shape_Leng": 1115.4456757299999, "Shape_Area": 25887.6947038 }, "geometry": { "type": "MultiPolygon", "coordinates": [ [ [ [ -156.68492, 20.90066 ], [ -156.6862, 20.9047 ], [ -156.68583, 20.90486 ], [ -156.68421, 20.90166 ], [ -156.68492, 20.90066 ] ] ] ] } },
{ "type": "Feature", "properties": { "id": 159.0, "Shape_Leng": 221.418356332, "Shape_Area": 2689.4666263700001 }, "geometry": { "type": "MultiPolygon", "coordinates": [ [ [ [ -156.68746, 20.907 ], [ -156.68757, 20.90735 ], [ -156.68697, 20.90765 ], [ -156.68691, 20.90727 ], [ -156.68746, 20.907 ] ] ] ] } },
{ "type": "Feature", "properties": { "id": 160.0, "Shape_Leng": 5125.1114637700002, "Shape_Area": 89900.526531800002 }, "geometry": { "type": "MultiPolygon", "coordinates": [ [ [ [ -156.68802, 20.90853 ], [ -156.68947, 20.9107 ], [ -156.69461, 20.91372 ], [ -156.69615, 20.91565 ], [ -156.69642, 20.91847 ], [ -156.69594, 20.92133 ], [ -156.69497, 20.92476 ], [ -156.69539, 20.92709 ], [ -156.69475, 20.92491 ], [ -156.69592, 20.92077 ], [ -156.69591, 20.91573 ], [ -156.69233, 20.91253 ], [ -156.68891, 20.91116 ], [ -156.68755, 20.90943 ], [ -156.68802, 20.90853 ] ] ] ] } },
{ "type": "Feature", "properties": { "id": 161.0, "Shape_Leng": 7971.1245433300001, "Shape_Area": 115558.330827 }, "geometry": { "type": "MultiPolygon", "coordinates": [ [ [ [ -156.69469, 20.92874 ], [ -156.69262, 20.9339 ], [ -156.69273, 20.93805 ], [ -156.69195, 20.94804 ], [ -156.69015, 20.95084 ], [ -156.68691, 20.95402 ], [ -156.68384, 20.9613 ], [ -156.68639, 20.95424 ], [ -156.69013, 20.95055 ], [ -156.69163, 20.94758 ], [ -156.69251, 20.93389 ], [ -156.69371, 20.92944 ], [ -156.69469, 20.92874 ] ] ] ] } },
{ "type": "Feature", "properties": { "id": 162.0, "Shape_Leng": 313.326058074, "Shape_Area": 4149.5869648400003 }, "geometry": { "type": "MultiPolygon", "coordinates": [ [ [ [ -156.68373, 20.96376 ], [ -156.68331, 20.96476 ], [ -156.683, 20.96463 ], [ -156.68345, 20.96363 ], [ -156.68373, 20.96376 ] ] ] ] } },
{ "type": "Feature", "properties": { "id": 163.0, "Shape_Leng": 576.81718497600002, "Shape_Area": 12784.5445576 }, "geometry": { "type": "MultiPolygon", "coordinates": [ [ [ [ -156.6827, 20.96592 ], [ -156.68129, 20.96731 ], [ -156.68106, 20.96717 ], [ -156.68223, 20.96538 ], [ -156.6827, 20.96592 ] ] ] ] } },
{ "type": "Feature", "properties": { "id": 164.0, "Shape_Leng": 2983.2133334599998, "Shape_Area": 52960.951598300002 }, "geometry": { "type": "MultiPolygon", "coordinates": [ [ [ [ -156.68118, 20.96801 ], [ -156.67797, 20.97732 ], [ -156.67548, 20.97912 ], [ -156.67766, 20.97719 ], [ -156.6798, 20.96958 ], [ -156.68118, 20.96801 ] ] ] ] } },
{ "type": "Feature", "properties": { "id": 165.0, "Shape_Leng": 427.872532347, "Shape_Area": 5991.3932390099999 }, "geometry": { "type": "MultiPolygon", "coordinates": [ [ [ [ -156.67587, 20.97981 ], [ -156.67444, 20.98072 ], [ -156.67426, 20.98045 ], [ -156.67503, 20.97991 ], [ -156.67587, 20.97981 ] ] ] ] } },
{ "type": "Feature", "properties": { "id": 166.0, "Shape_Leng": 343.97341008000001, "Shape_Area": 4001.73392358 }, "geometry": { "type": "MultiPolygon", "coordinates": [ [ [ [ -156.6737, 20.98136 ], [ -156.67333, 20.98245 ], [ -156.67311, 20.98242 ], [ -156.67336, 20.98115 ], [ -156.6737, 20.98136 ] ] ] ] } },
{ "type": "Feature", "properties": { "id": 167.0, "Shape_Leng": 778.51376463199995, "Shape_Area": 16181.4507684 }, "geometry": { "type": "MultiPolygon", "coordinates": [ [ [ [ -156.67284, 20.98391 ], [ -156.67217, 20.98636 ], [ -156.67137, 20.98616 ], [ -156.67179, 20.98439 ], [ -156.67284, 20.98391 ] ] ] ] } },
{ "type": "Feature", "properties": { "id": 168.0, "Shape_Leng": 104.98962000500001, "Shape_Area": 649.901197744 }, "geometry": { "type": "MultiPolygon", "coordinates": [ [ [ [ -156.66957, 20.98828 ], [ -156.66938, 20.98804 ], [ -156.66954, 20.98793 ], [ -156.66972, 20.98817 ], [ -156.66957, 20.98828 ] ] ] ] } },
{ "type": "Feature", "properties": { "id": 169.0, "Shape_Leng": 130.605012074, "Shape_Area": 906.06219440300003 }, "geometry": { "type": "MultiPolygon", "coordinates": [ [ [ [ -156.66939, 20.99055 ], [ -156.66905, 20.9908 ], [ -156.66893, 20.99066 ], [ -156.66928, 20.9904 ], [ -156.66939, 20.99055 ] ] ] ] } },
{ "type": "Feature", "properties": { "id": 170.0, "Shape_Leng": 168.04913663100001, "Shape_Area": 1686.3670193800001 }, "geometry": { "type": "MultiPolygon", "coordinates": [ [ [ [ -156.66835, 20.99113 ], [ -156.66809, 20.99141 ], [ -156.66781, 20.99114 ], [ -156.66805, 20.99086 ], [ -156.66835, 20.99113 ] ] ] ] } },
{ "type": "Feature", "properties": { "id": 171.0, "Shape_Leng": 866.32196832099999, "Shape_Area": 15137.760601800001 }, "geometry": { "type": "MultiPolygon", "coordinates": [ [ [ [ -156.6676, 20.99423 ], [ -156.66682, 20.99455 ], [ -156.66564, 20.99674 ], [ -156.66666, 20.99413 ], [ -156.6676, 20.99423 ] ] ] ] } },
{ "type": "Feature", "properties": { "id": 172.0, "Shape_Leng": 113.02980000300001, "Shape_Area": 730.30295443700004 }, "geometry": { "type": "MultiPolygon", "coordinates": [ [ [ [ -156.66742, 20.9981 ], [ -156.66707, 20.9981 ], [ -156.66707, 20.99792 ], [ -156.66743, 20.99792 ], [ -156.66742, 20.9981 ] ] ] ] } },
{ "type": "Feature", "properties": { "id": 173.0, "Shape_Leng": 585.49947356500002, "Shape_Area": 9386.9165233299991 }, "geometry": { "type": "MultiPolygon", "coordinates": [ [ [ [ -156.66688, 20.99873 ], [ -156.66638, 20.99914 ], [ -156.6661, 21.00061 ], [ -156.66595, 20.99917 ], [ -156.66688, 20.99873 ] ] ] ] } },
{ "type": "Feature", "properties": { "id": 174.0, "Shape_Leng": 100.072767379, "Shape_Area": 600.72747595600003 }, "geometry": { "type": "MultiPolygon", "coordinates": [ [ [ [ -156.66663, 21.00126 ], [ -156.66638, 21.00113 ], [ -156.66647, 21.00097 ], [ -156.66672, 21.00111 ], [ -156.66663, 21.00126 ] ] ] ] } },
{ "type": "Feature", "properties": { "id": 175.0, "Shape_Leng": 159.86080607, "Shape_Area": 1581.5131183399999 }, "geometry": { "type": "MultiPolygon", "coordinates": [ [ [ [ -156.66617, 21.00446 ], [ -156.66588, 21.0047 ], [ -156.66565, 21.00445 ], [ -156.6659, 21.00416 ], [ -156.66617, 21.00446 ] ] ] ] } },
{ "type": "Feature", "properties": { "id": 176.0, "Shape_Leng": 851.52524673100004, "Shape_Area": 10818.486347 }, "geometry": { "type": "MultiPolygon", "coordinates": [ [ [ [ -156.66148, 21.00392 ], [ -156.65778, 21.0043 ], [ -156.65771, 21.00406 ], [ -156.65996, 21.00352 ], [ -156.66148, 21.00392 ] ] ] ] } },
{ "type": "Feature", "properties": { "id": 177.0, "Shape_Leng": 1096.2820443600001, "Shape_Area": 14956.0368554 }, "geometry": { "type": "MultiPolygon", "coordinates": [ [ [ [ -156.65402, 21.00477 ], [ -156.65244, 21.0044 ], [ -156.64945, 21.00509 ], [ -156.65274, 21.00414 ], [ -156.65402, 21.00477 ] ] ] ] } },
{ "type": "Feature", "properties": { "id": 178.0, "Shape_Leng": 547.37221098199996, "Shape_Area": 11433.0727477 }, "geometry": { "type": "MultiPolygon", "coordinates": [ [ [ [ -156.64322, 21.01127 ], [ -156.64149, 21.01154 ], [ -156.64127, 21.01095 ], [ -156.64275, 21.01057 ], [ -156.64322, 21.01127 ] ] ] ] } },
{ "type": "Feature", "properties": { "id": 179.0, "Shape_Leng": 316.60360909399998, "Shape_Area": 4327.8806550899999 }, "geometry": { "type": "MultiPolygon", "coordinates": [ [ [ [ -156.63869, 21.01305 ], [ -156.6378, 21.01341 ], [ -156.63756, 21.01307 ], [ -156.63817, 21.01263 ], [ -156.63869, 21.01305 ] ] ] ] } },
{ "type": "Feature", "properties": { "id": 180.0, "Shape_Leng": 3857.02673585, "Shape_Area": 55449.626435300001 }, "geometry": { "type": "MultiPolygon", "coordinates": [ [ [ [ -156.50764, 20.93737 ], [ -156.50483, 20.93454 ], [ -156.49759, 20.93187 ], [ -156.49694, 20.93146 ], [ -156.49481, 20.9271 ], [ -156.49733, 20.9316 ], [ -156.50494, 20.93426 ], [ -156.50764, 20.93737 ] ] ] ] } },
{ "type": "Feature", "properties": { "id": 181.0, "Shape_Leng": 2050.3844141700001, "Shape_Area": 39083.196748599999 }, "geometry": { "type": "MultiPolygon", "coordinates": [ [ [ [ -156.49423, 20.92651 ], [ -156.49321, 20.92466 ], [ -156.49161, 20.91806 ], [ -156.49244, 20.91892 ], [ -156.49423, 20.92651 ] ] ] ] } },
{ "type": "Feature", "properties": { "id": 182.0, "Shape_Leng": 2688.5688305399999, "Shape_Area": 36072.053054999997 }, "geometry": { "type": "MultiPolygon", "coordinates": [ [ [ [ -156.49156, 20.9176 ], [ -156.49183, 20.91522 ], [ -156.49032, 20.91233 ], [ -156.48835, 20.9102 ], [ -156.48525, 20.91036 ], [ -156.4861, 20.90963 ], [ -156.48846, 20.90998 ], [ -156.49056, 20.91217 ], [ -156.49224, 20.91568 ], [ -156.49156, 20.9176 ] ] ] ] } },
{ "type": "Feature", "properties": { "id": 183.0, "Shape_Leng": 3022.1359832799999, "Shape_Area": 45308.461648099998 }, "geometry": { "type": "MultiPolygon", "coordinates": [ [ [ [ -156.4847, 20.90991 ], [ -156.48456, 20.90997 ], [ -156.48437, 20.9099 ], [ -156.48354, 20.90886 ], [ -156.4812, 20.90432 ], [ -156.48015, 20.8981 ], [ -156.48137, 20.90001 ], [ -156.4817, 20.90468 ], [ -156.4847, 20.90991 ] ] ] ] } },
{ "type": "Feature", "properties": { "id": 184.0, "Shape_Leng": 2074.6575442100002, "Shape_Area": 46276.130375599998 }, "geometry": { "type": "MultiPolygon", "coordinates": [ [ [ [ -156.47878, 20.89559 ], [ -156.47381, 20.89128 ], [ -156.473, 20.89104 ], [ -156.47206, 20.89123 ], [ -156.47173, 20.8915 ], [ -156.47167, 20.89144 ], [ -156.47204, 20.8911 ], [ -156.47409, 20.89032 ], [ -156.47836, 20.89406 ], [ -156.47878, 20.89559 ] ] ] ] } },
{ "type": "Feature", "properties": { "id": 185.0, "Shape_Leng": 826.22339691599996, "Shape_Area": 12599.6858761 }, "geometry": { "type": "MultiPolygon", "coordinates": [ [ [ [ -156.47031, 20.89164 ], [ -156.46763, 20.89391 ], [ -156.46741, 20.89374 ], [ -156.4681, 20.89264 ], [ -156.47031, 20.89164 ] ] ] ] } },
{ "type": "Feature", "properties": { "id": 186.0, "Shape_Leng": 1379.50350675, "Shape_Area": 23614.720599600001 }, "geometry": { "type": "MultiPolygon", "coordinates": [ [ [ [ -156.46102, 20.89698 ], [ -156.45912, 20.89723 ], [ -156.45492, 20.89676 ], [ -156.46013, 20.89641 ], [ -156.46102, 20.89698 ] ] ] ] } },
{ "type": "Feature", "properties": { "id": 187.0, "Shape_Leng": 1564.7585011799999, "Shape_Area": 39420.816372100002 }, "geometry": { "type": "MultiPolygon", "coordinates": [ [ [ [ -156.45341, 20.89633 ], [ -156.44818, 20.89702 ], [ -156.4471, 20.89802 ], [ -156.44894, 20.89629 ], [ -156.45336, 20.89556 ], [ -156.45341, 20.89633 ] ] ] ] } },
{ "type": "Feature", "properties": { "id": 188.0, "Shape_Leng": 1463.6091998100001, "Shape_Area": 19875.393377799999 }, "geometry": { "type": "MultiPolygon", "coordinates": [ [ [ [ -156.44666, 20.89917 ], [ -156.44357, 20.8992 ], [ -156.44042, 20.90044 ], [ -156.44346, 20.89888 ], [ -156.44666, 20.89917 ] ] ] ] } },
{ "type": "Feature", "properties": { "id": 189.0, "Shape_Leng": 424.63718693700002, "Shape_Area": 2297.0101397100002 }, "geometry": { "type": "MultiPolygon", "coordinates": [ [ [ [ -156.43751, 20.90265 ], [ -156.43674, 20.90331 ], [ -156.43571, 20.90321 ], [ -156.43667, 20.90311 ], [ -156.43751, 20.90265 ] ] ] ] } },
{ "type": "Feature", "properties": { "id": 190.0, "Shape_Leng": 3554.0193618100002, "Shape_Area": 85226.856266899995 }, "geometry": { "type": "MultiPolygon", "coordinates": [ [ [ [ -156.43307, 20.90406 ], [ -156.43096, 20.90618 ], [ -156.42824, 20.90819 ], [ -156.42305, 20.90991 ], [ -156.41929, 20.90806 ], [ -156.42058, 20.9079 ], [ -156.42243, 20.90943 ], [ -156.42561, 20.90862 ], [ -156.42927, 20.90709 ], [ -156.43307, 20.90406 ] ] ] ] } },
{ "type": "Feature", "properties": { "id": 191.0, "Shape_Leng": 1377.1151748499999, "Shape_Area": 41456.8985244 }, "geometry": { "type": "MultiPolygon", "coordinates": [ [ [ [ -156.41761, 20.90775 ], [ -156.41459, 20.90825 ], [ -156.41192, 20.90744 ], [ -156.41632, 20.90698 ], [ -156.41761, 20.90775 ] ] ] ] } },
{ "type": "Feature", "properties": { "id": 192.0, "Shape_Leng": 741.03339262300005, "Shape_Area": 13383.0327115 }, "geometry": { "type": "MultiPolygon", "coordinates": [ [ [ [ -156.4108, 20.90949 ], [ -156.40824, 20.91029 ], [ -156.40801, 20.90986 ], [ -156.40927, 20.909 ], [ -156.4108, 20.90949 ] ] ] ] } },
{ "type": "Feature", "properties": { "id": 193.0, "Shape_Leng": 216.51163964400001, "Shape_Area": 1691.9910854499999 }, "geometry": { "type": "MultiPolygon", "coordinates": [ [ [ [ -156.40742, 20.91078 ], [ -156.40721, 20.91079 ], [ -156.40684, 20.91008 ], [ -156.40708, 20.91012 ], [ -156.40742, 20.91078 ] ] ] ] } },
{ "type": "Feature", "properties": { "id": 194.0, "Shape_Leng": 532.20202233500004, "Shape_Area": 2293.9477836699998 }, "geometry": { "type": "MultiPolygon", "coordinates": [ [ [ [ -156.4029, 20.91247 ], [ -156.40133, 20.91285 ], [ -156.40053, 20.91247 ], [ -156.40169, 20.91269 ], [ -156.4029, 20.91247 ] ] ] ] } },
{ "type": "Feature", "properties": { "id": 195.0, "Shape_Leng": 2124.9011738600002, "Shape_Area": 47472.076239100003 }, "geometry": { "type": "MultiPolygon", "coordinates": [ [ [ [ -156.39999, 20.91252 ], [ -156.39518, 20.913 ], [ -156.39095, 20.91502 ], [ -156.39158, 20.9137 ], [ -156.39702, 20.91204 ], [ -156.39999, 20.91252 ] ] ] ] } },
{ "type": "Feature", "properties": { "id": 196.0, "Shape_Leng": 1698.2173524499999, "Shape_Area": 31464.158189199999 }, "geometry": { "type": "MultiPolygon", "coordinates": [ [ [ [ -156.38941, 20.9151 ], [ -156.38445, 20.91559 ], [ -156.38217, 20.91657 ], [ -156.38439, 20.91533 ], [ -156.38941, 20.9151 ] ] ] ] } },
{ "type": "Feature", "properties": { "id": 197.0, "Shape_Leng": 539.12604702099998, "Shape_Area": 12252.041246500001 }, "geometry": { "type": "MultiPolygon", "coordinates": [ [ [ [ -156.37916, 20.91935 ], [ -156.37779, 20.92037 ], [ -156.37741, 20.91978 ], [ -156.37837, 20.91883 ], [ -156.37916, 20.91935 ] ] ] ] } },
{ "type": "Feature", "properties": { "id": 198.0, "Shape_Leng": 625.81788409700005, "Shape_Area": 10924.875076599999 }, "geometry": { "type": "MultiPolygon", "coordinates": [ [ [ [ -156.37596, 20.92255 ], [ -156.37377, 20.92238 ], [ -156.37368, 20.92198 ], [ -156.37499, 20.92169 ], [ -156.37596, 20.92255 ] ] ] ] } },
{ "type": "Feature", "properties": { "id": 199.0, "Shape_Leng": 167.07148829100001, "Shape_Area": 1713.5006116699999 }, "geometry": { "type": "MultiPolygon", "coordinates": [ [ [ [ -156.3714, 20.92383 ], [ -156.3711, 20.92404 ], [ -156.37084, 20.92376 ], [ -156.37112, 20.92351 ], [ -156.3714, 20.92383 ] ] ] ] } },
{ "type": "Feature", "properties": { "id": 200.0, "Shape_Leng": 443.98346467599998, "Shape_Area": 10154.7562015 }, "geometry": { "type": "MultiPolygon", "coordinates": [ [ [ [ -156.37097, 20.92503 ], [ -156.36974, 20.92589 ], [ -156.36942, 20.92554 ], [ -156.37057, 20.92457 ], [ -156.37097, 20.92503 ] ] ] ] } },
{ "type": "Feature", "properties": { "id": 201.0, "Shape_Leng": 504.63866154499999, "Shape_Area": 7660.8025039000004 }, "geometry": { "type": "MultiPolygon", "coordinates": [ [ [ [ -156.37024, 20.92832 ], [ -156.36873, 20.92953 ], [ -156.36846, 20.92917 ], [ -156.36994, 20.92818 ], [ -156.37024, 20.92832 ] ] ] ] } },
{ "type": "Feature", "properties": { "id": 202.0, "Shape_Leng": 200.76074582000001, "Shape_Area": 2263.31014461 }, "geometry": { "type": "MultiPolygon", "coordinates": [ [ [ [ -156.36788, 20.92936 ], [ -156.36729, 20.92933 ], [ -156.36724, 20.92905 ], [ -156.36781, 20.92896 ], [ -156.36788, 20.92936 ] ] ] ] } },
{ "type": "Feature", "properties": { "id": 203.0, "Shape_Leng": 495.47284144299999, "Shape_Area": 6516.3968232899997 }, "geometry": { "type": "MultiPolygon", "coordinates": [ [ [ [ -156.36438, 20.9307 ], [ -156.36317, 20.93126 ], [ -156.36235, 20.93134 ], [ -156.36402, 20.93046 ], [ -156.36438, 20.9307 ] ] ] ] } },
{ "type": "Feature", "properties": { "id": 204.0, "Shape_Leng": 871.382961454, "Shape_Area": 7536.3941688799996 }, "geometry": { "type": "MultiPolygon", "coordinates": [ [ [ [ -156.3594, 20.93322 ], [ -156.35746, 20.93339 ], [ -156.35574, 20.93434 ], [ -156.35756, 20.93306 ], [ -156.3594, 20.93322 ] ] ] ] } },
{ "type": "Feature", "properties": { "id": 205.0, "Shape_Leng": 23015.227985900001, "Shape_Area": 329402.01800899999 }, "geometry": { "type": "MultiPolygon", "coordinates": [ [ [ [ -158.23445, 21.57964 ], [ -158.21864, 21.5785 ], [ -158.21406, 21.58024 ], [ -158.20752, 21.58185 ], [ -158.20281, 21.58154 ], [ -158.20046, 21.58256 ], [ -158.19525, 21.58132 ], [ -158.1908, 21.58261 ], [ -158.18771, 21.58239 ], [ -158.18512, 21.58133 ], [ -158.18326, 21.58146 ], [ -158.17959, 21.58008 ], [ -158.17342, 21.58148 ], [ -158.1679, 21.57879 ], [ -158.16536, 21.57951 ], [ -158.1642, 21.58021 ], [ -158.1631, 21.58057 ], [ -158.15866, 21.57967 ], [ -158.15538, 21.58071 ], [ -158.15197, 21.58045 ], [ -158.14384, 21.58279 ], [ -158.13794, 21.58399 ], [ -158.13563, 21.58381 ], [ -158.13228, 21.58237 ], [ -158.12988, 21.58217 ], [ -158.13231, 21.58214 ], [ -158.13584, 21.58354 ], [ -158.13908, 21.58362 ], [ -158.15153, 21.58031 ], [ -158.15538, 21.58053 ], [ -158.15846, 21.57937 ], [ -158.16335, 21.58046 ], [ -158.16529, 21.57936 ], [ -158.1679, 21.57862 ], [ -158.17121, 21.57989 ], [ -158.17182, 21.58034 ], [ -158.17249, 21.58069 ], [ -158.17277, 21.58096 ], [ -158.17309, 21.58116 ], [ -158.17326, 21.58125 ], [ -158.17963, 21.57966 ], [ -158.18193, 21.57997 ], [ -158.18259, 21.58104 ], [ -158.1852, 21.5811 ], [ -158.19061, 21.58235 ], [ -158.19486, 21.58111 ], [ -158.20027, 21.58233 ], [ -158.2026, 21.58127 ], [ -158.20745, 21.58161 ], [ -158.21943, 21.57802 ], [ -158.22424, 21.57881 ], [ -158.2289, 21.57824 ], [ -158.23445, 21.57964 ] ] ] ] } },
{ "type": "Feature", "properties": { "id": 206.0, "Shape_Leng": 950.97341448500003, "Shape_Area": 8653.4644564400005 }, "geometry": { "type": "MultiPolygon", "coordinates": [ [ [ [ -158.12651, 21.58264 ], [ -158.12351, 21.58296 ], [ -158.12233, 21.58358 ], [ -158.12339, 21.5828 ], [ -158.12651, 21.58264 ] ] ] ] } },
{ "type": "Feature", "properties": { "id": 207.0, "Shape_Leng": 756.13723214300001, "Shape_Area": 10535.161954900001 }, "geometry": { "type": "MultiPolygon", "coordinates": [ [ [ [ -158.11879, 21.58209 ], [ -158.11622, 21.58399 ], [ -158.11607, 21.5838 ], [ -158.11853, 21.58175 ], [ -158.11879, 21.58209 ] ] ] ] } },
{ "type": "Feature", "properties": { "id": 208.0, "Shape_Leng": 674.99676899600001, "Shape_Area": 4899.2747946400004 }, "geometry": { "type": "MultiPolygon", "coordinates": [ [ [ [ -158.11709, 21.58893 ], [ -158.11477, 21.58912 ], [ -158.11401, 21.58887 ], [ -158.11689, 21.58873 ], [ -158.11709, 21.58893 ] ] ] ] } },
{ "type": "Feature", "properties": { "id": 209.0, "Shape_Leng": 1369.8896134, "Shape_Area": 5255.1593682700004 }, "geometry": { "type": "MultiPolygon", "coordinates": [ [ [ [ -158.11374, 21.58884 ], [ -158.11104, 21.59014 ], [ -158.10987, 21.59224 ], [ -158.10933, 21.59276 ], [ -158.11099, 21.5901 ], [ -158.11374, 21.58884 ] ] ] ] } },
{ "type": "Feature", "properties": { "id": 210.0, "Shape_Leng": 245.69294103199999, "Shape_Area": 1862.3004044899999 }, "geometry": { "type": "MultiPolygon", "coordinates": [ [ [ [ -158.10871, 21.5937 ], [ -158.10784, 21.59411 ], [ -158.1077, 21.59394 ], [ -158.10842, 21.59363 ], [ -158.10871, 21.5937 ] ] ] ] } },
{ "type": "Feature", "properties": { "id": 211.0, "Shape_Leng": 149.40022397000001, "Shape_Area": 1235.0300217 }, "geometry": { "type": "MultiPolygon", "coordinates": [ [ [ [ -158.10717, 21.59448 ], [ -158.10685, 21.59467 ], [ -158.10669, 21.59446 ], [ -158.10698, 21.59423 ], [ -158.10717, 21.59448 ] ] ] ] } },
{ "type": "Feature", "properties": { "id": 212.0, "Shape_Leng": 1120.27700607, "Shape_Area": 33319.924757699999 }, "geometry": { "type": "MultiPolygon", "coordinates": [ [ [ [ -158.10317, 21.59626 ], [ -158.10394, 21.60039 ], [ -158.10309, 21.60055 ], [ -158.10261, 21.59613 ], [ -158.10317, 21.59626 ] ] ] ] } },
{ "type": "Feature", "properties": { "id": 213.0, "Shape_Leng": 206.90756458199999, "Shape_Area": 1739.7217415600001 }, "geometry": { "type": "MultiPolygon", "coordinates": [ [ [ [ -158.10456, 21.60104 ], [ -158.10473, 21.60174 ], [ -158.10451, 21.60178 ], [ -158.10434, 21.60126 ], [ -158.10456, 21.60104 ] ] ] ] } },
{ "type": "Feature", "properties": { "id": 214.0, "Shape_Leng": 2524.14207265, "Shape_Area": 32858.2947929 }, "geometry": { "type": "MultiPolygon", "coordinates": [ [ [ [ -158.09491, 21.61271 ], [ -158.09442, 21.61334 ], [ -158.09008, 21.61502 ], [ -158.08529, 21.61876 ], [ -158.08995, 21.61482 ], [ -158.09491, 21.61271 ] ] ] ] } },
{ "type": "Feature", "properties": { "id": 215.0, "Shape_Leng": 2164.0763951, "Shape_Area": 22058.121199500001 }, "geometry": { "type": "MultiPolygon", "coordinates": [ [ [ [ -158.08198, 21.62154 ], [ -158.08083, 21.62355 ], [ -158.07715, 21.62498 ], [ -158.07532, 21.62701 ], [ -158.07448, 21.62744 ], [ -158.077, 21.62481 ], [ -158.08052, 21.62354 ], [ -158.08198, 21.62154 ] ] ] ] } },
{ "type": "Feature", "properties": { "id": 216.0, "Shape_Leng": 754.57338283700005, "Shape_Area": 10011.605895299999 }, "geometry": { "type": "MultiPolygon", "coordinates": [ [ [ [ -158.07354, 21.62888 ], [ -158.07229, 21.63035 ], [ -158.07154, 21.63141 ], [ -158.07194, 21.63031 ], [ -158.07354, 21.62888 ] ] ] ] } },
{ "type": "Feature", "properties": { "id": 217.0, "Shape_Leng": 1212.44797004, "Shape_Area": 7312.57441827 }, "geometry": { "type": "MultiPolygon", "coordinates": [ [ [ [ -158.0654, 21.63819 ], [ -158.06317, 21.63947 ], [ -158.06318, 21.63968 ], [ -158.0626, 21.64062 ], [ -158.06254, 21.64185 ], [ -158.06239, 21.64197 ], [ -158.06255, 21.6406 ], [ -158.06307, 21.63941 ], [ -158.0654, 21.63819 ] ] ] ] } },
{ "type": "Feature", "properties": { "id": 218.0, "Shape_Leng": 228.45785878800001, "Shape_Area": 2792.3056405299999 }, "geometry": { "type": "MultiPolygon", "coordinates": [ [ [ [ -158.06383, 21.64545 ], [ -158.06344, 21.64606 ], [ -158.06313, 21.64589 ], [ -158.06356, 21.6453 ], [ -158.06383, 21.64545 ] ] ] ] } },
{ "type": "Feature", "properties": { "id": 219.0, "Shape_Leng": 12398.768982400001, "Shape_Area": 199861.44344500001 }, "geometry": { "type": "MultiPolygon", "coordinates": [ [ [ [ -158.06086, 21.65506 ], [ -158.05708, 21.65966 ], [ -158.04849, 21.66717 ], [ -158.04645, 21.67019 ], [ -158.04007, 21.67424 ], [ -158.03899, 21.67885 ], [ -158.03785, 21.68053 ], [ -158.03654, 21.68104 ], [ -158.03429, 21.68112 ], [ -158.0329, 21.68174 ], [ -158.03001, 21.68689 ], [ -158.02467, 21.68911 ], [ -158.02164, 21.69162 ], [ -158.02451, 21.68894 ], [ -158.02985, 21.6867 ], [ -158.0328, 21.68157 ], [ -158.0346, 21.68094 ], [ -158.03653, 21.6809 ], [ -158.03758, 21.68039 ], [ -158.03993, 21.67391 ], [ -158.04631, 21.66999 ], [ -158.04834, 21.6667 ], [ -158.05677, 21.6594 ], [ -158.05976, 21.6551 ], [ -158.06086, 21.65506 ] ] ] ] } },
{ "type": "Feature", "properties": { "id": 220.0, "Shape_Leng": 342.988406677, "Shape_Area": 4033.7061574 }, "geometry": { "type": "MultiPolygon", "coordinates": [ [ [ [ -158.0209, 21.69256 ], [ -158.01964, 21.69303 ], [ -158.01952, 21.69279 ], [ -158.02079, 21.69233 ], [ -158.0209, 21.69256 ] ] ] ] } },
{ "type": "Feature", "properties": { "id": 221.0, "Shape_Leng": 733.81555625, "Shape_Area": 8961.8492938199997 }, "geometry": { "type": "MultiPolygon", "coordinates": [ [ [ [ -158.01586, 21.69612 ], [ -158.01504, 21.69721 ], [ -158.01336, 21.69815 ], [ -158.01566, 21.69599 ], [ -158.01586, 21.69612 ] ] ] ] } },
{ "type": "Feature", "properties": { "id": 222.0, "Shape_Leng": 1659.45413379, "Shape_Area": 16009.1185556 }, "geometry": { "type": "MultiPolygon", "coordinates": [ [ [ [ -158.01333, 21.69656 ], [ -158.01215, 21.69579 ], [ -158.01006, 21.69614 ], [ -158.00789, 21.699 ], [ -158.00995, 21.69603 ], [ -158.01243, 21.69564 ], [ -158.01333, 21.69656 ] ] ] ] } },
{ "type": "Feature", "properties": { "id": 223.0, "Shape_Leng": 722.207764548, "Shape_Area": 7514.0068291300004 }, "geometry": { "type": "MultiPolygon", "coordinates": [ [ [ [ -158.00872, 21.69999 ], [ -158.00667, 21.70025 ], [ -158.00555, 21.69997 ], [ -158.00854, 21.69967 ], [ -158.00872, 21.69999 ] ] ] ] } },
{ "type": "Feature", "properties": { "id": 224.0, "Shape_Leng": 392.82721599199999, "Shape_Area": 5293.8548974400001 }, "geometry": { "type": "MultiPolygon", "coordinates": [ [ [ [ -158.00358, 21.69928 ], [ -158.00205, 21.69951 ], [ -158.00201, 21.69919 ], [ -158.00353, 21.69896 ], [ -158.00358, 21.69928 ] ] ] ] } },
{ "type": "Feature", "properties": { "id": 225.0, "Shape_Leng": 395.68693672000001, "Shape_Area": 4283.57585165 }, "geometry": { "type": "MultiPolygon", "coordinates": [ [ [ [ -157.99792, 21.70518 ], [ -157.99656, 21.70545 ], [ -157.99638, 21.70523 ], [ -157.99756, 21.70484 ], [ -157.99792, 21.70518 ] ] ] ] } },
{ "type": "Feature", "properties": { "id": 226.0, "Shape_Leng": 818.00055804600004, "Shape_Area": 15379.7417291 }, "geometry": { "type": "MultiPolygon", "coordinates": [ [ [ [ -157.99354, 21.70515 ], [ -157.99028, 21.70448 ], [ -157.9903, 21.7041 ], [ -157.99146, 21.70401 ], [ -157.99354, 21.70515 ] ] ] ] } },
{ "type": "Feature", "properties": { "id": 227.0, "Shape_Leng": 756.06130685699998, "Shape_Area": 8708.1713608900009 }, "geometry": { "type": "MultiPolygon", "coordinates": [ [ [ [ -157.98028, 21.70937 ], [ -157.97841, 21.70893 ], [ -157.977, 21.70905 ], [ -157.97787, 21.70868 ], [ -157.98028, 21.70937 ] ] ] ] } },
{ "type": "Feature", "properties": { "id": 228.0, "Shape_Leng": 64.389036974600003, "Shape_Area": 243.09865091099999 }, "geometry": { "type": "MultiPolygon", "coordinates": [ [ [ [ -157.96613, 21.70806 ], [ -157.96603, 21.7079 ], [ -157.96613, 21.70784 ], [ -157.96622, 21.708 ], [ -157.96613, 21.70806 ] ] ] ] } },
{ "type": "Feature", "properties": { "id": 229.0, "Shape_Leng": 108.112025661, "Shape_Area": 559.39053171800003 }, "geometry": { "type": "MultiPolygon", "coordinates": [ [ [ [ -157.96533, 21.70701 ], [ -157.96499, 21.70683 ], [ -157.96507, 21.70672 ], [ -157.9654, 21.7069 ], [ -157.96533, 21.70701 ] ] ] ] } },
{ "type": "Feature", "properties": { "id": 230.0, "Shape_Leng": 191.07440038600001, "Shape_Area": 1208.23131438 }, "geometry": { "type": "MultiPolygon", "coordinates": [ [ [ [ -157.96392, 21.70453 ], [ -157.96349, 21.70393 ], [ -157.96362, 21.70384 ], [ -157.96403, 21.70446 ], [ -157.96392, 21.70453 ] ] ] ] } },
{ "type": "Feature", "properties": { "id": 231.0, "Shape_Leng": 127.583859354, "Shape_Area": 923.39893793600004 }, "geometry": { "type": "MultiPolygon", "coordinates": [ [ [ [ -157.95805, 21.70051 ], [ -157.95788, 21.70019 ], [ -157.95805, 21.7001 ], [ -157.95827, 21.70039 ], [ -157.95805, 21.70051 ] ] ] ] } },
{ "type": "Feature", "properties": { "id": 232.0, "Shape_Leng": 439.23800186199998, "Shape_Area": 3723.3876053 }, "geometry": { "type": "MultiPolygon", "coordinates": [ [ [ [ -157.94926, 21.69085 ], [ -157.94821, 21.68934 ], [ -157.94832, 21.68928 ], [ -157.94912, 21.69009 ], [ -157.94926, 21.69085 ] ] ] ] } },
{ "type": "Feature", "properties": { "id": 233.0, "Shape_Leng": 558.87315302900004, "Shape_Area": 2233.9138115400001 }, "geometry": { "type": "MultiPolygon", "coordinates": [ [ [ [ -157.94541, 21.68497 ], [ -157.94527, 21.6844 ], [ -157.94406, 21.6829 ], [ -157.94535, 21.68435 ], [ -157.94541, 21.68497 ] ] ] ] } },
{ "type": "Feature", "properties": { "id": 234.0, "Shape_Leng": 562.16220905600005, "Shape_Area": 666.66911868099999 }, "geometry": { "type": "MultiPolygon", "coordinates": [ [ [ [ -157.94357, 21.68207 ], [ -157.94352, 21.68202 ], [ -157.9434, 21.68188 ], [ -157.94329, 21.68173 ], [ -157.94284, 21.68114 ], [ -157.94241, 21.68076 ], [ -157.9423, 21.68061 ], [ -157.94206, 21.68011 ], [ -157.94203, 21.68001 ], [ -157.94357, 21.68207 ] ] ] ] } },
{ "type": "Feature", "properties": { "id": 235.0, "Shape_Leng": 1461.93677303, "Shape_Area": 12197.1697035 }, "geometry": { "type": "MultiPolygon", "coordinates": [ [ [ [ -157.93643, 21.67235 ], [ -157.93719, 21.66948 ], [ -157.93617, 21.66618 ], [ -157.93743, 21.66967 ], [ -157.93643, 21.67235 ] ] ] ] } },
{ "type": "Feature", "properties": { "id": 236.0, "Shape_Leng": 3182.9821916199999, "Shape_Area": 19963.112327399998 }, "geometry": { "type": "MultiPolygon", "coordinates": [ [ [ [ -157.93611, 21.66605 ], [ -157.93239, 21.66259 ], [ -157.9274, 21.66116 ], [ -157.92765, 21.65803 ], [ -157.9283, 21.65688 ], [ -157.92752, 21.66102 ], [ -157.931, 21.66193 ], [ -157.93276, 21.66271 ], [ -157.93611, 21.66605 ] ] ] ] } },
{ "type": "Feature", "properties": { "id": 237.0, "Shape_Leng": 94.761456049700001, "Shape_Area": 21.817408113900001 }, "geometry": { "type": "MultiPolygon", "coordinates": [ [ [ [ -157.92849, 21.65646 ], [ -157.92863, 21.65615 ], [ -157.92864, 21.65606 ], [ -157.92863, 21.65616 ], [ -157.92849, 21.65646 ] ] ] ] } },
{ "type": "Feature", "properties": { "id": 238.0, "Shape_Leng": 1505.49621637, "Shape_Area": 5425.91830553 }, "geometry": { "type": "MultiPolygon", "coordinates": [ [ [ [ -157.92844, 21.65413 ], [ -157.92802, 21.65322 ], [ -157.92788, 21.65268 ], [ -157.92453, 21.65092 ], [ -157.92354, 21.65023 ], [ -157.92327, 21.64983 ], [ -157.92791, 21.65266 ], [ -157.92844, 21.65413 ] ] ] ] } },
{ "type": "Feature", "properties": { "id": 239.0, "Shape_Leng": 285.49820723200003, "Shape_Area": 1859.9732933800001 }, "geometry": { "type": "MultiPolygon", "coordinates": [ [ [ [ -157.92388, 21.66231 ], [ -157.92325, 21.66322 ], [ -157.92309, 21.66314 ], [ -157.9233, 21.66263 ], [ -157.92388, 21.66231 ] ] ] ] } },
{ "type": "Feature", "properties": { "id": 240.0, "Shape_Leng": 4145.3082148900003, "Shape_Area": 52643.7377223 }, "geometry": { "type": "MultiPolygon", "coordinates": [ [ [ [ -157.91772, 21.64739 ], [ -157.91907, 21.64384 ], [ -157.91827, 21.63927 ], [ -157.9191, 21.63679 ], [ -157.91867, 21.63459 ], [ -157.92132, 21.63038 ], [ -157.91907, 21.63443 ], [ -157.91974, 21.63682 ], [ -157.91851, 21.63929 ], [ -157.91925, 21.64385 ], [ -157.91772, 21.64739 ] ] ] ] } },
{ "type": "Feature", "properties": { "id": 241.0, "Shape_Leng": 167.918469426, "Shape_Area": 364.85704851899999 }, "geometry": { "type": "MultiPolygon", "coordinates": [ [ [ [ -157.92115, 21.62877 ], [ -157.92136, 21.62825 ], [ -157.92137, 21.62809 ], [ -157.92139, 21.62825 ], [ -157.92123, 21.62878 ], [ -157.92115, 21.62877 ] ] ] ] } },
{ "type": "Feature", "properties": { "id": 242.0, "Shape_Leng": 8399.2469903799993, "Shape_Area": 90190.425781099999 }, "geometry": { "type": "MultiPolygon", "coordinates": [ [ [ [ -157.91967, 21.62518 ], [ -157.91833, 21.62461 ], [ -157.91266, 21.61993 ], [ -157.91295, 21.6145 ], [ -157.90965, 21.61068 ], [ -157.90878, 21.60845 ], [ -157.90743, 21.60748 ], [ -157.90543, 21.60723 ], [ -157.90169, 21.60543 ], [ -157.89872, 21.60312 ], [ -157.89785, 21.60209 ], [ -157.89686, 21.59859 ], [ -157.89988, 21.6038 ], [ -157.90182, 21.60532 ], [ -157.9075, 21.60737 ], [ -157.9089, 21.60838 ], [ -157.91315, 21.61445 ], [ -157.91296, 21.61979 ], [ -157.91967, 21.62518 ] ] ] ] } },
{ "type": "Feature", "properties": { "id": 243.0, "Shape_Leng": 4764.3666698899997, "Shape_Area": 37256.077538400001 }, "geometry": { "type": "MultiPolygon", "coordinates": [ [ [ [ -157.8962, 21.59727 ], [ -157.89467, 21.59396 ], [ -157.89209, 21.59248 ], [ -157.89006, 21.59081 ], [ -157.88896, 21.58954 ], [ -157.88522, 21.57967 ], [ -157.88644, 21.5811 ], [ -157.8891, 21.58941 ], [ -157.8948, 21.59386 ], [ -157.8962, 21.59727 ] ] ] ] } },
{ "type": "Feature", "properties": { "id": 244.0, "Shape_Leng": 4025.9538083000002, "Shape_Area": 64849.740473999998 }, "geometry": { "type": "MultiPolygon", "coordinates": [ [ [ [ -157.88366, 21.57812 ], [ -157.87727, 21.57513 ], [ -157.87504, 21.57279 ], [ -157.87504, 21.56497 ], [ -157.87527, 21.57261 ], [ -157.87773, 21.57508 ], [ -157.88366, 21.57812 ] ] ] ] } },
{ "type": "Feature", "properties": { "id": 245.0, "Shape_Leng": 309.08721578000001, "Shape_Area": 1106.1236621 }, "geometry": { "type": "MultiPolygon", "coordinates": [ [ [ [ -157.87642, 21.55816 ], [ -157.87621, 21.55763 ], [ -157.87569, 21.55703 ], [ -157.87628, 21.55758 ], [ -157.87642, 21.55816 ] ] ] ] } },
{ "type": "Feature", "properties": { "id": 246.0, "Shape_Leng": 854.18695142900003, "Shape_Area": 9024.3117973000008 }, "geometry": { "type": "MultiPolygon", "coordinates": [ [ [ [ -157.87359, 21.55605 ], [ -157.86981, 21.55607 ], [ -157.86974, 21.55567 ], [ -157.87167, 21.55553 ], [ -157.87359, 21.55605 ] ] ] ] } },
{ "type": "Feature", "properties": { "id": 247.0, "Shape_Leng": 1826.6680839200001, "Shape_Area": 20037.062200100001 }, "geometry": { "type": "MultiPolygon", "coordinates": [ [ [ [ -157.86412, 21.56032 ], [ -157.85619, 21.55747 ], [ -157.85628, 21.55724 ], [ -157.86015, 21.5584 ], [ -157.86412, 21.56032 ] ] ] ] } },
{ "type": "Feature", "properties": { "id": 248.0, "Shape_Leng": 6399.9655369100001, "Shape_Area": 85394.074543900002 }, "geometry": { "type": "MultiPolygon", "coordinates": [ [ [ [ -157.8547, 21.55776 ], [ -157.8527, 21.55676 ], [ -157.85131, 21.55556 ], [ -157.8468, 21.55011 ], [ -157.84637, 21.54846 ], [ -157.84652, 21.54618 ], [ -157.84462, 21.54358 ], [ -157.84223, 21.5422 ], [ -157.83894, 21.53487 ], [ -157.84225, 21.54174 ], [ -157.84471, 21.54327 ], [ -157.84642, 21.54558 ], [ -157.84677, 21.54652 ], [ -157.847, 21.54998 ], [ -157.8547, 21.55776 ] ] ] ] } },
{ "type": "Feature", "properties": { "id": 249.0, "Shape_Leng": 335.958448874, "Shape_Area": 2134.4156783 }, "geometry": { "type": "MultiPolygon", "coordinates": [ [ [ [ -157.83741, 21.53241 ], [ -157.83657, 21.5317 ], [ -157.83639, 21.53138 ], [ -157.8375, 21.53231 ], [ -157.83741, 21.53241 ] ] ] ] } },
{ "type": "Feature", "properties": { "id": 250.0, "Shape_Leng": 1094.52052658, "Shape_Area": 4389.9987957399999 }, "geometry": { "type": "MultiPolygon", "coordinates": [ [ [ [ -157.83637, 21.53087 ], [ -157.83561, 21.52961 ], [ -157.83481, 21.52798 ], [ -157.83441, 21.52641 ], [ -157.83637, 21.53087 ] ] ] ] } },
{ "type": "Feature", "properties": { "id": 251.0, "Shape_Leng": 780.02322243200001, "Shape_Area": 3922.36467945 }, "geometry": { "type": "MultiPolygon", "coordinates": [ [ [ [ -157.8347, 21.52612 ], [ -157.83478, 21.5227 ], [ -157.83484, 21.5227 ], [ -157.83489, 21.52522 ], [ -157.8347, 21.52612 ] ] ] ] } },
{ "type": "Feature", "properties": { "id": 252.0, "Shape_Leng": 1019.72831534, "Shape_Area": 13629.2332456 }, "geometry": { "type": "MultiPolygon", "coordinates": [ [ [ [ -157.83517, 21.52245 ], [ -157.83545, 21.51813 ], [ -157.83565, 21.51814 ], [ -157.83574, 21.52086 ], [ -157.83517, 21.52245 ] ] ] ] } },
{ "type": "Feature", "properties": { "id": 253.0, "Shape_Leng": 2548.3191517599998, "Shape_Area": 106595.968901 }, "geometry": { "type": "MultiPolygon", "coordinates": [ [ [ [ -157.83619, 21.51759 ], [ -157.83548, 21.50982 ], [ -157.83925, 21.50853 ], [ -157.83661, 21.51041 ], [ -157.83702, 21.51739 ], [ -157.83619, 21.51759 ] ] ] ] } },
{ "type": "Feature", "properties": { "id": 254.0, "Shape_Leng": 66.922909359900004, "Shape_Area": 40.213805145800002 }, "geometry": { "type": "MultiPolygon", "coordinates": [ [ [ [ -157.84259, 21.50802 ], [ -157.84281, 21.50796 ], [ -157.84289, 21.50793 ], [ -157.84282, 21.50797 ], [ -157.84259, 21.50802 ] ] ] ] } },
{ "type": "Feature", "properties": { "id": 255.0, "Shape_Leng": 35.153088024, "Shape_Area": 5.2382960803299996 }, "geometry": { "type": "MultiPolygon", "coordinates": [ [ [ [ -157.84366, 21.50779 ], [ -157.84376, 21.50777 ], [ -157.84383, 21.50775 ], [ -157.84376, 21.50778 ], [ -157.84366, 21.50779 ] ] ] ] } },
{ "type": "Feature", "properties": { "id": 256.0, "Shape_Leng": 212.40845924300001, "Shape_Area": 844.84148575699999 }, "geometry": { "type": "MultiPolygon", "coordinates": [ [ [ [ -157.76391, 21.46147 ], [ -157.76397, 21.4609 ], [ -157.76392, 21.46059 ], [ -157.76409, 21.46125 ], [ -157.76391, 21.46147 ] ] ] ] } },
{ "type": "Feature", "properties": { "id": 257.0, "Shape_Leng": 456.19037677199998, "Shape_Area": 1289.3303750699999 }, "geometry": { "type": "MultiPolygon", "coordinates": [ [ [ [ -157.76297, 21.45958 ], [ -157.7626, 21.45935 ], [ -157.76106, 21.45858 ], [ -157.76264, 21.45929 ], [ -157.76297, 21.45958 ] ] ] ] } },
{ "type": "Feature", "properties": { "id": 258.0, "Shape_Leng": 2988.4873624699999, "Shape_Area": 23989.842471200001 }, "geometry": { "type": "MultiPolygon", "coordinates": [ [ [ [ -157.75629, 21.45663 ], [ -157.75349, 21.45596 ], [ -157.74845, 21.45402 ], [ -157.74268, 21.45323 ], [ -157.74852, 21.45378 ], [ -157.75629, 21.45663 ] ] ] ] } },
{ "type": "Feature", "properties": { "id": 259.0, "Shape_Leng": 263.41885489800001, "Shape_Area": 2260.4373730699999 }, "geometry": { "type": "MultiPolygon", "coordinates": [ [ [ [ -157.74055, 21.45383 ], [ -157.73966, 21.4543 ], [ -157.7395, 21.45416 ], [ -157.73995, 21.45381 ], [ -157.74055, 21.45383 ] ] ] ] } },
{ "type": "Feature", "properties": { "id": 260.0, "Shape_Leng": 31.679573953799999, "Shape_Area": 15.7766188635 }, "geometry": { "type": "MultiPolygon", "coordinates": [ [ [ [ -157.74424, 21.42247 ], [ -157.74429, 21.42234 ], [ -157.74426, 21.42247 ], [ -157.74424, 21.42247 ] ] ] ] } },
{ "type": "Feature", "properties": { "id": 261.0, "Shape_Leng": 1074.46834752, "Shape_Area": 9762.9674638399993 }, "geometry": { "type": "MultiPolygon", "coordinates": [ [ [ [ -157.73098, 21.39937 ], [ -157.72812, 21.39856 ], [ -157.72654, 21.39788 ], [ -157.72651, 21.39742 ], [ -157.73098, 21.39937 ] ] ] ] } },
{ "type": "Feature", "properties": { "id": 262.0, "Shape_Leng": 963.79751243400005, "Shape_Area": 12976.0826473 }, "geometry": { "type": "MultiPolygon", "coordinates": [ [ [ [ -157.72521, 21.39688 ], [ -157.7227, 21.39552 ], [ -157.72144, 21.3953 ], [ -157.72316, 21.39551 ], [ -157.72521, 21.39688 ] ] ] ] } },
{ "type": "Feature", "properties": { "id": 263.0, "Shape_Leng": 919.07659902499995, "Shape_Area": 11167.4807172 }, "geometry": { "type": "MultiPolygon", "coordinates": [ [ [ [ -157.72012, 21.39588 ], [ -157.71746, 21.39408 ], [ -157.71664, 21.39367 ], [ -157.71764, 21.39385 ], [ -157.72012, 21.39588 ] ] ] ] } },
{ "type": "Feature", "properties": { "id": 264.0, "Shape_Leng": 2086.9418024800002, "Shape_Area": 37490.873045100001 }, "geometry": { "type": "MultiPolygon", "coordinates": [ [ [ [ -157.71249, 21.38915 ], [ -157.71198, 21.38862 ], [ -157.7116, 21.38798 ], [ -157.71062, 21.38557 ], [ -157.70945, 21.38402 ], [ -157.7082, 21.381 ], [ -157.71137, 21.38613 ], [ -157.71249, 21.38915 ] ] ] ] } },
{ "type": "Feature", "properties": { "id": 265.0, "Shape_Leng": 112.052125225, "Shape_Area": 525.64760606599998 }, "geometry": { "type": "MultiPolygon", "coordinates": [ [ [ [ -157.70782, 21.3808 ], [ -157.70766, 21.38069 ], [ -157.70746, 21.38061 ], [ -157.70776, 21.38062 ], [ -157.70782, 21.3808 ] ] ] ] } },
{ "type": "Feature", "properties": { "id": 266.0, "Shape_Leng": 16025.7763251, "Shape_Area": 234962.873494 }, "geometry": { "type": "MultiPolygon", "coordinates": [ [ [ [ -157.70584, 21.37962 ], [ -157.70607, 21.37602 ], [ -157.70997, 21.36559 ], [ -157.7091, 21.35981 ], [ -157.7076, 21.35609 ], [ -157.70717, 21.35337 ], [ -157.70585, 21.3513 ], [ -157.70558, 21.34979 ], [ -157.70426, 21.34822 ], [ -157.70191, 21.34427 ], [ -157.69937, 21.34128 ], [ -157.69312, 21.33166 ], [ -157.68918, 21.32865 ], [ -157.67942, 21.32517 ], [ -157.67757, 21.32416 ], [ -157.67674, 21.32293 ], [ -157.67923, 21.32481 ], [ -157.68929, 21.32847 ], [ -157.69308, 21.33144 ], [ -157.69657, 21.3361 ], [ -157.70564, 21.34976 ], [ -157.70732, 21.35332 ], [ -157.70769, 21.35606 ], [ -157.70941, 21.35971 ], [ -157.71031, 21.36629 ], [ -157.70584, 21.37962 ] ] ] ] } },
{ "type": "Feature", "properties": { "id": 267.0, "Shape_Leng": 187.740889391, "Shape_Area": 1193.3561380799999 }, "geometry": { "type": "MultiPolygon", "coordinates": [ [ [ [ -157.67368, 21.32191 ], [ -157.67308, 21.32146 ], [ -157.67314, 21.3214 ], [ -157.67379, 21.32178 ], [ -157.67368, 21.32191 ] ] ] ] } },
{ "type": "Feature", "properties": { "id": 268.0, "Shape_Leng": 238.39318971599999, "Shape_Area": 1662.82979095 }, "geometry": { "type": "MultiPolygon", "coordinates": [ [ [ [ -157.67253, 21.32104 ], [ -157.67198, 21.32029 ], [ -157.67214, 21.3202 ], [ -157.67268, 21.32095 ], [ -157.67253, 21.32104 ] ] ] ] } },
{ "type": "Feature", "properties": { "id": 269.0, "Shape_Leng": 512.40615038099997, "Shape_Area": 3826.38808268 }, "geometry": { "type": "MultiPolygon", "coordinates": [ [ [ [ -157.67113, 21.31946 ], [ -157.66991, 21.31869 ], [ -157.66947, 21.31811 ], [ -157.67126, 21.31929 ], [ -157.67113, 21.31946 ] ] ] ] } },
{ "type": "Feature", "properties": { "id": 270.0, "Shape_Leng": 944.52301034200002, "Shape_Area": 8897.010061000001 }, "geometry": { "type": "MultiPolygon", "coordinates": [ [ [ [ -157.66811, 21.31671 ], [ -157.66626, 21.3159 ], [ -157.6647, 21.31635 ], [ -157.66413, 21.31616 ], [ -157.66622, 21.31574 ], [ -157.66811, 21.31671 ] ] ] ] } },
{ "type": "Feature", "properties": { "id": 271.0, "Shape_Leng": 69.230891510800006, "Shape_Area": 293.57654009399999 }, "geometry": { "type": "MultiPolygon", "coordinates": [ [ [ [ -157.66236, 21.31556 ], [ -157.66219, 21.31547 ], [ -157.66227, 21.31536 ], [ -157.66244, 21.31544 ], [ -157.66236, 21.31556 ] ] ] ] } },
{ "type": "Feature", "properties": { "id": 272.0, "Shape_Leng": 506.04867707099999, "Shape_Area": 4674.9124391100004 }, "geometry": { "type": "MultiPolygon", "coordinates": [ [ [ [ -157.66077, 21.31174 ], [ -157.66005, 21.31066 ], [ -157.65942, 21.3102 ], [ -157.66021, 21.31055 ], [ -157.66077, 21.31174 ] ] ] ] } },
{ "type": "Feature", "properties": { "id": 273.0, "Shape_Leng": 1080.1798409099999, "Shape_Area": 12322.5188975 }, "geometry": { "type": "MultiPolygon", "coordinates": [ [ [ [ -157.67462, 21.28527 ], [ -157.67435, 21.28583 ], [ -157.67013, 21.28633 ], [ -157.67374, 21.28574 ], [ -157.67462, 21.28527 ] ] ] ] } },
{ "type": "Feature", "properties": { "id": 274.0, "Shape_Leng": 1018.79784953, "Shape_Area": 6958.8405340899999 }, "geometry": { "type": "MultiPolygon", "coordinates": [ [ [ [ -157.69731, 21.26818 ], [ -157.69769, 21.26928 ], [ -157.69733, 21.27089 ], [ -157.69707, 21.27138 ], [ -157.69634, 21.27209 ], [ -157.69627, 21.27226 ], [ -157.69625, 21.27227 ], [ -157.69731, 21.26818 ] ] ] ] } },
{ "type": "Feature", "properties": { "id": 275.0, "Shape_Leng": 504.39562731799998, "Shape_Area": 4083.8287555299999 }, "geometry": { "type": "MultiPolygon", "coordinates": [ [ [ [ -157.72124, 21.28409 ], [ -157.72121, 21.28425 ], [ -157.71905, 21.28471 ], [ -157.72027, 21.28417 ], [ -157.72124, 21.28409 ] ] ] ] } },
{ "type": "Feature", "properties": { "id": 276.0, "Shape_Leng": 349.16905278500002, "Shape_Area": 3406.83695932 }, "geometry": { "type": "MultiPolygon", "coordinates": [ [ [ [ -157.71372, 21.28176 ], [ -157.71223, 21.28148 ], [ -157.7123, 21.28126 ], [ -157.71303, 21.28144 ], [ -157.71372, 21.28176 ] ] ] ] } },
{ "type": "Feature", "properties": { "id": 277.0, "Shape_Leng": 1094.4320709000001, "Shape_Area": 14036.285231100001 }, "geometry": { "type": "MultiPolygon", "coordinates": [ [ [ [ -157.71128, 21.28079 ], [ -157.71105, 21.28063 ], [ -157.71069, 21.2803 ], [ -157.71031, 21.27987 ], [ -157.70912, 21.27825 ], [ -157.70926, 21.27668 ], [ -157.71128, 21.28079 ] ] ] ] } },
{ "type": "Feature", "properties": { "id": 278.0, "Shape_Leng": 1334.79366385, "Shape_Area": 11383.9135508 }, "geometry": { "type": "MultiPolygon", "coordinates": [ [ [ [ -157.72255, 21.28184 ], [ -157.72288, 21.28141 ], [ -157.7246, 21.28111 ], [ -157.72746, 21.28118 ], [ -157.72804, 21.28126 ], [ -157.72861, 21.28141 ], [ -157.72255, 21.28184 ] ] ] ] } },
{ "type": "Feature", "properties": { "id": 279.0, "Shape_Leng": 375.11506343399998, "Shape_Area": 3770.5898787800002 }, "geometry": { "type": "MultiPolygon", "coordinates": [ [ [ [ -157.73175, 21.28195 ], [ -157.73336, 21.28179 ], [ -157.73339, 21.28196 ], [ -157.73247, 21.28226 ], [ -157.73175, 21.28195 ] ] ] ] } },
{ "type": "Feature", "properties": { "id": 280.0, "Shape_Leng": 287.14502717200003, "Shape_Area": 2928.9957553600002 }, "geometry": { "type": "MultiPolygon", "coordinates": [ [ [ [ -157.73679, 21.28042 ], [ -157.73789, 21.28012 ], [ -157.73798, 21.28036 ], [ -157.73685, 21.28057 ], [ -157.73679, 21.28042 ] ] ] ] } },
{ "type": "Feature", "properties": { "id": 281.0, "Shape_Leng": 323.41638642300001, "Shape_Area": 1613.6631626400001 }, "geometry": { "type": "MultiPolygon", "coordinates": [ [ [ [ -157.73855, 21.28006 ], [ -157.73988, 21.27987 ], [ -157.74, 21.27989 ], [ -157.73858, 21.28023 ], [ -157.73855, 21.28006 ] ] ] ] } },
{ "type": "Feature", "properties": { "id": 282.0, "Shape_Leng": 716.86121054, "Shape_Area": 1895.35683834 }, "geometry": { "type": "MultiPolygon", "coordinates": [ [ [ [ -157.74102, 21.27991 ], [ -157.7429, 21.27995 ], [ -157.74422, 21.27935 ], [ -157.7429, 21.28003 ], [ -157.74102, 21.27991 ] ] ] ] } },
{ "type": "Feature", "properties": { "id": 283.0, "Shape_Leng": 569.94745085800002, "Shape_Area": 1947.3628739400001 }, "geometry": { "type": "MultiPolygon", "coordinates": [ [ [ [ -157.74426, 21.27895 ], [ -157.74682, 21.27817 ], [ -157.74684, 21.27823 ], [ -157.74576, 21.27862 ], [ -157.74426, 21.27895 ] ] ] ] } },
{ "type": "Feature", "properties": { "id": 284.0, "Shape_Leng": 1339.45987646, "Shape_Area": 10617.251044000001 }, "geometry": { "type": "MultiPolygon", "coordinates": [ [ [ [ -157.74736, 21.27779 ], [ -157.74901, 21.27719 ], [ -157.75344, 21.27667 ], [ -157.75176, 21.27732 ], [ -157.74736, 21.27779 ] ] ] ] } },
{ "type": "Feature", "properties": { "id": 285.0, "Shape_Leng": 2753.4908370600001, "Shape_Area": 10624.443129900001 }, "geometry": { "type": "MultiPolygon", "coordinates": [ [ [ [ -157.75982, 21.27606 ], [ -157.76246, 21.2759 ], [ -157.76868, 21.27268 ], [ -157.77181, 21.27207 ], [ -157.76166, 21.27629 ], [ -157.75982, 21.27606 ] ] ] ] } },
{ "type": "Feature", "properties": { "id": 286.0, "Shape_Leng": 1300.00442432, "Shape_Area": 17333.2142499 }, "geometry": { "type": "MultiPolygon", "coordinates": [ [ [ [ -157.77241, 21.27168 ], [ -157.77602, 21.27028 ], [ -157.77743, 21.26884 ], [ -157.77551, 21.27097 ], [ -157.77241, 21.27168 ] ] ] ] } },
{ "type": "Feature", "properties": { "id": 287.0, "Shape_Leng": 212.10012573200001, "Shape_Area": 159.851357433 }, "geometry": { "type": "MultiPolygon", "coordinates": [ [ [ [ -157.77774, 21.26852 ], [ -157.77806, 21.26821 ], [ -157.77833, 21.26775 ], [ -157.77808, 21.26822 ], [ -157.77774, 21.26852 ] ] ] ] } },
{ "type": "Feature", "properties": { "id": 288.0, "Shape_Leng": 140.22383392899999, "Shape_Area": 143.74016251699999 }, "geometry": { "type": "MultiPolygon", "coordinates": [ [ [ [ -157.77904, 21.26659 ], [ -157.7793, 21.26619 ], [ -157.77938, 21.26605 ], [ -157.77923, 21.26636 ], [ -157.77904, 21.26659 ] ] ] ] } },
{ "type": "Feature", "properties": { "id": 289.0, "Shape_Leng": 2956.34277815, "Shape_Area": 52781.522667199999 }, "geometry": { "type": "MultiPolygon", "coordinates": [ [ [ [ -157.7797, 21.26558 ], [ -157.78196, 21.26388 ], [ -157.78518, 21.26194 ], [ -157.79141, 21.25871 ], [ -157.7797, 21.26558 ] ] ] ] } },
{ "type": "Feature", "properties": { "id": 290.0, "Shape_Leng": 2415.37120086, "Shape_Area": 22945.201513399999 }, "geometry": { "type": "MultiPolygon", "coordinates": [ [ [ [ -157.79625, 21.25735 ], [ -157.80657, 21.25507 ], [ -157.80723, 21.25531 ], [ -157.79897, 21.2571 ], [ -157.79625, 21.25735 ] ] ] ] } },
{ "type": "Feature", "properties": { "id": 291.0, "Shape_Leng": 1662.97103141, "Shape_Area": 18692.668256699999 }, "geometry": { "type": "MultiPolygon", "coordinates": [ [ [ [ -157.81131, 21.25602 ], [ -157.81474, 21.25611 ], [ -157.81856, 21.2578 ], [ -157.81462, 21.2563 ], [ -157.81131, 21.25602 ] ] ] ] } },
{ "type": "Feature", "properties": { "id": 292.0, "Shape_Leng": 461.65784683700002, "Shape_Area": 8792.6870363500002 }, "geometry": { "type": "MultiPolygon", "coordinates": [ [ [ [ -157.82079, 21.26089 ], [ -157.82144, 21.26147 ], [ -157.82148, 21.26237 ], [ -157.82038, 21.26147 ], [ -157.82079, 21.26089 ] ] ] ] } },
{ "type": "Feature", "properties": { "id": 293.0, "Shape_Leng": 164.18744467499999, "Shape_Area": 970.76957789100004 }, "geometry": { "type": "MultiPolygon", "coordinates": [ [ [ [ -157.82151, 21.2625 ], [ -157.82154, 21.26268 ], [ -157.82145, 21.26313 ], [ -157.82125, 21.26258 ], [ -157.82151, 21.2625 ] ] ] ] } },
{ "type": "Feature", "properties": { "id": 294.0, "Shape_Leng": 947.20457251599998, "Shape_Area": 35745.912325099998 }, "geometry": { "type": "MultiPolygon", "coordinates": [ [ [ [ -157.82204, 21.26523 ], [ -157.82276, 21.26842 ], [ -157.82206, 21.2686 ], [ -157.82103, 21.26549 ], [ -157.82204, 21.26523 ] ] ] ] } },
{ "type": "Feature", "properties": { "id": 295.0, "Shape_Leng": 391.96315145300002, "Shape_Area": 1702.42632794 }, "geometry": { "type": "MultiPolygon", "coordinates": [ [ [ [ -157.82277, 21.26854 ], [ -157.82269, 21.27 ], [ -157.82277, 21.27017 ], [ -157.82277, 21.27022 ], [ -157.82277, 21.26854 ] ] ] ] } },
{ "type": "Feature", "properties": { "id": 296.0, "Shape_Leng": 432.46247817400001, "Shape_Area": 3069.8322655000002 }, "geometry": { "type": "MultiPolygon", "coordinates": [ [ [ [ -157.82303, 21.27154 ], [ -157.82384, 21.27318 ], [ -157.82372, 21.27323 ], [ -157.82306, 21.27212 ], [ -157.82303, 21.27154 ] ] ] ] } },
{ "type": "Feature", "properties": { "id": 297.0, "Shape_Leng": 519.87888110999995, "Shape_Area": 6455.2449700799998 }, "geometry": { "type": "MultiPolygon", "coordinates": [ [ [ [ -157.82408, 21.27335 ], [ -157.82513, 21.27487 ], [ -157.82503, 21.27518 ], [ -157.82411, 21.27433 ], [ -157.82408, 21.27335 ] ] ] ] } },
{ "type": "Feature", "properties": { "id": 298.0, "Shape_Leng": 585.05487764600002, "Shape_Area": 1474.4999415899999 }, "geometry": { "type": "MultiPolygon", "coordinates": [ [ [ [ -157.82523, 21.275 ], [ -157.82554, 21.27555 ], [ -157.82577, 21.27555 ], [ -157.8271, 21.27628 ], [ -157.82729, 21.27647 ], [ -157.82534, 21.27551 ], [ -157.82523, 21.275 ] ] ] ] } },
{ "type": "Feature", "properties": { "id": 299.0, "Shape_Leng": 226.83185093899999, "Shape_Area": 997.87148012499995 }, "geometry": { "type": "MultiPolygon", "coordinates": [ [ [ [ -157.82871, 21.27676 ], [ -157.82949, 21.27665 ], [ -157.82968, 21.27662 ], [ -157.82967, 21.27685 ], [ -157.82871, 21.27676 ] ] ] ] } },
{ "type": "Feature", "properties": { "id": 300.0, "Shape_Leng": 488.08153659499999, "Shape_Area": 4129.7910031000001 }, "geometry": { "type": "MultiPolygon", "coordinates": [ [ [ [ -157.82976, 21.27662 ], [ -157.83176, 21.2773 ], [ -157.83169, 21.27756 ], [ -157.82973, 21.27673 ], [ -157.82976, 21.27662 ] ] ] ] } },
{ "type": "Feature", "properties": { "id": 301.0, "Shape_Leng": 274.29869650099999, "Shape_Area": 2451.31675632 }, "geometry": { "type": "MultiPolygon", "coordinates": [ [ [ [ -157.83251, 21.27749 ], [ -157.83355, 21.27794 ], [ -157.83346, 21.27811 ], [ -157.83247, 21.27763 ], [ -157.83251, 21.27749 ] ] ] ] } },
{ "type": "Feature", "properties": { "id": 302.0, "Shape_Leng": 910.63664551500005, "Shape_Area": 14383.4027929 }, "geometry": { "type": "MultiPolygon", "coordinates": [ [ [ [ -157.83384, 21.27814 ], [ -157.83513, 21.27894 ], [ -157.83665, 21.28084 ], [ -157.83349, 21.27866 ], [ -157.83384, 21.27814 ] ] ] ] } },
{ "type": "Feature", "properties": { "id": 303.0, "Shape_Leng": 897.28750247799996, "Shape_Area": 8093.0737892099996 }, "geometry": { "type": "MultiPolygon", "coordinates": [ [ [ [ -157.83691, 21.28106 ], [ -157.83852, 21.28185 ], [ -157.84047, 21.28149 ], [ -157.83879, 21.28204 ], [ -157.83691, 21.28106 ] ] ] ] } },
{ "type": "Feature", "properties": { "id": 304.0, "Shape_Leng": 58.6248893681, "Shape_Area": 164.724689743 }, "geometry": { "type": "MultiPolygon", "coordinates": [ [ [ [ -157.84081, 21.28159 ], [ -157.84097, 21.28171 ], [ -157.84094, 21.28178 ], [ -157.84078, 21.28166 ], [ -157.84081, 21.28159 ] ] ] ] } },
{ "type": "Feature", "properties": { "id": 305.0, "Shape_Leng": 780.00837316100001, "Shape_Area": 7507.7550297799999 }, "geometry": { "type": "MultiPolygon", "coordinates": [ [ [ [ -157.846, 21.28223 ], [ -157.84609, 21.28336 ], [ -157.84793, 21.28439 ], [ -157.84641, 21.28386 ], [ -157.84596, 21.28322 ], [ -157.8458, 21.28278 ], [ -157.846, 21.28223 ] ] ] ] } },
{ "type": "Feature", "properties": { "id": 306.0, "Shape_Leng": 408.81794847999998, "Shape_Area": 7029.8198236199996 }, "geometry": { "type": "MultiPolygon", "coordinates": [ [ [ [ -157.84655, 21.28608 ], [ -157.84614, 21.28649 ], [ -157.84597, 21.28723 ], [ -157.84579, 21.28588 ], [ -157.84655, 21.28608 ] ] ] ] } },
{ "type": "Feature", "properties": { "id": 307.0, "Shape_Leng": 1819.99672796, "Shape_Area": 24388.147136899999 }, "geometry": { "type": "MultiPolygon", "coordinates": [ [ [ [ -157.84737, 21.28876 ], [ -157.85282, 21.29039 ], [ -157.85525, 21.29161 ], [ -157.855, 21.29202 ], [ -157.84737, 21.28876 ] ] ] ] } },
{ "type": "Feature", "properties": { "id": 308.0, "Shape_Leng": 570.27480129399999, "Shape_Area": 2096.4342419599998 }, "geometry": { "type": "MultiPolygon", "coordinates": [ [ [ [ -157.87674, 21.30122 ], [ -157.87693, 21.30112 ], [ -157.8777, 21.30127 ], [ -157.87848, 21.30121 ], [ -157.87925, 21.30119 ], [ -157.87936, 21.30121 ], [ -157.87674, 21.30136 ], [ -157.87674, 21.30122 ] ] ] ] } },
{ "type": "Feature", "properties": { "id": 309.0, "Shape_Leng": 473.98147335499999, "Shape_Area": 7252.1350764199997 }, "geometry": { "type": "MultiPolygon", "coordinates": [ [ [ [ -157.882, 21.30084 ], [ -157.8833, 21.30042 ], [ -157.88379, 21.301 ], [ -157.88205, 21.30109 ], [ -157.882, 21.30084 ] ] ] ] } },
{ "type": "Feature", "properties": { "id": 310.0, "Shape_Leng": 298.88667621899998, "Shape_Area": 1144.6909999 }, "geometry": { "type": "MultiPolygon", "coordinates": [ [ [ [ -157.97058, 21.32515 ], [ -157.97062, 21.32461 ], [ -157.97072, 21.32385 ], [ -157.97078, 21.32426 ], [ -157.97058, 21.32515 ] ] ] ] } },
{ "type": "Feature", "properties": { "id": 311.0, "Shape_Leng": 3362.70577903, "Shape_Area": 69106.829388800004 }, "geometry": { "type": "MultiPolygon", "coordinates": [ [ [ [ -157.97098, 21.32264 ], [ -157.97136, 21.32224 ], [ -157.97196, 21.32209 ], [ -157.97282, 21.32112 ], [ -157.97845, 21.31626 ], [ -157.98406, 21.31535 ], [ -157.97884, 21.31695 ], [ -157.97784, 21.31831 ], [ -157.97442, 21.32005 ], [ -157.97217, 21.32229 ], [ -157.97098, 21.32264 ] ] ] ] } },
{ "type": "Feature", "properties": { "id": 312.0, "Shape_Leng": 71.819505898499997, "Shape_Area": 2.19546008848 }, "geometry": { "type": "MultiPolygon", "coordinates": [ [ [ [ -157.98524, 21.315 ], [ -157.98545, 21.31494 ], [ -157.98557, 21.31491 ], [ -157.98545, 21.31494 ], [ -157.98524, 21.315 ] ] ] ] } },
{ "type": "Feature", "properties": { "id": 313.0, "Shape_Leng": 2702.47403252, "Shape_Area": 19071.9990927 }, "geometry": { "type": "MultiPolygon", "coordinates": [ [ [ [ -157.99911, 21.31201 ], [ -158.00046, 21.31159 ], [ -158.00514, 21.31051 ], [ -158.01167, 21.30928 ], [ -157.99911, 21.31201 ] ] ] ] } },
{ "type": "Feature", "properties": { "id": 314.0, "Shape_Leng": 1923.13135618, "Shape_Area": 33078.966981999998 }, "geometry": { "type": "MultiPolygon", "coordinates": [ [ [ [ -158.02419, 21.30634 ], [ -158.02639, 21.30641 ], [ -158.03242, 21.30443 ], [ -158.03272, 21.3048 ], [ -158.02648, 21.30673 ], [ -158.02419, 21.30634 ] ] ] ] } },
{ "type": "Feature", "properties": { "id": 315.0, "Shape_Leng": 6396.8573564600001, "Shape_Area": 87644.728253599998 }, "geometry": { "type": "MultiPolygon", "coordinates": [ [ [ [ -158.04406, 21.30384 ], [ -158.05109, 21.3011 ], [ -158.06491, 21.2998 ], [ -158.06764, 21.2999 ], [ -158.07344, 21.29843 ], [ -158.06769, 21.30028 ], [ -158.0515, 21.30126 ], [ -158.04406, 21.30384 ] ] ] ] } },
{ "type": "Feature", "properties": { "id": 316.0, "Shape_Leng": 1118.6213626599999, "Shape_Area": 15115.2049546 }, "geometry": { "type": "MultiPolygon", "coordinates": [ [ [ [ -158.07505, 21.29862 ], [ -158.07775, 21.29863 ], [ -158.08, 21.29816 ], [ -158.07814, 21.29884 ], [ -158.07505, 21.29862 ] ] ] ] } },
{ "type": "Feature", "properties": { "id": 317.0, "Shape_Leng": 2043.0653946100001, "Shape_Area": 27250.790287100001 }, "geometry": { "type": "MultiPolygon", "coordinates": [ [ [ [ -158.08883, 21.29581 ], [ -158.09518, 21.29542 ], [ -158.09837, 21.29562 ], [ -158.09193, 21.29603 ], [ -158.08883, 21.29581 ] ] ] ] } },
{ "type": "Feature", "properties": { "id": 318.0, "Shape_Leng": 2169.4378279699999, "Shape_Area": 53729.141375300002 }, "geometry": { "type": "MultiPolygon", "coordinates": [ [ [ [ -158.1307, 21.35678 ], [ -158.13201, 21.36057 ], [ -158.13443, 21.36532 ], [ -158.13149, 21.36073 ], [ -158.1307, 21.35678 ] ] ] ] } },
{ "type": "Feature", "properties": { "id": 319.0, "Shape_Leng": 707.61070359899998, "Shape_Area": 6089.7830723400002 }, "geometry": { "type": "MultiPolygon", "coordinates": [ [ [ [ -158.14079, 21.37528 ], [ -158.14277, 21.37761 ], [ -158.14262, 21.37771 ], [ -158.14148, 21.3766 ], [ -158.14079, 21.37528 ] ] ] ] } },
{ "type": "Feature", "properties": { "id": 320.0, "Shape_Leng": 4950.7889011999996, "Shape_Area": 84802.508566400022 }, "geometry": { "type": "MultiPolygon", "coordinates": [ [ [ [ -158.14683, 21.38224 ], [ -158.15768, 21.39256 ], [ -158.16409, 21.39665 ], [ -158.15745, 21.39279 ], [ -158.14683, 21.38224 ] ] ] ] } },
{ "type": "Feature", "properties": { "id": 321.0, "Shape_Leng": 1128.4309067300001, "Shape_Area": 15779.3306364 }, "geometry": { "type": "MultiPolygon", "coordinates": [ [ [ [ -158.1768, 21.40375 ], [ -158.17809, 21.40535 ], [ -158.17837, 21.40659 ], [ -158.17771, 21.40807 ], [ -158.17806, 21.40646 ], [ -158.1768, 21.40375 ] ] ] ] } },
{ "type": "Feature", "properties": { "id": 322.0, "Shape_Leng": 4433.1721598200002, "Shape_Area": 152043.143266 }, "geometry": { "type": "MultiPolygon", "coordinates": [ [ [ [ -158.1776, 21.41 ], [ -158.17704, 21.41195 ], [ -158.17836, 21.41686 ], [ -158.17971, 21.42839 ], [ -158.17886, 21.42853 ], [ -158.17772, 21.42468 ], [ -158.17789, 21.41694 ], [ -158.17651, 21.41167 ], [ -158.1776, 21.41 ] ] ] ] } },
{ "type": "Feature", "properties": { "id": 323.0, "Shape_Leng": 1944.2365867599999, "Shape_Area": 36076.692393800011 }, "geometry": { "type": "MultiPolygon", "coordinates": [ [ [ [ -158.18996, 21.44174 ], [ -158.18912, 21.44441 ], [ -158.19265, 21.44829 ], [ -158.1905, 21.44725 ], [ -158.18859, 21.44467 ], [ -158.18889, 21.44245 ], [ -158.18996, 21.44174 ] ] ] ] } },
{ "type": "Feature", "properties": { "id": 324.0, "Shape_Leng": 189.88064551, "Shape_Area": 1935.3174462899999 }, "geometry": { "type": "MultiPolygon", "coordinates": [ [ [ [ -158.19342, 21.44877 ], [ -158.19399, 21.44895 ], [ -158.19382, 21.44921 ], [ -158.19326, 21.44903 ], [ -158.19342, 21.44877 ] ] ] ] } },
{ "type": "Feature", "properties": { "id": 325.0, "Shape_Leng": 1081.9028163200001, "Shape_Area": 14548.8437629 }, "geometry": { "type": "MultiPolygon", "coordinates": [ [ [ [ -158.20545, 21.4591 ], [ -158.20981, 21.46104 ], [ -158.20964, 21.46135 ], [ -158.20654, 21.46031 ], [ -158.20545, 21.4591 ] ] ] ] } },
{ "type": "Feature", "properties": { "id": 326.0, "Shape_Leng": 723.78688391900005, "Shape_Area": 5728.9395835699997 }, "geometry": { "type": "MultiPolygon", "coordinates": [ [ [ [ -158.21279, 21.46139 ], [ -158.2128, 21.46272 ], [ -158.21357, 21.46419 ], [ -158.21253, 21.46242 ], [ -158.21279, 21.46139 ] ] ] ] } },
{ "type": "Feature", "properties": { "id": 327.0, "Shape_Leng": 67.900187711800001, "Shape_Area": 284.336076402 }, "geometry": { "type": "MultiPolygon", "coordinates": [ [ [ [ -158.21742, 21.46839 ], [ -158.21737, 21.46855 ], [ -158.21723, 21.4685 ], [ -158.21728, 21.46834 ], [ -158.21742, 21.46839 ] ] ] ] } },
{ "type": "Feature", "properties": { "id": 328.0, "Shape_Leng": 1691.1771307500001, "Shape_Area": 17049.390643 }, "geometry": { "type": "MultiPolygon", "coordinates": [ [ [ [ -158.21953, 21.47518 ], [ -158.2214, 21.47807 ], [ -158.2253, 21.47857 ], [ -158.2212, 21.47827 ], [ -158.21953, 21.47518 ] ] ] ] } },
{ "type": "Feature", "properties": { "id": 329.0, "Shape_Leng": 2177.1050186100001, "Shape_Area": 46043.1936804 }, "geometry": { "type": "MultiPolygon", "coordinates": [ [ [ [ -158.22976, 21.48921 ], [ -158.22984, 21.4959 ], [ -158.22909, 21.49823 ], [ -158.2289, 21.48918 ], [ -158.22976, 21.48921 ] ] ] ] } },
{ "type": "Feature", "properties": { "id": 330.0, "Shape_Leng": 316.16348889, "Shape_Area": 4605.9145489499997 }, "geometry": { "type": "MultiPolygon", "coordinates": [ [ [ [ -158.22895, 21.51113 ], [ -158.22855, 21.51214 ], [ -158.22824, 21.51199 ], [ -158.22861, 21.51097 ], [ -158.22895, 21.51113 ] ] ] ] } },
{ "type": "Feature", "properties": { "id": 331.0, "Shape_Leng": 272.60330397600001, "Shape_Area": 1754.31652549 }, "geometry": { "type": "MultiPolygon", "coordinates": [ [ [ [ -158.22882, 21.51699 ], [ -158.22874, 21.51735 ], [ -158.22841, 21.51803 ], [ -158.22863, 21.51692 ], [ -158.22882, 21.51699 ] ] ] ] } },
{ "type": "Feature", "properties": { "id": 332.0, "Shape_Leng": 1996.7065691800001, "Shape_Area": 30815.888521500001 }, "geometry": { "type": "MultiPolygon", "coordinates": [ [ [ [ -158.22898, 21.52727 ], [ -158.22944, 21.53288 ], [ -158.23051, 21.53575 ], [ -158.22925, 21.53345 ], [ -158.22855, 21.5299 ], [ -158.22898, 21.52727 ] ] ] ] } },
{ "type": "Feature", "properties": { "id": 333.0, "Shape_Leng": 60.035708669900004, "Shape_Area": 27.787682681300002 }, "geometry": { "type": "MultiPolygon", "coordinates": [ [ [ [ -158.23057, 21.53592 ], [ -158.2306, 21.536 ], [ -158.23066, 21.53617 ], [ -158.23064, 21.53618 ], [ -158.23057, 21.53592 ] ] ] ] } },
{ "type": "Feature", "properties": { "id": 334.0, "Shape_Leng": 178.36751358399999, "Shape_Area": 1352.66082443 }, "geometry": { "type": "MultiPolygon", "coordinates": [ [ [ [ -158.23136, 21.53732 ], [ -158.23168, 21.53755 ], [ -158.23183, 21.53768 ], [ -158.2311, 21.5375 ], [ -158.23136, 21.53732 ] ] ] ] } },
{ "type": "Feature", "properties": { "id": 335.0, "Shape_Leng": 2289.47926087, "Shape_Area": 47061.135854599997 }, "geometry": { "type": "MultiPolygon", "coordinates": [ [ [ [ -158.24024, 21.54583 ], [ -158.24098, 21.54787 ], [ -158.24562, 21.55224 ], [ -158.24602, 21.55357 ], [ -158.24086, 21.54869 ], [ -158.24024, 21.54583 ] ] ] ] } }
]
}
