{
"type": "FeatureCollection",
"name": "filtered_slr_cstl_erosn_2pt0ft",
"crs": { "type": "name", "properties": { "name": "urn:ogc:def:crs:OGC:1.3:CRS84" } },
"features": [
{ "type": "Feature", "properties": { "id": 0.0, "Shape_Leng": 11109.3602417, "Shape_Area": 145133.94667100001 }, "geometry": { "type": "MultiPolygon", "coordinates": [ [ [ [ -159.5836, 22.2203 ], [ -159.58171, 22.22307 ], [ -159.57596, 22.22376 ], [ -159.57232, 22.22344 ], [ -159.56561, 22.22011 ], [ -159.55883, 22.22596 ], [ -159.55731, 22.22599 ], [ -159.55486, 22.22452 ], [ -159.55103, 22.22485 ], [ -159.54606, 22.2233 ], [ -159.54458, 22.22158 ], [ -159.54443, 22.21964 ], [ -159.54251, 22.21776 ], [ -159.5423, 22.21687 ], [ -159.54457, 22.21959 ], [ -159.54628, 22.22326 ], [ -159.55129, 22.22468 ], [ -159.5546, 22.22431 ], [ -159.55696, 22.2257 ], [ -159.5586, 22.22573 ], [ -159.56553, 22.21981 ], [ -159.57243, 22.22323 ], [ -159.57594, 22.22348 ], [ -159.58157, 22.22284 ], [ -159.5836, 22.2203 ] ] ] ] } },
{ "type": "Feature", "properties": { "id": 1.0, "Shape_Leng": 920.71390689700002, "Shape_Area": 15105.471674599999 }, "geometry": { "type": "MultiPolygon", "coordinates": [ [ [ [ -159.5422, 22.21513 ], [ -159.53892, 22.21319 ], [ -159.53915, 22.21279 ], [ -159.54212, 22.21452 ], [ -159.5422, 22.21513 ] ] ] ] } },
{ "type": "Feature", "properties": { "id": 2.0, "Shape_Leng": 2755.90019351, "Shape_Area": 37600.010048999997 }, "geometry": { "type": "MultiPolygon", "coordinates": [ [ [ [ -159.53141, 22.21576 ], [ -159.52549, 22.21506 ], [ -159.52362, 22.21403 ], [ -159.52272, 22.21477 ], [ -159.52004, 22.21454 ], [ -159.52372, 22.21376 ], [ -159.53141, 22.21576 ] ] ] ] } },
{ "type": "Feature", "properties": { "id": 3.0, "Shape_Leng": 2310.6684741399999, "Shape_Area": 20443.831364599999 }, "geometry": { "type": "MultiPolygon", "coordinates": [ [ [ [ -159.51762, 22.21303 ], [ -159.51669, 22.20728 ], [ -159.51367, 22.20438 ], [ -159.51693, 22.20736 ], [ -159.51762, 22.21303 ] ] ] ] } },
{ "type": "Feature", "properties": { "id": 4.0, "Shape_Leng": 53.1549711479, "Shape_Area": 2.3750855397100001 }, "geometry": { "type": "MultiPolygon", "coordinates": [ [ [ [ -159.51318, 22.20407 ], [ -159.51316, 22.20405 ], [ -159.51297, 22.20392 ], [ -159.51316, 22.20405 ], [ -159.51318, 22.20407 ] ] ] ] } },
{ "type": "Feature", "properties": { "id": 5.0, "Shape_Leng": 196.27196298600001, "Shape_Area": 56.318242288100002 }, "geometry": { "type": "MultiPolygon", "coordinates": [ [ [ [ -159.51216, 22.20348 ], [ -159.51182, 22.20332 ], [ -159.51127, 22.20317 ], [ -159.51164, 22.20325 ], [ -159.51182, 22.20331 ], [ -159.51216, 22.20348 ] ] ] ] } },
{ "type": "Feature", "properties": { "id": 6.0, "Shape_Leng": 554.75042442799997, "Shape_Area": 2228.99392481 }, "geometry": { "type": "MultiPolygon", "coordinates": [ [ [ [ -159.50839, 22.20304 ], [ -159.50651, 22.20269 ], [ -159.50582, 22.20269 ], [ -159.5065, 22.20265 ], [ -159.50841, 22.2029 ], [ -159.50839, 22.20304 ] ] ] ] } },
{ "type": "Feature", "properties": { "id": 7.0, "Shape_Leng": 404.434939058, "Shape_Area": 249.51245648099999 }, "geometry": { "type": "MultiPolygon", "coordinates": [ [ [ [ -159.50484, 22.20278 ], [ -159.50418, 22.20292 ], [ -159.5031, 22.20333 ], [ -159.50299, 22.20334 ], [ -159.50362, 22.20307 ], [ -159.50418, 22.20291 ], [ -159.50484, 22.20278 ] ] ] ] } },
{ "type": "Feature", "properties": { "id": 8.0, "Shape_Leng": 2667.0194585099998, "Shape_Area": 23772.031078200002 }, "geometry": { "type": "MultiPolygon", "coordinates": [ [ [ [ -159.50166, 22.2042 ], [ -159.50139, 22.20443 ], [ -159.50107, 22.20463 ], [ -159.5007, 22.20477 ], [ -159.50013, 22.20527 ], [ -159.49978, 22.20543 ], [ -159.49857, 22.20692 ], [ -159.49827, 22.20695 ], [ -159.49686, 22.21371 ], [ -159.4963, 22.21406 ], [ -159.49813, 22.20687 ], [ -159.49969, 22.20533 ], [ -159.50166, 22.2042 ] ] ] ] } },
{ "type": "Feature", "properties": { "id": 9.0, "Shape_Leng": 1004.4296077499999, "Shape_Area": 7470.6662698399996 }, "geometry": { "type": "MultiPolygon", "coordinates": [ [ [ [ -159.49844, 22.21558 ], [ -159.49882, 22.2166 ], [ -159.49787, 22.21948 ], [ -159.49868, 22.21664 ], [ -159.49844, 22.21558 ] ] ] ] } },
{ "type": "Feature", "properties": { "id": 10.0, "Shape_Leng": 928.39221487899999, "Shape_Area": 6769.0143249800003 }, "geometry": { "type": "MultiPolygon", "coordinates": [ [ [ [ -159.49625, 22.22321 ], [ -159.49461, 22.22363 ], [ -159.49384, 22.22355 ], [ -159.49228, 22.22428 ], [ -159.49625, 22.22321 ] ] ] ] } },
{ "type": "Feature", "properties": { "id": 11.0, "Shape_Leng": 187.25349479900001, "Shape_Area": 925.05580742899997 }, "geometry": { "type": "MultiPolygon", "coordinates": [ [ [ [ -159.47804, 22.22906 ], [ -159.47728, 22.22922 ], [ -159.47725, 22.22914 ], [ -159.47779, 22.22894 ], [ -159.47804, 22.22906 ] ] ] ] } },
{ "type": "Feature", "properties": { "id": 12.0, "Shape_Leng": 1607.7147705299999, "Shape_Area": 13615.9766941 }, "geometry": { "type": "MultiPolygon", "coordinates": [ [ [ [ -159.4719, 22.22621 ], [ -159.46902, 22.22628 ], [ -159.46757, 22.22575 ], [ -159.46544, 22.2235 ], [ -159.46764, 22.22558 ], [ -159.4719, 22.22621 ] ] ] ] } },
{ "type": "Feature", "properties": { "id": 13.0, "Shape_Leng": 50.846738666199997, "Shape_Area": 15.828060643400001 }, "geometry": { "type": "MultiPolygon", "coordinates": [ [ [ [ -159.46396, 22.22306 ], [ -159.46377, 22.22308 ], [ -159.46372, 22.22309 ], [ -159.46396, 22.22304 ], [ -159.46396, 22.22306 ] ] ] ] } },
{ "type": "Feature", "properties": { "id": 14.0, "Shape_Leng": 2008.45297076, "Shape_Area": 17380.9308877 }, "geometry": { "type": "MultiPolygon", "coordinates": [ [ [ [ -159.46323, 22.22312 ], [ -159.4594, 22.22485 ], [ -159.45528, 22.2261 ], [ -159.45455, 22.22589 ], [ -159.46323, 22.22312 ] ] ] ] } },
{ "type": "Feature", "properties": { "id": 15.0, "Shape_Leng": 3326.4854196400001, "Shape_Area": 26218.747734100001 }, "geometry": { "type": "MultiPolygon", "coordinates": [ [ [ [ -159.45401, 22.22559 ], [ -159.44944, 22.22532 ], [ -159.43912, 22.22242 ], [ -159.44935, 22.22513 ], [ -159.45401, 22.22559 ] ] ] ] } },
{ "type": "Feature", "properties": { "id": 16.0, "Shape_Leng": 253.56776886599999, "Shape_Area": 2265.92157309 }, "geometry": { "type": "MultiPolygon", "coordinates": [ [ [ [ -159.43772, 22.22362 ], [ -159.43694, 22.22307 ], [ -159.43707, 22.22288 ], [ -159.43771, 22.22328 ], [ -159.43772, 22.22362 ] ] ] ] } },
{ "type": "Feature", "properties": { "id": 17.0, "Shape_Leng": 1405.14499912, "Shape_Area": 14787.298805799999 }, "geometry": { "type": "MultiPolygon", "coordinates": [ [ [ [ -159.43521, 22.2221 ], [ -159.43347, 22.22038 ], [ -159.43182, 22.21769 ], [ -159.43125, 22.21742 ], [ -159.432, 22.21756 ], [ -159.43521, 22.2221 ] ] ] ] } },
{ "type": "Feature", "properties": { "id": 18.0, "Shape_Leng": 930.40617096599999, "Shape_Area": 9666.8425727699996 }, "geometry": { "type": "MultiPolygon", "coordinates": [ [ [ [ -159.42831, 22.21588 ], [ -159.42585, 22.21693 ], [ -159.42537, 22.2182 ], [ -159.42558, 22.21688 ], [ -159.42831, 22.21588 ] ] ] ] } },
{ "type": "Feature", "properties": { "id": 19.0, "Shape_Leng": 1990.2306982099999, "Shape_Area": 26157.277272700001 }, "geometry": { "type": "MultiPolygon", "coordinates": [ [ [ [ -159.42015, 22.22254 ], [ -159.41828, 22.22311 ], [ -159.41752, 22.22203 ], [ -159.41589, 22.2229 ], [ -159.41295, 22.22288 ], [ -159.41749, 22.22182 ], [ -159.41825, 22.22291 ], [ -159.41869, 22.22199 ], [ -159.42015, 22.22254 ] ] ] ] } },
{ "type": "Feature", "properties": { "id": 20.0, "Shape_Leng": 2024.1671784299999, "Shape_Area": 35634.918684099997 }, "geometry": { "type": "MultiPolygon", "coordinates": [ [ [ [ -159.4123, 22.22286 ], [ -159.40686, 22.22494 ], [ -159.40456, 22.22712 ], [ -159.40672, 22.22468 ], [ -159.4123, 22.22286 ] ] ] ] } },
{ "type": "Feature", "properties": { "id": 21.0, "Shape_Leng": 676.53137205999997, "Shape_Area": 10407.6325366 }, "geometry": { "type": "MultiPolygon", "coordinates": [ [ [ [ -159.39563, 22.22493 ], [ -159.3934, 22.22383 ], [ -159.39361, 22.22351 ], [ -159.39557, 22.22402 ], [ -159.39563, 22.22493 ] ] ] ] } },
{ "type": "Feature", "properties": { "id": 22.0, "Shape_Leng": 352.18219908499998, "Shape_Area": 500.058885449 }, "geometry": { "type": "MultiPolygon", "coordinates": [ [ [ [ -159.38577, 22.21892 ], [ -159.38551, 22.21884 ], [ -159.38539, 22.2187 ], [ -159.38483, 22.21769 ], [ -159.38577, 22.21892 ] ] ] ] } },
{ "type": "Feature", "properties": { "id": 23.0, "Shape_Leng": 91.846832907000007, "Shape_Area": 106.230767429 }, "geometry": { "type": "MultiPolygon", "coordinates": [ [ [ [ -159.3845, 22.21722 ], [ -159.38442, 22.21713 ], [ -159.38411, 22.21709 ], [ -159.38444, 22.21712 ], [ -159.3845, 22.21722 ] ] ] ] } },
{ "type": "Feature", "properties": { "id": 24.0, "Shape_Leng": 644.39734988700002, "Shape_Area": 5497.8351610099999 }, "geometry": { "type": "MultiPolygon", "coordinates": [ [ [ [ -159.38358, 22.21662 ], [ -159.38231, 22.21617 ], [ -159.38076, 22.21591 ], [ -159.38238, 22.21601 ], [ -159.38358, 22.21662 ] ] ] ] } },
{ "type": "Feature", "properties": { "id": 25.0, "Shape_Leng": 394.71336184299997, "Shape_Area": 4348.1687240499996 }, "geometry": { "type": "MultiPolygon", "coordinates": [ [ [ [ -159.37546, 22.21646 ], [ -159.37521, 22.21603 ], [ -159.37424, 22.21585 ], [ -159.37531, 22.21574 ], [ -159.37546, 22.21646 ] ] ] ] } },
{ "type": "Feature", "properties": { "id": 26.0, "Shape_Leng": 871.12011345999997, "Shape_Area": 9285.2333462499992 }, "geometry": { "type": "MultiPolygon", "coordinates": [ [ [ [ -159.37333, 22.21563 ], [ -159.37163, 22.21522 ], [ -159.36989, 22.21422 ], [ -159.37332, 22.21518 ], [ -159.37333, 22.21563 ] ] ] ] } },
{ "type": "Feature", "properties": { "id": 27.0, "Shape_Leng": 603.37928056299995, "Shape_Area": 6309.4324800599998 }, "geometry": { "type": "MultiPolygon", "coordinates": [ [ [ [ -159.36421, 22.21128 ], [ -159.36326, 22.21148 ], [ -159.36156, 22.2112 ], [ -159.3642, 22.21105 ], [ -159.36421, 22.21128 ] ] ] ] } },
{ "type": "Feature", "properties": { "id": 28.0, "Shape_Leng": 483.73592373999998, "Shape_Area": 4147.3018930799999 }, "geometry": { "type": "MultiPolygon", "coordinates": [ [ [ [ -159.36002, 22.21165 ], [ -159.3579, 22.21142 ], [ -159.35793, 22.21124 ], [ -159.36005, 22.21147 ], [ -159.36002, 22.21165 ] ] ] ] } },
{ "type": "Feature", "properties": { "id": 29.0, "Shape_Leng": 1256.6454756799999, "Shape_Area": 9743.9825474099998 }, "geometry": { "type": "MultiPolygon", "coordinates": [ [ [ [ -159.34782, 22.21171 ], [ -159.34677, 22.21152 ], [ -159.34385, 22.21003 ], [ -159.34306, 22.20897 ], [ -159.34782, 22.21171 ] ] ] ] } },
{ "type": "Feature", "properties": { "id": 30.0, "Shape_Leng": 1607.10954995, "Shape_Area": 12535.4715048 }, "geometry": { "type": "MultiPolygon", "coordinates": [ [ [ [ -159.34164, 22.20843 ], [ -159.34146, 22.20806 ], [ -159.33907, 22.20649 ], [ -159.33602, 22.20398 ], [ -159.34162, 22.20788 ], [ -159.34164, 22.20843 ] ] ] ] } },
{ "type": "Feature", "properties": { "id": 31.0, "Shape_Leng": 166.02882065700001, "Shape_Area": 1015.1411315 }, "geometry": { "type": "MultiPolygon", "coordinates": [ [ [ [ -159.33472, 22.2022 ], [ -159.33438, 22.20173 ], [ -159.33449, 22.20159 ], [ -159.33475, 22.20186 ], [ -159.33472, 22.2022 ] ] ] ] } },
{ "type": "Feature", "properties": { "id": 32.0, "Shape_Leng": 358.11147935499997, "Shape_Area": 2345.5101264099999 }, "geometry": { "type": "MultiPolygon", "coordinates": [ [ [ [ -159.33315, 22.19672 ], [ -159.33372, 22.19637 ], [ -159.33401, 22.19569 ], [ -159.33368, 22.19668 ], [ -159.33315, 22.19672 ] ] ] ] } },
{ "type": "Feature", "properties": { "id": 33.0, "Shape_Leng": 116.320594587, "Shape_Area": 180.50717089899999 }, "geometry": { "type": "MultiPolygon", "coordinates": [ [ [ [ -159.33406, 22.19506 ], [ -159.33401, 22.19457 ], [ -159.33408, 22.19456 ], [ -159.33406, 22.19474 ], [ -159.33406, 22.19506 ] ] ] ] } },
{ "type": "Feature", "properties": { "id": 34.0, "Shape_Leng": 1575.11101076, "Shape_Area": 26965.638147099999 }, "geometry": { "type": "MultiPolygon", "coordinates": [ [ [ [ -159.33364, 22.19404 ], [ -159.33176, 22.19267 ], [ -159.32904, 22.19404 ], [ -159.32769, 22.19335 ], [ -159.33176, 22.19235 ], [ -159.33364, 22.19404 ] ] ] ] } },
{ "type": "Feature", "properties": { "id": 35.0, "Shape_Leng": 180.65119380900001, "Shape_Area": 1980.47474332 }, "geometry": { "type": "MultiPolygon", "coordinates": [ [ [ [ -159.31328, 22.17445 ], [ -159.31317, 22.1741 ], [ -159.31366, 22.17401 ], [ -159.31374, 22.17436 ], [ -159.31328, 22.17445 ] ] ] ] } },
{ "type": "Feature", "properties": { "id": 36.0, "Shape_Leng": 457.95259916800001, "Shape_Area": 4645.1762729700004 }, "geometry": { "type": "MultiPolygon", "coordinates": [ [ [ [ -159.31355, 22.1737 ], [ -159.31392, 22.17205 ], [ -159.31412, 22.17203 ], [ -159.31389, 22.17386 ], [ -159.31355, 22.1737 ] ] ] ] } },
{ "type": "Feature", "properties": { "id": 37.0, "Shape_Leng": 1316.1507209700001, "Shape_Area": 14358.201219099999 }, "geometry": { "type": "MultiPolygon", "coordinates": [ [ [ [ -159.31119, 22.17065 ], [ -159.3095, 22.16781 ], [ -159.30889, 22.16622 ], [ -159.30903, 22.16552 ], [ -159.31119, 22.17065 ] ] ] ] } },
{ "type": "Feature", "properties": { "id": 38.0, "Shape_Leng": 87.750013232000001, "Shape_Area": 470.81421013300002 }, "geometry": { "type": "MultiPolygon", "coordinates": [ [ [ [ -159.30901, 22.16458 ], [ -159.30903, 22.1644 ], [ -159.30926, 22.16438 ], [ -159.30924, 22.16456 ], [ -159.30901, 22.16458 ] ] ] ] } },
{ "type": "Feature", "properties": { "id": 39.0, "Shape_Leng": 3455.5575840500001, "Shape_Area": 53385.387209799999 }, "geometry": { "type": "MultiPolygon", "coordinates": [ [ [ [ -159.30935, 22.16373 ], [ -159.30512, 22.1579 ], [ -159.30621, 22.15037 ], [ -159.30553, 22.15774 ], [ -159.30918, 22.16184 ], [ -159.30935, 22.16373 ] ] ] ] } },
{ "type": "Feature", "properties": { "id": 40.0, "Shape_Leng": 1179.9905781800001, "Shape_Area": 15138.5079415 }, "geometry": { "type": "MultiPolygon", "coordinates": [ [ [ [ -159.3036, 22.14645 ], [ -159.29815, 22.14626 ], [ -159.29815, 22.14596 ], [ -159.30261, 22.14598 ], [ -159.3036, 22.14645 ] ] ] ] } },
{ "type": "Feature", "properties": { "id": 41.0, "Shape_Leng": 927.722077109, "Shape_Area": 7115.7945273599998 }, "geometry": { "type": "MultiPolygon", "coordinates": [ [ [ [ -159.29387, 22.14313 ], [ -159.29333, 22.14136 ], [ -159.2935, 22.13951 ], [ -159.2941, 22.14225 ], [ -159.29387, 22.14313 ] ] ] ] } },
{ "type": "Feature", "properties": { "id": 42.0, "Shape_Leng": 239.826123755, "Shape_Area": 2138.8472625600002 }, "geometry": { "type": "MultiPolygon", "coordinates": [ [ [ [ -159.29424, 22.13718 ], [ -159.2942, 22.13646 ], [ -159.29449, 22.13644 ], [ -159.29462, 22.13698 ], [ -159.29424, 22.13718 ] ] ] ] } },
{ "type": "Feature", "properties": { "id": 43.0, "Shape_Leng": 120.70050522299999, "Shape_Area": 606.60017952299995 }, "geometry": { "type": "MultiPolygon", "coordinates": [ [ [ [ -159.29428, 22.1361 ], [ -159.2943, 22.13582 ], [ -159.29432, 22.13564 ], [ -159.29444, 22.13591 ], [ -159.29428, 22.1361 ] ] ] ] } },
{ "type": "Feature", "properties": { "id": 44.0, "Shape_Leng": 577.80859568100004, "Shape_Area": 4574.6704875799996 }, "geometry": { "type": "MultiPolygon", "coordinates": [ [ [ [ -159.2951, 22.13377 ], [ -159.29459, 22.13256 ], [ -159.29472, 22.13164 ], [ -159.2954, 22.13345 ], [ -159.2951, 22.13377 ] ] ] ] } },
{ "type": "Feature", "properties": { "id": 45.0, "Shape_Leng": 273.89411434200002, "Shape_Area": 2593.7397891400001 }, "geometry": { "type": "MultiPolygon", "coordinates": [ [ [ [ -159.29475, 22.13009 ], [ -159.29411, 22.12957 ], [ -159.29413, 22.12937 ], [ -159.29494, 22.12976 ], [ -159.29475, 22.13009 ] ] ] ] } },
{ "type": "Feature", "properties": { "id": 46.0, "Shape_Leng": 632.71760475300005, "Shape_Area": 5550.6027989100003 }, "geometry": { "type": "MultiPolygon", "coordinates": [ [ [ [ -159.29393, 22.12486 ], [ -159.29428, 22.12366 ], [ -159.29351, 22.12264 ], [ -159.29448, 22.12364 ], [ -159.29393, 22.12486 ] ] ] ] } },
{ "type": "Feature", "properties": { "id": 47.0, "Shape_Leng": 762.502333217, "Shape_Area": 6597.1298692700002 }, "geometry": { "type": "MultiPolygon", "coordinates": [ [ [ [ -159.29418, 22.12259 ], [ -159.29537, 22.12254 ], [ -159.29634, 22.1209 ], [ -159.29578, 22.12245 ], [ -159.29474, 22.12287 ], [ -159.29418, 22.12259 ] ] ] ] } },
{ "type": "Feature", "properties": { "id": 48.0, "Shape_Leng": 75.480085199900003, "Shape_Area": 354.800933198 }, "geometry": { "type": "MultiPolygon", "coordinates": [ [ [ [ -159.29558, 22.11967 ], [ -159.29569, 22.1198 ], [ -159.29554, 22.11991 ], [ -159.29543, 22.11979 ], [ -159.29558, 22.11967 ] ] ] ] } },
{ "type": "Feature", "properties": { "id": 49.0, "Shape_Leng": 1146.91054093, "Shape_Area": 14673.0393485 }, "geometry": { "type": "MultiPolygon", "coordinates": [ [ [ [ -159.29606, 22.11676 ], [ -159.29692, 22.11578 ], [ -159.29704, 22.11227 ], [ -159.29733, 22.11493 ], [ -159.29659, 22.11665 ], [ -159.29606, 22.11676 ] ] ] ] } },
{ "type": "Feature", "properties": { "id": 50.0, "Shape_Leng": 88.955399821100002, "Shape_Area": 467.06104878500003 }, "geometry": { "type": "MultiPolygon", "coordinates": [ [ [ [ -159.29687, 22.10647 ], [ -159.29683, 22.10632 ], [ -159.29707, 22.10623 ], [ -159.29712, 22.10638 ], [ -159.29687, 22.10647 ] ] ] ] } },
{ "type": "Feature", "properties": { "id": 51.0, "Shape_Leng": 2840.2703772099999, "Shape_Area": 58883.815455299999 }, "geometry": { "type": "MultiPolygon", "coordinates": [ [ [ [ -159.30243, 22.10004 ], [ -159.30484, 22.09894 ], [ -159.30651, 22.09408 ], [ -159.30704, 22.09393 ], [ -159.30646, 22.09047 ], [ -159.3075, 22.09377 ], [ -159.30636, 22.09674 ], [ -159.30418, 22.10007 ], [ -159.30243, 22.10004 ] ] ] ] } },
{ "type": "Feature", "properties": { "id": 52.0, "Shape_Leng": 1556.01943781, "Shape_Area": 20021.020663399999 }, "geometry": { "type": "MultiPolygon", "coordinates": [ [ [ [ -159.31131, 22.08333 ], [ -159.31294, 22.08007 ], [ -159.31498, 22.07764 ], [ -159.31467, 22.07906 ], [ -159.31131, 22.08333 ] ] ] ] } },
{ "type": "Feature", "properties": { "id": 53.0, "Shape_Leng": 1606.09998879, "Shape_Area": 24322.1634184 }, "geometry": { "type": "MultiPolygon", "coordinates": [ [ [ [ -159.31549, 22.07707 ], [ -159.31736, 22.07442 ], [ -159.31753, 22.07082 ], [ -159.31749, 22.07488 ], [ -159.31549, 22.07707 ] ] ] ] } },
{ "type": "Feature", "properties": { "id": 54.0, "Shape_Leng": 2614.2528541699999, "Shape_Area": 28778.112597300002 }, "geometry": { "type": "MultiPolygon", "coordinates": [ [ [ [ -159.31655, 22.07056 ], [ -159.31855, 22.06101 ], [ -159.31938, 22.05947 ], [ -159.31876, 22.06337 ], [ -159.31655, 22.07056 ] ] ] ] } },
{ "type": "Feature", "properties": { "id": 55.0, "Shape_Leng": 2899.72206899, "Shape_Area": 26664.801764600001 }, "geometry": { "type": "MultiPolygon", "coordinates": [ [ [ [ -159.31957, 22.05909 ], [ -159.32211, 22.05554 ], [ -159.32964, 22.05109 ], [ -159.32586, 22.05437 ], [ -159.32214, 22.0556 ], [ -159.31957, 22.05909 ] ] ] ] } },
{ "type": "Feature", "properties": { "id": 56.0, "Shape_Leng": 562.66494481500001, "Shape_Area": 7794.1227925100002 }, "geometry": { "type": "MultiPolygon", "coordinates": [ [ [ [ -159.33017, 22.05124 ], [ -159.33061, 22.05162 ], [ -159.3323, 22.05153 ], [ -159.33123, 22.05197 ], [ -159.33031, 22.05176 ], [ -159.33017, 22.05124 ] ] ] ] } },
{ "type": "Feature", "properties": { "id": 57.0, "Shape_Leng": 1505.51011694, "Shape_Area": 8607.8470192799996 }, "geometry": { "type": "MultiPolygon", "coordinates": [ [ [ [ -159.33264, 22.0508 ], [ -159.33416, 22.05013 ], [ -159.33582, 22.04551 ], [ -159.33602, 22.04557 ], [ -159.33434, 22.05019 ], [ -159.33264, 22.0508 ] ] ] ] } },
{ "type": "Feature", "properties": { "id": 58.0, "Shape_Leng": 1547.46636289, "Shape_Area": 23651.473608699998 }, "geometry": { "type": "MultiPolygon", "coordinates": [ [ [ [ -159.33502, 22.04303 ], [ -159.33455, 22.04247 ], [ -159.33474, 22.04096 ], [ -159.33583, 22.03674 ], [ -159.33502, 22.04303 ] ] ] ] } },
{ "type": "Feature", "properties": { "id": 59.0, "Shape_Leng": 7673.5294191100002, "Shape_Area": 101466.27113199999 }, "geometry": { "type": "MultiPolygon", "coordinates": [ [ [ [ -159.33586, 22.0362 ], [ -159.3391, 22.02383 ], [ -159.33849, 22.01989 ], [ -159.33882, 22.01771 ], [ -159.33784, 22.01565 ], [ -159.33598, 22.00807 ], [ -159.33586, 22.00397 ], [ -159.33916, 22.01773 ], [ -159.33941, 22.02381 ], [ -159.33586, 22.0362 ] ] ] ] } },
{ "type": "Feature", "properties": { "id": 60.0, "Shape_Leng": 854.645048428, "Shape_Area": 14525.5244723 }, "geometry": { "type": "MultiPolygon", "coordinates": [ [ [ [ -159.34134, 21.99456 ], [ -159.34055, 21.99121 ], [ -159.34092, 21.99109 ], [ -159.34167, 21.99331 ], [ -159.34134, 21.99456 ] ] ] ] } },
{ "type": "Feature", "properties": { "id": 61.0, "Shape_Leng": 962.56069176899996, "Shape_Area": 6776.2203899699998 }, "geometry": { "type": "MultiPolygon", "coordinates": [ [ [ [ -159.35186, 21.96035 ], [ -159.35168, 21.96049 ], [ -159.35112, 21.96069 ], [ -159.34958, 21.96088 ], [ -159.34848, 21.96064 ], [ -159.34776, 21.95999 ], [ -159.35186, 21.96035 ] ] ] ] } },
{ "type": "Feature", "properties": { "id": 62.0, "Shape_Leng": 244.21211608, "Shape_Area": 2972.6597658300002 }, "geometry": { "type": "MultiPolygon", "coordinates": [ [ [ [ -159.34219, 21.95883 ], [ -159.34223, 21.9592 ], [ -159.34145, 21.95908 ], [ -159.34142, 21.95877 ], [ -159.34219, 21.95883 ] ] ] ] } },
{ "type": "Feature", "properties": { "id": 63.0, "Shape_Leng": 151.04951795599999, "Shape_Area": 1361.0763832800001 }, "geometry": { "type": "MultiPolygon", "coordinates": [ [ [ [ -159.33791, 21.95807 ], [ -159.33769, 21.95831 ], [ -159.33737, 21.95812 ], [ -159.33758, 21.95788 ], [ -159.33791, 21.95807 ] ] ] ] } },
{ "type": "Feature", "properties": { "id": 64.0, "Shape_Leng": 538.59674174199995, "Shape_Area": 2606.6385857499999 }, "geometry": { "type": "MultiPolygon", "coordinates": [ [ [ [ -159.39063, 21.90756 ], [ -159.39106, 21.90828 ], [ -159.3909, 21.90842 ], [ -159.39076, 21.90914 ], [ -159.39044, 21.90976 ], [ -159.39063, 21.90756 ] ] ] ] } },
{ "type": "Feature", "properties": { "id": 65.0, "Shape_Leng": 1523.15296257, "Shape_Area": 8823.8670858700007 }, "geometry": { "type": "MultiPolygon", "coordinates": [ [ [ [ -159.39042, 21.90982 ], [ -159.39037, 21.91054 ], [ -159.38968, 21.91185 ], [ -159.38796, 21.91344 ], [ -159.38716, 21.9137 ], [ -159.38628, 21.91357 ], [ -159.38549, 21.91324 ], [ -159.3879, 21.91332 ], [ -159.39042, 21.90982 ] ] ] ] } },
{ "type": "Feature", "properties": { "id": 66.0, "Shape_Leng": 321.19219710700003, "Shape_Area": 4610.6479294700002 }, "geometry": { "type": "MultiPolygon", "coordinates": [ [ [ [ -159.38512, 21.91365 ], [ -159.38547, 21.91348 ], [ -159.38583, 21.91452 ], [ -159.38553, 21.91467 ], [ -159.38512, 21.91365 ] ] ] ] } },
{ "type": "Feature", "properties": { "id": 67.0, "Shape_Leng": 1088.3570596, "Shape_Area": 10687.0164809 }, "geometry": { "type": "MultiPolygon", "coordinates": [ [ [ [ -159.38319, 21.91751 ], [ -159.38395, 21.91813 ], [ -159.38399, 21.91919 ], [ -159.38345, 21.91986 ], [ -159.38151, 21.92056 ], [ -159.38384, 21.91914 ], [ -159.38319, 21.91751 ] ] ] ] } },
{ "type": "Feature", "properties": { "id": 68.0, "Shape_Leng": 1282.2441342, "Shape_Area": 9853.0587878499991 }, "geometry": { "type": "MultiPolygon", "coordinates": [ [ [ [ -159.38053, 21.92063 ], [ -159.38067, 21.92074 ], [ -159.38012, 21.9215 ], [ -159.3795, 21.92195 ], [ -159.3756, 21.92319 ], [ -159.38053, 21.92063 ] ] ] ] } },
{ "type": "Feature", "properties": { "id": 69.0, "Shape_Leng": 180.008993592, "Shape_Area": 1671.55510781 }, "geometry": { "type": "MultiPolygon", "coordinates": [ [ [ [ -159.41807, 21.88788 ], [ -159.41823, 21.88804 ], [ -159.41783, 21.88843 ], [ -159.41762, 21.88822 ], [ -159.41807, 21.88788 ] ] ] ] } },
{ "type": "Feature", "properties": { "id": 70.0, "Shape_Leng": 1997.69555025, "Shape_Area": 17617.711583100001 }, "geometry": { "type": "MultiPolygon", "coordinates": [ [ [ [ -159.41673, 21.88875 ], [ -159.41679, 21.88898 ], [ -159.41054, 21.89013 ], [ -159.41118, 21.89153 ], [ -159.41108, 21.89248 ], [ -159.41075, 21.89259 ], [ -159.41049, 21.89001 ], [ -159.41673, 21.88875 ] ] ] ] } },
{ "type": "Feature", "properties": { "id": 71.0, "Shape_Leng": 108.95947999099999, "Shape_Area": 566.46001566200005 }, "geometry": { "type": "MultiPolygon", "coordinates": [ [ [ [ -159.41025, 21.89298 ], [ -159.4103, 21.89309 ], [ -159.40994, 21.89323 ], [ -159.40989, 21.8931 ], [ -159.41025, 21.89298 ] ] ] ] } },
{ "type": "Feature", "properties": { "id": 72.0, "Shape_Leng": 312.500759082, "Shape_Area": 3797.1501245300001 }, "geometry": { "type": "MultiPolygon", "coordinates": [ [ [ [ -159.40582, 21.89461 ], [ -159.40639, 21.89476 ], [ -159.4056, 21.89551 ], [ -159.40594, 21.89478 ], [ -159.40582, 21.89461 ] ] ] ] } },
{ "type": "Feature", "properties": { "id": 73.0, "Shape_Leng": 264.39261772700002, "Shape_Area": 1077.49729536 }, "geometry": { "type": "MultiPolygon", "coordinates": [ [ [ [ -159.40429, 21.89895 ], [ -159.40466, 21.89934 ], [ -159.40386, 21.89955 ], [ -159.40451, 21.89927 ], [ -159.40429, 21.89895 ] ] ] ] } },
{ "type": "Feature", "properties": { "id": 74.0, "Shape_Leng": 950.95086512900002, "Shape_Area": 12684.4544202 }, "geometry": { "type": "MultiPolygon", "coordinates": [ [ [ [ -159.4402, 21.87376 ], [ -159.43993, 21.87462 ], [ -159.43672, 21.87514 ], [ -159.43651, 21.87498 ], [ -159.4402, 21.87376 ] ] ] ] } },
{ "type": "Feature", "properties": { "id": 75.0, "Shape_Leng": 719.71600929199997, "Shape_Area": 11621.368653899999 }, "geometry": { "type": "MultiPolygon", "coordinates": [ [ [ [ -159.5038, 21.88875 ], [ -159.50252, 21.88941 ], [ -159.50139, 21.88826 ], [ -159.5027, 21.88904 ], [ -159.5038, 21.88875 ] ] ] ] } },
{ "type": "Feature", "properties": { "id": 76.0, "Shape_Leng": 62.271369091099999, "Shape_Area": 220.24629546400001 }, "geometry": { "type": "MultiPolygon", "coordinates": [ [ [ [ -159.49198, 21.88548 ], [ -159.49208, 21.8855 ], [ -159.49208, 21.88568 ], [ -159.49197, 21.88566 ], [ -159.49198, 21.88548 ] ] ] ] } },
{ "type": "Feature", "properties": { "id": 77.0, "Shape_Leng": 290.98004639200002, "Shape_Area": 935.16437075700003 }, "geometry": { "type": "MultiPolygon", "coordinates": [ [ [ [ -159.48743, 21.88555 ], [ -159.48727, 21.88542 ], [ -159.48706, 21.88495 ], [ -159.487, 21.88458 ], [ -159.48709, 21.88441 ], [ -159.48743, 21.88555 ] ] ] ] } },
{ "type": "Feature", "properties": { "id": 78.0, "Shape_Leng": 401.22248955800001, "Shape_Area": 1039.44822518 }, "geometry": { "type": "MultiPolygon", "coordinates": [ [ [ [ -159.47793, 21.88186 ], [ -159.47771, 21.88196 ], [ -159.47675, 21.8819 ], [ -159.47635, 21.88183 ], [ -159.47606, 21.88171 ], [ -159.47793, 21.88186 ] ] ] ] } },
{ "type": "Feature", "properties": { "id": 79.0, "Shape_Leng": 286.31461109399999, "Shape_Area": 1175.90239963 }, "geometry": { "type": "MultiPolygon", "coordinates": [ [ [ [ -159.47411, 21.88111 ], [ -159.47393, 21.88119 ], [ -159.47348, 21.88119 ], [ -159.47305, 21.88071 ], [ -159.47411, 21.88111 ] ] ] ] } },
{ "type": "Feature", "properties": { "id": 80.0, "Shape_Leng": 402.35749565700002, "Shape_Area": 553.83704042299996 }, "geometry": { "type": "MultiPolygon", "coordinates": [ [ [ [ -159.47277, 21.8802 ], [ -159.47257, 21.88011 ], [ -159.47243, 21.87989 ], [ -159.47226, 21.87982 ], [ -159.47203, 21.87983 ], [ -159.47164, 21.87974 ], [ -159.47116, 21.87944 ], [ -159.47244, 21.87987 ], [ -159.47277, 21.8802 ] ] ] ] } },
{ "type": "Feature", "properties": { "id": 81.0, "Shape_Leng": 139.90171108499999, "Shape_Area": 557.92724511599999 }, "geometry": { "type": "MultiPolygon", "coordinates": [ [ [ [ -159.46485, 21.87673 ], [ -159.46446, 21.87671 ], [ -159.46431, 21.87652 ], [ -159.46448, 21.87663 ], [ -159.46485, 21.87673 ] ] ] ] } },
{ "type": "Feature", "properties": { "id": 82.0, "Shape_Leng": 177.963817358, "Shape_Area": 642.89357103099996 }, "geometry": { "type": "MultiPolygon", "coordinates": [ [ [ [ -159.46377, 21.8764 ], [ -159.46315, 21.87644 ], [ -159.46297, 21.87636 ], [ -159.46304, 21.87628 ], [ -159.46377, 21.8764 ] ] ] ] } },
{ "type": "Feature", "properties": { "id": 83.0, "Shape_Leng": 1289.06948496, "Shape_Area": 12585.5719677 }, "geometry": { "type": "MultiPolygon", "coordinates": [ [ [ [ -159.46219, 21.87569 ], [ -159.46068, 21.87631 ], [ -159.45976, 21.87628 ], [ -159.45748, 21.87485 ], [ -159.45731, 21.87432 ], [ -159.45985, 21.87609 ], [ -159.46219, 21.87569 ] ] ] ] } },
{ "type": "Feature", "properties": { "id": 84.0, "Shape_Leng": 804.67196952300003, "Shape_Area": 6188.1043384499999 }, "geometry": { "type": "MultiPolygon", "coordinates": [ [ [ [ -159.45664, 21.874 ], [ -159.45622, 21.87422 ], [ -159.45387, 21.87352 ], [ -159.45354, 21.8728 ], [ -159.45664, 21.874 ] ] ] ] } },
{ "type": "Feature", "properties": { "id": 85.0, "Shape_Leng": 306.992849783, "Shape_Area": 3156.2597264000001 }, "geometry": { "type": "MultiPolygon", "coordinates": [ [ [ [ -159.4519, 21.873 ], [ -159.45114, 21.87348 ], [ -159.45085, 21.87315 ], [ -159.45094, 21.87288 ], [ -159.4519, 21.873 ] ] ] ] } },
{ "type": "Feature", "properties": { "id": 86.0, "Shape_Leng": 75.584901428099997, "Shape_Area": 309.02155998299997 }, "geometry": { "type": "MultiPolygon", "coordinates": [ [ [ [ -159.62875, 21.91118 ], [ -159.62866, 21.91127 ], [ -159.62845, 21.91123 ], [ -159.62855, 21.91112 ], [ -159.62875, 21.91118 ] ] ] ] } },
{ "type": "Feature", "properties": { "id": 87.0, "Shape_Leng": 213.34904662700001, "Shape_Area": 1942.18438513 }, "geometry": { "type": "MultiPolygon", "coordinates": [ [ [ [ -159.62177, 21.90754 ], [ -159.62164, 21.90776 ], [ -159.62101, 21.90733 ], [ -159.62113, 21.90714 ], [ -159.62177, 21.90754 ] ] ] ] } },
{ "type": "Feature", "properties": { "id": 88.0, "Shape_Leng": 2281.0785504099999, "Shape_Area": 28221.900231200001 }, "geometry": { "type": "MultiPolygon", "coordinates": [ [ [ [ -159.60994, 21.90084 ], [ -159.6094, 21.90116 ], [ -159.60766, 21.90036 ], [ -159.60701, 21.89967 ], [ -159.60673, 21.89744 ], [ -159.60718, 21.8958 ], [ -159.60549, 21.89415 ], [ -159.60553, 21.89378 ], [ -159.6074, 21.89579 ], [ -159.60733, 21.89973 ], [ -159.60994, 21.90084 ] ] ] ] } },
{ "type": "Feature", "properties": { "id": 89.0, "Shape_Leng": 616.26128432600001, "Shape_Area": 13131.3041208 }, "geometry": { "type": "MultiPolygon", "coordinates": [ [ [ [ -159.59092, 21.90406 ], [ -159.59057, 21.90437 ], [ -159.58887, 21.90274 ], [ -159.5895, 21.90244 ], [ -159.59092, 21.90406 ] ] ] ] } },
{ "type": "Feature", "properties": { "id": 90.0, "Shape_Leng": 305.62893067300001, "Shape_Area": 1607.0782887099999 }, "geometry": { "type": "MultiPolygon", "coordinates": [ [ [ [ -159.58496, 21.89827 ], [ -159.5841, 21.8983 ], [ -159.5838, 21.89804 ], [ -159.58445, 21.89801 ], [ -159.58496, 21.89827 ] ] ] ] } },
{ "type": "Feature", "properties": { "id": 91.0, "Shape_Leng": 302.038339377, "Shape_Area": 964.131132923 }, "geometry": { "type": "MultiPolygon", "coordinates": [ [ [ [ -159.57503, 21.89748 ], [ -159.57465, 21.89734 ], [ -159.57439, 21.89707 ], [ -159.57416, 21.89676 ], [ -159.57412, 21.89653 ], [ -159.57503, 21.89748 ] ] ] ] } },
{ "type": "Feature", "properties": { "id": 92.0, "Shape_Leng": 124.513458829, "Shape_Area": 825.17270775600002 }, "geometry": { "type": "MultiPolygon", "coordinates": [ [ [ [ -159.52746, 21.88402 ], [ -159.52738, 21.88419 ], [ -159.52704, 21.88402 ], [ -159.52712, 21.88384 ], [ -159.52746, 21.88402 ] ] ] ] } },
{ "type": "Feature", "properties": { "id": 93.0, "Shape_Leng": 746.01243277100002, "Shape_Area": 9240.3007977100006 }, "geometry": { "type": "MultiPolygon", "coordinates": [ [ [ [ -159.52607, 21.88488 ], [ -159.52585, 21.88532 ], [ -159.52312, 21.88627 ], [ -159.52301, 21.88602 ], [ -159.52607, 21.88488 ] ] ] ] } },
{ "type": "Feature", "properties": { "id": 94.0, "Shape_Leng": 451.56958041899998, "Shape_Area": 6012.7756242900005 }, "geometry": { "type": "MultiPolygon", "coordinates": [ [ [ [ -159.63579, 21.91688 ], [ -159.63588, 21.91724 ], [ -159.6369, 21.91804 ], [ -159.63548, 21.91734 ], [ -159.63579, 21.91688 ] ] ] ] } },
{ "type": "Feature", "properties": { "id": 95.0, "Shape_Leng": 263.86865276399999, "Shape_Area": 3601.6161017200002 }, "geometry": { "type": "MultiPolygon", "coordinates": [ [ [ [ -159.63727, 21.91969 ], [ -159.63743, 21.92028 ], [ -159.63714, 21.92044 ], [ -159.63679, 21.91962 ], [ -159.63727, 21.91969 ] ] ] ] } },
{ "type": "Feature", "properties": { "id": 96.0, "Shape_Leng": 421.05640141499998, "Shape_Area": 9183.6188244299992 }, "geometry": { "type": "MultiPolygon", "coordinates": [ [ [ [ -159.63768, 21.92151 ], [ -159.63849, 21.92213 ], [ -159.63815, 21.92255 ], [ -159.63691, 21.92199 ], [ -159.63768, 21.92151 ] ] ] ] } },
{ "type": "Feature", "properties": { "id": 97.0, "Shape_Leng": 144.88940351100001, "Shape_Area": 1045.21834165 }, "geometry": { "type": "MultiPolygon", "coordinates": [ [ [ [ -159.63921, 21.92244 ], [ -159.63936, 21.92255 ], [ -159.63907, 21.92291 ], [ -159.63889, 21.92283 ], [ -159.63921, 21.92244 ] ] ] ] } },
{ "type": "Feature", "properties": { "id": 98.0, "Shape_Leng": 1092.33671329, "Shape_Area": 15793.2073894 }, "geometry": { "type": "MultiPolygon", "coordinates": [ [ [ [ -159.64048, 21.92432 ], [ -159.64245, 21.9251 ], [ -159.64392, 21.92726 ], [ -159.64326, 21.92716 ], [ -159.64048, 21.92432 ] ] ] ] } },
{ "type": "Feature", "properties": { "id": 99.0, "Shape_Leng": 349.86100211299998, "Shape_Area": 4091.7646814200002 }, "geometry": { "type": "MultiPolygon", "coordinates": [ [ [ [ -159.64484, 21.92818 ], [ -159.64502, 21.92907 ], [ -159.64522, 21.9294 ], [ -159.64447, 21.92843 ], [ -159.64484, 21.92818 ] ] ] ] } },
{ "type": "Feature", "properties": { "id": 100.0, "Shape_Leng": 7471.9473906000003, "Shape_Area": 66645.086715199999 }, "geometry": { "type": "MultiPolygon", "coordinates": [ [ [ [ -159.64544, 21.9299 ], [ -159.64884, 21.93177 ], [ -159.65013, 21.93479 ], [ -159.6498, 21.93519 ], [ -159.64994, 21.93572 ], [ -159.6499, 21.93604 ], [ -159.64909, 21.93846 ], [ -159.65032, 21.94054 ], [ -159.66043, 21.94305 ], [ -159.66196, 21.94636 ], [ -159.66539, 21.94912 ], [ -159.66567, 21.95073 ], [ -159.66172, 21.94632 ], [ -159.66045, 21.94339 ], [ -159.65037, 21.94078 ], [ -159.6489, 21.9385 ], [ -159.64967, 21.93399 ], [ -159.64544, 21.9299 ] ] ] ] } },
{ "type": "Feature", "properties": { "id": 101.0, "Shape_Leng": 76.741711658300005, "Shape_Area": 86.317363351799997 }, "geometry": { "type": "MultiPolygon", "coordinates": [ [ [ [ -159.66671, 21.95241 ], [ -159.66686, 21.95252 ], [ -159.66698, 21.95262 ], [ -159.66668, 21.95244 ], [ -159.66671, 21.95241 ] ] ] ] } },
{ "type": "Feature", "properties": { "id": 102.0, "Shape_Leng": 1117.9043883700001, "Shape_Area": 2069.9740865 }, "geometry": { "type": "MultiPolygon", "coordinates": [ [ [ [ -159.67017, 21.95455 ], [ -159.67121, 21.9548 ], [ -159.67211, 21.95513 ], [ -159.67346, 21.95534 ], [ -159.67418, 21.95562 ], [ -159.67495, 21.95572 ], [ -159.67532, 21.95589 ], [ -159.6721, 21.95516 ], [ -159.67017, 21.95455 ] ] ] ] } },
{ "type": "Feature", "properties": { "id": 103.0, "Shape_Leng": 20818.8127035, "Shape_Area": 430093.704577 }, "geometry": { "type": "MultiPolygon", "coordinates": [ [ [ [ -159.6935, 21.96003 ], [ -159.70581, 21.96083 ], [ -159.70847, 21.96193 ], [ -159.71525, 21.96723 ], [ -159.73734, 21.97412 ], [ -159.74839, 21.97621 ], [ -159.75792, 21.97938 ], [ -159.76078, 21.98135 ], [ -159.76368, 21.98469 ], [ -159.76939, 21.99642 ], [ -159.77104, 22.00174 ], [ -159.76486, 21.98721 ], [ -159.7593, 21.98047 ], [ -159.74833, 21.97639 ], [ -159.73715, 21.97462 ], [ -159.71457, 21.96787 ], [ -159.70998, 21.96321 ], [ -159.70568, 21.96114 ], [ -159.69492, 21.96133 ], [ -159.6935, 21.96003 ] ] ] ] } },
{ "type": "Feature", "properties": { "id": 104.0, "Shape_Leng": 3232.1101178200001, "Shape_Area": 28294.766156599999 }, "geometry": { "type": "MultiPolygon", "coordinates": [ [ [ [ -159.77574, 22.00784 ], [ -159.77737, 22.00834 ], [ -159.77792, 22.00859 ], [ -159.77885, 22.00924 ], [ -159.78431, 22.01438 ], [ -159.78559, 22.01735 ], [ -159.78219, 22.01253 ], [ -159.77574, 22.00784 ] ] ] ] } },
{ "type": "Feature", "properties": { "id": 105.0, "Shape_Leng": 668.40077894399997, "Shape_Area": 7953.3496128200004 }, "geometry": { "type": "MultiPolygon", "coordinates": [ [ [ [ -159.78572, 22.01805 ], [ -159.78656, 22.02065 ], [ -159.78618, 22.02074 ], [ -159.78577, 22.0199 ], [ -159.78572, 22.01805 ] ] ] ] } },
{ "type": "Feature", "properties": { "id": 106.0, "Shape_Leng": 70.859694083799994, "Shape_Area": 308.59696981000002 }, "geometry": { "type": "MultiPolygon", "coordinates": [ [ [ [ -159.7874, 22.02636 ], [ -159.78726, 22.0264 ], [ -159.7872, 22.02623 ], [ -159.78734, 22.02619 ], [ -159.7874, 22.02636 ] ] ] ] } },
{ "type": "Feature", "properties": { "id": 107.0, "Shape_Leng": 219.828479827, "Shape_Area": 2327.59412174 }, "geometry": { "type": "MultiPolygon", "coordinates": [ [ [ [ -159.78607, 22.03734 ], [ -159.78606, 22.03806 ], [ -159.78583, 22.03805 ], [ -159.78573, 22.03732 ], [ -159.78607, 22.03734 ] ] ] ] } },
{ "type": "Feature", "properties": { "id": 108.0, "Shape_Leng": 1153.99344488, "Shape_Area": 9529.8591228200003 }, "geometry": { "type": "MultiPolygon", "coordinates": [ [ [ [ -159.78557, 22.04295 ], [ -159.7838, 22.04735 ], [ -159.7834, 22.04722 ], [ -159.78396, 22.04511 ], [ -159.78557, 22.04295 ] ] ] ] } },
{ "type": "Feature", "properties": { "id": 109.0, "Shape_Leng": 157.70302626099999, "Shape_Area": 1056.99372395 }, "geometry": { "type": "MultiPolygon", "coordinates": [ [ [ [ -159.78369, 22.04769 ], [ -159.7836, 22.04805 ], [ -159.7836, 22.04824 ], [ -159.78347, 22.04781 ], [ -159.78369, 22.04769 ] ] ] ] } },
{ "type": "Feature", "properties": { "id": 110.0, "Shape_Leng": 11567.3613637, "Shape_Area": 189688.62067800001 }, "geometry": { "type": "MultiPolygon", "coordinates": [ [ [ [ -159.78298, 22.06593 ], [ -159.77865, 22.06875 ], [ -159.77569, 22.0695 ], [ -159.7719, 22.07233 ], [ -159.76753, 22.0775 ], [ -159.74427, 22.0985 ], [ -159.7524, 22.08966 ], [ -159.7674, 22.07738 ], [ -159.7697, 22.07357 ], [ -159.77596, 22.06897 ], [ -159.78298, 22.06593 ] ] ] ] } },
{ "type": "Feature", "properties": { "id": 111.0, "Shape_Leng": 240.42824986599999, "Shape_Area": 1565.9007282600001 }, "geometry": { "type": "MultiPolygon", "coordinates": [ [ [ [ -156.44253, 20.62582 ], [ -156.44301, 20.62657 ], [ -156.44287, 20.62667 ], [ -156.44251, 20.62621 ], [ -156.44253, 20.62582 ] ] ] ] } },
{ "type": "Feature", "properties": { "id": 112.0, "Shape_Leng": 154.57396575800001, "Shape_Area": 1208.9818817400001 }, "geometry": { "type": "MultiPolygon", "coordinates": [ [ [ [ -156.44306, 20.62691 ], [ -156.44317, 20.62706 ], [ -156.44342, 20.62707 ], [ -156.44296, 20.62726 ], [ -156.44306, 20.62691 ] ] ] ] } },
{ "type": "Feature", "properties": { "id": 113.0, "Shape_Leng": 2405.7035723499998, "Shape_Area": 18308.130351200001 }, "geometry": { "type": "MultiPolygon", "coordinates": [ [ [ [ -156.44379, 20.62746 ], [ -156.44421, 20.62784 ], [ -156.44472, 20.62981 ], [ -156.44531, 20.6303 ], [ -156.4457, 20.63092 ], [ -156.451, 20.63436 ], [ -156.4456, 20.63102 ], [ -156.44454, 20.62972 ], [ -156.44379, 20.62746 ] ] ] ] } },
{ "type": "Feature", "properties": { "id": 114.0, "Shape_Leng": 130.96805779, "Shape_Area": 363.28748377599999 }, "geometry": { "type": "MultiPolygon", "coordinates": [ [ [ [ -156.45153, 20.63487 ], [ -156.45175, 20.63537 ], [ -156.45165, 20.6354 ], [ -156.45154, 20.63505 ], [ -156.45153, 20.63487 ] ] ] ] } },
{ "type": "Feature", "properties": { "id": 115.0, "Shape_Leng": 1120.94217486, "Shape_Area": 9472.5563660999997 }, "geometry": { "type": "MultiPolygon", "coordinates": [ [ [ [ -156.44796, 20.63931 ], [ -156.44658, 20.64014 ], [ -156.44614, 20.6421 ], [ -156.44557, 20.64326 ], [ -156.44635, 20.64021 ], [ -156.44796, 20.63931 ] ] ] ] } },
{ "type": "Feature", "properties": { "id": 116.0, "Shape_Leng": 880.22140326099998, "Shape_Area": 7141.2629333499999 }, "geometry": { "type": "MultiPolygon", "coordinates": [ [ [ [ -156.44407, 20.64542 ], [ -156.44295, 20.64611 ], [ -156.44232, 20.6482 ], [ -156.44214, 20.64814 ], [ -156.44271, 20.64622 ], [ -156.4433, 20.64535 ], [ -156.44407, 20.64542 ] ] ] ] } },
{ "type": "Feature", "properties": { "id": 117.0, "Shape_Leng": 159.742285482, "Shape_Area": 1011.18507947 }, "geometry": { "type": "MultiPolygon", "coordinates": [ [ [ [ -156.44221, 20.64951 ], [ -156.4418, 20.64989 ], [ -156.44167, 20.64976 ], [ -156.44191, 20.64948 ], [ -156.44221, 20.64951 ] ] ] ] } },
{ "type": "Feature", "properties": { "id": 118.0, "Shape_Leng": 97.7431468451, "Shape_Area": 574.70265801300002 }, "geometry": { "type": "MultiPolygon", "coordinates": [ [ [ [ -156.44143, 20.65051 ], [ -156.44129, 20.65063 ], [ -156.44109, 20.65045 ], [ -156.44123, 20.65033 ], [ -156.44143, 20.65051 ] ] ] ] } },
{ "type": "Feature", "properties": { "id": 119.0, "Shape_Leng": 171.019098904, "Shape_Area": 1221.05719419 }, "geometry": { "type": "MultiPolygon", "coordinates": [ [ [ [ -156.44079, 20.65242 ], [ -156.4407, 20.65277 ], [ -156.44081, 20.65298 ], [ -156.44051, 20.65273 ], [ -156.44079, 20.65242 ] ] ] ] } },
{ "type": "Feature", "properties": { "id": 120.0, "Shape_Leng": 258.94385025899999, "Shape_Area": 2400.1899313200001 }, "geometry": { "type": "MultiPolygon", "coordinates": [ [ [ [ -156.44082, 20.65314 ], [ -156.44101, 20.65362 ], [ -156.44089, 20.65403 ], [ -156.44048, 20.65332 ], [ -156.44082, 20.65314 ] ] ] ] } },
{ "type": "Feature", "properties": { "id": 121.0, "Shape_Leng": 148.04233280099999, "Shape_Area": 865.14456760899998 }, "geometry": { "type": "MultiPolygon", "coordinates": [ [ [ [ -156.44161, 20.65848 ], [ -156.44149, 20.65863 ], [ -156.44167, 20.65885 ], [ -156.44129, 20.65859 ], [ -156.44161, 20.65848 ] ] ] ] } },
{ "type": "Feature", "properties": { "id": 122.0, "Shape_Leng": 999.84825980599999, "Shape_Area": 6459.0530644399996 }, "geometry": { "type": "MultiPolygon", "coordinates": [ [ [ [ -156.44153, 20.66027 ], [ -156.44121, 20.66226 ], [ -156.44188, 20.66414 ], [ -156.4411, 20.66227 ], [ -156.44153, 20.66027 ] ] ] ] } },
{ "type": "Feature", "properties": { "id": 123.0, "Shape_Leng": 743.16884003099995, "Shape_Area": 7920.1032442200003 }, "geometry": { "type": "MultiPolygon", "coordinates": [ [ [ [ -156.44181, 20.66442 ], [ -156.44198, 20.66595 ], [ -156.44261, 20.66644 ], [ -156.44262, 20.66706 ], [ -156.44175, 20.66602 ], [ -156.44181, 20.66442 ] ] ] ] } },
{ "type": "Feature", "properties": { "id": 124.0, "Shape_Leng": 121.76287537499999, "Shape_Area": 780.56981856000004 }, "geometry": { "type": "MultiPolygon", "coordinates": [ [ [ [ -156.44308, 20.66801 ], [ -156.443, 20.66837 ], [ -156.44284, 20.66831 ], [ -156.4429, 20.66794 ], [ -156.44308, 20.66801 ] ] ] ] } },
{ "type": "Feature", "properties": { "id": 125.0, "Shape_Leng": 109.267034112, "Shape_Area": 537.36048163099997 }, "geometry": { "type": "MultiPolygon", "coordinates": [ [ [ [ -156.443, 20.66864 ], [ -156.44296, 20.66882 ], [ -156.44298, 20.66901 ], [ -156.44283, 20.66879 ], [ -156.443, 20.66864 ] ] ] ] } },
{ "type": "Feature", "properties": { "id": 126.0, "Shape_Leng": 697.99923040099998, "Shape_Area": 6854.7965754300003 }, "geometry": { "type": "MultiPolygon", "coordinates": [ [ [ [ -156.44286, 20.66935 ], [ -156.44272, 20.67063 ], [ -156.44353, 20.67189 ], [ -156.44252, 20.67067 ], [ -156.44286, 20.66935 ] ] ] ] } },
{ "type": "Feature", "properties": { "id": 127.0, "Shape_Leng": 278.07325248199999, "Shape_Area": 1790.31824443 }, "geometry": { "type": "MultiPolygon", "coordinates": [ [ [ [ -156.44387, 20.67332 ], [ -156.44369, 20.67439 ], [ -156.44355, 20.67437 ], [ -156.44347, 20.67399 ], [ -156.44387, 20.67332 ] ] ] ] } },
{ "type": "Feature", "properties": { "id": 128.0, "Shape_Leng": 579.63335693600004, "Shape_Area": 2781.1379120900001 }, "geometry": { "type": "MultiPolygon", "coordinates": [ [ [ [ -156.44349, 20.67465 ], [ -156.44323, 20.67515 ], [ -156.44349, 20.67556 ], [ -156.44335, 20.67693 ], [ -156.44314, 20.67513 ], [ -156.44349, 20.67465 ] ] ] ] } },
{ "type": "Feature", "properties": { "id": 129.0, "Shape_Leng": 955.324068743, "Shape_Area": 6600.4377043599998 }, "geometry": { "type": "MultiPolygon", "coordinates": [ [ [ [ -156.44376, 20.68077 ], [ -156.443, 20.68166 ], [ -156.44297, 20.68444 ], [ -156.44285, 20.68161 ], [ -156.44376, 20.68077 ] ] ] ] } },
{ "type": "Feature", "properties": { "id": 130.0, "Shape_Leng": 3665.5048757899999, "Shape_Area": 43297.012185799998 }, "geometry": { "type": "MultiPolygon", "coordinates": [ [ [ [ -156.44343, 20.68964 ], [ -156.44444, 20.69185 ], [ -156.44464, 20.69887 ], [ -156.44531, 20.69971 ], [ -156.44638, 20.70463 ], [ -156.44448, 20.69893 ], [ -156.44343, 20.68964 ] ] ] ] } },
{ "type": "Feature", "properties": { "id": 131.0, "Shape_Leng": 676.89365051799996, "Shape_Area": 5345.4666577799999 }, "geometry": { "type": "MultiPolygon", "coordinates": [ [ [ [ -156.44598, 20.71168 ], [ -156.44692, 20.71426 ], [ -156.44675, 20.71436 ], [ -156.44598, 20.71282 ], [ -156.44598, 20.71168 ] ] ] ] } },
{ "type": "Feature", "properties": { "id": 132.0, "Shape_Leng": 793.10772344899999, "Shape_Area": 6109.2535287800001 }, "geometry": { "type": "MultiPolygon", "coordinates": [ [ [ [ -156.44635, 20.71521 ], [ -156.44666, 20.7169 ], [ -156.44731, 20.71838 ], [ -156.44671, 20.71745 ], [ -156.44605, 20.71543 ], [ -156.44635, 20.71521 ] ] ] ] } },
{ "type": "Feature", "properties": { "id": 133.0, "Shape_Leng": 1196.60505698, "Shape_Area": 4957.41136654 }, "geometry": { "type": "MultiPolygon", "coordinates": [ [ [ [ -156.44734, 20.72048 ], [ -156.44842, 20.72377 ], [ -156.44859, 20.72467 ], [ -156.44933, 20.72518 ], [ -156.44734, 20.72048 ] ] ] ] } },
{ "type": "Feature", "properties": { "id": 134.0, "Shape_Leng": 104.52935679399999, "Shape_Area": 478.64221570799998 }, "geometry": { "type": "MultiPolygon", "coordinates": [ [ [ [ -156.45009, 20.7269 ], [ -156.4502, 20.72724 ], [ -156.45009, 20.72728 ], [ -156.44998, 20.72694 ], [ -156.45009, 20.7269 ] ] ] ] } },
{ "type": "Feature", "properties": { "id": 135.0, "Shape_Leng": 3904.8775779100001, "Shape_Area": 86435.156479900004 }, "geometry": { "type": "MultiPolygon", "coordinates": [ [ [ [ -156.45014, 20.72832 ], [ -156.45296, 20.7301 ], [ -156.45549, 20.73366 ], [ -156.45652, 20.73734 ], [ -156.45735, 20.74329 ], [ -156.45505, 20.73401 ], [ -156.45014, 20.72832 ] ] ] ] } },
{ "type": "Feature", "properties": { "id": 136.0, "Shape_Leng": 1147.8130523699999, "Shape_Area": 7656.0872095200002 }, "geometry": { "type": "MultiPolygon", "coordinates": [ [ [ [ -156.45745, 20.74582 ], [ -156.45775, 20.74758 ], [ -156.45915, 20.75053 ], [ -156.4576, 20.74763 ], [ -156.45745, 20.74582 ] ] ] ] } },
{ "type": "Feature", "properties": { "id": 137.0, "Shape_Leng": 1226.4553592499999, "Shape_Area": 11954.579215199999 }, "geometry": { "type": "MultiPolygon", "coordinates": [ [ [ [ -156.4597, 20.75394 ], [ -156.45941, 20.75534 ], [ -156.45976, 20.75935 ], [ -156.45913, 20.75586 ], [ -156.4597, 20.75394 ] ] ] ] } },
{ "type": "Feature", "properties": { "id": 138.0, "Shape_Leng": 475.01306237699998, "Shape_Area": 9789.3975960099997 }, "geometry": { "type": "MultiPolygon", "coordinates": [ [ [ [ -156.45922, 20.76299 ], [ -156.45915, 20.76389 ], [ -156.45945, 20.76446 ], [ -156.45854, 20.76385 ], [ -156.45922, 20.76299 ] ] ] ] } },
{ "type": "Feature", "properties": { "id": 139.0, "Shape_Leng": 3897.3063785899999, "Shape_Area": 40323.680572500001 }, "geometry": { "type": "MultiPolygon", "coordinates": [ [ [ [ -156.45906, 20.76477 ], [ -156.45896, 20.76936 ], [ -156.46253, 20.78106 ], [ -156.45864, 20.76922 ], [ -156.45906, 20.76477 ] ] ] ] } },
{ "type": "Feature", "properties": { "id": 140.0, "Shape_Leng": 10180.723754000001, "Shape_Area": 111889.330176 }, "geometry": { "type": "MultiPolygon", "coordinates": [ [ [ [ -156.46289, 20.78144 ], [ -156.46785, 20.78515 ], [ -156.47265, 20.78937 ], [ -156.4768, 20.79084 ], [ -156.48549, 20.7954 ], [ -156.49071, 20.7961 ], [ -156.49639, 20.79741 ], [ -156.50572, 20.79584 ], [ -156.49636, 20.79766 ], [ -156.48542, 20.79557 ], [ -156.47256, 20.78952 ], [ -156.46289, 20.78144 ] ] ] ] } },
{ "type": "Feature", "properties": { "id": 141.0, "Shape_Leng": 1028.1344322699999, "Shape_Area": 20818.104384400001 }, "geometry": { "type": "MultiPolygon", "coordinates": [ [ [ [ -156.5064, 20.79517 ], [ -156.50888, 20.79269 ], [ -156.50992, 20.79246 ], [ -156.50739, 20.79496 ], [ -156.5064, 20.79517 ] ] ] ] } },
{ "type": "Feature", "properties": { "id": 142.0, "Shape_Leng": 53.8035648798, "Shape_Area": 161.93845792 }, "geometry": { "type": "MultiPolygon", "coordinates": [ [ [ [ -156.51557, 20.78651 ], [ -156.5156, 20.78643 ], [ -156.51576, 20.78647 ], [ -156.51574, 20.78655 ], [ -156.51557, 20.78651 ] ] ] ] } },
{ "type": "Feature", "properties": { "id": 143.0, "Shape_Leng": 56.506904092100001, "Shape_Area": 171.6594083 }, "geometry": { "type": "MultiPolygon", "coordinates": [ [ [ [ -156.51588, 20.78599 ], [ -156.51587, 20.78591 ], [ -156.51606, 20.78602 ], [ -156.51588, 20.78599 ] ] ] ] } },
{ "type": "Feature", "properties": { "id": 144.0, "Shape_Leng": 217.11277173600001, "Shape_Area": 1717.8196558499999 }, "geometry": { "type": "MultiPolygon", "coordinates": [ [ [ [ -156.51616, 20.78548 ], [ -156.51668, 20.7849 ], [ -156.51689, 20.78497 ], [ -156.51656, 20.78542 ], [ -156.51616, 20.78548 ] ] ] ] } },
{ "type": "Feature", "properties": { "id": 145.0, "Shape_Leng": 69.194512109599998, "Shape_Area": 279.60883484800001 }, "geometry": { "type": "MultiPolygon", "coordinates": [ [ [ [ -156.51672, 20.78437 ], [ -156.51684, 20.78432 ], [ -156.51696, 20.78448 ], [ -156.51684, 20.78453 ], [ -156.51672, 20.78437 ] ] ] ] } },
{ "type": "Feature", "properties": { "id": 146.0, "Shape_Leng": 288.83609679400001, "Shape_Area": 2325.8775521699999 }, "geometry": { "type": "MultiPolygon", "coordinates": [ [ [ [ -156.5204, 20.78092 ], [ -156.52137, 20.78033 ], [ -156.52147, 20.78047 ], [ -156.52074, 20.78106 ], [ -156.5204, 20.78092 ] ] ] ] } },
{ "type": "Feature", "properties": { "id": 147.0, "Shape_Leng": 7025.6724486100002, "Shape_Area": 71714.09619310002 }, "geometry": { "type": "MultiPolygon", "coordinates": [ [ [ [ -156.56659, 20.79268 ], [ -156.57169, 20.7932 ], [ -156.58235, 20.79487 ], [ -156.58536, 20.79607 ], [ -156.58906, 20.79801 ], [ -156.58957, 20.79813 ], [ -156.58976, 20.7982 ], [ -156.58993, 20.79829 ], [ -156.59224, 20.79991 ], [ -156.59298, 20.80077 ], [ -156.59608, 20.80319 ], [ -156.59654, 20.80378 ], [ -156.58992, 20.7983 ], [ -156.58829, 20.79782 ], [ -156.58422, 20.7958 ], [ -156.56659, 20.79268 ] ] ] ] } },
{ "type": "Feature", "properties": { "id": 148.0, "Shape_Leng": 6152.6193998099998, "Shape_Area": 54475.572254500003 }, "geometry": { "type": "MultiPolygon", "coordinates": [ [ [ [ -156.59695, 20.80415 ], [ -156.60816, 20.81008 ], [ -156.61405, 20.81008 ], [ -156.61803, 20.80787 ], [ -156.62272, 20.80931 ], [ -156.62092, 20.80985 ], [ -156.61821, 20.80817 ], [ -156.61417, 20.81029 ], [ -156.60859, 20.81033 ], [ -156.59695, 20.80415 ] ] ] ] } },
{ "type": "Feature", "properties": { "id": 149.0, "Shape_Leng": 6408.0901554499997, "Shape_Area": 80060.990319499993 }, "geometry": { "type": "MultiPolygon", "coordinates": [ [ [ [ -156.62319, 20.80952 ], [ -156.62677, 20.81268 ], [ -156.62822, 20.81518 ], [ -156.63181, 20.82494 ], [ -156.63979, 20.83208 ], [ -156.63159, 20.82505 ], [ -156.6289, 20.81991 ], [ -156.62823, 20.81562 ], [ -156.62319, 20.80952 ] ] ] ] } },
{ "type": "Feature", "properties": { "id": 150.0, "Shape_Leng": 3077.30185463, "Shape_Area": 33111.836358 }, "geometry": { "type": "MultiPolygon", "coordinates": [ [ [ [ -156.64041, 20.8326 ], [ -156.64655, 20.83448 ], [ -156.64812, 20.83566 ], [ -156.65101, 20.84035 ], [ -156.64642, 20.83462 ], [ -156.64041, 20.8326 ] ] ] ] } },
{ "type": "Feature", "properties": { "id": 151.0, "Shape_Leng": 17.040714918100001, "Shape_Area": 2.8706644057899999 }, "geometry": { "type": "MultiPolygon", "coordinates": [ [ [ [ -156.6516, 20.84158 ], [ -156.65166, 20.84163 ], [ -156.65159, 20.84159 ], [ -156.6516, 20.84158 ] ] ] ] } },
{ "type": "Feature", "properties": { "id": 152.0, "Shape_Leng": 3241.8908372400001, "Shape_Area": 42808.81204840001 }, "geometry": { "type": "MultiPolygon", "coordinates": [ [ [ [ -156.65216, 20.84191 ], [ -156.65228, 20.84197 ], [ -156.65242, 20.84211 ], [ -156.6534, 20.84353 ], [ -156.65392, 20.84526 ], [ -156.6554, 20.84715 ], [ -156.66111, 20.8528 ], [ -156.6537, 20.84567 ], [ -156.65216, 20.84191 ] ] ] ] } },
{ "type": "Feature", "properties": { "id": 153.0, "Shape_Leng": 1831.7796472299999, "Shape_Area": 27465.504445300001 }, "geometry": { "type": "MultiPolygon", "coordinates": [ [ [ [ -156.66219, 20.85354 ], [ -156.66835, 20.85869 ], [ -156.66812, 20.85906 ], [ -156.66515, 20.85689 ], [ -156.66219, 20.85354 ] ] ] ] } },
{ "type": "Feature", "properties": { "id": 154.0, "Shape_Leng": 1357.93031335, "Shape_Area": 16946.939736799999 }, "geometry": { "type": "MultiPolygon", "coordinates": [ [ [ [ -156.66945, 20.85937 ], [ -156.66993, 20.86008 ], [ -156.6704, 20.86202 ], [ -156.67287, 20.86385 ], [ -156.67056, 20.86273 ], [ -156.66945, 20.85937 ] ] ] ] } },
{ "type": "Feature", "properties": { "id": 155.0, "Shape_Leng": 1426.28708901, "Shape_Area": 9760.6305813800009 }, "geometry": { "type": "MultiPolygon", "coordinates": [ [ [ [ -156.67354, 20.86493 ], [ -156.67578, 20.86752 ], [ -156.67738, 20.86998 ], [ -156.67716, 20.87009 ], [ -156.67354, 20.86493 ] ] ] ] } },
{ "type": "Feature", "properties": { "id": 156.0, "Shape_Leng": 800.68341544500004, "Shape_Area": 13236.084176 }, "geometry": { "type": "MultiPolygon", "coordinates": [ [ [ [ -156.67855, 20.87358 ], [ -156.67984, 20.8752 ], [ -156.68062, 20.87577 ], [ -156.67793, 20.87412 ], [ -156.67855, 20.87358 ] ] ] ] } },
{ "type": "Feature", "properties": { "id": 157.0, "Shape_Leng": 84.646730573300005, "Shape_Area": 446.468303994 }, "geometry": { "type": "MultiPolygon", "coordinates": [ [ [ [ -156.68104, 20.87672 ], [ -156.68087, 20.87684 ], [ -156.68075, 20.8767 ], [ -156.68092, 20.87658 ], [ -156.68104, 20.87672 ] ] ] ] } },
{ "type": "Feature", "properties": { "id": 158.0, "Shape_Leng": 1025.6102158199999, "Shape_Area": 20532.4459814 }, "geometry": { "type": "MultiPolygon", "coordinates": [ [ [ [ -156.68217, 20.87804 ], [ -156.68465, 20.8802 ], [ -156.68517, 20.88045 ], [ -156.68556, 20.88056 ], [ -156.6857, 20.88063 ], [ -156.68217, 20.87804 ] ] ] ] } },
{ "type": "Feature", "properties": { "id": 159.0, "Shape_Leng": 428.64462121100001, "Shape_Area": 879.67654925299996 }, "geometry": { "type": "MultiPolygon", "coordinates": [ [ [ [ -156.68577, 20.88068 ], [ -156.68681, 20.88141 ], [ -156.68737, 20.88189 ], [ -156.68647, 20.88123 ], [ -156.68577, 20.88068 ] ] ] ] } },
{ "type": "Feature", "properties": { "id": 160.0, "Shape_Leng": 602.44578600099999, "Shape_Area": 8424.0297539200001 }, "geometry": { "type": "MultiPolygon", "coordinates": [ [ [ [ -156.68762, 20.88237 ], [ -156.68738, 20.88352 ], [ -156.68668, 20.8846 ], [ -156.68633, 20.88415 ], [ -156.68762, 20.88237 ] ] ] ] } },
{ "type": "Feature", "properties": { "id": 161.0, "Shape_Leng": 1969.1886069, "Shape_Area": 22421.8545132 }, "geometry": { "type": "MultiPolygon", "coordinates": [ [ [ [ -156.68583, 20.88593 ], [ -156.68488, 20.88831 ], [ -156.68551, 20.89138 ], [ -156.68507, 20.89425 ], [ -156.68466, 20.88826 ], [ -156.68583, 20.88593 ] ] ] ] } },
{ "type": "Feature", "properties": { "id": 162.0, "Shape_Leng": 248.29747744700001, "Shape_Area": 2328.8179318000002 }, "geometry": { "type": "MultiPolygon", "coordinates": [ [ [ [ -156.68503, 20.89529 ], [ -156.68516, 20.89618 ], [ -156.68493, 20.89621 ], [ -156.6848, 20.89533 ], [ -156.68503, 20.89529 ] ] ] ] } },
{ "type": "Feature", "properties": { "id": 163.0, "Shape_Leng": 1069.57082444, "Shape_Area": 16808.7783944 }, "geometry": { "type": "MultiPolygon", "coordinates": [ [ [ [ -156.68492, 20.90066 ], [ -156.68513, 20.90318 ], [ -156.68596, 20.9048 ], [ -156.68495, 20.90345 ], [ -156.68441, 20.90162 ], [ -156.68492, 20.90066 ] ] ] ] } },
{ "type": "Feature", "properties": { "id": 164.0, "Shape_Leng": 176.186509231, "Shape_Area": 1804.53347409 }, "geometry": { "type": "MultiPolygon", "coordinates": [ [ [ [ -156.68746, 20.907 ], [ -156.68757, 20.90735 ], [ -156.68717, 20.90755 ], [ -156.6871, 20.90718 ], [ -156.68746, 20.907 ] ] ] ] } },
{ "type": "Feature", "properties": { "id": 165.0, "Shape_Leng": 5082.6409534699997, "Shape_Area": 57541.004290999997 }, "geometry": { "type": "MultiPolygon", "coordinates": [ [ [ [ -156.68802, 20.90853 ], [ -156.68947, 20.9107 ], [ -156.69239, 20.91214 ], [ -156.69461, 20.91372 ], [ -156.69615, 20.91565 ], [ -156.69653, 20.91739 ], [ -156.69642, 20.91847 ], [ -156.69594, 20.92133 ], [ -156.69496, 20.92494 ], [ -156.69548, 20.92705 ], [ -156.69482, 20.92492 ], [ -156.696, 20.9157 ], [ -156.68905, 20.91097 ], [ -156.68802, 20.90853 ] ] ] ] } },
{ "type": "Feature", "properties": { "id": 166.0, "Shape_Leng": 7952.5206136099996, "Shape_Area": 74259.282200600021 }, "geometry": { "type": "MultiPolygon", "coordinates": [ [ [ [ -156.69469, 20.92874 ], [ -156.69262, 20.9339 ], [ -156.69273, 20.93805 ], [ -156.69195, 20.94804 ], [ -156.69015, 20.95084 ], [ -156.68691, 20.95402 ], [ -156.68384, 20.9613 ], [ -156.68674, 20.95388 ], [ -156.69178, 20.94762 ], [ -156.69255, 20.93389 ], [ -156.69469, 20.92874 ] ] ] ] } },
{ "type": "Feature", "properties": { "id": 167.0, "Shape_Leng": 288.08103751800002, "Shape_Area": 2629.8093531999998 }, "geometry": { "type": "MultiPolygon", "coordinates": [ [ [ [ -156.68373, 20.96376 ], [ -156.68331, 20.96476 ], [ -156.68311, 20.96468 ], [ -156.68333, 20.96398 ], [ -156.68373, 20.96376 ] ] ] ] } },
{ "type": "Feature", "properties": { "id": 168.0, "Shape_Leng": 534.24214662500003, "Shape_Area": 8517.4040576499992 }, "geometry": { "type": "MultiPolygon", "coordinates": [ [ [ [ -156.6827, 20.96592 ], [ -156.68129, 20.96731 ], [ -156.68115, 20.96722 ], [ -156.68238, 20.96555 ], [ -156.6827, 20.96592 ] ] ] ] } },
{ "type": "Feature", "properties": { "id": 169.0, "Shape_Leng": 2964.76415868, "Shape_Area": 34455.08944950001 }, "geometry": { "type": "MultiPolygon", "coordinates": [ [ [ [ -156.68118, 20.96801 ], [ -156.67797, 20.97732 ], [ -156.67554, 20.97914 ], [ -156.67782, 20.97721 ], [ -156.68118, 20.96801 ] ] ] ] } },
{ "type": "Feature", "properties": { "id": 170.0, "Shape_Leng": 406.23433283200001, "Shape_Area": 3858.7557272700001 }, "geometry": { "type": "MultiPolygon", "coordinates": [ [ [ [ -156.67587, 20.97981 ], [ -156.67444, 20.98072 ], [ -156.67432, 20.98054 ], [ -156.67509, 20.98001 ], [ -156.67587, 20.97981 ] ] ] ] } },
{ "type": "Feature", "properties": { "id": 171.0, "Shape_Leng": 315.233396465, "Shape_Area": 2488.9780399800002 }, "geometry": { "type": "MultiPolygon", "coordinates": [ [ [ [ -156.6737, 20.98136 ], [ -156.67333, 20.98245 ], [ -156.6732, 20.98243 ], [ -156.67339, 20.98138 ], [ -156.6737, 20.98136 ] ] ] ] } },
{ "type": "Feature", "properties": { "id": 172.0, "Shape_Leng": 728.65336072800005, "Shape_Area": 10732.5840837 }, "geometry": { "type": "MultiPolygon", "coordinates": [ [ [ [ -156.67284, 20.98391 ], [ -156.67217, 20.98636 ], [ -156.67163, 20.98622 ], [ -156.67195, 20.98443 ], [ -156.67284, 20.98391 ] ] ] ] } },
{ "type": "Feature", "properties": { "id": 173.0, "Shape_Leng": 81.695360002399994, "Shape_Area": 416.95396430599999 }, "geometry": { "type": "MultiPolygon", "coordinates": [ [ [ [ -156.66957, 20.98828 ], [ -156.66945, 20.98813 ], [ -156.6696, 20.98802 ], [ -156.66972, 20.98817 ], [ -156.66957, 20.98828 ] ] ] ] } },
{ "type": "Feature", "properties": { "id": 174.0, "Shape_Leng": 99.899526574899994, "Shape_Area": 599.00001333499995 }, "geometry": { "type": "MultiPolygon", "coordinates": [ [ [ [ -156.66939, 20.99055 ], [ -156.66917, 20.99071 ], [ -156.66905, 20.99057 ], [ -156.66928, 20.9904 ], [ -156.66939, 20.99055 ] ] ] ] } },
{ "type": "Feature", "properties": { "id": 175.0, "Shape_Leng": 139.07186525700001, "Shape_Area": 1107.6377907000001 }, "geometry": { "type": "MultiPolygon", "coordinates": [ [ [ [ -156.66835, 20.99113 ], [ -156.66809, 20.99141 ], [ -156.66791, 20.99123 ], [ -156.66815, 20.99096 ], [ -156.66835, 20.99113 ] ] ] ] } },
{ "type": "Feature", "properties": { "id": 176.0, "Shape_Leng": 820.72069304499996, "Shape_Area": 9665.6268721699998 }, "geometry": { "type": "MultiPolygon", "coordinates": [ [ [ [ -156.6676, 20.99423 ], [ -156.66682, 20.99455 ], [ -156.66577, 20.99675 ], [ -156.66664, 20.99437 ], [ -156.6676, 20.99423 ] ] ] ] } },
{ "type": "Feature", "properties": { "id": 177.0, "Shape_Leng": 88.993300003300007, "Shape_Area": 489.93434893199998 }, "geometry": { "type": "MultiPolygon", "coordinates": [ [ [ [ -156.66742, 20.9981 ], [ -156.66719, 20.9981 ], [ -156.66719, 20.99792 ], [ -156.66743, 20.99792 ], [ -156.66742, 20.9981 ] ] ] ] } },
{ "type": "Feature", "properties": { "id": 178.0, "Shape_Leng": 548.50531083700002, "Shape_Area": 6145.1837978100002 }, "geometry": { "type": "MultiPolygon", "coordinates": [ [ [ [ -156.66688, 20.99873 ], [ -156.66631, 20.99931 ], [ -156.66621, 21.00059 ], [ -156.66607, 20.99921 ], [ -156.66688, 20.99873 ] ] ] ] } },
{ "type": "Feature", "properties": { "id": 179.0, "Shape_Leng": 79.844554322199997, "Shape_Area": 398.44554466099999 }, "geometry": { "type": "MultiPolygon", "coordinates": [ [ [ [ -156.66663, 21.00126 ], [ -156.66646, 21.00117 ], [ -156.66656, 21.00102 ], [ -156.66672, 21.00111 ], [ -156.66663, 21.00126 ] ] ] ] } },
{ "type": "Feature", "properties": { "id": 180.0, "Shape_Leng": 131.38474966499999, "Shape_Area": 1019.32772874 }, "geometry": { "type": "MultiPolygon", "coordinates": [ [ [ [ -156.66617, 21.00446 ], [ -156.66588, 21.0047 ], [ -156.66574, 21.00454 ], [ -156.66599, 21.00427 ], [ -156.66617, 21.00446 ] ] ] ] } },
{ "type": "Feature", "properties": { "id": 181.0, "Shape_Leng": 828.00374373700004, "Shape_Area": 6619.3742456399996 }, "geometry": { "type": "MultiPolygon", "coordinates": [ [ [ [ -156.66148, 21.00392 ], [ -156.66, 21.00381 ], [ -156.65774, 21.00415 ], [ -156.65998, 21.00363 ], [ -156.66148, 21.00392 ] ] ] ] } },
{ "type": "Feature", "properties": { "id": 182.0, "Shape_Leng": 1063.6674705400001, "Shape_Area": 9346.1274872499998 }, "geometry": { "type": "MultiPolygon", "coordinates": [ [ [ [ -156.65402, 21.00477 ], [ -156.65244, 21.0044 ], [ -156.64948, 21.00519 ], [ -156.65239, 21.00426 ], [ -156.65402, 21.00477 ] ] ] ] } },
{ "type": "Feature", "properties": { "id": 183.0, "Shape_Leng": 503.50757248999997, "Shape_Area": 7661.0818850699998 }, "geometry": { "type": "MultiPolygon", "coordinates": [ [ [ [ -156.64322, 21.01127 ], [ -156.64149, 21.01154 ], [ -156.64134, 21.01114 ], [ -156.64239, 21.01068 ], [ -156.64322, 21.01127 ] ] ] ] } },
{ "type": "Feature", "properties": { "id": 184.0, "Shape_Leng": 285.80037091000003, "Shape_Area": 2808.3606958300002 }, "geometry": { "type": "MultiPolygon", "coordinates": [ [ [ [ -156.63869, 21.01305 ], [ -156.6378, 21.01341 ], [ -156.63764, 21.01319 ], [ -156.63825, 21.01274 ], [ -156.63869, 21.01305 ] ] ] ] } },
{ "type": "Feature", "properties": { "id": 185.0, "Shape_Leng": 3835.2529043599998, "Shape_Area": 36236.561226999998 }, "geometry": { "type": "MultiPolygon", "coordinates": [ [ [ [ -156.50764, 20.93737 ], [ -156.50483, 20.93454 ], [ -156.49759, 20.93187 ], [ -156.49694, 20.93146 ], [ -156.49481, 20.9271 ], [ -156.49729, 20.93164 ], [ -156.5049, 20.93436 ], [ -156.50764, 20.93737 ] ] ] ] } },
{ "type": "Feature", "properties": { "id": 186.0, "Shape_Leng": 2030.5227370699999, "Shape_Area": 26218.66646 }, "geometry": { "type": "MultiPolygon", "coordinates": [ [ [ [ -156.49423, 20.92651 ], [ -156.49321, 20.92466 ], [ -156.49162, 20.91808 ], [ -156.49235, 20.91893 ], [ -156.49423, 20.92651 ] ] ] ] } },
{ "type": "Feature", "properties": { "id": 187.0, "Shape_Leng": 2626.4627947700001, "Shape_Area": 23325.425080100002 }, "geometry": { "type": "MultiPolygon", "coordinates": [ [ [ [ -156.49158, 20.91756 ], [ -156.49178, 20.91505 ], [ -156.48968, 20.91143 ], [ -156.48781, 20.91 ], [ -156.48556, 20.91004 ], [ -156.4877, 20.90979 ], [ -156.48992, 20.91149 ], [ -156.49203, 20.91518 ], [ -156.49158, 20.91756 ] ] ] ] } },
{ "type": "Feature", "properties": { "id": 188.0, "Shape_Leng": 2980.4549837300001, "Shape_Area": 29861.384188399999 }, "geometry": { "type": "MultiPolygon", "coordinates": [ [ [ [ -156.48461, 20.90995 ], [ -156.48456, 20.90997 ], [ -156.48437, 20.9099 ], [ -156.48354, 20.90886 ], [ -156.4812, 20.90432 ], [ -156.48015, 20.8981 ], [ -156.48143, 20.90429 ], [ -156.48461, 20.90995 ] ] ] ] } },
{ "type": "Feature", "properties": { "id": 189.0, "Shape_Leng": 2009.14552581, "Shape_Area": 30292.6073402 }, "geometry": { "type": "MultiPolygon", "coordinates": [ [ [ [ -156.47878, 20.89559 ], [ -156.47381, 20.89128 ], [ -156.473, 20.89104 ], [ -156.47206, 20.89123 ], [ -156.47188, 20.89131 ], [ -156.47173, 20.8915 ], [ -156.47171, 20.89148 ], [ -156.47187, 20.89125 ], [ -156.47205, 20.89115 ], [ -156.474, 20.89062 ], [ -156.47878, 20.89559 ] ] ] ] } },
{ "type": "Feature", "properties": { "id": 190.0, "Shape_Leng": 796.49675736699999, "Shape_Area": 8198.5531353700007 }, "geometry": { "type": "MultiPolygon", "coordinates": [ [ [ [ -156.47027, 20.89166 ], [ -156.4693, 20.89217 ], [ -156.46749, 20.8938 ], [ -156.46821, 20.89273 ], [ -156.47027, 20.89166 ] ] ] ] } },
{ "type": "Feature", "properties": { "id": 191.0, "Shape_Leng": 1350.4000338400001, "Shape_Area": 16008.0209065 }, "geometry": { "type": "MultiPolygon", "coordinates": [ [ [ [ -156.46102, 20.89698 ], [ -156.45912, 20.89723 ], [ -156.45492, 20.89676 ], [ -156.46016, 20.89658 ], [ -156.46102, 20.89698 ] ] ] ] } },
{ "type": "Feature", "properties": { "id": 192.0, "Shape_Leng": 1520.24156255, "Shape_Area": 26780.093486400001 }, "geometry": { "type": "MultiPolygon", "coordinates": [ [ [ [ -156.45341, 20.89633 ], [ -156.44818, 20.89702 ], [ -156.44712, 20.89803 ], [ -156.4479, 20.89692 ], [ -156.44899, 20.89646 ], [ -156.45341, 20.89633 ] ] ] ] } },
{ "type": "Feature", "properties": { "id": 193.0, "Shape_Leng": 1441.4919166499999, "Shape_Area": 13066.404027099999 }, "geometry": { "type": "MultiPolygon", "coordinates": [ [ [ [ -156.44666, 20.89917 ], [ -156.44357, 20.8992 ], [ -156.44043, 20.90047 ], [ -156.4435, 20.89898 ], [ -156.44666, 20.89917 ] ] ] ] } },
{ "type": "Feature", "properties": { "id": 194.0, "Shape_Leng": 397.90222684899999, "Shape_Area": 1399.8035523000001 }, "geometry": { "type": "MultiPolygon", "coordinates": [ [ [ [ -156.43745, 20.90267 ], [ -156.43674, 20.90331 ], [ -156.4358, 20.90322 ], [ -156.43669, 20.90318 ], [ -156.43745, 20.90267 ] ] ] ] } },
{ "type": "Feature", "properties": { "id": 195.0, "Shape_Leng": 3533.0559943799999, "Shape_Area": 59092.080618100001 }, "geometry": { "type": "MultiPolygon", "coordinates": [ [ [ [ -156.43306, 20.90408 ], [ -156.43096, 20.90618 ], [ -156.42824, 20.90819 ], [ -156.42305, 20.90991 ], [ -156.42222, 20.90991 ], [ -156.41929, 20.90806 ], [ -156.42242, 20.9096 ], [ -156.42566, 20.90874 ], [ -156.43306, 20.90408 ] ] ] ] } },
{ "type": "Feature", "properties": { "id": 196.0, "Shape_Leng": 1338.0422500899999, "Shape_Area": 28602.3975403 }, "geometry": { "type": "MultiPolygon", "coordinates": [ [ [ [ -156.41761, 20.90775 ], [ -156.41459, 20.90825 ], [ -156.41195, 20.9076 ], [ -156.41635, 20.90715 ], [ -156.41761, 20.90775 ] ] ] ] } },
{ "type": "Feature", "properties": { "id": 197.0, "Shape_Leng": 708.97301201699997, "Shape_Area": 9097.0989652499993 }, "geometry": { "type": "MultiPolygon", "coordinates": [ [ [ [ -156.4108, 20.90949 ], [ -156.40947, 20.90937 ], [ -156.40808, 20.91 ], [ -156.40934, 20.90912 ], [ -156.4108, 20.90949 ] ] ] ] } },
{ "type": "Feature", "properties": { "id": 198.0, "Shape_Leng": 162.94731961599999, "Shape_Area": 1167.8238323099999 }, "geometry": { "type": "MultiPolygon", "coordinates": [ [ [ [ -156.40742, 20.91078 ], [ -156.40721, 20.91079 ], [ -156.40695, 20.9103 ], [ -156.40718, 20.91033 ], [ -156.40742, 20.91078 ] ] ] ] } },
{ "type": "Feature", "properties": { "id": 199.0, "Shape_Leng": 489.658441788, "Shape_Area": 1311.2947674699999 }, "geometry": { "type": "MultiPolygon", "coordinates": [ [ [ [ -156.40279, 20.91247 ], [ -156.40133, 20.91285 ], [ -156.40063, 20.91249 ], [ -156.4015, 20.91274 ], [ -156.40279, 20.91247 ] ] ] ] } },
{ "type": "Feature", "properties": { "id": 200.0, "Shape_Leng": 2071.90442063, "Shape_Area": 32478.7454511 }, "geometry": { "type": "MultiPolygon", "coordinates": [ [ [ [ -156.39989, 20.91253 ], [ -156.39518, 20.913 ], [ -156.39095, 20.91502 ], [ -156.39161, 20.91396 ], [ -156.39705, 20.91221 ], [ -156.39989, 20.91253 ] ] ] ] } },
{ "type": "Feature", "properties": { "id": 201.0, "Shape_Leng": 1665.0315575300001, "Shape_Area": 20537.351369399999 }, "geometry": { "type": "MultiPolygon", "coordinates": [ [ [ [ -156.38941, 20.9151 ], [ -156.38445, 20.91559 ], [ -156.38224, 20.91667 ], [ -156.38441, 20.91543 ], [ -156.38941, 20.9151 ] ] ] ] } },
{ "type": "Feature", "properties": { "id": 202.0, "Shape_Leng": 494.94328682399998, "Shape_Area": 8276.8473181900008 }, "geometry": { "type": "MultiPolygon", "coordinates": [ [ [ [ -156.37916, 20.91935 ], [ -156.37779, 20.92037 ], [ -156.37753, 20.91997 ], [ -156.37829, 20.91906 ], [ -156.37916, 20.91935 ] ] ] ] } },
{ "type": "Feature", "properties": { "id": 203.0, "Shape_Leng": 593.70404538299999, "Shape_Area": 7313.71841012 }, "geometry": { "type": "MultiPolygon", "coordinates": [ [ [ [ -156.37596, 20.92255 ], [ -156.37377, 20.92238 ], [ -156.37371, 20.92212 ], [ -156.37503, 20.92186 ], [ -156.37596, 20.92255 ] ] ] ] } },
{ "type": "Feature", "properties": { "id": 204.0, "Shape_Leng": 137.235133722, "Shape_Area": 1122.5522002299999 }, "geometry": { "type": "MultiPolygon", "coordinates": [ [ [ [ -156.3714, 20.92383 ], [ -156.3711, 20.92404 ], [ -156.37093, 20.92386 ], [ -156.37122, 20.92362 ], [ -156.3714, 20.92383 ] ] ] ] } },
{ "type": "Feature", "properties": { "id": 205.0, "Shape_Leng": 405.013293976, "Shape_Area": 6823.7351768799999 }, "geometry": { "type": "MultiPolygon", "coordinates": [ [ [ [ -156.37097, 20.92503 ], [ -156.36974, 20.92589 ], [ -156.36953, 20.92566 ], [ -156.3707, 20.92472 ], [ -156.37097, 20.92503 ] ] ] ] } },
{ "type": "Feature", "properties": { "id": 206.0, "Shape_Leng": 481.15875367899997, "Shape_Area": 5053.9399974500002 }, "geometry": { "type": "MultiPolygon", "coordinates": [ [ [ [ -156.37024, 20.92832 ], [ -156.37013, 20.92869 ], [ -156.36873, 20.92953 ], [ -156.36855, 20.92929 ], [ -156.37024, 20.92832 ] ] ] ] } },
{ "type": "Feature", "properties": { "id": 207.0, "Shape_Leng": 174.05284167299999, "Shape_Area": 1466.13867256 }, "geometry": { "type": "MultiPolygon", "coordinates": [ [ [ [ -156.36788, 20.92936 ], [ -156.36729, 20.92933 ], [ -156.36726, 20.92915 ], [ -156.36784, 20.9291 ], [ -156.36788, 20.92936 ] ] ] ] } },
{ "type": "Feature", "properties": { "id": 208.0, "Shape_Leng": 476.150055162, "Shape_Area": 4123.2094075300001 }, "geometry": { "type": "MultiPolygon", "coordinates": [ [ [ [ -156.36438, 20.9307 ], [ -156.36317, 20.93126 ], [ -156.36238, 20.9314 ], [ -156.36408, 20.93056 ], [ -156.36438, 20.9307 ] ] ] ] } },
{ "type": "Feature", "properties": { "id": 209.0, "Shape_Leng": 853.110385329, "Shape_Area": 4453.9423687300005 }, "geometry": { "type": "MultiPolygon", "coordinates": [ [ [ [ -156.3594, 20.93322 ], [ -156.35746, 20.93339 ], [ -156.35574, 20.93434 ], [ -156.35759, 20.93316 ], [ -156.3594, 20.93322 ] ] ] ] } },
{ "type": "Feature", "properties": { "id": 210.0, "Shape_Leng": 22935.983499000002, "Shape_Area": 215816.518492 }, "geometry": { "type": "MultiPolygon", "coordinates": [ [ [ [ -158.23445, 21.57964 ], [ -158.22869, 21.57866 ], [ -158.22732, 21.57915 ], [ -158.22403, 21.57931 ], [ -158.21864, 21.5785 ], [ -158.21406, 21.58024 ], [ -158.20752, 21.58185 ], [ -158.20281, 21.58154 ], [ -158.20104, 21.58251 ], [ -158.20046, 21.58256 ], [ -158.1964, 21.58177 ], [ -158.19525, 21.58132 ], [ -158.1908, 21.58261 ], [ -158.18771, 21.58239 ], [ -158.18512, 21.58133 ], [ -158.18326, 21.58146 ], [ -158.17959, 21.58008 ], [ -158.17342, 21.58148 ], [ -158.1679, 21.57879 ], [ -158.16536, 21.57951 ], [ -158.1642, 21.58021 ], [ -158.16349, 21.58049 ], [ -158.1631, 21.58057 ], [ -158.15866, 21.57967 ], [ -158.15538, 21.58071 ], [ -158.15197, 21.58045 ], [ -158.14384, 21.58279 ], [ -158.13794, 21.58399 ], [ -158.13563, 21.58381 ], [ -158.12999, 21.58218 ], [ -158.1389, 21.5837 ], [ -158.15155, 21.58038 ], [ -158.15846, 21.57947 ], [ -158.16335, 21.58049 ], [ -158.16532, 21.57942 ], [ -158.1679, 21.57868 ], [ -158.17342, 21.58135 ], [ -158.17961, 21.5798 ], [ -158.19061, 21.58243 ], [ -158.19525, 21.58118 ], [ -158.20027, 21.58241 ], [ -158.20261, 21.58137 ], [ -158.20747, 21.5817 ], [ -158.21943, 21.57816 ], [ -158.22889, 21.57838 ], [ -158.23445, 21.57964 ] ] ] ] } },
{ "type": "Feature", "properties": { "id": 211.0, "Shape_Leng": 926.415759632, "Shape_Area": 5448.1552381600004 }, "geometry": { "type": "MultiPolygon", "coordinates": [ [ [ [ -158.12645, 21.58264 ], [ -158.12351, 21.58296 ], [ -158.12237, 21.58364 ], [ -158.12343, 21.58286 ], [ -158.12645, 21.58264 ] ] ] ] } },
{ "type": "Feature", "properties": { "id": 212.0, "Shape_Leng": 731.56100446000005, "Shape_Area": 6964.88107046 }, "geometry": { "type": "MultiPolygon", "coordinates": [ [ [ [ -158.11879, 21.58209 ], [ -158.1178, 21.58265 ], [ -158.11622, 21.58399 ], [ -158.11768, 21.58251 ], [ -158.11879, 21.58209 ] ] ] ] } },
{ "type": "Feature", "properties": { "id": 213.0, "Shape_Leng": 619.008469128, "Shape_Area": 3049.2836512700001 }, "geometry": { "type": "MultiPolygon", "coordinates": [ [ [ [ -158.11709, 21.58893 ], [ -158.11535, 21.58913 ], [ -158.11477, 21.58912 ], [ -158.11458, 21.58909 ], [ -158.11423, 21.58894 ], [ -158.11709, 21.58893 ] ] ] ] } },
{ "type": "Feature", "properties": { "id": 214.0, "Shape_Leng": 1298.4668781600001, "Shape_Area": 2853.7386276299999 }, "geometry": { "type": "MultiPolygon", "coordinates": [ [ [ [ -158.11345, 21.58878 ], [ -158.11077, 21.5904 ], [ -158.11006, 21.59193 ], [ -158.10937, 21.59279 ], [ -158.11345, 21.58878 ] ] ] ] } },
{ "type": "Feature", "properties": { "id": 215.0, "Shape_Leng": 231.050573004, "Shape_Area": 1180.7279472800001 }, "geometry": { "type": "MultiPolygon", "coordinates": [ [ [ [ -158.10871, 21.5937 ], [ -158.10784, 21.59411 ], [ -158.10775, 21.594 ], [ -158.10826, 21.59373 ], [ -158.10871, 21.5937 ] ] ] ] } },
{ "type": "Feature", "properties": { "id": 216.0, "Shape_Leng": 128.01981425100001, "Shape_Area": 819.29925639199996 }, "geometry": { "type": "MultiPolygon", "coordinates": [ [ [ [ -158.10717, 21.59448 ], [ -158.10685, 21.59467 ], [ -158.10674, 21.59453 ], [ -158.10704, 21.59431 ], [ -158.10717, 21.59448 ] ] ] ] } },
{ "type": "Feature", "properties": { "id": 217.0, "Shape_Leng": 1060.5495909900001, "Shape_Area": 22671.84762 }, "geometry": { "type": "MultiPolygon", "coordinates": [ [ [ [ -158.10317, 21.59626 ], [ -158.10394, 21.60039 ], [ -158.10335, 21.6005 ], [ -158.10278, 21.59728 ], [ -158.10317, 21.59626 ] ] ] ] } },
{ "type": "Feature", "properties": { "id": 218.0, "Shape_Leng": 191.40741691599999, "Shape_Area": 1121.21906762 }, "geometry": { "type": "MultiPolygon", "coordinates": [ [ [ [ -158.10456, 21.60104 ], [ -158.10473, 21.60174 ], [ -158.10459, 21.60177 ], [ -158.10441, 21.60124 ], [ -158.10456, 21.60104 ] ] ] ] } },
{ "type": "Feature", "properties": { "id": 219.0, "Shape_Leng": 2502.3320196999998, "Shape_Area": 20714.370713 }, "geometry": { "type": "MultiPolygon", "coordinates": [ [ [ [ -158.09491, 21.61271 ], [ -158.09442, 21.61334 ], [ -158.09008, 21.61502 ], [ -158.08529, 21.61876 ], [ -158.09, 21.61489 ], [ -158.09491, 21.61271 ] ] ] ] } },
{ "type": "Feature", "properties": { "id": 220.0, "Shape_Leng": 2152.04403903, "Shape_Area": 13446.380197799999 }, "geometry": { "type": "MultiPolygon", "coordinates": [ [ [ [ -158.08198, 21.62154 ], [ -158.08083, 21.62355 ], [ -158.07448, 21.62744 ], [ -158.07706, 21.62487 ], [ -158.08074, 21.62346 ], [ -158.08198, 21.62154 ] ] ] ] } },
{ "type": "Feature", "properties": { "id": 221.0, "Shape_Leng": 735.50283313700004, "Shape_Area": 6338.58806043 }, "geometry": { "type": "MultiPolygon", "coordinates": [ [ [ [ -158.07354, 21.62888 ], [ -158.07229, 21.63035 ], [ -158.07154, 21.63141 ], [ -158.07214, 21.63023 ], [ -158.07354, 21.62888 ] ] ] ] } },
{ "type": "Feature", "properties": { "id": 222.0, "Shape_Leng": 1195.6309753, "Shape_Area": 4467.5104210899999 }, "geometry": { "type": "MultiPolygon", "coordinates": [ [ [ [ -158.0654, 21.63819 ], [ -158.06317, 21.63947 ], [ -158.06318, 21.63968 ], [ -158.06293, 21.64017 ], [ -158.0626, 21.64062 ], [ -158.06254, 21.64185 ], [ -158.06242, 21.64199 ], [ -158.06258, 21.64061 ], [ -158.06311, 21.63944 ], [ -158.0654, 21.63819 ] ] ] ] } },
{ "type": "Feature", "properties": { "id": 223.0, "Shape_Leng": 205.23285850100001, "Shape_Area": 1861.81336584 }, "geometry": { "type": "MultiPolygon", "coordinates": [ [ [ [ -158.06383, 21.64545 ], [ -158.06344, 21.64606 ], [ -158.06323, 21.64595 ], [ -158.06365, 21.64535 ], [ -158.06383, 21.64545 ] ] ] ] } },
{ "type": "Feature", "properties": { "id": 224.0, "Shape_Leng": 12346.1965948, "Shape_Area": 128529.009181 }, "geometry": { "type": "MultiPolygon", "coordinates": [ [ [ [ -158.06086, 21.65506 ], [ -158.05708, 21.65966 ], [ -158.04849, 21.66717 ], [ -158.04645, 21.67019 ], [ -158.04007, 21.67424 ], [ -158.03899, 21.67885 ], [ -158.03785, 21.68053 ], [ -158.03654, 21.68104 ], [ -158.03429, 21.68112 ], [ -158.0329, 21.68174 ], [ -158.03001, 21.68689 ], [ -158.02164, 21.69162 ], [ -158.02457, 21.689 ], [ -158.02991, 21.68677 ], [ -158.03284, 21.68164 ], [ -158.0346, 21.68099 ], [ -158.03654, 21.68096 ], [ -158.03768, 21.68044 ], [ -158.0399, 21.67412 ], [ -158.04637, 21.67007 ], [ -158.04844, 21.66682 ], [ -158.06086, 21.65506 ] ] ] ] } },
{ "type": "Feature", "properties": { "id": 225.0, "Shape_Leng": 321.54802543400001, "Shape_Area": 2532.3635389800002 }, "geometry": { "type": "MultiPolygon", "coordinates": [ [ [ [ -158.0209, 21.69256 ], [ -158.01964, 21.69303 ], [ -158.01957, 21.69288 ], [ -158.02044, 21.69249 ], [ -158.0209, 21.69256 ] ] ] ] } },
{ "type": "Feature", "properties": { "id": 226.0, "Shape_Leng": 725.44566043199995, "Shape_Area": 5651.279665 }, "geometry": { "type": "MultiPolygon", "coordinates": [ [ [ [ -158.01586, 21.69612 ], [ -158.01504, 21.69721 ], [ -158.01387, 21.69807 ], [ -158.01336, 21.69815 ], [ -158.01586, 21.69612 ] ] ] ] } },
{ "type": "Feature", "properties": { "id": 227.0, "Shape_Leng": 1619.4671229099999, "Shape_Area": 9389.9404294899996 }, "geometry": { "type": "MultiPolygon", "coordinates": [ [ [ [ -158.01333, 21.69656 ], [ -158.01006, 21.69614 ], [ -158.00798, 21.699 ], [ -158.01, 21.69608 ], [ -158.01333, 21.69656 ] ] ] ] } },
{ "type": "Feature", "properties": { "id": 228.0, "Shape_Leng": 703.98133746600001, "Shape_Area": 4588.8784108500004 }, "geometry": { "type": "MultiPolygon", "coordinates": [ [ [ [ -158.00872, 21.69999 ], [ -158.00667, 21.70025 ], [ -158.00555, 21.69997 ], [ -158.00854, 21.69976 ], [ -158.00872, 21.69999 ] ] ] ] } },
{ "type": "Feature", "properties": { "id": 229.0, "Shape_Leng": 367.69349217199999, "Shape_Area": 3374.1771659299998 }, "geometry": { "type": "MultiPolygon", "coordinates": [ [ [ [ -158.00358, 21.69928 ], [ -158.00205, 21.69951 ], [ -158.00202, 21.6993 ], [ -158.00316, 21.69907 ], [ -158.00358, 21.69928 ] ] ] ] } },
{ "type": "Feature", "properties": { "id": 230.0, "Shape_Leng": 368.27541093899998, "Shape_Area": 2608.3140313099998 }, "geometry": { "type": "MultiPolygon", "coordinates": [ [ [ [ -157.99792, 21.70518 ], [ -157.99697, 21.70507 ], [ -157.99644, 21.70531 ], [ -157.99687, 21.70494 ], [ -157.99792, 21.70518 ] ] ] ] } },
{ "type": "Feature", "properties": { "id": 231.0, "Shape_Leng": 780.64032853900005, "Shape_Area": 10031.4351656 }, "geometry": { "type": "MultiPolygon", "coordinates": [ [ [ [ -157.99354, 21.70515 ], [ -157.99028, 21.70448 ], [ -157.99029, 21.70423 ], [ -157.99146, 21.70415 ], [ -157.99354, 21.70515 ] ] ] ] } },
{ "type": "Feature", "properties": { "id": 232.0, "Shape_Leng": 732.25630430599995, "Shape_Area": 5417.9711245300005 }, "geometry": { "type": "MultiPolygon", "coordinates": [ [ [ [ -157.98028, 21.70937 ], [ -157.97841, 21.70893 ], [ -157.977, 21.70905 ], [ -157.97785, 21.70877 ], [ -157.98028, 21.70937 ] ] ] ] } },
{ "type": "Feature", "properties": { "id": 233.0, "Shape_Leng": 56.674232897300001, "Shape_Area": 166.05174555100001 }, "geometry": { "type": "MultiPolygon", "coordinates": [ [ [ [ -157.96613, 21.70806 ], [ -157.96603, 21.7079 ], [ -157.9661, 21.70786 ], [ -157.96619, 21.70802 ], [ -157.96613, 21.70806 ] ] ] ] } },
{ "type": "Feature", "properties": { "id": 234.0, "Shape_Leng": 99.207733160700002, "Shape_Area": 383.32111629600001 }, "geometry": { "type": "MultiPolygon", "coordinates": [ [ [ [ -157.96533, 21.70701 ], [ -157.96499, 21.70683 ], [ -157.96504, 21.70676 ], [ -157.96538, 21.70693 ], [ -157.96533, 21.70701 ] ] ] ] } },
{ "type": "Feature", "properties": { "id": 235.0, "Shape_Leng": 181.55588105699999, "Shape_Area": 827.63811097300004 }, "geometry": { "type": "MultiPolygon", "coordinates": [ [ [ [ -157.96392, 21.70453 ], [ -157.96349, 21.70393 ], [ -157.96358, 21.70387 ], [ -157.96382, 21.70415 ], [ -157.96392, 21.70453 ] ] ] ] } },
{ "type": "Feature", "properties": { "id": 236.0, "Shape_Leng": 113.004606106, "Shape_Area": 637.36591769799998 }, "geometry": { "type": "MultiPolygon", "coordinates": [ [ [ [ -157.95805, 21.70051 ], [ -157.95788, 21.70019 ], [ -157.958, 21.70013 ], [ -157.9582, 21.70042 ], [ -157.95805, 21.70051 ] ] ] ] } },
{ "type": "Feature", "properties": { "id": 237.0, "Shape_Leng": 427.80515365700001, "Shape_Area": 2540.342865 }, "geometry": { "type": "MultiPolygon", "coordinates": [ [ [ [ -157.94926, 21.69085 ], [ -157.94895, 21.69019 ], [ -157.94821, 21.68934 ], [ -157.94907, 21.69012 ], [ -157.94926, 21.69085 ] ] ] ] } },
{ "type": "Feature", "properties": { "id": 238.0, "Shape_Leng": 547.64642642900003, "Shape_Area": 1469.3683211600001 }, "geometry": { "type": "MultiPolygon", "coordinates": [ [ [ [ -157.94541, 21.68497 ], [ -157.94527, 21.6844 ], [ -157.94408, 21.68293 ], [ -157.94532, 21.68437 ], [ -157.94541, 21.68497 ] ] ] ] } },
{ "type": "Feature", "properties": { "id": 239.0, "Shape_Leng": 513.13660280600004, "Shape_Area": 379.20684434899999 }, "geometry": { "type": "MultiPolygon", "coordinates": [ [ [ [ -157.94348, 21.68197 ], [ -157.94241, 21.68076 ], [ -157.9423, 21.68061 ], [ -157.94214, 21.68028 ], [ -157.94206, 21.68011 ], [ -157.94206, 21.6801 ], [ -157.94348, 21.68197 ] ] ] ] } },
{ "type": "Feature", "properties": { "id": 240.0, "Shape_Leng": 1424.1061000899999, "Shape_Area": 8245.6382294199993 }, "geometry": { "type": "MultiPolygon", "coordinates": [ [ [ [ -157.93643, 21.67235 ], [ -157.93722, 21.67039 ], [ -157.93622, 21.66631 ], [ -157.93738, 21.67039 ], [ -157.93643, 21.67235 ] ] ] ] } },
{ "type": "Feature", "properties": { "id": 241.0, "Shape_Leng": 3131.3491875300001, "Shape_Area": 13380.3610577 }, "geometry": { "type": "MultiPolygon", "coordinates": [ [ [ [ -157.93604, 21.66593 ], [ -157.93222, 21.66249 ], [ -157.92773, 21.66136 ], [ -157.9274, 21.66116 ], [ -157.92729, 21.66083 ], [ -157.92765, 21.65803 ], [ -157.92824, 21.65699 ], [ -157.92746, 21.66103 ], [ -157.93241, 21.66254 ], [ -157.93604, 21.66593 ] ] ] ] } },
{ "type": "Feature", "properties": { "id": 242.0, "Shape_Leng": 1433.9613487700001, "Shape_Area": 2655.4558756299998 }, "geometry": { "type": "MultiPolygon", "coordinates": [ [ [ [ -157.92835, 21.6539 ], [ -157.92802, 21.65322 ], [ -157.92788, 21.65268 ], [ -157.92453, 21.65092 ], [ -157.92369, 21.65035 ], [ -157.92331, 21.64989 ], [ -157.92788, 21.65267 ], [ -157.92835, 21.6539 ] ] ] ] } },
{ "type": "Feature", "properties": { "id": 243.0, "Shape_Leng": 275.12926075299998, "Shape_Area": 1276.4127277499999 }, "geometry": { "type": "MultiPolygon", "coordinates": [ [ [ [ -157.92388, 21.66231 ], [ -157.92325, 21.66322 ], [ -157.92314, 21.66316 ], [ -157.92334, 21.66265 ], [ -157.92388, 21.66231 ] ] ] ] } },
{ "type": "Feature", "properties": { "id": 244.0, "Shape_Leng": 4130.5366170400002, "Shape_Area": 35809.22947820001 }, "geometry": { "type": "MultiPolygon", "coordinates": [ [ [ [ -157.91772, 21.64739 ], [ -157.91907, 21.64384 ], [ -157.91827, 21.63927 ], [ -157.91867, 21.63459 ], [ -157.92129, 21.63037 ], [ -157.91896, 21.63443 ], [ -157.91919, 21.64385 ], [ -157.91772, 21.64739 ] ] ] ] } },
{ "type": "Feature", "properties": { "id": 245.0, "Shape_Leng": 148.41108537, "Shape_Area": 201.19952750100001 }, "geometry": { "type": "MultiPolygon", "coordinates": [ [ [ [ -157.92115, 21.62877 ], [ -157.92126, 21.62842 ], [ -157.92136, 21.62825 ], [ -157.92137, 21.62816 ], [ -157.92137, 21.62825 ], [ -157.9212, 21.62877 ], [ -157.92115, 21.62877 ] ] ] ] } },
{ "type": "Feature", "properties": { "id": 246.0, "Shape_Leng": 8361.9843895100003, "Shape_Area": 59634.631157299998 }, "geometry": { "type": "MultiPolygon", "coordinates": [ [ [ [ -157.91957, 21.62513 ], [ -157.91833, 21.62461 ], [ -157.91266, 21.61993 ], [ -157.91244, 21.61933 ], [ -157.91295, 21.6145 ], [ -157.91121, 21.61275 ], [ -157.90965, 21.61068 ], [ -157.90878, 21.60845 ], [ -157.90743, 21.60748 ], [ -157.90543, 21.60723 ], [ -157.90169, 21.60543 ], [ -157.89872, 21.60312 ], [ -157.89785, 21.60209 ], [ -157.89686, 21.59859 ], [ -157.89983, 21.60385 ], [ -157.9018, 21.60537 ], [ -157.90747, 21.60741 ], [ -157.90885, 21.6084 ], [ -157.91308, 21.61446 ], [ -157.91263, 21.61938 ], [ -157.91289, 21.61987 ], [ -157.91957, 21.62513 ] ] ] ] } },
{ "type": "Feature", "properties": { "id": 247.0, "Shape_Leng": 4751.1619435399998, "Shape_Area": 23042.862429199999 }, "geometry": { "type": "MultiPolygon", "coordinates": [ [ [ [ -157.8962, 21.59727 ], [ -157.89467, 21.59396 ], [ -157.89209, 21.59248 ], [ -157.89006, 21.59081 ], [ -157.88896, 21.58954 ], [ -157.88734, 21.58557 ], [ -157.88643, 21.58131 ], [ -157.88522, 21.57967 ], [ -157.88641, 21.58112 ], [ -157.88905, 21.58945 ], [ -157.89475, 21.5939 ], [ -157.8962, 21.59727 ] ] ] ] } },
{ "type": "Feature", "properties": { "id": 248.0, "Shape_Leng": 3998.0445628799998, "Shape_Area": 42410.136912800001 }, "geometry": { "type": "MultiPolygon", "coordinates": [ [ [ [ -157.88366, 21.57812 ], [ -157.87727, 21.57513 ], [ -157.87504, 21.57279 ], [ -157.87504, 21.56497 ], [ -157.87519, 21.57268 ], [ -157.88366, 21.57812 ] ] ] ] } },
{ "type": "Feature", "properties": { "id": 249.0, "Shape_Leng": 189.867993738, "Shape_Area": 210.061308341 }, "geometry": { "type": "MultiPolygon", "coordinates": [ [ [ [ -157.87642, 21.55816 ], [ -157.8763, 21.55779 ], [ -157.87604, 21.5574 ], [ -157.87632, 21.55778 ], [ -157.87642, 21.55816 ] ] ] ] } },
{ "type": "Feature", "properties": { "id": 250.0, "Shape_Leng": 709.48460534000003, "Shape_Area": 4709.0631274899997 }, "geometry": { "type": "MultiPolygon", "coordinates": [ [ [ [ -157.87302, 21.55591 ], [ -157.86981, 21.55607 ], [ -157.86976, 21.55583 ], [ -157.87129, 21.55561 ], [ -157.87302, 21.55591 ] ] ] ] } },
{ "type": "Feature", "properties": { "id": 251.0, "Shape_Leng": 1806.9700152099999, "Shape_Area": 12826.5398965 }, "geometry": { "type": "MultiPolygon", "coordinates": [ [ [ [ -157.86412, 21.56032 ], [ -157.86143, 21.5593 ], [ -157.86026, 21.55864 ], [ -157.85619, 21.55747 ], [ -157.85625, 21.55732 ], [ -157.86012, 21.55846 ], [ -157.86412, 21.56032 ] ] ] ] } },
{ "type": "Feature", "properties": { "id": 252.0, "Shape_Leng": 6383.5080134999998, "Shape_Area": 55676.927031200001 }, "geometry": { "type": "MultiPolygon", "coordinates": [ [ [ [ -157.8547, 21.55776 ], [ -157.8527, 21.55676 ], [ -157.85131, 21.55556 ], [ -157.8468, 21.55011 ], [ -157.84637, 21.54846 ], [ -157.84652, 21.54618 ], [ -157.84223, 21.5422 ], [ -157.83889, 21.5349 ], [ -157.84216, 21.54177 ], [ -157.84664, 21.54617 ], [ -157.84693, 21.55003 ], [ -157.8547, 21.55776 ] ] ] ] } },
{ "type": "Feature", "properties": { "id": 253.0, "Shape_Leng": 327.63161966799998, "Shape_Area": 1288.9012837400001 }, "geometry": { "type": "MultiPolygon", "coordinates": [ [ [ [ -157.83741, 21.53241 ], [ -157.83657, 21.5317 ], [ -157.83639, 21.53138 ], [ -157.83747, 21.53235 ], [ -157.83741, 21.53241 ] ] ] ] } },
{ "type": "Feature", "properties": { "id": 254.0, "Shape_Leng": 1086.5559706199999, "Shape_Area": 2301.2462372499999 }, "geometry": { "type": "MultiPolygon", "coordinates": [ [ [ [ -157.83637, 21.53087 ], [ -157.83561, 21.52961 ], [ -157.83481, 21.52798 ], [ -157.83463, 21.52746 ], [ -157.83441, 21.52641 ], [ -157.83637, 21.53087 ] ] ] ] } },
{ "type": "Feature", "properties": { "id": 255.0, "Shape_Leng": 770.83539370599999, "Shape_Area": 2196.4147605200001 }, "geometry": { "type": "MultiPolygon", "coordinates": [ [ [ [ -157.8347, 21.52612 ], [ -157.83478, 21.5227 ], [ -157.83481, 21.5227 ], [ -157.83484, 21.52522 ], [ -157.8347, 21.52612 ] ] ] ] } },
{ "type": "Feature", "properties": { "id": 256.0, "Shape_Leng": 1000.52543065, "Shape_Area": 8902.0267331699997 }, "geometry": { "type": "MultiPolygon", "coordinates": [ [ [ [ -157.83517, 21.52245 ], [ -157.83543, 21.52048 ], [ -157.83545, 21.51813 ], [ -157.83563, 21.52086 ], [ -157.83517, 21.52245 ] ] ] ] } },
{ "type": "Feature", "properties": { "id": 257.0, "Shape_Leng": 2563.3980109700001, "Shape_Area": 76022.687143999996 }, "geometry": { "type": "MultiPolygon", "coordinates": [ [ [ [ -157.83619, 21.51759 ], [ -157.83548, 21.50982 ], [ -157.83924, 21.50854 ], [ -157.83628, 21.5103 ], [ -157.83619, 21.51759 ] ] ] ] } },
{ "type": "Feature", "properties": { "id": 258.0, "Shape_Leng": 47.496578773499998, "Shape_Area": 6.3418427148000003 }, "geometry": { "type": "MultiPolygon", "coordinates": [ [ [ [ -157.84263, 21.50801 ], [ -157.84281, 21.50796 ], [ -157.84285, 21.50795 ], [ -157.84281, 21.50796 ], [ -157.84263, 21.50801 ] ] ] ] } },
{ "type": "Feature", "properties": { "id": 259.0, "Shape_Leng": 163.18402286700001, "Shape_Area": 440.43946741899998 }, "geometry": { "type": "MultiPolygon", "coordinates": [ [ [ [ -157.76391, 21.46147 ], [ -157.76395, 21.46128 ], [ -157.76397, 21.46077 ], [ -157.76403, 21.46126 ], [ -157.76391, 21.46147 ] ] ] ] } },
{ "type": "Feature", "properties": { "id": 260.0, "Shape_Leng": 402.530655018, "Shape_Area": 514.76062392999995 }, "geometry": { "type": "MultiPolygon", "coordinates": [ [ [ [ -157.7629, 21.45954 ], [ -157.7626, 21.45935 ], [ -157.76121, 21.45865 ], [ -157.76262, 21.45932 ], [ -157.7629, 21.45954 ] ] ] ] } },
{ "type": "Feature", "properties": { "id": 261.0, "Shape_Leng": 2973.83865302, "Shape_Area": 14128.6865937 }, "geometry": { "type": "MultiPolygon", "coordinates": [ [ [ [ -157.75629, 21.45663 ], [ -157.75349, 21.45596 ], [ -157.75244, 21.45543 ], [ -157.7504, 21.45487 ], [ -157.74845, 21.45402 ], [ -157.74268, 21.45323 ], [ -157.7485, 21.45387 ], [ -157.75629, 21.45663 ] ] ] ] } },
{ "type": "Feature", "properties": { "id": 262.0, "Shape_Leng": 246.14894890599999, "Shape_Area": 1396.4042852 }, "geometry": { "type": "MultiPolygon", "coordinates": [ [ [ [ -157.74055, 21.45383 ], [ -157.73966, 21.4543 ], [ -157.73957, 21.45421 ], [ -157.7398, 21.45393 ], [ -157.74055, 21.45383 ] ] ] ] } },
{ "type": "Feature", "properties": { "id": 263.0, "Shape_Leng": 915.16420605600001, "Shape_Area": 5995.7785861900002 }, "geometry": { "type": "MultiPolygon", "coordinates": [ [ [ [ -157.73033, 21.39917 ], [ -157.7296, 21.39899 ], [ -157.72871, 21.39864 ], [ -157.72812, 21.39856 ], [ -157.72646, 21.39755 ], [ -157.73033, 21.39917 ] ] ] ] } },
{ "type": "Feature", "properties": { "id": 264.0, "Shape_Leng": 936.42806922700004, "Shape_Area": 8347.77642887 }, "geometry": { "type": "MultiPolygon", "coordinates": [ [ [ [ -157.72521, 21.39688 ], [ -157.7227, 21.39552 ], [ -157.72141, 21.3954 ], [ -157.72276, 21.39543 ], [ -157.72521, 21.39688 ] ] ] ] } },
{ "type": "Feature", "properties": { "id": 265.0, "Shape_Leng": 897.46718589, "Shape_Area": 7423.8004567799999 }, "geometry": { "type": "MultiPolygon", "coordinates": [ [ [ [ -157.72012, 21.39588 ], [ -157.71746, 21.39408 ], [ -157.71667, 21.39368 ], [ -157.71758, 21.39393 ], [ -157.72012, 21.39588 ] ] ] ] } },
{ "type": "Feature", "properties": { "id": 266.0, "Shape_Leng": 2072.1418950500001, "Shape_Area": 25617.10822 }, "geometry": { "type": "MultiPolygon", "coordinates": [ [ [ [ -157.71243, 21.38909 ], [ -157.71198, 21.38862 ], [ -157.7116, 21.38798 ], [ -157.71062, 21.38557 ], [ -157.70945, 21.38402 ], [ -157.7082, 21.381 ], [ -157.71125, 21.38617 ], [ -157.71243, 21.38909 ] ] ] ] } },
{ "type": "Feature", "properties": { "id": 267.0, "Shape_Leng": 102.542013947, "Shape_Area": 334.247528327 }, "geometry": { "type": "MultiPolygon", "coordinates": [ [ [ [ -157.70782, 21.3808 ], [ -157.70766, 21.38069 ], [ -157.70746, 21.38061 ], [ -157.70772, 21.38064 ], [ -157.70782, 21.3808 ] ] ] ] } },
{ "type": "Feature", "properties": { "id": 268.0, "Shape_Leng": 15982.6163949, "Shape_Area": 145765.971854 }, "geometry": { "type": "MultiPolygon", "coordinates": [ [ [ [ -157.70584, 21.37962 ], [ -157.70607, 21.37602 ], [ -157.70997, 21.36559 ], [ -157.7091, 21.35981 ], [ -157.7076, 21.35609 ], [ -157.70717, 21.35337 ], [ -157.70676, 21.35292 ], [ -157.70585, 21.3513 ], [ -157.70549, 21.34963 ], [ -157.70522, 21.34915 ], [ -157.70489, 21.34892 ], [ -157.70475, 21.34878 ], [ -157.70457, 21.34846 ], [ -157.70436, 21.34837 ], [ -157.70426, 21.34822 ], [ -157.70419, 21.34804 ], [ -157.70424, 21.34781 ], [ -157.70415, 21.34765 ], [ -157.70377, 21.34723 ], [ -157.70367, 21.34708 ], [ -157.70308, 21.34593 ], [ -157.70276, 21.34569 ], [ -157.70201, 21.34464 ], [ -157.70191, 21.34427 ], [ -157.70171, 21.34417 ], [ -157.70056, 21.34271 ], [ -157.70008, 21.34193 ], [ -157.69937, 21.34128 ], [ -157.69312, 21.33166 ], [ -157.68918, 21.32865 ], [ -157.67942, 21.32517 ], [ -157.67757, 21.32416 ], [ -157.67667, 21.32299 ], [ -157.68925, 21.32853 ], [ -157.69304, 21.33148 ], [ -157.6965, 21.33614 ], [ -157.69817, 21.33922 ], [ -157.70156, 21.34362 ], [ -157.70197, 21.34423 ], [ -157.70207, 21.3446 ], [ -157.70313, 21.3459 ], [ -157.70416, 21.34764 ], [ -157.70425, 21.3478 ], [ -157.70427, 21.34821 ], [ -157.70458, 21.34846 ], [ -157.70476, 21.34878 ], [ -157.70523, 21.34914 ], [ -157.70559, 21.34978 ], [ -157.70725, 21.35334 ], [ -157.70929, 21.35975 ], [ -157.71016, 21.36558 ], [ -157.70584, 21.37962 ] ] ] ] } },
{ "type": "Feature", "properties": { "id": 269.0, "Shape_Leng": 175.52705516099999, "Shape_Area": 692.89199354200002 }, "geometry": { "type": "MultiPolygon", "coordinates": [ [ [ [ -157.67368, 21.32191 ], [ -157.67308, 21.32146 ], [ -157.67311, 21.32143 ], [ -157.67375, 21.32183 ], [ -157.67368, 21.32191 ] ] ] ] } },
{ "type": "Feature", "properties": { "id": 270.0, "Shape_Leng": 223.45894721400001, "Shape_Area": 989.69241200800002 }, "geometry": { "type": "MultiPolygon", "coordinates": [ [ [ [ -157.67253, 21.32104 ], [ -157.67198, 21.32029 ], [ -157.67208, 21.32024 ], [ -157.67262, 21.32098 ], [ -157.67253, 21.32104 ] ] ] ] } },
{ "type": "Feature", "properties": { "id": 271.0, "Shape_Leng": 495.56208002099999, "Shape_Area": 2282.4321972900002 }, "geometry": { "type": "MultiPolygon", "coordinates": [ [ [ [ -157.67113, 21.31946 ], [ -157.66991, 21.31869 ], [ -157.66947, 21.31811 ], [ -157.67092, 21.31911 ], [ -157.67113, 21.31946 ] ] ] ] } },
{ "type": "Feature", "properties": { "id": 272.0, "Shape_Leng": 927.248948799, "Shape_Area": 5444.0589386800002 }, "geometry": { "type": "MultiPolygon", "coordinates": [ [ [ [ -157.66811, 21.31671 ], [ -157.66626, 21.3159 ], [ -157.6647, 21.31635 ], [ -157.66413, 21.31623 ], [ -157.66623, 21.3158 ], [ -157.66811, 21.31671 ] ] ] ] } },
{ "type": "Feature", "properties": { "id": 273.0, "Shape_Leng": 56.650212519699998, "Shape_Area": 170.658516934 }, "geometry": { "type": "MultiPolygon", "coordinates": [ [ [ [ -157.66236, 21.31556 ], [ -157.66219, 21.31547 ], [ -157.66224, 21.3154 ], [ -157.6624, 21.31549 ], [ -157.66236, 21.31556 ] ] ] ] } },
{ "type": "Feature", "properties": { "id": 274.0, "Shape_Leng": 489.79315308999998, "Shape_Area": 2909.8564500699999 }, "geometry": { "type": "MultiPolygon", "coordinates": [ [ [ [ -157.66077, 21.31174 ], [ -157.66005, 21.31066 ], [ -157.65942, 21.3102 ], [ -157.66015, 21.31059 ], [ -157.66077, 21.31174 ] ] ] ] } },
{ "type": "Feature", "properties": { "id": 275.0, "Shape_Leng": 1061.0226537399999, "Shape_Area": 7986.3908517600003 }, "geometry": { "type": "MultiPolygon", "coordinates": [ [ [ [ -157.67462, 21.28527 ], [ -157.67467, 21.28549 ], [ -157.67377, 21.28588 ], [ -157.67011, 21.28627 ], [ -157.67462, 21.28527 ] ] ] ] } },
{ "type": "Feature", "properties": { "id": 276.0, "Shape_Leng": 966.44949921700004, "Shape_Area": 4245.349358 }, "geometry": { "type": "MultiPolygon", "coordinates": [ [ [ [ -157.69731, 21.26818 ], [ -157.69753, 21.26865 ], [ -157.69761, 21.26925 ], [ -157.69728, 21.27087 ], [ -157.69702, 21.27136 ], [ -157.69631, 21.2721 ], [ -157.69731, 21.26818 ] ] ] ] } },
{ "type": "Feature", "properties": { "id": 277.0, "Shape_Leng": 496.40861790500003, "Shape_Area": 2602.24559752 }, "geometry": { "type": "MultiPolygon", "coordinates": [ [ [ [ -157.72124, 21.28409 ], [ -157.72031, 21.28424 ], [ -157.71905, 21.28471 ], [ -157.72027, 21.28417 ], [ -157.72124, 21.28409 ] ] ] ] } },
{ "type": "Feature", "properties": { "id": 278.0, "Shape_Leng": 337.06342887900001, "Shape_Area": 2219.5451541900002 }, "geometry": { "type": "MultiPolygon", "coordinates": [ [ [ [ -157.71372, 21.28176 ], [ -157.71226, 21.2814 ], [ -157.7123, 21.28126 ], [ -157.71303, 21.28144 ], [ -157.71372, 21.28176 ] ] ] ] } },
{ "type": "Feature", "properties": { "id": 279.0, "Shape_Leng": 1037.3851045599999, "Shape_Area": 9236.2815177800003 }, "geometry": { "type": "MultiPolygon", "coordinates": [ [ [ [ -157.71113, 21.28066 ], [ -157.71106, 21.28062 ], [ -157.71072, 21.28027 ], [ -157.70922, 21.27819 ], [ -157.70926, 21.27668 ], [ -157.71113, 21.28066 ] ] ] ] } },
{ "type": "Feature", "properties": { "id": 280.0, "Shape_Leng": 1253.61839708, "Shape_Area": 7194.8679179800001 }, "geometry": { "type": "MultiPolygon", "coordinates": [ [ [ [ -157.72255, 21.28184 ], [ -157.72288, 21.28141 ], [ -157.7246, 21.28111 ], [ -157.72746, 21.28118 ], [ -157.72785, 21.28123 ], [ -157.72804, 21.28126 ], [ -157.72822, 21.2813 ], [ -157.72824, 21.28131 ], [ -157.72255, 21.28184 ] ] ] ] } },
{ "type": "Feature", "properties": { "id": 281.0, "Shape_Leng": 354.75110821499999, "Shape_Area": 2443.67468964 }, "geometry": { "type": "MultiPolygon", "coordinates": [ [ [ [ -157.73179, 21.28195 ], [ -157.73336, 21.28179 ], [ -157.73338, 21.2819 ], [ -157.73265, 21.28217 ], [ -157.73179, 21.28195 ] ] ] ] } },
{ "type": "Feature", "properties": { "id": 282.0, "Shape_Leng": 270.368390777, "Shape_Area": 1915.96055832 }, "geometry": { "type": "MultiPolygon", "coordinates": [ [ [ [ -157.73679, 21.28042 ], [ -157.73771, 21.28013 ], [ -157.73795, 21.28028 ], [ -157.73683, 21.28052 ], [ -157.73679, 21.28042 ] ] ] ] } },
{ "type": "Feature", "properties": { "id": 283.0, "Shape_Leng": 289.82983013900002, "Shape_Area": 950.17491996199999 }, "geometry": { "type": "MultiPolygon", "coordinates": [ [ [ [ -157.73855, 21.28006 ], [ -157.73931, 21.27994 ], [ -157.73987, 21.27987 ], [ -157.73857, 21.28016 ], [ -157.73855, 21.28006 ] ] ] ] } },
{ "type": "Feature", "properties": { "id": 284.0, "Shape_Leng": 643.17273507599998, "Shape_Area": 897.973781723 }, "geometry": { "type": "MultiPolygon", "coordinates": [ [ [ [ -157.74134, 21.27994 ], [ -157.74321, 21.27988 ], [ -157.74358, 21.27975 ], [ -157.74402, 21.27938 ], [ -157.7442, 21.27933 ], [ -157.74134, 21.27994 ] ] ] ] } },
{ "type": "Feature", "properties": { "id": 285.0, "Shape_Leng": 563.16870501599999, "Shape_Area": 1007.22386294 }, "geometry": { "type": "MultiPolygon", "coordinates": [ [ [ [ -157.74426, 21.27895 ], [ -157.74611, 21.27843 ], [ -157.74682, 21.27817 ], [ -157.74575, 21.27859 ], [ -157.74426, 21.27895 ] ] ] ] } },
{ "type": "Feature", "properties": { "id": 286.0, "Shape_Leng": 1293.4293980499999, "Shape_Area": 6641.2484973000001 }, "geometry": { "type": "MultiPolygon", "coordinates": [ [ [ [ -157.74752, 21.27773 ], [ -157.74814, 21.27747 ], [ -157.74901, 21.27719 ], [ -157.75342, 21.27661 ], [ -157.74752, 21.27773 ] ] ] ] } },
{ "type": "Feature", "properties": { "id": 287.0, "Shape_Leng": 2739.2652971699999, "Shape_Area": 5720.262826 }, "geometry": { "type": "MultiPolygon", "coordinates": [ [ [ [ -157.75982, 21.27606 ], [ -157.76246, 21.2759 ], [ -157.76868, 21.27268 ], [ -157.76923, 21.27251 ], [ -157.77089, 21.27233 ], [ -157.77181, 21.27207 ], [ -157.76165, 21.27624 ], [ -157.75982, 21.27606 ] ] ] ] } },
{ "type": "Feature", "properties": { "id": 288.0, "Shape_Leng": 1243.57584808, "Shape_Area": 11355.198075 }, "geometry": { "type": "MultiPolygon", "coordinates": [ [ [ [ -157.77241, 21.27168 ], [ -157.77602, 21.27028 ], [ -157.7774, 21.26901 ], [ -157.77544, 21.27086 ], [ -157.77241, 21.27168 ] ] ] ] } },
{ "type": "Feature", "properties": { "id": 289.0, "Shape_Leng": 91.115176367900006, "Shape_Area": 11.981430320799999 }, "geometry": { "type": "MultiPolygon", "coordinates": [ [ [ [ -157.77792, 21.26837 ], [ -157.77806, 21.26821 ], [ -157.77817, 21.26803 ], [ -157.77806, 21.26821 ], [ -157.77792, 21.26837 ] ] ] ] } },
{ "type": "Feature", "properties": { "id": 290.0, "Shape_Leng": 88.793061845699995, "Shape_Area": 26.732122797199999 }, "geometry": { "type": "MultiPolygon", "coordinates": [ [ [ [ -157.7791, 21.26651 ], [ -157.7793, 21.26619 ], [ -157.77931, 21.26617 ], [ -157.77921, 21.26635 ], [ -157.7791, 21.26651 ] ] ] ] } },
{ "type": "Feature", "properties": { "id": 291.0, "Shape_Leng": 2913.1575882299999, "Shape_Area": 35462.010107900001 }, "geometry": { "type": "MultiPolygon", "coordinates": [ [ [ [ -157.77974, 21.26553 ], [ -157.7804, 21.26494 ], [ -157.78196, 21.26388 ], [ -157.78518, 21.26194 ], [ -157.79134, 21.25865 ], [ -157.77974, 21.26553 ] ] ] ] } },
{ "type": "Feature", "properties": { "id": 292.0, "Shape_Leng": 2396.1854748800001, "Shape_Area": 14125.030497399999 }, "geometry": { "type": "MultiPolygon", "coordinates": [ [ [ [ -157.79625, 21.25735 ], [ -157.79716, 21.25704 ], [ -157.79892, 21.25691 ], [ -157.80035, 21.25634 ], [ -157.80167, 21.25607 ], [ -157.80403, 21.25595 ], [ -157.80657, 21.25507 ], [ -157.80716, 21.25504 ], [ -157.80721, 21.25522 ], [ -157.80368, 21.25613 ], [ -157.8017, 21.25618 ], [ -157.79895, 21.25703 ], [ -157.79625, 21.25735 ] ] ] ] } },
{ "type": "Feature", "properties": { "id": 293.0, "Shape_Leng": 1648.2707566199999, "Shape_Area": 11912.4743519 }, "geometry": { "type": "MultiPolygon", "coordinates": [ [ [ [ -157.81131, 21.25602 ], [ -157.81338, 21.25586 ], [ -157.81474, 21.25611 ], [ -157.81856, 21.2578 ], [ -157.81131, 21.25602 ] ] ] ] } },
{ "type": "Feature", "properties": { "id": 294.0, "Shape_Leng": 437.36045160399999, "Shape_Area": 6173.1448300399998 }, "geometry": { "type": "MultiPolygon", "coordinates": [ [ [ [ -157.82079, 21.26089 ], [ -157.82144, 21.26147 ], [ -157.82148, 21.26237 ], [ -157.82051, 21.26129 ], [ -157.82079, 21.26089 ] ] ] ] } },
{ "type": "Feature", "properties": { "id": 295.0, "Shape_Leng": 142.37253443500001, "Shape_Area": 576.45268176800005 }, "geometry": { "type": "MultiPolygon", "coordinates": [ [ [ [ -157.82151, 21.2625 ], [ -157.82154, 21.26268 ], [ -157.82145, 21.26307 ], [ -157.82134, 21.26255 ], [ -157.82151, 21.2625 ] ] ] ] } },
{ "type": "Feature", "properties": { "id": 296.0, "Shape_Leng": 871.38334317800002, "Shape_Area": 24600.651988699999 }, "geometry": { "type": "MultiPolygon", "coordinates": [ [ [ [ -157.82204, 21.26523 ], [ -157.82272, 21.26786 ], [ -157.82228, 21.26854 ], [ -157.82135, 21.26541 ], [ -157.82204, 21.26523 ] ] ] ] } },
{ "type": "Feature", "properties": { "id": 297.0, "Shape_Leng": 334.98633152299999, "Shape_Area": 892.51474211300001 }, "geometry": { "type": "MultiPolygon", "coordinates": [ [ [ [ -157.82277, 21.26854 ], [ -157.8228, 21.26891 ], [ -157.8227, 21.27001 ], [ -157.82269, 21.26855 ], [ -157.82277, 21.26854 ] ] ] ] } },
{ "type": "Feature", "properties": { "id": 298.0, "Shape_Leng": 419.428417293, "Shape_Area": 1819.35738608 }, "geometry": { "type": "MultiPolygon", "coordinates": [ [ [ [ -157.82303, 21.27154 ], [ -157.82332, 21.27221 ], [ -157.82384, 21.27318 ], [ -157.82313, 21.27209 ], [ -157.82303, 21.27154 ] ] ] ] } },
{ "type": "Feature", "properties": { "id": 299.0, "Shape_Leng": 488.62476468, "Shape_Area": 4085.6979262 }, "geometry": { "type": "MultiPolygon", "coordinates": [ [ [ [ -157.82408, 21.27335 ], [ -157.82438, 21.27421 ], [ -157.82507, 21.27507 ], [ -157.8242, 21.27429 ], [ -157.82408, 21.27335 ] ] ] ] } },
{ "type": "Feature", "properties": { "id": 300.0, "Shape_Leng": 516.87085528299997, "Shape_Area": 595.19265925900004 }, "geometry": { "type": "MultiPolygon", "coordinates": [ [ [ [ -157.82523, 21.275 ], [ -157.82554, 21.27555 ], [ -157.82577, 21.27555 ], [ -157.82708, 21.27627 ], [ -157.82523, 21.275 ] ] ] ] } },
{ "type": "Feature", "properties": { "id": 301.0, "Shape_Leng": 179.148047999, "Shape_Area": 548.82681806999994 }, "geometry": { "type": "MultiPolygon", "coordinates": [ [ [ [ -157.8289, 21.27673 ], [ -157.82949, 21.27665 ], [ -157.82968, 21.27662 ], [ -157.82967, 21.27677 ], [ -157.8289, 21.27673 ] ] ] ] } },
{ "type": "Feature", "properties": { "id": 302.0, "Shape_Leng": 471.23761333200002, "Shape_Area": 2527.7719670900001 }, "geometry": { "type": "MultiPolygon", "coordinates": [ [ [ [ -157.82976, 21.27662 ], [ -157.83176, 21.2773 ], [ -157.83172, 21.27747 ], [ -157.82974, 21.27669 ], [ -157.82976, 21.27662 ] ] ] ] } },
{ "type": "Feature", "properties": { "id": 303.0, "Shape_Leng": 260.85481937499998, "Shape_Area": 1529.79044677 }, "geometry": { "type": "MultiPolygon", "coordinates": [ [ [ [ -157.83251, 21.27749 ], [ -157.8333, 21.27779 ], [ -157.8335, 21.27804 ], [ -157.83248, 21.27758 ], [ -157.83251, 21.27749 ] ] ] ] } },
{ "type": "Feature", "properties": { "id": 304.0, "Shape_Leng": 855.80835803699995, "Shape_Area": 9471.7678348200006 }, "geometry": { "type": "MultiPolygon", "coordinates": [ [ [ [ -157.83384, 21.27814 ], [ -157.83513, 21.27894 ], [ -157.83654, 21.28074 ], [ -157.83361, 21.27849 ], [ -157.83384, 21.27814 ] ] ] ] } },
{ "type": "Feature", "properties": { "id": 305.0, "Shape_Leng": 844.46887375100005, "Shape_Area": 4976.70155333 }, "geometry": { "type": "MultiPolygon", "coordinates": [ [ [ [ -157.837, 21.28112 ], [ -157.83886, 21.28188 ], [ -157.84039, 21.28136 ], [ -157.83882, 21.28198 ], [ -157.837, 21.28112 ] ] ] ] } },
{ "type": "Feature", "properties": { "id": 306.0, "Shape_Leng": 50.189202621100002, "Shape_Area": 81.045263206200005 }, "geometry": { "type": "MultiPolygon", "coordinates": [ [ [ [ -157.84081, 21.28159 ], [ -157.84097, 21.28171 ], [ -157.84096, 21.28174 ], [ -157.8408, 21.28162 ], [ -157.84081, 21.28159 ] ] ] ] } },
{ "type": "Feature", "properties": { "id": 307.0, "Shape_Leng": 746.00372348400003, "Shape_Area": 4569.5998352500001 }, "geometry": { "type": "MultiPolygon", "coordinates": [ [ [ [ -157.846, 21.28223 ], [ -157.84622, 21.2835 ], [ -157.84793, 21.28423 ], [ -157.84645, 21.28381 ], [ -157.84598, 21.2832 ], [ -157.84583, 21.28278 ], [ -157.846, 21.28223 ] ] ] ] } },
{ "type": "Feature", "properties": { "id": 308.0, "Shape_Leng": 359.496213856, "Shape_Area": 4591.0632501099999 }, "geometry": { "type": "MultiPolygon", "coordinates": [ [ [ [ -157.84655, 21.28608 ], [ -157.84614, 21.28649 ], [ -157.84598, 21.28719 ], [ -157.8459, 21.28615 ], [ -157.84655, 21.28608 ] ] ] ] } },
{ "type": "Feature", "properties": { "id": 309.0, "Shape_Leng": 1788.33803474, "Shape_Area": 15773.8929493 }, "geometry": { "type": "MultiPolygon", "coordinates": [ [ [ [ -157.84741, 21.28878 ], [ -157.85282, 21.29039 ], [ -157.85525, 21.29161 ], [ -157.85508, 21.29188 ], [ -157.84741, 21.28878 ] ] ] ] } },
{ "type": "Feature", "properties": { "id": 310.0, "Shape_Leng": 519.82148977600002, "Shape_Area": 1020.67975269 }, "geometry": { "type": "MultiPolygon", "coordinates": [ [ [ [ -157.87674, 21.30122 ], [ -157.87693, 21.30112 ], [ -157.87915, 21.3012 ], [ -157.8777, 21.30131 ], [ -157.87674, 21.30122 ] ] ] ] } },
{ "type": "Feature", "properties": { "id": 311.0, "Shape_Leng": 441.04005895199998, "Shape_Area": 4799.27165436 }, "geometry": { "type": "MultiPolygon", "coordinates": [ [ [ [ -157.882, 21.30084 ], [ -157.8829, 21.30041 ], [ -157.88376, 21.30083 ], [ -157.88275, 21.30065 ], [ -157.882, 21.30084 ] ] ] ] } },
{ "type": "Feature", "properties": { "id": 312.0, "Shape_Leng": 292.005753406, "Shape_Area": 739.78679819700005 }, "geometry": { "type": "MultiPolygon", "coordinates": [ [ [ [ -157.97058, 21.32515 ], [ -157.97062, 21.32461 ], [ -157.97072, 21.32387 ], [ -157.97075, 21.32426 ], [ -157.97058, 21.32515 ] ] ] ] } },
{ "type": "Feature", "properties": { "id": 313.0, "Shape_Leng": 3310.2649603199998, "Shape_Area": 48663.358261599999 }, "geometry": { "type": "MultiPolygon", "coordinates": [ [ [ [ -157.971, 21.32261 ], [ -157.97136, 21.32224 ], [ -157.97196, 21.32209 ], [ -157.97282, 21.32112 ], [ -157.97845, 21.31626 ], [ -157.98392, 21.3154 ], [ -157.97872, 21.31675 ], [ -157.97768, 21.31802 ], [ -157.97211, 21.32223 ], [ -157.971, 21.32261 ] ] ] ] } },
{ "type": "Feature", "properties": { "id": 314.0, "Shape_Leng": 2664.9730554500002, "Shape_Area": 12961.632765300001 }, "geometry": { "type": "MultiPolygon", "coordinates": [ [ [ [ -157.99926, 21.31197 ], [ -158.00027, 21.31164 ], [ -158.00046, 21.31159 ], [ -158.00514, 21.31051 ], [ -158.01167, 21.30928 ], [ -157.99926, 21.31197 ] ] ] ] } },
{ "type": "Feature", "properties": { "id": 315.0, "Shape_Leng": 1893.67099461, "Shape_Area": 21194.257595899999 }, "geometry": { "type": "MultiPolygon", "coordinates": [ [ [ [ -158.02419, 21.30634 ], [ -158.02847, 21.306 ], [ -158.03242, 21.30443 ], [ -158.03268, 21.30466 ], [ -158.03035, 21.30561 ], [ -158.02644, 21.30661 ], [ -158.02419, 21.30634 ] ] ] ] } },
{ "type": "Feature", "properties": { "id": 316.0, "Shape_Leng": 6379.0534513900002, "Shape_Area": 54435.369745399999 }, "geometry": { "type": "MultiPolygon", "coordinates": [ [ [ [ -158.04406, 21.30384 ], [ -158.04542, 21.3036 ], [ -158.04879, 21.3018 ], [ -158.05109, 21.3011 ], [ -158.06491, 21.2998 ], [ -158.06764, 21.2999 ], [ -158.07175, 21.29864 ], [ -158.07344, 21.29843 ], [ -158.06768, 21.30015 ], [ -158.05149, 21.30117 ], [ -158.04546, 21.30368 ], [ -158.04406, 21.30384 ] ] ] ] } },
{ "type": "Feature", "properties": { "id": 317.0, "Shape_Leng": 1092.8991564600001, "Shape_Area": 9440.9359153599999 }, "geometry": { "type": "MultiPolygon", "coordinates": [ [ [ [ -158.07505, 21.29862 ], [ -158.07775, 21.29863 ], [ -158.08, 21.29816 ], [ -158.07795, 21.29876 ], [ -158.07505, 21.29862 ] ] ] ] } },
{ "type": "Feature", "properties": { "id": 318.0, "Shape_Leng": 2023.0723761900001, "Shape_Area": 16919.715312100001 }, "geometry": { "type": "MultiPolygon", "coordinates": [ [ [ [ -158.08883, 21.29581 ], [ -158.09518, 21.29542 ], [ -158.09837, 21.29553 ], [ -158.09193, 21.29593 ], [ -158.08883, 21.29581 ] ] ] ] } },
{ "type": "Feature", "properties": { "id": 319.0, "Shape_Leng": 2136.2123556299998, "Shape_Area": 36379.587902599997 }, "geometry": { "type": "MultiPolygon", "coordinates": [ [ [ [ -158.1307, 21.35678 ], [ -158.13201, 21.36057 ], [ -158.13443, 21.36532 ], [ -158.13166, 21.36068 ], [ -158.1307, 21.35678 ] ] ] ] } },
{ "type": "Feature", "properties": { "id": 320.0, "Shape_Leng": 692.55683898100006, "Shape_Area": 3804.2316314099999 }, "geometry": { "type": "MultiPolygon", "coordinates": [ [ [ [ -158.14079, 21.37528 ], [ -158.14161, 21.37651 ], [ -158.14277, 21.37761 ], [ -158.14153, 21.37657 ], [ -158.14079, 21.37528 ] ] ] ] } },
{ "type": "Feature", "properties": { "id": 321.0, "Shape_Leng": 4927.8837877699998, "Shape_Area": 56272.823226200002 }, "geometry": { "type": "MultiPolygon", "coordinates": [ [ [ [ -158.14683, 21.38224 ], [ -158.15768, 21.39256 ], [ -158.16409, 21.39665 ], [ -158.15753, 21.39271 ], [ -158.14683, 21.38224 ] ] ] ] } },
{ "type": "Feature", "properties": { "id": 322.0, "Shape_Leng": 1118.7839672, "Shape_Area": 9849.5312589299992 }, "geometry": { "type": "MultiPolygon", "coordinates": [ [ [ [ -158.1768, 21.40375 ], [ -158.17809, 21.40535 ], [ -158.17837, 21.40659 ], [ -158.17838, 21.40714 ], [ -158.17771, 21.40807 ], [ -158.1768, 21.40375 ] ] ] ] } },
{ "type": "Feature", "properties": { "id": 323.0, "Shape_Leng": 4367.3800110100001, "Shape_Area": 102008.32726200001 }, "geometry": { "type": "MultiPolygon", "coordinates": [ [ [ [ -158.1776, 21.41 ], [ -158.17701, 21.41177 ], [ -158.17839, 21.41704 ], [ -158.17913, 21.42848 ], [ -158.17668, 21.41164 ], [ -158.1776, 21.41 ] ] ] ] } },
{ "type": "Feature", "properties": { "id": 324.0, "Shape_Leng": 1891.1867693300001, "Shape_Area": 23279.1534823 }, "geometry": { "type": "MultiPolygon", "coordinates": [ [ [ [ -158.18994, 21.44175 ], [ -158.18912, 21.44441 ], [ -158.1927, 21.44827 ], [ -158.18877, 21.44458 ], [ -158.18994, 21.44175 ] ] ] ] } },
{ "type": "Feature", "properties": { "id": 325.0, "Shape_Leng": 166.114025989, "Shape_Area": 1235.0869173599999 }, "geometry": { "type": "MultiPolygon", "coordinates": [ [ [ [ -158.19342, 21.44877 ], [ -158.19378, 21.44891 ], [ -158.19399, 21.44895 ], [ -158.19368, 21.44907 ], [ -158.19342, 21.44877 ] ] ] ] } },
{ "type": "Feature", "properties": { "id": 326.0, "Shape_Leng": 1061.31955539, "Shape_Area": 9697.6098031700003 }, "geometry": { "type": "MultiPolygon", "coordinates": [ [ [ [ -158.20545, 21.4591 ], [ -158.20684, 21.46015 ], [ -158.2097, 21.46125 ], [ -158.20675, 21.46031 ], [ -158.20545, 21.4591 ] ] ] ] } },
{ "type": "Feature", "properties": { "id": 327.0, "Shape_Leng": 709.11873720300002, "Shape_Area": 3680.2533984400002 }, "geometry": { "type": "MultiPolygon", "coordinates": [ [ [ [ -158.21279, 21.46139 ], [ -158.2129, 21.46307 ], [ -158.2132, 21.46336 ], [ -158.21361, 21.46418 ], [ -158.21279, 21.46139 ] ] ] ] } },
{ "type": "Feature", "properties": { "id": 328.0, "Shape_Leng": 56.654536551200003, "Shape_Area": 179.27616662200001 }, "geometry": { "type": "MultiPolygon", "coordinates": [ [ [ [ -158.21742, 21.46839 ], [ -158.21737, 21.46855 ], [ -158.21728, 21.46852 ], [ -158.21733, 21.46836 ], [ -158.21742, 21.46839 ] ] ] ] } },
{ "type": "Feature", "properties": { "id": 329.0, "Shape_Leng": 1665.3054129100001, "Shape_Area": 11173.3670193 }, "geometry": { "type": "MultiPolygon", "coordinates": [ [ [ [ -158.21953, 21.47518 ], [ -158.2214, 21.47807 ], [ -158.22528, 21.47849 ], [ -158.22126, 21.4782 ], [ -158.21953, 21.47518 ] ] ] ] } },
{ "type": "Feature", "properties": { "id": 330.0, "Shape_Leng": 2132.5120335400002, "Shape_Area": 30685.6120047 }, "geometry": { "type": "MultiPolygon", "coordinates": [ [ [ [ -158.22976, 21.48921 ], [ -158.22984, 21.4959 ], [ -158.22921, 21.49823 ], [ -158.22911, 21.48991 ], [ -158.22976, 21.48921 ] ] ] ] } },
{ "type": "Feature", "properties": { "id": 331.0, "Shape_Leng": 289.82639224399998, "Shape_Area": 3031.0667208099999 }, "geometry": { "type": "MultiPolygon", "coordinates": [ [ [ [ -158.22895, 21.51113 ], [ -158.22878, 21.51145 ], [ -158.22855, 21.51214 ], [ -158.22856, 21.51135 ], [ -158.22895, 21.51113 ] ] ] ] } },
{ "type": "Feature", "properties": { "id": 332.0, "Shape_Leng": 246.349312295, "Shape_Area": 1011.79545788 }, "geometry": { "type": "MultiPolygon", "coordinates": [ [ [ [ -158.22882, 21.51699 ], [ -158.22874, 21.51735 ], [ -158.22843, 21.51796 ], [ -158.2287, 21.51695 ], [ -158.22882, 21.51699 ] ] ] ] } },
{ "type": "Feature", "properties": { "id": 333.0, "Shape_Leng": 1933.0525676699999, "Shape_Area": 20027.9959117 }, "geometry": { "type": "MultiPolygon", "coordinates": [ [ [ [ -158.22898, 21.52727 ], [ -158.22944, 21.53288 ], [ -158.23043, 21.53558 ], [ -158.22931, 21.53326 ], [ -158.22867, 21.52988 ], [ -158.22898, 21.52727 ] ] ] ] } },
{ "type": "Feature", "properties": { "id": 334.0, "Shape_Leng": 158.23880730299999, "Shape_Area": 842.77702121699997 }, "geometry": { "type": "MultiPolygon", "coordinates": [ [ [ [ -158.23136, 21.53732 ], [ -158.23168, 21.53755 ], [ -158.23183, 21.53768 ], [ -158.23119, 21.53744 ], [ -158.23136, 21.53732 ] ] ] ] } },
{ "type": "Feature", "properties": { "id": 335.0, "Shape_Leng": 2248.486124, "Shape_Area": 31352.182044500001 }, "geometry": { "type": "MultiPolygon", "coordinates": [ [ [ [ -158.24024, 21.54583 ], [ -158.24187, 21.54906 ], [ -158.24525, 21.55182 ], [ -158.24642, 21.55324 ], [ -158.24615, 21.55346 ], [ -158.24101, 21.54857 ], [ -158.24024, 21.54583 ] ] ] ] } }
]
}
