{
"type": "FeatureCollection",
"name": "filtered_slr_cstl_erosn_0pt5ft",
"crs": { "type": "name", "properties": { "name": "urn:ogc:def:crs:OGC:1.3:CRS84" } },
"bbox": [ -159.787398050545, 20.6258225525911, -156.355736244928, 22.2291895563042 ],                                              
"features": [
{ "type": "Feature", "properties": { "id": 0.0, "Shape_Leng": 11109.224720599999, "Shape_Area": 42218.897405199998 }, "bbox": [ -159.5836, 22.21687, -159.5423, 22.22606 ], "geometry": { "type": "MultiPolygon", "coordinates": [ [ [ [ -159.5836, 22.2203 ], [ -159.58318, 22.2205 ], [ -159.58303, 22.22125 ], [ -159.58255, 22.22224 ], [ -159.58171, 22.22307 ], [ -159.58041, 22.22346 ], [ -159.57963, 22.22336 ], [ -159.57883, 22.223 ], [ -159.57847, 22.22354 ], [ -159.57596, 22.22376 ], [ -159.57232, 22.22344 ], [ -159.56834, 22.22157 ], [ -159.56825, 22.22132 ], [ -159.5677, 22.22114 ], [ -159.56683, 22.2202 ], [ -159.56632, 22.22036 ], [ -159.56561, 22.22011 ], [ -159.56145, 22.22327 ], [ -159.56129, 22.22337 ], [ -159.56074, 22.22338 ], [ -159.56067, 22.22407 ], [ -159.55883, 22.22596 ], [ -159.55847, 22.22606 ], [ -159.55731, 22.22599 ], [ -159.55675, 22.22585 ], [ -159.55486, 22.22452 ], [ -159.55419, 22.22449 ], [ -159.55285, 22.22426 ], [ -159.55123, 22.22487 ], [ -159.55103, 22.22485 ], [ -159.54821, 22.22414 ], [ -159.54606, 22.2233 ], [ -159.54458, 22.22158 ], [ -159.54439, 22.22101 ], [ -159.54443, 22.21964 ], [ -159.54251, 22.21776 ], [ -159.54235, 22.21743 ], [ -159.5423, 22.21687 ], [ -159.54448, 22.21962 ], [ -159.54463, 22.22155 ], [ -159.54608, 22.22325 ], [ -159.55125, 22.22481 ], [ -159.55286, 22.22422 ], [ -159.55487, 22.22448 ], [ -159.55713, 22.22589 ], [ -159.55878, 22.22589 ], [ -159.56067, 22.22332 ], [ -159.56559, 22.22003 ], [ -159.56686, 22.22011 ], [ -159.57235, 22.22338 ], [ -159.57595, 22.22368 ], [ -159.57883, 22.22294 ], [ -159.58167, 22.22301 ], [ -159.5831, 22.22047 ], [ -159.5836, 22.2203 ] ] ] ] } },
{ "type": "Feature", "properties": { "id": 1.0, "Shape_Leng": 855.86019865699996, "Shape_Area": 4224.9736292099997 }, "bbox": [ -159.5422, 22.21308, -159.53898, 22.21513 ], "geometry": { "type": "MultiPolygon", "coordinates": [ [ [ [ -159.5422, 22.21513 ], [ -159.54111, 22.21434 ], [ -159.54072, 22.21389 ], [ -159.53898, 22.21308 ], [ -159.5422, 22.21513 ] ] ] ] } },
{ "type": "Feature", "properties": { "id": 2.0, "Shape_Leng": 2672.8796903799998, "Shape_Area": 9997.5856882799999 }, "bbox": [ -159.53141, 22.21396, -159.52023, 22.21576 ], "geometry": { "type": "MultiPolygon", "coordinates": [ [ [ [ -159.53141, 22.21576 ], [ -159.53031, 22.21539 ], [ -159.52874, 22.21519 ], [ -159.52763, 22.21487 ], [ -159.5263, 22.21509 ], [ -159.52549, 22.21506 ], [ -159.52362, 22.21403 ], [ -159.52272, 22.21477 ], [ -159.52233, 22.21471 ], [ -159.52196, 22.21407 ], [ -159.52023, 22.21467 ], [ -159.52199, 22.21399 ], [ -159.52275, 22.21469 ], [ -159.52365, 22.21396 ], [ -159.52552, 22.21498 ], [ -159.52765, 22.2148 ], [ -159.5309, 22.21546 ], [ -159.53141, 22.21576 ] ] ] ] } },
{ "type": "Feature", "properties": { "id": 3.0, "Shape_Leng": 2992.4351488000002, "Shape_Area": 6243.1379583500002 }, "bbox": [ -159.51807, 22.20315, -159.51054, 22.21303 ], "geometry": { "type": "MultiPolygon", "coordinates": [ [ [ [ -159.51762, 22.21303 ], [ -159.518, 22.21166 ], [ -159.51703, 22.20997 ], [ -159.51651, 22.20696 ], [ -159.51285, 22.20384 ], [ -159.51054, 22.20315 ], [ -159.51285, 22.20383 ], [ -159.51655, 22.20694 ], [ -159.51807, 22.21166 ], [ -159.51762, 22.21303 ] ] ] ] } },
{ "type": "Feature", "properties": { "id": 4.0, "Shape_Leng": 540.27976292400001, "Shape_Area": 582.03365543400002 }, "bbox": [ -159.50839, 22.20268, -159.50583, 22.20304 ], "geometry": { "type": "MultiPolygon", "coordinates": [ [ [ [ -159.50839, 22.20304 ], [ -159.508, 22.20302 ], [ -159.50651, 22.20269 ], [ -159.50583, 22.20269 ], [ -159.50651, 22.20268 ], [ -159.50839, 22.20304 ] ] ] ] } },
{ "type": "Feature", "properties": { "id": 5.0, "Shape_Leng": 391.03189838399999, "Shape_Area": 47.749875930800002 }, "bbox": [ -159.50482, 22.20278, -159.50303, 22.20334 ], "geometry": { "type": "MultiPolygon", "coordinates": [ [ [ [ -159.50482, 22.20278 ], [ -159.50475, 22.20279 ], [ -159.50456, 22.20284 ], [ -159.50418, 22.20292 ], [ -159.50381, 22.20304 ], [ -159.50362, 22.20309 ], [ -159.5031, 22.20333 ], [ -159.50303, 22.20334 ], [ -159.50362, 22.20308 ], [ -159.50418, 22.20291 ], [ -159.50475, 22.20278 ], [ -159.50482, 22.20278 ] ] ] ] } },
{ "type": "Feature", "properties": { "id": 6.0, "Shape_Leng": 2621.5743838799999, "Shape_Area": 6209.25998308 }, "bbox": [ -159.50166, 22.2042, -159.49661, 22.21407 ], "geometry": { "type": "MultiPolygon", "coordinates": [ [ [ [ -159.50166, 22.2042 ], [ -159.50139, 22.20443 ], [ -159.50107, 22.20463 ], [ -159.5007, 22.20477 ], [ -159.50013, 22.20527 ], [ -159.49978, 22.20543 ], [ -159.49972, 22.20565 ], [ -159.49857, 22.20692 ], [ -159.49827, 22.20695 ], [ -159.49824, 22.20737 ], [ -159.49725, 22.20957 ], [ -159.4969, 22.21353 ], [ -159.49661, 22.21407 ], [ -159.4972, 22.20955 ], [ -159.49823, 22.20693 ], [ -159.49975, 22.2054 ], [ -159.50069, 22.20475 ], [ -159.50166, 22.2042 ] ] ] ] } },
{ "type": "Feature", "properties": { "id": 7.0, "Shape_Leng": 987.66687838300004, "Shape_Area": 2596.0578154300001 }, "bbox": [ -159.49882, 22.21558, -159.49798, 22.21949 ], "geometry": { "type": "MultiPolygon", "coordinates": [ [ [ [ -159.49844, 22.21558 ], [ -159.49881, 22.21641 ], [ -159.49882, 22.2166 ], [ -159.49798, 22.21949 ], [ -159.49844, 22.21558 ] ] ] ] } },
{ "type": "Feature", "properties": { "id": 8.0, "Shape_Leng": 898.88977501700003, "Shape_Area": 2344.9420988799998 }, "bbox": [ -159.49625, 22.22321, -159.49234, 22.22439 ], "geometry": { "type": "MultiPolygon", "coordinates": [ [ [ [ -159.49625, 22.22321 ], [ -159.49461, 22.22363 ], [ -159.49384, 22.22355 ], [ -159.49234, 22.22439 ], [ -159.49625, 22.22321 ] ] ] ] } },
{ "type": "Feature", "properties": { "id": 9.0, "Shape_Leng": 172.889647725, "Shape_Area": 353.72683200900002 }, "bbox": [ -159.47804, 22.22901, -159.47727, 22.22919 ], "geometry": { "type": "MultiPolygon", "coordinates": [ [ [ [ -159.47804, 22.22906 ], [ -159.47783, 22.22905 ], [ -159.47727, 22.22919 ], [ -159.47781, 22.22901 ], [ -159.47804, 22.22906 ] ] ] ] } },
{ "type": "Feature", "properties": { "id": 10.0, "Shape_Leng": 1595.61929386, "Shape_Area": 4623.5668114800001 }, "bbox": [ -159.4719, 22.2235, -159.46544, 22.22628 ], "geometry": { "type": "MultiPolygon", "coordinates": [ [ [ [ -159.4719, 22.22621 ], [ -159.46902, 22.22628 ], [ -159.46757, 22.22575 ], [ -159.46686, 22.22522 ], [ -159.46544, 22.2235 ], [ -159.4676, 22.22569 ], [ -159.4719, 22.22621 ] ] ] ] } },
{ "type": "Feature", "properties": { "id": 11.0, "Shape_Leng": 2146.8493590899998, "Shape_Area": 5870.0927192999998 }, "bbox": [ -159.46396, 22.22306, -159.45455, 22.2261 ], "geometry": { "type": "MultiPolygon", "coordinates": [ [ [ [ -159.46396, 22.22306 ], [ -159.46358, 22.2231 ], [ -159.463, 22.22314 ], [ -159.4628, 22.2231 ], [ -159.46261, 22.22316 ], [ -159.46198, 22.22323 ], [ -159.4594, 22.22485 ], [ -159.45528, 22.2261 ], [ -159.45455, 22.22589 ], [ -159.45936, 22.22479 ], [ -159.46196, 22.22319 ], [ -159.4628, 22.22308 ], [ -159.46396, 22.22306 ] ] ] ] } },
{ "type": "Feature", "properties": { "id": 12.0, "Shape_Leng": 3308.52926462, "Shape_Area": 9005.58540713 }, "bbox": [ -159.45401, 22.22242, -159.43912, 22.22559 ], "geometry": { "type": "MultiPolygon", "coordinates": [ [ [ [ -159.45401, 22.22559 ], [ -159.44944, 22.22532 ], [ -159.44927, 22.22525 ], [ -159.449, 22.22497 ], [ -159.44883, 22.22455 ], [ -159.44833, 22.2244 ], [ -159.44411, 22.2238 ], [ -159.44115, 22.22302 ], [ -159.44081, 22.2228 ], [ -159.43912, 22.22242 ], [ -159.44834, 22.22435 ], [ -159.44886, 22.22452 ], [ -159.44947, 22.22528 ], [ -159.45401, 22.22559 ] ] ] ] } },
{ "type": "Feature", "properties": { "id": 13.0, "Shape_Leng": 222.614974461, "Shape_Area": 719.948281597 }, "bbox": [ -159.43772, 22.22301, -159.43694, 22.22362 ], "geometry": { "type": "MultiPolygon", "coordinates": [ [ [ [ -159.43772, 22.22362 ], [ -159.43694, 22.22307 ], [ -159.43698, 22.22301 ], [ -159.43735, 22.22314 ], [ -159.43772, 22.22362 ] ] ] ] } },
{ "type": "Feature", "properties": { "id": 14.0, "Shape_Leng": 1375.4441042799999, "Shape_Area": 4758.0323915299996 }, "bbox": [ -159.43521, 22.21742, -159.43125, 22.2221 ], "geometry": { "type": "MultiPolygon", "coordinates": [ [ [ [ -159.43521, 22.2221 ], [ -159.43393, 22.22096 ], [ -159.43347, 22.22038 ], [ -159.43195, 22.21805 ], [ -159.43182, 22.21769 ], [ -159.43125, 22.21742 ], [ -159.43188, 22.21765 ], [ -159.43521, 22.2221 ] ] ] ] } },
{ "type": "Feature", "properties": { "id": 15.0, "Shape_Leng": 889.97875111200005, "Shape_Area": 2812.6334310399998 }, "bbox": [ -159.42831, 22.21588, -159.42537, 22.2182 ], "geometry": { "type": "MultiPolygon", "coordinates": [ [ [ [ -159.42831, 22.21588 ], [ -159.42585, 22.21693 ], [ -159.42537, 22.2182 ], [ -159.42581, 22.21688 ], [ -159.42831, 22.21588 ] ] ] ] } },
{ "type": "Feature", "properties": { "id": 16.0, "Shape_Leng": 1921.9446378, "Shape_Area": 7194.3374561500004 }, "bbox": [ -159.42015, 22.22197, -159.413, 22.2232 ], "geometry": { "type": "MultiPolygon", "coordinates": [ [ [ [ -159.42015, 22.22254 ], [ -159.41998, 22.22267 ], [ -159.41957, 22.2226 ], [ -159.41873, 22.22224 ], [ -159.41863, 22.22284 ], [ -159.41847, 22.22304 ], [ -159.41828, 22.22311 ], [ -159.41752, 22.22203 ], [ -159.41608, 22.22286 ], [ -159.413, 22.2232 ], [ -159.41751, 22.22197 ], [ -159.41827, 22.22305 ], [ -159.41872, 22.22217 ], [ -159.42015, 22.22254 ] ] ] ] } },
{ "type": "Feature", "properties": { "id": 17.0, "Shape_Leng": 1956.2359596700001, "Shape_Area": 9916.1779609200003 }, "bbox": [ -159.4123, 22.22286, -159.40456, 22.22712 ], "geometry": { "type": "MultiPolygon", "coordinates": [ [ [ [ -159.4123, 22.22286 ], [ -159.40968, 22.22414 ], [ -159.40686, 22.22494 ], [ -159.40456, 22.22712 ], [ -159.40682, 22.22487 ], [ -159.4123, 22.22286 ] ] ] ] } },
{ "type": "Feature", "properties": { "id": 18.0, "Shape_Leng": 615.34041284700004, "Shape_Area": 2747.7321011700001 }, "bbox": [ -159.39563, 22.22366, -159.3934, 22.22493 ], "geometry": { "type": "MultiPolygon", "coordinates": [ [ [ [ -159.39563, 22.22493 ], [ -159.39438, 22.22373 ], [ -159.3934, 22.22383 ], [ -159.39444, 22.22366 ], [ -159.39563, 22.22493 ] ] ] ] } },
{ "type": "Feature", "properties": { "id": 19.0, "Shape_Leng": 369.819508445, "Shape_Area": 175.879315615 }, "bbox": [ -159.38577, 22.21761, -159.38478, 22.21892 ], "geometry": { "type": "MultiPolygon", "coordinates": [ [ [ [ -159.38577, 22.21892 ], [ -159.38551, 22.21884 ], [ -159.38539, 22.2187 ], [ -159.38478, 22.21761 ], [ -159.38577, 22.21892 ] ] ] ] } },
{ "type": "Feature", "properties": { "id": 20.0, "Shape_Leng": 100.11169956000001, "Shape_Area": 36.456320204000001 }, "bbox": [ -159.38454, 22.21709, -159.38411, 22.21725 ], "geometry": { "type": "MultiPolygon", "coordinates": [ [ [ [ -159.38454, 22.21725 ], [ -159.38442, 22.21713 ], [ -159.38411, 22.21709 ], [ -159.38442, 22.21713 ], [ -159.38454, 22.21725 ] ] ] ] } },
{ "type": "Feature", "properties": { "id": 21.0, "Shape_Leng": 621.53853173000005, "Shape_Area": 1590.0281707900001 }, "bbox": [ -159.38358, 22.21591, -159.38076, 22.21662 ], "geometry": { "type": "MultiPolygon", "coordinates": [ [ [ [ -159.38358, 22.21662 ], [ -159.38299, 22.21654 ], [ -159.38231, 22.21617 ], [ -159.38076, 22.21591 ], [ -159.38233, 22.21612 ], [ -159.38358, 22.21662 ] ] ] ] } },
{ "type": "Feature", "properties": { "id": 22.0, "Shape_Leng": 348.043144391, "Shape_Area": 1241.07877259 }, "bbox": [ -159.37546, 22.21594, -159.37419, 22.21646 ], "geometry": { "type": "MultiPolygon", "coordinates": [ [ [ [ -159.37546, 22.21646 ], [ -159.37521, 22.21603 ], [ -159.37419, 22.21601 ], [ -159.37524, 22.21594 ], [ -159.37546, 22.21646 ] ] ] ] } },
{ "type": "Feature", "properties": { "id": 23.0, "Shape_Leng": 816.728032439, "Shape_Area": 2745.1896640300001 }, "bbox": [ -159.37333, 22.21437, -159.36991, 22.21563 ], "geometry": { "type": "MultiPolygon", "coordinates": [ [ [ [ -159.37333, 22.21563 ], [ -159.37234, 22.21551 ], [ -159.36991, 22.21437 ], [ -159.37324, 22.21537 ], [ -159.37333, 22.21563 ] ] ] ] } },
{ "type": "Feature", "properties": { "id": 24.0, "Shape_Leng": 574.89321097699997, "Shape_Area": 1907.79941304 }, "bbox": [ -159.36421, 22.2112, -159.36156, 22.21148 ], "geometry": { "type": "MultiPolygon", "coordinates": [ [ [ [ -159.36421, 22.21128 ], [ -159.36326, 22.21148 ], [ -159.36156, 22.2112 ], [ -159.36325, 22.21142 ], [ -159.36421, 22.21128 ] ] ] ] } },
{ "type": "Feature", "properties": { "id": 25.0, "Shape_Leng": 456.15814337699999, "Shape_Area": 1276.1888896600001 }, "bbox": [ -159.36002, 22.21136, -159.3579, 22.21165 ], "geometry": { "type": "MultiPolygon", "coordinates": [ [ [ [ -159.36002, 22.21165 ], [ -159.3579, 22.21142 ], [ -159.35791, 22.21136 ], [ -159.35927, 22.21146 ], [ -159.36002, 22.21165 ] ] ] ] } },
{ "type": "Feature", "properties": { "id": 26.0, "Shape_Leng": 1233.8614421, "Shape_Area": 2887.8877937399998 }, "bbox": [ -159.34782, 22.20897, -159.34306, 22.21171 ], "geometry": { "type": "MultiPolygon", "coordinates": [ [ [ [ -159.34782, 22.21171 ], [ -159.34677, 22.21152 ], [ -159.34385, 22.21003 ], [ -159.3435, 22.20977 ], [ -159.34306, 22.20897 ], [ -159.34386, 22.20998 ], [ -159.34782, 22.21171 ] ] ] ] } },
{ "type": "Feature", "properties": { "id": 27.0, "Shape_Leng": 1572.98871915, "Shape_Area": 3719.67000375 }, "bbox": [ -159.34164, 22.20407, -159.33594, 22.20843 ], "geometry": { "type": "MultiPolygon", "coordinates": [ [ [ [ -159.34164, 22.20843 ], [ -159.34146, 22.20806 ], [ -159.34124, 22.20802 ], [ -159.34061, 22.2076 ], [ -159.33907, 22.20649 ], [ -159.33723, 22.20488 ], [ -159.33594, 22.20407 ], [ -159.33726, 22.20485 ], [ -159.34063, 22.20757 ], [ -159.34151, 22.208 ], [ -159.34164, 22.20843 ] ] ] ] } },
{ "type": "Feature", "properties": { "id": 28.0, "Shape_Leng": 140.55143009400001, "Shape_Area": 296.77066740700002 }, "bbox": [ -159.33472, 22.20169, -159.33441, 22.2022 ], "geometry": { "type": "MultiPolygon", "coordinates": [ [ [ [ -159.33472, 22.2022 ], [ -159.33466, 22.20198 ], [ -159.33441, 22.20169 ], [ -159.33468, 22.20194 ], [ -159.33472, 22.2022 ] ] ] ] } },
{ "type": "Feature", "properties": { "id": 29.0, "Shape_Leng": 356.91684329200001, "Shape_Area": 644.03205409300006 }, "bbox": [ -159.33403, 22.19554, -159.33315, 22.19672 ], "geometry": { "type": "MultiPolygon", "coordinates": [ [ [ [ -159.33315, 22.19672 ], [ -159.33372, 22.19637 ], [ -159.33403, 22.19554 ], [ -159.33376, 22.19638 ], [ -159.33315, 22.19672 ] ] ] ] } },
{ "type": "Feature", "properties": { "id": 30.0, "Shape_Leng": 154.28085119799999, "Shape_Area": 71.947528275699995 }, "bbox": [ -159.33407, 22.19457, -159.33402, 22.19525 ], "geometry": { "type": "MultiPolygon", "coordinates": [ [ [ [ -159.33406, 22.19525 ], [ -159.33402, 22.19475 ], [ -159.33403, 22.19457 ], [ -159.33407, 22.19511 ], [ -159.33406, 22.19525 ] ] ] ] } },
{ "type": "Feature", "properties": { "id": 31.0, "Shape_Leng": 1512.2011586799999, "Shape_Area": 7500.2216602600001 }, "bbox": [ -159.33364, 22.19258, -159.32769, 22.19404 ], "geometry": { "type": "MultiPolygon", "coordinates": [ [ [ [ -159.33364, 22.19404 ], [ -159.33176, 22.19267 ], [ -159.32905, 22.19404 ], [ -159.32769, 22.19383 ], [ -159.32894, 22.19392 ], [ -159.33176, 22.19258 ], [ -159.33364, 22.19404 ] ] ] ] } },
{ "type": "Feature", "properties": { "id": 32.0, "Shape_Leng": 107.817066551, "Shape_Area": 528.68994015600003 }, "bbox": [ -159.31341, 22.17408, -159.31317, 22.17445 ], "geometry": { "type": "MultiPolygon", "coordinates": [ [ [ [ -159.31328, 22.17445 ], [ -159.31317, 22.1741 ], [ -159.3133, 22.17408 ], [ -159.31341, 22.17442 ], [ -159.31328, 22.17445 ] ] ] ] } },
{ "type": "Feature", "properties": { "id": 33.0, "Shape_Leng": 402.09021299400001, "Shape_Area": 1301.02715427 }, "bbox": [ -159.31403, 22.17204, -159.31355, 22.1737 ], "geometry": { "type": "MultiPolygon", "coordinates": [ [ [ [ -159.31355, 22.1737 ], [ -159.31397, 22.17259 ], [ -159.31398, 22.17204 ], [ -159.31403, 22.17258 ], [ -159.31355, 22.1737 ] ] ] ] } },
{ "type": "Feature", "properties": { "id": 34.0, "Shape_Leng": 1283.8275386400001, "Shape_Area": 4027.3419069900001 }, "bbox": [ -159.31119, 22.16552, -159.30889, 22.17065 ], "geometry": { "type": "MultiPolygon", "coordinates": [ [ [ [ -159.31119, 22.17065 ], [ -159.31081, 22.17023 ], [ -159.3095, 22.16781 ], [ -159.30889, 22.16622 ], [ -159.30903, 22.16552 ], [ -159.31119, 22.17065 ] ] ] ] } },
{ "type": "Feature", "properties": { "id": 35.0, "Shape_Leng": 53.043104447200001, "Shape_Area": 130.78944871300001 }, "bbox": [ -159.30909, 22.16439, -159.30901, 22.16458 ], "geometry": { "type": "MultiPolygon", "coordinates": [ [ [ [ -159.30901, 22.16458 ], [ -159.30903, 22.1644 ], [ -159.30909, 22.16439 ], [ -159.30907, 22.16457 ], [ -159.30901, 22.16458 ] ] ] ] } },
{ "type": "Feature", "properties": { "id": 36.0, "Shape_Leng": 3406.7861198800001, "Shape_Area": 14630.0554364 }, "bbox": [ -159.30969, 22.15037, -159.30512, 22.16373 ], "geometry": { "type": "MultiPolygon", "coordinates": [ [ [ [ -159.30935, 22.16373 ], [ -159.30949, 22.16292 ], [ -159.30776, 22.16032 ], [ -159.30599, 22.15892 ], [ -159.30512, 22.1579 ], [ -159.30598, 22.15524 ], [ -159.30583, 22.15398 ], [ -159.30586, 22.15181 ], [ -159.30599, 22.15091 ], [ -159.30621, 22.15037 ], [ -159.30605, 22.15524 ], [ -159.30523, 22.15786 ], [ -159.30772, 22.16013 ], [ -159.30837, 22.16103 ], [ -159.30969, 22.16323 ], [ -159.30935, 22.16373 ] ] ] ] } },
{ "type": "Feature", "properties": { "id": 37.0, "Shape_Leng": 1155.87340973, "Shape_Area": 4116.5562118199996 }, "bbox": [ -159.30363, 22.14613, -159.29815, 22.14646 ], "geometry": { "type": "MultiPolygon", "coordinates": [ [ [ [ -159.30363, 22.14646 ], [ -159.30295, 22.14632 ], [ -159.30258, 22.14619 ], [ -159.30222, 22.14629 ], [ -159.29912, 22.14632 ], [ -159.29815, 22.14618 ], [ -159.30259, 22.14613 ], [ -159.30363, 22.14646 ] ] ] ] } },
{ "type": "Feature", "properties": { "id": 38.0, "Shape_Leng": 893.136367909, "Shape_Area": 2110.1473188999998 }, "bbox": [ -159.294, 22.13951, -159.2933, 22.14313 ], "geometry": { "type": "MultiPolygon", "coordinates": [ [ [ [ -159.29387, 22.14313 ], [ -159.29396, 22.14232 ], [ -159.29338, 22.14166 ], [ -159.29333, 22.14136 ], [ -159.29356, 22.14066 ], [ -159.2933, 22.13987 ], [ -159.2935, 22.13951 ], [ -159.29361, 22.14067 ], [ -159.29336, 22.14137 ], [ -159.294, 22.1423 ], [ -159.29387, 22.14313 ] ] ] ] } },
{ "type": "Feature", "properties": { "id": 39.0, "Shape_Leng": 200.94128057399999, "Shape_Area": 603.98632569200004 }, "bbox": [ -159.29449, 22.13646, -159.29424, 22.13718 ], "geometry": { "type": "MultiPolygon", "coordinates": [ [ [ [ -159.29424, 22.13718 ], [ -159.29441, 22.13681 ], [ -159.29428, 22.13646 ], [ -159.29449, 22.13681 ], [ -159.29424, 22.13718 ] ] ] ] } },
{ "type": "Feature", "properties": { "id": 40.0, "Shape_Leng": 107.330715266, "Shape_Area": 172.06803027399999 }, "bbox": [ -159.29434, 22.13564, -159.29428, 22.1361 ], "geometry": { "type": "MultiPolygon", "coordinates": [ [ [ [ -159.29428, 22.1361 ], [ -159.2943, 22.13582 ], [ -159.29432, 22.13564 ], [ -159.29434, 22.13591 ], [ -159.29428, 22.1361 ] ] ] ] } },
{ "type": "Feature", "properties": { "id": 41.0, "Shape_Leng": 541.63499144399998, "Shape_Area": 1335.1239200800001 }, "bbox": [ -159.2951, 22.13164, -159.29459, 22.13377 ], "geometry": { "type": "MultiPolygon", "coordinates": [ [ [ [ -159.2951, 22.13377 ], [ -159.29459, 22.13256 ], [ -159.29464, 22.1318 ], [ -159.29472, 22.13164 ], [ -159.2951, 22.13377 ] ] ] ] } },
{ "type": "Feature", "properties": { "id": 42.0, "Shape_Leng": 223.10415669700001, "Shape_Area": 684.05545749600003 }, "bbox": [ -159.29475, 22.12951, -159.29412, 22.13009 ], "geometry": { "type": "MultiPolygon", "coordinates": [ [ [ [ -159.29475, 22.13009 ], [ -159.29461, 22.12975 ], [ -159.29412, 22.12951 ], [ -159.29467, 22.12971 ], [ -159.29475, 22.13009 ] ] ] ] } },
{ "type": "Feature", "properties": { "id": 43.0, "Shape_Leng": 577.00193741600003, "Shape_Area": 1539.66488525 }, "bbox": [ -159.29434, 22.1228, -159.2935, 22.12486 ], "geometry": { "type": "MultiPolygon", "coordinates": [ [ [ [ -159.29393, 22.12486 ], [ -159.29428, 22.12366 ], [ -159.2935, 22.1228 ], [ -159.29434, 22.12365 ], [ -159.29393, 22.12486 ] ] ] ] } },
{ "type": "Feature", "properties": { "id": 44.0, "Shape_Leng": 711.73648584600005, "Shape_Area": 1876.8970770799999 }, "bbox": [ -159.29618, 22.12092, -159.29418, 22.12259 ], "geometry": { "type": "MultiPolygon", "coordinates": [ [ [ [ -159.29418, 22.12259 ], [ -159.29566, 22.1223 ], [ -159.29618, 22.12092 ], [ -159.29569, 22.12235 ], [ -159.29418, 22.12259 ] ] ] ] } },
{ "type": "Feature", "properties": { "id": 45.0, "Shape_Leng": 50.120757718999997, "Shape_Area": 101.208113981 }, "bbox": [ -159.29561, 22.11967, -159.29543, 22.11982 ], "geometry": { "type": "MultiPolygon", "coordinates": [ [ [ [ -159.29558, 22.11967 ], [ -159.29561, 22.11971 ], [ -159.29546, 22.11982 ], [ -159.29543, 22.11979 ], [ -159.29558, 22.11967 ] ] ] ] } },
{ "type": "Feature", "properties": { "id": 46.0, "Shape_Leng": 1092.05115555, "Shape_Area": 3949.0061763600002 }, "bbox": [ -159.29713, 22.11233, -159.29606, 22.11676 ], "geometry": { "type": "MultiPolygon", "coordinates": [ [ [ [ -159.29606, 22.11676 ], [ -159.29631, 22.11662 ], [ -159.29657, 22.1161 ], [ -159.29692, 22.11578 ], [ -159.29678, 22.11233 ], [ -159.29713, 22.1149 ], [ -159.29698, 22.11579 ], [ -159.29639, 22.11663 ], [ -159.29606, 22.11676 ] ] ] ] } },
{ "type": "Feature", "properties": { "id": 47.0, "Shape_Leng": 49.367835015499999, "Shape_Area": 127.670343473 }, "bbox": [ -159.29694, 22.1063, -159.29683, 22.10647 ], "geometry": { "type": "MultiPolygon", "coordinates": [ [ [ [ -159.29687, 22.10647 ], [ -159.29683, 22.10632 ], [ -159.29689, 22.1063 ], [ -159.29694, 22.10645 ], [ -159.29687, 22.10647 ] ] ] ] } },
{ "type": "Feature", "properties": { "id": 48.0, "Shape_Leng": 2721.1066274499999, "Shape_Area": 15231.347331000001 }, "bbox": [ -159.30714, 22.09054, -159.30243, 22.10004 ], "geometry": { "type": "MultiPolygon", "coordinates": [ [ [ [ -159.30243, 22.10004 ], [ -159.30484, 22.09894 ], [ -159.30651, 22.09408 ], [ -159.30704, 22.09393 ], [ -159.30616, 22.09054 ], [ -159.30714, 22.09393 ], [ -159.30496, 22.09898 ], [ -159.30243, 22.10004 ] ] ] ] } },
{ "type": "Feature", "properties": { "id": 49.0, "Shape_Leng": 1507.09400992, "Shape_Area": 5747.6077261500004 }, "bbox": [ -159.31498, 22.07764, -159.31131, 22.08333 ], "geometry": { "type": "MultiPolygon", "coordinates": [ [ [ [ -159.31131, 22.08333 ], [ -159.31294, 22.08007 ], [ -159.31498, 22.07764 ], [ -159.31299, 22.0801 ], [ -159.31131, 22.08333 ] ] ] ] } },
{ "type": "Feature", "properties": { "id": 50.0, "Shape_Leng": 1519.2485859599999, "Shape_Area": 6637.7773819800004 }, "bbox": [ -159.31744, 22.07096, -159.31549, 22.07707 ], "geometry": { "type": "MultiPolygon", "coordinates": [ [ [ [ -159.31549, 22.07707 ], [ -159.31736, 22.07442 ], [ -159.31719, 22.07096 ], [ -159.31744, 22.07441 ], [ -159.31549, 22.07707 ] ] ] ] } },
{ "type": "Feature", "properties": { "id": 51.0, "Shape_Leng": 2590.8127928700001, "Shape_Area": 8181.4980300400002 }, "bbox": [ -159.31938, 22.05947, -159.31646, 22.07056 ], "geometry": { "type": "MultiPolygon", "coordinates": [ [ [ [ -159.31655, 22.07056 ], [ -159.31646, 22.07025 ], [ -159.3167, 22.06915 ], [ -159.3185, 22.06318 ], [ -159.31859, 22.06192 ], [ -159.3185, 22.06119 ], [ -159.31855, 22.06101 ], [ -159.3186, 22.06084 ], [ -159.31871, 22.06077 ], [ -159.3189, 22.06026 ], [ -159.31938, 22.05947 ], [ -159.31925, 22.05982 ], [ -159.31893, 22.06027 ], [ -159.31874, 22.06079 ], [ -159.31857, 22.06101 ], [ -159.31866, 22.06192 ], [ -159.31858, 22.06318 ], [ -159.31655, 22.07056 ] ] ] ] } },
{ "type": "Feature", "properties": { "id": 52.0, "Shape_Leng": 2850.8021082199998, "Shape_Area": 7741.37838706 }, "bbox": [ -159.32964, 22.05109, -159.31957, 22.05909 ], "geometry": { "type": "MultiPolygon", "coordinates": [ [ [ [ -159.31957, 22.05909 ], [ -159.32092, 22.05752 ], [ -159.32178, 22.0559 ], [ -159.32211, 22.05554 ], [ -159.32335, 22.05502 ], [ -159.32445, 22.05467 ], [ -159.32563, 22.05415 ], [ -159.32723, 22.0526 ], [ -159.32964, 22.05109 ], [ -159.3257, 22.05421 ], [ -159.32212, 22.05556 ], [ -159.32095, 22.05754 ], [ -159.31957, 22.05909 ] ] ] ] } },
{ "type": "Feature", "properties": { "id": 53.0, "Shape_Leng": 501.30527693699997, "Shape_Area": 2070.2915871 }, "bbox": [ -159.33222, 22.05124, -159.33017, 22.05176 ], "geometry": { "type": "MultiPolygon", "coordinates": [ [ [ [ -159.33017, 22.05124 ], [ -159.33112, 22.05168 ], [ -159.33222, 22.05133 ], [ -159.33115, 22.05176 ], [ -159.33017, 22.05124 ] ] ] ] } },
{ "type": "Feature", "properties": { "id": 54.0, "Shape_Leng": 1458.36154644, "Shape_Area": 2366.5943525100001 }, "bbox": [ -159.33588, 22.04552, -159.33264, 22.0508 ], "geometry": { "type": "MultiPolygon", "coordinates": [ [ [ [ -159.33264, 22.0508 ], [ -159.33416, 22.05013 ], [ -159.33588, 22.04552 ], [ -159.33421, 22.05015 ], [ -159.33264, 22.0508 ] ] ] ] } },
{ "type": "Feature", "properties": { "id": 55.0, "Shape_Leng": 1495.20934969, "Shape_Area": 6389.4336917500004 }, "bbox": [ -159.33583, 22.03674, -159.33455, 22.04303 ], "geometry": { "type": "MultiPolygon", "coordinates": [ [ [ [ -159.33502, 22.04303 ], [ -159.33455, 22.04247 ], [ -159.33474, 22.04096 ], [ -159.33583, 22.03674 ], [ -159.3348, 22.04097 ], [ -159.33502, 22.04303 ] ] ] ] } },
{ "type": "Feature", "properties": { "id": 56.0, "Shape_Leng": 7583.4410942799996, "Shape_Area": 27386.967795799999 }, "bbox": [ -159.33918, 22.00399, -159.33559, 22.0362 ], "geometry": { "type": "MultiPolygon", "coordinates": [ [ [ [ -159.33586, 22.0362 ], [ -159.33625, 22.03379 ], [ -159.33742, 22.03111 ], [ -159.33827, 22.02988 ], [ -159.33849, 22.02795 ], [ -159.33904, 22.02528 ], [ -159.3391, 22.02383 ], [ -159.33859, 22.02115 ], [ -159.33849, 22.01989 ], [ -159.33849, 22.01862 ], [ -159.33882, 22.01771 ], [ -159.33784, 22.01565 ], [ -159.33734, 22.01334 ], [ -159.3372, 22.01208 ], [ -159.33741, 22.01185 ], [ -159.33684, 22.01141 ], [ -159.3366, 22.0109 ], [ -159.33598, 22.00807 ], [ -159.33607, 22.00594 ], [ -159.33581, 22.00542 ], [ -159.33559, 22.00399 ], [ -159.3362, 22.00592 ], [ -159.33669, 22.01089 ], [ -159.33748, 22.01184 ], [ -159.33793, 22.01568 ], [ -159.33891, 22.01772 ], [ -159.33853, 22.01989 ], [ -159.33918, 22.02383 ], [ -159.33908, 22.02547 ], [ -159.33832, 22.0299 ], [ -159.33586, 22.0362 ] ] ] ] } },
{ "type": "Feature", "properties": { "id": 57.0, "Shape_Leng": 795.4401816, "Shape_Area": 3760.67614374 }, "bbox": [ -159.34135, 21.99118, -159.34064, 21.99456 ], "geometry": { "type": "MultiPolygon", "coordinates": [ [ [ [ -159.34134, 21.99456 ], [ -159.34126, 21.99306 ], [ -159.34064, 21.99118 ], [ -159.34135, 21.99303 ], [ -159.34134, 21.99456 ] ] ] ] } },
{ "type": "Feature", "properties": { "id": 58.0, "Shape_Leng": 924.83730914, "Shape_Area": 1806.30328293 }, "bbox": [ -159.35186, 21.95986, -159.34793, 21.96081 ], "geometry": { "type": "MultiPolygon", "coordinates": [ [ [ [ -159.35186, 21.96035 ], [ -159.35168, 21.96047 ], [ -159.3513, 21.96059 ], [ -159.34958, 21.96081 ], [ -159.34875, 21.96063 ], [ -159.34809, 21.96021 ], [ -159.34793, 21.95986 ], [ -159.34957, 21.96078 ], [ -159.35186, 21.96035 ] ] ] ] } },
{ "type": "Feature", "properties": { "id": 59.0, "Shape_Leng": 187.47854835499999, "Shape_Area": 792.06638353400001 }, "bbox": [ -159.34219, 21.95877, -159.34142, 21.95898 ], "geometry": { "type": "MultiPolygon", "coordinates": [ [ [ [ -159.34219, 21.95883 ], [ -159.34182, 21.95898 ], [ -159.34142, 21.95877 ], [ -159.34181, 21.95889 ], [ -159.34219, 21.95883 ] ] ] ] } },
{ "type": "Feature", "properties": { "id": 60.0, "Shape_Leng": 100.06922978199999, "Shape_Area": 360.98454007499998 }, "bbox": [ -159.33791, 21.95788, -159.33753, 21.95813 ], "geometry": { "type": "MultiPolygon", "coordinates": [ [ [ [ -159.33791, 21.95807 ], [ -159.33785, 21.95813 ], [ -159.33753, 21.95795 ], [ -159.33758, 21.95788 ], [ -159.33791, 21.95807 ] ] ] ] } },
{ "type": "Feature", "properties": { "id": 61.0, "Shape_Leng": 2040.82872415, "Shape_Area": 3743.49870117 }, "bbox": [ -159.39096, 21.90756, -159.38554, 21.91366 ], "geometry": { "type": "MultiPolygon", "coordinates": [ [ [ [ -159.39063, 21.90756 ], [ -159.39081, 21.90781 ], [ -159.39096, 21.90825 ], [ -159.39032, 21.91053 ], [ -159.39008, 21.91102 ], [ -159.3893, 21.9122 ], [ -159.38792, 21.91336 ], [ -159.38742, 21.91363 ], [ -159.38716, 21.91366 ], [ -159.38648, 21.91358 ], [ -159.38612, 21.91346 ], [ -159.38576, 21.91323 ], [ -159.38554, 21.91319 ], [ -159.38578, 21.91321 ], [ -159.38649, 21.91357 ], [ -159.38741, 21.9136 ], [ -159.38926, 21.91217 ], [ -159.39029, 21.91052 ], [ -159.39063, 21.90756 ] ] ] ] } },
{ "type": "Feature", "properties": { "id": 62.0, "Shape_Leng": 264.843203346, "Shape_Area": 1289.4737604500001 }, "bbox": [ -159.38553, 21.91365, -159.38512, 21.91467 ], "geometry": { "type": "MultiPolygon", "coordinates": [ [ [ [ -159.38512, 21.91365 ], [ -159.38546, 21.9141 ], [ -159.38553, 21.91467 ], [ -159.38536, 21.91414 ], [ -159.38512, 21.91365 ] ] ] ] } },
{ "type": "Feature", "properties": { "id": 63.0, "Shape_Leng": 1031.5669875799999, "Shape_Area": 3167.1525474800001 }, "bbox": [ -159.38397, 21.91751, -159.38145, 21.9204 ], "geometry": { "type": "MultiPolygon", "coordinates": [ [ [ [ -159.38319, 21.91751 ], [ -159.38366, 21.91787 ], [ -159.38386, 21.91818 ], [ -159.38397, 21.91881 ], [ -159.38379, 21.91932 ], [ -159.38351, 21.91965 ], [ -159.38241, 21.92022 ], [ -159.38145, 21.9204 ], [ -159.38374, 21.9193 ], [ -159.38319, 21.91751 ] ] ] ] } },
{ "type": "Feature", "properties": { "id": 64.0, "Shape_Leng": 1245.3954661499999, "Shape_Area": 3091.8552580700002 }, "bbox": [ -159.38053, 21.92063, -159.37556, 21.92307 ], "geometry": { "type": "MultiPolygon", "coordinates": [ [ [ [ -159.38053, 21.92063 ], [ -159.38049, 21.92084 ], [ -159.38003, 21.92142 ], [ -159.37906, 21.92204 ], [ -159.37868, 21.92213 ], [ -159.37785, 21.92207 ], [ -159.37651, 21.9229 ], [ -159.37615, 21.92302 ], [ -159.37556, 21.92307 ], [ -159.37784, 21.92205 ], [ -159.37905, 21.922 ], [ -159.38053, 21.92063 ] ] ] ] } },
{ "type": "Feature", "properties": { "id": 65.0, "Shape_Leng": 140.486329028, "Shape_Area": 495.58089893 }, "bbox": [ -159.41807, 21.88788, -159.41762, 21.88828 ], "geometry": { "type": "MultiPolygon", "coordinates": [ [ [ [ -159.41807, 21.88788 ], [ -159.41802, 21.88809 ], [ -159.41768, 21.88828 ], [ -159.41762, 21.88822 ], [ -159.41807, 21.88788 ] ] ] ] } },
{ "type": "Feature", "properties": { "id": 66.0, "Shape_Leng": 1964.069734, "Shape_Area": 5482.7010829600003 }, "bbox": [ -159.41673, 21.88875, -159.41049, 21.89259 ], "geometry": { "type": "MultiPolygon", "coordinates": [ [ [ [ -159.41673, 21.88875 ], [ -159.41656, 21.88886 ], [ -159.41392, 21.88945 ], [ -159.4105, 21.89005 ], [ -159.41097, 21.89161 ], [ -159.41096, 21.89245 ], [ -159.41075, 21.89259 ], [ -159.41049, 21.89001 ], [ -159.41673, 21.88875 ] ] ] ] } },
{ "type": "Feature", "properties": { "id": 67.0, "Shape_Leng": 89.272053595599999, "Shape_Area": 185.883726524 }, "bbox": [ -159.41025, 21.89298, -159.40989, 21.89314 ], "geometry": { "type": "MultiPolygon", "coordinates": [ [ [ [ -159.41025, 21.89298 ], [ -159.41009, 21.8931 ], [ -159.40991, 21.89314 ], [ -159.40989, 21.8931 ], [ -159.41025, 21.89298 ] ] ] ] } },
{ "type": "Feature", "properties": { "id": 68.0, "Shape_Leng": 251.13117006100001, "Shape_Area": 1070.2224202699999 }, "bbox": [ -159.40607, 21.89461, -159.4056, 21.89551 ], "geometry": { "type": "MultiPolygon", "coordinates": [ [ [ [ -159.40582, 21.89461 ], [ -159.40607, 21.89478 ], [ -159.40586, 21.89533 ], [ -159.4056, 21.89551 ], [ -159.40582, 21.89461 ] ] ] ] } },
{ "type": "Feature", "properties": { "id": 69.0, "Shape_Leng": 242.841866608, "Shape_Area": 340.73792195599998 }, "bbox": [ -159.40455, 21.89895, -159.40386, 21.89955 ], "geometry": { "type": "MultiPolygon", "coordinates": [ [ [ [ -159.40429, 21.89895 ], [ -159.40455, 21.89929 ], [ -159.40413, 21.89949 ], [ -159.40386, 21.89955 ], [ -159.40429, 21.89895 ] ] ] ] } },
{ "type": "Feature", "properties": { "id": 70.0, "Shape_Leng": 888.56572714100002, "Shape_Area": 3649.7761267800001 }, "bbox": [ -159.4402, 21.87376, -159.43649, 21.87501 ], "geometry": { "type": "MultiPolygon", "coordinates": [ [ [ [ -159.4402, 21.87376 ], [ -159.44014, 21.87412 ], [ -159.43926, 21.8745 ], [ -159.43728, 21.87495 ], [ -159.4367, 21.87501 ], [ -159.43649, 21.87485 ], [ -159.4402, 21.87376 ] ] ] ] } },
{ "type": "Feature", "properties": { "id": 71.0, "Shape_Leng": 645.59889592100001, "Shape_Area": 3199.0269590100002 }, "bbox": [ -159.5038, 21.88797, -159.50153, 21.88915 ], "geometry": { "type": "MultiPolygon", "coordinates": [ [ [ [ -159.5038, 21.88875 ], [ -159.50362, 21.88891 ], [ -159.50265, 21.88915 ], [ -159.50168, 21.88853 ], [ -159.50154, 21.88837 ], [ -159.50153, 21.88797 ], [ -159.5027, 21.88904 ], [ -159.5038, 21.88875 ] ] ] ] } },
{ "type": "Feature", "properties": { "id": 72.0, "Shape_Leng": 48.111360437899997, "Shape_Area": 79.611062553599993 }, "bbox": [ -159.49202, 21.88548, -159.49197, 21.88567 ], "geometry": { "type": "MultiPolygon", "coordinates": [ [ [ [ -159.49198, 21.88548 ], [ -159.49202, 21.88549 ], [ -159.49201, 21.88567 ], [ -159.49197, 21.88566 ], [ -159.49198, 21.88548 ] ] ] ] } },
{ "type": "Feature", "properties": { "id": 73.0, "Shape_Leng": 280.50579682, "Shape_Area": 389.61064068399997 }, "bbox": [ -159.48743, 21.88441, -159.48705, 21.88555 ], "geometry": { "type": "MultiPolygon", "coordinates": [ [ [ [ -159.48743, 21.88555 ], [ -159.4872, 21.88525 ], [ -159.4871, 21.88495 ], [ -159.48705, 21.88458 ], [ -159.48713, 21.88441 ], [ -159.48743, 21.88555 ] ] ] ] } },
{ "type": "Feature", "properties": { "id": 74.0, "Shape_Leng": 451.87173037100001, "Shape_Area": 494.97133194600002 }, "bbox": [ -159.47793, 21.88161, -159.47582, 21.88193 ], "geometry": { "type": "MultiPolygon", "coordinates": [ [ [ [ -159.47793, 21.88186 ], [ -159.47772, 21.88193 ], [ -159.47656, 21.88185 ], [ -159.47617, 21.88176 ], [ -159.47582, 21.88161 ], [ -159.47793, 21.88186 ] ] ] ] } },
{ "type": "Feature", "properties": { "id": 75.0, "Shape_Leng": 270.12224947800001, "Shape_Area": 436.60095079799999 }, "bbox": [ -159.47411, 21.88067, -159.47309, 21.88117 ], "geometry": { "type": "MultiPolygon", "coordinates": [ [ [ [ -159.47411, 21.88111 ], [ -159.47392, 21.88117 ], [ -159.47349, 21.88113 ], [ -159.47327, 21.881 ], [ -159.47309, 21.88067 ], [ -159.47411, 21.88111 ] ] ] ] } },
{ "type": "Feature", "properties": { "id": 76.0, "Shape_Leng": 397.77714805, "Shape_Area": 349.527850005 }, "bbox": [ -159.47277, 21.87942, -159.47117, 21.8802 ], "geometry": { "type": "MultiPolygon", "coordinates": [ [ [ [ -159.47277, 21.8802 ], [ -159.47258, 21.8801 ], [ -159.47244, 21.87989 ], [ -159.47226, 21.87981 ], [ -159.47203, 21.87983 ], [ -159.47164, 21.87973 ], [ -159.47131, 21.87954 ], [ -159.47117, 21.87942 ], [ -159.47244, 21.87987 ], [ -159.47277, 21.8802 ] ] ] ] } },
{ "type": "Feature", "properties": { "id": 77.0, "Shape_Leng": 128.39776025, "Shape_Area": 208.281194277 }, "bbox": [ -159.46485, 21.87652, -159.46431, 21.87673 ], "geometry": { "type": "MultiPolygon", "coordinates": [ [ [ [ -159.46485, 21.87673 ], [ -159.46447, 21.87666 ], [ -159.46431, 21.87652 ], [ -159.46448, 21.87663 ], [ -159.46485, 21.87673 ] ] ] ] } },
{ "type": "Feature", "properties": { "id": 78.0, "Shape_Leng": 163.14157249199999, "Shape_Area": 246.60101199900001 }, "bbox": [ -159.46377, 21.87631, -159.46302, 21.8764 ], "geometry": { "type": "MultiPolygon", "coordinates": [ [ [ [ -159.46377, 21.8764 ], [ -159.46317, 21.87639 ], [ -159.46302, 21.87631 ], [ -159.46318, 21.87636 ], [ -159.46377, 21.8764 ] ] ] ] } },
{ "type": "Feature", "properties": { "id": 79.0, "Shape_Leng": 1245.23525864, "Shape_Area": 3837.7791851299999 }, "bbox": [ -159.46219, 21.87428, -159.45738, 21.87615 ], "geometry": { "type": "MultiPolygon", "coordinates": [ [ [ [ -159.46219, 21.87569 ], [ -159.46173, 21.87552 ], [ -159.46141, 21.87583 ], [ -159.46085, 21.87613 ], [ -159.45982, 21.87615 ], [ -159.45897, 21.87573 ], [ -159.45829, 21.87498 ], [ -159.45759, 21.87472 ], [ -159.45738, 21.87449 ], [ -159.45738, 21.87428 ], [ -159.45985, 21.87609 ], [ -159.4617, 21.87549 ], [ -159.46219, 21.87569 ] ] ] ] } },
{ "type": "Feature", "properties": { "id": 80.0, "Shape_Leng": 773.58153704899996, "Shape_Area": 1958.5119403599999 }, "bbox": [ -159.45664, 21.8728, -159.45358, 21.87415 ], "geometry": { "type": "MultiPolygon", "coordinates": [ [ [ [ -159.45664, 21.874 ], [ -159.45623, 21.87415 ], [ -159.45395, 21.8734 ], [ -159.45381, 21.87328 ], [ -159.45358, 21.8728 ], [ -159.45664, 21.874 ] ] ] ] } },
{ "type": "Feature", "properties": { "id": 81.0, "Shape_Leng": 262.07528293000001, "Shape_Area": 895.61400969399995 }, "bbox": [ -159.4519, 21.87296, -159.45091, 21.87328 ], "geometry": { "type": "MultiPolygon", "coordinates": [ [ [ [ -159.4519, 21.873 ], [ -159.45121, 21.87328 ], [ -159.45091, 21.87296 ], [ -159.45123, 21.8732 ], [ -159.4519, 21.873 ] ] ] ] } },
{ "type": "Feature", "properties": { "id": 82.0, "Shape_Leng": 58.872898359799997, "Shape_Area": 149.54057889000001 }, "bbox": [ -159.62875, 21.91112, -159.6285, 21.91123 ], "geometry": { "type": "MultiPolygon", "coordinates": [ [ [ [ -159.62875, 21.91118 ], [ -159.62871, 21.91123 ], [ -159.6285, 21.91117 ], [ -159.62855, 21.91112 ], [ -159.62875, 21.91118 ] ] ] ] } },
{ "type": "Feature", "properties": { "id": 83.0, "Shape_Leng": 181.57103069, "Shape_Area": 749.27668741499997 }, "bbox": [ -159.62177, 21.90714, -159.62108, 21.90762 ], "geometry": { "type": "MultiPolygon", "coordinates": [ [ [ [ -159.62177, 21.90754 ], [ -159.62172, 21.90762 ], [ -159.62108, 21.90722 ], [ -159.62113, 21.90714 ], [ -159.62177, 21.90754 ] ] ] ] } },
{ "type": "Feature", "properties": { "id": 84.0, "Shape_Leng": 2218.7935933200001, "Shape_Area": 10109.0393915 }, "bbox": [ -159.60994, 21.89378, -159.60553, 21.90097 ], "geometry": { "type": "MultiPolygon", "coordinates": [ [ [ [ -159.60994, 21.90084 ], [ -159.60989, 21.90097 ], [ -159.60915, 21.90086 ], [ -159.60881, 21.90041 ], [ -159.60795, 21.90037 ], [ -159.60726, 21.89976 ], [ -159.60689, 21.89874 ], [ -159.60699, 21.89689 ], [ -159.60732, 21.8958 ], [ -159.6071, 21.89562 ], [ -159.60643, 21.89441 ], [ -159.60589, 21.89424 ], [ -159.60559, 21.89402 ], [ -159.60553, 21.89378 ], [ -159.60652, 21.89437 ], [ -159.6074, 21.89579 ], [ -159.60733, 21.89973 ], [ -159.60994, 21.90084 ] ] ] ] } },
{ "type": "Feature", "properties": { "id": 85.0, "Shape_Leng": 516.15596049199996, "Shape_Area": 4077.6964572299999 }, "bbox": [ -159.59092, 21.90244, -159.58931, 21.90406 ], "geometry": { "type": "MultiPolygon", "coordinates": [ [ [ [ -159.59092, 21.90406 ], [ -159.59007, 21.90357 ], [ -159.58931, 21.90253 ], [ -159.5895, 21.90244 ], [ -159.59092, 21.90406 ] ] ] ] } },
{ "type": "Feature", "properties": { "id": 86.0, "Shape_Leng": 292.50294561499999, "Shape_Area": 593.35080490300004 }, "bbox": [ -159.58496, 21.898, -159.58382, 21.89827 ], "geometry": { "type": "MultiPolygon", "coordinates": [ [ [ [ -159.58496, 21.89827 ], [ -159.58414, 21.89822 ], [ -159.58396, 21.89816 ], [ -159.58382, 21.898 ], [ -159.58496, 21.89827 ] ] ] ] } },
{ "type": "Feature", "properties": { "id": 87.0, "Shape_Leng": 298.75353198400001, "Shape_Area": 705.61956495699997 }, "bbox": [ -159.57503, 21.89653, -159.57412, 21.89748 ], "geometry": { "type": "MultiPolygon", "coordinates": [ [ [ [ -159.57503, 21.89748 ], [ -159.57466, 21.89732 ], [ -159.5744, 21.89705 ], [ -159.57417, 21.89675 ], [ -159.57412, 21.89653 ], [ -159.57503, 21.89748 ] ] ] ] } },
{ "type": "Feature", "properties": { "id": 88.0, "Shape_Leng": 97.998794515100002, "Shape_Area": 294.01692341199998 }, "bbox": [ -159.52746, 21.88384, -159.52712, 21.88404 ], "geometry": { "type": "MultiPolygon", "coordinates": [ [ [ [ -159.52746, 21.88402 ], [ -159.52724, 21.88404 ], [ -159.52712, 21.88384 ], [ -159.52727, 21.88398 ], [ -159.52746, 21.88402 ] ] ] ] } },
{ "type": "Feature", "properties": { "id": 89.0, "Shape_Leng": 708.66588855700002, "Shape_Area": 3470.1014362000001 }, "bbox": [ -159.52607, 21.88488, -159.52301, 21.88603 ], "geometry": { "type": "MultiPolygon", "coordinates": [ [ [ [ -159.52607, 21.88488 ], [ -159.52561, 21.88525 ], [ -159.52344, 21.88603 ], [ -159.52301, 21.88602 ], [ -159.52607, 21.88488 ] ] ] ] } },
{ "type": "Feature", "properties": { "id": 90.0, "Shape_Leng": 388.86469218299999, "Shape_Area": 2038.1674194300001 }, "bbox": [ -159.6369, 21.91688, -159.63575, 21.91804 ], "geometry": { "type": "MultiPolygon", "coordinates": [ [ [ [ -159.63579, 21.91688 ], [ -159.63588, 21.91724 ], [ -159.6369, 21.91804 ], [ -159.63575, 21.91727 ], [ -159.63579, 21.91688 ] ] ] ] } },
{ "type": "Feature", "properties": { "id": 91.0, "Shape_Leng": 186.557843058, "Shape_Area": 1075.63496652 }, "bbox": [ -159.63743, 21.91969, -159.63707, 21.92034 ], "geometry": { "type": "MultiPolygon", "coordinates": [ [ [ [ -159.63727, 21.91969 ], [ -159.63743, 21.92028 ], [ -159.63733, 21.92034 ], [ -159.63707, 21.91984 ], [ -159.63727, 21.91969 ] ] ] ] } },
{ "type": "Feature", "properties": { "id": 92.0, "Shape_Leng": 288.97476036699999, "Shape_Area": 2609.00094786 }, "bbox": [ -159.63849, 21.92151, -159.63765, 21.92226 ], "geometry": { "type": "MultiPolygon", "coordinates": [ [ [ [ -159.63768, 21.92151 ], [ -159.63849, 21.92213 ], [ -159.63839, 21.92226 ], [ -159.63765, 21.92197 ], [ -159.63768, 21.92151 ] ] ] ] } },
{ "type": "Feature", "properties": { "id": 93.0, "Shape_Leng": 72.736012952799996, "Shape_Area": 327.12779701 }, "bbox": [ -159.63936, 21.92244, -159.63911, 21.92267 ], "geometry": { "type": "MultiPolygon", "coordinates": [ [ [ [ -159.63921, 21.92244 ], [ -159.63936, 21.92255 ], [ -159.63927, 21.92267 ], [ -159.63911, 21.92256 ], [ -159.63921, 21.92244 ] ] ] ] } },
{ "type": "Feature", "properties": { "id": 94.0, "Shape_Leng": 1072.74652836, "Shape_Area": 5761.3062397499998 }, "bbox": [ -159.644, 21.92432, -159.64048, 21.92717 ], "geometry": { "type": "MultiPolygon", "coordinates": [ [ [ [ -159.64048, 21.92432 ], [ -159.64245, 21.9251 ], [ -159.644, 21.92717 ], [ -159.64298, 21.92666 ], [ -159.64223, 21.92508 ], [ -159.64048, 21.92432 ] ] ] ] } },
{ "type": "Feature", "properties": { "id": 95.0, "Shape_Leng": 307.66533732400001, "Shape_Area": 1446.6703674600001 }, "bbox": [ -159.64522, 21.92818, -159.64484, 21.9294 ], "geometry": { "type": "MultiPolygon", "coordinates": [ [ [ [ -159.64484, 21.92818 ], [ -159.64502, 21.92907 ], [ -159.64522, 21.9294 ], [ -159.64495, 21.92908 ], [ -159.64484, 21.92818 ] ] ] ] } },
{ "type": "Feature", "properties": { "id": 96.0, "Shape_Leng": 7450.3465494000002, "Shape_Area": 26618.545186799998 }, "bbox": [ -159.66567, 21.9299, -159.64544, 21.95073 ], "geometry": { "type": "MultiPolygon", "coordinates": [ [ [ [ -159.64544, 21.9299 ], [ -159.64617, 21.93107 ], [ -159.64884, 21.93177 ], [ -159.65013, 21.93479 ], [ -159.6498, 21.93519 ], [ -159.64994, 21.93572 ], [ -159.6499, 21.93604 ], [ -159.64909, 21.93846 ], [ -159.65032, 21.94054 ], [ -159.65217, 21.94172 ], [ -159.65392, 21.94166 ], [ -159.65488, 21.94175 ], [ -159.66043, 21.94305 ], [ -159.66091, 21.9435 ], [ -159.66196, 21.94636 ], [ -159.66319, 21.94726 ], [ -159.66432, 21.94846 ], [ -159.66508, 21.94878 ], [ -159.66539, 21.94912 ], [ -159.66567, 21.95073 ], [ -159.66532, 21.94914 ], [ -159.66427, 21.94851 ], [ -159.66179, 21.94626 ], [ -159.66043, 21.94316 ], [ -159.65216, 21.94178 ], [ -159.65028, 21.94058 ], [ -159.64902, 21.93848 ], [ -159.64975, 21.93519 ], [ -159.65009, 21.93481 ], [ -159.64873, 21.93181 ], [ -159.64613, 21.93113 ], [ -159.64544, 21.9299 ] ] ] ] } },
{ "type": "Feature", "properties": { "id": 97.0, "Shape_Leng": 200.92681245, "Shape_Area": 157.429850794 }, "bbox": [ -159.66741, 21.95241, -159.66671, 21.95301 ], "geometry": { "type": "MultiPolygon", "coordinates": [ [ [ [ -159.66671, 21.95241 ], [ -159.6673, 21.95287 ], [ -159.66741, 21.95301 ], [ -159.6673, 21.95288 ], [ -159.66671, 21.95241 ] ] ] ] } },
{ "type": "Feature", "properties": { "id": 98.0, "Shape_Leng": 1509.2071020400001, "Shape_Area": 2195.3664182299999 }, "bbox": [ -159.67587, 21.95404, -159.66898, 21.95608 ], "geometry": { "type": "MultiPolygon", "coordinates": [ [ [ [ -159.66898, 21.95404 ], [ -159.67044, 21.95466 ], [ -159.67346, 21.95534 ], [ -159.67436, 21.95567 ], [ -159.67495, 21.95572 ], [ -159.67587, 21.95608 ], [ -159.67043, 21.95469 ], [ -159.66898, 21.95404 ] ] ] ] } },
{ "type": "Feature", "properties": { "id": 99.0, "Shape_Leng": 20705.969355099998, "Shape_Area": 124385.90428 }, "bbox": [ -159.77105, 21.96003, -159.6935, 22.00175 ], "geometry": { "type": "MultiPolygon", "coordinates": [ [ [ [ -159.6935, 21.96003 ], [ -159.69892, 21.96034 ], [ -159.70081, 21.96086 ], [ -159.70453, 21.96061 ], [ -159.70581, 21.96083 ], [ -159.70847, 21.96193 ], [ -159.7101, 21.96307 ], [ -159.71237, 21.9654 ], [ -159.71525, 21.96723 ], [ -159.734, 21.97262 ], [ -159.7367, 21.97363 ], [ -159.73734, 21.97412 ], [ -159.73766, 21.97399 ], [ -159.74839, 21.97621 ], [ -159.75481, 21.97826 ], [ -159.75592, 21.97868 ], [ -159.7562, 21.97897 ], [ -159.7567, 21.97884 ], [ -159.75792, 21.97938 ], [ -159.75829, 21.97989 ], [ -159.75857, 21.97982 ], [ -159.75899, 21.97997 ], [ -159.76078, 21.98135 ], [ -159.76195, 21.98251 ], [ -159.76368, 21.98469 ], [ -159.76528, 21.98762 ], [ -159.76705, 21.99185 ], [ -159.76705, 21.99263 ], [ -159.76738, 21.99289 ], [ -159.76766, 21.99337 ], [ -159.76766, 21.99415 ], [ -159.76839, 21.99485 ], [ -159.76832, 21.99527 ], [ -159.76884, 21.99565 ], [ -159.76883, 21.99605 ], [ -159.76939, 21.99642 ], [ -159.76981, 21.99762 ], [ -159.7695, 21.99813 ], [ -159.76985, 21.99859 ], [ -159.7704, 22.00013 ], [ -159.77057, 22.00065 ], [ -159.77057, 22.00124 ], [ -159.77097, 22.00161 ], [ -159.77105, 22.00175 ], [ -159.77052, 22.00126 ], [ -159.76947, 21.99814 ], [ -159.76934, 21.99644 ], [ -159.76876, 21.99608 ], [ -159.76759, 21.99418 ], [ -159.765, 21.98715 ], [ -159.76239, 21.98311 ], [ -159.75893, 21.98004 ], [ -159.75823, 21.97998 ], [ -159.75683, 21.979 ], [ -159.75616, 21.97906 ], [ -159.74837, 21.97626 ], [ -159.73729, 21.97426 ], [ -159.73395, 21.97277 ], [ -159.71493, 21.96736 ], [ -159.71231, 21.96548 ], [ -159.70991, 21.963 ], [ -159.70577, 21.96093 ], [ -159.7008, 21.96097 ], [ -159.69755, 21.9604 ], [ -159.69499, 21.96068 ], [ -159.6935, 21.96003 ] ] ] ] } },
{ "type": "Feature", "properties": { "id": 100.0, "Shape_Leng": 3207.9387026300001, "Shape_Area": 8666.6371804200007 }, "bbox": [ -159.78559, 22.00777, -159.77567, 22.01735 ], "geometry": { "type": "MultiPolygon", "coordinates": [ [ [ [ -159.77567, 22.00777 ], [ -159.77572, 22.0078 ], [ -159.7758, 22.00797 ], [ -159.77644, 22.00821 ], [ -159.77676, 22.00816 ], [ -159.77737, 22.00834 ], [ -159.77792, 22.00859 ], [ -159.77885, 22.00924 ], [ -159.78431, 22.01438 ], [ -159.78485, 22.01527 ], [ -159.78509, 22.0167 ], [ -159.78559, 22.01735 ], [ -159.78503, 22.01689 ], [ -159.78438, 22.01455 ], [ -159.78212, 22.01234 ], [ -159.7779, 22.00861 ], [ -159.77643, 22.00822 ], [ -159.77579, 22.00797 ], [ -159.77567, 22.00777 ] ] ] ] } },
{ "type": "Feature", "properties": { "id": 101.0, "Shape_Leng": 635.26366947199995, "Shape_Area": 2578.3528512799999 }, "bbox": [ -159.78656, 22.01805, -159.78572, 22.02065 ], "geometry": { "type": "MultiPolygon", "coordinates": [ [ [ [ -159.78572, 22.01805 ], [ -159.78598, 22.01873 ], [ -159.78601, 22.01966 ], [ -159.78656, 22.02065 ], [ -159.78598, 22.01986 ], [ -159.78572, 22.01805 ] ] ] ] } },
{ "type": "Feature", "properties": { "id": 102.0, "Shape_Leng": 51.837593930099999, "Shape_Area": 118.37602857100001 }, "bbox": [ -159.7874, 22.02619, -159.78729, 22.02637 ], "geometry": { "type": "MultiPolygon", "coordinates": [ [ [ [ -159.7874, 22.02636 ], [ -159.78734, 22.02637 ], [ -159.78729, 22.0262 ], [ -159.78734, 22.02619 ], [ -159.7874, 22.02636 ] ] ] ] } },
{ "type": "Feature", "properties": { "id": 103.0, "Shape_Leng": 178.43956668300001, "Shape_Area": 713.97626196900001 }, "bbox": [ -159.78608, 22.03733, -159.78597, 22.03806 ], "geometry": { "type": "MultiPolygon", "coordinates": [ [ [ [ -159.78607, 22.03734 ], [ -159.78608, 22.03752 ], [ -159.78606, 22.03806 ], [ -159.78597, 22.03733 ], [ -159.78607, 22.03734 ] ] ] ] } },
{ "type": "Feature", "properties": { "id": 104.0, "Shape_Leng": 1114.80325227, "Shape_Area": 3376.6361314699998 }, "bbox": [ -159.78557, 22.04295, -159.78368, 22.04731 ], "geometry": { "type": "MultiPolygon", "coordinates": [ [ [ [ -159.78557, 22.04295 ], [ -159.78536, 22.04326 ], [ -159.78502, 22.04353 ], [ -159.7845, 22.0447 ], [ -159.78413, 22.04516 ], [ -159.78382, 22.04602 ], [ -159.78396, 22.04644 ], [ -159.78368, 22.04731 ], [ -159.78372, 22.04618 ], [ -159.78407, 22.04514 ], [ -159.78497, 22.04352 ], [ -159.78557, 22.04295 ] ] ] ] } },
{ "type": "Feature", "properties": { "id": 105.0, "Shape_Leng": 135.519951392, "Shape_Area": 389.333271352 }, "bbox": [ -159.78369, 22.04769, -159.78354, 22.04824 ], "geometry": { "type": "MultiPolygon", "coordinates": [ [ [ [ -159.78369, 22.04769 ], [ -159.7836, 22.04805 ], [ -159.7836, 22.04824 ], [ -159.78354, 22.04803 ], [ -159.78369, 22.04769 ] ] ] ] } },
{ "type": "Feature", "properties": { "id": 106.0, "Shape_Leng": 11469.590560799999, "Shape_Area": 54048.702110600003 }, "bbox": [ -159.78298, 22.06593, -159.74449, 22.09872 ], "geometry": { "type": "MultiPolygon", "coordinates": [ [ [ [ -159.78298, 22.06593 ], [ -159.78172, 22.06706 ], [ -159.78012, 22.06731 ], [ -159.78012, 22.06758 ], [ -159.77865, 22.06875 ], [ -159.77569, 22.0695 ], [ -159.77243, 22.07207 ], [ -159.7719, 22.07233 ], [ -159.7691, 22.07483 ], [ -159.76832, 22.07644 ], [ -159.76753, 22.0775 ], [ -159.76149, 22.08286 ], [ -159.75985, 22.08413 ], [ -159.75736, 22.08588 ], [ -159.75453, 22.08862 ], [ -159.75273, 22.09 ], [ -159.75068, 22.09219 ], [ -159.74993, 22.09276 ], [ -159.74966, 22.09276 ], [ -159.74904, 22.09399 ], [ -159.74659, 22.09631 ], [ -159.74554, 22.09685 ], [ -159.74449, 22.09872 ], [ -159.74543, 22.09674 ], [ -159.75264, 22.08991 ], [ -159.75734, 22.08586 ], [ -159.76145, 22.08282 ], [ -159.76749, 22.07747 ], [ -159.769, 22.07473 ], [ -159.76995, 22.07383 ], [ -159.77562, 22.06943 ], [ -159.77859, 22.06869 ], [ -159.78007, 22.06726 ], [ -159.78298, 22.06593 ] ] ] ] } },
{ "type": "Feature", "properties": { "id": 107.0, "Shape_Leng": 213.21500376399999, "Shape_Area": 475.93380175200002 }, "bbox": [ -156.44297, 20.62582, -156.44253, 20.6266 ], "geometry": { "type": "MultiPolygon", "coordinates": [ [ [ [ -156.44253, 20.62582 ], [ -156.44265, 20.62616 ], [ -156.44297, 20.6266 ], [ -156.4426, 20.62618 ], [ -156.44253, 20.62582 ] ] ] ] } },
{ "type": "Feature", "properties": { "id": 108.0, "Shape_Leng": 109.68469388, "Shape_Area": 327.694708236 }, "bbox": [ -156.44342, 20.62691, -156.44306, 20.62711 ], "geometry": { "type": "MultiPolygon", "coordinates": [ [ [ [ -156.44306, 20.62691 ], [ -156.44317, 20.62706 ], [ -156.44342, 20.62707 ], [ -156.44312, 20.62711 ], [ -156.44306, 20.62691 ] ] ] ] } },
{ "type": "Feature", "properties": { "id": 109.0, "Shape_Leng": 2345.84675234, "Shape_Area": 5418.94917756 }, "bbox": [ -156.45108, 20.62746, -156.44379, 20.63418 ], "geometry": { "type": "MultiPolygon", "coordinates": [ [ [ [ -156.44379, 20.62746 ], [ -156.44421, 20.62784 ], [ -156.44472, 20.62981 ], [ -156.44531, 20.6303 ], [ -156.4457, 20.63092 ], [ -156.44871, 20.63317 ], [ -156.449, 20.63371 ], [ -156.45108, 20.63418 ], [ -156.44897, 20.63376 ], [ -156.44567, 20.63095 ], [ -156.4447, 20.62983 ], [ -156.44379, 20.62746 ] ] ] ] } },
{ "type": "Feature", "properties": { "id": 110.0, "Shape_Leng": 204.50132416700001, "Shape_Area": 164.522091432 }, "bbox": [ -156.45172, 20.63451, -156.45153, 20.63538 ], "geometry": { "type": "MultiPolygon", "coordinates": [ [ [ [ -156.45158, 20.63451 ], [ -156.45157, 20.63467 ], [ -156.45153, 20.63486 ], [ -156.45172, 20.63538 ], [ -156.45158, 20.63451 ] ] ] ] } },
{ "type": "Feature", "properties": { "id": 111.0, "Shape_Leng": 1095.10334332, "Shape_Area": 2851.7759780699998 }, "bbox": [ -156.44796, 20.63931, -156.44566, 20.64328 ], "geometry": { "type": "MultiPolygon", "coordinates": [ [ [ [ -156.44796, 20.63931 ], [ -156.44648, 20.6403 ], [ -156.44638, 20.64123 ], [ -156.44614, 20.6421 ], [ -156.44566, 20.64328 ], [ -156.44644, 20.64027 ], [ -156.44796, 20.63931 ] ] ] ] } },
{ "type": "Feature", "properties": { "id": 112.0, "Shape_Leng": 816.395375156, "Shape_Area": 2101.05289391 }, "bbox": [ -156.44407, 20.64542, -156.44227, 20.64818 ], "geometry": { "type": "MultiPolygon", "coordinates": [ [ [ [ -156.44407, 20.64542 ], [ -156.44295, 20.64611 ], [ -156.44227, 20.64818 ], [ -156.4429, 20.64609 ], [ -156.44407, 20.64542 ] ] ] ] } },
{ "type": "Feature", "properties": { "id": 113.0, "Shape_Leng": 135.81910340300001, "Shape_Area": 308.10722420299999 }, "bbox": [ -156.44221, 20.64951, -156.44176, 20.64986 ], "geometry": { "type": "MultiPolygon", "coordinates": [ [ [ [ -156.44221, 20.64951 ], [ -156.44202, 20.64959 ], [ -156.44176, 20.64986 ], [ -156.44198, 20.64955 ], [ -156.44221, 20.64951 ] ] ] ] } },
{ "type": "Feature", "properties": { "id": 114.0, "Shape_Leng": 55.577633249900003, "Shape_Area": 159.126512741 }, "bbox": [ -156.44143, 20.65046, -156.44124, 20.65063 ], "geometry": { "type": "MultiPolygon", "coordinates": [ [ [ [ -156.44143, 20.65051 ], [ -156.44129, 20.65063 ], [ -156.44124, 20.65058 ], [ -156.44137, 20.65046 ], [ -156.44143, 20.65051 ] ] ] ] } },
{ "type": "Feature", "properties": { "id": 115.0, "Shape_Leng": 141.92330477499999, "Shape_Area": 356.490011165 }, "bbox": [ -156.44081, 20.65242, -156.44064, 20.65298 ], "geometry": { "type": "MultiPolygon", "coordinates": [ [ [ [ -156.44079, 20.65242 ], [ -156.4407, 20.65277 ], [ -156.44081, 20.65298 ], [ -156.44064, 20.65276 ], [ -156.44079, 20.65242 ] ] ] ] } },
{ "type": "Feature", "properties": { "id": 116.0, "Shape_Leng": 223.014831523, "Shape_Area": 634.90041521299997 }, "bbox": [ -156.44101, 20.65314, -156.44069, 20.65401 ], "geometry": { "type": "MultiPolygon", "coordinates": [ [ [ [ -156.44082, 20.65314 ], [ -156.44101, 20.65362 ], [ -156.44097, 20.65401 ], [ -156.44069, 20.65332 ], [ -156.44082, 20.65314 ] ] ] ] } },
{ "type": "Feature", "properties": { "id": 117.0, "Shape_Leng": 117.265949616, "Shape_Area": 249.25365767 }, "bbox": [ -156.44167, 20.65848, -156.44143, 20.65885 ], "geometry": { "type": "MultiPolygon", "coordinates": [ [ [ [ -156.44161, 20.65848 ], [ -156.44149, 20.65863 ], [ -156.44167, 20.65885 ], [ -156.44143, 20.65862 ], [ -156.44161, 20.65848 ] ] ] ] } },
{ "type": "Feature", "properties": { "id": 118.0, "Shape_Leng": 968.76730325699998, "Shape_Area": 1969.1169166300001 }, "bbox": [ -156.44199, 20.66027, -156.44117, 20.66409 ], "geometry": { "type": "MultiPolygon", "coordinates": [ [ [ [ -156.44153, 20.66027 ], [ -156.44121, 20.66226 ], [ -156.44199, 20.66409 ], [ -156.44117, 20.66227 ], [ -156.44153, 20.66027 ] ] ] ] } },
{ "type": "Feature", "properties": { "id": 119.0, "Shape_Leng": 700.68875186399998, "Shape_Area": 2179.0557905599999 }, "bbox": [ -156.44279, 20.66442, -156.44181, 20.66697 ], "geometry": { "type": "MultiPolygon", "coordinates": [ [ [ [ -156.44181, 20.66442 ], [ -156.44198, 20.66595 ], [ -156.44261, 20.66644 ], [ -156.44279, 20.66697 ], [ -156.44192, 20.66597 ], [ -156.44181, 20.66442 ] ] ] ] } },
{ "type": "Feature", "properties": { "id": 120.0, "Shape_Leng": 94.411872497100006, "Shape_Area": 232.90449669500001 }, "bbox": [ -156.44308, 20.66801, -156.44296, 20.66837 ], "geometry": { "type": "MultiPolygon", "coordinates": [ [ [ [ -156.44308, 20.66801 ], [ -156.44301, 20.66818 ], [ -156.443, 20.66837 ], [ -156.44296, 20.66816 ], [ -156.44308, 20.66801 ] ] ] ] } },
{ "type": "Feature", "properties": { "id": 121.0, "Shape_Leng": 91.180639554799995, "Shape_Area": 172.502812484 }, "bbox": [ -156.443, 20.66864, -156.44292, 20.66901 ], "geometry": { "type": "MultiPolygon", "coordinates": [ [ [ [ -156.443, 20.66864 ], [ -156.44296, 20.66882 ], [ -156.44298, 20.66901 ], [ -156.44292, 20.66881 ], [ -156.443, 20.66864 ] ] ] ] } },
{ "type": "Feature", "properties": { "id": 122.0, "Shape_Leng": 656.75444462300004, "Shape_Area": 1932.0385084100001 }, "bbox": [ -156.44362, 20.66935, -156.44267, 20.67183 ], "geometry": { "type": "MultiPolygon", "coordinates": [ [ [ [ -156.44286, 20.66935 ], [ -156.44272, 20.67063 ], [ -156.44362, 20.67183 ], [ -156.44267, 20.67064 ], [ -156.44286, 20.66935 ] ] ] ] } },
{ "type": "Feature", "properties": { "id": 123.0, "Shape_Leng": 257.94962325699998, "Shape_Area": 558.48373949200004 }, "bbox": [ -156.44387, 20.67332, -156.44357, 20.67438 ], "geometry": { "type": "MultiPolygon", "coordinates": [ [ [ [ -156.44387, 20.67332 ], [ -156.44362, 20.67402 ], [ -156.44365, 20.67438 ], [ -156.44357, 20.67401 ], [ -156.44387, 20.67332 ] ] ] ] } },
{ "type": "Feature", "properties": { "id": 124.0, "Shape_Leng": 558.64211484800001, "Shape_Area": 901.30253640900003 }, "bbox": [ -156.44349, 20.67465, -156.4432, 20.67692 ], "geometry": { "type": "MultiPolygon", "coordinates": [ [ [ [ -156.44349, 20.67465 ], [ -156.44323, 20.67515 ], [ -156.44349, 20.67556 ], [ -156.44345, 20.67692 ], [ -156.4432, 20.67514 ], [ -156.44349, 20.67465 ] ] ] ] } },
{ "type": "Feature", "properties": { "id": 125.0, "Shape_Leng": 921.82821391899995, "Shape_Area": 1906.54560601 }, "bbox": [ -156.44376, 20.68077, -156.44279, 20.68443 ], "geometry": { "type": "MultiPolygon", "coordinates": [ [ [ [ -156.44376, 20.68077 ], [ -156.44369, 20.68095 ], [ -156.44326, 20.68115 ], [ -156.44316, 20.68152 ], [ -156.443, 20.68166 ], [ -156.44305, 20.68186 ], [ -156.44296, 20.68258 ], [ -156.44283, 20.68286 ], [ -156.44306, 20.68443 ], [ -156.44279, 20.68286 ], [ -156.44296, 20.68164 ], [ -156.44322, 20.68113 ], [ -156.44376, 20.68077 ] ] ] ] } },
{ "type": "Feature", "properties": { "id": 126.0, "Shape_Leng": 3653.0205494800002, "Shape_Area": 11953.543184300001 }, "bbox": [ -156.44651, 20.68964, -156.44343, 20.70458 ], "geometry": { "type": "MultiPolygon", "coordinates": [ [ [ [ -156.44343, 20.68964 ], [ -156.44444, 20.69185 ], [ -156.44383, 20.69282 ], [ -156.44465, 20.69494 ], [ -156.44466, 20.6953 ], [ -156.4444, 20.69548 ], [ -156.44432, 20.69628 ], [ -156.44468, 20.69866 ], [ -156.44464, 20.69887 ], [ -156.44531, 20.69971 ], [ -156.44651, 20.70458 ], [ -156.44459, 20.69889 ], [ -156.44424, 20.69627 ], [ -156.44435, 20.69548 ], [ -156.44461, 20.6953 ], [ -156.4446, 20.69494 ], [ -156.44375, 20.69281 ], [ -156.44433, 20.69168 ], [ -156.44343, 20.68964 ] ] ] ] } },
{ "type": "Feature", "properties": { "id": 127.0, "Shape_Leng": 646.05249158100003, "Shape_Area": 1539.2404537499999 }, "bbox": [ -156.44687, 20.71168, -156.44598, 20.71429 ], "geometry": { "type": "MultiPolygon", "coordinates": [ [ [ [ -156.44598, 20.71168 ], [ -156.44642, 20.71365 ], [ -156.44686, 20.71409 ], [ -156.44687, 20.71429 ], [ -156.44637, 20.71366 ], [ -156.44598, 20.71168 ] ] ] ] } },
{ "type": "Feature", "properties": { "id": 128.0, "Shape_Leng": 764.67206953000004, "Shape_Area": 1758.9841936400001 }, "bbox": [ -156.44739, 20.71521, -156.44635, 20.71833 ], "geometry": { "type": "MultiPolygon", "coordinates": [ [ [ [ -156.44635, 20.71521 ], [ -156.44666, 20.7169 ], [ -156.44739, 20.71833 ], [ -156.44662, 20.71691 ], [ -156.44635, 20.71521 ] ] ] ] } },
{ "type": "Feature", "properties": { "id": 129.0, "Shape_Leng": 1177.7854451200001, "Shape_Area": 1532.5723999500001 }, "bbox": [ -156.44933, 20.72048, -156.44734, 20.72518 ], "geometry": { "type": "MultiPolygon", "coordinates": [ [ [ [ -156.44734, 20.72048 ], [ -156.44842, 20.72377 ], [ -156.44859, 20.72467 ], [ -156.44901, 20.72491 ], [ -156.44933, 20.72518 ], [ -156.44856, 20.72468 ], [ -156.44734, 20.72048 ] ] ] ] } },
{ "type": "Feature", "properties": { "id": 130.0, "Shape_Leng": 87.629979788499995, "Shape_Area": 150.49495491799999 }, "bbox": [ -156.4502, 20.7269, -156.45007, 20.72725 ], "geometry": { "type": "MultiPolygon", "coordinates": [ [ [ [ -156.45009, 20.7269 ], [ -156.4502, 20.72724 ], [ -156.45017, 20.72725 ], [ -156.45007, 20.7271 ], [ -156.45009, 20.7269 ] ] ] ] } },
{ "type": "Feature", "properties": { "id": 131.0, "Shape_Leng": 4208.2576143699998, "Shape_Area": 22888.199508199999 }, "bbox": [ -156.45767, 20.72832, -156.45014, 20.74467 ], "geometry": { "type": "MultiPolygon", "coordinates": [ [ [ [ -156.45014, 20.72832 ], [ -156.45296, 20.7301 ], [ -156.45557, 20.73383 ], [ -156.4559, 20.73468 ], [ -156.45652, 20.73734 ], [ -156.45684, 20.74159 ], [ -156.45719, 20.74263 ], [ -156.45761, 20.7442 ], [ -156.45765, 20.74438 ], [ -156.45767, 20.74467 ], [ -156.45674, 20.7416 ], [ -156.45544, 20.73388 ], [ -156.45286, 20.73018 ], [ -156.45014, 20.72832 ] ] ] ] } },
{ "type": "Feature", "properties": { "id": 132.0, "Shape_Leng": 1173.01440254, "Shape_Area": 2338.5740685000001 }, "bbox": [ -156.45927, 20.74582, -156.45745, 20.75071 ], "geometry": { "type": "MultiPolygon", "coordinates": [ [ [ [ -156.45745, 20.74582 ], [ -156.45781, 20.74775 ], [ -156.45927, 20.75071 ], [ -156.4577, 20.74759 ], [ -156.45745, 20.74582 ] ] ] ] } },
{ "type": "Feature", "properties": { "id": 133.0, "Shape_Leng": 1273.38040009, "Shape_Area": 3387.3808583199998 }, "bbox": [ -156.45981, 20.75389, -156.45941, 20.75955 ], "geometry": { "type": "MultiPolygon", "coordinates": [ [ [ [ -156.45972, 20.75389 ], [ -156.45941, 20.75534 ], [ -156.45969, 20.75718 ], [ -156.45981, 20.75955 ], [ -156.45972, 20.75389 ] ] ] ] } },
{ "type": "Feature", "properties": { "id": 134.0, "Shape_Leng": 385.645299948, "Shape_Area": 2515.58217861 }, "bbox": [ -156.45945, 20.76299, -156.45899, 20.76446 ], "geometry": { "type": "MultiPolygon", "coordinates": [ [ [ [ -156.45922, 20.76299 ], [ -156.45915, 20.76389 ], [ -156.45945, 20.76446 ], [ -156.45899, 20.76388 ], [ -156.45922, 20.76299 ] ] ] ] } },
{ "type": "Feature", "properties": { "id": 135.0, "Shape_Leng": 3858.71861954, "Shape_Area": 11494.2583985 }, "bbox": [ -156.46254, 20.76477, -156.45888, 20.78105 ], "geometry": { "type": "MultiPolygon", "coordinates": [ [ [ [ -156.45906, 20.76477 ], [ -156.45896, 20.76936 ], [ -156.46037, 20.77353 ], [ -156.4611, 20.77871 ], [ -156.46154, 20.77972 ], [ -156.46183, 20.77998 ], [ -156.46209, 20.78046 ], [ -156.46237, 20.78073 ], [ -156.46254, 20.78105 ], [ -156.46152, 20.77973 ], [ -156.46108, 20.77872 ], [ -156.45888, 20.76937 ], [ -156.45906, 20.76477 ] ] ] ] } },
{ "type": "Feature", "properties": { "id": 136.0, "Shape_Leng": 10130.927739299999, "Shape_Area": 31648.212575199999 }, "bbox": [ -156.50564, 20.78144, -156.46289, 20.79748 ], "geometry": { "type": "MultiPolygon", "coordinates": [ [ [ [ -156.46289, 20.78144 ], [ -156.46785, 20.78515 ], [ -156.47265, 20.78937 ], [ -156.4768, 20.79084 ], [ -156.47799, 20.79142 ], [ -156.47923, 20.79232 ], [ -156.47961, 20.79241 ], [ -156.48079, 20.79302 ], [ -156.48124, 20.79338 ], [ -156.48522, 20.79518 ], [ -156.48549, 20.7954 ], [ -156.49071, 20.7961 ], [ -156.49639, 20.79741 ], [ -156.50143, 20.7967 ], [ -156.503, 20.79674 ], [ -156.5056, 20.79556 ], [ -156.50564, 20.79564 ], [ -156.50302, 20.79679 ], [ -156.49638, 20.79748 ], [ -156.48547, 20.79545 ], [ -156.47262, 20.78941 ], [ -156.46289, 20.78144 ] ] ] ] } },
{ "type": "Feature", "properties": { "id": 137.0, "Shape_Leng": 1015.8299909, "Shape_Area": 5618.99532189 }, "bbox": [ -156.50992, 20.79237, -156.5064, 20.79517 ], "geometry": { "type": "MultiPolygon", "coordinates": [ [ [ [ -156.5064, 20.79517 ], [ -156.50888, 20.79269 ], [ -156.50955, 20.79238 ], [ -156.50978, 20.79237 ], [ -156.50992, 20.79246 ], [ -156.5064, 20.79517 ] ] ] ] } },
{ "type": "Feature", "properties": { "id": 138.0, "Shape_Leng": 28.6635573169, "Shape_Area": 47.3965696327 }, "bbox": [ -156.51565, 20.78643, -156.51557, 20.78652 ], "geometry": { "type": "MultiPolygon", "coordinates": [ [ [ [ -156.51557, 20.78651 ], [ -156.5156, 20.78643 ], [ -156.51565, 20.78644 ], [ -156.51562, 20.78652 ], [ -156.51557, 20.78651 ] ] ] ] } },
{ "type": "Feature", "properties": { "id": 139.0, "Shape_Leng": 29.633808309300001, "Shape_Area": 49.310623774100002 }, "bbox": [ -156.51593, 20.78591, -156.51587, 20.786 ], "geometry": { "type": "MultiPolygon", "coordinates": [ [ [ [ -156.51588, 20.78599 ], [ -156.51587, 20.78591 ], [ -156.51592, 20.78592 ], [ -156.51593, 20.786 ], [ -156.51588, 20.78599 ] ] ] ] } },
{ "type": "Feature", "properties": { "id": 140.0, "Shape_Leng": 185.00647742199999, "Shape_Area": 483.04548569500002 }, "bbox": [ -156.51674, 20.78492, -156.51616, 20.78548 ], "geometry": { "type": "MultiPolygon", "coordinates": [ [ [ [ -156.51616, 20.78548 ], [ -156.51636, 20.78536 ], [ -156.51674, 20.78492 ], [ -156.51642, 20.78538 ], [ -156.51616, 20.78548 ] ] ] ] } },
{ "type": "Feature", "properties": { "id": 141.0, "Shape_Leng": 38.833562625600003, "Shape_Area": 79.091548564899995 }, "bbox": [ -156.51687, 20.78432, -156.51672, 20.78442 ], "geometry": { "type": "MultiPolygon", "coordinates": [ [ [ [ -156.51672, 20.78437 ], [ -156.51684, 20.78432 ], [ -156.51687, 20.78437 ], [ -156.51676, 20.78442 ], [ -156.51672, 20.78437 ] ] ] ] } },
{ "type": "Feature", "properties": { "id": 142.0, "Shape_Leng": 261.37265114100001, "Shape_Area": 683.89534708400004 }, "bbox": [ -156.5214, 20.78037, -156.5204, 20.78096 ], "geometry": { "type": "MultiPolygon", "coordinates": [ [ [ [ -156.5204, 20.78092 ], [ -156.52063, 20.78092 ], [ -156.52121, 20.78043 ], [ -156.5214, 20.78037 ], [ -156.52066, 20.78096 ], [ -156.5204, 20.78092 ] ] ] ] } },
{ "type": "Feature", "properties": { "id": 143.0, "Shape_Leng": 13233.099814900001, "Shape_Area": 42085.6519424 }, "bbox": [ -156.62271, 20.79268, -156.56659, 20.81015 ], "geometry": { "type": "MultiPolygon", "coordinates": [ [ [ [ -156.56659, 20.79268 ], [ -156.57169, 20.7932 ], [ -156.57549, 20.7938 ], [ -156.57638, 20.79418 ], [ -156.58172, 20.79472 ], [ -156.58536, 20.79607 ], [ -156.58993, 20.79829 ], [ -156.59224, 20.79991 ], [ -156.59298, 20.80077 ], [ -156.59608, 20.80319 ], [ -156.59767, 20.80478 ], [ -156.59852, 20.80508 ], [ -156.59999, 20.80627 ], [ -156.60816, 20.81008 ], [ -156.61405, 20.81008 ], [ -156.61641, 20.80853 ], [ -156.61803, 20.80787 ], [ -156.61928, 20.80828 ], [ -156.62097, 20.80949 ], [ -156.62197, 20.80918 ], [ -156.62236, 20.80921 ], [ -156.62271, 20.80937 ], [ -156.62096, 20.8096 ], [ -156.61806, 20.80795 ], [ -156.61409, 20.81015 ], [ -156.60814, 20.81013 ], [ -156.59997, 20.80631 ], [ -156.59763, 20.80483 ], [ -156.58992, 20.7983 ], [ -156.58534, 20.79612 ], [ -156.58154, 20.79477 ], [ -156.57995, 20.79481 ], [ -156.56659, 20.79268 ] ] ] ] } },
{ "type": "Feature", "properties": { "id": 144.0, "Shape_Leng": 6356.2011640800001, "Shape_Area": 24634.130434499999 }, "bbox": [ -156.63989, 20.80952, -156.62319, 20.83197 ], "geometry": { "type": "MultiPolygon", "coordinates": [ [ [ [ -156.62319, 20.80952 ], [ -156.62677, 20.81268 ], [ -156.62822, 20.81518 ], [ -156.62848, 20.81575 ], [ -156.6291, 20.8195 ], [ -156.63181, 20.82494 ], [ -156.63989, 20.83197 ], [ -156.63175, 20.82497 ], [ -156.62907, 20.81969 ], [ -156.62817, 20.81522 ], [ -156.62673, 20.81272 ], [ -156.62319, 20.80952 ] ] ] ] } },
{ "type": "Feature", "properties": { "id": 145.0, "Shape_Leng": 3047.0334804600002, "Shape_Area": 10591.994637399999 }, "bbox": [ -156.65101, 20.8326, -156.64041, 20.84035 ], "geometry": { "type": "MultiPolygon", "coordinates": [ [ [ [ -156.64041, 20.8326 ], [ -156.64655, 20.83448 ], [ -156.64812, 20.83566 ], [ -156.6496, 20.83777 ], [ -156.65101, 20.84035 ], [ -156.64806, 20.8357 ], [ -156.64651, 20.83452 ], [ -156.64041, 20.8326 ] ] ] ] } },
{ "type": "Feature", "properties": { "id": 146.0, "Shape_Leng": 3306.9296619699999, "Shape_Area": 12883.505621099999 }, "bbox": [ -156.6613, 20.84158, -156.6516, 20.85261 ], "geometry": { "type": "MultiPolygon", "coordinates": [ [ [ [ -156.6516, 20.84158 ], [ -156.65228, 20.84197 ], [ -156.65242, 20.84211 ], [ -156.65323, 20.84321 ], [ -156.65553, 20.84729 ], [ -156.65631, 20.84785 ], [ -156.65795, 20.84986 ], [ -156.6613, 20.85261 ], [ -156.6583, 20.85029 ], [ -156.65545, 20.84735 ], [ -156.6516, 20.84158 ] ] ] ] } },
{ "type": "Feature", "properties": { "id": 147.0, "Shape_Leng": 1766.9968846300001, "Shape_Area": 8089.1152551300002 }, "bbox": [ -156.66829, 20.85354, -156.66219, 20.85879 ], "geometry": { "type": "MultiPolygon", "coordinates": [ [ [ [ -156.66219, 20.85354 ], [ -156.66696, 20.85807 ], [ -156.66829, 20.85879 ], [ -156.66691, 20.85815 ], [ -156.66219, 20.85354 ] ] ] ] } },
{ "type": "Feature", "properties": { "id": 148.0, "Shape_Leng": 1363.96162856, "Shape_Area": 5129.8771935699997 }, "bbox": [ -156.673, 20.85937, -156.66945, 20.86404 ], "geometry": { "type": "MultiPolygon", "coordinates": [ [ [ [ -156.66945, 20.85937 ], [ -156.66993, 20.86008 ], [ -156.6704, 20.86202 ], [ -156.67122, 20.86279 ], [ -156.67269, 20.86366 ], [ -156.67282, 20.86379 ], [ -156.673, 20.86404 ], [ -156.67117, 20.86286 ], [ -156.67033, 20.86207 ], [ -156.66945, 20.85937 ] ] ] ] } },
{ "type": "Feature", "properties": { "id": 149.0, "Shape_Leng": 1508.1687183199999, "Shape_Area": 3529.6992205500001 }, "bbox": [ -156.67738, 20.86451, -156.67333, 20.86998 ], "geometry": { "type": "MultiPolygon", "coordinates": [ [ [ [ -156.67333, 20.86451 ], [ -156.676, 20.86781 ], [ -156.67738, 20.86998 ], [ -156.67411, 20.86584 ], [ -156.67333, 20.86451 ] ] ] ] } },
{ "type": "Feature", "properties": { "id": 150.0, "Shape_Leng": 709.49587322100001, "Shape_Area": 3658.64539638 }, "bbox": [ -156.68062, 20.87358, -156.67855, 20.87577 ], "geometry": { "type": "MultiPolygon", "coordinates": [ [ [ [ -156.67855, 20.87358 ], [ -156.67984, 20.8752 ], [ -156.68022, 20.87537 ], [ -156.68062, 20.87577 ], [ -156.67855, 20.87358 ] ] ] ] } },
{ "type": "Feature", "properties": { "id": 151.0, "Shape_Leng": 54.257330764400002, "Shape_Area": 142.567775934 }, "bbox": [ -156.68104, 20.87658, -156.68087, 20.87676 ], "geometry": { "type": "MultiPolygon", "coordinates": [ [ [ [ -156.68104, 20.87672 ], [ -156.68099, 20.87676 ], [ -156.68087, 20.87662 ], [ -156.68092, 20.87658 ], [ -156.68104, 20.87672 ] ] ] ] } },
{ "type": "Feature", "properties": { "id": 152.0, "Shape_Leng": 1502.26957941, "Shape_Area": 6306.8833334299998 }, "bbox": [ -156.68757, 20.87804, -156.68217, 20.88224 ], "geometry": { "type": "MultiPolygon", "coordinates": [ [ [ [ -156.68217, 20.87804 ], [ -156.68711, 20.88164 ], [ -156.68743, 20.88197 ], [ -156.68757, 20.88224 ], [ -156.68217, 20.87804 ] ] ] ] } },
{ "type": "Feature", "properties": { "id": 153.0, "Shape_Leng": 575.64133017200004, "Shape_Area": 2524.8945117899998 }, "bbox": [ -156.68764, 20.8823, -156.68668, 20.8846 ], "geometry": { "type": "MultiPolygon", "coordinates": [ [ [ [ -156.6876, 20.8823 ], [ -156.68764, 20.88274 ], [ -156.68738, 20.88352 ], [ -156.68668, 20.8846 ], [ -156.6876, 20.8823 ] ] ] ] } },
{ "type": "Feature", "properties": { "id": 154.0, "Shape_Leng": 1933.23902051, "Shape_Area": 6914.40789391 }, "bbox": [ -156.68583, 20.88593, -156.68481, 20.89425 ], "geometry": { "type": "MultiPolygon", "coordinates": [ [ [ [ -156.68583, 20.88593 ], [ -156.68488, 20.88831 ], [ -156.68551, 20.89138 ], [ -156.68548, 20.89216 ], [ -156.68507, 20.89425 ], [ -156.68544, 20.89138 ], [ -156.68481, 20.88829 ], [ -156.68583, 20.88593 ] ] ] ] } },
{ "type": "Feature", "properties": { "id": 155.0, "Shape_Leng": 214.76116599100001, "Shape_Area": 680.73508860799996 }, "bbox": [ -156.68516, 20.89529, -156.68495, 20.89619 ], "geometry": { "type": "MultiPolygon", "coordinates": [ [ [ [ -156.68503, 20.89529 ], [ -156.68516, 20.89618 ], [ -156.68509, 20.89619 ], [ -156.68495, 20.89567 ], [ -156.68503, 20.89529 ] ] ] ] } },
{ "type": "Feature", "properties": { "id": 156.0, "Shape_Leng": 1011.01436544, "Shape_Area": 4799.9230746599997 }, "bbox": [ -156.68612, 20.90066, -156.68492, 20.90473 ], "geometry": { "type": "MultiPolygon", "coordinates": [ [ [ [ -156.68492, 20.90066 ], [ -156.68513, 20.90318 ], [ -156.68612, 20.90473 ], [ -156.68506, 20.90321 ], [ -156.68492, 20.90066 ] ] ] ] } },
{ "type": "Feature", "properties": { "id": 157.0, "Shape_Leng": 109.247459742, "Shape_Area": 494.204741888 }, "bbox": [ -156.68757, 20.907, -156.68736, 20.9074 ], "geometry": { "type": "MultiPolygon", "coordinates": [ [ [ [ -156.68746, 20.907 ], [ -156.68757, 20.90735 ], [ -156.68746, 20.9074 ], [ -156.68736, 20.90725 ], [ -156.68746, 20.907 ] ] ] ] } },
{ "type": "Feature", "properties": { "id": 158.0, "Shape_Leng": 5020.9144242700004, "Shape_Area": 16063.935952399999 }, "bbox": [ -156.69653, 20.90853, -156.68802, 20.927 ], "geometry": { "type": "MultiPolygon", "coordinates": [ [ [ [ -156.68802, 20.90853 ], [ -156.68947, 20.9107 ], [ -156.69239, 20.91214 ], [ -156.69461, 20.91372 ], [ -156.69526, 20.91439 ], [ -156.69594, 20.91527 ], [ -156.69615, 20.91565 ], [ -156.69633, 20.91617 ], [ -156.69653, 20.91739 ], [ -156.69642, 20.91847 ], [ -156.69594, 20.92133 ], [ -156.69496, 20.92494 ], [ -156.69562, 20.927 ], [ -156.69492, 20.92493 ], [ -156.69637, 20.91846 ], [ -156.6961, 20.91566 ], [ -156.69374, 20.91316 ], [ -156.6894, 20.91081 ], [ -156.68802, 20.90853 ] ] ] ] } },
{ "type": "Feature", "properties": { "id": 159.0, "Shape_Leng": 7937.4781237400002, "Shape_Area": 21995.786760499999 }, "bbox": [ -156.69469, 20.92874, -156.68384, 20.9613 ], "geometry": { "type": "MultiPolygon", "coordinates": [ [ [ [ -156.69469, 20.92874 ], [ -156.69361, 20.93002 ], [ -156.69262, 20.9339 ], [ -156.69266, 20.93408 ], [ -156.69267, 20.93642 ], [ -156.69259, 20.93678 ], [ -156.69268, 20.93715 ], [ -156.69273, 20.93805 ], [ -156.69266, 20.93931 ], [ -156.69246, 20.94036 ], [ -156.69234, 20.94216 ], [ -156.69209, 20.94304 ], [ -156.69227, 20.94467 ], [ -156.69216, 20.94702 ], [ -156.69195, 20.94804 ], [ -156.69015, 20.95084 ], [ -156.68847, 20.95232 ], [ -156.6871, 20.95394 ], [ -156.68691, 20.95402 ], [ -156.68498, 20.95934 ], [ -156.68384, 20.9613 ], [ -156.68686, 20.95398 ], [ -156.68842, 20.95227 ], [ -156.69012, 20.95081 ], [ -156.69198, 20.94767 ], [ -156.69204, 20.94304 ], [ -156.6927, 20.93805 ], [ -156.69256, 20.93678 ], [ -156.6926, 20.93389 ], [ -156.69359, 20.93001 ], [ -156.69469, 20.92874 ] ] ] ] } },
{ "type": "Feature", "properties": { "id": 160.0, "Shape_Leng": 256.82409184199997, "Shape_Area": 735.85091426600002 }, "bbox": [ -156.68373, 20.96376, -156.6833, 20.96476 ], "geometry": { "type": "MultiPolygon", "coordinates": [ [ [ [ -156.68373, 20.96376 ], [ -156.68335, 20.96439 ], [ -156.68331, 20.96476 ], [ -156.6833, 20.96436 ], [ -156.68373, 20.96376 ] ] ] ] } },
{ "type": "Feature", "properties": { "id": 161.0, "Shape_Leng": 473.791175791, "Shape_Area": 2220.4920526599999 }, "bbox": [ -156.6827, 20.96592, -156.68125, 20.96729 ], "geometry": { "type": "MultiPolygon", "coordinates": [ [ [ [ -156.6827, 20.96592 ], [ -156.68232, 20.96633 ], [ -156.68137, 20.96692 ], [ -156.68125, 20.96729 ], [ -156.68132, 20.96689 ], [ -156.6827, 20.96592 ] ] ] ] } },
{ "type": "Feature", "properties": { "id": 162.0, "Shape_Leng": 2942.75451853, "Shape_Area": 9888.6689152500003 }, "bbox": [ -156.68118, 20.96801, -156.67558, 20.97916 ], "geometry": { "type": "MultiPolygon", "coordinates": [ [ [ [ -156.68118, 20.96801 ], [ -156.68016, 20.96964 ], [ -156.68008, 20.97149 ], [ -156.67797, 20.97732 ], [ -156.67558, 20.97916 ], [ -156.67793, 20.97728 ], [ -156.68009, 20.96963 ], [ -156.68118, 20.96801 ] ] ] ] } },
{ "type": "Feature", "properties": { "id": 163.0, "Shape_Leng": 379.81324067499997, "Shape_Area": 1113.84526839 }, "bbox": [ -156.67587, 20.97981, -156.67444, 20.98072 ], "geometry": { "type": "MultiPolygon", "coordinates": [ [ [ [ -156.67587, 20.97981 ], [ -156.67558, 20.98005 ], [ -156.67444, 20.98072 ], [ -156.67518, 20.98013 ], [ -156.67587, 20.97981 ] ] ] ] } },
{ "type": "Feature", "properties": { "id": 164.0, "Shape_Leng": 279.28503843700003, "Shape_Area": 727.54416524299995 }, "bbox": [ -156.6737, 20.98136, -156.67329, 20.98245 ], "geometry": { "type": "MultiPolygon", "coordinates": [ [ [ [ -156.6737, 20.98136 ], [ -156.67335, 20.98191 ], [ -156.67329, 20.98245 ], [ -156.6733, 20.9819 ], [ -156.6737, 20.98136 ] ] ] ] } },
{ "type": "Feature", "properties": { "id": 165.0, "Shape_Leng": 655.70198073500001, "Shape_Area": 2880.4672023600001 }, "bbox": [ -156.67284, 20.98391, -156.67193, 20.98632 ], "geometry": { "type": "MultiPolygon", "coordinates": [ [ [ [ -156.67284, 20.98391 ], [ -156.67203, 20.98501 ], [ -156.67229, 20.98546 ], [ -156.67203, 20.98632 ], [ -156.67193, 20.98499 ], [ -156.67284, 20.98391 ] ] ] ] } },
{ "type": "Feature", "properties": { "id": 166.0, "Shape_Leng": 52.3040000003, "Shape_Area": 123.033906675 }, "bbox": [ -156.66972, 20.98813, -156.66953, 20.98828 ], "geometry": { "type": "MultiPolygon", "coordinates": [ [ [ [ -156.66957, 20.98828 ], [ -156.66953, 20.98823 ], [ -156.66969, 20.98813 ], [ -156.66972, 20.98817 ], [ -156.66957, 20.98828 ] ] ] ] } },
{ "type": "Feature", "properties": { "id": 167.0, "Shape_Leng": 56.457345784200001, "Shape_Area": 164.568211641 }, "bbox": [ -156.66939, 20.9904, -156.66921, 20.99059 ], "geometry": { "type": "MultiPolygon", "coordinates": [ [ [ [ -156.66939, 20.99055 ], [ -156.66933, 20.99059 ], [ -156.66921, 20.99045 ], [ -156.66928, 20.9904 ], [ -156.66939, 20.99055 ] ] ] ] } },
{ "type": "Feature", "properties": { "id": 168.0, "Shape_Leng": 99.251275887299997, "Shape_Area": 312.245845519 }, "bbox": [ -156.66835, 20.99113, -156.66804, 20.99141 ], "geometry": { "type": "MultiPolygon", "coordinates": [ [ [ [ -156.66835, 20.99113 ], [ -156.66809, 20.99141 ], [ -156.66804, 20.99136 ], [ -156.66812, 20.99118 ], [ -156.66835, 20.99113 ] ] ] ] } },
{ "type": "Feature", "properties": { "id": 169.0, "Shape_Leng": 758.83442828199998, "Shape_Area": 2680.73937703 }, "bbox": [ -156.6676, 20.99423, -156.66594, 20.99675 ], "geometry": { "type": "MultiPolygon", "coordinates": [ [ [ [ -156.6676, 20.99423 ], [ -156.6665, 20.99503 ], [ -156.66594, 20.99675 ], [ -156.66644, 20.995 ], [ -156.6676, 20.99423 ] ] ] ] } },
{ "type": "Feature", "properties": { "id": 170.0, "Shape_Leng": 54.154100004, "Shape_Area": 141.53712303500001 }, "bbox": [ -156.66743, 20.99792, -156.66735, 20.9981 ], "geometry": { "type": "MultiPolygon", "coordinates": [ [ [ [ -156.66742, 20.9981 ], [ -156.66735, 20.9981 ], [ -156.66736, 20.99792 ], [ -156.66743, 20.99792 ], [ -156.66742, 20.9981 ] ] ] ] } },
{ "type": "Feature", "properties": { "id": 171.0, "Shape_Leng": 495.40759702000003, "Shape_Area": 1727.0839152599999 }, "bbox": [ -156.66688, 20.99873, -156.66624, 21.00057 ], "geometry": { "type": "MultiPolygon", "coordinates": [ [ [ [ -156.66688, 20.99873 ], [ -156.66631, 20.99931 ], [ -156.66638, 21.00057 ], [ -156.66624, 20.99928 ], [ -156.66688, 20.99873 ] ] ] ] } },
{ "type": "Feature", "properties": { "id": 172.0, "Shape_Leng": 51.924709096599997, "Shape_Area": 119.247367471 }, "bbox": [ -156.66672, 21.00108, -156.66658, 21.00126 ], "geometry": { "type": "MultiPolygon", "coordinates": [ [ [ [ -156.66663, 21.00126 ], [ -156.66658, 21.00124 ], [ -156.66667, 21.00108 ], [ -156.66672, 21.00111 ], [ -156.66663, 21.00126 ] ] ] ] } },
{ "type": "Feature", "properties": { "id": 173.0, "Shape_Leng": 94.4565152662, "Shape_Area": 287.75084034899999 }, "bbox": [ -156.66617, 21.0044, -156.66584, 21.0047 ], "geometry": { "type": "MultiPolygon", "coordinates": [ [ [ [ -156.66617, 21.00446 ], [ -156.66588, 21.0047 ], [ -156.66584, 21.00465 ], [ -156.66612, 21.0044 ], [ -156.66617, 21.00446 ] ] ] ] } },
{ "type": "Feature", "properties": { "id": 174.0, "Shape_Leng": 802.77741228499997, "Shape_Area": 2001.3042301099999 }, "bbox": [ -156.66148, 21.00375, -156.65776, 21.00426 ], "geometry": { "type": "MultiPolygon", "coordinates": [ [ [ [ -156.66148, 21.00392 ], [ -156.66, 21.00381 ], [ -156.65776, 21.00426 ], [ -156.65999, 21.00375 ], [ -156.66148, 21.00392 ] ] ] ] } },
{ "type": "Feature", "properties": { "id": 175.0, "Shape_Leng": 1022.23018627, "Shape_Area": 2620.0029099600001 }, "bbox": [ -156.65402, 21.00436, -156.64953, 21.00533 ], "geometry": { "type": "MultiPolygon", "coordinates": [ [ [ [ -156.65402, 21.00477 ], [ -156.65244, 21.0044 ], [ -156.64953, 21.00533 ], [ -156.65243, 21.00436 ], [ -156.65402, 21.00477 ] ] ] ] } },
{ "type": "Feature", "properties": { "id": 176.0, "Shape_Leng": 437.94513114099999, "Shape_Area": 1995.02921661 }, "bbox": [ -156.64322, 21.01093, -156.64145, 21.01144 ], "geometry": { "type": "MultiPolygon", "coordinates": [ [ [ [ -156.64322, 21.01127 ], [ -156.64231, 21.01102 ], [ -156.64145, 21.01144 ], [ -156.64228, 21.01093 ], [ -156.64322, 21.01127 ] ] ] ] } },
{ "type": "Feature", "properties": { "id": 177.0, "Shape_Leng": 244.690586301, "Shape_Area": 790.79829002899999 }, "bbox": [ -156.63869, 21.01289, -156.63776, 21.01335 ], "geometry": { "type": "MultiPolygon", "coordinates": [ [ [ [ -156.63869, 21.01305 ], [ -156.6384, 21.01295 ], [ -156.63776, 21.01335 ], [ -156.63835, 21.01289 ], [ -156.63869, 21.01305 ] ] ] ] } },
{ "type": "Feature", "properties": { "id": 178.0, "Shape_Leng": 3808.2638808500001, "Shape_Area": 10803.978651699999 }, "bbox": [ -156.50764, 20.9271, -156.49481, 20.93737 ], "geometry": { "type": "MultiPolygon", "coordinates": [ [ [ [ -156.50764, 20.93737 ], [ -156.50483, 20.93454 ], [ -156.50425, 20.93444 ], [ -156.5041, 20.9343 ], [ -156.50399, 20.93407 ], [ -156.50357, 20.93407 ], [ -156.49759, 20.93187 ], [ -156.49724, 20.93169 ], [ -156.49694, 20.93146 ], [ -156.49639, 20.9306 ], [ -156.49556, 20.9279 ], [ -156.49481, 20.9271 ], [ -156.4956, 20.92788 ], [ -156.49696, 20.93144 ], [ -156.49761, 20.93185 ], [ -156.50276, 20.93356 ], [ -156.504, 20.93405 ], [ -156.50426, 20.9344 ], [ -156.50485, 20.93448 ], [ -156.50764, 20.93737 ] ] ] ] } },
{ "type": "Feature", "properties": { "id": 179.0, "Shape_Leng": 2028.94505213, "Shape_Area": 7518.1546258899998 }, "bbox": [ -156.49423, 20.91801, -156.49159, 20.92651 ], "geometry": { "type": "MultiPolygon", "coordinates": [ [ [ [ -156.49423, 20.92651 ], [ -156.49321, 20.92466 ], [ -156.49159, 20.91801 ], [ -156.4933, 20.92464 ], [ -156.49423, 20.92651 ] ] ] ] } },
{ "type": "Feature", "properties": { "id": 180.0, "Shape_Leng": 2637.38519163, "Shape_Area": 7003.4907120600001 }, "bbox": [ -156.49184, 20.90989, -156.48521, 20.91762 ], "geometry": { "type": "MultiPolygon", "coordinates": [ [ [ [ -156.49155, 20.91762 ], [ -156.49178, 20.91505 ], [ -156.48968, 20.91143 ], [ -156.48781, 20.91 ], [ -156.48521, 20.91039 ], [ -156.48556, 20.91008 ], [ -156.48765, 20.90989 ], [ -156.48837, 20.91015 ], [ -156.48972, 20.9114 ], [ -156.49184, 20.91503 ], [ -156.49155, 20.91762 ] ] ] ] } },
{ "type": "Feature", "properties": { "id": 181.0, "Shape_Leng": 2976.66478388, "Shape_Area": 8914.0609359400005 }, "bbox": [ -156.48474, 20.8981, -156.48015, 20.90997 ], "geometry": { "type": "MultiPolygon", "coordinates": [ [ [ [ -156.48474, 20.9099 ], [ -156.48456, 20.90997 ], [ -156.48437, 20.9099 ], [ -156.48354, 20.90886 ], [ -156.4812, 20.90432 ], [ -156.48093, 20.90217 ], [ -156.48122, 20.90094 ], [ -156.48015, 20.8981 ], [ -156.48129, 20.90093 ], [ -156.48126, 20.90431 ], [ -156.48474, 20.9099 ] ] ] ] } },
{ "type": "Feature", "properties": { "id": 182.0, "Shape_Leng": 1964.5458175000001, "Shape_Area": 8253.2332986199999 }, "bbox": [ -156.47878, 20.89099, -156.47161, 20.89559 ], "geometry": { "type": "MultiPolygon", "coordinates": [ [ [ [ -156.47878, 20.89559 ], [ -156.47792, 20.89415 ], [ -156.47381, 20.89128 ], [ -156.473, 20.89104 ], [ -156.47173, 20.8915 ], [ -156.47161, 20.8914 ], [ -156.47299, 20.89099 ], [ -156.47386, 20.89111 ], [ -156.47798, 20.89411 ], [ -156.47878, 20.89559 ] ] ] ] } },
{ "type": "Feature", "properties": { "id": 183.0, "Shape_Leng": 789.02517307000005, "Shape_Area": 2385.3035948199999 }, "bbox": [ -156.47035, 20.89163, -156.46759, 20.89388 ], "geometry": { "type": "MultiPolygon", "coordinates": [ [ [ [ -156.47035, 20.89163 ], [ -156.46871, 20.89265 ], [ -156.46759, 20.89388 ], [ -156.46865, 20.8926 ], [ -156.47035, 20.89163 ] ] ] ] } },
{ "type": "Feature", "properties": { "id": 184.0, "Shape_Leng": 1312.93644221, "Shape_Area": 4613.2068074400004 }, "bbox": [ -156.46102, 20.89676, -156.45492, 20.89723 ], "geometry": { "type": "MultiPolygon", "coordinates": [ [ [ [ -156.46102, 20.89698 ], [ -156.45912, 20.89723 ], [ -156.45492, 20.89676 ], [ -156.45893, 20.89716 ], [ -156.46102, 20.89698 ] ] ] ] } },
{ "type": "Feature", "properties": { "id": 185.0, "Shape_Leng": 1455.6387508800001, "Shape_Area": 7232.0843818699996 }, "bbox": [ -156.45341, 20.89633, -156.44712, 20.89803 ], "geometry": { "type": "MultiPolygon", "coordinates": [ [ [ [ -156.45341, 20.89633 ], [ -156.44818, 20.89702 ], [ -156.44712, 20.89803 ], [ -156.44798, 20.89704 ], [ -156.44833, 20.8969 ], [ -156.45341, 20.89633 ] ] ] ] } },
{ "type": "Feature", "properties": { "id": 186.0, "Shape_Leng": 1412.8235986300001, "Shape_Area": 3566.5025373899998 }, "bbox": [ -156.44666, 20.89914, -156.44043, 20.90048 ], "geometry": { "type": "MultiPolygon", "coordinates": [ [ [ [ -156.44666, 20.89917 ], [ -156.44395, 20.8993 ], [ -156.44357, 20.8992 ], [ -156.44043, 20.90048 ], [ -156.44355, 20.89914 ], [ -156.44666, 20.89917 ] ] ] ] } },
{ "type": "Feature", "properties": { "id": 187.0, "Shape_Leng": 482.63626420700001, "Shape_Area": 497.897650704 }, "bbox": [ -156.43753, 20.90264, -156.43552, 20.90331 ], "geometry": { "type": "MultiPolygon", "coordinates": [ [ [ [ -156.43753, 20.90264 ], [ -156.43674, 20.90331 ], [ -156.43552, 20.90327 ], [ -156.43673, 20.90327 ], [ -156.43753, 20.90264 ] ] ] ] } },
{ "type": "Feature", "properties": { "id": 188.0, "Shape_Leng": 3537.2963137500001, "Shape_Area": 16778.361174599999 }, "bbox": [ -156.4331, 20.90402, -156.41929, 20.90991 ], "geometry": { "type": "MultiPolygon", "coordinates": [ [ [ [ -156.4331, 20.90402 ], [ -156.43275, 20.90453 ], [ -156.43156, 20.90513 ], [ -156.43123, 20.90593 ], [ -156.43096, 20.90618 ], [ -156.42824, 20.90819 ], [ -156.42305, 20.90991 ], [ -156.42222, 20.90991 ], [ -156.41929, 20.90806 ], [ -156.42302, 20.9098 ], [ -156.42817, 20.90812 ], [ -156.43093, 20.90615 ], [ -156.43152, 20.90508 ], [ -156.4331, 20.90402 ] ] ] ] } },
{ "type": "Feature", "properties": { "id": 189.0, "Shape_Leng": 1283.71606314, "Shape_Area": 7667.3693244799997 }, "bbox": [ -156.41761, 20.90743, -156.41199, 20.90825 ], "geometry": { "type": "MultiPolygon", "coordinates": [ [ [ [ -156.41761, 20.90775 ], [ -156.41603, 20.90757 ], [ -156.41459, 20.90825 ], [ -156.41199, 20.90785 ], [ -156.41456, 20.9081 ], [ -156.41639, 20.90743 ], [ -156.41761, 20.90775 ] ] ] ] } },
{ "type": "Feature", "properties": { "id": 190.0, "Shape_Leng": 660.77089634200001, "Shape_Area": 2495.3171023800001 }, "bbox": [ -156.4108, 20.90927, -156.40819, 20.91021 ], "geometry": { "type": "MultiPolygon", "coordinates": [ [ [ [ -156.4108, 20.90949 ], [ -156.4104, 20.90952 ], [ -156.4101, 20.90935 ], [ -156.40947, 20.90937 ], [ -156.40819, 20.91021 ], [ -156.40906, 20.9094 ], [ -156.40984, 20.90927 ], [ -156.4108, 20.90949 ] ] ] ] } },
{ "type": "Feature", "properties": { "id": 191.0, "Shape_Leng": 74.476093305600003, "Shape_Area": 301.49105529399998 }, "bbox": [ -156.40742, 20.91066, -156.40715, 20.91079 ], "geometry": { "type": "MultiPolygon", "coordinates": [ [ [ [ -156.40742, 20.91078 ], [ -156.40721, 20.91079 ], [ -156.40715, 20.91066 ], [ -156.40736, 20.91066 ], [ -156.40742, 20.91078 ] ] ] ] } },
{ "type": "Feature", "properties": { "id": 192.0, "Shape_Leng": 614.59364242799995, "Shape_Area": 515.02837753599999 }, "bbox": [ -156.40322, 20.91247, -156.40048, 20.91285 ], "geometry": { "type": "MultiPolygon", "coordinates": [ [ [ [ -156.40322, 20.91249 ], [ -156.40133, 20.91285 ], [ -156.40112, 20.9128 ], [ -156.40066, 20.9125 ], [ -156.40048, 20.91247 ], [ -156.40322, 20.91249 ] ] ] ] } },
{ "type": "Feature", "properties": { "id": 193.0, "Shape_Leng": 2063.2430439599998, "Shape_Area": 8898.2793137900007 }, "bbox": [ -156.40006, 20.91252, -156.39095, 20.91502 ], "geometry": { "type": "MultiPolygon", "coordinates": [ [ [ [ -156.40006, 20.91252 ], [ -156.39518, 20.913 ], [ -156.39298, 20.91426 ], [ -156.39095, 20.91502 ], [ -156.39517, 20.91294 ], [ -156.40006, 20.91252 ] ] ] ] } },
{ "type": "Feature", "properties": { "id": 194.0, "Shape_Leng": 1622.49267704, "Shape_Area": 5796.4797989899998 }, "bbox": [ -156.38941, 20.9151, -156.38233, 20.91679 ], "geometry": { "type": "MultiPolygon", "coordinates": [ [ [ [ -156.38941, 20.9151 ], [ -156.3867, 20.91564 ], [ -156.38445, 20.91559 ], [ -156.38233, 20.91679 ], [ -156.38444, 20.91554 ], [ -156.38941, 20.9151 ] ] ] ] } },
{ "type": "Feature", "properties": { "id": 195.0, "Shape_Leng": 427.86650388700002, "Shape_Area": 2200.4095957499999 }, "bbox": [ -156.37916, 20.91932, -156.37779, 20.92037 ], "geometry": { "type": "MultiPolygon", "coordinates": [ [ [ [ -156.37916, 20.91935 ], [ -156.37852, 20.91941 ], [ -156.37779, 20.92037 ], [ -156.37846, 20.91932 ], [ -156.37916, 20.91935 ] ] ] ] } },
{ "type": "Feature", "properties": { "id": 196.0, "Shape_Leng": 549.29688208100004, "Shape_Area": 2043.82597377 }, "bbox": [ -156.37596, 20.92202, -156.37376, 20.92267 ], "geometry": { "type": "MultiPolygon", "coordinates": [ [ [ [ -156.37596, 20.92255 ], [ -156.37559, 20.92267 ], [ -156.37469, 20.9221 ], [ -156.37376, 20.92231 ], [ -156.37467, 20.92202 ], [ -156.37596, 20.92255 ] ] ] ] } },
{ "type": "Feature", "properties": { "id": 197.0, "Shape_Leng": 96.439689547100002, "Shape_Area": 314.53288112600001 }, "bbox": [ -156.3714, 20.92377, -156.37105, 20.92404 ], "geometry": { "type": "MultiPolygon", "coordinates": [ [ [ [ -156.3714, 20.92383 ], [ -156.3711, 20.92404 ], [ -156.37105, 20.92399 ], [ -156.37135, 20.92377 ], [ -156.3714, 20.92383 ] ] ] ] } },
{ "type": "Feature", "properties": { "id": 198.0, "Shape_Leng": 350.325958824, "Shape_Area": 1833.31076183 }, "bbox": [ -156.37097, 20.92495, -156.36968, 20.92583 ], "geometry": { "type": "MultiPolygon", "coordinates": [ [ [ [ -156.37097, 20.92503 ], [ -156.37056, 20.92541 ], [ -156.36968, 20.92583 ], [ -156.3709, 20.92495 ], [ -156.37097, 20.92503 ] ] ] ] } },
{ "type": "Feature", "properties": { "id": 199.0, "Shape_Leng": 450.66502435400002, "Shape_Area": 1469.22954054 }, "bbox": [ -156.37024, 20.92832, -156.36873, 20.92953 ], "geometry": { "type": "MultiPolygon", "coordinates": [ [ [ [ -156.37024, 20.92832 ], [ -156.37013, 20.92869 ], [ -156.36873, 20.92953 ], [ -156.37009, 20.92865 ], [ -156.37024, 20.92832 ] ] ] ] } },
{ "type": "Feature", "properties": { "id": 200.0, "Shape_Leng": 139.337401148, "Shape_Area": 418.69677929800002 }, "bbox": [ -156.36788, 20.92923, -156.36728, 20.92936 ], "geometry": { "type": "MultiPolygon", "coordinates": [ [ [ [ -156.36788, 20.92936 ], [ -156.36729, 20.92933 ], [ -156.36728, 20.92928 ], [ -156.36747, 20.92923 ], [ -156.36788, 20.92936 ] ] ] ] } },
{ "type": "Feature", "properties": { "id": 201.0, "Shape_Leng": 454.18027090200002, "Shape_Area": 1211.3923988900001 }, "bbox": [ -156.36438, 20.9307, -156.36241, 20.93145 ], "geometry": { "type": "MultiPolygon", "coordinates": [ [ [ [ -156.36438, 20.9307 ], [ -156.36317, 20.93126 ], [ -156.36241, 20.93145 ], [ -156.36416, 20.9307 ], [ -156.36438, 20.9307 ] ] ] ] } },
{ "type": "Feature", "properties": { "id": 202.0, "Shape_Leng": 834.75366420700004, "Shape_Area": 1440.9360002799999 }, "bbox": [ -156.3594, 20.93322, -156.35574, 20.93434 ], "geometry": { "type": "MultiPolygon", "coordinates": [ [ [ [ -156.3594, 20.93322 ], [ -156.35746, 20.93339 ], [ -156.3571, 20.93352 ], [ -156.35609, 20.93418 ], [ -156.35574, 20.93434 ], [ -156.35709, 20.9335 ], [ -156.35744, 20.93334 ], [ -156.3594, 20.93322 ] ] ] ] } },
{ "type": "Feature", "properties": { "id": 203.0, "Shape_Leng": 22939.352592, "Shape_Area": 63842.872997300001 }, "bbox": [ -158.23445, 21.57837, -158.1297, 21.58399 ], "geometry": { "type": "MultiPolygon", "coordinates": [ [ [ [ -158.23445, 21.57964 ], [ -158.23348, 21.57969 ], [ -158.22869, 21.57866 ], [ -158.22732, 21.57915 ], [ -158.22403, 21.57931 ], [ -158.21864, 21.5785 ], [ -158.21708, 21.57895 ], [ -158.21537, 21.57924 ], [ -158.21406, 21.58024 ], [ -158.20752, 21.58185 ], [ -158.20496, 21.58176 ], [ -158.20358, 21.58149 ], [ -158.20281, 21.58154 ], [ -158.20104, 21.58251 ], [ -158.20046, 21.58256 ], [ -158.1964, 21.58177 ], [ -158.19525, 21.58132 ], [ -158.19196, 21.58243 ], [ -158.1908, 21.58261 ], [ -158.18771, 21.58239 ], [ -158.18512, 21.58133 ], [ -158.18384, 21.58154 ], [ -158.18326, 21.58146 ], [ -158.18218, 21.58107 ], [ -158.1814, 21.58037 ], [ -158.17959, 21.58008 ], [ -158.17765, 21.58018 ], [ -158.17478, 21.58125 ], [ -158.17381, 21.58149 ], [ -158.17342, 21.58148 ], [ -158.1679, 21.57879 ], [ -158.16718, 21.57889 ], [ -158.16649, 21.57923 ], [ -158.16536, 21.57951 ], [ -158.1642, 21.58021 ], [ -158.16349, 21.58049 ], [ -158.1631, 21.58057 ], [ -158.16272, 21.58056 ], [ -158.16214, 21.58044 ], [ -158.16059, 21.57988 ], [ -158.15866, 21.57967 ], [ -158.15692, 21.58005 ], [ -158.15596, 21.58056 ], [ -158.15538, 21.58071 ], [ -158.15383, 21.58066 ], [ -158.15287, 21.58042 ], [ -158.15197, 21.58045 ], [ -158.14384, 21.58279 ], [ -158.14308, 21.58293 ], [ -158.1415, 21.58299 ], [ -158.13913, 21.58379 ], [ -158.13794, 21.58399 ], [ -158.13563, 21.58381 ], [ -158.13228, 21.58237 ], [ -158.13073, 21.58234 ], [ -158.1297, 21.58217 ], [ -158.13229, 21.58232 ], [ -158.13563, 21.58375 ], [ -158.13795, 21.58392 ], [ -158.14149, 21.58297 ], [ -158.14383, 21.58275 ], [ -158.15196, 21.58041 ], [ -158.15286, 21.58037 ], [ -158.15538, 21.58067 ], [ -158.15692, 21.58001 ], [ -158.15866, 21.57961 ], [ -158.16059, 21.57983 ], [ -158.1633, 21.58052 ], [ -158.16534, 21.57948 ], [ -158.16716, 21.57886 ], [ -158.1679, 21.57875 ], [ -158.17342, 21.58144 ], [ -158.17763, 21.58012 ], [ -158.1796, 21.58 ], [ -158.18179, 21.58041 ], [ -158.18328, 21.58141 ], [ -158.18514, 21.58128 ], [ -158.18771, 21.58234 ], [ -158.1908, 21.58255 ], [ -158.19525, 21.58128 ], [ -158.20046, 21.58252 ], [ -158.20281, 21.58148 ], [ -158.20358, 21.58144 ], [ -158.20751, 21.58181 ], [ -158.21404, 21.58018 ], [ -158.21482, 21.57943 ], [ -158.21572, 21.57907 ], [ -158.21814, 21.57847 ], [ -158.21942, 21.57837 ], [ -158.22403, 21.57921 ], [ -158.22888, 21.5786 ], [ -158.23445, 21.57964 ] ] ] ] } },
{ "type": "Feature", "properties": { "id": 204.0, "Shape_Leng": 936.54302995099999, "Shape_Area": 1775.3508064600001 }, "bbox": [ -158.12658, 21.58264, -158.12243, 21.58372 ], "geometry": { "type": "MultiPolygon", "coordinates": [ [ [ [ -158.12658, 21.58264 ], [ -158.12351, 21.58296 ], [ -158.12243, 21.58372 ], [ -158.12348, 21.58293 ], [ -158.12658, 21.58264 ] ] ] ] } },
{ "type": "Feature", "properties": { "id": 205.0, "Shape_Leng": 696.12657853200005, "Shape_Area": 1943.61836384 }, "bbox": [ -158.11879, 21.58209, -158.11622, 21.58399 ], "geometry": { "type": "MultiPolygon", "coordinates": [ [ [ [ -158.11879, 21.58209 ], [ -158.1178, 21.58265 ], [ -158.11622, 21.58399 ], [ -158.11777, 21.58261 ], [ -158.11879, 21.58209 ] ] ] ] } },
{ "type": "Feature", "properties": { "id": 206.0, "Shape_Leng": 2070.2325814400001, "Shape_Area": 2515.9581423700001 }, "bbox": [ -158.11709, 21.58876, -158.10941, 21.59281 ], "geometry": { "type": "MultiPolygon", "coordinates": [ [ [ [ -158.11709, 21.58893 ], [ -158.11535, 21.58913 ], [ -158.11477, 21.58912 ], [ -158.11458, 21.58909 ], [ -158.11399, 21.58886 ], [ -158.11361, 21.58883 ], [ -158.11341, 21.58877 ], [ -158.11264, 21.58896 ], [ -158.11172, 21.5897 ], [ -158.11119, 21.59001 ], [ -158.11077, 21.5904 ], [ -158.11066, 21.59077 ], [ -158.11006, 21.59193 ], [ -158.10976, 21.59239 ], [ -158.10941, 21.59281 ], [ -158.11075, 21.59039 ], [ -158.11117, 21.59 ], [ -158.11264, 21.58894 ], [ -158.11322, 21.58876 ], [ -158.11709, 21.58893 ] ] ] ] } },
{ "type": "Feature", "properties": { "id": 207.0, "Shape_Leng": 213.81564070799999, "Shape_Area": 400.450989499 }, "bbox": [ -158.10871, 21.5937, -158.10781, 21.59408 ], "geometry": { "type": "MultiPolygon", "coordinates": [ [ [ [ -158.10871, 21.5937 ], [ -158.10831, 21.59381 ], [ -158.10781, 21.59408 ], [ -158.10829, 21.59378 ], [ -158.10871, 21.5937 ] ] ] ] } },
{ "type": "Feature", "properties": { "id": 208.0, "Shape_Leng": 98.516323184599997, "Shape_Area": 243.59953013000001 }, "bbox": [ -158.10717, 21.59446, -158.10682, 21.59463 ], "geometry": { "type": "MultiPolygon", "coordinates": [ [ [ [ -158.10717, 21.59448 ], [ -158.10695, 21.59451 ], [ -158.10682, 21.59463 ], [ -158.10692, 21.59446 ], [ -158.10717, 21.59448 ] ] ] ] } },
{ "type": "Feature", "properties": { "id": 209.0, "Shape_Leng": 968.34415923699999, "Shape_Area": 5932.3180039099998 }, "bbox": [ -158.10394, 21.59626, -158.10315, 21.60042 ], "geometry": { "type": "MultiPolygon", "coordinates": [ [ [ [ -158.10317, 21.59626 ], [ -158.10394, 21.60039 ], [ -158.10379, 21.60042 ], [ -158.10315, 21.59774 ], [ -158.10317, 21.59626 ] ] ] ] } },
{ "type": "Feature", "properties": { "id": 210.0, "Shape_Leng": 172.40080115800001, "Shape_Area": 364.11530166699998 }, "bbox": [ -158.10473, 21.60104, -158.10454, 21.60174 ], "geometry": { "type": "MultiPolygon", "coordinates": [ [ [ [ -158.10456, 21.60104 ], [ -158.10458, 21.6014 ], [ -158.10473, 21.60174 ], [ -158.10454, 21.60141 ], [ -158.10456, 21.60104 ] ] ] ] } },
{ "type": "Feature", "properties": { "id": 211.0, "Shape_Leng": 2476.5174102800001, "Shape_Area": 5988.6360182199996 }, "bbox": [ -158.09491, 21.61271, -158.08529, 21.61876 ], "geometry": { "type": "MultiPolygon", "coordinates": [ [ [ [ -158.09491, 21.61271 ], [ -158.09458, 21.61323 ], [ -158.09442, 21.61334 ], [ -158.09008, 21.61502 ], [ -158.08819, 21.61662 ], [ -158.08652, 21.61754 ], [ -158.08529, 21.61876 ], [ -158.0862, 21.61774 ], [ -158.09006, 21.61498 ], [ -158.09491, 21.61271 ] ] ] ] } },
{ "type": "Feature", "properties": { "id": 212.0, "Shape_Leng": 2141.68212584, "Shape_Area": 4143.9605211500002 }, "bbox": [ -158.08198, 21.62154, -158.07448, 21.62744 ], "geometry": { "type": "MultiPolygon", "coordinates": [ [ [ [ -158.08198, 21.62154 ], [ -158.08147, 21.62251 ], [ -158.08083, 21.62355 ], [ -158.08019, 21.62382 ], [ -158.07889, 21.62416 ], [ -158.07715, 21.62498 ], [ -158.07532, 21.62701 ], [ -158.07448, 21.62744 ], [ -158.07712, 21.62495 ], [ -158.07888, 21.62414 ], [ -158.0808, 21.62353 ], [ -158.08198, 21.62154 ] ] ] ] } },
{ "type": "Feature", "properties": { "id": 213.0, "Shape_Leng": 713.49855526299996, "Shape_Area": 1879.7217127599999 }, "bbox": [ -158.07354, 21.62888, -158.07154, 21.63141 ], "geometry": { "type": "MultiPolygon", "coordinates": [ [ [ [ -158.07354, 21.62888 ], [ -158.073, 21.62963 ], [ -158.07229, 21.63035 ], [ -158.07191, 21.631 ], [ -158.07154, 21.63141 ], [ -158.07224, 21.63032 ], [ -158.07354, 21.62888 ] ] ] ] } },
{ "type": "Feature", "properties": { "id": 214.0, "Shape_Leng": 1175.0093967, "Shape_Area": 1379.35064889 }, "bbox": [ -158.0654, 21.63819, -158.06243, 21.642 ], "geometry": { "type": "MultiPolygon", "coordinates": [ [ [ [ -158.0654, 21.63819 ], [ -158.06317, 21.63947 ], [ -158.06318, 21.63968 ], [ -158.06293, 21.64017 ], [ -158.0626, 21.64062 ], [ -158.06254, 21.64185 ], [ -158.06243, 21.642 ], [ -158.06259, 21.64062 ], [ -158.06316, 21.63946 ], [ -158.0654, 21.63819 ] ] ] ] } },
{ "type": "Feature", "properties": { "id": 215.0, "Shape_Leng": 172.054791545, "Shape_Area": 530.82019925099996 }, "bbox": [ -158.06383, 21.64542, -158.06338, 21.64603 ], "geometry": { "type": "MultiPolygon", "coordinates": [ [ [ [ -158.06383, 21.64545 ], [ -158.06355, 21.64592 ], [ -158.06338, 21.64603 ], [ -158.06378, 21.64542 ], [ -158.06383, 21.64545 ] ] ] ] } },
{ "type": "Feature", "properties": { "id": 216.0, "Shape_Leng": 12310.124828399999, "Shape_Area": 35809.9081229 }, "bbox": [ -158.06086, 21.65506, -158.02164, 21.69162 ], "geometry": { "type": "MultiPolygon", "coordinates": [ [ [ [ -158.06086, 21.65506 ], [ -158.05708, 21.65966 ], [ -158.0559, 21.66061 ], [ -158.05535, 21.66088 ], [ -158.05483, 21.66092 ], [ -158.05479, 21.66138 ], [ -158.05467, 21.66153 ], [ -158.05171, 21.66457 ], [ -158.04849, 21.66717 ], [ -158.04645, 21.67019 ], [ -158.0451, 21.67089 ], [ -158.04409, 21.67178 ], [ -158.0426, 21.67262 ], [ -158.04206, 21.67283 ], [ -158.04172, 21.67267 ], [ -158.04144, 21.6732 ], [ -158.04007, 21.67424 ], [ -158.03976, 21.67518 ], [ -158.03904, 21.6766 ], [ -158.03899, 21.67885 ], [ -158.03855, 21.67965 ], [ -158.03785, 21.68053 ], [ -158.03752, 21.68079 ], [ -158.03654, 21.68104 ], [ -158.03577, 21.68112 ], [ -158.03429, 21.68112 ], [ -158.0329, 21.68174 ], [ -158.03165, 21.68354 ], [ -158.03125, 21.68397 ], [ -158.03105, 21.68408 ], [ -158.03113, 21.68451 ], [ -158.03093, 21.68542 ], [ -158.03064, 21.68609 ], [ -158.03001, 21.68689 ], [ -158.02754, 21.68804 ], [ -158.02467, 21.68911 ], [ -158.02389, 21.68965 ], [ -158.02256, 21.69096 ], [ -158.02164, 21.69162 ], [ -158.02342, 21.68997 ], [ -158.02464, 21.68908 ], [ -158.02998, 21.68686 ], [ -158.03101, 21.68406 ], [ -158.03288, 21.68171 ], [ -158.03428, 21.6811 ], [ -158.0378, 21.6805 ], [ -158.03893, 21.67883 ], [ -158.03901, 21.67659 ], [ -158.04002, 21.67421 ], [ -158.04169, 21.67262 ], [ -158.04643, 21.67016 ], [ -158.04844, 21.66712 ], [ -158.05479, 21.66089 ], [ -158.05702, 21.65961 ], [ -158.06086, 21.65506 ] ] ] ] } },
{ "type": "Feature", "properties": { "id": 217.0, "Shape_Leng": 296.22739529799998, "Shape_Area": 757.12429554799996 }, "bbox": [ -158.0209, 21.69256, -158.01962, 21.69298 ], "geometry": { "type": "MultiPolygon", "coordinates": [ [ [ [ -158.0209, 21.69256 ], [ -158.02014, 21.69274 ], [ -158.01962, 21.69298 ], [ -158.02011, 21.6927 ], [ -158.0209, 21.69256 ] ] ] ] } },
{ "type": "Feature", "properties": { "id": 218.0, "Shape_Leng": 717.119952173, "Shape_Area": 1726.17023176 }, "bbox": [ -158.01586, 21.69612, -158.01336, 21.69815 ], "geometry": { "type": "MultiPolygon", "coordinates": [ [ [ [ -158.01586, 21.69612 ], [ -158.01535, 21.69688 ], [ -158.01504, 21.69721 ], [ -158.01387, 21.69807 ], [ -158.01336, 21.69815 ], [ -158.01586, 21.69612 ] ] ] ] } },
{ "type": "Feature", "properties": { "id": 219.0, "Shape_Leng": 1577.0709475599999, "Shape_Area": 2990.7604111400001 }, "bbox": [ -158.01333, 21.69576, -158.00808, 21.69901 ], "geometry": { "type": "MultiPolygon", "coordinates": [ [ [ [ -158.01333, 21.69656 ], [ -158.01215, 21.69579 ], [ -158.01006, 21.69614 ], [ -158.00828, 21.69779 ], [ -158.00808, 21.69901 ], [ -158.00825, 21.69777 ], [ -158.01004, 21.69612 ], [ -158.01217, 21.69576 ], [ -158.01333, 21.69656 ] ] ] ] } },
{ "type": "Feature", "properties": { "id": 220.0, "Shape_Leng": 683.47604025500004, "Shape_Area": 1429.80419115 }, "bbox": [ -158.00872, 21.69997, -158.00555, 21.70025 ], "geometry": { "type": "MultiPolygon", "coordinates": [ [ [ [ -158.00872, 21.69999 ], [ -158.00667, 21.70025 ], [ -158.00555, 21.69997 ], [ -158.00668, 21.70022 ], [ -158.00872, 21.69999 ] ] ] ] } },
{ "type": "Feature", "properties": { "id": 221.0, "Shape_Leng": 335.79389011699999, "Shape_Area": 983.11070701899996 }, "bbox": [ -158.00358, 21.69924, -158.00205, 21.69951 ], "geometry": { "type": "MultiPolygon", "coordinates": [ [ [ [ -158.00358, 21.69928 ], [ -158.0028, 21.6993 ], [ -158.00205, 21.69951 ], [ -158.00279, 21.69924 ], [ -158.00358, 21.69928 ] ] ] ] } },
{ "type": "Feature", "properties": { "id": 222.0, "Shape_Leng": 336.64836864799997, "Shape_Area": 766.38149137699997 }, "bbox": [ -157.99792, 21.70503, -157.99653, 21.70541 ], "geometry": { "type": "MultiPolygon", "coordinates": [ [ [ [ -157.99792, 21.70518 ], [ -157.99697, 21.70507 ], [ -157.99653, 21.70541 ], [ -157.99694, 21.70503 ], [ -157.99792, 21.70518 ] ] ] ] } },
{ "type": "Feature", "properties": { "id": 223.0, "Shape_Leng": 727.69028598299997, "Shape_Area": 2710.17154562 }, "bbox": [ -157.99354, 21.70434, -157.99028, 21.70515 ], "geometry": { "type": "MultiPolygon", "coordinates": [ [ [ [ -157.99354, 21.70515 ], [ -157.99314, 21.7051 ], [ -157.99144, 21.70442 ], [ -157.99028, 21.70441 ], [ -157.99145, 21.70434 ], [ -157.99354, 21.70515 ] ] ] ] } },
{ "type": "Feature", "properties": { "id": 224.0, "Shape_Leng": 704.22514308200005, "Shape_Area": 1569.0438082200001 }, "bbox": [ -157.98028, 21.70891, -157.977, 21.70937 ], "geometry": { "type": "MultiPolygon", "coordinates": [ [ [ [ -157.98028, 21.70937 ], [ -157.97841, 21.70893 ], [ -157.977, 21.70905 ], [ -157.97841, 21.70891 ], [ -157.98028, 21.70937 ] ] ] ] } },
{ "type": "Feature", "properties": { "id": 225.0, "Shape_Leng": 46.322337864700003, "Shape_Area": 62.658911999499999 }, "bbox": [ -157.96615, 21.70789, -157.96603, 21.70806 ], "geometry": { "type": "MultiPolygon", "coordinates": [ [ [ [ -157.96613, 21.70806 ], [ -157.96603, 21.7079 ], [ -157.96605, 21.70789 ], [ -157.96615, 21.70804 ], [ -157.96613, 21.70806 ] ] ] ] } },
{ "type": "Feature", "properties": { "id": 226.0, "Shape_Leng": 86.852499405200007, "Shape_Area": 139.17970207400001 }, "bbox": [ -157.96535, 21.70681, -157.96499, 21.70701 ], "geometry": { "type": "MultiPolygon", "coordinates": [ [ [ [ -157.96533, 21.70701 ], [ -157.96499, 21.70683 ], [ -157.96501, 21.70681 ], [ -157.96535, 21.70698 ], [ -157.96533, 21.70701 ] ] ] ] } },
{ "type": "Feature", "properties": { "id": 227.0, "Shape_Leng": 168.298372747, "Shape_Area": 295.08788570299998 }, "bbox": [ -157.96392, 21.70391, -157.96349, 21.70453 ], "geometry": { "type": "MultiPolygon", "coordinates": [ [ [ [ -157.96392, 21.70453 ], [ -157.96349, 21.70393 ], [ -157.96352, 21.70391 ], [ -157.96377, 21.70418 ], [ -157.96392, 21.70453 ] ] ] ] } },
{ "type": "Feature", "properties": { "id": 228.0, "Shape_Leng": 90.901983798299995, "Shape_Area": 200.90355979 }, "bbox": [ -157.95805, 21.70017, -157.95788, 21.70051 ], "geometry": { "type": "MultiPolygon", "coordinates": [ [ [ [ -157.95805, 21.70051 ], [ -157.95788, 21.70019 ], [ -157.95792, 21.70017 ], [ -157.95804, 21.7003 ], [ -157.95805, 21.70051 ] ] ] ] } },
{ "type": "Feature", "properties": { "id": 229.0, "Shape_Leng": 411.46516199799999, "Shape_Area": 813.88633177300005 }, "bbox": [ -157.94926, 21.68934, -157.94821, 21.69085 ], "geometry": { "type": "MultiPolygon", "coordinates": [ [ [ [ -157.94926, 21.69085 ], [ -157.94895, 21.69019 ], [ -157.94821, 21.68934 ], [ -157.94899, 21.69017 ], [ -157.94926, 21.69085 ] ] ] ] } },
{ "type": "Feature", "properties": { "id": 230.0, "Shape_Leng": 1465.2257674699999, "Shape_Area": 1126.69575657 }, "bbox": [ -157.94541, 21.67941, -157.94183, 21.68497 ], "geometry": { "type": "MultiPolygon", "coordinates": [ [ [ [ -157.94541, 21.68497 ], [ -157.9423, 21.68061 ], [ -157.94206, 21.68011 ], [ -157.94183, 21.67941 ], [ -157.94541, 21.68497 ] ] ] ] } },
{ "type": "Feature", "properties": { "id": 231.0, "Shape_Leng": 4940.2532907000004, "Shape_Area": 7499.6082242499997 }, "bbox": [ -157.93719, 21.65573, -157.9273, 21.67235 ], "geometry": { "type": "MultiPolygon", "coordinates": [ [ [ [ -157.93643, 21.67235 ], [ -157.93714, 21.66912 ], [ -157.93545, 21.66502 ], [ -157.93222, 21.66249 ], [ -157.92959, 21.66186 ], [ -157.92873, 21.66142 ], [ -157.92773, 21.66136 ], [ -157.92749, 21.66125 ], [ -157.9273, 21.66101 ], [ -157.92748, 21.65921 ], [ -157.92767, 21.65794 ], [ -157.92868, 21.65573 ], [ -157.92734, 21.66101 ], [ -157.92774, 21.66132 ], [ -157.92875, 21.66138 ], [ -157.93223, 21.66247 ], [ -157.93547, 21.66501 ], [ -157.93719, 21.66912 ], [ -157.93643, 21.67235 ] ] ] ] } },
{ "type": "Feature", "properties": { "id": 232.0, "Shape_Leng": 1571.6199424399999, "Shape_Area": 1326.5292699500001 }, "bbox": [ -157.92852, 21.64976, -157.92323, 21.65433 ], "geometry": { "type": "MultiPolygon", "coordinates": [ [ [ [ -157.92852, 21.65433 ], [ -157.92802, 21.65322 ], [ -157.92788, 21.65268 ], [ -157.92453, 21.65092 ], [ -157.92354, 21.65023 ], [ -157.92323, 21.64976 ], [ -157.92789, 21.65267 ], [ -157.92852, 21.65433 ] ] ] ] } },
{ "type": "Feature", "properties": { "id": 233.0, "Shape_Leng": 260.44679261800002, "Shape_Area": 454.16083851500002 }, "bbox": [ -157.92388, 21.66231, -157.92322, 21.6632 ], "geometry": { "type": "MultiPolygon", "coordinates": [ [ [ [ -157.92388, 21.66231 ], [ -157.92342, 21.66269 ], [ -157.92322, 21.6632 ], [ -157.92339, 21.66268 ], [ -157.92388, 21.66231 ] ] ] ] } },
{ "type": "Feature", "properties": { "id": 234.0, "Shape_Leng": 4115.6649180100003, "Shape_Area": 10947.902766200001 }, "bbox": [ -157.92126, 21.63037, -157.91772, 21.64739 ], "geometry": { "type": "MultiPolygon", "coordinates": [ [ [ [ -157.91772, 21.64739 ], [ -157.91907, 21.64384 ], [ -157.9184, 21.64055 ], [ -157.91827, 21.63927 ], [ -157.91836, 21.63874 ], [ -157.9191, 21.63679 ], [ -157.91863, 21.63549 ], [ -157.91867, 21.63459 ], [ -157.91893, 21.63407 ], [ -157.92067, 21.6324 ], [ -157.92126, 21.63037 ], [ -157.9207, 21.63241 ], [ -157.91874, 21.63459 ], [ -157.91922, 21.63679 ], [ -157.91832, 21.63928 ], [ -157.91911, 21.64385 ], [ -157.91772, 21.64739 ] ] ] ] } },
{ "type": "Feature", "properties": { "id": 235.0, "Shape_Leng": 242.54673452599999, "Shape_Area": 132.929511706 }, "bbox": [ -157.92136, 21.62773, -157.92115, 21.62877 ], "geometry": { "type": "MultiPolygon", "coordinates": [ [ [ [ -157.92115, 21.62877 ], [ -157.92126, 21.62842 ], [ -157.92136, 21.62825 ], [ -157.9213, 21.62773 ], [ -157.92115, 21.62877 ] ] ] ] } },
{ "type": "Feature", "properties": { "id": 236.0, "Shape_Leng": 8436.5329328600001, "Shape_Area": 19195.3003369 }, "bbox": [ -157.91991, 21.59859, -157.89686, 21.6253 ], "geometry": { "type": "MultiPolygon", "coordinates": [ [ [ [ -157.91991, 21.6253 ], [ -157.91833, 21.62461 ], [ -157.91266, 21.61993 ], [ -157.91244, 21.61933 ], [ -157.91295, 21.6145 ], [ -157.91121, 21.61275 ], [ -157.90965, 21.61068 ], [ -157.90936, 21.6101 ], [ -157.90933, 21.60956 ], [ -157.90893, 21.609 ], [ -157.90878, 21.60845 ], [ -157.90743, 21.60748 ], [ -157.90543, 21.60723 ], [ -157.90169, 21.60543 ], [ -157.89872, 21.60312 ], [ -157.89803, 21.60249 ], [ -157.89785, 21.60209 ], [ -157.89686, 21.59859 ], [ -157.8982, 21.60258 ], [ -157.89977, 21.60391 ], [ -157.90177, 21.60543 ], [ -157.90745, 21.60745 ], [ -157.90881, 21.60843 ], [ -157.90936, 21.60955 ], [ -157.90969, 21.61066 ], [ -157.91299, 21.61449 ], [ -157.91273, 21.61991 ], [ -157.91991, 21.6253 ] ] ] ] } },
{ "type": "Feature", "properties": { "id": 237.0, "Shape_Leng": 4740.1085566000002, "Shape_Area": 7811.2783812199996 }, "bbox": [ -157.8962, 21.57967, -157.88522, 21.59727 ], "geometry": { "type": "MultiPolygon", "coordinates": [ [ [ [ -157.8962, 21.59727 ], [ -157.89467, 21.59396 ], [ -157.89209, 21.59248 ], [ -157.89006, 21.59081 ], [ -157.88953, 21.59028 ], [ -157.88896, 21.58954 ], [ -157.88851, 21.58864 ], [ -157.88824, 21.58777 ], [ -157.88772, 21.5868 ], [ -157.88734, 21.58557 ], [ -157.88643, 21.58131 ], [ -157.88522, 21.57967 ], [ -157.88645, 21.5813 ], [ -157.88899, 21.58951 ], [ -157.8947, 21.59394 ], [ -157.8962, 21.59727 ] ] ] ] } },
{ "type": "Feature", "properties": { "id": 238.0, "Shape_Leng": 3969.7913722399999, "Shape_Area": 11981.112331 }, "bbox": [ -157.88366, 21.56497, -157.87484, 21.57812 ], "geometry": { "type": "MultiPolygon", "coordinates": [ [ [ [ -157.88366, 21.57812 ], [ -157.87727, 21.57513 ], [ -157.87613, 21.57406 ], [ -157.87504, 21.57279 ], [ -157.8749, 21.57237 ], [ -157.87484, 21.56803 ], [ -157.87504, 21.56497 ], [ -157.87509, 21.57276 ], [ -157.87746, 21.57518 ], [ -157.88366, 21.57812 ] ] ] ] } },
{ "type": "Feature", "properties": { "id": 239.0, "Shape_Leng": 233.60034732599999, "Shape_Area": 97.573565491899998 }, "bbox": [ -157.87642, 21.55724, -157.8759, 21.55816 ], "geometry": { "type": "MultiPolygon", "coordinates": [ [ [ [ -157.87642, 21.55816 ], [ -157.87621, 21.55763 ], [ -157.8759, 21.55724 ], [ -157.87622, 21.55762 ], [ -157.87642, 21.55816 ] ] ] ] } },
{ "type": "Feature", "properties": { "id": 240.0, "Shape_Leng": 731.04276413100001, "Shape_Area": 1276.72569527 }, "bbox": [ -157.87323, 21.55571, -157.8698, 21.55601 ], "geometry": { "type": "MultiPolygon", "coordinates": [ [ [ [ -157.87323, 21.55596 ], [ -157.87151, 21.55574 ], [ -157.8698, 21.55601 ], [ -157.8715, 21.55571 ], [ -157.87323, 21.55596 ] ] ] ] } },
{ "type": "Feature", "properties": { "id": 241.0, "Shape_Leng": 1781.6815853400001, "Shape_Area": 4042.5948587799999 }, "bbox": [ -157.86412, 21.55743, -157.8562, 21.56032 ], "geometry": { "type": "MultiPolygon", "coordinates": [ [ [ [ -157.86412, 21.56032 ], [ -157.86302, 21.55998 ], [ -157.86143, 21.5593 ], [ -157.86026, 21.55864 ], [ -157.85746, 21.55789 ], [ -157.8562, 21.55743 ], [ -157.86027, 21.5586 ], [ -157.86412, 21.56032 ] ] ] ] } },
{ "type": "Feature", "properties": { "id": 242.0, "Shape_Leng": 6373.6629007700003, "Shape_Area": 16897.402981300002 }, "bbox": [ -157.8547, 21.53494, -157.83884, 21.55776 ], "geometry": { "type": "MultiPolygon", "coordinates": [ [ [ [ -157.8547, 21.55776 ], [ -157.8527, 21.55676 ], [ -157.85131, 21.55556 ], [ -157.8468, 21.55011 ], [ -157.84663, 21.5497 ], [ -157.84637, 21.54846 ], [ -157.84652, 21.54618 ], [ -157.84462, 21.54358 ], [ -157.84243, 21.54239 ], [ -157.84223, 21.5422 ], [ -157.84185, 21.54148 ], [ -157.84011, 21.5363 ], [ -157.83884, 21.53494 ], [ -157.84013, 21.53628 ], [ -157.84214, 21.54196 ], [ -157.84466, 21.54355 ], [ -157.84656, 21.54618 ], [ -157.84684, 21.55008 ], [ -157.85136, 21.55552 ], [ -157.8547, 21.55776 ] ] ] ] } },
{ "type": "Feature", "properties": { "id": 243.0, "Shape_Leng": 320.11014638299997, "Shape_Area": 447.553647485 }, "bbox": [ -157.83741, 21.53138, -157.83639, 21.53241 ], "geometry": { "type": "MultiPolygon", "coordinates": [ [ [ [ -157.83741, 21.53241 ], [ -157.83657, 21.5317 ], [ -157.83639, 21.53138 ], [ -157.83659, 21.53169 ], [ -157.83741, 21.53241 ] ] ] ] } },
{ "type": "Feature", "properties": { "id": 244.0, "Shape_Leng": 1081.2078963900001, "Shape_Area": 1068.8009835600001 }, "bbox": [ -157.83637, 21.52641, -157.83441, 21.53087 ], "geometry": { "type": "MultiPolygon", "coordinates": [ [ [ [ -157.83637, 21.53087 ], [ -157.83561, 21.52961 ], [ -157.83481, 21.52798 ], [ -157.83463, 21.52746 ], [ -157.83441, 21.52641 ], [ -157.83637, 21.53087 ] ] ] ] } },
{ "type": "Feature", "properties": { "id": 245.0, "Shape_Leng": 764.56192915700001, "Shape_Area": 917.64373022999996 }, "bbox": [ -157.8348, 21.5227, -157.83469, 21.52612 ], "geometry": { "type": "MultiPolygon", "coordinates": [ [ [ [ -157.8347, 21.52612 ], [ -157.83469, 21.52576 ], [ -157.83475, 21.52522 ], [ -157.83473, 21.52467 ], [ -157.8348, 21.5227 ], [ -157.83478, 21.52522 ], [ -157.8347, 21.52612 ] ] ] ] } },
{ "type": "Feature", "properties": { "id": 246.0, "Shape_Leng": 975.73961035299999, "Shape_Area": 2645.31148798 }, "bbox": [ -157.83545, 21.51813, -157.83517, 21.52245 ], "geometry": { "type": "MultiPolygon", "coordinates": [ [ [ [ -157.83517, 21.52245 ], [ -157.83543, 21.52048 ], [ -157.83537, 21.51993 ], [ -157.83545, 21.51813 ], [ -157.83517, 21.52245 ] ] ] ] } },
{ "type": "Feature", "properties": { "id": 247.0, "Shape_Leng": 2589.28607921, "Shape_Area": 21236.0187711 }, "bbox": [ -157.83926, 21.50853, -157.83548, 21.51759 ], "geometry": { "type": "MultiPolygon", "coordinates": [ [ [ [ -157.83619, 21.51759 ], [ -157.83548, 21.50982 ], [ -157.83731, 21.50896 ], [ -157.83879, 21.50854 ], [ -157.83926, 21.50853 ], [ -157.83573, 21.50989 ], [ -157.83619, 21.51759 ] ] ] ] } },
{ "type": "Feature", "properties": { "id": 248.0, "Shape_Leng": 352.97605881700002, "Shape_Area": 109.30959738599999 }, "bbox": [ -157.84408, 21.50767, -157.84243, 21.50805 ], "geometry": { "type": "MultiPolygon", "coordinates": [ [ [ [ -157.84243, 21.50805 ], [ -157.843, 21.5079 ], [ -157.84319, 21.50786 ], [ -157.84357, 21.50781 ], [ -157.84376, 21.50777 ], [ -157.84408, 21.50767 ], [ -157.84376, 21.50778 ], [ -157.84243, 21.50805 ] ] ] ] } },
{ "type": "Feature", "properties": { "id": 249.0, "Shape_Leng": 210.39243555600001, "Shape_Area": 165.07375564500001 }, "bbox": [ -157.76398, 21.46055, -157.7639, 21.46147 ], "geometry": { "type": "MultiPolygon", "coordinates": [ [ [ [ -157.76391, 21.46147 ], [ -157.76397, 21.46072 ], [ -157.7639, 21.46055 ], [ -157.76397, 21.46072 ], [ -157.76398, 21.4609 ], [ -157.76391, 21.46147 ] ] ] ] } },
{ "type": "Feature", "properties": { "id": 250.0, "Shape_Leng": 460.82248255799999, "Shape_Area": 230.775053085 }, "bbox": [ -157.76297, 21.45856, -157.76103, 21.45958 ], "geometry": { "type": "MultiPolygon", "coordinates": [ [ [ [ -157.76297, 21.45958 ], [ -157.7626, 21.45935 ], [ -157.76173, 21.45893 ], [ -157.76103, 21.45856 ], [ -157.7626, 21.45934 ], [ -157.76297, 21.45958 ] ] ] ] } },
{ "type": "Feature", "properties": { "id": 251.0, "Shape_Leng": 2962.7456502700002, "Shape_Area": 4518.68379981 }, "bbox": [ -157.75629, 21.45323, -157.74268, 21.45663 ], "geometry": { "type": "MultiPolygon", "coordinates": [ [ [ [ -157.75629, 21.45663 ], [ -157.75349, 21.45596 ], [ -157.75244, 21.45543 ], [ -157.7504, 21.45487 ], [ -157.74845, 21.45402 ], [ -157.74268, 21.45323 ], [ -157.74846, 21.45397 ], [ -157.75629, 21.45663 ] ] ] ] } },
{ "type": "Feature", "properties": { "id": 252.0, "Shape_Leng": 227.19320307199999, "Shape_Area": 437.97198171100001 }, "bbox": [ -157.74055, 21.45383, -157.73963, 21.45427 ], "geometry": { "type": "MultiPolygon", "coordinates": [ [ [ [ -157.74055, 21.45383 ], [ -157.73991, 21.45403 ], [ -157.73963, 21.45427 ], [ -157.73988, 21.454 ], [ -157.74055, 21.45383 ] ] ] ] } },
{ "type": "Feature", "properties": { "id": 253.0, "Shape_Leng": 43.965078956100001, "Shape_Area": 5.9630758160199999 }, "bbox": [ -157.74431, 21.42228, -157.74424, 21.42247 ], "geometry": { "type": "MultiPolygon", "coordinates": [ [ [ [ -157.74424, 21.42247 ], [ -157.74431, 21.4223 ], [ -157.74431, 21.42228 ], [ -157.74431, 21.4223 ], [ -157.74424, 21.42247 ], [ -157.74424, 21.42247 ] ] ] ] } },
{ "type": "Feature", "properties": { "id": 254.0, "Shape_Leng": 1086.9739027099999, "Shape_Area": 1791.75311379 }, "bbox": [ -157.73122, 21.39773, -157.72639, 21.39945 ], "geometry": { "type": "MultiPolygon", "coordinates": [ [ [ [ -157.73122, 21.39945 ], [ -157.72812, 21.39856 ], [ -157.72654, 21.39788 ], [ -157.72639, 21.39773 ], [ -157.73122, 21.39945 ] ] ] ] } },
{ "type": "Feature", "properties": { "id": 255.0, "Shape_Leng": 900.39218230799997, "Shape_Area": 2280.65355421 }, "bbox": [ -157.72521, 21.39549, -157.72138, 21.39688 ], "geometry": { "type": "MultiPolygon", "coordinates": [ [ [ [ -157.72521, 21.39688 ], [ -157.72364, 21.39616 ], [ -157.7227, 21.39552 ], [ -157.72138, 21.39553 ], [ -157.72272, 21.39549 ], [ -157.72521, 21.39688 ] ] ] ] } },
{ "type": "Feature", "properties": { "id": 256.0, "Shape_Leng": 902.85260721300006, "Shape_Area": 2164.11583539 }, "bbox": [ -157.72012, 21.39363, -157.71655, 21.39588 ], "geometry": { "type": "MultiPolygon", "coordinates": [ [ [ [ -157.72012, 21.39588 ], [ -157.71746, 21.39408 ], [ -157.71655, 21.39363 ], [ -157.7175, 21.39403 ], [ -157.72012, 21.39588 ] ] ] ] } },
{ "type": "Feature", "properties": { "id": 257.0, "Shape_Leng": 157.636681635, "Shape_Area": 21.185607503300002 }, "bbox": [ -157.71416, 21.3903, -157.71367, 21.39084 ], "geometry": { "type": "MultiPolygon", "coordinates": [ [ [ [ -157.71416, 21.39084 ], [ -157.71411, 21.3908 ], [ -157.71398, 21.39067 ], [ -157.71385, 21.39053 ], [ -157.71367, 21.3903 ], [ -157.71416, 21.39084 ] ] ] ] } },
{ "type": "Feature", "properties": { "id": 258.0, "Shape_Leng": 2256.8908956199998, "Shape_Area": 7010.2612817500003 }, "bbox": [ -157.71313, 21.381, -157.7082, 21.38984 ], "geometry": { "type": "MultiPolygon", "coordinates": [ [ [ [ -157.71313, 21.38984 ], [ -157.71198, 21.38862 ], [ -157.7116, 21.38798 ], [ -157.70937, 21.38386 ], [ -157.7082, 21.381 ], [ -157.71313, 21.38984 ] ] ] ] } },
{ "type": "Feature", "properties": { "id": 259.0, "Shape_Leng": 91.816462637699999, "Shape_Area": 118.22165775000001 }, "bbox": [ -157.70782, 21.38061, -157.70746, 21.3808 ], "geometry": { "type": "MultiPolygon", "coordinates": [ [ [ [ -157.70782, 21.3808 ], [ -157.70766, 21.38069 ], [ -157.70746, 21.38061 ], [ -157.70768, 21.38067 ], [ -157.70782, 21.3808 ] ] ] ] } },
{ "type": "Feature", "properties": { "id": 260.0, "Shape_Leng": 15917.358731599999, "Shape_Area": 41003.8532271 }, "bbox": [ -157.71002, 21.32306, -157.67657, 21.37962 ], "geometry": { "type": "MultiPolygon", "coordinates": [ [ [ [ -157.70584, 21.37962 ], [ -157.70607, 21.37602 ], [ -157.70839, 21.37134 ], [ -157.70853, 21.37043 ], [ -157.7098, 21.36682 ], [ -157.70997, 21.36559 ], [ -157.70959, 21.36393 ], [ -157.70948, 21.36285 ], [ -157.70951, 21.36212 ], [ -157.70922, 21.36124 ], [ -157.70909, 21.36035 ], [ -157.7091, 21.35981 ], [ -157.70876, 21.35916 ], [ -157.70808, 21.35689 ], [ -157.70804, 21.35671 ], [ -157.70805, 21.35652 ], [ -157.70767, 21.35626 ], [ -157.7076, 21.35609 ], [ -157.70755, 21.35592 ], [ -157.7076, 21.35571 ], [ -157.7077, 21.35549 ], [ -157.70749, 21.35498 ], [ -157.70728, 21.35428 ], [ -157.70717, 21.35337 ], [ -157.70686, 21.35308 ], [ -157.70676, 21.35292 ], [ -157.70585, 21.3513 ], [ -157.70575, 21.35096 ], [ -157.70563, 21.34998 ], [ -157.70549, 21.34963 ], [ -157.70522, 21.34915 ], [ -157.70489, 21.34892 ], [ -157.70475, 21.34878 ], [ -157.70457, 21.34846 ], [ -157.70436, 21.34837 ], [ -157.70426, 21.34822 ], [ -157.70419, 21.34804 ], [ -157.70424, 21.34781 ], [ -157.70415, 21.34765 ], [ -157.70377, 21.34723 ], [ -157.70367, 21.34708 ], [ -157.70312, 21.34612 ], [ -157.70308, 21.34593 ], [ -157.70276, 21.34569 ], [ -157.70201, 21.34464 ], [ -157.70191, 21.34427 ], [ -157.70171, 21.34417 ], [ -157.70056, 21.34271 ], [ -157.70008, 21.34193 ], [ -157.69971, 21.34172 ], [ -157.69937, 21.34128 ], [ -157.69312, 21.33166 ], [ -157.68918, 21.32865 ], [ -157.67942, 21.32517 ], [ -157.67776, 21.32432 ], [ -157.67657, 21.32306 ], [ -157.67944, 21.32511 ], [ -157.6892, 21.32862 ], [ -157.69314, 21.33165 ], [ -157.69941, 21.34126 ], [ -157.70011, 21.34191 ], [ -157.70193, 21.34426 ], [ -157.70203, 21.34463 ], [ -157.70309, 21.34592 ], [ -157.70416, 21.34764 ], [ -157.70424, 21.3478 ], [ -157.70426, 21.34822 ], [ -157.70458, 21.34846 ], [ -157.70489, 21.34891 ], [ -157.70523, 21.34914 ], [ -157.70559, 21.34979 ], [ -157.70719, 21.35336 ], [ -157.70915, 21.35979 ], [ -157.70956, 21.36212 ], [ -157.70963, 21.36393 ], [ -157.71002, 21.36559 ], [ -157.70987, 21.36685 ], [ -157.70848, 21.37137 ], [ -157.70619, 21.37602 ], [ -157.70584, 21.37962 ] ] ] ] } },
{ "type": "Feature", "properties": { "id": 261.0, "Shape_Leng": 165.28954265, "Shape_Area": 250.244999759 }, "bbox": [ -157.6737, 21.32145, -157.67308, 21.32191 ], "geometry": { "type": "MultiPolygon", "coordinates": [ [ [ [ -157.67368, 21.32191 ], [ -157.67308, 21.32146 ], [ -157.67309, 21.32145 ], [ -157.6737, 21.32189 ], [ -157.67368, 21.32191 ] ] ] ] } },
{ "type": "Feature", "properties": { "id": 262.0, "Shape_Leng": 207.844507287, "Shape_Area": 336.59130684600001 }, "bbox": [ -157.67253, 21.32029, -157.67198, 21.32104 ], "geometry": { "type": "MultiPolygon", "coordinates": [ [ [ [ -157.67253, 21.32104 ], [ -157.67211, 21.32043 ], [ -157.67198, 21.32029 ], [ -157.67213, 21.32041 ], [ -157.67253, 21.32104 ] ] ] ] } },
{ "type": "Feature", "properties": { "id": 263.0, "Shape_Leng": 475.695963737, "Shape_Area": 781.67950579499995 }, "bbox": [ -157.67113, 21.31811, -157.66947, 21.31946 ], "geometry": { "type": "MultiPolygon", "coordinates": [ [ [ [ -157.67113, 21.31946 ], [ -157.66991, 21.31869 ], [ -157.66947, 21.31811 ], [ -157.66993, 21.31868 ], [ -157.67113, 21.31946 ] ] ] ] } },
{ "type": "Feature", "properties": { "id": 264.0, "Shape_Leng": 909.83600741199996, "Shape_Area": 1772.3436208799999 }, "bbox": [ -157.66811, 21.31587, -157.66412, 21.31671 ], "geometry": { "type": "MultiPolygon", "coordinates": [ [ [ [ -157.66811, 21.31671 ], [ -157.66626, 21.3159 ], [ -157.6647, 21.31635 ], [ -157.66412, 21.31629 ], [ -157.66625, 21.31587 ], [ -157.66811, 21.31671 ] ] ] ] } },
{ "type": "Feature", "properties": { "id": 265.0, "Shape_Leng": 45.4389075944, "Shape_Area": 61.190239547099999 }, "bbox": [ -157.66237, 21.31544, -157.66219, 21.31556 ], "geometry": { "type": "MultiPolygon", "coordinates": [ [ [ [ -157.66236, 21.31556 ], [ -157.66219, 21.31547 ], [ -157.66221, 21.31544 ], [ -157.66237, 21.31553 ], [ -157.66236, 21.31556 ] ] ] ] } },
{ "type": "Feature", "properties": { "id": 266.0, "Shape_Leng": 470.804322695, "Shape_Area": 878.94122612000001 }, "bbox": [ -157.66077, 21.3102, -157.65942, 21.31174 ], "geometry": { "type": "MultiPolygon", "coordinates": [ [ [ [ -157.66077, 21.31174 ], [ -157.66048, 21.31149 ], [ -157.66005, 21.31066 ], [ -157.65942, 21.3102 ], [ -157.66008, 21.31064 ], [ -157.66077, 21.31174 ] ] ] ] } },
{ "type": "Feature", "properties": { "id": 267.0, "Shape_Leng": 1036.3784197499999, "Shape_Area": 2427.7464083499999 }, "bbox": [ -157.67462, 21.28527, -157.67009, 21.28617 ], "geometry": { "type": "MultiPolygon", "coordinates": [ [ [ [ -157.67462, 21.28527 ], [ -157.6743, 21.28559 ], [ -157.67356, 21.28583 ], [ -157.67242, 21.28599 ], [ -157.67178, 21.28581 ], [ -157.67126, 21.28612 ], [ -157.67009, 21.28617 ], [ -157.67177, 21.28577 ], [ -157.67355, 21.28579 ], [ -157.67462, 21.28527 ] ] ] ] } },
{ "type": "Feature", "properties": { "id": 268.0, "Shape_Leng": 1040.3452776199999, "Shape_Area": 1638.5209888100001 }, "bbox": [ -157.69751, 21.26818, -157.69606, 21.27237 ], "geometry": { "type": "MultiPolygon", "coordinates": [ [ [ [ -157.69731, 21.26818 ], [ -157.69748, 21.26862 ], [ -157.69751, 21.26922 ], [ -157.69732, 21.2705 ], [ -157.69723, 21.27086 ], [ -157.69698, 21.27135 ], [ -157.69628, 21.27226 ], [ -157.69606, 21.27237 ], [ -157.69719, 21.27084 ], [ -157.69731, 21.26818 ] ] ] ] } },
{ "type": "Feature", "properties": { "id": 269.0, "Shape_Leng": 488.12722534199997, "Shape_Area": 896.30289329300001 }, "bbox": [ -157.72124, 21.28409, -157.71905, 21.28471 ], "geometry": { "type": "MultiPolygon", "coordinates": [ [ [ [ -157.72124, 21.28409 ], [ -157.72028, 21.28419 ], [ -157.7196, 21.28454 ], [ -157.71905, 21.28471 ], [ -157.72124, 21.28409 ] ] ] ] } },
{ "type": "Feature", "properties": { "id": 270.0, "Shape_Leng": 323.51578657300001, "Shape_Area": 711.38863620699999 }, "bbox": [ -157.71372, 21.28126, -157.71229, 21.28176 ], "geometry": { "type": "MultiPolygon", "coordinates": [ [ [ [ -157.71372, 21.28176 ], [ -157.71229, 21.2813 ], [ -157.7123, 21.28126 ], [ -157.71303, 21.28144 ], [ -157.71372, 21.28176 ] ] ] ] } },
{ "type": "Feature", "properties": { "id": 271.0, "Shape_Leng": 1080.3205317300001, "Shape_Area": 2731.4448979600002 }, "bbox": [ -157.71136, 21.27668, -157.70921, 21.28085 ], "geometry": { "type": "MultiPolygon", "coordinates": [ [ [ [ -157.71136, 21.28085 ], [ -157.71121, 21.28073 ], [ -157.71106, 21.28062 ], [ -157.71076, 21.28024 ], [ -157.70945, 21.27825 ], [ -157.70921, 21.27756 ], [ -157.70926, 21.27668 ], [ -157.70951, 21.27821 ], [ -157.71136, 21.28085 ] ] ] ] } },
{ "type": "Feature", "properties": { "id": 272.0, "Shape_Leng": 1424.7432760700001, "Shape_Area": 2419.7448940200002 }, "bbox": [ -157.72905, 21.28111, -157.72255, 21.28184 ], "geometry": { "type": "MultiPolygon", "coordinates": [ [ [ [ -157.72255, 21.28184 ], [ -157.72259, 21.28165 ], [ -157.72288, 21.28141 ], [ -157.7246, 21.28111 ], [ -157.72746, 21.28118 ], [ -157.72804, 21.28126 ], [ -157.7286, 21.2814 ], [ -157.72905, 21.28155 ], [ -157.7246, 21.28115 ], [ -157.72255, 21.28184 ] ] ] ] } },
{ "type": "Feature", "properties": { "id": 273.0, "Shape_Leng": 369.40754222499999, "Shape_Area": 767.11984238699995 }, "bbox": [ -157.73337, 21.28183, -157.73165, 21.28204 ], "geometry": { "type": "MultiPolygon", "coordinates": [ [ [ [ -157.73165, 21.28193 ], [ -157.73243, 21.282 ], [ -157.73337, 21.28183 ], [ -157.73263, 21.28204 ], [ -157.73165, 21.28193 ] ] ] ] } },
{ "type": "Feature", "properties": { "id": 274.0, "Shape_Leng": 247.967269018, "Shape_Area": 537.57404930400003 }, "bbox": [ -157.73791, 21.28013, -157.73679, 21.28045 ], "geometry": { "type": "MultiPolygon", "coordinates": [ [ [ [ -157.73679, 21.28042 ], [ -157.73771, 21.28013 ], [ -157.73791, 21.28016 ], [ -157.7368, 21.28045 ], [ -157.73679, 21.28042 ] ] ] ] } },
{ "type": "Feature", "properties": { "id": 275.0, "Shape_Leng": 1228.16860847, "Shape_Area": 972.67545106700004 }, "bbox": [ -157.74419, 21.27931, -157.73855, 21.28006 ], "geometry": { "type": "MultiPolygon", "coordinates": [ [ [ [ -157.73855, 21.28006 ], [ -157.73988, 21.27987 ], [ -157.7404, 21.27986 ], [ -157.7429, 21.27995 ], [ -157.74419, 21.27931 ], [ -157.7429, 21.27996 ], [ -157.73855, 21.28006 ] ] ] ] } },
{ "type": "Feature", "properties": { "id": 276.0, "Shape_Leng": 563.45276060699996, "Shape_Area": 524.12076542199998 }, "bbox": [ -157.74682, 21.27817, -157.74426, 21.27895 ], "geometry": { "type": "MultiPolygon", "coordinates": [ [ [ [ -157.74426, 21.27895 ], [ -157.74611, 21.27843 ], [ -157.74682, 21.27817 ], [ -157.74611, 21.27845 ], [ -157.74426, 21.27895 ] ] ] ] } },
{ "type": "Feature", "properties": { "id": 277.0, "Shape_Leng": 1384.5031170499999, "Shape_Area": 2288.4710917500001 }, "bbox": [ -157.75339, 21.27654, -157.74707, 21.2779 ], "geometry": { "type": "MultiPolygon", "coordinates": [ [ [ [ -157.74707, 21.2779 ], [ -157.74814, 21.27747 ], [ -157.74901, 21.27719 ], [ -157.75339, 21.27654 ], [ -157.74707, 21.2779 ] ] ] ] } },
{ "type": "Feature", "properties": { "id": 278.0, "Shape_Leng": 2725.5033135399999, "Shape_Area": 2752.1152301699999 }, "bbox": [ -157.77181, 21.27207, -157.75982, 21.27606 ], "geometry": { "type": "MultiPolygon", "coordinates": [ [ [ [ -157.75982, 21.27606 ], [ -157.76246, 21.2759 ], [ -157.76868, 21.27268 ], [ -157.76923, 21.27251 ], [ -157.77089, 21.27233 ], [ -157.77181, 21.27207 ], [ -157.7709, 21.27235 ], [ -157.76869, 21.2727 ], [ -157.76246, 21.27591 ], [ -157.75982, 21.27606 ] ] ] ] } },
{ "type": "Feature", "properties": { "id": 279.0, "Shape_Leng": 1662.6479557299999, "Shape_Area": 3487.6399354599998 }, "bbox": [ -157.77853, 21.26742, -157.77241, 21.27168 ], "geometry": { "type": "MultiPolygon", "coordinates": [ [ [ [ -157.77241, 21.27168 ], [ -157.77602, 21.27028 ], [ -157.77853, 21.26742 ], [ -157.77607, 21.27032 ], [ -157.77241, 21.27168 ] ] ] ] } },
{ "type": "Feature", "properties": { "id": 280.0, "Shape_Leng": 243.84183867499999, "Shape_Area": 80.578698780600007 }, "bbox": [ -157.77955, 21.26579, -157.77895, 21.26673 ], "geometry": { "type": "MultiPolygon", "coordinates": [ [ [ [ -157.77895, 21.26673 ], [ -157.77911, 21.26651 ], [ -157.77939, 21.26603 ], [ -157.77955, 21.26579 ], [ -157.77921, 21.26635 ], [ -157.77895, 21.26673 ] ] ] ] } },
{ "type": "Feature", "properties": { "id": 281.0, "Shape_Leng": 2931.2258256099999, "Shape_Area": 10122.861020799999 }, "bbox": [ -157.79125, 21.25857, -157.7796, 21.2657 ], "geometry": { "type": "MultiPolygon", "coordinates": [ [ [ [ -157.7796, 21.2657 ], [ -157.77965, 21.26564 ], [ -157.77977, 21.2655 ], [ -157.78003, 21.26523 ], [ -157.7804, 21.26494 ], [ -157.78212, 21.26378 ], [ -157.79125, 21.25857 ], [ -157.7796, 21.2657 ] ] ] ] } },
{ "type": "Feature", "properties": { "id": 282.0, "Shape_Leng": 2373.0060278699998, "Shape_Area": 4656.9816315300004 }, "bbox": [ -157.80718, 21.25502, -157.79625, 21.25735 ], "geometry": { "type": "MultiPolygon", "coordinates": [ [ [ [ -157.79625, 21.25735 ], [ -157.79716, 21.25704 ], [ -157.79892, 21.25691 ], [ -157.79908, 21.25679 ], [ -157.80035, 21.25634 ], [ -157.80167, 21.25607 ], [ -157.80365, 21.25603 ], [ -157.80582, 21.25524 ], [ -157.80696, 21.25502 ], [ -157.80718, 21.2551 ], [ -157.80366, 21.25606 ], [ -157.80168, 21.25611 ], [ -157.79893, 21.25695 ], [ -157.79625, 21.25735 ] ] ] ] } },
{ "type": "Feature", "properties": { "id": 283.0, "Shape_Leng": 1630.93826386, "Shape_Area": 3757.1578182799999 }, "bbox": [ -157.81856, 21.25586, -157.81131, 21.2578 ], "geometry": { "type": "MultiPolygon", "coordinates": [ [ [ [ -157.81131, 21.25602 ], [ -157.81338, 21.25586 ], [ -157.81474, 21.25611 ], [ -157.81856, 21.2578 ], [ -157.81472, 21.25614 ], [ -157.81131, 21.25602 ] ] ] ] } },
{ "type": "Feature", "properties": { "id": 284.0, "Shape_Leng": 406.43272539200001, "Shape_Area": 1771.46984135 }, "bbox": [ -157.82148, 21.26089, -157.82079, 21.26237 ], "geometry": { "type": "MultiPolygon", "coordinates": [ [ [ [ -157.82079, 21.26089 ], [ -157.82128, 21.26118 ], [ -157.82144, 21.26147 ], [ -157.82148, 21.26237 ], [ -157.82079, 21.26089 ] ] ] ] } },
{ "type": "Feature", "properties": { "id": 285.0, "Shape_Leng": 159.39552103299999, "Shape_Area": 203.18581720200001 }, "bbox": [ -157.82154, 21.2625, -157.82146, 21.26319 ], "geometry": { "type": "MultiPolygon", "coordinates": [ [ [ [ -157.82151, 21.2625 ], [ -157.82154, 21.26268 ], [ -157.82146, 21.26319 ], [ -157.82146, 21.26252 ], [ -157.82151, 21.2625 ] ] ] ] } },
{ "type": "Feature", "properties": { "id": 286.0, "Shape_Leng": 760.72786433900001, "Shape_Area": 6413.5029309199999 }, "bbox": [ -157.82263, 21.26523, -157.82186, 21.26845 ], "geometry": { "type": "MultiPolygon", "coordinates": [ [ [ [ -157.82204, 21.26523 ], [ -157.82263, 21.26714 ], [ -157.82263, 21.26845 ], [ -157.82186, 21.26528 ], [ -157.82204, 21.26523 ] ] ] ] } },
{ "type": "Feature", "properties": { "id": 287.0, "Shape_Leng": 464.52467772799997, "Shape_Area": 396.60612890900001 }, "bbox": [ -157.8228, 21.26854, -157.82268, 21.2706 ], "geometry": { "type": "MultiPolygon", "coordinates": [ [ [ [ -157.82277, 21.26854 ], [ -157.8228, 21.26891 ], [ -157.82276, 21.26963 ], [ -157.82269, 21.27 ], [ -157.82277, 21.27017 ], [ -157.82279, 21.27035 ], [ -157.82278, 21.2706 ], [ -157.82268, 21.27 ], [ -157.82277, 21.26854 ] ] ] ] } },
{ "type": "Feature", "properties": { "id": 288.0, "Shape_Leng": 406.91889440300002, "Shape_Area": 597.60493552900004 }, "bbox": [ -157.82384, 21.27154, -157.82303, 21.27318 ], "geometry": { "type": "MultiPolygon", "coordinates": [ [ [ [ -157.82303, 21.27154 ], [ -157.82332, 21.27221 ], [ -157.82384, 21.27318 ], [ -157.82329, 21.27222 ], [ -157.82303, 21.27154 ] ] ] ] } },
{ "type": "Feature", "properties": { "id": 289.0, "Shape_Leng": 447.64387040600002, "Shape_Area": 1154.7061261399999 }, "bbox": [ -157.82511, 21.27335, -157.82408, 21.27493 ], "geometry": { "type": "MultiPolygon", "coordinates": [ [ [ [ -157.82408, 21.27335 ], [ -157.82438, 21.27421 ], [ -157.82469, 21.27469 ], [ -157.82506, 21.2748 ], [ -157.82511, 21.27493 ], [ -157.82468, 21.27474 ], [ -157.82433, 21.27423 ], [ -157.82408, 21.27335 ] ] ] ] } },
{ "type": "Feature", "properties": { "id": 290.0, "Shape_Leng": 622.34535079600005, "Shape_Area": 371.52934958899999 }, "bbox": [ -157.82748, 21.275, -157.82523, 21.27659 ], "geometry": { "type": "MultiPolygon", "coordinates": [ [ [ [ -157.82523, 21.275 ], [ -157.82554, 21.27555 ], [ -157.82577, 21.27555 ], [ -157.8271, 21.27628 ], [ -157.82748, 21.27659 ], [ -157.82553, 21.27556 ], [ -157.82523, 21.275 ] ] ] ] } },
{ "type": "Feature", "properties": { "id": 291.0, "Shape_Leng": 244.06779100399999, "Shape_Area": 207.256601297 }, "bbox": [ -157.82968, 21.27662, -157.82854, 21.27678 ], "geometry": { "type": "MultiPolygon", "coordinates": [ [ [ [ -157.82854, 21.27678 ], [ -157.82949, 21.27665 ], [ -157.82968, 21.27662 ], [ -157.82968, 21.27667 ], [ -157.82854, 21.27678 ] ] ] ] } },
{ "type": "Feature", "properties": { "id": 292.0, "Shape_Leng": 451.92384216800002, "Shape_Area": 814.45350023799995 }, "bbox": [ -157.83176, 21.27662, -157.82976, 21.27735 ], "geometry": { "type": "MultiPolygon", "coordinates": [ [ [ [ -157.82976, 21.27662 ], [ -157.83176, 21.2773 ], [ -157.83175, 21.27735 ], [ -157.83137, 21.27727 ], [ -157.82976, 21.27662 ] ] ] ] } },
{ "type": "Feature", "properties": { "id": 293.0, "Shape_Leng": 246.28708698599999, "Shape_Area": 489.932990991 }, "bbox": [ -157.83355, 21.27749, -157.83251, 21.27797 ], "geometry": { "type": "MultiPolygon", "coordinates": [ [ [ [ -157.83251, 21.27749 ], [ -157.83296, 21.27763 ], [ -157.83355, 21.27794 ], [ -157.83354, 21.27797 ], [ -157.83251, 21.27749 ] ] ] ] } },
{ "type": "Feature", "properties": { "id": 294.0, "Shape_Leng": 1764.67397572, "Shape_Area": 4279.5918738199998 }, "bbox": [ -157.84028, 21.27814, -157.83384, 21.28191 ], "geometry": { "type": "MultiPolygon", "coordinates": [ [ [ [ -157.83384, 21.27814 ], [ -157.83513, 21.27894 ], [ -157.83764, 21.28166 ], [ -157.83874, 21.28183 ], [ -157.83886, 21.28188 ], [ -157.84028, 21.28117 ], [ -157.83884, 21.28191 ], [ -157.83762, 21.28167 ], [ -157.83384, 21.27814 ] ] ] ] } },
{ "type": "Feature", "properties": { "id": 295.0, "Shape_Leng": 45.673673230200002, "Shape_Area": 36.847205978799998 }, "bbox": [ -157.84097, 21.28159, -157.8408, 21.28172 ], "geometry": { "type": "MultiPolygon", "coordinates": [ [ [ [ -157.84081, 21.28159 ], [ -157.84097, 21.28171 ], [ -157.84096, 21.28172 ], [ -157.8408, 21.28161 ], [ -157.84081, 21.28159 ] ] ] ] } },
{ "type": "Feature", "properties": { "id": 296.0, "Shape_Leng": 706.62637264800003, "Shape_Area": 1468.9593802100001 }, "bbox": [ -157.84792, 21.28223, -157.846, 21.284 ], "geometry": { "type": "MultiPolygon", "coordinates": [ [ [ [ -157.846, 21.28223 ], [ -157.84622, 21.2835 ], [ -157.84792, 21.284 ], [ -157.84621, 21.28351 ], [ -157.846, 21.28223 ] ] ] ] } },
{ "type": "Feature", "properties": { "id": 297.0, "Shape_Leng": 322.94702286900002, "Shape_Area": 1233.50216206 }, "bbox": [ -157.84655, 21.28608, -157.84597, 21.28728 ], "geometry": { "type": "MultiPolygon", "coordinates": [ [ [ [ -157.84655, 21.28608 ], [ -157.84614, 21.28649 ], [ -157.84597, 21.28728 ], [ -157.84606, 21.28644 ], [ -157.84655, 21.28608 ] ] ] ] } },
{ "type": "Feature", "properties": { "id": 298.0, "Shape_Leng": 1789.3001290100001, "Shape_Area": 4980.3037250400002 }, "bbox": [ -157.85525, 21.28873, -157.84727, 21.29161 ], "geometry": { "type": "MultiPolygon", "coordinates": [ [ [ [ -157.84727, 21.28873 ], [ -157.85282, 21.29039 ], [ -157.85335, 21.29061 ], [ -157.85525, 21.29161 ], [ -157.84727, 21.28873 ] ] ] ] } },
{ "type": "Feature", "properties": { "id": 299.0, "Shape_Leng": 657.74077521200002, "Shape_Area": 479.29339152599999 }, "bbox": [ -157.87982, 21.30112, -157.87674, 21.30132 ], "geometry": { "type": "MultiPolygon", "coordinates": [ [ [ [ -157.87674, 21.30122 ], [ -157.87693, 21.30112 ], [ -157.87925, 21.30119 ], [ -157.87944, 21.30122 ], [ -157.87982, 21.30132 ], [ -157.87674, 21.30122 ] ] ] ] } },
{ "type": "Feature", "properties": { "id": 300.0, "Shape_Leng": 396.01542418299999, "Shape_Area": 1351.7255354399999 }, "bbox": [ -157.88369, 21.30041, -157.882, 21.30084 ], "geometry": { "type": "MultiPolygon", "coordinates": [ [ [ [ -157.882, 21.30084 ], [ -157.8829, 21.30041 ], [ -157.88369, 21.30046 ], [ -157.88291, 21.30048 ], [ -157.882, 21.30084 ] ] ] ] } },
{ "type": "Feature", "properties": { "id": 301.0, "Shape_Leng": 340.47686543700001, "Shape_Area": 370.50055753100003 }, "bbox": [ -157.97074, 21.32364, -157.97058, 21.32515 ], "geometry": { "type": "MultiPolygon", "coordinates": [ [ [ [ -157.97058, 21.32515 ], [ -157.97062, 21.32461 ], [ -157.97072, 21.32407 ], [ -157.97073, 21.32389 ], [ -157.9707, 21.32371 ], [ -157.9707, 21.32364 ], [ -157.97074, 21.32389 ], [ -157.97074, 21.32408 ], [ -157.97058, 21.32515 ] ] ] ] } },
{ "type": "Feature", "properties": { "id": 302.0, "Shape_Leng": 4213.6014797600001, "Shape_Area": 14530.345567300001 }, "bbox": [ -157.98776, 21.31439, -157.97088, 21.32291 ], "geometry": { "type": "MultiPolygon", "coordinates": [ [ [ [ -157.97088, 21.32291 ], [ -157.97095, 21.32268 ], [ -157.9712, 21.32238 ], [ -157.97136, 21.32224 ], [ -157.97845, 21.31626 ], [ -157.98776, 21.31439 ], [ -157.97853, 21.31639 ], [ -157.97088, 21.32291 ] ] ] ] } },
{ "type": "Feature", "properties": { "id": 303.0, "Shape_Leng": 3985.6784149800001, "Shape_Area": 5395.9506214100002 }, "bbox": [ -158.01167, 21.30928, -157.99308, 21.31333 ], "geometry": { "type": "MultiPolygon", "coordinates": [ [ [ [ -157.99308, 21.31333 ], [ -157.99334, 21.31322 ], [ -157.99352, 21.31316 ], [ -157.99613, 21.3125 ], [ -158.00514, 21.31051 ], [ -158.01167, 21.30928 ], [ -157.99308, 21.31333 ] ] ] ] } },
{ "type": "Feature", "properties": { "id": 304.0, "Shape_Leng": 1856.2197866900001, "Shape_Area": 6021.1349608299997 }, "bbox": [ -158.03263, 21.30443, -158.02419, 21.30634 ], "geometry": { "type": "MultiPolygon", "coordinates": [ [ [ [ -158.02419, 21.30634 ], [ -158.02847, 21.306 ], [ -158.03097, 21.30494 ], [ -158.03242, 21.30443 ], [ -158.03263, 21.30447 ], [ -158.02848, 21.30604 ], [ -158.02419, 21.30634 ] ] ] ] } },
{ "type": "Feature", "properties": { "id": 305.0, "Shape_Leng": 6363.0603794299996, "Shape_Area": 16095.535547900001 }, "bbox": [ -158.07344, 21.29843, -158.04406, 21.30384 ], "geometry": { "type": "MultiPolygon", "coordinates": [ [ [ [ -158.04406, 21.30384 ], [ -158.04542, 21.3036 ], [ -158.04555, 21.30342 ], [ -158.04799, 21.30235 ], [ -158.04879, 21.3018 ], [ -158.04978, 21.30142 ], [ -158.05109, 21.3011 ], [ -158.06491, 21.2998 ], [ -158.06764, 21.2999 ], [ -158.06912, 21.29934 ], [ -158.07175, 21.29864 ], [ -158.07344, 21.29843 ], [ -158.06765, 21.29997 ], [ -158.05148, 21.30108 ], [ -158.04544, 21.30362 ], [ -158.04406, 21.30384 ] ] ] ] } },
{ "type": "Feature", "properties": { "id": 306.0, "Shape_Leng": 1061.0948168699999, "Shape_Area": 2768.6793839799998 }, "bbox": [ -158.08, 21.29816, -158.07505, 21.29867 ], "geometry": { "type": "MultiPolygon", "coordinates": [ [ [ [ -158.07505, 21.29862 ], [ -158.07581, 21.29849 ], [ -158.07775, 21.29863 ], [ -158.08, 21.29816 ], [ -158.07775, 21.29867 ], [ -158.07505, 21.29862 ] ] ] ] } },
{ "type": "Feature", "properties": { "id": 307.0, "Shape_Leng": 2001.3605940100001, "Shape_Area": 4889.4578617500001 }, "bbox": [ -158.09836, 21.29543, -158.08883, 21.29587 ], "geometry": { "type": "MultiPolygon", "coordinates": [ [ [ [ -158.08883, 21.29581 ], [ -158.09499, 21.29543 ], [ -158.09836, 21.29544 ], [ -158.09135, 21.29587 ], [ -158.08883, 21.29581 ] ] ] ] } },
{ "type": "Feature", "properties": { "id": 308.0, "Shape_Leng": 2086.3822594899998, "Shape_Area": 10009.483843100001 }, "bbox": [ -158.13443, 21.35678, -158.1307, 21.36532 ], "geometry": { "type": "MultiPolygon", "coordinates": [ [ [ [ -158.1307, 21.35678 ], [ -158.13201, 21.36057 ], [ -158.13248, 21.36118 ], [ -158.13443, 21.36532 ], [ -158.1307, 21.35678 ] ] ] ] } },
{ "type": "Feature", "properties": { "id": 309.0, "Shape_Leng": 675.149810613, "Shape_Area": 1282.6324542100001 }, "bbox": [ -158.14277, 21.37528, -158.14079, 21.37761 ], "geometry": { "type": "MultiPolygon", "coordinates": [ [ [ [ -158.14079, 21.37528 ], [ -158.14161, 21.37651 ], [ -158.14277, 21.37761 ], [ -158.14158, 21.37653 ], [ -158.14079, 21.37528 ] ] ] ] } },
{ "type": "Feature", "properties": { "id": 310.0, "Shape_Leng": 4900.6803474300004, "Shape_Area": 16089.5099027 }, "bbox": [ -158.16409, 21.38224, -158.14683, 21.39665 ], "geometry": { "type": "MultiPolygon", "coordinates": [ [ [ [ -158.14683, 21.38224 ], [ -158.15629, 21.39104 ], [ -158.15768, 21.39256 ], [ -158.1581, 21.39266 ], [ -158.16271, 21.39597 ], [ -158.16318, 21.39602 ], [ -158.16409, 21.39665 ], [ -158.16267, 21.39601 ], [ -158.15763, 21.3926 ], [ -158.14683, 21.38224 ] ] ] ] } },
{ "type": "Feature", "properties": { "id": 311.0, "Shape_Leng": 1106.0560013100001, "Shape_Area": 2978.51708134 }, "bbox": [ -158.17838, 21.40375, -158.1768, 21.40807 ], "geometry": { "type": "MultiPolygon", "coordinates": [ [ [ [ -158.1768, 21.40375 ], [ -158.17809, 21.40535 ], [ -158.17837, 21.40659 ], [ -158.17838, 21.40714 ], [ -158.17771, 21.40807 ], [ -158.17832, 21.4066 ], [ -158.1768, 21.40375 ] ] ] ] } },
{ "type": "Feature", "properties": { "id": 312.0, "Shape_Leng": 4273.6125867399996, "Shape_Area": 26453.6954458 }, "bbox": [ -158.17965, 21.41, -158.17693, 21.42841 ], "geometry": { "type": "MultiPolygon", "coordinates": [ [ [ [ -158.1776, 21.41 ], [ -158.17701, 21.41177 ], [ -158.17836, 21.41686 ], [ -158.17809, 21.41929 ], [ -158.17899, 21.42355 ], [ -158.17891, 21.42669 ], [ -158.17965, 21.42803 ], [ -158.17956, 21.42841 ], [ -158.17875, 21.42671 ], [ -158.17798, 21.41931 ], [ -158.1783, 21.41706 ], [ -158.17693, 21.41178 ], [ -158.1776, 21.41 ] ] ] ] } },
{ "type": "Feature", "properties": { "id": 313.0, "Shape_Leng": 1844.83265484, "Shape_Area": 6588.0171631499998 }, "bbox": [ -158.19273, 21.44173, -158.18903, 21.44825 ], "geometry": { "type": "MultiPolygon", "coordinates": [ [ [ [ -158.18997, 21.44173 ], [ -158.18918, 21.44258 ], [ -158.18912, 21.44441 ], [ -158.19081, 21.44682 ], [ -158.19241, 21.44779 ], [ -158.19273, 21.44825 ], [ -158.19075, 21.4469 ], [ -158.18903, 21.44446 ], [ -158.18912, 21.44255 ], [ -158.18997, 21.44173 ] ] ] ] } },
{ "type": "Feature", "properties": { "id": 314.0, "Shape_Leng": 136.413427007, "Shape_Area": 366.36886927799998 }, "bbox": [ -158.19399, 21.44877, -158.19342, 21.44896 ], "geometry": { "type": "MultiPolygon", "coordinates": [ [ [ [ -158.19342, 21.44877 ], [ -158.19378, 21.44891 ], [ -158.19399, 21.44895 ], [ -158.19375, 21.44896 ], [ -158.19342, 21.44877 ] ] ] ] } },
{ "type": "Feature", "properties": { "id": 315.0, "Shape_Leng": 1032.5479138000001, "Shape_Area": 2917.9644329600001 }, "bbox": [ -158.20981, 21.4591, -158.20545, 21.46104 ], "geometry": { "type": "MultiPolygon", "coordinates": [ [ [ [ -158.20545, 21.4591 ], [ -158.20701, 21.46023 ], [ -158.20981, 21.46104 ], [ -158.20699, 21.46028 ], [ -158.20545, 21.4591 ] ] ] ] } },
{ "type": "Feature", "properties": { "id": 316.0, "Shape_Leng": 690.34815038199997, "Shape_Area": 1179.9820471400001 }, "bbox": [ -158.21367, 21.46139, -158.21279, 21.46416 ], "geometry": { "type": "MultiPolygon", "coordinates": [ [ [ [ -158.21279, 21.46139 ], [ -158.2129, 21.46307 ], [ -158.2132, 21.46336 ], [ -158.21367, 21.46416 ], [ -158.21279, 21.46139 ] ] ] ] } },
{ "type": "Feature", "properties": { "id": 317.0, "Shape_Leng": 44.327940273000003, "Shape_Area": 64.010236501799994 }, "bbox": [ -158.21742, 21.46838, -158.21734, 21.46855 ], "geometry": { "type": "MultiPolygon", "coordinates": [ [ [ [ -158.21742, 21.46839 ], [ -158.21737, 21.46855 ], [ -158.21734, 21.46854 ], [ -158.21739, 21.46838 ], [ -158.21742, 21.46839 ] ] ] ] } },
{ "type": "Feature", "properties": { "id": 318.0, "Shape_Leng": 1630.27995289, "Shape_Area": 3323.9913872100001 }, "bbox": [ -158.22526, 21.47518, -158.21953, 21.47852 ], "geometry": { "type": "MultiPolygon", "coordinates": [ [ [ [ -158.21953, 21.47518 ], [ -158.22157, 21.47816 ], [ -158.22526, 21.47839 ], [ -158.22254, 21.47852 ], [ -158.22136, 21.47811 ], [ -158.21953, 21.47518 ] ] ] ] } },
{ "type": "Feature", "properties": { "id": 319.0, "Shape_Leng": 2067.95068709, "Shape_Area": 8289.1939134900003 }, "bbox": [ -158.22984, 21.48921, -158.2294, 21.49823 ], "geometry": { "type": "MultiPolygon", "coordinates": [ [ [ [ -158.22976, 21.48921 ], [ -158.22984, 21.4959 ], [ -158.2294, 21.49823 ], [ -158.22977, 21.49589 ], [ -158.22976, 21.48921 ] ] ] ] } },
{ "type": "Feature", "properties": { "id": 320.0, "Shape_Leng": 253.37042008700001, "Shape_Area": 845.62813449400005 }, "bbox": [ -158.22895, 21.51113, -158.22855, 21.51214 ], "geometry": { "type": "MultiPolygon", "coordinates": [ [ [ [ -158.22895, 21.51113 ], [ -158.22878, 21.51145 ], [ -158.22855, 21.51214 ], [ -158.22872, 21.51142 ], [ -158.22895, 21.51113 ] ] ] ] } },
{ "type": "Feature", "properties": { "id": 321.0, "Shape_Leng": 260.36964362499998, "Shape_Area": 361.02566473000002 }, "bbox": [ -158.22882, 21.51699, -158.22841, 21.51806 ], "geometry": { "type": "MultiPolygon", "coordinates": [ [ [ [ -158.22882, 21.51699 ], [ -158.22874, 21.51735 ], [ -158.22841, 21.51806 ], [ -158.22851, 21.51765 ], [ -158.22882, 21.51699 ] ] ] ] } },
{ "type": "Feature", "properties": { "id": 322.0, "Shape_Leng": 2040.00169325, "Shape_Area": 5665.48766892 }, "bbox": [ -158.23066, 21.52727, -158.22898, 21.53617 ], "geometry": { "type": "MultiPolygon", "coordinates": [ [ [ [ -158.22898, 21.52727 ], [ -158.22944, 21.53288 ], [ -158.23066, 21.53617 ], [ -158.22939, 21.53288 ], [ -158.22898, 21.52727 ] ] ] ] } },
{ "type": "Feature", "properties": { "id": 323.0, "Shape_Leng": 134.11852745600001, "Shape_Area": 257.21165820700003 }, "bbox": [ -158.23183, 21.53732, -158.23131, 21.53768 ], "geometry": { "type": "MultiPolygon", "coordinates": [ [ [ [ -158.23136, 21.53732 ], [ -158.23168, 21.53755 ], [ -158.23183, 21.53768 ], [ -158.23131, 21.53736 ], [ -158.23136, 21.53732 ] ] ] ] } },
{ "type": "Feature", "properties": { "id": 324.0, "Shape_Leng": 2188.1320028800001, "Shape_Area": 8373.8515818199994 }, "bbox": [ -158.24635, 21.54583, -158.24024, 21.5533 ], "geometry": { "type": "MultiPolygon", "coordinates": [ [ [ [ -158.24024, 21.54583 ], [ -158.24187, 21.54906 ], [ -158.24285, 21.5497 ], [ -158.24525, 21.55182 ], [ -158.24622, 21.55295 ], [ -158.24635, 21.5533 ], [ -158.2418, 21.54912 ], [ -158.24024, 21.54583 ] ] ] ] } }
]
}
