{
"type": "FeatureCollection",
"name": "filtered_sidewalks_and_paths",
"crs": { "type": "name", "properties": { "name": "urn:ogc:def:crs:OGC:1.3:CRS84" } },
"xy_coordinate_resolution": 1e-05,
"features": [
{ "type": "Feature", "properties": { "BMP": 7.6206, "EMP": 7.90065, "PREFIX": "SR", "ROUTE": "750", "ISLAND": "Oahu", "DIRECTION": "+MP", "TYPE": "Sidewalk", "MATERIAL": "Concrete", "LENGTH": 1525.0, "NHS": "YES", "Shape_Leng": 464.88534679100002 }, "geometry": { "type": "MultiLineString", "coordinates": [ [ [ -158.04455, 21.48468 ], [ -158.04078, 21.48675 ] ] ] } },
{ "type": "Feature", "properties": { "BMP": 7.9178, "EMP": 8.01197, "PREFIX": "SR", "ROUTE": "750", "ISLAND": "Oahu", "DIRECTION": "+MP", "TYPE": "Sidewalk", "MATERIAL": "Concrete", "LENGTH": 515.0, "NHS": "YES", "Shape_Leng": 156.891567573 }, "geometry": { "type": "MultiLineString", "coordinates": [ [ [ -158.04066, 21.48699 ], [ -158.03973, 21.48807 ] ] ] } },
{ "type": "Feature", "properties": { "BMP": 0.00042, "EMP": 0.01646, "PREFIX": "SR", "ROUTE": "92", "ISLAND": "Oahu", "DIRECTION": "+MP", "TYPE": "Sidewalk", "MATERIAL": "Asphalt", "LENGTH": 88.0, "NHS": "YES", "Shape_Leng": 26.894856003400001 }, "geometry": { "type": "MultiLineString", "coordinates": [ [ [ -157.94362, 21.34687 ], [ -157.94344, 21.34669 ] ] ] } },
{ "type": "Feature", "properties": { "BMP": 1.72848, "EMP": 1.78748, "PREFIX": "SR", "ROUTE": "92", "ISLAND": "Oahu", "DIRECTION": "+MP", "TYPE": "Sidewalk", "MATERIAL": "Concrete", "LENGTH": 323.0, "NHS": "YES", "Shape_Leng": 98.530742150199998 }, "geometry": { "type": "MultiLineString", "coordinates": [ [ [ -157.91942, 21.33759 ], [ -157.91852, 21.3374 ] ] ] } },
{ "type": "Feature", "properties": { "BMP": 9.76795, "EMP": 9.69999, "PREFIX": "SR", "ROUTE": "99", "ISLAND": "Oahu", "DIRECTION": "-MP", "TYPE": "Sidewalk", "MATERIAL": "Concrete", "LENGTH": 378.0, "NHS": "YES", "Shape_Leng": 115.220578027 }, "geometry": { "type": "MultiLineString", "coordinates": [ [ [ -158.02889, 21.49129 ], [ -158.02995, 21.49099 ] ] ] } },
{ "type": "Feature", "properties": { "BMP": 1.79203, "EMP": 1.79203, "PREFIX": "SR", "ROUTE": "92", "ISLAND": "Oahu", "DIRECTION": "+MP", "TYPE": "Sidewalk", "MATERIAL": "Concrete", "LENGTH": 34.0, "NHS": "YES", "Shape_Leng": 10.407460156599999 }, "geometry": { "type": "MultiLineString", "coordinates": [ [ [ -157.9184, 21.3377 ], [ -157.91838, 21.33779 ] ] ] } },
{ "type": "Feature", "properties": { "BMP": 2.03628, "EMP": 2.03628, "PREFIX": "SR", "ROUTE": "92", "ISLAND": "Oahu", "DIRECTION": "+MP", "TYPE": "Sidewalk", "MATERIAL": "Concrete", "LENGTH": 45.0, "NHS": "YES", "Shape_Leng": 13.7769537445 }, "geometry": { "type": "MultiLineString", "coordinates": [ [ [ -157.91466, 21.33711 ], [ -157.91464, 21.33723 ] ] ] } },
{ "type": "Feature", "properties": { "BMP": 2.03616, "EMP": 2.03616, "PREFIX": "SR", "ROUTE": "92", "ISLAND": "Oahu", "DIRECTION": "+MP", "TYPE": "Sidewalk", "MATERIAL": "Concrete", "LENGTH": 15.0, "NHS": "YES", "Shape_Leng": 4.5902736131299999 }, "geometry": { "type": "MultiLineString", "coordinates": [ [ [ -157.91469, 21.33699 ], [ -157.91469, 21.33695 ] ] ] } },
{ "type": "Feature", "properties": { "BMP": 2.09686, "EMP": 2.13504, "PREFIX": "SR", "ROUTE": "92", "ISLAND": "Oahu", "DIRECTION": "+MP", "TYPE": "Sidewalk", "MATERIAL": "Concrete", "LENGTH": 202.0, "NHS": "YES", "Shape_Leng": 61.637147748300002 }, "geometry": { "type": "MultiLineString", "coordinates": [ [ [ -157.91377, 21.33678 ], [ -157.91318, 21.33673 ] ] ] } },
{ "type": "Feature", "properties": { "BMP": 2.13604, "EMP": 2.13621, "PREFIX": "SR", "ROUTE": "92", "ISLAND": "Oahu", "DIRECTION": "+MP", "TYPE": "Sidewalk", "MATERIAL": "Concrete", "LENGTH": 30.0, "NHS": "YES", "Shape_Leng": 9.2506291841599992 }, "geometry": { "type": "MultiLineString", "coordinates": [ [ [ -157.91313, 21.33693 ], [ -157.91311, 21.33701 ] ] ] } },
{ "type": "Feature", "properties": { "BMP": 2.30887, "EMP": 2.3324, "PREFIX": "SR", "ROUTE": "92", "ISLAND": "Oahu", "DIRECTION": "+MP", "TYPE": "Sidewalk", "MATERIAL": "Concrete", "LENGTH": 124.0, "NHS": "YES", "Shape_Leng": 37.932093742299998 }, "geometry": { "type": "MultiLineString", "coordinates": [ [ [ -157.91052, 21.33629 ], [ -157.91016, 21.33623 ] ] ] } },
{ "type": "Feature", "properties": { "BMP": 2.49763, "EMP": 2.49782, "PREFIX": "SR", "ROUTE": "92", "ISLAND": "Oahu", "DIRECTION": "+MP", "TYPE": "Sidewalk", "MATERIAL": "Concrete", "LENGTH": 46.0, "NHS": "YES", "Shape_Leng": 14.128090475300001 }, "geometry": { "type": "MultiLineString", "coordinates": [ [ [ -157.9076, 21.33605 ], [ -157.90758, 21.33618 ] ] ] } },
{ "type": "Feature", "properties": { "BMP": 2.53222, "EMP": 2.54856, "PREFIX": "SR", "ROUTE": "92", "ISLAND": "Oahu", "DIRECTION": "+MP", "TYPE": "Sidewalk", "MATERIAL": "Concrete", "LENGTH": 86.0, "NHS": "YES", "Shape_Leng": 26.202373931899999 }, "geometry": { "type": "MultiLineString", "coordinates": [ [ [ -157.9071, 21.33581 ], [ -157.90685, 21.33577 ] ] ] } },
{ "type": "Feature", "properties": { "BMP": 0.99159, "EMP": 1.00721, "PREFIX": "SR", "ROUTE": "92", "ISLAND": "Oahu", "DIRECTION": "+MP", "TYPE": "Sidewalk", "MATERIAL": "Asphalt", "LENGTH": 88.0, "NHS": "YES", "Shape_Leng": 26.926453191699999 }, "geometry": { "type": "MultiLineString", "coordinates": [ [ [ -157.93053, 21.34006 ], [ -157.93034, 21.33991 ] ] ] } },
{ "type": "Feature", "properties": { "BMP": 2.66983, "EMP": 2.66983, "PREFIX": "SR", "ROUTE": "92", "ISLAND": "Oahu", "DIRECTION": "+MP", "TYPE": "Sidewalk", "MATERIAL": "Concrete", "LENGTH": 35.0, "NHS": "YES", "Shape_Leng": 10.662773674 }, "geometry": { "type": "MultiLineString", "coordinates": [ [ [ -157.90495, 21.3357 ], [ -157.90494, 21.3358 ] ] ] } },
{ "type": "Feature", "properties": { "BMP": 2.68818, "EMP": 2.7026, "PREFIX": "SR", "ROUTE": "92", "ISLAND": "Oahu", "DIRECTION": "+MP", "TYPE": "Sidewalk", "MATERIAL": "Concrete", "LENGTH": 76.0, "NHS": "YES", "Shape_Leng": 23.270803564400001 }, "geometry": { "type": "MultiLineString", "coordinates": [ [ [ -157.90471, 21.33545 ], [ -157.90449, 21.33541 ] ] ] } },
{ "type": "Feature", "properties": { "BMP": 2.88883, "EMP": 2.88883, "PREFIX": "SR", "ROUTE": "92", "ISLAND": "Oahu", "DIRECTION": "+MP", "TYPE": "Sidewalk", "MATERIAL": "Concrete", "LENGTH": 18.0, "NHS": "YES", "Shape_Leng": 5.4300405606100002 }, "geometry": { "type": "MultiLineString", "coordinates": [ [ [ -157.90159, 21.33524 ], [ -157.90159, 21.33529 ] ] ] } },
{ "type": "Feature", "properties": { "BMP": 2.91074, "EMP": 2.91074, "PREFIX": "SR", "ROUTE": "92", "ISLAND": "Oahu", "DIRECTION": "+MP", "TYPE": "Sidewalk", "MATERIAL": "Concrete", "LENGTH": 20.0, "NHS": "YES", "Shape_Leng": 6.0275798155000002 }, "geometry": { "type": "MultiLineString", "coordinates": [ [ [ -157.90127, 21.33512 ], [ -157.90126, 21.33517 ] ] ] } },
{ "type": "Feature", "properties": { "BMP": 3.05887, "EMP": 3.05887, "PREFIX": "SR", "ROUTE": "92", "ISLAND": "Oahu", "DIRECTION": "+MP", "TYPE": "Sidewalk", "MATERIAL": "Concrete", "LENGTH": 37.0, "NHS": "YES", "Shape_Leng": 11.161448483399999 }, "geometry": { "type": "MultiLineString", "coordinates": [ [ [ -157.899, 21.33477 ], [ -157.89898, 21.33487 ] ] ] } },
{ "type": "Feature", "properties": { "BMP": 1.14647, "EMP": 1.24882, "PREFIX": "SR", "ROUTE": "92", "ISLAND": "Oahu", "DIRECTION": "+MP", "TYPE": "Sidewalk", "MATERIAL": "Concrete", "LENGTH": 558.0, "NHS": "YES", "Shape_Leng": 169.94141820900001 }, "geometry": { "type": "MultiLineString", "coordinates": [ [ [ -157.9283, 21.33923 ], [ -157.9268, 21.33867 ] ] ] } },
{ "type": "Feature", "properties": { "BMP": 3.32305, "EMP": 3.55946, "PREFIX": "SR", "ROUTE": "92", "ISLAND": "Oahu", "DIRECTION": "+MP", "TYPE": "Sidewalk", "MATERIAL": "Concrete", "LENGTH": 1248.0, "NHS": "YES", "Shape_Leng": 380.41205938299998 }, "geometry": { "type": "MultiLineString", "coordinates": [ [ [ -157.89513, 21.33366 ], [ -157.89156, 21.33288 ] ] ] } },
{ "type": "Feature", "properties": { "BMP": 1.26517, "EMP": 1.26563, "PREFIX": "SR", "ROUTE": "92", "ISLAND": "Oahu", "DIRECTION": "+MP", "TYPE": "Sidewalk", "MATERIAL": "Concrete", "LENGTH": 40.0, "NHS": "YES", "Shape_Leng": 12.102229467700001 }, "geometry": { "type": "MultiLineString", "coordinates": [ [ [ -157.92647, 21.33888 ], [ -157.92646, 21.33899 ] ] ] } },
{ "type": "Feature", "properties": { "BMP": 1.24748, "EMP": 1.25629, "PREFIX": "SR", "ROUTE": "92", "ISLAND": "Oahu", "DIRECTION": "+MP", "TYPE": "Sidewalk", "MATERIAL": "Concrete", "LENGTH": 50.0, "NHS": "YES", "Shape_Leng": 15.251949487699999 }, "geometry": { "type": "MultiLineString", "coordinates": [ [ [ -157.92679, 21.33877 ], [ -157.92665, 21.33877 ] ] ] } },
{ "type": "Feature", "properties": { "BMP": 1.26376, "EMP": 1.27279, "PREFIX": "SR", "ROUTE": "92", "ISLAND": "Oahu", "DIRECTION": "+MP", "TYPE": "Sidewalk", "MATERIAL": "Concrete", "LENGTH": 49.0, "NHS": "YES", "Shape_Leng": 15.019978436100001 }, "geometry": { "type": "MultiLineString", "coordinates": [ [ [ -157.92653, 21.33874 ], [ -157.9264, 21.3387 ] ] ] } },
{ "type": "Feature", "properties": { "BMP": 1.51719, "EMP": 1.51865, "PREFIX": "SR", "ROUTE": "92", "ISLAND": "Oahu", "DIRECTION": "+MP", "TYPE": "Sidewalk", "MATERIAL": "Concrete", "LENGTH": 37.0, "NHS": "YES", "Shape_Leng": 11.2434032049 }, "geometry": { "type": "MultiLineString", "coordinates": [ [ [ -157.9226, 21.3383 ], [ -157.9226, 21.33841 ] ] ] } },
{ "type": "Feature", "properties": { "BMP": 1.51616, "EMP": 1.52361, "PREFIX": "SR", "ROUTE": "92", "ISLAND": "Oahu", "DIRECTION": "+MP", "TYPE": "Sidewalk", "MATERIAL": "Concrete", "LENGTH": 40.0, "NHS": "YES", "Shape_Leng": 12.2526794171 }, "geometry": { "type": "MultiLineString", "coordinates": [ [ [ -157.92266, 21.33815 ], [ -157.92255, 21.33811 ] ] ] } },
{ "type": "Feature", "properties": { "BMP": 1.49671, "EMP": 1.50467, "PREFIX": "SR", "ROUTE": "92", "ISLAND": "Oahu", "DIRECTION": "+MP", "TYPE": "Sidewalk", "MATERIAL": "Concrete", "LENGTH": 43.0, "NHS": "YES", "Shape_Leng": 13.239370276600001 }, "geometry": { "type": "MultiLineString", "coordinates": [ [ [ -157.92297, 21.33818 ], [ -157.92284, 21.33817 ] ] ] } },
{ "type": "Feature", "properties": { "BMP": 27.14973, "EMP": 27.07735, "PREFIX": "SR", "ROUTE": "H-1", "ISLAND": "Oahu", "DIRECTION": "-MP", "TYPE": "Sidewalk", "MATERIAL": "Concrete", "LENGTH": 387.0, "NHS": "YES", "Shape_Leng": 118.030149898 }, "geometry": { "type": "MultiLineString", "coordinates": [ [ [ -157.77982, 21.27805 ], [ -157.78093, 21.27818 ] ] ] } },
{ "type": "Feature", "properties": { "BMP": 7.0621, "EMP": 7.67747, "PREFIX": "SR", "ROUTE": "93", "ISLAND": "Oahu", "DIRECTION": "+MP", "TYPE": "Sidewalk", "MATERIAL": "Asphalt", "LENGTH": 3238.0, "NHS": "YES", "Shape_Leng": 987.10570850600004 }, "geometry": { "type": "MultiLineString", "coordinates": [ [ [ -158.16578, 21.39761 ], [ -158.17446, 21.40068 ] ] ] } },
{ "type": "Feature", "properties": { "BMP": 18.25472, "EMP": 18.22874, "PREFIX": "SR", "ROUTE": "83", "ISLAND": "Oahu", "DIRECTION": "-MP", "TYPE": "Sidewalk", "MATERIAL": "Concrete", "LENGTH": 138.0, "NHS": "YES", "Shape_Leng": 41.919217718900001 }, "geometry": { "type": "MultiLineString", "coordinates": [ [ [ -157.92319, 21.64874 ], [ -157.92341, 21.64905 ] ] ] } },
{ "type": "Feature", "properties": { "BMP": 9.55878, "EMP": 9.35475, "PREFIX": "SR", "ROUTE": "83", "ISLAND": "Oahu", "DIRECTION": "-MP", "TYPE": "Sidewalk", "MATERIAL": "Asphalt", "LENGTH": 1079.0, "NHS": "YES", "Shape_Leng": 328.803763726 }, "geometry": { "type": "MultiLineString", "coordinates": [ [ [ -158.02989, 21.68297 ], [ -158.03241, 21.68116 ] ] ] } },
{ "type": "Feature", "properties": { "BMP": 9.34458, "EMP": 9.23579, "PREFIX": "SR", "ROUTE": "83", "ISLAND": "Oahu", "DIRECTION": "-MP", "TYPE": "Sidewalk", "MATERIAL": "Asphalt", "LENGTH": 574.0, "NHS": "YES", "Shape_Leng": 174.836599963 }, "geometry": { "type": "MultiLineString", "coordinates": [ [ [ -158.03253, 21.68107 ], [ -158.03386, 21.68008 ] ] ] } },
{ "type": "Feature", "properties": { "BMP": 9.23443, "EMP": 9.20683, "PREFIX": "SR", "ROUTE": "83", "ISLAND": "Oahu", "DIRECTION": "-MP", "TYPE": "Sidewalk", "MATERIAL": "Concrete", "LENGTH": 146.0, "NHS": "YES", "Shape_Leng": 44.404098363599999 }, "geometry": { "type": "MultiLineString", "coordinates": [ [ [ -158.03387, 21.68006 ], [ -158.0342, 21.6798 ] ] ] } },
{ "type": "Feature", "properties": { "BMP": 9.17623, "EMP": 9.17361, "PREFIX": "SR", "ROUTE": "83", "ISLAND": "Oahu", "DIRECTION": "-MP", "TYPE": "Sidewalk", "MATERIAL": "Concrete", "LENGTH": 20.0, "NHS": "YES", "Shape_Leng": 6.1543768387100002 }, "geometry": { "type": "MultiLineString", "coordinates": [ [ [ -158.03459, 21.67955 ], [ -158.03464, 21.67956 ] ] ] } },
{ "type": "Feature", "properties": { "BMP": 9.16652, "EMP": 9.16238, "PREFIX": "SR", "ROUTE": "83", "ISLAND": "Oahu", "DIRECTION": "-MP", "TYPE": "Sidewalk", "MATERIAL": "Concrete", "LENGTH": 29.0, "NHS": "YES", "Shape_Leng": 8.7121824428999997 }, "geometry": { "type": "MultiLineString", "coordinates": [ [ [ -158.03472, 21.67948 ], [ -158.03474, 21.67941 ] ] ] } },
{ "type": "Feature", "properties": { "BMP": 9.11879, "EMP": 9.11599, "PREFIX": "SR", "ROUTE": "83", "ISLAND": "Oahu", "DIRECTION": "-MP", "TYPE": "Sidewalk", "MATERIAL": "Concrete", "LENGTH": 19.0, "NHS": "YES", "Shape_Leng": 5.7661486340900003 }, "geometry": { "type": "MultiLineString", "coordinates": [ [ [ -158.03526, 21.67899 ], [ -158.03531, 21.67898 ] ] ] } },
{ "type": "Feature", "properties": { "BMP": 9.10846, "EMP": 9.10413, "PREFIX": "SR", "ROUTE": "83", "ISLAND": "Oahu", "DIRECTION": "-MP", "TYPE": "Sidewalk", "MATERIAL": "Concrete", "LENGTH": 29.0, "NHS": "YES", "Shape_Leng": 8.8197359771099997 }, "geometry": { "type": "MultiLineString", "coordinates": [ [ [ -158.0354, 21.67891 ], [ -158.03542, 21.67884 ] ] ] } },
{ "type": "Feature", "properties": { "BMP": 8.64961, "EMP": 8.49002, "PREFIX": "SR", "ROUTE": "83", "ISLAND": "Oahu", "DIRECTION": "-MP", "TYPE": "Sidewalk", "MATERIAL": "Asphalt", "LENGTH": 865.0, "NHS": "YES", "Shape_Leng": 263.71592234500002 }, "geometry": { "type": "MultiLineString", "coordinates": [ [ [ -158.04021, 21.67398 ], [ -158.04206, 21.67244 ] ] ] } },
{ "type": "Feature", "properties": { "BMP": 8.09402, "EMP": 7.89995, "PREFIX": "SR", "ROUTE": "83", "ISLAND": "Oahu", "DIRECTION": "-MP", "TYPE": "Sidewalk", "MATERIAL": "Concrete", "LENGTH": 1038.0, "NHS": "YES", "Shape_Leng": 316.28079257899998 }, "geometry": { "type": "MultiLineString", "coordinates": [ [ [ -158.04648, 21.66843 ], [ -158.04862, 21.66645 ] ] ] } },
{ "type": "Feature", "properties": { "BMP": 7.76908, "EMP": 7.66214, "PREFIX": "SR", "ROUTE": "83", "ISLAND": "Oahu", "DIRECTION": "-MP", "TYPE": "Sidewalk", "MATERIAL": "Asphalt", "LENGTH": 566.0, "NHS": "YES", "Shape_Leng": 172.416654908 }, "geometry": { "type": "MultiLineString", "coordinates": [ [ [ -158.05009, 21.66513 ], [ -158.05126, 21.66403 ] ] ] } },
{ "type": "Feature", "properties": { "BMP": 6.59286, "EMP": 6.5693, "PREFIX": "SR", "ROUTE": "83", "ISLAND": "Oahu", "DIRECTION": "-MP", "TYPE": "Sidewalk", "MATERIAL": "Asphalt", "LENGTH": 131.0, "NHS": "YES", "Shape_Leng": 39.901722377699997 }, "geometry": { "type": "MultiLineString", "coordinates": [ [ [ -158.06129, 21.65183 ], [ -158.0614, 21.65149 ] ] ] } },
{ "type": "Feature", "properties": { "BMP": 3.98825, "EMP": 4.01199, "PREFIX": "SR", "ROUTE": "92", "ISLAND": "Oahu", "DIRECTION": "+MP", "TYPE": "Sidewalk", "MATERIAL": "Concrete", "LENGTH": 126.0, "NHS": "YES", "Shape_Leng": 38.414791535200003 }, "geometry": { "type": "MultiLineString", "coordinates": [ [ [ -157.88698, 21.32907 ], [ -157.88684, 21.32875 ] ] ] } },
{ "type": "Feature", "properties": { "BMP": 4.03104, "EMP": 4.03104, "PREFIX": "SR", "ROUTE": "92", "ISLAND": "Oahu", "DIRECTION": "+MP", "TYPE": "Sidewalk", "MATERIAL": "Concrete", "LENGTH": 7.0, "NHS": "YES", "Shape_Leng": 2.16947551262 }, "geometry": { "type": "MultiLineString", "coordinates": [ [ [ -157.88658, 21.32854 ], [ -157.88656, 21.32855 ] ] ] } },
{ "type": "Feature", "properties": { "BMP": 4.11196, "EMP": 4.14955, "PREFIX": "SR", "ROUTE": "92", "ISLAND": "Oahu", "DIRECTION": "+MP", "TYPE": "Sidewalk", "MATERIAL": "Concrete", "LENGTH": 210.0, "NHS": "YES", "Shape_Leng": 64.042632802 }, "geometry": { "type": "MultiLineString", "coordinates": [ [ [ -157.88603, 21.32747 ], [ -157.88567, 21.32701 ] ] ] } },
{ "type": "Feature", "properties": { "BMP": 4.31456, "EMP": 4.33925, "PREFIX": "SR", "ROUTE": "92", "ISLAND": "Oahu", "DIRECTION": "+MP", "TYPE": "Sidewalk", "MATERIAL": "Concrete", "LENGTH": 132.0, "NHS": "YES", "Shape_Leng": 40.1334125339 }, "geometry": { "type": "MultiLineString", "coordinates": [ [ [ -157.88374, 21.32543 ], [ -157.88343, 21.32521 ] ] ] } },
{ "type": "Feature", "properties": { "BMP": 4.45795, "EMP": 4.48645, "PREFIX": "SR", "ROUTE": "92", "ISLAND": "Oahu", "DIRECTION": "+MP", "TYPE": "Sidewalk", "MATERIAL": "Concrete", "LENGTH": 154.0, "NHS": "YES", "Shape_Leng": 46.963453925700001 }, "geometry": { "type": "MultiLineString", "coordinates": [ [ [ -157.88211, 21.32401 ], [ -157.88175, 21.32376 ] ] ] } },
{ "type": "Feature", "properties": { "BMP": 4.52142, "EMP": 4.53612, "PREFIX": "SR", "ROUTE": "92", "ISLAND": "Oahu", "DIRECTION": "+MP", "TYPE": "Sidewalk", "MATERIAL": "Concrete", "LENGTH": 82.0, "NHS": "YES", "Shape_Leng": 24.994474456199999 }, "geometry": { "type": "MultiLineString", "coordinates": [ [ [ -157.88137, 21.32341 ], [ -157.88125, 21.32322 ] ] ] } },
{ "type": "Feature", "properties": { "BMP": 4.68338, "EMP": 4.69376, "PREFIX": "SR", "ROUTE": "92", "ISLAND": "Oahu", "DIRECTION": "+MP", "TYPE": "Sidewalk", "MATERIAL": "Concrete", "LENGTH": 58.0, "NHS": "YES", "Shape_Leng": 17.514177273600001 }, "geometry": { "type": "MultiLineString", "coordinates": [ [ [ -157.87967, 21.32168 ], [ -157.87959, 21.32154 ] ] ] } },
{ "type": "Feature", "properties": { "BMP": 4.71516, "EMP": 4.9275, "PREFIX": "SR", "ROUTE": "92", "ISLAND": "Oahu", "DIRECTION": "+MP", "TYPE": "Sidewalk", "MATERIAL": "Concrete", "LENGTH": 1128.0, "NHS": "YES", "Shape_Leng": 343.71319676000002 }, "geometry": { "type": "MultiLineString", "coordinates": [ [ [ -157.87939, 21.32129 ], [ -157.87683, 21.31938 ] ] ] } },
{ "type": "Feature", "properties": { "BMP": 4.85625, "EMP": 4.88305, "PREFIX": "SR", "ROUTE": "92", "ISLAND": "Oahu", "DIRECTION": "+MP", "TYPE": "Sidewalk", "MATERIAL": "Concrete", "LENGTH": 142.0, "NHS": "YES", "Shape_Leng": 43.350528071699998 }, "geometry": { "type": "MultiLineString", "coordinates": [ [ [ -157.87752, 21.32018 ], [ -157.87718, 21.31995 ] ] ] } },
{ "type": "Feature", "properties": { "BMP": 4.93157, "EMP": 4.93585, "PREFIX": "SR", "ROUTE": "92", "ISLAND": "Oahu", "DIRECTION": "+MP", "TYPE": "Sidewalk", "MATERIAL": "Concrete", "LENGTH": 23.0, "NHS": "YES", "Shape_Leng": 6.9336590996399998 }, "geometry": { "type": "MultiLineString", "coordinates": [ [ [ -157.87677, 21.31935 ], [ -157.87672, 21.31931 ] ] ] } },
{ "type": "Feature", "properties": { "BMP": 4.95102, "EMP": 5.1043, "PREFIX": "SR", "ROUTE": "92", "ISLAND": "Oahu", "DIRECTION": "+MP", "TYPE": "Sidewalk", "MATERIAL": "Concrete", "LENGTH": 804.0, "NHS": "YES", "Shape_Leng": 245.238778865 }, "geometry": { "type": "MultiLineString", "coordinates": [ [ [ -157.87661, 21.31912 ], [ -157.87553, 21.31718 ] ] ] } },
{ "type": "Feature", "properties": { "BMP": 5.13295, "EMP": 5.23986, "PREFIX": "SR", "ROUTE": "92", "ISLAND": "Oahu", "DIRECTION": "+MP", "TYPE": "Sidewalk", "MATERIAL": "Concrete", "LENGTH": 568.0, "NHS": "YES", "Shape_Leng": 173.10777819500001 }, "geometry": { "type": "MultiLineString", "coordinates": [ [ [ -157.87533, 21.31681 ], [ -157.87466, 21.31539 ] ] ] } },
{ "type": "Feature", "properties": { "BMP": 5.10866, "EMP": 5.11268, "PREFIX": "SR", "ROUTE": "92", "ISLAND": "Oahu", "DIRECTION": "+MP", "TYPE": "Sidewalk", "MATERIAL": "Concrete", "LENGTH": 21.0, "NHS": "YES", "Shape_Leng": 6.4597815714199998 }, "geometry": { "type": "MultiLineString", "coordinates": [ [ [ -157.87547, 21.31714 ], [ -157.87545, 21.31708 ] ] ] } },
{ "type": "Feature", "properties": { "BMP": 5.1248, "EMP": 5.1282, "PREFIX": "SR", "ROUTE": "92", "ISLAND": "Oahu", "DIRECTION": "+MP", "TYPE": "Sidewalk", "MATERIAL": "Concrete", "LENGTH": 18.0, "NHS": "YES", "Shape_Leng": 5.4921647062199996 }, "geometry": { "type": "MultiLineString", "coordinates": [ [ [ -157.87536, 21.31693 ], [ -157.87533, 21.31688 ] ] ] } },
{ "type": "Feature", "properties": { "BMP": 41.17838, "EMP": 41.1782, "PREFIX": "SR", "ROUTE": "83", "ISLAND": "Oahu", "DIRECTION": "-MP", "TYPE": "Sidewalk", "MATERIAL": "Concrete", "LENGTH": 4.0, "NHS": "YES", "Shape_Leng": 1.33643012558 }, "geometry": { "type": "MultiLineString", "coordinates": [ [ [ -157.7995, 21.40275 ], [ -157.79952, 21.40276 ] ] ] } },
{ "type": "Feature", "properties": { "BMP": 41.38457, "EMP": 41.3783, "PREFIX": "SR", "ROUTE": "83", "ISLAND": "Oahu", "DIRECTION": "-MP", "TYPE": "Sidewalk", "MATERIAL": "Concrete", "LENGTH": 33.0, "NHS": "YES", "Shape_Leng": 10.0659044911 }, "geometry": { "type": "MultiLineString", "coordinates": [ [ [ -157.79877, 21.39992 ], [ -157.79881, 21.40001 ] ] ] } },
{ "type": "Feature", "properties": { "BMP": 41.18171, "EMP": 41.17772, "PREFIX": "SR", "ROUTE": "83", "ISLAND": "Oahu", "DIRECTION": "-MP", "TYPE": "Sidewalk", "MATERIAL": "Concrete", "LENGTH": 25.0, "NHS": "YES", "Shape_Leng": 7.4761884218 }, "geometry": { "type": "MultiLineString", "coordinates": [ [ [ -157.79947, 21.4027 ], [ -157.7995, 21.40276 ] ] ] } },
{ "type": "Feature", "properties": { "BMP": 5.24387, "EMP": 5.24817, "PREFIX": "SR", "ROUTE": "92", "ISLAND": "Oahu", "DIRECTION": "+MP", "TYPE": "Sidewalk", "MATERIAL": "Concrete", "LENGTH": 24.0, "NHS": "YES", "Shape_Leng": 7.1417773134300004 }, "geometry": { "type": "MultiLineString", "coordinates": [ [ [ -157.8746, 21.31535 ], [ -157.87456, 21.3153 ] ] ] } },
{ "type": "Feature", "properties": { "BMP": 5.4066, "EMP": 5.55675, "PREFIX": "SR", "ROUTE": "92", "ISLAND": "Oahu", "DIRECTION": "+MP", "TYPE": "Sidewalk", "MATERIAL": "Concrete", "LENGTH": 804.0, "NHS": "YES", "Shape_Leng": 245.127043203 }, "geometry": { "type": "MultiLineString", "coordinates": [ [ [ -157.87294, 21.31361 ], [ -157.87073, 21.31308 ] ] ] } },
{ "type": "Feature", "properties": { "BMP": 5.73731, "EMP": 5.80972, "PREFIX": "SR", "ROUTE": "92", "ISLAND": "Oahu", "DIRECTION": "+MP", "TYPE": "Sidewalk", "MATERIAL": "Concrete", "LENGTH": 417.0, "NHS": "YES", "Shape_Leng": 127.206287163 }, "geometry": { "type": "MultiLineString", "coordinates": [ [ [ -157.86809, 21.31383 ], [ -157.86708, 21.31437 ] ] ] } },
{ "type": "Feature", "properties": { "BMP": 5.73204, "EMP": 5.76403, "PREFIX": "SR", "ROUTE": "92", "ISLAND": "Oahu", "DIRECTION": "+MP", "TYPE": "Sidewalk", "MATERIAL": "Concrete", "LENGTH": 179.0, "NHS": "YES", "Shape_Leng": 54.6323170788 }, "geometry": { "type": "MultiLineString", "coordinates": [ [ [ -157.86805, 21.31355 ], [ -157.86761, 21.31378 ] ] ] } },
{ "type": "Feature", "properties": { "BMP": 5.826, "EMP": 5.86936, "PREFIX": "SR", "ROUTE": "92", "ISLAND": "Oahu", "DIRECTION": "+MP", "TYPE": "Sidewalk", "MATERIAL": "Concrete", "LENGTH": 266.0, "NHS": "YES", "Shape_Leng": 81.17769845 }, "geometry": { "type": "MultiLineString", "coordinates": [ [ [ -157.8668, 21.31445 ], [ -157.86607, 21.31426 ] ] ] } },
{ "type": "Feature", "properties": { "BMP": 5.92179, "EMP": 5.97573, "PREFIX": "SR", "ROUTE": "92", "ISLAND": "Oahu", "DIRECTION": "+MP", "TYPE": "Sidewalk", "MATERIAL": "Concrete", "LENGTH": 291.0, "NHS": "YES", "Shape_Leng": 88.755341341999994 }, "geometry": { "type": "MultiLineString", "coordinates": [ [ [ -157.86545, 21.3137 ], [ -157.86516, 21.31295 ] ] ] } },
{ "type": "Feature", "properties": { "BMP": 8.88028, "EMP": 8.88028, "PREFIX": "SR", "ROUTE": "92", "ISLAND": "Oahu", "DIRECTION": "+MP", "TYPE": "Sidewalk", "MATERIAL": "Concrete", "LENGTH": 7.0, "NHS": "YES", "Shape_Leng": 2.2339656450500001 }, "geometry": { "type": "MultiLineString", "coordinates": [ [ [ -157.8387, 21.28543 ], [ -157.83868, 21.28545 ] ] ] } },
{ "type": "Feature", "properties": { "BMP": 6.04109, "EMP": 6.04129, "PREFIX": "SR", "ROUTE": "92", "ISLAND": "Oahu", "DIRECTION": "+MP", "TYPE": "Sidewalk", "MATERIAL": "Concrete", "LENGTH": 12.0, "NHS": "YES", "Shape_Leng": 3.7557451047899999 }, "geometry": { "type": "MultiLineString", "coordinates": [ [ [ -157.86506, 21.31201 ], [ -157.8651, 21.312 ] ] ] } },
{ "type": "Feature", "properties": { "BMP": 8.87455, "EMP": 8.97577, "PREFIX": "SR", "ROUTE": "92", "ISLAND": "Oahu", "DIRECTION": "+MP", "TYPE": "Sidewalk", "MATERIAL": "Concrete", "LENGTH": 568.0, "NHS": "YES", "Shape_Leng": 173.03034534099999 }, "geometry": { "type": "MultiLineString", "coordinates": [ [ [ -157.8389, 21.28538 ], [ -157.83764, 21.28442 ] ] ] } },
{ "type": "Feature", "properties": { "BMP": 6.06663, "EMP": 6.07817, "PREFIX": "SR", "ROUTE": "92", "ISLAND": "Oahu", "DIRECTION": "+MP", "TYPE": "Sidewalk", "MATERIAL": "Concrete", "LENGTH": 65.0, "NHS": "YES", "Shape_Leng": 19.704132592000001 }, "geometry": { "type": "MultiLineString", "coordinates": [ [ [ -157.8652, 21.3116 ], [ -157.86515, 21.31142 ] ] ] } },
{ "type": "Feature", "properties": { "BMP": 8.98595, "EMP": 9.08653, "PREFIX": "SR", "ROUTE": "92", "ISLAND": "Oahu", "DIRECTION": "+MP", "TYPE": "Sidewalk", "MATERIAL": "Other", "LENGTH": 560.0, "NHS": "YES", "Shape_Leng": 170.78517959000001 }, "geometry": { "type": "MultiLineString", "coordinates": [ [ [ -157.83746, 21.28439 ], [ -157.83587, 21.28469 ] ] ] } },
{ "type": "Feature", "properties": { "BMP": 6.0888, "EMP": 6.13096, "PREFIX": "SR", "ROUTE": "92", "ISLAND": "Oahu", "DIRECTION": "+MP", "TYPE": "Sidewalk", "MATERIAL": "Concrete", "LENGTH": 226.0, "NHS": "YES", "Shape_Leng": 68.781230182599998 }, "geometry": { "type": "MultiLineString", "coordinates": [ [ [ -157.86508, 21.31127 ], [ -157.86482, 21.3107 ] ] ] } },
{ "type": "Feature", "properties": { "BMP": 6.13964, "EMP": 6.15112, "PREFIX": "SR", "ROUTE": "92", "ISLAND": "Oahu", "DIRECTION": "+MP", "TYPE": "Sidewalk", "MATERIAL": "Concrete", "LENGTH": 60.0, "NHS": "YES", "Shape_Leng": 18.139564677100001 }, "geometry": { "type": "MultiLineString", "coordinates": [ [ [ -157.86476, 21.31059 ], [ -157.86469, 21.31044 ] ] ] } },
{ "type": "Feature", "properties": { "BMP": 9.09102, "EMP": 9.09534, "PREFIX": "SR", "ROUTE": "92", "ISLAND": "Oahu", "DIRECTION": "+MP", "TYPE": "Sidewalk", "MATERIAL": "Concrete", "LENGTH": 25.0, "NHS": "YES", "Shape_Leng": 7.51042735436 }, "geometry": { "type": "MultiLineString", "coordinates": [ [ [ -157.83584, 21.28479 ], [ -157.83578, 21.28481 ] ] ] } },
{ "type": "Feature", "properties": { "BMP": 6.15846, "EMP": 6.26097, "PREFIX": "SR", "ROUTE": "92", "ISLAND": "Oahu", "DIRECTION": "+MP", "TYPE": "Sidewalk", "MATERIAL": "Concrete", "LENGTH": 517.0, "NHS": "YES", "Shape_Leng": 157.51582485399999 }, "geometry": { "type": "MultiLineString", "coordinates": [ [ [ -157.86463, 21.31035 ], [ -157.86441, 21.30896 ] ] ] } },
{ "type": "Feature", "properties": { "BMP": 9.09345, "EMP": 9.09363, "PREFIX": "SR", "ROUTE": "92", "ISLAND": "Oahu", "DIRECTION": "+MP", "TYPE": "Sidewalk", "MATERIAL": "Concrete", "LENGTH": 5.0, "NHS": "YES", "Shape_Leng": 1.4142122688900001 }, "geometry": { "type": "MultiLineString", "coordinates": [ [ [ -157.83581, 21.28482 ], [ -157.83581, 21.28483 ] ] ] } },
{ "type": "Feature", "properties": { "BMP": 5.40154, "EMP": 5.41574, "PREFIX": "SR", "ROUTE": "92", "ISLAND": "Oahu", "DIRECTION": "+MP", "TYPE": "Sidewalk", "MATERIAL": "Concrete", "LENGTH": 81.0, "NHS": "YES", "Shape_Leng": 24.596338527099999 }, "geometry": { "type": "MultiLineString", "coordinates": [ [ [ -157.87314, 21.31343 ], [ -157.87292, 21.31337 ] ] ] } },
{ "type": "Feature", "properties": { "BMP": 5.42544, "EMP": 5.45256, "PREFIX": "SR", "ROUTE": "92", "ISLAND": "Oahu", "DIRECTION": "+MP", "TYPE": "Sidewalk", "MATERIAL": "Concrete", "LENGTH": 148.0, "NHS": "YES", "Shape_Leng": 45.225813072999998 }, "geometry": { "type": "MultiLineString", "coordinates": [ [ [ -157.87277, 21.31332 ], [ -157.87236, 21.31317 ] ] ] } },
{ "type": "Feature", "properties": { "BMP": 5.46132, "EMP": 5.46415, "PREFIX": "SR", "ROUTE": "92", "ISLAND": "Oahu", "DIRECTION": "+MP", "TYPE": "Sidewalk", "MATERIAL": "Concrete", "LENGTH": 16.0, "NHS": "YES", "Shape_Leng": 4.9092519289499998 }, "geometry": { "type": "MultiLineString", "coordinates": [ [ [ -157.87223, 21.31313 ], [ -157.87218, 21.31312 ] ] ] } },
{ "type": "Feature", "properties": { "BMP": 5.31618, "EMP": 5.38782, "PREFIX": "SR", "ROUTE": "92", "ISLAND": "Oahu", "DIRECTION": "+MP", "TYPE": "Sidewalk", "MATERIAL": "Concrete", "LENGTH": 393.0, "NHS": "YES", "Shape_Leng": 119.78793416000001 }, "geometry": { "type": "MultiLineString", "coordinates": [ [ [ -157.87405, 21.31441 ], [ -157.87332, 21.31357 ] ] ] } },
{ "type": "Feature", "properties": { "BMP": 5.47185, "EMP": 5.51649, "PREFIX": "SR", "ROUTE": "92", "ISLAND": "Oahu", "DIRECTION": "+MP", "TYPE": "Sidewalk", "MATERIAL": "Concrete", "LENGTH": 238.0, "NHS": "YES", "Shape_Leng": 72.503484342600004 }, "geometry": { "type": "MultiLineString", "coordinates": [ [ [ -157.87206, 21.31309 ], [ -157.87137, 21.31297 ] ] ] } },
{ "type": "Feature", "properties": { "BMP": 5.52517, "EMP": 5.55241, "PREFIX": "SR", "ROUTE": "92", "ISLAND": "Oahu", "DIRECTION": "+MP", "TYPE": "Sidewalk", "MATERIAL": "Concrete", "LENGTH": 152.0, "NHS": "YES", "Shape_Leng": 46.178879282700002 }, "geometry": { "type": "MultiLineString", "coordinates": [ [ [ -157.87124, 21.31295 ], [ -157.87081, 21.31286 ] ] ] } },
{ "type": "Feature", "properties": { "BMP": 5.63049, "EMP": 5.67265, "PREFIX": "SR", "ROUTE": "92", "ISLAND": "Oahu", "DIRECTION": "+MP", "TYPE": "Sidewalk", "MATERIAL": "Concrete", "LENGTH": 223.0, "NHS": "YES", "Shape_Leng": 68.103663635499998 }, "geometry": { "type": "MultiLineString", "coordinates": [ [ [ -157.86956, 21.31308 ], [ -157.86895, 21.3133 ] ] ] } },
{ "type": "Feature", "properties": { "BMP": 5.67771, "EMP": 5.71975, "PREFIX": "SR", "ROUTE": "92", "ISLAND": "Oahu", "DIRECTION": "+MP", "TYPE": "Sidewalk", "MATERIAL": "Concrete", "LENGTH": 223.0, "NHS": "YES", "Shape_Leng": 67.971146935500002 }, "geometry": { "type": "MultiLineString", "coordinates": [ [ [ -157.86888, 21.31333 ], [ -157.86825, 21.31351 ] ] ] } },
{ "type": "Feature", "properties": { "BMP": 5.57122, "EMP": 5.61665, "PREFIX": "SR", "ROUTE": "92", "ISLAND": "Oahu", "DIRECTION": "+MP", "TYPE": "Sidewalk", "MATERIAL": "Concrete", "LENGTH": 255.0, "NHS": "YES", "Shape_Leng": 77.700490230699998 }, "geometry": { "type": "MultiLineString", "coordinates": [ [ [ -157.8705, 21.31286 ], [ -157.86977, 21.31301 ] ] ] } },
{ "type": "Feature", "properties": { "BMP": 5.62211, "EMP": 5.62548, "PREFIX": "SR", "ROUTE": "92", "ISLAND": "Oahu", "DIRECTION": "+MP", "TYPE": "Sidewalk", "MATERIAL": "Concrete", "LENGTH": 18.0, "NHS": "YES", "Shape_Leng": 5.4991517610800003 }, "geometry": { "type": "MultiLineString", "coordinates": [ [ [ -157.86968, 21.31304 ], [ -157.86964, 21.31306 ] ] ] } },
{ "type": "Feature", "properties": { "BMP": 5.85523, "EMP": 6.06016, "PREFIX": "SR", "ROUTE": "92", "ISLAND": "Oahu", "DIRECTION": "+MP", "TYPE": "Sidewalk", "MATERIAL": "Concrete", "LENGTH": 1025.0, "NHS": "YES", "Shape_Leng": 312.47108065999998 }, "geometry": { "type": "MultiLineString", "coordinates": [ [ [ -157.86638, 21.314 ], [ -157.86522, 21.31169 ] ] ] } },
{ "type": "Feature", "properties": { "BMP": 5.77536, "EMP": 5.81605, "PREFIX": "SR", "ROUTE": "92", "ISLAND": "Oahu", "DIRECTION": "+MP", "TYPE": "Sidewalk", "MATERIAL": "Concrete", "LENGTH": 198.0, "NHS": "YES", "Shape_Leng": 60.241153431900003 }, "geometry": { "type": "MultiLineString", "coordinates": [ [ [ -157.86746, 21.31387 ], [ -157.86692, 21.31407 ] ] ] } },
{ "type": "Feature", "properties": { "BMP": 5.82156, "EMP": 5.84281, "PREFIX": "SR", "ROUTE": "92", "ISLAND": "Oahu", "DIRECTION": "+MP", "TYPE": "Sidewalk", "MATERIAL": "Concrete", "LENGTH": 100.0, "NHS": "YES", "Shape_Leng": 30.469154410800002 }, "geometry": { "type": "MultiLineString", "coordinates": [ [ [ -157.86684, 21.31406 ], [ -157.86655, 21.31403 ] ] ] } },
{ "type": "Feature", "properties": { "BMP": 6.27201, "EMP": 6.32462, "PREFIX": "SR", "ROUTE": "92", "ISLAND": "Oahu", "DIRECTION": "+MP", "TYPE": "Sidewalk", "MATERIAL": "Concrete", "LENGTH": 298.0, "NHS": "YES", "Shape_Leng": 90.744024662900003 }, "geometry": { "type": "MultiLineString", "coordinates": [ [ [ -157.86444, 21.3088 ], [ -157.86449, 21.30799 ] ] ] } },
{ "type": "Feature", "properties": { "BMP": 6.3402, "EMP": 6.40055, "PREFIX": "SR", "ROUTE": "92", "ISLAND": "Oahu", "DIRECTION": "+MP", "TYPE": "Sidewalk", "MATERIAL": "Concrete", "LENGTH": 334.0, "NHS": "YES", "Shape_Leng": 101.78875021899999 }, "geometry": { "type": "MultiLineString", "coordinates": [ [ [ -157.8644, 21.30774 ], [ -157.86391, 21.30696 ] ] ] } },
{ "type": "Feature", "properties": { "BMP": 6.40196, "EMP": 6.40558, "PREFIX": "SR", "ROUTE": "92", "ISLAND": "Oahu", "DIRECTION": "+MP", "TYPE": "Sidewalk", "MATERIAL": "Concrete", "LENGTH": 20.0, "NHS": "YES", "Shape_Leng": 6.155409417 }, "geometry": { "type": "MultiLineString", "coordinates": [ [ [ -157.86384, 21.30698 ], [ -157.8638, 21.30694 ] ] ] } },
{ "type": "Feature", "properties": { "BMP": 6.416, "EMP": 6.52724, "PREFIX": "SR", "ROUTE": "92", "ISLAND": "Oahu", "DIRECTION": "+MP", "TYPE": "Sidewalk", "MATERIAL": "Concrete", "LENGTH": 576.0, "NHS": "YES", "Shape_Leng": 175.44418949199999 }, "geometry": { "type": "MultiLineString", "coordinates": [ [ [ -157.86375, 21.3068 ], [ -157.86293, 21.30542 ] ] ] } },
{ "type": "Feature", "properties": { "BMP": 6.5311, "EMP": 6.53252, "PREFIX": "SR", "ROUTE": "92", "ISLAND": "Oahu", "DIRECTION": "+MP", "TYPE": "Sidewalk", "MATERIAL": "Concrete", "LENGTH": 18.0, "NHS": "YES", "Shape_Leng": 5.5815745040599998 }, "geometry": { "type": "MultiLineString", "coordinates": [ [ [ -157.86272, 21.30539 ], [ -157.86277, 21.3054 ] ] ] } },
{ "type": "Feature", "properties": { "BMP": 6.53807, "EMP": 6.66529, "PREFIX": "SR", "ROUTE": "92", "ISLAND": "Oahu", "DIRECTION": "+MP", "TYPE": "Sidewalk", "MATERIAL": "Concrete", "LENGTH": 658.0, "NHS": "YES", "Shape_Leng": 200.60646413500001 }, "geometry": { "type": "MultiLineString", "coordinates": [ [ [ -157.86291, 21.30528 ], [ -157.86348, 21.30357 ] ] ] } },
{ "type": "Feature", "properties": { "BMP": 6.67019, "EMP": 6.83255, "PREFIX": "SR", "ROUTE": "92", "ISLAND": "Oahu", "DIRECTION": "+MP", "TYPE": "Sidewalk", "MATERIAL": "Concrete", "LENGTH": 871.0, "NHS": "YES", "Shape_Leng": 265.64892361699998 }, "geometry": { "type": "MultiLineString", "coordinates": [ [ [ -157.86357, 21.30351 ], [ -157.86333, 21.30112 ] ] ] } },
{ "type": "Feature", "properties": { "BMP": 6.85211, "EMP": 6.94876, "PREFIX": "SR", "ROUTE": "92", "ISLAND": "Oahu", "DIRECTION": "+MP", "TYPE": "Sidewalk", "MATERIAL": "Concrete", "LENGTH": 510.0, "NHS": "YES", "Shape_Leng": 155.59011633200001 }, "geometry": { "type": "MultiLineString", "coordinates": [ [ [ -157.86329, 21.30084 ], [ -157.86314, 21.29944 ] ] ] } },
{ "type": "Feature", "properties": { "BMP": 6.97269, "EMP": 7.05341, "PREFIX": "SR", "ROUTE": "92", "ISLAND": "Oahu", "DIRECTION": "+MP", "TYPE": "Sidewalk", "MATERIAL": "Concrete", "LENGTH": 444.0, "NHS": "YES", "Shape_Leng": 135.35578256400001 }, "geometry": { "type": "MultiLineString", "coordinates": [ [ [ -157.86311, 21.29908 ], [ -157.86242, 21.29805 ] ] ] } },
{ "type": "Feature", "properties": { "BMP": 7.06307, "EMP": 7.11889, "PREFIX": "SR", "ROUTE": "92", "ISLAND": "Oahu", "DIRECTION": "+MP", "TYPE": "Sidewalk", "MATERIAL": "Concrete", "LENGTH": 295.0, "NHS": "YES", "Shape_Leng": 89.917572880899996 }, "geometry": { "type": "MultiLineString", "coordinates": [ [ [ -157.86231, 21.29795 ], [ -157.86173, 21.29734 ] ] ] } },
{ "type": "Feature", "properties": { "BMP": 7.1329, "EMP": 7.15704, "PREFIX": "SR", "ROUTE": "92", "ISLAND": "Oahu", "DIRECTION": "+MP", "TYPE": "Sidewalk", "MATERIAL": "Concrete", "LENGTH": 127.0, "NHS": "YES", "Shape_Leng": 38.8488088342 }, "geometry": { "type": "MultiLineString", "coordinates": [ [ [ -157.8616, 21.29718 ], [ -157.86134, 21.29692 ] ] ] } },
{ "type": "Feature", "properties": { "BMP": 7.16481, "EMP": 7.18809, "PREFIX": "SR", "ROUTE": "92", "ISLAND": "Oahu", "DIRECTION": "+MP", "TYPE": "Sidewalk", "MATERIAL": "Concrete", "LENGTH": 125.0, "NHS": "YES", "Shape_Leng": 38.1458340951 }, "geometry": { "type": "MultiLineString", "coordinates": [ [ [ -157.86126, 21.29684 ], [ -157.86105, 21.29656 ] ] ] } },
{ "type": "Feature", "properties": { "BMP": 7.19988, "EMP": 7.22299, "PREFIX": "SR", "ROUTE": "92", "ISLAND": "Oahu", "DIRECTION": "+MP", "TYPE": "Sidewalk", "MATERIAL": "Concrete", "LENGTH": 130.0, "NHS": "YES", "Shape_Leng": 39.490428830799999 }, "geometry": { "type": "MultiLineString", "coordinates": [ [ [ -157.86093, 21.29644 ], [ -157.86064, 21.2962 ] ] ] } },
{ "type": "Feature", "properties": { "BMP": 7.27267, "EMP": 7.33028, "PREFIX": "SR", "ROUTE": "92", "ISLAND": "Oahu", "DIRECTION": "+MP", "TYPE": "Sidewalk", "MATERIAL": "Concrete", "LENGTH": 304.0, "NHS": "YES", "Shape_Leng": 92.704642795500007 }, "geometry": { "type": "MultiLineString", "coordinates": [ [ [ -157.85995, 21.29584 ], [ -157.85915, 21.29547 ] ] ] } },
{ "type": "Feature", "properties": { "BMP": 7.23184, "EMP": 7.26505, "PREFIX": "SR", "ROUTE": "92", "ISLAND": "Oahu", "DIRECTION": "+MP", "TYPE": "Sidewalk", "MATERIAL": "Concrete", "LENGTH": 179.0, "NHS": "YES", "Shape_Leng": 54.704275884799998 }, "geometry": { "type": "MultiLineString", "coordinates": [ [ [ -157.86052, 21.29612 ], [ -157.86005, 21.29589 ] ] ] } },
{ "type": "Feature", "properties": { "BMP": 7.34121, "EMP": 7.40884, "PREFIX": "SR", "ROUTE": "92", "ISLAND": "Oahu", "DIRECTION": "+MP", "TYPE": "Sidewalk", "MATERIAL": "Concrete", "LENGTH": 364.0, "NHS": "YES", "Shape_Leng": 110.911855053 }, "geometry": { "type": "MultiLineString", "coordinates": [ [ [ -157.85899, 21.2954 ], [ -157.85808, 21.29492 ] ] ] } },
{ "type": "Feature", "properties": { "BMP": 7.42472, "EMP": 7.44952, "PREFIX": "SR", "ROUTE": "92", "ISLAND": "Oahu", "DIRECTION": "+MP", "TYPE": "Sidewalk", "MATERIAL": "Concrete", "LENGTH": 139.0, "NHS": "YES", "Shape_Leng": 42.272965437099998 }, "geometry": { "type": "MultiLineString", "coordinates": [ [ [ -157.85787, 21.2948 ], [ -157.8575, 21.29467 ] ] ] } },
{ "type": "Feature", "properties": { "BMP": 7.45448, "EMP": 7.57051, "PREFIX": "SR", "ROUTE": "92", "ISLAND": "Oahu", "DIRECTION": "+MP", "TYPE": "Sidewalk", "MATERIAL": "Concrete", "LENGTH": 606.0, "NHS": "YES", "Shape_Leng": 184.770964961 }, "geometry": { "type": "MultiLineString", "coordinates": [ [ [ -157.85741, 21.29467 ], [ -157.8558, 21.29396 ] ] ] } },
{ "type": "Feature", "properties": { "BMP": 7.57819, "EMP": 7.64166, "PREFIX": "SR", "ROUTE": "92", "ISLAND": "Oahu", "DIRECTION": "+MP", "TYPE": "Sidewalk", "MATERIAL": "Concrete", "LENGTH": 338.0, "NHS": "YES", "Shape_Leng": 103.00545166400001 }, "geometry": { "type": "MultiLineString", "coordinates": [ [ [ -157.85572, 21.29389 ], [ -157.85489, 21.29338 ] ] ] } },
{ "type": "Feature", "properties": { "BMP": 7.65172, "EMP": 7.6973, "PREFIX": "SR", "ROUTE": "92", "ISLAND": "Oahu", "DIRECTION": "+MP", "TYPE": "Sidewalk", "MATERIAL": "Concrete", "LENGTH": 245.0, "NHS": "YES", "Shape_Leng": 74.572758523399997 }, "geometry": { "type": "MultiLineString", "coordinates": [ [ [ -157.85476, 21.2933 ], [ -157.85417, 21.29295 ] ] ] } },
{ "type": "Feature", "properties": { "BMP": 7.71275, "EMP": 8.01432, "PREFIX": "SR", "ROUTE": "92", "ISLAND": "Oahu", "DIRECTION": "+MP", "TYPE": "Sidewalk", "MATERIAL": "Concrete", "LENGTH": 1598.0, "NHS": "YES", "Shape_Leng": 487.27588918399999 }, "geometry": { "type": "MultiLineString", "coordinates": [ [ [ -157.85396, 21.29283 ], [ -157.84957, 21.29145 ] ] ] } },
{ "type": "Feature", "properties": { "BMP": 0.22783, "EMP": 0.2907, "PREFIX": "SR", "ROUTE": "78", "ISLAND": "Oahu", "DIRECTION": "+MP", "TYPE": "Sidewalk", "MATERIAL": "Asphalt", "LENGTH": 333.0, "NHS": "YES", "Shape_Leng": 101.382689263 }, "geometry": { "type": "MultiLineString", "coordinates": [ [ [ -157.93282, 21.37598 ], [ -157.93185, 21.37584 ] ] ] } },
{ "type": "Feature", "properties": { "BMP": 8.2785, "EMP": 8.27975, "PREFIX": "SR", "ROUTE": "92", "ISLAND": "Oahu", "DIRECTION": "+MP", "TYPE": "Sidewalk", "MATERIAL": "Concrete", "LENGTH": 19.0, "NHS": "YES", "Shape_Leng": 5.8766658001999996 }, "geometry": { "type": "MultiLineString", "coordinates": [ [ [ -157.84575, 21.29007 ], [ -157.84571, 21.29012 ] ] ] } },
{ "type": "Feature", "properties": { "BMP": 8.39868, "EMP": 8.43505, "PREFIX": "SR", "ROUTE": "92", "ISLAND": "Oahu", "DIRECTION": "+MP", "TYPE": "Sidewalk", "MATERIAL": "Concrete", "LENGTH": 196.0, "NHS": "YES", "Shape_Leng": 59.636030027399997 }, "geometry": { "type": "MultiLineString", "coordinates": [ [ [ -157.84399, 21.28949 ], [ -157.84345, 21.28935 ] ] ] } },
{ "type": "Feature", "properties": { "BMP": 8.41674, "EMP": 8.41956, "PREFIX": "SR", "ROUTE": "92", "ISLAND": "Oahu", "DIRECTION": "+MP", "TYPE": "Sidewalk", "MATERIAL": "Concrete", "LENGTH": 33.0, "NHS": "YES", "Shape_Leng": 10.0225578265 }, "geometry": { "type": "MultiLineString", "coordinates": [ [ [ -157.84364, 21.28953 ], [ -157.84367, 21.28959 ] ] ] } },
{ "type": "Feature", "properties": { "BMP": 8.50783, "EMP": 8.52562, "PREFIX": "SR", "ROUTE": "92", "ISLAND": "Oahu", "DIRECTION": "+MP", "TYPE": "Sidewalk", "MATERIAL": "Concrete", "LENGTH": 93.0, "NHS": "YES", "Shape_Leng": 28.398553988 }, "geometry": { "type": "MultiLineString", "coordinates": [ [ [ -157.84236, 21.28908 ], [ -157.84209, 21.28901 ] ] ] } },
{ "type": "Feature", "properties": { "BMP": 8.52997, "EMP": 8.5582, "PREFIX": "SR", "ROUTE": "92", "ISLAND": "Oahu", "DIRECTION": "+MP", "TYPE": "Sidewalk", "MATERIAL": "Concrete", "LENGTH": 156.0, "NHS": "YES", "Shape_Leng": 47.505900508899998 }, "geometry": { "type": "MultiLineString", "coordinates": [ [ [ -157.84203, 21.289 ], [ -157.84162, 21.28882 ] ] ] } },
{ "type": "Feature", "properties": { "BMP": 8.57432, "EMP": 8.73604, "PREFIX": "SR", "ROUTE": "92", "ISLAND": "Oahu", "DIRECTION": "+MP", "TYPE": "Sidewalk", "MATERIAL": "Concrete", "LENGTH": 823.0, "NHS": "YES", "Shape_Leng": 250.96390698 }, "geometry": { "type": "MultiLineString", "coordinates": [ [ [ -157.84138, 21.28879 ], [ -157.84018, 21.28704 ] ] ] } },
{ "type": "Feature", "properties": { "BMP": 8.74115, "EMP": 8.74357, "PREFIX": "SR", "ROUTE": "92", "ISLAND": "Oahu", "DIRECTION": "+MP", "TYPE": "Sidewalk", "MATERIAL": "Concrete", "LENGTH": 14.0, "NHS": "YES", "Shape_Leng": 4.2043311299199999 }, "geometry": { "type": "MultiLineString", "coordinates": [ [ [ -157.84014, 21.28697 ], [ -157.84012, 21.28694 ] ] ] } },
{ "type": "Feature", "properties": { "BMP": 8.74658, "EMP": 8.86354, "PREFIX": "SR", "ROUTE": "92", "ISLAND": "Oahu", "DIRECTION": "+MP", "TYPE": "Sidewalk", "MATERIAL": "Concrete", "LENGTH": 635.0, "NHS": "YES", "Shape_Leng": 193.465320198 }, "geometry": { "type": "MultiLineString", "coordinates": [ [ [ -157.84014, 21.28687 ], [ -157.83901, 21.2855 ] ] ] } },
{ "type": "Feature", "properties": { "BMP": 1.02378, "EMP": 1.0482, "PREFIX": "SR", "ROUTE": "92", "ISLAND": "Oahu", "DIRECTION": "+MP", "TYPE": "Sidewalk", "MATERIAL": "Concrete", "LENGTH": 140.0, "NHS": "YES", "Shape_Leng": 42.556183619199999 }, "geometry": { "type": "MultiLineString", "coordinates": [ [ [ -157.9301, 21.33981 ], [ -157.92974, 21.33966 ] ] ] } },
{ "type": "Feature", "properties": { "BMP": 1.51797, "EMP": 1.5183, "PREFIX": "SR", "ROUTE": "92", "ISLAND": "Oahu", "DIRECTION": "+MP", "TYPE": "Sidewalk", "MATERIAL": "Concrete", "LENGTH": 7.0, "NHS": "YES", "Shape_Leng": 2.2260174857899999 }, "geometry": { "type": "MultiLineString", "coordinates": [ [ [ -157.92263, 21.33817 ], [ -157.92263, 21.33815 ] ] ] } },
{ "type": "Feature", "properties": { "BMP": 1.58816, "EMP": 1.60396, "PREFIX": "SR", "ROUTE": "92", "ISLAND": "Oahu", "DIRECTION": "+MP", "TYPE": "Sidewalk", "MATERIAL": "Concrete", "LENGTH": 83.0, "NHS": "YES", "Shape_Leng": 25.3515988433 }, "geometry": { "type": "MultiLineString", "coordinates": [ [ [ -157.92156, 21.33797 ], [ -157.92132, 21.33793 ] ] ] } },
{ "type": "Feature", "properties": { "BMP": 1.7895, "EMP": 1.79412, "PREFIX": "SR", "ROUTE": "92", "ISLAND": "Oahu", "DIRECTION": "+MP", "TYPE": "Sidewalk", "MATERIAL": "Concrete", "LENGTH": 24.0, "NHS": "YES", "Shape_Leng": 7.3919466049400002 }, "geometry": { "type": "MultiLineString", "coordinates": [ [ [ -157.91848, 21.33748 ], [ -157.91841, 21.33748 ] ] ] } },
{ "type": "Feature", "properties": { "BMP": 1.79217, "EMP": 1.79217, "PREFIX": "SR", "ROUTE": "92", "ISLAND": "Oahu", "DIRECTION": "+MP", "TYPE": "Sidewalk", "MATERIAL": "Concrete", "LENGTH": 11.0, "NHS": "YES", "Shape_Leng": 3.46451087763 }, "geometry": { "type": "MultiLineString", "coordinates": [ [ [ -157.91844, 21.33748 ], [ -157.91843, 21.33751 ] ] ] } },
{ "type": "Feature", "properties": { "BMP": 2.88737, "EMP": 2.89039, "PREFIX": "SR", "ROUTE": "92", "ISLAND": "Oahu", "DIRECTION": "+MP", "TYPE": "Sidewalk", "MATERIAL": "Concrete", "LENGTH": 23.0, "NHS": "YES", "Shape_Leng": 6.8563130127700003 }, "geometry": { "type": "MultiLineString", "coordinates": [ [ [ -157.90165, 21.33501 ], [ -157.90161, 21.33498 ] ] ] } },
{ "type": "Feature", "properties": { "BMP": 4.44269, "EMP": 4.44421, "PREFIX": "SR", "ROUTE": "92", "ISLAND": "Oahu", "DIRECTION": "+MP", "TYPE": "Sidewalk", "MATERIAL": "Asphalt", "LENGTH": 12.0, "NHS": "YES", "Shape_Leng": 3.7490833247099999 }, "geometry": { "type": "MultiLineString", "coordinates": [ [ [ -157.88225, 21.32419 ], [ -157.88222, 21.32419 ] ] ] } },
{ "type": "Feature", "properties": { "BMP": 4.69707, "EMP": 4.69982, "PREFIX": "SR", "ROUTE": "92", "ISLAND": "Oahu", "DIRECTION": "+MP", "TYPE": "Sidewalk", "MATERIAL": "Concrete", "LENGTH": 15.0, "NHS": "YES", "Shape_Leng": 4.43135289694 }, "geometry": { "type": "MultiLineString", "coordinates": [ [ [ -157.87954, 21.32152 ], [ -157.87951, 21.32149 ] ] ] } },
{ "type": "Feature", "properties": { "BMP": 4.69829, "EMP": 4.69855, "PREFIX": "SR", "ROUTE": "92", "ISLAND": "Oahu", "DIRECTION": "+MP", "TYPE": "Sidewalk", "MATERIAL": "Concrete", "LENGTH": 7.0, "NHS": "YES", "Shape_Leng": 1.9821564437500001 }, "geometry": { "type": "MultiLineString", "coordinates": [ [ [ -157.87952, 21.32151 ], [ -157.87951, 21.32152 ] ] ] } },
{ "type": "Feature", "properties": { "BMP": 5.55489, "EMP": 5.55556, "PREFIX": "SR", "ROUTE": "92", "ISLAND": "Oahu", "DIRECTION": "+MP", "TYPE": "Sidewalk", "MATERIAL": "Concrete", "LENGTH": 6.0, "NHS": "YES", "Shape_Leng": 1.83827485417 }, "geometry": { "type": "MultiLineString", "coordinates": [ [ [ -157.87077, 21.31288 ], [ -157.87075, 21.3129 ] ] ] } },
{ "type": "Feature", "properties": { "BMP": 5.81016, "EMP": 5.82579, "PREFIX": "SR", "ROUTE": "92", "ISLAND": "Oahu", "DIRECTION": "+MP", "TYPE": "Sidewalk", "MATERIAL": "Concrete", "LENGTH": 86.0, "NHS": "YES", "Shape_Leng": 26.299187696699999 }, "geometry": { "type": "MultiLineString", "coordinates": [ [ [ -157.86704, 21.31426 ], [ -157.8668, 21.3143 ] ] ] } },
{ "type": "Feature", "properties": { "BMP": 7.41133, "EMP": 7.41186, "PREFIX": "SR", "ROUTE": "92", "ISLAND": "Oahu", "DIRECTION": "+MP", "TYPE": "Sidewalk", "MATERIAL": "Concrete", "LENGTH": 4.0, "NHS": "YES", "Shape_Leng": 1.1328802980499999 }, "geometry": { "type": "MultiLineString", "coordinates": [ [ [ -157.85803, 21.29493 ], [ -157.85802, 21.29493 ] ] ] } },
{ "type": "Feature", "properties": { "BMP": 7.41214, "EMP": 7.41266, "PREFIX": "SR", "ROUTE": "92", "ISLAND": "Oahu", "DIRECTION": "+MP", "TYPE": "Sidewalk", "MATERIAL": "Concrete", "LENGTH": 7.0, "NHS": "YES", "Shape_Leng": 2.2595480640700001 }, "geometry": { "type": "MultiLineString", "coordinates": [ [ [ -157.85801, 21.29494 ], [ -157.85801, 21.29492 ] ] ] } },
{ "type": "Feature", "properties": { "BMP": 8.55881, "EMP": 8.56046, "PREFIX": "SR", "ROUTE": "92", "ISLAND": "Oahu", "DIRECTION": "+MP", "TYPE": "Sidewalk", "MATERIAL": "Concrete", "LENGTH": 10.0, "NHS": "YES", "Shape_Leng": 2.8986806645100001 }, "geometry": { "type": "MultiLineString", "coordinates": [ [ [ -157.84159, 21.28889 ], [ -157.84157, 21.28888 ] ] ] } },
{ "type": "Feature", "properties": { "BMP": 8.57032, "EMP": 8.57109, "PREFIX": "SR", "ROUTE": "92", "ISLAND": "Oahu", "DIRECTION": "+MP", "TYPE": "Sidewalk", "MATERIAL": "Concrete", "LENGTH": 5.0, "NHS": "YES", "Shape_Leng": 1.3802769642 }, "geometry": { "type": "MultiLineString", "coordinates": [ [ [ -157.84143, 21.28883 ], [ -157.84142, 21.28882 ] ] ] } },
{ "type": "Feature", "properties": { "BMP": 9.10861, "EMP": 9.27541, "PREFIX": "SR", "ROUTE": "92", "ISLAND": "Oahu", "DIRECTION": "+MP", "TYPE": "Sidewalk", "MATERIAL": "Concrete", "LENGTH": 873.0, "NHS": "YES", "Shape_Leng": 266.26305125200003 }, "geometry": { "type": "MultiLineString", "coordinates": [ [ [ -157.83557, 21.28482 ], [ -157.83316, 21.28552 ] ] ] } },
{ "type": "Feature", "properties": { "BMP": 9.27606, "EMP": 9.2823, "PREFIX": "SR", "ROUTE": "92", "ISLAND": "Oahu", "DIRECTION": "+MP", "TYPE": "Sidewalk", "MATERIAL": "Other", "LENGTH": 42.0, "NHS": "YES", "Shape_Leng": 12.929383294899999 }, "geometry": { "type": "MultiLineString", "coordinates": [ [ [ -157.83315, 21.28552 ], [ -157.83304, 21.28547 ] ] ] } },
{ "type": "Feature", "properties": { "BMP": 0.21282, "EMP": 0.21514, "PREFIX": "SR", "ROUTE": "750", "ISLAND": "Oahu", "DIRECTION": "+MP", "TYPE": "Sidewalk", "MATERIAL": "Concrete", "LENGTH": 13.0, "NHS": "YES", "Shape_Leng": 3.8768865141500002 }, "geometry": { "type": "MultiLineString", "coordinates": [ [ [ -158.0336, 21.38653 ], [ -158.03363, 21.38656 ] ] ] } },
{ "type": "Feature", "properties": { "BMP": 0.15493, "EMP": 0.15657, "PREFIX": "SR", "ROUTE": "750", "ISLAND": "Oahu", "DIRECTION": "+MP", "TYPE": "Sidewalk", "MATERIAL": "Asphalt", "LENGTH": 9.0, "NHS": "YES", "Shape_Leng": 2.6369287912899999 }, "geometry": { "type": "MultiLineString", "coordinates": [ [ [ -158.03325, 21.38576 ], [ -158.03326, 21.38578 ] ] ] } },
{ "type": "Feature", "properties": { "BMP": 0.94027, "EMP": 0.94137, "PREFIX": "SR", "ROUTE": "750", "ISLAND": "Oahu", "DIRECTION": "+MP", "TYPE": "Sidewalk", "MATERIAL": "Concrete", "LENGTH": 8.0, "NHS": "YES", "Shape_Leng": 2.31555523342 }, "geometry": { "type": "MultiLineString", "coordinates": [ [ [ -158.03778, 21.39634 ], [ -158.0378, 21.39635 ] ] ] } },
{ "type": "Feature", "properties": { "BMP": 0.95085, "EMP": 0.95221, "PREFIX": "SR", "ROUTE": "750", "ISLAND": "Oahu", "DIRECTION": "+MP", "TYPE": "Sidewalk", "MATERIAL": "Concrete", "LENGTH": 7.0, "NHS": "YES", "Shape_Leng": 2.18106195387 }, "geometry": { "type": "MultiLineString", "coordinates": [ [ [ -158.03786, 21.39648 ], [ -158.03787, 21.3965 ] ] ] } },
{ "type": "Feature", "properties": { "BMP": 0.95227, "EMP": 0.95227, "PREFIX": "SR", "ROUTE": "750", "ISLAND": "Oahu", "DIRECTION": "+MP", "TYPE": "Sidewalk", "MATERIAL": "Concrete", "LENGTH": 4.0, "NHS": "YES", "Shape_Leng": 1.2176405056699999 }, "geometry": { "type": "MultiLineString", "coordinates": [ [ [ -158.03788, 21.3965 ], [ -158.03789, 21.3965 ] ] ] } },
{ "type": "Feature", "properties": { "BMP": 7.91467, "EMP": 7.91718, "PREFIX": "SR", "ROUTE": "750", "ISLAND": "Oahu", "DIRECTION": "+MP", "TYPE": "Sidewalk", "MATERIAL": "Concrete", "LENGTH": 24.0, "NHS": "YES", "Shape_Leng": 7.2243276123099998 }, "geometry": { "type": "MultiLineString", "coordinates": [ [ [ -158.04081, 21.48707 ], [ -158.04074, 21.48706 ] ] ] } },
{ "type": "Feature", "properties": { "BMP": 7.42802, "EMP": 7.42365, "PREFIX": "SR", "ROUTE": "83", "ISLAND": "Oahu", "DIRECTION": "-MP", "TYPE": "Sidewalk", "MATERIAL": "Asphalt", "LENGTH": 30.0, "NHS": "YES", "Shape_Leng": 9.2295360154200008 }, "geometry": { "type": "MultiLineString", "coordinates": [ [ [ -158.0539, 21.66168 ], [ -158.05391, 21.6616 ] ] ] } },
{ "type": "Feature", "properties": { "BMP": 7.55564, "EMP": 7.51283, "PREFIX": "SR", "ROUTE": "83", "ISLAND": "Oahu", "DIRECTION": "-MP", "TYPE": "Sidewalk", "MATERIAL": "Concrete", "LENGTH": 227.0, "NHS": "YES", "Shape_Leng": 69.148853599299997 }, "geometry": { "type": "MultiLineString", "coordinates": [ [ [ -158.05248, 21.66299 ], [ -158.05297, 21.66256 ] ] ] } },
{ "type": "Feature", "properties": { "BMP": 8.21934, "EMP": 8.22988, "PREFIX": "SR", "ROUTE": "H-2", "ISLAND": "Oahu", "DIRECTION": "+MP", "TYPE": "Sidewalk", "MATERIAL": "Concrete", "LENGTH": 57.0, "NHS": "YES", "Shape_Leng": 17.45794099 }, "geometry": { "type": "MultiLineString", "coordinates": [ [ [ -158.03197, 21.49044 ], [ -158.03213, 21.4904 ] ] ] } },
{ "type": "Feature", "properties": { "BMP": 8.2456, "EMP": 8.2696, "PREFIX": "SR", "ROUTE": "H-2", "ISLAND": "Oahu", "DIRECTION": "+MP", "TYPE": "Sidewalk", "MATERIAL": "Concrete", "LENGTH": 128.0, "NHS": "YES", "Shape_Leng": 38.933025889500001 }, "geometry": { "type": "MultiLineString", "coordinates": [ [ [ -158.03237, 21.49033 ], [ -158.03273, 21.49023 ] ] ] } },
{ "type": "Feature", "properties": { "BMP": 8.27885, "EMP": 8.3196, "PREFIX": "SR", "ROUTE": "H-2", "ISLAND": "Oahu", "DIRECTION": "+MP", "TYPE": "Sidewalk", "MATERIAL": "Concrete", "LENGTH": 219.0, "NHS": "YES", "Shape_Leng": 66.713704157600006 }, "geometry": { "type": "MultiLineString", "coordinates": [ [ [ -158.03287, 21.49019 ], [ -158.03348, 21.49001 ] ] ] } },
{ "type": "Feature", "properties": { "BMP": 0.0, "EMP": 0.02793, "PREFIX": "SR", "ROUTE": "750", "ISLAND": "Oahu", "DIRECTION": "+MP", "TYPE": "Sidewalk", "MATERIAL": "Concrete", "LENGTH": 150.0, "NHS": "YES", "Shape_Leng": 45.700136870900003 }, "geometry": { "type": "MultiLineString", "coordinates": [ [ [ -158.03202, 21.38386 ], [ -158.03229, 21.38419 ] ] ] } },
{ "type": "Feature", "properties": { "BMP": 0.04595, "EMP": 0.14858, "PREFIX": "SR", "ROUTE": "750", "ISLAND": "Oahu", "DIRECTION": "+MP", "TYPE": "Sidewalk", "MATERIAL": "Concrete", "LENGTH": 532.0, "NHS": "YES", "Shape_Leng": 161.912674743 }, "geometry": { "type": "MultiLineString", "coordinates": [ [ [ -158.03243, 21.38442 ], [ -158.03322, 21.38567 ] ] ] } },
{ "type": "Feature", "properties": { "BMP": 0.16215, "EMP": 0.20949, "PREFIX": "SR", "ROUTE": "750", "ISLAND": "Oahu", "DIRECTION": "+MP", "TYPE": "Sidewalk", "MATERIAL": "Concrete", "LENGTH": 255.0, "NHS": "YES", "Shape_Leng": 77.451895901300006 }, "geometry": { "type": "MultiLineString", "coordinates": [ [ [ -158.03328, 21.38586 ], [ -158.03353, 21.3865 ] ] ] } },
{ "type": "Feature", "properties": { "BMP": 0.2255, "EMP": 0.3246, "PREFIX": "SR", "ROUTE": "750", "ISLAND": "Oahu", "DIRECTION": "+MP", "TYPE": "Sidewalk", "MATERIAL": "Concrete", "LENGTH": 528.0, "NHS": "YES", "Shape_Leng": 160.53067057300001 }, "geometry": { "type": "MultiLineString", "coordinates": [ [ [ -158.03362, 21.38672 ], [ -158.03419, 21.38806 ] ] ] } },
{ "type": "Feature", "properties": { "BMP": 0.33981, "EMP": 0.93755, "PREFIX": "SR", "ROUTE": "750", "ISLAND": "Oahu", "DIRECTION": "+MP", "TYPE": "Sidewalk", "MATERIAL": "Concrete", "LENGTH": 3162.0, "NHS": "YES", "Shape_Leng": 963.12565040699997 }, "geometry": { "type": "MultiLineString", "coordinates": [ [ [ -158.03427, 21.38827 ], [ -158.03772, 21.39633 ] ] ] } },
{ "type": "Feature", "properties": { "BMP": 0.95438, "EMP": 1.08151, "PREFIX": "SR", "ROUTE": "750", "ISLAND": "Oahu", "DIRECTION": "+MP", "TYPE": "Sidewalk", "MATERIAL": "Concrete", "LENGTH": 673.0, "NHS": "YES", "Shape_Leng": 205.03244485499999 }, "geometry": { "type": "MultiLineString", "coordinates": [ [ [ -158.03784, 21.39654 ], [ -158.0386, 21.39825 ] ] ] } },
{ "type": "Feature", "properties": { "BMP": 7.36075, "EMP": 7.36155, "PREFIX": "SR", "ROUTE": "750", "ISLAND": "Oahu", "DIRECTION": "+MP", "TYPE": "Sidewalk", "MATERIAL": "Concrete", "LENGTH": 11.0, "NHS": "YES", "Shape_Leng": 3.4533390797400001 }, "geometry": { "type": "MultiLineString", "coordinates": [ [ [ -158.04762, 21.48253 ], [ -158.04764, 21.48255 ] ] ] } },
{ "type": "Feature", "properties": { "BMP": 9.12597, "EMP": 9.4379, "PREFIX": "SR", "ROUTE": "99", "ISLAND": "Oahu", "DIRECTION": "+MP", "TYPE": "Sidewalk", "MATERIAL": "Concrete", "LENGTH": 1658.0, "NHS": "YES", "Shape_Leng": 505.28077215000002 }, "geometry": { "type": "MultiLineString", "coordinates": [ [ [ -158.03899, 21.48848 ], [ -158.03427, 21.48952 ] ] ] } },
{ "type": "Feature", "properties": { "BMP": 9.86587, "EMP": 9.99377, "PREFIX": "SR", "ROUTE": "99", "ISLAND": "Oahu", "DIRECTION": "+MP", "TYPE": "Sidewalk", "MATERIAL": "Concrete", "LENGTH": 673.0, "NHS": "YES", "Shape_Leng": 205.153383674 }, "geometry": { "type": "MultiLineString", "coordinates": [ [ [ -158.02838, 21.48873 ], [ -158.02808, 21.48691 ] ] ] } },
{ "type": "Feature", "properties": { "BMP": 10.02262, "EMP": 10.05728, "PREFIX": "SR", "ROUTE": "99", "ISLAND": "Oahu", "DIRECTION": "+MP", "TYPE": "Sidewalk", "MATERIAL": "Concrete", "LENGTH": 187.0, "NHS": "YES", "Shape_Leng": 56.9017748865 }, "geometry": { "type": "MultiLineString", "coordinates": [ [ [ -158.02799, 21.4865 ], [ -158.02785, 21.48601 ] ] ] } },
{ "type": "Feature", "properties": { "BMP": 10.48321, "EMP": 10.59578, "PREFIX": "SR", "ROUTE": "99", "ISLAND": "Oahu", "DIRECTION": "+MP", "TYPE": "Sidewalk", "MATERIAL": "Concrete", "LENGTH": 594.0, "NHS": "YES", "Shape_Leng": 181.173788895 }, "geometry": { "type": "MultiLineString", "coordinates": [ [ [ -158.02671, 21.47991 ], [ -158.02641, 21.47829 ] ] ] } },
{ "type": "Feature", "properties": { "BMP": 10.62358, "EMP": 10.64058, "PREFIX": "SR", "ROUTE": "99", "ISLAND": "Oahu", "DIRECTION": "+MP", "TYPE": "Sidewalk", "MATERIAL": "Concrete", "LENGTH": 90.0, "NHS": "YES", "Shape_Leng": 27.397816551599998 }, "geometry": { "type": "MultiLineString", "coordinates": [ [ [ -158.02636, 21.47789 ], [ -158.02631, 21.47765 ] ] ] } },
{ "type": "Feature", "properties": { "BMP": 7.96863, "EMP": 8.2684, "PREFIX": "SR", "ROUTE": "99", "ISLAND": "Oahu", "DIRECTION": "+MP", "TYPE": "Sidewalk", "MATERIAL": "Concrete", "LENGTH": 1611.0, "NHS": "YES", "Shape_Leng": 490.99238374800001 }, "geometry": { "type": "MultiLineString", "coordinates": [ [ [ -158.05164, 21.49859 ], [ -158.05029, 21.49439 ] ] ] } },
{ "type": "Feature", "properties": { "BMP": 8.27051, "EMP": 8.27263, "PREFIX": "SR", "ROUTE": "99", "ISLAND": "Oahu", "DIRECTION": "+MP", "TYPE": "Sidewalk", "MATERIAL": "Concrete", "LENGTH": 17.0, "NHS": "YES", "Shape_Leng": 5.2501046746200002 }, "geometry": { "type": "MultiLineString", "coordinates": [ [ [ -158.05021, 21.49441 ], [ -158.05019, 21.49439 ] ] ] } },
{ "type": "Feature", "properties": { "BMP": 8.28556, "EMP": 8.36073, "PREFIX": "SR", "ROUTE": "99", "ISLAND": "Oahu", "DIRECTION": "+MP", "TYPE": "Sidewalk", "MATERIAL": "Concrete", "LENGTH": 407.0, "NHS": "YES", "Shape_Leng": 124.135232198 }, "geometry": { "type": "MultiLineString", "coordinates": [ [ [ -158.05008, 21.49422 ], [ -158.04919, 21.4935 ] ] ] } },
{ "type": "Feature", "properties": { "BMP": 8.38353, "EMP": 8.41531, "PREFIX": "SR", "ROUTE": "99", "ISLAND": "Oahu", "DIRECTION": "+MP", "TYPE": "Sidewalk", "MATERIAL": "Concrete", "LENGTH": 170.0, "NHS": "YES", "Shape_Leng": 51.908375551100001 }, "geometry": { "type": "MultiLineString", "coordinates": [ [ [ -158.0489, 21.49331 ], [ -158.04849, 21.49305 ] ] ] } },
{ "type": "Feature", "properties": { "BMP": 8.48696, "EMP": 8.52177, "PREFIX": "SR", "ROUTE": "99", "ISLAND": "Oahu", "DIRECTION": "+MP", "TYPE": "Sidewalk", "MATERIAL": "Concrete", "LENGTH": 184.0, "NHS": "YES", "Shape_Leng": 56.025715255100003 }, "geometry": { "type": "MultiLineString", "coordinates": [ [ [ -158.04763, 21.49239 ], [ -158.04721, 21.49208 ] ] ] } },
{ "type": "Feature", "properties": { "BMP": 8.69623, "EMP": 8.71617, "PREFIX": "SR", "ROUTE": "99", "ISLAND": "Oahu", "DIRECTION": "+MP", "TYPE": "Sidewalk", "MATERIAL": "Concrete", "LENGTH": 105.0, "NHS": "YES", "Shape_Leng": 32.0287077387 }, "geometry": { "type": "MultiLineString", "coordinates": [ [ [ -158.04513, 21.49046 ], [ -158.04489, 21.49027 ] ] ] } },
{ "type": "Feature", "properties": { "BMP": 15.13708, "EMP": 15.13885, "PREFIX": "SR", "ROUTE": "99", "ISLAND": "Oahu", "DIRECTION": "+MP", "TYPE": "Sidewalk", "MATERIAL": "Concrete", "LENGTH": 19.0, "NHS": "YES", "Shape_Leng": 5.9288068331800003 }, "geometry": { "type": "MultiLineString", "coordinates": [ [ [ -158.00597, 21.41947 ], [ -158.00593, 21.41946 ] ] ] } },
{ "type": "Feature", "properties": { "BMP": 15.13909, "EMP": 15.14071, "PREFIX": "SR", "ROUTE": "99", "ISLAND": "Oahu", "DIRECTION": "+MP", "TYPE": "Sidewalk", "MATERIAL": "Concrete", "LENGTH": 9.0, "NHS": "YES", "Shape_Leng": 2.6374763271399999 }, "geometry": { "type": "MultiLineString", "coordinates": [ [ [ -158.00595, 21.41944 ], [ -158.00593, 21.41943 ] ] ] } },
{ "type": "Feature", "properties": { "BMP": 15.15922, "EMP": 15.20889, "PREFIX": "SR", "ROUTE": "99", "ISLAND": "Oahu", "DIRECTION": "+MP", "TYPE": "Sidewalk", "MATERIAL": "Concrete", "LENGTH": 265.0, "NHS": "YES", "Shape_Leng": 80.6486277849 }, "geometry": { "type": "MultiLineString", "coordinates": [ [ [ -158.00584, 21.41917 ], [ -158.0054, 21.41857 ] ] ] } },
{ "type": "Feature", "properties": { "BMP": 15.8613, "EMP": 15.86176, "PREFIX": "SR", "ROUTE": "99", "ISLAND": "Oahu", "DIRECTION": "+MP", "TYPE": "Sidewalk", "MATERIAL": "Concrete", "LENGTH": 9.0, "NHS": "YES", "Shape_Leng": 2.8269388055300002 }, "geometry": { "type": "MultiLineString", "coordinates": [ [ [ -158.00006, 21.41052 ], [ -158.00004, 21.41053 ] ] ] } },
{ "type": "Feature", "properties": { "BMP": 15.88376, "EMP": 15.92191, "PREFIX": "SR", "ROUTE": "99", "ISLAND": "Oahu", "DIRECTION": "+MP", "TYPE": "Sidewalk", "MATERIAL": "Asphalt", "LENGTH": 204.0, "NHS": "YES", "Shape_Leng": 62.176610386299998 }, "geometry": { "type": "MultiLineString", "coordinates": [ [ [ -157.99993, 21.41021 ], [ -157.9996, 21.40975 ] ] ] } },
{ "type": "Feature", "properties": { "BMP": 16.24589, "EMP": 16.24815, "PREFIX": "SR", "ROUTE": "99", "ISLAND": "Oahu", "DIRECTION": "+MP", "TYPE": "Sidewalk", "MATERIAL": "Concrete", "LENGTH": 13.0, "NHS": "YES", "Shape_Leng": 3.8959699306600002 }, "geometry": { "type": "MultiLineString", "coordinates": [ [ [ -157.99685, 21.4058 ], [ -157.99682, 21.40578 ] ] ] } },
{ "type": "Feature", "properties": { "BMP": 16.25868, "EMP": 16.25926, "PREFIX": "SR", "ROUTE": "99", "ISLAND": "Oahu", "DIRECTION": "+MP", "TYPE": "Sidewalk", "MATERIAL": "Concrete", "LENGTH": 10.0, "NHS": "YES", "Shape_Leng": 3.0353933982200001 }, "geometry": { "type": "MultiLineString", "coordinates": [ [ [ -157.99671, 21.40567 ], [ -157.99673, 21.40565 ] ] ] } },
{ "type": "Feature", "properties": { "BMP": 16.26527, "EMP": 16.2999, "PREFIX": "SR", "ROUTE": "99", "ISLAND": "Oahu", "DIRECTION": "+MP", "TYPE": "Sidewalk", "MATERIAL": "Concrete", "LENGTH": 183.0, "NHS": "YES", "Shape_Leng": 55.820902078499998 }, "geometry": { "type": "MultiLineString", "coordinates": [ [ [ -157.9967, 21.40556 ], [ -157.99639, 21.40515 ] ] ] } },
{ "type": "Feature", "properties": { "BMP": 16.52232, "EMP": 16.52406, "PREFIX": "SR", "ROUTE": "99", "ISLAND": "Oahu", "DIRECTION": "+MP", "TYPE": "Sidewalk", "MATERIAL": "Concrete", "LENGTH": 10.0, "NHS": "YES", "Shape_Leng": 2.9932880337099999 }, "geometry": { "type": "MultiLineString", "coordinates": [ [ [ -157.99449, 21.40245 ], [ -157.99448, 21.40243 ] ] ] } },
{ "type": "Feature", "properties": { "BMP": 16.52319, "EMP": 16.52319, "PREFIX": "SR", "ROUTE": "99", "ISLAND": "Oahu", "DIRECTION": "+MP", "TYPE": "Sidewalk", "MATERIAL": "Concrete", "LENGTH": 4.0, "NHS": "YES", "Shape_Leng": 1.3231583927199999 }, "geometry": { "type": "MultiLineString", "coordinates": [ [ [ -157.99448, 21.40245 ], [ -157.99447, 21.40245 ] ] ] } },
{ "type": "Feature", "properties": { "BMP": 16.53914, "EMP": 16.5765, "PREFIX": "SR", "ROUTE": "99", "ISLAND": "Oahu", "DIRECTION": "+MP", "TYPE": "Sidewalk", "MATERIAL": "Concrete", "LENGTH": 198.0, "NHS": "YES", "Shape_Leng": 60.213137103500003 }, "geometry": { "type": "MultiLineString", "coordinates": [ [ [ -157.99438, 21.40223 ], [ -157.99404, 21.40179 ] ] ] } },
{ "type": "Feature", "properties": { "BMP": 16.53258, "EMP": 16.53436, "PREFIX": "SR", "ROUTE": "99", "ISLAND": "Oahu", "DIRECTION": "+MP", "TYPE": "Sidewalk", "MATERIAL": "Concrete", "LENGTH": 10.0, "NHS": "YES", "Shape_Leng": 2.9498061029099998 }, "geometry": { "type": "MultiLineString", "coordinates": [ [ [ -157.9944, 21.40233 ], [ -157.9944, 21.4023 ] ] ] } },
{ "type": "Feature", "properties": { "BMP": 27.05444, "EMP": 27.1446, "PREFIX": "SR", "ROUTE": "H-1", "ISLAND": "Oahu", "DIRECTION": "+MP", "TYPE": "Sidewalk", "MATERIAL": "Concrete", "LENGTH": 492.0, "NHS": "YES", "Shape_Leng": 150.09079141199999 }, "geometry": { "type": "MultiLineString", "coordinates": [ [ [ -157.78125, 21.27782 ], [ -157.77981, 21.2777 ] ] ] } },
{ "type": "Feature", "properties": { "BMP": 12.21986, "EMP": 12.25329, "PREFIX": "SR", "ROUTE": "99", "ISLAND": "Oahu", "DIRECTION": "+MP", "TYPE": "Sidewalk", "MATERIAL": "Concrete", "LENGTH": 179.0, "NHS": "YES", "Shape_Leng": 54.563417006999998 }, "geometry": { "type": "MultiLineString", "coordinates": [ [ [ -158.01743, 21.45809 ], [ -158.01712, 21.45771 ] ] ] } },
{ "type": "Feature", "properties": { "BMP": 12.39738, "EMP": 12.71041, "PREFIX": "SR", "ROUTE": "99", "ISLAND": "Oahu", "DIRECTION": "+MP", "TYPE": "Sidewalk", "MATERIAL": "Concrete", "LENGTH": 1663.0, "NHS": "YES", "Shape_Leng": 506.82485276900002 }, "geometry": { "type": "MultiLineString", "coordinates": [ [ [ -158.01664, 21.45574 ], [ -158.01581, 21.45126 ] ] ] } },
{ "type": "Feature", "properties": { "BMP": 12.71325, "EMP": 12.71359, "PREFIX": "SR", "ROUTE": "99", "ISLAND": "Oahu", "DIRECTION": "+MP", "TYPE": "Sidewalk", "MATERIAL": "Concrete", "LENGTH": 6.0, "NHS": "YES", "Shape_Leng": 1.88912485808 }, "geometry": { "type": "MultiLineString", "coordinates": [ [ [ -158.01576, 21.45122 ], [ -158.01574, 21.45122 ] ] ] } },
{ "type": "Feature", "properties": { "BMP": 12.74001, "EMP": 12.77013, "PREFIX": "SR", "ROUTE": "99", "ISLAND": "Oahu", "DIRECTION": "+MP", "TYPE": "Sidewalk", "MATERIAL": "Asphalt", "LENGTH": 164.0, "NHS": "YES", "Shape_Leng": 49.921153497699997 }, "geometry": { "type": "MultiLineString", "coordinates": [ [ [ -158.01573, 21.45083 ], [ -158.0156, 21.4504 ] ] ] } },
{ "type": "Feature", "properties": { "BMP": 13.18604, "EMP": 13.23117, "PREFIX": "SR", "ROUTE": "99", "ISLAND": "Oahu", "DIRECTION": "+MP", "TYPE": "Sidewalk", "MATERIAL": "Concrete", "LENGTH": 241.0, "NHS": "YES", "Shape_Leng": 73.471767739399994 }, "geometry": { "type": "MultiLineString", "coordinates": [ [ [ -158.01382, 21.44459 ], [ -158.01364, 21.44395 ] ] ] } },
{ "type": "Feature", "properties": { "BMP": 17.94022, "EMP": 18.0897, "PREFIX": "SR", "ROUTE": "99", "ISLAND": "Oahu", "DIRECTION": "+MP", "TYPE": "Sidewalk", "MATERIAL": "Concrete", "LENGTH": 795.0, "NHS": "YES", "Shape_Leng": 242.44719515899999 }, "geometry": { "type": "MultiLineString", "coordinates": [ [ [ -157.97941, 21.3955 ], [ -157.9771, 21.39567 ] ] ] } },
{ "type": "Feature", "properties": { "BMP": 18.27661, "EMP": 18.34377, "PREFIX": "SR", "ROUTE": "99", "ISLAND": "Oahu", "DIRECTION": "+MP", "TYPE": "Sidewalk", "MATERIAL": "Concrete", "LENGTH": 359.0, "NHS": "YES", "Shape_Leng": 109.3474566 }, "geometry": { "type": "MultiLineString", "coordinates": [ [ [ -157.97435, 21.39509 ], [ -157.97337, 21.39475 ] ] ] } },
{ "type": "Feature", "properties": { "BMP": 18.35481, "EMP": 18.43592, "PREFIX": "SR", "ROUTE": "99", "ISLAND": "Oahu", "DIRECTION": "+MP", "TYPE": "Sidewalk", "MATERIAL": "Concrete", "LENGTH": 428.0, "NHS": "YES", "Shape_Leng": 130.44030453 }, "geometry": { "type": "MultiLineString", "coordinates": [ [ [ -157.9732, 21.3947 ], [ -157.97202, 21.39429 ] ] ] } },
{ "type": "Feature", "properties": { "BMP": 19.10728, "EMP": 19.16693, "PREFIX": "SR", "ROUTE": "99", "ISLAND": "Oahu", "DIRECTION": "+MP", "TYPE": "Sidewalk", "MATERIAL": "Concrete", "LENGTH": 315.0, "NHS": "YES", "Shape_Leng": 96.081947721099993 }, "geometry": { "type": "MultiLineString", "coordinates": [ [ [ -157.96239, 21.39064 ], [ -157.96155, 21.39026 ] ] ] } },
{ "type": "Feature", "properties": { "BMP": 19.1847, "EMP": 19.28577, "PREFIX": "SR", "ROUTE": "99", "ISLAND": "Oahu", "DIRECTION": "+MP", "TYPE": "Sidewalk", "MATERIAL": "Concrete", "LENGTH": 533.0, "NHS": "YES", "Shape_Leng": 162.465679174 }, "geometry": { "type": "MultiLineString", "coordinates": [ [ [ -157.9613, 21.39015 ], [ -157.95989, 21.38951 ] ] ] } },
{ "type": "Feature", "properties": { "BMP": 0.0, "EMP": 0.00324, "PREFIX": "SR", "ROUTE": "7310", "ISLAND": "Oahu", "DIRECTION": "+MP", "TYPE": "Sidewalk", "MATERIAL": "Concrete", "LENGTH": 37.0, "NHS": "YES", "Shape_Leng": 11.277263916900001 }, "geometry": { "type": "MultiLineString", "coordinates": [ [ [ -157.90126, 21.33537 ], [ -157.90129, 21.33544 ] ] ] } },
{ "type": "Feature", "properties": { "BMP": 18.44411, "EMP": 18.46204, "PREFIX": "SR", "ROUTE": "99", "ISLAND": "Oahu", "DIRECTION": "+MP", "TYPE": "Sidewalk", "MATERIAL": "Concrete", "LENGTH": 95.0, "NHS": "YES", "Shape_Leng": 28.836939970100001 }, "geometry": { "type": "MultiLineString", "coordinates": [ [ [ -157.9719, 21.39426 ], [ -157.97164, 21.39416 ] ] ] } },
{ "type": "Feature", "properties": { "BMP": 0.01442, "EMP": 0.03505, "PREFIX": "SR", "ROUTE": "7310", "ISLAND": "Oahu", "DIRECTION": "+MP", "TYPE": "Sidewalk", "MATERIAL": "Concrete", "LENGTH": 112.0, "NHS": "YES", "Shape_Leng": 34.221211648000001 }, "geometry": { "type": "MultiLineString", "coordinates": [ [ [ -157.90123, 21.3356 ], [ -157.9012, 21.33591 ] ] ] } },
{ "type": "Feature", "properties": { "BMP": 18.46895, "EMP": 18.48269, "PREFIX": "SR", "ROUTE": "99", "ISLAND": "Oahu", "DIRECTION": "+MP", "TYPE": "Sidewalk", "MATERIAL": "Concrete", "LENGTH": 73.0, "NHS": "YES", "Shape_Leng": 22.1891976876 }, "geometry": { "type": "MultiLineString", "coordinates": [ [ [ -157.97154, 21.39413 ], [ -157.97134, 21.39406 ] ] ] } },
{ "type": "Feature", "properties": { "BMP": 0.04968, "EMP": 0.27698, "PREFIX": "SR", "ROUTE": "7310", "ISLAND": "Oahu", "DIRECTION": "+MP", "TYPE": "Sidewalk", "MATERIAL": "Concrete", "LENGTH": 1206.0, "NHS": "YES", "Shape_Leng": 367.70681857300002 }, "geometry": { "type": "MultiLineString", "coordinates": [ [ [ -157.90125, 21.33612 ], [ -157.90124, 21.33943 ] ] ] } },
{ "type": "Feature", "properties": { "BMP": 18.48999, "EMP": 18.51337, "PREFIX": "SR", "ROUTE": "99", "ISLAND": "Oahu", "DIRECTION": "+MP", "TYPE": "Sidewalk", "MATERIAL": "Concrete", "LENGTH": 123.0, "NHS": "YES", "Shape_Leng": 37.498347761799998 }, "geometry": { "type": "MultiLineString", "coordinates": [ [ [ -157.97123, 21.39403 ], [ -157.9709, 21.39391 ] ] ] } },
{ "type": "Feature", "properties": { "BMP": 0.2908, "EMP": 0.536, "PREFIX": "SR", "ROUTE": "7310", "ISLAND": "Oahu", "DIRECTION": "+MP", "TYPE": "Sidewalk", "MATERIAL": "Concrete", "LENGTH": 1294.0, "NHS": "YES", "Shape_Leng": 394.508649139 }, "geometry": { "type": "MultiLineString", "coordinates": [ [ [ -157.90124, 21.33963 ], [ -157.90008, 21.34292 ] ] ] } },
{ "type": "Feature", "properties": { "BMP": 19.30216, "EMP": 19.45044, "PREFIX": "SR", "ROUTE": "99", "ISLAND": "Oahu", "DIRECTION": "+MP", "TYPE": "Sidewalk", "MATERIAL": "Concrete", "LENGTH": 784.0, "NHS": "YES", "Shape_Leng": 238.859265061 }, "geometry": { "type": "MultiLineString", "coordinates": [ [ [ -157.95967, 21.38939 ], [ -157.9576, 21.38846 ] ] ] } },
{ "type": "Feature", "properties": { "BMP": 18.56407, "EMP": 18.58338, "PREFIX": "SR", "ROUTE": "99", "ISLAND": "Oahu", "DIRECTION": "+MP", "TYPE": "Sidewalk", "MATERIAL": "Concrete", "LENGTH": 108.0, "NHS": "YES", "Shape_Leng": 32.780493426900001 }, "geometry": { "type": "MultiLineString", "coordinates": [ [ [ -157.97017, 21.39361 ], [ -157.96987, 21.39357 ] ] ] } },
{ "type": "Feature", "properties": { "BMP": 0.55077, "EMP": 0.68195, "PREFIX": "SR", "ROUTE": "7310", "ISLAND": "Oahu", "DIRECTION": "+MP", "TYPE": "Sidewalk", "MATERIAL": "Concrete", "LENGTH": 699.0, "NHS": "YES", "Shape_Leng": 213.04430368800001 }, "geometry": { "type": "MultiLineString", "coordinates": [ [ [ -157.89997, 21.3431 ], [ -157.89894, 21.34474 ] ] ] } },
{ "type": "Feature", "properties": { "BMP": 19.45947, "EMP": 19.47162, "PREFIX": "SR", "ROUTE": "99", "ISLAND": "Oahu", "DIRECTION": "+MP", "TYPE": "Sidewalk", "MATERIAL": "Concrete", "LENGTH": 64.0, "NHS": "YES", "Shape_Leng": 19.498786290999998 }, "geometry": { "type": "MultiLineString", "coordinates": [ [ [ -157.95747, 21.3884 ], [ -157.9573, 21.38833 ] ] ] } },
{ "type": "Feature", "properties": { "BMP": 19.49377, "EMP": 19.49677, "PREFIX": "SR", "ROUTE": "99", "ISLAND": "Oahu", "DIRECTION": "+MP", "TYPE": "Sidewalk", "MATERIAL": "Asphalt", "LENGTH": 16.0, "NHS": "YES", "Shape_Leng": 4.8075682631500003 }, "geometry": { "type": "MultiLineString", "coordinates": [ [ [ -157.95699, 21.3882 ], [ -157.95695, 21.38818 ] ] ] } },
{ "type": "Feature", "properties": { "BMP": 19.50183, "EMP": 19.51657, "PREFIX": "SR", "ROUTE": "99", "ISLAND": "Oahu", "DIRECTION": "+MP", "TYPE": "Sidewalk", "MATERIAL": "Asphalt", "LENGTH": 78.0, "NHS": "YES", "Shape_Leng": 23.667386953200001 }, "geometry": { "type": "MultiLineString", "coordinates": [ [ [ -157.95688, 21.38814 ], [ -157.95668, 21.38804 ] ] ] } },
{ "type": "Feature", "properties": { "BMP": 19.47701, "EMP": 19.48842, "PREFIX": "SR", "ROUTE": "99", "ISLAND": "Oahu", "DIRECTION": "+MP", "TYPE": "Sidewalk", "MATERIAL": "Asphalt", "LENGTH": 60.0, "NHS": "YES", "Shape_Leng": 18.2998461904 }, "geometry": { "type": "MultiLineString", "coordinates": [ [ [ -157.95722, 21.3883 ], [ -157.95706, 21.38823 ] ] ] } },
{ "type": "Feature", "properties": { "BMP": 19.52353, "EMP": 19.52622, "PREFIX": "SR", "ROUTE": "99", "ISLAND": "Oahu", "DIRECTION": "+MP", "TYPE": "Sidewalk", "MATERIAL": "Concrete", "LENGTH": 14.0, "NHS": "YES", "Shape_Leng": 4.3548517791999997 }, "geometry": { "type": "MultiLineString", "coordinates": [ [ [ -157.95658, 21.388 ], [ -157.95654, 21.38798 ] ] ] } },
{ "type": "Feature", "properties": { "BMP": 19.53147, "EMP": 19.54429, "PREFIX": "SR", "ROUTE": "99", "ISLAND": "Oahu", "DIRECTION": "+MP", "TYPE": "Sidewalk", "MATERIAL": "Asphalt", "LENGTH": 68.0, "NHS": "YES", "Shape_Leng": 20.688771002900001 }, "geometry": { "type": "MultiLineString", "coordinates": [ [ [ -157.95646, 21.38796 ], [ -157.95628, 21.38788 ] ] ] } },
{ "type": "Feature", "properties": { "BMP": 19.57311, "EMP": 19.67185, "PREFIX": "SR", "ROUTE": "99", "ISLAND": "Oahu", "DIRECTION": "+MP", "TYPE": "Sidewalk", "MATERIAL": "Concrete", "LENGTH": 523.0, "NHS": "YES", "Shape_Leng": 159.50976537 }, "geometry": { "type": "MultiLineString", "coordinates": [ [ [ -157.95589, 21.38768 ], [ -157.95452, 21.38704 ] ] ] } },
{ "type": "Feature", "properties": { "BMP": 19.68003, "EMP": 19.78571, "PREFIX": "SR", "ROUTE": "99", "ISLAND": "Oahu", "DIRECTION": "+MP", "TYPE": "Sidewalk", "MATERIAL": "Concrete", "LENGTH": 561.0, "NHS": "YES", "Shape_Leng": 170.89482319000001 }, "geometry": { "type": "MultiLineString", "coordinates": [ [ [ -157.9544, 21.38699 ], [ -157.95291, 21.38634 ] ] ] } },
{ "type": "Feature", "properties": { "BMP": 19.92276, "EMP": 20.06648, "PREFIX": "SR", "ROUTE": "99", "ISLAND": "Oahu", "DIRECTION": "+MP", "TYPE": "Sidewalk", "MATERIAL": "Concrete", "LENGTH": 760.0, "NHS": "YES", "Shape_Leng": 231.65854207199999 }, "geometry": { "type": "MultiLineString", "coordinates": [ [ [ -157.95101, 21.38545 ], [ -157.94901, 21.38452 ] ] ] } },
{ "type": "Feature", "properties": { "BMP": 20.08304, "EMP": 20.12549, "PREFIX": "SR", "ROUTE": "99", "ISLAND": "Oahu", "DIRECTION": "+MP", "TYPE": "Sidewalk", "MATERIAL": "Concrete", "LENGTH": 225.0, "NHS": "YES", "Shape_Leng": 68.683007802600002 }, "geometry": { "type": "MultiLineString", "coordinates": [ [ [ -157.94878, 21.38442 ], [ -157.94818, 21.38417 ] ] ] } },
{ "type": "Feature", "properties": { "BMP": 20.14644, "EMP": 20.36196, "PREFIX": "SR", "ROUTE": "99", "ISLAND": "Oahu", "DIRECTION": "+MP", "TYPE": "Sidewalk", "MATERIAL": "Concrete", "LENGTH": 1140.0, "NHS": "YES", "Shape_Leng": 347.51401298299999 }, "geometry": { "type": "MultiLineString", "coordinates": [ [ [ -157.94789, 21.38404 ], [ -157.9449, 21.38264 ] ] ] } },
{ "type": "Feature", "properties": { "BMP": 20.37724, "EMP": 20.4955, "PREFIX": "SR", "ROUTE": "99", "ISLAND": "Oahu", "DIRECTION": "+MP", "TYPE": "Sidewalk", "MATERIAL": "Concrete", "LENGTH": 628.0, "NHS": "YES", "Shape_Leng": 191.501686033 }, "geometry": { "type": "MultiLineString", "coordinates": [ [ [ -157.94468, 21.38254 ], [ -157.94302, 21.3818 ] ] ] } },
{ "type": "Feature", "properties": { "BMP": 0.20485, "EMP": 0.3774, "PREFIX": "SR", "ROUTE": "7345", "ISLAND": "Oahu", "DIRECTION": "+MP", "TYPE": "Sidewalk", "MATERIAL": "Concrete", "LENGTH": 938.0, "NHS": "YES", "Shape_Leng": 284.86999694500003 }, "geometry": { "type": "MultiLineString", "coordinates": [ [ [ -157.89414, 21.35134 ], [ -157.89388, 21.35381 ] ] ] } },
{ "type": "Feature", "properties": { "BMP": 18.78391, "EMP": 18.78785, "PREFIX": "SR", "ROUTE": "99", "ISLAND": "Oahu", "DIRECTION": "+MP", "TYPE": "Sidewalk", "MATERIAL": "Concrete", "LENGTH": 21.0, "NHS": "YES", "Shape_Leng": 6.3547876645799999 }, "geometry": { "type": "MultiLineString", "coordinates": [ [ [ -157.96694, 21.39257 ], [ -157.96689, 21.39254 ] ] ] } },
{ "type": "Feature", "properties": { "BMP": 18.79652, "EMP": 18.80401, "PREFIX": "SR", "ROUTE": "99", "ISLAND": "Oahu", "DIRECTION": "+MP", "TYPE": "Sidewalk", "MATERIAL": "Concrete", "LENGTH": 40.0, "NHS": "YES", "Shape_Leng": 12.1329912275 }, "geometry": { "type": "MultiLineString", "coordinates": [ [ [ -157.96676, 21.3925 ], [ -157.96665, 21.39246 ] ] ] } },
{ "type": "Feature", "properties": { "BMP": 0.54415, "EMP": 0.5542, "PREFIX": "SR", "ROUTE": "7345", "ISLAND": "Oahu", "DIRECTION": "+MP", "TYPE": "Sidewalk", "MATERIAL": "Concrete", "LENGTH": 56.0, "NHS": "YES", "Shape_Leng": 16.956498526000001 }, "geometry": { "type": "MultiLineString", "coordinates": [ [ [ -157.89398, 21.35584 ], [ -157.89387, 21.35595 ] ] ] } },
{ "type": "Feature", "properties": { "BMP": 18.82178, "EMP": 18.86658, "PREFIX": "SR", "ROUTE": "99", "ISLAND": "Oahu", "DIRECTION": "+MP", "TYPE": "Sidewalk", "MATERIAL": "Asphalt", "LENGTH": 235.0, "NHS": "YES", "Shape_Leng": 71.642407174799999 }, "geometry": { "type": "MultiLineString", "coordinates": [ [ [ -157.96639, 21.39238 ], [ -157.96575, 21.39214 ] ] ] } },
{ "type": "Feature", "properties": { "BMP": 18.81213, "EMP": 18.8145, "PREFIX": "SR", "ROUTE": "99", "ISLAND": "Oahu", "DIRECTION": "+MP", "TYPE": "Sidewalk", "MATERIAL": "Concrete", "LENGTH": 12.0, "NHS": "YES", "Shape_Leng": 3.8096283292300002 }, "geometry": { "type": "MultiLineString", "coordinates": [ [ [ -157.96653, 21.39242 ], [ -157.9665, 21.39241 ] ] ] } },
{ "type": "Feature", "properties": { "BMP": 18.89258, "EMP": 18.9251, "PREFIX": "SR", "ROUTE": "99", "ISLAND": "Oahu", "DIRECTION": "+MP", "TYPE": "Sidewalk", "MATERIAL": "Concrete", "LENGTH": 171.0, "NHS": "YES", "Shape_Leng": 52.019960209700002 }, "geometry": { "type": "MultiLineString", "coordinates": [ [ [ -157.96538, 21.392 ], [ -157.96492, 21.3918 ] ] ] } },
{ "type": "Feature", "properties": { "BMP": 18.87387, "EMP": 18.88182, "PREFIX": "SR", "ROUTE": "99", "ISLAND": "Oahu", "DIRECTION": "+MP", "TYPE": "Sidewalk", "MATERIAL": "Concrete", "LENGTH": 42.0, "NHS": "YES", "Shape_Leng": 12.686336519 }, "geometry": { "type": "MultiLineString", "coordinates": [ [ [ -157.96564, 21.3921 ], [ -157.96553, 21.39206 ] ] ] } },
{ "type": "Feature", "properties": { "BMP": 20.64645, "EMP": 20.73518, "PREFIX": "SR", "ROUTE": "99", "ISLAND": "Oahu", "DIRECTION": "+MP", "TYPE": "Sidewalk", "MATERIAL": "Concrete", "LENGTH": 469.0, "NHS": "YES", "Shape_Leng": 142.86794475299999 }, "geometry": { "type": "MultiLineString", "coordinates": [ [ [ -157.94091, 21.38086 ], [ -157.93968, 21.38028 ] ] ] } },
{ "type": "Feature", "properties": { "BMP": 18.93055, "EMP": 18.95922, "PREFIX": "SR", "ROUTE": "99", "ISLAND": "Oahu", "DIRECTION": "+MP", "TYPE": "Sidewalk", "MATERIAL": "Concrete", "LENGTH": 151.0, "NHS": "YES", "Shape_Leng": 46.143463185199998 }, "geometry": { "type": "MultiLineString", "coordinates": [ [ [ -157.96485, 21.39176 ], [ -157.96445, 21.39158 ] ] ] } },
{ "type": "Feature", "properties": { "BMP": 18.98775, "EMP": 19.00435, "PREFIX": "SR", "ROUTE": "99", "ISLAND": "Oahu", "DIRECTION": "+MP", "TYPE": "Sidewalk", "MATERIAL": "Concrete", "LENGTH": 87.0, "NHS": "YES", "Shape_Leng": 26.593910663399999 }, "geometry": { "type": "MultiLineString", "coordinates": [ [ [ -157.96405, 21.3914 ], [ -157.96382, 21.3913 ] ] ] } },
{ "type": "Feature", "properties": { "BMP": 19.04387, "EMP": 19.09702, "PREFIX": "SR", "ROUTE": "99", "ISLAND": "Oahu", "DIRECTION": "+MP", "TYPE": "Sidewalk", "MATERIAL": "Concrete", "LENGTH": 280.0, "NHS": "YES", "Shape_Leng": 85.367083532799995 }, "geometry": { "type": "MultiLineString", "coordinates": [ [ [ -157.96327, 21.39105 ], [ -157.96252, 21.39071 ] ] ] } },
{ "type": "Feature", "properties": { "BMP": 19.017, "EMP": 19.03227, "PREFIX": "SR", "ROUTE": "99", "ISLAND": "Oahu", "DIRECTION": "+MP", "TYPE": "Sidewalk", "MATERIAL": "Concrete", "LENGTH": 81.0, "NHS": "YES", "Shape_Leng": 24.568959723599999 }, "geometry": { "type": "MultiLineString", "coordinates": [ [ [ -157.96364, 21.39122 ], [ -157.96343, 21.39112 ] ] ] } },
{ "type": "Feature", "properties": { "BMP": 20.74418, "EMP": 20.76232, "PREFIX": "SR", "ROUTE": "99", "ISLAND": "Oahu", "DIRECTION": "+MP", "TYPE": "Sidewalk", "MATERIAL": "Concrete", "LENGTH": 99.0, "NHS": "YES", "Shape_Leng": 30.2982236032 }, "geometry": { "type": "MultiLineString", "coordinates": [ [ [ -157.93956, 21.38021 ], [ -157.93929, 21.38013 ] ] ] } },
{ "type": "Feature", "properties": { "BMP": 20.79423, "EMP": 20.8027, "PREFIX": "SR", "ROUTE": "99", "ISLAND": "Oahu", "DIRECTION": "+MP", "TYPE": "Sidewalk", "MATERIAL": "Concrete", "LENGTH": 45.0, "NHS": "YES", "Shape_Leng": 13.8166357601 }, "geometry": { "type": "MultiLineString", "coordinates": [ [ [ -157.93885, 21.37992 ], [ -157.93873, 21.37987 ] ] ] } },
{ "type": "Feature", "properties": { "BMP": 20.77245, "EMP": 20.78411, "PREFIX": "SR", "ROUTE": "99", "ISLAND": "Oahu", "DIRECTION": "+MP", "TYPE": "Sidewalk", "MATERIAL": "Concrete", "LENGTH": 61.0, "NHS": "YES", "Shape_Leng": 18.555372717899999 }, "geometry": { "type": "MultiLineString", "coordinates": [ [ [ -157.93915, 21.38006 ], [ -157.93899, 21.37999 ] ] ] } },
{ "type": "Feature", "properties": { "BMP": 20.80962, "EMP": 20.81881, "PREFIX": "SR", "ROUTE": "99", "ISLAND": "Oahu", "DIRECTION": "+MP", "TYPE": "Sidewalk", "MATERIAL": "Concrete", "LENGTH": 49.0, "NHS": "YES", "Shape_Leng": 14.842840191000001 }, "geometry": { "type": "MultiLineString", "coordinates": [ [ [ -157.93863, 21.37982 ], [ -157.9385, 21.37976 ] ] ] } },
{ "type": "Feature", "properties": { "BMP": 20.82617, "EMP": 20.89729, "PREFIX": "SR", "ROUTE": "99", "ISLAND": "Oahu", "DIRECTION": "+MP", "TYPE": "Sidewalk", "MATERIAL": "Concrete", "LENGTH": 373.0, "NHS": "YES", "Shape_Leng": 113.705843921 }, "geometry": { "type": "MultiLineString", "coordinates": [ [ [ -157.9384, 21.37972 ], [ -157.93744, 21.37923 ] ] ] } },
{ "type": "Feature", "properties": { "BMP": 0.11147, "EMP": 0.14252, "PREFIX": "SR", "ROUTE": "63", "ISLAND": "Oahu", "DIRECTION": "+MP", "TYPE": "Sidewalk", "MATERIAL": "Concrete", "LENGTH": 163.0, "NHS": "NO", "Shape_Leng": 49.820362672500003 }, "geometry": { "type": "MultiLineString", "coordinates": [ [ [ -157.88078, 21.32545 ], [ -157.88046, 21.32579 ] ] ] } },
{ "type": "Feature", "properties": { "BMP": 0.01031, "EMP": 0.05025, "PREFIX": "SR", "ROUTE": "63", "ISLAND": "Oahu", "DIRECTION": "+MP", "TYPE": "Sidewalk", "MATERIAL": "Concrete", "LENGTH": 215.0, "NHS": "NO", "Shape_Leng": 65.5218340893 }, "geometry": { "type": "MultiLineString", "coordinates": [ [ [ -157.88182, 21.32436 ], [ -157.88143, 21.32481 ] ] ] } },
{ "type": "Feature", "properties": { "BMP": 0.05787, "EMP": 0.09836, "PREFIX": "SR", "ROUTE": "63", "ISLAND": "Oahu", "DIRECTION": "+MP", "TYPE": "Sidewalk", "MATERIAL": "Concrete", "LENGTH": 218.0, "NHS": "NO", "Shape_Leng": 66.338678969200004 }, "geometry": { "type": "MultiLineString", "coordinates": [ [ [ -157.88134, 21.32489 ], [ -157.8809, 21.3253 ] ] ] } },
{ "type": "Feature", "properties": { "BMP": 0.15404, "EMP": 0.18723, "PREFIX": "SR", "ROUTE": "63", "ISLAND": "Oahu", "DIRECTION": "+MP", "TYPE": "Sidewalk", "MATERIAL": "Concrete", "LENGTH": 176.0, "NHS": "NO", "Shape_Leng": 53.7813398479 }, "geometry": { "type": "MultiLineString", "coordinates": [ [ [ -157.88033, 21.3259 ], [ -157.87999, 21.32627 ] ] ] } },
{ "type": "Feature", "properties": { "BMP": 0.20094, "EMP": 0.23369, "PREFIX": "SR", "ROUTE": "63", "ISLAND": "Oahu", "DIRECTION": "+MP", "TYPE": "Sidewalk", "MATERIAL": "Concrete", "LENGTH": 175.0, "NHS": "NO", "Shape_Leng": 53.329134451100003 }, "geometry": { "type": "MultiLineString", "coordinates": [ [ [ -157.87984, 21.32641 ], [ -157.8795, 21.32676 ] ] ] } },
{ "type": "Feature", "properties": { "BMP": 0.33892, "EMP": 0.61361, "PREFIX": "SR", "ROUTE": "63", "ISLAND": "Oahu", "DIRECTION": "+MP", "TYPE": "Sidewalk", "MATERIAL": "Concrete", "LENGTH": 1448.0, "NHS": "NO", "Shape_Leng": 441.40599464299999 }, "geometry": { "type": "MultiLineString", "coordinates": [ [ [ -157.87841, 21.32791 ], [ -157.87549, 21.3308 ] ] ] } },
{ "type": "Feature", "properties": { "BMP": 0.81534, "EMP": 0.88211, "PREFIX": "SR", "ROUTE": "63", "ISLAND": "Oahu", "DIRECTION": "+MP", "TYPE": "Sidewalk", "MATERIAL": "Concrete", "LENGTH": 353.0, "NHS": "NO", "Shape_Leng": 107.602867507 }, "geometry": { "type": "MultiLineString", "coordinates": [ [ [ -157.87317, 21.33276 ], [ -157.87238, 21.3334 ] ] ] } },
{ "type": "Feature", "properties": { "BMP": 0.24891, "EMP": 0.32895, "PREFIX": "SR", "ROUTE": "63", "ISLAND": "Oahu", "DIRECTION": "+MP", "TYPE": "Sidewalk", "MATERIAL": "Concrete", "LENGTH": 422.0, "NHS": "NO", "Shape_Leng": 128.647644571 }, "geometry": { "type": "MultiLineString", "coordinates": [ [ [ -157.87935, 21.32694 ], [ -157.87852, 21.3278 ] ] ] } },
{ "type": "Feature", "properties": { "BMP": 0.64576, "EMP": 0.75021, "PREFIX": "SR", "ROUTE": "63", "ISLAND": "Oahu", "DIRECTION": "+MP", "TYPE": "Sidewalk", "MATERIAL": "Concrete", "LENGTH": 550.0, "NHS": "NO", "Shape_Leng": 167.64855680599999 }, "geometry": { "type": "MultiLineString", "coordinates": [ [ [ -157.87508, 21.33108 ], [ -157.87389, 21.3321 ] ] ] } },
{ "type": "Feature", "properties": { "BMP": 0.88763, "EMP": 0.99018, "PREFIX": "SR", "ROUTE": "63", "ISLAND": "Oahu", "DIRECTION": "+MP", "TYPE": "Sidewalk", "MATERIAL": "Concrete", "LENGTH": 546.0, "NHS": "NO", "Shape_Leng": 166.461904984 }, "geometry": { "type": "MultiLineString", "coordinates": [ [ [ -157.87231, 21.33344 ], [ -157.87111, 21.33443 ] ] ] } },
{ "type": "Feature", "properties": { "BMP": 1.00044, "EMP": 1.02661, "PREFIX": "SR", "ROUTE": "63", "ISLAND": "Oahu", "DIRECTION": "+MP", "TYPE": "Sidewalk", "MATERIAL": "Concrete", "LENGTH": 141.0, "NHS": "NO", "Shape_Leng": 42.861074600599999 }, "geometry": { "type": "MultiLineString", "coordinates": [ [ [ -157.87099, 21.33453 ], [ -157.87067, 21.33477 ] ] ] } },
{ "type": "Feature", "properties": { "BMP": 1.13926, "EMP": 1.13926, "PREFIX": "SR", "ROUTE": "63", "ISLAND": "Oahu", "DIRECTION": "+MP", "TYPE": "Sidewalk", "MATERIAL": "Concrete", "LENGTH": 5.0, "NHS": "NO", "Shape_Leng": 1.5870082858500001 }, "geometry": { "type": "MultiLineString", "coordinates": [ [ [ -157.86978, 21.33621 ], [ -157.86979, 21.33622 ] ] ] } },
{ "type": "Feature", "properties": { "BMP": 1.03809, "EMP": 1.13396, "PREFIX": "SR", "ROUTE": "63", "ISLAND": "Oahu", "DIRECTION": "+MP", "TYPE": "Sidewalk", "MATERIAL": "Concrete", "LENGTH": 529.0, "NHS": "NO", "Shape_Leng": 161.126269364 }, "geometry": { "type": "MultiLineString", "coordinates": [ [ [ -157.87055, 21.33489 ], [ -157.86959, 21.33599 ] ] ] } },
{ "type": "Feature", "properties": { "BMP": 1.13691, "EMP": 1.13754, "PREFIX": "SR", "ROUTE": "63", "ISLAND": "Oahu", "DIRECTION": "+MP", "TYPE": "Sidewalk", "MATERIAL": "Concrete", "LENGTH": 6.0, "NHS": "NO", "Shape_Leng": 1.6861868258299999 }, "geometry": { "type": "MultiLineString", "coordinates": [ [ [ -157.86965, 21.33608 ], [ -157.86965, 21.33609 ] ] ] } },
{ "type": "Feature", "properties": { "BMP": 1.15524, "EMP": 1.28571, "PREFIX": "SR", "ROUTE": "63", "ISLAND": "Oahu", "DIRECTION": "+MP", "TYPE": "Sidewalk", "MATERIAL": "Concrete", "LENGTH": 696.0, "NHS": "NO", "Shape_Leng": 211.90961191700001 }, "geometry": { "type": "MultiLineString", "coordinates": [ [ [ -157.86947, 21.33629 ], [ -157.86833, 21.33787 ] ] ] } },
{ "type": "Feature", "properties": { "BMP": 1.44088, "EMP": 1.4445, "PREFIX": "SR", "ROUTE": "63", "ISLAND": "Oahu", "DIRECTION": "+MP", "TYPE": "Sidewalk", "MATERIAL": "Concrete", "LENGTH": 19.0, "NHS": "NO", "Shape_Leng": 5.8557720193099998 }, "geometry": { "type": "MultiLineString", "coordinates": [ [ [ -157.8677, 21.34008 ], [ -157.8677, 21.34013 ] ] ] } },
{ "type": "Feature", "properties": { "BMP": 2.13199, "EMP": 2.13322, "PREFIX": "SR", "ROUTE": "63", "ISLAND": "Oahu", "DIRECTION": "+MP", "TYPE": "Sidewalk", "MATERIAL": "Concrete", "LENGTH": 6.0, "NHS": "NO", "Shape_Leng": 1.97872950443 }, "geometry": { "type": "MultiLineString", "coordinates": [ [ [ -157.86377, 21.34848 ], [ -157.86376, 21.34849 ] ] ] } },
{ "type": "Feature", "properties": { "BMP": 2.13176, "EMP": 2.13176, "PREFIX": "SR", "ROUTE": "63", "ISLAND": "Oahu", "DIRECTION": "+MP", "TYPE": "Sidewalk", "MATERIAL": "Concrete", "LENGTH": 6.0, "NHS": "NO", "Shape_Leng": 1.8800819268 }, "geometry": { "type": "MultiLineString", "coordinates": [ [ [ -157.86378, 21.34848 ], [ -157.86379, 21.3485 ] ] ] } },
{ "type": "Feature", "properties": { "BMP": 2.13954, "EMP": 2.14121, "PREFIX": "SR", "ROUTE": "63", "ISLAND": "Oahu", "DIRECTION": "+MP", "TYPE": "Sidewalk", "MATERIAL": "Concrete", "LENGTH": 9.0, "NHS": "NO", "Shape_Leng": 2.6948794184099998 }, "geometry": { "type": "MultiLineString", "coordinates": [ [ [ -157.86368, 21.34854 ], [ -157.86366, 21.34856 ] ] ] } },
{ "type": "Feature", "properties": { "BMP": 0.25832, "EMP": 0.42966, "PREFIX": "SR", "ROUTE": "64", "ISLAND": "Oahu", "DIRECTION": "+MP", "TYPE": "Sidewalk", "MATERIAL": "Concrete", "LENGTH": 922.0, "NHS": "YES", "Shape_Leng": 280.92513728199998 }, "geometry": { "type": "MultiLineString", "coordinates": [ [ [ -157.87424, 21.30578 ], [ -157.87672, 21.30642 ] ] ] } },
{ "type": "Feature", "properties": { "BMP": 0.07755, "EMP": 0.12865, "PREFIX": "SR", "ROUTE": "64", "ISLAND": "Oahu", "DIRECTION": "+MP", "TYPE": "Sidewalk", "MATERIAL": "Concrete", "LENGTH": 276.0, "NHS": "YES", "Shape_Leng": 84.131477954900006 }, "geometry": { "type": "MultiLineString", "coordinates": [ [ [ -157.8719, 21.30431 ], [ -157.87256, 21.30476 ] ] ] } },
{ "type": "Feature", "properties": { "BMP": 0.0, "EMP": 0.07123, "PREFIX": "SR", "ROUTE": "64", "ISLAND": "Oahu", "DIRECTION": "+MP", "TYPE": "Sidewalk", "MATERIAL": "Concrete", "LENGTH": 390.0, "NHS": "YES", "Shape_Leng": 118.802949098 }, "geometry": { "type": "MultiLineString", "coordinates": [ [ [ -157.87129, 21.3033 ], [ -157.87184, 21.30424 ] ] ] } },
{ "type": "Feature", "properties": { "BMP": 0.14378, "EMP": 0.24381, "PREFIX": "SR", "ROUTE": "64", "ISLAND": "Oahu", "DIRECTION": "+MP", "TYPE": "Sidewalk", "MATERIAL": "Concrete", "LENGTH": 527.0, "NHS": "YES", "Shape_Leng": 160.79601375600001 }, "geometry": { "type": "MultiLineString", "coordinates": [ [ [ -157.87275, 21.30488 ], [ -157.87405, 21.30567 ] ] ] } },
{ "type": "Feature", "properties": { "BMP": 0.44296, "EMP": 0.67437, "PREFIX": "SR", "ROUTE": "64", "ISLAND": "Oahu", "DIRECTION": "+MP", "TYPE": "Sidewalk", "MATERIAL": "Concrete", "LENGTH": 1211.0, "NHS": "YES", "Shape_Leng": 369.107103521 }, "geometry": { "type": "MultiLineString", "coordinates": [ [ [ -157.87693, 21.3064 ], [ -157.88032, 21.30715 ] ] ] } },
{ "type": "Feature", "properties": { "BMP": 0.68588, "EMP": 0.7401, "PREFIX": "SR", "ROUTE": "64", "ISLAND": "Oahu", "DIRECTION": "+MP", "TYPE": "Sidewalk", "MATERIAL": "Concrete", "LENGTH": 287.0, "NHS": "YES", "Shape_Leng": 87.567850220099999 }, "geometry": { "type": "MultiLineString", "coordinates": [ [ [ -157.88048, 21.30724 ], [ -157.88121, 21.30763 ] ] ] } },
{ "type": "Feature", "properties": { "BMP": 1.11123, "EMP": 1.18778, "PREFIX": "SR", "ROUTE": "64", "ISLAND": "Oahu", "DIRECTION": "+MP", "TYPE": "Sidewalk", "MATERIAL": "Asphalt", "LENGTH": 403.0, "NHS": "YES", "Shape_Leng": 122.873999427 }, "geometry": { "type": "MultiLineString", "coordinates": [ [ [ -157.88584, 21.30964 ], [ -157.88621, 21.31069 ] ] ] } },
{ "type": "Feature", "properties": { "BMP": 0.7469, "EMP": 0.80018, "PREFIX": "SR", "ROUTE": "64", "ISLAND": "Oahu", "DIRECTION": "+MP", "TYPE": "Sidewalk", "MATERIAL": "Concrete", "LENGTH": 282.0, "NHS": "YES", "Shape_Leng": 86.029452743899995 }, "geometry": { "type": "MultiLineString", "coordinates": [ [ [ -157.8813, 21.30768 ], [ -157.88202, 21.30807 ] ] ] } },
{ "type": "Feature", "properties": { "BMP": 0.82274, "EMP": 0.86318, "PREFIX": "SR", "ROUTE": "64", "ISLAND": "Oahu", "DIRECTION": "+MP", "TYPE": "Sidewalk", "MATERIAL": "Asphalt", "LENGTH": 227.0, "NHS": "YES", "Shape_Leng": 69.257636139499994 }, "geometry": { "type": "MultiLineString", "coordinates": [ [ [ -157.88234, 21.30823 ], [ -157.883, 21.30832 ] ] ] } },
{ "type": "Feature", "properties": { "BMP": 0.87736, "EMP": 1.07867, "PREFIX": "SR", "ROUTE": "64", "ISLAND": "Oahu", "DIRECTION": "+MP", "TYPE": "Sidewalk", "MATERIAL": "Asphalt", "LENGTH": 1022.0, "NHS": "YES", "Shape_Leng": 311.67215595699997 }, "geometry": { "type": "MultiLineString", "coordinates": [ [ [ -157.88322, 21.30828 ], [ -157.8857, 21.30918 ] ] ] } },
{ "type": "Feature", "properties": { "BMP": 1.85745, "EMP": 1.96627, "PREFIX": "SR", "ROUTE": "64", "ISLAND": "Oahu", "DIRECTION": "+MP", "TYPE": "Sidewalk", "MATERIAL": "Concrete", "LENGTH": 574.0, "NHS": "YES", "Shape_Leng": 174.90760259499999 }, "geometry": { "type": "MultiLineString", "coordinates": [ [ [ -157.89047, 21.31958 ], [ -157.8912, 21.321 ] ] ] } },
{ "type": "Feature", "properties": { "BMP": 2.12698, "EMP": 2.1406, "PREFIX": "SR", "ROUTE": "64", "ISLAND": "Oahu", "DIRECTION": "+MP", "TYPE": "Sidewalk", "MATERIAL": "Concrete", "LENGTH": 74.0, "NHS": "YES", "Shape_Leng": 22.468513208499999 }, "geometry": { "type": "MultiLineString", "coordinates": [ [ [ -157.89109, 21.32304 ], [ -157.89099, 21.32321 ] ] ] } },
{ "type": "Feature", "properties": { "BMP": 2.57052, "EMP": 2.59496, "PREFIX": "SR", "ROUTE": "64", "ISLAND": "Oahu", "DIRECTION": "+MP", "TYPE": "Sidewalk", "MATERIAL": "Concrete", "LENGTH": 130.0, "NHS": "YES", "Shape_Leng": 39.477968456799999 }, "geometry": { "type": "MultiLineString", "coordinates": [ [ [ -157.88696, 21.32818 ], [ -157.88673, 21.32847 ] ] ] } },
{ "type": "Feature", "properties": { "BMP": 2.54459, "EMP": 2.56998, "PREFIX": "SR", "ROUTE": "64", "ISLAND": "Oahu", "DIRECTION": "+MP", "TYPE": "Sidewalk", "MATERIAL": "Concrete", "LENGTH": 145.0, "NHS": "YES", "Shape_Leng": 44.339643893100003 }, "geometry": { "type": "MultiLineString", "coordinates": [ [ [ -157.88724, 21.32791 ], [ -157.88689, 21.32812 ] ] ] } },
{ "type": "Feature", "properties": { "BMP": 21.14963, "EMP": 21.31946, "PREFIX": "SR", "ROUTE": "99", "ISLAND": "Oahu", "DIRECTION": "+MP", "TYPE": "Sidewalk", "MATERIAL": "Concrete", "LENGTH": 879.0, "NHS": "YES", "Shape_Leng": 267.87589714400002 }, "geometry": { "type": "MultiLineString", "coordinates": [ [ [ -157.93435, 21.37701 ], [ -157.93292, 21.37508 ] ] ] } },
{ "type": "Feature", "properties": { "BMP": 21.32423, "EMP": 21.33211, "PREFIX": "SR", "ROUTE": "99", "ISLAND": "Oahu", "DIRECTION": "+MP", "TYPE": "Sidewalk", "MATERIAL": "Concrete", "LENGTH": 40.0, "NHS": "YES", "Shape_Leng": 12.2549088758 }, "geometry": { "type": "MultiLineString", "coordinates": [ [ [ -157.93285, 21.37502 ], [ -157.93283, 21.37491 ] ] ] } },
{ "type": "Feature", "properties": { "BMP": 21.35261, "EMP": 21.48341, "PREFIX": "SR", "ROUTE": "99", "ISLAND": "Oahu", "DIRECTION": "+MP", "TYPE": "Sidewalk", "MATERIAL": "Concrete", "LENGTH": 674.0, "NHS": "YES", "Shape_Leng": 205.39044279000001 }, "geometry": { "type": "MultiLineString", "coordinates": [ [ [ -157.93283, 21.37462 ], [ -157.93328, 21.37286 ] ] ] } },
{ "type": "Feature", "properties": { "BMP": 21.33617, "EMP": 21.34735, "PREFIX": "SR", "ROUTE": "99", "ISLAND": "Oahu", "DIRECTION": "+MP", "TYPE": "Sidewalk", "MATERIAL": "Concrete", "LENGTH": 57.0, "NHS": "YES", "Shape_Leng": 17.453750034900001 }, "geometry": { "type": "MultiLineString", "coordinates": [ [ [ -157.93282, 21.37485 ], [ -157.93281, 21.3747 ] ] ] } },
{ "type": "Feature", "properties": { "BMP": 21.5069, "EMP": 21.55173, "PREFIX": "SR", "ROUTE": "99", "ISLAND": "Oahu", "DIRECTION": "+MP", "TYPE": "Sidewalk", "MATERIAL": "Concrete", "LENGTH": 237.0, "NHS": "YES", "Shape_Leng": 72.139804924000003 }, "geometry": { "type": "MultiLineString", "coordinates": [ [ [ -157.93347, 21.37257 ], [ -157.93382, 21.37201 ] ] ] } },
{ "type": "Feature", "properties": { "BMP": 21.56068, "EMP": 21.56419, "PREFIX": "SR", "ROUTE": "99", "ISLAND": "Oahu", "DIRECTION": "+MP", "TYPE": "Sidewalk", "MATERIAL": "Concrete", "LENGTH": 19.0, "NHS": "YES", "Shape_Leng": 5.6521769962299997 }, "geometry": { "type": "MultiLineString", "coordinates": [ [ [ -157.93388, 21.37189 ], [ -157.93391, 21.37185 ] ] ] } },
{ "type": "Feature", "properties": { "BMP": 21.57138, "EMP": 21.68666, "PREFIX": "SR", "ROUTE": "99", "ISLAND": "Oahu", "DIRECTION": "+MP", "TYPE": "Sidewalk", "MATERIAL": "Concrete", "LENGTH": 613.0, "NHS": "YES", "Shape_Leng": 186.92675866299999 }, "geometry": { "type": "MultiLineString", "coordinates": [ [ [ -157.93396, 21.37176 ], [ -157.9349, 21.37033 ] ] ] } },
{ "type": "Feature", "properties": { "BMP": 21.71622, "EMP": 21.77504, "PREFIX": "SR", "ROUTE": "99", "ISLAND": "Oahu", "DIRECTION": "+MP", "TYPE": "Sidewalk", "MATERIAL": "Concrete", "LENGTH": 320.0, "NHS": "YES", "Shape_Leng": 97.428714186700006 }, "geometry": { "type": "MultiLineString", "coordinates": [ [ [ -157.9351, 21.36994 ], [ -157.9355, 21.36917 ] ] ] } },
{ "type": "Feature", "properties": { "BMP": 21.78162, "EMP": 21.78588, "PREFIX": "SR", "ROUTE": "99", "ISLAND": "Oahu", "DIRECTION": "+MP", "TYPE": "Sidewalk", "MATERIAL": "Concrete", "LENGTH": 22.0, "NHS": "YES", "Shape_Leng": 6.8487466217600002 }, "geometry": { "type": "MultiLineString", "coordinates": [ [ [ -157.93554, 21.36908 ], [ -157.93557, 21.36902 ] ] ] } },
{ "type": "Feature", "properties": { "BMP": 21.79316, "EMP": 21.98099, "PREFIX": "SR", "ROUTE": "99", "ISLAND": "Oahu", "DIRECTION": "+MP", "TYPE": "Sidewalk", "MATERIAL": "Concrete", "LENGTH": 998.0, "NHS": "YES", "Shape_Leng": 304.10573392499998 }, "geometry": { "type": "MultiLineString", "coordinates": [ [ [ -157.93563, 21.36893 ], [ -157.93688, 21.36646 ] ] ] } },
{ "type": "Feature", "properties": { "BMP": 21.98595, "EMP": 21.99261, "PREFIX": "SR", "ROUTE": "99", "ISLAND": "Oahu", "DIRECTION": "+MP", "TYPE": "Sidewalk", "MATERIAL": "Concrete", "LENGTH": 36.0, "NHS": "YES", "Shape_Leng": 10.8437957683 }, "geometry": { "type": "MultiLineString", "coordinates": [ [ [ -157.93688, 21.36638 ], [ -157.93692, 21.36629 ] ] ] } },
{ "type": "Feature", "properties": { "BMP": 21.99589, "EMP": 21.99789, "PREFIX": "SR", "ROUTE": "99", "ISLAND": "Oahu", "DIRECTION": "+MP", "TYPE": "Sidewalk", "MATERIAL": "Asphalt", "LENGTH": 11.0, "NHS": "YES", "Shape_Leng": 3.2765882587799999 }, "geometry": { "type": "MultiLineString", "coordinates": [ [ [ -157.93694, 21.36625 ], [ -157.93695, 21.36622 ] ] ] } },
{ "type": "Feature", "properties": { "BMP": 22.01492, "EMP": 22.11553, "PREFIX": "SR", "ROUTE": "99", "ISLAND": "Oahu", "DIRECTION": "+MP", "TYPE": "Sidewalk", "MATERIAL": "Concrete", "LENGTH": 534.0, "NHS": "YES", "Shape_Leng": 162.887288063 }, "geometry": { "type": "MultiLineString", "coordinates": [ [ [ -157.93709, 21.366 ], [ -157.93772, 21.36467 ] ] ] } },
{ "type": "Feature", "properties": { "BMP": 22.00103, "EMP": 22.00862, "PREFIX": "SR", "ROUTE": "99", "ISLAND": "Oahu", "DIRECTION": "+MP", "TYPE": "Sidewalk", "MATERIAL": "Concrete", "LENGTH": 40.0, "NHS": "YES", "Shape_Leng": 12.168011509099999 }, "geometry": { "type": "MultiLineString", "coordinates": [ [ [ -157.93697, 21.36618 ], [ -157.93702, 21.36608 ] ] ] } },
{ "type": "Feature", "properties": { "BMP": 22.94205, "EMP": 22.94811, "PREFIX": "SR", "ROUTE": "99", "ISLAND": "Oahu", "DIRECTION": "+MP", "TYPE": "Sidewalk", "MATERIAL": "Concrete", "LENGTH": 32.0, "NHS": "YES", "Shape_Leng": 9.7502071051399994 }, "geometry": { "type": "MultiLineString", "coordinates": [ [ [ -157.9357, 21.35288 ], [ -157.93567, 21.35279 ] ] ] } },
{ "type": "Feature", "properties": { "BMP": 22.96033, "EMP": 22.96689, "PREFIX": "SR", "ROUTE": "99", "ISLAND": "Oahu", "DIRECTION": "+MP", "TYPE": "Sidewalk", "MATERIAL": "Concrete", "LENGTH": 35.0, "NHS": "YES", "Shape_Leng": 10.6113244056 }, "geometry": { "type": "MultiLineString", "coordinates": [ [ [ -157.93563, 21.35262 ], [ -157.93561, 21.35253 ] ] ] } },
{ "type": "Feature", "properties": { "BMP": 22.97136, "EMP": 23.1995, "PREFIX": "SR", "ROUTE": "99", "ISLAND": "Oahu", "DIRECTION": "+MP", "TYPE": "Sidewalk", "MATERIAL": "Concrete", "LENGTH": 1215.0, "NHS": "YES", "Shape_Leng": 370.34446201499998 }, "geometry": { "type": "MultiLineString", "coordinates": [ [ [ -157.93565, 21.35245 ], [ -157.93495, 21.34921 ] ] ] } },
{ "type": "Feature", "properties": { "BMP": 23.2177, "EMP": 23.22302, "PREFIX": "SR", "ROUTE": "99", "ISLAND": "Oahu", "DIRECTION": "+MP", "TYPE": "Sidewalk", "MATERIAL": "Concrete", "LENGTH": 31.0, "NHS": "YES", "Shape_Leng": 9.5592886854400003 }, "geometry": { "type": "MultiLineString", "coordinates": [ [ [ -157.93485, 21.34896 ], [ -157.9348, 21.34889 ] ] ] } },
{ "type": "Feature", "properties": { "BMP": 19.79394, "EMP": 19.90604, "PREFIX": "SR", "ROUTE": "99", "ISLAND": "Oahu", "DIRECTION": "+MP", "TYPE": "Sidewalk", "MATERIAL": "Concrete", "LENGTH": 593.0, "NHS": "YES", "Shape_Leng": 180.71419714000001 }, "geometry": { "type": "MultiLineString", "coordinates": [ [ [ -157.9528, 21.38629 ], [ -157.95124, 21.38556 ] ] ] } },
{ "type": "Feature", "properties": { "BMP": 20.50176, "EMP": 20.60369, "PREFIX": "SR", "ROUTE": "99", "ISLAND": "Oahu", "DIRECTION": "+MP", "TYPE": "Sidewalk", "MATERIAL": "Concrete", "LENGTH": 539.0, "NHS": "YES", "Shape_Leng": 164.30156265900001 }, "geometry": { "type": "MultiLineString", "coordinates": [ [ [ -157.94294, 21.38176 ], [ -157.94151, 21.38111 ] ] ] } },
{ "type": "Feature", "properties": { "BMP": 20.61203, "EMP": 20.6397, "PREFIX": "SR", "ROUTE": "99", "ISLAND": "Oahu", "DIRECTION": "+MP", "TYPE": "Sidewalk", "MATERIAL": "Concrete", "LENGTH": 146.0, "NHS": "YES", "Shape_Leng": 44.574011086200002 }, "geometry": { "type": "MultiLineString", "coordinates": [ [ [ -157.9414, 21.38106 ], [ -157.94101, 21.38088 ] ] ] } },
{ "type": "Feature", "properties": { "BMP": 21.69143, "EMP": 21.69229, "PREFIX": "SR", "ROUTE": "99", "ISLAND": "Oahu", "DIRECTION": "+MP", "TYPE": "Sidewalk", "MATERIAL": "Concrete", "LENGTH": 5.0, "NHS": "YES", "Shape_Leng": 1.3792076174600001 }, "geometry": { "type": "MultiLineString", "coordinates": [ [ [ -157.93488, 21.37024 ], [ -157.93489, 21.37023 ] ] ] } },
{ "type": "Feature", "properties": { "BMP": 21.70555, "EMP": 21.70933, "PREFIX": "SR", "ROUTE": "99", "ISLAND": "Oahu", "DIRECTION": "+MP", "TYPE": "Sidewalk", "MATERIAL": "Concrete", "LENGTH": 28.0, "NHS": "YES", "Shape_Leng": 8.5783591563999995 }, "geometry": { "type": "MultiLineString", "coordinates": [ [ [ -157.93498, 21.37005 ], [ -157.93498, 21.36999 ] ] ] } },
{ "type": "Feature", "properties": { "BMP": 22.12217, "EMP": 22.12217, "PREFIX": "SR", "ROUTE": "99", "ISLAND": "Oahu", "DIRECTION": "+MP", "TYPE": "Sidewalk", "MATERIAL": "Concrete", "LENGTH": 8.0, "NHS": "YES", "Shape_Leng": 2.5341348134700001 }, "geometry": { "type": "MultiLineString", "coordinates": [ [ [ -157.93774, 21.36457 ], [ -157.93772, 21.36457 ] ] ] } },
{ "type": "Feature", "properties": { "BMP": 22.12181, "EMP": 22.12639, "PREFIX": "SR", "ROUTE": "99", "ISLAND": "Oahu", "DIRECTION": "+MP", "TYPE": "Sidewalk", "MATERIAL": "Concrete", "LENGTH": 24.0, "NHS": "YES", "Shape_Leng": 7.4179828005599999 }, "geometry": { "type": "MultiLineString", "coordinates": [ [ [ -157.93774, 21.36458 ], [ -157.93777, 21.36452 ] ] ] } },
{ "type": "Feature", "properties": { "BMP": 0.69444, "EMP": 0.69756, "PREFIX": "SR", "ROUTE": "7310", "ISLAND": "Oahu", "DIRECTION": "+MP", "TYPE": "Sidewalk", "MATERIAL": "Concrete", "LENGTH": 20.0, "NHS": "YES", "Shape_Leng": 5.9626636783100002 }, "geometry": { "type": "MultiLineString", "coordinates": [ [ [ -157.89882, 21.34488 ], [ -157.89883, 21.34494 ] ] ] } },
{ "type": "Feature", "properties": { "BMP": 0.37493, "EMP": 0.32567, "PREFIX": "SR", "ROUTE": "7415", "ISLAND": "Oahu", "DIRECTION": "-MP", "TYPE": "Sidewalk", "MATERIAL": "Concrete", "LENGTH": 265.0, "NHS": "NO", "Shape_Leng": 80.724396132600006 }, "geometry": { "type": "MultiLineString", "coordinates": [ [ [ -157.88784, 21.33483 ], [ -157.88726, 21.33529 ] ] ] } },
{ "type": "Feature", "properties": { "BMP": 0.31499, "EMP": 0.27325, "PREFIX": "SR", "ROUTE": "7415", "ISLAND": "Oahu", "DIRECTION": "-MP", "TYPE": "Sidewalk", "MATERIAL": "Concrete", "LENGTH": 225.0, "NHS": "NO", "Shape_Leng": 68.538153159499998 }, "geometry": { "type": "MultiLineString", "coordinates": [ [ [ -157.88715, 21.3354 ], [ -157.88661, 21.33573 ] ] ] } },
{ "type": "Feature", "properties": { "BMP": 0.09321, "EMP": 0.06378, "PREFIX": "SR", "ROUTE": "7415", "ISLAND": "Oahu", "DIRECTION": "-MP", "TYPE": "Sidewalk", "MATERIAL": "Concrete", "LENGTH": 151.0, "NHS": "NO", "Shape_Leng": 46.129215007600003 }, "geometry": { "type": "MultiLineString", "coordinates": [ [ [ -157.88432, 21.33724 ], [ -157.88394, 21.33744 ] ] ] } },
{ "type": "Feature", "properties": { "BMP": 0.05759, "EMP": 0.02019, "PREFIX": "SR", "ROUTE": "7415", "ISLAND": "Oahu", "DIRECTION": "-MP", "TYPE": "Sidewalk", "MATERIAL": "Concrete", "LENGTH": 207.0, "NHS": "NO", "Shape_Leng": 63.1294719144 }, "geometry": { "type": "MultiLineString", "coordinates": [ [ [ -157.88386, 21.33751 ], [ -157.88343, 21.3379 ] ] ] } },
{ "type": "Feature", "properties": { "BMP": 0.01062, "EMP": 0.0, "PREFIX": "SR", "ROUTE": "7415", "ISLAND": "Oahu", "DIRECTION": "-MP", "TYPE": "Sidewalk", "MATERIAL": "Concrete", "LENGTH": 57.0, "NHS": "NO", "Shape_Leng": 17.306662430100001 }, "geometry": { "type": "MultiLineString", "coordinates": [ [ [ -157.88327, 21.33796 ], [ -157.88321, 21.33809 ] ] ] } },
{ "type": "Feature", "properties": { "BMP": 0.00802, "EMP": 0.01597, "PREFIX": "SR", "ROUTE": "7601", "ISLAND": "Oahu", "DIRECTION": "+MP", "TYPE": "Sidewalk", "MATERIAL": "Concrete", "LENGTH": 43.0, "NHS": "YES", "Shape_Leng": 13.085427355 }, "geometry": { "type": "MultiLineString", "coordinates": [ [ [ -157.81329, 21.28927 ], [ -157.81339, 21.28934 ] ] ] } },
{ "type": "Feature", "properties": { "BMP": 0.00057, "EMP": 0.16396, "PREFIX": "SR", "ROUTE": "7601", "ISLAND": "Oahu", "DIRECTION": "+MP", "TYPE": "Sidewalk", "MATERIAL": "Concrete", "LENGTH": 860.0, "NHS": "YES", "Shape_Leng": 262.19436877499999 }, "geometry": { "type": "MultiLineString", "coordinates": [ [ [ -157.81331, 21.28909 ], [ -157.81524, 21.29061 ] ] ] } },
{ "type": "Feature", "properties": { "BMP": 0.02357, "EMP": 0.06451, "PREFIX": "SR", "ROUTE": "7601", "ISLAND": "Oahu", "DIRECTION": "+MP", "TYPE": "Sidewalk", "MATERIAL": "Concrete", "LENGTH": 219.0, "NHS": "YES", "Shape_Leng": 66.645845210299996 }, "geometry": { "type": "MultiLineString", "coordinates": [ [ [ -157.81348, 21.28942 ], [ -157.81397, 21.28979 ] ] ] } },
{ "type": "Feature", "properties": { "BMP": 0.06893, "EMP": 0.09421, "PREFIX": "SR", "ROUTE": "7601", "ISLAND": "Oahu", "DIRECTION": "+MP", "TYPE": "Sidewalk", "MATERIAL": "Concrete", "LENGTH": 133.0, "NHS": "YES", "Shape_Leng": 40.568183113700002 }, "geometry": { "type": "MultiLineString", "coordinates": [ [ [ -157.81403, 21.28983 ], [ -157.81432, 21.29007 ] ] ] } },
{ "type": "Feature", "properties": { "BMP": 0.099, "EMP": 0.10765, "PREFIX": "SR", "ROUTE": "7601", "ISLAND": "Oahu", "DIRECTION": "+MP", "TYPE": "Sidewalk", "MATERIAL": "Concrete", "LENGTH": 46.0, "NHS": "YES", "Shape_Leng": 13.9248036335 }, "geometry": { "type": "MultiLineString", "coordinates": [ [ [ -157.81438, 21.29011 ], [ -157.81448, 21.2902 ] ] ] } },
{ "type": "Feature", "properties": { "BMP": 0.16436, "EMP": 0.25457, "PREFIX": "SR", "ROUTE": "7601", "ISLAND": "Oahu", "DIRECTION": "+MP", "TYPE": "Sidewalk", "MATERIAL": "Concrete", "LENGTH": 470.0, "NHS": "YES", "Shape_Leng": 143.21834161000001 }, "geometry": { "type": "MultiLineString", "coordinates": [ [ [ -157.81525, 21.29062 ], [ -157.81655, 21.29055 ] ] ] } },
{ "type": "Feature", "properties": { "BMP": 0.2145, "EMP": 0.22321, "PREFIX": "SR", "ROUTE": "7601", "ISLAND": "Oahu", "DIRECTION": "+MP", "TYPE": "Sidewalk", "MATERIAL": "Concrete", "LENGTH": 55.0, "NHS": "YES", "Shape_Leng": 16.695086612600001 }, "geometry": { "type": "MultiLineString", "coordinates": [ [ [ -157.81598, 21.29081 ], [ -157.81613, 21.29085 ] ] ] } },
{ "type": "Feature", "properties": { "BMP": 0.22718, "EMP": 0.22978, "PREFIX": "SR", "ROUTE": "7601", "ISLAND": "Oahu", "DIRECTION": "+MP", "TYPE": "Sidewalk", "MATERIAL": "Concrete", "LENGTH": 14.0, "NHS": "YES", "Shape_Leng": 4.1678443469899999 }, "geometry": { "type": "MultiLineString", "coordinates": [ [ [ -157.81618, 21.29079 ], [ -157.81622, 21.29078 ] ] ] } },
{ "type": "Feature", "properties": { "BMP": 0.25687, "EMP": 0.35641, "PREFIX": "SR", "ROUTE": "7601", "ISLAND": "Oahu", "DIRECTION": "+MP", "TYPE": "Sidewalk", "MATERIAL": "Concrete", "LENGTH": 527.0, "NHS": "YES", "Shape_Leng": 160.57332052000001 }, "geometry": { "type": "MultiLineString", "coordinates": [ [ [ -157.81661, 21.29064 ], [ -157.8181, 21.29028 ] ] ] } },
{ "type": "Feature", "properties": { "BMP": 0.36198, "EMP": 0.38696, "PREFIX": "SR", "ROUTE": "7601", "ISLAND": "Oahu", "DIRECTION": "+MP", "TYPE": "Sidewalk", "MATERIAL": "Concrete", "LENGTH": 124.0, "NHS": "YES", "Shape_Leng": 37.7442979462 }, "geometry": { "type": "MultiLineString", "coordinates": [ [ [ -157.81819, 21.29025 ], [ -157.81855, 21.2902 ] ] ] } },
{ "type": "Feature", "properties": { "BMP": 0.396, "EMP": 0.4188, "PREFIX": "SR", "ROUTE": "7601", "ISLAND": "Oahu", "DIRECTION": "+MP", "TYPE": "Sidewalk", "MATERIAL": "Concrete", "LENGTH": 106.0, "NHS": "YES", "Shape_Leng": 32.181140801799998 }, "geometry": { "type": "MultiLineString", "coordinates": [ [ [ -157.81867, 21.29021 ], [ -157.81897, 21.29029 ] ] ] } },
{ "type": "Feature", "properties": { "BMP": 0.46357, "EMP": 0.28559, "PREFIX": "SR", "ROUTE": "7141", "ISLAND": "Oahu", "DIRECTION": "-MP", "TYPE": "Sidewalk", "MATERIAL": "Concrete", "LENGTH": 952.0, "NHS": "NO", "Shape_Leng": 290.17767409300001 }, "geometry": { "type": "MultiLineString", "coordinates": [ [ [ -158.01749, 21.33814 ], [ -158.01935, 21.33622 ] ] ] } },
{ "type": "Feature", "properties": { "BMP": 0.27176, "EMP": 0.00711, "PREFIX": "SR", "ROUTE": "7141", "ISLAND": "Oahu", "DIRECTION": "-MP", "TYPE": "Sidewalk", "MATERIAL": "Concrete", "LENGTH": 1412.0, "NHS": "NO", "Shape_Leng": 430.358949499 }, "geometry": { "type": "MultiLineString", "coordinates": [ [ [ -158.01948, 21.33607 ], [ -158.02282, 21.33402 ] ] ] } },
{ "type": "Feature", "properties": { "BMP": 0.00744, "EMP": 0.00523, "PREFIX": "SR", "ROUTE": "7141", "ISLAND": "Oahu", "DIRECTION": "-MP", "TYPE": "Sidewalk", "MATERIAL": "Concrete", "LENGTH": 18.0, "NHS": "NO", "Shape_Leng": 5.4146276238900004 }, "geometry": { "type": "MultiLineString", "coordinates": [ [ [ -158.02276, 21.33387 ], [ -158.02277, 21.33383 ] ] ] } },
{ "type": "Feature", "properties": { "BMP": 0.1101, "EMP": 0.0265, "PREFIX": "SR", "ROUTE": "7401", "ISLAND": "Oahu", "DIRECTION": "-MP", "TYPE": "Sidewalk", "MATERIAL": "Concrete", "LENGTH": 469.0, "NHS": "NO", "Shape_Leng": 142.84602651200001 }, "geometry": { "type": "MultiLineString", "coordinates": [ [ [ -157.8878, 21.33289 ], [ -157.88901, 21.33346 ] ] ] } },
{ "type": "Feature", "properties": { "BMP": 0.02293, "EMP": 0.0083, "PREFIX": "SR", "ROUTE": "7401", "ISLAND": "Oahu", "DIRECTION": "-MP", "TYPE": "Sidewalk", "MATERIAL": "Concrete", "LENGTH": 67.0, "NHS": "NO", "Shape_Leng": 20.350300814000001 }, "geometry": { "type": "MultiLineString", "coordinates": [ [ [ -157.88911, 21.33342 ], [ -157.88929, 21.33349 ] ] ] } },
{ "type": "Feature", "properties": { "BMP": 0.48927, "EMP": 0.39346, "PREFIX": "SR", "ROUTE": "7415", "ISLAND": "Oahu", "DIRECTION": "-MP", "TYPE": "Sidewalk", "MATERIAL": "Concrete", "LENGTH": 510.0, "NHS": "NO", "Shape_Leng": 155.542706678 }, "geometry": { "type": "MultiLineString", "coordinates": [ [ [ -157.88907, 21.33369 ], [ -157.88804, 21.33464 ] ] ] } },
{ "type": "Feature", "properties": { "BMP": 0.39067, "EMP": 0.38925, "PREFIX": "SR", "ROUTE": "7415", "ISLAND": "Oahu", "DIRECTION": "-MP", "TYPE": "Sidewalk", "MATERIAL": "Concrete", "LENGTH": 8.0, "NHS": "NO", "Shape_Leng": 2.50113862119 }, "geometry": { "type": "MultiLineString", "coordinates": [ [ [ -157.88805, 21.33471 ], [ -157.88804, 21.33473 ] ] ] } },
{ "type": "Feature", "properties": { "BMP": 0.3797, "EMP": 0.37816, "PREFIX": "SR", "ROUTE": "7415", "ISLAND": "Oahu", "DIRECTION": "-MP", "TYPE": "Sidewalk", "MATERIAL": "Concrete", "LENGTH": 17.0, "NHS": "NO", "Shape_Leng": 5.0588339628999996 }, "geometry": { "type": "MultiLineString", "coordinates": [ [ [ -157.88793, 21.33483 ], [ -157.88792, 21.33485 ] ] ] } },
{ "type": "Feature", "properties": { "BMP": 0.2583, "EMP": 0.25191, "PREFIX": "SR", "ROUTE": "7415", "ISLAND": "Oahu", "DIRECTION": "-MP", "TYPE": "Sidewalk", "MATERIAL": "Concrete", "LENGTH": 34.0, "NHS": "NO", "Shape_Leng": 10.3321953355 }, "geometry": { "type": "MultiLineString", "coordinates": [ [ [ -157.88643, 21.33587 ], [ -157.88634, 21.33592 ] ] ] } },
{ "type": "Feature", "properties": { "BMP": 0.24152, "EMP": 0.15503, "PREFIX": "SR", "ROUTE": "7415", "ISLAND": "Oahu", "DIRECTION": "-MP", "TYPE": "Sidewalk", "MATERIAL": "Concrete", "LENGTH": 465.0, "NHS": "NO", "Shape_Leng": 141.56911771200001 }, "geometry": { "type": "MultiLineString", "coordinates": [ [ [ -157.88619, 21.33598 ], [ -157.88509, 21.3367 ] ] ] } },
{ "type": "Feature", "properties": { "BMP": 0.1482, "EMP": 0.14034, "PREFIX": "SR", "ROUTE": "7415", "ISLAND": "Oahu", "DIRECTION": "-MP", "TYPE": "Sidewalk", "MATERIAL": "Concrete", "LENGTH": 43.0, "NHS": "NO", "Shape_Leng": 13.0391059492 }, "geometry": { "type": "MultiLineString", "coordinates": [ [ [ -157.88502, 21.33678 ], [ -157.88493, 21.33686 ] ] ] } },
{ "type": "Feature", "properties": { "BMP": 0.10318, "EMP": 0.09865, "PREFIX": "SR", "ROUTE": "7415", "ISLAND": "Oahu", "DIRECTION": "-MP", "TYPE": "Sidewalk", "MATERIAL": "Concrete", "LENGTH": 24.0, "NHS": "NO", "Shape_Leng": 7.3143373608899998 }, "geometry": { "type": "MultiLineString", "coordinates": [ [ [ -157.88445, 21.33716 ], [ -157.88439, 21.3372 ] ] ] } },
{ "type": "Feature", "properties": { "BMP": 0.13081, "EMP": 0.1077, "PREFIX": "SR", "ROUTE": "7415", "ISLAND": "Oahu", "DIRECTION": "-MP", "TYPE": "Sidewalk", "MATERIAL": "Concrete", "LENGTH": 122.0, "NHS": "NO", "Shape_Leng": 37.143288795700002 }, "geometry": { "type": "MultiLineString", "coordinates": [ [ [ -157.8848, 21.33693 ], [ -157.88451, 21.33712 ] ] ] } },
{ "type": "Feature", "properties": { "BMP": 13.23336, "EMP": 13.23387, "PREFIX": "SR", "ROUTE": "99", "ISLAND": "Oahu", "DIRECTION": "+MP", "TYPE": "Sidewalk", "MATERIAL": "Asphalt", "LENGTH": 7.0, "NHS": "YES", "Shape_Leng": 2.0565499366100002 }, "geometry": { "type": "MultiLineString", "coordinates": [ [ [ -158.01359, 21.44394 ], [ -158.01357, 21.44393 ] ] ] } },
{ "type": "Feature", "properties": { "BMP": 15.15418, "EMP": 15.15569, "PREFIX": "SR", "ROUTE": "99", "ISLAND": "Oahu", "DIRECTION": "+MP", "TYPE": "Sidewalk", "MATERIAL": "Concrete", "LENGTH": 8.0, "NHS": "YES", "Shape_Leng": 2.4570962465799999 }, "geometry": { "type": "MultiLineString", "coordinates": [ [ [ -158.00582, 21.41926 ], [ -158.00581, 21.41924 ] ] ] } },
{ "type": "Feature", "properties": { "BMP": 15.8782, "EMP": 15.88027, "PREFIX": "SR", "ROUTE": "99", "ISLAND": "Oahu", "DIRECTION": "+MP", "TYPE": "Sidewalk", "MATERIAL": "Concrete", "LENGTH": 11.0, "NHS": "YES", "Shape_Leng": 3.4387619948800001 }, "geometry": { "type": "MultiLineString", "coordinates": [ [ [ -157.99992, 21.41032 ], [ -157.99991, 21.41029 ] ] ] } },
{ "type": "Feature", "properties": { "BMP": 8.28082, "EMP": 8.28251, "PREFIX": "SR", "ROUTE": "99", "ISLAND": "Oahu", "DIRECTION": "+MP", "TYPE": "Sidewalk", "MATERIAL": "Concrete", "LENGTH": 10.0, "NHS": "YES", "Shape_Leng": 3.05805007309 }, "geometry": { "type": "MultiLineString", "coordinates": [ [ [ -158.05009, 21.49431 ], [ -158.05008, 21.49428 ] ] ] } },
{ "type": "Feature", "properties": { "BMP": 8.36382, "EMP": 8.36648, "PREFIX": "SR", "ROUTE": "99", "ISLAND": "Oahu", "DIRECTION": "+MP", "TYPE": "Sidewalk", "MATERIAL": "Concrete", "LENGTH": 20.0, "NHS": "YES", "Shape_Leng": 6.0613560341700001 }, "geometry": { "type": "MultiLineString", "coordinates": [ [ [ -158.04912, 21.49351 ], [ -158.04906, 21.49352 ] ] ] } },
{ "type": "Feature", "properties": { "BMP": 8.37525, "EMP": 8.37884, "PREFIX": "SR", "ROUTE": "99", "ISLAND": "Oahu", "DIRECTION": "+MP", "TYPE": "Sidewalk", "MATERIAL": "Concrete", "LENGTH": 31.0, "NHS": "YES", "Shape_Leng": 9.4177744166699995 }, "geometry": { "type": "MultiLineString", "coordinates": [ [ [ -158.04896, 21.49343 ], [ -158.04891, 21.49341 ] ] ] } },
{ "type": "Feature", "properties": { "BMP": 9.99783, "EMP": 10.00186, "PREFIX": "SR", "ROUTE": "99", "ISLAND": "Oahu", "DIRECTION": "+MP", "TYPE": "Sidewalk", "MATERIAL": "Concrete", "LENGTH": 22.0, "NHS": "YES", "Shape_Leng": 6.7755057356400004 }, "geometry": { "type": "MultiLineString", "coordinates": [ [ [ -158.028, 21.48686 ], [ -158.02799, 21.4868 ] ] ] } },
{ "type": "Feature", "properties": { "BMP": 10.01261, "EMP": 10.0184, "PREFIX": "SR", "ROUTE": "99", "ISLAND": "Oahu", "DIRECTION": "+MP", "TYPE": "Sidewalk", "MATERIAL": "Concrete", "LENGTH": 31.0, "NHS": "YES", "Shape_Leng": 9.4634651424200005 }, "geometry": { "type": "MultiLineString", "coordinates": [ [ [ -158.02796, 21.48665 ], [ -158.02794, 21.48657 ] ] ] } },
{ "type": "Feature", "properties": { "BMP": 0.3459, "EMP": 0.34388, "PREFIX": "SR", "ROUTE": "7413", "ISLAND": "Oahu", "DIRECTION": "-MP", "TYPE": "Sidewalk", "MATERIAL": "Concrete", "LENGTH": 14.0, "NHS": "NO", "Shape_Leng": 4.2236856897799999 }, "geometry": { "type": "MultiLineString", "coordinates": [ [ [ -157.86044, 21.32135 ], [ -157.86047, 21.32133 ] ] ] } },
{ "type": "Feature", "properties": { "BMP": 0.33446, "EMP": 0.31477, "PREFIX": "SR", "ROUTE": "7413", "ISLAND": "Oahu", "DIRECTION": "-MP", "TYPE": "Sidewalk", "MATERIAL": "Concrete", "LENGTH": 107.0, "NHS": "NO", "Shape_Leng": 32.499265021100001 }, "geometry": { "type": "MultiLineString", "coordinates": [ [ [ -157.8606, 21.32126 ], [ -157.86083, 21.32108 ] ] ] } },
{ "type": "Feature", "properties": { "BMP": 0.3079, "EMP": 0.28367, "PREFIX": "SR", "ROUTE": "7413", "ISLAND": "Oahu", "DIRECTION": "-MP", "TYPE": "Sidewalk", "MATERIAL": "Concrete", "LENGTH": 128.0, "NHS": "NO", "Shape_Leng": 38.872864534999998 }, "geometry": { "type": "MultiLineString", "coordinates": [ [ [ -157.86089, 21.321 ], [ -157.86118, 21.32077 ] ] ] } },
{ "type": "Feature", "properties": { "BMP": 0.27817, "EMP": 0.21235, "PREFIX": "SR", "ROUTE": "7413", "ISLAND": "Oahu", "DIRECTION": "-MP", "TYPE": "Sidewalk", "MATERIAL": "Concrete", "LENGTH": 355.0, "NHS": "NO", "Shape_Leng": 108.01423025299999 }, "geometry": { "type": "MultiLineString", "coordinates": [ [ [ -157.86125, 21.32073 ], [ -157.86208, 21.32015 ] ] ] } },
{ "type": "Feature", "properties": { "BMP": 0.18811, "EMP": 0.11234, "PREFIX": "SR", "ROUTE": "7413", "ISLAND": "Oahu", "DIRECTION": "-MP", "TYPE": "Sidewalk", "MATERIAL": "Concrete", "LENGTH": 412.0, "NHS": "NO", "Shape_Leng": 125.588943052 }, "geometry": { "type": "MultiLineString", "coordinates": [ [ [ -157.86236, 21.31993 ], [ -157.86326, 21.31921 ] ] ] } },
{ "type": "Feature", "properties": { "BMP": 18.09306, "EMP": 18.25789, "PREFIX": "SR", "ROUTE": "99", "ISLAND": "Oahu", "DIRECTION": "+MP", "TYPE": "Sidewalk", "MATERIAL": "Concrete", "LENGTH": 860.0, "NHS": "YES", "Shape_Leng": 261.997100671 }, "geometry": { "type": "MultiLineString", "coordinates": [ [ [ -157.97704, 21.3956 ], [ -157.97463, 21.39517 ] ] ] } },
{ "type": "Feature", "properties": { "BMP": 18.52144, "EMP": 18.54321, "PREFIX": "SR", "ROUTE": "99", "ISLAND": "Oahu", "DIRECTION": "+MP", "TYPE": "Sidewalk", "MATERIAL": "Concrete", "LENGTH": 123.0, "NHS": "YES", "Shape_Leng": 37.560395224600001 }, "geometry": { "type": "MultiLineString", "coordinates": [ [ [ -157.97078, 21.39386 ], [ -157.97048, 21.3937 ] ] ] } },
{ "type": "Feature", "properties": { "BMP": 18.54735, "EMP": 18.54869, "PREFIX": "SR", "ROUTE": "99", "ISLAND": "Oahu", "DIRECTION": "+MP", "TYPE": "Sidewalk", "MATERIAL": "Concrete", "LENGTH": 14.0, "NHS": "YES", "Shape_Leng": 4.2926739448599998 }, "geometry": { "type": "MultiLineString", "coordinates": [ [ [ -157.9704, 21.39372 ], [ -157.97037, 21.39374 ] ] ] } },
{ "type": "Feature", "properties": { "BMP": 18.59003, "EMP": 18.7668, "PREFIX": "SR", "ROUTE": "99", "ISLAND": "Oahu", "DIRECTION": "+MP", "TYPE": "Sidewalk", "MATERIAL": "Concrete", "LENGTH": 934.0, "NHS": "YES", "Shape_Leng": 284.739406664 }, "geometry": { "type": "MultiLineString", "coordinates": [ [ [ -157.96977, 21.39354 ], [ -157.96719, 21.39266 ] ] ] } },
{ "type": "Feature", "properties": { "BMP": 18.77254, "EMP": 18.77503, "PREFIX": "SR", "ROUTE": "99", "ISLAND": "Oahu", "DIRECTION": "+MP", "TYPE": "Sidewalk", "MATERIAL": "Concrete", "LENGTH": 13.0, "NHS": "YES", "Shape_Leng": 4.0096826529099996 }, "geometry": { "type": "MultiLineString", "coordinates": [ [ [ -157.96711, 21.39262 ], [ -157.96707, 21.39261 ] ] ] } },
{ "type": "Feature", "properties": { "BMP": 18.97081, "EMP": 18.9792, "PREFIX": "SR", "ROUTE": "99", "ISLAND": "Oahu", "DIRECTION": "+MP", "TYPE": "Sidewalk", "MATERIAL": "Concrete", "LENGTH": 44.0, "NHS": "YES", "Shape_Leng": 13.539315977099999 }, "geometry": { "type": "MultiLineString", "coordinates": [ [ [ -157.96429, 21.39151 ], [ -157.96417, 21.39146 ] ] ] } },
{ "type": "Feature", "properties": { "BMP": 0.32056, "EMP": 0.33459, "PREFIX": "SR", "ROUTE": "61", "ISLAND": "Oahu", "DIRECTION": "+MP", "TYPE": "Sidewalk", "MATERIAL": "Concrete", "LENGTH": 74.0, "NHS": "YES", "Shape_Leng": 22.616163283399999 }, "geometry": { "type": "MultiLineString", "coordinates": [ [ [ -157.85278, 21.31619 ], [ -157.85264, 21.31635 ] ] ] } },
{ "type": "Feature", "properties": { "BMP": 0.34117, "EMP": 0.40778, "PREFIX": "SR", "ROUTE": "61", "ISLAND": "Oahu", "DIRECTION": "+MP", "TYPE": "Sidewalk", "MATERIAL": "Concrete", "LENGTH": 355.0, "NHS": "YES", "Shape_Leng": 108.069120406 }, "geometry": { "type": "MultiLineString", "coordinates": [ [ [ -157.85258, 21.31643 ], [ -157.85191, 21.31717 ] ] ] } },
{ "type": "Feature", "properties": { "BMP": 1.35635, "EMP": 1.41554, "PREFIX": "SR", "ROUTE": "63", "ISLAND": "Oahu", "DIRECTION": "+MP", "TYPE": "Shared-use path", "MATERIAL": "Concrete", "LENGTH": 325.0, "NHS": "NO", "Shape_Leng": 99.072687998500001 }, "geometry": { "type": "MultiLineString", "coordinates": [ [ [ -157.86785, 21.33882 ], [ -157.86775, 21.33971 ] ] ] } },
{ "type": "Feature", "properties": { "BMP": 1.0891, "EMP": 1.09315, "PREFIX": "SR", "ROUTE": "64", "ISLAND": "Oahu", "DIRECTION": "+MP", "TYPE": "Sidewalk", "MATERIAL": "Concrete", "LENGTH": 23.0, "NHS": "YES", "Shape_Leng": 7.0288064716300003 }, "geometry": { "type": "MultiLineString", "coordinates": [ [ [ -157.88578, 21.30932 ], [ -157.88577, 21.30938 ] ] ] } },
{ "type": "Feature", "properties": { "BMP": 0.28742, "EMP": 0.47818, "PREFIX": "SR", "ROUTE": "7141", "ISLAND": "Oahu", "DIRECTION": "+MP", "TYPE": "Sidewalk", "MATERIAL": "Concrete", "LENGTH": 1009.0, "NHS": "NO", "Shape_Leng": 307.424995852 }, "geometry": { "type": "MultiLineString", "coordinates": [ [ [ -158.01914, 21.33603 ], [ -158.0172, 21.33813 ] ] ] } },
{ "type": "Feature", "properties": { "BMP": 0.27052, "EMP": 0.27392, "PREFIX": "SR", "ROUTE": "7141", "ISLAND": "Oahu", "DIRECTION": "+MP", "TYPE": "Sidewalk", "MATERIAL": "Concrete", "LENGTH": 19.0, "NHS": "NO", "Shape_Leng": 5.69194746353 }, "geometry": { "type": "MultiLineString", "coordinates": [ [ [ -158.01933, 21.33586 ], [ -158.01929, 21.33589 ] ] ] } },
{ "type": "Feature", "properties": { "BMP": 0.00981, "EMP": 0.27011, "PREFIX": "SR", "ROUTE": "7141", "ISLAND": "Oahu", "DIRECTION": "+MP", "TYPE": "Shared-use path", "MATERIAL": "Asphalt", "LENGTH": 1396.0, "NHS": "NO", "Shape_Leng": 425.45547087699998 }, "geometry": { "type": "MultiLineString", "coordinates": [ [ [ -158.02263, 21.33362 ], [ -158.01934, 21.33586 ] ] ] } },
{ "type": "Feature", "properties": { "BMP": 0.30456, "EMP": 0.32351, "PREFIX": "SR", "ROUTE": "98", "ISLAND": "Oahu", "DIRECTION": "+MP", "TYPE": "Sidewalk", "MATERIAL": "Concrete", "LENGTH": 105.0, "NHS": "YES", "Shape_Leng": 31.952605376499999 }, "geometry": { "type": "MultiLineString", "coordinates": [ [ [ -157.86392, 21.32202 ], [ -157.86378, 21.32177 ] ] ] } },
{ "type": "Feature", "properties": { "BMP": 0.33891, "EMP": 0.48099, "PREFIX": "SR", "ROUTE": "98", "ISLAND": "Oahu", "DIRECTION": "+MP", "TYPE": "Sidewalk", "MATERIAL": "Concrete", "LENGTH": 756.0, "NHS": "YES", "Shape_Leng": 230.40600954199999 }, "geometry": { "type": "MultiLineString", "coordinates": [ [ [ -157.86363, 21.3216 ], [ -157.86237, 21.3199 ] ] ] } },
{ "type": "Feature", "properties": { "BMP": 0.49892, "EMP": 0.57212, "PREFIX": "SR", "ROUTE": "98", "ISLAND": "Oahu", "DIRECTION": "+MP", "TYPE": "Sidewalk", "MATERIAL": "Concrete", "LENGTH": 388.0, "NHS": "YES", "Shape_Leng": 118.184309708 }, "geometry": { "type": "MultiLineString", "coordinates": [ [ [ -157.86219, 21.3197 ], [ -157.8615, 21.31885 ] ] ] } },
{ "type": "Feature", "properties": { "BMP": 0.58311, "EMP": 0.71179, "PREFIX": "SR", "ROUTE": "98", "ISLAND": "Oahu", "DIRECTION": "+MP", "TYPE": "Sidewalk", "MATERIAL": "Concrete", "LENGTH": 682.0, "NHS": "YES", "Shape_Leng": 207.79609620599999 }, "geometry": { "type": "MultiLineString", "coordinates": [ [ [ -157.86139, 21.31873 ], [ -157.86021, 21.31722 ] ] ] } },
{ "type": "Feature", "properties": { "BMP": 0.72889, "EMP": 0.79026, "PREFIX": "SR", "ROUTE": "98", "ISLAND": "Oahu", "DIRECTION": "+MP", "TYPE": "Sidewalk", "MATERIAL": "Concrete", "LENGTH": 324.0, "NHS": "YES", "Shape_Leng": 98.855993058400003 }, "geometry": { "type": "MultiLineString", "coordinates": [ [ [ -157.86004, 21.31703 ], [ -157.85946, 21.31633 ] ] ] } },
{ "type": "Feature", "properties": { "BMP": 0.79596, "EMP": 0.87309, "PREFIX": "SR", "ROUTE": "98", "ISLAND": "Oahu", "DIRECTION": "+MP", "TYPE": "Sidewalk", "MATERIAL": "Concrete", "LENGTH": 414.0, "NHS": "YES", "Shape_Leng": 126.282829193 }, "geometry": { "type": "MultiLineString", "coordinates": [ [ [ -157.85942, 21.31625 ], [ -157.85871, 21.31534 ] ] ] } },
{ "type": "Feature", "properties": { "BMP": 0.88689, "EMP": 0.95378, "PREFIX": "SR", "ROUTE": "98", "ISLAND": "Oahu", "DIRECTION": "+MP", "TYPE": "Sidewalk", "MATERIAL": "Concrete", "LENGTH": 358.0, "NHS": "YES", "Shape_Leng": 109.003958692 }, "geometry": { "type": "MultiLineString", "coordinates": [ [ [ -157.85859, 21.31518 ], [ -157.85795, 21.31441 ] ] ] } },
{ "type": "Feature", "properties": { "BMP": 1.11485, "EMP": 1.19897, "PREFIX": "SR", "ROUTE": "98", "ISLAND": "Oahu", "DIRECTION": "+MP", "TYPE": "Sidewalk", "MATERIAL": "Concrete", "LENGTH": 452.0, "NHS": "YES", "Shape_Leng": 137.79207606099999 }, "geometry": { "type": "MultiLineString", "coordinates": [ [ [ -157.85648, 21.31253 ], [ -157.85573, 21.31152 ] ] ] } },
{ "type": "Feature", "properties": { "BMP": 1.21721, "EMP": 1.32473, "PREFIX": "SR", "ROUTE": "98", "ISLAND": "Oahu", "DIRECTION": "+MP", "TYPE": "Sidewalk", "MATERIAL": "Concrete", "LENGTH": 579.0, "NHS": "YES", "Shape_Leng": 176.46600486599999 }, "geometry": { "type": "MultiLineString", "coordinates": [ [ [ -157.85556, 21.31131 ], [ -157.85452, 21.31006 ] ] ] } },
{ "type": "Feature", "properties": { "BMP": 1.34771, "EMP": 1.40254, "PREFIX": "SR", "ROUTE": "98", "ISLAND": "Oahu", "DIRECTION": "+MP", "TYPE": "Sidewalk", "MATERIAL": "Concrete", "LENGTH": 299.0, "NHS": "YES", "Shape_Leng": 91.189811811799999 }, "geometry": { "type": "MultiLineString", "coordinates": [ [ [ -157.85424, 21.30984 ], [ -157.85365, 21.30927 ] ] ] } },
{ "type": "Feature", "properties": { "BMP": 1.40627, "EMP": 1.41022, "PREFIX": "SR", "ROUTE": "98", "ISLAND": "Oahu", "DIRECTION": "+MP", "TYPE": "Sidewalk", "MATERIAL": "Concrete", "LENGTH": 22.0, "NHS": "YES", "Shape_Leng": 6.7206993563899999 }, "geometry": { "type": "MultiLineString", "coordinates": [ [ [ -157.85359, 21.30925 ], [ -157.85355, 21.30921 ] ] ] } },
{ "type": "Feature", "properties": { "BMP": 1.41474, "EMP": 1.44394, "PREFIX": "SR", "ROUTE": "98", "ISLAND": "Oahu", "DIRECTION": "+MP", "TYPE": "Sidewalk", "MATERIAL": "Concrete", "LENGTH": 157.0, "NHS": "YES", "Shape_Leng": 47.829734618700002 }, "geometry": { "type": "MultiLineString", "coordinates": [ [ [ -157.85351, 21.30915 ], [ -157.85316, 21.30888 ] ] ] } },
{ "type": "Feature", "properties": { "BMP": 1.45312, "EMP": 1.46209, "PREFIX": "SR", "ROUTE": "98", "ISLAND": "Oahu", "DIRECTION": "+MP", "TYPE": "Sidewalk", "MATERIAL": "Concrete", "LENGTH": 48.0, "NHS": "YES", "Shape_Leng": 14.4572288774 }, "geometry": { "type": "MultiLineString", "coordinates": [ [ [ -157.85306, 21.30879 ], [ -157.85296, 21.30869 ] ] ] } },
{ "type": "Feature", "properties": { "BMP": 9.4108, "EMP": 9.25659, "PREFIX": "SR", "ROUTE": "92", "ISLAND": "Oahu", "DIRECTION": "-MP", "TYPE": "Sidewalk", "MATERIAL": "Concrete", "LENGTH": 793.0, "NHS": "YES", "Shape_Leng": 241.629617561 }, "geometry": { "type": "MultiLineString", "coordinates": [ [ [ -157.83332, 21.28587 ], [ -157.83552, 21.28523 ] ] ] } },
{ "type": "Feature", "properties": { "BMP": 9.24279, "EMP": 9.01885, "PREFIX": "SR", "ROUTE": "92", "ISLAND": "Oahu", "DIRECTION": "-MP", "TYPE": "Sidewalk", "MATERIAL": "Concrete", "LENGTH": 1150.0, "NHS": "YES", "Shape_Leng": 350.55842911299999 }, "geometry": { "type": "MultiLineString", "coordinates": [ [ [ -157.83573, 21.28515 ], [ -157.83856, 21.28563 ] ] ] } },
{ "type": "Feature", "properties": { "BMP": 9.00497, "EMP": 8.72571, "PREFIX": "SR", "ROUTE": "92", "ISLAND": "Oahu", "DIRECTION": "-MP", "TYPE": "Sidewalk", "MATERIAL": "Concrete", "LENGTH": 1507.0, "NHS": "YES", "Shape_Leng": 459.34868982400002 }, "geometry": { "type": "MultiLineString", "coordinates": [ [ [ -157.83872, 21.28577 ], [ -157.84112, 21.2891 ] ] ] } },
{ "type": "Feature", "properties": { "BMP": 8.68514, "EMP": 8.65779, "PREFIX": "SR", "ROUTE": "92", "ISLAND": "Oahu", "DIRECTION": "-MP", "TYPE": "Sidewalk", "MATERIAL": "Concrete", "LENGTH": 150.0, "NHS": "YES", "Shape_Leng": 45.867174643200002 }, "geometry": { "type": "MultiLineString", "coordinates": [ [ [ -157.84173, 21.28929 ], [ -157.84215, 21.28937 ] ] ] } },
{ "type": "Feature", "properties": { "BMP": 8.5555, "EMP": 8.42283, "PREFIX": "SR", "ROUTE": "92", "ISLAND": "Oahu", "DIRECTION": "-MP", "TYPE": "Sidewalk", "MATERIAL": "Concrete", "LENGTH": 712.0, "NHS": "YES", "Shape_Leng": 217.033503024 }, "geometry": { "type": "MultiLineString", "coordinates": [ [ [ -157.84368, 21.28978 ], [ -157.84566, 21.29027 ] ] ] } },
{ "type": "Feature", "properties": { "BMP": 8.34103, "EMP": 8.28861, "PREFIX": "SR", "ROUTE": "92", "ISLAND": "Oahu", "DIRECTION": "-MP", "TYPE": "Sidewalk", "MATERIAL": "Concrete", "LENGTH": 283.0, "NHS": "YES", "Shape_Leng": 86.386850826699998 }, "geometry": { "type": "MultiLineString", "coordinates": [ [ [ -157.84683, 21.29069 ], [ -157.84757, 21.29101 ] ] ] } },
{ "type": "Feature", "properties": { "BMP": 8.41182, "EMP": 8.40706, "PREFIX": "SR", "ROUTE": "92", "ISLAND": "Oahu", "DIRECTION": "-MP", "TYPE": "Sidewalk", "MATERIAL": "Concrete", "LENGTH": 25.0, "NHS": "YES", "Shape_Leng": 7.4938276374299999 }, "geometry": { "type": "MultiLineString", "coordinates": [ [ [ -157.84582, 21.29032 ], [ -157.84589, 21.29035 ] ] ] } },
{ "type": "Feature", "properties": { "BMP": 8.40268, "EMP": 8.34497, "PREFIX": "SR", "ROUTE": "92", "ISLAND": "Oahu", "DIRECTION": "-MP", "TYPE": "Sidewalk", "MATERIAL": "Concrete", "LENGTH": 306.0, "NHS": "YES", "Shape_Leng": 93.2616747605 }, "geometry": { "type": "MultiLineString", "coordinates": [ [ [ -157.84595, 21.29038 ], [ -157.84679, 21.29065 ] ] ] } },
{ "type": "Feature", "properties": { "BMP": 8.26438, "EMP": 8.20398, "PREFIX": "SR", "ROUTE": "92", "ISLAND": "Oahu", "DIRECTION": "-MP", "TYPE": "Sidewalk", "MATERIAL": "Concrete", "LENGTH": 325.0, "NHS": "YES", "Shape_Leng": 99.057055639799998 }, "geometry": { "type": "MultiLineString", "coordinates": [ [ [ -157.84792, 21.29115 ], [ -157.84879, 21.29148 ] ] ] } },
{ "type": "Feature", "properties": { "BMP": 8.19194, "EMP": 8.08722, "PREFIX": "SR", "ROUTE": "92", "ISLAND": "Oahu", "DIRECTION": "-MP", "TYPE": "Sidewalk", "MATERIAL": "Concrete", "LENGTH": 573.0, "NHS": "YES", "Shape_Leng": 174.65196339299999 }, "geometry": { "type": "MultiLineString", "coordinates": [ [ [ -157.84897, 21.29153 ], [ -157.85054, 21.29203 ] ] ] } },
{ "type": "Feature", "properties": { "BMP": 8.07217, "EMP": 7.86612, "PREFIX": "SR", "ROUTE": "92", "ISLAND": "Oahu", "DIRECTION": "-MP", "TYPE": "Sidewalk", "MATERIAL": "Concrete", "LENGTH": 1082.0, "NHS": "YES", "Shape_Leng": 329.89719414299998 }, "geometry": { "type": "MultiLineString", "coordinates": [ [ [ -157.85078, 21.29203 ], [ -157.85367, 21.29304 ] ] ] } },
{ "type": "Feature", "properties": { "BMP": 7.8462, "EMP": 7.58773, "PREFIX": "SR", "ROUTE": "92", "ISLAND": "Oahu", "DIRECTION": "-MP", "TYPE": "Sidewalk", "MATERIAL": "Concrete", "LENGTH": 1376.0, "NHS": "YES", "Shape_Leng": 419.399045253 }, "geometry": { "type": "MultiLineString", "coordinates": [ [ [ -157.85394, 21.29318 ], [ -157.85745, 21.29501 ] ] ] } },
{ "type": "Feature", "properties": { "BMP": 7.56597, "EMP": 7.41911, "PREFIX": "SR", "ROUTE": "92", "ISLAND": "Oahu", "DIRECTION": "-MP", "TYPE": "Sidewalk", "MATERIAL": "Concrete", "LENGTH": 779.0, "NHS": "YES", "Shape_Leng": 237.46673590200001 }, "geometry": { "type": "MultiLineString", "coordinates": [ [ [ -157.85776, 21.29512 ], [ -157.85981, 21.29605 ] ] ] } },
{ "type": "Feature", "properties": { "BMP": 7.41141, "EMP": 7.37064, "PREFIX": "SR", "ROUTE": "92", "ISLAND": "Oahu", "DIRECTION": "-MP", "TYPE": "Sidewalk", "MATERIAL": "Concrete", "LENGTH": 209.0, "NHS": "YES", "Shape_Leng": 63.863025481299999 }, "geometry": { "type": "MultiLineString", "coordinates": [ [ [ -157.85991, 21.29611 ], [ -157.86045, 21.29638 ] ] ] } },
{ "type": "Feature", "properties": { "BMP": 7.33459, "EMP": 7.30853, "PREFIX": "SR", "ROUTE": "92", "ISLAND": "Oahu", "DIRECTION": "-MP", "TYPE": "Sidewalk", "MATERIAL": "Concrete", "LENGTH": 138.0, "NHS": "YES", "Shape_Leng": 42.184511111200003 }, "geometry": { "type": "MultiLineString", "coordinates": [ [ [ -157.86082, 21.29674 ], [ -157.86109, 21.29702 ] ] ] } },
{ "type": "Feature", "properties": { "BMP": 7.30438, "EMP": 7.27811, "PREFIX": "SR", "ROUTE": "92", "ISLAND": "Oahu", "DIRECTION": "-MP", "TYPE": "Sidewalk", "MATERIAL": "Concrete", "LENGTH": 144.0, "NHS": "YES", "Shape_Leng": 43.769099360200002 }, "geometry": { "type": "MultiLineString", "coordinates": [ [ [ -157.86114, 21.29707 ], [ -157.86139, 21.29737 ] ] ] } },
{ "type": "Feature", "properties": { "BMP": 7.36644, "EMP": 7.34642, "PREFIX": "SR", "ROUTE": "92", "ISLAND": "Oahu", "DIRECTION": "-MP", "TYPE": "Sidewalk", "MATERIAL": "Concrete", "LENGTH": 102.0, "NHS": "YES", "Shape_Leng": 31.1883552036 }, "geometry": { "type": "MultiLineString", "coordinates": [ [ [ -157.8605, 21.29641 ], [ -157.86069, 21.29663 ] ] ] } },
{ "type": "Feature", "properties": { "BMP": 7.26632, "EMP": 7.19861, "PREFIX": "SR", "ROUTE": "92", "ISLAND": "Oahu", "DIRECTION": "-MP", "TYPE": "Sidewalk", "MATERIAL": "Concrete", "LENGTH": 361.0, "NHS": "YES", "Shape_Leng": 110.07341465099999 }, "geometry": { "type": "MultiLineString", "coordinates": [ [ [ -157.86152, 21.29748 ], [ -157.86222, 21.29822 ] ] ] } },
{ "type": "Feature", "properties": { "BMP": 7.1884, "EMP": 7.09625, "PREFIX": "SR", "ROUTE": "92", "ISLAND": "Oahu", "DIRECTION": "-MP", "TYPE": "Sidewalk", "MATERIAL": "Concrete", "LENGTH": 472.0, "NHS": "YES", "Shape_Leng": 143.78817505699999 }, "geometry": { "type": "MultiLineString", "coordinates": [ [ [ -157.86228, 21.29835 ], [ -157.86286, 21.29946 ] ] ] } },
{ "type": "Feature", "properties": { "BMP": 7.07785, "EMP": 6.93129, "PREFIX": "SR", "ROUTE": "92", "ISLAND": "Oahu", "DIRECTION": "-MP", "TYPE": "Sidewalk", "MATERIAL": "Concrete", "LENGTH": 778.0, "NHS": "YES", "Shape_Leng": 237.23618094599999 }, "geometry": { "type": "MultiLineString", "coordinates": [ [ [ -157.86288, 21.29973 ], [ -157.8631, 21.30185 ] ] ] } },
{ "type": "Feature", "properties": { "BMP": 6.92185, "EMP": 6.91565, "PREFIX": "SR", "ROUTE": "92", "ISLAND": "Oahu", "DIRECTION": "-MP", "TYPE": "Sidewalk", "MATERIAL": "Concrete", "LENGTH": 33.0, "NHS": "YES", "Shape_Leng": 9.9529902819699991 }, "geometry": { "type": "MultiLineString", "coordinates": [ [ [ -157.86313, 21.30199 ], [ -157.86313, 21.30208 ] ] ] } },
{ "type": "Feature", "properties": { "BMP": 6.90596, "EMP": 6.68189, "PREFIX": "SR", "ROUTE": "92", "ISLAND": "Oahu", "DIRECTION": "-MP", "TYPE": "Sidewalk", "MATERIAL": "Concrete", "LENGTH": 1193.0, "NHS": "YES", "Shape_Leng": 363.73960100199997 }, "geometry": { "type": "MultiLineString", "coordinates": [ [ [ -157.8631, 21.30222 ], [ -157.86257, 21.30536 ] ] ] } },
{ "type": "Feature", "properties": { "BMP": 6.67613, "EMP": 6.62845, "PREFIX": "SR", "ROUTE": "92", "ISLAND": "Oahu", "DIRECTION": "-MP", "TYPE": "Sidewalk", "MATERIAL": "Concrete", "LENGTH": 272.0, "NHS": "YES", "Shape_Leng": 82.806054302199996 }, "geometry": { "type": "MultiLineString", "coordinates": [ [ [ -157.86256, 21.30545 ], [ -157.86282, 21.30615 ] ] ] } },
{ "type": "Feature", "properties": { "BMP": 6.61628, "EMP": 6.5588, "PREFIX": "SR", "ROUTE": "92", "ISLAND": "Oahu", "DIRECTION": "-MP", "TYPE": "Sidewalk", "MATERIAL": "Other", "LENGTH": 304.0, "NHS": "YES", "Shape_Leng": 92.577492523299995 }, "geometry": { "type": "MultiLineString", "coordinates": [ [ [ -157.86296, 21.30628 ], [ -157.86342, 21.307 ] ] ] } },
{ "type": "Feature", "properties": { "BMP": 6.54309, "EMP": 6.46833, "PREFIX": "SR", "ROUTE": "92", "ISLAND": "Oahu", "DIRECTION": "-MP", "TYPE": "Sidewalk", "MATERIAL": "Concrete", "LENGTH": 385.0, "NHS": "YES", "Shape_Leng": 117.293496651 }, "geometry": { "type": "MultiLineString", "coordinates": [ [ [ -157.86351, 21.30721 ], [ -157.86408, 21.30811 ] ] ] } },
{ "type": "Feature", "properties": { "BMP": 6.32805, "EMP": 6.291, "PREFIX": "SR", "ROUTE": "92", "ISLAND": "Oahu", "DIRECTION": "-MP", "TYPE": "Sidewalk", "MATERIAL": "Concrete", "LENGTH": 203.0, "NHS": "YES", "Shape_Leng": 61.782354505500003 }, "geometry": { "type": "MultiLineString", "coordinates": [ [ [ -157.86411, 21.31015 ], [ -157.86434, 21.31066 ] ] ] } },
{ "type": "Feature", "properties": { "BMP": 6.36817, "EMP": 6.34118, "PREFIX": "SR", "ROUTE": "92", "ISLAND": "Oahu", "DIRECTION": "-MP", "TYPE": "Sidewalk", "MATERIAL": "Concrete", "LENGTH": 158.0, "NHS": "YES", "Shape_Leng": 48.044141877199998 }, "geometry": { "type": "MultiLineString", "coordinates": [ [ [ -157.86396, 21.30954 ], [ -157.86404, 21.30995 ] ] ] } },
{ "type": "Feature", "properties": { "BMP": 6.28076, "EMP": 6.25492, "PREFIX": "SR", "ROUTE": "92", "ISLAND": "Oahu", "DIRECTION": "-MP", "TYPE": "Sidewalk", "MATERIAL": "Concrete", "LENGTH": 140.0, "NHS": "YES", "Shape_Leng": 42.606684791600003 }, "geometry": { "type": "MultiLineString", "coordinates": [ [ [ -157.86438, 21.3108 ], [ -157.86454, 21.31114 ] ] ] } },
{ "type": "Feature", "properties": { "BMP": 6.24455, "EMP": 6.18241, "PREFIX": "SR", "ROUTE": "92", "ISLAND": "Oahu", "DIRECTION": "-MP", "TYPE": "Sidewalk", "MATERIAL": "Concrete", "LENGTH": 313.0, "NHS": "YES", "Shape_Leng": 95.4995923866 }, "geometry": { "type": "MultiLineString", "coordinates": [ [ [ -157.86463, 21.31127 ], [ -157.86489, 21.31209 ] ] ] } },
{ "type": "Feature", "properties": { "BMP": 6.17487, "EMP": 6.11531, "PREFIX": "SR", "ROUTE": "92", "ISLAND": "Oahu", "DIRECTION": "-MP", "TYPE": "Sidewalk", "MATERIAL": "Concrete", "LENGTH": 318.0, "NHS": "YES", "Shape_Leng": 96.822789783000005 }, "geometry": { "type": "MultiLineString", "coordinates": [ [ [ -157.86488, 21.31219 ], [ -157.86491, 21.31305 ] ] ] } },
{ "type": "Feature", "properties": { "BMP": 6.11834, "EMP": 6.06668, "PREFIX": "SR", "ROUTE": "92", "ISLAND": "Oahu", "DIRECTION": "-MP", "TYPE": "Sidewalk", "MATERIAL": "Concrete", "LENGTH": 274.0, "NHS": "YES", "Shape_Leng": 83.445800005600006 }, "geometry": { "type": "MultiLineString", "coordinates": [ [ [ -157.86513, 21.313 ], [ -157.86519, 21.31375 ] ] ] } },
{ "type": "Feature", "properties": { "BMP": 6.1024, "EMP": 6.06656, "PREFIX": "SR", "ROUTE": "92", "ISLAND": "Oahu", "DIRECTION": "-MP", "TYPE": "Sidewalk", "MATERIAL": "Concrete", "LENGTH": 191.0, "NHS": "YES", "Shape_Leng": 58.271399479800003 }, "geometry": { "type": "MultiLineString", "coordinates": [ [ [ -157.86494, 21.31324 ], [ -157.86498, 21.31376 ] ] ] } },
{ "type": "Feature", "properties": { "BMP": 6.05564, "EMP": 6.04696, "PREFIX": "SR", "ROUTE": "92", "ISLAND": "Oahu", "DIRECTION": "-MP", "TYPE": "Sidewalk", "MATERIAL": "Concrete", "LENGTH": 46.0, "NHS": "YES", "Shape_Leng": 14.0521000303 }, "geometry": { "type": "MultiLineString", "coordinates": [ [ [ -157.86498, 21.31392 ], [ -157.86499, 21.31404 ] ] ] } },
{ "type": "Feature", "properties": { "BMP": 6.05684, "EMP": 6.05498, "PREFIX": "SR", "ROUTE": "92", "ISLAND": "Oahu", "DIRECTION": "-MP", "TYPE": "Sidewalk", "MATERIAL": "Concrete", "LENGTH": 10.0, "NHS": "YES", "Shape_Leng": 3.05465661698 }, "geometry": { "type": "MultiLineString", "coordinates": [ [ [ -157.86522, 21.31389 ], [ -157.86521, 21.31392 ] ] ] } },
{ "type": "Feature", "properties": { "BMP": 6.05211, "EMP": 6.04395, "PREFIX": "SR", "ROUTE": "92", "ISLAND": "Oahu", "DIRECTION": "-MP", "TYPE": "Sidewalk", "MATERIAL": "Concrete", "LENGTH": 43.0, "NHS": "YES", "Shape_Leng": 13.1395701393 }, "geometry": { "type": "MultiLineString", "coordinates": [ [ [ -157.86521, 21.31396 ], [ -157.86521, 21.31408 ] ] ] } },
{ "type": "Feature", "properties": { "BMP": 6.03871, "EMP": 5.87614, "PREFIX": "SR", "ROUTE": "92", "ISLAND": "Oahu", "DIRECTION": "-MP", "TYPE": "Sidewalk", "MATERIAL": "Concrete", "LENGTH": 840.0, "NHS": "YES", "Shape_Leng": 256.02675410199998 }, "geometry": { "type": "MultiLineString", "coordinates": [ [ [ -157.86524, 21.31415 ], [ -157.86678, 21.31502 ] ] ] } },
{ "type": "Feature", "properties": { "BMP": 5.86408, "EMP": 5.84118, "PREFIX": "SR", "ROUTE": "92", "ISLAND": "Oahu", "DIRECTION": "-MP", "TYPE": "Sidewalk", "MATERIAL": "Concrete", "LENGTH": 122.0, "NHS": "YES", "Shape_Leng": 37.101126488200002 }, "geometry": { "type": "MultiLineString", "coordinates": [ [ [ -157.86694, 21.31493 ], [ -157.86726, 21.31478 ] ] ] } },
{ "type": "Feature", "properties": { "BMP": 5.82975, "EMP": 5.77334, "PREFIX": "SR", "ROUTE": "92", "ISLAND": "Oahu", "DIRECTION": "-MP", "TYPE": "Sidewalk", "MATERIAL": "Concrete", "LENGTH": 300.0, "NHS": "YES", "Shape_Leng": 91.305025573600005 }, "geometry": { "type": "MultiLineString", "coordinates": [ [ [ -157.86742, 21.3147 ], [ -157.8682, 21.31432 ] ] ] } },
{ "type": "Feature", "properties": { "BMP": 5.76129, "EMP": 5.60885, "PREFIX": "SR", "ROUTE": "92", "ISLAND": "Oahu", "DIRECTION": "-MP", "TYPE": "Sidewalk", "MATERIAL": "Concrete", "LENGTH": 816.0, "NHS": "YES", "Shape_Leng": 248.83773727 }, "geometry": { "type": "MultiLineString", "coordinates": [ [ [ -157.86837, 21.31424 ], [ -157.87064, 21.31354 ] ] ] } },
{ "type": "Feature", "properties": { "BMP": 5.58703, "EMP": 5.55042, "PREFIX": "SR", "ROUTE": "92", "ISLAND": "Oahu", "DIRECTION": "-MP", "TYPE": "Sidewalk", "MATERIAL": "Concrete", "LENGTH": 193.0, "NHS": "YES", "Shape_Leng": 58.748514105300004 }, "geometry": { "type": "MultiLineString", "coordinates": [ [ [ -157.87096, 21.31376 ], [ -157.87152, 21.31384 ] ] ] } },
{ "type": "Feature", "properties": { "BMP": 5.59685, "EMP": 5.46996, "PREFIX": "SR", "ROUTE": "92", "ISLAND": "Oahu", "DIRECTION": "-MP", "TYPE": "Sidewalk", "MATERIAL": "Concrete", "LENGTH": 674.0, "NHS": "YES", "Shape_Leng": 205.461114794 }, "geometry": { "type": "MultiLineString", "coordinates": [ [ [ -157.87084, 21.31357 ], [ -157.87279, 21.31384 ] ] ] } },
{ "type": "Feature", "properties": { "BMP": 5.54561, "EMP": 5.33345, "PREFIX": "SR", "ROUTE": "92", "ISLAND": "Oahu", "DIRECTION": "-MP", "TYPE": "Sidewalk", "MATERIAL": "Concrete", "LENGTH": 1084.0, "NHS": "YES", "Shape_Leng": 330.44908799400002 }, "geometry": { "type": "MultiLineString", "coordinates": [ [ [ -157.87159, 21.31389 ], [ -157.87413, 21.31524 ] ] ] } },
{ "type": "Feature", "properties": { "BMP": 5.30993, "EMP": 5.1996, "PREFIX": "SR", "ROUTE": "92", "ISLAND": "Oahu", "DIRECTION": "-MP", "TYPE": "Sidewalk", "MATERIAL": "Concrete", "LENGTH": 585.0, "NHS": "YES", "Shape_Leng": 178.22088417000001 }, "geometry": { "type": "MultiLineString", "coordinates": [ [ [ -157.87431, 21.31554 ], [ -157.87497, 21.31701 ] ] ] } },
{ "type": "Feature", "properties": { "BMP": 5.17665, "EMP": 5.15448, "PREFIX": "SR", "ROUTE": "92", "ISLAND": "Oahu", "DIRECTION": "-MP", "TYPE": "Sidewalk", "MATERIAL": "Concrete", "LENGTH": 124.0, "NHS": "YES", "Shape_Leng": 37.797494042700002 }, "geometry": { "type": "MultiLineString", "coordinates": [ [ [ -157.87512, 21.31731 ], [ -157.87532, 21.31759 ] ] ] } },
{ "type": "Feature", "properties": { "BMP": 5.15124, "EMP": 5.05979, "PREFIX": "SR", "ROUTE": "92", "ISLAND": "Oahu", "DIRECTION": "-MP", "TYPE": "Sidewalk", "MATERIAL": "Concrete", "LENGTH": 492.0, "NHS": "YES", "Shape_Leng": 150.10094796300001 }, "geometry": { "type": "MultiLineString", "coordinates": [ [ [ -157.87529, 21.31765 ], [ -157.87587, 21.31889 ] ] ] } },
{ "type": "Feature", "properties": { "BMP": 2.17135, "EMP": 2.16378, "PREFIX": "SR", "ROUTE": "92", "ISLAND": "Oahu", "DIRECTION": "-MP", "TYPE": "Sidewalk", "MATERIAL": "Concrete", "LENGTH": 43.0, "NHS": "YES", "Shape_Leng": 13.175993227199999 }, "geometry": { "type": "MultiLineString", "coordinates": [ [ [ -157.91309, 21.33716 ], [ -157.9132, 21.33721 ] ] ] } },
{ "type": "Feature", "properties": { "BMP": 2.1892, "EMP": 2.18097, "PREFIX": "SR", "ROUTE": "92", "ISLAND": "Oahu", "DIRECTION": "-MP", "TYPE": "Sidewalk", "MATERIAL": "Concrete", "LENGTH": 44.0, "NHS": "YES", "Shape_Leng": 13.3894683789 }, "geometry": { "type": "MultiLineString", "coordinates": [ [ [ -157.91281, 21.33713 ], [ -157.91294, 21.33715 ] ] ] } },
{ "type": "Feature", "properties": { "BMP": 4.79889, "EMP": 4.79097, "PREFIX": "SR", "ROUTE": "92", "ISLAND": "Oahu", "DIRECTION": "-MP", "TYPE": "Sidewalk", "MATERIAL": "Concrete", "LENGTH": 44.0, "NHS": "YES", "Shape_Leng": 13.3926032224 }, "geometry": { "type": "MultiLineString", "coordinates": [ [ [ -157.87895, 21.32135 ], [ -157.879, 21.32146 ] ] ] } },
{ "type": "Feature", "properties": { "BMP": 4.788, "EMP": 4.77807, "PREFIX": "SR", "ROUTE": "92", "ISLAND": "Oahu", "DIRECTION": "-MP", "TYPE": "Sidewalk", "MATERIAL": "Concrete", "LENGTH": 53.0, "NHS": "YES", "Shape_Leng": 16.0710076865 }, "geometry": { "type": "MultiLineString", "coordinates": [ [ [ -157.87906, 21.32147 ], [ -157.87917, 21.32157 ] ] ] } },
{ "type": "Feature", "properties": { "BMP": 2.157, "EMP": 1.76712, "PREFIX": "SR", "ROUTE": "92", "ISLAND": "Oahu", "DIRECTION": "-MP", "TYPE": "Sidewalk", "MATERIAL": "Concrete", "LENGTH": 2068.0, "NHS": "YES", "Shape_Leng": 630.35281235900004 }, "geometry": { "type": "MultiLineString", "coordinates": [ [ [ -157.91329, 21.33726 ], [ -157.91928, 21.33811 ] ] ] } },
{ "type": "Feature", "properties": { "BMP": 4.76893, "EMP": 4.76446, "PREFIX": "SR", "ROUTE": "92", "ISLAND": "Oahu", "DIRECTION": "-MP", "TYPE": "Sidewalk", "MATERIAL": "Concrete", "LENGTH": 25.0, "NHS": "YES", "Shape_Leng": 7.5606800419100004 }, "geometry": { "type": "MultiLineString", "coordinates": [ [ [ -157.87927, 21.32167 ], [ -157.87931, 21.32172 ] ] ] } },
{ "type": "Feature", "properties": { "BMP": 4.7605, "EMP": 4.74031, "PREFIX": "SR", "ROUTE": "92", "ISLAND": "Oahu", "DIRECTION": "-MP", "TYPE": "Sidewalk", "MATERIAL": "Concrete", "LENGTH": 111.0, "NHS": "YES", "Shape_Leng": 33.675517126499997 }, "geometry": { "type": "MultiLineString", "coordinates": [ [ [ -157.87933, 21.32179 ], [ -157.87957, 21.32198 ] ] ] } },
{ "type": "Feature", "properties": { "BMP": 4.34577, "EMP": 4.3349, "PREFIX": "SR", "ROUTE": "92", "ISLAND": "Oahu", "DIRECTION": "-MP", "TYPE": "Sidewalk", "MATERIAL": "Concrete", "LENGTH": 58.0, "NHS": "YES", "Shape_Leng": 17.554283224300001 }, "geometry": { "type": "MultiLineString", "coordinates": [ [ [ -157.88392, 21.32601 ], [ -157.88405, 21.32612 ] ] ] } },
{ "type": "Feature", "properties": { "BMP": 4.2235, "EMP": 4.21833, "PREFIX": "SR", "ROUTE": "92", "ISLAND": "Oahu", "DIRECTION": "-MP", "TYPE": "Sidewalk", "MATERIAL": "Concrete", "LENGTH": 27.0, "NHS": "YES", "Shape_Leng": 8.28498695535 }, "geometry": { "type": "MultiLineString", "coordinates": [ [ [ -157.88534, 21.32719 ], [ -157.8854, 21.32724 ] ] ] } },
{ "type": "Feature", "properties": { "BMP": 4.1386, "EMP": 4.09923, "PREFIX": "SR", "ROUTE": "92", "ISLAND": "Oahu", "DIRECTION": "-MP", "TYPE": "Sidewalk", "MATERIAL": "Concrete", "LENGTH": 202.0, "NHS": "YES", "Shape_Leng": 61.722657270100001 }, "geometry": { "type": "MultiLineString", "coordinates": [ [ [ -157.88612, 21.32814 ], [ -157.88638, 21.32864 ] ] ] } },
{ "type": "Feature", "properties": { "BMP": 1.74744, "EMP": 1.06051, "PREFIX": "SR", "ROUTE": "92", "ISLAND": "Oahu", "DIRECTION": "-MP", "TYPE": "Sidewalk", "MATERIAL": "Concrete", "LENGTH": 3609.0, "NHS": "YES", "Shape_Leng": 1099.85297883 }, "geometry": { "type": "MultiLineString", "coordinates": [ [ [ -157.91958, 21.33816 ], [ -157.92955, 21.34069 ] ] ] } },
{ "type": "Feature", "properties": { "BMP": 1.11529, "EMP": 1.05915, "PREFIX": "SR", "ROUTE": "92", "ISLAND": "Oahu", "DIRECTION": "-MP", "TYPE": "Sidewalk", "MATERIAL": "Concrete", "LENGTH": 285.0, "NHS": "YES", "Shape_Leng": 86.813384307199996 }, "geometry": { "type": "MultiLineString", "coordinates": [ [ [ -157.92901, 21.34015 ], [ -157.9296, 21.34068 ] ] ] } },
{ "type": "Feature", "properties": { "BMP": 1.0343, "EMP": 1.0167, "PREFIX": "SR", "ROUTE": "92", "ISLAND": "Oahu", "DIRECTION": "-MP", "TYPE": "Sidewalk", "MATERIAL": "Asphalt", "LENGTH": 103.0, "NHS": "YES", "Shape_Leng": 31.387224347699998 }, "geometry": { "type": "MultiLineString", "coordinates": [ [ [ -157.92979, 21.34098 ], [ -157.92987, 21.34125 ] ] ] } },
{ "type": "Feature", "properties": { "BMP": 3.08734, "EMP": 2.96018, "PREFIX": "SR", "ROUTE": "92", "ISLAND": "Oahu", "DIRECTION": "-MP", "TYPE": "Sidewalk", "MATERIAL": "Concrete", "LENGTH": 681.0, "NHS": "YES", "Shape_Leng": 207.572352413 }, "geometry": { "type": "MultiLineString", "coordinates": [ [ [ -157.89902, 21.3351 ], [ -157.90099, 21.33537 ] ] ] } },
{ "type": "Feature", "properties": { "BMP": 2.92161, "EMP": 2.918, "PREFIX": "SR", "ROUTE": "92", "ISLAND": "Oahu", "DIRECTION": "-MP", "TYPE": "Sidewalk", "MATERIAL": "Concrete", "LENGTH": 27.0, "NHS": "YES", "Shape_Leng": 8.3189767300900002 }, "geometry": { "type": "MultiLineString", "coordinates": [ [ [ -157.90159, 21.33542 ], [ -157.90164, 21.33548 ] ] ] } },
{ "type": "Feature", "properties": { "BMP": 2.72161, "EMP": 2.71499, "PREFIX": "SR", "ROUTE": "92", "ISLAND": "Oahu", "DIRECTION": "-MP", "TYPE": "Sidewalk", "MATERIAL": "Concrete", "LENGTH": 45.0, "NHS": "YES", "Shape_Leng": 13.735992599899999 }, "geometry": { "type": "MultiLineString", "coordinates": [ [ [ -157.90464, 21.33596 ], [ -157.90475, 21.33592 ] ] ] } },
{ "type": "Feature", "properties": { "BMP": 2.70811, "EMP": 2.70407, "PREFIX": "SR", "ROUTE": "92", "ISLAND": "Oahu", "DIRECTION": "-MP", "TYPE": "Sidewalk", "MATERIAL": "Concrete", "LENGTH": 35.0, "NHS": "YES", "Shape_Leng": 10.5165597864 }, "geometry": { "type": "MultiLineString", "coordinates": [ [ [ -157.90486, 21.33594 ], [ -157.90492, 21.33591 ] ] ] } },
{ "type": "Feature", "properties": { "BMP": 2.69602, "EMP": 2.19078, "PREFIX": "SR", "ROUTE": "92", "ISLAND": "Oahu", "DIRECTION": "-MP", "TYPE": "Sidewalk", "MATERIAL": "Concrete", "LENGTH": 2682.0, "NHS": "YES", "Shape_Leng": 817.59783224199998 }, "geometry": { "type": "MultiLineString", "coordinates": [ [ [ -157.90503, 21.33605 ], [ -157.91277, 21.33722 ] ] ] } },
{ "type": "Feature", "properties": { "BMP": 2.90931, "EMP": 2.72992, "PREFIX": "SR", "ROUTE": "92", "ISLAND": "Oahu", "DIRECTION": "-MP", "TYPE": "Sidewalk", "MATERIAL": "Concrete", "LENGTH": 954.0, "NHS": "YES", "Shape_Leng": 290.74733032300003 }, "geometry": { "type": "MultiLineString", "coordinates": [ [ [ -157.90175, 21.33559 ], [ -157.90451, 21.33594 ] ] ] } },
{ "type": "Feature", "properties": { "BMP": 3.70458, "EMP": 3.76693, "PREFIX": "SR", "ROUTE": "72", "ISLAND": "Oahu", "DIRECTION": "+MP", "TYPE": "Sidewalk", "MATERIAL": "Asphalt", "LENGTH": 329.0, "NHS": "YES", "Shape_Leng": 100.330038223 }, "geometry": { "type": "MultiLineString", "coordinates": [ [ [ -157.71579, 21.34699 ], [ -157.71483, 21.34685 ] ] ] } },
{ "type": "Feature", "properties": { "BMP": 3.77665, "EMP": 3.84286, "PREFIX": "SR", "ROUTE": "72", "ISLAND": "Oahu", "DIRECTION": "+MP", "TYPE": "Sidewalk", "MATERIAL": "Asphalt", "LENGTH": 349.0, "NHS": "YES", "Shape_Leng": 106.53819817500001 }, "geometry": { "type": "MultiLineString", "coordinates": [ [ [ -157.71468, 21.34682 ], [ -157.71367, 21.34666 ] ] ] } },
{ "type": "Feature", "properties": { "BMP": 3.85151, "EMP": 3.86848, "PREFIX": "SR", "ROUTE": "72", "ISLAND": "Oahu", "DIRECTION": "+MP", "TYPE": "Sidewalk", "MATERIAL": "Concrete", "LENGTH": 90.0, "NHS": "YES", "Shape_Leng": 27.494023083199998 }, "geometry": { "type": "MultiLineString", "coordinates": [ [ [ -157.71354, 21.34665 ], [ -157.71328, 21.34659 ] ] ] } },
{ "type": "Feature", "properties": { "BMP": 4.38933, "EMP": 4.57075, "PREFIX": "SR", "ROUTE": "72", "ISLAND": "Oahu", "DIRECTION": "+MP", "TYPE": "Sidewalk", "MATERIAL": "Asphalt", "LENGTH": 957.0, "NHS": "YES", "Shape_Leng": 291.69065837599999 }, "geometry": { "type": "MultiLineString", "coordinates": [ [ [ -157.70676, 21.34243 ], [ -157.70463, 21.34071 ] ] ] } },
{ "type": "Feature", "properties": { "BMP": 4.60549, "EMP": 4.72407, "PREFIX": "SR", "ROUTE": "72", "ISLAND": "Oahu", "DIRECTION": "+MP", "TYPE": "Sidewalk", "MATERIAL": "Asphalt", "LENGTH": 626.0, "NHS": "YES", "Shape_Leng": 190.84082425899999 }, "geometry": { "type": "MultiLineString", "coordinates": [ [ [ -157.70428, 21.34032 ], [ -157.70309, 21.33901 ] ] ] } },
{ "type": "Feature", "properties": { "BMP": 4.72974, "EMP": 4.7886, "PREFIX": "SR", "ROUTE": "72", "ISLAND": "Oahu", "DIRECTION": "+MP", "TYPE": "Sidewalk", "MATERIAL": "Asphalt", "LENGTH": 311.0, "NHS": "YES", "Shape_Leng": 94.787212980199996 }, "geometry": { "type": "MultiLineString", "coordinates": [ [ [ -157.70304, 21.33894 ], [ -157.70245, 21.33829 ] ] ] } },
{ "type": "Feature", "properties": { "BMP": 4.79904, "EMP": 4.8552, "PREFIX": "SR", "ROUTE": "72", "ISLAND": "Oahu", "DIRECTION": "+MP", "TYPE": "Sidewalk", "MATERIAL": "Asphalt", "LENGTH": 296.0, "NHS": "YES", "Shape_Leng": 90.260180821299997 }, "geometry": { "type": "MultiLineString", "coordinates": [ [ [ -157.70234, 21.33818 ], [ -157.70178, 21.33755 ] ] ] } },
{ "type": "Feature", "properties": { "BMP": 4.85532, "EMP": 4.85778, "PREFIX": "SR", "ROUTE": "72", "ISLAND": "Oahu", "DIRECTION": "+MP", "TYPE": "Sidewalk", "MATERIAL": "Concrete", "LENGTH": 13.0, "NHS": "YES", "Shape_Leng": 3.9679042391700001 }, "geometry": { "type": "MultiLineString", "coordinates": [ [ [ -157.70178, 21.33755 ], [ -157.70176, 21.33752 ] ] ] } },
{ "type": "Feature", "properties": { "BMP": 4.86544, "EMP": 4.99171, "PREFIX": "SR", "ROUTE": "72", "ISLAND": "Oahu", "DIRECTION": "+MP", "TYPE": "Sidewalk", "MATERIAL": "Asphalt", "LENGTH": 666.0, "NHS": "YES", "Shape_Leng": 203.184722386 }, "geometry": { "type": "MultiLineString", "coordinates": [ [ [ -157.70168, 21.33744 ], [ -157.70042, 21.33603 ] ] ] } },
{ "type": "Feature", "properties": { "BMP": 4.99896, "EMP": 5.12635, "PREFIX": "SR", "ROUTE": "72", "ISLAND": "Oahu", "DIRECTION": "+MP", "TYPE": "Sidewalk", "MATERIAL": "Asphalt", "LENGTH": 673.0, "NHS": "YES", "Shape_Leng": 205.02488404 }, "geometry": { "type": "MultiLineString", "coordinates": [ [ [ -157.70036, 21.33594 ], [ -157.69909, 21.33453 ] ] ] } },
{ "type": "Feature", "properties": { "BMP": 5.13304, "EMP": 5.26012, "PREFIX": "SR", "ROUTE": "72", "ISLAND": "Oahu", "DIRECTION": "+MP", "TYPE": "Sidewalk", "MATERIAL": "Asphalt", "LENGTH": 671.0, "NHS": "YES", "Shape_Leng": 204.485079791 }, "geometry": { "type": "MultiLineString", "coordinates": [ [ [ -157.69902, 21.33445 ], [ -157.69774, 21.33305 ] ] ] } },
{ "type": "Feature", "properties": { "BMP": 5.27121, "EMP": 5.28556, "PREFIX": "SR", "ROUTE": "72", "ISLAND": "Oahu", "DIRECTION": "+MP", "TYPE": "Sidewalk", "MATERIAL": "Asphalt", "LENGTH": 76.0, "NHS": "YES", "Shape_Leng": 23.0621572622 }, "geometry": { "type": "MultiLineString", "coordinates": [ [ [ -157.69763, 21.33293 ], [ -157.69748, 21.33277 ] ] ] } },
{ "type": "Feature", "properties": { "BMP": 5.35754, "EMP": 5.36235, "PREFIX": "SR", "ROUTE": "72", "ISLAND": "Oahu", "DIRECTION": "+MP", "TYPE": "Sidewalk", "MATERIAL": "Concrete", "LENGTH": 31.0, "NHS": "YES", "Shape_Leng": 9.3536372956899996 }, "geometry": { "type": "MultiLineString", "coordinates": [ [ [ -157.69677, 21.33195 ], [ -157.69674, 21.33187 ] ] ] } },
{ "type": "Feature", "properties": { "BMP": 5.37312, "EMP": 5.37808, "PREFIX": "SR", "ROUTE": "72", "ISLAND": "Oahu", "DIRECTION": "+MP", "TYPE": "Sidewalk", "MATERIAL": "Concrete", "LENGTH": 31.0, "NHS": "YES", "Shape_Leng": 9.5091279119000003 }, "geometry": { "type": "MultiLineString", "coordinates": [ [ [ -157.6966, 21.33177 ], [ -157.69651, 21.33176 ] ] ] } },
{ "type": "Feature", "properties": { "BMP": 5.37827, "EMP": 5.41433, "PREFIX": "SR", "ROUTE": "72", "ISLAND": "Oahu", "DIRECTION": "+MP", "TYPE": "Sidewalk", "MATERIAL": "Asphalt", "LENGTH": 194.0, "NHS": "YES", "Shape_Leng": 59.088586935000002 }, "geometry": { "type": "MultiLineString", "coordinates": [ [ [ -157.69651, 21.33176 ], [ -157.69602, 21.33149 ] ] ] } },
{ "type": "Feature", "properties": { "BMP": 2.80806, "EMP": 2.89727, "PREFIX": "SR", "ROUTE": "72", "ISLAND": "Oahu", "DIRECTION": "+MP", "TYPE": "Sidewalk", "MATERIAL": "Concrete", "LENGTH": 474.0, "NHS": "YES", "Shape_Leng": 144.461148931 }, "geometry": { "type": "MultiLineString", "coordinates": [ [ [ -157.7288, 21.3507 ], [ -157.72771, 21.34991 ] ] ] } },
{ "type": "Feature", "properties": { "BMP": 2.90531, "EMP": 3.03659, "PREFIX": "SR", "ROUTE": "72", "ISLAND": "Oahu", "DIRECTION": "+MP", "TYPE": "Sidewalk", "MATERIAL": "Concrete", "LENGTH": 695.0, "NHS": "YES", "Shape_Leng": 211.87268317300001 }, "geometry": { "type": "MultiLineString", "coordinates": [ [ [ -157.72761, 21.34985 ], [ -157.72597, 21.34871 ] ] ] } },
{ "type": "Feature", "properties": { "BMP": 3.05161, "EMP": 3.15922, "PREFIX": "SR", "ROUTE": "72", "ISLAND": "Oahu", "DIRECTION": "+MP", "TYPE": "Sidewalk", "MATERIAL": "Concrete", "LENGTH": 574.0, "NHS": "YES", "Shape_Leng": 174.99931970099999 }, "geometry": { "type": "MultiLineString", "coordinates": [ [ [ -157.72577, 21.34859 ], [ -157.72414, 21.34823 ] ] ] } },
{ "type": "Feature", "properties": { "BMP": 3.17037, "EMP": 3.24203, "PREFIX": "SR", "ROUTE": "72", "ISLAND": "Oahu", "DIRECTION": "+MP", "TYPE": "Sidewalk", "MATERIAL": "Concrete", "LENGTH": 380.0, "NHS": "YES", "Shape_Leng": 115.82354193899999 }, "geometry": { "type": "MultiLineString", "coordinates": [ [ [ -157.72397, 21.34819 ], [ -157.72287, 21.34805 ] ] ] } },
{ "type": "Feature", "properties": { "BMP": 3.35223, "EMP": 3.5545, "PREFIX": "SR", "ROUTE": "72", "ISLAND": "Oahu", "DIRECTION": "+MP", "TYPE": "Sidewalk", "MATERIAL": "Asphalt", "LENGTH": 1071.0, "NHS": "YES", "Shape_Leng": 326.50759454500002 }, "geometry": { "type": "MultiLineString", "coordinates": [ [ [ -157.72118, 21.34779 ], [ -157.71809, 21.34729 ] ] ] } },
{ "type": "Feature", "properties": { "BMP": 3.5667, "EMP": 3.69748, "PREFIX": "SR", "ROUTE": "72", "ISLAND": "Oahu", "DIRECTION": "+MP", "TYPE": "Sidewalk", "MATERIAL": "Asphalt", "LENGTH": 691.0, "NHS": "YES", "Shape_Leng": 210.49639312299999 }, "geometry": { "type": "MultiLineString", "coordinates": [ [ [ -157.7179, 21.34729 ], [ -157.7159, 21.34699 ] ] ] } },
{ "type": "Feature", "properties": { "BMP": 13.22977, "EMP": 13.24237, "PREFIX": "SR", "ROUTE": "72", "ISLAND": "Oahu", "DIRECTION": "+MP", "TYPE": "Sidewalk", "MATERIAL": "Concrete", "LENGTH": 71.0, "NHS": "YES", "Shape_Leng": 21.7707722854 }, "geometry": { "type": "MultiLineString", "coordinates": [ [ [ -157.70443, 21.27586 ], [ -157.70455, 21.27601 ] ] ] } },
{ "type": "Feature", "properties": { "BMP": 13.26406, "EMP": 13.26911, "PREFIX": "SR", "ROUTE": "72", "ISLAND": "Oahu", "DIRECTION": "+MP", "TYPE": "Sidewalk", "MATERIAL": "Concrete", "LENGTH": 29.0, "NHS": "YES", "Shape_Leng": 8.8438925428400008 }, "geometry": { "type": "MultiLineString", "coordinates": [ [ [ -157.70484, 21.27616 ], [ -157.70492, 21.27618 ] ] ] } },
{ "type": "Feature", "properties": { "BMP": 13.57431, "EMP": 13.57922, "PREFIX": "SR", "ROUTE": "72", "ISLAND": "Oahu", "DIRECTION": "+MP", "TYPE": "Sidewalk", "MATERIAL": "Concrete", "LENGTH": 25.0, "NHS": "YES", "Shape_Leng": 7.5150196396800002 }, "geometry": { "type": "MultiLineString", "coordinates": [ [ [ -157.70844, 21.27915 ], [ -157.7085, 21.27919 ] ] ] } },
{ "type": "Feature", "properties": { "BMP": 13.91908, "EMP": 13.97313, "PREFIX": "SR", "ROUTE": "72", "ISLAND": "Oahu", "DIRECTION": "+MP", "TYPE": "Sidewalk", "MATERIAL": "Concrete", "LENGTH": 292.0, "NHS": "YES", "Shape_Leng": 88.977449871299996 }, "geometry": { "type": "MultiLineString", "coordinates": [ [ [ -157.71273, 21.28218 ], [ -157.71353, 21.28242 ] ] ] } },
{ "type": "Feature", "properties": { "BMP": 13.98385, "EMP": 14.04645, "PREFIX": "SR", "ROUTE": "72", "ISLAND": "Oahu", "DIRECTION": "+MP", "TYPE": "Sidewalk", "MATERIAL": "Concrete", "LENGTH": 343.0, "NHS": "YES", "Shape_Leng": 104.564641822 }, "geometry": { "type": "MultiLineString", "coordinates": [ [ [ -157.7137, 21.28247 ], [ -157.71457, 21.28285 ] ] ] } },
{ "type": "Feature", "properties": { "BMP": 14.01075, "EMP": 14.08531, "PREFIX": "SR", "ROUTE": "72", "ISLAND": "Oahu", "DIRECTION": "+MP", "TYPE": "Sidewalk", "MATERIAL": "Concrete", "LENGTH": 393.0, "NHS": "YES", "Shape_Leng": 119.76795250399999 }, "geometry": { "type": "MultiLineString", "coordinates": [ [ [ -157.71409, 21.2826 ], [ -157.71507, 21.28315 ] ] ] } },
{ "type": "Feature", "properties": { "BMP": 14.10225, "EMP": 14.26162, "PREFIX": "SR", "ROUTE": "72", "ISLAND": "Oahu", "DIRECTION": "+MP", "TYPE": "Sidewalk", "MATERIAL": "Concrete", "LENGTH": 846.0, "NHS": "YES", "Shape_Leng": 257.76215741099998 }, "geometry": { "type": "MultiLineString", "coordinates": [ [ [ -157.71527, 21.2833 ], [ -157.71726, 21.28468 ] ] ] } },
{ "type": "Feature", "properties": { "BMP": 14.28283, "EMP": 14.42161, "PREFIX": "SR", "ROUTE": "72", "ISLAND": "Oahu", "DIRECTION": "+MP", "TYPE": "Sidewalk", "MATERIAL": "Concrete", "LENGTH": 748.0, "NHS": "YES", "Shape_Leng": 227.88958519299999 }, "geometry": { "type": "MultiLineString", "coordinates": [ [ [ -157.71752, 21.28486 ], [ -157.71936, 21.28596 ] ] ] } },
{ "type": "Feature", "properties": { "BMP": 14.43233, "EMP": 14.65785, "PREFIX": "SR", "ROUTE": "72", "ISLAND": "Oahu", "DIRECTION": "+MP", "TYPE": "Sidewalk", "MATERIAL": "Concrete", "LENGTH": 1219.0, "NHS": "YES", "Shape_Leng": 371.56245453299999 }, "geometry": { "type": "MultiLineString", "coordinates": [ [ [ -157.71952, 21.286 ], [ -157.72304, 21.28619 ] ] ] } },
{ "type": "Feature", "properties": { "BMP": 14.66708, "EMP": 14.76916, "PREFIX": "SR", "ROUTE": "72", "ISLAND": "Oahu", "DIRECTION": "+MP", "TYPE": "Sidewalk", "MATERIAL": "Concrete", "LENGTH": 545.0, "NHS": "YES", "Shape_Leng": 166.21586308100001 }, "geometry": { "type": "MultiLineString", "coordinates": [ [ [ -157.72318, 21.28615 ], [ -157.72471, 21.28578 ] ] ] } },
{ "type": "Feature", "properties": { "BMP": 14.77761, "EMP": 14.85293, "PREFIX": "SR", "ROUTE": "72", "ISLAND": "Oahu", "DIRECTION": "+MP", "TYPE": "Sidewalk", "MATERIAL": "Concrete", "LENGTH": 409.0, "NHS": "YES", "Shape_Leng": 124.565133418 }, "geometry": { "type": "MultiLineString", "coordinates": [ [ [ -157.72484, 21.28574 ], [ -157.72597, 21.28544 ] ] ] } },
{ "type": "Feature", "properties": { "BMP": 14.86275, "EMP": 15.45785, "PREFIX": "SR", "ROUTE": "72", "ISLAND": "Oahu", "DIRECTION": "+MP", "TYPE": "Sidewalk", "MATERIAL": "Concrete", "LENGTH": 3140.0, "NHS": "YES", "Shape_Leng": 957.36093243599998 }, "geometry": { "type": "MultiLineString", "coordinates": [ [ [ -157.72611, 21.28537 ], [ -157.73456, 21.28223 ] ] ] } },
{ "type": "Feature", "properties": { "BMP": 15.47663, "EMP": 15.77094, "PREFIX": "SR", "ROUTE": "72", "ISLAND": "Oahu", "DIRECTION": "+MP", "TYPE": "Sidewalk", "MATERIAL": "Concrete", "LENGTH": 1556.0, "NHS": "YES", "Shape_Leng": 474.40203055500001 }, "geometry": { "type": "MultiLineString", "coordinates": [ [ [ -157.73483, 21.28213 ], [ -157.73922, 21.281 ] ] ] } },
{ "type": "Feature", "properties": { "BMP": 15.78684, "EMP": 16.00765, "PREFIX": "SR", "ROUTE": "72", "ISLAND": "Oahu", "DIRECTION": "+MP", "TYPE": "Sidewalk", "MATERIAL": "Concrete", "LENGTH": 1175.0, "NHS": "YES", "Shape_Leng": 358.30028100700002 }, "geometry": { "type": "MultiLineString", "coordinates": [ [ [ -157.73945, 21.28091 ], [ -157.74286, 21.28055 ] ] ] } },
{ "type": "Feature", "properties": { "BMP": 0.00296, "EMP": 0.00337, "PREFIX": "SR", "ROUTE": "7012", "ISLAND": "Oahu", "DIRECTION": "+MP", "TYPE": "Sidewalk", "MATERIAL": "Concrete", "LENGTH": 8.0, "NHS": "NO", "Shape_Leng": 2.53278397993 }, "geometry": { "type": "MultiLineString", "coordinates": [ [ [ -158.03336, 21.50562 ], [ -158.03334, 21.5056 ] ] ] } },
{ "type": "Feature", "properties": { "BMP": 16.01826, "EMP": 16.1016, "PREFIX": "SR", "ROUTE": "72", "ISLAND": "Oahu", "DIRECTION": "+MP", "TYPE": "Sidewalk", "MATERIAL": "Concrete", "LENGTH": 450.0, "NHS": "YES", "Shape_Leng": 137.052527075 }, "geometry": { "type": "MultiLineString", "coordinates": [ [ [ -157.74302, 21.28051 ], [ -157.74428, 21.28018 ] ] ] } },
{ "type": "Feature", "properties": { "BMP": 16.11519, "EMP": 16.30178, "PREFIX": "SR", "ROUTE": "72", "ISLAND": "Oahu", "DIRECTION": "+MP", "TYPE": "Sidewalk", "MATERIAL": "Concrete", "LENGTH": 988.0, "NHS": "YES", "Shape_Leng": 301.15161226700002 }, "geometry": { "type": "MultiLineString", "coordinates": [ [ [ -157.74448, 21.28012 ], [ -157.74726, 21.27937 ] ] ] } },
{ "type": "Feature", "properties": { "BMP": 16.60344, "EMP": 16.81345, "PREFIX": "SR", "ROUTE": "72", "ISLAND": "Oahu", "DIRECTION": "+MP", "TYPE": "Sidewalk", "MATERIAL": "Concrete", "LENGTH": 1120.0, "NHS": "YES", "Shape_Leng": 341.50427959799998 }, "geometry": { "type": "MultiLineString", "coordinates": [ [ [ -157.7518, 21.27845 ], [ -157.75504, 21.278 ] ] ] } },
{ "type": "Feature", "properties": { "BMP": 16.83162, "EMP": 17.05218, "PREFIX": "SR", "ROUTE": "72", "ISLAND": "Oahu", "DIRECTION": "+MP", "TYPE": "Sidewalk", "MATERIAL": "Concrete", "LENGTH": 1173.0, "NHS": "YES", "Shape_Leng": 357.52077906900001 }, "geometry": { "type": "MultiLineString", "coordinates": [ [ [ -157.75531, 21.27792 ], [ -157.75862, 21.27715 ] ] ] } },
{ "type": "Feature", "properties": { "BMP": 17.06309, "EMP": 17.3777, "PREFIX": "SR", "ROUTE": "72", "ISLAND": "Oahu", "DIRECTION": "+MP", "TYPE": "Sidewalk", "MATERIAL": "Concrete", "LENGTH": 1666.0, "NHS": "YES", "Shape_Leng": 507.835236807 }, "geometry": { "type": "MultiLineString", "coordinates": [ [ [ -157.75878, 21.2771 ], [ -157.76359, 21.27642 ] ] ] } },
{ "type": "Feature", "properties": { "BMP": 17.38654, "EMP": 17.62141, "PREFIX": "SR", "ROUTE": "72", "ISLAND": "Oahu", "DIRECTION": "+MP", "TYPE": "Sidewalk", "MATERIAL": "Concrete", "LENGTH": 1234.0, "NHS": "YES", "Shape_Leng": 376.275505759 }, "geometry": { "type": "MultiLineString", "coordinates": [ [ [ -157.76373, 21.2764 ], [ -157.76729, 21.27625 ] ] ] } },
{ "type": "Feature", "properties": { "BMP": 17.6316, "EMP": 17.93152, "PREFIX": "SR", "ROUTE": "72", "ISLAND": "Oahu", "DIRECTION": "+MP", "TYPE": "Sidewalk", "MATERIAL": "Concrete", "LENGTH": 1591.0, "NHS": "YES", "Shape_Leng": 485.15779921799998 }, "geometry": { "type": "MultiLineString", "coordinates": [ [ [ -157.76744, 21.2763 ], [ -157.77201, 21.27711 ] ] ] } },
{ "type": "Feature", "properties": { "BMP": 17.94329, "EMP": 17.98576, "PREFIX": "SR", "ROUTE": "72", "ISLAND": "Oahu", "DIRECTION": "+MP", "TYPE": "Sidewalk", "MATERIAL": "Concrete", "LENGTH": 228.0, "NHS": "YES", "Shape_Leng": 69.613275966499998 }, "geometry": { "type": "MultiLineString", "coordinates": [ [ [ -157.77219, 21.27716 ], [ -157.77284, 21.27724 ] ] ] } },
{ "type": "Feature", "properties": { "BMP": 17.99001, "EMP": 18.02751, "PREFIX": "SR", "ROUTE": "72", "ISLAND": "Oahu", "DIRECTION": "+MP", "TYPE": "Sidewalk", "MATERIAL": "Concrete", "LENGTH": 202.0, "NHS": "YES", "Shape_Leng": 61.630135170499997 }, "geometry": { "type": "MultiLineString", "coordinates": [ [ [ -157.77291, 21.27725 ], [ -157.77348, 21.27738 ] ] ] } },
{ "type": "Feature", "properties": { "BMP": 18.03344, "EMP": 18.19993, "PREFIX": "SR", "ROUTE": "72", "ISLAND": "Oahu", "DIRECTION": "+MP", "TYPE": "Sidewalk", "MATERIAL": "Concrete", "LENGTH": 887.0, "NHS": "YES", "Shape_Leng": 270.36072672500001 }, "geometry": { "type": "MultiLineString", "coordinates": [ [ [ -157.77358, 21.27736 ], [ -157.77614, 21.27768 ] ] ] } },
{ "type": "Feature", "properties": { "BMP": 18.21014, "EMP": 18.41955, "PREFIX": "SR", "ROUTE": "72", "ISLAND": "Oahu", "DIRECTION": "+MP", "TYPE": "Sidewalk", "MATERIAL": "Concrete", "LENGTH": 1110.0, "NHS": "YES", "Shape_Leng": 338.38138368199998 }, "geometry": { "type": "MultiLineString", "coordinates": [ [ [ -157.7763, 21.27768 ], [ -157.77952, 21.27802 ] ] ] } },
{ "type": "Feature", "properties": { "BMP": 0.51892, "EMP": 0.3139, "PREFIX": "SR", "ROUTE": "7012", "ISLAND": "Oahu", "DIRECTION": "-MP", "TYPE": "Sidewalk", "MATERIAL": "Concrete", "LENGTH": 1097.0, "NHS": "NO", "Shape_Leng": 334.39005194499998 }, "geometry": { "type": "MultiLineString", "coordinates": [ [ [ -158.02659, 21.50956 ], [ -158.02955, 21.5084 ] ] ] } },
{ "type": "Feature", "properties": { "BMP": 0.29891, "EMP": 0.0, "PREFIX": "SR", "ROUTE": "7012", "ISLAND": "Oahu", "DIRECTION": "-MP", "TYPE": "Sidewalk", "MATERIAL": "Concrete", "LENGTH": 1585.0, "NHS": "NO", "Shape_Leng": 483.08145699300002 }, "geometry": { "type": "MultiLineString", "coordinates": [ [ [ -158.02973, 21.50827 ], [ -158.03352, 21.50577 ] ] ] } },
{ "type": "Feature", "properties": { "BMP": 0.53168, "EMP": 0.52804, "PREFIX": "SR", "ROUTE": "7012", "ISLAND": "Oahu", "DIRECTION": "-MP", "TYPE": "Sidewalk", "MATERIAL": "Concrete", "LENGTH": 23.0, "NHS": "NO", "Shape_Leng": 6.9864591199600001 }, "geometry": { "type": "MultiLineString", "coordinates": [ [ [ -158.02639, 21.50958 ], [ -158.02646, 21.5096 ] ] ] } },
{ "type": "Feature", "properties": { "BMP": 0.00011, "EMP": 0.18472, "PREFIX": "SR", "ROUTE": "98", "ISLAND": "Oahu", "DIRECTION": "+MP", "TYPE": "Sidewalk", "MATERIAL": "Concrete", "LENGTH": 981.0, "NHS": "YES", "Shape_Leng": 299.085334187 }, "geometry": { "type": "MultiLineString", "coordinates": [ [ [ -157.86696, 21.32536 ], [ -157.86502, 21.32342 ] ] ] } },
{ "type": "Feature", "properties": { "BMP": 0.1989, "EMP": 0.30093, "PREFIX": "SR", "ROUTE": "98", "ISLAND": "Oahu", "DIRECTION": "+MP", "TYPE": "Sidewalk", "MATERIAL": "Concrete", "LENGTH": 542.0, "NHS": "YES", "Shape_Leng": 165.29027128800001 }, "geometry": { "type": "MultiLineString", "coordinates": [ [ [ -157.8649, 21.32325 ], [ -157.86395, 21.32206 ] ] ] } },
{ "type": "Feature", "properties": { "BMP": 0.71764, "EMP": 0.71271, "PREFIX": "SR", "ROUTE": "7012", "ISLAND": "Oahu", "DIRECTION": "-MP", "TYPE": "Sidewalk", "MATERIAL": "Concrete", "LENGTH": 29.0, "NHS": "NO", "Shape_Leng": 8.8159717535700004 }, "geometry": { "type": "MultiLineString", "coordinates": [ [ [ -158.02359, 21.51025 ], [ -158.02366, 21.51021 ] ] ] } },
{ "type": "Feature", "properties": { "BMP": 0.71253, "EMP": 0.63169, "PREFIX": "SR", "ROUTE": "7012", "ISLAND": "Oahu", "DIRECTION": "-MP", "TYPE": "Sidewalk", "MATERIAL": "Asphalt", "LENGTH": 427.0, "NHS": "NO", "Shape_Leng": 130.02375719599999 }, "geometry": { "type": "MultiLineString", "coordinates": [ [ [ -158.02366, 21.51021 ], [ -158.02488, 21.50993 ] ] ] } },
{ "type": "Feature", "properties": { "BMP": 0.6315, "EMP": 0.62769, "PREFIX": "SR", "ROUTE": "7012", "ISLAND": "Oahu", "DIRECTION": "-MP", "TYPE": "Sidewalk", "MATERIAL": "Concrete", "LENGTH": 21.0, "NHS": "NO", "Shape_Leng": 6.5431668953199997 }, "geometry": { "type": "MultiLineString", "coordinates": [ [ [ -158.02489, 21.50993 ], [ -158.02495, 21.50993 ] ] ] } },
{ "type": "Feature", "properties": { "BMP": 0.61668, "EMP": 0.61282, "PREFIX": "SR", "ROUTE": "7012", "ISLAND": "Oahu", "DIRECTION": "-MP", "TYPE": "Sidewalk", "MATERIAL": "Concrete", "LENGTH": 22.0, "NHS": "NO", "Shape_Leng": 6.6555587490699999 }, "geometry": { "type": "MultiLineString", "coordinates": [ [ [ -158.02511, 21.50989 ], [ -158.02517, 21.50986 ] ] ] } },
{ "type": "Feature", "properties": { "BMP": 0.61259, "EMP": 0.53189, "PREFIX": "SR", "ROUTE": "7012", "ISLAND": "Oahu", "DIRECTION": "-MP", "TYPE": "Sidewalk", "MATERIAL": "Asphalt", "LENGTH": 426.0, "NHS": "NO", "Shape_Leng": 129.94815850800001 }, "geometry": { "type": "MultiLineString", "coordinates": [ [ [ -158.02517, 21.50986 ], [ -158.02639, 21.50958 ] ] ] } },
{ "type": "Feature", "properties": { "BMP": 0.0, "EMP": 0.01046, "PREFIX": "SR", "ROUTE": "7415", "ISLAND": "Oahu", "DIRECTION": "+MP", "TYPE": "Sidewalk", "MATERIAL": "Concrete", "LENGTH": 59.0, "NHS": "NO", "Shape_Leng": 18.054740652700001 }, "geometry": { "type": "MultiLineString", "coordinates": [ [ [ -157.88326, 21.33823 ], [ -157.8834, 21.33814 ] ] ] } },
{ "type": "Feature", "properties": { "BMP": 0.02233, "EMP": 0.05818, "PREFIX": "SR", "ROUTE": "7415", "ISLAND": "Oahu", "DIRECTION": "+MP", "TYPE": "Sidewalk", "MATERIAL": "Concrete", "LENGTH": 190.0, "NHS": "NO", "Shape_Leng": 57.977333596599998 }, "geometry": { "type": "MultiLineString", "coordinates": [ [ [ -157.88353, 21.33802 ], [ -157.88394, 21.33767 ] ] ] } },
{ "type": "Feature", "properties": { "BMP": 0.0713, "EMP": 0.07736, "PREFIX": "SR", "ROUTE": "7415", "ISLAND": "Oahu", "DIRECTION": "+MP", "TYPE": "Sidewalk", "MATERIAL": "Concrete", "LENGTH": 34.0, "NHS": "NO", "Shape_Leng": 10.318946711800001 }, "geometry": { "type": "MultiLineString", "coordinates": [ [ [ -157.88413, 21.33759 ], [ -157.88418, 21.33751 ] ] ] } },
{ "type": "Feature", "properties": { "BMP": 0.07769, "EMP": 0.38081, "PREFIX": "SR", "ROUTE": "7415", "ISLAND": "Oahu", "DIRECTION": "+MP", "TYPE": "Shared-use path", "MATERIAL": "Asphalt", "LENGTH": 1609.0, "NHS": "NO", "Shape_Leng": 490.36597101000001 }, "geometry": { "type": "MultiLineString", "coordinates": [ [ [ -157.88418, 21.33751 ], [ -157.88807, 21.33504 ] ] ] } },
{ "type": "Feature", "properties": { "BMP": 0.39224, "EMP": 0.3944, "PREFIX": "SR", "ROUTE": "7415", "ISLAND": "Oahu", "DIRECTION": "+MP", "TYPE": "Shared-use path", "MATERIAL": "Asphalt", "LENGTH": 11.0, "NHS": "NO", "Shape_Leng": 3.4677486613199999 }, "geometry": { "type": "MultiLineString", "coordinates": [ [ [ -157.88821, 21.33493 ], [ -157.88824, 21.33492 ] ] ] } },
{ "type": "Feature", "properties": { "BMP": 0.39884, "EMP": 0.43816, "PREFIX": "SR", "ROUTE": "7415", "ISLAND": "Oahu", "DIRECTION": "+MP", "TYPE": "Shared-use path", "MATERIAL": "Asphalt", "LENGTH": 207.0, "NHS": "NO", "Shape_Leng": 62.955199189799998 }, "geometry": { "type": "MultiLineString", "coordinates": [ [ [ -157.88831, 21.3349 ], [ -157.88881, 21.33457 ] ] ] } },
{ "type": "Feature", "properties": { "BMP": 16.3148, "EMP": 16.447, "PREFIX": "SR", "ROUTE": "72", "ISLAND": "Oahu", "DIRECTION": "+MP", "TYPE": "Sidewalk", "MATERIAL": "Concrete", "LENGTH": 703.0, "NHS": "YES", "Shape_Leng": 214.330185712 }, "geometry": { "type": "MultiLineString", "coordinates": [ [ [ -157.74745, 21.27933 ], [ -157.74944, 21.27886 ] ] ] } },
{ "type": "Feature", "properties": { "BMP": 0.68634, "EMP": 0.2772, "PREFIX": "SR", "ROUTE": "7241", "ISLAND": "Oahu", "DIRECTION": "-MP", "TYPE": "Sidewalk", "MATERIAL": "Concrete", "LENGTH": 2132.0, "NHS": "NO", "Shape_Leng": 649.99219812299998 }, "geometry": { "type": "MultiLineString", "coordinates": [ [ [ -157.92002, 21.37051 ], [ -157.92525, 21.36775 ] ] ] } },
{ "type": "Feature", "properties": { "BMP": 1.4362, "EMP": 1.36377, "PREFIX": "SR", "ROUTE": "7241", "ISLAND": "Oahu", "DIRECTION": "-MP", "TYPE": "Sidewalk", "MATERIAL": "Concrete", "LENGTH": 386.0, "NHS": "NO", "Shape_Leng": 117.261587203 }, "geometry": { "type": "MultiLineString", "coordinates": [ [ [ -157.91507, 21.3798 ], [ -157.91566, 21.37891 ] ] ] } },
{ "type": "Feature", "properties": { "BMP": 1.35169, "EMP": 1.20915, "PREFIX": "SR", "ROUTE": "7241", "ISLAND": "Oahu", "DIRECTION": "-MP", "TYPE": "Sidewalk", "MATERIAL": "Concrete", "LENGTH": 754.0, "NHS": "NO", "Shape_Leng": 229.17771745499999 }, "geometry": { "type": "MultiLineString", "coordinates": [ [ [ -157.91575, 21.37875 ], [ -157.91684, 21.37696 ] ] ] } },
{ "type": "Feature", "properties": { "BMP": 1.19813, "EMP": 1.03219, "PREFIX": "SR", "ROUTE": "7241", "ISLAND": "Oahu", "DIRECTION": "-MP", "TYPE": "Sidewalk", "MATERIAL": "Concrete", "LENGTH": 863.0, "NHS": "NO", "Shape_Leng": 262.507629909 }, "geometry": { "type": "MultiLineString", "coordinates": [ [ [ -157.91693, 21.37682 ], [ -157.91857, 21.37508 ] ] ] } },
{ "type": "Feature", "properties": { "BMP": 1.01989, "EMP": 0.99282, "PREFIX": "SR", "ROUTE": "7241", "ISLAND": "Oahu", "DIRECTION": "-MP", "TYPE": "Sidewalk", "MATERIAL": "Concrete", "LENGTH": 152.0, "NHS": "NO", "Shape_Leng": 46.347377139099997 }, "geometry": { "type": "MultiLineString", "coordinates": [ [ [ -157.91874, 21.375 ], [ -157.91915, 21.37484 ] ] ] } },
{ "type": "Feature", "properties": { "BMP": 0.26093, "EMP": 0.15364, "PREFIX": "SR", "ROUTE": "7241", "ISLAND": "Oahu", "DIRECTION": "-MP", "TYPE": "Sidewalk", "MATERIAL": "Concrete", "LENGTH": 576.0, "NHS": "NO", "Shape_Leng": 175.60863604599999 }, "geometry": { "type": "MultiLineString", "coordinates": [ [ [ -157.92549, 21.36769 ], [ -157.927, 21.36699 ] ] ] } },
{ "type": "Feature", "properties": { "BMP": 0.97603, "EMP": 0.97269, "PREFIX": "SR", "ROUTE": "7241", "ISLAND": "Oahu", "DIRECTION": "-MP", "TYPE": "Sidewalk", "MATERIAL": "Concrete", "LENGTH": 19.0, "NHS": "NO", "Shape_Leng": 5.8834416311700002 }, "geometry": { "type": "MultiLineString", "coordinates": [ [ [ -157.91931, 21.37461 ], [ -157.91935, 21.37457 ] ] ] } },
{ "type": "Feature", "properties": { "BMP": 0.96858, "EMP": 0.88357, "PREFIX": "SR", "ROUTE": "7241", "ISLAND": "Oahu", "DIRECTION": "-MP", "TYPE": "Sidewalk", "MATERIAL": "Concrete", "LENGTH": 474.0, "NHS": "NO", "Shape_Leng": 144.017290175 }, "geometry": { "type": "MultiLineString", "coordinates": [ [ [ -157.91943, 21.37455 ], [ -157.91969, 21.37329 ] ] ] } },
{ "type": "Feature", "properties": { "BMP": 0.0499, "EMP": 0.00261, "PREFIX": "SR", "ROUTE": "7241", "ISLAND": "Oahu", "DIRECTION": "-MP", "TYPE": "Sidewalk", "MATERIAL": "Concrete", "LENGTH": 266.0, "NHS": "NO", "Shape_Leng": 80.919451243200001 }, "geometry": { "type": "MultiLineString", "coordinates": [ [ [ -157.92847, 21.36638 ], [ -157.92907, 21.36597 ] ] ] } },
{ "type": "Feature", "properties": { "BMP": 0.0, "EMP": 0.0606, "PREFIX": "SR", "ROUTE": "8930", "ISLAND": "Oahu", "DIRECTION": "+MP", "TYPE": "Sidewalk", "MATERIAL": "Concrete", "LENGTH": 330.0, "NHS": "YES", "Shape_Leng": 100.54223721300001 }, "geometry": { "type": "MultiLineString", "coordinates": [ [ [ -158.0604, 21.36625 ], [ -158.05969, 21.36563 ] ] ] } },
{ "type": "Feature", "properties": { "BMP": 0.86414, "EMP": 0.74983, "PREFIX": "SR", "ROUTE": "7241", "ISLAND": "Oahu", "DIRECTION": "-MP", "TYPE": "Sidewalk", "MATERIAL": "Concrete", "LENGTH": 617.0, "NHS": "NO", "Shape_Leng": 187.44080188699999 }, "geometry": { "type": "MultiLineString", "coordinates": [ [ [ -157.91977, 21.37301 ], [ -157.91987, 21.37136 ] ] ] } },
{ "type": "Feature", "properties": { "BMP": 0.06637, "EMP": 0.07816, "PREFIX": "SR", "ROUTE": "8930", "ISLAND": "Oahu", "DIRECTION": "+MP", "TYPE": "Sidewalk", "MATERIAL": "Concrete", "LENGTH": 63.0, "NHS": "YES", "Shape_Leng": 19.305224699899998 }, "geometry": { "type": "MultiLineString", "coordinates": [ [ [ -158.05962, 21.36558 ], [ -158.0595, 21.36545 ] ] ] } },
{ "type": "Feature", "properties": { "BMP": 0.46131, "EMP": 0.7954, "PREFIX": "SR", "ROUTE": "8930", "ISLAND": "Oahu", "DIRECTION": "+MP", "TYPE": "Sidewalk", "MATERIAL": "Concrete", "LENGTH": 1758.0, "NHS": "YES", "Shape_Leng": 535.91841575000001 }, "geometry": { "type": "MultiLineString", "coordinates": [ [ [ -158.05519, 21.36162 ], [ -158.05166, 21.35813 ] ] ] } },
{ "type": "Feature", "properties": { "BMP": 0.74843, "EMP": 0.74096, "PREFIX": "SR", "ROUTE": "7241", "ISLAND": "Oahu", "DIRECTION": "-MP", "TYPE": "Sidewalk", "MATERIAL": "Concrete", "LENGTH": 39.0, "NHS": "NO", "Shape_Leng": 11.9583266047 }, "geometry": { "type": "MultiLineString", "coordinates": [ [ [ -157.91979, 21.37134 ], [ -157.91978, 21.37123 ] ] ] } },
{ "type": "Feature", "properties": { "BMP": 0.73247, "EMP": 0.68932, "PREFIX": "SR", "ROUTE": "7241", "ISLAND": "Oahu", "DIRECTION": "-MP", "TYPE": "Sidewalk", "MATERIAL": "Concrete", "LENGTH": 223.0, "NHS": "NO", "Shape_Leng": 67.998546941699999 }, "geometry": { "type": "MultiLineString", "coordinates": [ [ [ -157.9198, 21.37111 ], [ -157.91992, 21.37052 ] ] ] } },
{ "type": "Feature", "properties": { "BMP": 1.97462, "EMP": 1.74637, "PREFIX": "SR", "ROUTE": "8930", "ISLAND": "Oahu", "DIRECTION": "-MP", "TYPE": "Sidewalk", "MATERIAL": "Concrete", "LENGTH": 1193.0, "NHS": "YES", "Shape_Leng": 363.60214624100001 }, "geometry": { "type": "MultiLineString", "coordinates": [ [ [ -158.05335, 21.34263 ], [ -158.05143, 21.34531 ] ] ] } },
{ "type": "Feature", "properties": { "BMP": 2.45244, "EMP": 2.18781, "PREFIX": "SR", "ROUTE": "8930", "ISLAND": "Oahu", "DIRECTION": "-MP", "TYPE": "Sidewalk", "MATERIAL": "Concrete", "LENGTH": 1415.0, "NHS": "YES", "Shape_Leng": 431.36885220300002 }, "geometry": { "type": "MultiLineString", "coordinates": [ [ [ -158.05105, 21.33623 ], [ -158.0529, 21.33973 ] ] ] } },
{ "type": "Feature", "properties": { "BMP": 1.63232, "EMP": 1.13647, "PREFIX": "SR", "ROUTE": "8930", "ISLAND": "Oahu", "DIRECTION": "-MP", "TYPE": "Sidewalk", "MATERIAL": "Concrete", "LENGTH": 2657.0, "NHS": "YES", "Shape_Leng": 809.76083415599999 }, "geometry": { "type": "MultiLineString", "coordinates": [ [ [ -158.05033, 21.34664 ], [ -158.04923, 21.35377 ] ] ] } },
{ "type": "Feature", "properties": { "BMP": 0.05768, "EMP": 0.00237, "PREFIX": "SR", "ROUTE": "8930", "ISLAND": "Oahu", "DIRECTION": "-MP", "TYPE": "Sidewalk", "MATERIAL": "Concrete", "LENGTH": 291.0, "NHS": "YES", "Shape_Leng": 88.820829930599999 }, "geometry": { "type": "MultiLineString", "coordinates": [ [ [ -158.05949, 21.36585 ], [ -158.06011, 21.3664 ] ] ] } },
{ "type": "Feature", "properties": { "BMP": 0.08004, "EMP": 0.0647, "PREFIX": "SR", "ROUTE": "8930", "ISLAND": "Oahu", "DIRECTION": "-MP", "TYPE": "Sidewalk", "MATERIAL": "Concrete", "LENGTH": 83.0, "NHS": "YES", "Shape_Leng": 25.157246947099999 }, "geometry": { "type": "MultiLineString", "coordinates": [ [ [ -158.05922, 21.36564 ], [ -158.05941, 21.36578 ] ] ] } },
{ "type": "Feature", "properties": { "BMP": 3.25726, "EMP": 3.3235, "PREFIX": "SR", "ROUTE": "72", "ISLAND": "Oahu", "DIRECTION": "+MP", "TYPE": "Sidewalk", "MATERIAL": "Concrete", "LENGTH": 351.0, "NHS": "YES", "Shape_Leng": 106.98019696199999 }, "geometry": { "type": "MultiLineString", "coordinates": [ [ [ -157.72264, 21.348 ], [ -157.72162, 21.34786 ] ] ] } },
{ "type": "Feature", "properties": { "BMP": 3.3236, "EMP": 3.33569, "PREFIX": "SR", "ROUTE": "72", "ISLAND": "Oahu", "DIRECTION": "+MP", "TYPE": "Sidewalk", "MATERIAL": "Asphalt", "LENGTH": 65.0, "NHS": "YES", "Shape_Leng": 19.878632676599999 }, "geometry": { "type": "MultiLineString", "coordinates": [ [ [ -157.72162, 21.34786 ], [ -157.72144, 21.3478 ] ] ] } },
{ "type": "Feature", "properties": { "BMP": 3.87969, "EMP": 3.88432, "PREFIX": "SR", "ROUTE": "72", "ISLAND": "Oahu", "DIRECTION": "+MP", "TYPE": "Sidewalk", "MATERIAL": "Concrete", "LENGTH": 28.0, "NHS": "YES", "Shape_Leng": 8.5366006185900005 }, "geometry": { "type": "MultiLineString", "coordinates": [ [ [ -157.71311, 21.34655 ], [ -157.71303, 21.34658 ] ] ] } },
{ "type": "Feature", "properties": { "BMP": 3.88465, "EMP": 4.02927, "PREFIX": "SR", "ROUTE": "72", "ISLAND": "Oahu", "DIRECTION": "+MP", "TYPE": "Sidewalk", "MATERIAL": "Asphalt", "LENGTH": 755.0, "NHS": "YES", "Shape_Leng": 230.22914145199999 }, "geometry": { "type": "MultiLineString", "coordinates": [ [ [ -157.71303, 21.34658 ], [ -157.711, 21.34584 ] ] ] } },
{ "type": "Feature", "properties": { "BMP": 4.14333, "EMP": 4.26442, "PREFIX": "SR", "ROUTE": "72", "ISLAND": "Oahu", "DIRECTION": "+MP", "TYPE": "Sidewalk", "MATERIAL": "Asphalt", "LENGTH": 639.0, "NHS": "YES", "Shape_Leng": 194.66783701599999 }, "geometry": { "type": "MultiLineString", "coordinates": [ [ [ -157.70966, 21.34475 ], [ -157.70823, 21.34361 ] ] ] } },
{ "type": "Feature", "properties": { "BMP": 7.01405, "EMP": 7.025, "PREFIX": "SR", "ROUTE": "83", "ISLAND": "Oahu", "DIRECTION": "+MP", "TYPE": "Sidewalk", "MATERIAL": "Concrete", "LENGTH": 58.0, "NHS": "YES", "Shape_Leng": 17.8210790796 }, "geometry": { "type": "MultiLineString", "coordinates": [ [ [ -158.05806, 21.65711 ], [ -158.05799, 21.65726 ] ] ] } },
{ "type": "Feature", "properties": { "BMP": 9.29655, "EMP": 9.30133, "PREFIX": "SR", "ROUTE": "83", "ISLAND": "Oahu", "DIRECTION": "+MP", "TYPE": "Sidewalk", "MATERIAL": "Concrete", "LENGTH": 31.0, "NHS": "YES", "Shape_Leng": 9.5396713096900001 }, "geometry": { "type": "MultiLineString", "coordinates": [ [ [ -158.03303, 21.68052 ], [ -158.03294, 21.68053 ] ] ] } },
{ "type": "Feature", "properties": { "BMP": 9.31006, "EMP": 9.31474, "PREFIX": "SR", "ROUTE": "83", "ISLAND": "Oahu", "DIRECTION": "+MP", "TYPE": "Sidewalk", "MATERIAL": "Concrete", "LENGTH": 29.0, "NHS": "YES", "Shape_Leng": 8.7220234871799995 }, "geometry": { "type": "MultiLineString", "coordinates": [ [ [ -158.03285, 21.68062 ], [ -158.03281, 21.68069 ] ] ] } },
{ "type": "Feature", "properties": { "BMP": 17.55462, "EMP": 17.59964, "PREFIX": "SR", "ROUTE": "83", "ISLAND": "Oahu", "DIRECTION": "+MP", "TYPE": "Sidewalk", "MATERIAL": "Asphalt", "LENGTH": 252.0, "NHS": "YES", "Shape_Leng": 76.819994635100002 }, "geometry": { "type": "MultiLineString", "coordinates": [ [ [ -157.93061, 21.65555 ], [ -157.93054, 21.65488 ] ] ] } },
{ "type": "Feature", "properties": { "BMP": 17.64818, "EMP": 17.66169, "PREFIX": "SR", "ROUTE": "83", "ISLAND": "Oahu", "DIRECTION": "+MP", "TYPE": "Sidewalk", "MATERIAL": "Asphalt", "LENGTH": 71.0, "NHS": "YES", "Shape_Leng": 21.7687381858 }, "geometry": { "type": "MultiLineString", "coordinates": [ [ [ -157.93011, 21.65427 ], [ -157.92999, 21.6541 ] ] ] } },
{ "type": "Feature", "properties": { "BMP": 17.66225, "EMP": 17.73042, "PREFIX": "SR", "ROUTE": "83", "ISLAND": "Oahu", "DIRECTION": "+MP", "TYPE": "Sidewalk", "MATERIAL": "Concrete", "LENGTH": 360.0, "NHS": "YES", "Shape_Leng": 109.73335989900001 }, "geometry": { "type": "MultiLineString", "coordinates": [ [ [ -157.92999, 21.6541 ], [ -157.92944, 21.65325 ] ] ] } },
{ "type": "Feature", "properties": { "BMP": 18.21483, "EMP": 18.22003, "PREFIX": "SR", "ROUTE": "83", "ISLAND": "Oahu", "DIRECTION": "+MP", "TYPE": "Sidewalk", "MATERIAL": "Concrete", "LENGTH": 33.0, "NHS": "YES", "Shape_Leng": 9.9218230350900001 }, "geometry": { "type": "MultiLineString", "coordinates": [ [ [ -157.92362, 21.64909 ], [ -157.92359, 21.64902 ] ] ] } },
{ "type": "Feature", "properties": { "BMP": 18.23653, "EMP": 18.24736, "PREFIX": "SR", "ROUTE": "83", "ISLAND": "Oahu", "DIRECTION": "+MP", "TYPE": "Sidewalk", "MATERIAL": "Concrete", "LENGTH": 62.0, "NHS": "YES", "Shape_Leng": 18.8714713884 }, "geometry": { "type": "MultiLineString", "coordinates": [ [ [ -157.92347, 21.6488 ], [ -157.92335, 21.64869 ] ] ] } },
{ "type": "Feature", "properties": { "BMP": 18.42046, "EMP": 18.42483, "PREFIX": "SR", "ROUTE": "83", "ISLAND": "Oahu", "DIRECTION": "+MP", "TYPE": "Sidewalk", "MATERIAL": "Concrete", "LENGTH": 23.0, "NHS": "YES", "Shape_Leng": 7.0318400180199996 }, "geometry": { "type": "MultiLineString", "coordinates": [ [ [ -157.92139, 21.64701 ], [ -157.92133, 21.64698 ] ] ] } },
{ "type": "Feature", "properties": { "BMP": 18.70589, "EMP": 18.76143, "PREFIX": "SR", "ROUTE": "83", "ISLAND": "Oahu", "DIRECTION": "+MP", "TYPE": "Sidewalk", "MATERIAL": "Asphalt", "LENGTH": 309.0, "NHS": "YES", "Shape_Leng": 94.253172316100006 }, "geometry": { "type": "MultiLineString", "coordinates": [ [ [ -157.92002, 21.64368 ], [ -157.91989, 21.64287 ] ] ] } },
{ "type": "Feature", "properties": { "BMP": 18.67375, "EMP": 18.69198, "PREFIX": "SR", "ROUTE": "83", "ISLAND": "Oahu", "DIRECTION": "+MP", "TYPE": "Sidewalk", "MATERIAL": "Concrete", "LENGTH": 98.0, "NHS": "YES", "Shape_Leng": 29.925115171400002 }, "geometry": { "type": "MultiLineString", "coordinates": [ [ [ -157.92, 21.64416 ], [ -157.92001, 21.64389 ] ] ] } },
{ "type": "Feature", "properties": { "BMP": 18.77759, "EMP": 18.90172, "PREFIX": "SR", "ROUTE": "83", "ISLAND": "Oahu", "DIRECTION": "+MP", "TYPE": "Sidewalk", "MATERIAL": "Asphalt", "LENGTH": 663.0, "NHS": "YES", "Shape_Leng": 202.14960536199999 }, "geometry": { "type": "MultiLineString", "coordinates": [ [ [ -157.91981, 21.64264 ], [ -157.91922, 21.64093 ] ] ] } },
{ "type": "Feature", "properties": { "BMP": 18.91359, "EMP": 19.05029, "PREFIX": "SR", "ROUTE": "83", "ISLAND": "Oahu", "DIRECTION": "+MP", "TYPE": "Sidewalk", "MATERIAL": "Asphalt", "LENGTH": 703.0, "NHS": "YES", "Shape_Leng": 214.22883380299999 }, "geometry": { "type": "MultiLineString", "coordinates": [ [ [ -157.91916, 21.64078 ], [ -157.91938, 21.63893 ] ] ] } },
{ "type": "Feature", "properties": { "BMP": 19.05991, "EMP": 19.17542, "PREFIX": "SR", "ROUTE": "83", "ISLAND": "Oahu", "DIRECTION": "+MP", "TYPE": "Sidewalk", "MATERIAL": "Asphalt", "LENGTH": 638.0, "NHS": "YES", "Shape_Leng": 194.47621171500001 }, "geometry": { "type": "MultiLineString", "coordinates": [ [ [ -157.91943, 21.6388 ], [ -157.92008, 21.63718 ] ] ] } },
{ "type": "Feature", "properties": { "BMP": 37.82361, "EMP": 38.07805, "PREFIX": "SR", "ROUTE": "83", "ISLAND": "Oahu", "DIRECTION": "+MP", "TYPE": "Sidewalk", "MATERIAL": "Asphalt", "LENGTH": 1366.0, "NHS": "YES", "Shape_Leng": 416.22912192799998 }, "geometry": { "type": "MultiLineString", "coordinates": [ [ [ -157.82964, 21.43715 ], [ -157.82641, 21.43498 ] ] ] } },
{ "type": "Feature", "properties": { "BMP": 38.09597, "EMP": 38.15942, "PREFIX": "SR", "ROUTE": "83", "ISLAND": "Oahu", "DIRECTION": "+MP", "TYPE": "Sidewalk", "MATERIAL": "Asphalt", "LENGTH": 341.0, "NHS": "YES", "Shape_Leng": 103.818765367 }, "geometry": { "type": "MultiLineString", "coordinates": [ [ [ -157.82616, 21.43486 ], [ -157.82528, 21.43445 ] ] ] } },
{ "type": "Feature", "properties": { "BMP": 39.57462, "EMP": 39.58157, "PREFIX": "SR", "ROUTE": "83", "ISLAND": "Oahu", "DIRECTION": "+MP", "TYPE": "Sidewalk", "MATERIAL": "Asphalt", "LENGTH": 40.0, "NHS": "YES", "Shape_Leng": 12.066956579899999 }, "geometry": { "type": "MultiLineString", "coordinates": [ [ [ -157.81376, 21.41707 ], [ -157.81369, 21.41699 ] ] ] } },
{ "type": "Feature", "properties": { "BMP": 39.5996, "EMP": 39.91426, "PREFIX": "SR", "ROUTE": "83", "ISLAND": "Oahu", "DIRECTION": "+MP", "TYPE": "Sidewalk", "MATERIAL": "Concrete", "LENGTH": 1672.0, "NHS": "YES", "Shape_Leng": 509.54062918699998 }, "geometry": { "type": "MultiLineString", "coordinates": [ [ [ -157.81357, 21.41674 ], [ -157.8105, 21.41317 ] ] ] } },
{ "type": "Feature", "properties": { "BMP": 39.92869, "EMP": 40.12828, "PREFIX": "SR", "ROUTE": "83", "ISLAND": "Oahu", "DIRECTION": "+MP", "TYPE": "Sidewalk", "MATERIAL": "Concrete", "LENGTH": 1056.0, "NHS": "YES", "Shape_Leng": 321.92416634099999 }, "geometry": { "type": "MultiLineString", "coordinates": [ [ [ -157.81033, 21.41303 ], [ -157.80835, 21.41079 ] ] ] } },
{ "type": "Feature", "properties": { "BMP": 40.47044, "EMP": 40.49775, "PREFIX": "SR", "ROUTE": "83", "ISLAND": "Oahu", "DIRECTION": "+MP", "TYPE": "Sidewalk", "MATERIAL": "Concrete", "LENGTH": 149.0, "NHS": "YES", "Shape_Leng": 45.296890657699997 }, "geometry": { "type": "MultiLineString", "coordinates": [ [ [ -157.80732, 21.40612 ], [ -157.80726, 21.40572 ] ] ] } },
{ "type": "Feature", "properties": { "BMP": 41.35519, "EMP": 41.57297, "PREFIX": "SR", "ROUTE": "83", "ISLAND": "Oahu", "DIRECTION": "+MP", "TYPE": "Sidewalk", "MATERIAL": "Concrete", "LENGTH": 1158.0, "NHS": "YES", "Shape_Leng": 352.98609196199999 }, "geometry": { "type": "MultiLineString", "coordinates": [ [ [ -157.80314, 21.4035 ], [ -157.79985, 21.40278 ] ] ] } },
{ "type": "Feature", "properties": { "BMP": 41.77802, "EMP": 41.94988, "PREFIX": "SR", "ROUTE": "83", "ISLAND": "Oahu", "DIRECTION": "+MP", "TYPE": "Sidewalk", "MATERIAL": "Concrete", "LENGTH": 906.0, "NHS": "YES", "Shape_Leng": 275.96978688600001 }, "geometry": { "type": "MultiLineString", "coordinates": [ [ [ -157.79921, 21.40008 ], [ -157.79829, 21.39775 ] ] ] } },
{ "type": "Feature", "properties": { "BMP": 41.95908, "EMP": 41.97896, "PREFIX": "SR", "ROUTE": "83", "ISLAND": "Oahu", "DIRECTION": "+MP", "TYPE": "Sidewalk", "MATERIAL": "Concrete", "LENGTH": 107.0, "NHS": "YES", "Shape_Leng": 32.390985642499999 }, "geometry": { "type": "MultiLineString", "coordinates": [ [ [ -157.79825, 21.39762 ], [ -157.79814, 21.39735 ] ] ] } },
{ "type": "Feature", "properties": { "BMP": 41.98884, "EMP": 42.09089, "PREFIX": "SR", "ROUTE": "83", "ISLAND": "Oahu", "DIRECTION": "+MP", "TYPE": "Sidewalk", "MATERIAL": "Concrete", "LENGTH": 535.0, "NHS": "YES", "Shape_Leng": 162.867658917 }, "geometry": { "type": "MultiLineString", "coordinates": [ [ [ -157.79807, 21.39722 ], [ -157.79773, 21.39579 ] ] ] } },
{ "type": "Feature", "properties": { "BMP": 42.10147, "EMP": 42.12442, "PREFIX": "SR", "ROUTE": "83", "ISLAND": "Oahu", "DIRECTION": "+MP", "TYPE": "Sidewalk", "MATERIAL": "Concrete", "LENGTH": 126.0, "NHS": "YES", "Shape_Leng": 38.171509786800002 }, "geometry": { "type": "MultiLineString", "coordinates": [ [ [ -157.7977, 21.39564 ], [ -157.79765, 21.39531 ] ] ] } },
{ "type": "Feature", "properties": { "BMP": 42.13625, "EMP": 42.24147, "PREFIX": "SR", "ROUTE": "83", "ISLAND": "Oahu", "DIRECTION": "+MP", "TYPE": "Sidewalk", "MATERIAL": "Concrete", "LENGTH": 561.0, "NHS": "YES", "Shape_Leng": 170.78674777800001 }, "geometry": { "type": "MultiLineString", "coordinates": [ [ [ -157.7976, 21.39514 ], [ -157.79728, 21.39364 ] ] ] } },
{ "type": "Feature", "properties": { "BMP": 42.25381, "EMP": 42.33692, "PREFIX": "SR", "ROUTE": "83", "ISLAND": "Oahu", "DIRECTION": "+MP", "TYPE": "Sidewalk", "MATERIAL": "Concrete", "LENGTH": 449.0, "NHS": "YES", "Shape_Leng": 136.81630846900001 }, "geometry": { "type": "MultiLineString", "coordinates": [ [ [ -157.79723, 21.39346 ], [ -157.79666, 21.39236 ] ] ] } },
{ "type": "Feature", "properties": { "BMP": 42.35078, "EMP": 42.58704, "PREFIX": "SR", "ROUTE": "83", "ISLAND": "Oahu", "DIRECTION": "+MP", "TYPE": "Sidewalk", "MATERIAL": "Concrete", "LENGTH": 1249.0, "NHS": "YES", "Shape_Leng": 380.55057414599997 }, "geometry": { "type": "MultiLineString", "coordinates": [ [ [ -157.79655, 21.39218 ], [ -157.79475, 21.3892 ] ] ] } },
{ "type": "Feature", "properties": { "BMP": 42.59977, "EMP": 42.65277, "PREFIX": "SR", "ROUTE": "83", "ISLAND": "Oahu", "DIRECTION": "+MP", "TYPE": "Sidewalk", "MATERIAL": "Concrete", "LENGTH": 285.0, "NHS": "YES", "Shape_Leng": 86.929586007599994 }, "geometry": { "type": "MultiLineString", "coordinates": [ [ [ -157.79462, 21.38905 ], [ -157.7942, 21.38839 ] ] ] } },
{ "type": "Feature", "properties": { "BMP": 0.00076, "EMP": 0.13081, "PREFIX": "SR", "ROUTE": "8945", "ISLAND": "Oahu", "DIRECTION": "+MP", "TYPE": "Sidewalk", "MATERIAL": "Concrete", "LENGTH": 677.0, "NHS": "NO", "Shape_Leng": 206.28824739199999 }, "geometry": { "type": "MultiLineString", "coordinates": [ [ [ -158.0678, 21.32457 ], [ -158.06692, 21.32292 ] ] ] } },
{ "type": "Feature", "properties": { "BMP": 0.62374, "EMP": 0.65601, "PREFIX": "SR", "ROUTE": "8945", "ISLAND": "Oahu", "DIRECTION": "+MP", "TYPE": "Sidewalk", "MATERIAL": "Concrete", "LENGTH": 170.0, "NHS": "NO", "Shape_Leng": 51.888048242899998 }, "geometry": { "type": "MultiLineString", "coordinates": [ [ [ -158.06835, 21.3166 ], [ -158.06861, 21.3162 ] ] ] } },
{ "type": "Feature", "properties": { "BMP": 0.71843, "EMP": 0.7944, "PREFIX": "SR", "ROUTE": "8945", "ISLAND": "Oahu", "DIRECTION": "+MP", "TYPE": "Sidewalk", "MATERIAL": "Concrete", "LENGTH": 405.0, "NHS": "NO", "Shape_Leng": 123.53468567500001 }, "geometry": { "type": "MultiLineString", "coordinates": [ [ [ -158.06912, 21.31543 ], [ -158.06975, 21.31449 ] ] ] } },
{ "type": "Feature", "properties": { "BMP": 0.80366, "EMP": 0.81745, "PREFIX": "SR", "ROUTE": "8945", "ISLAND": "Oahu", "DIRECTION": "+MP", "TYPE": "Sidewalk", "MATERIAL": "Asphalt", "LENGTH": 73.0, "NHS": "NO", "Shape_Leng": 22.3087178014 }, "geometry": { "type": "MultiLineString", "coordinates": [ [ [ -158.06982, 21.31438 ], [ -158.06994, 21.31421 ] ] ] } },
{ "type": "Feature", "properties": { "BMP": 0.36946, "EMP": 0.19729, "PREFIX": "SR", "ROUTE": "7345", "ISLAND": "Oahu", "DIRECTION": "-MP", "TYPE": "Sidewalk", "MATERIAL": "Concrete", "LENGTH": 889.0, "NHS": "YES", "Shape_Leng": 270.11591222499999 }, "geometry": { "type": "MultiLineString", "coordinates": [ [ [ -157.89409, 21.35369 ], [ -157.89444, 21.35141 ] ] ] } },
{ "type": "Feature", "properties": { "BMP": 0.18601, "EMP": 0.17648, "PREFIX": "SR", "ROUTE": "7345", "ISLAND": "Oahu", "DIRECTION": "-MP", "TYPE": "Sidewalk", "MATERIAL": "Concrete", "LENGTH": 53.0, "NHS": "YES", "Shape_Leng": 16.040793468699999 }, "geometry": { "type": "MultiLineString", "coordinates": [ [ [ -157.8945, 21.35126 ], [ -157.89453, 21.35112 ] ] ] } },
{ "type": "Feature", "properties": { "BMP": 0.38181, "EMP": 0.38001, "PREFIX": "SR", "ROUTE": "7345", "ISLAND": "Oahu", "DIRECTION": "-MP", "TYPE": "Sidewalk", "MATERIAL": "Concrete", "LENGTH": 16.0, "NHS": "YES", "Shape_Leng": 4.9629707462599999 }, "geometry": { "type": "MultiLineString", "coordinates": [ [ [ -157.89417, 21.35385 ], [ -157.89418, 21.35381 ] ] ] } },
{ "type": "Feature", "properties": { "BMP": 15.56499, "EMP": 15.20997, "PREFIX": "SR", "ROUTE": "72", "ISLAND": "Oahu", "DIRECTION": "-MP", "TYPE": "Sidewalk", "MATERIAL": "Concrete", "LENGTH": 1893.0, "NHS": "YES", "Shape_Leng": 577.08011362699995 }, "geometry": { "type": "MultiLineString", "coordinates": [ [ [ -157.73595, 21.28147 ], [ -157.73058, 21.28261 ] ] ] } },
{ "type": "Feature", "properties": { "BMP": 14.27995, "EMP": 14.1118, "PREFIX": "SR", "ROUTE": "72", "ISLAND": "Oahu", "DIRECTION": "-MP", "TYPE": "Sidewalk", "MATERIAL": "Concrete", "LENGTH": 893.0, "NHS": "YES", "Shape_Leng": 272.24126310700001 }, "geometry": { "type": "MultiLineString", "coordinates": [ [ [ -157.71757, 21.28443 ], [ -157.71545, 21.28301 ] ] ] } },
{ "type": "Feature", "properties": { "BMP": 14.09756, "EMP": 14.01988, "PREFIX": "SR", "ROUTE": "72", "ISLAND": "Oahu", "DIRECTION": "-MP", "TYPE": "Sidewalk", "MATERIAL": "Concrete", "LENGTH": 418.0, "NHS": "YES", "Shape_Leng": 127.294466578 }, "geometry": { "type": "MultiLineString", "coordinates": [ [ [ -157.71526, 21.28289 ], [ -157.71415, 21.28242 ] ] ] } },
{ "type": "Feature", "properties": { "BMP": 12.88154, "EMP": 12.86539, "PREFIX": "SR", "ROUTE": "72", "ISLAND": "Oahu", "DIRECTION": "-MP", "TYPE": "Sidewalk", "MATERIAL": "Concrete", "LENGTH": 87.0, "NHS": "YES", "Shape_Leng": 26.358403406699999 }, "geometry": { "type": "MultiLineString", "coordinates": [ [ [ -157.69911, 21.27474 ], [ -157.69886, 21.27476 ] ] ] } },
{ "type": "Feature", "properties": { "BMP": 15.20305, "EMP": 14.80423, "PREFIX": "SR", "ROUTE": "72", "ISLAND": "Oahu", "DIRECTION": "-MP", "TYPE": "Sidewalk", "MATERIAL": "Concrete", "LENGTH": 2103.0, "NHS": "YES", "Shape_Leng": 641.02194279299999 }, "geometry": { "type": "MultiLineString", "coordinates": [ [ [ -157.7305, 21.28269 ], [ -157.72505, 21.28533 ] ] ] } },
{ "type": "Feature", "properties": { "BMP": 14.66883, "EMP": 14.55861, "PREFIX": "SR", "ROUTE": "72", "ISLAND": "Oahu", "DIRECTION": "-MP", "TYPE": "Sidewalk", "MATERIAL": "Concrete", "LENGTH": 571.0, "NHS": "YES", "Shape_Leng": 174.19350688399999 }, "geometry": { "type": "MultiLineString", "coordinates": [ [ [ -157.72302, 21.28584 ], [ -157.72137, 21.28606 ] ] ] } },
{ "type": "Feature", "properties": { "BMP": 14.54759, "EMP": 14.29104, "PREFIX": "SR", "ROUTE": "72", "ISLAND": "Oahu", "DIRECTION": "-MP", "TYPE": "Sidewalk", "MATERIAL": "Concrete", "LENGTH": 1338.0, "NHS": "YES", "Shape_Leng": 407.83014181099998 }, "geometry": { "type": "MultiLineString", "coordinates": [ [ [ -157.7212, 21.28603 ], [ -157.71771, 21.28452 ] ] ] } },
{ "type": "Feature", "properties": { "BMP": 1.70871, "EMP": 1.70289, "PREFIX": "SR", "ROUTE": "93", "ISLAND": "Oahu", "DIRECTION": "-MP", "TYPE": "Sidewalk", "MATERIAL": "Concrete", "LENGTH": 33.0, "NHS": "YES", "Shape_Leng": 10.190481499700001 }, "geometry": { "type": "MultiLineString", "coordinates": [ [ [ -158.11322, 21.34374 ], [ -158.11312, 21.34375 ] ] ] } },
{ "type": "Feature", "properties": { "BMP": 1.2615, "EMP": 1.2466, "PREFIX": "SR", "ROUTE": "93", "ISLAND": "Oahu", "DIRECTION": "-MP", "TYPE": "Sidewalk", "MATERIAL": "Concrete", "LENGTH": 82.0, "NHS": "YES", "Shape_Leng": 25.127924524299999 }, "geometry": { "type": "MultiLineString", "coordinates": [ [ [ -158.10681, 21.34152 ], [ -158.10658, 21.34153 ] ] ] } },
{ "type": "Feature", "properties": { "BMP": 1.76014, "EMP": 1.72174, "PREFIX": "SR", "ROUTE": "93", "ISLAND": "Oahu", "DIRECTION": "-MP", "TYPE": "Sidewalk", "MATERIAL": "Concrete", "LENGTH": 199.0, "NHS": "YES", "Shape_Leng": 60.701535506200003 }, "geometry": { "type": "MultiLineString", "coordinates": [ [ [ -158.11398, 21.34388 ], [ -158.11341, 21.34379 ] ] ] } },
{ "type": "Feature", "properties": { "BMP": 1.22577, "EMP": 1.21388, "PREFIX": "SR", "ROUTE": "901", "ISLAND": "Oahu", "DIRECTION": "-MP", "TYPE": "Sidewalk", "MATERIAL": "Concrete", "LENGTH": 71.0, "NHS": "YES", "Shape_Leng": 21.483890048500001 }, "geometry": { "type": "MultiLineString", "coordinates": [ [ [ -158.07602, 21.3398 ], [ -158.07585, 21.33971 ] ] ] } },
{ "type": "Feature", "properties": { "BMP": 1.35131, "EMP": 1.25071, "PREFIX": "SR", "ROUTE": "901", "ISLAND": "Oahu", "DIRECTION": "-MP", "TYPE": "Sidewalk", "MATERIAL": "Concrete", "LENGTH": 542.0, "NHS": "YES", "Shape_Leng": 165.10646770299999 }, "geometry": { "type": "MultiLineString", "coordinates": [ [ [ -158.07715, 21.34129 ], [ -158.07624, 21.3401 ] ] ] } },
{ "type": "Feature", "properties": { "BMP": 0.70837, "EMP": 0.70227, "PREFIX": "SR", "ROUTE": "901", "ISLAND": "Oahu", "DIRECTION": "-MP", "TYPE": "Sidewalk", "MATERIAL": "Concrete", "LENGTH": 41.0, "NHS": "YES", "Shape_Leng": 12.412088113299999 }, "geometry": { "type": "MultiLineString", "coordinates": [ [ [ -158.07317, 21.33354 ], [ -158.07313, 21.33344 ] ] ] } },
{ "type": "Feature", "properties": { "BMP": 0.73532, "EMP": 0.72928, "PREFIX": "SR", "ROUTE": "901", "ISLAND": "Oahu", "DIRECTION": "-MP", "TYPE": "Sidewalk", "MATERIAL": "Concrete", "LENGTH": 36.0, "NHS": "YES", "Shape_Leng": 11.071571994399999 }, "geometry": { "type": "MultiLineString", "coordinates": [ [ [ -158.07308, 21.33392 ], [ -158.07314, 21.33384 ] ] ] } },
{ "type": "Feature", "properties": { "BMP": 1.77536, "EMP": 1.74701, "PREFIX": "SR", "ROUTE": "7801", "ISLAND": "Oahu", "DIRECTION": "-MP", "TYPE": "Sidewalk", "MATERIAL": "Concrete", "LENGTH": 147.0, "NHS": "YES", "Shape_Leng": 44.873484632699999 }, "geometry": { "type": "MultiLineString", "coordinates": [ [ [ -157.78848, 21.27892 ], [ -157.78891, 21.27899 ] ] ] } },
{ "type": "Feature", "properties": { "BMP": 1.8122, "EMP": 1.77889, "PREFIX": "SR", "ROUTE": "7801", "ISLAND": "Oahu", "DIRECTION": "-MP", "TYPE": "Sidewalk", "MATERIAL": "Concrete", "LENGTH": 176.0, "NHS": "YES", "Shape_Leng": 53.500412659299997 }, "geometry": { "type": "MultiLineString", "coordinates": [ [ [ -157.78792, 21.27885 ], [ -157.78843, 21.27891 ] ] ] } },
{ "type": "Feature", "properties": { "BMP": 1.56005, "EMP": 1.45819, "PREFIX": "SR", "ROUTE": "7801", "ISLAND": "Oahu", "DIRECTION": "-MP", "TYPE": "Sidewalk", "MATERIAL": "Concrete", "LENGTH": 530.0, "NHS": "YES", "Shape_Leng": 161.48097749600001 }, "geometry": { "type": "MultiLineString", "coordinates": [ [ [ -157.79172, 21.27941 ], [ -157.79316, 21.27979 ] ] ] } },
{ "type": "Feature", "properties": { "BMP": 2.01624, "EMP": 1.82468, "PREFIX": "SR", "ROUTE": "7801", "ISLAND": "Oahu", "DIRECTION": "-MP", "TYPE": "Sidewalk", "MATERIAL": "Concrete", "LENGTH": 1014.0, "NHS": "YES", "Shape_Leng": 309.04769730200002 }, "geometry": { "type": "MultiLineString", "coordinates": [ [ [ -157.78476, 21.27857 ], [ -157.78772, 21.27885 ] ] ] } },
{ "type": "Feature", "properties": { "BMP": 1.73386, "EMP": 1.67762, "PREFIX": "SR", "ROUTE": "7801", "ISLAND": "Oahu", "DIRECTION": "-MP", "TYPE": "Sidewalk", "MATERIAL": "Asphalt", "LENGTH": 290.0, "NHS": "YES", "Shape_Leng": 88.214265875099997 }, "geometry": { "type": "MultiLineString", "coordinates": [ [ [ -157.7891, 21.27904 ], [ -157.78987, 21.27936 ] ] ] } },
{ "type": "Feature", "properties": { "BMP": 1.61513, "EMP": 1.57121, "PREFIX": "SR", "ROUTE": "7801", "ISLAND": "Oahu", "DIRECTION": "-MP", "TYPE": "Sidewalk", "MATERIAL": "Concrete", "LENGTH": 239.0, "NHS": "YES", "Shape_Leng": 72.881086771200003 }, "geometry": { "type": "MultiLineString", "coordinates": [ [ [ -157.79087, 21.27944 ], [ -157.79156, 21.27943 ] ] ] } },
{ "type": "Feature", "properties": { "BMP": 1.56746, "EMP": 1.56443, "PREFIX": "SR", "ROUTE": "7801", "ISLAND": "Oahu", "DIRECTION": "-MP", "TYPE": "Sidewalk", "MATERIAL": "Concrete", "LENGTH": 16.0, "NHS": "YES", "Shape_Leng": 4.7990213168100002 }, "geometry": { "type": "MultiLineString", "coordinates": [ [ [ -157.79161, 21.27939 ], [ -157.79166, 21.27939 ] ] ] } },
{ "type": "Feature", "properties": { "BMP": 1.45141, "EMP": 1.422, "PREFIX": "SR", "ROUTE": "7801", "ISLAND": "Oahu", "DIRECTION": "-MP", "TYPE": "Sidewalk", "MATERIAL": "Concrete", "LENGTH": 147.0, "NHS": "YES", "Shape_Leng": 44.879438675000003 }, "geometry": { "type": "MultiLineString", "coordinates": [ [ [ -157.79325, 21.27983 ], [ -157.79363, 21.28004 ] ] ] } },
{ "type": "Feature", "properties": { "BMP": 1.74174, "EMP": 1.7398, "PREFIX": "SR", "ROUTE": "7801", "ISLAND": "Oahu", "DIRECTION": "-MP", "TYPE": "Sidewalk", "MATERIAL": "Concrete", "LENGTH": 10.0, "NHS": "YES", "Shape_Leng": 3.1137438888600002 }, "geometry": { "type": "MultiLineString", "coordinates": [ [ [ -157.78898, 21.27901 ], [ -157.78901, 21.27902 ] ] ] } },
{ "type": "Feature", "properties": { "BMP": 1.74004, "EMP": 1.74004, "PREFIX": "SR", "ROUTE": "7801", "ISLAND": "Oahu", "DIRECTION": "-MP", "TYPE": "Sidewalk", "MATERIAL": "Concrete", "LENGTH": 25.0, "NHS": "YES", "Shape_Leng": 7.7050560095899998 }, "geometry": { "type": "MultiLineString", "coordinates": [ [ [ -157.78901, 21.27901 ], [ -157.78902, 21.27895 ] ] ] } },
{ "type": "Feature", "properties": { "BMP": 2.0245, "EMP": 2.02437, "PREFIX": "SR", "ROUTE": "7801", "ISLAND": "Oahu", "DIRECTION": "-MP", "TYPE": "Sidewalk", "MATERIAL": "Concrete", "LENGTH": 7.0, "NHS": "YES", "Shape_Leng": 2.24536263786 }, "geometry": { "type": "MultiLineString", "coordinates": [ [ [ -157.78465, 21.27851 ], [ -157.78464, 21.27849 ] ] ] } },
{ "type": "Feature", "properties": { "BMP": 2.32235, "EMP": 2.27048, "PREFIX": "SR", "ROUTE": "7101", "ISLAND": "Oahu", "DIRECTION": "-MP", "TYPE": "Sidewalk", "MATERIAL": "Concrete", "LENGTH": 276.0, "NHS": "YES", "Shape_Leng": 84.238328977199998 }, "geometry": { "type": "MultiLineString", "coordinates": [ [ [ -157.99443, 21.38979 ], [ -157.99506, 21.38931 ] ] ] } },
{ "type": "Feature", "properties": { "BMP": 2.26776, "EMP": 2.26662, "PREFIX": "SR", "ROUTE": "7101", "ISLAND": "Oahu", "DIRECTION": "-MP", "TYPE": "Sidewalk", "MATERIAL": "Concrete", "LENGTH": 6.0, "NHS": "YES", "Shape_Leng": 1.91464663298 }, "geometry": { "type": "MultiLineString", "coordinates": [ [ [ -157.99506, 21.38926 ], [ -157.99507, 21.38925 ] ] ] } },
{ "type": "Feature", "properties": { "BMP": 2.25782, "EMP": 2.25682, "PREFIX": "SR", "ROUTE": "7101", "ISLAND": "Oahu", "DIRECTION": "-MP", "TYPE": "Sidewalk", "MATERIAL": "Concrete", "LENGTH": 10.0, "NHS": "YES", "Shape_Leng": 2.9723626952400002 }, "geometry": { "type": "MultiLineString", "coordinates": [ [ [ -157.99517, 21.38915 ], [ -157.99516, 21.38913 ] ] ] } },
{ "type": "Feature", "properties": { "BMP": 2.25351, "EMP": 2.10803, "PREFIX": "SR", "ROUTE": "7101", "ISLAND": "Oahu", "DIRECTION": "-MP", "TYPE": "Sidewalk", "MATERIAL": "Concrete", "LENGTH": 772.0, "NHS": "YES", "Shape_Leng": 235.15176387 }, "geometry": { "type": "MultiLineString", "coordinates": [ [ [ -157.99525, 21.38914 ], [ -157.99689, 21.3877 ] ] ] } },
{ "type": "Feature", "properties": { "BMP": 1.99859, "EMP": 1.90807, "PREFIX": "SR", "ROUTE": "7101", "ISLAND": "Oahu", "DIRECTION": "-MP", "TYPE": "Sidewalk", "MATERIAL": "Concrete", "LENGTH": 480.0, "NHS": "YES", "Shape_Leng": 146.34970320900001 }, "geometry": { "type": "MultiLineString", "coordinates": [ [ [ -157.99819, 21.38667 ], [ -157.99924, 21.38581 ] ] ] } },
{ "type": "Feature", "properties": { "BMP": 2.09379, "EMP": 2.01115, "PREFIX": "SR", "ROUTE": "7101", "ISLAND": "Oahu", "DIRECTION": "-MP", "TYPE": "Sidewalk", "MATERIAL": "Concrete", "LENGTH": 443.0, "NHS": "YES", "Shape_Leng": 135.058386235 }, "geometry": { "type": "MultiLineString", "coordinates": [ [ [ -157.99706, 21.38757 ], [ -157.99805, 21.3868 ] ] ] } },
{ "type": "Feature", "properties": { "BMP": 1.8954, "EMP": 1.78287, "PREFIX": "SR", "ROUTE": "7101", "ISLAND": "Oahu", "DIRECTION": "-MP", "TYPE": "Sidewalk", "MATERIAL": "Concrete", "LENGTH": 591.0, "NHS": "YES", "Shape_Leng": 180.265094038 }, "geometry": { "type": "MultiLineString", "coordinates": [ [ [ -157.99941, 21.38571 ], [ -158.0009, 21.38492 ] ] ] } },
{ "type": "Feature", "properties": { "BMP": 1.77182, "EMP": 1.65389, "PREFIX": "SR", "ROUTE": "7101", "ISLAND": "Oahu", "DIRECTION": "-MP", "TYPE": "Sidewalk", "MATERIAL": "Concrete", "LENGTH": 618.0, "NHS": "YES", "Shape_Leng": 188.287809856 }, "geometry": { "type": "MultiLineString", "coordinates": [ [ [ -158.00106, 21.38485 ], [ -158.00281, 21.38441 ] ] ] } },
{ "type": "Feature", "properties": { "BMP": 1.64016, "EMP": 1.57449, "PREFIX": "SR", "ROUTE": "7101", "ISLAND": "Oahu", "DIRECTION": "-MP", "TYPE": "Sidewalk", "MATERIAL": "Concrete", "LENGTH": 347.0, "NHS": "YES", "Shape_Leng": 105.776481062 }, "geometry": { "type": "MultiLineString", "coordinates": [ [ [ -158.00302, 21.38437 ], [ -158.00402, 21.38419 ] ] ] } },
{ "type": "Feature", "properties": { "BMP": 1.50181, "EMP": 1.47006, "PREFIX": "SR", "ROUTE": "7101", "ISLAND": "Oahu", "DIRECTION": "-MP", "TYPE": "Sidewalk", "MATERIAL": "Concrete", "LENGTH": 168.0, "NHS": "YES", "Shape_Leng": 51.146085914799997 }, "geometry": { "type": "MultiLineString", "coordinates": [ [ [ -158.00513, 21.38399 ], [ -158.00561, 21.3839 ] ] ] } },
{ "type": "Feature", "properties": { "BMP": 1.56804, "EMP": 1.54805, "PREFIX": "SR", "ROUTE": "7101", "ISLAND": "Oahu", "DIRECTION": "-MP", "TYPE": "Sidewalk", "MATERIAL": "Concrete", "LENGTH": 105.0, "NHS": "YES", "Shape_Leng": 32.140267914399999 }, "geometry": { "type": "MultiLineString", "coordinates": [ [ [ -158.00412, 21.38417 ], [ -158.00442, 21.38413 ] ] ] } },
{ "type": "Feature", "properties": { "BMP": 1.54344, "EMP": 1.50829, "PREFIX": "SR", "ROUTE": "7101", "ISLAND": "Oahu", "DIRECTION": "-MP", "TYPE": "Sidewalk", "MATERIAL": "Concrete", "LENGTH": 186.0, "NHS": "YES", "Shape_Leng": 56.717398844199998 }, "geometry": { "type": "MultiLineString", "coordinates": [ [ [ -158.00449, 21.38411 ], [ -158.00503, 21.38401 ] ] ] } },
{ "type": "Feature", "properties": { "BMP": 1.36769, "EMP": 1.3469, "PREFIX": "SR", "ROUTE": "7101", "ISLAND": "Oahu", "DIRECTION": "-MP", "TYPE": "Sidewalk", "MATERIAL": "Concrete", "LENGTH": 110.0, "NHS": "YES", "Shape_Leng": 33.433548647000002 }, "geometry": { "type": "MultiLineString", "coordinates": [ [ [ -158.00717, 21.38362 ], [ -158.00749, 21.38356 ] ] ] } },
{ "type": "Feature", "properties": { "BMP": 1.40699, "EMP": 1.37314, "PREFIX": "SR", "ROUTE": "7101", "ISLAND": "Oahu", "DIRECTION": "-MP", "TYPE": "Sidewalk", "MATERIAL": "Concrete", "LENGTH": 183.0, "NHS": "YES", "Shape_Leng": 55.626742938600003 }, "geometry": { "type": "MultiLineString", "coordinates": [ [ [ -158.00658, 21.38376 ], [ -158.00709, 21.38364 ] ] ] } },
{ "type": "Feature", "properties": { "BMP": 1.46389, "EMP": 1.41964, "PREFIX": "SR", "ROUTE": "7101", "ISLAND": "Oahu", "DIRECTION": "-MP", "TYPE": "Sidewalk", "MATERIAL": "Concrete", "LENGTH": 239.0, "NHS": "YES", "Shape_Leng": 72.888301131700004 }, "geometry": { "type": "MultiLineString", "coordinates": [ [ [ -158.00571, 21.38388 ], [ -158.00639, 21.3838 ] ] ] } },
{ "type": "Feature", "properties": { "BMP": 1.32293, "EMP": 1.29915, "PREFIX": "SR", "ROUTE": "7101", "ISLAND": "Oahu", "DIRECTION": "-MP", "TYPE": "Sidewalk", "MATERIAL": "Concrete", "LENGTH": 124.0, "NHS": "YES", "Shape_Leng": 37.912929043600002 }, "geometry": { "type": "MultiLineString", "coordinates": [ [ [ -158.00785, 21.38348 ], [ -158.00821, 21.38341 ] ] ] } },
{ "type": "Feature", "properties": { "BMP": 1.33858, "EMP": 1.32785, "PREFIX": "SR", "ROUTE": "7101", "ISLAND": "Oahu", "DIRECTION": "-MP", "TYPE": "Sidewalk", "MATERIAL": "Concrete", "LENGTH": 57.0, "NHS": "YES", "Shape_Leng": 17.237322754099999 }, "geometry": { "type": "MultiLineString", "coordinates": [ [ [ -158.00762, 21.38354 ], [ -158.00778, 21.3835 ] ] ] } },
{ "type": "Feature", "properties": { "BMP": 1.20987, "EMP": 1.16877, "PREFIX": "SR", "ROUTE": "7101", "ISLAND": "Oahu", "DIRECTION": "-MP", "TYPE": "Sidewalk", "MATERIAL": "Concrete", "LENGTH": 219.0, "NHS": "YES", "Shape_Leng": 66.675214811800004 }, "geometry": { "type": "MultiLineString", "coordinates": [ [ [ -158.00957, 21.38323 ], [ -158.01021, 21.38311 ] ] ] } },
{ "type": "Feature", "properties": { "BMP": 1.29235, "EMP": 1.21778, "PREFIX": "SR", "ROUTE": "7101", "ISLAND": "Oahu", "DIRECTION": "-MP", "TYPE": "Sidewalk", "MATERIAL": "Concrete", "LENGTH": 392.0, "NHS": "YES", "Shape_Leng": 119.493519339 }, "geometry": { "type": "MultiLineString", "coordinates": [ [ [ -158.00831, 21.3834 ], [ -158.00945, 21.38324 ] ] ] } },
{ "type": "Feature", "properties": { "BMP": 1.16005, "EMP": 0.96742, "PREFIX": "SR", "ROUTE": "7101", "ISLAND": "Oahu", "DIRECTION": "-MP", "TYPE": "Sidewalk", "MATERIAL": "Concrete", "LENGTH": 1023.0, "NHS": "YES", "Shape_Leng": 311.79382854900001 }, "geometry": { "type": "MultiLineString", "coordinates": [ [ [ -158.01034, 21.38309 ], [ -158.01327, 21.38253 ] ] ] } },
{ "type": "Feature", "properties": { "BMP": 0.96624, "EMP": 0.94947, "PREFIX": "SR", "ROUTE": "7101", "ISLAND": "Oahu", "DIRECTION": "-MP", "TYPE": "Sidewalk", "MATERIAL": "Concrete", "LENGTH": 92.0, "NHS": "YES", "Shape_Leng": 28.045851562300001 }, "geometry": { "type": "MultiLineString", "coordinates": [ [ [ -158.01328, 21.38247 ], [ -158.01352, 21.38238 ] ] ] } },
{ "type": "Feature", "properties": { "BMP": 0.82142, "EMP": 0.68446, "PREFIX": "SR", "ROUTE": "7101", "ISLAND": "Oahu", "DIRECTION": "-MP", "TYPE": "Sidewalk", "MATERIAL": "Concrete", "LENGTH": 729.0, "NHS": "YES", "Shape_Leng": 222.20267285599999 }, "geometry": { "type": "MultiLineString", "coordinates": [ [ [ -158.01542, 21.3818 ], [ -158.01739, 21.38103 ] ] ] } },
{ "type": "Feature", "properties": { "BMP": 0.94173, "EMP": 0.83645, "PREFIX": "SR", "ROUTE": "7101", "ISLAND": "Oahu", "DIRECTION": "-MP", "TYPE": "Sidewalk", "MATERIAL": "Concrete", "LENGTH": 562.0, "NHS": "YES", "Shape_Leng": 171.18004309700001 }, "geometry": { "type": "MultiLineString", "coordinates": [ [ [ -158.01364, 21.38236 ], [ -158.01521, 21.3819 ] ] ] } },
{ "type": "Feature", "properties": { "BMP": 0.67052, "EMP": 0.65179, "PREFIX": "SR", "ROUTE": "7101", "ISLAND": "Oahu", "DIRECTION": "-MP", "TYPE": "Sidewalk", "MATERIAL": "Concrete", "LENGTH": 105.0, "NHS": "YES", "Shape_Leng": 32.152528928099997 }, "geometry": { "type": "MultiLineString", "coordinates": [ [ [ -158.01758, 21.38094 ], [ -158.01783, 21.3808 ] ] ] } },
{ "type": "Feature", "properties": { "BMP": 0.64435, "EMP": 0.60605, "PREFIX": "SR", "ROUTE": "7101", "ISLAND": "Oahu", "DIRECTION": "-MP", "TYPE": "Sidewalk", "MATERIAL": "Concrete", "LENGTH": 208.0, "NHS": "YES", "Shape_Leng": 63.458109412100001 }, "geometry": { "type": "MultiLineString", "coordinates": [ [ [ -158.01795, 21.38076 ], [ -158.01847, 21.38049 ] ] ] } },
{ "type": "Feature", "properties": { "BMP": 0.5986, "EMP": 0.57629, "PREFIX": "SR", "ROUTE": "7101", "ISLAND": "Oahu", "DIRECTION": "-MP", "TYPE": "Sidewalk", "MATERIAL": "Concrete", "LENGTH": 118.0, "NHS": "YES", "Shape_Leng": 35.944395307199997 }, "geometry": { "type": "MultiLineString", "coordinates": [ [ [ -158.01857, 21.38044 ], [ -158.01887, 21.38028 ] ] ] } },
{ "type": "Feature", "properties": { "BMP": 0.56657, "EMP": 0.53407, "PREFIX": "SR", "ROUTE": "7101", "ISLAND": "Oahu", "DIRECTION": "-MP", "TYPE": "Sidewalk", "MATERIAL": "Concrete", "LENGTH": 178.0, "NHS": "YES", "Shape_Leng": 54.138171420900001 }, "geometry": { "type": "MultiLineString", "coordinates": [ [ [ -158.019, 21.38022 ], [ -158.01947, 21.38002 ] ] ] } },
{ "type": "Feature", "properties": { "BMP": 0.52141, "EMP": 0.49025, "PREFIX": "SR", "ROUTE": "7101", "ISLAND": "Oahu", "DIRECTION": "-MP", "TYPE": "Sidewalk", "MATERIAL": "Concrete", "LENGTH": 171.0, "NHS": "YES", "Shape_Leng": 52.018093087700002 }, "geometry": { "type": "MultiLineString", "coordinates": [ [ [ -158.01963, 21.37992 ], [ -158.02004, 21.37968 ] ] ] } },
{ "type": "Feature", "properties": { "BMP": 0.48579, "EMP": 0.46373, "PREFIX": "SR", "ROUTE": "7101", "ISLAND": "Oahu", "DIRECTION": "-MP", "TYPE": "Sidewalk", "MATERIAL": "Concrete", "LENGTH": 118.0, "NHS": "YES", "Shape_Leng": 36.019973060200002 }, "geometry": { "type": "MultiLineString", "coordinates": [ [ [ -158.02011, 21.37966 ], [ -158.02041, 21.37949 ] ] ] } },
{ "type": "Feature", "properties": { "BMP": 0.45158, "EMP": 0.38473, "PREFIX": "SR", "ROUTE": "7101", "ISLAND": "Oahu", "DIRECTION": "-MP", "TYPE": "Sidewalk", "MATERIAL": "Concrete", "LENGTH": 354.0, "NHS": "YES", "Shape_Leng": 107.87511668400001 }, "geometry": { "type": "MultiLineString", "coordinates": [ [ [ -158.02057, 21.37941 ], [ -158.02149, 21.37896 ] ] ] } },
{ "type": "Feature", "properties": { "BMP": 0.37888, "EMP": 0.37504, "PREFIX": "SR", "ROUTE": "7101", "ISLAND": "Oahu", "DIRECTION": "-MP", "TYPE": "Sidewalk", "MATERIAL": "Concrete", "LENGTH": 20.0, "NHS": "YES", "Shape_Leng": 6.1570924512599996 }, "geometry": { "type": "MultiLineString", "coordinates": [ [ [ -158.02156, 21.3789 ], [ -158.02161, 21.37887 ] ] ] } },
{ "type": "Feature", "properties": { "BMP": 0.371, "EMP": 0.2542, "PREFIX": "SR", "ROUTE": "7101", "ISLAND": "Oahu", "DIRECTION": "-MP", "TYPE": "Sidewalk", "MATERIAL": "Concrete", "LENGTH": 623.0, "NHS": "YES", "Shape_Leng": 189.863437487 }, "geometry": { "type": "MultiLineString", "coordinates": [ [ [ -158.02168, 21.37887 ], [ -158.02327, 21.37807 ] ] ] } },
{ "type": "Feature", "properties": { "BMP": 0.25218, "EMP": 0.25061, "PREFIX": "SR", "ROUTE": "7101", "ISLAND": "Oahu", "DIRECTION": "-MP", "TYPE": "Sidewalk", "MATERIAL": "Concrete", "LENGTH": 10.0, "NHS": "YES", "Shape_Leng": 2.9278802478800001 }, "geometry": { "type": "MultiLineString", "coordinates": [ [ [ -158.02327, 21.37801 ], [ -158.02329, 21.37799 ] ] ] } },
{ "type": "Feature", "properties": { "BMP": 0.24078, "EMP": 0.23992, "PREFIX": "SR", "ROUTE": "7101", "ISLAND": "Oahu", "DIRECTION": "-MP", "TYPE": "Sidewalk", "MATERIAL": "Concrete", "LENGTH": 5.0, "NHS": "YES", "Shape_Leng": 1.3840450423899999 }, "geometry": { "type": "MultiLineString", "coordinates": [ [ [ -158.02342, 21.37791 ], [ -158.02343, 21.37791 ] ] ] } },
{ "type": "Feature", "properties": { "BMP": 0.23643, "EMP": 0.15802, "PREFIX": "SR", "ROUTE": "7101", "ISLAND": "Oahu", "DIRECTION": "-MP", "TYPE": "Sidewalk", "MATERIAL": "Concrete", "LENGTH": 419.0, "NHS": "YES", "Shape_Leng": 127.858114757 }, "geometry": { "type": "MultiLineString", "coordinates": [ [ [ -158.02351, 21.37793 ], [ -158.02457, 21.37738 ] ] ] } },
{ "type": "Feature", "properties": { "BMP": 0.15043, "EMP": 0.14501, "PREFIX": "SR", "ROUTE": "7101", "ISLAND": "Oahu", "DIRECTION": "-MP", "TYPE": "Sidewalk", "MATERIAL": "Concrete", "LENGTH": 35.0, "NHS": "YES", "Shape_Leng": 10.592908764200001 }, "geometry": { "type": "MultiLineString", "coordinates": [ [ [ -158.02467, 21.37731 ], [ -158.02472, 21.37723 ] ] ] } },
{ "type": "Feature", "properties": { "BMP": 0.14468, "EMP": 0.07202, "PREFIX": "SR", "ROUTE": "7101", "ISLAND": "Oahu", "DIRECTION": "-MP", "TYPE": "Sidewalk", "MATERIAL": "Asphalt", "LENGTH": 388.0, "NHS": "YES", "Shape_Leng": 118.132166164 }, "geometry": { "type": "MultiLineString", "coordinates": [ [ [ -158.02472, 21.37723 ], [ -158.02575, 21.37678 ] ] ] } },
{ "type": "Feature", "properties": { "BMP": 1.01388, "EMP": 0.98215, "PREFIX": "SR", "ROUTE": "98", "ISLAND": "Oahu", "DIRECTION": "-MP", "TYPE": "Sidewalk", "MATERIAL": "Concrete", "LENGTH": 170.0, "NHS": "YES", "Shape_Leng": 51.743435736800002 }, "geometry": { "type": "MultiLineString", "coordinates": [ [ [ -157.85644, 21.31313 ], [ -157.85676, 21.31349 ] ] ] } },
{ "type": "Feature", "properties": { "BMP": 0.87569, "EMP": 0.71476, "PREFIX": "SR", "ROUTE": "98", "ISLAND": "Oahu", "DIRECTION": "-MP", "TYPE": "Sidewalk", "MATERIAL": "Concrete", "LENGTH": 850.0, "NHS": "YES", "Shape_Leng": 259.0358846 }, "geometry": { "type": "MultiLineString", "coordinates": [ [ [ -157.85774, 21.31473 ], [ -157.85925, 21.31659 ] ] ] } },
{ "type": "Feature", "properties": { "BMP": 0.97357, "EMP": 0.89816, "PREFIX": "SR", "ROUTE": "98", "ISLAND": "Oahu", "DIRECTION": "-MP", "TYPE": "Sidewalk", "MATERIAL": "Concrete", "LENGTH": 398.0, "NHS": "YES", "Shape_Leng": 121.23426892099999 }, "geometry": { "type": "MultiLineString", "coordinates": [ [ [ -157.85684, 21.31359 ], [ -157.85754, 21.31447 ] ] ] } },
{ "type": "Feature", "properties": { "BMP": 0.70541, "EMP": 0.66034, "PREFIX": "SR", "ROUTE": "98", "ISLAND": "Oahu", "DIRECTION": "-MP", "TYPE": "Sidewalk", "MATERIAL": "Concrete", "LENGTH": 239.0, "NHS": "YES", "Shape_Leng": 72.869298901099995 }, "geometry": { "type": "MultiLineString", "coordinates": [ [ [ -157.85934, 21.3167 ], [ -157.85975, 21.31723 ] ] ] } },
{ "type": "Feature", "properties": { "BMP": 0.64233, "EMP": 0.59933, "PREFIX": "SR", "ROUTE": "98", "ISLAND": "Oahu", "DIRECTION": "-MP", "TYPE": "Sidewalk", "MATERIAL": "Concrete", "LENGTH": 231.0, "NHS": "YES", "Shape_Leng": 70.4570117082 }, "geometry": { "type": "MultiLineString", "coordinates": [ [ [ -157.85992, 21.31744 ], [ -157.86034, 21.31793 ] ] ] } },
{ "type": "Feature", "properties": { "BMP": 0.59233, "EMP": 0.4288, "PREFIX": "SR", "ROUTE": "98", "ISLAND": "Oahu", "DIRECTION": "-MP", "TYPE": "Sidewalk", "MATERIAL": "Concrete", "LENGTH": 867.0, "NHS": "YES", "Shape_Leng": 264.24419934000002 }, "geometry": { "type": "MultiLineString", "coordinates": [ [ [ -157.8604, 21.31801 ], [ -157.86189, 21.31994 ] ] ] } },
{ "type": "Feature", "properties": { "BMP": 0.41046, "EMP": 0.38796, "PREFIX": "SR", "ROUTE": "98", "ISLAND": "Oahu", "DIRECTION": "-MP", "TYPE": "Sidewalk", "MATERIAL": "Concrete", "LENGTH": 123.0, "NHS": "YES", "Shape_Leng": 37.384798490199998 }, "geometry": { "type": "MultiLineString", "coordinates": [ [ [ -157.86205, 21.32015 ], [ -157.86229, 21.32039 ] ] ] } },
{ "type": "Feature", "properties": { "BMP": 0.38454, "EMP": 0.31333, "PREFIX": "SR", "ROUTE": "98", "ISLAND": "Oahu", "DIRECTION": "-MP", "TYPE": "Sidewalk", "MATERIAL": "Concrete", "LENGTH": 375.0, "NHS": "YES", "Shape_Leng": 114.417108005 }, "geometry": { "type": "MultiLineString", "coordinates": [ [ [ -157.86232, 21.32043 ], [ -157.86296, 21.32128 ] ] ] } },
{ "type": "Feature", "properties": { "BMP": 1.34954, "EMP": 1.28838, "PREFIX": "SR", "ROUTE": "98", "ISLAND": "Oahu", "DIRECTION": "-MP", "TYPE": "Sidewalk", "MATERIAL": "Concrete", "LENGTH": 324.0, "NHS": "YES", "Shape_Leng": 98.691198500400006 }, "geometry": { "type": "MultiLineString", "coordinates": [ [ [ -157.8532, 21.30935 ], [ -157.85387, 21.30998 ] ] ] } },
{ "type": "Feature", "properties": { "BMP": 1.2412, "EMP": 1.15125, "PREFIX": "SR", "ROUTE": "98", "ISLAND": "Oahu", "DIRECTION": "-MP", "TYPE": "Sidewalk", "MATERIAL": "Concrete", "LENGTH": 479.0, "NHS": "YES", "Shape_Leng": 145.91706667099999 }, "geometry": { "type": "MultiLineString", "coordinates": [ [ [ -157.85433, 21.31052 ], [ -157.85524, 21.31148 ] ] ] } },
{ "type": "Feature", "properties": { "BMP": 1.28247, "EMP": 1.25797, "PREFIX": "SR", "ROUTE": "98", "ISLAND": "Oahu", "DIRECTION": "-MP", "TYPE": "Sidewalk", "MATERIAL": "Concrete", "LENGTH": 131.0, "NHS": "YES", "Shape_Leng": 39.857838523399998 }, "geometry": { "type": "MultiLineString", "coordinates": [ [ [ -157.85393, 21.31005 ], [ -157.85419, 21.31031 ] ] ] } },
{ "type": "Feature", "properties": { "BMP": 1.13104, "EMP": 1.10271, "PREFIX": "SR", "ROUTE": "98", "ISLAND": "Oahu", "DIRECTION": "-MP", "TYPE": "Sidewalk", "MATERIAL": "Concrete", "LENGTH": 149.0, "NHS": "YES", "Shape_Leng": 45.410505607600001 }, "geometry": { "type": "MultiLineString", "coordinates": [ [ [ -157.85543, 21.31171 ], [ -157.85568, 21.31205 ] ] ] } },
{ "type": "Feature", "properties": { "BMP": 1.09903, "EMP": 1.04111, "PREFIX": "SR", "ROUTE": "98", "ISLAND": "Oahu", "DIRECTION": "-MP", "TYPE": "Sidewalk", "MATERIAL": "Concrete", "LENGTH": 308.0, "NHS": "YES", "Shape_Leng": 93.992175614600001 }, "geometry": { "type": "MultiLineString", "coordinates": [ [ [ -157.85571, 21.31209 ], [ -157.8562, 21.31281 ] ] ] } },
{ "type": "Feature", "properties": { "BMP": 2.36291, "EMP": 2.35545, "PREFIX": "SR", "ROUTE": "63", "ISLAND": "Oahu", "DIRECTION": "-MP", "TYPE": "Sidewalk", "MATERIAL": "Concrete", "LENGTH": 43.0, "NHS": "NO", "Shape_Leng": 13.201757281800001 }, "geometry": { "type": "MultiLineString", "coordinates": [ [ [ -157.86184, 21.35047 ], [ -157.86187, 21.35036 ] ] ] } },
{ "type": "Feature", "properties": { "BMP": 1.07721, "EMP": 1.06707, "PREFIX": "SR", "ROUTE": "63", "ISLAND": "Oahu", "DIRECTION": "-MP", "TYPE": "Sidewalk", "MATERIAL": "Concrete", "LENGTH": 56.0, "NHS": "NO", "Shape_Leng": 16.915689908099999 }, "geometry": { "type": "MultiLineString", "coordinates": [ [ [ -157.87091, 21.33509 ], [ -157.871, 21.33497 ] ] ] } },
{ "type": "Feature", "properties": { "BMP": 1.81387, "EMP": 1.81223, "PREFIX": "SR", "ROUTE": "63", "ISLAND": "Oahu", "DIRECTION": "-MP", "TYPE": "Sidewalk", "MATERIAL": "Concrete", "LENGTH": 9.0, "NHS": "NO", "Shape_Leng": 2.7338006162399999 }, "geometry": { "type": "MultiLineString", "coordinates": [ [ [ -157.86775, 21.34493 ], [ -157.86775, 21.3449 ] ] ] } },
{ "type": "Feature", "properties": { "BMP": 1.20074, "EMP": 1.19794, "PREFIX": "SR", "ROUTE": "63", "ISLAND": "Oahu", "DIRECTION": "-MP", "TYPE": "Sidewalk", "MATERIAL": "Concrete", "LENGTH": 15.0, "NHS": "NO", "Shape_Leng": 4.5359930083800002 }, "geometry": { "type": "MultiLineString", "coordinates": [ [ [ -157.86974, 21.3365 ], [ -157.86976, 21.33646 ] ] ] } },
{ "type": "Feature", "properties": { "BMP": 1.82074, "EMP": 1.81953, "PREFIX": "SR", "ROUTE": "63", "ISLAND": "Oahu", "DIRECTION": "-MP", "TYPE": "Sidewalk", "MATERIAL": "Concrete", "LENGTH": 13.0, "NHS": "NO", "Shape_Leng": 4.0709662208499999 }, "geometry": { "type": "MultiLineString", "coordinates": [ [ [ -157.86771, 21.34502 ], [ -157.86773, 21.34501 ] ] ] } },
{ "type": "Feature", "properties": { "BMP": 1.61461, "EMP": 1.47513, "PREFIX": "SR", "ROUTE": "63", "ISLAND": "Oahu", "DIRECTION": "-MP", "TYPE": "Sidewalk", "MATERIAL": "Concrete", "LENGTH": 738.0, "NHS": "NO", "Shape_Leng": 224.80400500499999 }, "geometry": { "type": "MultiLineString", "coordinates": [ [ [ -157.86795, 21.34202 ], [ -157.86805, 21.34 ] ] ] } },
{ "type": "Feature", "properties": { "BMP": 0.74688, "EMP": 0.74347, "PREFIX": "SR", "ROUTE": "63", "ISLAND": "Oahu", "DIRECTION": "-MP", "TYPE": "Sidewalk", "MATERIAL": "Concrete", "LENGTH": 22.0, "NHS": "NO", "Shape_Leng": 6.7309554455600002 }, "geometry": { "type": "MultiLineString", "coordinates": [ [ [ -157.87408, 21.33225 ], [ -157.87414, 21.33224 ] ] ] } },
{ "type": "Feature", "properties": { "BMP": 0.50833, "EMP": 0.4718, "PREFIX": "SR", "ROUTE": "63", "ISLAND": "Oahu", "DIRECTION": "-MP", "TYPE": "Sidewalk", "MATERIAL": "Concrete", "LENGTH": 193.0, "NHS": "NO", "Shape_Leng": 58.708517236299997 }, "geometry": { "type": "MultiLineString", "coordinates": [ [ [ -157.87674, 21.32984 ], [ -157.87713, 21.32945 ] ] ] } },
{ "type": "Feature", "properties": { "BMP": 0.37429, "EMP": 0.3355, "PREFIX": "SR", "ROUTE": "63", "ISLAND": "Oahu", "DIRECTION": "-MP", "TYPE": "Sidewalk", "MATERIAL": "Concrete", "LENGTH": 205.0, "NHS": "NO", "Shape_Leng": 62.397114238500002 }, "geometry": { "type": "MultiLineString", "coordinates": [ [ [ -157.87814, 21.3284 ], [ -157.87854, 21.32799 ] ] ] } },
{ "type": "Feature", "properties": { "BMP": 0.60879, "EMP": 0.51319, "PREFIX": "SR", "ROUTE": "63", "ISLAND": "Oahu", "DIRECTION": "-MP", "TYPE": "Sidewalk", "MATERIAL": "Concrete", "LENGTH": 508.0, "NHS": "NO", "Shape_Leng": 154.888828397 }, "geometry": { "type": "MultiLineString", "coordinates": [ [ [ -157.87568, 21.33092 ], [ -157.87669, 21.32989 ] ] ] } },
{ "type": "Feature", "properties": { "BMP": 1.80757, "EMP": 1.63082, "PREFIX": "SR", "ROUTE": "63", "ISLAND": "Oahu", "DIRECTION": "-MP", "TYPE": "Sidewalk", "MATERIAL": "Concrete", "LENGTH": 939.0, "NHS": "NO", "Shape_Leng": 286.30702221899998 }, "geometry": { "type": "MultiLineString", "coordinates": [ [ [ -157.86778, 21.34483 ], [ -157.86795, 21.34226 ] ] ] } },
{ "type": "Feature", "properties": { "BMP": 0.66849, "EMP": 0.62331, "PREFIX": "SR", "ROUTE": "63", "ISLAND": "Oahu", "DIRECTION": "-MP", "TYPE": "Sidewalk", "MATERIAL": "Concrete", "LENGTH": 239.0, "NHS": "NO", "Shape_Leng": 72.681858427700007 }, "geometry": { "type": "MultiLineString", "coordinates": [ [ [ -157.87497, 21.33147 ], [ -157.87548, 21.33103 ] ] ] } },
{ "type": "Feature", "properties": { "BMP": 0.4653, "EMP": 0.42645, "PREFIX": "SR", "ROUTE": "63", "ISLAND": "Oahu", "DIRECTION": "-MP", "TYPE": "Sidewalk", "MATERIAL": "Concrete", "LENGTH": 205.0, "NHS": "NO", "Shape_Leng": 62.3734643644 }, "geometry": { "type": "MultiLineString", "coordinates": [ [ [ -157.87719, 21.32938 ], [ -157.87759, 21.32896 ] ] ] } },
{ "type": "Feature", "properties": { "BMP": 0.42024, "EMP": 0.3812, "PREFIX": "SR", "ROUTE": "63", "ISLAND": "Oahu", "DIRECTION": "-MP", "TYPE": "Sidewalk", "MATERIAL": "Concrete", "LENGTH": 206.0, "NHS": "NO", "Shape_Leng": 62.760198907300001 }, "geometry": { "type": "MultiLineString", "coordinates": [ [ [ -157.87766, 21.3289 ], [ -157.87807, 21.32848 ] ] ] } },
{ "type": "Feature", "properties": { "BMP": 1.18407, "EMP": 1.0836, "PREFIX": "SR", "ROUTE": "63", "ISLAND": "Oahu", "DIRECTION": "-MP", "TYPE": "Sidewalk", "MATERIAL": "Concrete", "LENGTH": 536.0, "NHS": "NO", "Shape_Leng": 163.37428506800001 }, "geometry": { "type": "MultiLineString", "coordinates": [ [ [ -157.86994, 21.33633 ], [ -157.87084, 21.33516 ] ] ] } },
{ "type": "Feature", "properties": { "BMP": 0.73661, "EMP": 0.67805, "PREFIX": "SR", "ROUTE": "63", "ISLAND": "Oahu", "DIRECTION": "-MP", "TYPE": "Sidewalk", "MATERIAL": "Concrete", "LENGTH": 309.0, "NHS": "NO", "Shape_Leng": 94.279322861899999 }, "geometry": { "type": "MultiLineString", "coordinates": [ [ [ -157.8742, 21.33216 ], [ -157.87486, 21.33157 ] ] ] } },
{ "type": "Feature", "properties": { "BMP": 0.28322, "EMP": 0.24704, "PREFIX": "SR", "ROUTE": "63", "ISLAND": "Oahu", "DIRECTION": "-MP", "TYPE": "Sidewalk", "MATERIAL": "Concrete", "LENGTH": 192.0, "NHS": "NO", "Shape_Leng": 58.408805207199997 }, "geometry": { "type": "MultiLineString", "coordinates": [ [ [ -157.87909, 21.32742 ], [ -157.87947, 21.32704 ] ] ] } },
{ "type": "Feature", "properties": { "BMP": 0.32861, "EMP": 0.28981, "PREFIX": "SR", "ROUTE": "63", "ISLAND": "Oahu", "DIRECTION": "-MP", "TYPE": "Sidewalk", "MATERIAL": "Concrete", "LENGTH": 204.0, "NHS": "NO", "Shape_Leng": 62.293389532699997 }, "geometry": { "type": "MultiLineString", "coordinates": [ [ [ -157.87861, 21.32791 ], [ -157.87902, 21.32749 ] ] ] } },
{ "type": "Feature", "properties": { "BMP": 0.09766, "EMP": 0.05635, "PREFIX": "SR", "ROUTE": "63", "ISLAND": "Oahu", "DIRECTION": "-MP", "TYPE": "Sidewalk", "MATERIAL": "Concrete", "LENGTH": 218.0, "NHS": "NO", "Shape_Leng": 66.395975283 }, "geometry": { "type": "MultiLineString", "coordinates": [ [ [ -157.88103, 21.32543 ], [ -157.88146, 21.32499 ] ] ] } },
{ "type": "Feature", "properties": { "BMP": 0.0, "EMP": 0.0, "PREFIX": "SR", "ROUTE": "63", "ISLAND": "Oahu", "DIRECTION": "-MP", "TYPE": "Sidewalk", "MATERIAL": "Concrete", "LENGTH": 5.0, "NHS": "NO", "Shape_Leng": 1.47203411965 }, "geometry": { "type": "MultiLineString", "coordinates": [ [ [ -157.88203, 21.32439 ], [ -157.88204, 21.3244 ] ] ] } },
{ "type": "Feature", "properties": { "BMP": 0.2323, "EMP": 0.19579, "PREFIX": "SR", "ROUTE": "63", "ISLAND": "Oahu", "DIRECTION": "-MP", "TYPE": "Sidewalk", "MATERIAL": "Concrete", "LENGTH": 196.0, "NHS": "NO", "Shape_Leng": 59.678567338599997 }, "geometry": { "type": "MultiLineString", "coordinates": [ [ [ -157.87964, 21.32689 ], [ -157.88, 21.32648 ] ] ] } },
{ "type": "Feature", "properties": { "BMP": 0.14388, "EMP": 0.10427, "PREFIX": "SR", "ROUTE": "63", "ISLAND": "Oahu", "DIRECTION": "-MP", "TYPE": "Sidewalk", "MATERIAL": "Concrete", "LENGTH": 208.0, "NHS": "NO", "Shape_Leng": 63.541166065699997 }, "geometry": { "type": "MultiLineString", "coordinates": [ [ [ -157.88055, 21.32593 ], [ -157.88096, 21.3255 ] ] ] } },
{ "type": "Feature", "properties": { "BMP": 0.1887, "EMP": 0.14998, "PREFIX": "SR", "ROUTE": "63", "ISLAND": "Oahu", "DIRECTION": "-MP", "TYPE": "Sidewalk", "MATERIAL": "Concrete", "LENGTH": 205.0, "NHS": "NO", "Shape_Leng": 62.410750405400002 }, "geometry": { "type": "MultiLineString", "coordinates": [ [ [ -157.88008, 21.32641 ], [ -157.88048, 21.32599 ] ] ] } },
{ "type": "Feature", "properties": { "BMP": 0.05134, "EMP": 0.00858, "PREFIX": "SR", "ROUTE": "63", "ISLAND": "Oahu", "DIRECTION": "-MP", "TYPE": "Sidewalk", "MATERIAL": "Concrete", "LENGTH": 227.0, "NHS": "NO", "Shape_Leng": 69.153521703099997 }, "geometry": { "type": "MultiLineString", "coordinates": [ [ [ -157.88151, 21.32493 ], [ -157.88197, 21.32448 ] ] ] } },
{ "type": "Feature", "properties": { "BMP": 0.00203, "EMP": 0.0, "PREFIX": "SR", "ROUTE": "63", "ISLAND": "Oahu", "DIRECTION": "-MP", "TYPE": "Sidewalk", "MATERIAL": "Concrete", "LENGTH": 10.0, "NHS": "NO", "Shape_Leng": 3.0135559762300002 }, "geometry": { "type": "MultiLineString", "coordinates": [ [ [ -157.88203, 21.32441 ], [ -157.88205, 21.32439 ] ] ] } },
{ "type": "Feature", "properties": { "BMP": 22.08829, "EMP": 21.97763, "PREFIX": "SR", "ROUTE": "99", "ISLAND": "Oahu", "DIRECTION": "-MP", "TYPE": "Sidewalk", "MATERIAL": "Concrete", "LENGTH": 603.0, "NHS": "YES", "Shape_Leng": 183.881122895 }, "geometry": { "type": "MultiLineString", "coordinates": [ [ [ -157.93721, 21.36444 ], [ -157.93658, 21.36595 ] ] ] } },
{ "type": "Feature", "properties": { "BMP": 22.11486, "EMP": 22.11486, "PREFIX": "SR", "ROUTE": "99", "ISLAND": "Oahu", "DIRECTION": "-MP", "TYPE": "Sidewalk", "MATERIAL": "Concrete", "LENGTH": 15.0, "NHS": "YES", "Shape_Leng": 4.6869104962300003 }, "geometry": { "type": "MultiLineString", "coordinates": [ [ [ -157.93746, 21.36413 ], [ -157.9375, 21.36415 ] ] ] } },
{ "type": "Feature", "properties": { "BMP": 22.11461, "EMP": 22.10861, "PREFIX": "SR", "ROUTE": "99", "ISLAND": "Oahu", "DIRECTION": "-MP", "TYPE": "Sidewalk", "MATERIAL": "Concrete", "LENGTH": 32.0, "NHS": "YES", "Shape_Leng": 9.641546652000001 }, "geometry": { "type": "MultiLineString", "coordinates": [ [ [ -157.93748, 21.36414 ], [ -157.93745, 21.36422 ] ] ] } },
{ "type": "Feature", "properties": { "BMP": 22.09455, "EMP": 22.09455, "PREFIX": "SR", "ROUTE": "99", "ISLAND": "Oahu", "DIRECTION": "-MP", "TYPE": "Sidewalk", "MATERIAL": "Concrete", "LENGTH": 5.0, "NHS": "YES", "Shape_Leng": 1.4410439825500001 }, "geometry": { "type": "MultiLineString", "coordinates": [ [ [ -157.93736, 21.36441 ], [ -157.93738, 21.36441 ] ] ] } },
{ "type": "Feature", "properties": { "BMP": 22.09851, "EMP": 22.09136, "PREFIX": "SR", "ROUTE": "99", "ISLAND": "Oahu", "DIRECTION": "-MP", "TYPE": "Sidewalk", "MATERIAL": "Concrete", "LENGTH": 58.0, "NHS": "YES", "Shape_Leng": 17.774387382899999 }, "geometry": { "type": "MultiLineString", "coordinates": [ [ [ -157.93738, 21.36435 ], [ -157.93728, 21.36442 ] ] ] } },
{ "type": "Feature", "properties": { "BMP": 21.14146, "EMP": 21.0091, "PREFIX": "SR", "ROUTE": "99", "ISLAND": "Oahu", "DIRECTION": "-MP", "TYPE": "Sidewalk", "MATERIAL": "Concrete", "LENGTH": 698.0, "NHS": "YES", "Shape_Leng": 212.72095997100001 }, "geometry": { "type": "MultiLineString", "coordinates": [ [ [ -157.93384, 21.37693 ], [ -157.93543, 21.37815 ] ] ] } },
{ "type": "Feature", "properties": { "BMP": 0.30967, "EMP": 0.29345, "PREFIX": "SR", "ROUTE": "98", "ISLAND": "Oahu", "DIRECTION": "-MP", "TYPE": "Sidewalk", "MATERIAL": "Concrete", "LENGTH": 85.0, "NHS": "YES", "Shape_Leng": 25.910758815099999 }, "geometry": { "type": "MultiLineString", "coordinates": [ [ [ -157.86299, 21.32132 ], [ -157.86313, 21.32152 ] ] ] } },
{ "type": "Feature", "properties": { "BMP": 0.25436, "EMP": 0.23208, "PREFIX": "SR", "ROUTE": "98", "ISLAND": "Oahu", "DIRECTION": "-MP", "TYPE": "Sidewalk", "MATERIAL": "Concrete", "LENGTH": 120.0, "NHS": "YES", "Shape_Leng": 36.604665711199999 }, "geometry": { "type": "MultiLineString", "coordinates": [ [ [ -157.86346, 21.32199 ], [ -157.86368, 21.32225 ] ] ] } },
{ "type": "Feature", "properties": { "BMP": 0.95437, "EMP": 0.69941, "PREFIX": "SR", "ROUTE": "7310", "ISLAND": "Oahu", "DIRECTION": "-MP", "TYPE": "Sidewalk", "MATERIAL": "Concrete", "LENGTH": 1365.0, "NHS": "YES", "Shape_Leng": 416.13529748899998 }, "geometry": { "type": "MultiLineString", "coordinates": [ [ [ -157.89712, 21.34836 ], [ -157.89921, 21.34519 ] ] ] } },
{ "type": "Feature", "properties": { "BMP": 0.22708, "EMP": 0.1788, "PREFIX": "SR", "ROUTE": "98", "ISLAND": "Oahu", "DIRECTION": "-MP", "TYPE": "Sidewalk", "MATERIAL": "Concrete", "LENGTH": 254.0, "NHS": "YES", "Shape_Leng": 77.452719043299993 }, "geometry": { "type": "MultiLineString", "coordinates": [ [ [ -157.86373, 21.3223 ], [ -157.86415, 21.32288 ] ] ] } },
{ "type": "Feature", "properties": { "BMP": 0.1747, "EMP": 0.16017, "PREFIX": "SR", "ROUTE": "98", "ISLAND": "Oahu", "DIRECTION": "-MP", "TYPE": "Sidewalk", "MATERIAL": "Concrete", "LENGTH": 77.0, "NHS": "YES", "Shape_Leng": 23.339001100200001 }, "geometry": { "type": "MultiLineString", "coordinates": [ [ [ -157.86419, 21.32292 ], [ -157.86432, 21.3231 ] ] ] } },
{ "type": "Feature", "properties": { "BMP": 0.15591, "EMP": 0.12595, "PREFIX": "SR", "ROUTE": "98", "ISLAND": "Oahu", "DIRECTION": "-MP", "TYPE": "Sidewalk", "MATERIAL": "Concrete", "LENGTH": 165.0, "NHS": "YES", "Shape_Leng": 50.4414121378 }, "geometry": { "type": "MultiLineString", "coordinates": [ [ [ -157.86436, 21.32315 ], [ -157.86459, 21.32353 ] ] ] } },
{ "type": "Feature", "properties": { "BMP": 0.6733, "EMP": 0.09292, "PREFIX": "SR", "ROUTE": "7310", "ISLAND": "Oahu", "DIRECTION": "-MP", "TYPE": "Sidewalk", "MATERIAL": "Concrete", "LENGTH": 3085.0, "NHS": "YES", "Shape_Leng": 940.52022978000002 }, "geometry": { "type": "MultiLineString", "coordinates": [ [ [ -157.89932, 21.34481 ], [ -157.90157, 21.33679 ] ] ] } },
{ "type": "Feature", "properties": { "BMP": 0.093, "EMP": 0.0517, "PREFIX": "SR", "ROUTE": "7310", "ISLAND": "Oahu", "DIRECTION": "-MP", "TYPE": "Sidewalk", "MATERIAL": "Asphalt", "LENGTH": 218.0, "NHS": "YES", "Shape_Leng": 66.554267102899999 }, "geometry": { "type": "MultiLineString", "coordinates": [ [ [ -157.90157, 21.3368 ], [ -157.90156, 21.33619 ] ] ] } },
{ "type": "Feature", "properties": { "BMP": 0.11407, "EMP": 0.01737, "PREFIX": "SR", "ROUTE": "98", "ISLAND": "Oahu", "DIRECTION": "-MP", "TYPE": "Sidewalk", "MATERIAL": "Concrete", "LENGTH": 523.0, "NHS": "YES", "Shape_Leng": 159.41980202600001 }, "geometry": { "type": "MultiLineString", "coordinates": [ [ [ -157.86466, 21.32369 ], [ -157.86559, 21.3248 ] ] ] } },
{ "type": "Feature", "properties": { "BMP": 0.05146, "EMP": 0.00397, "PREFIX": "SR", "ROUTE": "7310", "ISLAND": "Oahu", "DIRECTION": "-MP", "TYPE": "Sidewalk", "MATERIAL": "Concrete", "LENGTH": 274.0, "NHS": "YES", "Shape_Leng": 83.501305041099997 }, "geometry": { "type": "MultiLineString", "coordinates": [ [ [ -157.90156, 21.33619 ], [ -157.90175, 21.33551 ] ] ] } },
{ "type": "Feature", "properties": { "BMP": 0.28898, "EMP": 0.26883, "PREFIX": "SR", "ROUTE": "98", "ISLAND": "Oahu", "DIRECTION": "-MP", "TYPE": "Sidewalk", "MATERIAL": "Concrete", "LENGTH": 112.0, "NHS": "YES", "Shape_Leng": 34.036638718100001 }, "geometry": { "type": "MultiLineString", "coordinates": [ [ [ -157.86317, 21.32157 ], [ -157.86331, 21.32183 ] ] ] } },
{ "type": "Feature", "properties": { "BMP": 5.55144, "EMP": 5.54768, "PREFIX": "SR", "ROUTE": "76", "ISLAND": "Oahu", "DIRECTION": "-MP", "TYPE": "Sidewalk", "MATERIAL": "Concrete", "LENGTH": 24.0, "NHS": "NO", "Shape_Leng": 7.17779064515 }, "geometry": { "type": "MultiLineString", "coordinates": [ [ [ -158.02628, 21.36993 ], [ -158.02631, 21.36988 ] ] ] } },
{ "type": "Feature", "properties": { "BMP": 4.43561, "EMP": 4.09681, "PREFIX": "SR", "ROUTE": "76", "ISLAND": "Oahu", "DIRECTION": "-MP", "TYPE": "Sidewalk", "MATERIAL": "Concrete", "LENGTH": 1794.0, "NHS": "NO", "Shape_Leng": 546.95361240499994 }, "geometry": { "type": "MultiLineString", "coordinates": [ [ [ -158.02884, 21.35443 ], [ -158.02756, 21.34966 ] ] ] } },
{ "type": "Feature", "properties": { "BMP": 4.08107, "EMP": 4.03559, "PREFIX": "SR", "ROUTE": "76", "ISLAND": "Oahu", "DIRECTION": "-MP", "TYPE": "Sidewalk", "MATERIAL": "Concrete", "LENGTH": 246.0, "NHS": "NO", "Shape_Leng": 74.926152140200003 }, "geometry": { "type": "MultiLineString", "coordinates": [ [ [ -158.0275, 21.34943 ], [ -158.0273, 21.34879 ] ] ] } },
{ "type": "Feature", "properties": { "BMP": 4.02732, "EMP": 4.00795, "PREFIX": "SR", "ROUTE": "76", "ISLAND": "Oahu", "DIRECTION": "-MP", "TYPE": "Sidewalk", "MATERIAL": "Concrete", "LENGTH": 102.0, "NHS": "NO", "Shape_Leng": 31.084527042600001 }, "geometry": { "type": "MultiLineString", "coordinates": [ [ [ -158.02727, 21.34868 ], [ -158.0272, 21.3484 ] ] ] } },
{ "type": "Feature", "properties": { "BMP": 3.97293, "EMP": 3.97058, "PREFIX": "SR", "ROUTE": "76", "ISLAND": "Oahu", "DIRECTION": "-MP", "TYPE": "Sidewalk", "MATERIAL": "Concrete", "LENGTH": 15.0, "NHS": "NO", "Shape_Leng": 4.6179808439299999 }, "geometry": { "type": "MultiLineString", "coordinates": [ [ [ -158.02706, 21.34791 ], [ -158.02704, 21.34788 ] ] ] } },
{ "type": "Feature", "properties": { "BMP": 3.99935, "EMP": 3.97153, "PREFIX": "SR", "ROUTE": "76", "ISLAND": "Oahu", "DIRECTION": "-MP", "TYPE": "Sidewalk", "MATERIAL": "Concrete", "LENGTH": 161.0, "NHS": "NO", "Shape_Leng": 48.998165341899998 }, "geometry": { "type": "MultiLineString", "coordinates": [ [ [ -158.02716, 21.34828 ], [ -158.02718, 21.34786 ] ] ] } },
{ "type": "Feature", "properties": { "BMP": 3.95365, "EMP": 3.52095, "PREFIX": "SR", "ROUTE": "76", "ISLAND": "Oahu", "DIRECTION": "-MP", "TYPE": "Sidewalk", "MATERIAL": "Concrete", "LENGTH": 2298.0, "NHS": "NO", "Shape_Leng": 700.498231885 }, "geometry": { "type": "MultiLineString", "coordinates": [ [ [ -158.02702, 21.34763 ], [ -158.02537, 21.34153 ] ] ] } },
{ "type": "Feature", "properties": { "BMP": 1.51644, "EMP": 1.44349, "PREFIX": "SR", "ROUTE": "76", "ISLAND": "Oahu", "DIRECTION": "-MP", "TYPE": "Sidewalk", "MATERIAL": "Concrete", "LENGTH": 387.0, "NHS": "NO", "Shape_Leng": 118.066511386 }, "geometry": { "type": "MultiLineString", "coordinates": [ [ [ -158.01217, 21.31534 ], [ -158.01161, 21.31442 ] ] ] } },
{ "type": "Feature", "properties": { "BMP": 1.43362, "EMP": 1.32376, "PREFIX": "SR", "ROUTE": "76", "ISLAND": "Oahu", "DIRECTION": "-MP", "TYPE": "Sidewalk", "MATERIAL": "Concrete", "LENGTH": 582.0, "NHS": "NO", "Shape_Leng": 177.52381502200001 }, "geometry": { "type": "MultiLineString", "coordinates": [ [ [ -158.01153, 21.3143 ], [ -158.01069, 21.31291 ] ] ] } },
{ "type": "Feature", "properties": { "BMP": 3.50193, "EMP": 3.06836, "PREFIX": "SR", "ROUTE": "76", "ISLAND": "Oahu", "DIRECTION": "-MP", "TYPE": "Sidewalk", "MATERIAL": "Concrete", "LENGTH": 2301.0, "NHS": "NO", "Shape_Leng": 701.31732658099997 }, "geometry": { "type": "MultiLineString", "coordinates": [ [ [ -158.0253, 21.34127 ], [ -158.02359, 21.33517 ] ] ] } },
{ "type": "Feature", "properties": { "BMP": 1.31549, "EMP": 1.27344, "PREFIX": "SR", "ROUTE": "76", "ISLAND": "Oahu", "DIRECTION": "-MP", "TYPE": "Sidewalk", "MATERIAL": "Concrete", "LENGTH": 234.0, "NHS": "NO", "Shape_Leng": 71.1950551109 }, "geometry": { "type": "MultiLineString", "coordinates": [ [ [ -158.01062, 21.3128 ], [ -158.01019, 21.31231 ] ] ] } },
{ "type": "Feature", "properties": { "BMP": 3.05709, "EMP": 2.96991, "PREFIX": "SR", "ROUTE": "76", "ISLAND": "Oahu", "DIRECTION": "-MP", "TYPE": "Sidewalk", "MATERIAL": "Concrete", "LENGTH": 468.0, "NHS": "NO", "Shape_Leng": 142.780042468 }, "geometry": { "type": "MultiLineString", "coordinates": [ [ [ -158.02356, 21.33501 ], [ -158.02324, 21.33376 ] ] ] } },
{ "type": "Feature", "properties": { "BMP": 2.96692, "EMP": 2.96481, "PREFIX": "SR", "ROUTE": "76", "ISLAND": "Oahu", "DIRECTION": "-MP", "TYPE": "Sidewalk", "MATERIAL": "Concrete", "LENGTH": 12.0, "NHS": "NO", "Shape_Leng": 3.5550979282 }, "geometry": { "type": "MultiLineString", "coordinates": [ [ [ -158.02318, 21.33374 ], [ -158.02316, 21.33371 ] ] ] } },
{ "type": "Feature", "properties": { "BMP": 1.26515, "EMP": 1.16247, "PREFIX": "SR", "ROUTE": "76", "ISLAND": "Oahu", "DIRECTION": "-MP", "TYPE": "Sidewalk", "MATERIAL": "Concrete", "LENGTH": 566.0, "NHS": "NO", "Shape_Leng": 172.475429265 }, "geometry": { "type": "MultiLineString", "coordinates": [ [ [ -158.01009, 21.31223 ], [ -158.00862, 21.31155 ] ] ] } },
{ "type": "Feature", "properties": { "BMP": 2.94259, "EMP": 2.88494, "PREFIX": "SR", "ROUTE": "76", "ISLAND": "Oahu", "DIRECTION": "-MP", "TYPE": "Sidewalk", "MATERIAL": "Concrete", "LENGTH": 310.0, "NHS": "NO", "Shape_Leng": 94.597153680999995 }, "geometry": { "type": "MultiLineString", "coordinates": [ [ [ -158.02308, 21.33339 ], [ -158.02272, 21.33262 ] ] ] } },
{ "type": "Feature", "properties": { "BMP": 2.58031, "EMP": 2.57746, "PREFIX": "SR", "ROUTE": "76", "ISLAND": "Oahu", "DIRECTION": "-MP", "TYPE": "Sidewalk", "MATERIAL": "Concrete", "LENGTH": 19.0, "NHS": "NO", "Shape_Leng": 5.8823181676700003 }, "geometry": { "type": "MultiLineString", "coordinates": [ [ [ -158.02054, 21.32868 ], [ -158.02054, 21.32863 ] ] ] } },
{ "type": "Feature", "properties": { "BMP": 2.60522, "EMP": 2.59712, "PREFIX": "SR", "ROUTE": "76", "ISLAND": "Oahu", "DIRECTION": "-MP", "TYPE": "Sidewalk", "MATERIAL": "Concrete", "LENGTH": 48.0, "NHS": "NO", "Shape_Leng": 14.5320971302 }, "geometry": { "type": "MultiLineString", "coordinates": [ [ [ -158.02076, 21.32897 ], [ -158.02073, 21.32886 ] ] ] } },
{ "type": "Feature", "properties": { "BMP": 2.59391, "EMP": 2.5912, "PREFIX": "SR", "ROUTE": "76", "ISLAND": "Oahu", "DIRECTION": "-MP", "TYPE": "Sidewalk", "MATERIAL": "Concrete", "LENGTH": 18.0, "NHS": "NO", "Shape_Leng": 5.4199150409200003 }, "geometry": { "type": "MultiLineString", "coordinates": [ [ [ -158.02067, 21.32884 ], [ -158.02062, 21.32882 ] ] ] } },
{ "type": "Feature", "properties": { "BMP": 2.57466, "EMP": 2.44027, "PREFIX": "SR", "ROUTE": "76", "ISLAND": "Oahu", "DIRECTION": "-MP", "TYPE": "Sidewalk", "MATERIAL": "Concrete", "LENGTH": 717.0, "NHS": "NO", "Shape_Leng": 218.413763391 }, "geometry": { "type": "MultiLineString", "coordinates": [ [ [ -158.02056, 21.32857 ], [ -158.01946, 21.3269 ] ] ] } },
{ "type": "Feature", "properties": { "BMP": 2.43787, "EMP": 2.43108, "PREFIX": "SR", "ROUTE": "76", "ISLAND": "Oahu", "DIRECTION": "-MP", "TYPE": "Sidewalk", "MATERIAL": "Concrete", "LENGTH": 36.0, "NHS": "NO", "Shape_Leng": 10.9316829822 }, "geometry": { "type": "MultiLineString", "coordinates": [ [ [ -158.01941, 21.32689 ], [ -158.01935, 21.32681 ] ] ] } },
{ "type": "Feature", "properties": { "BMP": 2.13188, "EMP": 2.10913, "PREFIX": "SR", "ROUTE": "76", "ISLAND": "Oahu", "DIRECTION": "-MP", "TYPE": "Sidewalk", "MATERIAL": "Concrete", "LENGTH": 125.0, "NHS": "NO", "Shape_Leng": 38.1858991792 }, "geometry": { "type": "MultiLineString", "coordinates": [ [ [ -158.01698, 21.32307 ], [ -158.01684, 21.32277 ] ] ] } },
{ "type": "Feature", "properties": { "BMP": 2.08866, "EMP": 1.88056, "PREFIX": "SR", "ROUTE": "76", "ISLAND": "Oahu", "DIRECTION": "-MP", "TYPE": "Sidewalk", "MATERIAL": "Concrete", "LENGTH": 1107.0, "NHS": "NO", "Shape_Leng": 337.58860807100001 }, "geometry": { "type": "MultiLineString", "coordinates": [ [ [ -158.01668, 21.32251 ], [ -158.0151, 21.31987 ] ] ] } },
{ "type": "Feature", "properties": { "BMP": 1.8699, "EMP": 1.7639, "PREFIX": "SR", "ROUTE": "76", "ISLAND": "Oahu", "DIRECTION": "-MP", "TYPE": "Sidewalk", "MATERIAL": "Concrete", "LENGTH": 567.0, "NHS": "NO", "Shape_Leng": 172.75294384 }, "geometry": { "type": "MultiLineString", "coordinates": [ [ [ -158.01502, 21.31974 ], [ -158.01415, 21.31842 ] ] ] } },
{ "type": "Feature", "properties": { "BMP": 1.75595, "EMP": 1.72653, "PREFIX": "SR", "ROUTE": "76", "ISLAND": "Oahu", "DIRECTION": "-MP", "TYPE": "Sidewalk", "MATERIAL": "Concrete", "LENGTH": 155.0, "NHS": "NO", "Shape_Leng": 47.335686187900002 }, "geometry": { "type": "MultiLineString", "coordinates": [ [ [ -158.01409, 21.31832 ], [ -158.01387, 21.31795 ] ] ] } },
{ "type": "Feature", "properties": { "BMP": 1.67735, "EMP": 1.61709, "PREFIX": "SR", "ROUTE": "76", "ISLAND": "Oahu", "DIRECTION": "-MP", "TYPE": "Sidewalk", "MATERIAL": "Concrete", "LENGTH": 324.0, "NHS": "NO", "Shape_Leng": 98.837063302700003 }, "geometry": { "type": "MultiLineString", "coordinates": [ [ [ -158.01349, 21.31733 ], [ -158.01305, 21.31655 ] ] ] } },
{ "type": "Feature", "properties": { "BMP": 1.72265, "EMP": 1.68944, "PREFIX": "SR", "ROUTE": "76", "ISLAND": "Oahu", "DIRECTION": "-MP", "TYPE": "Sidewalk", "MATERIAL": "Concrete", "LENGTH": 175.0, "NHS": "NO", "Shape_Leng": 53.440728761000003 }, "geometry": { "type": "MultiLineString", "coordinates": [ [ [ -158.01384, 21.3179 ], [ -158.01358, 21.31748 ] ] ] } },
{ "type": "Feature", "properties": { "BMP": 1.60386, "EMP": 1.52813, "PREFIX": "SR", "ROUTE": "76", "ISLAND": "Oahu", "DIRECTION": "-MP", "TYPE": "Sidewalk", "MATERIAL": "Concrete", "LENGTH": 401.0, "NHS": "NO", "Shape_Leng": 122.370898735 }, "geometry": { "type": "MultiLineString", "coordinates": [ [ [ -158.01292, 21.31639 ], [ -158.01227, 21.31548 ] ] ] } },
{ "type": "Feature", "properties": { "BMP": 18.43077, "EMP": 18.40557, "PREFIX": "SR", "ROUTE": "72", "ISLAND": "Oahu", "DIRECTION": "-MP", "TYPE": "Sidewalk", "MATERIAL": "Concrete", "LENGTH": 133.0, "NHS": "YES", "Shape_Leng": 40.517461012799998 }, "geometry": { "type": "MultiLineString", "coordinates": [ [ [ -157.7796, 21.27768 ], [ -157.77921, 21.27764 ] ] ] } },
{ "type": "Feature", "properties": { "BMP": 1.098, "EMP": 0.87035, "PREFIX": "SR", "ROUTE": "64", "ISLAND": "Oahu", "DIRECTION": "-MP", "TYPE": "Sidewalk", "MATERIAL": "Concrete", "LENGTH": 1246.0, "NHS": "YES", "Shape_Leng": 379.72731500100002 }, "geometry": { "type": "MultiLineString", "coordinates": [ [ [ -157.88607, 21.3093 ], [ -157.88315, 21.30803 ] ] ] } },
{ "type": "Feature", "properties": { "BMP": 0.85981, "EMP": 0.68661, "PREFIX": "SR", "ROUTE": "64", "ISLAND": "Oahu", "DIRECTION": "-MP", "TYPE": "Sidewalk", "MATERIAL": "Concrete", "LENGTH": 895.0, "NHS": "YES", "Shape_Leng": 272.965056516 }, "geometry": { "type": "MultiLineString", "coordinates": [ [ [ -157.88299, 21.30805 ], [ -157.88062, 21.30708 ] ] ] } },
{ "type": "Feature", "properties": { "BMP": 0.19327, "EMP": 0.0, "PREFIX": "SR", "ROUTE": "64", "ISLAND": "Oahu", "DIRECTION": "-MP", "TYPE": "Sidewalk", "MATERIAL": "Concrete", "LENGTH": 1036.0, "NHS": "YES", "Shape_Leng": 315.92178554200001 }, "geometry": { "type": "MultiLineString", "coordinates": [ [ [ -157.87353, 21.30513 ], [ -157.87138, 21.30326 ] ] ] } },
{ "type": "Feature", "properties": { "BMP": 1.95605, "EMP": 1.85731, "PREFIX": "SR", "ROUTE": "64", "ISLAND": "Oahu", "DIRECTION": "-MP", "TYPE": "Sidewalk", "MATERIAL": "Concrete", "LENGTH": 523.0, "NHS": "YES", "Shape_Leng": 159.310525106 }, "geometry": { "type": "MultiLineString", "coordinates": [ [ [ -157.89136, 21.32071 ], [ -157.89068, 21.31942 ] ] ] } },
{ "type": "Feature", "properties": { "BMP": 1.84642, "EMP": 1.64251, "PREFIX": "SR", "ROUTE": "64", "ISLAND": "Oahu", "DIRECTION": "-MP", "TYPE": "Sidewalk", "MATERIAL": "Concrete", "LENGTH": 1079.0, "NHS": "YES", "Shape_Leng": 328.96768200999998 }, "geometry": { "type": "MultiLineString", "coordinates": [ [ [ -157.89061, 21.31927 ], [ -157.88925, 21.3166 ] ] ] } },
{ "type": "Feature", "properties": { "BMP": 1.63268, "EMP": 1.59733, "PREFIX": "SR", "ROUTE": "64", "ISLAND": "Oahu", "DIRECTION": "-MP", "TYPE": "Sidewalk", "MATERIAL": "Concrete", "LENGTH": 187.0, "NHS": "YES", "Shape_Leng": 56.917018557699997 }, "geometry": { "type": "MultiLineString", "coordinates": [ [ [ -157.88916, 21.31648 ], [ -157.88891, 21.31602 ] ] ] } },
{ "type": "Feature", "properties": { "BMP": 17.63026, "EMP": 17.59183, "PREFIX": "SR", "ROUTE": "72", "ISLAND": "Oahu", "DIRECTION": "-MP", "TYPE": "Sidewalk", "MATERIAL": "Concrete", "LENGTH": 207.0, "NHS": "YES", "Shape_Leng": 63.133699528599998 }, "geometry": { "type": "MultiLineString", "coordinates": [ [ [ -157.76736, 21.27589 ], [ -157.76676, 21.27582 ] ] ] } },
{ "type": "Feature", "properties": { "BMP": 16.13434, "EMP": 16.12263, "PREFIX": "SR", "ROUTE": "72", "ISLAND": "Oahu", "DIRECTION": "-MP", "TYPE": "Sidewalk", "MATERIAL": "Concrete", "LENGTH": 62.0, "NHS": "YES", "Shape_Leng": 18.905526024 }, "geometry": { "type": "MultiLineString", "coordinates": [ [ [ -157.74457, 21.27979 ], [ -157.7444, 21.27984 ] ] ] } },
{ "type": "Feature", "properties": { "BMP": 16.10727, "EMP": 15.57686, "PREFIX": "SR", "ROUTE": "72", "ISLAND": "Oahu", "DIRECTION": "-MP", "TYPE": "Sidewalk", "MATERIAL": "Concrete", "LENGTH": 2810.0, "NHS": "YES", "Shape_Leng": 856.64856194200001 }, "geometry": { "type": "MultiLineString", "coordinates": [ [ [ -157.74417, 21.27989 ], [ -157.73612, 21.2814 ] ] ] } },
{ "type": "Feature", "properties": { "BMP": 17.14622, "EMP": 16.98894, "PREFIX": "SR", "ROUTE": "72", "ISLAND": "Oahu", "DIRECTION": "-MP", "TYPE": "Sidewalk", "MATERIAL": "Concrete", "LENGTH": 841.0, "NHS": "YES", "Shape_Leng": 256.26667176900003 }, "geometry": { "type": "MultiLineString", "coordinates": [ [ [ -157.75987, 21.27656 ], [ -157.75746, 21.277 ] ] ] } },
{ "type": "Feature", "properties": { "BMP": 16.97109, "EMP": 16.13695, "PREFIX": "SR", "ROUTE": "72", "ISLAND": "Oahu", "DIRECTION": "-MP", "TYPE": "Sidewalk", "MATERIAL": "Concrete", "LENGTH": 4408.0, "NHS": "YES", "Shape_Leng": 1343.63458805 }, "geometry": { "type": "MultiLineString", "coordinates": [ [ [ -157.7572, 21.27709 ], [ -157.7446, 21.27973 ] ] ] } },
{ "type": "Feature", "properties": { "BMP": 8.04801, "EMP": 8.02019, "PREFIX": "SR", "ROUTE": "750", "ISLAND": "Oahu", "DIRECTION": "-MP", "TYPE": "Sidewalk", "MATERIAL": "Concrete", "LENGTH": 143.0, "NHS": "YES", "Shape_Leng": 43.614586013100002 }, "geometry": { "type": "MultiLineString", "coordinates": [ [ [ -158.03964, 21.48854 ], [ -158.0399, 21.48824 ] ] ] } },
{ "type": "Feature", "properties": { "BMP": 8.00767, "EMP": 7.9839, "PREFIX": "SR", "ROUTE": "750", "ISLAND": "Oahu", "DIRECTION": "-MP", "TYPE": "Sidewalk", "MATERIAL": "Concrete", "LENGTH": 126.0, "NHS": "YES", "Shape_Leng": 38.339343942600003 }, "geometry": { "type": "MultiLineString", "coordinates": [ [ [ -158.04002, 21.48809 ], [ -158.04028, 21.48785 ] ] ] } },
{ "type": "Feature", "properties": { "BMP": 7.63189, "EMP": 7.63189, "PREFIX": "SR", "ROUTE": "750", "ISLAND": "Oahu", "DIRECTION": "-MP", "TYPE": "Sidewalk", "MATERIAL": "Concrete", "LENGTH": 4.0, "NHS": "YES", "Shape_Leng": 1.3125704410400001 }, "geometry": { "type": "MultiLineString", "coordinates": [ [ [ -158.0446, 21.4849 ], [ -158.04459, 21.48489 ] ] ] } },
{ "type": "Feature", "properties": { "BMP": 7.60519, "EMP": 7.58582, "PREFIX": "SR", "ROUTE": "750", "ISLAND": "Oahu", "DIRECTION": "-MP", "TYPE": "Sidewalk", "MATERIAL": "Concrete", "LENGTH": 102.0, "NHS": "YES", "Shape_Leng": 31.071408539899998 }, "geometry": { "type": "MultiLineString", "coordinates": [ [ [ -158.045, 21.48479 ], [ -158.04527, 21.48468 ] ] ] } },
{ "type": "Feature", "properties": { "BMP": 7.97712, "EMP": 7.92113, "PREFIX": "SR", "ROUTE": "750", "ISLAND": "Oahu", "DIRECTION": "-MP", "TYPE": "Sidewalk", "MATERIAL": "Concrete", "LENGTH": 296.0, "NHS": "YES", "Shape_Leng": 90.092081372799996 }, "geometry": { "type": "MultiLineString", "coordinates": [ [ [ -158.04035, 21.48778 ], [ -158.04097, 21.48721 ] ] ] } },
{ "type": "Feature", "properties": { "BMP": 7.62116, "EMP": 7.61773, "PREFIX": "SR", "ROUTE": "750", "ISLAND": "Oahu", "DIRECTION": "-MP", "TYPE": "Sidewalk", "MATERIAL": "Concrete", "LENGTH": 22.0, "NHS": "YES", "Shape_Leng": 6.6038449401900001 }, "geometry": { "type": "MultiLineString", "coordinates": [ [ [ -158.04476, 21.48485 ], [ -158.04482, 21.48486 ] ] ] } },
{ "type": "Feature", "properties": { "BMP": 7.63389, "EMP": 7.63093, "PREFIX": "SR", "ROUTE": "750", "ISLAND": "Oahu", "DIRECTION": "-MP", "TYPE": "Sidewalk", "MATERIAL": "Concrete", "LENGTH": 20.0, "NHS": "YES", "Shape_Leng": 6.1168714872300001 }, "geometry": { "type": "MultiLineString", "coordinates": [ [ [ -158.04458, 21.48494 ], [ -158.04461, 21.48489 ] ] ] } },
{ "type": "Feature", "properties": { "BMP": 7.36731, "EMP": 7.36662, "PREFIX": "SR", "ROUTE": "750", "ISLAND": "Oahu", "DIRECTION": "-MP", "TYPE": "Sidewalk", "MATERIAL": "Concrete", "LENGTH": 13.0, "NHS": "YES", "Shape_Leng": 4.0870043765400004 }, "geometry": { "type": "MultiLineString", "coordinates": [ [ [ -158.04783, 21.48266 ], [ -158.04787, 21.48267 ] ] ] } },
{ "type": "Feature", "properties": { "BMP": 1.15228, "EMP": 1.12004, "PREFIX": "SR", "ROUTE": "76", "ISLAND": "Oahu", "DIRECTION": "-MP", "TYPE": "Sidewalk", "MATERIAL": "Concrete", "LENGTH": 178.0, "NHS": "NO", "Shape_Leng": 54.367040725000003 }, "geometry": { "type": "MultiLineString", "coordinates": [ [ [ -158.00845, 21.31153 ], [ -158.00793, 21.31153 ] ] ] } },
{ "type": "Feature", "properties": { "BMP": 1.1103, "EMP": 1.05885, "PREFIX": "SR", "ROUTE": "76", "ISLAND": "Oahu", "DIRECTION": "-MP", "TYPE": "Sidewalk", "MATERIAL": "Concrete", "LENGTH": 277.0, "NHS": "NO", "Shape_Leng": 84.417930583100002 }, "geometry": { "type": "MultiLineString", "coordinates": [ [ [ -158.00778, 21.31155 ], [ -158.00698, 21.3117 ] ] ] } },
{ "type": "Feature", "properties": { "BMP": 1.05, "EMP": 0.9867, "PREFIX": "SR", "ROUTE": "76", "ISLAND": "Oahu", "DIRECTION": "-MP", "TYPE": "Sidewalk", "MATERIAL": "Concrete", "LENGTH": 336.0, "NHS": "NO", "Shape_Leng": 102.27636116 }, "geometry": { "type": "MultiLineString", "coordinates": [ [ [ -158.00685, 21.31172 ], [ -158.00589, 21.31194 ] ] ] } },
{ "type": "Feature", "properties": { "BMP": 0.97996, "EMP": 0.96239, "PREFIX": "SR", "ROUTE": "76", "ISLAND": "Oahu", "DIRECTION": "-MP", "TYPE": "Sidewalk", "MATERIAL": "Concrete", "LENGTH": 94.0, "NHS": "NO", "Shape_Leng": 28.533538397200001 }, "geometry": { "type": "MultiLineString", "coordinates": [ [ [ -158.00579, 21.31197 ], [ -158.00553, 21.31203 ] ] ] } },
{ "type": "Feature", "properties": { "BMP": 0.95315, "EMP": 0.91625, "PREFIX": "SR", "ROUTE": "76", "ISLAND": "Oahu", "DIRECTION": "-MP", "TYPE": "Sidewalk", "MATERIAL": "Concrete", "LENGTH": 196.0, "NHS": "NO", "Shape_Leng": 59.822675298100002 }, "geometry": { "type": "MultiLineString", "coordinates": [ [ [ -158.00539, 21.31206 ], [ -158.00483, 21.31218 ] ] ] } },
{ "type": "Feature", "properties": { "BMP": 0.9065, "EMP": 0.87378, "PREFIX": "SR", "ROUTE": "76", "ISLAND": "Oahu", "DIRECTION": "-MP", "TYPE": "Sidewalk", "MATERIAL": "Concrete", "LENGTH": 173.0, "NHS": "NO", "Shape_Leng": 52.815682491899999 }, "geometry": { "type": "MultiLineString", "coordinates": [ [ [ -158.00468, 21.31221 ], [ -158.0042, 21.31234 ] ] ] } },
{ "type": "Feature", "properties": { "BMP": 0.94326, "EMP": 0.93599, "PREFIX": "SR", "ROUTE": "750", "ISLAND": "Oahu", "DIRECTION": "-MP", "TYPE": "Sidewalk", "MATERIAL": "Concrete", "LENGTH": 39.0, "NHS": "YES", "Shape_Leng": 11.8514172888 }, "geometry": { "type": "MultiLineString", "coordinates": [ [ [ -158.03804, 21.39626 ], [ -158.03801, 21.39616 ] ] ] } },
{ "type": "Feature", "properties": { "BMP": 0.95487, "EMP": 0.9534, "PREFIX": "SR", "ROUTE": "750", "ISLAND": "Oahu", "DIRECTION": "-MP", "TYPE": "Sidewalk", "MATERIAL": "Concrete", "LENGTH": 15.0, "NHS": "YES", "Shape_Leng": 4.6703899251700003 }, "geometry": { "type": "MultiLineString", "coordinates": [ [ [ -158.03807, 21.39643 ], [ -158.03809, 21.3964 ] ] ] } },
{ "type": "Feature", "properties": { "BMP": 0.55413, "EMP": 0.40122, "PREFIX": "SR", "ROUTE": "65", "ISLAND": "Oahu", "DIRECTION": "-MP", "TYPE": "Sidewalk", "MATERIAL": "Concrete", "LENGTH": 818.0, "NHS": "YES", "Shape_Leng": 249.21033381800001 }, "geometry": { "type": "MultiLineString", "coordinates": [ [ [ -157.79168, 21.40598 ], [ -157.79397, 21.40539 ] ] ] } },
{ "type": "Feature", "properties": { "BMP": 0.11256, "EMP": 0.10955, "PREFIX": "SR", "ROUTE": "65", "ISLAND": "Oahu", "DIRECTION": "-MP", "TYPE": "Sidewalk", "MATERIAL": "Concrete", "LENGTH": 19.0, "NHS": "YES", "Shape_Leng": 5.7743581153200001 }, "geometry": { "type": "MultiLineString", "coordinates": [ [ [ -157.79787, 21.40333 ], [ -157.7979, 21.40328 ] ] ] } },
{ "type": "Feature", "properties": { "BMP": 0.13256, "EMP": 0.12401, "PREFIX": "SR", "ROUTE": "65", "ISLAND": "Oahu", "DIRECTION": "-MP", "TYPE": "Sidewalk", "MATERIAL": "Concrete", "LENGTH": 47.0, "NHS": "YES", "Shape_Leng": 14.405834152800001 }, "geometry": { "type": "MultiLineString", "coordinates": [ [ [ -157.79759, 21.40344 ], [ -157.79771, 21.4034 ] ] ] } },
{ "type": "Feature", "properties": { "BMP": 0.34307, "EMP": 0.28395, "PREFIX": "SR", "ROUTE": "65", "ISLAND": "Oahu", "DIRECTION": "-MP", "TYPE": "Sidewalk", "MATERIAL": "Concrete", "LENGTH": 312.0, "NHS": "YES", "Shape_Leng": 95.162064163799997 }, "geometry": { "type": "MultiLineString", "coordinates": [ [ [ -157.79476, 21.40497 ], [ -157.79555, 21.40454 ] ] ] } },
{ "type": "Feature", "properties": { "BMP": 0.0665, "EMP": 0.00991, "PREFIX": "SR", "ROUTE": "65", "ISLAND": "Oahu", "DIRECTION": "-MP", "TYPE": "Sidewalk", "MATERIAL": "Concrete", "LENGTH": 293.0, "NHS": "YES", "Shape_Leng": 89.165933567600007 }, "geometry": { "type": "MultiLineString", "coordinates": [ [ [ -157.79848, 21.403 ], [ -157.79926, 21.40314 ] ] ] } },
{ "type": "Feature", "properties": { "BMP": 0.47766, "EMP": 0.47695, "PREFIX": "SR", "ROUTE": "80", "ISLAND": "Oahu", "DIRECTION": "-MP", "TYPE": "Sidewalk", "MATERIAL": "Concrete", "LENGTH": 7.0, "NHS": "YES", "Shape_Leng": 2.26098647887 }, "geometry": { "type": "MultiLineString", "coordinates": [ [ [ -158.02987, 21.49782 ], [ -158.02985, 21.49783 ] ] ] } },
{ "type": "Feature", "properties": { "BMP": 0.33675, "EMP": 0.24388, "PREFIX": "SR", "ROUTE": "80", "ISLAND": "Oahu", "DIRECTION": "-MP", "TYPE": "Sidewalk", "MATERIAL": "Concrete", "LENGTH": 499.0, "NHS": "YES", "Shape_Leng": 152.04872328600001 }, "geometry": { "type": "MultiLineString", "coordinates": [ [ [ -158.02988, 21.49576 ], [ -158.02934, 21.4945 ] ] ] } },
{ "type": "Feature", "properties": { "BMP": 3.77028, "EMP": 3.76206, "PREFIX": "SR", "ROUTE": "65", "ISLAND": "Oahu", "DIRECTION": "-MP", "TYPE": "Sidewalk", "MATERIAL": "Concrete", "LENGTH": 44.0, "NHS": "YES", "Shape_Leng": 13.310743885500001 }, "geometry": { "type": "MultiLineString", "coordinates": [ [ [ -157.75083, 21.41624 ], [ -157.75088, 21.41613 ] ] ] } },
{ "type": "Feature", "properties": { "BMP": 3.52746, "EMP": 3.52037, "PREFIX": "SR", "ROUTE": "65", "ISLAND": "Oahu", "DIRECTION": "-MP", "TYPE": "Sidewalk", "MATERIAL": "Concrete", "LENGTH": 38.0, "NHS": "YES", "Shape_Leng": 11.5262102056 }, "geometry": { "type": "MultiLineString", "coordinates": [ [ [ -157.75244, 21.41308 ], [ -157.75251, 21.413 ] ] ] } },
{ "type": "Feature", "properties": { "BMP": 3.25154, "EMP": 3.2453, "PREFIX": "SR", "ROUTE": "65", "ISLAND": "Oahu", "DIRECTION": "-MP", "TYPE": "Sidewalk", "MATERIAL": "Concrete", "LENGTH": 36.0, "NHS": "YES", "Shape_Leng": 10.904753201 }, "geometry": { "type": "MultiLineString", "coordinates": [ [ [ -157.75498, 21.40985 ], [ -157.75506, 21.40979 ] ] ] } },
{ "type": "Feature", "properties": { "BMP": 3.30128, "EMP": 3.29466, "PREFIX": "SR", "ROUTE": "65", "ISLAND": "Oahu", "DIRECTION": "-MP", "TYPE": "Sidewalk", "MATERIAL": "Concrete", "LENGTH": 35.0, "NHS": "YES", "Shape_Leng": 10.6613323437 }, "geometry": { "type": "MultiLineString", "coordinates": [ [ [ -157.75452, 21.41043 ], [ -157.75458, 21.41036 ] ] ] } },
{ "type": "Feature", "properties": { "BMP": 3.15673, "EMP": 2.96706, "PREFIX": "SR", "ROUTE": "65", "ISLAND": "Oahu", "DIRECTION": "-MP", "TYPE": "Sidewalk", "MATERIAL": "Concrete", "LENGTH": 981.0, "NHS": "YES", "Shape_Leng": 298.976555722 }, "geometry": { "type": "MultiLineString", "coordinates": [ [ [ -157.75586, 21.40875 ], [ -157.75808, 21.40706 ] ] ] } },
{ "type": "Feature", "properties": { "BMP": 0.00553, "EMP": 0.0, "PREFIX": "SR", "ROUTE": "80", "ISLAND": "Oahu", "DIRECTION": "-MP", "TYPE": "Sidewalk", "MATERIAL": "Concrete", "LENGTH": 24.0, "NHS": "YES", "Shape_Leng": 7.2783387371500003 }, "geometry": { "type": "MultiLineString", "coordinates": [ [ [ -158.02879, 21.49123 ], [ -158.02878, 21.49116 ] ] ] } },
{ "type": "Feature", "properties": { "BMP": 0.12163, "EMP": 0.00917, "PREFIX": "SR", "ROUTE": "80", "ISLAND": "Oahu", "DIRECTION": "-MP", "TYPE": "Sidewalk", "MATERIAL": "Concrete", "LENGTH": 591.0, "NHS": "YES", "Shape_Leng": 180.25326742499999 }, "geometry": { "type": "MultiLineString", "coordinates": [ [ [ -158.02861, 21.49287 ], [ -158.02882, 21.49129 ] ] ] } },
{ "type": "Feature", "properties": { "BMP": 0.51905, "EMP": 0.49016, "PREFIX": "SR", "ROUTE": "80", "ISLAND": "Oahu", "DIRECTION": "-MP", "TYPE": "Sidewalk", "MATERIAL": "Concrete", "LENGTH": 157.0, "NHS": "YES", "Shape_Leng": 46.495084153100002 }, "geometry": { "type": "MultiLineString", "coordinates": [ [ [ -158.02975, 21.49842 ], [ -158.02982, 21.49801 ] ] ] } },
{ "type": "Feature", "properties": { "BMP": 0.47046, "EMP": 0.34935, "PREFIX": "SR", "ROUTE": "80", "ISLAND": "Oahu", "DIRECTION": "-MP", "TYPE": "Sidewalk", "MATERIAL": "Concrete", "LENGTH": 653.0, "NHS": "YES", "Shape_Leng": 199.15729391400001 }, "geometry": { "type": "MultiLineString", "coordinates": [ [ [ -158.02992, 21.49773 ], [ -158.02991, 21.49595 ] ] ] } },
{ "type": "Feature", "properties": { "BMP": 0.23351, "EMP": 0.13191, "PREFIX": "SR", "ROUTE": "80", "ISLAND": "Oahu", "DIRECTION": "-MP", "TYPE": "Sidewalk", "MATERIAL": "Concrete", "LENGTH": 536.0, "NHS": "YES", "Shape_Leng": 163.52257218 }, "geometry": { "type": "MultiLineString", "coordinates": [ [ [ -158.02927, 21.49436 ], [ -158.02865, 21.49301 ] ] ] } },
{ "type": "Feature", "properties": { "BMP": 0.64029, "EMP": 0.5589, "PREFIX": "SR", "ROUTE": "65", "ISLAND": "Oahu", "DIRECTION": "-MP", "TYPE": "Sidewalk", "MATERIAL": "Concrete", "LENGTH": 431.0, "NHS": "YES", "Shape_Leng": 131.32915296900001 }, "geometry": { "type": "MultiLineString", "coordinates": [ [ [ -157.79034, 21.40586 ], [ -157.7916, 21.40598 ] ] ] } },
{ "type": "Feature", "properties": { "BMP": 0.74392, "EMP": 0.73768, "PREFIX": "SR", "ROUTE": "65", "ISLAND": "Oahu", "DIRECTION": "-MP", "TYPE": "Sidewalk", "MATERIAL": "Concrete", "LENGTH": 37.0, "NHS": "YES", "Shape_Leng": 11.199192907 }, "geometry": { "type": "MultiLineString", "coordinates": [ [ [ -157.78874, 21.40583 ], [ -157.78884, 21.40586 ] ] ] } },
{ "type": "Feature", "properties": { "BMP": 0.72255, "EMP": 0.71566, "PREFIX": "SR", "ROUTE": "65", "ISLAND": "Oahu", "DIRECTION": "-MP", "TYPE": "Sidewalk", "MATERIAL": "Concrete", "LENGTH": 38.0, "NHS": "YES", "Shape_Leng": 11.505393532599999 }, "geometry": { "type": "MultiLineString", "coordinates": [ [ [ -157.78907, 21.40584 ], [ -157.78917, 21.40582 ] ] ] } },
{ "type": "Feature", "properties": { "BMP": 8.08298, "EMP": 8.0642, "PREFIX": "SR", "ROUTE": "93", "ISLAND": "Oahu", "DIRECTION": "-MP", "TYPE": "Sidewalk", "MATERIAL": "Concrete", "LENGTH": 99.0, "NHS": "YES", "Shape_Leng": 30.1696766608 }, "geometry": { "type": "MultiLineString", "coordinates": [ [ [ -158.17726, 21.40558 ], [ -158.1772, 21.40531 ] ] ] } },
{ "type": "Feature", "properties": { "BMP": 5.63525, "EMP": 5.45068, "PREFIX": "SR", "ROUTE": "93", "ISLAND": "Oahu", "DIRECTION": "-MP", "TYPE": "Sidewalk", "MATERIAL": "Concrete", "LENGTH": 974.0, "NHS": "YES", "Shape_Leng": 296.81079258599999 }, "geometry": { "type": "MultiLineString", "coordinates": [ [ [ -158.1488, 21.38439 ], [ -158.14677, 21.3825 ] ] ] } },
{ "type": "Feature", "properties": { "BMP": 5.20784, "EMP": 5.17783, "PREFIX": "SR", "ROUTE": "93", "ISLAND": "Oahu", "DIRECTION": "-MP", "TYPE": "Sidewalk", "MATERIAL": "Concrete", "LENGTH": 158.0, "NHS": "YES", "Shape_Leng": 48.181406058599997 }, "geometry": { "type": "MultiLineString", "coordinates": [ [ [ -158.14409, 21.38002 ], [ -158.14376, 21.37971 ] ] ] } },
{ "type": "Feature", "properties": { "BMP": 5.29734, "EMP": 5.21576, "PREFIX": "SR", "ROUTE": "93", "ISLAND": "Oahu", "DIRECTION": "-MP", "TYPE": "Sidewalk", "MATERIAL": "Concrete", "LENGTH": 431.0, "NHS": "YES", "Shape_Leng": 131.34250934400001 }, "geometry": { "type": "MultiLineString", "coordinates": [ [ [ -158.14508, 21.38094 ], [ -158.14418, 21.3801 ] ] ] } },
{ "type": "Feature", "properties": { "BMP": 5.17105, "EMP": 5.14431, "PREFIX": "SR", "ROUTE": "93", "ISLAND": "Oahu", "DIRECTION": "-MP", "TYPE": "Sidewalk", "MATERIAL": "Concrete", "LENGTH": 141.0, "NHS": "YES", "Shape_Leng": 43.051590686899999 }, "geometry": { "type": "MultiLineString", "coordinates": [ [ [ -158.14368, 21.37964 ], [ -158.14339, 21.37937 ] ] ] } },
{ "type": "Feature", "properties": { "BMP": 5.13887, "EMP": 5.06652, "PREFIX": "SR", "ROUTE": "93", "ISLAND": "Oahu", "DIRECTION": "-MP", "TYPE": "Sidewalk", "MATERIAL": "Concrete", "LENGTH": 382.0, "NHS": "YES", "Shape_Leng": 116.336708637 }, "geometry": { "type": "MultiLineString", "coordinates": [ [ [ -158.14333, 21.37931 ], [ -158.14253, 21.37857 ] ] ] } },
{ "type": "Feature", "properties": { "BMP": 5.44579, "EMP": 5.30497, "PREFIX": "SR", "ROUTE": "93", "ISLAND": "Oahu", "DIRECTION": "-MP", "TYPE": "Sidewalk", "MATERIAL": "Concrete", "LENGTH": 743.0, "NHS": "YES", "Shape_Leng": 226.55695184800001 }, "geometry": { "type": "MultiLineString", "coordinates": [ [ [ -158.14671, 21.38245 ], [ -158.14516, 21.38102 ] ] ] } },
{ "type": "Feature", "properties": { "BMP": 11.67262, "EMP": 11.49598, "PREFIX": "SR", "ROUTE": "93", "ISLAND": "Oahu", "DIRECTION": "-MP", "TYPE": "Sidewalk", "MATERIAL": "Concrete", "LENGTH": 936.0, "NHS": "YES", "Shape_Leng": 285.273310509 }, "geometry": { "type": "MultiLineString", "coordinates": [ [ [ -158.1947, 21.45237 ], [ -158.19251, 21.45082 ] ] ] } },
{ "type": "Feature", "properties": { "BMP": 12.78121, "EMP": 12.1257, "PREFIX": "SR", "ROUTE": "93", "ISLAND": "Oahu", "DIRECTION": "-MP", "TYPE": "Sidewalk", "MATERIAL": "Concrete", "LENGTH": 3457.0, "NHS": "YES", "Shape_Leng": 1053.7801750599999 }, "geometry": { "type": "MultiLineString", "coordinates": [ [ [ -158.20901, 21.46116 ], [ -158.20028, 21.45638 ] ] ] } },
{ "type": "Feature", "properties": { "BMP": 12.03401, "EMP": 11.6853, "PREFIX": "SR", "ROUTE": "93", "ISLAND": "Oahu", "DIRECTION": "-MP", "TYPE": "Sidewalk", "MATERIAL": "Concrete", "LENGTH": 1845.0, "NHS": "YES", "Shape_Leng": 562.42807008700004 }, "geometry": { "type": "MultiLineString", "coordinates": [ [ [ -158.19914, 21.45558 ], [ -158.19486, 21.45248 ] ] ] } },
{ "type": "Feature", "properties": { "BMP": 12.11811, "EMP": 12.04223, "PREFIX": "SR", "ROUTE": "93", "ISLAND": "Oahu", "DIRECTION": "-MP", "TYPE": "Sidewalk", "MATERIAL": "Concrete", "LENGTH": 402.0, "NHS": "YES", "Shape_Leng": 122.62823959000001 }, "geometry": { "type": "MultiLineString", "coordinates": [ [ [ -158.20018, 21.45631 ], [ -158.19924, 21.45566 ] ] ] } },
{ "type": "Feature", "properties": { "BMP": 11.12351, "EMP": 11.05833, "PREFIX": "SR", "ROUTE": "93", "ISLAND": "Oahu", "DIRECTION": "-MP", "TYPE": "Sidewalk", "MATERIAL": "Concrete", "LENGTH": 347.0, "NHS": "YES", "Shape_Leng": 105.674398974 }, "geometry": { "type": "MultiLineString", "coordinates": [ [ [ -158.18878, 21.44683 ], [ -158.18835, 21.44597 ] ] ] } },
{ "type": "Feature", "properties": { "BMP": 11.22355, "EMP": 11.12979, "PREFIX": "SR", "ROUTE": "93", "ISLAND": "Oahu", "DIRECTION": "-MP", "TYPE": "Sidewalk", "MATERIAL": "Concrete", "LENGTH": 499.0, "NHS": "YES", "Shape_Leng": 151.982257363 }, "geometry": { "type": "MultiLineString", "coordinates": [ [ [ -158.18954, 21.44808 ], [ -158.18882, 21.44691 ] ] ] } },
{ "type": "Feature", "properties": { "BMP": 10.81565, "EMP": 10.74263, "PREFIX": "SR", "ROUTE": "93", "ISLAND": "Oahu", "DIRECTION": "-MP", "TYPE": "Sidewalk", "MATERIAL": "Concrete", "LENGTH": 388.0, "NHS": "YES", "Shape_Leng": 118.361493501 }, "geometry": { "type": "MultiLineString", "coordinates": [ [ [ -158.18715, 21.44264 ], [ -158.18683, 21.44162 ] ] ] } },
{ "type": "Feature", "properties": { "BMP": 11.05069, "EMP": 10.93458, "PREFIX": "SR", "ROUTE": "93", "ISLAND": "Oahu", "DIRECTION": "-MP", "TYPE": "Sidewalk", "MATERIAL": "Concrete", "LENGTH": 610.0, "NHS": "YES", "Shape_Leng": 185.87878420800001 }, "geometry": { "type": "MultiLineString", "coordinates": [ [ [ -158.1883, 21.44587 ], [ -158.18766, 21.4443 ] ] ] } },
{ "type": "Feature", "properties": { "BMP": 10.92713, "EMP": 10.82439, "PREFIX": "SR", "ROUTE": "93", "ISLAND": "Oahu", "DIRECTION": "-MP", "TYPE": "Sidewalk", "MATERIAL": "Concrete", "LENGTH": 544.0, "NHS": "YES", "Shape_Leng": 165.77814906200001 }, "geometry": { "type": "MultiLineString", "coordinates": [ [ [ -158.18763, 21.4442 ], [ -158.18719, 21.44276 ] ] ] } },
{ "type": "Feature", "properties": { "BMP": 7.68501, "EMP": 7.63741, "PREFIX": "SR", "ROUTE": "750", "ISLAND": "Oahu", "DIRECTION": "-MP", "TYPE": "Sidewalk", "MATERIAL": "Concrete", "LENGTH": 257.0, "NHS": "YES", "Shape_Leng": 78.182195887199995 }, "geometry": { "type": "MultiLineString", "coordinates": [ [ [ -158.04382, 21.48515 ], [ -158.04455, 21.485 ] ] ] } },
{ "type": "Feature", "properties": { "BMP": 21.96109, "EMP": 21.80467, "PREFIX": "SR", "ROUTE": "99", "ISLAND": "Oahu", "DIRECTION": "-MP", "TYPE": "Sidewalk", "MATERIAL": "Concrete", "LENGTH": 825.0, "NHS": "YES", "Shape_Leng": 251.27692361300001 }, "geometry": { "type": "MultiLineString", "coordinates": [ [ [ -157.93651, 21.36618 ], [ -157.93568, 21.3683 ] ] ] } },
{ "type": "Feature", "properties": { "BMP": 18.99498, "EMP": 18.91998, "PREFIX": "SR", "ROUTE": "99", "ISLAND": "Oahu", "DIRECTION": "-MP", "TYPE": "Sidewalk", "MATERIAL": "Asphalt", "LENGTH": 398.0, "NHS": "YES", "Shape_Leng": 121.418732675 }, "geometry": { "type": "MultiLineString", "coordinates": [ [ [ -157.96326, 21.39139 ], [ -157.96432, 21.39185 ] ] ] } },
{ "type": "Feature", "properties": { "BMP": 18.91976, "EMP": 18.91603, "PREFIX": "SR", "ROUTE": "99", "ISLAND": "Oahu", "DIRECTION": "-MP", "TYPE": "Sidewalk", "MATERIAL": "Concrete", "LENGTH": 21.0, "NHS": "YES", "Shape_Leng": 6.5325719477800002 }, "geometry": { "type": "MultiLineString", "coordinates": [ [ [ -157.96433, 21.39185 ], [ -157.96437, 21.39189 ] ] ] } },
{ "type": "Feature", "properties": { "BMP": 19.00658, "EMP": 19.00164, "PREFIX": "SR", "ROUTE": "99", "ISLAND": "Oahu", "DIRECTION": "-MP", "TYPE": "Sidewalk", "MATERIAL": "Concrete", "LENGTH": 26.0, "NHS": "YES", "Shape_Leng": 7.9121271549700003 }, "geometry": { "type": "MultiLineString", "coordinates": [ [ [ -157.96311, 21.39131 ], [ -157.96318, 21.39134 ] ] ] } },
{ "type": "Feature", "properties": { "BMP": 18.89915, "EMP": 18.89501, "PREFIX": "SR", "ROUTE": "99", "ISLAND": "Oahu", "DIRECTION": "-MP", "TYPE": "Sidewalk", "MATERIAL": "Concrete", "LENGTH": 24.0, "NHS": "YES", "Shape_Leng": 7.4282791434700002 }, "geometry": { "type": "MultiLineString", "coordinates": [ [ [ -157.9646, 21.39201 ], [ -157.96467, 21.39201 ] ] ] } },
{ "type": "Feature", "properties": { "BMP": 21.5259, "EMP": 21.52251, "PREFIX": "SR", "ROUTE": "99", "ISLAND": "Oahu", "DIRECTION": "-MP", "TYPE": "Sidewalk", "MATERIAL": "Concrete", "LENGTH": 18.0, "NHS": "YES", "Shape_Leng": 5.5545784009399997 }, "geometry": { "type": "MultiLineString", "coordinates": [ [ [ -157.93351, 21.3718 ], [ -157.93349, 21.37185 ] ] ] } },
{ "type": "Feature", "properties": { "BMP": 21.52423, "EMP": 21.52423, "PREFIX": "SR", "ROUTE": "99", "ISLAND": "Oahu", "DIRECTION": "-MP", "TYPE": "Sidewalk", "MATERIAL": "Concrete", "LENGTH": 8.0, "NHS": "YES", "Shape_Leng": 2.5052362331700002 }, "geometry": { "type": "MultiLineString", "coordinates": [ [ [ -157.93353, 21.37184 ], [ -157.93351, 21.37183 ] ] ] } },
{ "type": "Feature", "properties": { "BMP": 21.66949, "EMP": 21.53134, "PREFIX": "SR", "ROUTE": "99", "ISLAND": "Oahu", "DIRECTION": "-MP", "TYPE": "Sidewalk", "MATERIAL": "Concrete", "LENGTH": 732.0, "NHS": "YES", "Shape_Leng": 223.05680318500001 }, "geometry": { "type": "MultiLineString", "coordinates": [ [ [ -157.9346, 21.36998 ], [ -157.93358, 21.37174 ] ] ] } },
{ "type": "Feature", "properties": { "BMP": 21.68046, "EMP": 21.67709, "PREFIX": "SR", "ROUTE": "99", "ISLAND": "Oahu", "DIRECTION": "-MP", "TYPE": "Sidewalk", "MATERIAL": "Concrete", "LENGTH": 18.0, "NHS": "YES", "Shape_Leng": 5.47126477616 }, "geometry": { "type": "MultiLineString", "coordinates": [ [ [ -157.93468, 21.36984 ], [ -157.93466, 21.36988 ] ] ] } },
{ "type": "Feature", "properties": { "BMP": 21.78312, "EMP": 21.67999, "PREFIX": "SR", "ROUTE": "99", "ISLAND": "Oahu", "DIRECTION": "-MP", "TYPE": "Sidewalk", "MATERIAL": "Concrete", "LENGTH": 551.0, "NHS": "YES", "Shape_Leng": 168.079929975 }, "geometry": { "type": "MultiLineString", "coordinates": [ [ [ -157.93551, 21.36857 ], [ -157.9346, 21.3698 ] ] ] } },
{ "type": "Feature", "properties": { "BMP": 21.68046, "EMP": 21.68046, "PREFIX": "SR", "ROUTE": "99", "ISLAND": "Oahu", "DIRECTION": "-MP", "TYPE": "Sidewalk", "MATERIAL": "Concrete", "LENGTH": 11.0, "NHS": "YES", "Shape_Leng": 3.2815482342700002 }, "geometry": { "type": "MultiLineString", "coordinates": [ [ [ -157.93471, 21.36985 ], [ -157.93468, 21.36983 ] ] ] } },
{ "type": "Feature", "properties": { "BMP": 21.51957, "EMP": 21.45262, "PREFIX": "SR", "ROUTE": "99", "ISLAND": "Oahu", "DIRECTION": "-MP", "TYPE": "Sidewalk", "MATERIAL": "Concrete", "LENGTH": 358.0, "NHS": "YES", "Shape_Leng": 109.183921817 }, "geometry": { "type": "MultiLineString", "coordinates": [ [ [ -157.93341, 21.37185 ], [ -157.93297, 21.37273 ] ] ] } },
{ "type": "Feature", "properties": { "BMP": 18.72337, "EMP": 18.71635, "PREFIX": "SR", "ROUTE": "99", "ISLAND": "Oahu", "DIRECTION": "-MP", "TYPE": "Sidewalk", "MATERIAL": "Concrete", "LENGTH": 36.0, "NHS": "YES", "Shape_Leng": 11.002633381600001 }, "geometry": { "type": "MultiLineString", "coordinates": [ [ [ -157.96715, 21.39295 ], [ -157.96724, 21.39298 ] ] ] } },
{ "type": "Feature", "properties": { "BMP": 18.71207, "EMP": 18.69201, "PREFIX": "SR", "ROUTE": "99", "ISLAND": "Oahu", "DIRECTION": "-MP", "TYPE": "Sidewalk", "MATERIAL": "Concrete", "LENGTH": 110.0, "NHS": "YES", "Shape_Leng": 33.590870389800003 }, "geometry": { "type": "MultiLineString", "coordinates": [ [ [ -157.96731, 21.393 ], [ -157.9676, 21.39312 ] ] ] } },
{ "type": "Feature", "properties": { "BMP": 18.68032, "EMP": 18.65415, "PREFIX": "SR", "ROUTE": "99", "ISLAND": "Oahu", "DIRECTION": "-MP", "TYPE": "Sidewalk", "MATERIAL": "Concrete", "LENGTH": 141.0, "NHS": "YES", "Shape_Leng": 43.086435538800004 }, "geometry": { "type": "MultiLineString", "coordinates": [ [ [ -157.96777, 21.3932 ], [ -157.96816, 21.3933 ] ] ] } },
{ "type": "Feature", "properties": { "BMP": 18.60276, "EMP": 18.58458, "PREFIX": "SR", "ROUTE": "99", "ISLAND": "Oahu", "DIRECTION": "-MP", "TYPE": "Sidewalk", "MATERIAL": "Asphalt", "LENGTH": 93.0, "NHS": "YES", "Shape_Leng": 28.423877091600001 }, "geometry": { "type": "MultiLineString", "coordinates": [ [ [ -157.96891, 21.39356 ], [ -157.96917, 21.39365 ] ] ] } },
{ "type": "Feature", "properties": { "BMP": 18.64465, "EMP": 18.60997, "PREFIX": "SR", "ROUTE": "99", "ISLAND": "Oahu", "DIRECTION": "-MP", "TYPE": "Sidewalk", "MATERIAL": "Concrete", "LENGTH": 186.0, "NHS": "YES", "Shape_Leng": 56.6390202495 }, "geometry": { "type": "MultiLineString", "coordinates": [ [ [ -157.9683, 21.39335 ], [ -157.96881, 21.39353 ] ] ] } },
{ "type": "Feature", "properties": { "BMP": 18.52323, "EMP": 18.52323, "PREFIX": "SR", "ROUTE": "99", "ISLAND": "Oahu", "DIRECTION": "-MP", "TYPE": "Sidewalk", "MATERIAL": "Concrete", "LENGTH": 5.0, "NHS": "YES", "Shape_Leng": 1.54402070162 }, "geometry": { "type": "MultiLineString", "coordinates": [ [ [ -157.97006, 21.39397 ], [ -157.97006, 21.39396 ] ] ] } },
{ "type": "Feature", "properties": { "BMP": 18.50456, "EMP": 18.48354, "PREFIX": "SR", "ROUTE": "99", "ISLAND": "Oahu", "DIRECTION": "-MP", "TYPE": "Sidewalk", "MATERIAL": "Concrete", "LENGTH": 118.0, "NHS": "YES", "Shape_Leng": 36.099148270800001 }, "geometry": { "type": "MultiLineString", "coordinates": [ [ [ -157.97031, 21.39412 ], [ -157.97064, 21.39416 ] ] ] } },
{ "type": "Feature", "properties": { "BMP": 18.52423, "EMP": 18.52142, "PREFIX": "SR", "ROUTE": "99", "ISLAND": "Oahu", "DIRECTION": "-MP", "TYPE": "Sidewalk", "MATERIAL": "Concrete", "LENGTH": 15.0, "NHS": "YES", "Shape_Leng": 4.6130906834800003 }, "geometry": { "type": "MultiLineString", "coordinates": [ [ [ -157.97004, 21.39397 ], [ -157.97008, 21.39398 ] ] ] } },
{ "type": "Feature", "properties": { "BMP": 18.41688, "EMP": 18.41377, "PREFIX": "SR", "ROUTE": "99", "ISLAND": "Oahu", "DIRECTION": "-MP", "TYPE": "Sidewalk", "MATERIAL": "Concrete", "LENGTH": 16.0, "NHS": "YES", "Shape_Leng": 5.0088403648900002 }, "geometry": { "type": "MultiLineString", "coordinates": [ [ [ -157.97161, 21.39449 ], [ -157.97166, 21.39451 ] ] ] } },
{ "type": "Feature", "properties": { "BMP": 20.92579, "EMP": 20.90729, "PREFIX": "SR", "ROUTE": "99", "ISLAND": "Oahu", "DIRECTION": "-MP", "TYPE": "Sidewalk", "MATERIAL": "Concrete", "LENGTH": 99.0, "NHS": "YES", "Shape_Leng": 30.1286459859 }, "geometry": { "type": "MultiLineString", "coordinates": [ [ [ -157.93641, 21.37893 ], [ -157.93661, 21.37913 ] ] ] } },
{ "type": "Feature", "properties": { "BMP": 20.74172, "EMP": 20.62383, "PREFIX": "SR", "ROUTE": "99", "ISLAND": "Oahu", "DIRECTION": "-MP", "TYPE": "Sidewalk", "MATERIAL": "Concrete", "LENGTH": 623.0, "NHS": "YES", "Shape_Leng": 189.913668441 }, "geometry": { "type": "MultiLineString", "coordinates": [ [ [ -157.9389, 21.38027 ], [ -157.94054, 21.38102 ] ] ] } },
{ "type": "Feature", "properties": { "BMP": 20.96268, "EMP": 20.95241, "PREFIX": "SR", "ROUTE": "99", "ISLAND": "Oahu", "DIRECTION": "-MP", "TYPE": "Sidewalk", "MATERIAL": "Concrete", "LENGTH": 54.0, "NHS": "YES", "Shape_Leng": 16.5291721796 }, "geometry": { "type": "MultiLineString", "coordinates": [ [ [ -157.93597, 21.37858 ], [ -157.9361, 21.37868 ] ] ] } },
{ "type": "Feature", "properties": { "BMP": 20.94606, "EMP": 20.93267, "PREFIX": "SR", "ROUTE": "99", "ISLAND": "Oahu", "DIRECTION": "-MP", "TYPE": "Sidewalk", "MATERIAL": "Concrete", "LENGTH": 70.0, "NHS": "YES", "Shape_Leng": 21.4590006267 }, "geometry": { "type": "MultiLineString", "coordinates": [ [ [ -157.93617, 21.37874 ], [ -157.93633, 21.37886 ] ] ] } },
{ "type": "Feature", "properties": { "BMP": 20.87522, "EMP": 20.87327, "PREFIX": "SR", "ROUTE": "99", "ISLAND": "Oahu", "DIRECTION": "-MP", "TYPE": "Sidewalk", "MATERIAL": "Concrete", "LENGTH": 12.0, "NHS": "YES", "Shape_Leng": 3.542126217 }, "geometry": { "type": "MultiLineString", "coordinates": [ [ [ -157.93704, 21.37939 ], [ -157.93707, 21.3794 ] ] ] } },
{ "type": "Feature", "properties": { "BMP": 20.79252, "EMP": 20.75437, "PREFIX": "SR", "ROUTE": "99", "ISLAND": "Oahu", "DIRECTION": "-MP", "TYPE": "Sidewalk", "MATERIAL": "Concrete", "LENGTH": 202.0, "NHS": "YES", "Shape_Leng": 61.488898276900002 }, "geometry": { "type": "MultiLineString", "coordinates": [ [ [ -157.93819, 21.37995 ], [ -157.93872, 21.3802 ] ] ] } },
{ "type": "Feature", "properties": { "BMP": 20.81387, "EMP": 20.80086, "PREFIX": "SR", "ROUTE": "99", "ISLAND": "Oahu", "DIRECTION": "-MP", "TYPE": "Sidewalk", "MATERIAL": "Concrete", "LENGTH": 69.0, "NHS": "YES", "Shape_Leng": 20.973368391200001 }, "geometry": { "type": "MultiLineString", "coordinates": [ [ [ -157.93788, 21.37983 ], [ -157.93807, 21.37991 ] ] ] } },
{ "type": "Feature", "properties": { "BMP": 20.86172, "EMP": 20.85301, "PREFIX": "SR", "ROUTE": "99", "ISLAND": "Oahu", "DIRECTION": "-MP", "TYPE": "Sidewalk", "MATERIAL": "Concrete", "LENGTH": 48.0, "NHS": "YES", "Shape_Leng": 14.583851922399999 }, "geometry": { "type": "MultiLineString", "coordinates": [ [ [ -157.93721, 21.37951 ], [ -157.93734, 21.37956 ] ] ] } },
{ "type": "Feature", "properties": { "BMP": 20.84818, "EMP": 20.84227, "PREFIX": "SR", "ROUTE": "99", "ISLAND": "Oahu", "DIRECTION": "-MP", "TYPE": "Sidewalk", "MATERIAL": "Concrete", "LENGTH": 32.0, "NHS": "YES", "Shape_Leng": 9.7208557675799998 }, "geometry": { "type": "MultiLineString", "coordinates": [ [ [ -157.9374, 21.3796 ], [ -157.93749, 21.37964 ] ] ] } },
{ "type": "Feature", "properties": { "BMP": 20.97943, "EMP": 20.96906, "PREFIX": "SR", "ROUTE": "99", "ISLAND": "Oahu", "DIRECTION": "-MP", "TYPE": "Sidewalk", "MATERIAL": "Concrete", "LENGTH": 55.0, "NHS": "YES", "Shape_Leng": 16.653537210700001 }, "geometry": { "type": "MultiLineString", "coordinates": [ [ [ -157.93578, 21.37843 ], [ -157.9359, 21.37852 ] ] ] } },
{ "type": "Feature", "properties": { "BMP": 21.00203, "EMP": 20.99049, "PREFIX": "SR", "ROUTE": "99", "ISLAND": "Oahu", "DIRECTION": "-MP", "TYPE": "Sidewalk", "MATERIAL": "Concrete", "LENGTH": 61.0, "NHS": "YES", "Shape_Leng": 18.562585931600001 }, "geometry": { "type": "MultiLineString", "coordinates": [ [ [ -157.93551, 21.37822 ], [ -157.93564, 21.37833 ] ] ] } },
{ "type": "Feature", "properties": { "BMP": 20.898, "EMP": 20.87681, "PREFIX": "SR", "ROUTE": "99", "ISLAND": "Oahu", "DIRECTION": "-MP", "TYPE": "Sidewalk", "MATERIAL": "Concrete", "LENGTH": 120.0, "NHS": "YES", "Shape_Leng": 36.712724747800003 }, "geometry": { "type": "MultiLineString", "coordinates": [ [ [ -157.93673, 21.37921 ], [ -157.93698, 21.37943 ] ] ] } },
{ "type": "Feature", "properties": { "BMP": 20.83322, "EMP": 20.81917, "PREFIX": "SR", "ROUTE": "99", "ISLAND": "Oahu", "DIRECTION": "-MP", "TYPE": "Sidewalk", "MATERIAL": "Concrete", "LENGTH": 75.0, "NHS": "YES", "Shape_Leng": 22.947883187 }, "geometry": { "type": "MultiLineString", "coordinates": [ [ [ -157.93761, 21.37971 ], [ -157.93781, 21.3798 ] ] ] } },
{ "type": "Feature", "properties": { "BMP": 18.47499, "EMP": 18.46635, "PREFIX": "SR", "ROUTE": "99", "ISLAND": "Oahu", "DIRECTION": "-MP", "TYPE": "Sidewalk", "MATERIAL": "Concrete", "LENGTH": 46.0, "NHS": "YES", "Shape_Leng": 13.943273468199999 }, "geometry": { "type": "MultiLineString", "coordinates": [ [ [ -157.97077, 21.3942 ], [ -157.97089, 21.39425 ] ] ] } },
{ "type": "Feature", "properties": { "BMP": 18.57737, "EMP": 18.52637, "PREFIX": "SR", "ROUTE": "99", "ISLAND": "Oahu", "DIRECTION": "-MP", "TYPE": "Sidewalk", "MATERIAL": "Concrete", "LENGTH": 277.0, "NHS": "YES", "Shape_Leng": 84.489073123400004 }, "geometry": { "type": "MultiLineString", "coordinates": [ [ [ -157.96928, 21.39369 ], [ -157.96999, 21.39402 ] ] ] } },
{ "type": "Feature", "properties": { "BMP": 18.45754, "EMP": 18.44046, "PREFIX": "SR", "ROUTE": "99", "ISLAND": "Oahu", "DIRECTION": "-MP", "TYPE": "Sidewalk", "MATERIAL": "Concrete", "LENGTH": 90.0, "NHS": "YES", "Shape_Leng": 27.406201686700001 }, "geometry": { "type": "MultiLineString", "coordinates": [ [ [ -157.97102, 21.39429 ], [ -157.97127, 21.39438 ] ] ] } },
{ "type": "Feature", "properties": { "BMP": 18.43383, "EMP": 18.42191, "PREFIX": "SR", "ROUTE": "99", "ISLAND": "Oahu", "DIRECTION": "-MP", "TYPE": "Sidewalk", "MATERIAL": "Concrete", "LENGTH": 63.0, "NHS": "YES", "Shape_Leng": 19.1664218423 }, "geometry": { "type": "MultiLineString", "coordinates": [ [ [ -157.97137, 21.39441 ], [ -157.97154, 21.39447 ] ] ] } },
{ "type": "Feature", "properties": { "BMP": 18.4135, "EMP": 18.24119, "PREFIX": "SR", "ROUTE": "99", "ISLAND": "Oahu", "DIRECTION": "-MP", "TYPE": "Sidewalk", "MATERIAL": "Asphalt", "LENGTH": 910.0, "NHS": "YES", "Shape_Leng": 277.28536463299997 }, "geometry": { "type": "MultiLineString", "coordinates": [ [ [ -157.97166, 21.39451 ], [ -157.97417, 21.39538 ] ] ] } },
{ "type": "Feature", "properties": { "BMP": 18.2409, "EMP": 18.23171, "PREFIX": "SR", "ROUTE": "99", "ISLAND": "Oahu", "DIRECTION": "-MP", "TYPE": "Sidewalk", "MATERIAL": "Concrete", "LENGTH": 52.0, "NHS": "YES", "Shape_Leng": 15.9534437984 }, "geometry": { "type": "MultiLineString", "coordinates": [ [ [ -157.97417, 21.39539 ], [ -157.97429, 21.39548 ] ] ] } },
{ "type": "Feature", "properties": { "BMP": 20.6137, "EMP": 20.58363, "PREFIX": "SR", "ROUTE": "99", "ISLAND": "Oahu", "DIRECTION": "-MP", "TYPE": "Sidewalk", "MATERIAL": "Concrete", "LENGTH": 171.0, "NHS": "YES", "Shape_Leng": 52.093456621000001 }, "geometry": { "type": "MultiLineString", "coordinates": [ [ [ -157.94066, 21.38112 ], [ -157.94108, 21.38132 ] ] ] } },
{ "type": "Feature", "properties": { "BMP": 20.57397, "EMP": 20.51466, "PREFIX": "SR", "ROUTE": "99", "ISLAND": "Oahu", "DIRECTION": "-MP", "TYPE": "Sidewalk", "MATERIAL": "Concrete", "LENGTH": 328.0, "NHS": "YES", "Shape_Leng": 100.13068988800001 }, "geometry": { "type": "MultiLineString", "coordinates": [ [ [ -157.94121, 21.3814 ], [ -157.94206, 21.38173 ] ] ] } },
{ "type": "Feature", "properties": { "BMP": 18.10921, "EMP": 18.05008, "PREFIX": "SR", "ROUTE": "99", "ISLAND": "Oahu", "DIRECTION": "-MP", "TYPE": "Sidewalk", "MATERIAL": "Concrete", "LENGTH": 312.0, "NHS": "YES", "Shape_Leng": 95.193528540700001 }, "geometry": { "type": "MultiLineString", "coordinates": [ [ [ -157.97611, 21.39601 ], [ -157.97699, 21.39627 ] ] ] } },
{ "type": "Feature", "properties": { "BMP": 18.21296, "EMP": 18.11448, "PREFIX": "SR", "ROUTE": "99", "ISLAND": "Oahu", "DIRECTION": "-MP", "TYPE": "Sidewalk", "MATERIAL": "Concrete", "LENGTH": 530.0, "NHS": "YES", "Shape_Leng": 161.648959332 }, "geometry": { "type": "MultiLineString", "coordinates": [ [ [ -157.97456, 21.39558 ], [ -157.97603, 21.39599 ] ] ] } },
{ "type": "Feature", "properties": { "BMP": 20.50446, "EMP": 20.48483, "PREFIX": "SR", "ROUTE": "99", "ISLAND": "Oahu", "DIRECTION": "-MP", "TYPE": "Sidewalk", "MATERIAL": "Concrete", "LENGTH": 104.0, "NHS": "YES", "Shape_Leng": 31.656667779900001 }, "geometry": { "type": "MultiLineString", "coordinates": [ [ [ -157.94221, 21.38179 ], [ -157.94248, 21.38192 ] ] ] } },
{ "type": "Feature", "properties": { "BMP": 20.45063, "EMP": 20.42646, "PREFIX": "SR", "ROUTE": "99", "ISLAND": "Oahu", "DIRECTION": "-MP", "TYPE": "Sidewalk", "MATERIAL": "Concrete", "LENGTH": 127.0, "NHS": "YES", "Shape_Leng": 38.717708474799998 }, "geometry": { "type": "MultiLineString", "coordinates": [ [ [ -157.94297, 21.38211 ], [ -157.94331, 21.38226 ] ] ] } },
{ "type": "Feature", "properties": { "BMP": 20.41767, "EMP": 20.27571, "PREFIX": "SR", "ROUTE": "99", "ISLAND": "Oahu", "DIRECTION": "-MP", "TYPE": "Sidewalk", "MATERIAL": "Concrete", "LENGTH": 749.0, "NHS": "YES", "Shape_Leng": 228.31173449 }, "geometry": { "type": "MultiLineString", "coordinates": [ [ [ -157.94343, 21.38232 ], [ -157.94539, 21.38325 ] ] ] } },
{ "type": "Feature", "properties": { "BMP": 20.26469, "EMP": 20.23908, "PREFIX": "SR", "ROUTE": "99", "ISLAND": "Oahu", "DIRECTION": "-MP", "TYPE": "Sidewalk", "MATERIAL": "Concrete", "LENGTH": 157.0, "NHS": "YES", "Shape_Leng": 47.948834784799999 }, "geometry": { "type": "MultiLineString", "coordinates": [ [ [ -157.94555, 21.38332 ], [ -157.94584, 21.38362 ] ] ] } },
{ "type": "Feature", "properties": { "BMP": 20.22224, "EMP": 20.22224, "PREFIX": "SR", "ROUTE": "99", "ISLAND": "Oahu", "DIRECTION": "-MP", "TYPE": "Sidewalk", "MATERIAL": "Concrete", "LENGTH": 4.0, "NHS": "YES", "Shape_Leng": 1.33734582671 }, "geometry": { "type": "MultiLineString", "coordinates": [ [ [ -157.94615, 21.38358 ], [ -157.94614, 21.38359 ] ] ] } },
{ "type": "Feature", "properties": { "BMP": 20.23941, "EMP": 20.23693, "PREFIX": "SR", "ROUTE": "99", "ISLAND": "Oahu", "DIRECTION": "-MP", "TYPE": "Sidewalk", "MATERIAL": "Concrete", "LENGTH": 13.0, "NHS": "YES", "Shape_Leng": 4.0002580081300003 }, "geometry": { "type": "MultiLineString", "coordinates": [ [ [ -157.94589, 21.3835 ], [ -157.94593, 21.38351 ] ] ] } },
{ "type": "Feature", "properties": { "BMP": 20.48045, "EMP": 20.45552, "PREFIX": "SR", "ROUTE": "99", "ISLAND": "Oahu", "DIRECTION": "-MP", "TYPE": "Sidewalk", "MATERIAL": "Concrete", "LENGTH": 132.0, "NHS": "YES", "Shape_Leng": 40.305862905799998 }, "geometry": { "type": "MultiLineString", "coordinates": [ [ [ -157.94254, 21.38194 ], [ -157.9429, 21.38208 ] ] ] } },
{ "type": "Feature", "properties": { "BMP": 20.21286, "EMP": 20.13991, "PREFIX": "SR", "ROUTE": "99", "ISLAND": "Oahu", "DIRECTION": "-MP", "TYPE": "Sidewalk", "MATERIAL": "Concrete", "LENGTH": 388.0, "NHS": "YES", "Shape_Leng": 118.134231786 }, "geometry": { "type": "MultiLineString", "coordinates": [ [ [ -157.94626, 21.38368 ], [ -157.94729, 21.38411 ] ] ] } },
{ "type": "Feature", "properties": { "BMP": 20.1145, "EMP": 20.10564, "PREFIX": "SR", "ROUTE": "99", "ISLAND": "Oahu", "DIRECTION": "-MP", "TYPE": "Sidewalk", "MATERIAL": "Concrete", "LENGTH": 47.0, "NHS": "YES", "Shape_Leng": 14.3400377911 }, "geometry": { "type": "MultiLineString", "coordinates": [ [ [ -157.94765, 21.38427 ], [ -157.94777, 21.38433 ] ] ] } },
{ "type": "Feature", "properties": { "BMP": 20.03028, "EMP": 19.8819, "PREFIX": "SR", "ROUTE": "99", "ISLAND": "Oahu", "DIRECTION": "-MP", "TYPE": "Sidewalk", "MATERIAL": "Concrete", "LENGTH": 792.0, "NHS": "YES", "Shape_Leng": 241.38726967 }, "geometry": { "type": "MultiLineString", "coordinates": [ [ [ -157.94881, 21.38483 ], [ -157.95088, 21.38578 ] ] ] } },
{ "type": "Feature", "properties": { "BMP": 20.10111, "EMP": 20.04139, "PREFIX": "SR", "ROUTE": "99", "ISLAND": "Oahu", "DIRECTION": "-MP", "TYPE": "Sidewalk", "MATERIAL": "Concrete", "LENGTH": 319.0, "NHS": "YES", "Shape_Leng": 97.303908898100005 }, "geometry": { "type": "MultiLineString", "coordinates": [ [ [ -157.94783, 21.38436 ], [ -157.94865, 21.38478 ] ] ] } },
{ "type": "Feature", "properties": { "BMP": 20.13519, "EMP": 20.12443, "PREFIX": "SR", "ROUTE": "99", "ISLAND": "Oahu", "DIRECTION": "-MP", "TYPE": "Sidewalk", "MATERIAL": "Concrete", "LENGTH": 57.0, "NHS": "YES", "Shape_Leng": 17.3050084154 }, "geometry": { "type": "MultiLineString", "coordinates": [ [ [ -157.94736, 21.38414 ], [ -157.94751, 21.38421 ] ] ] } },
{ "type": "Feature", "properties": { "BMP": 19.80153, "EMP": 19.77285, "PREFIX": "SR", "ROUTE": "99", "ISLAND": "Oahu", "DIRECTION": "-MP", "TYPE": "Sidewalk", "MATERIAL": "Concrete", "LENGTH": 151.0, "NHS": "YES", "Shape_Leng": 46.025245607700001 }, "geometry": { "type": "MultiLineString", "coordinates": [ [ [ -157.95203, 21.38624 ], [ -157.95243, 21.38642 ] ] ] } },
{ "type": "Feature", "properties": { "BMP": 19.8712, "EMP": 19.80812, "PREFIX": "SR", "ROUTE": "99", "ISLAND": "Oahu", "DIRECTION": "-MP", "TYPE": "Sidewalk", "MATERIAL": "Concrete", "LENGTH": 337.0, "NHS": "YES", "Shape_Leng": 102.60943234 }, "geometry": { "type": "MultiLineString", "coordinates": [ [ [ -157.95103, 21.38585 ], [ -157.95194, 21.38619 ] ] ] } },
{ "type": "Feature", "properties": { "BMP": 19.63029, "EMP": 19.61252, "PREFIX": "SR", "ROUTE": "99", "ISLAND": "Oahu", "DIRECTION": "-MP", "TYPE": "Sidewalk", "MATERIAL": "Concrete", "LENGTH": 100.0, "NHS": "YES", "Shape_Leng": 30.445231959000001 }, "geometry": { "type": "MultiLineString", "coordinates": [ [ [ -157.95438, 21.3874 ], [ -157.95465, 21.38747 ] ] ] } },
{ "type": "Feature", "properties": { "BMP": 19.60815, "EMP": 19.58922, "PREFIX": "SR", "ROUTE": "99", "ISLAND": "Oahu", "DIRECTION": "-MP", "TYPE": "Sidewalk", "MATERIAL": "Concrete", "LENGTH": 100.0, "NHS": "YES", "Shape_Leng": 30.4832084835 }, "geometry": { "type": "MultiLineString", "coordinates": [ [ [ -157.95471, 21.38749 ], [ -157.95498, 21.3876 ] ] ] } },
{ "type": "Feature", "properties": { "BMP": 19.48349, "EMP": 19.4631, "PREFIX": "SR", "ROUTE": "99", "ISLAND": "Oahu", "DIRECTION": "-MP", "TYPE": "Sidewalk", "MATERIAL": "Concrete", "LENGTH": 107.0, "NHS": "YES", "Shape_Leng": 32.624456135899997 }, "geometry": { "type": "MultiLineString", "coordinates": [ [ [ -157.95646, 21.38827 ], [ -157.95675, 21.38839 ] ] ] } },
{ "type": "Feature", "properties": { "BMP": 19.39646, "EMP": 19.38743, "PREFIX": "SR", "ROUTE": "99", "ISLAND": "Oahu", "DIRECTION": "-MP", "TYPE": "Sidewalk", "MATERIAL": "Asphalt", "LENGTH": 48.0, "NHS": "YES", "Shape_Leng": 14.528314501200001 }, "geometry": { "type": "MultiLineString", "coordinates": [ [ [ -157.95768, 21.38881 ], [ -157.95781, 21.38885 ] ] ] } },
{ "type": "Feature", "properties": { "BMP": 19.58287, "EMP": 19.49467, "PREFIX": "SR", "ROUTE": "99", "ISLAND": "Oahu", "DIRECTION": "-MP", "TYPE": "Sidewalk", "MATERIAL": "Concrete", "LENGTH": 467.0, "NHS": "YES", "Shape_Leng": 142.2293582 }, "geometry": { "type": "MultiLineString", "coordinates": [ [ [ -157.95507, 21.38765 ], [ -157.9563, 21.38821 ] ] ] } },
{ "type": "Feature", "properties": { "BMP": 19.37542, "EMP": 19.26569, "PREFIX": "SR", "ROUTE": "99", "ISLAND": "Oahu", "DIRECTION": "-MP", "TYPE": "Sidewalk", "MATERIAL": "Asphalt", "LENGTH": 586.0, "NHS": "YES", "Shape_Leng": 178.53304613099999 }, "geometry": { "type": "MultiLineString", "coordinates": [ [ [ -157.95797, 21.38894 ], [ -157.95946, 21.3897 ] ] ] } },
{ "type": "Feature", "properties": { "BMP": 19.45421, "EMP": 19.43327, "PREFIX": "SR", "ROUTE": "99", "ISLAND": "Oahu", "DIRECTION": "-MP", "TYPE": "Sidewalk", "MATERIAL": "Concrete", "LENGTH": 110.0, "NHS": "YES", "Shape_Leng": 33.594693857300001 }, "geometry": { "type": "MultiLineString", "coordinates": [ [ [ -157.95687, 21.38844 ], [ -157.95717, 21.38858 ] ] ] } },
{ "type": "Feature", "properties": { "BMP": 19.2459, "EMP": 19.07146, "PREFIX": "SR", "ROUTE": "99", "ISLAND": "Oahu", "DIRECTION": "-MP", "TYPE": "Sidewalk", "MATERIAL": "Asphalt", "LENGTH": 927.0, "NHS": "YES", "Shape_Leng": 282.611159719 }, "geometry": { "type": "MultiLineString", "coordinates": [ [ [ -157.95975, 21.38982 ], [ -157.96221, 21.39088 ] ] ] } },
{ "type": "Feature", "properties": { "BMP": 19.26403, "EMP": 19.24894, "PREFIX": "SR", "ROUTE": "99", "ISLAND": "Oahu", "DIRECTION": "-MP", "TYPE": "Sidewalk", "MATERIAL": "Concrete", "LENGTH": 81.0, "NHS": "YES", "Shape_Leng": 24.595305125300001 }, "geometry": { "type": "MultiLineString", "coordinates": [ [ [ -157.95951, 21.38967 ], [ -157.95972, 21.38978 ] ] ] } },
{ "type": "Feature", "properties": { "BMP": 19.26438, "EMP": 19.26438, "PREFIX": "SR", "ROUTE": "99", "ISLAND": "Oahu", "DIRECTION": "-MP", "TYPE": "Sidewalk", "MATERIAL": "Concrete", "LENGTH": 5.0, "NHS": "YES", "Shape_Leng": 1.57213470392 }, "geometry": { "type": "MultiLineString", "coordinates": [ [ [ -157.95952, 21.38965 ], [ -157.95951, 21.38966 ] ] ] } },
{ "type": "Feature", "properties": { "BMP": 16.32421, "EMP": 16.32091, "PREFIX": "SR", "ROUTE": "99", "ISLAND": "Oahu", "DIRECTION": "-MP", "TYPE": "Sidewalk", "MATERIAL": "Concrete", "LENGTH": 22.0, "NHS": "YES", "Shape_Leng": 6.8122618553400001 }, "geometry": { "type": "MultiLineString", "coordinates": [ [ [ -157.99656, 21.40598 ], [ -157.99663, 21.406 ] ] ] } },
{ "type": "Feature", "properties": { "BMP": 15.93275, "EMP": 15.89709, "PREFIX": "SR", "ROUTE": "99", "ISLAND": "Oahu", "DIRECTION": "-MP", "TYPE": "Sidewalk", "MATERIAL": "Concrete", "LENGTH": 189.0, "NHS": "YES", "Shape_Leng": 57.629960340399997 }, "geometry": { "type": "MultiLineString", "coordinates": [ [ [ -157.99985, 21.41075 ], [ -158.00015, 21.41119 ] ] ] } },
{ "type": "Feature", "properties": { "BMP": 16.33836, "EMP": 16.33469, "PREFIX": "SR", "ROUTE": "99", "ISLAND": "Oahu", "DIRECTION": "-MP", "TYPE": "Sidewalk", "MATERIAL": "Concrete", "LENGTH": 26.0, "NHS": "YES", "Shape_Leng": 7.9419764322199997 }, "geometry": { "type": "MultiLineString", "coordinates": [ [ [ -157.99648, 21.40578 ], [ -157.99647, 21.40585 ] ] ] } },
{ "type": "Feature", "properties": { "BMP": 15.23564, "EMP": 15.23289, "PREFIX": "SR", "ROUTE": "99", "ISLAND": "Oahu", "DIRECTION": "-MP", "TYPE": "Sidewalk", "MATERIAL": "Concrete", "LENGTH": 15.0, "NHS": "YES", "Shape_Leng": 4.4326756130699998 }, "geometry": { "type": "MultiLineString", "coordinates": [ [ [ -158.00553, 21.41937 ], [ -158.00556, 21.4194 ] ] ] } },
{ "type": "Feature", "properties": { "BMP": 15.28373, "EMP": 15.23616, "PREFIX": "SR", "ROUTE": "99", "ISLAND": "Oahu", "DIRECTION": "-MP", "TYPE": "Sidewalk", "MATERIAL": "Concrete", "LENGTH": 263.0, "NHS": "YES", "Shape_Leng": 80.105946566300005 }, "geometry": { "type": "MultiLineString", "coordinates": [ [ [ -158.00516, 21.41876 ], [ -158.00544, 21.41942 ] ] ] } },
{ "type": "Feature", "properties": { "BMP": 2.25672, "EMP": 2.25637, "PREFIX": "SR", "ROUTE": "7101", "ISLAND": "Oahu", "DIRECTION": "-MP", "TYPE": "Sidewalk", "MATERIAL": "Concrete", "LENGTH": 3.0, "NHS": "YES", "Shape_Leng": 0.76756263614999998 }, "geometry": { "type": "MultiLineString", "coordinates": [ [ [ -157.99517, 21.38914 ], [ -157.99518, 21.38914 ] ] ] } },
{ "type": "Feature", "properties": { "BMP": 15.20684, "EMP": 15.05159, "PREFIX": "SR", "ROUTE": "99", "ISLAND": "Oahu", "DIRECTION": "-MP", "TYPE": "Sidewalk", "MATERIAL": "Concrete", "LENGTH": 827.0, "NHS": "YES", "Shape_Leng": 252.010039369 }, "geometry": { "type": "MultiLineString", "coordinates": [ [ [ -158.00576, 21.41973 ], [ -158.00693, 21.4217 ] ] ] } },
{ "type": "Feature", "properties": { "BMP": 15.95934, "EMP": 15.95588, "PREFIX": "SR", "ROUTE": "99", "ISLAND": "Oahu", "DIRECTION": "-MP", "TYPE": "Sidewalk", "MATERIAL": "Concrete", "LENGTH": 19.0, "NHS": "YES", "Shape_Leng": 5.9137227855200001 }, "geometry": { "type": "MultiLineString", "coordinates": [ [ [ -157.99965, 21.41041 ], [ -157.99969, 21.41045 ] ] ] } },
{ "type": "Feature", "properties": { "BMP": 16.03062, "EMP": 15.95984, "PREFIX": "SR", "ROUTE": "99", "ISLAND": "Oahu", "DIRECTION": "-MP", "TYPE": "Sidewalk", "MATERIAL": "Concrete", "LENGTH": 388.0, "NHS": "YES", "Shape_Leng": 118.176092157 }, "geometry": { "type": "MultiLineString", "coordinates": [ [ [ -157.99906, 21.40953 ], [ -157.99956, 21.41046 ] ] ] } },
{ "type": "Feature", "properties": { "BMP": 12.8141, "EMP": 12.81245, "PREFIX": "SR", "ROUTE": "99", "ISLAND": "Oahu", "DIRECTION": "-MP", "TYPE": "Sidewalk", "MATERIAL": "Concrete", "LENGTH": 9.0, "NHS": "YES", "Shape_Leng": 2.6789156847700002 }, "geometry": { "type": "MultiLineString", "coordinates": [ [ [ -158.01542, 21.45096 ], [ -158.01543, 21.45098 ] ] ] } },
{ "type": "Feature", "properties": { "BMP": 12.79319, "EMP": 12.79267, "PREFIX": "SR", "ROUTE": "99", "ISLAND": "Oahu", "DIRECTION": "-MP", "TYPE": "Sidewalk", "MATERIAL": "Concrete", "LENGTH": 7.0, "NHS": "YES", "Shape_Leng": 2.2634329969600002 }, "geometry": { "type": "MultiLineString", "coordinates": [ [ [ -158.0155, 21.45125 ], [ -158.01548, 21.45126 ] ] ] } },
{ "type": "Feature", "properties": { "BMP": 13.33934, "EMP": 13.33169, "PREFIX": "SR", "ROUTE": "99", "ISLAND": "Oahu", "DIRECTION": "-MP", "TYPE": "Sidewalk", "MATERIAL": "Concrete", "LENGTH": 48.0, "NHS": "YES", "Shape_Leng": 14.606746066 }, "geometry": { "type": "MultiLineString", "coordinates": [ [ [ -158.01318, 21.44363 ], [ -158.01315, 21.44376 ] ] ] } },
{ "type": "Feature", "properties": { "BMP": 12.81438, "EMP": 12.81378, "PREFIX": "SR", "ROUTE": "99", "ISLAND": "Oahu", "DIRECTION": "-MP", "TYPE": "Sidewalk", "MATERIAL": "Concrete", "LENGTH": 7.0, "NHS": "YES", "Shape_Leng": 2.2272769131499999 }, "geometry": { "type": "MultiLineString", "coordinates": [ [ [ -158.01542, 21.45095 ], [ -158.01544, 21.45096 ] ] ] } },
{ "type": "Feature", "properties": { "BMP": 12.81878, "EMP": 12.8144, "PREFIX": "SR", "ROUTE": "99", "ISLAND": "Oahu", "DIRECTION": "-MP", "TYPE": "Sidewalk", "MATERIAL": "Concrete", "LENGTH": 32.0, "NHS": "YES", "Shape_Leng": 9.8813445488199996 }, "geometry": { "type": "MultiLineString", "coordinates": [ [ [ -158.01537, 21.45089 ], [ -158.01532, 21.45097 ] ] ] } },
{ "type": "Feature", "properties": { "BMP": 12.78928, "EMP": 12.47278, "PREFIX": "SR", "ROUTE": "99", "ISLAND": "Oahu", "DIRECTION": "-MP", "TYPE": "Sidewalk", "MATERIAL": "Concrete", "LENGTH": 1696.0, "NHS": "YES", "Shape_Leng": 517.00476241199999 }, "geometry": { "type": "MultiLineString", "coordinates": [ [ [ -158.01544, 21.45132 ], [ -158.01606, 21.45589 ] ] ] } },
{ "type": "Feature", "properties": { "BMP": 12.25772, "EMP": 11.98812, "PREFIX": "SR", "ROUTE": "99", "ISLAND": "Oahu", "DIRECTION": "-MP", "TYPE": "Sidewalk", "MATERIAL": "Asphalt", "LENGTH": 1469.0, "NHS": "YES", "Shape_Leng": 446.850012236 }, "geometry": { "type": "MultiLineString", "coordinates": [ [ [ -158.01761, 21.45868 ], [ -158.02124, 21.46066 ] ] ] } },
{ "type": "Feature", "properties": { "BMP": 12.33295, "EMP": 12.29942, "PREFIX": "SR", "ROUTE": "99", "ISLAND": "Oahu", "DIRECTION": "-MP", "TYPE": "Sidewalk", "MATERIAL": "Concrete", "LENGTH": 185.0, "NHS": "YES", "Shape_Leng": 56.2509026639 }, "geometry": { "type": "MultiLineString", "coordinates": [ [ [ -158.01683, 21.45783 ], [ -158.01713, 21.45824 ] ] ] } },
{ "type": "Feature", "properties": { "BMP": 12.47281, "EMP": 12.47021, "PREFIX": "SR", "ROUTE": "99", "ISLAND": "Oahu", "DIRECTION": "-MP", "TYPE": "Sidewalk", "MATERIAL": "Concrete", "LENGTH": 16.0, "NHS": "YES", "Shape_Leng": 4.9595385968 }, "geometry": { "type": "MultiLineString", "coordinates": [ [ [ -158.01619, 21.45587 ], [ -158.01622, 21.4559 ] ] ] } },
{ "type": "Feature", "properties": { "BMP": 11.77841, "EMP": 11.75467, "PREFIX": "SR", "ROUTE": "99", "ISLAND": "Oahu", "DIRECTION": "-MP", "TYPE": "Sidewalk", "MATERIAL": "Concrete", "LENGTH": 122.0, "NHS": "YES", "Shape_Leng": 37.2629419676 }, "geometry": { "type": "MultiLineString", "coordinates": [ [ [ -158.02337, 21.4626 ], [ -158.02347, 21.46291 ] ] ] } },
{ "type": "Feature", "properties": { "BMP": 10.09519, "EMP": 10.09489, "PREFIX": "SR", "ROUTE": "99", "ISLAND": "Oahu", "DIRECTION": "-MP", "TYPE": "Sidewalk", "MATERIAL": "Concrete", "LENGTH": 8.0, "NHS": "YES", "Shape_Leng": 2.56453066583 }, "geometry": { "type": "MultiLineString", "coordinates": [ [ [ -158.02767, 21.48666 ], [ -158.02769, 21.48666 ] ] ] } },
{ "type": "Feature", "properties": { "BMP": 10.5678, "EMP": 10.56609, "PREFIX": "SR", "ROUTE": "99", "ISLAND": "Oahu", "DIRECTION": "-MP", "TYPE": "Sidewalk", "MATERIAL": "Concrete", "LENGTH": 10.0, "NHS": "YES", "Shape_Leng": 3.0581305648399999 }, "geometry": { "type": "MultiLineString", "coordinates": [ [ [ -158.02646, 21.4799 ], [ -158.02645, 21.47992 ] ] ] } },
{ "type": "Feature", "properties": { "BMP": 11.78455, "EMP": 11.78109, "PREFIX": "SR", "ROUTE": "99", "ISLAND": "Oahu", "DIRECTION": "-MP", "TYPE": "Sidewalk", "MATERIAL": "Asphalt", "LENGTH": 20.0, "NHS": "YES", "Shape_Leng": 6.0183220620700002 }, "geometry": { "type": "MultiLineString", "coordinates": [ [ [ -158.02341, 21.46249 ], [ -158.02344, 21.46254 ] ] ] } },
{ "type": "Feature", "properties": { "BMP": 11.97624, "EMP": 11.79539, "PREFIX": "SR", "ROUTE": "99", "ISLAND": "Oahu", "DIRECTION": "-MP", "TYPE": "Sidewalk", "MATERIAL": "Asphalt", "LENGTH": 958.0, "NHS": "YES", "Shape_Leng": 291.72134906299999 }, "geometry": { "type": "MultiLineString", "coordinates": [ [ [ -158.02146, 21.46064 ], [ -158.02324, 21.46239 ] ] ] } },
{ "type": "Feature", "properties": { "BMP": 9.68189, "EMP": 9.65697, "PREFIX": "SR", "ROUTE": "99", "ISLAND": "Oahu", "DIRECTION": "-MP", "TYPE": "Sidewalk", "MATERIAL": "Concrete", "LENGTH": 132.0, "NHS": "YES", "Shape_Leng": 40.1880612593 }, "geometry": { "type": "MultiLineString", "coordinates": [ [ [ -158.03022, 21.49091 ], [ -158.03059, 21.4908 ] ] ] } },
{ "type": "Feature", "properties": { "BMP": 10.08375, "EMP": 10.07521, "PREFIX": "SR", "ROUTE": "99", "ISLAND": "Oahu", "DIRECTION": "-MP", "TYPE": "Sidewalk", "MATERIAL": "Concrete", "LENGTH": 45.0, "NHS": "YES", "Shape_Leng": 13.829017926300001 }, "geometry": { "type": "MultiLineString", "coordinates": [ [ [ -158.0277, 21.48683 ], [ -158.02771, 21.48695 ] ] ] } },
{ "type": "Feature", "properties": { "BMP": 9.6206, "EMP": 9.59583, "PREFIX": "SR", "ROUTE": "99", "ISLAND": "Oahu", "DIRECTION": "-MP", "TYPE": "Sidewalk", "MATERIAL": "Concrete", "LENGTH": 130.0, "NHS": "YES", "Shape_Leng": 39.726432611500002 }, "geometry": { "type": "MultiLineString", "coordinates": [ [ [ -158.03113, 21.49064 ], [ -158.0315, 21.49055 ] ] ] } },
{ "type": "Feature", "properties": { "BMP": 10.57655, "EMP": 10.5748, "PREFIX": "SR", "ROUTE": "99", "ISLAND": "Oahu", "DIRECTION": "-MP", "TYPE": "Sidewalk", "MATERIAL": "Concrete", "LENGTH": 9.0, "NHS": "YES", "Shape_Leng": 2.8127404663400002 }, "geometry": { "type": "MultiLineString", "coordinates": [ [ [ -158.02643, 21.47977 ], [ -158.02644, 21.4798 ] ] ] } },
{ "type": "Feature", "properties": { "BMP": 11.79676, "EMP": 11.79236, "PREFIX": "SR", "ROUTE": "99", "ISLAND": "Oahu", "DIRECTION": "-MP", "TYPE": "Sidewalk", "MATERIAL": "Asphalt", "LENGTH": 22.0, "NHS": "YES", "Shape_Leng": 6.8524196315200001 }, "geometry": { "type": "MultiLineString", "coordinates": [ [ [ -158.02335, 21.46233 ], [ -158.02338, 21.46239 ] ] ] } },
{ "type": "Feature", "properties": { "BMP": 9.78126, "EMP": 9.76621, "PREFIX": "SR", "ROUTE": "99", "ISLAND": "Oahu", "DIRECTION": "-MP", "TYPE": "Sidewalk", "MATERIAL": "Concrete", "LENGTH": 76.0, "NHS": "YES", "Shape_Leng": 23.122566919699999 }, "geometry": { "type": "MultiLineString", "coordinates": [ [ [ -158.02875, 21.49106 ], [ -158.02894, 21.49115 ] ] ] } },
{ "type": "Feature", "properties": { "BMP": 10.09875, "EMP": 10.09166, "PREFIX": "SR", "ROUTE": "99", "ISLAND": "Oahu", "DIRECTION": "-MP", "TYPE": "Sidewalk", "MATERIAL": "Concrete", "LENGTH": 38.0, "NHS": "YES", "Shape_Leng": 11.5826140535 }, "geometry": { "type": "MultiLineString", "coordinates": [ [ [ -158.02765, 21.48661 ], [ -158.02768, 21.48671 ] ] ] } },
{ "type": "Feature", "properties": { "BMP": 11.7817, "EMP": 11.7817, "PREFIX": "SR", "ROUTE": "99", "ISLAND": "Oahu", "DIRECTION": "-MP", "TYPE": "Sidewalk", "MATERIAL": "Asphalt", "LENGTH": 6.0, "NHS": "YES", "Shape_Leng": 1.96010190012 }, "geometry": { "type": "MultiLineString", "coordinates": [ [ [ -158.02342, 21.46253 ], [ -158.0234, 21.46254 ] ] ] } },
{ "type": "Feature", "properties": { "BMP": 10.66987, "EMP": 10.57662, "PREFIX": "SR", "ROUTE": "99", "ISLAND": "Oahu", "DIRECTION": "-MP", "TYPE": "Sidewalk", "MATERIAL": "Concrete", "LENGTH": 502.0, "NHS": "YES", "Shape_Leng": 153.06004221800001 }, "geometry": { "type": "MultiLineString", "coordinates": [ [ [ -158.02616, 21.47844 ], [ -158.02635, 21.47979 ] ] ] } },
{ "type": "Feature", "properties": { "BMP": 9.77628, "EMP": 9.7737, "PREFIX": "SR", "ROUTE": "99", "ISLAND": "Oahu", "DIRECTION": "-MP", "TYPE": "Sidewalk", "MATERIAL": "Concrete", "LENGTH": 23.0, "NHS": "YES", "Shape_Leng": 6.8703595566800004 }, "geometry": { "type": "MultiLineString", "coordinates": [ [ [ -158.02877, 21.49117 ], [ -158.0288, 21.49122 ] ] ] } },
{ "type": "Feature", "properties": { "BMP": 10.56359, "EMP": 10.56171, "PREFIX": "SR", "ROUTE": "99", "ISLAND": "Oahu", "DIRECTION": "-MP", "TYPE": "Sidewalk", "MATERIAL": "Concrete", "LENGTH": 12.0, "NHS": "YES", "Shape_Leng": 3.6272846375599999 }, "geometry": { "type": "MultiLineString", "coordinates": [ [ [ -158.02641, 21.47997 ], [ -158.02643, 21.47999 ] ] ] } },
{ "type": "Feature", "properties": { "BMP": 10.5667, "EMP": 10.56634, "PREFIX": "SR", "ROUTE": "99", "ISLAND": "Oahu", "DIRECTION": "-MP", "TYPE": "Sidewalk", "MATERIAL": "Concrete", "LENGTH": 6.0, "NHS": "YES", "Shape_Leng": 1.87149919862 }, "geometry": { "type": "MultiLineString", "coordinates": [ [ [ -158.02646, 21.47991 ], [ -158.02648, 21.47992 ] ] ] } },
{ "type": "Feature", "properties": { "BMP": 9.58227, "EMP": 9.55437, "PREFIX": "SR", "ROUTE": "99", "ISLAND": "Oahu", "DIRECTION": "-MP", "TYPE": "Sidewalk", "MATERIAL": "Concrete", "LENGTH": 148.0, "NHS": "YES", "Shape_Leng": 44.999244152899998 }, "geometry": { "type": "MultiLineString", "coordinates": [ [ [ -158.03171, 21.49052 ], [ -158.03213, 21.4904 ] ] ] } },
{ "type": "Feature", "properties": { "BMP": 9.3356, "EMP": 9.19778, "PREFIX": "SR", "ROUTE": "99", "ISLAND": "Oahu", "DIRECTION": "-MP", "TYPE": "Sidewalk", "MATERIAL": "Concrete", "LENGTH": 729.0, "NHS": "YES", "Shape_Leng": 222.27308141399999 }, "geometry": { "type": "MultiLineString", "coordinates": [ [ [ -158.03539, 21.4895 ], [ -158.03743, 21.48891 ] ] ] } },
{ "type": "Feature", "properties": { "BMP": 9.44689, "EMP": 9.42621, "PREFIX": "SR", "ROUTE": "99", "ISLAND": "Oahu", "DIRECTION": "-MP", "TYPE": "Sidewalk", "MATERIAL": "Concrete", "LENGTH": 109.0, "NHS": "YES", "Shape_Leng": 33.176443117700003 }, "geometry": { "type": "MultiLineString", "coordinates": [ [ [ -158.03372, 21.48993 ], [ -158.03403, 21.48984 ] ] ] } },
{ "type": "Feature", "properties": { "BMP": 9.42013, "EMP": 9.34666, "PREFIX": "SR", "ROUTE": "99", "ISLAND": "Oahu", "DIRECTION": "-MP", "TYPE": "Sidewalk", "MATERIAL": "Concrete", "LENGTH": 388.0, "NHS": "YES", "Shape_Leng": 118.340718323 }, "geometry": { "type": "MultiLineString", "coordinates": [ [ [ -158.03412, 21.48981 ], [ -158.03522, 21.48953 ] ] ] } },
{ "type": "Feature", "properties": { "BMP": 9.506, "EMP": 9.4624, "PREFIX": "SR", "ROUTE": "99", "ISLAND": "Oahu", "DIRECTION": "-MP", "TYPE": "Sidewalk", "MATERIAL": "Concrete", "LENGTH": 231.0, "NHS": "YES", "Shape_Leng": 70.345561321700004 }, "geometry": { "type": "MultiLineString", "coordinates": [ [ [ -158.03285, 21.49021 ], [ -158.03349, 21.49001 ] ] ] } },
{ "type": "Feature", "properties": { "BMP": 12.43939, "EMP": 12.34115, "PREFIX": "SR", "ROUTE": "99", "ISLAND": "Oahu", "DIRECTION": "-MP", "TYPE": "Sidewalk", "MATERIAL": "Concrete", "LENGTH": 532.0, "NHS": "YES", "Shape_Leng": 162.10855948700001 }, "geometry": { "type": "MultiLineString", "coordinates": [ [ [ -158.01627, 21.45634 ], [ -158.01676, 21.45772 ] ] ] } },
{ "type": "Feature", "properties": { "BMP": 12.28684, "EMP": 12.26513, "PREFIX": "SR", "ROUTE": "99", "ISLAND": "Oahu", "DIRECTION": "-MP", "TYPE": "Sidewalk", "MATERIAL": "Concrete", "LENGTH": 122.0, "NHS": "YES", "Shape_Leng": 37.090876047599998 }, "geometry": { "type": "MultiLineString", "coordinates": [ [ [ -158.01724, 21.45841 ], [ -158.01752, 21.45861 ] ] ] } },
{ "type": "Feature", "properties": { "BMP": 9.65098, "EMP": 9.6254, "PREFIX": "SR", "ROUTE": "99", "ISLAND": "Oahu", "DIRECTION": "-MP", "TYPE": "Sidewalk", "MATERIAL": "Concrete", "LENGTH": 134.0, "NHS": "YES", "Shape_Leng": 40.9873630409 }, "geometry": { "type": "MultiLineString", "coordinates": [ [ [ -158.03068, 21.49077 ], [ -158.03106, 21.49067 ] ] ] } },
{ "type": "Feature", "properties": { "BMP": 9.53957, "EMP": 9.51335, "PREFIX": "SR", "ROUTE": "99", "ISLAND": "Oahu", "DIRECTION": "-MP", "TYPE": "Sidewalk", "MATERIAL": "Asphalt", "LENGTH": 140.0, "NHS": "YES", "Shape_Leng": 42.557649706799999 }, "geometry": { "type": "MultiLineString", "coordinates": [ [ [ -158.03235, 21.49033 ], [ -158.03274, 21.49023 ] ] ] } },
{ "type": "Feature", "properties": { "BMP": 11.98777, "EMP": 11.97972, "PREFIX": "SR", "ROUTE": "99", "ISLAND": "Oahu", "DIRECTION": "-MP", "TYPE": "Sidewalk", "MATERIAL": "Concrete", "LENGTH": 42.0, "NHS": "YES", "Shape_Leng": 12.8919792891 }, "geometry": { "type": "MultiLineString", "coordinates": [ [ [ -158.02132, 21.46053 ], [ -158.02143, 21.46058 ] ] ] } },
{ "type": "Feature", "properties": { "BMP": 9.0617, "EMP": 9.06007, "PREFIX": "SR", "ROUTE": "99", "ISLAND": "Oahu", "DIRECTION": "-MP", "TYPE": "Sidewalk", "MATERIAL": "Concrete", "LENGTH": 9.0, "NHS": "YES", "Shape_Leng": 2.8387203672500001 }, "geometry": { "type": "MultiLineString", "coordinates": [ [ [ -158.03949, 21.48877 ], [ -158.03951, 21.48878 ] ] ] } },
{ "type": "Feature", "properties": { "BMP": 9.05513, "EMP": 8.75867, "PREFIX": "SR", "ROUTE": "99", "ISLAND": "Oahu", "DIRECTION": "-MP", "TYPE": "Sidewalk", "MATERIAL": "Concrete", "LENGTH": 1552.0, "NHS": "YES", "Shape_Leng": 473.12534035 }, "geometry": { "type": "MultiLineString", "coordinates": [ [ [ -158.03959, 21.4888 ], [ -158.04386, 21.48984 ] ] ] } },
{ "type": "Feature", "properties": { "BMP": 8.664, "EMP": 8.47762, "PREFIX": "SR", "ROUTE": "99", "ISLAND": "Oahu", "DIRECTION": "-MP", "TYPE": "Sidewalk", "MATERIAL": "Concrete", "LENGTH": 989.0, "NHS": "YES", "Shape_Leng": 301.37287774100002 }, "geometry": { "type": "MultiLineString", "coordinates": [ [ [ -158.04497, 21.49074 ], [ -158.04723, 21.49244 ] ] ] } },
{ "type": "Feature", "properties": { "BMP": 8.18409, "EMP": 8.13612, "PREFIX": "SR", "ROUTE": "99", "ISLAND": "Oahu", "DIRECTION": "-MP", "TYPE": "Sidewalk", "MATERIAL": "Concrete", "LENGTH": 253.0, "NHS": "YES", "Shape_Leng": 77.228202254699994 }, "geometry": { "type": "MultiLineString", "coordinates": [ [ [ -158.05048, 21.49529 ], [ -158.05065, 21.49597 ] ] ] } },
{ "type": "Feature", "properties": { "BMP": 8.46803, "EMP": 8.37201, "PREFIX": "SR", "ROUTE": "99", "ISLAND": "Oahu", "DIRECTION": "-MP", "TYPE": "Sidewalk", "MATERIAL": "Concrete", "LENGTH": 508.0, "NHS": "YES", "Shape_Leng": 154.76153662499999 }, "geometry": { "type": "MultiLineString", "coordinates": [ [ [ -158.04734, 21.49253 ], [ -158.04851, 21.4934 ] ] ] } },
{ "type": "Feature", "properties": { "BMP": 8.68169, "EMP": 8.67971, "PREFIX": "SR", "ROUTE": "99", "ISLAND": "Oahu", "DIRECTION": "-MP", "TYPE": "Sidewalk", "MATERIAL": "Concrete", "LENGTH": 11.0, "NHS": "YES", "Shape_Leng": 3.2038428132800001 }, "geometry": { "type": "MultiLineString", "coordinates": [ [ [ -158.0448, 21.49053 ], [ -158.04482, 21.49055 ] ] ] } },
{ "type": "Feature", "properties": { "BMP": 8.75202, "EMP": 8.68271, "PREFIX": "SR", "ROUTE": "99", "ISLAND": "Oahu", "DIRECTION": "-MP", "TYPE": "Sidewalk", "MATERIAL": "Concrete", "LENGTH": 376.0, "NHS": "YES", "Shape_Leng": 114.538305601 }, "geometry": { "type": "MultiLineString", "coordinates": [ [ [ -158.04394, 21.4899 ], [ -158.04472, 21.4906 ] ] ] } },
{ "type": "Feature", "properties": { "BMP": 8.68214, "EMP": 8.68214, "PREFIX": "SR", "ROUTE": "99", "ISLAND": "Oahu", "DIRECTION": "-MP", "TYPE": "Sidewalk", "MATERIAL": "Concrete", "LENGTH": 9.0, "NHS": "YES", "Shape_Leng": 2.8076945215400002 }, "geometry": { "type": "MultiLineString", "coordinates": [ [ [ -158.04479, 21.49053 ], [ -158.04481, 21.49052 ] ] ] } },
{ "type": "Feature", "properties": { "BMP": 9.1892, "EMP": 9.13511, "PREFIX": "SR", "ROUTE": "99", "ISLAND": "Oahu", "DIRECTION": "-MP", "TYPE": "Sidewalk", "MATERIAL": "Concrete", "LENGTH": 278.0, "NHS": "YES", "Shape_Leng": 84.8142462295 }, "geometry": { "type": "MultiLineString", "coordinates": [ [ [ -158.03755, 21.48886 ], [ -158.03836, 21.48875 ] ] ] } },
{ "type": "Feature", "properties": { "BMP": 8.3631, "EMP": 8.31556, "PREFIX": "SR", "ROUTE": "99", "ISLAND": "Oahu", "DIRECTION": "-MP", "TYPE": "Sidewalk", "MATERIAL": "Concrete", "LENGTH": 252.0, "NHS": "YES", "Shape_Leng": 76.7120761133 }, "geometry": { "type": "MultiLineString", "coordinates": [ [ [ -158.04862, 21.49348 ], [ -158.04917, 21.49394 ] ] ] } },
{ "type": "Feature", "properties": { "BMP": 8.66828, "EMP": 8.66689, "PREFIX": "SR", "ROUTE": "99", "ISLAND": "Oahu", "DIRECTION": "-MP", "TYPE": "Sidewalk", "MATERIAL": "Concrete", "LENGTH": 9.0, "NHS": "YES", "Shape_Leng": 2.8264868133299998 }, "geometry": { "type": "MultiLineString", "coordinates": [ [ [ -158.04496, 21.49066 ], [ -158.04496, 21.49068 ] ] ] } },
{ "type": "Feature", "properties": { "BMP": 8.12297, "EMP": 8.0906, "PREFIX": "SR", "ROUTE": "99", "ISLAND": "Oahu", "DIRECTION": "-MP", "TYPE": "Sidewalk", "MATERIAL": "Concrete", "LENGTH": 172.0, "NHS": "YES", "Shape_Leng": 52.351460664000001 }, "geometry": { "type": "MultiLineString", "coordinates": [ [ [ -158.05067, 21.49616 ], [ -158.05082, 21.49661 ] ] ] } },
{ "type": "Feature", "properties": { "BMP": 9.12754, "EMP": 9.06796, "PREFIX": "SR", "ROUTE": "99", "ISLAND": "Oahu", "DIRECTION": "-MP", "TYPE": "Sidewalk", "MATERIAL": "Concrete", "LENGTH": 314.0, "NHS": "YES", "Shape_Leng": 95.6340978793 }, "geometry": { "type": "MultiLineString", "coordinates": [ [ [ -158.03847, 21.48874 ], [ -158.03939, 21.48875 ] ] ] } },
{ "type": "Feature", "properties": { "BMP": 0.40999, "EMP": 0.38475, "PREFIX": "SR", "ROUTE": "7601", "ISLAND": "Oahu", "DIRECTION": "-MP", "TYPE": "Sidewalk", "MATERIAL": "Concrete", "LENGTH": 144.0, "NHS": "YES", "Shape_Leng": 43.978779512400003 }, "geometry": { "type": "MultiLineString", "coordinates": [ [ [ -157.81914, 21.29012 ], [ -157.81876, 21.28994 ] ] ] } },
{ "type": "Feature", "properties": { "BMP": 0.33521, "EMP": 0.3275, "PREFIX": "SR", "ROUTE": "7601", "ISLAND": "Oahu", "DIRECTION": "-MP", "TYPE": "Sidewalk", "MATERIAL": "Concrete", "LENGTH": 41.0, "NHS": "YES", "Shape_Leng": 12.3825860195 }, "geometry": { "type": "MultiLineString", "coordinates": [ [ [ -157.81797, 21.29014 ], [ -157.81786, 21.29017 ] ] ] } },
{ "type": "Feature", "properties": { "BMP": 0.02603, "EMP": 0.01187, "PREFIX": "SR", "ROUTE": "901", "ISLAND": "Oahu", "DIRECTION": "-MP", "TYPE": "Sidewalk", "MATERIAL": "Concrete", "LENGTH": 84.0, "NHS": "YES", "Shape_Leng": 25.470118508 }, "geometry": { "type": "MultiLineString", "coordinates": [ [ [ -158.06818, 21.325 ], [ -158.06805, 21.32483 ] ] ] } },
{ "type": "Feature", "properties": { "BMP": 0.25191, "EMP": 0.25159, "PREFIX": "SR", "ROUTE": "7101", "ISLAND": "Oahu", "DIRECTION": "-MP", "TYPE": "Sidewalk", "MATERIAL": "Concrete", "LENGTH": 4.0, "NHS": "YES", "Shape_Leng": 1.2273390766800001 }, "geometry": { "type": "MultiLineString", "coordinates": [ [ [ -158.02327, 21.37798 ], [ -158.02328, 21.37799 ] ] ] } },
{ "type": "Feature", "properties": { "BMP": 0.23951, "EMP": 0.23951, "PREFIX": "SR", "ROUTE": "7101", "ISLAND": "Oahu", "DIRECTION": "-MP", "TYPE": "Sidewalk", "MATERIAL": "Concrete", "LENGTH": 4.0, "NHS": "YES", "Shape_Leng": 1.0677677885700001 }, "geometry": { "type": "MultiLineString", "coordinates": [ [ [ -158.02343, 21.37789 ], [ -158.02344, 21.3779 ] ] ] } },
{ "type": "Feature", "properties": { "BMP": 2.43599, "EMP": 2.42694, "PREFIX": "SR", "ROUTE": "64", "ISLAND": "Oahu", "DIRECTION": "-MP", "TYPE": "Sidewalk", "MATERIAL": "Concrete", "LENGTH": 48.0, "NHS": "YES", "Shape_Leng": 14.5466520037 }, "geometry": { "type": "MultiLineString", "coordinates": [ [ [ -157.88854, 21.32671 ], [ -157.88862, 21.32661 ] ] ] } },
{ "type": "Feature", "properties": { "BMP": 2.48787, "EMP": 2.48129, "PREFIX": "SR", "ROUTE": "64", "ISLAND": "Oahu", "DIRECTION": "-MP", "TYPE": "Sidewalk", "MATERIAL": "Concrete", "LENGTH": 42.0, "NHS": "YES", "Shape_Leng": 12.849859002700001 }, "geometry": { "type": "MultiLineString", "coordinates": [ [ [ -157.88811, 21.32736 ], [ -157.88812, 21.32725 ] ] ] } },
{ "type": "Feature", "properties": { "BMP": 1.11445, "EMP": 1.11084, "PREFIX": "SR", "ROUTE": "64", "ISLAND": "Oahu", "DIRECTION": "-MP", "TYPE": "Sidewalk", "MATERIAL": "Concrete", "LENGTH": 19.0, "NHS": "YES", "Shape_Leng": 5.8735648971999996 }, "geometry": { "type": "MultiLineString", "coordinates": [ [ [ -157.88614, 21.30953 ], [ -157.88612, 21.30948 ] ] ] } },
{ "type": "Feature", "properties": { "BMP": 18.22613, "EMP": 18.22155, "PREFIX": "SR", "ROUTE": "72", "ISLAND": "Oahu", "DIRECTION": "-MP", "TYPE": "Sidewalk", "MATERIAL": "Concrete", "LENGTH": 26.0, "NHS": "YES", "Shape_Leng": 7.9237260538100003 }, "geometry": { "type": "MultiLineString", "coordinates": [ [ [ -157.77645, 21.27735 ], [ -157.77638, 21.27732 ] ] ] } },
{ "type": "Feature", "properties": { "BMP": 17.95726, "EMP": 17.9525, "PREFIX": "SR", "ROUTE": "72", "ISLAND": "Oahu", "DIRECTION": "-MP", "TYPE": "Sidewalk", "MATERIAL": "Concrete", "LENGTH": 29.0, "NHS": "YES", "Shape_Leng": 8.8278650713999998 }, "geometry": { "type": "MultiLineString", "coordinates": [ [ [ -157.77233, 21.27682 ], [ -157.77226, 21.27678 ] ] ] } },
{ "type": "Feature", "properties": { "BMP": 12.91024, "EMP": 12.90532, "PREFIX": "SR", "ROUTE": "72", "ISLAND": "Oahu", "DIRECTION": "-MP", "TYPE": "Sidewalk", "MATERIAL": "Concrete", "LENGTH": 29.0, "NHS": "YES", "Shape_Leng": 8.6988681238000005 }, "geometry": { "type": "MultiLineString", "coordinates": [ [ [ -157.69956, 21.27477 ], [ -157.69949, 21.27474 ] ] ] } },
{ "type": "Feature", "properties": { "BMP": 18.20432, "EMP": 18.18272, "PREFIX": "SR", "ROUTE": "72", "ISLAND": "Oahu", "DIRECTION": "-MP", "TYPE": "Sidewalk", "MATERIAL": "Concrete", "LENGTH": 115.0, "NHS": "YES", "Shape_Leng": 34.909645334399997 }, "geometry": { "type": "MultiLineString", "coordinates": [ [ [ -157.77612, 21.2773 ], [ -157.77578, 21.27727 ] ] ] } },
{ "type": "Feature", "properties": { "BMP": 16.11686, "EMP": 16.11525, "PREFIX": "SR", "ROUTE": "72", "ISLAND": "Oahu", "DIRECTION": "-MP", "TYPE": "Sidewalk", "MATERIAL": "Concrete", "LENGTH": 9.0, "NHS": "YES", "Shape_Leng": 2.5947428643700001 }, "geometry": { "type": "MultiLineString", "coordinates": [ [ [ -157.74431, 21.27985 ], [ -157.74429, 21.27986 ] ] ] } },
{ "type": "Feature", "properties": { "BMP": 0.18183, "EMP": 0.12, "PREFIX": "SR", "ROUTE": "78", "ISLAND": "Oahu", "DIRECTION": "-MP", "TYPE": "Sidewalk", "MATERIAL": "Concrete", "LENGTH": 324.0, "NHS": "YES", "Shape_Leng": 98.829669742899995 }, "geometry": { "type": "MultiLineString", "coordinates": [ [ [ -157.93304, 21.37652 ], [ -157.93385, 21.37694 ] ] ] } },
{ "type": "Feature", "properties": { "BMP": 1.03027, "EMP": 1.02943, "PREFIX": "SR", "ROUTE": "98", "ISLAND": "Oahu", "DIRECTION": "-MP", "TYPE": "Sidewalk", "MATERIAL": "Concrete", "LENGTH": 4.0, "NHS": "YES", "Shape_Leng": 1.37112674801 }, "geometry": { "type": "MultiLineString", "coordinates": [ [ [ -157.85629, 21.31294 ], [ -157.85629, 21.31295 ] ] ] } },
{ "type": "Feature", "properties": { "BMP": 5.49913, "EMP": 5.46021, "PREFIX": "SR", "ROUTE": "72", "ISLAND": "Oahu", "DIRECTION": "-MP", "TYPE": "Sidewalk", "MATERIAL": "Asphalt", "LENGTH": 206.0, "NHS": "YES", "Shape_Leng": 62.871429063100003 }, "geometry": { "type": "MultiLineString", "coordinates": [ [ [ -157.69483, 21.33111 ], [ -157.69535, 21.33141 ] ] ] } },
{ "type": "Feature", "properties": { "BMP": 0.00917, "EMP": 0.0023, "PREFIX": "SR", "ROUTE": "98", "ISLAND": "Oahu", "DIRECTION": "-MP", "TYPE": "Sidewalk", "MATERIAL": "Asphalt", "LENGTH": 37.0, "NHS": "YES", "Shape_Leng": 11.3638363063 }, "geometry": { "type": "MultiLineString", "coordinates": [ [ [ -157.86567, 21.3249 ], [ -157.86574, 21.32498 ] ] ] } },
{ "type": "Feature", "properties": { "BMP": 9.48622, "EMP": 9.4797, "PREFIX": "SR", "ROUTE": "61", "ISLAND": "Oahu", "DIRECTION": "-MP", "TYPE": "Sidewalk", "MATERIAL": "Asphalt", "LENGTH": 35.0, "NHS": "YES", "Shape_Leng": 10.5297344301 }, "geometry": { "type": "MultiLineString", "coordinates": [ [ [ -157.75631, 21.38078 ], [ -157.75637, 21.38071 ] ] ] } },
{ "type": "Feature", "properties": { "BMP": 9.50593, "EMP": 9.5026, "PREFIX": "SR", "ROUTE": "61", "ISLAND": "Oahu", "DIRECTION": "-MP", "TYPE": "Sidewalk", "MATERIAL": "Asphalt", "LENGTH": 21.0, "NHS": "YES", "Shape_Leng": 6.4779389579700002 }, "geometry": { "type": "MultiLineString", "coordinates": [ [ [ -157.75609, 21.38098 ], [ -157.75614, 21.38096 ] ] ] } },
{ "type": "Feature", "properties": { "BMP": 4.5736, "EMP": 4.36792, "PREFIX": "SR", "ROUTE": "72", "ISLAND": "Oahu", "DIRECTION": "-MP", "TYPE": "Sidewalk", "MATERIAL": "Concrete", "LENGTH": 1085.0, "NHS": "YES", "Shape_Leng": 330.91806643500001 }, "geometry": { "type": "MultiLineString", "coordinates": [ [ [ -157.70459, 21.34081 ], [ -157.70701, 21.34276 ] ] ] } },
{ "type": "Feature", "properties": { "BMP": 4.28973, "EMP": 4.09866, "PREFIX": "SR", "ROUTE": "72", "ISLAND": "Oahu", "DIRECTION": "-MP", "TYPE": "Sidewalk", "MATERIAL": "Concrete", "LENGTH": 1008.0, "NHS": "YES", "Shape_Leng": 307.21700105000002 }, "geometry": { "type": "MultiLineString", "coordinates": [ [ [ -157.70793, 21.3435 ], [ -157.71018, 21.3453 ] ] ] } },
{ "type": "Feature", "properties": { "BMP": 2.47506, "EMP": 2.45132, "PREFIX": "SR", "ROUTE": "61", "ISLAND": "Oahu", "DIRECTION": "-MP", "TYPE": "Sidewalk", "MATERIAL": "Concrete", "LENGTH": 126.0, "NHS": "YES", "Shape_Leng": 38.250880140100001 }, "geometry": { "type": "MultiLineString", "coordinates": [ [ [ -157.83415, 21.34081 ], [ -157.8344, 21.34056 ] ] ] } },
{ "type": "Feature", "properties": { "BMP": 4.0808, "EMP": 4.01692, "PREFIX": "SR", "ROUTE": "72", "ISLAND": "Oahu", "DIRECTION": "-MP", "TYPE": "Sidewalk", "MATERIAL": "Asphalt", "LENGTH": 338.0, "NHS": "YES", "Shape_Leng": 103.007501746 }, "geometry": { "type": "MultiLineString", "coordinates": [ [ [ -157.71038, 21.34548 ], [ -157.71115, 21.34607 ] ] ] } },
{ "type": "Feature", "properties": { "BMP": 3.70118, "EMP": 3.56873, "PREFIX": "SR", "ROUTE": "72", "ISLAND": "Oahu", "DIRECTION": "-MP", "TYPE": "Sidewalk", "MATERIAL": "Asphalt", "LENGTH": 701.0, "NHS": "YES", "Shape_Leng": 213.734036919 }, "geometry": { "type": "MultiLineString", "coordinates": [ [ [ -157.71589, 21.34711 ], [ -157.71791, 21.34745 ] ] ] } },
{ "type": "Feature", "properties": { "BMP": 3.56011, "EMP": 3.55643, "PREFIX": "SR", "ROUTE": "72", "ISLAND": "Oahu", "DIRECTION": "-MP", "TYPE": "Sidewalk", "MATERIAL": "Concrete", "LENGTH": 25.0, "NHS": "YES", "Shape_Leng": 7.6657723456699998 }, "geometry": { "type": "MultiLineString", "coordinates": [ [ [ -157.71804, 21.34749 ], [ -157.7181, 21.34746 ] ] ] } },
{ "type": "Feature", "properties": { "BMP": 3.55631, "EMP": 3.41186, "PREFIX": "SR", "ROUTE": "72", "ISLAND": "Oahu", "DIRECTION": "-MP", "TYPE": "Sidewalk", "MATERIAL": "Asphalt", "LENGTH": 763.0, "NHS": "YES", "Shape_Leng": 232.59166875700001 }, "geometry": { "type": "MultiLineString", "coordinates": [ [ [ -157.71811, 21.34746 ], [ -157.72032, 21.34778 ] ] ] } },
{ "type": "Feature", "properties": { "BMP": 1.36506, "EMP": 1.34303, "PREFIX": "SR", "ROUTE": "61", "ISLAND": "Oahu", "DIRECTION": "-MP", "TYPE": "Sidewalk", "MATERIAL": "Concrete", "LENGTH": 122.0, "NHS": "YES", "Shape_Leng": 37.030669640399999 }, "geometry": { "type": "MultiLineString", "coordinates": [ [ [ -157.84558, 21.32885 ], [ -157.84566, 21.32853 ] ] ] } },
{ "type": "Feature", "properties": { "BMP": 1.53872, "EMP": 1.53547, "PREFIX": "SR", "ROUTE": "61", "ISLAND": "Oahu", "DIRECTION": "-MP", "TYPE": "Sidewalk", "MATERIAL": "Concrete", "LENGTH": 17.0, "NHS": "YES", "Shape_Leng": 5.2086732910500002 }, "geometry": { "type": "MultiLineString", "coordinates": [ [ [ -157.84398, 21.33093 ], [ -157.84401, 21.33089 ] ] ] } },
{ "type": "Feature", "properties": { "BMP": 1.408, "EMP": 1.37851, "PREFIX": "SR", "ROUTE": "61", "ISLAND": "Oahu", "DIRECTION": "-MP", "TYPE": "Sidewalk", "MATERIAL": "Concrete", "LENGTH": 164.0, "NHS": "YES", "Shape_Leng": 49.890832563499998 }, "geometry": { "type": "MultiLineString", "coordinates": [ [ [ -157.84524, 21.32942 ], [ -157.84549, 21.32904 ] ] ] } },
{ "type": "Feature", "properties": { "BMP": 1.37333, "EMP": 1.36864, "PREFIX": "SR", "ROUTE": "61", "ISLAND": "Oahu", "DIRECTION": "-MP", "TYPE": "Sidewalk", "MATERIAL": "Concrete", "LENGTH": 26.0, "NHS": "YES", "Shape_Leng": 7.90243142917 }, "geometry": { "type": "MultiLineString", "coordinates": [ [ [ -157.84552, 21.32897 ], [ -157.84554, 21.3289 ] ] ] } },
{ "type": "Feature", "properties": { "BMP": 0.19007, "EMP": 0.18747, "PREFIX": "SR", "ROUTE": "61", "ISLAND": "Oahu", "DIRECTION": "-MP", "TYPE": "Sidewalk", "MATERIAL": "Concrete", "LENGTH": 16.0, "NHS": "YES", "Shape_Leng": 4.9628861003100004 }, "geometry": { "type": "MultiLineString", "coordinates": [ [ [ -157.8543, 21.31498 ], [ -157.85431, 21.31493 ] ] ] } },
{ "type": "Feature", "properties": { "BMP": 3.61704, "EMP": 3.61329, "PREFIX": "SR", "ROUTE": "65", "ISLAND": "Oahu", "DIRECTION": "-MP", "TYPE": "Sidewalk", "MATERIAL": "Concrete", "LENGTH": 20.0, "NHS": "YES", "Shape_Leng": 5.9731025444299997 }, "geometry": { "type": "MultiLineString", "coordinates": [ [ [ -157.75175, 21.41418 ], [ -157.75177, 21.41413 ] ] ] } },
{ "type": "Feature", "properties": { "BMP": 3.39433, "EMP": 3.3909, "PREFIX": "SR", "ROUTE": "65", "ISLAND": "Oahu", "DIRECTION": "-MP", "TYPE": "Sidewalk", "MATERIAL": "Concrete", "LENGTH": 18.0, "NHS": "YES", "Shape_Leng": 5.4955398672899998 }, "geometry": { "type": "MultiLineString", "coordinates": [ [ [ -157.75366, 21.41152 ], [ -157.7537, 21.41148 ] ] ] } },
{ "type": "Feature", "properties": { "BMP": 2.95531, "EMP": 2.95353, "PREFIX": "SR", "ROUTE": "65", "ISLAND": "Oahu", "DIRECTION": "-MP", "TYPE": "Sidewalk", "MATERIAL": "Concrete", "LENGTH": 9.0, "NHS": "YES", "Shape_Leng": 2.8394331302500002 }, "geometry": { "type": "MultiLineString", "coordinates": [ [ [ -157.75824, 21.40699 ], [ -157.75827, 21.40698 ] ] ] } },
{ "type": "Feature", "properties": { "BMP": 1.03965, "EMP": 1.0313, "PREFIX": "SR", "ROUTE": "65", "ISLAND": "Oahu", "DIRECTION": "-MP", "TYPE": "Sidewalk", "MATERIAL": "Asphalt", "LENGTH": 44.0, "NHS": "YES", "Shape_Leng": 13.4065847438 }, "geometry": { "type": "MultiLineString", "coordinates": [ [ [ -157.78416, 21.40606 ], [ -157.78429, 21.40606 ] ] ] } },
{ "type": "Feature", "properties": { "BMP": 0.38718, "EMP": 0.38409, "PREFIX": "SR", "ROUTE": "65", "ISLAND": "Oahu", "DIRECTION": "-MP", "TYPE": "Sidewalk", "MATERIAL": "Concrete", "LENGTH": 20.0, "NHS": "YES", "Shape_Leng": 5.9734373434199997 }, "geometry": { "type": "MultiLineString", "coordinates": [ [ [ -157.79416, 21.4053 ], [ -157.79419, 21.40526 ] ] ] } },
{ "type": "Feature", "properties": { "BMP": 0.00853, "EMP": 0.0, "PREFIX": "SR", "ROUTE": "65", "ISLAND": "Oahu", "DIRECTION": "-MP", "TYPE": "Sidewalk", "MATERIAL": "Concrete", "LENGTH": 59.0, "NHS": "YES", "Shape_Leng": 18.0718906414 }, "geometry": { "type": "MultiLineString", "coordinates": [ [ [ -157.7993, 21.40308 ], [ -157.79944, 21.40299 ] ] ] } },
{ "type": "Feature", "properties": { "BMP": 10.20227, "EMP": 10.17212, "PREFIX": "SR", "ROUTE": "61", "ISLAND": "Oahu", "DIRECTION": "-MP", "TYPE": "Sidewalk", "MATERIAL": "Asphalt", "LENGTH": 159.0, "NHS": "YES", "Shape_Leng": 48.488898951400003 }, "geometry": { "type": "MultiLineString", "coordinates": [ [ [ -157.74911, 21.38871 ], [ -157.74941, 21.38838 ] ] ] } },
{ "type": "Feature", "properties": { "BMP": 1.05133, "EMP": 1.05224, "PREFIX": "SR", "ROUTE": "8940", "ISLAND": "Oahu", "DIRECTION": "+MP", "TYPE": "Sidewalk", "MATERIAL": "Concrete", "LENGTH": 5.0, "NHS": "NO", "Shape_Leng": 1.4658012951499999 }, "geometry": { "type": "MultiLineString", "coordinates": [ [ [ -158.05312, 21.32985 ], [ -158.05314, 21.32984 ] ] ] } },
{ "type": "Feature", "properties": { "BMP": 1.05589, "EMP": 1.05686, "PREFIX": "SR", "ROUTE": "8940", "ISLAND": "Oahu", "DIRECTION": "+MP", "TYPE": "Sidewalk", "MATERIAL": "Concrete", "LENGTH": 5.0, "NHS": "NO", "Shape_Leng": 1.5919873178799999 }, "geometry": { "type": "MultiLineString", "coordinates": [ [ [ -158.05319, 21.32982 ], [ -158.05321, 21.32982 ] ] ] } },
{ "type": "Feature", "properties": { "BMP": 1.03955, "EMP": 1.04084, "PREFIX": "SR", "ROUTE": "8940", "ISLAND": "Oahu", "DIRECTION": "+MP", "TYPE": "Sidewalk", "MATERIAL": "Concrete", "LENGTH": 7.0, "NHS": "NO", "Shape_Leng": 2.0090007394299998 }, "geometry": { "type": "MultiLineString", "coordinates": [ [ [ -158.05295, 21.32989 ], [ -158.05297, 21.32989 ] ] ] } },
{ "type": "Feature", "properties": { "BMP": 1.60093, "EMP": 2.05151, "PREFIX": "SR", "ROUTE": "8940", "ISLAND": "Oahu", "DIRECTION": "+MP", "TYPE": "Sidewalk", "MATERIAL": "Concrete", "LENGTH": 2383.0, "NHS": "NO", "Shape_Leng": 726.35746139299999 }, "geometry": { "type": "MultiLineString", "coordinates": [ [ [ -158.0611, 21.32704 ], [ -158.06768, 21.3248 ] ] ] } },
{ "type": "Feature", "properties": { "BMP": 2.06573, "EMP": 2.06576, "PREFIX": "SR", "ROUTE": "8940", "ISLAND": "Oahu", "DIRECTION": "+MP", "TYPE": "Sidewalk", "MATERIAL": "Asphalt", "LENGTH": 2.0, "NHS": "NO", "Shape_Leng": 0.70203327563999995 }, "geometry": { "type": "MultiLineString", "coordinates": [ [ [ -158.06788, 21.32471 ], [ -158.06787, 21.32471 ] ] ] } },
{ "type": "Feature", "properties": { "BMP": 2.06481, "EMP": 2.06654, "PREFIX": "SR", "ROUTE": "8940", "ISLAND": "Oahu", "DIRECTION": "+MP", "TYPE": "Sidewalk", "MATERIAL": "Asphalt", "LENGTH": 10.0, "NHS": "NO", "Shape_Leng": 2.9111787120599999 }, "geometry": { "type": "MultiLineString", "coordinates": [ [ [ -158.06786, 21.32472 ], [ -158.06789, 21.32472 ] ] ] } },
{ "type": "Feature", "properties": { "BMP": 0.69858, "EMP": 0.69621, "PREFIX": "SR", "ROUTE": "7310", "ISLAND": "Oahu", "DIRECTION": "-MP", "TYPE": "Sidewalk", "MATERIAL": "Asphalt", "LENGTH": 26.0, "NHS": "YES", "Shape_Leng": 8.0026208642800007 }, "geometry": { "type": "MultiLineString", "coordinates": [ [ [ -157.89913, 21.34513 ], [ -157.8991, 21.34507 ] ] ] } },
{ "type": "Feature", "properties": { "BMP": 0.00217, "EMP": 0.0, "PREFIX": "SR", "ROUTE": "7310", "ISLAND": "Oahu", "DIRECTION": "-MP", "TYPE": "Sidewalk", "MATERIAL": "Concrete", "LENGTH": 30.0, "NHS": "YES", "Shape_Leng": 9.0050024371100008 }, "geometry": { "type": "MultiLineString", "coordinates": [ [ [ -157.90162, 21.33548 ], [ -157.90153, 21.33546 ] ] ] } },
{ "type": "Feature", "properties": { "BMP": 4.84248, "EMP": 4.45032, "PREFIX": "SR", "ROUTE": "76", "ISLAND": "Oahu", "DIRECTION": "-MP", "TYPE": "Sidewalk", "MATERIAL": "Concrete", "LENGTH": 2103.0, "NHS": "NO", "Shape_Leng": 641.03506881400006 }, "geometry": { "type": "MultiLineString", "coordinates": [ [ [ -158.02945, 21.3603 ], [ -158.02889, 21.35464 ] ] ] } },
{ "type": "Feature", "properties": { "BMP": 2.42919, "EMP": 2.42761, "PREFIX": "SR", "ROUTE": "76", "ISLAND": "Oahu", "DIRECTION": "-MP", "TYPE": "Sidewalk", "MATERIAL": "Concrete", "LENGTH": 26.0, "NHS": "NO", "Shape_Leng": 8.0466413322699992 }, "geometry": { "type": "MultiLineString", "coordinates": [ [ [ -158.01936, 21.32674 ], [ -158.01943, 21.32673 ] ] ] } },
{ "type": "Feature", "properties": { "BMP": 2.57847, "EMP": 2.57847, "PREFIX": "SR", "ROUTE": "76", "ISLAND": "Oahu", "DIRECTION": "-MP", "TYPE": "Sidewalk", "MATERIAL": "Concrete", "LENGTH": 7.0, "NHS": "NO", "Shape_Leng": 2.2478548090200001 }, "geometry": { "type": "MultiLineString", "coordinates": [ [ [ -158.02052, 21.32865 ], [ -158.0205, 21.32866 ] ] ] } },
{ "type": "Feature", "properties": { "BMP": 7.66994, "EMP": 7.65166, "PREFIX": "SR", "ROUTE": "61", "ISLAND": "Oahu", "DIRECTION": "-MP", "TYPE": "Sidewalk", "MATERIAL": "Asphalt", "LENGTH": 97.0, "NHS": "YES", "Shape_Leng": 29.594997393700002 }, "geometry": { "type": "MultiLineString", "coordinates": [ [ [ -157.78097, 21.37499 ], [ -157.78114, 21.37477 ] ] ] } },
{ "type": "Feature", "properties": { "BMP": 7.69165, "EMP": 7.68327, "PREFIX": "SR", "ROUTE": "61", "ISLAND": "Oahu", "DIRECTION": "-MP", "TYPE": "Sidewalk", "MATERIAL": "Asphalt", "LENGTH": 44.0, "NHS": "YES", "Shape_Leng": 13.473225552700001 }, "geometry": { "type": "MultiLineString", "coordinates": [ [ [ -157.78073, 21.37521 ], [ -157.78082, 21.37513 ] ] ] } },
{ "type": "Feature", "properties": { "BMP": 9.75523, "EMP": 9.71955, "PREFIX": "SR", "ROUTE": "61", "ISLAND": "Oahu", "DIRECTION": "-MP", "TYPE": "Sidewalk", "MATERIAL": "Concrete", "LENGTH": 189.0, "NHS": "YES", "Shape_Leng": 57.543483898700003 }, "geometry": { "type": "MultiLineString", "coordinates": [ [ [ -157.75358, 21.38375 ], [ -157.75398, 21.38338 ] ] ] } },
{ "type": "Feature", "properties": { "BMP": 9.70288, "EMP": 9.63661, "PREFIX": "SR", "ROUTE": "61", "ISLAND": "Oahu", "DIRECTION": "-MP", "TYPE": "Sidewalk", "MATERIAL": "Concrete", "LENGTH": 353.0, "NHS": "YES", "Shape_Leng": 107.469614342 }, "geometry": { "type": "MultiLineString", "coordinates": [ [ [ -157.75416, 21.38321 ], [ -157.75479, 21.38244 ] ] ] } },
{ "type": "Feature", "properties": { "BMP": 0.1769, "EMP": 0.3302, "PREFIX": "SR", "ROUTE": "7239", "ISLAND": "Oahu", "DIRECTION": "+MP", "TYPE": "Sidewalk", "MATERIAL": "Concrete", "LENGTH": 816.0, "NHS": "NO", "Shape_Leng": 248.73338427300001 }, "geometry": { "type": "MultiLineString", "coordinates": [ [ [ -157.917, 21.37276 ], [ -157.91517, 21.37136 ] ] ] } },
{ "type": "Feature", "properties": { "BMP": 0.14243, "EMP": 0.24082, "PREFIX": "SR", "ROUTE": "80", "ISLAND": "Oahu", "DIRECTION": "+MP", "TYPE": "Sidewalk", "MATERIAL": "Concrete", "LENGTH": 524.0, "NHS": "YES", "Shape_Leng": 159.58524275900001 }, "geometry": { "type": "MultiLineString", "coordinates": [ [ [ -158.02843, 21.49315 ], [ -158.02903, 21.49446 ] ] ] } },
{ "type": "Feature", "properties": { "BMP": 0.25008, "EMP": 0.34675, "PREFIX": "SR", "ROUTE": "80", "ISLAND": "Oahu", "DIRECTION": "+MP", "TYPE": "Sidewalk", "MATERIAL": "Concrete", "LENGTH": 508.0, "NHS": "YES", "Shape_Leng": 154.815203403 }, "geometry": { "type": "MultiLineString", "coordinates": [ [ [ -158.0291, 21.49458 ], [ -158.02963, 21.49587 ] ] ] } },
{ "type": "Feature", "properties": { "BMP": 0.36461, "EMP": 0.41372, "PREFIX": "SR", "ROUTE": "80", "ISLAND": "Oahu", "DIRECTION": "+MP", "TYPE": "Sidewalk", "MATERIAL": "Concrete", "LENGTH": 256.0, "NHS": "YES", "Shape_Leng": 77.874305222199993 }, "geometry": { "type": "MultiLineString", "coordinates": [ [ [ -158.0297, 21.49612 ], [ -158.02977, 21.49681 ] ] ] } },
{ "type": "Feature", "properties": { "BMP": 0.41371, "EMP": 0.41686, "PREFIX": "SR", "ROUTE": "80", "ISLAND": "Oahu", "DIRECTION": "+MP", "TYPE": "Sidewalk", "MATERIAL": "Asphalt", "LENGTH": 16.0, "NHS": "YES", "Shape_Leng": 4.7944397647299999 }, "geometry": { "type": "MultiLineString", "coordinates": [ [ [ -158.02977, 21.49681 ], [ -158.02977, 21.49686 ] ] ] } },
{ "type": "Feature", "properties": { "BMP": 0.42711, "EMP": 0.4924, "PREFIX": "SR", "ROUTE": "80", "ISLAND": "Oahu", "DIRECTION": "+MP", "TYPE": "Sidewalk", "MATERIAL": "Concrete", "LENGTH": 345.0, "NHS": "YES", "Shape_Leng": 105.209729647 }, "geometry": { "type": "MultiLineString", "coordinates": [ [ [ -158.02974, 21.497 ], [ -158.02963, 21.49793 ] ] ] } },
{ "type": "Feature", "properties": { "BMP": 0.50352, "EMP": 0.50352, "PREFIX": "SR", "ROUTE": "80", "ISLAND": "Oahu", "DIRECTION": "+MP", "TYPE": "Sidewalk", "MATERIAL": "Concrete", "LENGTH": 3.0, "NHS": "YES", "Shape_Leng": 0.77474885036999996 }, "geometry": { "type": "MultiLineString", "coordinates": [ [ [ -158.02961, 21.49809 ], [ -158.02962, 21.49809 ] ] ] } },
{ "type": "Feature", "properties": { "BMP": 0.50216, "EMP": 0.50458, "PREFIX": "SR", "ROUTE": "80", "ISLAND": "Oahu", "DIRECTION": "+MP", "TYPE": "Sidewalk", "MATERIAL": "Concrete", "LENGTH": 14.0, "NHS": "YES", "Shape_Leng": 4.1789861743000003 }, "geometry": { "type": "MultiLineString", "coordinates": [ [ [ -158.02961, 21.49807 ], [ -158.02959, 21.49811 ] ] ] } },
{ "type": "Feature", "properties": { "BMP": 0.50854, "EMP": 0.53799, "PREFIX": "SR", "ROUTE": "80", "ISLAND": "Oahu", "DIRECTION": "+MP", "TYPE": "Sidewalk", "MATERIAL": "Concrete", "LENGTH": 162.0, "NHS": "YES", "Shape_Leng": 49.2930912136 }, "geometry": { "type": "MultiLineString", "coordinates": [ [ [ -158.02955, 21.49816 ], [ -158.02953, 21.49859 ] ] ] } },
{ "type": "Feature", "properties": { "BMP": 0.66697, "EMP": 0.67495, "PREFIX": "SR", "ROUTE": "80", "ISLAND": "Oahu", "DIRECTION": "+MP", "TYPE": "Sidewalk", "MATERIAL": "Other", "LENGTH": 43.0, "NHS": "YES", "Shape_Leng": 13.133228432199999 }, "geometry": { "type": "MultiLineString", "coordinates": [ [ [ -158.02929, 21.50045 ], [ -158.02932, 21.50057 ] ] ] } },
{ "type": "Feature", "properties": { "BMP": 0.67519, "EMP": 0.71546, "PREFIX": "SR", "ROUTE": "80", "ISLAND": "Oahu", "DIRECTION": "+MP", "TYPE": "Sidewalk", "MATERIAL": "Concrete", "LENGTH": 213.0, "NHS": "YES", "Shape_Leng": 64.8994029606 }, "geometry": { "type": "MultiLineString", "coordinates": [ [ [ -158.02932, 21.50057 ], [ -158.0295, 21.50114 ] ] ] } },
{ "type": "Feature", "properties": { "BMP": 1.12962, "EMP": 1.16651, "PREFIX": "SR", "ROUTE": "80", "ISLAND": "Oahu", "DIRECTION": "+MP", "TYPE": "Sidewalk", "MATERIAL": "Concrete", "LENGTH": 201.0, "NHS": "YES", "Shape_Leng": 61.277923915099997 }, "geometry": { "type": "MultiLineString", "coordinates": [ [ [ -158.03346, 21.50577 ], [ -158.03393, 21.50608 ] ] ] } },
{ "type": "Feature", "properties": { "BMP": 2.32241, "EMP": 2.30335, "PREFIX": "SR", "ROUTE": "61", "ISLAND": "Oahu", "DIRECTION": "-MP", "TYPE": "Sidewalk", "MATERIAL": "Concrete", "LENGTH": 101.0, "NHS": "YES", "Shape_Leng": 30.835498039299999 }, "geometry": { "type": "MultiLineString", "coordinates": [ [ [ -157.83582, 21.33925 ], [ -157.83604, 21.33907 ] ] ] } },
{ "type": "Feature", "properties": { "BMP": 2.20337, "EMP": 2.1793, "PREFIX": "SR", "ROUTE": "61", "ISLAND": "Oahu", "DIRECTION": "-MP", "TYPE": "Sidewalk", "MATERIAL": "Concrete", "LENGTH": 128.0, "NHS": "YES", "Shape_Leng": 38.9177432185 }, "geometry": { "type": "MultiLineString", "coordinates": [ [ [ -157.83716, 21.33808 ], [ -157.83743, 21.33783 ] ] ] } },
{ "type": "Feature", "properties": { "BMP": 2.09921, "EMP": 1.95137, "PREFIX": "SR", "ROUTE": "61", "ISLAND": "Oahu", "DIRECTION": "-MP", "TYPE": "Sidewalk", "MATERIAL": "Concrete", "LENGTH": 794.0, "NHS": "YES", "Shape_Leng": 241.801442323 }, "geometry": { "type": "MultiLineString", "coordinates": [ [ [ -157.83838, 21.3371 ], [ -157.8402, 21.33576 ] ] ] } },
{ "type": "Feature", "properties": { "BMP": 1.94198, "EMP": 1.83004, "PREFIX": "SR", "ROUTE": "61", "ISLAND": "Oahu", "DIRECTION": "-MP", "TYPE": "Sidewalk", "MATERIAL": "Concrete", "LENGTH": 598.0, "NHS": "YES", "Shape_Leng": 181.917522566 }, "geometry": { "type": "MultiLineString", "coordinates": [ [ [ -157.8403, 21.33566 ], [ -157.84131, 21.33433 ] ] ] } },
{ "type": "Feature", "properties": { "BMP": 1.53141, "EMP": 1.46236, "PREFIX": "SR", "ROUTE": "61", "ISLAND": "Oahu", "DIRECTION": "-MP", "TYPE": "Sidewalk", "MATERIAL": "Concrete", "LENGTH": 373.0, "NHS": "YES", "Shape_Leng": 113.814618747 }, "geometry": { "type": "MultiLineString", "coordinates": [ [ [ -157.84407, 21.33086 ], [ -157.84476, 21.33009 ] ] ] } },
{ "type": "Feature", "properties": { "BMP": 1.45608, "EMP": 1.41259, "PREFIX": "SR", "ROUTE": "61", "ISLAND": "Oahu", "DIRECTION": "-MP", "TYPE": "Sidewalk", "MATERIAL": "Concrete", "LENGTH": 234.0, "NHS": "YES", "Shape_Leng": 71.225710224099998 }, "geometry": { "type": "MultiLineString", "coordinates": [ [ [ -157.8448, 21.33 ], [ -157.8452, 21.32948 ] ] ] } },
{ "type": "Feature", "properties": { "BMP": 6.13313, "EMP": 5.99549, "PREFIX": "SR", "ROUTE": "930", "ISLAND": "Oahu", "DIRECTION": "-MP", "TYPE": "Sidewalk", "MATERIAL": "Concrete", "LENGTH": 734.0, "NHS": "NO", "Shape_Leng": 223.79501823699999 }, "geometry": { "type": "MultiLineString", "coordinates": [ [ [ -158.12068, 21.56552 ], [ -158.12239, 21.56672 ] ] ] } },
{ "type": "Feature", "properties": { "BMP": 5.98597, "EMP": 5.90305, "PREFIX": "SR", "ROUTE": "930", "ISLAND": "Oahu", "DIRECTION": "-MP", "TYPE": "Sidewalk", "MATERIAL": "Concrete", "LENGTH": 438.0, "NHS": "NO", "Shape_Leng": 133.29567872699999 }, "geometry": { "type": "MultiLineString", "coordinates": [ [ [ -158.12264, 21.56674 ], [ -158.12381, 21.56661 ] ] ] } },
{ "type": "Feature", "properties": { "BMP": 5.89046, "EMP": 5.68314, "PREFIX": "SR", "ROUTE": "930", "ISLAND": "Oahu", "DIRECTION": "-MP", "TYPE": "Sidewalk", "MATERIAL": "Concrete", "LENGTH": 1095.0, "NHS": "NO", "Shape_Leng": 333.73528988200002 }, "geometry": { "type": "MultiLineString", "coordinates": [ [ [ -158.12399, 21.56666 ], [ -158.12711, 21.56743 ] ] ] } },
{ "type": "Feature", "properties": { "BMP": 1.2498, "EMP": 1.25772, "PREFIX": "SR", "ROUTE": "93", "ISLAND": "Oahu", "DIRECTION": "+MP", "TYPE": "Sidewalk", "MATERIAL": "Concrete", "LENGTH": 42.0, "NHS": "YES", "Shape_Leng": 12.708811496499999 }, "geometry": { "type": "MultiLineString", "coordinates": [ [ [ -158.10666, 21.34183 ], [ -158.10678, 21.34184 ] ] ] } },
{ "type": "Feature", "properties": { "BMP": 1.67355, "EMP": 1.70367, "PREFIX": "SR", "ROUTE": "93", "ISLAND": "Oahu", "DIRECTION": "+MP", "TYPE": "Sidewalk", "MATERIAL": "Concrete", "LENGTH": 164.0, "NHS": "YES", "Shape_Leng": 49.8079078799 }, "geometry": { "type": "MultiLineString", "coordinates": [ [ [ -158.11268, 21.34392 ], [ -158.11314, 21.34406 ] ] ] } },
{ "type": "Feature", "properties": { "BMP": 4.25779, "EMP": 4.53915, "PREFIX": "SR", "ROUTE": "93", "ISLAND": "Oahu", "DIRECTION": "+MP", "TYPE": "Sidewalk", "MATERIAL": "Asphalt", "LENGTH": 1494.0, "NHS": "YES", "Shape_Leng": 455.31167201900001 }, "geometry": { "type": "MultiLineString", "coordinates": [ [ [ -158.13557, 21.36908 ], [ -158.13759, 21.37272 ] ] ] } },
{ "type": "Feature", "properties": { "BMP": 4.55076, "EMP": 4.55192, "PREFIX": "SR", "ROUTE": "93", "ISLAND": "Oahu", "DIRECTION": "+MP", "TYPE": "Sidewalk", "MATERIAL": "Concrete", "LENGTH": 10.0, "NHS": "YES", "Shape_Leng": 2.9773194200300002 }, "geometry": { "type": "MultiLineString", "coordinates": [ [ [ -158.13772, 21.37284 ], [ -158.13775, 21.37285 ] ] ] } },
{ "type": "Feature", "properties": { "BMP": 4.55155, "EMP": 4.55174, "PREFIX": "SR", "ROUTE": "93", "ISLAND": "Oahu", "DIRECTION": "+MP", "TYPE": "Sidewalk", "MATERIAL": "Concrete", "LENGTH": 1.0, "NHS": "YES", "Shape_Leng": 0.42149914673 }, "geometry": { "type": "MultiLineString", "coordinates": [ [ [ -158.13773, 21.37285 ], [ -158.13773, 21.37286 ] ] ] } },
{ "type": "Feature", "properties": { "BMP": 4.55453, "EMP": 4.8863, "PREFIX": "SR", "ROUTE": "93", "ISLAND": "Oahu", "DIRECTION": "+MP", "TYPE": "Sidewalk", "MATERIAL": "Asphalt", "LENGTH": 1757.0, "NHS": "YES", "Shape_Leng": 535.71522328100002 }, "geometry": { "type": "MultiLineString", "coordinates": [ [ [ -158.13772, 21.37291 ], [ -158.14058, 21.37693 ] ] ] } },
{ "type": "Feature", "properties": { "BMP": 4.5417, "EMP": 4.54349, "PREFIX": "SR", "ROUTE": "93", "ISLAND": "Oahu", "DIRECTION": "+MP", "TYPE": "Sidewalk", "MATERIAL": "Concrete", "LENGTH": 9.0, "NHS": "YES", "Shape_Leng": 2.85896482883 }, "geometry": { "type": "MultiLineString", "coordinates": [ [ [ -158.13765, 21.37273 ], [ -158.13767, 21.37275 ] ] ] } },
{ "type": "Feature", "properties": { "BMP": 6.32351, "EMP": 6.35717, "PREFIX": "SR", "ROUTE": "93", "ISLAND": "Oahu", "DIRECTION": "+MP", "TYPE": "Sidewalk", "MATERIAL": "Concrete", "LENGTH": 184.0, "NHS": "YES", "Shape_Leng": 56.170182850099998 }, "geometry": { "type": "MultiLineString", "coordinates": [ [ [ -158.15632, 21.39172 ], [ -158.15673, 21.39203 ] ] ] } },
{ "type": "Feature", "properties": { "BMP": 1.0566, "EMP": 1.05718, "PREFIX": "SR", "ROUTE": "8940", "ISLAND": "Oahu", "DIRECTION": "+MP", "TYPE": "Sidewalk", "MATERIAL": "Concrete", "LENGTH": 9.0, "NHS": "NO", "Shape_Leng": 2.6322316753299999 }, "geometry": { "type": "MultiLineString", "coordinates": [ [ [ -158.0532, 21.32982 ], [ -158.0532, 21.32979 ] ] ] } },
{ "type": "Feature", "properties": { "BMP": 6.51499, "EMP": 6.54643, "PREFIX": "SR", "ROUTE": "93", "ISLAND": "Oahu", "DIRECTION": "+MP", "TYPE": "Sidewalk", "MATERIAL": "Asphalt", "LENGTH": 167.0, "NHS": "YES", "Shape_Leng": 50.789884809500002 }, "geometry": { "type": "MultiLineString", "coordinates": [ [ [ -158.15847, 21.39364 ], [ -158.15883, 21.39396 ] ] ] } },
{ "type": "Feature", "properties": { "BMP": 6.56794, "EMP": 6.58793, "PREFIX": "SR", "ROUTE": "93", "ISLAND": "Oahu", "DIRECTION": "+MP", "TYPE": "Sidewalk", "MATERIAL": "Concrete", "LENGTH": 109.0, "NHS": "YES", "Shape_Leng": 33.1618323191 }, "geometry": { "type": "MultiLineString", "coordinates": [ [ [ -158.15907, 21.39417 ], [ -158.15928, 21.39439 ] ] ] } },
{ "type": "Feature", "properties": { "BMP": 4.90193, "EMP": 4.93517, "PREFIX": "SR", "ROUTE": "93", "ISLAND": "Oahu", "DIRECTION": "+MP", "TYPE": "Sidewalk", "MATERIAL": "Concrete", "LENGTH": 177.0, "NHS": "YES", "Shape_Leng": 53.967068506300002 }, "geometry": { "type": "MultiLineString", "coordinates": [ [ [ -158.1407, 21.37713 ], [ -158.14105, 21.37749 ] ] ] } },
{ "type": "Feature", "properties": { "BMP": 4.9337, "EMP": 5.04716, "PREFIX": "SR", "ROUTE": "93", "ISLAND": "Oahu", "DIRECTION": "+MP", "TYPE": "Sidewalk", "MATERIAL": "Concrete", "LENGTH": 602.0, "NHS": "YES", "Shape_Leng": 183.45299971899999 }, "geometry": { "type": "MultiLineString", "coordinates": [ [ [ -158.14106, 21.37745 ], [ -158.14227, 21.37865 ] ] ] } },
{ "type": "Feature", "properties": { "BMP": 5.05928, "EMP": 5.08995, "PREFIX": "SR", "ROUTE": "93", "ISLAND": "Oahu", "DIRECTION": "+MP", "TYPE": "Sidewalk", "MATERIAL": "Concrete", "LENGTH": 162.0, "NHS": "YES", "Shape_Leng": 49.429229210499997 }, "geometry": { "type": "MultiLineString", "coordinates": [ [ [ -158.14242, 21.37876 ], [ -158.14276, 21.37907 ] ] ] } },
{ "type": "Feature", "properties": { "BMP": 5.10915, "EMP": 5.17734, "PREFIX": "SR", "ROUTE": "93", "ISLAND": "Oahu", "DIRECTION": "+MP", "TYPE": "Sidewalk", "MATERIAL": "Concrete", "LENGTH": 360.0, "NHS": "YES", "Shape_Leng": 109.64474043 }, "geometry": { "type": "MultiLineString", "coordinates": [ [ [ -158.14297, 21.37927 ], [ -158.14372, 21.37996 ] ] ] } },
{ "type": "Feature", "properties": { "BMP": 6.95615, "EMP": 7.04023, "PREFIX": "SR", "ROUTE": "93", "ISLAND": "Oahu", "DIRECTION": "+MP", "TYPE": "Sidewalk", "MATERIAL": "Concrete", "LENGTH": 446.0, "NHS": "YES", "Shape_Leng": 136.075407885 }, "geometry": { "type": "MultiLineString", "coordinates": [ [ [ -158.16421, 21.39712 ], [ -158.16545, 21.39754 ] ] ] } },
{ "type": "Feature", "properties": { "BMP": 3.30665, "EMP": 3.31019, "PREFIX": "SR", "ROUTE": "8940", "ISLAND": "Oahu", "DIRECTION": "+MP", "TYPE": "Sidewalk", "MATERIAL": "Asphalt", "LENGTH": 19.0, "NHS": "NO", "Shape_Leng": 5.6450905554900004 }, "geometry": { "type": "MultiLineString", "coordinates": [ [ [ -158.08645, 21.32523 ], [ -158.0865, 21.32525 ] ] ] } },
{ "type": "Feature", "properties": { "BMP": 3.31031, "EMP": 3.31319, "PREFIX": "SR", "ROUTE": "8940", "ISLAND": "Oahu", "DIRECTION": "+MP", "TYPE": "Sidewalk", "MATERIAL": "Concrete", "LENGTH": 17.0, "NHS": "NO", "Shape_Leng": 5.1756304099800001 }, "geometry": { "type": "MultiLineString", "coordinates": [ [ [ -158.08651, 21.32525 ], [ -158.08654, 21.32528 ] ] ] } },
{ "type": "Feature", "properties": { "BMP": 1.1163, "EMP": 1.11829, "PREFIX": "SR", "ROUTE": "80", "ISLAND": "Oahu", "DIRECTION": "+MP", "TYPE": "Sidewalk", "MATERIAL": "Concrete", "LENGTH": 11.0, "NHS": "YES", "Shape_Leng": 3.2477495519200001 }, "geometry": { "type": "MultiLineString", "coordinates": [ [ [ -158.03334, 21.5056 ], [ -158.03337, 21.50562 ] ] ] } },
{ "type": "Feature", "properties": { "BMP": 5.19993, "EMP": 5.28315, "PREFIX": "SR", "ROUTE": "93", "ISLAND": "Oahu", "DIRECTION": "+MP", "TYPE": "Sidewalk", "MATERIAL": "Concrete", "LENGTH": 447.0, "NHS": "YES", "Shape_Leng": 136.22590241699999 }, "geometry": { "type": "MultiLineString", "coordinates": [ [ [ -158.14397, 21.38019 ], [ -158.14482, 21.38111 ] ] ] } },
{ "type": "Feature", "properties": { "BMP": 5.29697, "EMP": 5.33521, "PREFIX": "SR", "ROUTE": "93", "ISLAND": "Oahu", "DIRECTION": "+MP", "TYPE": "Sidewalk", "MATERIAL": "Concrete", "LENGTH": 219.0, "NHS": "YES", "Shape_Leng": 66.7963826549 }, "geometry": { "type": "MultiLineString", "coordinates": [ [ [ -158.14497, 21.38126 ], [ -158.14547, 21.38158 ] ] ] } },
{ "type": "Feature", "properties": { "BMP": 5.33555, "EMP": 5.40325, "PREFIX": "SR", "ROUTE": "93", "ISLAND": "Oahu", "DIRECTION": "+MP", "TYPE": "Sidewalk", "MATERIAL": "Asphalt", "LENGTH": 357.0, "NHS": "YES", "Shape_Leng": 108.948027147 }, "geometry": { "type": "MultiLineString", "coordinates": [ [ [ -158.14547, 21.38158 ], [ -158.14621, 21.38228 ] ] ] } },
{ "type": "Feature", "properties": { "BMP": 5.40385, "EMP": 5.41141, "PREFIX": "SR", "ROUTE": "93", "ISLAND": "Oahu", "DIRECTION": "+MP", "TYPE": "Sidewalk", "MATERIAL": "Concrete", "LENGTH": 40.0, "NHS": "YES", "Shape_Leng": 12.1521879021 }, "geometry": { "type": "MultiLineString", "coordinates": [ [ [ -158.14622, 21.38229 ], [ -158.1463, 21.38237 ] ] ] } },
{ "type": "Feature", "properties": { "BMP": 5.47837, "EMP": 5.48082, "PREFIX": "SR", "ROUTE": "93", "ISLAND": "Oahu", "DIRECTION": "+MP", "TYPE": "Sidewalk", "MATERIAL": "Asphalt", "LENGTH": 15.0, "NHS": "YES", "Shape_Leng": 4.4222935032399997 }, "geometry": { "type": "MultiLineString", "coordinates": [ [ [ -158.14703, 21.38306 ], [ -158.14707, 21.38307 ] ] ] } },
{ "type": "Feature", "properties": { "BMP": 5.41195, "EMP": 5.46447, "PREFIX": "SR", "ROUTE": "93", "ISLAND": "Oahu", "DIRECTION": "+MP", "TYPE": "Sidewalk", "MATERIAL": "Asphalt", "LENGTH": 277.0, "NHS": "YES", "Shape_Leng": 84.486799063199996 }, "geometry": { "type": "MultiLineString", "coordinates": [ [ [ -158.14631, 21.38237 ], [ -158.14689, 21.3829 ] ] ] } },
{ "type": "Feature", "properties": { "BMP": 5.46456, "EMP": 5.46792, "PREFIX": "SR", "ROUTE": "93", "ISLAND": "Oahu", "DIRECTION": "+MP", "TYPE": "Sidewalk", "MATERIAL": "Concrete", "LENGTH": 20.0, "NHS": "YES", "Shape_Leng": 6.2354712357400004 }, "geometry": { "type": "MultiLineString", "coordinates": [ [ [ -158.14689, 21.3829 ], [ -158.14691, 21.38296 ] ] ] } },
{ "type": "Feature", "properties": { "BMP": 5.48103, "EMP": 5.60692, "PREFIX": "SR", "ROUTE": "93", "ISLAND": "Oahu", "DIRECTION": "+MP", "TYPE": "Sidewalk", "MATERIAL": "Asphalt", "LENGTH": 664.0, "NHS": "YES", "Shape_Leng": 202.36288871900001 }, "geometry": { "type": "MultiLineString", "coordinates": [ [ [ -158.14707, 21.38307 ], [ -158.14846, 21.38436 ] ] ] } },
{ "type": "Feature", "properties": { "BMP": 5.60704, "EMP": 5.61472, "PREFIX": "SR", "ROUTE": "93", "ISLAND": "Oahu", "DIRECTION": "+MP", "TYPE": "Sidewalk", "MATERIAL": "Concrete", "LENGTH": 44.0, "NHS": "YES", "Shape_Leng": 13.418330065699999 }, "geometry": { "type": "MultiLineString", "coordinates": [ [ [ -158.14846, 21.38436 ], [ -158.14852, 21.38446 ] ] ] } },
{ "type": "Feature", "properties": { "BMP": 5.62621, "EMP": 5.63011, "PREFIX": "SR", "ROUTE": "93", "ISLAND": "Oahu", "DIRECTION": "+MP", "TYPE": "Sidewalk", "MATERIAL": "Concrete", "LENGTH": 23.0, "NHS": "YES", "Shape_Leng": 6.86077312907 }, "geometry": { "type": "MultiLineString", "coordinates": [ [ [ -158.14866, 21.38457 ], [ -158.14872, 21.38459 ] ] ] } },
{ "type": "Feature", "properties": { "BMP": 5.63019, "EMP": 5.74539, "PREFIX": "SR", "ROUTE": "93", "ISLAND": "Oahu", "DIRECTION": "+MP", "TYPE": "Sidewalk", "MATERIAL": "Asphalt", "LENGTH": 609.0, "NHS": "YES", "Shape_Leng": 185.60960943200001 }, "geometry": { "type": "MultiLineString", "coordinates": [ [ [ -158.14872, 21.38459 ], [ -158.14996, 21.3858 ] ] ] } },
{ "type": "Feature", "properties": { "BMP": 5.74583, "EMP": 5.75109, "PREFIX": "SR", "ROUTE": "93", "ISLAND": "Oahu", "DIRECTION": "+MP", "TYPE": "Sidewalk", "MATERIAL": "Concrete", "LENGTH": 35.0, "NHS": "YES", "Shape_Leng": 10.725801201399999 }, "geometry": { "type": "MultiLineString", "coordinates": [ [ [ -158.14997, 21.3858 ], [ -158.14999, 21.38588 ] ] ] } },
{ "type": "Feature", "properties": { "BMP": 7.93517, "EMP": 7.94117, "PREFIX": "SR", "ROUTE": "93", "ISLAND": "Oahu", "DIRECTION": "+MP", "TYPE": "Sidewalk", "MATERIAL": "Concrete", "LENGTH": 36.0, "NHS": "YES", "Shape_Leng": 11.115326833599999 }, "geometry": { "type": "MultiLineString", "coordinates": [ [ [ -158.1765, 21.40373 ], [ -158.17648, 21.40382 ] ] ] } },
{ "type": "Feature", "properties": { "BMP": 7.95755, "EMP": 7.96104, "PREFIX": "SR", "ROUTE": "93", "ISLAND": "Oahu", "DIRECTION": "+MP", "TYPE": "Sidewalk", "MATERIAL": "Concrete", "LENGTH": 19.0, "NHS": "YES", "Shape_Leng": 5.9342628751099999 }, "geometry": { "type": "MultiLineString", "coordinates": [ [ [ -158.17656, 21.40405 ], [ -158.17659, 21.4041 ] ] ] } },
{ "type": "Feature", "properties": { "BMP": 7.96137, "EMP": 8.03965, "PREFIX": "SR", "ROUTE": "93", "ISLAND": "Oahu", "DIRECTION": "+MP", "TYPE": "Sidewalk", "MATERIAL": "Asphalt", "LENGTH": 414.0, "NHS": "YES", "Shape_Leng": 126.09519587699999 }, "geometry": { "type": "MultiLineString", "coordinates": [ [ [ -158.17659, 21.4041 ], [ -158.17689, 21.4052 ] ] ] } },
{ "type": "Feature", "properties": { "BMP": 7.94195, "EMP": 7.94438, "PREFIX": "SR", "ROUTE": "93", "ISLAND": "Oahu", "DIRECTION": "+MP", "TYPE": "Sidewalk", "MATERIAL": "Concrete", "LENGTH": 14.0, "NHS": "YES", "Shape_Leng": 4.1252001068100004 }, "geometry": { "type": "MultiLineString", "coordinates": [ [ [ -158.17653, 21.40382 ], [ -158.17655, 21.40385 ] ] ] } },
{ "type": "Feature", "properties": { "BMP": 7.95275, "EMP": 7.95485, "PREFIX": "SR", "ROUTE": "93", "ISLAND": "Oahu", "DIRECTION": "+MP", "TYPE": "Sidewalk", "MATERIAL": "Concrete", "LENGTH": 13.0, "NHS": "YES", "Shape_Leng": 4.0407067505000001 }, "geometry": { "type": "MultiLineString", "coordinates": [ [ [ -158.17658, 21.40397 ], [ -158.1766, 21.404 ] ] ] } },
{ "type": "Feature", "properties": { "BMP": 7.95452, "EMP": 7.95492, "PREFIX": "SR", "ROUTE": "93", "ISLAND": "Oahu", "DIRECTION": "+MP", "TYPE": "Sidewalk", "MATERIAL": "Concrete", "LENGTH": 2.0, "NHS": "YES", "Shape_Leng": 0.64948453531000006 }, "geometry": { "type": "MultiLineString", "coordinates": [ ] } },
{ "type": "Feature", "properties": { "BMP": 5.7608, "EMP": 5.82674, "PREFIX": "SR", "ROUTE": "93", "ISLAND": "Oahu", "DIRECTION": "+MP", "TYPE": "Sidewalk", "MATERIAL": "Asphalt", "LENGTH": 357.0, "NHS": "YES", "Shape_Leng": 108.67341205300001 }, "geometry": { "type": "MultiLineString", "coordinates": [ [ [ -158.15012, 21.38596 ], [ -158.15088, 21.3866 ] ] ] } },
{ "type": "Feature", "properties": { "BMP": 5.83663, "EMP": 5.87823, "PREFIX": "SR", "ROUTE": "93", "ISLAND": "Oahu", "DIRECTION": "+MP", "TYPE": "Sidewalk", "MATERIAL": "Asphalt", "LENGTH": 220.0, "NHS": "YES", "Shape_Leng": 67.131948173500007 }, "geometry": { "type": "MultiLineString", "coordinates": [ [ [ -158.15099, 21.38671 ], [ -158.15145, 21.38714 ] ] ] } },
{ "type": "Feature", "properties": { "BMP": 5.8886, "EMP": 5.91141, "PREFIX": "SR", "ROUTE": "93", "ISLAND": "Oahu", "DIRECTION": "+MP", "TYPE": "Sidewalk", "MATERIAL": "Asphalt", "LENGTH": 121.0, "NHS": "YES", "Shape_Leng": 36.728770167100002 }, "geometry": { "type": "MultiLineString", "coordinates": [ [ [ -158.15156, 21.38724 ], [ -158.15181, 21.38747 ] ] ] } },
{ "type": "Feature", "properties": { "BMP": 5.93821, "EMP": 6.03017, "PREFIX": "SR", "ROUTE": "93", "ISLAND": "Oahu", "DIRECTION": "+MP", "TYPE": "Sidewalk", "MATERIAL": "Asphalt", "LENGTH": 486.0, "NHS": "YES", "Shape_Leng": 148.127127282 }, "geometry": { "type": "MultiLineString", "coordinates": [ [ [ -158.15212, 21.38774 ], [ -158.15312, 21.38869 ] ] ] } },
{ "type": "Feature", "properties": { "BMP": 6.0434, "EMP": 6.10301, "PREFIX": "SR", "ROUTE": "93", "ISLAND": "Oahu", "DIRECTION": "+MP", "TYPE": "Sidewalk", "MATERIAL": "Asphalt", "LENGTH": 320.0, "NHS": "YES", "Shape_Leng": 97.377538264699993 }, "geometry": { "type": "MultiLineString", "coordinates": [ [ [ -158.15326, 21.38883 ], [ -158.15391, 21.38945 ] ] ] } },
{ "type": "Feature", "properties": { "BMP": 6.11262, "EMP": 6.23933, "PREFIX": "SR", "ROUTE": "93", "ISLAND": "Oahu", "DIRECTION": "+MP", "TYPE": "Sidewalk", "MATERIAL": "Asphalt", "LENGTH": 669.0, "NHS": "YES", "Shape_Leng": 203.79291809599999 }, "geometry": { "type": "MultiLineString", "coordinates": [ [ [ -158.15404, 21.38953 ], [ -158.15544, 21.39081 ] ] ] } },
{ "type": "Feature", "properties": { "BMP": 6.29814, "EMP": 6.31433, "PREFIX": "SR", "ROUTE": "93", "ISLAND": "Oahu", "DIRECTION": "+MP", "TYPE": "Sidewalk", "MATERIAL": "Concrete", "LENGTH": 93.0, "NHS": "YES", "Shape_Leng": 28.4466329921 }, "geometry": { "type": "MultiLineString", "coordinates": [ [ [ -158.15608, 21.39142 ], [ -158.15622, 21.39162 ] ] ] } },
{ "type": "Feature", "properties": { "BMP": 8.05203, "EMP": 8.07462, "PREFIX": "SR", "ROUTE": "93", "ISLAND": "Oahu", "DIRECTION": "+MP", "TYPE": "Sidewalk", "MATERIAL": "Concrete", "LENGTH": 121.0, "NHS": "YES", "Shape_Leng": 36.781305925600002 }, "geometry": { "type": "MultiLineString", "coordinates": [ [ [ -158.1769, 21.40538 ], [ -158.17699, 21.4057 ] ] ] } },
{ "type": "Feature", "properties": { "BMP": 8.1328, "EMP": 8.14586, "PREFIX": "SR", "ROUTE": "93", "ISLAND": "Oahu", "DIRECTION": "+MP", "TYPE": "Sidewalk", "MATERIAL": "Concrete", "LENGTH": 68.0, "NHS": "YES", "Shape_Leng": 20.625787514500001 }, "geometry": { "type": "MultiLineString", "coordinates": [ [ [ -158.17719, 21.40652 ], [ -158.17721, 21.4067 ] ] ] } },
{ "type": "Feature", "properties": { "BMP": 8.14645, "EMP": 8.26051, "PREFIX": "SR", "ROUTE": "93", "ISLAND": "Oahu", "DIRECTION": "+MP", "TYPE": "Sidewalk", "MATERIAL": "Asphalt", "LENGTH": 598.0, "NHS": "YES", "Shape_Leng": 182.369968339 }, "geometry": { "type": "MultiLineString", "coordinates": [ [ [ -158.17721, 21.40671 ], [ -158.17709, 21.40835 ] ] ] } },
{ "type": "Feature", "properties": { "BMP": 8.26991, "EMP": 8.29772, "PREFIX": "SR", "ROUTE": "93", "ISLAND": "Oahu", "DIRECTION": "+MP", "TYPE": "Sidewalk", "MATERIAL": "Asphalt", "LENGTH": 148.0, "NHS": "YES", "Shape_Leng": 45.2581640354 }, "geometry": { "type": "MultiLineString", "coordinates": [ [ [ -158.17706, 21.40848 ], [ -158.17701, 21.40888 ] ] ] } },
{ "type": "Feature", "properties": { "BMP": 8.29794, "EMP": 8.31878, "PREFIX": "SR", "ROUTE": "93", "ISLAND": "Oahu", "DIRECTION": "+MP", "TYPE": "Sidewalk", "MATERIAL": "Concrete", "LENGTH": 110.0, "NHS": "YES", "Shape_Leng": 33.529017702099999 }, "geometry": { "type": "MultiLineString", "coordinates": [ [ [ -158.17701, 21.40889 ], [ -158.17695, 21.40919 ] ] ] } },
{ "type": "Feature", "properties": { "BMP": 8.319, "EMP": 8.51795, "PREFIX": "SR", "ROUTE": "93", "ISLAND": "Oahu", "DIRECTION": "+MP", "TYPE": "Sidewalk", "MATERIAL": "Asphalt", "LENGTH": 1053.0, "NHS": "YES", "Shape_Leng": 320.87789944799999 }, "geometry": { "type": "MultiLineString", "coordinates": [ [ [ -158.17695, 21.40919 ], [ -158.17644, 21.41205 ] ] ] } },
{ "type": "Feature", "properties": { "BMP": 8.51821, "EMP": 8.52214, "PREFIX": "SR", "ROUTE": "93", "ISLAND": "Oahu", "DIRECTION": "+MP", "TYPE": "Sidewalk", "MATERIAL": "Concrete", "LENGTH": 23.0, "NHS": "YES", "Shape_Leng": 6.8684813415899999 }, "geometry": { "type": "MultiLineString", "coordinates": [ [ [ -158.17643, 21.41205 ], [ -158.17641, 21.41211 ] ] ] } },
{ "type": "Feature", "properties": { "BMP": 8.53206, "EMP": 8.53633, "PREFIX": "SR", "ROUTE": "93", "ISLAND": "Oahu", "DIRECTION": "+MP", "TYPE": "Sidewalk", "MATERIAL": "Concrete", "LENGTH": 25.0, "NHS": "YES", "Shape_Leng": 7.5201048644500004 }, "geometry": { "type": "MultiLineString", "coordinates": [ [ [ -158.17639, 21.41225 ], [ -158.17641, 21.41232 ] ] ] } },
{ "type": "Feature", "properties": { "BMP": 8.5365, "EMP": 8.64021, "PREFIX": "SR", "ROUTE": "93", "ISLAND": "Oahu", "DIRECTION": "+MP", "TYPE": "Sidewalk", "MATERIAL": "Asphalt", "LENGTH": 558.0, "NHS": "YES", "Shape_Leng": 170.19746558 }, "geometry": { "type": "MultiLineString", "coordinates": [ [ [ -158.17641, 21.41232 ], [ -158.17644, 21.41384 ] ] ] } },
{ "type": "Feature", "properties": { "BMP": 8.65078, "EMP": 8.65687, "PREFIX": "SR", "ROUTE": "93", "ISLAND": "Oahu", "DIRECTION": "+MP", "TYPE": "Sidewalk", "MATERIAL": "Concrete", "LENGTH": 35.0, "NHS": "YES", "Shape_Leng": 10.617334727 }, "geometry": { "type": "MultiLineString", "coordinates": [ [ [ -158.17647, 21.414 ], [ -158.17652, 21.41408 ] ] ] } },
{ "type": "Feature", "properties": { "BMP": 8.6571, "EMP": 8.74773, "PREFIX": "SR", "ROUTE": "93", "ISLAND": "Oahu", "DIRECTION": "+MP", "TYPE": "Sidewalk", "MATERIAL": "Asphalt", "LENGTH": 479.0, "NHS": "YES", "Shape_Leng": 145.89495611500001 }, "geometry": { "type": "MultiLineString", "coordinates": [ [ [ -158.17652, 21.41408 ], [ -158.17671, 21.41539 ] ] ] } },
{ "type": "Feature", "properties": { "BMP": 8.80159, "EMP": 8.8405, "PREFIX": "SR", "ROUTE": "93", "ISLAND": "Oahu", "DIRECTION": "+MP", "TYPE": "Sidewalk", "MATERIAL": "Asphalt", "LENGTH": 205.0, "NHS": "YES", "Shape_Leng": 62.550756437499999 }, "geometry": { "type": "MultiLineString", "coordinates": [ [ [ -158.17685, 21.41616 ], [ -158.17694, 21.41672 ] ] ] } },
{ "type": "Feature", "properties": { "BMP": 8.84805, "EMP": 8.88567, "PREFIX": "SR", "ROUTE": "93", "ISLAND": "Oahu", "DIRECTION": "+MP", "TYPE": "Sidewalk", "MATERIAL": "Asphalt", "LENGTH": 198.0, "NHS": "YES", "Shape_Leng": 60.476211213699997 }, "geometry": { "type": "MultiLineString", "coordinates": [ [ [ -158.17695, 21.41683 ], [ -158.17704, 21.41737 ] ] ] } },
{ "type": "Feature", "properties": { "BMP": 8.8934, "EMP": 8.92947, "PREFIX": "SR", "ROUTE": "93", "ISLAND": "Oahu", "DIRECTION": "+MP", "TYPE": "Sidewalk", "MATERIAL": "Asphalt", "LENGTH": 190.0, "NHS": "YES", "Shape_Leng": 57.962690939300003 }, "geometry": { "type": "MultiLineString", "coordinates": [ [ [ -158.17706, 21.41748 ], [ -158.17714, 21.418 ] ] ] } },
{ "type": "Feature", "properties": { "BMP": 6.17885, "EMP": 6.14926, "PREFIX": "SR", "ROUTE": "930", "ISLAND": "Oahu", "DIRECTION": "-MP", "TYPE": "Sidewalk", "MATERIAL": "Concrete", "LENGTH": 156.0, "NHS": "NO", "Shape_Leng": 47.606125226300001 }, "geometry": { "type": "MultiLineString", "coordinates": [ [ [ -158.12005, 21.56521 ], [ -158.12046, 21.56541 ] ] ] } },
{ "type": "Feature", "properties": { "BMP": 1.8365, "EMP": 1.81611, "PREFIX": "SR", "ROUTE": "930", "ISLAND": "Oahu", "DIRECTION": "-MP", "TYPE": "Sidewalk", "MATERIAL": "Concrete", "LENGTH": 108.0, "NHS": "NO", "Shape_Leng": 32.7961510656 }, "geometry": { "type": "MultiLineString", "coordinates": [ [ [ -158.18512, 21.58075 ], [ -158.18544, 21.5808 ] ] ] } },
{ "type": "Feature", "properties": { "BMP": 0.13591, "EMP": 0.13618, "PREFIX": "SR", "ROUTE": "7239", "ISLAND": "Oahu", "DIRECTION": "+MP", "TYPE": "Sidewalk", "MATERIAL": "Concrete", "LENGTH": 8.0, "NHS": "NO", "Shape_Leng": 2.5536957013600001 }, "geometry": { "type": "MultiLineString", "coordinates": [ [ [ -157.91747, 21.37296 ], [ -157.91749, 21.37298 ] ] ] } },
{ "type": "Feature", "properties": { "BMP": 0.1369, "EMP": 0.13951, "PREFIX": "SR", "ROUTE": "7239", "ISLAND": "Oahu", "DIRECTION": "+MP", "TYPE": "Sidewalk", "MATERIAL": "Concrete", "LENGTH": 19.0, "NHS": "NO", "Shape_Leng": 5.6856650104200002 }, "geometry": { "type": "MultiLineString", "coordinates": [ [ [ -157.91736, 21.37286 ], [ -157.91736, 21.37291 ] ] ] } },
{ "type": "Feature", "properties": { "BMP": 0.50344, "EMP": 0.47427, "PREFIX": "SR", "ROUTE": "61", "ISLAND": "Oahu", "DIRECTION": "-MP", "TYPE": "Sidewalk", "MATERIAL": "Concrete", "LENGTH": 154.0, "NHS": "YES", "Shape_Leng": 46.955440568199997 }, "geometry": { "type": "MultiLineString", "coordinates": [ [ [ -157.8513, 21.31854 ], [ -157.85157, 21.3182 ] ] ] } },
{ "type": "Feature", "properties": { "BMP": 0.46699, "EMP": 0.44403, "PREFIX": "SR", "ROUTE": "61", "ISLAND": "Oahu", "DIRECTION": "-MP", "TYPE": "Sidewalk", "MATERIAL": "Concrete", "LENGTH": 132.0, "NHS": "YES", "Shape_Leng": 40.220012533099997 }, "geometry": { "type": "MultiLineString", "coordinates": [ [ [ -157.85165, 21.31812 ], [ -157.85191, 21.31789 ] ] ] } },
{ "type": "Feature", "properties": { "BMP": 0.43263, "EMP": 0.38429, "PREFIX": "SR", "ROUTE": "61", "ISLAND": "Oahu", "DIRECTION": "-MP", "TYPE": "Sidewalk", "MATERIAL": "Concrete", "LENGTH": 258.0, "NHS": "YES", "Shape_Leng": 78.539254801599995 }, "geometry": { "type": "MultiLineString", "coordinates": [ [ [ -157.85199, 21.31773 ], [ -157.85242, 21.31716 ] ] ] } },
{ "type": "Feature", "properties": { "BMP": 0.17572, "EMP": 0.13471, "PREFIX": "SR", "ROUTE": "61", "ISLAND": "Oahu", "DIRECTION": "-MP", "TYPE": "Sidewalk", "MATERIAL": "Concrete", "LENGTH": 216.0, "NHS": "YES", "Shape_Leng": 65.809604389200004 }, "geometry": { "type": "MultiLineString", "coordinates": [ [ [ -157.85444, 21.31481 ], [ -157.8549, 21.3144 ] ] ] } },
{ "type": "Feature", "properties": { "BMP": 0.12434, "EMP": 0.00213, "PREFIX": "SR", "ROUTE": "61", "ISLAND": "Oahu", "DIRECTION": "-MP", "TYPE": "Sidewalk", "MATERIAL": "Concrete", "LENGTH": 656.0, "NHS": "YES", "Shape_Leng": 199.93935753 }, "geometry": { "type": "MultiLineString", "coordinates": [ [ [ -157.85509, 21.31437 ], [ -157.85644, 21.31312 ] ] ] } },
{ "type": "Feature", "properties": { "BMP": 5.90367, "EMP": 6.12457, "PREFIX": "SR", "ROUTE": "930", "ISLAND": "Oahu", "DIRECTION": "+MP", "TYPE": "Sidewalk", "MATERIAL": "Concrete", "LENGTH": 1163.0, "NHS": "NO", "Shape_Leng": 354.51150076 }, "geometry": { "type": "MultiLineString", "coordinates": [ [ [ -158.12388, 21.56652 ], [ -158.12068, 21.56541 ] ] ] } },
{ "type": "Feature", "properties": { "BMP": 6.12941, "EMP": 6.16726, "PREFIX": "SR", "ROUTE": "930", "ISLAND": "Oahu", "DIRECTION": "+MP", "TYPE": "Sidewalk", "MATERIAL": "Concrete", "LENGTH": 200.0, "NHS": "NO", "Shape_Leng": 61.049581440899999 }, "geometry": { "type": "MultiLineString", "coordinates": [ [ [ -158.12061, 21.56538 ], [ -158.12008, 21.56513 ] ] ] } },
{ "type": "Feature", "properties": { "BMP": 8.93919, "EMP": 8.97692, "PREFIX": "SR", "ROUTE": "93", "ISLAND": "Oahu", "DIRECTION": "+MP", "TYPE": "Sidewalk", "MATERIAL": "Asphalt", "LENGTH": 199.0, "NHS": "YES", "Shape_Leng": 60.730428977099997 }, "geometry": { "type": "MultiLineString", "coordinates": [ [ [ -158.17716, 21.41814 ], [ -158.17725, 21.41868 ] ] ] } },
{ "type": "Feature", "properties": { "BMP": 8.98466, "EMP": 9.0221, "PREFIX": "SR", "ROUTE": "93", "ISLAND": "Oahu", "DIRECTION": "+MP", "TYPE": "Sidewalk", "MATERIAL": "Asphalt", "LENGTH": 197.0, "NHS": "YES", "Shape_Leng": 60.169798801 }, "geometry": { "type": "MultiLineString", "coordinates": [ [ [ -158.17727, 21.41879 ], [ -158.17735, 21.41933 ] ] ] } },
{ "type": "Feature", "properties": { "BMP": 9.0301, "EMP": 9.06409, "PREFIX": "SR", "ROUTE": "93", "ISLAND": "Oahu", "DIRECTION": "+MP", "TYPE": "Sidewalk", "MATERIAL": "Asphalt", "LENGTH": 179.0, "NHS": "YES", "Shape_Leng": 54.595396466399997 }, "geometry": { "type": "MultiLineString", "coordinates": [ [ [ -158.17737, 21.41944 ], [ -158.17745, 21.41993 ] ] ] } },
{ "type": "Feature", "properties": { "BMP": 9.07826, "EMP": 9.11381, "PREFIX": "SR", "ROUTE": "93", "ISLAND": "Oahu", "DIRECTION": "+MP", "TYPE": "Sidewalk", "MATERIAL": "Asphalt", "LENGTH": 188.0, "NHS": "YES", "Shape_Leng": 57.321725493199999 }, "geometry": { "type": "MultiLineString", "coordinates": [ [ [ -158.17748, 21.42013 ], [ -158.17756, 21.42065 ] ] ] } },
{ "type": "Feature", "properties": { "BMP": 9.12105, "EMP": 9.15968, "PREFIX": "SR", "ROUTE": "93", "ISLAND": "Oahu", "DIRECTION": "+MP", "TYPE": "Sidewalk", "MATERIAL": "Asphalt", "LENGTH": 205.0, "NHS": "YES", "Shape_Leng": 62.350403597099998 }, "geometry": { "type": "MultiLineString", "coordinates": [ [ [ -158.17757, 21.42075 ], [ -158.17767, 21.42131 ] ] ] } },
{ "type": "Feature", "properties": { "BMP": 9.16768, "EMP": 9.2033, "PREFIX": "SR", "ROUTE": "93", "ISLAND": "Oahu", "DIRECTION": "+MP", "TYPE": "Sidewalk", "MATERIAL": "Asphalt", "LENGTH": 188.0, "NHS": "YES", "Shape_Leng": 57.2508556282 }, "geometry": { "type": "MultiLineString", "coordinates": [ [ [ -158.17768, 21.42142 ], [ -158.17776, 21.42193 ] ] ] } },
{ "type": "Feature", "properties": { "BMP": 9.21269, "EMP": 9.24911, "PREFIX": "SR", "ROUTE": "93", "ISLAND": "Oahu", "DIRECTION": "+MP", "TYPE": "Sidewalk", "MATERIAL": "Asphalt", "LENGTH": 192.0, "NHS": "YES", "Shape_Leng": 58.618917423900001 }, "geometry": { "type": "MultiLineString", "coordinates": [ [ [ -158.17778, 21.42207 ], [ -158.17787, 21.42259 ] ] ] } },
{ "type": "Feature", "properties": { "BMP": 9.25878, "EMP": 9.29487, "PREFIX": "SR", "ROUTE": "93", "ISLAND": "Oahu", "DIRECTION": "+MP", "TYPE": "Sidewalk", "MATERIAL": "Asphalt", "LENGTH": 190.0, "NHS": "YES", "Shape_Leng": 57.938191373499997 }, "geometry": { "type": "MultiLineString", "coordinates": [ [ [ -158.17789, 21.42273 ], [ -158.17797, 21.42325 ] ] ] } },
{ "type": "Feature", "properties": { "BMP": 9.30254, "EMP": 9.33936, "PREFIX": "SR", "ROUTE": "93", "ISLAND": "Oahu", "DIRECTION": "+MP", "TYPE": "Sidewalk", "MATERIAL": "Asphalt", "LENGTH": 195.0, "NHS": "YES", "Shape_Leng": 59.509342878600002 }, "geometry": { "type": "MultiLineString", "coordinates": [ [ [ -158.17799, 21.42336 ], [ -158.17806, 21.42389 ] ] ] } },
{ "type": "Feature", "properties": { "BMP": 9.39507, "EMP": 9.43046, "PREFIX": "SR", "ROUTE": "93", "ISLAND": "Oahu", "DIRECTION": "+MP", "TYPE": "Sidewalk", "MATERIAL": "Asphalt", "LENGTH": 186.0, "NHS": "YES", "Shape_Leng": 56.637514192899999 }, "geometry": { "type": "MultiLineString", "coordinates": [ [ [ -158.1782, 21.42469 ], [ -158.17828, 21.4252 ] ] ] } },
{ "type": "Feature", "properties": { "BMP": 9.43992, "EMP": 9.47696, "PREFIX": "SR", "ROUTE": "93", "ISLAND": "Oahu", "DIRECTION": "+MP", "TYPE": "Sidewalk", "MATERIAL": "Asphalt", "LENGTH": 196.0, "NHS": "YES", "Shape_Leng": 59.617684387799997 }, "geometry": { "type": "MultiLineString", "coordinates": [ [ [ -158.1783, 21.42534 ], [ -158.17839, 21.42587 ] ] ] } },
{ "type": "Feature", "properties": { "BMP": 9.48537, "EMP": 9.52204, "PREFIX": "SR", "ROUTE": "93", "ISLAND": "Oahu", "DIRECTION": "+MP", "TYPE": "Sidewalk", "MATERIAL": "Asphalt", "LENGTH": 194.0, "NHS": "YES", "Shape_Leng": 58.988631288299999 }, "geometry": { "type": "MultiLineString", "coordinates": [ [ [ -158.17841, 21.42599 ], [ -158.17849, 21.42652 ] ] ] } },
{ "type": "Feature", "properties": { "BMP": 9.57461, "EMP": 9.61075, "PREFIX": "SR", "ROUTE": "93", "ISLAND": "Oahu", "DIRECTION": "+MP", "TYPE": "Sidewalk", "MATERIAL": "Asphalt", "LENGTH": 195.0, "NHS": "YES", "Shape_Leng": 59.502497808400001 }, "geometry": { "type": "MultiLineString", "coordinates": [ [ [ -158.17866, 21.42728 ], [ -158.17887, 21.42778 ] ] ] } },
{ "type": "Feature", "properties": { "BMP": 9.53065, "EMP": 9.5655, "PREFIX": "SR", "ROUTE": "93", "ISLAND": "Oahu", "DIRECTION": "+MP", "TYPE": "Sidewalk", "MATERIAL": "Asphalt", "LENGTH": 187.0, "NHS": "YES", "Shape_Leng": 57.0350354001 }, "geometry": { "type": "MultiLineString", "coordinates": [ [ [ -158.17851, 21.42664 ], [ -158.17862, 21.42715 ] ] ] } },
{ "type": "Feature", "properties": { "BMP": 10.22288, "EMP": 10.2566, "PREFIX": "SR", "ROUTE": "93", "ISLAND": "Oahu", "DIRECTION": "+MP", "TYPE": "Sidewalk", "MATERIAL": "Concrete", "LENGTH": 179.0, "NHS": "YES", "Shape_Leng": 54.653775119499997 }, "geometry": { "type": "MultiLineString", "coordinates": [ [ [ -158.18439, 21.43463 ], [ -158.18457, 21.43509 ] ] ] } },
{ "type": "Feature", "properties": { "BMP": 10.2669, "EMP": 10.32748, "PREFIX": "SR", "ROUTE": "93", "ISLAND": "Oahu", "DIRECTION": "+MP", "TYPE": "Sidewalk", "MATERIAL": "Concrete", "LENGTH": 323.0, "NHS": "YES", "Shape_Leng": 98.5664283821 }, "geometry": { "type": "MultiLineString", "coordinates": [ [ [ -158.18461, 21.43523 ], [ -158.18485, 21.43609 ] ] ] } },
{ "type": "Feature", "properties": { "BMP": 10.33536, "EMP": 10.55769, "PREFIX": "SR", "ROUTE": "93", "ISLAND": "Oahu", "DIRECTION": "+MP", "TYPE": "Sidewalk", "MATERIAL": "Concrete", "LENGTH": 1175.0, "NHS": "YES", "Shape_Leng": 358.25537032599999 }, "geometry": { "type": "MultiLineString", "coordinates": [ [ [ -158.18489, 21.43619 ], [ -158.18588, 21.43929 ] ] ] } },
{ "type": "Feature", "properties": { "BMP": 10.72981, "EMP": 10.80321, "PREFIX": "SR", "ROUTE": "93", "ISLAND": "Oahu", "DIRECTION": "+MP", "TYPE": "Sidewalk", "MATERIAL": "Concrete", "LENGTH": 390.0, "NHS": "YES", "Shape_Leng": 118.888944216 }, "geometry": { "type": "MultiLineString", "coordinates": [ [ [ -158.18667, 21.44168 ], [ -158.18697, 21.44271 ] ] ] } },
{ "type": "Feature", "properties": { "BMP": 10.8148, "EMP": 10.99537, "PREFIX": "SR", "ROUTE": "93", "ISLAND": "Oahu", "DIRECTION": "+MP", "TYPE": "Sidewalk", "MATERIAL": "Concrete", "LENGTH": 956.0, "NHS": "YES", "Shape_Leng": 291.270143975 }, "geometry": { "type": "MultiLineString", "coordinates": [ [ [ -158.18702, 21.44287 ], [ -158.18787, 21.44538 ] ] ] } },
{ "type": "Feature", "properties": { "BMP": 11.00413, "EMP": 11.01873, "PREFIX": "SR", "ROUTE": "93", "ISLAND": "Oahu", "DIRECTION": "+MP", "TYPE": "Sidewalk", "MATERIAL": "Concrete", "LENGTH": 79.0, "NHS": "YES", "Shape_Leng": 23.939488379699998 }, "geometry": { "type": "MultiLineString", "coordinates": [ [ [ -158.18795, 21.44548 ], [ -158.18802, 21.44568 ] ] ] } },
{ "type": "Feature", "properties": { "BMP": 11.02868, "EMP": 11.2916, "PREFIX": "SR", "ROUTE": "93", "ISLAND": "Oahu", "DIRECTION": "+MP", "TYPE": "Sidewalk", "MATERIAL": "Concrete", "LENGTH": 1401.0, "NHS": "YES", "Shape_Leng": 427.07909681699999 }, "geometry": { "type": "MultiLineString", "coordinates": [ [ [ -158.18807, 21.44582 ], [ -158.19013, 21.44913 ] ] ] } },
{ "type": "Feature", "properties": { "BMP": 5.74806, "EMP": 5.77186, "PREFIX": "SR", "ROUTE": "930", "ISLAND": "Oahu", "DIRECTION": "+MP", "TYPE": "Sidewalk", "MATERIAL": "Concrete", "LENGTH": 126.0, "NHS": "NO", "Shape_Leng": 38.302386760099999 }, "geometry": { "type": "MultiLineString", "coordinates": [ [ [ -158.12622, 21.56709 ], [ -158.12586, 21.567 ] ] ] } },
{ "type": "Feature", "properties": { "BMP": 5.77877, "EMP": 5.88825, "PREFIX": "SR", "ROUTE": "930", "ISLAND": "Oahu", "DIRECTION": "+MP", "TYPE": "Sidewalk", "MATERIAL": "Concrete", "LENGTH": 578.0, "NHS": "NO", "Shape_Leng": 176.141218541 }, "geometry": { "type": "MultiLineString", "coordinates": [ [ [ -158.12575, 21.56697 ], [ -158.12411, 21.56657 ] ] ] } },
{ "type": "Feature", "properties": { "BMP": 11.30766, "EMP": 11.37325, "PREFIX": "SR", "ROUTE": "93", "ISLAND": "Oahu", "DIRECTION": "+MP", "TYPE": "Sidewalk", "MATERIAL": "Concrete", "LENGTH": 351.0, "NHS": "YES", "Shape_Leng": 107.099399956 }, "geometry": { "type": "MultiLineString", "coordinates": [ [ [ -158.19028, 21.44932 ], [ -158.19103, 21.44998 ] ] ] } },
{ "type": "Feature", "properties": { "BMP": 11.3835, "EMP": 11.49441, "PREFIX": "SR", "ROUTE": "93", "ISLAND": "Oahu", "DIRECTION": "+MP", "TYPE": "Sidewalk", "MATERIAL": "Concrete", "LENGTH": 588.0, "NHS": "YES", "Shape_Leng": 179.233079914 }, "geometry": { "type": "MultiLineString", "coordinates": [ [ [ -158.19115, 21.45009 ], [ -158.19252, 21.45107 ] ] ] } },
{ "type": "Feature", "properties": { "BMP": 11.50593, "EMP": 11.71341, "PREFIX": "SR", "ROUTE": "93", "ISLAND": "Oahu", "DIRECTION": "+MP", "TYPE": "Sidewalk", "MATERIAL": "Concrete", "LENGTH": 1095.0, "NHS": "YES", "Shape_Leng": 333.71658120500001 }, "geometry": { "type": "MultiLineString", "coordinates": [ [ [ -158.19266, 21.45118 ], [ -158.19519, 21.45303 ] ] ] } },
{ "type": "Feature", "properties": { "BMP": 5.67209, "EMP": 5.65622, "PREFIX": "SR", "ROUTE": "930", "ISLAND": "Oahu", "DIRECTION": "-MP", "TYPE": "Sidewalk", "MATERIAL": "Concrete", "LENGTH": 83.0, "NHS": "NO", "Shape_Leng": 25.315539852699999 }, "geometry": { "type": "MultiLineString", "coordinates": [ [ [ -158.12728, 21.56747 ], [ -158.12751, 21.56752 ] ] ] } },
{ "type": "Feature", "properties": { "BMP": 11.73063, "EMP": 11.91296, "PREFIX": "SR", "ROUTE": "93", "ISLAND": "Oahu", "DIRECTION": "+MP", "TYPE": "Sidewalk", "MATERIAL": "Concrete", "LENGTH": 964.0, "NHS": "YES", "Shape_Leng": 293.76527290199999 }, "geometry": { "type": "MultiLineString", "coordinates": [ [ [ -158.1954, 21.4532 ], [ -158.19765, 21.4548 ] ] ] } },
{ "type": "Feature", "properties": { "BMP": 11.92854, "EMP": 11.95188, "PREFIX": "SR", "ROUTE": "93", "ISLAND": "Oahu", "DIRECTION": "+MP", "TYPE": "Sidewalk", "MATERIAL": "Concrete", "LENGTH": 125.0, "NHS": "YES", "Shape_Leng": 38.021032420300003 }, "geometry": { "type": "MultiLineString", "coordinates": [ [ [ -158.19784, 21.45494 ], [ -158.19814, 21.45512 ] ] ] } },
{ "type": "Feature", "properties": { "BMP": 7.32968, "EMP": 7.32633, "PREFIX": "SR", "ROUTE": "930", "ISLAND": "Oahu", "DIRECTION": "-MP", "TYPE": "Sidewalk", "MATERIAL": "Asphalt", "LENGTH": 21.0, "NHS": "NO", "Shape_Leng": 6.3336606950399998 }, "geometry": { "type": "MultiLineString", "coordinates": [ [ [ -158.10868, 21.57045 ], [ -158.10867, 21.57039 ] ] ] } },
{ "type": "Feature", "properties": { "BMP": 11.96081, "EMP": 12.22202, "PREFIX": "SR", "ROUTE": "93", "ISLAND": "Oahu", "DIRECTION": "+MP", "TYPE": "Sidewalk", "MATERIAL": "Concrete", "LENGTH": 1378.0, "NHS": "YES", "Shape_Leng": 420.005998756 }, "geometry": { "type": "MultiLineString", "coordinates": [ [ [ -158.19825, 21.45521 ], [ -158.20147, 21.45751 ] ] ] } },
{ "type": "Feature", "properties": { "BMP": 12.22819, "EMP": 12.35216, "PREFIX": "SR", "ROUTE": "93", "ISLAND": "Oahu", "DIRECTION": "+MP", "TYPE": "Sidewalk", "MATERIAL": "Concrete", "LENGTH": 658.0, "NHS": "YES", "Shape_Leng": 200.581862968 }, "geometry": { "type": "MultiLineString", "coordinates": [ [ [ -158.20155, 21.45757 ], [ -158.20309, 21.45865 ] ] ] } },
{ "type": "Feature", "properties": { "BMP": 3.32, "EMP": 3.27795, "PREFIX": "SR", "ROUTE": "8940", "ISLAND": "Oahu", "DIRECTION": "-MP", "TYPE": "Sidewalk", "MATERIAL": "Concrete", "LENGTH": 228.0, "NHS": "NO", "Shape_Leng": 69.488811719300003 }, "geometry": { "type": "MultiLineString", "coordinates": [ [ [ -158.08667, 21.32511 ], [ -158.08602, 21.32494 ] ] ] } },
{ "type": "Feature", "properties": { "BMP": 3.27407, "EMP": 3.21757, "PREFIX": "SR", "ROUTE": "8940", "ISLAND": "Oahu", "DIRECTION": "-MP", "TYPE": "Sidewalk", "MATERIAL": "Concrete", "LENGTH": 298.0, "NHS": "NO", "Shape_Leng": 90.940222741200003 }, "geometry": { "type": "MultiLineString", "coordinates": [ [ [ -158.08596, 21.32493 ], [ -158.08512, 21.32471 ] ] ] } },
{ "type": "Feature", "properties": { "BMP": 12.36569, "EMP": 12.60329, "PREFIX": "SR", "ROUTE": "93", "ISLAND": "Oahu", "DIRECTION": "+MP", "TYPE": "Sidewalk", "MATERIAL": "Concrete", "LENGTH": 1260.0, "NHS": "YES", "Shape_Leng": 383.99778578899998 }, "geometry": { "type": "MultiLineString", "coordinates": [ [ [ -158.20328, 21.45874 ], [ -158.20659, 21.4603 ] ] ] } },
{ "type": "Feature", "properties": { "BMP": 12.618, "EMP": 12.7286, "PREFIX": "SR", "ROUTE": "93", "ISLAND": "Oahu", "DIRECTION": "+MP", "TYPE": "Sidewalk", "MATERIAL": "Concrete", "LENGTH": 587.0, "NHS": "YES", "Shape_Leng": 178.81429237699999 }, "geometry": { "type": "MultiLineString", "coordinates": [ [ [ -158.20679, 21.46038 ], [ -158.20834, 21.46108 ] ] ] } },
{ "type": "Feature", "properties": { "BMP": 12.74221, "EMP": 12.76209, "PREFIX": "SR", "ROUTE": "93", "ISLAND": "Oahu", "DIRECTION": "+MP", "TYPE": "Sidewalk", "MATERIAL": "Concrete", "LENGTH": 106.0, "NHS": "YES", "Shape_Leng": 32.292992266399999 }, "geometry": { "type": "MultiLineString", "coordinates": [ [ [ -158.20853, 21.46117 ], [ -158.20882, 21.46128 ] ] ] } },
{ "type": "Feature", "properties": { "BMP": 3.14928, "EMP": 3.09736, "PREFIX": "SR", "ROUTE": "8940", "ISLAND": "Oahu", "DIRECTION": "-MP", "TYPE": "Sidewalk", "MATERIAL": "Concrete", "LENGTH": 274.0, "NHS": "NO", "Shape_Leng": 83.53792875000001 }, "geometry": { "type": "MultiLineString", "coordinates": [ [ [ -158.0841, 21.32445 ], [ -158.08332, 21.32425 ] ] ] } },
{ "type": "Feature", "properties": { "BMP": 3.21194, "EMP": 3.15355, "PREFIX": "SR", "ROUTE": "8940", "ISLAND": "Oahu", "DIRECTION": "-MP", "TYPE": "Sidewalk", "MATERIAL": "Concrete", "LENGTH": 307.0, "NHS": "NO", "Shape_Leng": 93.710341357399997 }, "geometry": { "type": "MultiLineString", "coordinates": [ [ [ -158.08503, 21.32469 ], [ -158.08416, 21.32446 ] ] ] } },
{ "type": "Feature", "properties": { "BMP": 3.09345, "EMP": 3.04209, "PREFIX": "SR", "ROUTE": "8940", "ISLAND": "Oahu", "DIRECTION": "-MP", "TYPE": "Sidewalk", "MATERIAL": "Concrete", "LENGTH": 271.0, "NHS": "NO", "Shape_Leng": 82.567013821200007 }, "geometry": { "type": "MultiLineString", "coordinates": [ [ [ -158.08327, 21.32423 ], [ -158.0825, 21.32403 ] ] ] } },
{ "type": "Feature", "properties": { "BMP": 3.03785, "EMP": 2.91662, "PREFIX": "SR", "ROUTE": "8940", "ISLAND": "Oahu", "DIRECTION": "-MP", "TYPE": "Sidewalk", "MATERIAL": "Concrete", "LENGTH": 639.0, "NHS": "NO", "Shape_Leng": 194.84568816199999 }, "geometry": { "type": "MultiLineString", "coordinates": [ [ [ -158.08243, 21.32402 ], [ -158.08062, 21.32355 ] ] ] } },
{ "type": "Feature", "properties": { "BMP": 2.80271, "EMP": 2.7867, "PREFIX": "SR", "ROUTE": "8940", "ISLAND": "Oahu", "DIRECTION": "-MP", "TYPE": "Sidewalk", "MATERIAL": "Concrete", "LENGTH": 84.0, "NHS": "NO", "Shape_Leng": 25.727909298899998 }, "geometry": { "type": "MultiLineString", "coordinates": [ [ [ -158.0789, 21.32316 ], [ -158.07866, 21.32311 ] ] ] } },
{ "type": "Feature", "properties": { "BMP": 2.90962, "EMP": 2.89794, "PREFIX": "SR", "ROUTE": "8940", "ISLAND": "Oahu", "DIRECTION": "-MP", "TYPE": "Sidewalk", "MATERIAL": "Concrete", "LENGTH": 62.0, "NHS": "NO", "Shape_Leng": 18.8666547087 }, "geometry": { "type": "MultiLineString", "coordinates": [ [ [ -158.0805, 21.32357 ], [ -158.08033, 21.32353 ] ] ] } },
{ "type": "Feature", "properties": { "BMP": 2.76891, "EMP": 2.73601, "PREFIX": "SR", "ROUTE": "8940", "ISLAND": "Oahu", "DIRECTION": "-MP", "TYPE": "Sidewalk", "MATERIAL": "Concrete", "LENGTH": 175.0, "NHS": "NO", "Shape_Leng": 53.461464826799997 }, "geometry": { "type": "MultiLineString", "coordinates": [ [ [ -158.0784, 21.32304 ], [ -158.0779, 21.32292 ] ] ] } },
{ "type": "Feature", "properties": { "BMP": 2.87132, "EMP": 2.83286, "PREFIX": "SR", "ROUTE": "8940", "ISLAND": "Oahu", "DIRECTION": "-MP", "TYPE": "Sidewalk", "MATERIAL": "Concrete", "LENGTH": 203.0, "NHS": "NO", "Shape_Leng": 61.847447646799999 }, "geometry": { "type": "MultiLineString", "coordinates": [ [ [ -158.07993, 21.32343 ], [ -158.07935, 21.32328 ] ] ] } },
{ "type": "Feature", "properties": { "BMP": 2.73131, "EMP": 2.70487, "PREFIX": "SR", "ROUTE": "8940", "ISLAND": "Oahu", "DIRECTION": "-MP", "TYPE": "Sidewalk", "MATERIAL": "Concrete", "LENGTH": 143.0, "NHS": "NO", "Shape_Leng": 43.501895251000001 }, "geometry": { "type": "MultiLineString", "coordinates": [ [ [ -158.07783, 21.3229 ], [ -158.07743, 21.32281 ] ] ] } },
{ "type": "Feature", "properties": { "BMP": 2.69487, "EMP": 2.63566, "PREFIX": "SR", "ROUTE": "8940", "ISLAND": "Oahu", "DIRECTION": "-MP", "TYPE": "Sidewalk", "MATERIAL": "Concrete", "LENGTH": 319.0, "NHS": "NO", "Shape_Leng": 97.171166621899999 }, "geometry": { "type": "MultiLineString", "coordinates": [ [ [ -158.07727, 21.3228 ], [ -158.07636, 21.32268 ] ] ] } },
{ "type": "Feature", "properties": { "BMP": 2.62962, "EMP": 2.61235, "PREFIX": "SR", "ROUTE": "8940", "ISLAND": "Oahu", "DIRECTION": "-MP", "TYPE": "Sidewalk", "MATERIAL": "Concrete", "LENGTH": 92.0, "NHS": "NO", "Shape_Leng": 27.9878265963 }, "geometry": { "type": "MultiLineString", "coordinates": [ [ [ -158.07626, 21.32268 ], [ -158.07599, 21.32266 ] ] ] } },
{ "type": "Feature", "properties": { "BMP": 2.6038, "EMP": 2.52715, "PREFIX": "SR", "ROUTE": "8940", "ISLAND": "Oahu", "DIRECTION": "-MP", "TYPE": "Sidewalk", "MATERIAL": "Concrete", "LENGTH": 412.0, "NHS": "NO", "Shape_Leng": 125.647269286 }, "geometry": { "type": "MultiLineString", "coordinates": [ [ [ -158.07586, 21.32265 ], [ -158.07466, 21.3227 ] ] ] } },
{ "type": "Feature", "properties": { "BMP": 2.43088, "EMP": 2.06471, "PREFIX": "SR", "ROUTE": "8940", "ISLAND": "Oahu", "DIRECTION": "-MP", "TYPE": "Sidewalk", "MATERIAL": "Concrete", "LENGTH": 1936.0, "NHS": "NO", "Shape_Leng": 590.14708342699998 }, "geometry": { "type": "MultiLineString", "coordinates": [ [ [ -158.07318, 21.32295 ], [ -158.06776, 21.32455 ] ] ] } },
{ "type": "Feature", "properties": { "BMP": 2.51783, "EMP": 2.44193, "PREFIX": "SR", "ROUTE": "8940", "ISLAND": "Oahu", "DIRECTION": "-MP", "TYPE": "Sidewalk", "MATERIAL": "Concrete", "LENGTH": 414.0, "NHS": "NO", "Shape_Leng": 126.06465625 }, "geometry": { "type": "MultiLineString", "coordinates": [ [ [ -158.07452, 21.32271 ], [ -158.07334, 21.32286 ] ] ] } },
{ "type": "Feature", "properties": { "BMP": 2.04943, "EMP": 2.04859, "PREFIX": "SR", "ROUTE": "8940", "ISLAND": "Oahu", "DIRECTION": "-MP", "TYPE": "Sidewalk", "MATERIAL": "Concrete", "LENGTH": 12.0, "NHS": "NO", "Shape_Leng": 3.5528506417100001 }, "geometry": { "type": "MultiLineString", "coordinates": [ [ [ -158.06756, 21.32469 ], [ -158.06754, 21.32467 ] ] ] } },
{ "type": "Feature", "properties": { "BMP": 1.60504, "EMP": 1.57067, "PREFIX": "SR", "ROUTE": "8940", "ISLAND": "Oahu", "DIRECTION": "-MP", "TYPE": "Sidewalk", "MATERIAL": "Concrete", "LENGTH": 190.0, "NHS": "NO", "Shape_Leng": 57.767757482500002 }, "geometry": { "type": "MultiLineString", "coordinates": [ [ [ -158.0611, 21.32692 ], [ -158.06058, 21.32704 ] ] ] } },
{ "type": "Feature", "properties": { "BMP": 1.56523, "EMP": 1.20877, "PREFIX": "SR", "ROUTE": "8940", "ISLAND": "Oahu", "DIRECTION": "-MP", "TYPE": "Sidewalk", "MATERIAL": "Concrete", "LENGTH": 1882.0, "NHS": "NO", "Shape_Leng": 573.61500150300003 }, "geometry": { "type": "MultiLineString", "coordinates": [ [ [ -158.06049, 21.32706 ], [ -158.05531, 21.32886 ] ] ] } },
{ "type": "Feature", "properties": { "BMP": 0.52325, "EMP": 0.35532, "PREFIX": "SR", "ROUTE": "8945", "ISLAND": "Oahu", "DIRECTION": "-MP", "TYPE": "Sidewalk", "MATERIAL": "Asphalt", "LENGTH": 887.0, "NHS": "NO", "Shape_Leng": 270.45090018500002 }, "geometry": { "type": "MultiLineString", "coordinates": [ [ [ -158.06738, 21.31777 ], [ -158.066, 21.31983 ] ] ] } },
{ "type": "Feature", "properties": { "BMP": 0.00407, "EMP": 0.00324, "PREFIX": "SR", "ROUTE": "8945", "ISLAND": "Oahu", "DIRECTION": "-MP", "TYPE": "Sidewalk", "MATERIAL": "Concrete", "LENGTH": 43.0, "NHS": "NO", "Shape_Leng": 13.034317010500001 }, "geometry": { "type": "MultiLineString", "coordinates": [ [ [ -158.06755, 21.32466 ], [ -158.06745, 21.32473 ] ] ] } },
{ "type": "Feature", "properties": { "BMP": 0.46555, "EMP": 0.46, "PREFIX": "SR", "ROUTE": "8918", "ISLAND": "Oahu", "DIRECTION": "-MP", "TYPE": "Sidewalk", "MATERIAL": "Concrete", "LENGTH": 22.0, "NHS": "NO", "Shape_Leng": 6.7602901846299996 }, "geometry": { "type": "MultiLineString", "coordinates": [ [ [ -158.08253, 21.33377 ], [ -158.0825, 21.33372 ] ] ] } },
{ "type": "Feature", "properties": { "BMP": 0.32009, "EMP": 0.31874, "PREFIX": "SR", "ROUTE": "7239", "ISLAND": "Oahu", "DIRECTION": "-MP", "TYPE": "Sidewalk", "MATERIAL": "Asphalt", "LENGTH": 7.0, "NHS": "NO", "Shape_Leng": 2.13725983947 }, "geometry": { "type": "MultiLineString", "coordinates": [ [ [ -157.91516, 21.37152 ], [ -157.91518, 21.37153 ] ] ] } },
{ "type": "Feature", "properties": { "BMP": 0.31406, "EMP": 0.00225, "PREFIX": "SR", "ROUTE": "7239", "ISLAND": "Oahu", "DIRECTION": "-MP", "TYPE": "Sidewalk", "MATERIAL": "Concrete", "LENGTH": 1665.0, "NHS": "NO", "Shape_Leng": 507.32852276900002 }, "geometry": { "type": "MultiLineString", "coordinates": [ [ [ -157.91522, 21.37161 ], [ -157.91939, 21.37328 ] ] ] } },
{ "type": "Feature", "properties": { "BMP": 0.47603, "EMP": 0.56359, "PREFIX": "SR", "ROUTE": "8918", "ISLAND": "Oahu", "DIRECTION": "+MP", "TYPE": "Sidewalk", "MATERIAL": "Concrete", "LENGTH": 452.0, "NHS": "NO", "Shape_Leng": 137.40107266300001 }, "geometry": { "type": "MultiLineString", "coordinates": [ [ [ -158.0823, 21.33392 ], [ -158.08298, 21.33493 ] ] ] } },
{ "type": "Feature", "properties": { "BMP": 0.58515, "EMP": 0.59228, "PREFIX": "SR", "ROUTE": "8918", "ISLAND": "Oahu", "DIRECTION": "+MP", "TYPE": "Sidewalk", "MATERIAL": "Concrete", "LENGTH": 39.0, "NHS": "NO", "Shape_Leng": 11.8474308249 }, "geometry": { "type": "MultiLineString", "coordinates": [ [ [ -158.08308, 21.33523 ], [ -158.08312, 21.33533 ] ] ] } },
{ "type": "Feature", "properties": { "BMP": 0.05883, "EMP": 0.00476, "PREFIX": "SR", "ROUTE": "7351", "ISLAND": "Oahu", "DIRECTION": "-MP", "TYPE": "Sidewalk", "MATERIAL": "Concrete", "LENGTH": 310.0, "NHS": "NO", "Shape_Leng": 94.598577657899995 }, "geometry": { "type": "MultiLineString", "coordinates": [ [ [ -157.9345, 21.35295 ], [ -157.93539, 21.35299 ] ] ] } },
{ "type": "Feature", "properties": { "BMP": 0.01736, "EMP": 0.03906, "PREFIX": "SR", "ROUTE": "7351", "ISLAND": "Oahu", "DIRECTION": "+MP", "TYPE": "Sidewalk", "MATERIAL": "Concrete", "LENGTH": 110.0, "NHS": "NO", "Shape_Leng": 33.643157332500003 }, "geometry": { "type": "MultiLineString", "coordinates": [ [ [ -157.93512, 21.35266 ], [ -157.9348, 21.35272 ] ] ] } },
{ "type": "Feature", "properties": { "BMP": 0.04526, "EMP": 0.1526, "PREFIX": "SR", "ROUTE": "7351", "ISLAND": "Oahu", "DIRECTION": "+MP", "TYPE": "Sidewalk", "MATERIAL": "Concrete", "LENGTH": 555.0, "NHS": "NO", "Shape_Leng": 168.77811748900001 }, "geometry": { "type": "MultiLineString", "coordinates": [ [ [ -157.93471, 21.35273 ], [ -157.9332, 21.35229 ] ] ] } },
{ "type": "Feature", "properties": { "BMP": 0.16336, "EMP": 0.22957, "PREFIX": "SR", "ROUTE": "7351", "ISLAND": "Oahu", "DIRECTION": "+MP", "TYPE": "Sidewalk", "MATERIAL": "Concrete", "LENGTH": 353.0, "NHS": "NO", "Shape_Leng": 107.56236235 }, "geometry": { "type": "MultiLineString", "coordinates": [ [ [ -157.93305, 21.35222 ], [ -157.93211, 21.3518 ] ] ] } },
{ "type": "Feature", "properties": { "BMP": 0.00113, "EMP": 0.12016, "PREFIX": "SR", "ROUTE": "61", "ISLAND": "Oahu", "DIRECTION": "+MP", "TYPE": "Sidewalk", "MATERIAL": "Concrete", "LENGTH": 632.0, "NHS": "YES", "Shape_Leng": 192.71943580600001 }, "geometry": { "type": "MultiLineString", "coordinates": [ [ [ -157.85619, 21.31281 ], [ -157.85484, 21.31399 ] ] ] } },
{ "type": "Feature", "properties": { "BMP": 0.003, "EMP": 0.003, "PREFIX": "SR", "ROUTE": "61", "ISLAND": "Oahu", "DIRECTION": "+MP", "TYPE": "Sidewalk", "MATERIAL": "Concrete", "LENGTH": 4.0, "NHS": "YES", "Shape_Leng": 1.3058446046000001 }, "geometry": { "type": "MultiLineString", "coordinates": [ [ [ -157.85629, 21.31294 ], [ -157.8563, 21.31295 ] ] ] } },
{ "type": "Feature", "properties": { "BMP": 0.18853, "EMP": 0.19306, "PREFIX": "SR", "ROUTE": "61", "ISLAND": "Oahu", "DIRECTION": "+MP", "TYPE": "Sidewalk", "MATERIAL": "Concrete", "LENGTH": 26.0, "NHS": "YES", "Shape_Leng": 7.77522030077 }, "geometry": { "type": "MultiLineString", "coordinates": [ [ [ -157.85414, 21.31474 ], [ -157.85411, 21.3148 ] ] ] } },
{ "type": "Feature", "properties": { "BMP": 0.11838, "EMP": 0.17727, "PREFIX": "SR", "ROUTE": "61", "ISLAND": "Oahu", "DIRECTION": "+MP", "TYPE": "Sidewalk", "MATERIAL": "Concrete", "LENGTH": 319.0, "NHS": "YES", "Shape_Leng": 97.350207999600002 }, "geometry": { "type": "MultiLineString", "coordinates": [ [ [ -157.85491, 21.31402 ], [ -157.85426, 21.31462 ] ] ] } },
{ "type": "Feature", "properties": { "BMP": 0.44427, "EMP": 0.46861, "PREFIX": "SR", "ROUTE": "61", "ISLAND": "Oahu", "DIRECTION": "+MP", "TYPE": "Sidewalk", "MATERIAL": "Concrete", "LENGTH": 130.0, "NHS": "YES", "Shape_Leng": 39.738754411000002 }, "geometry": { "type": "MultiLineString", "coordinates": [ [ [ -157.85162, 21.31762 ], [ -157.8514, 21.31791 ] ] ] } },
{ "type": "Feature", "properties": { "BMP": 1.50344, "EMP": 1.54176, "PREFIX": "SR", "ROUTE": "61", "ISLAND": "Oahu", "DIRECTION": "+MP", "TYPE": "Sidewalk", "MATERIAL": "Concrete", "LENGTH": 204.0, "NHS": "YES", "Shape_Leng": 62.153625704900001 }, "geometry": { "type": "MultiLineString", "coordinates": [ [ [ -157.84409, 21.33031 ], [ -157.84371, 21.33073 ] ] ] } },
{ "type": "Feature", "properties": { "BMP": 1.55494, "EMP": 1.55494, "PREFIX": "SR", "ROUTE": "61", "ISLAND": "Oahu", "DIRECTION": "+MP", "TYPE": "Sidewalk", "MATERIAL": "Concrete", "LENGTH": 3.0, "NHS": "YES", "Shape_Leng": 1.04467053682 }, "geometry": { "type": "MultiLineString", "coordinates": [ ] } },
{ "type": "Feature", "properties": { "BMP": 1.9657, "EMP": 1.82488, "PREFIX": "SR", "ROUTE": "63", "ISLAND": "Oahu", "DIRECTION": "-MP", "TYPE": "Sidewalk", "MATERIAL": "Concrete", "LENGTH": 773.0, "NHS": "NO", "Shape_Leng": 235.45645113200001 }, "geometry": { "type": "MultiLineString", "coordinates": [ [ [ -157.86667, 21.34694 ], [ -157.86774, 21.34509 ] ] ] } },
{ "type": "Feature", "properties": { "BMP": 0.06743, "EMP": 0.11972, "PREFIX": "SR", "ROUTE": "65", "ISLAND": "Oahu", "DIRECTION": "+MP", "TYPE": "Sidewalk", "MATERIAL": "Concrete", "LENGTH": 287.0, "NHS": "YES", "Shape_Leng": 87.538984894899997 }, "geometry": { "type": "MultiLineString", "coordinates": [ [ [ -157.79852, 21.40276 ], [ -157.79776, 21.40307 ] ] ] } },
{ "type": "Feature", "properties": { "BMP": 0.0177, "EMP": 0.05957, "PREFIX": "SR", "ROUTE": "65", "ISLAND": "Oahu", "DIRECTION": "+MP", "TYPE": "Sidewalk", "MATERIAL": "Concrete", "LENGTH": 234.0, "NHS": "YES", "Shape_Leng": 71.452376213700006 }, "geometry": { "type": "MultiLineString", "coordinates": [ [ [ -157.79933, 21.40269 ], [ -157.79865, 21.40273 ] ] ] } },
{ "type": "Feature", "properties": { "BMP": 0.1302, "EMP": 0.3375, "PREFIX": "SR", "ROUTE": "65", "ISLAND": "Oahu", "DIRECTION": "+MP", "TYPE": "Sidewalk", "MATERIAL": "Concrete", "LENGTH": 1096.0, "NHS": "YES", "Shape_Leng": 334.04336465099999 }, "geometry": { "type": "MultiLineString", "coordinates": [ [ [ -157.79763, 21.40316 ], [ -157.79482, 21.40462 ] ] ] } },
{ "type": "Feature", "properties": { "BMP": 0.34975, "EMP": 0.47744, "PREFIX": "SR", "ROUTE": "65", "ISLAND": "Oahu", "DIRECTION": "+MP", "TYPE": "Sidewalk", "MATERIAL": "Concrete", "LENGTH": 671.0, "NHS": "YES", "Shape_Leng": 204.407206602 }, "geometry": { "type": "MultiLineString", "coordinates": [ [ [ -157.79466, 21.40471 ], [ -157.79294, 21.4056 ] ] ] } },
{ "type": "Feature", "properties": { "BMP": 0.48451, "EMP": 0.50966, "PREFIX": "SR", "ROUTE": "65", "ISLAND": "Oahu", "DIRECTION": "+MP", "TYPE": "Sidewalk", "MATERIAL": "Concrete", "LENGTH": 130.0, "NHS": "YES", "Shape_Leng": 39.737180959600003 }, "geometry": { "type": "MultiLineString", "coordinates": [ [ [ -157.79284, 21.40563 ], [ -157.79247, 21.40571 ] ] ] } },
{ "type": "Feature", "properties": { "BMP": 0.51667, "EMP": 0.57136, "PREFIX": "SR", "ROUTE": "65", "ISLAND": "Oahu", "DIRECTION": "+MP", "TYPE": "Sidewalk", "MATERIAL": "Concrete", "LENGTH": 283.0, "NHS": "YES", "Shape_Leng": 86.1548858381 }, "geometry": { "type": "MultiLineString", "coordinates": [ [ [ -157.79236, 21.40573 ], [ -157.79154, 21.40579 ] ] ] } },
{ "type": "Feature", "properties": { "BMP": 0.72092, "EMP": 0.7324, "PREFIX": "SR", "ROUTE": "65", "ISLAND": "Oahu", "DIRECTION": "+MP", "TYPE": "Sidewalk", "MATERIAL": "Concrete", "LENGTH": 66.0, "NHS": "YES", "Shape_Leng": 20.106127882599999 }, "geometry": { "type": "MultiLineString", "coordinates": [ [ [ -157.78922, 21.40565 ], [ -157.78903, 21.40562 ] ] ] } },
{ "type": "Feature", "properties": { "BMP": 0.74381, "EMP": 0.74983, "PREFIX": "SR", "ROUTE": "65", "ISLAND": "Oahu", "DIRECTION": "+MP", "TYPE": "Sidewalk", "MATERIAL": "Concrete", "LENGTH": 35.0, "NHS": "YES", "Shape_Leng": 10.577250083799999 }, "geometry": { "type": "MultiLineString", "coordinates": [ [ [ -157.78886, 21.40562 ], [ -157.78876, 21.40566 ] ] ] } },
{ "type": "Feature", "properties": { "BMP": 1.69584, "EMP": 1.81166, "PREFIX": "SR", "ROUTE": "65", "ISLAND": "Oahu", "DIRECTION": "+MP", "TYPE": "Sidewalk", "MATERIAL": "Concrete", "LENGTH": 616.0, "NHS": "YES", "Shape_Leng": 187.67276908100001 }, "geometry": { "type": "MultiLineString", "coordinates": [ [ [ -157.7762, 21.41077 ], [ -157.77442, 21.41096 ] ] ] } },
{ "type": "Feature", "properties": { "BMP": 3.22913, "EMP": 3.23343, "PREFIX": "SR", "ROUTE": "65", "ISLAND": "Oahu", "DIRECTION": "+MP", "TYPE": "Sidewalk", "MATERIAL": "Asphalt", "LENGTH": 23.0, "NHS": "YES", "Shape_Leng": 6.9290003749400002 }, "geometry": { "type": "MultiLineString", "coordinates": [ [ [ -157.75507, 21.40928 ], [ -157.75503, 21.40933 ] ] ] } },
{ "type": "Feature", "properties": { "BMP": 3.23365, "EMP": 3.24815, "PREFIX": "SR", "ROUTE": "65", "ISLAND": "Oahu", "DIRECTION": "+MP", "TYPE": "Sidewalk", "MATERIAL": "Concrete", "LENGTH": 82.0, "NHS": "YES", "Shape_Leng": 25.0647752946 }, "geometry": { "type": "MultiLineString", "coordinates": [ [ [ -157.75503, 21.40933 ], [ -157.75485, 21.40947 ] ] ] } },
{ "type": "Feature", "properties": { "BMP": 3.28959, "EMP": 3.29606, "PREFIX": "SR", "ROUTE": "65", "ISLAND": "Oahu", "DIRECTION": "+MP", "TYPE": "Sidewalk", "MATERIAL": "Concrete", "LENGTH": 34.0, "NHS": "YES", "Shape_Leng": 10.3939846302 }, "geometry": { "type": "MultiLineString", "coordinates": [ [ [ -157.75451, 21.40998 ], [ -157.75445, 21.41006 ] ] ] } },
{ "type": "Feature", "properties": { "BMP": 3.25864, "EMP": 3.26429, "PREFIX": "SR", "ROUTE": "65", "ISLAND": "Oahu", "DIRECTION": "+MP", "TYPE": "Sidewalk", "MATERIAL": "Concrete", "LENGTH": 35.0, "NHS": "YES", "Shape_Leng": 10.7776139323 }, "geometry": { "type": "MultiLineString", "coordinates": [ [ [ -157.75476, 21.4096 ], [ -157.75474, 21.40969 ] ] ] } },
{ "type": "Feature", "properties": { "BMP": 1.82084, "EMP": 1.83744, "PREFIX": "SR", "ROUTE": "65", "ISLAND": "Oahu", "DIRECTION": "+MP", "TYPE": "Sidewalk", "MATERIAL": "Concrete", "LENGTH": 90.0, "NHS": "YES", "Shape_Leng": 27.491620077099999 }, "geometry": { "type": "MultiLineString", "coordinates": [ [ [ -157.77428, 21.41096 ], [ -157.77404, 21.41089 ] ] ] } },
{ "type": "Feature", "properties": { "BMP": 3.55567, "EMP": 3.56205, "PREFIX": "SR", "ROUTE": "65", "ISLAND": "Oahu", "DIRECTION": "+MP", "TYPE": "Sidewalk", "MATERIAL": "Concrete", "LENGTH": 34.0, "NHS": "YES", "Shape_Leng": 10.3390401812 }, "geometry": { "type": "MultiLineString", "coordinates": [ [ [ -157.75206, 21.4131 ], [ -157.752, 21.41317 ] ] ] } },
{ "type": "Feature", "properties": { "BMP": 3.69785, "EMP": 3.70128, "PREFIX": "SR", "ROUTE": "65", "ISLAND": "Oahu", "DIRECTION": "+MP", "TYPE": "Sidewalk", "MATERIAL": "Concrete", "LENGTH": 18.0, "NHS": "YES", "Shape_Leng": 5.4665669314000001 }, "geometry": { "type": "MultiLineString", "coordinates": [ [ [ -157.75108, 21.41497 ], [ -157.75106, 21.41501 ] ] ] } },
{ "type": "Feature", "properties": { "BMP": 3.80943, "EMP": 3.8152, "PREFIX": "SR", "ROUTE": "65", "ISLAND": "Oahu", "DIRECTION": "+MP", "TYPE": "Sidewalk", "MATERIAL": "Concrete", "LENGTH": 30.0, "NHS": "YES", "Shape_Leng": 9.2787401262899998 }, "geometry": { "type": "MultiLineString", "coordinates": [ [ [ -157.75041, 21.41646 ], [ -157.75038, 21.41654 ] ] ] } },
{ "type": "Feature", "properties": { "BMP": 3.98654, "EMP": 3.98996, "PREFIX": "SR", "ROUTE": "65", "ISLAND": "Oahu", "DIRECTION": "+MP", "TYPE": "Sidewalk", "MATERIAL": "Concrete", "LENGTH": 18.0, "NHS": "YES", "Shape_Leng": 5.5119760235199999 }, "geometry": { "type": "MultiLineString", "coordinates": [ [ [ -157.74935, 21.41883 ], [ -157.74933, 21.41888 ] ] ] } },
{ "type": "Feature", "properties": { "BMP": 4.06746, "EMP": 4.07388, "PREFIX": "SR", "ROUTE": "65", "ISLAND": "Oahu", "DIRECTION": "+MP", "TYPE": "Sidewalk", "MATERIAL": "Concrete", "LENGTH": 33.0, "NHS": "YES", "Shape_Leng": 10.1559493948 }, "geometry": { "type": "MultiLineString", "coordinates": [ [ [ -157.74886, 21.41991 ], [ -157.74882, 21.42 ] ] ] } },
{ "type": "Feature", "properties": { "BMP": 1.55227, "EMP": 1.78007, "PREFIX": "SR", "ROUTE": "61", "ISLAND": "Oahu", "DIRECTION": "+MP", "TYPE": "Sidewalk", "MATERIAL": "Concrete", "LENGTH": 1207.0, "NHS": "YES", "Shape_Leng": 367.65978603299999 }, "geometry": { "type": "MultiLineString", "coordinates": [ [ [ -157.84362, 21.33086 ], [ -157.84149, 21.33352 ] ] ] } },
{ "type": "Feature", "properties": { "BMP": 1.78639, "EMP": 1.8131, "PREFIX": "SR", "ROUTE": "61", "ISLAND": "Oahu", "DIRECTION": "+MP", "TYPE": "Sidewalk", "MATERIAL": "Concrete", "LENGTH": 146.0, "NHS": "YES", "Shape_Leng": 44.540261049199998 }, "geometry": { "type": "MultiLineString", "coordinates": [ [ [ -157.84144, 21.3336 ], [ -157.84117, 21.33389 ] ] ] } },
{ "type": "Feature", "properties": { "BMP": 1.83462, "EMP": 1.83462, "PREFIX": "SR", "ROUTE": "61", "ISLAND": "Oahu", "DIRECTION": "+MP", "TYPE": "Sidewalk", "MATERIAL": "Asphalt", "LENGTH": 4.0, "NHS": "YES", "Shape_Leng": 1.1339702332199999 }, "geometry": { "type": "MultiLineString", "coordinates": [ [ [ -157.84112, 21.33424 ], [ -157.84113, 21.33425 ] ] ] } },
{ "type": "Feature", "properties": { "BMP": 1.82287, "EMP": 1.93835, "PREFIX": "SR", "ROUTE": "61", "ISLAND": "Oahu", "DIRECTION": "+MP", "TYPE": "Sidewalk", "MATERIAL": "Concrete", "LENGTH": 611.0, "NHS": "YES", "Shape_Leng": 186.12222018200001 }, "geometry": { "type": "MultiLineString", "coordinates": [ [ [ -157.84109, 21.33402 ], [ -157.84008, 21.3354 ] ] ] } },
{ "type": "Feature", "properties": { "BMP": 0.5852, "EMP": 0.40513, "PREFIX": "SR", "ROUTE": "7350", "ISLAND": "Oahu", "DIRECTION": "-MP", "TYPE": "Sidewalk", "MATERIAL": "Concrete", "LENGTH": 971.0, "NHS": "NO", "Shape_Leng": 295.78503627700002 }, "geometry": { "type": "MultiLineString", "coordinates": [ [ [ -157.92702, 21.35832 ], [ -157.92949, 21.35713 ] ] ] } },
{ "type": "Feature", "properties": { "BMP": 1.93675, "EMP": 1.93684, "PREFIX": "SR", "ROUTE": "61", "ISLAND": "Oahu", "DIRECTION": "+MP", "TYPE": "Sidewalk", "MATERIAL": "Asphalt", "LENGTH": 3.0, "NHS": "YES", "Shape_Leng": 1.0177649282000001 }, "geometry": { "type": "MultiLineString", "coordinates": [ [ [ -157.84024, 21.33548 ], [ -157.84024, 21.33547 ] ] ] } },
{ "type": "Feature", "properties": { "BMP": 0.32351, "EMP": 0.01285, "PREFIX": "SR", "ROUTE": "7350", "ISLAND": "Oahu", "DIRECTION": "-MP", "TYPE": "Sidewalk", "MATERIAL": "Concrete", "LENGTH": 1665.0, "NHS": "NO", "Shape_Leng": 507.30366376699999 }, "geometry": { "type": "MultiLineString", "coordinates": [ [ [ -157.93029, 21.35621 ], [ -157.93212, 21.35211 ] ] ] } },
{ "type": "Feature", "properties": { "BMP": 0.39855, "EMP": 0.32878, "PREFIX": "SR", "ROUTE": "7350", "ISLAND": "Oahu", "DIRECTION": "-MP", "TYPE": "Sidewalk", "MATERIAL": "Concrete", "LENGTH": 376.0, "NHS": "NO", "Shape_Leng": 114.741963798 }, "geometry": { "type": "MultiLineString", "coordinates": [ [ [ -157.92956, 21.35706 ], [ -157.93025, 21.35628 ] ] ] } },
{ "type": "Feature", "properties": { "BMP": 2.11299, "EMP": 2.11299, "PREFIX": "SR", "ROUTE": "61", "ISLAND": "Oahu", "DIRECTION": "+MP", "TYPE": "Sidewalk", "MATERIAL": "Asphalt", "LENGTH": 5.0, "NHS": "YES", "Shape_Leng": 1.43569948016 }, "geometry": { "type": "MultiLineString", "coordinates": [ [ [ -157.83813, 21.33709 ], [ -157.83812, 21.33708 ] ] ] } },
{ "type": "Feature", "properties": { "BMP": 0.01039, "EMP": 0.00499, "PREFIX": "SR", "ROUTE": "7350", "ISLAND": "Oahu", "DIRECTION": "-MP", "TYPE": "Sidewalk", "MATERIAL": "Concrete", "LENGTH": 35.0, "NHS": "NO", "Shape_Leng": 10.789872255600001 }, "geometry": { "type": "MultiLineString", "coordinates": [ [ [ -157.93206, 21.35206 ], [ -157.93205, 21.35198 ] ] ] } },
{ "type": "Feature", "properties": { "BMP": 2.1825, "EMP": 2.1825, "PREFIX": "SR", "ROUTE": "61", "ISLAND": "Oahu", "DIRECTION": "+MP", "TYPE": "Sidewalk", "MATERIAL": "Asphalt", "LENGTH": 3.0, "NHS": "YES", "Shape_Leng": 0.80096967557999998 }, "geometry": { "type": "MultiLineString", "coordinates": [ [ [ -157.83732, 21.33775 ], [ -157.83731, 21.33774 ] ] ] } },
{ "type": "Feature", "properties": { "BMP": 2.09949, "EMP": 2.16946, "PREFIX": "SR", "ROUTE": "61", "ISLAND": "Oahu", "DIRECTION": "+MP", "TYPE": "Sidewalk", "MATERIAL": "Concrete", "LENGTH": 376.0, "NHS": "YES", "Shape_Leng": 114.534942003 }, "geometry": { "type": "MultiLineString", "coordinates": [ [ [ -157.83819, 21.33684 ], [ -157.83738, 21.33753 ] ] ] } },
{ "type": "Feature", "properties": { "BMP": 2.17797, "EMP": 2.25187, "PREFIX": "SR", "ROUTE": "61", "ISLAND": "Oahu", "DIRECTION": "+MP", "TYPE": "Sidewalk", "MATERIAL": "Concrete", "LENGTH": 396.0, "NHS": "YES", "Shape_Leng": 120.715291239 }, "geometry": { "type": "MultiLineString", "coordinates": [ [ [ -157.83728, 21.33761 ], [ -157.8364, 21.33831 ] ] ] } },
{ "type": "Feature", "properties": { "BMP": 2.32243, "EMP": 2.32243, "PREFIX": "SR", "ROUTE": "61", "ISLAND": "Oahu", "DIRECTION": "+MP", "TYPE": "Sidewalk", "MATERIAL": "Asphalt", "LENGTH": 3.0, "NHS": "YES", "Shape_Leng": 0.88596239743000005 }, "geometry": { "type": "MultiLineString", "coordinates": [ [ [ -157.83573, 21.33913 ], [ -157.83572, 21.33912 ] ] ] } },
{ "type": "Feature", "properties": { "BMP": 2.25895, "EMP": 2.30813, "PREFIX": "SR", "ROUTE": "61", "ISLAND": "Oahu", "DIRECTION": "+MP", "TYPE": "Sidewalk", "MATERIAL": "Concrete", "LENGTH": 260.0, "NHS": "YES", "Shape_Leng": 79.161848894000002 }, "geometry": { "type": "MultiLineString", "coordinates": [ [ [ -157.83634, 21.3384 ], [ -157.83578, 21.33889 ] ] ] } },
{ "type": "Feature", "properties": { "BMP": 2.31672, "EMP": 2.36996, "PREFIX": "SR", "ROUTE": "61", "ISLAND": "Oahu", "DIRECTION": "+MP", "TYPE": "Sidewalk", "MATERIAL": "Concrete", "LENGTH": 282.0, "NHS": "YES", "Shape_Leng": 85.905593392100002 }, "geometry": { "type": "MultiLineString", "coordinates": [ [ [ -157.83569, 21.33898 ], [ -157.83508, 21.3395 ] ] ] } },
{ "type": "Feature", "properties": { "BMP": 2.37809, "EMP": 2.38407, "PREFIX": "SR", "ROUTE": "61", "ISLAND": "Oahu", "DIRECTION": "+MP", "TYPE": "Sidewalk", "MATERIAL": "Concrete", "LENGTH": 31.0, "NHS": "YES", "Shape_Leng": 9.5916538763099997 }, "geometry": { "type": "MultiLineString", "coordinates": [ [ [ -157.83498, 21.33957 ], [ -157.83491, 21.33963 ] ] ] } },
{ "type": "Feature", "properties": { "BMP": 2.47218, "EMP": 2.47218, "PREFIX": "SR", "ROUTE": "61", "ISLAND": "Oahu", "DIRECTION": "+MP", "TYPE": "Sidewalk", "MATERIAL": "Asphalt", "LENGTH": 27.0, "NHS": "YES", "Shape_Leng": 8.3115254660200009 }, "geometry": { "type": "MultiLineString", "coordinates": [ [ [ -157.83394, 21.34054 ], [ -157.83399, 21.34059 ] ] ] } },
{ "type": "Feature", "properties": { "BMP": 2.472, "EMP": 2.472, "PREFIX": "SR", "ROUTE": "61", "ISLAND": "Oahu", "DIRECTION": "+MP", "TYPE": "Sidewalk", "MATERIAL": "Asphalt", "LENGTH": 3.0, "NHS": "YES", "Shape_Leng": 0.97094952518 }, "geometry": { "type": "MultiLineString", "coordinates": [ [ [ -157.83409, 21.34067 ], [ -157.83408, 21.34066 ] ] ] } },
{ "type": "Feature", "properties": { "BMP": 2.55826, "EMP": 2.6097, "PREFIX": "SR", "ROUTE": "61", "ISLAND": "Oahu", "DIRECTION": "+MP", "TYPE": "Sidewalk", "MATERIAL": "Concrete", "LENGTH": 275.0, "NHS": "YES", "Shape_Leng": 83.807441517699999 }, "geometry": { "type": "MultiLineString", "coordinates": [ [ [ -157.8331, 21.34154 ], [ -157.83263, 21.34214 ] ] ] } },
{ "type": "Feature", "properties": { "BMP": 2.63763, "EMP": 2.63783, "PREFIX": "SR", "ROUTE": "61", "ISLAND": "Oahu", "DIRECTION": "+MP", "TYPE": "Sidewalk", "MATERIAL": "Asphalt", "LENGTH": 7.0, "NHS": "YES", "Shape_Leng": 2.2572539362600001 }, "geometry": { "type": "MultiLineString", "coordinates": [ [ [ -157.83243, 21.34251 ], [ -157.83241, 21.3425 ] ] ] } },
{ "type": "Feature", "properties": { "BMP": 2.63712, "EMP": 2.63858, "PREFIX": "SR", "ROUTE": "61", "ISLAND": "Oahu", "DIRECTION": "+MP", "TYPE": "Sidewalk", "MATERIAL": "Asphalt", "LENGTH": 8.0, "NHS": "YES", "Shape_Leng": 2.31200620163 }, "geometry": { "type": "MultiLineString", "coordinates": [ [ [ -157.83241, 21.34249 ], [ -157.8324, 21.34251 ] ] ] } },
{ "type": "Feature", "properties": { "BMP": 2.64403, "EMP": 2.67826, "PREFIX": "SR", "ROUTE": "61", "ISLAND": "Oahu", "DIRECTION": "+MP", "TYPE": "Sidewalk", "MATERIAL": "Concrete", "LENGTH": 182.0, "NHS": "YES", "Shape_Leng": 55.360632349600003 }, "geometry": { "type": "MultiLineString", "coordinates": [ [ [ -157.83235, 21.34257 ], [ -157.83207, 21.34299 ] ] ] } },
{ "type": "Feature", "properties": { "BMP": 0.40818, "EMP": 0.40944, "PREFIX": "SR", "ROUTE": "901", "ISLAND": "Oahu", "DIRECTION": "+MP", "TYPE": "Sidewalk", "MATERIAL": "Concrete", "LENGTH": 13.0, "NHS": "YES", "Shape_Leng": 3.9527210085800002 }, "geometry": { "type": "MultiLineString", "coordinates": [ [ [ -158.07155, 21.32945 ], [ -158.07156, 21.32942 ] ] ] } },
{ "type": "Feature", "properties": { "BMP": 0.40702, "EMP": 0.40804, "PREFIX": "SR", "ROUTE": "901", "ISLAND": "Oahu", "DIRECTION": "+MP", "TYPE": "Sidewalk", "MATERIAL": "Concrete", "LENGTH": 5.0, "NHS": "YES", "Shape_Leng": 1.64335063267 }, "geometry": { "type": "MultiLineString", "coordinates": [ [ [ -158.07153, 21.32941 ], [ -158.07154, 21.32943 ] ] ] } },
{ "type": "Feature", "properties": { "BMP": 0.71788, "EMP": 0.72042, "PREFIX": "SR", "ROUTE": "901", "ISLAND": "Oahu", "DIRECTION": "+MP", "TYPE": "Sidewalk", "MATERIAL": "Concrete", "LENGTH": 15.0, "NHS": "YES", "Shape_Leng": 4.5094897313900004 }, "geometry": { "type": "MultiLineString", "coordinates": [ [ [ -158.07288, 21.33357 ], [ -158.07288, 21.33361 ] ] ] } },
{ "type": "Feature", "properties": { "BMP": 0.73167, "EMP": 0.73367, "PREFIX": "SR", "ROUTE": "901", "ISLAND": "Oahu", "DIRECTION": "+MP", "TYPE": "Sidewalk", "MATERIAL": "Concrete", "LENGTH": 17.0, "NHS": "YES", "Shape_Leng": 5.14726882198 }, "geometry": { "type": "MultiLineString", "coordinates": [ [ [ -158.07285, 21.33377 ], [ -158.07287, 21.3338 ] ] ] } },
{ "type": "Feature", "properties": { "BMP": 1.21699, "EMP": 1.22841, "PREFIX": "SR", "ROUTE": "901", "ISLAND": "Oahu", "DIRECTION": "+MP", "TYPE": "Sidewalk", "MATERIAL": "Concrete", "LENGTH": 69.0, "NHS": "YES", "Shape_Leng": 20.948410973600001 }, "geometry": { "type": "MultiLineString", "coordinates": [ [ [ -158.07557, 21.33986 ], [ -158.07561, 21.34004 ] ] ] } },
{ "type": "Feature", "properties": { "BMP": 1.23304, "EMP": 1.2341, "PREFIX": "SR", "ROUTE": "901", "ISLAND": "Oahu", "DIRECTION": "+MP", "TYPE": "Sidewalk", "MATERIAL": "Concrete", "LENGTH": 22.0, "NHS": "YES", "Shape_Leng": 6.6486143257299997 }, "geometry": { "type": "MultiLineString", "coordinates": [ [ [ -158.07571, 21.34006 ], [ -158.07576, 21.34004 ] ] ] } },
{ "type": "Feature", "properties": { "BMP": 1.25968, "EMP": 1.35134, "PREFIX": "SR", "ROUTE": "901", "ISLAND": "Oahu", "DIRECTION": "+MP", "TYPE": "Sidewalk", "MATERIAL": "Concrete", "LENGTH": 496.0, "NHS": "YES", "Shape_Leng": 151.02256656899999 }, "geometry": { "type": "MultiLineString", "coordinates": [ [ [ -158.07593, 21.34039 ], [ -158.07683, 21.34143 ] ] ] } },
{ "type": "Feature", "properties": { "BMP": 1.35064, "EMP": 1.4002, "PREFIX": "SR", "ROUTE": "901", "ISLAND": "Oahu", "DIRECTION": "+MP", "TYPE": "Sidewalk", "MATERIAL": "Concrete", "LENGTH": 261.0, "NHS": "YES", "Shape_Leng": 79.351203589899995 }, "geometry": { "type": "MultiLineString", "coordinates": [ [ [ -158.07689, 21.34137 ], [ -158.0774, 21.34191 ] ] ] } },
{ "type": "Feature", "properties": { "BMP": 7.6395, "EMP": 7.66336, "PREFIX": "SR", "ROUTE": "61", "ISLAND": "Oahu", "DIRECTION": "+MP", "TYPE": "Sidewalk", "MATERIAL": "Concrete", "LENGTH": 128.0, "NHS": "YES", "Shape_Leng": 39.166293382799999 }, "geometry": { "type": "MultiLineString", "coordinates": [ [ [ -157.78096, 21.37457 ], [ -157.7807, 21.37482 ] ] ] } },
{ "type": "Feature", "properties": { "BMP": 7.67291, "EMP": 7.67676, "PREFIX": "SR", "ROUTE": "61", "ISLAND": "Oahu", "DIRECTION": "+MP", "TYPE": "Sidewalk", "MATERIAL": "Concrete", "LENGTH": 26.0, "NHS": "YES", "Shape_Leng": 7.85566570659 }, "geometry": { "type": "MultiLineString", "coordinates": [ [ [ -157.78059, 21.37492 ], [ -157.78058, 21.37499 ] ] ] } },
{ "type": "Feature", "properties": { "BMP": 9.10835, "EMP": 9.13143, "PREFIX": "SR", "ROUTE": "61", "ISLAND": "Oahu", "DIRECTION": "+MP", "TYPE": "Sidewalk", "MATERIAL": "Concrete", "LENGTH": 122.0, "NHS": "YES", "Shape_Leng": 37.325286022199997 }, "geometry": { "type": "MultiLineString", "coordinates": [ [ [ -157.76072, 21.37751 ], [ -157.76039, 21.37763 ] ] ] } },
{ "type": "Feature", "properties": { "BMP": 9.38439, "EMP": 9.44449, "PREFIX": "SR", "ROUTE": "61", "ISLAND": "Oahu", "DIRECTION": "+MP", "TYPE": "Sidewalk", "MATERIAL": "Concrete", "LENGTH": 320.0, "NHS": "YES", "Shape_Leng": 97.372555453700002 }, "geometry": { "type": "MultiLineString", "coordinates": [ [ [ -157.75705, 21.3796 ], [ -157.7564, 21.38024 ] ] ] } },
{ "type": "Feature", "properties": { "BMP": 9.46037, "EMP": 9.48074, "PREFIX": "SR", "ROUTE": "61", "ISLAND": "Oahu", "DIRECTION": "+MP", "TYPE": "Sidewalk", "MATERIAL": "Concrete", "LENGTH": 108.0, "NHS": "YES", "Shape_Leng": 32.9601376707 }, "geometry": { "type": "MultiLineString", "coordinates": [ [ [ -157.75624, 21.38042 ], [ -157.75605, 21.38066 ] ] ] } },
{ "type": "Feature", "properties": { "BMP": 9.48768, "EMP": 9.48851, "PREFIX": "SR", "ROUTE": "61", "ISLAND": "Oahu", "DIRECTION": "+MP", "TYPE": "Sidewalk", "MATERIAL": "Concrete", "LENGTH": 4.0, "NHS": "YES", "Shape_Leng": 1.327889249 }, "geometry": { "type": "MultiLineString", "coordinates": [ [ [ -157.75598, 21.38073 ], [ -157.75597, 21.38074 ] ] ] } },
{ "type": "Feature", "properties": { "BMP": 9.49627, "EMP": 9.51954, "PREFIX": "SR", "ROUTE": "61", "ISLAND": "Oahu", "DIRECTION": "+MP", "TYPE": "Sidewalk", "MATERIAL": "Concrete", "LENGTH": 122.0, "NHS": "YES", "Shape_Leng": 37.293260737899999 }, "geometry": { "type": "MultiLineString", "coordinates": [ [ [ -157.75589, 21.38082 ], [ -157.75566, 21.38109 ] ] ] } },
{ "type": "Feature", "properties": { "BMP": 9.49674, "EMP": 9.49674, "PREFIX": "SR", "ROUTE": "61", "ISLAND": "Oahu", "DIRECTION": "+MP", "TYPE": "Sidewalk", "MATERIAL": "Concrete", "LENGTH": 5.0, "NHS": "YES", "Shape_Leng": 1.5144066994500001 }, "geometry": { "type": "MultiLineString", "coordinates": [ [ [ -157.75599, 21.38092 ], [ -157.75598, 21.38091 ] ] ] } },
{ "type": "Feature", "properties": { "BMP": 9.53152, "EMP": 9.69338, "PREFIX": "SR", "ROUTE": "61", "ISLAND": "Oahu", "DIRECTION": "+MP", "TYPE": "Sidewalk", "MATERIAL": "Concrete", "LENGTH": 856.0, "NHS": "YES", "Shape_Leng": 260.94270611000002 }, "geometry": { "type": "MultiLineString", "coordinates": [ [ [ -157.75552, 21.3812 ], [ -157.75388, 21.38298 ] ] ] } },
{ "type": "Feature", "properties": { "BMP": 9.70668, "EMP": 9.8746, "PREFIX": "SR", "ROUTE": "61", "ISLAND": "Oahu", "DIRECTION": "+MP", "TYPE": "Sidewalk", "MATERIAL": "Concrete", "LENGTH": 893.0, "NHS": "YES", "Shape_Leng": 272.17200079700001 }, "geometry": { "type": "MultiLineString", "coordinates": [ [ [ -157.75373, 21.38312 ], [ -157.75204, 21.38497 ] ] ] } },
{ "type": "Feature", "properties": { "BMP": 9.7095, "EMP": 9.7095, "PREFIX": "SR", "ROUTE": "61", "ISLAND": "Oahu", "DIRECTION": "+MP", "TYPE": "Sidewalk", "MATERIAL": "Concrete", "LENGTH": 3.0, "NHS": "YES", "Shape_Leng": 0.97495998943999995 }, "geometry": { "type": "MultiLineString", "coordinates": [ [ [ -157.75384, 21.38325 ], [ -157.75385, 21.38326 ] ] ] } },
{ "type": "Feature", "properties": { "BMP": 9.94131, "EMP": 9.94346, "PREFIX": "SR", "ROUTE": "61", "ISLAND": "Oahu", "DIRECTION": "+MP", "TYPE": "Sidewalk", "MATERIAL": "Concrete", "LENGTH": 11.0, "NHS": "YES", "Shape_Leng": 3.4633937262600001 }, "geometry": { "type": "MultiLineString", "coordinates": [ [ [ -157.75143, 21.38575 ], [ -157.7514, 21.38578 ] ] ] } },
{ "type": "Feature", "properties": { "BMP": 9.8867, "EMP": 9.90655, "PREFIX": "SR", "ROUTE": "61", "ISLAND": "Oahu", "DIRECTION": "+MP", "TYPE": "Sidewalk", "MATERIAL": "Concrete", "LENGTH": 107.0, "NHS": "YES", "Shape_Leng": 32.5282051549 }, "geometry": { "type": "MultiLineString", "coordinates": [ [ [ -157.75192, 21.38511 ], [ -157.75175, 21.38535 ] ] ] } },
{ "type": "Feature", "properties": { "BMP": 9.92401, "EMP": 9.92757, "PREFIX": "SR", "ROUTE": "61", "ISLAND": "Oahu", "DIRECTION": "+MP", "TYPE": "Sidewalk", "MATERIAL": "Concrete", "LENGTH": 19.0, "NHS": "YES", "Shape_Leng": 5.77155592055 }, "geometry": { "type": "MultiLineString", "coordinates": [ [ [ -157.75159, 21.38555 ], [ -157.75156, 21.38559 ] ] ] } },
{ "type": "Feature", "properties": { "BMP": 9.95655, "EMP": 9.95789, "PREFIX": "SR", "ROUTE": "61", "ISLAND": "Oahu", "DIRECTION": "+MP", "TYPE": "Sidewalk", "MATERIAL": "Concrete", "LENGTH": 19.0, "NHS": "YES", "Shape_Leng": 5.8707849298600001 }, "geometry": { "type": "MultiLineString", "coordinates": [ [ [ -157.75138, 21.38603 ], [ -157.75135, 21.38599 ] ] ] } },
{ "type": "Feature", "properties": { "BMP": 9.9516, "EMP": 10.20209, "PREFIX": "SR", "ROUTE": "61", "ISLAND": "Oahu", "DIRECTION": "+MP", "TYPE": "Sidewalk", "MATERIAL": "Concrete", "LENGTH": 1322.0, "NHS": "YES", "Shape_Leng": 402.796724493 }, "geometry": { "type": "MultiLineString", "coordinates": [ [ [ -157.75132, 21.38587 ], [ -157.7488, 21.38863 ] ] ] } },
{ "type": "Feature", "properties": { "BMP": 10.54096, "EMP": 10.56468, "PREFIX": "SR", "ROUTE": "61", "ISLAND": "Oahu", "DIRECTION": "+MP", "TYPE": "Sidewalk", "MATERIAL": "Concrete", "LENGTH": 125.0, "NHS": "YES", "Shape_Leng": 38.193747441399999 }, "geometry": { "type": "MultiLineString", "coordinates": [ [ [ -157.74591, 21.3926 ], [ -157.7456, 21.39279 ] ] ] } },
{ "type": "Feature", "properties": { "BMP": 10.57092, "EMP": 10.5887, "PREFIX": "SR", "ROUTE": "61", "ISLAND": "Oahu", "DIRECTION": "+MP", "TYPE": "Sidewalk", "MATERIAL": "Concrete", "LENGTH": 92.0, "NHS": "YES", "Shape_Leng": 28.025059450299999 }, "geometry": { "type": "MultiLineString", "coordinates": [ [ [ -157.74552, 21.39284 ], [ -157.74531, 21.39299 ] ] ] } },
{ "type": "Feature", "properties": { "BMP": 0.25572, "EMP": 0.29812, "PREFIX": "SR", "ROUTE": "7101", "ISLAND": "Oahu", "DIRECTION": "+MP", "TYPE": "Sidewalk", "MATERIAL": "Concrete", "LENGTH": 229.0, "NHS": "YES", "Shape_Leng": 69.912968393699998 }, "geometry": { "type": "MultiLineString", "coordinates": [ [ [ -158.02309, 21.37771 ], [ -158.02251, 21.37802 ] ] ] } },
{ "type": "Feature", "properties": { "BMP": 0.09768, "EMP": 0.23385, "PREFIX": "SR", "ROUTE": "7101", "ISLAND": "Oahu", "DIRECTION": "+MP", "TYPE": "Sidewalk", "MATERIAL": "Asphalt", "LENGTH": 722.0, "NHS": "YES", "Shape_Leng": 220.187242846 }, "geometry": { "type": "MultiLineString", "coordinates": [ [ [ -158.02525, 21.37661 ], [ -158.0234, 21.37758 ] ] ] } },
{ "type": "Feature", "properties": { "BMP": 0.31147, "EMP": 0.36391, "PREFIX": "SR", "ROUTE": "7101", "ISLAND": "Oahu", "DIRECTION": "+MP", "TYPE": "Sidewalk", "MATERIAL": "Concrete", "LENGTH": 277.0, "NHS": "YES", "Shape_Leng": 84.435861581500006 }, "geometry": { "type": "MultiLineString", "coordinates": [ [ [ -158.02234, 21.37811 ], [ -158.02164, 21.37851 ] ] ] } },
{ "type": "Feature", "properties": { "BMP": 0.37389, "EMP": 0.3843, "PREFIX": "SR", "ROUTE": "7101", "ISLAND": "Oahu", "DIRECTION": "+MP", "TYPE": "Sidewalk", "MATERIAL": "Concrete", "LENGTH": 55.0, "NHS": "YES", "Shape_Leng": 16.708289637 }, "geometry": { "type": "MultiLineString", "coordinates": [ [ [ -158.02151, 21.37858 ], [ -158.02137, 21.37866 ] ] ] } },
{ "type": "Feature", "properties": { "BMP": 0.392, "EMP": 0.44079, "PREFIX": "SR", "ROUTE": "7101", "ISLAND": "Oahu", "DIRECTION": "+MP", "TYPE": "Sidewalk", "MATERIAL": "Concrete", "LENGTH": 257.0, "NHS": "YES", "Shape_Leng": 78.435503602300003 }, "geometry": { "type": "MultiLineString", "coordinates": [ [ [ -158.02126, 21.37871 ], [ -158.0206, 21.37905 ] ] ] } },
{ "type": "Feature", "properties": { "BMP": 0.44917, "EMP": 0.52505, "PREFIX": "SR", "ROUTE": "7101", "ISLAND": "Oahu", "DIRECTION": "+MP", "TYPE": "Sidewalk", "MATERIAL": "Concrete", "LENGTH": 402.0, "NHS": "YES", "Shape_Leng": 122.555364037 }, "geometry": { "type": "MultiLineString", "coordinates": [ [ [ -158.02048, 21.3791 ], [ -158.01943, 21.37959 ] ] ] } },
{ "type": "Feature", "properties": { "BMP": 0.54138, "EMP": 0.67827, "PREFIX": "SR", "ROUTE": "7101", "ISLAND": "Oahu", "DIRECTION": "+MP", "TYPE": "Sidewalk", "MATERIAL": "Concrete", "LENGTH": 727.0, "NHS": "YES", "Shape_Leng": 221.675281606 }, "geometry": { "type": "MultiLineString", "coordinates": [ [ [ -158.01921, 21.37971 ], [ -158.01733, 21.38064 ] ] ] } },
{ "type": "Feature", "properties": { "BMP": 0.68759, "EMP": 0.69078, "PREFIX": "SR", "ROUTE": "7101", "ISLAND": "Oahu", "DIRECTION": "+MP", "TYPE": "Sidewalk", "MATERIAL": "Concrete", "LENGTH": 17.0, "NHS": "YES", "Shape_Leng": 5.1234932558399997 }, "geometry": { "type": "MultiLineString", "coordinates": [ [ [ -158.01723, 21.38075 ], [ -158.01718, 21.38077 ] ] ] } },
{ "type": "Feature", "properties": { "BMP": 0.69378, "EMP": 0.81339, "PREFIX": "SR", "ROUTE": "7101", "ISLAND": "Oahu", "DIRECTION": "+MP", "TYPE": "Sidewalk", "MATERIAL": "Concrete", "LENGTH": 637.0, "NHS": "YES", "Shape_Leng": 194.30796852200001 }, "geometry": { "type": "MultiLineString", "coordinates": [ [ [ -158.01712, 21.38075 ], [ -158.01542, 21.38141 ] ] ] } },
{ "type": "Feature", "properties": { "BMP": 0.83061, "EMP": 0.91495, "PREFIX": "SR", "ROUTE": "7101", "ISLAND": "Oahu", "DIRECTION": "+MP", "TYPE": "Sidewalk", "MATERIAL": "Concrete", "LENGTH": 450.0, "NHS": "YES", "Shape_Leng": 137.06907583 }, "geometry": { "type": "MultiLineString", "coordinates": [ [ [ -158.0152, 21.38156 ], [ -158.01396, 21.38193 ] ] ] } },
{ "type": "Feature", "properties": { "BMP": 0.81604, "EMP": 0.81963, "PREFIX": "SR", "ROUTE": "7101", "ISLAND": "Oahu", "DIRECTION": "+MP", "TYPE": "Sidewalk", "MATERIAL": "Concrete", "LENGTH": 29.0, "NHS": "YES", "Shape_Leng": 8.7930504306199992 }, "geometry": { "type": "MultiLineString", "coordinates": [ [ [ -158.01542, 21.38152 ], [ -158.01536, 21.38151 ] ] ] } },
{ "type": "Feature", "properties": { "BMP": 0.91994, "EMP": 0.94326, "PREFIX": "SR", "ROUTE": "7101", "ISLAND": "Oahu", "DIRECTION": "+MP", "TYPE": "Sidewalk", "MATERIAL": "Concrete", "LENGTH": 126.0, "NHS": "YES", "Shape_Leng": 38.391259298400001 }, "geometry": { "type": "MultiLineString", "coordinates": [ [ [ -158.01389, 21.38199 ], [ -158.01354, 21.38207 ] ] ] } },
{ "type": "Feature", "properties": { "BMP": 0.21383, "EMP": 0.07145, "PREFIX": "SR", "ROUTE": "7351", "ISLAND": "Oahu", "DIRECTION": "-MP", "TYPE": "Sidewalk", "MATERIAL": "Concrete", "LENGTH": 761.0, "NHS": "NO", "Shape_Leng": 231.60133402100001 }, "geometry": { "type": "MultiLineString", "coordinates": [ [ [ -157.93225, 21.35211 ], [ -157.93429, 21.35294 ] ] ] } },
{ "type": "Feature", "properties": { "BMP": 1.42296, "EMP": 1.42435, "PREFIX": "SR", "ROUTE": "7101", "ISLAND": "Oahu", "DIRECTION": "+MP", "TYPE": "Sidewalk", "MATERIAL": "Concrete", "LENGTH": 15.0, "NHS": "YES", "Shape_Leng": 4.4417170385700002 }, "geometry": { "type": "MultiLineString", "coordinates": [ [ [ -158.00626, 21.38348 ], [ -158.00625, 21.38351 ] ] ] } },
{ "type": "Feature", "properties": { "BMP": 1.42891, "EMP": 1.45957, "PREFIX": "SR", "ROUTE": "7101", "ISLAND": "Oahu", "DIRECTION": "+MP", "TYPE": "Sidewalk", "MATERIAL": "Concrete", "LENGTH": 168.0, "NHS": "YES", "Shape_Leng": 51.161279788599998 }, "geometry": { "type": "MultiLineString", "coordinates": [ [ [ -158.00617, 21.38347 ], [ -158.00571, 21.38361 ] ] ] } },
{ "type": "Feature", "properties": { "BMP": 1.46693, "EMP": 1.48747, "PREFIX": "SR", "ROUTE": "7101", "ISLAND": "Oahu", "DIRECTION": "+MP", "TYPE": "Sidewalk", "MATERIAL": "Concrete", "LENGTH": 108.0, "NHS": "YES", "Shape_Leng": 33.016791886299998 }, "geometry": { "type": "MultiLineString", "coordinates": [ [ [ -158.0056, 21.38363 ], [ -158.00529, 21.38368 ] ] ] } },
{ "type": "Feature", "properties": { "BMP": 1.49477, "EMP": 1.5093, "PREFIX": "SR", "ROUTE": "7101", "ISLAND": "Oahu", "DIRECTION": "+MP", "TYPE": "Sidewalk", "MATERIAL": "Concrete", "LENGTH": 77.0, "NHS": "YES", "Shape_Leng": 23.518494763700001 }, "geometry": { "type": "MultiLineString", "coordinates": [ [ [ -158.00518, 21.38369 ], [ -158.00495, 21.38373 ] ] ] } },
{ "type": "Feature", "properties": { "BMP": 1.5137, "EMP": 1.52779, "PREFIX": "SR", "ROUTE": "7101", "ISLAND": "Oahu", "DIRECTION": "+MP", "TYPE": "Sidewalk", "MATERIAL": "Concrete", "LENGTH": 74.0, "NHS": "YES", "Shape_Leng": 22.653907170699998 }, "geometry": { "type": "MultiLineString", "coordinates": [ [ [ -158.00489, 21.38374 ], [ -158.00467, 21.38378 ] ] ] } },
{ "type": "Feature", "properties": { "BMP": 1.53677, "EMP": 1.57697, "PREFIX": "SR", "ROUTE": "7101", "ISLAND": "Oahu", "DIRECTION": "+MP", "TYPE": "Sidewalk", "MATERIAL": "Concrete", "LENGTH": 212.0, "NHS": "YES", "Shape_Leng": 64.547985993899999 }, "geometry": { "type": "MultiLineString", "coordinates": [ [ [ -158.00454, 21.38382 ], [ -158.00393, 21.38394 ] ] ] } },
{ "type": "Feature", "properties": { "BMP": 1.58456, "EMP": 1.60844, "PREFIX": "SR", "ROUTE": "7101", "ISLAND": "Oahu", "DIRECTION": "+MP", "TYPE": "Sidewalk", "MATERIAL": "Concrete", "LENGTH": 126.0, "NHS": "YES", "Shape_Leng": 38.399452737399997 }, "geometry": { "type": "MultiLineString", "coordinates": [ [ [ -158.00381, 21.38397 ], [ -158.00345, 21.38404 ] ] ] } },
{ "type": "Feature", "properties": { "BMP": 1.61967, "EMP": 1.64411, "PREFIX": "SR", "ROUTE": "7101", "ISLAND": "Oahu", "DIRECTION": "+MP", "TYPE": "Sidewalk", "MATERIAL": "Concrete", "LENGTH": 135.0, "NHS": "YES", "Shape_Leng": 41.174855907500003 }, "geometry": { "type": "MultiLineString", "coordinates": [ [ [ -158.00328, 21.38406 ], [ -158.00289, 21.38411 ] ] ] } },
{ "type": "Feature", "properties": { "BMP": 1.6549, "EMP": 1.71953, "PREFIX": "SR", "ROUTE": "7101", "ISLAND": "Oahu", "DIRECTION": "+MP", "TYPE": "Sidewalk", "MATERIAL": "Concrete", "LENGTH": 347.0, "NHS": "YES", "Shape_Leng": 105.886800644 }, "geometry": { "type": "MultiLineString", "coordinates": [ [ [ -158.00273, 21.38413 ], [ -158.00176, 21.38437 ] ] ] } },
{ "type": "Feature", "properties": { "BMP": 1.72637, "EMP": 1.77234, "PREFIX": "SR", "ROUTE": "7101", "ISLAND": "Oahu", "DIRECTION": "+MP", "TYPE": "Sidewalk", "MATERIAL": "Concrete", "LENGTH": 247.0, "NHS": "YES", "Shape_Leng": 75.405329247699996 }, "geometry": { "type": "MultiLineString", "coordinates": [ [ [ -158.00166, 21.38441 ], [ -158.00096, 21.3846 ] ] ] } },
{ "type": "Feature", "properties": { "BMP": 6.24833, "EMP": 6.28614, "PREFIX": "SR", "ROUTE": "93", "ISLAND": "Oahu", "DIRECTION": "+MP", "TYPE": "Sidewalk", "MATERIAL": "Asphalt", "LENGTH": 199.0, "NHS": "YES", "Shape_Leng": 60.687084907799999 }, "geometry": { "type": "MultiLineString", "coordinates": [ [ [ -158.15554, 21.3909 ], [ -158.15595, 21.3913 ] ] ] } },
{ "type": "Feature", "properties": { "BMP": 6.28915, "EMP": 6.29795, "PREFIX": "SR", "ROUTE": "93", "ISLAND": "Oahu", "DIRECTION": "+MP", "TYPE": "Sidewalk", "MATERIAL": "Asphalt", "LENGTH": 46.0, "NHS": "YES", "Shape_Leng": 14.144811580100001 }, "geometry": { "type": "MultiLineString", "coordinates": [ [ [ -158.15598, 21.39133 ], [ -158.15608, 21.39142 ] ] ] } },
{ "type": "Feature", "properties": { "BMP": 6.28633, "EMP": 6.28898, "PREFIX": "SR", "ROUTE": "93", "ISLAND": "Oahu", "DIRECTION": "+MP", "TYPE": "Sidewalk", "MATERIAL": "Concrete", "LENGTH": 14.0, "NHS": "YES", "Shape_Leng": 4.2634501170199997 }, "geometry": { "type": "MultiLineString", "coordinates": [ [ [ -158.15595, 21.3913 ], [ -158.15598, 21.39133 ] ] ] } },
{ "type": "Feature", "properties": { "BMP": 1.78084, "EMP": 1.81189, "PREFIX": "SR", "ROUTE": "7101", "ISLAND": "Oahu", "DIRECTION": "+MP", "TYPE": "Sidewalk", "MATERIAL": "Concrete", "LENGTH": 166.0, "NHS": "YES", "Shape_Leng": 50.534760301799999 }, "geometry": { "type": "MultiLineString", "coordinates": [ [ [ -158.00084, 21.38463 ], [ -158.00039, 21.38481 ] ] ] } },
{ "type": "Feature", "properties": { "BMP": 6.59936, "EMP": 6.67398, "PREFIX": "SR", "ROUTE": "93", "ISLAND": "Oahu", "DIRECTION": "+MP", "TYPE": "Sidewalk", "MATERIAL": "Concrete", "LENGTH": 400.0, "NHS": "YES", "Shape_Leng": 121.919959871 }, "geometry": { "type": "MultiLineString", "coordinates": [ [ [ -158.15941, 21.3945 ], [ -158.16036, 21.39514 ] ] ] } },
{ "type": "Feature", "properties": { "BMP": 6.67757, "EMP": 6.68582, "PREFIX": "SR", "ROUTE": "93", "ISLAND": "Oahu", "DIRECTION": "+MP", "TYPE": "Sidewalk", "MATERIAL": "Concrete", "LENGTH": 49.0, "NHS": "YES", "Shape_Leng": 14.9075883534 }, "geometry": { "type": "MultiLineString", "coordinates": [ [ [ -158.16041, 21.39517 ], [ -158.16049, 21.39527 ] ] ] } },
{ "type": "Feature", "properties": { "BMP": 6.69448, "EMP": 6.70278, "PREFIX": "SR", "ROUTE": "93", "ISLAND": "Oahu", "DIRECTION": "+MP", "TYPE": "Sidewalk", "MATERIAL": "Concrete", "LENGTH": 45.0, "NHS": "YES", "Shape_Leng": 13.829202674799999 }, "geometry": { "type": "MultiLineString", "coordinates": [ [ [ -158.16061, 21.39533 ], [ -158.16073, 21.39539 ] ] ] } },
{ "type": "Feature", "properties": { "BMP": 6.70748, "EMP": 6.70821, "PREFIX": "SR", "ROUTE": "93", "ISLAND": "Oahu", "DIRECTION": "+MP", "TYPE": "Sidewalk", "MATERIAL": "Concrete", "LENGTH": 4.0, "NHS": "YES", "Shape_Leng": 1.18690956601 }, "geometry": { "type": "MultiLineString", "coordinates": [ [ [ -158.16079, 21.39543 ], [ -158.1608, 21.39543 ] ] ] } },
{ "type": "Feature", "properties": { "BMP": 6.70846, "EMP": 6.72683, "PREFIX": "SR", "ROUTE": "93", "ISLAND": "Oahu", "DIRECTION": "+MP", "TYPE": "Sidewalk", "MATERIAL": "Asphalt", "LENGTH": 97.0, "NHS": "YES", "Shape_Leng": 29.698912073199999 }, "geometry": { "type": "MultiLineString", "coordinates": [ [ [ -158.1608, 21.39543 ], [ -158.16104, 21.39558 ] ] ] } },
{ "type": "Feature", "properties": { "BMP": 6.73087, "EMP": 6.74154, "PREFIX": "SR", "ROUTE": "93", "ISLAND": "Oahu", "DIRECTION": "+MP", "TYPE": "Sidewalk", "MATERIAL": "Asphalt", "LENGTH": 57.0, "NHS": "YES", "Shape_Leng": 17.2452033175 }, "geometry": { "type": "MultiLineString", "coordinates": [ [ [ -158.1611, 21.39561 ], [ -158.16123, 21.3957 ] ] ] } },
{ "type": "Feature", "properties": { "BMP": 6.74963, "EMP": 6.75752, "PREFIX": "SR", "ROUTE": "93", "ISLAND": "Oahu", "DIRECTION": "+MP", "TYPE": "Sidewalk", "MATERIAL": "Concrete", "LENGTH": 42.0, "NHS": "YES", "Shape_Leng": 12.762754560699999 }, "geometry": { "type": "MultiLineString", "coordinates": [ [ [ -158.16134, 21.39576 ], [ -158.16144, 21.39582 ] ] ] } },
{ "type": "Feature", "properties": { "BMP": 6.76181, "EMP": 6.76884, "PREFIX": "SR", "ROUTE": "93", "ISLAND": "Oahu", "DIRECTION": "+MP", "TYPE": "Sidewalk", "MATERIAL": "Concrete", "LENGTH": 37.0, "NHS": "YES", "Shape_Leng": 11.3462298628 }, "geometry": { "type": "MultiLineString", "coordinates": [ [ [ -158.1615, 21.39586 ], [ -158.16159, 21.39591 ] ] ] } },
{ "type": "Feature", "properties": { "BMP": 6.77327, "EMP": 6.79053, "PREFIX": "SR", "ROUTE": "93", "ISLAND": "Oahu", "DIRECTION": "+MP", "TYPE": "Sidewalk", "MATERIAL": "Concrete", "LENGTH": 92.0, "NHS": "YES", "Shape_Leng": 28.1723579937 }, "geometry": { "type": "MultiLineString", "coordinates": [ [ [ -158.16165, 21.39595 ], [ -158.16189, 21.39607 ] ] ] } },
{ "type": "Feature", "properties": { "BMP": 6.79916, "EMP": 6.83616, "PREFIX": "SR", "ROUTE": "93", "ISLAND": "Oahu", "DIRECTION": "+MP", "TYPE": "Sidewalk", "MATERIAL": "Concrete", "LENGTH": 197.0, "NHS": "YES", "Shape_Leng": 59.911255864399998 }, "geometry": { "type": "MultiLineString", "coordinates": [ [ [ -158.162, 21.39614 ], [ -158.16251, 21.39639 ] ] ] } },
{ "type": "Feature", "properties": { "BMP": 6.84079, "EMP": 6.84763, "PREFIX": "SR", "ROUTE": "93", "ISLAND": "Oahu", "DIRECTION": "+MP", "TYPE": "Sidewalk", "MATERIAL": "Concrete", "LENGTH": 36.0, "NHS": "YES", "Shape_Leng": 11.066287964800001 }, "geometry": { "type": "MultiLineString", "coordinates": [ [ [ -158.16257, 21.39643 ], [ -158.16267, 21.39647 ] ] ] } },
{ "type": "Feature", "properties": { "BMP": 6.86627, "EMP": 6.88416, "PREFIX": "SR", "ROUTE": "93", "ISLAND": "Oahu", "DIRECTION": "+MP", "TYPE": "Sidewalk", "MATERIAL": "Concrete", "LENGTH": 98.0, "NHS": "YES", "Shape_Leng": 30.0168019569 }, "geometry": { "type": "MultiLineString", "coordinates": [ [ [ -158.16293, 21.39659 ], [ -158.16317, 21.39673 ] ] ] } },
{ "type": "Feature", "properties": { "BMP": 6.85055, "EMP": 6.85547, "PREFIX": "SR", "ROUTE": "93", "ISLAND": "Oahu", "DIRECTION": "+MP", "TYPE": "Sidewalk", "MATERIAL": "Concrete", "LENGTH": 26.0, "NHS": "YES", "Shape_Leng": 7.95307116613 }, "geometry": { "type": "MultiLineString", "coordinates": [ [ [ -158.16271, 21.39649 ], [ -158.16278, 21.39652 ] ] ] } },
{ "type": "Feature", "properties": { "BMP": 6.85573, "EMP": 6.86603, "PREFIX": "SR", "ROUTE": "93", "ISLAND": "Oahu", "DIRECTION": "+MP", "TYPE": "Sidewalk", "MATERIAL": "Asphalt", "LENGTH": 55.0, "NHS": "YES", "Shape_Leng": 16.6759193153 }, "geometry": { "type": "MultiLineString", "coordinates": [ [ [ -158.16278, 21.39652 ], [ -158.16292, 21.39659 ] ] ] } },
{ "type": "Feature", "properties": { "BMP": 6.89592, "EMP": 6.9515, "PREFIX": "SR", "ROUTE": "93", "ISLAND": "Oahu", "DIRECTION": "+MP", "TYPE": "Sidewalk", "MATERIAL": "Asphalt", "LENGTH": 295.0, "NHS": "YES", "Shape_Leng": 89.941748771600004 }, "geometry": { "type": "MultiLineString", "coordinates": [ [ [ -158.16335, 21.39678 ], [ -158.16414, 21.39709 ] ] ] } },
{ "type": "Feature", "properties": { "BMP": 6.89167, "EMP": 6.89577, "PREFIX": "SR", "ROUTE": "93", "ISLAND": "Oahu", "DIRECTION": "+MP", "TYPE": "Sidewalk", "MATERIAL": "Concrete", "LENGTH": 23.0, "NHS": "YES", "Shape_Leng": 7.0166781388599997 }, "geometry": { "type": "MultiLineString", "coordinates": [ [ [ -158.16328, 21.39677 ], [ -158.16334, 21.39678 ] ] ] } },
{ "type": "Feature", "properties": { "BMP": 1.82247, "EMP": 2.0031, "PREFIX": "SR", "ROUTE": "7101", "ISLAND": "Oahu", "DIRECTION": "+MP", "TYPE": "Sidewalk", "MATERIAL": "Concrete", "LENGTH": 972.0, "NHS": "YES", "Shape_Leng": 296.25454525399999 }, "geometry": { "type": "MultiLineString", "coordinates": [ [ [ -158.00024, 21.38489 ], [ -157.99794, 21.38643 ] ] ] } },
{ "type": "Feature", "properties": { "BMP": 2.01392, "EMP": 2.26006, "PREFIX": "SR", "ROUTE": "7101", "ISLAND": "Oahu", "DIRECTION": "+MP", "TYPE": "Sidewalk", "MATERIAL": "Concrete", "LENGTH": 1328.0, "NHS": "YES", "Shape_Leng": 404.599169948 }, "geometry": { "type": "MultiLineString", "coordinates": [ [ [ -157.99783, 21.38655 ], [ -157.99487, 21.38878 ] ] ] } },
{ "type": "Feature", "properties": { "BMP": 0.00522, "EMP": 0.24808, "PREFIX": "SR", "ROUTE": "7350", "ISLAND": "Oahu", "DIRECTION": "+MP", "TYPE": "Sidewalk", "MATERIAL": "Concrete", "LENGTH": 1287.0, "NHS": "NO", "Shape_Leng": 392.11156149800001 }, "geometry": { "type": "MultiLineString", "coordinates": [ [ [ -157.93177, 21.35184 ], [ -157.93091, 21.35519 ] ] ] } },
{ "type": "Feature", "properties": { "BMP": 0.26033, "EMP": 0.5898, "PREFIX": "SR", "ROUTE": "7350", "ISLAND": "Oahu", "DIRECTION": "+MP", "TYPE": "Sidewalk", "MATERIAL": "Concrete", "LENGTH": 1735.0, "NHS": "NO", "Shape_Leng": 528.52121265899996 }, "geometry": { "type": "MultiLineString", "coordinates": [ [ [ -157.93079, 21.35533 ], [ -157.92693, 21.35807 ] ] ] } },
{ "type": "Feature", "properties": { "BMP": 0.04078, "EMP": 0.10173, "PREFIX": "SR", "ROUTE": "7413", "ISLAND": "Oahu", "DIRECTION": "+MP", "TYPE": "Sidewalk", "MATERIAL": "Concrete", "LENGTH": 332.0, "NHS": "NO", "Shape_Leng": 101.13170064000001 }, "geometry": { "type": "MultiLineString", "coordinates": [ [ [ -157.86399, 21.31838 ], [ -157.86324, 21.31895 ] ] ] } },
{ "type": "Feature", "properties": { "BMP": 0.10776, "EMP": 0.18813, "PREFIX": "SR", "ROUTE": "7413", "ISLAND": "Oahu", "DIRECTION": "+MP", "TYPE": "Sidewalk", "MATERIAL": "Concrete", "LENGTH": 431.0, "NHS": "NO", "Shape_Leng": 131.44461544699999 }, "geometry": { "type": "MultiLineString", "coordinates": [ [ [ -157.86317, 21.31901 ], [ -157.86217, 21.31971 ] ] ] } },
{ "type": "Feature", "properties": { "BMP": 0.27986, "EMP": 0.33532, "PREFIX": "SR", "ROUTE": "7413", "ISLAND": "Oahu", "DIRECTION": "+MP", "TYPE": "Sidewalk", "MATERIAL": "Concrete", "LENGTH": 293.0, "NHS": "NO", "Shape_Leng": 89.216618926899997 }, "geometry": { "type": "MultiLineString", "coordinates": [ [ [ -157.86108, 21.32056 ], [ -157.86043, 21.32108 ] ] ] } },
{ "type": "Feature", "properties": { "BMP": 0.21199, "EMP": 0.26512, "PREFIX": "SR", "ROUTE": "7413", "ISLAND": "Oahu", "DIRECTION": "+MP", "TYPE": "Sidewalk", "MATERIAL": "Concrete", "LENGTH": 283.0, "NHS": "NO", "Shape_Leng": 86.260142965100002 }, "geometry": { "type": "MultiLineString", "coordinates": [ [ [ -157.86189, 21.31994 ], [ -157.86126, 21.32043 ] ] ] } },
{ "type": "Feature", "properties": { "BMP": 0.43286, "EMP": 0.71365, "PREFIX": "SR", "ROUTE": "901", "ISLAND": "Oahu", "DIRECTION": "+MP", "TYPE": "Sidewalk", "MATERIAL": "Concrete", "LENGTH": 1469.0, "NHS": "YES", "Shape_Leng": 447.82110123799998 }, "geometry": { "type": "MultiLineString", "coordinates": [ [ [ -158.07168, 21.32977 ], [ -158.07282, 21.3335 ] ] ] } },
{ "type": "Feature", "properties": { "BMP": 0.34416, "EMP": 0.347, "PREFIX": "SR", "ROUTE": "7413", "ISLAND": "Oahu", "DIRECTION": "+MP", "TYPE": "Sidewalk", "MATERIAL": "Concrete", "LENGTH": 19.0, "NHS": "NO", "Shape_Leng": 5.8189973906899999 }, "geometry": { "type": "MultiLineString", "coordinates": [ [ [ -157.86033, 21.32117 ], [ -157.86029, 21.32121 ] ] ] } },
{ "type": "Feature", "properties": { "BMP": 2.25677, "EMP": 2.26142, "PREFIX": "SR", "ROUTE": "7101", "ISLAND": "Oahu", "DIRECTION": "+MP", "TYPE": "Sidewalk", "MATERIAL": "Concrete", "LENGTH": 25.0, "NHS": "YES", "Shape_Leng": 7.58277964982 }, "geometry": { "type": "MultiLineString", "coordinates": [ [ [ -157.99503, 21.38889 ], [ -157.99498, 21.38894 ] ] ] } },
{ "type": "Feature", "properties": { "BMP": 2.26966, "EMP": 2.30434, "PREFIX": "SR", "ROUTE": "7101", "ISLAND": "Oahu", "DIRECTION": "+MP", "TYPE": "Sidewalk", "MATERIAL": "Concrete", "LENGTH": 189.0, "NHS": "YES", "Shape_Leng": 57.5672843611 }, "geometry": { "type": "MultiLineString", "coordinates": [ [ [ -157.99488, 21.38902 ], [ -157.99445, 21.38934 ] ] ] } },
{ "type": "Feature", "properties": { "BMP": 0.00304, "EMP": 0.0, "PREFIX": "SR", "ROUTE": "8945", "ISLAND": "Oahu", "DIRECTION": "-MP", "TYPE": "Sidewalk", "MATERIAL": "Concrete", "LENGTH": 12.0, "NHS": "NO", "Shape_Leng": 3.7219466402000001 }, "geometry": { "type": "MultiLineString", "coordinates": [ [ [ -158.06754, 21.32467 ], [ -158.06756, 21.3247 ] ] ] } },
{ "type": "Feature", "properties": { "BMP": 8.75953, "EMP": 8.76131, "PREFIX": "SR", "ROUTE": "93", "ISLAND": "Oahu", "DIRECTION": "+MP", "TYPE": "Sidewalk", "MATERIAL": "Concrete", "LENGTH": 9.0, "NHS": "YES", "Shape_Leng": 2.8889016038 }, "geometry": { "type": "MultiLineString", "coordinates": [ [ [ -158.17674, 21.41556 ], [ -158.17675, 21.41558 ] ] ] } },
{ "type": "Feature", "properties": { "BMP": 8.76167, "EMP": 8.79388, "PREFIX": "SR", "ROUTE": "93", "ISLAND": "Oahu", "DIRECTION": "+MP", "TYPE": "Sidewalk", "MATERIAL": "Asphalt", "LENGTH": 170.0, "NHS": "YES", "Shape_Leng": 51.957904165599999 }, "geometry": { "type": "MultiLineString", "coordinates": [ [ [ -158.17675, 21.41559 ], [ -158.17683, 21.41605 ] ] ] } },
{ "type": "Feature", "properties": { "BMP": 5.54195, "EMP": 5.5484, "PREFIX": "SR", "ROUTE": "76", "ISLAND": "Oahu", "DIRECTION": "+MP", "TYPE": "Sidewalk", "MATERIAL": "Concrete", "LENGTH": 39.0, "NHS": "NO", "Shape_Leng": 12.024813122 }, "geometry": { "type": "MultiLineString", "coordinates": [ [ [ -158.02577, 21.36987 ], [ -158.02581, 21.36997 ] ] ] } },
{ "type": "Feature", "properties": { "BMP": 5.54856, "EMP": 5.76063, "PREFIX": "SR", "ROUTE": "76", "ISLAND": "Oahu", "DIRECTION": "+MP", "TYPE": "Sidewalk", "MATERIAL": "Asphalt", "LENGTH": 1131.0, "NHS": "NO", "Shape_Leng": 344.62173774399997 }, "geometry": { "type": "MultiLineString", "coordinates": [ [ [ -158.02581, 21.36997 ], [ -158.02563, 21.37307 ] ] ] } },
{ "type": "Feature", "properties": { "BMP": 4.85432, "EMP": 4.85591, "PREFIX": "SR", "ROUTE": "76", "ISLAND": "Oahu", "DIRECTION": "+MP", "TYPE": "Sidewalk", "MATERIAL": "Concrete", "LENGTH": 11.0, "NHS": "NO", "Shape_Leng": 3.3525021898 }, "geometry": { "type": "MultiLineString", "coordinates": [ [ [ -158.02886, 21.36042 ], [ -158.02887, 21.36045 ] ] ] } },
{ "type": "Feature", "properties": { "BMP": 9.35027, "EMP": 9.35435, "PREFIX": "SR", "ROUTE": "93", "ISLAND": "Oahu", "DIRECTION": "+MP", "TYPE": "Sidewalk", "MATERIAL": "Concrete", "LENGTH": 22.0, "NHS": "YES", "Shape_Leng": 6.5832480527200001 }, "geometry": { "type": "MultiLineString", "coordinates": [ [ [ -158.17808, 21.42405 ], [ -158.1781, 21.42411 ] ] ] } },
{ "type": "Feature", "properties": { "BMP": 9.35463, "EMP": 9.38539, "PREFIX": "SR", "ROUTE": "93", "ISLAND": "Oahu", "DIRECTION": "+MP", "TYPE": "Sidewalk", "MATERIAL": "Asphalt", "LENGTH": 163.0, "NHS": "YES", "Shape_Leng": 49.663550190400002 }, "geometry": { "type": "MultiLineString", "coordinates": [ [ [ -158.1781, 21.42411 ], [ -158.17818, 21.42456 ] ] ] } },
{ "type": "Feature", "properties": { "BMP": 0.07846, "EMP": 0.10994, "PREFIX": "SR", "ROUTE": "76", "ISLAND": "Oahu", "DIRECTION": "+MP", "TYPE": "Sidewalk", "MATERIAL": "Concrete", "LENGTH": 167.0, "NHS": "NO", "Shape_Leng": 51.009990449699998 }, "geometry": { "type": "MultiLineString", "coordinates": [ [ [ -157.99222, 21.31519 ], [ -157.9927, 21.31509 ] ] ] } },
{ "type": "Feature", "properties": { "BMP": 9.61785, "EMP": 9.73729, "PREFIX": "SR", "ROUTE": "93", "ISLAND": "Oahu", "DIRECTION": "+MP", "TYPE": "Sidewalk", "MATERIAL": "Concrete", "LENGTH": 645.0, "NHS": "YES", "Shape_Leng": 196.532259267 }, "geometry": { "type": "MultiLineString", "coordinates": [ [ [ -158.17891, 21.42787 ], [ -158.18016, 21.42919 ] ] ] } },
{ "type": "Feature", "properties": { "BMP": 9.75503, "EMP": 10.20976, "PREFIX": "SR", "ROUTE": "93", "ISLAND": "Oahu", "DIRECTION": "+MP", "TYPE": "Sidewalk", "MATERIAL": "Asphalt", "LENGTH": 2380.0, "NHS": "YES", "Shape_Leng": 725.51024685200002 }, "geometry": { "type": "MultiLineString", "coordinates": [ [ [ -158.1804, 21.42932 ], [ -158.18434, 21.43444 ] ] ] } },
{ "type": "Feature", "properties": { "BMP": 0.87504, "EMP": 0.90695, "PREFIX": "SR", "ROUTE": "76", "ISLAND": "Oahu", "DIRECTION": "+MP", "TYPE": "Sidewalk", "MATERIAL": "Concrete", "LENGTH": 172.0, "NHS": "NO", "Shape_Leng": 52.479377185600001 }, "geometry": { "type": "MultiLineString", "coordinates": [ [ [ -158.00426, 21.31258 ], [ -158.00475, 21.31251 ] ] ] } },
{ "type": "Feature", "properties": { "BMP": 0.91736, "EMP": 1.26214, "PREFIX": "SR", "ROUTE": "76", "ISLAND": "Oahu", "DIRECTION": "+MP", "TYPE": "Sidewalk", "MATERIAL": "Concrete", "LENGTH": 1789.0, "NHS": "NO", "Shape_Leng": 545.38462056799995 }, "geometry": { "type": "MultiLineString", "coordinates": [ [ [ -158.0049, 21.31247 ], [ -158.00987, 21.31243 ] ] ] } },
{ "type": "Feature", "properties": { "BMP": 1.4005, "EMP": 1.42887, "PREFIX": "SR", "ROUTE": "76", "ISLAND": "Oahu", "DIRECTION": "+MP", "TYPE": "Sidewalk", "MATERIAL": "Concrete", "LENGTH": 150.0, "NHS": "NO", "Shape_Leng": 45.688153993500002 }, "geometry": { "type": "MultiLineString", "coordinates": [ [ [ -158.01105, 21.31406 ], [ -158.01126, 21.31441 ] ] ] } },
{ "type": "Feature", "properties": { "BMP": 1.27414, "EMP": 1.3528, "PREFIX": "SR", "ROUTE": "76", "ISLAND": "Oahu", "DIRECTION": "+MP", "TYPE": "Sidewalk", "MATERIAL": "Concrete", "LENGTH": 408.0, "NHS": "NO", "Shape_Leng": 124.399188956 }, "geometry": { "type": "MultiLineString", "coordinates": [ [ [ -158.01, 21.31255 ], [ -158.01068, 21.31345 ] ] ] } },
{ "type": "Feature", "properties": { "BMP": 6.38707, "EMP": 6.38903, "PREFIX": "SR", "ROUTE": "76", "ISLAND": "Oahu", "DIRECTION": "+MP", "TYPE": "Sidewalk", "MATERIAL": "Concrete", "LENGTH": 10.0, "NHS": "NO", "Shape_Leng": 3.1735239869099998 }, "geometry": { "type": "MultiLineString", "coordinates": [ [ [ -158.02982, 21.38122 ], [ -158.02984, 21.38124 ] ] ] } },
{ "type": "Feature", "properties": { "BMP": 1.35968, "EMP": 1.3932, "PREFIX": "SR", "ROUTE": "76", "ISLAND": "Oahu", "DIRECTION": "+MP", "TYPE": "Sidewalk", "MATERIAL": "Concrete", "LENGTH": 177.0, "NHS": "NO", "Shape_Leng": 54.005059697599997 }, "geometry": { "type": "MultiLineString", "coordinates": [ [ [ -158.01073, 21.31354 ], [ -158.01099, 21.31396 ] ] ] } },
{ "type": "Feature", "properties": { "BMP": 4.84687, "EMP": 4.84886, "PREFIX": "SR", "ROUTE": "76", "ISLAND": "Oahu", "DIRECTION": "+MP", "TYPE": "Sidewalk", "MATERIAL": "Concrete", "LENGTH": 12.0, "NHS": "NO", "Shape_Leng": 3.6232389446100002 }, "geometry": { "type": "MultiLineString", "coordinates": [ [ [ -158.02896, 21.36035 ], [ -158.02894, 21.36037 ] ] ] } },
{ "type": "Feature", "properties": { "BMP": 1.44462, "EMP": 1.51464, "PREFIX": "SR", "ROUTE": "76", "ISLAND": "Oahu", "DIRECTION": "+MP", "TYPE": "Sidewalk", "MATERIAL": "Concrete", "LENGTH": 371.0, "NHS": "NO", "Shape_Leng": 113.043952602 }, "geometry": { "type": "MultiLineString", "coordinates": [ [ [ -158.01138, 21.31461 ], [ -158.01193, 21.3155 ] ] ] } },
{ "type": "Feature", "properties": { "BMP": 6.26889, "EMP": 6.3823, "PREFIX": "SR", "ROUTE": "76", "ISLAND": "Oahu", "DIRECTION": "+MP", "TYPE": "Sidewalk", "MATERIAL": "Concrete", "LENGTH": 605.0, "NHS": "NO", "Shape_Leng": 184.096233407 }, "geometry": { "type": "MultiLineString", "coordinates": [ [ [ -158.02874, 21.37983 ], [ -158.02972, 21.3812 ] ] ] } },
{ "type": "Feature", "properties": { "BMP": 1.52433, "EMP": 1.56734, "PREFIX": "SR", "ROUTE": "76", "ISLAND": "Oahu", "DIRECTION": "+MP", "TYPE": "Sidewalk", "MATERIAL": "Concrete", "LENGTH": 228.0, "NHS": "NO", "Shape_Leng": 69.641226031800002 }, "geometry": { "type": "MultiLineString", "coordinates": [ [ [ -158.01201, 21.31562 ], [ -158.01237, 21.31615 ] ] ] } },
{ "type": "Feature", "properties": { "BMP": 1.57688, "EMP": 1.67479, "PREFIX": "SR", "ROUTE": "76", "ISLAND": "Oahu", "DIRECTION": "+MP", "TYPE": "Sidewalk", "MATERIAL": "Concrete", "LENGTH": 516.0, "NHS": "NO", "Shape_Leng": 157.17798226900001 }, "geometry": { "type": "MultiLineString", "coordinates": [ [ [ -158.01245, 21.31626 ], [ -158.01324, 21.31747 ] ] ] } },
{ "type": "Feature", "properties": { "BMP": 6.54451, "EMP": 6.57988, "PREFIX": "SR", "ROUTE": "76", "ISLAND": "Oahu", "DIRECTION": "+MP", "TYPE": "Sidewalk", "MATERIAL": "Concrete", "LENGTH": 187.0, "NHS": "NO", "Shape_Leng": 57.0107333053 }, "geometry": { "type": "MultiLineString", "coordinates": [ [ [ -158.03131, 21.38303 ], [ -158.03164, 21.38344 ] ] ] } },
{ "type": "Feature", "properties": { "BMP": 6.39611, "EMP": 6.49666, "PREFIX": "SR", "ROUTE": "76", "ISLAND": "Oahu", "DIRECTION": "+MP", "TYPE": "Sidewalk", "MATERIAL": "Concrete", "LENGTH": 540.0, "NHS": "NO", "Shape_Leng": 164.52452324399999 }, "geometry": { "type": "MultiLineString", "coordinates": [ [ [ -158.02985, 21.38136 ], [ -158.03074, 21.38256 ] ] ] } },
{ "type": "Feature", "properties": { "BMP": 1.68736, "EMP": 2.08957, "PREFIX": "SR", "ROUTE": "76", "ISLAND": "Oahu", "DIRECTION": "+MP", "TYPE": "Sidewalk", "MATERIAL": "Concrete", "LENGTH": 2129.0, "NHS": "NO", "Shape_Leng": 648.89143721300002 }, "geometry": { "type": "MultiLineString", "coordinates": [ [ [ -158.01333, 21.31763 ], [ -158.01643, 21.32271 ] ] ] } },
{ "type": "Feature", "properties": { "BMP": 2.10279, "EMP": 2.14303, "PREFIX": "SR", "ROUTE": "76", "ISLAND": "Oahu", "DIRECTION": "+MP", "TYPE": "Sidewalk", "MATERIAL": "Concrete", "LENGTH": 213.0, "NHS": "NO", "Shape_Leng": 65.055010609700005 }, "geometry": { "type": "MultiLineString", "coordinates": [ [ [ -158.01653, 21.32288 ], [ -158.01686, 21.32337 ] ] ] } },
{ "type": "Feature", "properties": { "BMP": 2.56297, "EMP": 2.57152, "PREFIX": "SR", "ROUTE": "76", "ISLAND": "Oahu", "DIRECTION": "+MP", "TYPE": "Sidewalk", "MATERIAL": "Concrete", "LENGTH": 50.0, "NHS": "NO", "Shape_Leng": 15.3075112651 }, "geometry": { "type": "MultiLineString", "coordinates": [ [ [ -158.02008, 21.32868 ], [ -158.02009, 21.32882 ] ] ] } },
{ "type": "Feature", "properties": { "BMP": 2.57445, "EMP": 2.57524, "PREFIX": "SR", "ROUTE": "76", "ISLAND": "Oahu", "DIRECTION": "+MP", "TYPE": "Sidewalk", "MATERIAL": "Concrete", "LENGTH": 13.0, "NHS": "NO", "Shape_Leng": 3.9638838188899999 }, "geometry": { "type": "MultiLineString", "coordinates": [ [ [ -158.02018, 21.32882 ], [ -158.02022, 21.32881 ] ] ] } },
{ "type": "Feature", "properties": { "BMP": 2.5753, "EMP": 2.57666, "PREFIX": "SR", "ROUTE": "76", "ISLAND": "Oahu", "DIRECTION": "+MP", "TYPE": "Sidewalk", "MATERIAL": "Concrete", "LENGTH": 7.0, "NHS": "NO", "Shape_Leng": 2.2019288387899998 }, "geometry": { "type": "MultiLineString", "coordinates": [ [ [ -158.02021, 21.32882 ], [ -158.02022, 21.32884 ] ] ] } },
{ "type": "Feature", "properties": { "BMP": 2.58825, "EMP": 2.59004, "PREFIX": "SR", "ROUTE": "76", "ISLAND": "Oahu", "DIRECTION": "+MP", "TYPE": "Sidewalk", "MATERIAL": "Concrete", "LENGTH": 12.0, "NHS": "NO", "Shape_Leng": 3.64733040596 }, "geometry": { "type": "MultiLineString", "coordinates": [ [ [ -158.02031, 21.32898 ], [ -158.0203, 21.32902 ] ] ] } },
{ "type": "Feature", "properties": { "BMP": 6.58845, "EMP": 6.6165, "PREFIX": "SR", "ROUTE": "76", "ISLAND": "Oahu", "DIRECTION": "+MP", "TYPE": "Sidewalk", "MATERIAL": "Concrete", "LENGTH": 151.0, "NHS": "NO", "Shape_Leng": 45.937021596800001 }, "geometry": { "type": "MultiLineString", "coordinates": [ [ [ -158.03172, 21.38353 ], [ -158.03201, 21.38385 ] ] ] } },
{ "type": "Feature", "properties": { "BMP": 2.94508, "EMP": 2.94573, "PREFIX": "SR", "ROUTE": "76", "ISLAND": "Oahu", "DIRECTION": "+MP", "TYPE": "Sidewalk", "MATERIAL": "Concrete", "LENGTH": 7.0, "NHS": "NO", "Shape_Leng": 2.0825381150200002 }, "geometry": { "type": "MultiLineString", "coordinates": [ [ [ -158.02271, 21.33362 ], [ -158.02273, 21.33362 ] ] ] } },
{ "type": "Feature", "properties": { "BMP": 3.49717, "EMP": 3.49744, "PREFIX": "SR", "ROUTE": "76", "ISLAND": "Oahu", "DIRECTION": "+MP", "TYPE": "Sidewalk", "MATERIAL": "Concrete", "LENGTH": 12.0, "NHS": "NO", "Shape_Leng": 3.51112872146 }, "geometry": { "type": "MultiLineString", "coordinates": [ [ [ -158.02485, 21.34137 ], [ -158.02489, 21.34137 ] ] ] } },
{ "type": "Feature", "properties": { "BMP": 3.4975, "EMP": 3.49851, "PREFIX": "SR", "ROUTE": "76", "ISLAND": "Oahu", "DIRECTION": "+MP", "TYPE": "Sidewalk", "MATERIAL": "Concrete", "LENGTH": 6.0, "NHS": "NO", "Shape_Leng": 1.81937622687 }, "geometry": { "type": "MultiLineString", "coordinates": [ [ [ -158.02487, 21.34138 ], [ -158.02486, 21.34139 ] ] ] } },
{ "type": "Feature", "properties": { "BMP": 3.51132, "EMP": 3.51307, "PREFIX": "SR", "ROUTE": "76", "ISLAND": "Oahu", "DIRECTION": "+MP", "TYPE": "Sidewalk", "MATERIAL": "Concrete", "LENGTH": 10.0, "NHS": "NO", "Shape_Leng": 2.9007096951000002 }, "geometry": { "type": "MultiLineString", "coordinates": [ [ [ -158.02491, 21.34157 ], [ -158.02491, 21.3416 ] ] ] } },
{ "type": "Feature", "properties": { "BMP": 2.59376, "EMP": 2.60267, "PREFIX": "SR", "ROUTE": "76", "ISLAND": "Oahu", "DIRECTION": "+MP", "TYPE": "Sidewalk", "MATERIAL": "Concrete", "LENGTH": 51.0, "NHS": "NO", "Shape_Leng": 15.5586670461 }, "geometry": { "type": "MultiLineString", "coordinates": [ [ [ -158.02027, 21.32909 ], [ -158.02039, 21.32918 ] ] ] } },
{ "type": "Feature", "properties": { "BMP": 3.51928, "EMP": 3.51988, "PREFIX": "SR", "ROUTE": "76", "ISLAND": "Oahu", "DIRECTION": "+MP", "TYPE": "Sidewalk", "MATERIAL": "Concrete", "LENGTH": 4.0, "NHS": "NO", "Shape_Leng": 1.1533714457 }, "geometry": { "type": "MultiLineString", "coordinates": [ [ [ -158.02487, 21.3417 ], [ -158.02488, 21.34171 ] ] ] } },
{ "type": "Feature", "properties": { "BMP": 2.96904, "EMP": 2.98244, "PREFIX": "SR", "ROUTE": "76", "ISLAND": "Oahu", "DIRECTION": "+MP", "TYPE": "Sidewalk", "MATERIAL": "Concrete", "LENGTH": 79.0, "NHS": "NO", "Shape_Leng": 24.108953703499999 }, "geometry": { "type": "MultiLineString", "coordinates": [ [ [ -158.02274, 21.33397 ], [ -158.02288, 21.33413 ] ] ] } },
{ "type": "Feature", "properties": { "BMP": 0.81134, "EMP": 0.82457, "PREFIX": "SR", "ROUTE": "76", "ISLAND": "Oahu", "DIRECTION": "+MP", "TYPE": "Sidewalk", "MATERIAL": "Asphalt", "LENGTH": 77.0, "NHS": "NO", "Shape_Leng": 23.365836934699999 }, "geometry": { "type": "MultiLineString", "coordinates": [ [ [ -158.00328, 21.31277 ], [ -158.00348, 21.31272 ] ] ] } },
{ "type": "Feature", "properties": { "BMP": 0.57632, "EMP": 0.62141, "PREFIX": "SR", "ROUTE": "65", "ISLAND": "Oahu", "DIRECTION": "+MP", "TYPE": "Sidewalk", "MATERIAL": "Concrete", "LENGTH": 237.0, "NHS": "YES", "Shape_Leng": 72.358230725300004 }, "geometry": { "type": "MultiLineString", "coordinates": [ [ [ -157.79146, 21.40579 ], [ -157.79077, 21.40577 ] ] ] } },
{ "type": "Feature", "properties": { "BMP": 23.16735, "EMP": 23.1614, "PREFIX": "SR", "ROUTE": "99", "ISLAND": "Oahu", "DIRECTION": "-MP", "TYPE": "Sidewalk", "MATERIAL": "Concrete", "LENGTH": 35.0, "NHS": "YES", "Shape_Leng": 10.7144789263 }, "geometry": { "type": "MultiLineString", "coordinates": [ [ [ -157.93444, 21.34927 ], [ -157.93451, 21.34934 ] ] ] } },
{ "type": "Feature", "properties": { "BMP": 0.69078, "EMP": 0.69104, "PREFIX": "SR", "ROUTE": "7101", "ISLAND": "Oahu", "DIRECTION": "+MP", "TYPE": "Sidewalk", "MATERIAL": "Concrete", "LENGTH": 6.0, "NHS": "YES", "Shape_Leng": 1.68809820869 }, "geometry": { "type": "MultiLineString", "coordinates": [ [ [ -158.01719, 21.38077 ], [ -158.01719, 21.38079 ] ] ] } },
{ "type": "Feature", "properties": { "BMP": 0.69142, "EMP": 0.69142, "PREFIX": "SR", "ROUTE": "7101", "ISLAND": "Oahu", "DIRECTION": "+MP", "TYPE": "Sidewalk", "MATERIAL": "Concrete", "LENGTH": 7.0, "NHS": "YES", "Shape_Leng": 2.20312686795 }, "geometry": { "type": "MultiLineString", "coordinates": [ [ [ -158.01723, 21.38088 ], [ -158.01724, 21.3809 ] ] ] } },
{ "type": "Feature", "properties": { "BMP": 0.52448, "EMP": 0.52464, "PREFIX": "SR", "ROUTE": "7101", "ISLAND": "Oahu", "DIRECTION": "+MP", "TYPE": "Sidewalk", "MATERIAL": "Concrete", "LENGTH": 9.0, "NHS": "YES", "Shape_Leng": 2.7995582746999998 }, "geometry": { "type": "MultiLineString", "coordinates": [ [ [ -158.01953, 21.37976 ], [ -158.01954, 21.37978 ] ] ] } },
{ "type": "Feature", "properties": { "BMP": 0.54149, "EMP": 0.54149, "PREFIX": "SR", "ROUTE": "7101", "ISLAND": "Oahu", "DIRECTION": "+MP", "TYPE": "Sidewalk", "MATERIAL": "Concrete", "LENGTH": 16.0, "NHS": "YES", "Shape_Leng": 4.9874270330300003 }, "geometry": { "type": "MultiLineString", "coordinates": [ [ [ -158.01928, 21.37984 ], [ -158.0193, 21.37988 ] ] ] } },
{ "type": "Feature", "properties": { "BMP": 0.95362, "EMP": 0.95526, "PREFIX": "SR", "ROUTE": "7101", "ISLAND": "Oahu", "DIRECTION": "+MP", "TYPE": "Sidewalk", "MATERIAL": "Concrete", "LENGTH": 9.0, "NHS": "YES", "Shape_Leng": 2.6108424333200002 }, "geometry": { "type": "MultiLineString", "coordinates": [ [ [ -158.01339, 21.38211 ], [ -158.01337, 21.38212 ] ] ] } },
{ "type": "Feature", "properties": { "BMP": 0.95547, "EMP": 0.96017, "PREFIX": "SR", "ROUTE": "7101", "ISLAND": "Oahu", "DIRECTION": "+MP", "TYPE": "Sidewalk", "MATERIAL": "Asphalt", "LENGTH": 25.0, "NHS": "YES", "Shape_Leng": 7.5165813030899997 }, "geometry": { "type": "MultiLineString", "coordinates": [ [ [ -158.01336, 21.38212 ], [ -158.01329, 21.38214 ] ] ] } },
{ "type": "Feature", "properties": { "BMP": 0.96036, "EMP": 0.9628, "PREFIX": "SR", "ROUTE": "7101", "ISLAND": "Oahu", "DIRECTION": "+MP", "TYPE": "Sidewalk", "MATERIAL": "Concrete", "LENGTH": 13.0, "NHS": "YES", "Shape_Leng": 3.82758732375 }, "geometry": { "type": "MultiLineString", "coordinates": [ [ [ -158.01329, 21.38214 ], [ -158.01325, 21.38215 ] ] ] } },
{ "type": "Feature", "properties": { "BMP": 0.96993, "EMP": 0.97067, "PREFIX": "SR", "ROUTE": "7101", "ISLAND": "Oahu", "DIRECTION": "+MP", "TYPE": "Sidewalk", "MATERIAL": "Concrete", "LENGTH": 4.0, "NHS": "YES", "Shape_Leng": 1.1893908234399999 }, "geometry": { "type": "MultiLineString", "coordinates": [ [ [ -158.01315, 21.38217 ], [ -158.01314, 21.38218 ] ] ] } },
{ "type": "Feature", "properties": { "BMP": 0.97087, "EMP": 0.98117, "PREFIX": "SR", "ROUTE": "7101", "ISLAND": "Oahu", "DIRECTION": "+MP", "TYPE": "Sidewalk", "MATERIAL": "Asphalt", "LENGTH": 54.0, "NHS": "YES", "Shape_Leng": 16.465705934399999 }, "geometry": { "type": "MultiLineString", "coordinates": [ [ [ -158.01313, 21.38218 ], [ -158.01298, 21.38221 ] ] ] } },
{ "type": "Feature", "properties": { "BMP": 0.98131, "EMP": 0.98277, "PREFIX": "SR", "ROUTE": "7101", "ISLAND": "Oahu", "DIRECTION": "+MP", "TYPE": "Sidewalk", "MATERIAL": "Concrete", "LENGTH": 8.0, "NHS": "YES", "Shape_Leng": 2.3320812441599998 }, "geometry": { "type": "MultiLineString", "coordinates": [ [ [ -158.01298, 21.38221 ], [ -158.01296, 21.38222 ] ] ] } },
{ "type": "Feature", "properties": { "BMP": 0.99007, "EMP": 0.99104, "PREFIX": "SR", "ROUTE": "7101", "ISLAND": "Oahu", "DIRECTION": "+MP", "TYPE": "Sidewalk", "MATERIAL": "Concrete", "LENGTH": 5.0, "NHS": "YES", "Shape_Leng": 1.56096166802 }, "geometry": { "type": "MultiLineString", "coordinates": [ [ [ -158.01285, 21.38224 ], [ -158.01283, 21.38224 ] ] ] } },
{ "type": "Feature", "properties": { "BMP": 0.99131, "EMP": 1.00934, "PREFIX": "SR", "ROUTE": "7101", "ISLAND": "Oahu", "DIRECTION": "+MP", "TYPE": "Sidewalk", "MATERIAL": "Asphalt", "LENGTH": 95.0, "NHS": "YES", "Shape_Leng": 28.943321160099998 }, "geometry": { "type": "MultiLineString", "coordinates": [ [ [ -158.01283, 21.38224 ], [ -158.01256, 21.3823 ] ] ] } },
{ "type": "Feature", "properties": { "BMP": 1.37323, "EMP": 1.38027, "PREFIX": "SR", "ROUTE": "7101", "ISLAND": "Oahu", "DIRECTION": "+MP", "TYPE": "Sidewalk", "MATERIAL": "Asphalt", "LENGTH": 37.0, "NHS": "YES", "Shape_Leng": 11.3716184514 }, "geometry": { "type": "MultiLineString", "coordinates": [ [ [ -158.00702, 21.38333 ], [ -158.00692, 21.38336 ] ] ] } },
{ "type": "Feature", "properties": { "BMP": 1.38505, "EMP": 1.39698, "PREFIX": "SR", "ROUTE": "7101", "ISLAND": "Oahu", "DIRECTION": "+MP", "TYPE": "Sidewalk", "MATERIAL": "Asphalt", "LENGTH": 63.0, "NHS": "YES", "Shape_Leng": 19.226233131299999 }, "geometry": { "type": "MultiLineString", "coordinates": [ [ [ -158.00684, 21.38337 ], [ -158.00666, 21.38341 ] ] ] } },
{ "type": "Feature", "properties": { "BMP": 1.40245, "EMP": 1.40575, "PREFIX": "SR", "ROUTE": "7101", "ISLAND": "Oahu", "DIRECTION": "+MP", "TYPE": "Sidewalk", "MATERIAL": "Asphalt", "LENGTH": 18.0, "NHS": "YES", "Shape_Leng": 5.3628981438 }, "geometry": { "type": "MultiLineString", "coordinates": [ [ [ -158.00658, 21.38342 ], [ -158.00653, 21.38343 ] ] ] } },
{ "type": "Feature", "properties": { "BMP": 1.406, "EMP": 1.41135, "PREFIX": "SR", "ROUTE": "7101", "ISLAND": "Oahu", "DIRECTION": "+MP", "TYPE": "Sidewalk", "MATERIAL": "Concrete", "LENGTH": 28.0, "NHS": "YES", "Shape_Leng": 8.5883912927600008 }, "geometry": { "type": "MultiLineString", "coordinates": [ [ [ -158.00652, 21.38343 ], [ -158.00644, 21.38344 ] ] ] } },
{ "type": "Feature", "properties": { "BMP": 1.4116, "EMP": 1.41453, "PREFIX": "SR", "ROUTE": "7101", "ISLAND": "Oahu", "DIRECTION": "+MP", "TYPE": "Sidewalk", "MATERIAL": "Asphalt", "LENGTH": 16.0, "NHS": "YES", "Shape_Leng": 4.74127966016 }, "geometry": { "type": "MultiLineString", "coordinates": [ [ [ -158.00644, 21.38344 ], [ -158.00639, 21.38345 ] ] ] } },
{ "type": "Feature", "properties": { "BMP": 0.94048, "EMP": 0.94048, "PREFIX": "SR", "ROUTE": "7101", "ISLAND": "Oahu", "DIRECTION": "+MP", "TYPE": "Sidewalk", "MATERIAL": "Concrete", "LENGTH": 12.0, "NHS": "YES", "Shape_Leng": 3.6889735003599999 }, "geometry": { "type": "MultiLineString", "coordinates": [ [ [ -158.01363, 21.38221 ], [ -158.01364, 21.38224 ] ] ] } },
{ "type": "Feature", "properties": { "BMP": 1.65733, "EMP": 1.65733, "PREFIX": "SR", "ROUTE": "7101", "ISLAND": "Oahu", "DIRECTION": "+MP", "TYPE": "Sidewalk", "MATERIAL": "Concrete", "LENGTH": 6.0, "NHS": "YES", "Shape_Leng": 1.77742474513 }, "geometry": { "type": "MultiLineString", "coordinates": [ [ [ -158.00272, 21.38426 ], [ -158.00273, 21.38428 ] ] ] } },
{ "type": "Feature", "properties": { "BMP": 1.40541, "EMP": 1.40573, "PREFIX": "SR", "ROUTE": "7101", "ISLAND": "Oahu", "DIRECTION": "+MP", "TYPE": "Sidewalk", "MATERIAL": "Concrete", "LENGTH": 15.0, "NHS": "YES", "Shape_Leng": 4.4717970701200001 }, "geometry": { "type": "MultiLineString", "coordinates": [ [ [ -158.00656, 21.38357 ], [ -158.00657, 21.38361 ] ] ] } },
{ "type": "Feature", "properties": { "BMP": 0.81639, "EMP": 0.81639, "PREFIX": "SR", "ROUTE": "7101", "ISLAND": "Oahu", "DIRECTION": "+MP", "TYPE": "Sidewalk", "MATERIAL": "Concrete", "LENGTH": 16.0, "NHS": "YES", "Shape_Leng": 4.8789878421599999 }, "geometry": { "type": "MultiLineString", "coordinates": [ [ [ -158.01546, 21.38162 ], [ -158.01548, 21.38166 ] ] ] } },
{ "type": "Feature", "properties": { "BMP": 0.00161, "EMP": 0.25962, "PREFIX": "SR", "ROUTE": "7241", "ISLAND": "Oahu", "DIRECTION": "+MP", "TYPE": "Sidewalk", "MATERIAL": "Concrete", "LENGTH": 1367.0, "NHS": "NO", "Shape_Leng": 416.67196322900003 }, "geometry": { "type": "MultiLineString", "coordinates": [ [ [ -157.92889, 21.36567 ], [ -157.92528, 21.36727 ] ] ] } },
{ "type": "Feature", "properties": { "BMP": 1.43397, "EMP": 1.43832, "PREFIX": "SR", "ROUTE": "7801", "ISLAND": "Oahu", "DIRECTION": "+MP", "TYPE": "Sidewalk", "MATERIAL": "Concrete", "LENGTH": 30.0, "NHS": "YES", "Shape_Leng": 8.9861050874099995 }, "geometry": { "type": "MultiLineString", "coordinates": [ [ [ -157.79341, 21.27973 ], [ -157.79338, 21.27966 ] ] ] } },
{ "type": "Feature", "properties": { "BMP": 2.25973, "EMP": 2.25974, "PREFIX": "SR", "ROUTE": "7101", "ISLAND": "Oahu", "DIRECTION": "+MP", "TYPE": "Sidewalk", "MATERIAL": "Concrete", "LENGTH": 8.0, "NHS": "YES", "Shape_Leng": 2.55094143101 }, "geometry": { "type": "MultiLineString", "coordinates": [ [ [ -157.995, 21.38893 ], [ -157.99502, 21.38895 ] ] ] } },
{ "type": "Feature", "properties": { "BMP": 1.445, "EMP": 1.51491, "PREFIX": "SR", "ROUTE": "7801", "ISLAND": "Oahu", "DIRECTION": "+MP", "TYPE": "Sidewalk", "MATERIAL": "Concrete", "LENGTH": 371.0, "NHS": "YES", "Shape_Leng": 113.10574232800001 }, "geometry": { "type": "MultiLineString", "coordinates": [ [ [ -157.79327, 21.27965 ], [ -157.79234, 21.27912 ] ] ] } },
{ "type": "Feature", "properties": { "BMP": 0.2721, "EMP": 0.67814, "PREFIX": "SR", "ROUTE": "7241", "ISLAND": "Oahu", "DIRECTION": "+MP", "TYPE": "Sidewalk", "MATERIAL": "Concrete", "LENGTH": 2182.0, "NHS": "NO", "Shape_Leng": 664.97337851299994 }, "geometry": { "type": "MultiLineString", "coordinates": [ [ [ -157.92511, 21.36735 ], [ -157.91971, 21.37023 ] ] ] } },
{ "type": "Feature", "properties": { "BMP": 1.56815, "EMP": 1.70735, "PREFIX": "SR", "ROUTE": "7801", "ISLAND": "Oahu", "DIRECTION": "+MP", "TYPE": "Sidewalk", "MATERIAL": "Concrete", "LENGTH": 748.0, "NHS": "YES", "Shape_Leng": 227.52751165800001 }, "geometry": { "type": "MultiLineString", "coordinates": [ [ [ -157.79156, 21.27881 ], [ -157.7894, 21.27857 ] ] ] } },
{ "type": "Feature", "properties": { "BMP": 0.86901, "EMP": 0.87148, "PREFIX": "SR", "ROUTE": "7241", "ISLAND": "Oahu", "DIRECTION": "+MP", "TYPE": "Sidewalk", "MATERIAL": "Concrete", "LENGTH": 13.0, "NHS": "NO", "Shape_Leng": 4.0821231537999996 }, "geometry": { "type": "MultiLineString", "coordinates": [ [ [ -157.9194, 21.37301 ], [ -157.91941, 21.37305 ] ] ] } },
{ "type": "Feature", "properties": { "BMP": 0.9768, "EMP": 0.9768, "PREFIX": "SR", "ROUTE": "7241", "ISLAND": "Oahu", "DIRECTION": "+MP", "TYPE": "Sidewalk", "MATERIAL": "Concrete", "LENGTH": 14.0, "NHS": "NO", "Shape_Leng": 4.4184935134499996 }, "geometry": { "type": "MultiLineString", "coordinates": [ [ [ -157.9192, 21.37453 ], [ -157.91923, 21.37455 ] ] ] } },
{ "type": "Feature", "properties": { "BMP": 0.26855, "EMP": 0.26966, "PREFIX": "SR", "ROUTE": "7241", "ISLAND": "Oahu", "DIRECTION": "+MP", "TYPE": "Sidewalk", "MATERIAL": "Concrete", "LENGTH": 6.0, "NHS": "NO", "Shape_Leng": 1.78754413933 }, "geometry": { "type": "MultiLineString", "coordinates": [ [ [ -157.92518, 21.36739 ], [ -157.92517, 21.36739 ] ] ] } },
{ "type": "Feature", "properties": { "BMP": 0.72018, "EMP": 0.86727, "PREFIX": "SR", "ROUTE": "7241", "ISLAND": "Oahu", "DIRECTION": "+MP", "TYPE": "Sidewalk", "MATERIAL": "Concrete", "LENGTH": 792.0, "NHS": "NO", "Shape_Leng": 240.92539645 }, "geometry": { "type": "MultiLineString", "coordinates": [ [ [ -157.91952, 21.37084 ], [ -157.91932, 21.37299 ] ] ] } },
{ "type": "Feature", "properties": { "BMP": 0.88638, "EMP": 1.0194, "PREFIX": "SR", "ROUTE": "7241", "ISLAND": "Oahu", "DIRECTION": "+MP", "TYPE": "Sidewalk", "MATERIAL": "Concrete", "LENGTH": 687.0, "NHS": "NO", "Shape_Leng": 208.66063333100001 }, "geometry": { "type": "MultiLineString", "coordinates": [ [ [ -157.91937, 21.37326 ], [ -157.91862, 21.3748 ] ] ] } },
{ "type": "Feature", "properties": { "BMP": 1.71059, "EMP": 1.71395, "PREFIX": "SR", "ROUTE": "7801", "ISLAND": "Oahu", "DIRECTION": "+MP", "TYPE": "Sidewalk", "MATERIAL": "Concrete", "LENGTH": 18.0, "NHS": "YES", "Shape_Leng": 5.5907528009899998 }, "geometry": { "type": "MultiLineString", "coordinates": [ [ [ -157.78935, 21.27862 ], [ -157.78929, 21.27863 ] ] ] } },
{ "type": "Feature", "properties": { "BMP": 1.72296, "EMP": 1.73234, "PREFIX": "SR", "ROUTE": "7801", "ISLAND": "Oahu", "DIRECTION": "+MP", "TYPE": "Sidewalk", "MATERIAL": "Concrete", "LENGTH": 49.0, "NHS": "YES", "Shape_Leng": 15.044566081699999 }, "geometry": { "type": "MultiLineString", "coordinates": [ [ [ -157.78915, 21.27864 ], [ -157.78901, 21.27864 ] ] ] } },
{ "type": "Feature", "properties": { "BMP": 1.74149, "EMP": 1.75165, "PREFIX": "SR", "ROUTE": "7801", "ISLAND": "Oahu", "DIRECTION": "+MP", "TYPE": "Sidewalk", "MATERIAL": "Concrete", "LENGTH": 52.0, "NHS": "YES", "Shape_Leng": 15.7690633345 }, "geometry": { "type": "MultiLineString", "coordinates": [ [ [ -157.78888, 21.27865 ], [ -157.78873, 21.27863 ] ] ] } },
{ "type": "Feature", "properties": { "BMP": 1.75807, "EMP": 1.79739, "PREFIX": "SR", "ROUTE": "7801", "ISLAND": "Oahu", "DIRECTION": "+MP", "TYPE": "Sidewalk", "MATERIAL": "Concrete", "LENGTH": 218.0, "NHS": "YES", "Shape_Leng": 66.558661128599994 }, "geometry": { "type": "MultiLineString", "coordinates": [ [ [ -157.78863, 21.27862 ], [ -157.78803, 21.27848 ] ] ] } },
{ "type": "Feature", "properties": { "BMP": 1.79864, "EMP": 1.80011, "PREFIX": "SR", "ROUTE": "7801", "ISLAND": "Oahu", "DIRECTION": "+MP", "TYPE": "Sidewalk", "MATERIAL": "Concrete", "LENGTH": 19.0, "NHS": "YES", "Shape_Leng": 5.7698328082400003 }, "geometry": { "type": "MultiLineString", "coordinates": [ [ [ -157.788, 21.27856 ], [ -157.78797, 21.2786 ] ] ] } },
{ "type": "Feature", "properties": { "BMP": 1.82056, "EMP": 1.86596, "PREFIX": "SR", "ROUTE": "7801", "ISLAND": "Oahu", "DIRECTION": "+MP", "TYPE": "Sidewalk", "MATERIAL": "Concrete", "LENGTH": 244.0, "NHS": "YES", "Shape_Leng": 74.394695599499997 }, "geometry": { "type": "MultiLineString", "coordinates": [ [ [ -157.78767, 21.27848 ], [ -157.78696, 21.27846 ] ] ] } },
{ "type": "Feature", "properties": { "BMP": 1.92627, "EMP": 1.95083, "PREFIX": "SR", "ROUTE": "7801", "ISLAND": "Oahu", "DIRECTION": "+MP", "TYPE": "Sidewalk", "MATERIAL": "Concrete", "LENGTH": 130.0, "NHS": "YES", "Shape_Leng": 39.548356656499998 }, "geometry": { "type": "MultiLineString", "coordinates": [ [ [ -157.78604, 21.27837 ], [ -157.78566, 21.27833 ] ] ] } },
{ "type": "Feature", "properties": { "BMP": 1.95584, "EMP": 1.96378, "PREFIX": "SR", "ROUTE": "7801", "ISLAND": "Oahu", "DIRECTION": "+MP", "TYPE": "Sidewalk", "MATERIAL": "Concrete", "LENGTH": 42.0, "NHS": "YES", "Shape_Leng": 12.7620944992 }, "geometry": { "type": "MultiLineString", "coordinates": [ [ [ -157.78558, 21.27832 ], [ -157.78546, 21.27831 ] ] ] } },
{ "type": "Feature", "properties": { "BMP": 1.9672, "EMP": 2.013, "PREFIX": "SR", "ROUTE": "7801", "ISLAND": "Oahu", "DIRECTION": "+MP", "TYPE": "Sidewalk", "MATERIAL": "Concrete", "LENGTH": 243.0, "NHS": "YES", "Shape_Leng": 74.002623263199993 }, "geometry": { "type": "MultiLineString", "coordinates": [ [ [ -157.7854, 21.2783 ], [ -157.78474, 21.27815 ] ] ] } },
{ "type": "Feature", "properties": { "BMP": 1.87131, "EMP": 1.9106, "PREFIX": "SR", "ROUTE": "7801", "ISLAND": "Oahu", "DIRECTION": "+MP", "TYPE": "Sidewalk", "MATERIAL": "Concrete", "LENGTH": 207.0, "NHS": "YES", "Shape_Leng": 63.161791507300002 }, "geometry": { "type": "MultiLineString", "coordinates": [ [ [ -157.78688, 21.27845 ], [ -157.78628, 21.27839 ] ] ] } },
{ "type": "Feature", "properties": { "BMP": 1.91567, "EMP": 1.92284, "PREFIX": "SR", "ROUTE": "7801", "ISLAND": "Oahu", "DIRECTION": "+MP", "TYPE": "Sidewalk", "MATERIAL": "Concrete", "LENGTH": 38.0, "NHS": "YES", "Shape_Leng": 11.5089035623 }, "geometry": { "type": "MultiLineString", "coordinates": [ [ [ -157.7862, 21.27838 ], [ -157.78609, 21.27837 ] ] ] } },
{ "type": "Feature", "properties": { "BMP": 1.02945, "EMP": 1.19728, "PREFIX": "SR", "ROUTE": "7241", "ISLAND": "Oahu", "DIRECTION": "+MP", "TYPE": "Sidewalk", "MATERIAL": "Concrete", "LENGTH": 908.0, "NHS": "NO", "Shape_Leng": 276.19155633899999 }, "geometry": { "type": "MultiLineString", "coordinates": [ [ [ -157.91849, 21.37488 ], [ -157.91677, 21.37673 ] ] ] } },
{ "type": "Feature", "properties": { "BMP": 1.20686, "EMP": 1.45256, "PREFIX": "SR", "ROUTE": "7241", "ISLAND": "Oahu", "DIRECTION": "+MP", "TYPE": "Sidewalk", "MATERIAL": "Concrete", "LENGTH": 1302.0, "NHS": "NO", "Shape_Leng": 395.51938790299999 }, "geometry": { "type": "MultiLineString", "coordinates": [ [ [ -157.91667, 21.37683 ], [ -157.91481, 21.37994 ] ] ] } },
{ "type": "Feature", "properties": { "BMP": 2.013, "EMP": 2.013, "PREFIX": "SR", "ROUTE": "7801", "ISLAND": "Oahu", "DIRECTION": "+MP", "TYPE": "Sidewalk", "MATERIAL": "Concrete", "LENGTH": 15.0, "NHS": "YES", "Shape_Leng": 4.4377280805500003 }, "geometry": { "type": "MultiLineString", "coordinates": [ [ [ -157.7847, 21.27823 ], [ -157.78466, 21.27824 ] ] ] } },
{ "type": "Feature", "properties": { "BMP": 1.73061, "EMP": 1.73153, "PREFIX": "SR", "ROUTE": "7801", "ISLAND": "Oahu", "DIRECTION": "+MP", "TYPE": "Sidewalk", "MATERIAL": "Concrete", "LENGTH": 22.0, "NHS": "YES", "Shape_Leng": 6.8344802555299999 }, "geometry": { "type": "MultiLineString", "coordinates": [ [ [ -157.78905, 21.27878 ], [ -157.78903, 21.27884 ] ] ] } },
{ "type": "Feature", "properties": { "BMP": 1.80036, "EMP": 1.80216, "PREFIX": "SR", "ROUTE": "7801", "ISLAND": "Oahu", "DIRECTION": "+MP", "TYPE": "Sidewalk", "MATERIAL": "Concrete", "LENGTH": 9.0, "NHS": "YES", "Shape_Leng": 2.8786714298799998 }, "geometry": { "type": "MultiLineString", "coordinates": [ [ [ -157.78797, 21.27858 ], [ -157.78795, 21.27857 ] ] ] } },
{ "type": "Feature", "properties": { "BMP": 2.013, "EMP": 2.013, "PREFIX": "SR", "ROUTE": "7801", "ISLAND": "Oahu", "DIRECTION": "+MP", "TYPE": "Sidewalk", "MATERIAL": "Concrete", "LENGTH": 9.0, "NHS": "YES", "Shape_Leng": 2.6560069354600002 }, "geometry": { "type": "MultiLineString", "coordinates": [ [ [ -157.78468, 21.27824 ], [ -157.78468, 21.27826 ] ] ] } },
{ "type": "Feature", "properties": { "BMP": 1.41053, "EMP": 1.43355, "PREFIX": "SR", "ROUTE": "7801", "ISLAND": "Oahu", "DIRECTION": "+MP", "TYPE": "Sidewalk", "MATERIAL": "Asphalt", "LENGTH": 122.0, "NHS": "YES", "Shape_Leng": 37.099378796700002 }, "geometry": { "type": "MultiLineString", "coordinates": [ [ [ -157.79373, 21.2799 ], [ -157.79342, 21.27973 ] ] ] } },
{ "type": "Feature", "properties": { "BMP": 1.80061, "EMP": 1.80061, "PREFIX": "SR", "ROUTE": "7801", "ISLAND": "Oahu", "DIRECTION": "+MP", "TYPE": "Sidewalk", "MATERIAL": "Concrete", "LENGTH": 9.0, "NHS": "YES", "Shape_Leng": 2.6053454898799999 }, "geometry": { "type": "MultiLineString", "coordinates": [ [ [ -157.78796, 21.2787 ], [ -157.78795, 21.27872 ] ] ] } },
{ "type": "Feature", "properties": { "BMP": 43.29497, "EMP": 43.25938, "PREFIX": "SR", "ROUTE": "83", "ISLAND": "Oahu", "DIRECTION": "-MP", "TYPE": "Sidewalk", "MATERIAL": "Concrete", "LENGTH": 193.0, "NHS": "YES", "Shape_Leng": 58.921361865000002 }, "geometry": { "type": "MultiLineString", "coordinates": [ [ [ -157.78287, 21.37724 ], [ -157.78329, 21.37758 ] ] ] } },
{ "type": "Feature", "properties": { "BMP": 43.30983, "EMP": 43.30928, "PREFIX": "SR", "ROUTE": "83", "ISLAND": "Oahu", "DIRECTION": "-MP", "TYPE": "Sidewalk", "MATERIAL": "Concrete", "LENGTH": 7.0, "NHS": "YES", "Shape_Leng": 2.0764483248199999 }, "geometry": { "type": "MultiLineString", "coordinates": [ [ [ -157.78278, 21.37703 ], [ -157.78277, 21.37705 ] ] ] } },
{ "type": "Feature", "properties": { "BMP": 43.30985, "EMP": 43.30704, "PREFIX": "SR", "ROUTE": "83", "ISLAND": "Oahu", "DIRECTION": "-MP", "TYPE": "Sidewalk", "MATERIAL": "Concrete", "LENGTH": 17.0, "NHS": "YES", "Shape_Leng": 5.1118654606599998 }, "geometry": { "type": "MultiLineString", "coordinates": [ [ [ -157.78275, 21.37705 ], [ -157.78279, 21.37707 ] ] ] } },
{ "type": "Feature", "properties": { "BMP": 43.30033, "EMP": 43.29744, "PREFIX": "SR", "ROUTE": "83", "ISLAND": "Oahu", "DIRECTION": "-MP", "TYPE": "Sidewalk", "MATERIAL": "Concrete", "LENGTH": 18.0, "NHS": "YES", "Shape_Leng": 5.4965858379899997 }, "geometry": { "type": "MultiLineString", "coordinates": [ [ [ -157.78287, 21.37714 ], [ -157.78289, 21.37718 ] ] ] } },
{ "type": "Feature", "properties": { "BMP": 40.48535, "EMP": 40.47416, "PREFIX": "SR", "ROUTE": "83", "ISLAND": "Oahu", "DIRECTION": "-MP", "TYPE": "Sidewalk", "MATERIAL": "Concrete", "LENGTH": 71.0, "NHS": "YES", "Shape_Leng": 21.727572960900002 }, "geometry": { "type": "MultiLineString", "coordinates": [ [ [ -157.80695, 21.40601 ], [ -157.80687, 21.40618 ] ] ] } },
{ "type": "Feature", "properties": { "BMP": 40.4637, "EMP": 40.15319, "PREFIX": "SR", "ROUTE": "83", "ISLAND": "Oahu", "DIRECTION": "-MP", "TYPE": "Sidewalk", "MATERIAL": "Concrete", "LENGTH": 1682.0, "NHS": "YES", "Shape_Leng": 512.72851037299995 }, "geometry": { "type": "MultiLineString", "coordinates": [ [ [ -157.80688, 21.40633 ], [ -157.80783, 21.41077 ] ] ] } },
{ "type": "Feature", "properties": { "BMP": 40.13794, "EMP": 39.93447, "PREFIX": "SR", "ROUTE": "83", "ISLAND": "Oahu", "DIRECTION": "-MP", "TYPE": "Sidewalk", "MATERIAL": "Concrete", "LENGTH": 1075.0, "NHS": "YES", "Shape_Leng": 327.82671042599998 }, "geometry": { "type": "MultiLineString", "coordinates": [ [ [ -157.80801, 21.41092 ], [ -157.81002, 21.4132 ] ] ] } },
{ "type": "Feature", "properties": { "BMP": 41.92812, "EMP": 41.92069, "PREFIX": "SR", "ROUTE": "83", "ISLAND": "Oahu", "DIRECTION": "-MP", "TYPE": "Sidewalk", "MATERIAL": "Concrete", "LENGTH": 52.0, "NHS": "YES", "Shape_Leng": 15.9602233954 }, "geometry": { "type": "MultiLineString", "coordinates": [ [ [ -157.79628, 21.39244 ], [ -157.7964, 21.3925 ] ] ] } },
{ "type": "Feature", "properties": { "BMP": 39.91387, "EMP": 39.60205, "PREFIX": "SR", "ROUTE": "83", "ISLAND": "Oahu", "DIRECTION": "-MP", "TYPE": "Sidewalk", "MATERIAL": "Concrete", "LENGTH": 1649.0, "NHS": "YES", "Shape_Leng": 502.66882545599998 }, "geometry": { "type": "MultiLineString", "coordinates": [ [ [ -157.81022, 21.41344 ], [ -157.81329, 21.41693 ] ] ] } },
{ "type": "Feature", "properties": { "BMP": 41.82557, "EMP": 41.80182, "PREFIX": "SR", "ROUTE": "83", "ISLAND": "Oahu", "DIRECTION": "-MP", "TYPE": "Sidewalk", "MATERIAL": "Concrete", "LENGTH": 125.0, "NHS": "YES", "Shape_Leng": 37.956544123199997 }, "geometry": { "type": "MultiLineString", "coordinates": [ [ [ -157.79688, 21.39378 ], [ -157.79702, 21.3941 ] ] ] } },
{ "type": "Feature", "properties": { "BMP": 41.85164, "EMP": 41.84312, "PREFIX": "SR", "ROUTE": "83", "ISLAND": "Oahu", "DIRECTION": "-MP", "TYPE": "Sidewalk", "MATERIAL": "Concrete", "LENGTH": 47.0, "NHS": "YES", "Shape_Leng": 14.3468065697 }, "geometry": { "type": "MultiLineString", "coordinates": [ [ [ -157.79678, 21.39343 ], [ -157.79678, 21.39355 ] ] ] } },
{ "type": "Feature", "properties": { "BMP": 41.6651, "EMP": 41.62513, "PREFIX": "SR", "ROUTE": "83", "ISLAND": "Oahu", "DIRECTION": "-MP", "TYPE": "Sidewalk", "MATERIAL": "Concrete", "LENGTH": 236.0, "NHS": "YES", "Shape_Leng": 71.775175703100004 }, "geometry": { "type": "MultiLineString", "coordinates": [ [ [ -157.79728, 21.39607 ], [ -157.79745, 21.39665 ] ] ] } },
{ "type": "Feature", "properties": { "BMP": 41.62265, "EMP": 41.61898, "PREFIX": "SR", "ROUTE": "83", "ISLAND": "Oahu", "DIRECTION": "-MP", "TYPE": "Sidewalk", "MATERIAL": "Concrete", "LENGTH": 20.0, "NHS": "YES", "Shape_Leng": 6.0004584258399998 }, "geometry": { "type": "MultiLineString", "coordinates": [ [ [ -157.79751, 21.39667 ], [ -157.79753, 21.39672 ] ] ] } },
{ "type": "Feature", "properties": { "BMP": 41.61529, "EMP": 41.55026, "PREFIX": "SR", "ROUTE": "83", "ISLAND": "Oahu", "DIRECTION": "-MP", "TYPE": "Sidewalk", "MATERIAL": "Concrete", "LENGTH": 360.0, "NHS": "YES", "Shape_Leng": 109.509669059 }, "geometry": { "type": "MultiLineString", "coordinates": [ [ [ -157.79751, 21.39678 ], [ -157.79784, 21.39768 ] ] ] } },
{ "type": "Feature", "properties": { "BMP": 41.54678, "EMP": 41.54493, "PREFIX": "SR", "ROUTE": "83", "ISLAND": "Oahu", "DIRECTION": "-MP", "TYPE": "Sidewalk", "MATERIAL": "Concrete", "LENGTH": 10.0, "NHS": "YES", "Shape_Leng": 3.0095810817299999 }, "geometry": { "type": "MultiLineString", "coordinates": [ [ [ -157.7979, 21.39771 ], [ -157.79791, 21.39773 ] ] ] } },
{ "type": "Feature", "properties": { "BMP": 41.54066, "EMP": 41.44932, "PREFIX": "SR", "ROUTE": "83", "ISLAND": "Oahu", "DIRECTION": "-MP", "TYPE": "Sidewalk", "MATERIAL": "Concrete", "LENGTH": 496.0, "NHS": "YES", "Shape_Leng": 150.854362038 }, "geometry": { "type": "MultiLineString", "coordinates": [ [ [ -157.79791, 21.3978 ], [ -157.79838, 21.39905 ] ] ] } },
{ "type": "Feature", "properties": { "BMP": 41.44097, "EMP": 41.39008, "PREFIX": "SR", "ROUTE": "83", "ISLAND": "Oahu", "DIRECTION": "-MP", "TYPE": "Sidewalk", "MATERIAL": "Concrete", "LENGTH": 280.0, "NHS": "YES", "Shape_Leng": 85.358036484099998 }, "geometry": { "type": "MultiLineString", "coordinates": [ [ [ -157.79843, 21.39916 ], [ -157.79873, 21.39985 ] ] ] } },
{ "type": "Feature", "properties": { "BMP": 41.37239, "EMP": 41.25882, "PREFIX": "SR", "ROUTE": "83", "ISLAND": "Oahu", "DIRECTION": "-MP", "TYPE": "Sidewalk", "MATERIAL": "Concrete", "LENGTH": 597.0, "NHS": "YES", "Shape_Leng": 181.92388866 }, "geometry": { "type": "MultiLineString", "coordinates": [ [ [ -157.79884, 21.40009 ], [ -157.79944, 21.40163 ] ] ] } },
{ "type": "Feature", "properties": { "BMP": 41.25124, "EMP": 41.18363, "PREFIX": "SR", "ROUTE": "83", "ISLAND": "Oahu", "DIRECTION": "-MP", "TYPE": "Sidewalk", "MATERIAL": "Concrete", "LENGTH": 352.0, "NHS": "YES", "Shape_Leng": 107.30648220800001 }, "geometry": { "type": "MultiLineString", "coordinates": [ [ [ -157.79946, 21.40173 ], [ -157.79942, 21.40266 ] ] ] } },
{ "type": "Feature", "properties": { "BMP": 41.15681, "EMP": 41.15085, "PREFIX": "SR", "ROUTE": "83", "ISLAND": "Oahu", "DIRECTION": "-MP", "TYPE": "Sidewalk", "MATERIAL": "Concrete", "LENGTH": 55.0, "NHS": "YES", "Shape_Leng": 16.7712457093 }, "geometry": { "type": "MultiLineString", "coordinates": [ [ [ -157.79972, 21.40306 ], [ -157.79978, 21.40319 ] ] ] } },
{ "type": "Feature", "properties": { "BMP": 41.14742, "EMP": 41.11298, "PREFIX": "SR", "ROUTE": "83", "ISLAND": "Oahu", "DIRECTION": "-MP", "TYPE": "Sidewalk", "MATERIAL": "Concrete", "LENGTH": 194.0, "NHS": "YES", "Shape_Leng": 58.993690233899997 }, "geometry": { "type": "MultiLineString", "coordinates": [ [ [ -157.79982, 21.40325 ], [ -157.80038, 21.40323 ] ] ] } },
{ "type": "Feature", "properties": { "BMP": 41.10386, "EMP": 40.94453, "PREFIX": "SR", "ROUTE": "83", "ISLAND": "Oahu", "DIRECTION": "-MP", "TYPE": "Sidewalk", "MATERIAL": "Concrete", "LENGTH": 844.0, "NHS": "YES", "Shape_Leng": 257.38134228400003 }, "geometry": { "type": "MultiLineString", "coordinates": [ [ [ -157.80052, 21.40325 ], [ -157.80292, 21.40381 ] ] ] } },
{ "type": "Feature", "properties": { "BMP": 38.1045, "EMP": 38.09548, "PREFIX": "SR", "ROUTE": "83", "ISLAND": "Oahu", "DIRECTION": "-MP", "TYPE": "Sidewalk", "MATERIAL": "Concrete", "LENGTH": 64.0, "NHS": "YES", "Shape_Leng": 19.3818877209 }, "geometry": { "type": "MultiLineString", "coordinates": [ [ [ -157.82595, 21.43501 ], [ -157.82601, 21.43516 ] ] ] } },
{ "type": "Feature", "properties": { "BMP": 38.08402, "EMP": 37.82711, "PREFIX": "SR", "ROUTE": "83", "ISLAND": "Oahu", "DIRECTION": "-MP", "TYPE": "Sidewalk", "MATERIAL": "Concrete", "LENGTH": 1380.0, "NHS": "YES", "Shape_Leng": 420.46841275200001 }, "geometry": { "type": "MultiLineString", "coordinates": [ [ [ -157.82618, 21.43522 ], [ -157.82934, 21.43738 ] ] ] } },
{ "type": "Feature", "properties": { "BMP": 39.5823, "EMP": 39.57696, "PREFIX": "SR", "ROUTE": "83", "ISLAND": "Oahu", "DIRECTION": "-MP", "TYPE": "Sidewalk", "MATERIAL": "Concrete", "LENGTH": 30.0, "NHS": "YES", "Shape_Leng": 9.2704581115700009 }, "geometry": { "type": "MultiLineString", "coordinates": [ [ [ -157.81344, 21.41718 ], [ -157.81352, 21.41722 ] ] ] } },
{ "type": "Feature", "properties": { "BMP": 37.81498, "EMP": 37.811, "PREFIX": "SR", "ROUTE": "83", "ISLAND": "Oahu", "DIRECTION": "-MP", "TYPE": "Sidewalk", "MATERIAL": "Concrete", "LENGTH": 31.0, "NHS": "YES", "Shape_Leng": 9.4293380473199999 }, "geometry": { "type": "MultiLineString", "coordinates": [ [ [ -157.82947, 21.43751 ], [ -157.82956, 21.43751 ] ] ] } },
{ "type": "Feature", "properties": { "BMP": 5.28463, "EMP": 5.28595, "PREFIX": "SR", "ROUTE": "93", "ISLAND": "Oahu", "DIRECTION": "+MP", "TYPE": "Sidewalk", "MATERIAL": "Concrete", "LENGTH": 7.0, "NHS": "YES", "Shape_Leng": 2.2745075887500001 }, "geometry": { "type": "MultiLineString", "coordinates": [ [ [ -158.1449, 21.38107 ], [ -158.14492, 21.38108 ] ] ] } },
{ "type": "Feature", "properties": { "BMP": 5.29389, "EMP": 5.29389, "PREFIX": "SR", "ROUTE": "93", "ISLAND": "Oahu", "DIRECTION": "+MP", "TYPE": "Sidewalk", "MATERIAL": "Concrete", "LENGTH": 4.0, "NHS": "YES", "Shape_Leng": 1.3186276235100001 }, "geometry": { "type": "MultiLineString", "coordinates": [ [ [ -158.14502, 21.38115 ], [ -158.14501, 21.38116 ] ] ] } },
{ "type": "Feature", "properties": { "BMP": 5.29314, "EMP": 5.29504, "PREFIX": "SR", "ROUTE": "93", "ISLAND": "Oahu", "DIRECTION": "+MP", "TYPE": "Sidewalk", "MATERIAL": "Concrete", "LENGTH": 11.0, "NHS": "YES", "Shape_Leng": 3.31221387143 }, "geometry": { "type": "MultiLineString", "coordinates": [ [ [ -158.145, 21.38115 ], [ -158.14501, 21.38118 ] ] ] } },
{ "type": "Feature", "properties": { "BMP": 7.68679, "EMP": 7.93487, "PREFIX": "SR", "ROUTE": "93", "ISLAND": "Oahu", "DIRECTION": "+MP", "TYPE": "Sidewalk", "MATERIAL": "Asphalt", "LENGTH": 1294.0, "NHS": "YES", "Shape_Leng": 394.350590039 }, "geometry": { "type": "MultiLineString", "coordinates": [ [ [ -158.17457, 21.40077 ], [ -158.17651, 21.40372 ] ] ] } },
{ "type": "Feature", "properties": { "BMP": 10.56958, "EMP": 10.66968, "PREFIX": "SR", "ROUTE": "93", "ISLAND": "Oahu", "DIRECTION": "+MP", "TYPE": "Sidewalk", "MATERIAL": "Concrete", "LENGTH": 530.0, "NHS": "YES", "Shape_Leng": 161.565626597 }, "geometry": { "type": "MultiLineString", "coordinates": [ [ [ -158.18593, 21.43945 ], [ -158.1864, 21.44084 ] ] ] } },
{ "type": "Feature", "properties": { "BMP": 10.67502, "EMP": 10.7213, "PREFIX": "SR", "ROUTE": "93", "ISLAND": "Oahu", "DIRECTION": "+MP", "TYPE": "Sidewalk", "MATERIAL": "Concrete", "LENGTH": 249.0, "NHS": "YES", "Shape_Leng": 75.821880398900007 }, "geometry": { "type": "MultiLineString", "coordinates": [ [ [ -158.18642, 21.44092 ], [ -158.18659, 21.44157 ] ] ] } },
{ "type": "Feature", "properties": { "BMP": 1.35691, "EMP": 1.38042, "PREFIX": "SR", "ROUTE": "61", "ISLAND": "Oahu", "DIRECTION": "+MP", "TYPE": "Sidewalk", "MATERIAL": "Concrete", "LENGTH": 120.0, "NHS": "YES", "Shape_Leng": 36.555025153099997 }, "geometry": { "type": "MultiLineString", "coordinates": [ [ [ -157.84534, 21.32858 ], [ -157.8452, 21.32889 ] ] ] } },
{ "type": "Feature", "properties": { "BMP": 1.38787, "EMP": 1.49795, "PREFIX": "SR", "ROUTE": "61", "ISLAND": "Oahu", "DIRECTION": "+MP", "TYPE": "Sidewalk", "MATERIAL": "Concrete", "LENGTH": 574.0, "NHS": "YES", "Shape_Leng": 174.963711588 }, "geometry": { "type": "MultiLineString", "coordinates": [ [ [ -157.84515, 21.32898 ], [ -157.84415, 21.33025 ] ] ] } },
{ "type": "Feature", "properties": { "BMP": 0.38867, "EMP": 0.53383, "PREFIX": "SR", "ROUTE": "7345", "ISLAND": "Oahu", "DIRECTION": "+MP", "TYPE": "Sidewalk", "MATERIAL": "Concrete", "LENGTH": 755.0, "NHS": "YES", "Shape_Leng": 229.59725422 }, "geometry": { "type": "MultiLineString", "coordinates": [ [ [ -157.89399, 21.35394 ], [ -157.89406, 21.35571 ] ] ] } },
{ "type": "Feature", "properties": { "BMP": 1.2122, "EMP": 0.97287, "PREFIX": "SR", "ROUTE": "95", "ISLAND": "Oahu", "DIRECTION": "-MP", "TYPE": "Sidewalk", "MATERIAL": "Concrete", "LENGTH": 1261.0, "NHS": "NO", "Shape_Leng": 384.33776862600001 }, "geometry": { "type": "MultiLineString", "coordinates": [ [ [ -158.09915, 21.31783 ], [ -158.097, 21.32053 ] ] ] } },
{ "type": "Feature", "properties": { "BMP": 0.95932, "EMP": 0.95735, "PREFIX": "SR", "ROUTE": "95", "ISLAND": "Oahu", "DIRECTION": "-MP", "TYPE": "Sidewalk", "MATERIAL": "Concrete", "LENGTH": 23.0, "NHS": "NO", "Shape_Leng": 6.8909727890100001 }, "geometry": { "type": "MultiLineString", "coordinates": [ [ [ -158.0969, 21.32071 ], [ -158.0969, 21.32074 ] ] ] } },
{ "type": "Feature", "properties": { "BMP": 0.95491, "EMP": 0.85311, "PREFIX": "SR", "ROUTE": "95", "ISLAND": "Oahu", "DIRECTION": "-MP", "TYPE": "Sidewalk", "MATERIAL": "Concrete", "LENGTH": 552.0, "NHS": "NO", "Shape_Leng": 168.185361102 }, "geometry": { "type": "MultiLineString", "coordinates": [ [ [ -158.0968, 21.32071 ], [ -158.0957, 21.32177 ] ] ] } },
{ "type": "Feature", "properties": { "BMP": 0.52578, "EMP": 0.52287, "PREFIX": "SR", "ROUTE": "95", "ISLAND": "Oahu", "DIRECTION": "-MP", "TYPE": "Sidewalk", "MATERIAL": "Concrete", "LENGTH": 24.0, "NHS": "NO", "Shape_Leng": 7.2622022082299997 }, "geometry": { "type": "MultiLineString", "coordinates": [ [ [ -158.09214, 21.32516 ], [ -158.09209, 21.32518 ] ] ] } },
{ "type": "Feature", "properties": { "BMP": 0.83244, "EMP": 0.52823, "PREFIX": "SR", "ROUTE": "95", "ISLAND": "Oahu", "DIRECTION": "-MP", "TYPE": "Sidewalk", "MATERIAL": "Concrete", "LENGTH": 1620.0, "NHS": "NO", "Shape_Leng": 493.71938203799999 }, "geometry": { "type": "MultiLineString", "coordinates": [ [ [ -158.09548, 21.32199 ], [ -158.0921, 21.32508 ] ] ] } },
{ "type": "Feature", "properties": { "BMP": 0.51497, "EMP": 0.51195, "PREFIX": "SR", "ROUTE": "95", "ISLAND": "Oahu", "DIRECTION": "-MP", "TYPE": "Sidewalk", "MATERIAL": "Concrete", "LENGTH": 24.0, "NHS": "NO", "Shape_Leng": 7.1902388791899998 }, "geometry": { "type": "MultiLineString", "coordinates": [ [ [ -158.092, 21.3253 ], [ -158.09201, 21.32526 ] ] ] } },
{ "type": "Feature", "properties": { "BMP": 0.25354, "EMP": 0.25408, "PREFIX": "SR", "ROUTE": "95", "ISLAND": "Oahu", "DIRECTION": "+MP", "TYPE": "Sidewalk", "MATERIAL": "Concrete", "LENGTH": 10.0, "NHS": "NO", "Shape_Leng": 3.0627192010900002 }, "geometry": { "type": "MultiLineString", "coordinates": [ [ [ -158.09011, 21.32856 ], [ -158.09013, 21.32857 ] ] ] } },
{ "type": "Feature", "properties": { "BMP": 0.96779, "EMP": 0.97014, "PREFIX": "SR", "ROUTE": "95", "ISLAND": "Oahu", "DIRECTION": "+MP", "TYPE": "Sidewalk", "MATERIAL": "Concrete", "LENGTH": 25.0, "NHS": "NO", "Shape_Leng": 7.5808055676399997 }, "geometry": { "type": "MultiLineString", "coordinates": [ [ [ -158.09723, 21.32084 ], [ -158.09722, 21.32081 ] ] ] } },
{ "type": "Feature", "properties": { "BMP": 0.95701, "EMP": 0.95956, "PREFIX": "SR", "ROUTE": "95", "ISLAND": "Oahu", "DIRECTION": "+MP", "TYPE": "Sidewalk", "MATERIAL": "Concrete", "LENGTH": 25.0, "NHS": "NO", "Shape_Leng": 7.76100677199 }, "geometry": { "type": "MultiLineString", "coordinates": [ [ [ -158.09709, 21.32093 ], [ -158.09714, 21.32093 ] ] ] } },
{ "type": "Feature", "properties": { "BMP": 0.23399, "EMP": 0.24063, "PREFIX": "SR", "ROUTE": "7101", "ISLAND": "Oahu", "DIRECTION": "+MP", "TYPE": "Sidewalk", "MATERIAL": "Concrete", "LENGTH": 39.0, "NHS": "YES", "Shape_Leng": 11.9518617149 }, "geometry": { "type": "MultiLineString", "coordinates": [ [ [ -158.02339, 21.37758 ], [ -158.02329, 21.3776 ] ] ] } },
{ "type": "Feature", "properties": { "BMP": 0.11366, "EMP": 0.15218, "PREFIX": "SR", "ROUTE": "7601", "ISLAND": "Oahu", "DIRECTION": "+MP", "TYPE": "Sidewalk", "MATERIAL": "Concrete", "LENGTH": 203.0, "NHS": "YES", "Shape_Leng": 61.787915438200002 }, "geometry": { "type": "MultiLineString", "coordinates": [ [ [ -157.81455, 21.29025 ], [ -157.81501, 21.2906 ] ] ] } },
{ "type": "Feature", "properties": { "BMP": 0.15243, "EMP": 0.19869, "PREFIX": "SR", "ROUTE": "7601", "ISLAND": "Oahu", "DIRECTION": "+MP", "TYPE": "Sidewalk", "MATERIAL": "Asphalt", "LENGTH": 278.0, "NHS": "YES", "Shape_Leng": 84.669982519200005 }, "geometry": { "type": "MultiLineString", "coordinates": [ [ [ -157.81501, 21.29061 ], [ -157.81574, 21.29087 ] ] ] } },
{ "type": "Feature", "properties": { "BMP": 19.55107, "EMP": 19.55461, "PREFIX": "SR", "ROUTE": "99", "ISLAND": "Oahu", "DIRECTION": "+MP", "TYPE": "Sidewalk", "MATERIAL": "Asphalt", "LENGTH": 18.0, "NHS": "YES", "Shape_Leng": 5.6357961898199997 }, "geometry": { "type": "MultiLineString", "coordinates": [ [ [ -157.95619, 21.38783 ], [ -157.95614, 21.38781 ] ] ] } },
{ "type": "Feature", "properties": { "BMP": 19.55474, "EMP": 19.56219, "PREFIX": "SR", "ROUTE": "99", "ISLAND": "Oahu", "DIRECTION": "+MP", "TYPE": "Sidewalk", "MATERIAL": "Concrete", "LENGTH": 40.0, "NHS": "YES", "Shape_Leng": 12.1464216205 }, "geometry": { "type": "MultiLineString", "coordinates": [ [ [ -157.95614, 21.38781 ], [ -157.95604, 21.38775 ] ] ] } },
{ "type": "Feature", "properties": { "BMP": 3.34833, "EMP": 3.35212, "PREFIX": "SR", "ROUTE": "72", "ISLAND": "Oahu", "DIRECTION": "+MP", "TYPE": "Sidewalk", "MATERIAL": "Concrete", "LENGTH": 21.0, "NHS": "YES", "Shape_Leng": 6.4092939375600002 }, "geometry": { "type": "MultiLineString", "coordinates": [ [ [ -157.72124, 21.34779 ], [ -157.72118, 21.3478 ] ] ] } },
{ "type": "Feature", "properties": { "BMP": 11.48523, "EMP": 11.23153, "PREFIX": "SR", "ROUTE": "93", "ISLAND": "Oahu", "DIRECTION": "-MP", "TYPE": "Sidewalk", "MATERIAL": "Concrete", "LENGTH": 1332.0, "NHS": "YES", "Shape_Leng": 406.13553194799999 }, "geometry": { "type": "MultiLineString", "coordinates": [ [ [ -158.19238, 21.45073 ], [ -158.1896, 21.44818 ] ] ] } },
{ "type": "Feature", "properties": { "BMP": 22.90479, "EMP": 22.11232, "PREFIX": "SR", "ROUTE": "99", "ISLAND": "Oahu", "DIRECTION": "-MP", "TYPE": "Sidewalk", "MATERIAL": "Concrete", "LENGTH": 4183.0, "NHS": "YES", "Shape_Leng": 1274.74580896 }, "geometry": { "type": "MultiLineString", "coordinates": [ [ [ -157.93537, 21.35298 ], [ -157.93733, 21.36412 ] ] ] } },
{ "type": "Feature", "properties": { "BMP": 19.77264, "EMP": 19.72258, "PREFIX": "SR", "ROUTE": "99", "ISLAND": "Oahu", "DIRECTION": "-MP", "TYPE": "Sidewalk", "MATERIAL": "Asphalt", "LENGTH": 264.0, "NHS": "YES", "Shape_Leng": 80.411081472899994 }, "geometry": { "type": "MultiLineString", "coordinates": [ [ [ -157.95243, 21.38642 ], [ -157.95313, 21.38674 ] ] ] } },
{ "type": "Feature", "properties": { "BMP": 19.72244, "EMP": 19.64557, "PREFIX": "SR", "ROUTE": "99", "ISLAND": "Oahu", "DIRECTION": "-MP", "TYPE": "Sidewalk", "MATERIAL": "Concrete", "LENGTH": 408.0, "NHS": "YES", "Shape_Leng": 124.36814627 }, "geometry": { "type": "MultiLineString", "coordinates": [ [ [ -157.95313, 21.38674 ], [ -157.95418, 21.38728 ] ] ] } },
{ "type": "Feature", "properties": { "BMP": 19.40723, "EMP": 19.40445, "PREFIX": "SR", "ROUTE": "99", "ISLAND": "Oahu", "DIRECTION": "-MP", "TYPE": "Sidewalk", "MATERIAL": "Concrete", "LENGTH": 16.0, "NHS": "YES", "Shape_Leng": 4.7582551841400003 }, "geometry": { "type": "MultiLineString", "coordinates": [ [ [ -157.95754, 21.38874 ], [ -157.95757, 21.38877 ] ] ] } },
{ "type": "Feature", "properties": { "BMP": 19.42461, "EMP": 19.40735, "PREFIX": "SR", "ROUTE": "99", "ISLAND": "Oahu", "DIRECTION": "-MP", "TYPE": "Sidewalk", "MATERIAL": "Concrete", "LENGTH": 93.0, "NHS": "YES", "Shape_Leng": 28.446735954200001 }, "geometry": { "type": "MultiLineString", "coordinates": [ [ [ -157.95728, 21.38864 ], [ -157.95753, 21.38873 ] ] ] } },
{ "type": "Feature", "properties": { "BMP": 19.01947, "EMP": 19.01651, "PREFIX": "SR", "ROUTE": "99", "ISLAND": "Oahu", "DIRECTION": "-MP", "TYPE": "Sidewalk", "MATERIAL": "Asphalt", "LENGTH": 16.0, "NHS": "YES", "Shape_Leng": 4.7427416452999998 }, "geometry": { "type": "MultiLineString", "coordinates": [ [ [ -157.96293, 21.39122 ], [ -157.96297, 21.39124 ] ] ] } },
{ "type": "Feature", "properties": { "BMP": 19.01632, "EMP": 19.01268, "PREFIX": "SR", "ROUTE": "99", "ISLAND": "Oahu", "DIRECTION": "-MP", "TYPE": "Sidewalk", "MATERIAL": "Concrete", "LENGTH": 21.0, "NHS": "YES", "Shape_Leng": 6.3848672291800002 }, "geometry": { "type": "MultiLineString", "coordinates": [ [ [ -157.96298, 21.39124 ], [ -157.96302, 21.39128 ] ] ] } },
{ "type": "Feature", "properties": { "BMP": 18.89486, "EMP": 18.72359, "PREFIX": "SR", "ROUTE": "99", "ISLAND": "Oahu", "DIRECTION": "-MP", "TYPE": "Sidewalk", "MATERIAL": "Asphalt", "LENGTH": 906.0, "NHS": "YES", "Shape_Leng": 276.18038736900002 }, "geometry": { "type": "MultiLineString", "coordinates": [ [ [ -157.96467, 21.39201 ], [ -157.96714, 21.39295 ] ] ] } },
{ "type": "Feature", "properties": { "BMP": 8.31063, "EMP": 8.29458, "PREFIX": "SR", "ROUTE": "99", "ISLAND": "Oahu", "DIRECTION": "-MP", "TYPE": "Sidewalk", "MATERIAL": "Concrete", "LENGTH": 85.0, "NHS": "YES", "Shape_Leng": 25.975680474000001 }, "geometry": { "type": "MultiLineString", "coordinates": [ [ [ -158.04922, 21.49399 ], [ -158.04941, 21.49415 ] ] ] } },
{ "type": "Feature", "properties": { "BMP": 6.28557, "EMP": 6.20882, "PREFIX": "SR", "ROUTE": "99", "ISLAND": "Oahu", "DIRECTION": "-MP", "TYPE": "Sidewalk", "MATERIAL": "Concrete", "LENGTH": 405.0, "NHS": "YES", "Shape_Leng": 123.345314413 }, "geometry": { "type": "MultiLineString", "coordinates": [ [ [ -158.03909, 21.51814 ], [ -158.03865, 21.51918 ] ] ] } },
{ "type": "Feature", "properties": { "BMP": 2.60274, "EMP": 2.9422, "PREFIX": "SR", "ROUTE": "76", "ISLAND": "Oahu", "DIRECTION": "+MP", "TYPE": "Sidewalk", "MATERIAL": "Asphalt", "LENGTH": 1784.0, "NHS": "NO", "Shape_Leng": 543.71387425399996 }, "geometry": { "type": "MultiLineString", "coordinates": [ [ [ -158.02039, 21.32918 ], [ -158.02263, 21.33359 ] ] ] } },
{ "type": "Feature", "properties": { "BMP": 2.9826, "EMP": 3.49472, "PREFIX": "SR", "ROUTE": "76", "ISLAND": "Oahu", "DIRECTION": "+MP", "TYPE": "Sidewalk", "MATERIAL": "Asphalt", "LENGTH": 2707.0, "NHS": "NO", "Shape_Leng": 825.18990005900002 }, "geometry": { "type": "MultiLineString", "coordinates": [ [ [ -158.02288, 21.33413 ], [ -158.02478, 21.34136 ] ] ] } },
{ "type": "Feature", "properties": { "BMP": 10.1039, "EMP": 10.05455, "PREFIX": "SR", "ROUTE": "61", "ISLAND": "Oahu", "DIRECTION": "-MP", "TYPE": "Sidewalk", "MATERIAL": "Asphalt", "LENGTH": 260.0, "NHS": "YES", "Shape_Leng": 79.358136142299998 }, "geometry": { "type": "MultiLineString", "coordinates": [ [ [ -157.75007, 21.3876 ], [ -157.75059, 21.38708 ] ] ] } },
{ "type": "Feature", "properties": { "BMP": 10.04505, "EMP": 9.95414, "PREFIX": "SR", "ROUTE": "61", "ISLAND": "Oahu", "DIRECTION": "-MP", "TYPE": "Sidewalk", "MATERIAL": "Asphalt", "LENGTH": 480.0, "NHS": "YES", "Shape_Leng": 146.30089420100001 }, "geometry": { "type": "MultiLineString", "coordinates": [ [ [ -157.75069, 21.38697 ], [ -157.7516, 21.38596 ] ] ] } },
{ "type": "Feature", "properties": { "BMP": 5.53576, "EMP": 4.85845, "PREFIX": "SR", "ROUTE": "76", "ISLAND": "Oahu", "DIRECTION": "-MP", "TYPE": "Sidewalk", "MATERIAL": "Concrete", "LENGTH": 3575.0, "NHS": "NO", "Shape_Leng": 1089.4194494799999 }, "geometry": { "type": "MultiLineString", "coordinates": [ [ [ -158.02631, 21.3697 ], [ -158.02937, 21.36053 ] ] ] } },
{ "type": "Feature", "properties": { "BMP": 1.81686, "EMP": 1.73585, "PREFIX": "SR", "ROUTE": "61", "ISLAND": "Oahu", "DIRECTION": "-MP", "TYPE": "Sidewalk", "MATERIAL": "Concrete", "LENGTH": 430.0, "NHS": "YES", "Shape_Leng": 130.92707893799999 }, "geometry": { "type": "MultiLineString", "coordinates": [ [ [ -157.84142, 21.33417 ], [ -157.84212, 21.33319 ] ] ] } },
{ "type": "Feature", "properties": { "BMP": 1.65384, "EMP": 1.57899, "PREFIX": "SR", "ROUTE": "61", "ISLAND": "Oahu", "DIRECTION": "-MP", "TYPE": "Sidewalk", "MATERIAL": "Concrete", "LENGTH": 395.0, "NHS": "YES", "Shape_Leng": 120.277217734 }, "geometry": { "type": "MultiLineString", "coordinates": [ [ [ -157.84287, 21.33224 ], [ -157.84359, 21.33138 ] ] ] } },
{ "type": "Feature", "properties": { "BMP": 1.57254, "EMP": 1.54578, "PREFIX": "SR", "ROUTE": "61", "ISLAND": "Oahu", "DIRECTION": "-MP", "TYPE": "Sidewalk", "MATERIAL": "Concrete", "LENGTH": 146.0, "NHS": "YES", "Shape_Leng": 44.519632278400003 }, "geometry": { "type": "MultiLineString", "coordinates": [ [ [ -157.84365, 21.33131 ], [ -157.84394, 21.33103 ] ] ] } },
{ "type": "Feature", "properties": { "BMP": 0.37823, "EMP": 0.33312, "PREFIX": "SR", "ROUTE": "61", "ISLAND": "Oahu", "DIRECTION": "-MP", "TYPE": "Sidewalk", "MATERIAL": "Concrete", "LENGTH": 238.0, "NHS": "YES", "Shape_Leng": 72.592569899200001 }, "geometry": { "type": "MultiLineString", "coordinates": [ [ [ -157.85247, 21.31708 ], [ -157.85289, 21.31656 ] ] ] } },
{ "type": "Feature", "properties": { "BMP": 0.32677, "EMP": 0.30174, "PREFIX": "SR", "ROUTE": "61", "ISLAND": "Oahu", "DIRECTION": "-MP", "TYPE": "Sidewalk", "MATERIAL": "Concrete", "LENGTH": 132.0, "NHS": "YES", "Shape_Leng": 40.146698729000001 }, "geometry": { "type": "MultiLineString", "coordinates": [ [ [ -157.85295, 21.31648 ], [ -157.8532, 21.31621 ] ] ] } },
{ "type": "Feature", "properties": { "BMP": 1.72875, "EMP": 1.68844, "PREFIX": "SR", "ROUTE": "61", "ISLAND": "Oahu", "DIRECTION": "-MP", "TYPE": "Sidewalk", "MATERIAL": "Concrete", "LENGTH": 212.0, "NHS": "YES", "Shape_Leng": 64.517242127299994 }, "geometry": { "type": "MultiLineString", "coordinates": [ [ [ -157.84219, 21.33311 ], [ -157.84255, 21.33264 ] ] ] } },
{ "type": "Feature", "properties": { "BMP": 1.6819, "EMP": 1.6583, "PREFIX": "SR", "ROUTE": "61", "ISLAND": "Oahu", "DIRECTION": "-MP", "TYPE": "Sidewalk", "MATERIAL": "Concrete", "LENGTH": 124.0, "NHS": "YES", "Shape_Leng": 37.794874868299999 }, "geometry": { "type": "MultiLineString", "coordinates": [ [ [ -157.84261, 21.33256 ], [ -157.84283, 21.33229 ] ] ] } },
{ "type": "Feature", "properties": { "BMP": 17.93912, "EMP": 17.90741, "PREFIX": "SR", "ROUTE": "72", "ISLAND": "Oahu", "DIRECTION": "-MP", "TYPE": "Sidewalk", "MATERIAL": "Concrete", "LENGTH": 167.0, "NHS": "YES", "Shape_Leng": 51.042687015399999 }, "geometry": { "type": "MultiLineString", "coordinates": [ [ [ -157.77206, 21.27677 ], [ -157.77157, 21.27668 ] ] ] } },
{ "type": "Feature", "properties": { "BMP": 0.39814, "EMP": 0.51194, "PREFIX": "SR", "ROUTE": "95", "ISLAND": "Oahu", "DIRECTION": "+MP", "TYPE": "Sidewalk", "MATERIAL": "Concrete", "LENGTH": 611.0, "NHS": "NO", "Shape_Leng": 186.32758766500001 }, "geometry": { "type": "MultiLineString", "coordinates": [ [ [ -158.09102, 21.3267 ], [ -158.09227, 21.32556 ] ] ] } },
{ "type": "Feature", "properties": { "BMP": 0.52507, "EMP": 0.95655, "PREFIX": "SR", "ROUTE": "95", "ISLAND": "Oahu", "DIRECTION": "+MP", "TYPE": "Sidewalk", "MATERIAL": "Concrete", "LENGTH": 2312.0, "NHS": "NO", "Shape_Leng": 704.679119227 }, "geometry": { "type": "MultiLineString", "coordinates": [ [ [ -158.09242, 21.32543 ], [ -158.09719, 21.32104 ] ] ] } },
{ "type": "Feature", "properties": { "BMP": 0.97167, "EMP": 1.21564, "PREFIX": "SR", "ROUTE": "95", "ISLAND": "Oahu", "DIRECTION": "+MP", "TYPE": "Sidewalk", "MATERIAL": "Concrete", "LENGTH": 1325.0, "NHS": "NO", "Shape_Leng": 403.98474502900001 }, "geometry": { "type": "MultiLineString", "coordinates": [ [ [ -158.09734, 21.32087 ], [ -158.09958, 21.31796 ] ] ] } },
{ "type": "Feature", "properties": { "BMP": 0.16076, "EMP": 0.25083, "PREFIX": "SR", "ROUTE": "95", "ISLAND": "Oahu", "DIRECTION": "+MP", "TYPE": "Sidewalk", "MATERIAL": "Concrete", "LENGTH": 477.0, "NHS": "NO", "Shape_Leng": 145.46058294100001 }, "geometry": { "type": "MultiLineString", "coordinates": [ [ [ -158.08988, 21.32989 ], [ -158.09017, 21.32862 ] ] ] } },
{ "type": "Feature", "properties": { "BMP": 0.28047, "EMP": 0.38865, "PREFIX": "SR", "ROUTE": "95", "ISLAND": "Oahu", "DIRECTION": "+MP", "TYPE": "Sidewalk", "MATERIAL": "Concrete", "LENGTH": 571.0, "NHS": "NO", "Shape_Leng": 174.14492751500001 }, "geometry": { "type": "MultiLineString", "coordinates": [ [ [ -158.0903, 21.32822 ], [ -158.09094, 21.32681 ] ] ] } },
{ "type": "Feature", "properties": { "BMP": 2.5052, "EMP": 2.50354, "PREFIX": "SR", "ROUTE": "64", "ISLAND": "Oahu", "DIRECTION": "-MP", "TYPE": "Sidewalk", "MATERIAL": "Asphalt", "LENGTH": 9.0, "NHS": "YES", "Shape_Leng": 2.6736586249499998 }, "geometry": { "type": "MultiLineString", "coordinates": [ [ [ -157.8879, 21.32752 ], [ -157.88792, 21.32751 ] ] ] } },
{ "type": "Feature", "properties": { "BMP": 2.57663, "EMP": 2.55536, "PREFIX": "SR", "ROUTE": "64", "ISLAND": "Oahu", "DIRECTION": "-MP", "TYPE": "Sidewalk", "MATERIAL": "Asphalt", "LENGTH": 117.0, "NHS": "YES", "Shape_Leng": 35.5869917005 }, "geometry": { "type": "MultiLineString", "coordinates": [ [ [ -157.88727, 21.32839 ], [ -157.88746, 21.32813 ] ] ] } },
{ "type": "Feature", "properties": { "BMP": 2.50302, "EMP": 2.49856, "PREFIX": "SR", "ROUTE": "64", "ISLAND": "Oahu", "DIRECTION": "-MP", "TYPE": "Sidewalk", "MATERIAL": "Concrete", "LENGTH": 30.0, "NHS": "YES", "Shape_Leng": 9.0249713911799994 }, "geometry": { "type": "MultiLineString", "coordinates": [ [ [ -157.88793, 21.3275 ], [ -157.88801, 21.32748 ] ] ] } },
{ "type": "Feature", "properties": { "BMP": 14.79482, "EMP": 14.67782, "PREFIX": "SR", "ROUTE": "72", "ISLAND": "Oahu", "DIRECTION": "-MP", "TYPE": "Sidewalk", "MATERIAL": "Concrete", "LENGTH": 626.0, "NHS": "YES", "Shape_Leng": 190.73666487200001 }, "geometry": { "type": "MultiLineString", "coordinates": [ [ [ -157.72491, 21.28536 ], [ -157.72315, 21.28579 ] ] ] } },
{ "type": "Feature", "properties": { "BMP": 1.21829, "EMP": 1.22026, "PREFIX": "SR", "ROUTE": "95", "ISLAND": "Oahu", "DIRECTION": "+MP", "TYPE": "Sidewalk", "MATERIAL": "Concrete", "LENGTH": 24.0, "NHS": "NO", "Shape_Leng": 7.2082831484999996 }, "geometry": { "type": "MultiLineString", "coordinates": [ [ [ -158.09951, 21.31789 ], [ -158.09955, 21.31788 ] ] ] } },
{ "type": "Feature", "properties": { "BMP": 2.31645, "EMP": 2.3145, "PREFIX": "SR", "ROUTE": "64", "ISLAND": "Oahu", "DIRECTION": "-MP", "TYPE": "Sidewalk", "MATERIAL": "Concrete", "LENGTH": 33.0, "NHS": "YES", "Shape_Leng": 10.027554545699999 }, "geometry": { "type": "MultiLineString", "coordinates": [ [ [ -157.88968, 21.32535 ], [ -157.88976, 21.32537 ] ] ] } },
{ "type": "Feature", "properties": { "BMP": 2.13561, "EMP": 2.13328, "PREFIX": "SR", "ROUTE": "64", "ISLAND": "Oahu", "DIRECTION": "-MP", "TYPE": "Sidewalk", "MATERIAL": "Concrete", "LENGTH": 16.0, "NHS": "YES", "Shape_Leng": 4.7417244633399998 }, "geometry": { "type": "MultiLineString", "coordinates": [ [ [ -157.89134, 21.32323 ], [ -157.89138, 21.32322 ] ] ] } },
{ "type": "Feature", "properties": { "BMP": 1.22855, "EMP": 1.23047, "PREFIX": "SR", "ROUTE": "95", "ISLAND": "Oahu", "DIRECTION": "+MP", "TYPE": "Sidewalk", "MATERIAL": "Concrete", "LENGTH": 23.0, "NHS": "NO", "Shape_Leng": 6.8596538123400004 }, "geometry": { "type": "MultiLineString", "coordinates": [ [ [ -158.09957, 21.31772 ], [ -158.09959, 21.31776 ] ] ] } },
{ "type": "Feature", "properties": { "BMP": 0.42669, "EMP": 0.20439, "PREFIX": "SR", "ROUTE": "64", "ISLAND": "Oahu", "DIRECTION": "-MP", "TYPE": "Sidewalk", "MATERIAL": "Concrete", "LENGTH": 1163.0, "NHS": "YES", "Shape_Leng": 354.65653411099998 }, "geometry": { "type": "MultiLineString", "coordinates": [ [ [ -157.87669, 21.30625 ], [ -157.87368, 21.30521 ] ] ] } },
{ "type": "Feature", "properties": { "BMP": 7.35895, "EMP": 7.3144, "PREFIX": "SR", "ROUTE": "750", "ISLAND": "Oahu", "DIRECTION": "-MP", "TYPE": "Sidewalk", "MATERIAL": "Concrete", "LENGTH": 237.0, "NHS": "YES", "Shape_Leng": 72.096231394100002 }, "geometry": { "type": "MultiLineString", "coordinates": [ [ [ -158.04794, 21.48258 ], [ -158.04823, 21.48199 ] ] ] } },
{ "type": "Feature", "properties": { "BMP": 3.72082, "EMP": 3.95412, "PREFIX": "SR", "ROUTE": "92", "ISLAND": "Oahu", "DIRECTION": "+MP", "TYPE": "Sidewalk", "MATERIAL": "Asphalt", "LENGTH": 1197.0, "NHS": "YES", "Shape_Leng": 365.04560665299999 }, "geometry": { "type": "MultiLineString", "coordinates": [ [ [ -157.88933, 21.33206 ], [ -157.88717, 21.32953 ] ] ] } },
{ "type": "Feature", "properties": { "BMP": 3.95423, "EMP": 3.96211, "PREFIX": "SR", "ROUTE": "92", "ISLAND": "Oahu", "DIRECTION": "+MP", "TYPE": "Sidewalk", "MATERIAL": "Asphalt", "LENGTH": 42.0, "NHS": "YES", "Shape_Leng": 12.7118891159 }, "geometry": { "type": "MultiLineString", "coordinates": [ [ [ -157.88717, 21.32953 ], [ -157.88713, 21.32942 ] ] ] } },
{ "type": "Feature", "properties": { "BMP": 4.71062, "EMP": 4.71291, "PREFIX": "SR", "ROUTE": "92", "ISLAND": "Oahu", "DIRECTION": "+MP", "TYPE": "Sidewalk", "MATERIAL": "Concrete", "LENGTH": 13.0, "NHS": "YES", "Shape_Leng": 3.9437787927599999 }, "geometry": { "type": "MultiLineString", "coordinates": [ [ [ -157.87939, 21.32138 ], [ -157.87937, 21.32135 ] ] ] } },
{ "type": "Feature", "properties": { "BMP": 17.6477, "EMP": 17.64072, "PREFIX": "SR", "ROUTE": "72", "ISLAND": "Oahu", "DIRECTION": "-MP", "TYPE": "Sidewalk", "MATERIAL": "Concrete", "LENGTH": 44.0, "NHS": "YES", "Shape_Leng": 13.376745785800001 }, "geometry": { "type": "MultiLineString", "coordinates": [ [ [ -157.76762, 21.27595 ], [ -157.76753, 21.27588 ] ] ] } },
{ "type": "Feature", "properties": { "BMP": 17.3698, "EMP": 17.35519, "PREFIX": "SR", "ROUTE": "72", "ISLAND": "Oahu", "DIRECTION": "-MP", "TYPE": "Sidewalk", "MATERIAL": "Concrete", "LENGTH": 77.0, "NHS": "YES", "Shape_Leng": 23.441581230299999 }, "geometry": { "type": "MultiLineString", "coordinates": [ [ [ -157.76331, 21.2761 ], [ -157.76308, 21.27613 ] ] ] } },
{ "type": "Feature", "properties": { "BMP": 17.34835, "EMP": 17.3337, "PREFIX": "SR", "ROUTE": "72", "ISLAND": "Oahu", "DIRECTION": "-MP", "TYPE": "Sidewalk", "MATERIAL": "Other", "LENGTH": 77.0, "NHS": "YES", "Shape_Leng": 23.571761025600001 }, "geometry": { "type": "MultiLineString", "coordinates": [ [ [ -157.76298, 21.27614 ], [ -157.76275, 21.27617 ] ] ] } },
{ "type": "Feature", "properties": { "BMP": 16.98352, "EMP": 16.981, "PREFIX": "SR", "ROUTE": "72", "ISLAND": "Oahu", "DIRECTION": "-MP", "TYPE": "Sidewalk", "MATERIAL": "Concrete", "LENGTH": 13.0, "NHS": "YES", "Shape_Leng": 4.0404579595100003 }, "geometry": { "type": "MultiLineString", "coordinates": [ [ [ -157.75739, 21.27705 ], [ -157.75735, 21.27706 ] ] ] } },
{ "type": "Feature", "properties": { "BMP": 16.97726, "EMP": 16.97567, "PREFIX": "SR", "ROUTE": "72", "ISLAND": "Oahu", "DIRECTION": "-MP", "TYPE": "Sidewalk", "MATERIAL": "Concrete", "LENGTH": 8.0, "NHS": "YES", "Shape_Leng": 2.5618062789799998 }, "geometry": { "type": "MultiLineString", "coordinates": [ [ [ -157.7573, 21.27708 ], [ -157.75727, 21.27708 ] ] ] } },
{ "type": "Feature", "properties": { "BMP": 13.86037, "EMP": 13.80833, "PREFIX": "SR", "ROUTE": "72", "ISLAND": "Oahu", "DIRECTION": "-MP", "TYPE": "Sidewalk", "MATERIAL": "Concrete", "LENGTH": 272.0, "NHS": "YES", "Shape_Leng": 83.056865091800006 }, "geometry": { "type": "MultiLineString", "coordinates": [ [ [ -157.71191, 21.28147 ], [ -157.71123, 21.28107 ] ] ] } },
{ "type": "Feature", "properties": { "BMP": 2.30484, "EMP": 2.30181, "PREFIX": "SR", "ROUTE": "64", "ISLAND": "Oahu", "DIRECTION": "-MP", "TYPE": "Sidewalk", "MATERIAL": "Concrete", "LENGTH": 24.0, "NHS": "YES", "Shape_Leng": 7.2431093218099996 }, "geometry": { "type": "MultiLineString", "coordinates": [ [ [ -157.88981, 21.32523 ], [ -157.88979, 21.32516 ] ] ] } },
{ "type": "Feature", "properties": { "BMP": 6.30475, "EMP": 6.22234, "PREFIX": "SR", "ROUTE": "83", "ISLAND": "Oahu", "DIRECTION": "-MP", "TYPE": "Sidewalk", "MATERIAL": "Concrete", "LENGTH": 428.0, "NHS": "YES", "Shape_Leng": 130.42762873699999 }, "geometry": { "type": "MultiLineString", "coordinates": [ [ [ -158.0627, 21.64783 ], [ -158.06295, 21.64668 ] ] ] } },
{ "type": "Feature", "properties": { "BMP": 6.22214, "EMP": 6.12667, "PREFIX": "SR", "ROUTE": "83", "ISLAND": "Oahu", "DIRECTION": "-MP", "TYPE": "Sidewalk", "MATERIAL": "Asphalt", "LENGTH": 502.0, "NHS": "YES", "Shape_Leng": 152.90136181599999 }, "geometry": { "type": "MultiLineString", "coordinates": [ [ [ -158.06295, 21.64667 ], [ -158.06353, 21.6454 ] ] ] } },
{ "type": "Feature", "properties": { "BMP": 5.89371, "EMP": 5.66189, "PREFIX": "SR", "ROUTE": "83", "ISLAND": "Oahu", "DIRECTION": "-MP", "TYPE": "Sidewalk", "MATERIAL": "Concrete", "LENGTH": 1220.0, "NHS": "YES", "Shape_Leng": 371.808538172 }, "geometry": { "type": "MultiLineString", "coordinates": [ [ [ -158.06272, 21.64237 ], [ -158.0601, 21.64024 ] ] ] } },
{ "type": "Feature", "properties": { "BMP": 9.4181, "EMP": 9.41097, "PREFIX": "SR", "ROUTE": "92", "ISLAND": "Oahu", "DIRECTION": "-MP", "TYPE": "Sidewalk", "MATERIAL": "Other", "LENGTH": 50.0, "NHS": "YES", "Shape_Leng": 15.2439470017 }, "geometry": { "type": "MultiLineString", "coordinates": [ [ [ -157.83327, 21.28601 ], [ -157.83331, 21.28588 ] ] ] } },
{ "type": "Feature", "properties": { "BMP": 9.2531, "EMP": 9.25176, "PREFIX": "SR", "ROUTE": "92", "ISLAND": "Oahu", "DIRECTION": "-MP", "TYPE": "Sidewalk", "MATERIAL": "Concrete", "LENGTH": 14.0, "NHS": "YES", "Shape_Leng": 4.1806815873199996 }, "geometry": { "type": "MultiLineString", "coordinates": [ [ [ -157.83556, 21.28516 ], [ -157.83558, 21.28518 ] ] ] } },
{ "type": "Feature", "properties": { "BMP": 9.25385, "EMP": 9.25316, "PREFIX": "SR", "ROUTE": "92", "ISLAND": "Oahu", "DIRECTION": "-MP", "TYPE": "Sidewalk", "MATERIAL": "Concrete", "LENGTH": 5.0, "NHS": "YES", "Shape_Leng": 1.48808228614 }, "geometry": { "type": "MultiLineString", "coordinates": [ [ [ -157.83555, 21.28519 ], [ -157.83556, 21.28518 ] ] ] } },
{ "type": "Feature", "properties": { "BMP": 8.60679, "EMP": 8.57458, "PREFIX": "SR", "ROUTE": "92", "ISLAND": "Oahu", "DIRECTION": "-MP", "TYPE": "Sidewalk", "MATERIAL": "Concrete", "LENGTH": 178.0, "NHS": "YES", "Shape_Leng": 54.215115632600003 }, "geometry": { "type": "MultiLineString", "coordinates": [ [ [ -157.84293, 21.28952 ], [ -157.8434, 21.28971 ] ] ] } },
{ "type": "Feature", "properties": { "BMP": 8.6544, "EMP": 8.61238, "PREFIX": "SR", "ROUTE": "92", "ISLAND": "Oahu", "DIRECTION": "-MP", "TYPE": "Sidewalk", "MATERIAL": "Concrete", "LENGTH": 222.0, "NHS": "YES", "Shape_Leng": 67.748306423499997 }, "geometry": { "type": "MultiLineString", "coordinates": [ [ [ -157.84221, 21.28934 ], [ -157.84284, 21.2895 ] ] ] } },
{ "type": "Feature", "properties": { "BMP": 8.56126, "EMP": 8.55894, "PREFIX": "SR", "ROUTE": "92", "ISLAND": "Oahu", "DIRECTION": "-MP", "TYPE": "Sidewalk", "MATERIAL": "Concrete", "LENGTH": 13.0, "NHS": "YES", "Shape_Leng": 4.0739564488299997 }, "geometry": { "type": "MultiLineString", "coordinates": [ [ [ -157.84361, 21.28971 ], [ -157.84364, 21.28973 ] ] ] } },
{ "type": "Feature", "properties": { "BMP": 8.55999, "EMP": 8.55999, "PREFIX": "SR", "ROUTE": "92", "ISLAND": "Oahu", "DIRECTION": "-MP", "TYPE": "Sidewalk", "MATERIAL": "Concrete", "LENGTH": 10.0, "NHS": "YES", "Shape_Leng": 2.9336627289099999 }, "geometry": { "type": "MultiLineString", "coordinates": [ [ [ -157.84363, 21.2897 ], [ -157.84363, 21.28972 ] ] ] } },
{ "type": "Feature", "properties": { "BMP": 7.86012, "EMP": 7.85698, "PREFIX": "SR", "ROUTE": "92", "ISLAND": "Oahu", "DIRECTION": "-MP", "TYPE": "Sidewalk", "MATERIAL": "Concrete", "LENGTH": 17.0, "NHS": "YES", "Shape_Leng": 5.0620199020500003 }, "geometry": { "type": "MultiLineString", "coordinates": [ [ [ -157.85376, 21.29306 ], [ -157.8538, 21.29309 ] ] ] } },
{ "type": "Feature", "properties": { "BMP": 7.85893, "EMP": 7.85837, "PREFIX": "SR", "ROUTE": "92", "ISLAND": "Oahu", "DIRECTION": "-MP", "TYPE": "Sidewalk", "MATERIAL": "Concrete", "LENGTH": 10.0, "NHS": "YES", "Shape_Leng": 3.1080406056099998 }, "geometry": { "type": "MultiLineString", "coordinates": [ [ [ -157.85377, 21.29307 ], [ -157.8538, 21.29305 ] ] ] } },
{ "type": "Feature", "properties": { "BMP": 7.58269, "EMP": 7.57874, "PREFIX": "SR", "ROUTE": "92", "ISLAND": "Oahu", "DIRECTION": "-MP", "TYPE": "Sidewalk", "MATERIAL": "Concrete", "LENGTH": 21.0, "NHS": "YES", "Shape_Leng": 6.5194481010900001 }, "geometry": { "type": "MultiLineString", "coordinates": [ [ [ -157.85753, 21.29501 ], [ -157.85759, 21.29502 ] ] ] } },
{ "type": "Feature", "properties": { "BMP": 7.58135, "EMP": 7.58101, "PREFIX": "SR", "ROUTE": "92", "ISLAND": "Oahu", "DIRECTION": "-MP", "TYPE": "Sidewalk", "MATERIAL": "Concrete", "LENGTH": 7.0, "NHS": "YES", "Shape_Leng": 2.17480536365 }, "geometry": { "type": "MultiLineString", "coordinates": [ [ [ -157.85757, 21.29499 ], [ -157.85756, 21.295 ] ] ] } },
{ "type": "Feature", "properties": { "BMP": 5.88085, "EMP": 5.85337, "PREFIX": "SR", "ROUTE": "92", "ISLAND": "Oahu", "DIRECTION": "-MP", "TYPE": "Sidewalk", "MATERIAL": "Concrete", "LENGTH": 145.0, "NHS": "YES", "Shape_Leng": 44.206390454999998 }, "geometry": { "type": "MultiLineString", "coordinates": [ [ [ -157.8668, 21.3152 ], [ -157.86718, 21.31502 ] ] ] } },
{ "type": "Feature", "properties": { "BMP": 5.84457, "EMP": 5.60361, "PREFIX": "SR", "ROUTE": "92", "ISLAND": "Oahu", "DIRECTION": "-MP", "TYPE": "Sidewalk", "MATERIAL": "Concrete", "LENGTH": 1253.0, "NHS": "YES", "Shape_Leng": 381.94463906499999 }, "geometry": { "type": "MultiLineString", "coordinates": [ [ [ -157.86731, 21.31496 ], [ -157.87072, 21.31376 ] ] ] } },
{ "type": "Feature", "properties": { "BMP": 2.10634, "EMP": 2.11111, "PREFIX": "SR", "ROUTE": "64", "ISLAND": "Oahu", "DIRECTION": "+MP", "TYPE": "Sidewalk", "MATERIAL": "Asphalt", "LENGTH": 25.0, "NHS": "YES", "Shape_Leng": 7.6750385983899996 }, "geometry": { "type": "MultiLineString", "coordinates": [ [ [ -157.89131, 21.32282 ], [ -157.89125, 21.32287 ] ] ] } },
{ "type": "Feature", "properties": { "BMP": 2.11145, "EMP": 2.11324, "PREFIX": "SR", "ROUTE": "64", "ISLAND": "Oahu", "DIRECTION": "+MP", "TYPE": "Sidewalk", "MATERIAL": "Concrete", "LENGTH": 11.0, "NHS": "YES", "Shape_Leng": 3.24993301063 }, "geometry": { "type": "MultiLineString", "coordinates": [ [ [ -157.89125, 21.32287 ], [ -157.89122, 21.32288 ] ] ] } },
{ "type": "Feature", "properties": { "BMP": 0.97357, "EMP": 0.99486, "PREFIX": "SR", "ROUTE": "98", "ISLAND": "Oahu", "DIRECTION": "+MP", "TYPE": "Sidewalk", "MATERIAL": "Asphalt", "LENGTH": 115.0, "NHS": "YES", "Shape_Leng": 34.991118144700003 }, "geometry": { "type": "MultiLineString", "coordinates": [ [ [ -157.85776, 21.31418 ], [ -157.85754, 21.31395 ] ] ] } },
{ "type": "Feature", "properties": { "BMP": 0.99546, "EMP": 1.08959, "PREFIX": "SR", "ROUTE": "98", "ISLAND": "Oahu", "DIRECTION": "+MP", "TYPE": "Sidewalk", "MATERIAL": "Concrete", "LENGTH": 500.0, "NHS": "YES", "Shape_Leng": 152.425453672 }, "geometry": { "type": "MultiLineString", "coordinates": [ [ [ -157.85754, 21.31394 ], [ -157.8567, 21.31283 ] ] ] } },
{ "type": "Feature", "properties": { "BMP": 36.19108, "EMP": 36.12278, "PREFIX": "SR", "ROUTE": "83", "ISLAND": "Oahu", "DIRECTION": "-MP", "TYPE": "Sidewalk", "MATERIAL": "Concrete", "LENGTH": 361.0, "NHS": "YES", "Shape_Leng": 109.881293736 }, "geometry": { "type": "MultiLineString", "coordinates": [ [ [ -157.83927, 21.45835 ], [ -157.84009, 21.45898 ] ] ] } },
{ "type": "Feature", "properties": { "BMP": 7.0675, "EMP": 7.01217, "PREFIX": "SR", "ROUTE": "83", "ISLAND": "Oahu", "DIRECTION": "-MP", "TYPE": "Shared-use path", "MATERIAL": "Asphalt", "LENGTH": 302.0, "NHS": "YES", "Shape_Leng": 92.085129961999996 }, "geometry": { "type": "MultiLineString", "coordinates": [ [ [ -158.05784, 21.65793 ], [ -158.05823, 21.6572 ] ] ] } },
{ "type": "Feature", "properties": { "BMP": 9.54114, "EMP": 9.54763, "PREFIX": "SR", "ROUTE": "83", "ISLAND": "Oahu", "DIRECTION": "+MP", "TYPE": "Sidewalk", "MATERIAL": "Concrete", "LENGTH": 39.0, "NHS": "YES", "Shape_Leng": 11.881508634 }, "geometry": { "type": "MultiLineString", "coordinates": [ [ [ -158.03004, 21.68271 ], [ -158.02994, 21.68274 ] ] ] } },
{ "type": "Feature", "properties": { "BMP": 9.55397, "EMP": 9.55752, "PREFIX": "SR", "ROUTE": "83", "ISLAND": "Oahu", "DIRECTION": "+MP", "TYPE": "Sidewalk", "MATERIAL": "Concrete", "LENGTH": 24.0, "NHS": "YES", "Shape_Leng": 7.4480344720699998 }, "geometry": { "type": "MultiLineString", "coordinates": [ [ [ -158.02985, 21.68279 ], [ -158.02983, 21.68285 ] ] ] } },
{ "type": "Feature", "properties": { "BMP": 1.56717, "EMP": 1.53005, "PREFIX": "SR", "ROUTE": "95", "ISLAND": "Oahu", "DIRECTION": "-MP", "TYPE": "Sidewalk", "MATERIAL": "Concrete", "LENGTH": 201.0, "NHS": "NO", "Shape_Leng": 61.3491184473 }, "geometry": { "type": "MultiLineString", "coordinates": [ [ [ -158.1001, 21.31337 ], [ -158.09952, 21.31333 ] ] ] } },
{ "type": "Feature", "properties": { "BMP": 1.22904, "EMP": 1.22691, "PREFIX": "SR", "ROUTE": "95", "ISLAND": "Oahu", "DIRECTION": "-MP", "TYPE": "Sidewalk", "MATERIAL": "Concrete", "LENGTH": 19.0, "NHS": "NO", "Shape_Leng": 5.8201687817699996 }, "geometry": { "type": "MultiLineString", "coordinates": [ [ [ -158.09928, 21.31762 ], [ -158.09927, 21.31765 ] ] ] } },
{ "type": "Feature", "properties": { "BMP": 1.21761, "EMP": 1.21528, "PREFIX": "SR", "ROUTE": "95", "ISLAND": "Oahu", "DIRECTION": "-MP", "TYPE": "Sidewalk", "MATERIAL": "Concrete", "LENGTH": 20.0, "NHS": "NO", "Shape_Leng": 6.0460850618100004 }, "geometry": { "type": "MultiLineString", "coordinates": [ [ [ -158.09923, 21.31777 ], [ -158.09921, 21.3178 ] ] ] } },
{ "type": "Feature", "properties": { "BMP": 0.97038, "EMP": 0.96805, "PREFIX": "SR", "ROUTE": "95", "ISLAND": "Oahu", "DIRECTION": "-MP", "TYPE": "Sidewalk", "MATERIAL": "Concrete", "LENGTH": 19.0, "NHS": "NO", "Shape_Leng": 5.8329993303099998 }, "geometry": { "type": "MultiLineString", "coordinates": [ [ [ -158.09702, 21.32059 ], [ -158.09699, 21.32062 ] ] ] } },
{ "type": "Feature", "properties": { "BMP": 0.84449, "EMP": 0.84165, "PREFIX": "SR", "ROUTE": "95", "ISLAND": "Oahu", "DIRECTION": "-MP", "TYPE": "Sidewalk", "MATERIAL": "Concrete", "LENGTH": 15.0, "NHS": "NO", "Shape_Leng": 4.5714441088499997 }, "geometry": { "type": "MultiLineString", "coordinates": [ [ [ -158.09562, 21.32188 ], [ -158.09559, 21.3219 ] ] ] } },
{ "type": "Feature", "properties": { "BMP": 0.50817, "EMP": 0.39055, "PREFIX": "SR", "ROUTE": "95", "ISLAND": "Oahu", "DIRECTION": "-MP", "TYPE": "Sidewalk", "MATERIAL": "Concrete", "LENGTH": 630.0, "NHS": "NO", "Shape_Leng": 192.18276082 }, "geometry": { "type": "MultiLineString", "coordinates": [ [ [ -158.09191, 21.3253 ], [ -158.09071, 21.32662 ] ] ] } },
{ "type": "Feature", "properties": { "BMP": 0.38142, "EMP": 0.27776, "PREFIX": "SR", "ROUTE": "95", "ISLAND": "Oahu", "DIRECTION": "-MP", "TYPE": "Sidewalk", "MATERIAL": "Concrete", "LENGTH": 566.0, "NHS": "NO", "Shape_Leng": 172.53197914899999 }, "geometry": { "type": "MultiLineString", "coordinates": [ [ [ -158.09063, 21.32673 ], [ -158.08986, 21.3281 ] ] ] } },
{ "type": "Feature", "properties": { "BMP": 0.24763, "EMP": 0.15724, "PREFIX": "SR", "ROUTE": "95", "ISLAND": "Oahu", "DIRECTION": "-MP", "TYPE": "Sidewalk", "MATERIAL": "Concrete", "LENGTH": 484.0, "NHS": "NO", "Shape_Leng": 147.59747391600001 }, "geometry": { "type": "MultiLineString", "coordinates": [ [ [ -158.08977, 21.32854 ], [ -158.08959, 21.32986 ] ] ] } },
{ "type": "Feature", "properties": { "BMP": 15.88364, "EMP": 15.88713, "PREFIX": "SR", "ROUTE": "83", "ISLAND": "Oahu", "DIRECTION": "+MP", "TYPE": "Sidewalk", "MATERIAL": "Asphalt", "LENGTH": 18.0, "NHS": "YES", "Shape_Leng": 5.6184227391299997 }, "geometry": { "type": "MultiLineString", "coordinates": [ [ [ -157.94516, 21.67492 ], [ -157.94512, 21.67489 ] ] ] } },
{ "type": "Feature", "properties": { "BMP": 15.89168, "EMP": 15.91133, "PREFIX": "SR", "ROUTE": "83", "ISLAND": "Oahu", "DIRECTION": "+MP", "TYPE": "Sidewalk", "MATERIAL": "Asphalt", "LENGTH": 105.0, "NHS": "YES", "Shape_Leng": 32.020484134 }, "geometry": { "type": "MultiLineString", "coordinates": [ [ [ -157.94506, 21.67486 ], [ -157.9448, 21.67469 ] ] ] } },
{ "type": "Feature", "properties": { "BMP": 15.97074, "EMP": 16.04304, "PREFIX": "SR", "ROUTE": "83", "ISLAND": "Oahu", "DIRECTION": "+MP", "TYPE": "Sidewalk", "MATERIAL": "Asphalt", "LENGTH": 382.0, "NHS": "YES", "Shape_Leng": 116.454216028 }, "geometry": { "type": "MultiLineString", "coordinates": [ [ [ -157.94404, 21.67421 ], [ -157.9431, 21.67363 ] ] ] } },
{ "type": "Feature", "properties": { "BMP": 15.93919, "EMP": 15.96585, "PREFIX": "SR", "ROUTE": "83", "ISLAND": "Oahu", "DIRECTION": "+MP", "TYPE": "Sidewalk", "MATERIAL": "Asphalt", "LENGTH": 141.0, "NHS": "YES", "Shape_Leng": 42.973253775000003 }, "geometry": { "type": "MultiLineString", "coordinates": [ [ [ -157.94444, 21.67447 ], [ -157.9441, 21.67426 ] ] ] } },
{ "type": "Feature", "properties": { "BMP": 15.9162, "EMP": 15.93594, "PREFIX": "SR", "ROUTE": "83", "ISLAND": "Oahu", "DIRECTION": "+MP", "TYPE": "Sidewalk", "MATERIAL": "Asphalt", "LENGTH": 104.0, "NHS": "YES", "Shape_Leng": 31.8025855739 }, "geometry": { "type": "MultiLineString", "coordinates": [ [ [ -157.94474, 21.67466 ], [ -157.94449, 21.6745 ] ] ] } },
{ "type": "Feature", "properties": { "BMP": 17.83284, "EMP": 17.83435, "PREFIX": "SR", "ROUTE": "83", "ISLAND": "Oahu", "DIRECTION": "+MP", "TYPE": "Sidewalk", "MATERIAL": "Concrete", "LENGTH": 13.0, "NHS": "YES", "Shape_Leng": 3.83653171007 }, "geometry": { "type": "MultiLineString", "coordinates": [ [ [ -157.92851, 21.65202 ], [ -157.92849, 21.65202 ] ] ] } },
{ "type": "Feature", "properties": { "BMP": 17.82381, "EMP": 17.82482, "PREFIX": "SR", "ROUTE": "83", "ISLAND": "Oahu", "DIRECTION": "+MP", "TYPE": "Sidewalk", "MATERIAL": "Concrete", "LENGTH": 6.0, "NHS": "YES", "Shape_Leng": 1.75194925212 }, "geometry": { "type": "MultiLineString", "coordinates": [ [ [ -157.92862, 21.65212 ], [ -157.9286, 21.65211 ] ] ] } },
{ "type": "Feature", "properties": { "BMP": 18.30197, "EMP": 18.33384, "PREFIX": "SR", "ROUTE": "83", "ISLAND": "Oahu", "DIRECTION": "+MP", "TYPE": "Sidewalk", "MATERIAL": "Concrete", "LENGTH": 172.0, "NHS": "YES", "Shape_Leng": 52.571075197200003 }, "geometry": { "type": "MultiLineString", "coordinates": [ [ [ -157.92285, 21.64805 ], [ -157.92254, 21.64768 ] ] ] } },
{ "type": "Feature", "properties": { "BMP": 21.57614, "EMP": 21.59552, "PREFIX": "SR", "ROUTE": "83", "ISLAND": "Oahu", "DIRECTION": "+MP", "TYPE": "Sidewalk", "MATERIAL": "Asphalt", "LENGTH": 105.0, "NHS": "YES", "Shape_Leng": 31.955450928800001 }, "geometry": { "type": "MultiLineString", "coordinates": [ [ [ -157.90804, 21.60739 ], [ -157.90778, 21.60725 ] ] ] } },
{ "type": "Feature", "properties": { "BMP": 18.76891, "EMP": 18.77063, "PREFIX": "SR", "ROUTE": "83", "ISLAND": "Oahu", "DIRECTION": "+MP", "TYPE": "Sidewalk", "MATERIAL": "Concrete", "LENGTH": 9.0, "NHS": "YES", "Shape_Leng": 2.7633348418299999 }, "geometry": { "type": "MultiLineString", "coordinates": [ [ [ -157.91986, 21.64276 ], [ -157.91986, 21.64274 ] ] ] } },
{ "type": "Feature", "properties": { "BMP": 18.43427, "EMP": 18.43742, "PREFIX": "SR", "ROUTE": "83", "ISLAND": "Oahu", "DIRECTION": "+MP", "TYPE": "Sidewalk", "MATERIAL": "Concrete", "LENGTH": 17.0, "NHS": "YES", "Shape_Leng": 5.1709519515100002 }, "geometry": { "type": "MultiLineString", "coordinates": [ [ [ -157.9212, 21.64693 ], [ -157.92115, 21.64691 ] ] ] } },
{ "type": "Feature", "properties": { "BMP": 37.8099, "EMP": 37.8099, "PREFIX": "SR", "ROUTE": "83", "ISLAND": "Oahu", "DIRECTION": "+MP", "TYPE": "Sidewalk", "MATERIAL": "Concrete", "LENGTH": 5.0, "NHS": "YES", "Shape_Leng": 1.55535370873 }, "geometry": { "type": "MultiLineString", "coordinates": [ [ [ -157.82968, 21.43738 ], [ -157.82967, 21.43738 ] ] ] } },
{ "type": "Feature", "properties": { "BMP": 37.82609, "EMP": 37.83138, "PREFIX": "SR", "ROUTE": "83", "ISLAND": "Oahu", "DIRECTION": "+MP", "TYPE": "Sidewalk", "MATERIAL": "Concrete", "LENGTH": 31.0, "NHS": "YES", "Shape_Leng": 9.4779780534900002 }, "geometry": { "type": "MultiLineString", "coordinates": [ [ [ -157.82955, 21.43717 ], [ -157.82947, 21.43713 ] ] ] } },
{ "type": "Feature", "properties": { "BMP": 41.5781, "EMP": 41.5781, "PREFIX": "SR", "ROUTE": "83", "ISLAND": "Oahu", "DIRECTION": "+MP", "TYPE": "Sidewalk", "MATERIAL": "Concrete", "LENGTH": 5.0, "NHS": "YES", "Shape_Leng": 1.48725773492 }, "geometry": { "type": "MultiLineString", "coordinates": [ [ [ -157.79978, 21.40283 ], [ -157.79979, 21.40281 ] ] ] } },
{ "type": "Feature", "properties": { "BMP": 36.12302, "EMP": 36.18468, "PREFIX": "SR", "ROUTE": "83", "ISLAND": "Oahu", "DIRECTION": "+MP", "TYPE": "Sidewalk", "MATERIAL": "Concrete", "LENGTH": 326.0, "NHS": "YES", "Shape_Leng": 99.295434827799994 }, "geometry": { "type": "MultiLineString", "coordinates": [ [ [ -157.84012, 21.45886 ], [ -157.83938, 21.45829 ] ] ] } },
{ "type": "Feature", "properties": { "BMP": 43.72936, "EMP": 43.9097, "PREFIX": "SR", "ROUTE": "83", "ISLAND": "Oahu", "DIRECTION": "+MP", "TYPE": "Sidewalk", "MATERIAL": "Asphalt", "LENGTH": 943.0, "NHS": "YES", "Shape_Leng": 287.023740363 }, "geometry": { "type": "MultiLineString", "coordinates": [ [ [ -157.78286, 21.37692 ], [ -157.78093, 21.37506 ] ] ] } },
{ "type": "Feature", "properties": { "BMP": 10.01492, "EMP": 10.01492, "PREFIX": "SR", "ROUTE": "99", "ISLAND": "Oahu", "DIRECTION": "+MP", "TYPE": "Sidewalk", "MATERIAL": "Concrete", "LENGTH": 7.0, "NHS": "YES", "Shape_Leng": 2.05837639151 }, "geometry": { "type": "MultiLineString", "coordinates": [ [ [ -158.02793, 21.48662 ], [ -158.02795, 21.48662 ] ] ] } },
{ "type": "Feature", "properties": { "BMP": 9.09544, "EMP": 9.10403, "PREFIX": "SR", "ROUTE": "99", "ISLAND": "Oahu", "DIRECTION": "+MP", "TYPE": "Sidewalk", "MATERIAL": "Concrete", "LENGTH": 58.0, "NHS": "YES", "Shape_Leng": 17.6571662148 }, "geometry": { "type": "MultiLineString", "coordinates": [ [ [ -158.03947, 21.48853 ], [ -158.03934, 21.48846 ] ] ] } },
{ "type": "Feature", "properties": { "BMP": 9.36423, "EMP": 9.36423, "PREFIX": "SR", "ROUTE": "99", "ISLAND": "Oahu", "DIRECTION": "+MP", "TYPE": "Sidewalk", "MATERIAL": "Concrete", "LENGTH": 7.0, "NHS": "YES", "Shape_Leng": 2.1069601444 }, "geometry": { "type": "MultiLineString", "coordinates": [ [ [ -158.03537, 21.48921 ], [ -158.03537, 21.48923 ] ] ] } },
{ "type": "Feature", "properties": { "BMP": 11.69944, "EMP": 11.69944, "PREFIX": "SR", "ROUTE": "99", "ISLAND": "Oahu", "DIRECTION": "+MP", "TYPE": "Sidewalk", "MATERIAL": "Concrete", "LENGTH": 31.0, "NHS": "YES", "Shape_Leng": 9.3077616919100006 }, "geometry": { "type": "MultiLineString", "coordinates": [ [ [ -158.02363, 21.4625 ], [ -158.02354, 21.46252 ] ] ] } },
{ "type": "Feature", "properties": { "BMP": 11.69943, "EMP": 11.7028, "PREFIX": "SR", "ROUTE": "99", "ISLAND": "Oahu", "DIRECTION": "+MP", "TYPE": "Sidewalk", "MATERIAL": "Asphalt", "LENGTH": 23.0, "NHS": "YES", "Shape_Leng": 6.9549068905500002 }, "geometry": { "type": "MultiLineString", "coordinates": [ [ [ -158.0238, 21.46245 ], [ -158.02379, 21.4624 ] ] ] } },
{ "type": "Feature", "properties": { "BMP": 12.37092, "EMP": 12.37159, "PREFIX": "SR", "ROUTE": "99", "ISLAND": "Oahu", "DIRECTION": "+MP", "TYPE": "Sidewalk", "MATERIAL": "Concrete", "LENGTH": 15.0, "NHS": "YES", "Shape_Leng": 4.4937818715800004 }, "geometry": { "type": "MultiLineString", "coordinates": [ [ [ -158.01665, 21.45613 ], [ -158.01661, 21.45613 ] ] ] } },
{ "type": "Feature", "properties": { "BMP": 15.8617, "EMP": 15.86302, "PREFIX": "SR", "ROUTE": "99", "ISLAND": "Oahu", "DIRECTION": "+MP", "TYPE": "Sidewalk", "MATERIAL": "Concrete", "LENGTH": 7.0, "NHS": "YES", "Shape_Leng": 2.1421969750200001 }, "geometry": { "type": "MultiLineString", "coordinates": [ [ [ -158.00004, 21.4105 ], [ -158.00005, 21.41052 ] ] ] } },
{ "type": "Feature", "properties": { "BMP": 18.56131, "EMP": 18.56131, "PREFIX": "SR", "ROUTE": "99", "ISLAND": "Oahu", "DIRECTION": "+MP", "TYPE": "Sidewalk", "MATERIAL": "Concrete", "LENGTH": 6.0, "NHS": "YES", "Shape_Leng": 1.88134523283 }, "geometry": { "type": "MultiLineString", "coordinates": [ [ [ -157.97012, 21.39385 ], [ -157.97013, 21.39384 ] ] ] } },
{ "type": "Feature", "properties": { "BMP": 18.7169, "EMP": 18.7169, "PREFIX": "SR", "ROUTE": "99", "ISLAND": "Oahu", "DIRECTION": "+MP", "TYPE": "Sidewalk", "MATERIAL": "Concrete", "LENGTH": 6.0, "NHS": "YES", "Shape_Leng": 1.78288817654 }, "geometry": { "type": "MultiLineString", "coordinates": [ [ [ -157.96785, 21.39307 ], [ -157.96786, 21.39305 ] ] ] } },
{ "type": "Feature", "properties": { "BMP": 19.55732, "EMP": 19.55732, "PREFIX": "SR", "ROUTE": "99", "ISLAND": "Oahu", "DIRECTION": "+MP", "TYPE": "Sidewalk", "MATERIAL": "Concrete", "LENGTH": 8.0, "NHS": "YES", "Shape_Leng": 2.3393563232200001 }, "geometry": { "type": "MultiLineString", "coordinates": [ [ [ -157.95604, 21.38791 ], [ -157.95605, 21.38789 ] ] ] } },
{ "type": "Feature", "properties": { "BMP": 20.06648, "EMP": 20.06658, "PREFIX": "SR", "ROUTE": "99", "ISLAND": "Oahu", "DIRECTION": "+MP", "TYPE": "Sidewalk", "MATERIAL": "Concrete", "LENGTH": 6.0, "NHS": "YES", "Shape_Leng": 1.7733122589500001 }, "geometry": { "type": "MultiLineString", "coordinates": [ [ [ -157.94892, 21.38471 ], [ -157.94892, 21.38469 ] ] ] } },
{ "type": "Feature", "properties": { "BMP": 20.26145, "EMP": 20.26145, "PREFIX": "SR", "ROUTE": "99", "ISLAND": "Oahu", "DIRECTION": "+MP", "TYPE": "Sidewalk", "MATERIAL": "Concrete", "LENGTH": 6.0, "NHS": "YES", "Shape_Leng": 1.9247862526599999 }, "geometry": { "type": "MultiLineString", "coordinates": [ [ [ -157.9462, 21.38348 ], [ -157.9462, 21.38346 ] ] ] } },
{ "type": "Feature", "properties": { "BMP": 20.65243, "EMP": 20.65243, "PREFIX": "SR", "ROUTE": "99", "ISLAND": "Oahu", "DIRECTION": "+MP", "TYPE": "Sidewalk", "MATERIAL": "Concrete", "LENGTH": 13.0, "NHS": "YES", "Shape_Leng": 3.9262441766 }, "geometry": { "type": "MultiLineString", "coordinates": [ [ [ -157.94075, 21.38097 ], [ -157.94076, 21.38094 ] ] ] } },
{ "type": "Feature", "properties": { "BMP": 20.73121, "EMP": 20.73129, "PREFIX": "SR", "ROUTE": "99", "ISLAND": "Oahu", "DIRECTION": "+MP", "TYPE": "Sidewalk", "MATERIAL": "Concrete", "LENGTH": 5.0, "NHS": "YES", "Shape_Leng": 1.6591986173 }, "geometry": { "type": "MultiLineString", "coordinates": [ [ [ -157.93966, 21.38044 ], [ -157.93967, 21.38043 ] ] ] } },
{ "type": "Feature", "properties": { "BMP": 20.894, "EMP": 20.894, "PREFIX": "SR", "ROUTE": "99", "ISLAND": "Oahu", "DIRECTION": "+MP", "TYPE": "Sidewalk", "MATERIAL": "Concrete", "LENGTH": 16.0, "NHS": "YES", "Shape_Leng": 4.9565962643899999 }, "geometry": { "type": "MultiLineString", "coordinates": [ [ [ -157.93737, 21.37944 ], [ -157.93739, 21.3794 ] ] ] } },
{ "type": "Feature", "properties": { "BMP": 20.91903, "EMP": 20.97337, "PREFIX": "SR", "ROUTE": "99", "ISLAND": "Oahu", "DIRECTION": "+MP", "TYPE": "Sidewalk", "MATERIAL": "Asphalt", "LENGTH": 282.0, "NHS": "YES", "Shape_Leng": 86.077875776900001 }, "geometry": { "type": "MultiLineString", "coordinates": [ [ [ -157.93717, 21.37905 ], [ -157.9365, 21.37859 ] ] ] } },
{ "type": "Feature", "properties": { "BMP": 20.91102, "EMP": 20.91871, "PREFIX": "SR", "ROUTE": "99", "ISLAND": "Oahu", "DIRECTION": "+MP", "TYPE": "Sidewalk", "MATERIAL": "Concrete", "LENGTH": 42.0, "NHS": "YES", "Shape_Leng": 12.911398007600001 }, "geometry": { "type": "MultiLineString", "coordinates": [ [ [ -157.93727, 21.37912 ], [ -157.93717, 21.37905 ] ] ] } },
{ "type": "Feature", "properties": { "BMP": 21.55336, "EMP": 21.55336, "PREFIX": "SR", "ROUTE": "99", "ISLAND": "Oahu", "DIRECTION": "+MP", "TYPE": "Sidewalk", "MATERIAL": "Concrete", "LENGTH": 6.0, "NHS": "YES", "Shape_Leng": 1.70886335649 }, "geometry": { "type": "MultiLineString", "coordinates": [ [ [ -157.93367, 21.3719 ], [ -157.93368, 21.37191 ] ] ] } },
{ "type": "Feature", "properties": { "BMP": 0.59899, "EMP": 0.74417, "PREFIX": "SR", "ROUTE": "8918", "ISLAND": "Oahu", "DIRECTION": "+MP", "TYPE": "Sidewalk", "MATERIAL": "Concrete", "LENGTH": 759.0, "NHS": "NO", "Shape_Leng": 231.19262441800001 }, "geometry": { "type": "MultiLineString", "coordinates": [ [ [ -158.08316, 21.33541 ], [ -158.08319, 21.33747 ] ] ] } },
{ "type": "Feature", "properties": { "BMP": 2.90844, "EMP": 2.91115, "PREFIX": "SR", "ROUTE": "92", "ISLAND": "Oahu", "DIRECTION": "+MP", "TYPE": "Sidewalk", "MATERIAL": "Concrete", "LENGTH": 25.0, "NHS": "YES", "Shape_Leng": 7.65952662717 }, "geometry": { "type": "MultiLineString", "coordinates": [ [ [ -157.90134, 21.33492 ], [ -157.90129, 21.33495 ] ] ] } },
{ "type": "Feature", "properties": { "BMP": 3.31015, "EMP": 3.31621, "PREFIX": "SR", "ROUTE": "92", "ISLAND": "Oahu", "DIRECTION": "+MP", "TYPE": "Sidewalk", "MATERIAL": "Concrete", "LENGTH": 32.0, "NHS": "YES", "Shape_Leng": 9.7211161852700005 }, "geometry": { "type": "MultiLineString", "coordinates": [ [ [ -157.89532, 21.3337 ], [ -157.89523, 21.33368 ] ] ] } },
{ "type": "Feature", "properties": { "BMP": 3.12183, "EMP": 3.25379, "PREFIX": "SR", "ROUTE": "92", "ISLAND": "Oahu", "DIRECTION": "+MP", "TYPE": "Sidewalk", "MATERIAL": "Concrete", "LENGTH": 645.0, "NHS": "YES", "Shape_Leng": 196.649503775 }, "geometry": { "type": "MultiLineString", "coordinates": [ [ [ -157.89806, 21.33444 ], [ -157.89624, 21.33396 ] ] ] } },
{ "type": "Feature", "properties": { "BMP": 3.26311, "EMP": 3.27243, "PREFIX": "SR", "ROUTE": "92", "ISLAND": "Oahu", "DIRECTION": "+MP", "TYPE": "Sidewalk", "MATERIAL": "Concrete", "LENGTH": 286.0, "NHS": "YES", "Shape_Leng": 87.132747344199998 }, "geometry": { "type": "MultiLineString", "coordinates": [ [ [ -157.89624, 21.33396 ], [ -157.89544, 21.33373 ] ] ] } },
{ "type": "Feature", "properties": { "BMP": 3.6702, "EMP": 3.72041, "PREFIX": "SR", "ROUTE": "92", "ISLAND": "Oahu", "DIRECTION": "+MP", "TYPE": "Sidewalk", "MATERIAL": "Concrete", "LENGTH": 217.0, "NHS": "YES", "Shape_Leng": 66.274944517500003 }, "geometry": { "type": "MultiLineString", "coordinates": [ [ [ -157.8899, 21.33234 ], [ -157.88934, 21.33205 ] ] ] } },
{ "type": "Feature", "properties": { "BMP": 4.94934, "EMP": 4.94934, "PREFIX": "SR", "ROUTE": "92", "ISLAND": "Oahu", "DIRECTION": "+MP", "TYPE": "Sidewalk", "MATERIAL": "Asphalt", "LENGTH": 6.0, "NHS": "YES", "Shape_Leng": 1.8028584786699999 }, "geometry": { "type": "MultiLineString", "coordinates": [ [ [ -157.87647, 21.31925 ], [ -157.87646, 21.31925 ] ] ] } },
{ "type": "Feature", "properties": { "BMP": 5.72435, "EMP": 5.72454, "PREFIX": "SR", "ROUTE": "92", "ISLAND": "Oahu", "DIRECTION": "+MP", "TYPE": "Sidewalk", "MATERIAL": "Concrete", "LENGTH": 18.0, "NHS": "YES", "Shape_Leng": 5.3503151681599999 }, "geometry": { "type": "MultiLineString", "coordinates": [ [ [ -157.86825, 21.31369 ], [ -157.86826, 21.31374 ] ] ] } },
{ "type": "Feature", "properties": { "BMP": 5.73004, "EMP": 5.73554, "PREFIX": "SR", "ROUTE": "92", "ISLAND": "Oahu", "DIRECTION": "+MP", "TYPE": "Sidewalk", "MATERIAL": "Concrete", "LENGTH": 29.0, "NHS": "YES", "Shape_Leng": 8.8169946012300002 }, "geometry": { "type": "MultiLineString", "coordinates": [ [ [ -157.86817, 21.31373 ], [ -157.86809, 21.31376 ] ] ] } },
{ "type": "Feature", "properties": { "BMP": 5.91362, "EMP": 5.91431, "PREFIX": "SR", "ROUTE": "92", "ISLAND": "Oahu", "DIRECTION": "+MP", "TYPE": "Sidewalk", "MATERIAL": "Concrete", "LENGTH": 22.0, "NHS": "YES", "Shape_Leng": 6.7480393028499996 }, "geometry": { "type": "MultiLineString", "coordinates": [ [ [ -157.86552, 21.31378 ], [ -157.86549, 21.31383 ] ] ] } },
{ "type": "Feature", "properties": { "BMP": 0.01608, "EMP": 0.02598, "PREFIX": "SR", "ROUTE": "901", "ISLAND": "Oahu", "DIRECTION": "+MP", "TYPE": "Sidewalk", "MATERIAL": "Concrete", "LENGTH": 52.0, "NHS": "YES", "Shape_Leng": 15.916750009899999 }, "geometry": { "type": "MultiLineString", "coordinates": [ [ [ -158.06781, 21.32497 ], [ -158.06791, 21.32508 ] ] ] } },
{ "type": "Feature", "properties": { "BMP": 0.39331, "EMP": 0.09194, "PREFIX": "SR", "ROUTE": "901", "ISLAND": "Oahu", "DIRECTION": "-MP", "TYPE": "Sidewalk", "MATERIAL": "Other", "LENGTH": 1595.0, "NHS": "YES", "Shape_Leng": 486.23439051499997 }, "geometry": { "type": "MultiLineString", "coordinates": [ [ [ -158.07164, 21.32923 ], [ -158.06885, 21.32573 ] ] ] } },
{ "type": "Feature", "properties": { "BMP": 2.45514, "EMP": 1.74617, "PREFIX": "SR", "ROUTE": "8930", "ISLAND": "Oahu", "DIRECTION": "-MP", "TYPE": "Sidewalk", "MATERIAL": "Concrete", "LENGTH": 3709.0, "NHS": "YES", "Shape_Leng": 1130.51135432 }, "geometry": { "type": "MultiLineString", "coordinates": [ [ [ -158.0512, 21.33616 ], [ -158.05146, 21.34534 ] ] ] } },
{ "type": "Feature", "properties": { "BMP": 1.68166, "EMP": 0.81786, "PREFIX": "SR", "ROUTE": "8930", "ISLAND": "Oahu", "DIRECTION": "-MP", "TYPE": "Sidewalk", "MATERIAL": "Concrete", "LENGTH": 4604.0, "NHS": "YES", "Shape_Leng": 1403.4919550499999 }, "geometry": { "type": "MultiLineString", "coordinates": [ [ [ -158.05084, 21.34608 ], [ -158.05109, 21.35809 ] ] ] } },
{ "type": "Feature", "properties": { "BMP": 0.79458, "EMP": 0.45326, "PREFIX": "SR", "ROUTE": "8930", "ISLAND": "Oahu", "DIRECTION": "-MP", "TYPE": "Sidewalk", "MATERIAL": "Concrete", "LENGTH": 1810.0, "NHS": "YES", "Shape_Leng": 551.71141844199997 }, "geometry": { "type": "MultiLineString", "coordinates": [ [ [ -158.05128, 21.35838 ], [ -158.05497, 21.36195 ] ] ] } },
{ "type": "Feature", "properties": { "BMP": 0.81545, "EMP": 2.45157, "PREFIX": "SR", "ROUTE": "8930", "ISLAND": "Oahu", "DIRECTION": "+MP", "TYPE": "Sidewalk", "MATERIAL": "Concrete", "LENGTH": 8631.0, "NHS": "YES", "Shape_Leng": 2630.7845941800001 }, "geometry": { "type": "MultiLineString", "coordinates": [ [ [ -158.05149, 21.35788 ], [ -158.05166, 21.33604 ] ] ] } },
{ "type": "Feature", "properties": { "BMP": 2.4652, "EMP": 2.4652, "PREFIX": "SR", "ROUTE": "8930", "ISLAND": "Oahu", "DIRECTION": "+MP", "TYPE": "Sidewalk", "MATERIAL": "Concrete", "LENGTH": 299.0, "NHS": "YES", "Shape_Leng": 91.094570639400004 }, "geometry": { "type": "MultiLineString", "coordinates": [ [ [ -158.04963, 21.33392 ], [ -158.05044, 21.33362 ] ] ] } },
{ "type": "Feature", "properties": { "BMP": 0.72073, "EMP": 0.58621, "PREFIX": "SR", "ROUTE": "8930", "ISLAND": "Oahu", "DIRECTION": "-MP", "TYPE": "Shared-use path", "MATERIAL": "Concrete", "LENGTH": 722.0, "NHS": "YES", "Shape_Leng": 219.95048628399999 }, "geometry": { "type": "MultiLineString", "coordinates": [ [ [ -158.05189, 21.35932 ], [ -158.0534, 21.36071 ] ] ] } },
{ "type": "Feature", "properties": { "BMP": 2.0482, "EMP": 2.04303, "PREFIX": "SR", "ROUTE": "8940", "ISLAND": "Oahu", "DIRECTION": "-MP", "TYPE": "Sidewalk", "MATERIAL": "Concrete", "LENGTH": 29.0, "NHS": "NO", "Shape_Leng": 8.7851011107999994 }, "geometry": { "type": "MultiLineString", "coordinates": [ [ [ -158.06753, 21.32467 ], [ -158.06746, 21.32472 ] ] ] } },
{ "type": "Feature", "properties": { "BMP": 2.62306, "EMP": 2.62853, "PREFIX": "SR", "ROUTE": "61", "ISLAND": "Oahu", "DIRECTION": "+MP", "TYPE": "Sidewalk", "MATERIAL": "Concrete", "LENGTH": 32.0, "NHS": "YES", "Shape_Leng": 9.8238676662700009 }, "geometry": { "type": "MultiLineString", "coordinates": [ [ [ -157.8325, 21.34239 ], [ -157.83251, 21.34231 ] ] ] } },
{ "type": "Feature", "properties": { "BMP": 2.63228, "EMP": 2.63329, "PREFIX": "SR", "ROUTE": "61", "ISLAND": "Oahu", "DIRECTION": "+MP", "TYPE": "Sidewalk", "MATERIAL": "Concrete", "LENGTH": 5.0, "NHS": "YES", "Shape_Leng": 1.6106665231299999 }, "geometry": { "type": "MultiLineString", "coordinates": [ [ [ -157.83245, 21.34245 ], [ -157.83246, 21.34244 ] ] ] } },
{ "type": "Feature", "properties": { "BMP": 10.21417, "EMP": 10.53521, "PREFIX": "SR", "ROUTE": "61", "ISLAND": "Oahu", "DIRECTION": "+MP", "TYPE": "Sidewalk", "MATERIAL": "Concrete", "LENGTH": 1689.0, "NHS": "YES", "Shape_Leng": 514.80865369200001 }, "geometry": { "type": "MultiLineString", "coordinates": [ [ [ -157.74868, 21.38877 ], [ -157.74599, 21.39256 ] ] ] } },
{ "type": "Feature", "properties": { "BMP": 3.56265, "EMP": 3.56661, "PREFIX": "SR", "ROUTE": "72", "ISLAND": "Oahu", "DIRECTION": "+MP", "TYPE": "Sidewalk", "MATERIAL": "Concrete", "LENGTH": 24.0, "NHS": "YES", "Shape_Leng": 7.4008945432099997 }, "geometry": { "type": "MultiLineString", "coordinates": [ [ [ -157.71796, 21.34727 ], [ -157.7179, 21.34729 ] ] ] } },
{ "type": "Feature", "properties": { "BMP": 16.4658, "EMP": 16.47876, "PREFIX": "SR", "ROUTE": "72", "ISLAND": "Oahu", "DIRECTION": "+MP", "TYPE": "Sidewalk", "MATERIAL": "Concrete", "LENGTH": 68.0, "NHS": "YES", "Shape_Leng": 20.819237551800001 }, "geometry": { "type": "MultiLineString", "coordinates": [ [ [ -157.74971, 21.27877 ], [ -157.74991, 21.27872 ] ] ] } },
{ "type": "Feature", "properties": { "BMP": 16.4788, "EMP": 16.58984, "PREFIX": "SR", "ROUTE": "72", "ISLAND": "Oahu", "DIRECTION": "+MP", "TYPE": "Sidewalk", "MATERIAL": "Concrete", "LENGTH": 583.0, "NHS": "YES", "Shape_Leng": 177.60262344099999 }, "geometry": { "type": "MultiLineString", "coordinates": [ [ [ -157.74991, 21.27872 ], [ -157.75159, 21.27846 ] ] ] } },
{ "type": "Feature", "properties": { "BMP": 4.8391, "EMP": 4.83949, "PREFIX": "SR", "ROUTE": "76", "ISLAND": "Oahu", "DIRECTION": "+MP", "TYPE": "Sidewalk", "MATERIAL": "Concrete", "LENGTH": 8.0, "NHS": "NO", "Shape_Leng": 2.4134728195899999 }, "geometry": { "type": "MultiLineString", "coordinates": [ [ [ -158.029, 21.36024 ], [ -158.02902, 21.36026 ] ] ] } },
{ "type": "Feature", "properties": { "BMP": 4.83951, "EMP": 4.84084, "PREFIX": "SR", "ROUTE": "76", "ISLAND": "Oahu", "DIRECTION": "+MP", "TYPE": "Sidewalk", "MATERIAL": "Concrete", "LENGTH": 7.0, "NHS": "NO", "Shape_Leng": 2.0751742896000001 }, "geometry": { "type": "MultiLineString", "coordinates": [ [ [ -158.029, 21.36025 ], [ -158.029, 21.36027 ] ] ] } },
{ "type": "Feature", "properties": { "BMP": 22.94895, "EMP": 22.92856, "PREFIX": "SR", "ROUTE": "99", "ISLAND": "Oahu", "DIRECTION": "-MP", "TYPE": "Sidewalk", "MATERIAL": "Concrete", "LENGTH": 142.0, "NHS": "YES", "Shape_Leng": 43.268785307199998 }, "geometry": { "type": "MultiLineString", "coordinates": [ [ [ -157.93525, 21.35234 ], [ -157.93511, 21.35268 ] ] ] } },
{ "type": "Feature", "properties": { "BMP": 1.72676, "EMP": 1.84177, "PREFIX": "SR", "ROUTE": "64", "ISLAND": "Oahu", "DIRECTION": "+MP", "TYPE": "Sidewalk", "MATERIAL": "Concrete", "LENGTH": 607.0, "NHS": "YES", "Shape_Leng": 184.93054726899999 }, "geometry": { "type": "MultiLineString", "coordinates": [ [ [ -157.88958, 21.31788 ], [ -157.89036, 21.31937 ] ] ] } },
{ "type": "Feature", "properties": { "BMP": 15.04737, "EMP": 15.04543, "PREFIX": "SR", "ROUTE": "99", "ISLAND": "Oahu", "DIRECTION": "-MP", "TYPE": "Sidewalk", "MATERIAL": "Concrete", "LENGTH": 12.0, "NHS": "YES", "Shape_Leng": 3.53427688281 }, "geometry": { "type": "MultiLineString", "coordinates": [ [ [ -158.00702, 21.42172 ], [ -158.00705, 21.42174 ] ] ] } },
{ "type": "Feature", "properties": { "BMP": 15.03915, "EMP": 15.0334, "PREFIX": "SR", "ROUTE": "99", "ISLAND": "Oahu", "DIRECTION": "-MP", "TYPE": "Sidewalk", "MATERIAL": "Concrete", "LENGTH": 36.0, "NHS": "YES", "Shape_Leng": 11.1262836304 }, "geometry": { "type": "MultiLineString", "coordinates": [ [ [ -158.00706, 21.42184 ], [ -158.00715, 21.42188 ] ] ] } },
{ "type": "Feature", "properties": { "BMP": 2.26185, "EMP": 2.26978, "PREFIX": "SR", "ROUTE": "64", "ISLAND": "Oahu", "DIRECTION": "+MP", "TYPE": "Sidewalk", "MATERIAL": "Asphalt", "LENGTH": 42.0, "NHS": "YES", "Shape_Leng": 12.778663524600001 }, "geometry": { "type": "MultiLineString", "coordinates": [ [ [ -157.88986, 21.32463 ], [ -157.88979, 21.32472 ] ] ] } },
{ "type": "Feature", "properties": { "BMP": 3.84663, "EMP": 3.84788, "PREFIX": "SR", "ROUTE": "72", "ISLAND": "Oahu", "DIRECTION": "+MP", "TYPE": "Sidewalk", "MATERIAL": "Concrete", "LENGTH": 7.0, "NHS": "YES", "Shape_Leng": 1.99610662053 }, "geometry": { "type": "MultiLineString", "coordinates": [ [ [ -157.71361, 21.34666 ], [ -157.71359, 21.34665 ] ] ] } },
{ "type": "Feature", "properties": { "BMP": 13.31212, "EMP": 13.30244, "PREFIX": "SR", "ROUTE": "99", "ISLAND": "Oahu", "DIRECTION": "-MP", "TYPE": "Sidewalk", "MATERIAL": "Concrete", "LENGTH": 61.0, "NHS": "YES", "Shape_Leng": 18.478131525199998 }, "geometry": { "type": "MultiLineString", "coordinates": [ [ [ -158.01334, 21.44415 ], [ -158.01322, 21.44404 ] ] ] } },
{ "type": "Feature", "properties": { "BMP": 0.67312, "EMP": 0.44075, "PREFIX": "SR", "ROUTE": "64", "ISLAND": "Oahu", "DIRECTION": "-MP", "TYPE": "Sidewalk", "MATERIAL": "Concrete", "LENGTH": 1242.0, "NHS": "YES", "Shape_Leng": 378.751622828 }, "geometry": { "type": "MultiLineString", "coordinates": [ [ [ -157.88043, 21.30699 ], [ -157.87691, 21.30621 ] ] ] } },
{ "type": "Feature", "properties": { "BMP": 0.10085, "EMP": 0.00339, "PREFIX": "SR", "ROUTE": "7413", "ISLAND": "Oahu", "DIRECTION": "-MP", "TYPE": "Sidewalk", "MATERIAL": "Concrete", "LENGTH": 504.0, "NHS": "NO", "Shape_Leng": 153.610249127 }, "geometry": { "type": "MultiLineString", "coordinates": [ [ [ -157.86338, 21.31909 ], [ -157.86465, 21.3185 ] ] ] } },
{ "type": "Feature", "properties": { "BMP": 2.36358, "EMP": 2.43968, "PREFIX": "SR", "ROUTE": "76", "ISLAND": "Oahu", "DIRECTION": "+MP", "TYPE": "Sidewalk", "MATERIAL": "Asphalt", "LENGTH": 401.0, "NHS": "NO", "Shape_Leng": 122.17185694600001 }, "geometry": { "type": "MultiLineString", "coordinates": [ [ [ -158.01857, 21.32616 ], [ -158.01917, 21.32711 ] ] ] } },
{ "type": "Feature", "properties": { "BMP": 3.97814, "EMP": 4.83346, "PREFIX": "SR", "ROUTE": "76", "ISLAND": "Oahu", "DIRECTION": "+MP", "TYPE": "Sidewalk", "MATERIAL": "Asphalt", "LENGTH": 4483.0, "NHS": "NO", "Shape_Leng": 1366.39231109 }, "geometry": { "type": "MultiLineString", "coordinates": [ [ [ -158.0267, 21.34815 ], [ -158.029, 21.36016 ] ] ] } },
{ "type": "Feature", "properties": { "BMP": 3.52018, "EMP": 3.95839, "PREFIX": "SR", "ROUTE": "76", "ISLAND": "Oahu", "DIRECTION": "+MP", "TYPE": "Sidewalk", "MATERIAL": "Asphalt", "LENGTH": 2320.0, "NHS": "NO", "Shape_Leng": 707.10502894399997 }, "geometry": { "type": "MultiLineString", "coordinates": [ [ [ -158.02488, 21.34171 ], [ -158.02661, 21.34788 ] ] ] } },
{ "type": "Feature", "properties": { "BMP": 4.85606, "EMP": 5.52398, "PREFIX": "SR", "ROUTE": "76", "ISLAND": "Oahu", "DIRECTION": "+MP", "TYPE": "Sidewalk", "MATERIAL": "Asphalt", "LENGTH": 3547.0, "NHS": "NO", "Shape_Leng": 1080.87497536 }, "geometry": { "type": "MultiLineString", "coordinates": [ [ [ -158.02887, 21.36045 ], [ -158.02582, 21.36961 ] ] ] } },
{ "type": "Feature", "properties": { "BMP": 41.59147, "EMP": 41.76177, "PREFIX": "SR", "ROUTE": "83", "ISLAND": "Oahu", "DIRECTION": "+MP", "TYPE": "Sidewalk", "MATERIAL": "Concrete", "LENGTH": 921.0, "NHS": "YES", "Shape_Leng": 280.57774252199999 }, "geometry": { "type": "MultiLineString", "coordinates": [ [ [ -157.79983, 21.40274 ], [ -157.79932, 21.4003 ] ] ] } },
{ "type": "Feature", "properties": { "BMP": 19.49902, "EMP": 19.53097, "PREFIX": "SR", "ROUTE": "83", "ISLAND": "Oahu", "DIRECTION": "+MP", "TYPE": "Sidewalk", "MATERIAL": "Concrete", "LENGTH": 170.0, "NHS": "YES", "Shape_Leng": 51.715572192700002 }, "geometry": { "type": "MultiLineString", "coordinates": [ [ [ -157.92129, 21.63294 ], [ -157.92135, 21.63248 ] ] ] } },
{ "type": "Feature", "properties": { "BMP": 16.30944, "EMP": 17.50485, "PREFIX": "SR", "ROUTE": "83", "ISLAND": "Oahu", "DIRECTION": "+MP", "TYPE": "Sidewalk", "MATERIAL": "Asphalt", "LENGTH": 6301.0, "NHS": "YES", "Shape_Leng": 1920.5945577099999 }, "geometry": { "type": "MultiLineString", "coordinates": [ [ [ -157.93986, 21.67128 ], [ -157.93075, 21.65626 ] ] ] } },
{ "type": "Feature", "properties": { "BMP": 21.43789, "EMP": 21.45618, "PREFIX": "SR", "ROUTE": "83", "ISLAND": "Oahu", "DIRECTION": "+MP", "TYPE": "Sidewalk", "MATERIAL": "Asphalt", "LENGTH": 97.0, "NHS": "YES", "Shape_Leng": 29.4715123147 }, "geometry": { "type": "MultiLineString", "coordinates": [ [ [ -157.90931, 21.60902 ], [ -157.90917, 21.60879 ] ] ] } },
{ "type": "Feature", "properties": { "BMP": 21.64036, "EMP": 21.66303, "PREFIX": "SR", "ROUTE": "83", "ISLAND": "Oahu", "DIRECTION": "+MP", "TYPE": "Sidewalk", "MATERIAL": "Concrete", "LENGTH": 120.0, "NHS": "YES", "Shape_Leng": 36.702343021899999 }, "geometry": { "type": "MultiLineString", "coordinates": [ [ [ -157.90711, 21.60702 ], [ -157.90676, 21.60697 ] ] ] } },
{ "type": "Feature", "properties": { "BMP": 21.74489, "EMP": 21.76905, "PREFIX": "SR", "ROUTE": "83", "ISLAND": "Oahu", "DIRECTION": "+MP", "TYPE": "Sidewalk", "MATERIAL": "Concrete", "LENGTH": 137.0, "NHS": "YES", "Shape_Leng": 41.8191943295 }, "geometry": { "type": "MultiLineString", "coordinates": [ [ [ -157.90549, 21.60687 ], [ -157.9051, 21.6068 ] ] ] } },
{ "type": "Feature", "properties": { "BMP": 22.21781, "EMP": 22.23564, "PREFIX": "SR", "ROUTE": "83", "ISLAND": "Oahu", "DIRECTION": "+MP", "TYPE": "Sidewalk", "MATERIAL": "Other", "LENGTH": 94.0, "NHS": "YES", "Shape_Leng": 28.632072667100001 }, "geometry": { "type": "MultiLineString", "coordinates": [ [ [ -157.89931, 21.60337 ], [ -157.89912, 21.60318 ] ] ] } },
{ "type": "Feature", "properties": { "BMP": 24.19873, "EMP": 24.24234, "PREFIX": "SR", "ROUTE": "83", "ISLAND": "Oahu", "DIRECTION": "+MP", "TYPE": "Sidewalk", "MATERIAL": "Concrete", "LENGTH": 230.0, "NHS": "YES", "Shape_Leng": 70.115247383899998 }, "geometry": { "type": "MultiLineString", "coordinates": [ [ [ -157.88488, 21.57893 ], [ -157.88444, 21.57845 ] ] ] } },
{ "type": "Feature", "properties": { "BMP": 26.43966, "EMP": 26.45903, "PREFIX": "SR", "ROUTE": "83", "ISLAND": "Oahu", "DIRECTION": "+MP", "TYPE": "Sidewalk", "MATERIAL": "Concrete", "LENGTH": 133.0, "NHS": "YES", "Shape_Leng": 40.427848583799999 }, "geometry": { "type": "MultiLineString", "coordinates": [ [ [ -157.87096, 21.55455 ], [ -157.87065, 21.55432 ] ] ] } },
{ "type": "Feature", "properties": { "BMP": 27.6934, "EMP": 27.71168, "PREFIX": "SR", "ROUTE": "83", "ISLAND": "Oahu", "DIRECTION": "+MP", "TYPE": "Sidewalk", "MATERIAL": "Concrete", "LENGTH": 97.0, "NHS": "YES", "Shape_Leng": 29.461264902 }, "geometry": { "type": "MultiLineString", "coordinates": [ [ [ -157.85517, 21.55702 ], [ -157.85489, 21.55695 ] ] ] } },
{ "type": "Feature", "properties": { "BMP": 28.80722, "EMP": 28.83726, "PREFIX": "SR", "ROUTE": "83", "ISLAND": "Oahu", "DIRECTION": "+MP", "TYPE": "Sidewalk", "MATERIAL": "Concrete", "LENGTH": 159.0, "NHS": "YES", "Shape_Leng": 48.346042767900002 }, "geometry": { "type": "MultiLineString", "coordinates": [ [ [ -157.84585, 21.54467 ], [ -157.84553, 21.54435 ] ] ] } },
{ "type": "Feature", "properties": { "BMP": 34.35857, "EMP": 34.37359, "PREFIX": "SR", "ROUTE": "83", "ISLAND": "Oahu", "DIRECTION": "+MP", "TYPE": "Sidewalk", "MATERIAL": "Other", "LENGTH": 79.0, "NHS": "YES", "Shape_Leng": 24.1591804175 }, "geometry": { "type": "MultiLineString", "coordinates": [ [ [ -157.84495, 21.48162 ], [ -157.84491, 21.4814 ] ] ] } },
{ "type": "Feature", "properties": { "BMP": 33.53656, "EMP": 33.55232, "PREFIX": "SR", "ROUTE": "83", "ISLAND": "Oahu", "DIRECTION": "+MP", "TYPE": "Sidewalk", "MATERIAL": "Concrete", "LENGTH": 83.0, "NHS": "YES", "Shape_Leng": 25.403406084 }, "geometry": { "type": "MultiLineString", "coordinates": [ [ [ -157.85072, 21.49168 ], [ -157.85072, 21.49145 ] ] ] } },
{ "type": "Feature", "properties": { "BMP": 35.52227, "EMP": 35.53435, "PREFIX": "SR", "ROUTE": "83", "ISLAND": "Oahu", "DIRECTION": "+MP", "TYPE": "Sidewalk", "MATERIAL": "Other", "LENGTH": 64.0, "NHS": "YES", "Shape_Leng": 19.354178771200001 }, "geometry": { "type": "MultiLineString", "coordinates": [ [ [ -157.84363, 21.46658 ], [ -157.84361, 21.4664 ] ] ] } },
{ "type": "Feature", "properties": { "BMP": 35.81705, "EMP": 35.82469, "PREFIX": "SR", "ROUTE": "83", "ISLAND": "Oahu", "DIRECTION": "+MP", "TYPE": "Sidewalk", "MATERIAL": "Other", "LENGTH": 41.0, "NHS": "YES", "Shape_Leng": 12.3474943536 }, "geometry": { "type": "MultiLineString", "coordinates": [ [ [ -157.843, 21.46234 ], [ -157.84295, 21.46224 ] ] ] } },
{ "type": "Feature", "properties": { "BMP": 37.80498, "EMP": 37.8098, "PREFIX": "SR", "ROUTE": "83", "ISLAND": "Oahu", "DIRECTION": "+MP", "TYPE": "Sidewalk", "MATERIAL": "Concrete", "LENGTH": 42.0, "NHS": "YES", "Shape_Leng": 12.681943664 }, "geometry": { "type": "MultiLineString", "coordinates": [ [ [ -157.82974, 21.43743 ], [ -157.82977, 21.43732 ] ] ] } },
{ "type": "Feature", "properties": { "BMP": 33.72738, "EMP": 33.74589, "PREFIX": "SR", "ROUTE": "83", "ISLAND": "Oahu", "DIRECTION": "+MP", "TYPE": "Sidewalk", "MATERIAL": "Other", "LENGTH": 98.0, "NHS": "YES", "Shape_Leng": 29.929372407900001 }, "geometry": { "type": "MultiLineString", "coordinates": [ [ [ -157.85029, 21.48894 ], [ -157.85021, 21.48868 ] ] ] } },
{ "type": "Feature", "properties": { "BMP": 40.15368, "EMP": 40.45477, "PREFIX": "SR", "ROUTE": "83", "ISLAND": "Oahu", "DIRECTION": "+MP", "TYPE": "Sidewalk", "MATERIAL": "Concrete", "LENGTH": 1570.0, "NHS": "YES", "Shape_Leng": 478.46855656600002 }, "geometry": { "type": "MultiLineString", "coordinates": [ [ [ -157.80812, 21.4105 ], [ -157.80733, 21.40634 ] ] ] } },
{ "type": "Feature", "properties": { "BMP": 20.7011, "EMP": 20.81035, "PREFIX": "SR", "ROUTE": "83", "ISLAND": "Oahu", "DIRECTION": "+MP", "TYPE": "Sidewalk", "MATERIAL": "Asphalt", "LENGTH": 581.0, "NHS": "YES", "Shape_Leng": 177.19639212300001 }, "geometry": { "type": "MultiLineString", "coordinates": [ [ [ -157.9146, 21.61841 ], [ -157.91383, 21.617 ] ] ] } },
{ "type": "Feature", "properties": { "BMP": 21.35511, "EMP": 21.37631, "PREFIX": "SR", "ROUTE": "83", "ISLAND": "Oahu", "DIRECTION": "+MP", "TYPE": "Sidewalk", "MATERIAL": "Other", "LENGTH": 112.0, "NHS": "YES", "Shape_Leng": 34.1546768762 }, "geometry": { "type": "MultiLineString", "coordinates": [ [ [ -157.90999, 21.61004 ], [ -157.90981, 21.60979 ] ] ] } },
{ "type": "Feature", "properties": { "BMP": 21.47984, "EMP": 21.50692, "PREFIX": "SR", "ROUTE": "83", "ISLAND": "Oahu", "DIRECTION": "+MP", "TYPE": "Sidewalk", "MATERIAL": "Other", "LENGTH": 144.0, "NHS": "YES", "Shape_Leng": 43.853799715500003 }, "geometry": { "type": "MultiLineString", "coordinates": [ [ [ -157.90899, 21.6085 ], [ -157.90877, 21.60815 ] ] ] } },
{ "type": "Feature", "properties": { "BMP": 1.15103, "EMP": 1.11529, "PREFIX": "SR", "ROUTE": "92", "ISLAND": "Oahu", "DIRECTION": "-MP", "TYPE": "Sidewalk", "MATERIAL": "Concrete", "LENGTH": 183.0, "NHS": "YES", "Shape_Leng": 55.753328313499999 }, "geometry": { "type": "MultiLineString", "coordinates": [ [ [ -157.92856, 21.33988 ], [ -157.92901, 21.34015 ] ] ] } },
{ "type": "Feature", "properties": { "BMP": 42.172, "EMP": 42.1687, "PREFIX": "SR", "ROUTE": "83", "ISLAND": "Oahu", "DIRECTION": "-MP", "TYPE": "Sidewalk", "MATERIAL": "Concrete", "LENGTH": 24.0, "NHS": "YES", "Shape_Leng": 7.3698215512900003 }, "geometry": { "type": "MultiLineString", "coordinates": [ [ [ -157.79441, 21.38938 ], [ -157.79447, 21.38939 ] ] ] } },
{ "type": "Feature", "properties": { "BMP": 7.208, "EMP": 7.19858, "PREFIX": "SR", "ROUTE": "930", "ISLAND": "Oahu", "DIRECTION": "-MP", "TYPE": "Sidewalk", "MATERIAL": "Concrete", "LENGTH": 50.0, "NHS": "NO", "Shape_Leng": 15.1599540172 }, "geometry": { "type": "MultiLineString", "coordinates": [ [ [ -158.10931, 21.56878 ], [ -158.10935, 21.56865 ] ] ] } },
{ "type": "Feature", "properties": { "BMP": 42.18702, "EMP": 42.18467, "PREFIX": "SR", "ROUTE": "83", "ISLAND": "Oahu", "DIRECTION": "-MP", "TYPE": "Sidewalk", "MATERIAL": "Concrete", "LENGTH": 18.0, "NHS": "YES", "Shape_Leng": 5.5241036813899997 }, "geometry": { "type": "MultiLineString", "coordinates": [ [ [ -157.79433, 21.38917 ], [ -157.79431, 21.38921 ] ] ] } },
{ "type": "Feature", "properties": { "BMP": 5.66163, "EMP": 5.61188, "PREFIX": "SR", "ROUTE": "83", "ISLAND": "Oahu", "DIRECTION": "-MP", "TYPE": "Sidewalk", "MATERIAL": "Asphalt", "LENGTH": 241.0, "NHS": "YES", "Shape_Leng": 73.569445047100004 }, "geometry": { "type": "MultiLineString", "coordinates": [ [ [ -158.0601, 21.64024 ], [ -158.06041, 21.63966 ] ] ] } },
{ "type": "Feature", "properties": { "BMP": 5.6117, "EMP": 5.55733, "PREFIX": "SR", "ROUTE": "83", "ISLAND": "Oahu", "DIRECTION": "-MP", "TYPE": "Sidewalk", "MATERIAL": "Other", "LENGTH": 285.0, "NHS": "YES", "Shape_Leng": 86.886358698199999 }, "geometry": { "type": "MultiLineString", "coordinates": [ [ [ -158.06041, 21.63965 ], [ -158.06105, 21.63915 ] ] ] } },
{ "type": "Feature", "properties": { "BMP": 5.55714, "EMP": 5.52876, "PREFIX": "SR", "ROUTE": "83", "ISLAND": "Oahu", "DIRECTION": "-MP", "TYPE": "Sidewalk", "MATERIAL": "Asphalt", "LENGTH": 140.0, "NHS": "YES", "Shape_Leng": 42.633668067599999 }, "geometry": { "type": "MultiLineString", "coordinates": [ [ [ -158.06105, 21.63915 ], [ -158.06143, 21.6391 ] ] ] } },
{ "type": "Feature", "properties": { "BMP": 8.72136, "EMP": 8.71816, "PREFIX": "SR", "ROUTE": "92", "ISLAND": "Oahu", "DIRECTION": "-MP", "TYPE": "Sidewalk", "MATERIAL": "Concrete", "LENGTH": 17.0, "NHS": "YES", "Shape_Leng": 5.2310332377900002 }, "geometry": { "type": "MultiLineString", "coordinates": [ [ [ -157.8412, 21.28909 ], [ -157.84125, 21.2891 ] ] ] } },
{ "type": "Feature", "properties": { "BMP": 8.57006, "EMP": 8.56716, "PREFIX": "SR", "ROUTE": "92", "ISLAND": "Oahu", "DIRECTION": "-MP", "TYPE": "Sidewalk", "MATERIAL": "Concrete", "LENGTH": 15.0, "NHS": "YES", "Shape_Leng": 4.6790389279599998 }, "geometry": { "type": "MultiLineString", "coordinates": [ [ [ -157.84348, 21.28968 ], [ -157.84352, 21.28969 ] ] ] } },
{ "type": "Feature", "properties": { "BMP": 8.27911, "EMP": 8.27605, "PREFIX": "SR", "ROUTE": "92", "ISLAND": "Oahu", "DIRECTION": "-MP", "TYPE": "Sidewalk", "MATERIAL": "Concrete", "LENGTH": 17.0, "NHS": "YES", "Shape_Leng": 5.0343198638700004 }, "geometry": { "type": "MultiLineString", "coordinates": [ [ [ -157.84773, 21.29103 ], [ -157.84777, 21.29105 ] ] ] } },
{ "type": "Feature", "properties": { "BMP": 3.79096, "EMP": 3.71365, "PREFIX": "SR", "ROUTE": "92", "ISLAND": "Oahu", "DIRECTION": "-MP", "TYPE": "Sidewalk", "MATERIAL": "Concrete", "LENGTH": 360.0, "NHS": "YES", "Shape_Leng": 109.853283236 }, "geometry": { "type": "MultiLineString", "coordinates": [ [ [ -157.88912, 21.33229 ], [ -157.89, 21.33285 ] ] ] } },
{ "type": "Feature", "properties": { "BMP": 5.3268, "EMP": 5.32116, "PREFIX": "SR", "ROUTE": "92", "ISLAND": "Oahu", "DIRECTION": "-MP", "TYPE": "Sidewalk", "MATERIAL": "Asphalt", "LENGTH": 31.0, "NHS": "YES", "Shape_Leng": 9.3374707089599998 }, "geometry": { "type": "MultiLineString", "coordinates": [ [ [ -157.87424, 21.31539 ], [ -157.87418, 21.31532 ] ] ] } },
{ "type": "Feature", "properties": { "BMP": 1.23424, "EMP": 1.53518, "PREFIX": "SR", "ROUTE": "95", "ISLAND": "Oahu", "DIRECTION": "+MP", "TYPE": "Sidewalk", "MATERIAL": "Concrete", "LENGTH": 1542.0, "NHS": "NO", "Shape_Leng": 469.89007942199999 }, "geometry": { "type": "MultiLineString", "coordinates": [ [ [ -158.09966, 21.31769 ], [ -158.09967, 21.31353 ] ] ] } },
{ "type": "Feature", "properties": { "BMP": 1.51288, "EMP": 1.23229, "PREFIX": "SR", "ROUTE": "95", "ISLAND": "Oahu", "DIRECTION": "-MP", "TYPE": "Sidewalk", "MATERIAL": "Concrete", "LENGTH": 1482.0, "NHS": "NO", "Shape_Leng": 451.76564111800002 }, "geometry": { "type": "MultiLineString", "coordinates": [ [ [ -158.09921, 21.31358 ], [ -158.09924, 21.31756 ] ] ] } },
{ "type": "Feature", "properties": { "BMP": 0.26021, "EMP": 0.26436, "PREFIX": "SR", "ROUTE": "460", "ISLAND": "Molokai", "DIRECTION": "+MP", "TYPE": "Sidewalk", "MATERIAL": "Concrete", "LENGTH": 22.0, "NHS": "NO", "Shape_Leng": 6.6437382016299997 }, "geometry": { "type": "MultiLineString", "coordinates": [ [ [ -157.02263, 21.08952 ], [ -157.0227, 21.08952 ] ] ] } },
{ "type": "Feature", "properties": { "BMP": 38.75979, "EMP": 38.63355, "PREFIX": "SR", "ROUTE": "190", "ISLAND": "Hawaii", "DIRECTION": "-MP", "TYPE": "Sidewalk", "MATERIAL": "Concrete", "LENGTH": 706.0, "NHS": "NO", "Shape_Leng": 215.179488639 }, "geometry": { "type": "MultiLineString", "coordinates": [ [ [ -155.99447, 19.64447 ], [ -155.99331, 19.64597 ] ] ] } },
{ "type": "Feature", "properties": { "BMP": 38.59078, "EMP": 38.54813, "PREFIX": "SR", "ROUTE": "190", "ISLAND": "Hawaii", "DIRECTION": "-MP", "TYPE": "Sidewalk", "MATERIAL": "Concrete", "LENGTH": 227.0, "NHS": "NO", "Shape_Leng": 68.968854371500001 }, "geometry": { "type": "MultiLineString", "coordinates": [ [ [ -155.99324, 19.64663 ], [ -155.99297, 19.64719 ] ] ] } },
{ "type": "Feature", "properties": { "BMP": 38.63656, "EMP": 38.63354, "PREFIX": "SR", "ROUTE": "190", "ISLAND": "Hawaii", "DIRECTION": "-MP", "TYPE": "Sidewalk", "MATERIAL": "Concrete", "LENGTH": 37.0, "NHS": "NO", "Shape_Leng": 11.2276503384 }, "geometry": { "type": "MultiLineString", "coordinates": [ [ [ -155.99352, 19.64601 ], [ -155.99357, 19.64609 ] ] ] } },
{ "type": "Feature", "properties": { "BMP": 36.8782, "EMP": 36.87447, "PREFIX": "SR", "ROUTE": "190", "ISLAND": "Hawaii", "DIRECTION": "-MP", "TYPE": "Sidewalk", "MATERIAL": "Concrete", "LENGTH": 27.0, "NHS": "NO", "Shape_Leng": 8.1741149051100006 }, "geometry": { "type": "MultiLineString", "coordinates": [ [ [ -155.98109, 19.66586 ], [ -155.98103, 19.6659 ] ] ] } },
{ "type": "Feature", "properties": { "BMP": 38.95988, "EMP": 38.91013, "PREFIX": "SR", "ROUTE": "190", "ISLAND": "Hawaii", "DIRECTION": "-MP", "TYPE": "Sidewalk", "MATERIAL": "Concrete", "LENGTH": 265.0, "NHS": "NO", "Shape_Leng": 80.483998687099998 }, "geometry": { "type": "MultiLineString", "coordinates": [ [ [ -155.99598, 19.64194 ], [ -155.99557, 19.64255 ] ] ] } },
{ "type": "Feature", "properties": { "BMP": 38.90002, "EMP": 38.86965, "PREFIX": "SR", "ROUTE": "190", "ISLAND": "Hawaii", "DIRECTION": "-MP", "TYPE": "Sidewalk", "MATERIAL": "Concrete", "LENGTH": 161.0, "NHS": "NO", "Shape_Leng": 49.011390314700002 }, "geometry": { "type": "MultiLineString", "coordinates": [ [ [ -155.99549, 19.64267 ], [ -155.99525, 19.64305 ] ] ] } },
{ "type": "Feature", "properties": { "BMP": 38.85555, "EMP": 38.77575, "PREFIX": "SR", "ROUTE": "190", "ISLAND": "Hawaii", "DIRECTION": "-MP", "TYPE": "Sidewalk", "MATERIAL": "Concrete", "LENGTH": 422.0, "NHS": "NO", "Shape_Leng": 128.48715421899999 }, "geometry": { "type": "MultiLineString", "coordinates": [ [ [ -155.99515, 19.64323 ], [ -155.99458, 19.64426 ] ] ] } },
{ "type": "Feature", "properties": { "BMP": 1.1742, "EMP": 1.00877, "PREFIX": "SR", "ROUTE": "197", "ISLAND": "Hawaii", "DIRECTION": "-MP", "TYPE": "Sidewalk", "MATERIAL": "Concrete", "LENGTH": 881.0, "NHS": "NO", "Shape_Leng": 267.93414616400003 }, "geometry": { "type": "MultiLineString", "coordinates": [ [ [ -155.99839, 19.67532 ], [ -156.00041, 19.67395 ] ] ] } },
{ "type": "Feature", "properties": { "BMP": 1.00079, "EMP": 0.84803, "PREFIX": "SR", "ROUTE": "197", "ISLAND": "Hawaii", "DIRECTION": "-MP", "TYPE": "Sidewalk", "MATERIAL": "Concrete", "LENGTH": 821.0, "NHS": "NO", "Shape_Leng": 249.626676492 }, "geometry": { "type": "MultiLineString", "coordinates": [ [ [ -156.00052, 19.6739 ], [ -156.00265, 19.67313 ] ] ] } },
{ "type": "Feature", "properties": { "BMP": 0.83166, "EMP": 0.72328, "PREFIX": "SR", "ROUTE": "197", "ISLAND": "Hawaii", "DIRECTION": "-MP", "TYPE": "Sidewalk", "MATERIAL": "Concrete", "LENGTH": 574.0, "NHS": "NO", "Shape_Leng": 174.95313258100001 }, "geometry": { "type": "MultiLineString", "coordinates": [ [ [ -156.0029, 19.67309 ], [ -156.00454, 19.67286 ] ] ] } },
{ "type": "Feature", "properties": { "BMP": 0.71354, "EMP": 0.58663, "PREFIX": "SR", "ROUTE": "197", "ISLAND": "Hawaii", "DIRECTION": "-MP", "TYPE": "Sidewalk", "MATERIAL": "Concrete", "LENGTH": 672.0, "NHS": "NO", "Shape_Leng": 204.71290526199999 }, "geometry": { "type": "MultiLineString", "coordinates": [ [ [ -156.00469, 19.67285 ], [ -156.00662, 19.67261 ] ] ] } },
{ "type": "Feature", "properties": { "BMP": 0.56679, "EMP": 0.29975, "PREFIX": "SR", "ROUTE": "197", "ISLAND": "Hawaii", "DIRECTION": "-MP", "TYPE": "Sidewalk", "MATERIAL": "Concrete", "LENGTH": 1432.0, "NHS": "NO", "Shape_Leng": 435.67492298000002 }, "geometry": { "type": "MultiLineString", "coordinates": [ [ [ -156.00692, 19.67257 ], [ -156.01099, 19.67206 ] ] ] } },
{ "type": "Feature", "properties": { "BMP": 0.28992, "EMP": 0.2727, "PREFIX": "SR", "ROUTE": "197", "ISLAND": "Hawaii", "DIRECTION": "-MP", "TYPE": "Sidewalk", "MATERIAL": "Concrete", "LENGTH": 107.0, "NHS": "NO", "Shape_Leng": 32.704037277899999 }, "geometry": { "type": "MultiLineString", "coordinates": [ [ [ -156.01113, 19.67201 ], [ -156.01137, 19.67187 ] ] ] } },
{ "type": "Feature", "properties": { "BMP": 0.00948, "EMP": 0.27296, "PREFIX": "SR", "ROUTE": "2000", "ISLAND": "Hawaii", "DIRECTION": "+MP", "TYPE": "Sidewalk", "MATERIAL": "Concrete", "LENGTH": 1390.0, "NHS": "NO", "Shape_Leng": 424.47864762500001 }, "geometry": { "type": "MultiLineString", "coordinates": [ [ [ -155.05746, 19.69662 ], [ -155.0613, 19.69556 ] ] ] } },
{ "type": "Feature", "properties": { "BMP": 0.28537, "EMP": 0.37279, "PREFIX": "SR", "ROUTE": "2000", "ISLAND": "Hawaii", "DIRECTION": "+MP", "TYPE": "Sidewalk", "MATERIAL": "Concrete", "LENGTH": 466.0, "NHS": "NO", "Shape_Leng": 142.428922599 }, "geometry": { "type": "MultiLineString", "coordinates": [ [ [ -155.06149, 19.69551 ], [ -155.06282, 19.69541 ] ] ] } },
{ "type": "Feature", "properties": { "BMP": 0.38352, "EMP": 0.45503, "PREFIX": "SR", "ROUTE": "2000", "ISLAND": "Hawaii", "DIRECTION": "+MP", "TYPE": "Sidewalk", "MATERIAL": "Concrete", "LENGTH": 385.0, "NHS": "NO", "Shape_Leng": 117.503116475 }, "geometry": { "type": "MultiLineString", "coordinates": [ [ [ -155.06299, 19.69542 ], [ -155.06408, 19.69533 ] ] ] } },
{ "type": "Feature", "properties": { "BMP": 0.46723, "EMP": 0.53771, "PREFIX": "SR", "ROUTE": "2000", "ISLAND": "Hawaii", "DIRECTION": "+MP", "TYPE": "Sidewalk", "MATERIAL": "Concrete", "LENGTH": 392.0, "NHS": "NO", "Shape_Leng": 119.719561329 }, "geometry": { "type": "MultiLineString", "coordinates": [ [ [ -155.06427, 19.6953 ], [ -155.06535, 19.69536 ] ] ] } },
{ "type": "Feature", "properties": { "BMP": 0.54008, "EMP": 0.54349, "PREFIX": "SR", "ROUTE": "2000", "ISLAND": "Hawaii", "DIRECTION": "+MP", "TYPE": "Sidewalk", "MATERIAL": "Asphalt", "LENGTH": 29.0, "NHS": "NO", "Shape_Leng": 8.87425695672 }, "geometry": { "type": "MultiLineString", "coordinates": [ [ [ -155.06538, 19.69526 ], [ -155.06543, 19.69519 ] ] ] } },
{ "type": "Feature", "properties": { "BMP": 0.5802, "EMP": 0.59328, "PREFIX": "SR", "ROUTE": "2000", "ISLAND": "Hawaii", "DIRECTION": "+MP", "TYPE": "Sidewalk", "MATERIAL": "Concrete", "LENGTH": 71.0, "NHS": "NO", "Shape_Leng": 21.671260695000001 }, "geometry": { "type": "MultiLineString", "coordinates": [ [ [ -155.06599, 19.6952 ], [ -155.06619, 19.69514 ] ] ] } },
{ "type": "Feature", "properties": { "BMP": 0.6988, "EMP": 0.71871, "PREFIX": "SR", "ROUTE": "2000", "ISLAND": "Hawaii", "DIRECTION": "+MP", "TYPE": "Shared-use path", "MATERIAL": "Asphalt", "LENGTH": 116.0, "NHS": "NO", "Shape_Leng": 35.4451213348 }, "geometry": { "type": "MultiLineString", "coordinates": [ [ [ -155.06781, 19.69499 ], [ -155.06813, 19.69506 ] ] ] } },
{ "type": "Feature", "properties": { "BMP": 0.72038, "EMP": 0.72585, "PREFIX": "SR", "ROUTE": "2000", "ISLAND": "Hawaii", "DIRECTION": "+MP", "TYPE": "Sidewalk", "MATERIAL": "Asphalt", "LENGTH": 33.0, "NHS": "NO", "Shape_Leng": 9.9936866856400002 }, "geometry": { "type": "MultiLineString", "coordinates": [ [ [ -155.06814, 19.69498 ], [ -155.06823, 19.69494 ] ] ] } },
{ "type": "Feature", "properties": { "BMP": 0.73536, "EMP": 0.74074, "PREFIX": "SR", "ROUTE": "2000", "ISLAND": "Hawaii", "DIRECTION": "+MP", "TYPE": "Sidewalk", "MATERIAL": "Concrete", "LENGTH": 34.0, "NHS": "NO", "Shape_Leng": 10.2698699432 }, "geometry": { "type": "MultiLineString", "coordinates": [ [ [ -155.06837, 19.69493 ], [ -155.06844, 19.69488 ] ] ] } },
{ "type": "Feature", "properties": { "BMP": 0.7836, "EMP": 0.79854, "PREFIX": "SR", "ROUTE": "2000", "ISLAND": "Hawaii", "DIRECTION": "+MP", "TYPE": "Shared-use path", "MATERIAL": "Asphalt", "LENGTH": 80.0, "NHS": "NO", "Shape_Leng": 24.2806749459 }, "geometry": { "type": "MultiLineString", "coordinates": [ [ [ -155.0691, 19.69483 ], [ -155.06933, 19.69481 ] ] ] } },
{ "type": "Feature", "properties": { "BMP": 0.74127, "EMP": 0.75272, "PREFIX": "SR", "ROUTE": "2000", "ISLAND": "Hawaii", "DIRECTION": "+MP", "TYPE": "Shared-use path", "MATERIAL": "Asphalt", "LENGTH": 60.0, "NHS": "NO", "Shape_Leng": 18.236006844799999 }, "geometry": { "type": "MultiLineString", "coordinates": [ [ [ -155.06845, 19.69487 ], [ -155.06863, 19.69486 ] ] ] } },
{ "type": "Feature", "properties": { "BMP": 0.75931, "EMP": 0.77816, "PREFIX": "SR", "ROUTE": "2000", "ISLAND": "Hawaii", "DIRECTION": "+MP", "TYPE": "Shared-use path", "MATERIAL": "Asphalt", "LENGTH": 100.0, "NHS": "NO", "Shape_Leng": 30.4084577665 }, "geometry": { "type": "MultiLineString", "coordinates": [ [ [ -155.06873, 19.69486 ], [ -155.06901, 19.69484 ] ] ] } },
{ "type": "Feature", "properties": { "BMP": 0.04748, "EMP": 0.0, "PREFIX": "SR", "ROUTE": "190", "ISLAND": "Hawaii", "DIRECTION": "-MP", "TYPE": "Sidewalk", "MATERIAL": "Concrete", "LENGTH": 254.0, "NHS": "NO", "Shape_Leng": 77.556388680400005 }, "geometry": { "type": "MultiLineString", "coordinates": [ [ [ -155.66947, 20.01983 ], [ -155.66887, 20.02023 ] ] ] } },
{ "type": "Feature", "properties": { "BMP": 0.80449, "EMP": 0.80841, "PREFIX": "SR", "ROUTE": "2000", "ISLAND": "Hawaii", "DIRECTION": "+MP", "TYPE": "Shared-use path", "MATERIAL": "Asphalt", "LENGTH": 21.0, "NHS": "NO", "Shape_Leng": 6.2862363239099999 }, "geometry": { "type": "MultiLineString", "coordinates": [ [ [ -155.06942, 19.6948 ], [ -155.06948, 19.6948 ] ] ] } },
{ "type": "Feature", "properties": { "BMP": 0.81366, "EMP": 0.8251, "PREFIX": "SR", "ROUTE": "2000", "ISLAND": "Hawaii", "DIRECTION": "+MP", "TYPE": "Shared-use path", "MATERIAL": "Asphalt", "LENGTH": 60.0, "NHS": "NO", "Shape_Leng": 18.4446336916 }, "geometry": { "type": "MultiLineString", "coordinates": [ [ [ -155.06956, 19.69479 ], [ -155.06973, 19.69479 ] ] ] } },
{ "type": "Feature", "properties": { "BMP": 0.84047, "EMP": 0.85442, "PREFIX": "SR", "ROUTE": "2000", "ISLAND": "Hawaii", "DIRECTION": "+MP", "TYPE": "Shared-use path", "MATERIAL": "Asphalt", "LENGTH": 74.0, "NHS": "NO", "Shape_Leng": 22.554616882000001 }, "geometry": { "type": "MultiLineString", "coordinates": [ [ [ -155.06997, 19.69477 ], [ -155.07018, 19.69475 ] ] ] } },
{ "type": "Feature", "properties": { "BMP": 0.82545, "EMP": 0.82965, "PREFIX": "SR", "ROUTE": "2000", "ISLAND": "Hawaii", "DIRECTION": "+MP", "TYPE": "Sidewalk", "MATERIAL": "Concrete", "LENGTH": 29.0, "NHS": "NO", "Shape_Leng": 8.7163856159000002 }, "geometry": { "type": "MultiLineString", "coordinates": [ [ [ -155.06974, 19.69478 ], [ -155.06981, 19.69482 ] ] ] } },
{ "type": "Feature", "properties": { "BMP": 0.83612, "EMP": 0.83991, "PREFIX": "SR", "ROUTE": "2000", "ISLAND": "Hawaii", "DIRECTION": "+MP", "TYPE": "Sidewalk", "MATERIAL": "Concrete", "LENGTH": 25.0, "NHS": "NO", "Shape_Leng": 7.7602970176700001 }, "geometry": { "type": "MultiLineString", "coordinates": [ [ [ -155.06991, 19.69481 ], [ -155.06996, 19.69477 ] ] ] } },
{ "type": "Feature", "properties": { "BMP": 0.86913, "EMP": 0.9858, "PREFIX": "SR", "ROUTE": "2000", "ISLAND": "Hawaii", "DIRECTION": "+MP", "TYPE": "Shared-use path", "MATERIAL": "Asphalt", "LENGTH": 615.0, "NHS": "NO", "Shape_Leng": 187.89679999200001 }, "geometry": { "type": "MultiLineString", "coordinates": [ [ [ -155.07041, 19.69474 ], [ -155.07219, 19.69461 ] ] ] } },
{ "type": "Feature", "properties": { "BMP": 1.03135, "EMP": 1.09967, "PREFIX": "SR", "ROUTE": "2000", "ISLAND": "Hawaii", "DIRECTION": "+MP", "TYPE": "Shared-use path", "MATERIAL": "Asphalt", "LENGTH": 360.0, "NHS": "NO", "Shape_Leng": 110.09138369199999 }, "geometry": { "type": "MultiLineString", "coordinates": [ [ [ -155.07289, 19.69456 ], [ -155.07393, 19.69448 ] ] ] } },
{ "type": "Feature", "properties": { "BMP": 0.99693, "EMP": 1.01196, "PREFIX": "SR", "ROUTE": "2000", "ISLAND": "Hawaii", "DIRECTION": "+MP", "TYPE": "Shared-use path", "MATERIAL": "Asphalt", "LENGTH": 80.0, "NHS": "NO", "Shape_Leng": 24.2389541511 }, "geometry": { "type": "MultiLineString", "coordinates": [ [ [ -155.07236, 19.6946 ], [ -155.07259, 19.69458 ] ] ] } },
{ "type": "Feature", "properties": { "BMP": 1.11186, "EMP": 1.14512, "PREFIX": "SR", "ROUTE": "2000", "ISLAND": "Hawaii", "DIRECTION": "+MP", "TYPE": "Shared-use path", "MATERIAL": "Asphalt", "LENGTH": 176.0, "NHS": "NO", "Shape_Leng": 53.585371366399997 }, "geometry": { "type": "MultiLineString", "coordinates": [ [ [ -155.07412, 19.69447 ], [ -155.07463, 19.69443 ] ] ] } },
{ "type": "Feature", "properties": { "BMP": 1.24411, "EMP": 1.27909, "PREFIX": "SR", "ROUTE": "2000", "ISLAND": "Hawaii", "DIRECTION": "+MP", "TYPE": "Shared-use path", "MATERIAL": "Asphalt", "LENGTH": 185.0, "NHS": "NO", "Shape_Leng": 56.436684542199998 }, "geometry": { "type": "MultiLineString", "coordinates": [ [ [ -155.07614, 19.69432 ], [ -155.07668, 19.69429 ] ] ] } },
{ "type": "Feature", "properties": { "BMP": 1.15564, "EMP": 1.23264, "PREFIX": "SR", "ROUTE": "2000", "ISLAND": "Hawaii", "DIRECTION": "+MP", "TYPE": "Shared-use path", "MATERIAL": "Asphalt", "LENGTH": 406.0, "NHS": "NO", "Shape_Leng": 123.903827968 }, "geometry": { "type": "MultiLineString", "coordinates": [ [ [ -155.07479, 19.69442 ], [ -155.07597, 19.69434 ] ] ] } },
{ "type": "Feature", "properties": { "BMP": 1.28813, "EMP": 1.32769, "PREFIX": "SR", "ROUTE": "2000", "ISLAND": "Hawaii", "DIRECTION": "+MP", "TYPE": "Shared-use path", "MATERIAL": "Asphalt", "LENGTH": 209.0, "NHS": "NO", "Shape_Leng": 63.634893579 }, "geometry": { "type": "MultiLineString", "coordinates": [ [ [ -155.07682, 19.69428 ], [ -155.07742, 19.69424 ] ] ] } },
{ "type": "Feature", "properties": { "BMP": 1.33855, "EMP": 1.34793, "PREFIX": "SR", "ROUTE": "2000", "ISLAND": "Hawaii", "DIRECTION": "+MP", "TYPE": "Shared-use path", "MATERIAL": "Asphalt", "LENGTH": 50.0, "NHS": "NO", "Shape_Leng": 15.1277422624 }, "geometry": { "type": "MultiLineString", "coordinates": [ [ [ -155.07759, 19.69422 ], [ -155.07773, 19.69421 ] ] ] } },
{ "type": "Feature", "properties": { "BMP": 1.36086, "EMP": 1.56864, "PREFIX": "SR", "ROUTE": "2000", "ISLAND": "Hawaii", "DIRECTION": "+MP", "TYPE": "Shared-use path", "MATERIAL": "Asphalt", "LENGTH": 1096.0, "NHS": "NO", "Shape_Leng": 334.68713570800003 }, "geometry": { "type": "MultiLineString", "coordinates": [ [ [ -155.07793, 19.69419 ], [ -155.0811, 19.69397 ] ] ] } },
{ "type": "Feature", "properties": { "BMP": 1.59122, "EMP": 2.15699, "PREFIX": "SR", "ROUTE": "2000", "ISLAND": "Hawaii", "DIRECTION": "+MP", "TYPE": "Shared-use path", "MATERIAL": "Asphalt", "LENGTH": 2987.0, "NHS": "NO", "Shape_Leng": 911.08528817900003 }, "geometry": { "type": "MultiLineString", "coordinates": [ [ [ -155.08145, 19.69395 ], [ -155.0901, 19.69335 ] ] ] } },
{ "type": "Feature", "properties": { "BMP": 0.0647, "EMP": 0.09695, "PREFIX": "SR", "ROUTE": "139", "ISLAND": "Hawaii", "DIRECTION": "+MP", "TYPE": "Sidewalk", "MATERIAL": "Concrete", "LENGTH": 185.0, "NHS": "NO", "Shape_Leng": 56.424053573400002 }, "geometry": { "type": "MultiLineString", "coordinates": [ [ [ -155.03972, 19.62272 ], [ -155.03936, 19.62241 ] ] ] } },
{ "type": "Feature", "properties": { "BMP": 0.10671, "EMP": 0.16914, "PREFIX": "SR", "ROUTE": "139", "ISLAND": "Hawaii", "DIRECTION": "+MP", "TYPE": "Sidewalk", "MATERIAL": "Concrete", "LENGTH": 337.0, "NHS": "NO", "Shape_Leng": 102.923817286 }, "geometry": { "type": "MultiLineString", "coordinates": [ [ [ -155.03928, 19.62229 ], [ -155.03875, 19.62157 ] ] ] } },
{ "type": "Feature", "properties": { "BMP": 0.29334, "EMP": 0.31537, "PREFIX": "SR", "ROUTE": "139", "ISLAND": "Hawaii", "DIRECTION": "+MP", "TYPE": "Sidewalk", "MATERIAL": "Asphalt", "LENGTH": 118.0, "NHS": "NO", "Shape_Leng": 35.896891911899999 }, "geometry": { "type": "MultiLineString", "coordinates": [ [ [ -155.03788, 19.61996 ], [ -155.03768, 19.6197 ] ] ] } },
{ "type": "Feature", "properties": { "BMP": 0.69821, "EMP": 0.80526, "PREFIX": "SR", "ROUTE": "139", "ISLAND": "Hawaii", "DIRECTION": "+MP", "TYPE": "Sidewalk", "MATERIAL": "Asphalt", "LENGTH": 572.0, "NHS": "NO", "Shape_Leng": 174.537859086 }, "geometry": { "type": "MultiLineString", "coordinates": [ [ [ -155.03562, 19.6145 ], [ -155.03465, 19.61323 ] ] ] } },
{ "type": "Feature", "properties": { "BMP": 1.17616, "EMP": 1.10292, "PREFIX": "SR", "ROUTE": "139", "ISLAND": "Hawaii", "DIRECTION": "-MP", "TYPE": "Sidewalk", "MATERIAL": "Concrete", "LENGTH": 393.0, "NHS": "NO", "Shape_Leng": 120.002150005 }, "geometry": { "type": "MultiLineString", "coordinates": [ [ [ -155.03012, 19.61109 ], [ -155.03124, 19.61099 ] ] ] } },
{ "type": "Feature", "properties": { "BMP": 1.09848, "EMP": 1.08514, "PREFIX": "SR", "ROUTE": "139", "ISLAND": "Hawaii", "DIRECTION": "-MP", "TYPE": "Sidewalk", "MATERIAL": "Asphalt", "LENGTH": 68.0, "NHS": "NO", "Shape_Leng": 20.7592732104 }, "geometry": { "type": "MultiLineString", "coordinates": [ [ [ -155.0313, 19.61091 ], [ -155.0315, 19.61089 ] ] ] } },
{ "type": "Feature", "properties": { "BMP": 1.07894, "EMP": 0.96642, "PREFIX": "SR", "ROUTE": "139", "ISLAND": "Hawaii", "DIRECTION": "-MP", "TYPE": "Sidewalk", "MATERIAL": "Concrete", "LENGTH": 574.0, "NHS": "NO", "Shape_Leng": 175.15425842799999 }, "geometry": { "type": "MultiLineString", "coordinates": [ [ [ -155.03159, 19.61092 ], [ -155.03298, 19.61158 ] ] ] } },
{ "type": "Feature", "properties": { "BMP": 0.95499, "EMP": 0.71714, "PREFIX": "SR", "ROUTE": "139", "ISLAND": "Hawaii", "DIRECTION": "-MP", "TYPE": "Sidewalk", "MATERIAL": "Concrete", "LENGTH": 1280.0, "NHS": "NO", "Shape_Leng": 390.79180144399999 }, "geometry": { "type": "MultiLineString", "coordinates": [ [ [ -155.03301, 19.61176 ], [ -155.03527, 19.61447 ] ] ] } },
{ "type": "Feature", "properties": { "BMP": 0.69891, "EMP": 0.41796, "PREFIX": "SR", "ROUTE": "139", "ISLAND": "Hawaii", "DIRECTION": "-MP", "TYPE": "Sidewalk", "MATERIAL": "Concrete", "LENGTH": 1479.0, "NHS": "NO", "Shape_Leng": 451.70301349 }, "geometry": { "type": "MultiLineString", "coordinates": [ [ [ -155.03545, 19.61466 ], [ -155.03701, 19.61842 ] ] ] } },
{ "type": "Feature", "properties": { "BMP": 0.39638, "EMP": 0.22126, "PREFIX": "SR", "ROUTE": "139", "ISLAND": "Hawaii", "DIRECTION": "-MP", "TYPE": "Sidewalk", "MATERIAL": "Concrete", "LENGTH": 929.0, "NHS": "NO", "Shape_Leng": 283.649110845 }, "geometry": { "type": "MultiLineString", "coordinates": [ [ [ -155.03709, 19.61873 ], [ -155.03827, 19.62102 ] ] ] } },
{ "type": "Feature", "properties": { "BMP": 0.19592, "EMP": 0.1506, "PREFIX": "SR", "ROUTE": "139", "ISLAND": "Hawaii", "DIRECTION": "-MP", "TYPE": "Sidewalk", "MATERIAL": "Concrete", "LENGTH": 244.0, "NHS": "NO", "Shape_Leng": 74.643665395499994 }, "geometry": { "type": "MultiLineString", "coordinates": [ [ [ -155.03845, 19.62135 ], [ -155.03872, 19.62196 ] ] ] } },
{ "type": "Feature", "properties": { "BMP": 0.21167, "EMP": 0.20263, "PREFIX": "SR", "ROUTE": "139", "ISLAND": "Hawaii", "DIRECTION": "-MP", "TYPE": "Sidewalk", "MATERIAL": "Concrete", "LENGTH": 48.0, "NHS": "NO", "Shape_Leng": 14.5669445437 }, "geometry": { "type": "MultiLineString", "coordinates": [ [ [ -155.03834, 19.62115 ], [ -155.0384, 19.62126 ] ] ] } },
{ "type": "Feature", "properties": { "BMP": 0.14404, "EMP": 0.10756, "PREFIX": "SR", "ROUTE": "139", "ISLAND": "Hawaii", "DIRECTION": "-MP", "TYPE": "Sidewalk", "MATERIAL": "Concrete", "LENGTH": 203.0, "NHS": "NO", "Shape_Leng": 61.944531468800001 }, "geometry": { "type": "MultiLineString", "coordinates": [ [ [ -155.0388, 19.62203 ], [ -155.0391, 19.6225 ] ] ] } },
{ "type": "Feature", "properties": { "BMP": 0.09548, "EMP": 0.05767, "PREFIX": "SR", "ROUTE": "139", "ISLAND": "Hawaii", "DIRECTION": "-MP", "TYPE": "Sidewalk", "MATERIAL": "Concrete", "LENGTH": 205.0, "NHS": "NO", "Shape_Leng": 62.751896426599998 }, "geometry": { "type": "MultiLineString", "coordinates": [ [ [ -155.03927, 19.6226 ], [ -155.03969, 19.62298 ] ] ] } },
{ "type": "Feature", "properties": { "BMP": 0.00758, "EMP": 0.00512, "PREFIX": "SR", "ROUTE": "139", "ISLAND": "Hawaii", "DIRECTION": "-MP", "TYPE": "Sidewalk", "MATERIAL": "Concrete", "LENGTH": 30.0, "NHS": "NO", "Shape_Leng": 9.1286898779300003 }, "geometry": { "type": "MultiLineString", "coordinates": [ [ [ -155.04033, 19.62342 ], [ -155.0404, 19.62337 ] ] ] } },
{ "type": "Feature", "properties": { "BMP": 0.00088, "EMP": 0.11033, "PREFIX": "SR", "ROUTE": "36", "ISLAND": "Maui", "DIRECTION": "+MP", "TYPE": "Sidewalk", "MATERIAL": "Concrete", "LENGTH": 555.0, "NHS": "YES", "Shape_Leng": 169.22834540100001 }, "geometry": { "type": "MultiLineString", "coordinates": [ [ [ -156.46402, 20.89251 ], [ -156.46263, 20.89181 ] ] ] } },
{ "type": "Feature", "properties": { "BMP": 0.11449, "EMP": 0.13738, "PREFIX": "SR", "ROUTE": "36", "ISLAND": "Maui", "DIRECTION": "+MP", "TYPE": "Sidewalk", "MATERIAL": "Concrete", "LENGTH": 121.0, "NHS": "YES", "Shape_Leng": 36.908962710399997 }, "geometry": { "type": "MultiLineString", "coordinates": [ [ [ -156.46258, 20.89177 ], [ -156.46229, 20.89158 ] ] ] } },
{ "type": "Feature", "properties": { "BMP": 0.14103, "EMP": 0.16132, "PREFIX": "SR", "ROUTE": "36", "ISLAND": "Maui", "DIRECTION": "+MP", "TYPE": "Sidewalk", "MATERIAL": "Concrete", "LENGTH": 107.0, "NHS": "YES", "Shape_Leng": 32.673813665499999 }, "geometry": { "type": "MultiLineString", "coordinates": [ [ [ -156.46224, 20.89154 ], [ -156.46199, 20.89137 ] ] ] } },
{ "type": "Feature", "properties": { "BMP": 0.16657, "EMP": 0.19355, "PREFIX": "SR", "ROUTE": "36", "ISLAND": "Maui", "DIRECTION": "+MP", "TYPE": "Sidewalk", "MATERIAL": "Concrete", "LENGTH": 149.0, "NHS": "YES", "Shape_Leng": 45.517017077200002 }, "geometry": { "type": "MultiLineString", "coordinates": [ [ [ -156.46193, 20.89132 ], [ -156.46162, 20.89105 ] ] ] } },
{ "type": "Feature", "properties": { "BMP": 0.18061, "EMP": 0.19027, "PREFIX": "SR", "ROUTE": "36", "ISLAND": "Maui", "DIRECTION": "+MP", "TYPE": "Sidewalk", "MATERIAL": "Concrete", "LENGTH": 69.0, "NHS": "YES", "Shape_Leng": 20.911575632200002 }, "geometry": { "type": "MultiLineString", "coordinates": [ [ [ -156.46162, 20.89137 ], [ -156.46157, 20.8912 ] ] ] } },
{ "type": "Feature", "properties": { "BMP": 0.21308, "EMP": 0.25836, "PREFIX": "SR", "ROUTE": "36", "ISLAND": "Maui", "DIRECTION": "+MP", "TYPE": "Sidewalk", "MATERIAL": "Concrete", "LENGTH": 247.0, "NHS": "YES", "Shape_Leng": 75.407376256700005 }, "geometry": { "type": "MultiLineString", "coordinates": [ [ [ -156.46139, 20.89087 ], [ -156.46078, 20.89053 ] ] ] } },
{ "type": "Feature", "properties": { "BMP": 1.14947, "EMP": 1.1506, "PREFIX": "SR", "ROUTE": "36", "ISLAND": "Maui", "DIRECTION": "+MP", "TYPE": "Sidewalk", "MATERIAL": "Concrete", "LENGTH": 24.0, "NHS": "YES", "Shape_Leng": 7.4131425095900001 }, "geometry": { "type": "MultiLineString", "coordinates": [ [ [ -156.4494, 20.88322 ], [ -156.44935, 20.88327 ] ] ] } },
{ "type": "Feature", "properties": { "BMP": 1.1505, "EMP": 1.15294, "PREFIX": "SR", "ROUTE": "36", "ISLAND": "Maui", "DIRECTION": "+MP", "TYPE": "Sidewalk", "MATERIAL": "Concrete", "LENGTH": 13.0, "NHS": "YES", "Shape_Leng": 3.9450663321100001 }, "geometry": { "type": "MultiLineString", "coordinates": [ [ [ -156.44936, 20.88325 ], [ -156.44933, 20.88323 ] ] ] } },
{ "type": "Feature", "properties": { "BMP": 1.44478, "EMP": 1.44747, "PREFIX": "SR", "ROUTE": "36", "ISLAND": "Maui", "DIRECTION": "+MP", "TYPE": "Sidewalk", "MATERIAL": "Concrete", "LENGTH": 14.0, "NHS": "YES", "Shape_Leng": 4.3182546527300003 }, "geometry": { "type": "MultiLineString", "coordinates": [ [ [ -156.4453, 20.8813 ], [ -156.44526, 20.88129 ] ] ] } },
{ "type": "Feature", "properties": { "BMP": 1.45731, "EMP": 1.46101, "PREFIX": "SR", "ROUTE": "36", "ISLAND": "Maui", "DIRECTION": "+MP", "TYPE": "Sidewalk", "MATERIAL": "Concrete", "LENGTH": 20.0, "NHS": "YES", "Shape_Leng": 5.9871414924700002 }, "geometry": { "type": "MultiLineString", "coordinates": [ [ [ -156.44512, 20.88123 ], [ -156.44506, 20.88121 ] ] ] } },
{ "type": "Feature", "properties": { "BMP": 2.19733, "EMP": 2.20241, "PREFIX": "SR", "ROUTE": "2000", "ISLAND": "Hawaii", "DIRECTION": "+MP", "TYPE": "Sidewalk", "MATERIAL": "Concrete", "LENGTH": 28.0, "NHS": "NO", "Shape_Leng": 8.5424534171000008 }, "geometry": { "type": "MultiLineString", "coordinates": [ [ [ -155.09033, 19.69367 ], [ -155.09033, 19.69374 ] ] ] } },
{ "type": "Feature", "properties": { "BMP": 2.2277, "EMP": 2.23408, "PREFIX": "SR", "ROUTE": "2000", "ISLAND": "Hawaii", "DIRECTION": "+MP", "TYPE": "Sidewalk", "MATERIAL": "Concrete", "LENGTH": 41.0, "NHS": "NO", "Shape_Leng": 12.4411741235 }, "geometry": { "type": "MultiLineString", "coordinates": [ [ [ -155.09064, 19.69411 ], [ -155.09075, 19.69407 ] ] ] } },
{ "type": "Feature", "properties": { "BMP": 6.58826, "EMP": 6.59581, "PREFIX": "SR", "ROUTE": "36", "ISLAND": "Maui", "DIRECTION": "+MP", "TYPE": "Sidewalk", "MATERIAL": "Concrete", "LENGTH": 40.0, "NHS": "YES", "Shape_Leng": 12.0848711719 }, "geometry": { "type": "MultiLineString", "coordinates": [ [ [ -156.38273, 20.91539 ], [ -156.38262, 20.91543 ] ] ] } },
{ "type": "Feature", "properties": { "BMP": 6.62026, "EMP": 6.69342, "PREFIX": "SR", "ROUTE": "36", "ISLAND": "Maui", "DIRECTION": "+MP", "TYPE": "Sidewalk", "MATERIAL": "Concrete", "LENGTH": 402.0, "NHS": "YES", "Shape_Leng": 122.64156545900001 }, "geometry": { "type": "MultiLineString", "coordinates": [ [ [ -156.38226, 20.91554 ], [ -156.3812, 20.91594 ] ] ] } },
{ "type": "Feature", "properties": { "BMP": 6.70352, "EMP": 6.82344, "PREFIX": "SR", "ROUTE": "36", "ISLAND": "Maui", "DIRECTION": "+MP", "TYPE": "Sidewalk", "MATERIAL": "Concrete", "LENGTH": 638.0, "NHS": "YES", "Shape_Leng": 194.53047296700001 }, "geometry": { "type": "MultiLineString", "coordinates": [ [ [ -156.38107, 20.91605 ], [ -156.37971, 20.91724 ] ] ] } },
{ "type": "Feature", "properties": { "BMP": 6.83363, "EMP": 6.85707, "PREFIX": "SR", "ROUTE": "36", "ISLAND": "Maui", "DIRECTION": "+MP", "TYPE": "Sidewalk", "MATERIAL": "Concrete", "LENGTH": 124.0, "NHS": "YES", "Shape_Leng": 37.950128212800003 }, "geometry": { "type": "MultiLineString", "coordinates": [ [ [ -156.37959, 20.91734 ], [ -156.37931, 20.91756 ] ] ] } },
{ "type": "Feature", "properties": { "BMP": 6.86846, "EMP": 6.92226, "PREFIX": "SR", "ROUTE": "36", "ISLAND": "Maui", "DIRECTION": "+MP", "TYPE": "Sidewalk", "MATERIAL": "Concrete", "LENGTH": 284.0, "NHS": "YES", "Shape_Leng": 86.572265132200002 }, "geometry": { "type": "MultiLineString", "coordinates": [ [ [ -156.37919, 20.91768 ], [ -156.37857, 20.9182 ] ] ] } },
{ "type": "Feature", "properties": { "BMP": 6.95978, "EMP": 7.05905, "PREFIX": "SR", "ROUTE": "36", "ISLAND": "Maui", "DIRECTION": "+MP", "TYPE": "Sidewalk", "MATERIAL": "Concrete", "LENGTH": 526.0, "NHS": "YES", "Shape_Leng": 160.54994800899999 }, "geometry": { "type": "MultiLineString", "coordinates": [ [ [ -156.37813, 20.91855 ], [ -156.37687, 20.91938 ] ] ] } },
{ "type": "Feature", "properties": { "BMP": 6.92771, "EMP": 6.95354, "PREFIX": "SR", "ROUTE": "36", "ISLAND": "Maui", "DIRECTION": "+MP", "TYPE": "Sidewalk", "MATERIAL": "Concrete", "LENGTH": 136.0, "NHS": "YES", "Shape_Leng": 41.543548948800002 }, "geometry": { "type": "MultiLineString", "coordinates": [ [ [ -156.37851, 20.91825 ], [ -156.3782, 20.91849 ] ] ] } },
{ "type": "Feature", "properties": { "BMP": 7.06897, "EMP": 7.0766, "PREFIX": "SR", "ROUTE": "36", "ISLAND": "Maui", "DIRECTION": "+MP", "TYPE": "Sidewalk", "MATERIAL": "Concrete", "LENGTH": 55.0, "NHS": "YES", "Shape_Leng": 16.7551234174 }, "geometry": { "type": "MultiLineString", "coordinates": [ [ [ -156.37672, 20.91942 ], [ -156.37668, 20.91956 ] ] ] } },
{ "type": "Feature", "properties": { "BMP": 2.22557, "EMP": 2.22683, "PREFIX": "SR", "ROUTE": "30", "ISLAND": "Maui", "DIRECTION": "+MP", "TYPE": "Sidewalk", "MATERIAL": "Concrete", "LENGTH": 12.0, "NHS": "YES", "Shape_Leng": 3.7255283714999998 }, "geometry": { "type": "MultiLineString", "coordinates": [ [ [ -156.50363, 20.85488 ], [ -156.5036, 20.85486 ] ] ] } },
{ "type": "Feature", "properties": { "BMP": 2.19112, "EMP": 2.21375, "PREFIX": "SR", "ROUTE": "30", "ISLAND": "Maui", "DIRECTION": "+MP", "TYPE": "Sidewalk", "MATERIAL": "Concrete", "LENGTH": 127.0, "NHS": "YES", "Shape_Leng": 38.806431790700003 }, "geometry": { "type": "MultiLineString", "coordinates": [ [ [ -156.50359, 20.85538 ], [ -156.50363, 20.85506 ] ] ] } },
{ "type": "Feature", "properties": { "BMP": 3.31964, "EMP": 3.36345, "PREFIX": "SR", "ROUTE": "310", "ISLAND": "Maui", "DIRECTION": "+MP", "TYPE": "Sidewalk", "MATERIAL": "Concrete", "LENGTH": 236.0, "NHS": "NO", "Shape_Leng": 71.856643199700002 }, "geometry": { "type": "MultiLineString", "coordinates": [ [ [ -156.46601, 20.78514 ], [ -156.46537, 20.78489 ] ] ] } },
{ "type": "Feature", "properties": { "BMP": 3.4422, "EMP": 3.44357, "PREFIX": "SR", "ROUTE": "310", "ISLAND": "Maui", "DIRECTION": "+MP", "TYPE": "Sidewalk", "MATERIAL": "Concrete", "LENGTH": 8.0, "NHS": "NO", "Shape_Leng": 2.3238151606200002 }, "geometry": { "type": "MultiLineString", "coordinates": [ [ [ -156.46413, 20.78482 ], [ -156.4641, 20.78482 ] ] ] } },
{ "type": "Feature", "properties": { "BMP": 2.3263, "EMP": 2.33746, "PREFIX": "SR", "ROUTE": "30", "ISLAND": "Maui", "DIRECTION": "+MP", "TYPE": "Sidewalk", "MATERIAL": "Concrete", "LENGTH": 59.0, "NHS": "YES", "Shape_Leng": 17.926462769800001 }, "geometry": { "type": "MultiLineString", "coordinates": [ [ [ -156.50377, 20.85342 ], [ -156.50379, 20.85326 ] ] ] } },
{ "type": "Feature", "properties": { "BMP": 3.59094, "EMP": 3.59253, "PREFIX": "SR", "ROUTE": "310", "ISLAND": "Maui", "DIRECTION": "+MP", "TYPE": "Sidewalk", "MATERIAL": "Concrete", "LENGTH": 54.0, "NHS": "NO", "Shape_Leng": 16.556181502800001 }, "geometry": { "type": "MultiLineString", "coordinates": [ [ [ -156.46184, 20.78544 ], [ -156.46193, 20.78556 ] ] ] } },
{ "type": "Feature", "properties": { "BMP": 0.00768, "EMP": 0.01957, "PREFIX": "SR", "ROUTE": "30", "ISLAND": "Maui", "DIRECTION": "+MP", "TYPE": "Sidewalk", "MATERIAL": "Concrete", "LENGTH": 73.0, "NHS": "YES", "Shape_Leng": 22.243264548199999 }, "geometry": { "type": "MultiLineString", "coordinates": [ [ [ -156.50493, 20.8868 ], [ -156.50483, 20.88664 ] ] ] } },
{ "type": "Feature", "properties": { "BMP": 0.11409, "EMP": 0.29052, "PREFIX": "SR", "ROUTE": "30", "ISLAND": "Maui", "DIRECTION": "+MP", "TYPE": "Sidewalk", "MATERIAL": "Concrete", "LENGTH": 929.0, "NHS": "YES", "Shape_Leng": 283.33820011400002 }, "geometry": { "type": "MultiLineString", "coordinates": [ [ [ -156.50471, 20.88527 ], [ -156.50513, 20.88277 ] ] ] } },
{ "type": "Feature", "properties": { "BMP": 0.13194, "EMP": 0.1576, "PREFIX": "SR", "ROUTE": "1370", "ISLAND": "Hawaii", "DIRECTION": "+MP", "TYPE": "Sidewalk", "MATERIAL": "Concrete", "LENGTH": 136.0, "NHS": "YES", "Shape_Leng": 41.5163333486 }, "geometry": { "type": "MultiLineString", "coordinates": [ [ [ -155.05216, 19.72838 ], [ -155.0518, 19.72855 ] ] ] } },
{ "type": "Feature", "properties": { "BMP": 0.17239, "EMP": 0.1882, "PREFIX": "SR", "ROUTE": "1370", "ISLAND": "Hawaii", "DIRECTION": "+MP", "TYPE": "Sidewalk", "MATERIAL": "Concrete", "LENGTH": 106.0, "NHS": "YES", "Shape_Leng": 32.2298653362 }, "geometry": { "type": "MultiLineString", "coordinates": [ [ [ -155.0516, 19.72865 ], [ -155.05132, 19.72877 ] ] ] } },
{ "type": "Feature", "properties": { "BMP": 0.81136, "EMP": 0.81957, "PREFIX": "SR", "ROUTE": "30", "ISLAND": "Maui", "DIRECTION": "+MP", "TYPE": "Sidewalk", "MATERIAL": "Concrete", "LENGTH": 77.0, "NHS": "YES", "Shape_Leng": 23.521155519000001 }, "geometry": { "type": "MultiLineString", "coordinates": [ [ [ -156.50401, 20.87527 ], [ -156.50414, 20.87513 ] ] ] } },
{ "type": "Feature", "properties": { "BMP": 0.83255, "EMP": 0.83298, "PREFIX": "SR", "ROUTE": "30", "ISLAND": "Maui", "DIRECTION": "+MP", "TYPE": "Sidewalk", "MATERIAL": "Concrete", "LENGTH": 3.0, "NHS": "YES", "Shape_Leng": 0.8316110863 }, "geometry": { "type": "MultiLineString", "coordinates": [ [ [ -156.50391, 20.87497 ], [ -156.50392, 20.87496 ] ] ] } },
{ "type": "Feature", "properties": { "BMP": 0.83604, "EMP": 0.83939, "PREFIX": "SR", "ROUTE": "30", "ISLAND": "Maui", "DIRECTION": "+MP", "TYPE": "Sidewalk", "MATERIAL": "Concrete", "LENGTH": 42.0, "NHS": "YES", "Shape_Leng": 12.8888150128 }, "geometry": { "type": "MultiLineString", "coordinates": [ [ [ -156.50393, 20.87487 ], [ -156.50405, 20.8749 ] ] ] } },
{ "type": "Feature", "properties": { "BMP": 0.82108, "EMP": 0.82315, "PREFIX": "SR", "ROUTE": "30", "ISLAND": "Maui", "DIRECTION": "+MP", "TYPE": "Sidewalk", "MATERIAL": "Concrete", "LENGTH": 13.0, "NHS": "YES", "Shape_Leng": 3.8294809570099999 }, "geometry": { "type": "MultiLineString", "coordinates": [ [ [ -156.50395, 20.87513 ], [ -156.50394, 20.8751 ] ] ] } },
{ "type": "Feature", "properties": { "BMP": 0.8215, "EMP": 0.82158, "PREFIX": "SR", "ROUTE": "30", "ISLAND": "Maui", "DIRECTION": "+MP", "TYPE": "Sidewalk", "MATERIAL": "Concrete", "LENGTH": 3.0, "NHS": "YES", "Shape_Leng": 1.0597489231899999 }, "geometry": { "type": "MultiLineString", "coordinates": [ [ [ -156.50394, 20.87513 ], [ -156.50393, 20.87513 ] ] ] } },
{ "type": "Feature", "properties": { "BMP": 1.08097, "EMP": 1.08472, "PREFIX": "SR", "ROUTE": "30", "ISLAND": "Maui", "DIRECTION": "+MP", "TYPE": "Sidewalk", "MATERIAL": "Concrete", "LENGTH": 37.0, "NHS": "YES", "Shape_Leng": 11.106083960899999 }, "geometry": { "type": "MultiLineString", "coordinates": [ [ [ -156.50338, 20.87139 ], [ -156.50346, 20.87133 ] ] ] } },
{ "type": "Feature", "properties": { "BMP": 1.08433, "EMP": 1.08494, "PREFIX": "SR", "ROUTE": "30", "ISLAND": "Maui", "DIRECTION": "+MP", "TYPE": "Sidewalk", "MATERIAL": "Concrete", "LENGTH": 9.0, "NHS": "YES", "Shape_Leng": 2.6671354969799999 }, "geometry": { "type": "MultiLineString", "coordinates": [ [ [ -156.50332, 20.87134 ], [ -156.50334, 20.87135 ] ] ] } },
{ "type": "Feature", "properties": { "BMP": 1.98557, "EMP": 1.99119, "PREFIX": "SR", "ROUTE": "30", "ISLAND": "Maui", "DIRECTION": "+MP", "TYPE": "Sidewalk", "MATERIAL": "Concrete", "LENGTH": 47.0, "NHS": "YES", "Shape_Leng": 14.352863064699999 }, "geometry": { "type": "MultiLineString", "coordinates": [ [ [ -156.50328, 20.85827 ], [ -156.50337, 20.85836 ] ] ] } },
{ "type": "Feature", "properties": { "BMP": 21.42821, "EMP": 21.46311, "PREFIX": "SR", "ROUTE": "270", "ISLAND": "Hawaii", "DIRECTION": "+MP", "TYPE": "Sidewalk", "MATERIAL": "Concrete", "LENGTH": 183.0, "NHS": "YES", "Shape_Leng": 55.884000910200001 }, "geometry": { "type": "MultiLineString", "coordinates": [ [ [ -155.79924, 20.23052 ], [ -155.79871, 20.23045 ] ] ] } },
{ "type": "Feature", "properties": { "BMP": 21.39782, "EMP": 21.41869, "PREFIX": "SR", "ROUTE": "270", "ISLAND": "Hawaii", "DIRECTION": "+MP", "TYPE": "Sidewalk", "MATERIAL": "Concrete", "LENGTH": 110.0, "NHS": "YES", "Shape_Leng": 33.511289333199997 }, "geometry": { "type": "MultiLineString", "coordinates": [ [ [ -155.79971, 20.23057 ], [ -155.79939, 20.23053 ] ] ] } },
{ "type": "Feature", "properties": { "BMP": 19.20724, "EMP": 19.21732, "PREFIX": "SR", "ROUTE": "270", "ISLAND": "Hawaii", "DIRECTION": "+MP", "TYPE": "Sidewalk", "MATERIAL": "Concrete", "LENGTH": 53.0, "NHS": "YES", "Shape_Leng": 16.266073236899999 }, "geometry": { "type": "MultiLineString", "coordinates": [ [ [ -155.83202, 20.23785 ], [ -155.83186, 20.23785 ] ] ] } },
{ "type": "Feature", "properties": { "BMP": 19.24624, "EMP": 19.26387, "PREFIX": "SR", "ROUTE": "270", "ISLAND": "Hawaii", "DIRECTION": "+MP", "TYPE": "Sidewalk", "MATERIAL": "Concrete", "LENGTH": 93.0, "NHS": "YES", "Shape_Leng": 28.350215650199999 }, "geometry": { "type": "MultiLineString", "coordinates": [ [ [ -155.83141, 20.23786 ], [ -155.83114, 20.23788 ] ] ] } },
{ "type": "Feature", "properties": { "BMP": 19.28944, "EMP": 19.30055, "PREFIX": "SR", "ROUTE": "270", "ISLAND": "Hawaii", "DIRECTION": "+MP", "TYPE": "Sidewalk", "MATERIAL": "Concrete", "LENGTH": 62.0, "NHS": "YES", "Shape_Leng": 18.891886704299999 }, "geometry": { "type": "MultiLineString", "coordinates": [ [ [ -155.83075, 20.2379 ], [ -155.83058, 20.23788 ] ] ] } },
{ "type": "Feature", "properties": { "BMP": 1.26446, "EMP": 1.26364, "PREFIX": "SR", "ROUTE": "3800", "ISLAND": "Maui", "DIRECTION": "-MP", "TYPE": "Sidewalk", "MATERIAL": "Concrete", "LENGTH": 4.0, "NHS": "YES", "Shape_Leng": 1.3497429269900001 }, "geometry": { "type": "MultiLineString", "coordinates": [ [ [ -156.45722, 20.87838 ], [ -156.45721, 20.87838 ] ] ] } },
{ "type": "Feature", "properties": { "BMP": 3.58145, "EMP": 3.58074, "PREFIX": "SR", "ROUTE": "310", "ISLAND": "Maui", "DIRECTION": "-MP", "TYPE": "Sidewalk", "MATERIAL": "Concrete", "LENGTH": 13.0, "NHS": "NO", "Shape_Leng": 3.8370657169400002 }, "geometry": { "type": "MultiLineString", "coordinates": [ [ [ -156.46208, 20.78574 ], [ -156.46211, 20.78576 ] ] ] } },
{ "type": "Feature", "properties": { "BMP": 0.0125, "EMP": 0.0125, "PREFIX": "SR", "ROUTE": "31", "ISLAND": "Maui", "DIRECTION": "+MP", "TYPE": "Sidewalk", "MATERIAL": "Concrete", "LENGTH": 6.0, "NHS": "YES", "Shape_Leng": 1.96153031139 }, "geometry": { "type": "MultiLineString", "coordinates": [ [ [ -156.46188, 20.78554 ], [ -156.46189, 20.78553 ] ] ] } },
{ "type": "Feature", "properties": { "BMP": 0.40094, "EMP": 0.40098, "PREFIX": "SR", "ROUTE": "31", "ISLAND": "Maui", "DIRECTION": "+MP", "TYPE": "Sidewalk", "MATERIAL": "Concrete", "LENGTH": 5.0, "NHS": "YES", "Shape_Leng": 1.45384800473 }, "geometry": { "type": "MultiLineString", "coordinates": [ [ [ -156.45751, 20.78166 ], [ -156.45752, 20.78165 ] ] ] } },
{ "type": "Feature", "properties": { "BMP": 6.57813, "EMP": 6.63872, "PREFIX": "SR", "ROUTE": "31", "ISLAND": "Maui", "DIRECTION": "+MP", "TYPE": "Sidewalk", "MATERIAL": "Concrete", "LENGTH": 322.0, "NHS": "YES", "Shape_Leng": 98.1736421863 }, "geometry": { "type": "MultiLineString", "coordinates": [ [ [ -156.43232, 20.69646 ], [ -156.43214, 20.69559 ] ] ] } },
{ "type": "Feature", "properties": { "BMP": 6.6603, "EMP": 6.77288, "PREFIX": "SR", "ROUTE": "31", "ISLAND": "Maui", "DIRECTION": "+MP", "TYPE": "Sidewalk", "MATERIAL": "Concrete", "LENGTH": 596.0, "NHS": "YES", "Shape_Leng": 181.76607233600001 }, "geometry": { "type": "MultiLineString", "coordinates": [ [ [ -156.43204, 20.69529 ], [ -156.43159, 20.69371 ] ] ] } },
{ "type": "Feature", "properties": { "BMP": 7.08681, "EMP": 7.1492, "PREFIX": "SR", "ROUTE": "31", "ISLAND": "Maui", "DIRECTION": "+MP", "TYPE": "Sidewalk", "MATERIAL": "Concrete", "LENGTH": 331.0, "NHS": "YES", "Shape_Leng": 100.82235092499999 }, "geometry": { "type": "MultiLineString", "coordinates": [ [ [ -156.43044, 20.68928 ], [ -156.43025, 20.6884 ] ] ] } },
{ "type": "Feature", "properties": { "BMP": 2.81145, "EMP": 2.81145, "PREFIX": "SR", "ROUTE": "31", "ISLAND": "Maui", "DIRECTION": "-MP", "TYPE": "Sidewalk", "MATERIAL": "Concrete", "LENGTH": 5.0, "NHS": "YES", "Shape_Leng": 1.4813062377 }, "geometry": { "type": "MultiLineString", "coordinates": [ [ [ -156.44597, 20.74871 ], [ -156.44599, 20.74871 ] ] ] } },
{ "type": "Feature", "properties": { "BMP": 2.81204, "EMP": 2.81035, "PREFIX": "SR", "ROUTE": "31", "ISLAND": "Maui", "DIRECTION": "-MP", "TYPE": "Sidewalk", "MATERIAL": "Concrete", "LENGTH": 9.0, "NHS": "YES", "Shape_Leng": 2.7467957423599998 }, "geometry": { "type": "MultiLineString", "coordinates": [ [ [ -156.44597, 20.7487 ], [ -156.44597, 20.74873 ] ] ] } },
{ "type": "Feature", "properties": { "BMP": 2.80455, "EMP": 2.80438, "PREFIX": "SR", "ROUTE": "31", "ISLAND": "Maui", "DIRECTION": "-MP", "TYPE": "Sidewalk", "MATERIAL": "Concrete", "LENGTH": 13.0, "NHS": "YES", "Shape_Leng": 0.38429240205999998 }, "geometry": { "type": "MultiLineString", "coordinates": [ [ [ -156.44599, 20.74881 ], [ -156.446, 20.74881 ] ] ] } },
{ "type": "Feature", "properties": { "BMP": 2.25612, "EMP": 2.26263, "PREFIX": "SR", "ROUTE": "31", "ISLAND": "Maui", "DIRECTION": "+MP", "TYPE": "Sidewalk", "MATERIAL": "Concrete", "LENGTH": 34.0, "NHS": "YES", "Shape_Leng": 10.443061159000001 }, "geometry": { "type": "MultiLineString", "coordinates": [ [ [ -156.44815, 20.75657 ], [ -156.44812, 20.75648 ] ] ] } },
{ "type": "Feature", "properties": { "BMP": 5.93, "EMP": 5.93399, "PREFIX": "SR", "ROUTE": "31", "ISLAND": "Maui", "DIRECTION": "+MP", "TYPE": "Sidewalk", "MATERIAL": "Concrete", "LENGTH": 22.0, "NHS": "YES", "Shape_Leng": 6.5414594574900002 }, "geometry": { "type": "MultiLineString", "coordinates": [ [ [ -156.43472, 20.7056 ], [ -156.4347, 20.70554 ] ] ] } },
{ "type": "Feature", "properties": { "BMP": 0.91883, "EMP": 0.91842, "PREFIX": "SR", "ROUTE": "31", "ISLAND": "Maui", "DIRECTION": "-MP", "TYPE": "Sidewalk", "MATERIAL": "Concrete", "LENGTH": 7.0, "NHS": "YES", "Shape_Leng": 2.2368553754799998 }, "geometry": { "type": "MultiLineString", "coordinates": [ [ [ -156.45327, 20.77532 ], [ -156.45329, 20.77532 ] ] ] } },
{ "type": "Feature", "properties": { "BMP": 0.39314, "EMP": 0.39179, "PREFIX": "SR", "ROUTE": "31", "ISLAND": "Maui", "DIRECTION": "-MP", "TYPE": "Sidewalk", "MATERIAL": "Concrete", "LENGTH": 8.0, "NHS": "YES", "Shape_Leng": 2.3059397256700001 }, "geometry": { "type": "MultiLineString", "coordinates": [ [ [ -156.45737, 20.78183 ], [ -156.45738, 20.78185 ] ] ] } },
{ "type": "Feature", "properties": { "BMP": 0.39321, "EMP": 0.39321, "PREFIX": "SR", "ROUTE": "31", "ISLAND": "Maui", "DIRECTION": "-MP", "TYPE": "Sidewalk", "MATERIAL": "Concrete", "LENGTH": 5.0, "NHS": "YES", "Shape_Leng": 1.51015387964 }, "geometry": { "type": "MultiLineString", "coordinates": [ [ [ -156.45737, 20.78183 ], [ -156.45738, 20.78182 ] ] ] } },
{ "type": "Feature", "properties": { "BMP": 0.38649, "EMP": 0.38485, "PREFIX": "SR", "ROUTE": "31", "ISLAND": "Maui", "DIRECTION": "-MP", "TYPE": "Sidewalk", "MATERIAL": "Concrete", "LENGTH": 9.0, "NHS": "YES", "Shape_Leng": 2.6550750134899999 }, "geometry": { "type": "MultiLineString", "coordinates": [ [ [ -156.45745, 20.78189 ], [ -156.45747, 20.78191 ] ] ] } },
{ "type": "Feature", "properties": { "BMP": 0.33815, "EMP": 0.00905, "PREFIX": "SR", "ROUTE": "31", "ISLAND": "Maui", "DIRECTION": "-MP", "TYPE": "Shared-use path", "MATERIAL": "Asphalt", "LENGTH": 1742.0, "NHS": "YES", "Shape_Leng": 531.27250060200004 }, "geometry": { "type": "MultiLineString", "coordinates": [ [ [ -156.458, 20.78236 ], [ -156.46155, 20.78579 ] ] ] } },
{ "type": "Feature", "properties": { "BMP": 0.00497, "EMP": 0.00331, "PREFIX": "SR", "ROUTE": "31", "ISLAND": "Maui", "DIRECTION": "-MP", "TYPE": "Sidewalk", "MATERIAL": "Concrete", "LENGTH": 8.0, "NHS": "YES", "Shape_Leng": 2.58474827566 }, "geometry": { "type": "MultiLineString", "coordinates": [ [ [ -156.46162, 20.78581 ], [ -156.46163, 20.78583 ] ] ] } },
{ "type": "Feature", "properties": { "BMP": 0.00459, "EMP": 0.00459, "PREFIX": "SR", "ROUTE": "31", "ISLAND": "Maui", "DIRECTION": "-MP", "TYPE": "Sidewalk", "MATERIAL": "Concrete", "LENGTH": 12.0, "NHS": "YES", "Shape_Leng": 3.5631997819 }, "geometry": { "type": "MultiLineString", "coordinates": [ [ [ -156.46162, 20.78581 ], [ -156.46165, 20.78579 ] ] ] } },
{ "type": "Feature", "properties": { "BMP": 20.4282, "EMP": 20.43606, "PREFIX": "SR", "ROUTE": "30", "ISLAND": "Maui", "DIRECTION": "+MP", "TYPE": "Sidewalk", "MATERIAL": "Concrete", "LENGTH": 52.0, "NHS": "YES", "Shape_Leng": 15.8927708562 }, "geometry": { "type": "MultiLineString", "coordinates": [ [ [ -156.67159, 20.86883 ], [ -156.67156, 20.86896 ] ] ] } },
{ "type": "Feature", "properties": { "BMP": 20.44739, "EMP": 20.45505, "PREFIX": "SR", "ROUTE": "30", "ISLAND": "Maui", "DIRECTION": "+MP", "TYPE": "Sidewalk", "MATERIAL": "Concrete", "LENGTH": 60.0, "NHS": "YES", "Shape_Leng": 18.170472537399998 }, "geometry": { "type": "MultiLineString", "coordinates": [ [ [ -156.6716, 20.86912 ], [ -156.67173, 20.86919 ] ] ] } },
{ "type": "Feature", "properties": { "BMP": 20.97505, "EMP": 20.97946, "PREFIX": "SR", "ROUTE": "30", "ISLAND": "Maui", "DIRECTION": "+MP", "TYPE": "Sidewalk", "MATERIAL": "Concrete", "LENGTH": 31.0, "NHS": "YES", "Shape_Leng": 9.3026891428299994 }, "geometry": { "type": "MultiLineString", "coordinates": [ [ [ -156.67535, 20.87596 ], [ -156.67526, 20.87595 ] ] ] } },
{ "type": "Feature", "properties": { "BMP": 21.11199, "EMP": 21.12119, "PREFIX": "SR", "ROUTE": "30", "ISLAND": "Maui", "DIRECTION": "+MP", "TYPE": "Sidewalk", "MATERIAL": "Concrete", "LENGTH": 56.0, "NHS": "YES", "Shape_Leng": 16.953258251499999 }, "geometry": { "type": "MultiLineString", "coordinates": [ [ [ -156.67674, 20.87737 ], [ -156.6768, 20.87751 ] ] ] } },
{ "type": "Feature", "properties": { "BMP": 22.94572, "EMP": 22.94921, "PREFIX": "SR", "ROUTE": "30", "ISLAND": "Maui", "DIRECTION": "+MP", "TYPE": "Sidewalk", "MATERIAL": "Concrete", "LENGTH": 19.0, "NHS": "YES", "Shape_Leng": 5.7297339740900002 }, "geometry": { "type": "MultiLineString", "coordinates": [ [ [ -156.68448, 20.90189 ], [ -156.68448, 20.90194 ] ] ] } },
{ "type": "Feature", "properties": { "BMP": 22.95941, "EMP": 22.96588, "PREFIX": "SR", "ROUTE": "30", "ISLAND": "Maui", "DIRECTION": "+MP", "TYPE": "Sidewalk", "MATERIAL": "Concrete", "LENGTH": 41.0, "NHS": "YES", "Shape_Leng": 12.389640894499999 }, "geometry": { "type": "MultiLineString", "coordinates": [ [ [ -156.68445, 20.90209 ], [ -156.6845, 20.90219 ] ] ] } },
{ "type": "Feature", "properties": { "BMP": 23.17588, "EMP": 23.18287, "PREFIX": "SR", "ROUTE": "30", "ISLAND": "Maui", "DIRECTION": "+MP", "TYPE": "Sidewalk", "MATERIAL": "Concrete", "LENGTH": 50.0, "NHS": "YES", "Shape_Leng": 15.288513397299999 }, "geometry": { "type": "MultiLineString", "coordinates": [ [ [ -156.6858, 20.90499 ], [ -156.6858, 20.90511 ] ] ] } },
{ "type": "Feature", "properties": { "BMP": 23.18978, "EMP": 23.19571, "PREFIX": "SR", "ROUTE": "30", "ISLAND": "Maui", "DIRECTION": "+MP", "TYPE": "Sidewalk", "MATERIAL": "Concrete", "LENGTH": 44.0, "NHS": "YES", "Shape_Leng": 13.436374736499999 }, "geometry": { "type": "MultiLineString", "coordinates": [ [ [ -156.68585, 20.9052 ], [ -156.68596, 20.90524 ] ] ] } },
{ "type": "Feature", "properties": { "BMP": 24.08414, "EMP": 24.08444, "PREFIX": "SR", "ROUTE": "30", "ISLAND": "Maui", "DIRECTION": "+MP", "TYPE": "Sidewalk", "MATERIAL": "Concrete", "LENGTH": 18.0, "NHS": "YES", "Shape_Leng": 5.4499173401099998 }, "geometry": { "type": "MultiLineString", "coordinates": [ [ [ -156.69006, 20.91745 ], [ -156.69011, 20.91744 ] ] ] } },
{ "type": "Feature", "properties": { "BMP": 0.35078, "EMP": 0.43858, "PREFIX": "SR", "ROUTE": "340", "ISLAND": "Maui", "DIRECTION": "+MP", "TYPE": "Sidewalk", "MATERIAL": "Concrete", "LENGTH": 467.0, "NHS": "NO", "Shape_Leng": 142.508768651 }, "geometry": { "type": "MultiLineString", "coordinates": [ [ [ -156.50033, 20.92176 ], [ -156.50134, 20.92262 ] ] ] } },
{ "type": "Feature", "properties": { "BMP": 0.45376, "EMP": 0.61163, "PREFIX": "SR", "ROUTE": "340", "ISLAND": "Maui", "DIRECTION": "+MP", "TYPE": "Sidewalk", "MATERIAL": "Concrete", "LENGTH": 836.0, "NHS": "NO", "Shape_Leng": 254.789894019 }, "geometry": { "type": "MultiLineString", "coordinates": [ [ [ -156.50151, 20.92277 ], [ -156.50335, 20.92428 ] ] ] } },
{ "type": "Feature", "properties": { "BMP": 0.62341, "EMP": 0.66854, "PREFIX": "SR", "ROUTE": "340", "ISLAND": "Maui", "DIRECTION": "+MP", "TYPE": "Sidewalk", "MATERIAL": "Concrete", "LENGTH": 244.0, "NHS": "NO", "Shape_Leng": 74.510367951800006 }, "geometry": { "type": "MultiLineString", "coordinates": [ [ [ -156.50348, 20.92439 ], [ -156.50402, 20.92482 ] ] ] } },
{ "type": "Feature", "properties": { "BMP": 0.67961, "EMP": 0.76879, "PREFIX": "SR", "ROUTE": "340", "ISLAND": "Maui", "DIRECTION": "+MP", "TYPE": "Sidewalk", "MATERIAL": "Concrete", "LENGTH": 473.0, "NHS": "NO", "Shape_Leng": 144.24486157300001 }, "geometry": { "type": "MultiLineString", "coordinates": [ [ [ -156.50415, 20.92492 ], [ -156.50521, 20.92575 ] ] ] } },
{ "type": "Feature", "properties": { "BMP": 6.40669, "EMP": 6.13046, "PREFIX": "SR", "ROUTE": "311", "ISLAND": "Maui", "DIRECTION": "-MP", "TYPE": "Shared-use path", "MATERIAL": "Asphalt", "LENGTH": 1436.0, "NHS": "YES", "Shape_Leng": 438.14216187 }, "geometry": { "type": "MultiLineString", "coordinates": [ [ [ -156.46172, 20.78593 ], [ -156.4632, 20.78956 ] ] ] } },
{ "type": "Feature", "properties": { "BMP": 0.78206, "EMP": 1.07114, "PREFIX": "SR", "ROUTE": "340", "ISLAND": "Maui", "DIRECTION": "+MP", "TYPE": "Sidewalk", "MATERIAL": "Concrete", "LENGTH": 1536.0, "NHS": "NO", "Shape_Leng": 468.554069669 }, "geometry": { "type": "MultiLineString", "coordinates": [ [ [ -156.50536, 20.92588 ], [ -156.50892, 20.92843 ] ] ] } },
{ "type": "Feature", "properties": { "BMP": 1.08496, "EMP": 1.1721, "PREFIX": "SR", "ROUTE": "340", "ISLAND": "Maui", "DIRECTION": "+MP", "TYPE": "Sidewalk", "MATERIAL": "Concrete", "LENGTH": 457.0, "NHS": "NO", "Shape_Leng": 139.44353399299999 }, "geometry": { "type": "MultiLineString", "coordinates": [ [ [ -156.5091, 20.92855 ], [ -156.51011, 20.92935 ] ] ] } },
{ "type": "Feature", "properties": { "BMP": 6.12421, "EMP": 5.62704, "PREFIX": "SR", "ROUTE": "311", "ISLAND": "Maui", "DIRECTION": "-MP", "TYPE": "Shared-use path", "MATERIAL": "Asphalt", "LENGTH": 2624.0, "NHS": "YES", "Shape_Leng": 800.49068256500004 }, "geometry": { "type": "MultiLineString", "coordinates": [ [ [ -156.46322, 20.78964 ], [ -156.46492, 20.79669 ] ] ] } },
{ "type": "Feature", "properties": { "BMP": 3.39229, "EMP": 3.08518, "PREFIX": "SR", "ROUTE": "311", "ISLAND": "Maui", "DIRECTION": "-MP", "TYPE": "Shared-use path", "MATERIAL": "Asphalt", "LENGTH": 1626.0, "NHS": "YES", "Shape_Leng": 495.97313400199999 }, "geometry": { "type": "MultiLineString", "coordinates": [ [ [ -156.46608, 20.8287 ], [ -156.46556, 20.83314 ] ] ] } },
{ "type": "Feature", "properties": { "BMP": 2.44215, "EMP": 2.23032, "PREFIX": "SR", "ROUTE": "311", "ISLAND": "Maui", "DIRECTION": "-MP", "TYPE": "Shared-use path", "MATERIAL": "Asphalt", "LENGTH": 1119.0, "NHS": "YES", "Shape_Leng": 341.47233594699998 }, "geometry": { "type": "MultiLineString", "coordinates": [ [ [ -156.46333, 20.84222 ], [ -156.46254, 20.84521 ] ] ] } },
{ "type": "Feature", "properties": { "BMP": 2.22747, "EMP": 2.22536, "PREFIX": "SR", "ROUTE": "311", "ISLAND": "Maui", "DIRECTION": "-MP", "TYPE": "Sidewalk", "MATERIAL": "Concrete", "LENGTH": 13.0, "NHS": "YES", "Shape_Leng": 3.9997179197600001 }, "geometry": { "type": "MultiLineString", "coordinates": [ [ [ -156.46258, 20.84526 ], [ -156.46259, 20.84529 ] ] ] } },
{ "type": "Feature", "properties": { "BMP": 2.20978, "EMP": 1.78678, "PREFIX": "SR", "ROUTE": "311", "ISLAND": "Maui", "DIRECTION": "-MP", "TYPE": "Shared-use path", "MATERIAL": "Asphalt", "LENGTH": 2235.0, "NHS": "YES", "Shape_Leng": 681.81128636000005 }, "geometry": { "type": "MultiLineString", "coordinates": [ [ [ -156.46252, 20.84551 ], [ -156.46088, 20.85146 ] ] ] } },
{ "type": "Feature", "properties": { "BMP": 5.62036, "EMP": 5.26273, "PREFIX": "SR", "ROUTE": "311", "ISLAND": "Maui", "DIRECTION": "-MP", "TYPE": "Shared-use path", "MATERIAL": "Asphalt", "LENGTH": 1887.0, "NHS": "YES", "Shape_Leng": 575.49307932199997 }, "geometry": { "type": "MultiLineString", "coordinates": [ [ [ -156.46495, 20.79678 ], [ -156.46619, 20.80185 ] ] ] } },
{ "type": "Feature", "properties": { "BMP": 1.77962, "EMP": 0.92722, "PREFIX": "SR", "ROUTE": "311", "ISLAND": "Maui", "DIRECTION": "-MP", "TYPE": "Shared-use path", "MATERIAL": "Asphalt", "LENGTH": 4499.0, "NHS": "YES", "Shape_Leng": 1372.5444226300001 }, "geometry": { "type": "MultiLineString", "coordinates": [ [ [ -156.46086, 20.85156 ], [ -156.45768, 20.86358 ] ] ] } },
{ "type": "Feature", "properties": { "BMP": 0.91513, "EMP": 0.59993, "PREFIX": "SR", "ROUTE": "311", "ISLAND": "Maui", "DIRECTION": "-MP", "TYPE": "Shared-use path", "MATERIAL": "Asphalt", "LENGTH": 1679.0, "NHS": "YES", "Shape_Leng": 512.25394551399995 }, "geometry": { "type": "MultiLineString", "coordinates": [ [ [ -156.45764, 20.86376 ], [ -156.45675, 20.86828 ] ] ] } },
{ "type": "Feature", "properties": { "BMP": 0.59717, "EMP": 0.59378, "PREFIX": "SR", "ROUTE": "311", "ISLAND": "Maui", "DIRECTION": "-MP", "TYPE": "Sidewalk", "MATERIAL": "Concrete", "LENGTH": 20.0, "NHS": "YES", "Shape_Leng": 6.2477492656700004 }, "geometry": { "type": "MultiLineString", "coordinates": [ [ [ -156.4568, 20.86832 ], [ -156.45682, 20.86837 ] ] ] } },
{ "type": "Feature", "properties": { "BMP": 0.57777, "EMP": 0.21954, "PREFIX": "SR", "ROUTE": "311", "ISLAND": "Maui", "DIRECTION": "-MP", "TYPE": "Shared-use path", "MATERIAL": "Asphalt", "LENGTH": 1919.0, "NHS": "YES", "Shape_Leng": 585.20223396300003 }, "geometry": { "type": "MultiLineString", "coordinates": [ [ [ -156.45677, 20.86861 ], [ -156.4587, 20.87349 ] ] ] } },
{ "type": "Feature", "properties": { "BMP": 0.21605, "EMP": 0.2141, "PREFIX": "SR", "ROUTE": "311", "ISLAND": "Maui", "DIRECTION": "-MP", "TYPE": "Sidewalk", "MATERIAL": "Concrete", "LENGTH": 10.0, "NHS": "YES", "Shape_Leng": 3.1300434882200001 }, "geometry": { "type": "MultiLineString", "coordinates": [ [ [ -156.45875, 20.87352 ], [ -156.45877, 20.87354 ] ] ] } },
{ "type": "Feature", "properties": { "BMP": 0.58502, "EMP": 0.58219, "PREFIX": "SR", "ROUTE": "311", "ISLAND": "Maui", "DIRECTION": "-MP", "TYPE": "Sidewalk", "MATERIAL": "Concrete", "LENGTH": 16.0, "NHS": "YES", "Shape_Leng": 4.8485012480799998 }, "geometry": { "type": "MultiLineString", "coordinates": [ [ [ -156.45681, 20.8685 ], [ -156.45681, 20.86854 ] ] ] } },
{ "type": "Feature", "properties": { "BMP": 0.46432, "EMP": 0.45504, "PREFIX": "SR", "ROUTE": "3400", "ISLAND": "Maui", "DIRECTION": "-MP", "TYPE": "Sidewalk", "MATERIAL": "Concrete", "LENGTH": 58.0, "NHS": "NO", "Shape_Leng": 17.813632417600001 }, "geometry": { "type": "MultiLineString", "coordinates": [ [ [ -156.47811, 20.89396 ], [ -156.47807, 20.89381 ] ] ] } },
{ "type": "Feature", "properties": { "BMP": 0.4412, "EMP": 0.43859, "PREFIX": "SR", "ROUTE": "3400", "ISLAND": "Maui", "DIRECTION": "-MP", "TYPE": "Sidewalk", "MATERIAL": "Concrete", "LENGTH": 33.0, "NHS": "NO", "Shape_Leng": 10.0194690328 }, "geometry": { "type": "MultiLineString", "coordinates": [ [ [ -156.47786, 20.89372 ], [ -156.47781, 20.89371 ] ] ] } },
{ "type": "Feature", "properties": { "BMP": 0.25354, "EMP": 0.0853, "PREFIX": "SR", "ROUTE": "3400", "ISLAND": "Maui", "DIRECTION": "-MP", "TYPE": "Sidewalk", "MATERIAL": "Concrete", "LENGTH": 875.0, "NHS": "NO", "Shape_Leng": 266.99849817 }, "geometry": { "type": "MultiLineString", "coordinates": [ [ [ -156.47555, 20.89203 ], [ -156.47355, 20.89053 ] ] ] } },
{ "type": "Feature", "properties": { "BMP": 0.07653, "EMP": 0.0, "PREFIX": "SR", "ROUTE": "3400", "ISLAND": "Maui", "DIRECTION": "-MP", "TYPE": "Sidewalk", "MATERIAL": "Concrete", "LENGTH": 395.0, "NHS": "NO", "Shape_Leng": 120.42672724800001 }, "geometry": { "type": "MultiLineString", "coordinates": [ [ [ -156.47348, 20.89043 ], [ -156.4731, 20.88943 ] ] ] } },
{ "type": "Feature", "properties": { "BMP": 0.0, "EMP": 0.0, "PREFIX": "SR", "ROUTE": "3400", "ISLAND": "Maui", "DIRECTION": "-MP", "TYPE": "Sidewalk", "MATERIAL": "Concrete", "LENGTH": 17.0, "NHS": "NO", "Shape_Leng": 5.2949262506399997 }, "geometry": { "type": "MultiLineString", "coordinates": [ [ [ -156.47303, 20.88941 ], [ -156.47298, 20.88942 ] ] ] } },
{ "type": "Feature", "properties": { "BMP": 0.00402, "EMP": 0.00584, "PREFIX": "SR", "ROUTE": "380", "ISLAND": "Maui", "DIRECTION": "+MP", "TYPE": "Sidewalk", "MATERIAL": "Concrete", "LENGTH": 15.0, "NHS": "NO", "Shape_Leng": 4.6040269602399997 }, "geometry": { "type": "MultiLineString", "coordinates": [ [ [ -156.4519, 20.88773 ], [ -156.45194, 20.88772 ] ] ] } },
{ "type": "Feature", "properties": { "BMP": 0.01457, "EMP": 0.07937, "PREFIX": "SR", "ROUTE": "380", "ISLAND": "Maui", "DIRECTION": "+MP", "TYPE": "Sidewalk", "MATERIAL": "Concrete", "LENGTH": 357.0, "NHS": "NO", "Shape_Leng": 108.870431344 }, "geometry": { "type": "MultiLineString", "coordinates": [ [ [ -156.45207, 20.88763 ], [ -156.4524, 20.88674 ] ] ] } },
{ "type": "Feature", "properties": { "BMP": 0.1212, "EMP": 0.13754, "PREFIX": "SR", "ROUTE": "380", "ISLAND": "Maui", "DIRECTION": "+MP", "TYPE": "Sidewalk", "MATERIAL": "Concrete", "LENGTH": 86.0, "NHS": "NO", "Shape_Leng": 26.220786242399999 }, "geometry": { "type": "MultiLineString", "coordinates": [ [ [ -156.45263, 20.88617 ], [ -156.45273, 20.88595 ] ] ] } },
{ "type": "Feature", "properties": { "BMP": 0.09191, "EMP": 0.11294, "PREFIX": "SR", "ROUTE": "380", "ISLAND": "Maui", "DIRECTION": "+MP", "TYPE": "Sidewalk", "MATERIAL": "Concrete", "LENGTH": 113.0, "NHS": "NO", "Shape_Leng": 34.488223134099997 }, "geometry": { "type": "MultiLineString", "coordinates": [ [ [ -156.45248, 20.88657 ], [ -156.45258, 20.88628 ] ] ] } },
{ "type": "Feature", "properties": { "BMP": 0.15384, "EMP": 0.15509, "PREFIX": "SR", "ROUTE": "380", "ISLAND": "Maui", "DIRECTION": "+MP", "TYPE": "Sidewalk", "MATERIAL": "Concrete", "LENGTH": 14.0, "NHS": "NO", "Shape_Leng": 4.2583921920999996 }, "geometry": { "type": "MultiLineString", "coordinates": [ [ [ -156.45286, 20.88574 ], [ -156.45284, 20.88571 ] ] ] } },
{ "type": "Feature", "properties": { "BMP": 0.747, "EMP": 0.74865, "PREFIX": "SR", "ROUTE": "380", "ISLAND": "Maui", "DIRECTION": "+MP", "TYPE": "Sidewalk", "MATERIAL": "Concrete", "LENGTH": 20.0, "NHS": "NO", "Shape_Leng": 6.0947612160300002 }, "geometry": { "type": "MultiLineString", "coordinates": [ [ [ -156.45756, 20.87855 ], [ -156.4575, 20.87855 ] ] ] } },
{ "type": "Feature", "properties": { "BMP": 1.77585, "EMP": 1.54603, "PREFIX": "SR", "ROUTE": "3400", "ISLAND": "Maui", "DIRECTION": "-MP", "TYPE": "Sidewalk", "MATERIAL": "Concrete", "LENGTH": 1234.0, "NHS": "NO", "Shape_Leng": 376.20689089299998 }, "geometry": { "type": "MultiLineString", "coordinates": [ [ [ -156.49006, 20.90808 ], [ -156.48716, 20.90619 ] ] ] } },
{ "type": "Feature", "properties": { "BMP": 1.17381, "EMP": 1.13226, "PREFIX": "SR", "ROUTE": "3400", "ISLAND": "Maui", "DIRECTION": "-MP", "TYPE": "Sidewalk", "MATERIAL": "Concrete", "LENGTH": 195.0, "NHS": "NO", "Shape_Leng": 59.502980904799998 }, "geometry": { "type": "MultiLineString", "coordinates": [ [ [ -156.48321, 20.90281 ], [ -156.48306, 20.90235 ] ] ] } },
{ "type": "Feature", "properties": { "BMP": 0.00014, "EMP": 0.00014, "PREFIX": "SR", "ROUTE": "32A", "ISLAND": "Maui", "DIRECTION": "+MP", "TYPE": "Sidewalk", "MATERIAL": "Concrete", "LENGTH": 5.0, "NHS": "YES", "Shape_Leng": 1.3834232464 }, "geometry": { "type": "MultiLineString", "coordinates": [ [ [ -156.46135, 20.89133 ], [ -156.46136, 20.89132 ] ] ] } },
{ "type": "Feature", "properties": { "BMP": 0.23658, "EMP": 0.37094, "PREFIX": "SR", "ROUTE": "32", "ISLAND": "Maui", "DIRECTION": "+MP", "TYPE": "Sidewalk", "MATERIAL": "Concrete", "LENGTH": 713.0, "NHS": "YES", "Shape_Leng": 217.346526076 }, "geometry": { "type": "MultiLineString", "coordinates": [ [ [ -156.50142, 20.88773 ], [ -156.4994, 20.88808 ] ] ] } },
{ "type": "Feature", "properties": { "BMP": 0.21264, "EMP": 0.15346, "PREFIX": "SR", "ROUTE": "32A", "ISLAND": "Maui", "DIRECTION": "-MP", "TYPE": "Sidewalk", "MATERIAL": "Concrete", "LENGTH": 330.0, "NHS": "YES", "Shape_Leng": 100.723475658 }, "geometry": { "type": "MultiLineString", "coordinates": [ [ [ -156.4625, 20.89433 ], [ -156.46238, 20.89347 ] ] ] } },
{ "type": "Feature", "properties": { "BMP": 0.0046, "EMP": 0.00456, "PREFIX": "SR", "ROUTE": "32A", "ISLAND": "Maui", "DIRECTION": "-MP", "TYPE": "Sidewalk", "MATERIAL": "Concrete", "LENGTH": 5.0, "NHS": "YES", "Shape_Leng": 1.5805389588700001 }, "geometry": { "type": "MultiLineString", "coordinates": [ [ [ -156.46154, 20.89144 ], [ -156.46155, 20.89144 ] ] ] } },
{ "type": "Feature", "properties": { "BMP": 0.0907, "EMP": 0.0354, "PREFIX": "SR", "ROUTE": "32A", "ISLAND": "Maui", "DIRECTION": "-MP", "TYPE": "Sidewalk", "MATERIAL": "Concrete", "LENGTH": 297.0, "NHS": "YES", "Shape_Leng": 90.699039074300003 }, "geometry": { "type": "MultiLineString", "coordinates": [ [ [ -156.46195, 20.89263 ], [ -156.46174, 20.89185 ] ] ] } },
{ "type": "Feature", "properties": { "BMP": 0.01975, "EMP": 0.05785, "PREFIX": "SR", "ROUTE": "32", "ISLAND": "Maui", "DIRECTION": "+MP", "TYPE": "Sidewalk", "MATERIAL": "Concrete", "LENGTH": 210.0, "NHS": "YES", "Shape_Leng": 64.0622956176 }, "geometry": { "type": "MultiLineString", "coordinates": [ [ [ -156.5047, 20.88686 ], [ -156.50414, 20.88705 ] ] ] } },
{ "type": "Feature", "properties": { "BMP": 0.06423, "EMP": 0.13806, "PREFIX": "SR", "ROUTE": "32", "ISLAND": "Maui", "DIRECTION": "+MP", "TYPE": "Sidewalk", "MATERIAL": "Concrete", "LENGTH": 412.0, "NHS": "YES", "Shape_Leng": 125.5856924 }, "geometry": { "type": "MultiLineString", "coordinates": [ [ [ -156.50404, 20.88707 ], [ -156.50291, 20.88735 ] ] ] } },
{ "type": "Feature", "properties": { "BMP": 0.75572, "EMP": 0.83289, "PREFIX": "SR", "ROUTE": "32", "ISLAND": "Maui", "DIRECTION": "+MP", "TYPE": "Sidewalk", "MATERIAL": "Concrete", "LENGTH": 440.0, "NHS": "YES", "Shape_Leng": 134.114562898 }, "geometry": { "type": "MultiLineString", "coordinates": [ [ [ -156.49356, 20.88852 ], [ -156.49237, 20.88855 ] ] ] } },
{ "type": "Feature", "properties": { "BMP": 0.8357, "EMP": 0.89884, "PREFIX": "SR", "ROUTE": "32", "ISLAND": "Maui", "DIRECTION": "+MP", "TYPE": "Sidewalk", "MATERIAL": "Concrete", "LENGTH": 345.0, "NHS": "YES", "Shape_Leng": 105.009489508 }, "geometry": { "type": "MultiLineString", "coordinates": [ [ [ -156.49232, 20.88863 ], [ -156.49135, 20.88854 ] ] ] } },
{ "type": "Feature", "properties": { "BMP": 1.11602, "EMP": 1.18014, "PREFIX": "SR", "ROUTE": "32", "ISLAND": "Maui", "DIRECTION": "+MP", "TYPE": "Sidewalk", "MATERIAL": "Concrete", "LENGTH": 359.0, "NHS": "YES", "Shape_Leng": 109.534977494 }, "geometry": { "type": "MultiLineString", "coordinates": [ [ [ -156.48799, 20.88868 ], [ -156.48701, 20.88852 ] ] ] } },
{ "type": "Feature", "properties": { "BMP": 2.22862, "EMP": 2.28499, "PREFIX": "SR", "ROUTE": "32", "ISLAND": "Maui", "DIRECTION": "+MP", "TYPE": "Sidewalk", "MATERIAL": "Concrete", "LENGTH": 313.0, "NHS": "YES", "Shape_Leng": 95.324148943899999 }, "geometry": { "type": "MultiLineString", "coordinates": [ [ [ -156.47095, 20.8898 ], [ -156.4701, 20.89001 ] ] ] } },
{ "type": "Feature", "properties": { "BMP": 2.38582, "EMP": 2.47453, "PREFIX": "SR", "ROUTE": "32", "ISLAND": "Maui", "DIRECTION": "+MP", "TYPE": "Sidewalk", "MATERIAL": "Concrete", "LENGTH": 485.0, "NHS": "YES", "Shape_Leng": 148.075938409 }, "geometry": { "type": "MultiLineString", "coordinates": [ [ [ -156.46863, 20.89052 ], [ -156.46736, 20.89102 ] ] ] } },
{ "type": "Feature", "properties": { "BMP": 2.48535, "EMP": 2.5396, "PREFIX": "SR", "ROUTE": "32", "ISLAND": "Maui", "DIRECTION": "+MP", "TYPE": "Sidewalk", "MATERIAL": "Concrete", "LENGTH": 315.0, "NHS": "YES", "Shape_Leng": 96.137932665299999 }, "geometry": { "type": "MultiLineString", "coordinates": [ [ [ -156.46718, 20.89103 ], [ -156.46645, 20.89143 ] ] ] } },
{ "type": "Feature", "properties": { "BMP": 2.54384, "EMP": 2.58989, "PREFIX": "SR", "ROUTE": "32", "ISLAND": "Maui", "DIRECTION": "+MP", "TYPE": "Sidewalk", "MATERIAL": "Concrete", "LENGTH": 244.0, "NHS": "YES", "Shape_Leng": 74.434300631200003 }, "geometry": { "type": "MultiLineString", "coordinates": [ [ [ -156.4664, 20.89147 ], [ -156.46574, 20.89172 ] ] ] } },
{ "type": "Feature", "properties": { "BMP": 2.60022, "EMP": 2.67742, "PREFIX": "SR", "ROUTE": "32", "ISLAND": "Maui", "DIRECTION": "+MP", "TYPE": "Sidewalk", "MATERIAL": "Concrete", "LENGTH": 417.0, "NHS": "YES", "Shape_Leng": 127.194602746 }, "geometry": { "type": "MultiLineString", "coordinates": [ [ [ -156.46559, 20.89178 ], [ -156.4645, 20.89225 ] ] ] } },
{ "type": "Feature", "properties": { "BMP": 0.14346, "EMP": 0.22926, "PREFIX": "SR", "ROUTE": "32", "ISLAND": "Maui", "DIRECTION": "+MP", "TYPE": "Sidewalk", "MATERIAL": "Concrete", "LENGTH": 470.0, "NHS": "YES", "Shape_Leng": 143.13353201199999 }, "geometry": { "type": "MultiLineString", "coordinates": [ [ [ -156.50283, 20.8874 ], [ -156.50152, 20.88769 ] ] ] } },
{ "type": "Feature", "properties": { "BMP": 0.40206, "EMP": 0.53063, "PREFIX": "SR", "ROUTE": "32", "ISLAND": "Maui", "DIRECTION": "+MP", "TYPE": "Sidewalk", "MATERIAL": "Concrete", "LENGTH": 687.0, "NHS": "YES", "Shape_Leng": 209.538227995 }, "geometry": { "type": "MultiLineString", "coordinates": [ [ [ -156.49893, 20.88821 ], [ -156.49701, 20.88869 ] ] ] } },
{ "type": "Feature", "properties": { "BMP": 0.89812, "EMP": 0.90481, "PREFIX": "SR", "ROUTE": "32", "ISLAND": "Maui", "DIRECTION": "+MP", "TYPE": "Sidewalk", "MATERIAL": "Concrete", "LENGTH": 37.0, "NHS": "YES", "Shape_Leng": 11.245879627700001 }, "geometry": { "type": "MultiLineString", "coordinates": [ [ [ -156.49136, 20.88865 ], [ -156.49126, 20.88867 ] ] ] } },
{ "type": "Feature", "properties": { "BMP": 0.91459, "EMP": 0.92201, "PREFIX": "SR", "ROUTE": "32", "ISLAND": "Maui", "DIRECTION": "+MP", "TYPE": "Sidewalk", "MATERIAL": "Concrete", "LENGTH": 40.0, "NHS": "YES", "Shape_Leng": 12.2006255339 }, "geometry": { "type": "MultiLineString", "coordinates": [ [ [ -156.4911, 20.88867 ], [ -156.49099, 20.88865 ] ] ] } },
{ "type": "Feature", "properties": { "BMP": 0.91889, "EMP": 0.93104, "PREFIX": "SR", "ROUTE": "32", "ISLAND": "Maui", "DIRECTION": "+MP", "TYPE": "Sidewalk", "MATERIAL": "Concrete", "LENGTH": 79.0, "NHS": "YES", "Shape_Leng": 24.159482328300001 }, "geometry": { "type": "MultiLineString", "coordinates": [ [ [ -156.49104, 20.88852 ], [ -156.49085, 20.88863 ] ] ] } },
{ "type": "Feature", "properties": { "BMP": 1.89294, "EMP": 1.89497, "PREFIX": "SR", "ROUTE": "32", "ISLAND": "Maui", "DIRECTION": "+MP", "TYPE": "Sidewalk", "MATERIAL": "Concrete", "LENGTH": 11.0, "NHS": "YES", "Shape_Leng": 3.47563365207 }, "geometry": { "type": "MultiLineString", "coordinates": [ [ [ -156.47598, 20.88865 ], [ -156.47595, 20.88866 ] ] ] } },
{ "type": "Feature", "properties": { "BMP": 1.90117, "EMP": 1.90485, "PREFIX": "SR", "ROUTE": "32", "ISLAND": "Maui", "DIRECTION": "+MP", "TYPE": "Sidewalk", "MATERIAL": "Concrete", "LENGTH": 20.0, "NHS": "YES", "Shape_Leng": 6.0646424110300003 }, "geometry": { "type": "MultiLineString", "coordinates": [ [ [ -156.47585, 20.88866 ], [ -156.4758, 20.88867 ] ] ] } },
{ "type": "Feature", "properties": { "BMP": 2.2047, "EMP": 2.22178, "PREFIX": "SR", "ROUTE": "32", "ISLAND": "Maui", "DIRECTION": "+MP", "TYPE": "Sidewalk", "MATERIAL": "Concrete", "LENGTH": 90.0, "NHS": "YES", "Shape_Leng": 27.308730348800001 }, "geometry": { "type": "MultiLineString", "coordinates": [ [ [ -156.47129, 20.88968 ], [ -156.47105, 20.88977 ] ] ] } },
{ "type": "Feature", "properties": { "BMP": 1.90372, "EMP": 2.09088, "PREFIX": "SR", "ROUTE": "32", "ISLAND": "Maui", "DIRECTION": "+MP", "TYPE": "Sidewalk", "MATERIAL": "Concrete", "LENGTH": 1023.0, "NHS": "YES", "Shape_Leng": 311.95319671300001 }, "geometry": { "type": "MultiLineString", "coordinates": [ [ [ -156.47582, 20.88854 ], [ -156.47293, 20.88906 ] ] ] } },
{ "type": "Feature", "properties": { "BMP": 2.10828, "EMP": 2.19313, "PREFIX": "SR", "ROUTE": "32", "ISLAND": "Maui", "DIRECTION": "+MP", "TYPE": "Sidewalk", "MATERIAL": "Concrete", "LENGTH": 462.0, "NHS": "YES", "Shape_Leng": 140.90126885399999 }, "geometry": { "type": "MultiLineString", "coordinates": [ [ [ -156.47267, 20.88913 ], [ -156.47146, 20.88962 ] ] ] } },
{ "type": "Feature", "properties": { "BMP": 0.18266, "EMP": 0.18246, "PREFIX": "SR", "ROUTE": "380", "ISLAND": "Maui", "DIRECTION": "-MP", "TYPE": "Sidewalk", "MATERIAL": "Concrete", "LENGTH": 6.0, "NHS": "NO", "Shape_Leng": 1.7205566132000001 }, "geometry": { "type": "MultiLineString", "coordinates": [ [ [ -156.45281, 20.88528 ], [ -156.45282, 20.88529 ] ] ] } },
{ "type": "Feature", "properties": { "BMP": 0.13832, "EMP": 0.09597, "PREFIX": "SR", "ROUTE": "380", "ISLAND": "Maui", "DIRECTION": "-MP", "TYPE": "Sidewalk", "MATERIAL": "Concrete", "LENGTH": 224.0, "NHS": "NO", "Shape_Leng": 68.288616514300003 }, "geometry": { "type": "MultiLineString", "coordinates": [ [ [ -156.45257, 20.88588 ], [ -156.4523, 20.88644 ] ] ] } },
{ "type": "Feature", "properties": { "BMP": 0.07903, "EMP": 0.06125, "PREFIX": "SR", "ROUTE": "380", "ISLAND": "Maui", "DIRECTION": "-MP", "TYPE": "Sidewalk", "MATERIAL": "Concrete", "LENGTH": 94.0, "NHS": "NO", "Shape_Leng": 28.557298941799999 }, "geometry": { "type": "MultiLineString", "coordinates": [ [ [ -156.4522, 20.88667 ], [ -156.45209, 20.8869 ] ] ] } },
{ "type": "Feature", "properties": { "BMP": 0.05537, "EMP": 0.0529, "PREFIX": "SR", "ROUTE": "380", "ISLAND": "Maui", "DIRECTION": "-MP", "TYPE": "Sidewalk", "MATERIAL": "Concrete", "LENGTH": 13.0, "NHS": "NO", "Shape_Leng": 3.9691613232199998 }, "geometry": { "type": "MultiLineString", "coordinates": [ [ [ -156.45205, 20.88698 ], [ -156.45204, 20.88702 ] ] ] } },
{ "type": "Feature", "properties": { "BMP": 0.04484, "EMP": 0.0, "PREFIX": "SR", "ROUTE": "380", "ISLAND": "Maui", "DIRECTION": "-MP", "TYPE": "Sidewalk", "MATERIAL": "Concrete", "LENGTH": 234.0, "NHS": "NO", "Shape_Leng": 71.481597814899999 }, "geometry": { "type": "MultiLineString", "coordinates": [ [ [ -156.45198, 20.88712 ], [ -156.45167, 20.8877 ] ] ] } },
{ "type": "Feature", "properties": { "BMP": 121.63051, "EMP": 121.64072, "PREFIX": "SR", "ROUTE": "11", "ISLAND": "Hawaii", "DIRECTION": "+MP", "TYPE": "Sidewalk", "MATERIAL": "Concrete", "LENGTH": 63.0, "NHS": "NO", "Shape_Leng": 19.25328366 }, "geometry": { "type": "MultiLineString", "coordinates": [ [ [ -155.98856, 19.64412 ], [ -155.98867, 19.64425 ] ] ] } },
{ "type": "Feature", "properties": { "BMP": 121.96632, "EMP": 121.98014, "PREFIX": "SR", "ROUTE": "11", "ISLAND": "Hawaii", "DIRECTION": "+MP", "TYPE": "Sidewalk", "MATERIAL": "Concrete", "LENGTH": 104.0, "NHS": "NO", "Shape_Leng": 31.676987950699999 }, "geometry": { "type": "MultiLineString", "coordinates": [ [ [ -155.99314, 19.64637 ], [ -155.99324, 19.64663 ] ] ] } },
{ "type": "Feature", "properties": { "BMP": 1.02294, "EMP": 1.02189, "PREFIX": "SR", "ROUTE": "380", "ISLAND": "Maui", "DIRECTION": "-MP", "TYPE": "Sidewalk", "MATERIAL": "Concrete", "LENGTH": 13.0, "NHS": "NO", "Shape_Leng": 4.08999326102 }, "geometry": { "type": "MultiLineString", "coordinates": [ [ [ -156.46047, 20.87603 ], [ -156.46048, 20.87606 ] ] ] } },
{ "type": "Feature", "properties": { "BMP": 0.76759, "EMP": 0.76513, "PREFIX": "SR", "ROUTE": "380", "ISLAND": "Maui", "DIRECTION": "-MP", "TYPE": "Sidewalk", "MATERIAL": "Concrete", "LENGTH": 14.0, "NHS": "NO", "Shape_Leng": 4.4069954247099998 }, "geometry": { "type": "MultiLineString", "coordinates": [ [ [ -156.45742, 20.87828 ], [ -156.45739, 20.8783 ] ] ] } },
{ "type": "Feature", "properties": { "BMP": 0.74591, "EMP": 0.74505, "PREFIX": "SR", "ROUTE": "380", "ISLAND": "Maui", "DIRECTION": "-MP", "TYPE": "Sidewalk", "MATERIAL": "Concrete", "LENGTH": 7.0, "NHS": "NO", "Shape_Leng": 2.1891908706300001 }, "geometry": { "type": "MultiLineString", "coordinates": [ [ [ -156.45732, 20.87861 ], [ -156.45733, 20.87862 ] ] ] } },
{ "type": "Feature", "properties": { "BMP": 0.74031, "EMP": 0.70358, "PREFIX": "SR", "ROUTE": "380", "ISLAND": "Maui", "DIRECTION": "-MP", "TYPE": "Sidewalk", "MATERIAL": "Concrete", "LENGTH": 166.0, "NHS": "NO", "Shape_Leng": 50.578153400700003 }, "geometry": { "type": "MultiLineString", "coordinates": [ [ [ -156.45732, 20.8787 ], [ -156.45745, 20.87912 ] ] ] } },
{ "type": "Feature", "properties": { "BMP": 0.69655, "EMP": 0.67674, "PREFIX": "SR", "ROUTE": "380", "ISLAND": "Maui", "DIRECTION": "-MP", "TYPE": "Sidewalk", "MATERIAL": "Concrete", "LENGTH": 104.0, "NHS": "NO", "Shape_Leng": 31.754337360899999 }, "geometry": { "type": "MultiLineString", "coordinates": [ [ [ -156.45739, 20.8792 ], [ -156.4572, 20.87942 ] ] ] } },
{ "type": "Feature", "properties": { "BMP": 0.66882, "EMP": 0.66422, "PREFIX": "SR", "ROUTE": "380", "ISLAND": "Maui", "DIRECTION": "-MP", "TYPE": "Sidewalk", "MATERIAL": "Concrete", "LENGTH": 25.0, "NHS": "NO", "Shape_Leng": 7.7055969201099996 }, "geometry": { "type": "MultiLineString", "coordinates": [ [ [ -156.45712, 20.87951 ], [ -156.45708, 20.87957 ] ] ] } },
{ "type": "Feature", "properties": { "BMP": 0.61061, "EMP": 0.60738, "PREFIX": "SR", "ROUTE": "380", "ISLAND": "Maui", "DIRECTION": "-MP", "TYPE": "Sidewalk", "MATERIAL": "Concrete", "LENGTH": 17.0, "NHS": "NO", "Shape_Leng": 5.1674485853999998 }, "geometry": { "type": "MultiLineString", "coordinates": [ [ [ -156.45657, 20.88017 ], [ -156.45653, 20.88021 ] ] ] } },
{ "type": "Feature", "properties": { "BMP": 0.56949, "EMP": 0.49255, "PREFIX": "SR", "ROUTE": "380", "ISLAND": "Maui", "DIRECTION": "-MP", "TYPE": "Sidewalk", "MATERIAL": "Concrete", "LENGTH": 410.0, "NHS": "NO", "Shape_Leng": 125.11365789600001 }, "geometry": { "type": "MultiLineString", "coordinates": [ [ [ -156.45616, 20.88063 ], [ -156.45541, 20.8815 ] ] ] } },
{ "type": "Feature", "properties": { "BMP": 0.47778, "EMP": 0.38665, "PREFIX": "SR", "ROUTE": "380", "ISLAND": "Maui", "DIRECTION": "-MP", "TYPE": "Sidewalk", "MATERIAL": "Concrete", "LENGTH": 484.0, "NHS": "NO", "Shape_Leng": 147.49606709700001 }, "geometry": { "type": "MultiLineString", "coordinates": [ [ [ -156.45527, 20.88167 ], [ -156.45437, 20.88269 ] ] ] } },
{ "type": "Feature", "properties": { "BMP": 0.37041, "EMP": 0.35764, "PREFIX": "SR", "ROUTE": "380", "ISLAND": "Maui", "DIRECTION": "-MP", "TYPE": "Sidewalk", "MATERIAL": "Concrete", "LENGTH": 71.0, "NHS": "NO", "Shape_Leng": 21.641890116199999 }, "geometry": { "type": "MultiLineString", "coordinates": [ [ [ -156.4542, 20.88286 ], [ -156.45408, 20.88301 ] ] ] } },
{ "type": "Feature", "properties": { "BMP": 0.35191, "EMP": 0.34997, "PREFIX": "SR", "ROUTE": "380", "ISLAND": "Maui", "DIRECTION": "-MP", "TYPE": "Sidewalk", "MATERIAL": "Concrete", "LENGTH": 10.0, "NHS": "NO", "Shape_Leng": 3.1204801723300002 }, "geometry": { "type": "MultiLineString", "coordinates": [ [ [ -156.45402, 20.88307 ], [ -156.454, 20.88309 ] ] ] } },
{ "type": "Feature", "properties": { "BMP": 0.34478, "EMP": 0.32366, "PREFIX": "SR", "ROUTE": "380", "ISLAND": "Maui", "DIRECTION": "-MP", "TYPE": "Sidewalk", "MATERIAL": "Concrete", "LENGTH": 116.0, "NHS": "NO", "Shape_Leng": 35.2565079174 }, "geometry": { "type": "MultiLineString", "coordinates": [ [ [ -156.45395, 20.88315 ], [ -156.45374, 20.88341 ] ] ] } },
{ "type": "Feature", "properties": { "BMP": 0.59698, "EMP": 0.57944, "PREFIX": "SR", "ROUTE": "380", "ISLAND": "Maui", "DIRECTION": "-MP", "TYPE": "Sidewalk", "MATERIAL": "Concrete", "LENGTH": 95.0, "NHS": "NO", "Shape_Leng": 29.064422396000001 }, "geometry": { "type": "MultiLineString", "coordinates": [ [ [ -156.45644, 20.88033 ], [ -156.45624, 20.88051 ] ] ] } },
{ "type": "Feature", "properties": { "BMP": 20.4377, "EMP": 20.43834, "PREFIX": "SR", "ROUTE": "30", "ISLAND": "Maui", "DIRECTION": "+MP", "TYPE": "Sidewalk", "MATERIAL": "Asphalt", "LENGTH": 4.0, "NHS": "YES", "Shape_Leng": 1.09606934959 }, "geometry": { "type": "MultiLineString", "coordinates": [ [ [ -156.67163, 20.86896 ], [ -156.67163, 20.86897 ] ] ] } },
{ "type": "Feature", "properties": { "BMP": 21.74273, "EMP": 21.74461, "PREFIX": "SR", "ROUTE": "30", "ISLAND": "Maui", "DIRECTION": "+MP", "TYPE": "Sidewalk", "MATERIAL": "Concrete", "LENGTH": 16.0, "NHS": "YES", "Shape_Leng": 4.9319947843899996 }, "geometry": { "type": "MultiLineString", "coordinates": [ [ [ -156.68207, 20.88478 ], [ -156.68207, 20.8848 ] ] ] } },
{ "type": "Feature", "properties": { "BMP": 21.13465, "EMP": 21.14036, "PREFIX": "SR", "ROUTE": "30", "ISLAND": "Maui", "DIRECTION": "+MP", "TYPE": "Sidewalk", "MATERIAL": "Concrete", "LENGTH": 35.0, "NHS": "YES", "Shape_Leng": 10.760240749 }, "geometry": { "type": "MultiLineString", "coordinates": [ [ [ -156.67695, 20.87764 ], [ -156.67705, 20.87766 ] ] ] } },
{ "type": "Feature", "properties": { "BMP": 21.93635, "EMP": 21.93878, "PREFIX": "SR", "ROUTE": "30", "ISLAND": "Maui", "DIRECTION": "+MP", "TYPE": "Sidewalk", "MATERIAL": "Concrete", "LENGTH": 20.0, "NHS": "YES", "Shape_Leng": 6.2000868225300003 }, "geometry": { "type": "MultiLineString", "coordinates": [ [ [ -156.68295, 20.88747 ], [ -156.68292, 20.88751 ] ] ] } },
{ "type": "Feature", "properties": { "BMP": 38.63307, "EMP": 38.6309, "PREFIX": "SR", "ROUTE": "190", "ISLAND": "Hawaii", "DIRECTION": "-MP", "TYPE": "Sidewalk", "MATERIAL": "Concrete", "LENGTH": 11.0, "NHS": "NO", "Shape_Leng": 3.4896016965099999 }, "geometry": { "type": "MultiLineString", "coordinates": [ [ [ -155.99353, 19.64608 ], [ -155.99352, 19.64611 ] ] ] } },
{ "type": "Feature", "properties": { "BMP": 1.60811, "EMP": 1.52891, "PREFIX": "SR", "ROUTE": "340", "ISLAND": "Maui", "DIRECTION": "-MP", "TYPE": "Sidewalk", "MATERIAL": "Concrete", "LENGTH": 422.0, "NHS": "NO", "Shape_Leng": 128.562720614 }, "geometry": { "type": "MultiLineString", "coordinates": [ [ [ -156.51348, 20.93486 ], [ -156.51297, 20.93381 ] ] ] } },
{ "type": "Feature", "properties": { "BMP": 1.52407, "EMP": 1.27011, "PREFIX": "SR", "ROUTE": "340", "ISLAND": "Maui", "DIRECTION": "-MP", "TYPE": "Sidewalk", "MATERIAL": "Concrete", "LENGTH": 1342.0, "NHS": "NO", "Shape_Leng": 409.35021742200001 }, "geometry": { "type": "MultiLineString", "coordinates": [ [ [ -156.51293, 20.93375 ], [ -156.51103, 20.93053 ] ] ] } },
{ "type": "Feature", "properties": { "BMP": 0.02252, "EMP": 0.06106, "PREFIX": "SR", "ROUTE": "377", "ISLAND": "Maui", "DIRECTION": "+MP", "TYPE": "Sidewalk", "MATERIAL": "Concrete", "LENGTH": 213.0, "NHS": "NO", "Shape_Leng": 64.758726895500004 }, "geometry": { "type": "MultiLineString", "coordinates": [ [ [ -156.32982, 20.8291 ], [ -156.32921, 20.82919 ] ] ] } },
{ "type": "Feature", "properties": { "BMP": 1.26164, "EMP": 1.14923, "PREFIX": "SR", "ROUTE": "340", "ISLAND": "Maui", "DIRECTION": "-MP", "TYPE": "Sidewalk", "MATERIAL": "Concrete", "LENGTH": 597.0, "NHS": "NO", "Shape_Leng": 182.03996382599999 }, "geometry": { "type": "MultiLineString", "coordinates": [ [ [ -156.51098, 20.93041 ], [ -156.51, 20.92905 ] ] ] } },
{ "type": "Feature", "properties": { "BMP": 0.00496, "EMP": 0.05862, "PREFIX": "SR", "ROUTE": "3500", "ISLAND": "Maui", "DIRECTION": "+MP", "TYPE": "Sidewalk", "MATERIAL": "Concrete", "LENGTH": 286.0, "NHS": "YES", "Shape_Leng": 87.202688534999993 }, "geometry": { "type": "MultiLineString", "coordinates": [ [ [ -156.46738, 20.89104 ], [ -156.46707, 20.89032 ] ] ] } },
{ "type": "Feature", "properties": { "BMP": 0.06989, "EMP": 0.1155, "PREFIX": "SR", "ROUTE": "3500", "ISLAND": "Maui", "DIRECTION": "+MP", "TYPE": "Sidewalk", "MATERIAL": "Concrete", "LENGTH": 245.0, "NHS": "YES", "Shape_Leng": 74.803109396400004 }, "geometry": { "type": "MultiLineString", "coordinates": [ [ [ -156.46699, 20.89017 ], [ -156.46672, 20.88957 ] ] ] } },
{ "type": "Feature", "properties": { "BMP": 0.12402, "EMP": 0.18367, "PREFIX": "SR", "ROUTE": "3500", "ISLAND": "Maui", "DIRECTION": "+MP", "TYPE": "Sidewalk", "MATERIAL": "Concrete", "LENGTH": 319.0, "NHS": "YES", "Shape_Leng": 97.293865181499996 }, "geometry": { "type": "MultiLineString", "coordinates": [ [ [ -156.46667, 20.88946 ], [ -156.46631, 20.88866 ] ] ] } },
{ "type": "Feature", "properties": { "BMP": 0.20098, "EMP": 0.20485, "PREFIX": "SR", "ROUTE": "3500", "ISLAND": "Maui", "DIRECTION": "+MP", "TYPE": "Sidewalk", "MATERIAL": "Concrete", "LENGTH": 22.0, "NHS": "YES", "Shape_Leng": 6.7007608804799998 }, "geometry": { "type": "MultiLineString", "coordinates": [ [ [ -156.4662, 20.88843 ], [ -156.46616, 20.88838 ] ] ] } },
{ "type": "Feature", "properties": { "BMP": 0.21306, "EMP": 0.21865, "PREFIX": "SR", "ROUTE": "3500", "ISLAND": "Maui", "DIRECTION": "+MP", "TYPE": "Sidewalk", "MATERIAL": "Concrete", "LENGTH": 30.0, "NHS": "YES", "Shape_Leng": 9.0091556686499992 }, "geometry": { "type": "MultiLineString", "coordinates": [ [ [ -156.4661, 20.88828 ], [ -156.46607, 20.8882 ] ] ] } },
{ "type": "Feature", "properties": { "BMP": 0.23211, "EMP": 0.23464, "PREFIX": "SR", "ROUTE": "3500", "ISLAND": "Maui", "DIRECTION": "+MP", "TYPE": "Sidewalk", "MATERIAL": "Concrete", "LENGTH": 14.0, "NHS": "YES", "Shape_Leng": 4.2503321406400003 }, "geometry": { "type": "MultiLineString", "coordinates": [ [ [ -156.46599, 20.88802 ], [ -156.46597, 20.88799 ] ] ] } },
{ "type": "Feature", "properties": { "BMP": 0.3241, "EMP": 0.42217, "PREFIX": "SR", "ROUTE": "3500", "ISLAND": "Maui", "DIRECTION": "+MP", "TYPE": "Sidewalk", "MATERIAL": "Concrete", "LENGTH": 517.0, "NHS": "YES", "Shape_Leng": 157.691822011 }, "geometry": { "type": "MultiLineString", "coordinates": [ [ [ -156.46541, 20.8868 ], [ -156.46479, 20.8855 ] ] ] } },
{ "type": "Feature", "properties": { "BMP": 0.23983, "EMP": 0.25284, "PREFIX": "SR", "ROUTE": "3500", "ISLAND": "Maui", "DIRECTION": "+MP", "TYPE": "Sidewalk", "MATERIAL": "Concrete", "LENGTH": 69.0, "NHS": "YES", "Shape_Leng": 20.9547325387 }, "geometry": { "type": "MultiLineString", "coordinates": [ [ [ -156.46593, 20.88792 ], [ -156.46585, 20.88775 ] ] ] } },
{ "type": "Feature", "properties": { "BMP": 0.25938, "EMP": 0.31719, "PREFIX": "SR", "ROUTE": "3500", "ISLAND": "Maui", "DIRECTION": "+MP", "TYPE": "Sidewalk", "MATERIAL": "Concrete", "LENGTH": 305.0, "NHS": "YES", "Shape_Leng": 93.082209419899996 }, "geometry": { "type": "MultiLineString", "coordinates": [ [ [ -156.46582, 20.88766 ], [ -156.46545, 20.88689 ] ] ] } },
{ "type": "Feature", "properties": { "BMP": 0.48287, "EMP": 0.5049, "PREFIX": "SR", "ROUTE": "3500", "ISLAND": "Maui", "DIRECTION": "+MP", "TYPE": "Sidewalk", "MATERIAL": "Concrete", "LENGTH": 119.0, "NHS": "YES", "Shape_Leng": 36.207164610600003 }, "geometry": { "type": "MultiLineString", "coordinates": [ [ [ -156.46442, 20.88469 ], [ -156.46426, 20.8844 ] ] ] } },
{ "type": "Feature", "properties": { "BMP": 0.50851, "EMP": 0.51704, "PREFIX": "SR", "ROUTE": "3500", "ISLAND": "Maui", "DIRECTION": "+MP", "TYPE": "Sidewalk", "MATERIAL": "Concrete", "LENGTH": 45.0, "NHS": "YES", "Shape_Leng": 13.635987828299999 }, "geometry": { "type": "MultiLineString", "coordinates": [ [ [ -156.46424, 20.88435 ], [ -156.46419, 20.88424 ] ] ] } },
{ "type": "Feature", "properties": { "BMP": 0.53709, "EMP": 0.54395, "PREFIX": "SR", "ROUTE": "3500", "ISLAND": "Maui", "DIRECTION": "+MP", "TYPE": "Sidewalk", "MATERIAL": "Concrete", "LENGTH": 36.0, "NHS": "YES", "Shape_Leng": 11.066030892200001 }, "geometry": { "type": "MultiLineString", "coordinates": [ [ [ -156.46405, 20.88398 ], [ -156.46401, 20.88388 ] ] ] } },
{ "type": "Feature", "properties": { "BMP": 0.52181, "EMP": 0.53216, "PREFIX": "SR", "ROUTE": "3500", "ISLAND": "Maui", "DIRECTION": "+MP", "TYPE": "Sidewalk", "MATERIAL": "Concrete", "LENGTH": 55.0, "NHS": "YES", "Shape_Leng": 16.6482704027 }, "geometry": { "type": "MultiLineString", "coordinates": [ [ [ -156.46415, 20.88418 ], [ -156.46409, 20.88404 ] ] ] } },
{ "type": "Feature", "properties": { "BMP": 0.55352, "EMP": 0.56304, "PREFIX": "SR", "ROUTE": "3500", "ISLAND": "Maui", "DIRECTION": "+MP", "TYPE": "Sidewalk", "MATERIAL": "Concrete", "LENGTH": 50.0, "NHS": "YES", "Shape_Leng": 15.3076350889 }, "geometry": { "type": "MultiLineString", "coordinates": [ [ [ -156.46394, 20.88376 ], [ -156.46388, 20.88364 ] ] ] } },
{ "type": "Feature", "properties": { "BMP": 0.56765, "EMP": 0.58387, "PREFIX": "SR", "ROUTE": "3500", "ISLAND": "Maui", "DIRECTION": "+MP", "TYPE": "Sidewalk", "MATERIAL": "Concrete", "LENGTH": 86.0, "NHS": "YES", "Shape_Leng": 26.100606705299999 }, "geometry": { "type": "MultiLineString", "coordinates": [ [ [ -156.46384, 20.88358 ], [ -156.46372, 20.88337 ] ] ] } },
{ "type": "Feature", "properties": { "BMP": 0.42911, "EMP": 0.46796, "PREFIX": "SR", "ROUTE": "3500", "ISLAND": "Maui", "DIRECTION": "+MP", "TYPE": "Sidewalk", "MATERIAL": "Concrete", "LENGTH": 212.0, "NHS": "YES", "Shape_Leng": 64.570425624500004 }, "geometry": { "type": "MultiLineString", "coordinates": [ [ [ -156.46474, 20.88541 ], [ -156.46453, 20.88488 ] ] ] } },
{ "type": "Feature", "properties": { "BMP": 0.68197, "EMP": 0.84788, "PREFIX": "SR", "ROUTE": "3500", "ISLAND": "Maui", "DIRECTION": "+MP", "TYPE": "Sidewalk", "MATERIAL": "Asphalt", "LENGTH": 878.0, "NHS": "YES", "Shape_Leng": 267.71751148599998 }, "geometry": { "type": "MultiLineString", "coordinates": [ [ [ -156.46312, 20.88207 ], [ -156.46218, 20.87982 ] ] ] } },
{ "type": "Feature", "properties": { "BMP": 0.86428, "EMP": 0.91308, "PREFIX": "SR", "ROUTE": "3500", "ISLAND": "Maui", "DIRECTION": "+MP", "TYPE": "Sidewalk", "MATERIAL": "Asphalt", "LENGTH": 259.0, "NHS": "YES", "Shape_Leng": 78.892597035999998 }, "geometry": { "type": "MultiLineString", "coordinates": [ [ [ -156.46209, 20.8796 ], [ -156.46181, 20.87894 ] ] ] } },
{ "type": "Feature", "properties": { "BMP": 1.944, "EMP": 1.95963, "PREFIX": "SR", "ROUTE": "240", "ISLAND": "Hawaii", "DIRECTION": "+MP", "TYPE": "Sidewalk", "MATERIAL": "Concrete", "LENGTH": 82.0, "NHS": "NO", "Shape_Leng": 25.060166916499998 }, "geometry": { "type": "MultiLineString", "coordinates": [ [ [ -155.47629, 20.0809 ], [ -155.4765, 20.08101 ] ] ] } },
{ "type": "Feature", "properties": { "BMP": 6.799, "EMP": 6.47024, "PREFIX": "SR", "ROUTE": "36", "ISLAND": "Maui", "DIRECTION": "-MP", "TYPE": "Sidewalk", "MATERIAL": "Concrete", "LENGTH": 1729.0, "NHS": "YES", "Shape_Leng": 527.45545670499996 }, "geometry": { "type": "MultiLineString", "coordinates": [ [ [ -156.37995, 20.91719 ], [ -156.38431, 20.91487 ] ] ] } },
{ "type": "Feature", "properties": { "BMP": 110.89036, "EMP": 110.91277, "PREFIX": "SR", "ROUTE": "11", "ISLAND": "Hawaii", "DIRECTION": "+MP", "TYPE": "Sidewalk", "MATERIAL": "Asphalt", "LENGTH": 118.0, "NHS": "NO", "Shape_Leng": 36.047847441800002 }, "geometry": { "type": "MultiLineString", "coordinates": [ [ [ -155.92015, 19.50655 ], [ -155.9201, 19.50687 ] ] ] } },
{ "type": "Feature", "properties": { "BMP": 110.94073, "EMP": 110.96288, "PREFIX": "SR", "ROUTE": "11", "ISLAND": "Hawaii", "DIRECTION": "+MP", "TYPE": "Sidewalk", "MATERIAL": "Asphalt", "LENGTH": 117.0, "NHS": "NO", "Shape_Leng": 35.5893474987 }, "geometry": { "type": "MultiLineString", "coordinates": [ [ [ -155.92004, 19.50728 ], [ -155.92, 19.50759 ] ] ] } },
{ "type": "Feature", "properties": { "BMP": 110.96309, "EMP": 110.97532, "PREFIX": "SR", "ROUTE": "11", "ISLAND": "Hawaii", "DIRECTION": "+MP", "TYPE": "Sidewalk", "MATERIAL": "Concrete", "LENGTH": 64.0, "NHS": "NO", "Shape_Leng": 19.621851141600001 }, "geometry": { "type": "MultiLineString", "coordinates": [ [ [ -155.92, 19.5076 ], [ -155.91998, 19.50777 ] ] ] } },
{ "type": "Feature", "properties": { "BMP": 110.98029, "EMP": 111.01498, "PREFIX": "SR", "ROUTE": "11", "ISLAND": "Hawaii", "DIRECTION": "+MP", "TYPE": "Sidewalk", "MATERIAL": "Concrete", "LENGTH": 191.0, "NHS": "NO", "Shape_Leng": 58.227075096 }, "geometry": { "type": "MultiLineString", "coordinates": [ [ [ -155.91997, 19.50785 ], [ -155.91985, 19.50834 ] ] ] } },
{ "type": "Feature", "properties": { "BMP": 111.04958, "EMP": 111.14547, "PREFIX": "SR", "ROUTE": "11", "ISLAND": "Hawaii", "DIRECTION": "+MP", "TYPE": "Sidewalk", "MATERIAL": "Asphalt", "LENGTH": 509.0, "NHS": "NO", "Shape_Leng": 155.206414774 }, "geometry": { "type": "MultiLineString", "coordinates": [ [ [ -155.91988, 19.50885 ], [ -155.91998, 19.51024 ] ] ] } },
{ "type": "Feature", "properties": { "BMP": 1.71689, "EMP": 1.62405, "PREFIX": "SR", "ROUTE": "240", "ISLAND": "Hawaii", "DIRECTION": "-MP", "TYPE": "Sidewalk", "MATERIAL": "Concrete", "LENGTH": 491.0, "NHS": "NO", "Shape_Leng": 149.98579566399999 }, "geometry": { "type": "MultiLineString", "coordinates": [ [ [ -155.47296, 20.08044 ], [ -155.47171, 20.07979 ] ] ] } },
{ "type": "Feature", "properties": { "BMP": 111.4502, "EMP": 111.50395, "PREFIX": "SR", "ROUTE": "11", "ISLAND": "Hawaii", "DIRECTION": "+MP", "TYPE": "Sidewalk", "MATERIAL": "Concrete", "LENGTH": 281.0, "NHS": "NO", "Shape_Leng": 85.774992749000006 }, "geometry": { "type": "MultiLineString", "coordinates": [ [ [ -155.92049, 19.51464 ], [ -155.92045, 19.51541 ] ] ] } },
{ "type": "Feature", "properties": { "BMP": 1.61215, "EMP": 1.55672, "PREFIX": "SR", "ROUTE": "240", "ISLAND": "Hawaii", "DIRECTION": "-MP", "TYPE": "Sidewalk", "MATERIAL": "Concrete", "LENGTH": 296.0, "NHS": "NO", "Shape_Leng": 90.445714686599999 }, "geometry": { "type": "MultiLineString", "coordinates": [ [ [ -155.47153, 20.07973 ], [ -155.47069, 20.07957 ] ] ] } },
{ "type": "Feature", "properties": { "BMP": 111.58529, "EMP": 111.58828, "PREFIX": "SR", "ROUTE": "11", "ISLAND": "Hawaii", "DIRECTION": "+MP", "TYPE": "Sidewalk", "MATERIAL": "Concrete", "LENGTH": 19.0, "NHS": "NO", "Shape_Leng": 5.7241844023999997 }, "geometry": { "type": "MultiLineString", "coordinates": [ [ [ -155.92026, 19.51657 ], [ -155.92023, 19.51661 ] ] ] } },
{ "type": "Feature", "properties": { "BMP": 1.55133, "EMP": 1.48277, "PREFIX": "SR", "ROUTE": "240", "ISLAND": "Hawaii", "DIRECTION": "-MP", "TYPE": "Sidewalk", "MATERIAL": "Concrete", "LENGTH": 363.0, "NHS": "NO", "Shape_Leng": 110.729826034 }, "geometry": { "type": "MultiLineString", "coordinates": [ [ [ -155.4706, 20.07956 ], [ -155.46957, 20.0794 ] ] ] } },
{ "type": "Feature", "properties": { "BMP": 1.47421, "EMP": 1.35225, "PREFIX": "SR", "ROUTE": "240", "ISLAND": "Hawaii", "DIRECTION": "-MP", "TYPE": "Sidewalk", "MATERIAL": "Concrete", "LENGTH": 647.0, "NHS": "NO", "Shape_Leng": 197.5555609 }, "geometry": { "type": "MultiLineString", "coordinates": [ [ [ -155.46944, 20.07938 ], [ -155.46763, 20.07893 ] ] ] } },
{ "type": "Feature", "properties": { "BMP": 1.30239, "EMP": 1.29912, "PREFIX": "SR", "ROUTE": "240", "ISLAND": "Hawaii", "DIRECTION": "-MP", "TYPE": "Sidewalk", "MATERIAL": "Concrete", "LENGTH": 19.0, "NHS": "NO", "Shape_Leng": 5.7548986608100003 }, "geometry": { "type": "MultiLineString", "coordinates": [ [ [ -155.46695, 20.07861 ], [ -155.46689, 20.07861 ] ] ] } },
{ "type": "Feature", "properties": { "BMP": 1.34666, "EMP": 1.33018, "PREFIX": "SR", "ROUTE": "240", "ISLAND": "Hawaii", "DIRECTION": "-MP", "TYPE": "Sidewalk", "MATERIAL": "Concrete", "LENGTH": 98.0, "NHS": "NO", "Shape_Leng": 29.831869776000001 }, "geometry": { "type": "MultiLineString", "coordinates": [ [ [ -155.46756, 20.07889 ], [ -155.46733, 20.07879 ] ] ] } },
{ "type": "Feature", "properties": { "BMP": 111.83476, "EMP": 111.83558, "PREFIX": "SR", "ROUTE": "11", "ISLAND": "Hawaii", "DIRECTION": "+MP", "TYPE": "Sidewalk", "MATERIAL": "Concrete", "LENGTH": 8.0, "NHS": "NO", "Shape_Leng": 2.4667759041499999 }, "geometry": { "type": "MultiLineString", "coordinates": [ [ [ -155.92024, 19.52017 ], [ -155.92026, 19.52018 ] ] ] } },
{ "type": "Feature", "properties": { "BMP": 6.97723, "EMP": 6.82709, "PREFIX": "SR", "ROUTE": "36", "ISLAND": "Maui", "DIRECTION": "-MP", "TYPE": "Sidewalk", "MATERIAL": "Concrete", "LENGTH": 793.0, "NHS": "YES", "Shape_Leng": 241.768639791 }, "geometry": { "type": "MultiLineString", "coordinates": [ [ [ -156.37786, 20.91888 ], [ -156.37962, 20.91746 ] ] ] } },
{ "type": "Feature", "properties": { "BMP": 6.60743, "EMP": 6.61594, "PREFIX": "SR", "ROUTE": "36", "ISLAND": "Maui", "DIRECTION": "+MP", "TYPE": "Sidewalk", "MATERIAL": "Concrete", "LENGTH": 45.0, "NHS": "YES", "Shape_Leng": 13.7402933723 }, "geometry": { "type": "MultiLineString", "coordinates": [ [ [ -156.38245, 20.91548 ], [ -156.38232, 20.91552 ] ] ] } },
{ "type": "Feature", "properties": { "BMP": 6.81104, "EMP": 6.80431, "PREFIX": "SR", "ROUTE": "36", "ISLAND": "Maui", "DIRECTION": "-MP", "TYPE": "Sidewalk", "MATERIAL": "Concrete", "LENGTH": 36.0, "NHS": "YES", "Shape_Leng": 10.8496631342 }, "geometry": { "type": "MultiLineString", "coordinates": [ [ [ -156.37981, 20.9173 ], [ -156.37989, 20.91724 ] ] ] } },
{ "type": "Feature", "properties": { "BMP": 1.27583, "EMP": 1.21975, "PREFIX": "SR", "ROUTE": "240", "ISLAND": "Hawaii", "DIRECTION": "-MP", "TYPE": "Sidewalk", "MATERIAL": "Concrete", "LENGTH": 296.0, "NHS": "NO", "Shape_Leng": 90.446112293 }, "geometry": { "type": "MultiLineString", "coordinates": [ [ [ -155.46656, 20.07847 ], [ -155.46577, 20.07814 ] ] ] } },
{ "type": "Feature", "properties": { "BMP": 1.20785, "EMP": 1.16935, "PREFIX": "SR", "ROUTE": "240", "ISLAND": "Hawaii", "DIRECTION": "-MP", "TYPE": "Sidewalk", "MATERIAL": "Concrete", "LENGTH": 203.0, "NHS": "NO", "Shape_Leng": 62.0333549773 }, "geometry": { "type": "MultiLineString", "coordinates": [ [ [ -155.46561, 20.07807 ], [ -155.46506, 20.07784 ] ] ] } },
{ "type": "Feature", "properties": { "BMP": 1.1619, "EMP": 1.0787, "PREFIX": "SR", "ROUTE": "240", "ISLAND": "Hawaii", "DIRECTION": "-MP", "TYPE": "Sidewalk", "MATERIAL": "Concrete", "LENGTH": 443.0, "NHS": "NO", "Shape_Leng": 135.31449282 }, "geometry": { "type": "MultiLineString", "coordinates": [ [ [ -155.46496, 20.0778 ], [ -155.4638, 20.07729 ] ] ] } },
{ "type": "Feature", "properties": { "BMP": 112.69694, "EMP": 112.84125, "PREFIX": "SR", "ROUTE": "11", "ISLAND": "Hawaii", "DIRECTION": "+MP", "TYPE": "Sidewalk", "MATERIAL": "Concrete", "LENGTH": 768.0, "NHS": "NO", "Shape_Leng": 234.29210156 }, "geometry": { "type": "MultiLineString", "coordinates": [ [ [ -155.92579, 19.53148 ], [ -155.92695, 19.53326 ] ] ] } },
{ "type": "Feature", "properties": { "BMP": 63.77435, "EMP": 63.78449, "PREFIX": "SR", "ROUTE": "11", "ISLAND": "Hawaii", "DIRECTION": "+MP", "TYPE": "Sidewalk", "MATERIAL": "Concrete", "LENGTH": 61.0, "NHS": "NO", "Shape_Leng": 18.534826971699999 }, "geometry": { "type": "MultiLineString", "coordinates": [ [ [ -155.58606, 19.06069 ], [ -155.58623, 19.06071 ] ] ] } },
{ "type": "Feature", "properties": { "BMP": 110.86921, "EMP": 110.85985, "PREFIX": "SR", "ROUTE": "11", "ISLAND": "Hawaii", "DIRECTION": "-MP", "TYPE": "Sidewalk", "MATERIAL": "Concrete", "LENGTH": 57.0, "NHS": "NO", "Shape_Leng": 17.1787092253 }, "geometry": { "type": "MultiLineString", "coordinates": [ [ [ -155.92036, 19.50605 ], [ -155.92044, 19.50592 ] ] ] } },
{ "type": "Feature", "properties": { "BMP": 110.84507, "EMP": 110.83902, "PREFIX": "SR", "ROUTE": "11", "ISLAND": "Hawaii", "DIRECTION": "-MP", "TYPE": "Sidewalk", "MATERIAL": "Concrete", "LENGTH": 36.0, "NHS": "NO", "Shape_Leng": 10.827311187099999 }, "geometry": { "type": "MultiLineString", "coordinates": [ [ [ -155.92044, 19.5057 ], [ -155.92041, 19.50561 ] ] ] } },
{ "type": "Feature", "properties": { "BMP": 109.31917, "EMP": 109.31523, "PREFIX": "SR", "ROUTE": "11", "ISLAND": "Hawaii", "DIRECTION": "-MP", "TYPE": "Sidewalk", "MATERIAL": "Concrete", "LENGTH": 26.0, "NHS": "NO", "Shape_Leng": 7.9320374813400001 }, "geometry": { "type": "MultiLineString", "coordinates": [ [ [ -155.9097, 19.48861 ], [ -155.90967, 19.48855 ] ] ] } },
{ "type": "Feature", "properties": { "BMP": 6.39695, "EMP": 6.39902, "PREFIX": "SR", "ROUTE": "311", "ISLAND": "Maui", "DIRECTION": "+MP", "TYPE": "Sidewalk", "MATERIAL": "Concrete", "LENGTH": 12.0, "NHS": "YES", "Shape_Leng": 3.6488762329300002 }, "geometry": { "type": "MultiLineString", "coordinates": [ [ [ -156.46211, 20.78575 ], [ -156.46208, 20.78573 ] ] ] } },
{ "type": "Feature", "properties": { "BMP": 3.08097, "EMP": 3.07783, "PREFIX": "SR", "ROUTE": "311", "ISLAND": "Maui", "DIRECTION": "-MP", "TYPE": "Sidewalk", "MATERIAL": "Concrete", "LENGTH": 18.0, "NHS": "YES", "Shape_Leng": 5.4683551554300003 }, "geometry": { "type": "MultiLineString", "coordinates": [ [ [ -156.46558, 20.8332 ], [ -156.46559, 20.83325 ] ] ] } },
{ "type": "Feature", "properties": { "BMP": 109.30537, "EMP": 109.29972, "PREFIX": "SR", "ROUTE": "11", "ISLAND": "Hawaii", "DIRECTION": "-MP", "TYPE": "Sidewalk", "MATERIAL": "Concrete", "LENGTH": 33.0, "NHS": "NO", "Shape_Leng": 10.1106296022 }, "geometry": { "type": "MultiLineString", "coordinates": [ [ [ -155.90954, 19.48847 ], [ -155.90945, 19.48846 ] ] ] } },
{ "type": "Feature", "properties": { "BMP": 0.13016, "EMP": 0.09857, "PREFIX": "SR", "ROUTE": "32A", "ISLAND": "Maui", "DIRECTION": "-MP", "TYPE": "Sidewalk", "MATERIAL": "Concrete", "LENGTH": 167.0, "NHS": "YES", "Shape_Leng": 51.007369479499999 }, "geometry": { "type": "MultiLineString", "coordinates": [ [ [ -156.46213, 20.89318 ], [ -156.46199, 20.89274 ] ] ] } },
{ "type": "Feature", "properties": { "BMP": 0.39161, "EMP": 0.39348, "PREFIX": "SR", "ROUTE": "32", "ISLAND": "Maui", "DIRECTION": "+MP", "TYPE": "Sidewalk", "MATERIAL": "Concrete", "LENGTH": 10.0, "NHS": "YES", "Shape_Leng": 3.1440092397399999 }, "geometry": { "type": "MultiLineString", "coordinates": [ [ [ -156.4991, 20.88823 ], [ -156.49907, 20.88823 ] ] ] } },
{ "type": "Feature", "properties": { "BMP": 2.09391, "EMP": 2.0941, "PREFIX": "SR", "ROUTE": "32", "ISLAND": "Maui", "DIRECTION": "+MP", "TYPE": "Sidewalk", "MATERIAL": "Concrete", "LENGTH": 9.0, "NHS": "YES", "Shape_Leng": 2.6953509592599998 }, "geometry": { "type": "MultiLineString", "coordinates": [ [ [ -156.47291, 20.88915 ], [ -156.47292, 20.88917 ] ] ] } },
{ "type": "Feature", "properties": { "BMP": 2.10711, "EMP": 2.10764, "PREFIX": "SR", "ROUTE": "32", "ISLAND": "Maui", "DIRECTION": "+MP", "TYPE": "Sidewalk", "MATERIAL": "Concrete", "LENGTH": 10.0, "NHS": "YES", "Shape_Leng": 2.99952967739 }, "geometry": { "type": "MultiLineString", "coordinates": [ [ [ -156.47272, 20.88922 ], [ -156.47272, 20.88924 ] ] ] } },
{ "type": "Feature", "properties": { "BMP": 2.10532, "EMP": 2.10766, "PREFIX": "SR", "ROUTE": "32", "ISLAND": "Maui", "DIRECTION": "+MP", "TYPE": "Sidewalk", "MATERIAL": "Concrete", "LENGTH": 13.0, "NHS": "YES", "Shape_Leng": 3.8206512593399999 }, "geometry": { "type": "MultiLineString", "coordinates": [ [ [ -156.47275, 20.88921 ], [ -156.47271, 20.88921 ] ] ] } },
{ "type": "Feature", "properties": { "BMP": 2.09336, "EMP": 2.0957, "PREFIX": "SR", "ROUTE": "32", "ISLAND": "Maui", "DIRECTION": "+MP", "TYPE": "Sidewalk", "MATERIAL": "Concrete", "LENGTH": 12.0, "NHS": "YES", "Shape_Leng": 3.8047857984600002 }, "geometry": { "type": "MultiLineString", "coordinates": [ [ [ -156.47292, 20.88914 ], [ -156.47288, 20.88916 ] ] ] } },
{ "type": "Feature", "properties": { "BMP": 2.68034, "EMP": 2.68333, "PREFIX": "SR", "ROUTE": "32", "ISLAND": "Maui", "DIRECTION": "+MP", "TYPE": "Sidewalk", "MATERIAL": "Concrete", "LENGTH": 15.0, "NHS": "YES", "Shape_Leng": 4.6999179080099998 }, "geometry": { "type": "MultiLineString", "coordinates": [ [ [ -156.46448, 20.89231 ], [ -156.46444, 20.89233 ] ] ] } },
{ "type": "Feature", "properties": { "BMP": 2.68869, "EMP": 2.72634, "PREFIX": "SR", "ROUTE": "32", "ISLAND": "Maui", "DIRECTION": "+MP", "TYPE": "Sidewalk", "MATERIAL": "Concrete", "LENGTH": 202.0, "NHS": "YES", "Shape_Leng": 61.610404980200002 }, "geometry": { "type": "MultiLineString", "coordinates": [ [ [ -156.46437, 20.89237 ], [ -156.46381, 20.89251 ] ] ] } },
{ "type": "Feature", "properties": { "BMP": 1.1107, "EMP": 1.1107, "PREFIX": "SR", "ROUTE": "3500", "ISLAND": "Maui", "DIRECTION": "+MP", "TYPE": "Sidewalk", "MATERIAL": "Concrete", "LENGTH": 12.0, "NHS": "YES", "Shape_Leng": 3.5802614319599999 }, "geometry": { "type": "MultiLineString", "coordinates": [ [ [ -156.4606, 20.87629 ], [ -156.4606, 20.87627 ] ] ] } },
{ "type": "Feature", "properties": { "BMP": 0.48495, "EMP": 0.47794, "PREFIX": "SR", "ROUTE": "3500", "ISLAND": "Maui", "DIRECTION": "-MP", "TYPE": "Sidewalk", "MATERIAL": "Concrete", "LENGTH": 43.0, "NHS": "YES", "Shape_Leng": 13.247842586499999 }, "geometry": { "type": "MultiLineString", "coordinates": [ [ [ -156.46414, 20.88471 ], [ -156.46415, 20.88482 ] ] ] } },
{ "type": "Feature", "properties": { "BMP": 2.91244, "EMP": 2.90757, "PREFIX": "SR", "ROUTE": "36", "ISLAND": "Maui", "DIRECTION": "-MP", "TYPE": "Sidewalk", "MATERIAL": "Concrete", "LENGTH": 34.0, "NHS": "YES", "Shape_Leng": 10.3023093275 }, "geometry": { "type": "MultiLineString", "coordinates": [ [ [ -156.42634, 20.88611 ], [ -156.4264, 20.88606 ] ] ] } },
{ "type": "Feature", "properties": { "BMP": 1.18416, "EMP": 1.18416, "PREFIX": "SR", "ROUTE": "36", "ISLAND": "Maui", "DIRECTION": "-MP", "TYPE": "Sidewalk", "MATERIAL": "Concrete", "LENGTH": 35.0, "NHS": "YES", "Shape_Leng": 10.6096177775 }, "geometry": { "type": "MultiLineString", "coordinates": [ [ [ -156.44867, 20.88335 ], [ -156.44872, 20.88327 ] ] ] } },
{ "type": "Feature", "properties": { "BMP": 0.8809, "EMP": 0.87978, "PREFIX": "SR", "ROUTE": "36", "ISLAND": "Maui", "DIRECTION": "-MP", "TYPE": "Sidewalk", "MATERIAL": "Concrete", "LENGTH": 6.0, "NHS": "YES", "Shape_Leng": 1.84197003603 }, "geometry": { "type": "MultiLineString", "coordinates": [ [ [ -156.45269, 20.8856 ], [ -156.45271, 20.88561 ] ] ] } },
{ "type": "Feature", "properties": { "BMP": 0.18188, "EMP": 0.18111, "PREFIX": "SR", "ROUTE": "36", "ISLAND": "Maui", "DIRECTION": "-MP", "TYPE": "Sidewalk", "MATERIAL": "Concrete", "LENGTH": 6.0, "NHS": "YES", "Shape_Leng": 1.7670393146100001 }, "geometry": { "type": "MultiLineString", "coordinates": [ [ [ -156.46155, 20.89144 ], [ -156.46153, 20.89144 ] ] ] } },
{ "type": "Feature", "properties": { "BMP": 0.96644, "EMP": 0.9203, "PREFIX": "SR", "ROUTE": "3500", "ISLAND": "Maui", "DIRECTION": "-MP", "TYPE": "Sidewalk", "MATERIAL": "Asphalt", "LENGTH": 244.0, "NHS": "YES", "Shape_Leng": 74.292501919499998 }, "geometry": { "type": "MultiLineString", "coordinates": [ [ [ -156.4613, 20.87824 ], [ -156.46157, 20.87887 ] ] ] } },
{ "type": "Feature", "properties": { "BMP": 0.91146, "EMP": 0.85616, "PREFIX": "SR", "ROUTE": "3500", "ISLAND": "Maui", "DIRECTION": "-MP", "TYPE": "Sidewalk", "MATERIAL": "Asphalt", "LENGTH": 292.0, "NHS": "YES", "Shape_Leng": 89.051085161000003 }, "geometry": { "type": "MultiLineString", "coordinates": [ [ [ -156.46162, 20.87898 ], [ -156.46194, 20.87973 ] ] ] } },
{ "type": "Feature", "properties": { "BMP": 0.84612, "EMP": 0.79079, "PREFIX": "SR", "ROUTE": "3500", "ISLAND": "Maui", "DIRECTION": "-MP", "TYPE": "Sidewalk", "MATERIAL": "Asphalt", "LENGTH": 292.0, "NHS": "YES", "Shape_Leng": 88.963056834100001 }, "geometry": { "type": "MultiLineString", "coordinates": [ [ [ -156.46199, 20.87987 ], [ -156.46231, 20.88061 ] ] ] } },
{ "type": "Feature", "properties": { "BMP": 0.77953, "EMP": 0.73555, "PREFIX": "SR", "ROUTE": "3500", "ISLAND": "Maui", "DIRECTION": "-MP", "TYPE": "Sidewalk", "MATERIAL": "Other", "LENGTH": 232.0, "NHS": "YES", "Shape_Leng": 70.835980527299995 }, "geometry": { "type": "MultiLineString", "coordinates": [ [ [ -156.46238, 20.88076 ], [ -156.46263, 20.88136 ] ] ] } },
{ "type": "Feature", "properties": { "BMP": 0.72391, "EMP": 0.68116, "PREFIX": "SR", "ROUTE": "3500", "ISLAND": "Maui", "DIRECTION": "-MP", "TYPE": "Sidewalk", "MATERIAL": "Asphalt", "LENGTH": 226.0, "NHS": "YES", "Shape_Leng": 68.923052020399993 }, "geometry": { "type": "MultiLineString", "coordinates": [ [ [ -156.4627, 20.88151 ], [ -156.46295, 20.88209 ] ] ] } },
{ "type": "Feature", "properties": { "BMP": 0.66882, "EMP": 0.56922, "PREFIX": "SR", "ROUTE": "3500", "ISLAND": "Maui", "DIRECTION": "-MP", "TYPE": "Sidewalk", "MATERIAL": "Asphalt", "LENGTH": 526.0, "NHS": "YES", "Shape_Leng": 160.47552754700001 }, "geometry": { "type": "MultiLineString", "coordinates": [ [ [ -156.46302, 20.88225 ], [ -156.46364, 20.88358 ] ] ] } },
{ "type": "Feature", "properties": { "BMP": 0.42443, "EMP": 0.38005, "PREFIX": "SR", "ROUTE": "3500", "ISLAND": "Maui", "DIRECTION": "-MP", "TYPE": "Sidewalk", "MATERIAL": "Concrete", "LENGTH": 238.0, "NHS": "YES", "Shape_Leng": 72.702282975299994 }, "geometry": { "type": "MultiLineString", "coordinates": [ [ [ -156.46457, 20.8855 ], [ -156.46482, 20.8861 ] ] ] } },
{ "type": "Feature", "properties": { "BMP": 0.46253, "EMP": 0.43913, "PREFIX": "SR", "ROUTE": "3500", "ISLAND": "Maui", "DIRECTION": "-MP", "TYPE": "Sidewalk", "MATERIAL": "Concrete", "LENGTH": 128.0, "NHS": "YES", "Shape_Leng": 38.978433645800003 }, "geometry": { "type": "MultiLineString", "coordinates": [ [ [ -156.46427, 20.88502 ], [ -156.46448, 20.8853 ] ] ] } },
{ "type": "Feature", "properties": { "BMP": 0.36655, "EMP": 0.30045, "PREFIX": "SR", "ROUTE": "3500", "ISLAND": "Maui", "DIRECTION": "-MP", "TYPE": "Sidewalk", "MATERIAL": "Concrete", "LENGTH": 352.0, "NHS": "YES", "Shape_Leng": 107.34648879 }, "geometry": { "type": "MultiLineString", "coordinates": [ [ [ -156.46491, 20.88628 ], [ -156.46536, 20.88714 ] ] ] } },
{ "type": "Feature", "properties": { "BMP": 0.29627, "EMP": 0.29168, "PREFIX": "SR", "ROUTE": "3500", "ISLAND": "Maui", "DIRECTION": "-MP", "TYPE": "Sidewalk", "MATERIAL": "Concrete", "LENGTH": 24.0, "NHS": "YES", "Shape_Leng": 7.3189379946699997 }, "geometry": { "type": "MultiLineString", "coordinates": [ [ [ -156.46538, 20.8872 ], [ -156.46541, 20.88726 ] ] ] } },
{ "type": "Feature", "properties": { "BMP": 0.28619, "EMP": 0.28003, "PREFIX": "SR", "ROUTE": "3500", "ISLAND": "Maui", "DIRECTION": "-MP", "TYPE": "Sidewalk", "MATERIAL": "Concrete", "LENGTH": 33.0, "NHS": "YES", "Shape_Leng": 9.9279263389499999 }, "geometry": { "type": "MultiLineString", "coordinates": [ [ [ -156.46544, 20.88734 ], [ -156.46548, 20.88742 ] ] ] } },
{ "type": "Feature", "properties": { "BMP": 0.27623, "EMP": 0.27213, "PREFIX": "SR", "ROUTE": "3500", "ISLAND": "Maui", "DIRECTION": "-MP", "TYPE": "Sidewalk", "MATERIAL": "Concrete", "LENGTH": 22.0, "NHS": "YES", "Shape_Leng": 6.6596533276200001 }, "geometry": { "type": "MultiLineString", "coordinates": [ [ [ -156.4655, 20.88747 ], [ -156.46553, 20.88752 ] ] ] } },
{ "type": "Feature", "properties": { "BMP": 0.26626, "EMP": 0.25011, "PREFIX": "SR", "ROUTE": "3500", "ISLAND": "Maui", "DIRECTION": "-MP", "TYPE": "Sidewalk", "MATERIAL": "Concrete", "LENGTH": 85.0, "NHS": "YES", "Shape_Leng": 26.015507640900001 }, "geometry": { "type": "MultiLineString", "coordinates": [ [ [ -156.46557, 20.8876 ], [ -156.46567, 20.88781 ] ] ] } },
{ "type": "Feature", "properties": { "BMP": 0.2432, "EMP": 0.20002, "PREFIX": "SR", "ROUTE": "3500", "ISLAND": "Maui", "DIRECTION": "-MP", "TYPE": "Sidewalk", "MATERIAL": "Concrete", "LENGTH": 238.0, "NHS": "YES", "Shape_Leng": 72.462635466899997 }, "geometry": { "type": "MultiLineString", "coordinates": [ [ [ -156.46572, 20.88791 ], [ -156.46592, 20.88851 ] ] ] } },
{ "type": "Feature", "properties": { "BMP": 0.18195, "EMP": 0.14138, "PREFIX": "SR", "ROUTE": "3500", "ISLAND": "Maui", "DIRECTION": "-MP", "TYPE": "Sidewalk", "MATERIAL": "Concrete", "LENGTH": 227.0, "NHS": "YES", "Shape_Leng": 69.347227931399999 }, "geometry": { "type": "MultiLineString", "coordinates": [ [ [ -156.46601, 20.88876 ], [ -156.46635, 20.88926 ] ] ] } },
{ "type": "Feature", "properties": { "BMP": 0.1332, "EMP": 0.12, "PREFIX": "SR", "ROUTE": "3500", "ISLAND": "Maui", "DIRECTION": "-MP", "TYPE": "Sidewalk", "MATERIAL": "Concrete", "LENGTH": 72.0, "NHS": "YES", "Shape_Leng": 22.107821701399999 }, "geometry": { "type": "MultiLineString", "coordinates": [ [ [ -156.46641, 20.88937 ], [ -156.46647, 20.88955 ] ] ] } },
{ "type": "Feature", "properties": { "BMP": 0.11229, "EMP": 0.06605, "PREFIX": "SR", "ROUTE": "3500", "ISLAND": "Maui", "DIRECTION": "-MP", "TYPE": "Sidewalk", "MATERIAL": "Concrete", "LENGTH": 244.0, "NHS": "YES", "Shape_Leng": 74.487685694800007 }, "geometry": { "type": "MultiLineString", "coordinates": [ [ [ -156.46652, 20.88965 ], [ -156.46682, 20.89026 ] ] ] } },
{ "type": "Feature", "properties": { "BMP": 0.05707, "EMP": 0.04133, "PREFIX": "SR", "ROUTE": "3500", "ISLAND": "Maui", "DIRECTION": "-MP", "TYPE": "Sidewalk", "MATERIAL": "Concrete", "LENGTH": 83.0, "NHS": "YES", "Shape_Leng": 25.439748481599999 }, "geometry": { "type": "MultiLineString", "coordinates": [ [ [ -156.46688, 20.89038 ], [ -156.46698, 20.89059 ] ] ] } },
{ "type": "Feature", "properties": { "BMP": 0.03566, "EMP": 0.03318, "PREFIX": "SR", "ROUTE": "3500", "ISLAND": "Maui", "DIRECTION": "-MP", "TYPE": "Sidewalk", "MATERIAL": "Concrete", "LENGTH": 13.0, "NHS": "YES", "Shape_Leng": 4.0266475604699998 }, "geometry": { "type": "MultiLineString", "coordinates": [ [ [ -156.46702, 20.89066 ], [ -156.46703, 20.8907 ] ] ] } },
{ "type": "Feature", "properties": { "BMP": 0.02772, "EMP": 0.0, "PREFIX": "SR", "ROUTE": "3500", "ISLAND": "Maui", "DIRECTION": "-MP", "TYPE": "Sidewalk", "MATERIAL": "Concrete", "LENGTH": 142.0, "NHS": "YES", "Shape_Leng": 43.298916373300003 }, "geometry": { "type": "MultiLineString", "coordinates": [ [ [ -156.46707, 20.89077 ], [ -156.46721, 20.89113 ] ] ] } },
{ "type": "Feature", "properties": { "BMP": 0.00453, "EMP": 0.08318, "PREFIX": "SR", "ROUTE": "11", "ISLAND": "Hawaii", "DIRECTION": "+MP", "TYPE": "Sidewalk", "MATERIAL": "Concrete", "LENGTH": 418.0, "NHS": "NO", "Shape_Leng": 127.66781862400001 }, "geometry": { "type": "MultiLineString", "coordinates": [ [ [ -155.06437, 19.72242 ], [ -155.06437, 19.72127 ] ] ] } },
{ "type": "Feature", "properties": { "BMP": 0.42576, "EMP": 0.57625, "PREFIX": "SR", "ROUTE": "11", "ISLAND": "Hawaii", "DIRECTION": "+MP", "TYPE": "Sidewalk", "MATERIAL": "Concrete", "LENGTH": 801.0, "NHS": "NO", "Shape_Leng": 244.688540714 }, "geometry": { "type": "MultiLineString", "coordinates": [ [ [ -155.06439, 19.71629 ], [ -155.06438, 19.71411 ] ] ] } },
{ "type": "Feature", "properties": { "BMP": 0.58436, "EMP": 0.71862, "PREFIX": "SR", "ROUTE": "11", "ISLAND": "Hawaii", "DIRECTION": "+MP", "TYPE": "Sidewalk", "MATERIAL": "Concrete", "LENGTH": 711.0, "NHS": "NO", "Shape_Leng": 217.26038864200001 }, "geometry": { "type": "MultiLineString", "coordinates": [ [ [ -155.06437, 19.71399 ], [ -155.06437, 19.71204 ] ] ] } },
{ "type": "Feature", "properties": { "BMP": 0.72426, "EMP": 0.73174, "PREFIX": "SR", "ROUTE": "11", "ISLAND": "Hawaii", "DIRECTION": "+MP", "TYPE": "Sidewalk", "MATERIAL": "Concrete", "LENGTH": 40.0, "NHS": "NO", "Shape_Leng": 12.270150572 }, "geometry": { "type": "MultiLineString", "coordinates": [ [ [ -155.06435, 19.71195 ], [ -155.06437, 19.71184 ] ] ] } },
{ "type": "Feature", "properties": { "BMP": 0.747, "EMP": 0.89535, "PREFIX": "SR", "ROUTE": "11", "ISLAND": "Hawaii", "DIRECTION": "+MP", "TYPE": "Sidewalk", "MATERIAL": "Concrete", "LENGTH": 793.0, "NHS": "NO", "Shape_Leng": 242.08648362900001 }, "geometry": { "type": "MultiLineString", "coordinates": [ [ [ -155.06438, 19.71162 ], [ -155.0644, 19.70947 ] ] ] } },
{ "type": "Feature", "properties": { "BMP": 1.06351, "EMP": 1.14007, "PREFIX": "SR", "ROUTE": "11", "ISLAND": "Hawaii", "DIRECTION": "+MP", "TYPE": "Sidewalk", "MATERIAL": "Concrete", "LENGTH": 411.0, "NHS": "NO", "Shape_Leng": 125.4801223 }, "geometry": { "type": "MultiLineString", "coordinates": [ [ [ -155.06436, 19.70702 ], [ -155.06441, 19.70591 ] ] ] } },
{ "type": "Feature", "properties": { "BMP": 1.1537, "EMP": 1.59797, "PREFIX": "SR", "ROUTE": "11", "ISLAND": "Hawaii", "DIRECTION": "+MP", "TYPE": "Sidewalk", "MATERIAL": "Concrete", "LENGTH": 2340.0, "NHS": "NO", "Shape_Leng": 714.65255742299996 }, "geometry": { "type": "MultiLineString", "coordinates": [ [ [ -155.06438, 19.70571 ], [ -155.06508, 19.69933 ] ] ] } },
{ "type": "Feature", "properties": { "BMP": 1.61, "EMP": 1.86266, "PREFIX": "SR", "ROUTE": "11", "ISLAND": "Hawaii", "DIRECTION": "+MP", "TYPE": "Sidewalk", "MATERIAL": "Concrete", "LENGTH": 1347.0, "NHS": "NO", "Shape_Leng": 411.43466007699999 }, "geometry": { "type": "MultiLineString", "coordinates": [ [ [ -155.06513, 19.69916 ], [ -155.06586, 19.69554 ] ] ] } },
{ "type": "Feature", "properties": { "BMP": 1.88537, "EMP": 1.88625, "PREFIX": "SR", "ROUTE": "11", "ISLAND": "Hawaii", "DIRECTION": "+MP", "TYPE": "Sidewalk", "MATERIAL": "Concrete", "LENGTH": 16.0, "NHS": "NO", "Shape_Leng": 4.7473602260099996 }, "geometry": { "type": "MultiLineString", "coordinates": [ [ [ -155.06578, 19.6952 ], [ -155.06583, 19.6952 ] ] ] } },
{ "type": "Feature", "properties": { "BMP": 1.0207, "EMP": 1.02496, "PREFIX": "SR", "ROUTE": "240", "ISLAND": "Hawaii", "DIRECTION": "+MP", "TYPE": "Sidewalk", "MATERIAL": "Concrete", "LENGTH": 23.0, "NHS": "NO", "Shape_Leng": 6.9040461908799999 }, "geometry": { "type": "MultiLineString", "coordinates": [ [ [ -155.46289, 20.07705 ], [ -155.46294, 20.07708 ] ] ] } },
{ "type": "Feature", "properties": { "BMP": 0.97702, "EMP": 1.01254, "PREFIX": "SR", "ROUTE": "240", "ISLAND": "Hawaii", "DIRECTION": "+MP", "TYPE": "Sidewalk", "MATERIAL": "Concrete", "LENGTH": 187.0, "NHS": "NO", "Shape_Leng": 57.234397015 }, "geometry": { "type": "MultiLineString", "coordinates": [ [ [ -155.46228, 20.07677 ], [ -155.46278, 20.077 ] ] ] } },
{ "type": "Feature", "properties": { "BMP": 1.0314, "EMP": 1.04901, "PREFIX": "SR", "ROUTE": "240", "ISLAND": "Hawaii", "DIRECTION": "+MP", "TYPE": "Sidewalk", "MATERIAL": "Concrete", "LENGTH": 93.0, "NHS": "NO", "Shape_Leng": 28.463842222299998 }, "geometry": { "type": "MultiLineString", "coordinates": [ [ [ -155.46303, 20.07713 ], [ -155.46327, 20.07725 ] ] ] } },
{ "type": "Feature", "properties": { "BMP": 0.93568, "EMP": 0.96921, "PREFIX": "SR", "ROUTE": "240", "ISLAND": "Hawaii", "DIRECTION": "+MP", "TYPE": "Sidewalk", "MATERIAL": "Concrete", "LENGTH": 176.0, "NHS": "NO", "Shape_Leng": 53.862570105300001 }, "geometry": { "type": "MultiLineString", "coordinates": [ [ [ -155.46172, 20.07649 ], [ -155.46218, 20.07672 ] ] ] } },
{ "type": "Feature", "properties": { "BMP": 1.22564, "EMP": 1.24933, "PREFIX": "SR", "ROUTE": "240", "ISLAND": "Hawaii", "DIRECTION": "+MP", "TYPE": "Sidewalk", "MATERIAL": "Concrete", "LENGTH": 125.0, "NHS": "NO", "Shape_Leng": 38.041339478099999 }, "geometry": { "type": "MultiLineString", "coordinates": [ [ [ -155.46574, 20.07833 ], [ -155.46607, 20.07847 ] ] ] } },
{ "type": "Feature", "properties": { "BMP": 1.14506, "EMP": 1.19373, "PREFIX": "SR", "ROUTE": "240", "ISLAND": "Hawaii", "DIRECTION": "+MP", "TYPE": "Sidewalk", "MATERIAL": "Concrete", "LENGTH": 256.0, "NHS": "NO", "Shape_Leng": 78.255663660300002 }, "geometry": { "type": "MultiLineString", "coordinates": [ [ [ -155.46463, 20.07781 ], [ -155.46531, 20.07809 ] ] ] } },
{ "type": "Feature", "properties": { "BMP": 1.21901, "EMP": 1.22361, "PREFIX": "SR", "ROUTE": "240", "ISLAND": "Hawaii", "DIRECTION": "+MP", "TYPE": "Sidewalk", "MATERIAL": "Asphalt", "LENGTH": 28.0, "NHS": "NO", "Shape_Leng": 8.4150121921600007 }, "geometry": { "type": "MultiLineString", "coordinates": [ [ [ -155.46565, 20.07827 ], [ -155.46571, 20.07831 ] ] ] } },
{ "type": "Feature", "properties": { "BMP": 1.29922, "EMP": 1.30956, "PREFIX": "SR", "ROUTE": "240", "ISLAND": "Hawaii", "DIRECTION": "+MP", "TYPE": "Sidewalk", "MATERIAL": "Asphalt", "LENGTH": 82.0, "NHS": "NO", "Shape_Leng": 25.033262286399999 }, "geometry": { "type": "MultiLineString", "coordinates": [ [ [ -155.46678, 20.07875 ], [ -155.46692, 20.07881 ] ] ] } },
{ "type": "Feature", "properties": { "BMP": 1.41248, "EMP": 1.42972, "PREFIX": "SR", "ROUTE": "240", "ISLAND": "Hawaii", "DIRECTION": "+MP", "TYPE": "Sidewalk", "MATERIAL": "Concrete", "LENGTH": 95.0, "NHS": "NO", "Shape_Leng": 28.928434167500001 }, "geometry": { "type": "MultiLineString", "coordinates": [ [ [ -155.46842, 20.07932 ], [ -155.46868, 20.07937 ] ] ] } },
{ "type": "Feature", "properties": { "BMP": 1.39732, "EMP": 1.40988, "PREFIX": "SR", "ROUTE": "240", "ISLAND": "Hawaii", "DIRECTION": "+MP", "TYPE": "Sidewalk", "MATERIAL": "Concrete", "LENGTH": 66.0, "NHS": "NO", "Shape_Leng": 20.291840463900002 }, "geometry": { "type": "MultiLineString", "coordinates": [ [ [ -155.4682, 20.07927 ], [ -155.46838, 20.07932 ] ] ] } },
{ "type": "Feature", "properties": { "BMP": 1.43349, "EMP": 1.47906, "PREFIX": "SR", "ROUTE": "240", "ISLAND": "Hawaii", "DIRECTION": "+MP", "TYPE": "Sidewalk", "MATERIAL": "Concrete", "LENGTH": 241.0, "NHS": "NO", "Shape_Leng": 73.668684061700006 }, "geometry": { "type": "MultiLineString", "coordinates": [ [ [ -155.46874, 20.07937 ], [ -155.46943, 20.07953 ] ] ] } },
{ "type": "Feature", "properties": { "BMP": 1.48993, "EMP": 1.71863, "PREFIX": "SR", "ROUTE": "240", "ISLAND": "Hawaii", "DIRECTION": "+MP", "TYPE": "Sidewalk", "MATERIAL": "Concrete", "LENGTH": 1206.0, "NHS": "NO", "Shape_Leng": 368.27402694800003 }, "geometry": { "type": "MultiLineString", "coordinates": [ [ [ -155.46959, 20.07957 ], [ -155.47289, 20.08056 ] ] ] } },
{ "type": "Feature", "properties": { "BMP": 105.704, "EMP": 105.83029, "PREFIX": "SR", "ROUTE": "11", "ISLAND": "Hawaii", "DIRECTION": "+MP", "TYPE": "Sidewalk", "MATERIAL": "Asphalt", "LENGTH": 666.0, "NHS": "NO", "Shape_Leng": 203.272969582 }, "geometry": { "type": "MultiLineString", "coordinates": [ [ [ -155.8797, 19.44817 ], [ -155.87968, 19.45 ] ] ] } },
{ "type": "Feature", "properties": { "BMP": 109.145, "EMP": 109.14743, "PREFIX": "SR", "ROUTE": "11", "ISLAND": "Hawaii", "DIRECTION": "+MP", "TYPE": "Sidewalk", "MATERIAL": "Concrete", "LENGTH": 24.0, "NHS": "NO", "Shape_Leng": 7.1723288500600004 }, "geometry": { "type": "MultiLineString", "coordinates": [ [ [ -155.90744, 19.48744 ], [ -155.90745, 19.48751 ] ] ] } },
{ "type": "Feature", "properties": { "BMP": 109.15762, "EMP": 109.17245, "PREFIX": "SR", "ROUTE": "11", "ISLAND": "Hawaii", "DIRECTION": "+MP", "TYPE": "Sidewalk", "MATERIAL": "Concrete", "LENGTH": 81.0, "NHS": "NO", "Shape_Leng": 24.7316380127 }, "geometry": { "type": "MultiLineString", "coordinates": [ [ [ -155.9076, 19.48756 ], [ -155.90781, 19.48765 ] ] ] } },
{ "type": "Feature", "properties": { "BMP": 109.34734, "EMP": 109.4078, "PREFIX": "SR", "ROUTE": "11", "ISLAND": "Hawaii", "DIRECTION": "+MP", "TYPE": "Sidewalk", "MATERIAL": "Concrete", "LENGTH": 322.0, "NHS": "NO", "Shape_Leng": 98.193513274599994 }, "geometry": { "type": "MultiLineString", "coordinates": [ [ [ -155.91008, 19.48898 ], [ -155.91086, 19.48946 ] ] ] } },
{ "type": "Feature", "properties": { "BMP": 0.0031, "EMP": 0.02773, "PREFIX": "SR", "ROUTE": "190", "ISLAND": "Hawaii", "DIRECTION": "+MP", "TYPE": "Sidewalk", "MATERIAL": "Concrete", "LENGTH": 131.0, "NHS": "NO", "Shape_Leng": 39.8311423619 }, "geometry": { "type": "MultiLineString", "coordinates": [ [ [ -155.66904, 20.02041 ], [ -155.66933, 20.02017 ] ] ] } },
{ "type": "Feature", "properties": { "BMP": 0.06955, "EMP": 0.09207, "PREFIX": "SR", "ROUTE": "190", "ISLAND": "Hawaii", "DIRECTION": "+MP", "TYPE": "Sidewalk", "MATERIAL": "Concrete", "LENGTH": 118.0, "NHS": "NO", "Shape_Leng": 36.085204271400002 }, "geometry": { "type": "MultiLineString", "coordinates": [ [ [ -155.66983, 20.0198 ], [ -155.6701, 20.0196 ] ] ] } },
{ "type": "Feature", "properties": { "BMP": 0.13865, "EMP": 0.1738, "PREFIX": "SR", "ROUTE": "190", "ISLAND": "Hawaii", "DIRECTION": "+MP", "TYPE": "Sidewalk", "MATERIAL": "Concrete", "LENGTH": 186.0, "NHS": "NO", "Shape_Leng": 56.7237184058 }, "geometry": { "type": "MultiLineString", "coordinates": [ [ [ -155.67067, 20.01919 ], [ -155.6711, 20.01887 ] ] ] } },
{ "type": "Feature", "properties": { "BMP": 0.10405, "EMP": 0.12976, "PREFIX": "SR", "ROUTE": "190", "ISLAND": "Hawaii", "DIRECTION": "+MP", "TYPE": "Sidewalk", "MATERIAL": "Concrete", "LENGTH": 135.0, "NHS": "NO", "Shape_Leng": 41.344855633100003 }, "geometry": { "type": "MultiLineString", "coordinates": [ [ [ -155.67025, 20.01949 ], [ -155.67056, 20.01927 ] ] ] } },
{ "type": "Feature", "properties": { "BMP": 0.76817, "EMP": 0.76445, "PREFIX": "SR", "ROUTE": "380", "ISLAND": "Maui", "DIRECTION": "-MP", "TYPE": "Sidewalk", "MATERIAL": "Concrete", "LENGTH": 32.0, "NHS": "NO", "Shape_Leng": 9.7427601449800001 }, "geometry": { "type": "MultiLineString", "coordinates": [ [ [ -156.4574, 20.87821 ], [ -156.45731, 20.87816 ] ] ] } },
{ "type": "Feature", "properties": { "BMP": 1.62838, "EMP": 1.57378, "PREFIX": "SR", "ROUTE": "51", "ISLAND": "Kauai", "DIRECTION": "-MP", "TYPE": "Sidewalk", "MATERIAL": "Asphalt", "LENGTH": 291.0, "NHS": "YES", "Shape_Leng": 88.815031935199997 }, "geometry": { "type": "MultiLineString", "coordinates": [ [ [ -159.35261, 21.97694 ], [ -159.35278, 21.97616 ] ] ] } },
{ "type": "Feature", "properties": { "BMP": 0.11672, "EMP": 0.05971, "PREFIX": "SR", "ROUTE": "51", "ISLAND": "Kauai", "DIRECTION": "-MP", "TYPE": "Sidewalk", "MATERIAL": "Concrete", "LENGTH": 311.0, "NHS": "YES", "Shape_Leng": 94.720704678800004 }, "geometry": { "type": "MultiLineString", "coordinates": [ [ [ -159.3536, 21.95959 ], [ -159.35369, 21.95875 ] ] ] } },
{ "type": "Feature", "properties": { "BMP": 63.78612, "EMP": 63.73192, "PREFIX": "SR", "ROUTE": "11", "ISLAND": "Hawaii", "DIRECTION": "-MP", "TYPE": "Sidewalk", "MATERIAL": "Concrete", "LENGTH": 288.0, "NHS": "NO", "Shape_Leng": 87.925538362300003 }, "geometry": { "type": "MultiLineString", "coordinates": [ [ [ -155.5862, 19.06054 ], [ -155.5854, 19.06074 ] ] ] } },
{ "type": "Feature", "properties": { "BMP": 63.72402, "EMP": 63.61971, "PREFIX": "SR", "ROUTE": "11", "ISLAND": "Hawaii", "DIRECTION": "-MP", "TYPE": "Sidewalk", "MATERIAL": "Concrete", "LENGTH": 550.0, "NHS": "NO", "Shape_Leng": 168.00182936499999 }, "geometry": { "type": "MultiLineString", "coordinates": [ [ [ -155.58528, 19.06076 ], [ -155.58373, 19.06109 ] ] ] } },
{ "type": "Feature", "properties": { "BMP": 63.58219, "EMP": 63.50728, "PREFIX": "SR", "ROUTE": "11", "ISLAND": "Hawaii", "DIRECTION": "-MP", "TYPE": "Sidewalk", "MATERIAL": "Concrete", "LENGTH": 398.0, "NHS": "NO", "Shape_Leng": 121.336389498 }, "geometry": { "type": "MultiLineString", "coordinates": [ [ [ -155.58317, 19.0612 ], [ -155.58204, 19.06143 ] ] ] } },
{ "type": "Feature", "properties": { "BMP": 63.4956, "EMP": 63.41686, "PREFIX": "SR", "ROUTE": "11", "ISLAND": "Hawaii", "DIRECTION": "-MP", "TYPE": "Sidewalk", "MATERIAL": "Concrete", "LENGTH": 418.0, "NHS": "NO", "Shape_Leng": 127.560635402 }, "geometry": { "type": "MultiLineString", "coordinates": [ [ [ -155.58187, 19.06147 ], [ -155.58073, 19.06184 ] ] ] } },
{ "type": "Feature", "properties": { "BMP": 63.40797, "EMP": 63.39331, "PREFIX": "SR", "ROUTE": "11", "ISLAND": "Hawaii", "DIRECTION": "-MP", "TYPE": "Sidewalk", "MATERIAL": "Concrete", "LENGTH": 80.0, "NHS": "NO", "Shape_Leng": 24.3435326916 }, "geometry": { "type": "MultiLineString", "coordinates": [ [ [ -155.58059, 19.06187 ], [ -155.58039, 19.06196 ] ] ] } },
{ "type": "Feature", "properties": { "BMP": 4.63979, "EMP": 4.63602, "PREFIX": "SR", "ROUTE": "36", "ISLAND": "Maui", "DIRECTION": "-MP", "TYPE": "Sidewalk", "MATERIAL": "Concrete", "LENGTH": 32.0, "NHS": "YES", "Shape_Leng": 9.8679010879100009 }, "geometry": { "type": "MultiLineString", "coordinates": [ [ [ -156.41081, 20.90555 ], [ -156.41089, 20.9056 ] ] ] } },
{ "type": "Feature", "properties": { "BMP": 1.1836, "EMP": 1.18044, "PREFIX": "SR", "ROUTE": "36", "ISLAND": "Maui", "DIRECTION": "-MP", "TYPE": "Sidewalk", "MATERIAL": "Concrete", "LENGTH": 17.0, "NHS": "YES", "Shape_Leng": 5.086351468 }, "geometry": { "type": "MultiLineString", "coordinates": [ [ [ -156.4487, 20.88331 ], [ -156.44874, 20.88333 ] ] ] } },
{ "type": "Feature", "properties": { "BMP": 102.01196, "EMP": 102.02053, "PREFIX": "SR", "ROUTE": "11", "ISLAND": "Hawaii", "DIRECTION": "+MP", "TYPE": "Sidewalk", "MATERIAL": "Asphalt", "LENGTH": 46.0, "NHS": "NO", "Shape_Leng": 14.0663113584 }, "geometry": { "type": "MultiLineString", "coordinates": [ [ [ -155.87946, 19.39676 ], [ -155.8795, 19.39688 ] ] ] } },
{ "type": "Feature", "properties": { "BMP": 0.00411, "EMP": 0.07155, "PREFIX": "SR", "ROUTE": "51", "ISLAND": "Kauai", "DIRECTION": "+MP", "TYPE": "Sidewalk", "MATERIAL": "Concrete", "LENGTH": 377.0, "NHS": "YES", "Shape_Leng": 114.82523961699999 }, "geometry": { "type": "MultiLineString", "coordinates": [ [ [ -159.35386, 21.95793 ], [ -159.35352, 21.95889 ] ] ] } },
{ "type": "Feature", "properties": { "BMP": 0.07811, "EMP": 0.12103, "PREFIX": "SR", "ROUTE": "51", "ISLAND": "Kauai", "DIRECTION": "+MP", "TYPE": "Sidewalk", "MATERIAL": "Concrete", "LENGTH": 220.0, "NHS": "YES", "Shape_Leng": 66.967670521800002 }, "geometry": { "type": "MultiLineString", "coordinates": [ [ [ -159.35351, 21.95898 ], [ -159.35337, 21.95957 ] ] ] } },
{ "type": "Feature", "properties": { "BMP": 0.12856, "EMP": 0.16913, "PREFIX": "SR", "ROUTE": "51", "ISLAND": "Kauai", "DIRECTION": "+MP", "TYPE": "Sidewalk", "MATERIAL": "Concrete", "LENGTH": 214.0, "NHS": "YES", "Shape_Leng": 65.190123094800001 }, "geometry": { "type": "MultiLineString", "coordinates": [ [ [ -159.35333, 21.95967 ], [ -159.353, 21.96017 ] ] ] } },
{ "type": "Feature", "properties": { "BMP": 0.00212, "EMP": 0.01548, "PREFIX": "SR", "ROUTE": "570", "ISLAND": "Kauai", "DIRECTION": "+MP", "TYPE": "Sidewalk", "MATERIAL": "Concrete", "LENGTH": 79.0, "NHS": "YES", "Shape_Leng": 23.923617681900001 }, "geometry": { "type": "MultiLineString", "coordinates": [ [ [ -159.36758, 21.98081 ], [ -159.36736, 21.98082 ] ] ] } },
{ "type": "Feature", "properties": { "BMP": 0.02233, "EMP": 0.02774, "PREFIX": "SR", "ROUTE": "570", "ISLAND": "Kauai", "DIRECTION": "+MP", "TYPE": "Sidewalk", "MATERIAL": "Concrete", "LENGTH": 28.0, "NHS": "YES", "Shape_Leng": 8.6661183556499992 }, "geometry": { "type": "MultiLineString", "coordinates": [ [ [ -159.36725, 21.98081 ], [ -159.36717, 21.98079 ] ] ] } },
{ "type": "Feature", "properties": { "BMP": 0.03419, "EMP": 0.04698, "PREFIX": "SR", "ROUTE": "570", "ISLAND": "Kauai", "DIRECTION": "+MP", "TYPE": "Sidewalk", "MATERIAL": "Concrete", "LENGTH": 68.0, "NHS": "YES", "Shape_Leng": 20.604914967700001 }, "geometry": { "type": "MultiLineString", "coordinates": [ [ [ -159.36707, 21.98078 ], [ -159.36687, 21.98074 ] ] ] } },
{ "type": "Feature", "properties": { "BMP": 0.1309, "EMP": 0.1701, "PREFIX": "SR", "ROUTE": "570", "ISLAND": "Kauai", "DIRECTION": "+MP", "TYPE": "Sidewalk", "MATERIAL": "Concrete", "LENGTH": 209.0, "NHS": "YES", "Shape_Leng": 63.646094179899997 }, "geometry": { "type": "MultiLineString", "coordinates": [ [ [ -159.36558, 21.98054 ], [ -159.36496, 21.98054 ] ] ] } },
{ "type": "Feature", "properties": { "BMP": 0.05306, "EMP": 0.05658, "PREFIX": "SR", "ROUTE": "570", "ISLAND": "Kauai", "DIRECTION": "+MP", "TYPE": "Sidewalk", "MATERIAL": "Concrete", "LENGTH": 19.0, "NHS": "YES", "Shape_Leng": 5.6874828496900003 }, "geometry": { "type": "MultiLineString", "coordinates": [ [ [ -159.36678, 21.98073 ], [ -159.36673, 21.98072 ] ] ] } },
{ "type": "Feature", "properties": { "BMP": 0.06523, "EMP": 0.11937, "PREFIX": "SR", "ROUTE": "570", "ISLAND": "Kauai", "DIRECTION": "+MP", "TYPE": "Sidewalk", "MATERIAL": "Concrete", "LENGTH": 286.0, "NHS": "YES", "Shape_Leng": 87.231854471700004 }, "geometry": { "type": "MultiLineString", "coordinates": [ [ [ -159.36659, 21.9807 ], [ -159.36576, 21.98056 ] ] ] } },
{ "type": "Feature", "properties": { "BMP": 6.45059, "EMP": 6.28088, "PREFIX": "SR", "ROUTE": "36", "ISLAND": "Maui", "DIRECTION": "-MP", "TYPE": "Shared-use path", "MATERIAL": "Asphalt", "LENGTH": 895.0, "NHS": "YES", "Shape_Leng": 273.14500630700002 }, "geometry": { "type": "MultiLineString", "coordinates": [ [ [ -156.38463, 20.91484 ], [ -156.38704, 20.91385 ] ] ] } },
{ "type": "Feature", "properties": { "BMP": 6.28058, "EMP": 6.27184, "PREFIX": "SR", "ROUTE": "36", "ISLAND": "Maui", "DIRECTION": "-MP", "TYPE": "Shared-use path", "MATERIAL": "Concrete", "LENGTH": 46.0, "NHS": "YES", "Shape_Leng": 14.099931527400001 }, "geometry": { "type": "MultiLineString", "coordinates": [ [ [ -156.38704, 20.91385 ], [ -156.38717, 20.9138 ] ] ] } },
{ "type": "Feature", "properties": { "BMP": 6.2716, "EMP": 6.08851, "PREFIX": "SR", "ROUTE": "36", "ISLAND": "Maui", "DIRECTION": "-MP", "TYPE": "Shared-use path", "MATERIAL": "Asphalt", "LENGTH": 970.0, "NHS": "YES", "Shape_Leng": 295.84168752400001 }, "geometry": { "type": "MultiLineString", "coordinates": [ [ [ -156.38717, 20.9138 ], [ -156.38979, 20.91279 ] ] ] } },
{ "type": "Feature", "properties": { "BMP": 0.27165, "EMP": 0.41793, "PREFIX": "SR", "ROUTE": "11", "ISLAND": "Hawaii", "DIRECTION": "+MP", "TYPE": "Sidewalk", "MATERIAL": "Concrete", "LENGTH": 778.0, "NHS": "NO", "Shape_Leng": 237.689201322 }, "geometry": { "type": "MultiLineString", "coordinates": [ [ [ -155.06435, 19.71853 ], [ -155.0644, 19.71641 ] ] ] } },
{ "type": "Feature", "properties": { "BMP": 0.09378, "EMP": 0.26378, "PREFIX": "SR", "ROUTE": "11", "ISLAND": "Hawaii", "DIRECTION": "+MP", "TYPE": "Sidewalk", "MATERIAL": "Concrete", "LENGTH": 899.0, "NHS": "NO", "Shape_Leng": 274.55601163300003 }, "geometry": { "type": "MultiLineString", "coordinates": [ [ [ -155.06437, 19.72112 ], [ -155.06435, 19.71865 ] ] ] } },
{ "type": "Feature", "properties": { "BMP": 1.04846, "EMP": 1.04846, "PREFIX": "SR", "ROUTE": "11", "ISLAND": "Hawaii", "DIRECTION": "+MP", "TYPE": "Sidewalk", "MATERIAL": "Concrete", "LENGTH": 15.0, "NHS": "NO", "Shape_Leng": 4.6865944014099998 }, "geometry": { "type": "MultiLineString", "coordinates": [ [ [ -155.06422, 19.70724 ], [ -155.06418, 19.70724 ] ] ] } },
{ "type": "Feature", "properties": { "BMP": 1.1546, "EMP": 1.1546, "PREFIX": "SR", "ROUTE": "11", "ISLAND": "Hawaii", "DIRECTION": "+MP", "TYPE": "Sidewalk", "MATERIAL": "Asphalt", "LENGTH": 6.0, "NHS": "NO", "Shape_Leng": 1.9281433613600001 }, "geometry": { "type": "MultiLineString", "coordinates": [ [ [ -155.06423, 19.7057 ], [ -155.06421, 19.7057 ] ] ] } },
{ "type": "Feature", "properties": { "BMP": 1.35754, "EMP": 1.35772, "PREFIX": "SR", "ROUTE": "11", "ISLAND": "Hawaii", "DIRECTION": "+MP", "TYPE": "Sidewalk", "MATERIAL": "Asphalt", "LENGTH": 17.0, "NHS": "NO", "Shape_Leng": 5.05624062493 }, "geometry": { "type": "MultiLineString", "coordinates": [ [ [ -155.06433, 19.70275 ], [ -155.06429, 19.70275 ] ] ] } },
{ "type": "Feature", "properties": { "BMP": 1.86462, "EMP": 1.88861, "PREFIX": "SR", "ROUTE": "11", "ISLAND": "Hawaii", "DIRECTION": "+MP", "TYPE": "Sidewalk", "MATERIAL": "Concrete", "LENGTH": 156.0, "NHS": "NO", "Shape_Leng": 47.629028402499998 }, "geometry": { "type": "MultiLineString", "coordinates": [ [ [ -155.06579, 19.6955 ], [ -155.06601, 19.69519 ] ] ] } },
{ "type": "Feature", "properties": { "BMP": 0.84698, "EMP": 0.85294, "PREFIX": "SR", "ROUTE": "197", "ISLAND": "Hawaii", "DIRECTION": "+MP", "TYPE": "Sidewalk", "MATERIAL": "Concrete", "LENGTH": 38.0, "NHS": "NO", "Shape_Leng": 11.593824153 }, "geometry": { "type": "MultiLineString", "coordinates": [ [ [ -156.00264, 19.67287 ], [ -156.00256, 19.67293 ] ] ] } },
{ "type": "Feature", "properties": { "BMP": 0.5323, "EMP": 0.34279, "PREFIX": "SR", "ROUTE": "36A", "ISLAND": "Maui", "DIRECTION": "-MP", "TYPE": "Sidewalk", "MATERIAL": "Concrete", "LENGTH": 983.0, "NHS": "NO", "Shape_Leng": 299.72644041699999 }, "geometry": { "type": "MultiLineString", "coordinates": [ [ [ -156.44924, 20.88919 ], [ -156.4518, 20.88796 ] ] ] } },
{ "type": "Feature", "properties": { "BMP": 0.84757, "EMP": 0.88762, "PREFIX": "SR", "ROUTE": "19", "ISLAND": "Hawaii", "DIRECTION": "+MP", "TYPE": "Sidewalk", "MATERIAL": "Concrete", "LENGTH": 221.0, "NHS": "YES", "Shape_Leng": 67.520927535699997 }, "geometry": { "type": "MultiLineString", "coordinates": [ [ [ -155.06432, 19.72271 ], [ -155.06494, 19.72265 ] ] ] } },
{ "type": "Feature", "properties": { "BMP": 0.89894, "EMP": 0.93829, "PREFIX": "SR", "ROUTE": "19", "ISLAND": "Hawaii", "DIRECTION": "+MP", "TYPE": "Sidewalk", "MATERIAL": "Concrete", "LENGTH": 208.0, "NHS": "YES", "Shape_Leng": 63.494147734599999 }, "geometry": { "type": "MultiLineString", "coordinates": [ [ [ -155.06511, 19.72266 ], [ -155.06571, 19.72266 ] ] ] } },
{ "type": "Feature", "properties": { "BMP": 0.95044, "EMP": 1.20269, "PREFIX": "SR", "ROUTE": "19", "ISLAND": "Hawaii", "DIRECTION": "+MP", "TYPE": "Sidewalk", "MATERIAL": "Concrete", "LENGTH": 1374.0, "NHS": "YES", "Shape_Leng": 419.65956587800002 }, "geometry": { "type": "MultiLineString", "coordinates": [ [ [ -155.0659, 19.72266 ], [ -155.06979, 19.72274 ] ] ] } },
{ "type": "Feature", "properties": { "BMP": 1.21637, "EMP": 1.32163, "PREFIX": "SR", "ROUTE": "19", "ISLAND": "Hawaii", "DIRECTION": "+MP", "TYPE": "Sidewalk", "MATERIAL": "Concrete", "LENGTH": 608.0, "NHS": "YES", "Shape_Leng": 185.55069946200001 }, "geometry": { "type": "MultiLineString", "coordinates": [ [ [ -155.07, 19.72271 ], [ -155.07164, 19.72268 ] ] ] } },
{ "type": "Feature", "properties": { "BMP": 1.43345, "EMP": 1.53577, "PREFIX": "SR", "ROUTE": "19", "ISLAND": "Hawaii", "DIRECTION": "+MP", "TYPE": "Sidewalk", "MATERIAL": "Concrete", "LENGTH": 535.0, "NHS": "YES", "Shape_Leng": 163.30479390799999 }, "geometry": { "type": "MultiLineString", "coordinates": [ [ [ -155.07327, 19.7221 ], [ -155.07482, 19.72201 ] ] ] } },
{ "type": "Feature", "properties": { "BMP": 36.87718, "EMP": 36.96646, "PREFIX": "SR", "ROUTE": "190", "ISLAND": "Hawaii", "DIRECTION": "+MP", "TYPE": "Sidewalk", "MATERIAL": "Concrete", "LENGTH": 475.0, "NHS": "NO", "Shape_Leng": 144.68213996399999 }, "geometry": { "type": "MultiLineString", "coordinates": [ [ [ -155.98125, 19.66593 ], [ -155.98164, 19.66469 ] ] ] } },
{ "type": "Feature", "properties": { "BMP": 0.00516, "EMP": 0.03612, "PREFIX": "SR", "ROUTE": "19", "ISLAND": "Hawaii", "DIRECTION": "+MP", "TYPE": "Sidewalk", "MATERIAL": "Concrete", "LENGTH": 169.0, "NHS": "YES", "Shape_Leng": 51.601302284799999 }, "geometry": { "type": "MultiLineString", "coordinates": [ [ [ -155.05411, 19.72883 ], [ -155.05407, 19.72838 ] ] ] } },
{ "type": "Feature", "properties": { "BMP": 38.22417, "EMP": 38.22891, "PREFIX": "SR", "ROUTE": "190", "ISLAND": "Hawaii", "DIRECTION": "+MP", "TYPE": "Sidewalk", "MATERIAL": "Concrete", "LENGTH": 28.0, "NHS": "NO", "Shape_Leng": 8.4244426003299999 }, "geometry": { "type": "MultiLineString", "coordinates": [ [ [ -155.98886, 19.64956 ], [ -155.98891, 19.64951 ] ] ] } },
{ "type": "Feature", "properties": { "BMP": 0.04041, "EMP": 0.08464, "PREFIX": "SR", "ROUTE": "19", "ISLAND": "Hawaii", "DIRECTION": "+MP", "TYPE": "Sidewalk", "MATERIAL": "Concrete", "LENGTH": 222.0, "NHS": "YES", "Shape_Leng": 67.931803986299997 }, "geometry": { "type": "MultiLineString", "coordinates": [ [ [ -155.05407, 19.72832 ], [ -155.05414, 19.72772 ] ] ] } },
{ "type": "Feature", "properties": { "BMP": 0.29506, "EMP": 0.4246, "PREFIX": "SR", "ROUTE": "19", "ISLAND": "Hawaii", "DIRECTION": "+MP", "TYPE": "Sidewalk", "MATERIAL": "Concrete", "LENGTH": 686.0, "NHS": "YES", "Shape_Leng": 209.66855950600001 }, "geometry": { "type": "MultiLineString", "coordinates": [ [ [ -155.05698, 19.72638 ], [ -155.05876, 19.72554 ] ] ] } },
{ "type": "Feature", "properties": { "BMP": 38.58363, "EMP": 38.60281, "PREFIX": "SR", "ROUTE": "190", "ISLAND": "Hawaii", "DIRECTION": "+MP", "TYPE": "Sidewalk", "MATERIAL": "Concrete", "LENGTH": 121.0, "NHS": "NO", "Shape_Leng": 36.742617120200002 }, "geometry": { "type": "MultiLineString", "coordinates": [ [ [ -155.99348, 19.64688 ], [ -155.99377, 19.64671 ] ] ] } },
{ "type": "Feature", "properties": { "BMP": 38.64959, "EMP": 38.70701, "PREFIX": "SR", "ROUTE": "190", "ISLAND": "Hawaii", "DIRECTION": "+MP", "TYPE": "Sidewalk", "MATERIAL": "Concrete", "LENGTH": 305.0, "NHS": "NO", "Shape_Leng": 92.936078645400002 }, "geometry": { "type": "MultiLineString", "coordinates": [ [ [ -155.99396, 19.64604 ], [ -155.99434, 19.64528 ] ] ] } },
{ "type": "Feature", "properties": { "BMP": 38.72003, "EMP": 38.73039, "PREFIX": "SR", "ROUTE": "190", "ISLAND": "Hawaii", "DIRECTION": "+MP", "TYPE": "Sidewalk", "MATERIAL": "Concrete", "LENGTH": 55.0, "NHS": "NO", "Shape_Leng": 16.647009061399999 }, "geometry": { "type": "MultiLineString", "coordinates": [ [ [ -155.99442, 19.64511 ], [ -155.99449, 19.64498 ] ] ] } },
{ "type": "Feature", "properties": { "BMP": 38.73726, "EMP": 38.76247, "PREFIX": "SR", "ROUTE": "190", "ISLAND": "Hawaii", "DIRECTION": "+MP", "TYPE": "Sidewalk", "MATERIAL": "Concrete", "LENGTH": 133.0, "NHS": "NO", "Shape_Leng": 40.514963300799998 }, "geometry": { "type": "MultiLineString", "coordinates": [ [ [ -155.99454, 19.64489 ], [ -155.99472, 19.64457 ] ] ] } },
{ "type": "Feature", "properties": { "BMP": 38.93623, "EMP": 38.9591, "PREFIX": "SR", "ROUTE": "190", "ISLAND": "Hawaii", "DIRECTION": "+MP", "TYPE": "Sidewalk", "MATERIAL": "Concrete", "LENGTH": 123.0, "NHS": "NO", "Shape_Leng": 37.423023315000002 }, "geometry": { "type": "MultiLineString", "coordinates": [ [ [ -155.996, 19.64236 ], [ -155.99621, 19.6421 ] ] ] } },
{ "type": "Feature", "properties": { "BMP": 38.9642, "EMP": 38.9642, "PREFIX": "SR", "ROUTE": "190", "ISLAND": "Hawaii", "DIRECTION": "+MP", "TYPE": "Sidewalk", "MATERIAL": "Concrete", "LENGTH": 8.0, "NHS": "NO", "Shape_Leng": 2.4534266495699999 }, "geometry": { "type": "MultiLineString", "coordinates": [ [ [ -155.9962, 19.64202 ], [ -155.99621, 19.642 ] ] ] } },
{ "type": "Feature", "properties": { "BMP": 38.63203, "EMP": 38.63836, "PREFIX": "SR", "ROUTE": "190", "ISLAND": "Hawaii", "DIRECTION": "+MP", "TYPE": "Sidewalk", "MATERIAL": "Concrete", "LENGTH": 40.0, "NHS": "NO", "Shape_Leng": 12.3255257416 }, "geometry": { "type": "MultiLineString", "coordinates": [ [ [ -155.99383, 19.64626 ], [ -155.99392, 19.6462 ] ] ] } },
{ "type": "Feature", "properties": { "BMP": 38.60609, "EMP": 38.61064, "PREFIX": "SR", "ROUTE": "190", "ISLAND": "Hawaii", "DIRECTION": "+MP", "TYPE": "Sidewalk", "MATERIAL": "Concrete", "LENGTH": 40.0, "NHS": "NO", "Shape_Leng": 12.2125815592 }, "geometry": { "type": "MultiLineString", "coordinates": [ [ [ -155.99372, 19.64663 ], [ -155.99369, 19.64654 ] ] ] } },
{ "type": "Feature", "properties": { "BMP": 118.84958, "EMP": 118.8509, "PREFIX": "SR", "ROUTE": "11", "ISLAND": "Hawaii", "DIRECTION": "+MP", "TYPE": "Sidewalk", "MATERIAL": "Asphalt", "LENGTH": 14.0, "NHS": "NO", "Shape_Leng": 4.2429320045600001 }, "geometry": { "type": "MultiLineString", "coordinates": [ [ [ -155.96584, 19.61112 ], [ -155.96583, 19.61115 ] ] ] } },
{ "type": "Feature", "properties": { "BMP": 118.86029, "EMP": 118.86194, "PREFIX": "SR", "ROUTE": "11", "ISLAND": "Hawaii", "DIRECTION": "+MP", "TYPE": "Sidewalk", "MATERIAL": "Asphalt", "LENGTH": 12.0, "NHS": "NO", "Shape_Leng": 3.5333997573599998 }, "geometry": { "type": "MultiLineString", "coordinates": [ [ [ -155.9659, 19.61127 ], [ -155.96591, 19.61129 ] ] ] } },
{ "type": "Feature", "properties": { "BMP": 111.03202, "EMP": 111.04947, "PREFIX": "SR", "ROUTE": "11", "ISLAND": "Hawaii", "DIRECTION": "+MP", "TYPE": "Sidewalk", "MATERIAL": "Concrete", "LENGTH": 99.0, "NHS": "NO", "Shape_Leng": 30.192575553000001 }, "geometry": { "type": "MultiLineString", "coordinates": [ [ [ -155.91982, 19.50859 ], [ -155.91988, 19.50885 ] ] ] } },
{ "type": "Feature", "properties": { "BMP": 111.02611, "EMP": 111.02711, "PREFIX": "SR", "ROUTE": "11", "ISLAND": "Hawaii", "DIRECTION": "+MP", "TYPE": "Sidewalk", "MATERIAL": "Asphalt", "LENGTH": 5.0, "NHS": "NO", "Shape_Leng": 1.61663987804 }, "geometry": { "type": "MultiLineString", "coordinates": [ [ [ -155.91988, 19.5085 ], [ -155.91988, 19.50852 ] ] ] } },
{ "type": "Feature", "properties": { "BMP": 121.64227, "EMP": 121.64307, "PREFIX": "SR", "ROUTE": "11", "ISLAND": "Hawaii", "DIRECTION": "+MP", "TYPE": "Sidewalk", "MATERIAL": "Concrete", "LENGTH": 8.0, "NHS": "NO", "Shape_Leng": 2.5021064216300002 }, "geometry": { "type": "MultiLineString", "coordinates": [ [ [ -155.98873, 19.64417 ], [ -155.98874, 19.64419 ] ] ] } },
{ "type": "Feature", "properties": { "BMP": 121.66012, "EMP": 121.66754, "PREFIX": "SR", "ROUTE": "11", "ISLAND": "Hawaii", "DIRECTION": "+MP", "TYPE": "Sidewalk", "MATERIAL": "Concrete", "LENGTH": 43.0, "NHS": "NO", "Shape_Leng": 13.178565475799999 }, "geometry": { "type": "MultiLineString", "coordinates": [ [ [ -155.98894, 19.64437 ], [ -155.98906, 19.64438 ] ] ] } },
{ "type": "Feature", "properties": { "BMP": 121.65614, "EMP": 121.65755, "PREFIX": "SR", "ROUTE": "11", "ISLAND": "Hawaii", "DIRECTION": "+MP", "TYPE": "Sidewalk", "MATERIAL": "Concrete", "LENGTH": 14.0, "NHS": "NO", "Shape_Leng": 4.3026711644100004 }, "geometry": { "type": "MultiLineString", "coordinates": [ [ [ -155.98891, 19.64428 ], [ -155.98894, 19.64428 ] ] ] } },
{ "type": "Feature", "properties": { "BMP": 23.2532, "EMP": 23.1369, "PREFIX": "SR", "ROUTE": "50", "ISLAND": "Kauai", "DIRECTION": "-MP", "TYPE": "Sidewalk", "MATERIAL": "Concrete", "LENGTH": 614.0, "NHS": "YES", "Shape_Leng": 186.99483420499999 }, "geometry": { "type": "MultiLineString", "coordinates": [ [ [ -159.67425, 21.95881 ], [ -159.67278, 21.95783 ] ] ] } },
{ "type": "Feature", "properties": { "BMP": 121.97647, "EMP": 121.9826, "PREFIX": "SR", "ROUTE": "11", "ISLAND": "Hawaii", "DIRECTION": "+MP", "TYPE": "Sidewalk", "MATERIAL": "Concrete", "LENGTH": 42.0, "NHS": "NO", "Shape_Leng": 12.879001866499999 }, "geometry": { "type": "MultiLineString", "coordinates": [ [ [ -155.99327, 19.64645 ], [ -155.99337, 19.6464 ] ] ] } },
{ "type": "Feature", "properties": { "BMP": 22.83631, "EMP": 22.7941, "PREFIX": "SR", "ROUTE": "50", "ISLAND": "Kauai", "DIRECTION": "-MP", "TYPE": "Sidewalk", "MATERIAL": "Concrete", "LENGTH": 223.0, "NHS": "YES", "Shape_Leng": 67.941864767499993 }, "geometry": { "type": "MultiLineString", "coordinates": [ [ [ -159.66883, 21.95546 ], [ -159.66825, 21.95516 ] ] ] } },
{ "type": "Feature", "properties": { "BMP": 22.78245, "EMP": 22.69094, "PREFIX": "SR", "ROUTE": "50", "ISLAND": "Kauai", "DIRECTION": "-MP", "TYPE": "Sidewalk", "MATERIAL": "Concrete", "LENGTH": 484.0, "NHS": "YES", "Shape_Leng": 147.401530307 }, "geometry": { "type": "MultiLineString", "coordinates": [ [ [ -159.6681, 21.95508 ], [ -159.66685, 21.95444 ] ] ] } },
{ "type": "Feature", "properties": { "BMP": 22.68131, "EMP": 22.60005, "PREFIX": "SR", "ROUTE": "50", "ISLAND": "Kauai", "DIRECTION": "-MP", "TYPE": "Sidewalk", "MATERIAL": "Concrete", "LENGTH": 431.0, "NHS": "YES", "Shape_Leng": 131.39167981200001 }, "geometry": { "type": "MultiLineString", "coordinates": [ [ [ -159.66671, 21.95438 ], [ -159.6656, 21.95381 ] ] ] } },
{ "type": "Feature", "properties": { "BMP": 20.35914, "EMP": 20.33027, "PREFIX": "SR", "ROUTE": "50", "ISLAND": "Kauai", "DIRECTION": "-MP", "TYPE": "Sidewalk", "MATERIAL": "Concrete", "LENGTH": 153.0, "NHS": "YES", "Shape_Leng": 46.461307515999998 }, "geometry": { "type": "MultiLineString", "coordinates": [ [ [ -159.64091, 21.93256 ], [ -159.64054, 21.93231 ] ] ] } },
{ "type": "Feature", "properties": { "BMP": 19.0144, "EMP": 18.9747, "PREFIX": "SR", "ROUTE": "50", "ISLAND": "Kauai", "DIRECTION": "-MP", "TYPE": "Sidewalk", "MATERIAL": "Concrete", "LENGTH": 210.0, "NHS": "YES", "Shape_Leng": 64.081763264800003 }, "geometry": { "type": "MultiLineString", "coordinates": [ [ [ -159.62458, 21.9204 ], [ -159.62413, 21.92 ] ] ] } },
{ "type": "Feature", "properties": { "BMP": 18.52324, "EMP": 18.4497, "PREFIX": "SR", "ROUTE": "50", "ISLAND": "Kauai", "DIRECTION": "-MP", "TYPE": "Sidewalk", "MATERIAL": "Concrete", "LENGTH": 386.0, "NHS": "YES", "Shape_Leng": 117.523488955 }, "geometry": { "type": "MultiLineString", "coordinates": [ [ [ -159.61785, 21.9172 ], [ -159.6169, 21.91662 ] ] ] } },
{ "type": "Feature", "properties": { "BMP": 16.27541, "EMP": 16.02712, "PREFIX": "SR", "ROUTE": "50", "ISLAND": "Kauai", "DIRECTION": "-MP", "TYPE": "Sidewalk", "MATERIAL": "Concrete", "LENGTH": 1290.0, "NHS": "YES", "Shape_Leng": 392.84781307200001 }, "geometry": { "type": "MultiLineString", "coordinates": [ [ [ -159.58599, 21.90924 ], [ -159.58528, 21.90619 ] ] ] } },
{ "type": "Feature", "properties": { "BMP": 11.75383, "EMP": 11.74424, "PREFIX": "SR", "ROUTE": "50", "ISLAND": "Kauai", "DIRECTION": "-MP", "TYPE": "Sidewalk", "MATERIAL": "Concrete", "LENGTH": 50.0, "NHS": "YES", "Shape_Leng": 15.372805207700001 }, "geometry": { "type": "MultiLineString", "coordinates": [ [ [ -159.52745, 21.92552 ], [ -159.5273, 21.9255 ] ] ] } },
{ "type": "Feature", "properties": { "BMP": 11.73264, "EMP": 11.72248, "PREFIX": "SR", "ROUTE": "50", "ISLAND": "Kauai", "DIRECTION": "-MP", "TYPE": "Sidewalk", "MATERIAL": "Concrete", "LENGTH": 55.0, "NHS": "YES", "Shape_Leng": 16.861905006299999 }, "geometry": { "type": "MultiLineString", "coordinates": [ [ [ -159.52712, 21.92547 ], [ -159.52696, 21.92547 ] ] ] } },
{ "type": "Feature", "properties": { "BMP": 10.61423, "EMP": 10.65217, "PREFIX": "SR", "ROUTE": "130", "ISLAND": "Hawaii", "DIRECTION": "+MP", "TYPE": "Sidewalk", "MATERIAL": "Concrete", "LENGTH": 209.0, "NHS": "NO", "Shape_Leng": 63.9445865502 }, "geometry": { "type": "MultiLineString", "coordinates": [ [ [ -154.95666, 19.50554 ], [ -154.95628, 19.50519 ] ] ] } },
{ "type": "Feature", "properties": { "BMP": 10.58907, "EMP": 10.61077, "PREFIX": "SR", "ROUTE": "130", "ISLAND": "Hawaii", "DIRECTION": "+MP", "TYPE": "Sidewalk", "MATERIAL": "Concrete", "LENGTH": 121.0, "NHS": "NO", "Shape_Leng": 36.910746732299998 }, "geometry": { "type": "MultiLineString", "coordinates": [ [ [ -154.95694, 19.50583 ], [ -154.95669, 19.5056 ] ] ] } },
{ "type": "Feature", "properties": { "BMP": 9.67764, "EMP": 9.64631, "PREFIX": "SR", "ROUTE": "50", "ISLAND": "Kauai", "DIRECTION": "-MP", "TYPE": "Sidewalk", "MATERIAL": "Asphalt", "LENGTH": 165.0, "NHS": "YES", "Shape_Leng": 50.275432013100001 }, "geometry": { "type": "MultiLineString", "coordinates": [ [ [ -159.4984, 21.92302 ], [ -159.49792, 21.9231 ] ] ] } },
{ "type": "Feature", "properties": { "BMP": 1.22132, "EMP": 1.02259, "PREFIX": "SR", "ROUTE": "50", "ISLAND": "Kauai", "DIRECTION": "-MP", "TYPE": "Sidewalk", "MATERIAL": "Concrete", "LENGTH": 1056.0, "NHS": "YES", "Shape_Leng": 321.69906682099997 }, "geometry": { "type": "MultiLineString", "coordinates": [ [ [ -159.3881, 21.96942 ], [ -159.38516, 21.97034 ] ] ] } },
{ "type": "Feature", "properties": { "BMP": 0.7928, "EMP": 0.73089, "PREFIX": "SR", "ROUTE": "50", "ISLAND": "Kauai", "DIRECTION": "-MP", "TYPE": "Sidewalk", "MATERIAL": "Concrete", "LENGTH": 328.0, "NHS": "YES", "Shape_Leng": 99.988505283600006 }, "geometry": { "type": "MultiLineString", "coordinates": [ [ [ -159.38178, 21.97144 ], [ -159.38087, 21.97175 ] ] ] } },
{ "type": "Feature", "properties": { "BMP": 0.72227, "EMP": 0.65336, "PREFIX": "SR", "ROUTE": "50", "ISLAND": "Kauai", "DIRECTION": "-MP", "TYPE": "Sidewalk", "MATERIAL": "Concrete", "LENGTH": 369.0, "NHS": "YES", "Shape_Leng": 112.490263101 }, "geometry": { "type": "MultiLineString", "coordinates": [ [ [ -159.38074, 21.97179 ], [ -159.37971, 21.9721 ] ] ] } },
{ "type": "Feature", "properties": { "BMP": 1.00111, "EMP": 0.81152, "PREFIX": "SR", "ROUTE": "50", "ISLAND": "Kauai", "DIRECTION": "-MP", "TYPE": "Sidewalk", "MATERIAL": "Concrete", "LENGTH": 1006.0, "NHS": "YES", "Shape_Leng": 306.42289140499997 }, "geometry": { "type": "MultiLineString", "coordinates": [ [ [ -159.38485, 21.97046 ], [ -159.38205, 21.97134 ] ] ] } },
{ "type": "Feature", "properties": { "BMP": 0.62626, "EMP": 0.09306, "PREFIX": "SR", "ROUTE": "50", "ISLAND": "Kauai", "DIRECTION": "-MP", "TYPE": "Sidewalk", "MATERIAL": "Concrete", "LENGTH": 2809.0, "NHS": "YES", "Shape_Leng": 855.47202733400002 }, "geometry": { "type": "MultiLineString", "coordinates": [ [ [ -159.37932, 21.97225 ], [ -159.37212, 21.9759 ] ] ] } },
{ "type": "Feature", "properties": { "BMP": 0.17422, "EMP": 0.20754, "PREFIX": "SR", "ROUTE": "190", "ISLAND": "Hawaii", "DIRECTION": "+MP", "TYPE": "Shared-use path", "MATERIAL": "Asphalt", "LENGTH": 177.0, "NHS": "NO", "Shape_Leng": 53.891503705300003 }, "geometry": { "type": "MultiLineString", "coordinates": [ [ [ -155.6711, 20.01887 ], [ -155.67149, 20.01855 ] ] ] } },
{ "type": "Feature", "properties": { "BMP": 32.68022, "EMP": 32.60142, "PREFIX": "SR", "ROUTE": "360", "ISLAND": "Maui", "DIRECTION": "-MP", "TYPE": "Shared-use path", "MATERIAL": "Asphalt", "LENGTH": 414.0, "NHS": "NO", "Shape_Leng": 126.296886891 }, "geometry": { "type": "MultiLineString", "coordinates": [ [ [ -156.00057, 20.77571 ], [ -156.00132, 20.7766 ] ] ] } },
{ "type": "Feature", "properties": { "BMP": 32.68418, "EMP": 32.68205, "PREFIX": "SR", "ROUTE": "360", "ISLAND": "Maui", "DIRECTION": "-MP", "TYPE": "Sidewalk", "MATERIAL": "Concrete", "LENGTH": 19.0, "NHS": "NO", "Shape_Leng": 5.9006537766299996 }, "geometry": { "type": "MultiLineString", "coordinates": [ [ [ -156.0005, 20.77569 ], [ -156.00055, 20.7757 ] ] ] } },
{ "type": "Feature", "properties": { "BMP": 1.92406, "EMP": 1.74752, "PREFIX": "SR", "ROUTE": "50", "ISLAND": "Kauai", "DIRECTION": "-MP", "TYPE": "Sidewalk", "MATERIAL": "Concrete", "LENGTH": 940.0, "NHS": "YES", "Shape_Leng": 286.47644273499998 }, "geometry": { "type": "MultiLineString", "coordinates": [ [ [ -159.39821, 21.96559 ], [ -159.39573, 21.96669 ] ] ] } },
{ "type": "Feature", "properties": { "BMP": 1.73002, "EMP": 1.53623, "PREFIX": "SR", "ROUTE": "50", "ISLAND": "Kauai", "DIRECTION": "-MP", "TYPE": "Sidewalk", "MATERIAL": "Concrete", "LENGTH": 1024.0, "NHS": "YES", "Shape_Leng": 312.00917670799998 }, "geometry": { "type": "MultiLineString", "coordinates": [ [ [ -159.3955, 21.96684 ], [ -159.39274, 21.96793 ] ] ] } },
{ "type": "Feature", "properties": { "BMP": 1.16466, "EMP": 1.1703, "PREFIX": "SR", "ROUTE": "197", "ISLAND": "Hawaii", "DIRECTION": "+MP", "TYPE": "Sidewalk", "MATERIAL": "Concrete", "LENGTH": 28.0, "NHS": "NO", "Shape_Leng": 8.6382113764900001 }, "geometry": { "type": "MultiLineString", "coordinates": [ [ [ -155.99839, 19.67506 ], [ -155.99832, 19.67509 ] ] ] } },
{ "type": "Feature", "properties": { "BMP": 36.61861, "EMP": 36.73401, "PREFIX": "SR", "ROUTE": "190", "ISLAND": "Hawaii", "DIRECTION": "+MP", "TYPE": "Sidewalk", "MATERIAL": "Asphalt", "LENGTH": 617.0, "NHS": "NO", "Shape_Leng": 187.939538183 }, "geometry": { "type": "MultiLineString", "coordinates": [ [ [ -155.98022, 19.66937 ], [ -155.98117, 19.66798 ] ] ] } },
{ "type": "Feature", "properties": { "BMP": 36.7346, "EMP": 36.73846, "PREFIX": "SR", "ROUTE": "190", "ISLAND": "Hawaii", "DIRECTION": "+MP", "TYPE": "Sidewalk", "MATERIAL": "Concrete", "LENGTH": 23.0, "NHS": "NO", "Shape_Leng": 7.09007803069 }, "geometry": { "type": "MultiLineString", "coordinates": [ [ [ -155.98117, 19.66797 ], [ -155.9812, 19.66792 ] ] ] } },
{ "type": "Feature", "properties": { "BMP": 1.77569, "EMP": 1.77816, "PREFIX": "SR", "ROUTE": "130", "ISLAND": "Hawaii", "DIRECTION": "+MP", "TYPE": "Sidewalk", "MATERIAL": "Concrete", "LENGTH": 39.0, "NHS": "NO", "Shape_Leng": 11.794659452499999 }, "geometry": { "type": "MultiLineString", "coordinates": [ [ [ -155.03009, 19.61112 ], [ -155.03018, 19.61108 ] ] ] } },
{ "type": "Feature", "properties": { "BMP": 1.56112, "EMP": 1.62665, "PREFIX": "SR", "ROUTE": "58", "ISLAND": "Kauai", "DIRECTION": "+MP", "TYPE": "Sidewalk", "MATERIAL": "Concrete", "LENGTH": 352.0, "NHS": "YES", "Shape_Leng": 107.21596100399999 }, "geometry": { "type": "MultiLineString", "coordinates": [ [ [ -159.37379, 21.96775 ], [ -159.37456, 21.96838 ] ] ] } },
{ "type": "Feature", "properties": { "BMP": 1.83125, "EMP": 1.96392, "PREFIX": "SR", "ROUTE": "58", "ISLAND": "Kauai", "DIRECTION": "+MP", "TYPE": "Sidewalk", "MATERIAL": "Concrete", "LENGTH": 713.0, "NHS": "YES", "Shape_Leng": 217.203965571 }, "geometry": { "type": "MultiLineString", "coordinates": [ [ [ -159.37698, 21.97031 ], [ -159.37855, 21.97157 ] ] ] } },
{ "type": "Feature", "properties": { "BMP": 1.63338, "EMP": 1.81884, "PREFIX": "SR", "ROUTE": "58", "ISLAND": "Kauai", "DIRECTION": "+MP", "TYPE": "Sidewalk", "MATERIAL": "Concrete", "LENGTH": 988.0, "NHS": "YES", "Shape_Leng": 301.20746213299998 }, "geometry": { "type": "MultiLineString", "coordinates": [ [ [ -159.37465, 21.96844 ], [ -159.37684, 21.9702 ] ] ] } },
{ "type": "Feature", "properties": { "BMP": 1.97439, "EMP": 2.03257, "PREFIX": "SR", "ROUTE": "58", "ISLAND": "Kauai", "DIRECTION": "+MP", "TYPE": "Sidewalk", "MATERIAL": "Concrete", "LENGTH": 326.0, "NHS": "YES", "Shape_Leng": 99.206361435800005 }, "geometry": { "type": "MultiLineString", "coordinates": [ [ [ -159.3787, 21.97164 ], [ -159.37931, 21.97228 ] ] ] } },
{ "type": "Feature", "properties": { "BMP": 10.67688, "EMP": 10.6775, "PREFIX": "SR", "ROUTE": "130", "ISLAND": "Hawaii", "DIRECTION": "+MP", "TYPE": "Sidewalk", "MATERIAL": "Concrete", "LENGTH": 12.0, "NHS": "NO", "Shape_Leng": 3.7871921586899999 }, "geometry": { "type": "MultiLineString", "coordinates": [ [ [ -154.95584, 19.50524 ], [ -154.95583, 19.50527 ] ] ] } },
{ "type": "Feature", "properties": { "BMP": 1.96932, "EMP": 1.83908, "PREFIX": "SR", "ROUTE": "58", "ISLAND": "Kauai", "DIRECTION": "-MP", "TYPE": "Sidewalk", "MATERIAL": "Concrete", "LENGTH": 694.0, "NHS": "YES", "Shape_Leng": 211.485150801 }, "geometry": { "type": "MultiLineString", "coordinates": [ [ [ -159.37875, 21.97132 ], [ -159.37721, 21.97009 ] ] ] } },
{ "type": "Feature", "properties": { "BMP": 2.04659, "EMP": 1.98021, "PREFIX": "SR", "ROUTE": "58", "ISLAND": "Kauai", "DIRECTION": "-MP", "TYPE": "Sidewalk", "MATERIAL": "Concrete", "LENGTH": 379.0, "NHS": "YES", "Shape_Leng": 115.346724432 }, "geometry": { "type": "MultiLineString", "coordinates": [ [ [ -159.3797, 21.9721 ], [ -159.37889, 21.97141 ] ] ] } },
{ "type": "Feature", "properties": { "BMP": 10.66606, "EMP": 10.71412, "PREFIX": "SR", "ROUTE": "130", "ISLAND": "Hawaii", "DIRECTION": "+MP", "TYPE": "Sidewalk", "MATERIAL": "Concrete", "LENGTH": 250.0, "NHS": "NO", "Shape_Leng": 76.256436959599995 }, "geometry": { "type": "MultiLineString", "coordinates": [ [ [ -154.956, 19.50513 ], [ -154.9553, 19.50507 ] ] ] } },
{ "type": "Feature", "properties": { "BMP": 10.63489, "EMP": 10.63575, "PREFIX": "SR", "ROUTE": "130", "ISLAND": "Hawaii", "DIRECTION": "+MP", "TYPE": "Sidewalk", "MATERIAL": "Concrete", "LENGTH": 21.0, "NHS": "NO", "Shape_Leng": 6.37044971104 }, "geometry": { "type": "MultiLineString", "coordinates": [ [ [ -154.95631, 19.50547 ], [ -154.95627, 19.50551 ] ] ] } },
{ "type": "Feature", "properties": { "BMP": 1.82564, "EMP": 1.6492, "PREFIX": "SR", "ROUTE": "58", "ISLAND": "Kauai", "DIRECTION": "-MP", "TYPE": "Sidewalk", "MATERIAL": "Concrete", "LENGTH": 940.0, "NHS": "YES", "Shape_Leng": 286.40777179399998 }, "geometry": { "type": "MultiLineString", "coordinates": [ [ [ -159.37705, 21.96996 ], [ -159.37497, 21.96828 ] ] ] } },
{ "type": "Feature", "properties": { "BMP": 1.63563, "EMP": 1.56911, "PREFIX": "SR", "ROUTE": "58", "ISLAND": "Kauai", "DIRECTION": "-MP", "TYPE": "Sidewalk", "MATERIAL": "Concrete", "LENGTH": 357.0, "NHS": "YES", "Shape_Leng": 108.870296028 }, "geometry": { "type": "MultiLineString", "coordinates": [ [ [ -159.37482, 21.96815 ], [ -159.37399, 21.96756 ] ] ] } },
{ "type": "Feature", "properties": { "BMP": 0.16093, "EMP": 0.29899, "PREFIX": "SR", "ROUTE": "36A", "ISLAND": "Maui", "DIRECTION": "+MP", "TYPE": "Sidewalk", "MATERIAL": "Concrete", "LENGTH": 754.0, "NHS": "NO", "Shape_Leng": 230.014632963 }, "geometry": { "type": "MultiLineString", "coordinates": [ [ [ -156.45421, 20.88776 ], [ -156.45207, 20.88763 ] ] ] } },
{ "type": "Feature", "properties": { "BMP": 0.06684, "EMP": 0.13281, "PREFIX": "SR", "ROUTE": "36A", "ISLAND": "Maui", "DIRECTION": "+MP", "TYPE": "Sidewalk", "MATERIAL": "Concrete", "LENGTH": 350.0, "NHS": "NO", "Shape_Leng": 106.726769 }, "geometry": { "type": "MultiLineString", "coordinates": [ [ [ -156.45565, 20.88797 ], [ -156.45464, 20.88783 ] ] ] } },
{ "type": "Feature", "properties": { "BMP": 0.34156, "EMP": 0.36264, "PREFIX": "SR", "ROUTE": "36A", "ISLAND": "Maui", "DIRECTION": "+MP", "TYPE": "Sidewalk", "MATERIAL": "Concrete", "LENGTH": 113.0, "NHS": "NO", "Shape_Leng": 34.610662902000001 }, "geometry": { "type": "MultiLineString", "coordinates": [ [ [ -156.4514, 20.8879 ], [ -156.45113, 20.88806 ] ] ] } },
{ "type": "Feature", "properties": { "BMP": 0.36675, "EMP": 0.42687, "PREFIX": "SR", "ROUTE": "36A", "ISLAND": "Maui", "DIRECTION": "+MP", "TYPE": "Sidewalk", "MATERIAL": "Concrete", "LENGTH": 323.0, "NHS": "NO", "Shape_Leng": 98.646380584499994 }, "geometry": { "type": "MultiLineString", "coordinates": [ [ [ -156.45105, 20.88806 ], [ -156.45026, 20.8885 ] ] ] } },
{ "type": "Feature", "properties": { "BMP": 0.43629, "EMP": 0.5086, "PREFIX": "SR", "ROUTE": "36A", "ISLAND": "Maui", "DIRECTION": "+MP", "TYPE": "Sidewalk", "MATERIAL": "Concrete", "LENGTH": 383.0, "NHS": "NO", "Shape_Leng": 116.770540232 }, "geometry": { "type": "MultiLineString", "coordinates": [ [ [ -156.45012, 20.88856 ], [ -156.44914, 20.88905 ] ] ] } },
{ "type": "Feature", "properties": { "BMP": 0.06581, "EMP": 0.00329, "PREFIX": "SR", "ROUTE": "58", "ISLAND": "Kauai", "DIRECTION": "-MP", "TYPE": "Sidewalk", "MATERIAL": "Concrete", "LENGTH": 350.0, "NHS": "YES", "Shape_Leng": 106.796900921 }, "geometry": { "type": "MultiLineString", "coordinates": [ [ [ -159.35497, 21.9576 ], [ -159.35399, 21.95784 ] ] ] } },
{ "type": "Feature", "properties": { "BMP": 1.63864, "EMP": 1.6761, "PREFIX": "SR", "ROUTE": "580", "ISLAND": "Kauai", "DIRECTION": "+MP", "TYPE": "Sidewalk", "MATERIAL": "Asphalt", "LENGTH": 199.0, "NHS": "NO", "Shape_Leng": 60.640770263599997 }, "geometry": { "type": "MultiLineString", "coordinates": [ [ [ -159.35849, 22.04628 ], [ -159.35907, 22.04619 ] ] ] } },
{ "type": "Feature", "properties": { "BMP": 2.03609, "EMP": 2.03946, "PREFIX": "SR", "ROUTE": "58", "ISLAND": "Kauai", "DIRECTION": "+MP", "TYPE": "Sidewalk", "MATERIAL": "Concrete", "LENGTH": 33.0, "NHS": "YES", "Shape_Leng": 10.073801764100001 }, "geometry": { "type": "MultiLineString", "coordinates": [ [ [ -159.37939, 21.97226 ], [ -159.37949, 21.97224 ] ] ] } },
{ "type": "Feature", "properties": { "BMP": 2.03813, "EMP": 2.03923, "PREFIX": "SR", "ROUTE": "58", "ISLAND": "Kauai", "DIRECTION": "+MP", "TYPE": "Sidewalk", "MATERIAL": "Concrete", "LENGTH": 6.0, "NHS": "YES", "Shape_Leng": 1.96813698679 }, "geometry": { "type": "MultiLineString", "coordinates": [ [ [ -159.37944, 21.97226 ], [ -159.37945, 21.97228 ] ] ] } },
{ "type": "Feature", "properties": { "BMP": 1.97716, "EMP": 1.97716, "PREFIX": "SR", "ROUTE": "58", "ISLAND": "Kauai", "DIRECTION": "+MP", "TYPE": "Sidewalk", "MATERIAL": "Concrete", "LENGTH": 7.0, "NHS": "YES", "Shape_Leng": 2.0626902450600002 }, "geometry": { "type": "MultiLineString", "coordinates": [ [ [ -159.37881, 21.97159 ], [ -159.37882, 21.97157 ] ] ] } },
{ "type": "Feature", "properties": { "BMP": 98.8763, "EMP": 98.8742, "PREFIX": "SR", "ROUTE": "19", "ISLAND": "Hawaii", "DIRECTION": "-MP", "TYPE": "Sidewalk", "MATERIAL": "Concrete", "LENGTH": 14.0, "NHS": "YES", "Shape_Leng": 4.27545419462 }, "geometry": { "type": "MultiLineString", "coordinates": [ [ [ -156.00217, 19.65108 ], [ -156.00221, 19.65108 ] ] ] } },
{ "type": "Feature", "properties": { "BMP": 98.87898, "EMP": 98.87554, "PREFIX": "SR", "ROUTE": "19", "ISLAND": "Hawaii", "DIRECTION": "-MP", "TYPE": "Sidewalk", "MATERIAL": "Concrete", "LENGTH": 32.0, "NHS": "YES", "Shape_Leng": 9.6644159038800002 }, "geometry": { "type": "MultiLineString", "coordinates": [ [ [ -156.00209, 19.65119 ], [ -156.0021, 19.6511 ] ] ] } },
{ "type": "Feature", "properties": { "BMP": 121.97253, "EMP": 121.67422, "PREFIX": "SR", "ROUTE": "11", "ISLAND": "Hawaii", "DIRECTION": "-MP", "TYPE": "Shared-use path", "MATERIAL": "Concrete", "LENGTH": 1594.0, "NHS": "NO", "Shape_Leng": 486.20080549800002 }, "geometry": { "type": "MultiLineString", "coordinates": [ [ [ -155.99327, 19.64594 ], [ -155.98918, 19.644 ] ] ] } },
{ "type": "Feature", "properties": { "BMP": 7.98701, "EMP": 7.78002, "PREFIX": "SR", "ROUTE": "37", "ISLAND": "Maui", "DIRECTION": "-MP", "TYPE": "Sidewalk", "MATERIAL": "Concrete", "LENGTH": 1095.0, "NHS": "YES", "Shape_Leng": 333.55722803999998 }, "geometry": { "type": "MultiLineString", "coordinates": [ [ [ -156.33, 20.82586 ], [ -156.33009, 20.82886 ] ] ] } },
{ "type": "Feature", "properties": { "BMP": 22.83737, "EMP": 22.75642, "PREFIX": "SR", "ROUTE": "270", "ISLAND": "Hawaii", "DIRECTION": "-MP", "TYPE": "Sidewalk", "MATERIAL": "Concrete", "LENGTH": 425.0, "NHS": "YES", "Shape_Leng": 129.634416061 }, "geometry": { "type": "MultiLineString", "coordinates": [ [ [ -155.77809, 20.22683 ], [ -155.7793, 20.22708 ] ] ] } },
{ "type": "Feature", "properties": { "BMP": 21.47334, "EMP": 21.42424, "PREFIX": "SR", "ROUTE": "270", "ISLAND": "Hawaii", "DIRECTION": "-MP", "TYPE": "Sidewalk", "MATERIAL": "Concrete", "LENGTH": 262.0, "NHS": "YES", "Shape_Leng": 80.028955141099999 }, "geometry": { "type": "MultiLineString", "coordinates": [ [ [ -155.79867, 20.23059 ], [ -155.79942, 20.23065 ] ] ] } },
{ "type": "Feature", "properties": { "BMP": 20.13768, "EMP": 20.13043, "PREFIX": "SR", "ROUTE": "270", "ISLAND": "Hawaii", "DIRECTION": "-MP", "TYPE": "Sidewalk", "MATERIAL": "Concrete", "LENGTH": 49.0, "NHS": "YES", "Shape_Leng": 15.067553653099999 }, "geometry": { "type": "MultiLineString", "coordinates": [ [ [ -155.81801, 20.23676 ], [ -155.81809, 20.23687 ] ] ] } },
{ "type": "Feature", "properties": { "BMP": 20.12335, "EMP": 20.1169, "PREFIX": "SR", "ROUTE": "270", "ISLAND": "Hawaii", "DIRECTION": "-MP", "TYPE": "Sidewalk", "MATERIAL": "Concrete", "LENGTH": 37.0, "NHS": "YES", "Shape_Leng": 11.3816042415 }, "geometry": { "type": "MultiLineString", "coordinates": [ [ [ -155.81821, 20.23686 ], [ -155.81831, 20.23687 ] ] ] } },
{ "type": "Feature", "properties": { "BMP": 19.38448, "EMP": 19.33253, "PREFIX": "SR", "ROUTE": "270", "ISLAND": "Hawaii", "DIRECTION": "-MP", "TYPE": "Sidewalk", "MATERIAL": "Concrete", "LENGTH": 274.0, "NHS": "YES", "Shape_Leng": 83.616528228600004 }, "geometry": { "type": "MultiLineString", "coordinates": [ [ [ -155.82943, 20.23811 ], [ -155.83023, 20.23808 ] ] ] } },
{ "type": "Feature", "properties": { "BMP": 19.39464, "EMP": 19.38624, "PREFIX": "SR", "ROUTE": "270", "ISLAND": "Hawaii", "DIRECTION": "-MP", "TYPE": "Sidewalk", "MATERIAL": "Concrete", "LENGTH": 44.0, "NHS": "YES", "Shape_Leng": 13.5253908596 }, "geometry": { "type": "MultiLineString", "coordinates": [ [ [ -155.82928, 20.23811 ], [ -155.8294, 20.23811 ] ] ] } },
{ "type": "Feature", "properties": { "BMP": 19.32344, "EMP": 19.31254, "PREFIX": "SR", "ROUTE": "270", "ISLAND": "Hawaii", "DIRECTION": "-MP", "TYPE": "Sidewalk", "MATERIAL": "Concrete", "LENGTH": 58.0, "NHS": "YES", "Shape_Leng": 17.5852874763 }, "geometry": { "type": "MultiLineString", "coordinates": [ [ [ -155.83037, 20.23806 ], [ -155.83054, 20.23806 ] ] ] } },
{ "type": "Feature", "properties": { "BMP": 19.30892, "EMP": 19.25808, "PREFIX": "SR", "ROUTE": "270", "ISLAND": "Hawaii", "DIRECTION": "-MP", "TYPE": "Sidewalk", "MATERIAL": "Concrete", "LENGTH": 268.0, "NHS": "YES", "Shape_Leng": 81.891778849100007 }, "geometry": { "type": "MultiLineString", "coordinates": [ [ [ -155.83059, 20.23806 ], [ -155.83137, 20.23802 ] ] ] } },
{ "type": "Feature", "properties": { "BMP": 19.25412, "EMP": 19.24879, "PREFIX": "SR", "ROUTE": "270", "ISLAND": "Hawaii", "DIRECTION": "-MP", "TYPE": "Sidewalk", "MATERIAL": "Concrete", "LENGTH": 28.0, "NHS": "YES", "Shape_Leng": 8.5635047223799994 }, "geometry": { "type": "MultiLineString", "coordinates": [ [ [ -155.83143, 20.23801 ], [ -155.83152, 20.23801 ] ] ] } },
{ "type": "Feature", "properties": { "BMP": 19.24588, "EMP": 19.23824, "PREFIX": "SR", "ROUTE": "270", "ISLAND": "Hawaii", "DIRECTION": "-MP", "TYPE": "Sidewalk", "MATERIAL": "Concrete", "LENGTH": 40.0, "NHS": "YES", "Shape_Leng": 12.2810382071 }, "geometry": { "type": "MultiLineString", "coordinates": [ [ [ -155.83156, 20.238 ], [ -155.83168, 20.238 ] ] ] } },
{ "type": "Feature", "properties": { "BMP": 19.23348, "EMP": 19.22871, "PREFIX": "SR", "ROUTE": "270", "ISLAND": "Hawaii", "DIRECTION": "-MP", "TYPE": "Sidewalk", "MATERIAL": "Concrete", "LENGTH": 25.0, "NHS": "YES", "Shape_Leng": 7.6084993373099996 }, "geometry": { "type": "MultiLineString", "coordinates": [ [ [ -155.83175, 20.238 ], [ -155.83182, 20.23799 ] ] ] } },
{ "type": "Feature", "properties": { "BMP": 19.17241, "EMP": 19.13791, "PREFIX": "SR", "ROUTE": "270", "ISLAND": "Hawaii", "DIRECTION": "-MP", "TYPE": "Sidewalk", "MATERIAL": "Asphalt", "LENGTH": 181.0, "NHS": "YES", "Shape_Leng": 55.201766332699997 }, "geometry": { "type": "MultiLineString", "coordinates": [ [ [ -155.83268, 20.23796 ], [ -155.83319, 20.23807 ] ] ] } },
{ "type": "Feature", "properties": { "BMP": 7.75355, "EMP": 7.85948, "PREFIX": "SR", "ROUTE": "37", "ISLAND": "Maui", "DIRECTION": "+MP", "TYPE": "Sidewalk", "MATERIAL": "Concrete", "LENGTH": 565.0, "NHS": "YES", "Shape_Leng": 172.02039662300001 }, "geometry": { "type": "MultiLineString", "coordinates": [ [ [ -156.33038, 20.82919 ], [ -156.33028, 20.82765 ] ] ] } },
{ "type": "Feature", "properties": { "BMP": 7.8714, "EMP": 7.98798, "PREFIX": "SR", "ROUTE": "37", "ISLAND": "Maui", "DIRECTION": "+MP", "TYPE": "Sidewalk", "MATERIAL": "Concrete", "LENGTH": 619.0, "NHS": "YES", "Shape_Leng": 188.55036137799999 }, "geometry": { "type": "MultiLineString", "coordinates": [ [ [ -156.33026, 20.82747 ], [ -156.33021, 20.82578 ] ] ] } },
{ "type": "Feature", "properties": { "BMP": 1.78395, "EMP": 1.78576, "PREFIX": "SR", "ROUTE": "19", "ISLAND": "Hawaii", "DIRECTION": "+MP", "TYPE": "Sidewalk", "MATERIAL": "Concrete", "LENGTH": 24.0, "NHS": "YES", "Shape_Leng": 7.1885562040600002 }, "geometry": { "type": "MultiLineString", "coordinates": [ [ [ -155.07846, 19.72222 ], [ -155.0785, 19.72225 ] ] ] } },
{ "type": "Feature", "properties": { "BMP": 7.99655, "EMP": 8.09029, "PREFIX": "SR", "ROUTE": "37", "ISLAND": "Maui", "DIRECTION": "+MP", "TYPE": "Sidewalk", "MATERIAL": "Concrete", "LENGTH": 500.0, "NHS": "YES", "Shape_Leng": 152.630171316 }, "geometry": { "type": "MultiLineString", "coordinates": [ [ [ -156.3302, 20.82565 ], [ -156.32992, 20.82431 ] ] ] } },
{ "type": "Feature", "properties": { "BMP": 2.50621, "EMP": 2.533, "PREFIX": "SR", "ROUTE": "19", "ISLAND": "Hawaii", "DIRECTION": "+MP", "TYPE": "Sidewalk", "MATERIAL": "Concrete", "LENGTH": 141.0, "NHS": "YES", "Shape_Leng": 43.170070117199998 }, "geometry": { "type": "MultiLineString", "coordinates": [ [ [ -155.08688, 19.72753 ], [ -155.08711, 19.72786 ] ] ] } },
{ "type": "Feature", "properties": { "BMP": 2.53314, "EMP": 2.61062, "PREFIX": "SR", "ROUTE": "19", "ISLAND": "Hawaii", "DIRECTION": "+MP", "TYPE": "Sidewalk", "MATERIAL": "Other", "LENGTH": 420.0, "NHS": "YES", "Shape_Leng": 128.13528054299999 }, "geometry": { "type": "MultiLineString", "coordinates": [ [ [ -155.08711, 19.72786 ], [ -155.08777, 19.72883 ] ] ] } },
{ "type": "Feature", "properties": { "BMP": 2.61077, "EMP": 2.62757, "PREFIX": "SR", "ROUTE": "19", "ISLAND": "Hawaii", "DIRECTION": "+MP", "TYPE": "Sidewalk", "MATERIAL": "Concrete", "LENGTH": 89.0, "NHS": "YES", "Shape_Leng": 27.083429191699999 }, "geometry": { "type": "MultiLineString", "coordinates": [ [ [ -155.08778, 19.72883 ], [ -155.08792, 19.72904 ] ] ] } },
{ "type": "Feature", "properties": { "BMP": 19.17551, "EMP": 19.19608, "PREFIX": "SR", "ROUTE": "19", "ISLAND": "Hawaii", "DIRECTION": "+MP", "TYPE": "Shared-use path", "MATERIAL": "Other", "LENGTH": 109.0, "NHS": "YES", "Shape_Leng": 33.139320294400001 }, "geometry": { "type": "MultiLineString", "coordinates": [ [ [ -155.16848, 19.93823 ], [ -155.16868, 19.93846 ] ] ] } },
{ "type": "Feature", "properties": { "BMP": 6.37258, "EMP": 6.36952, "PREFIX": "SR", "ROUTE": "30", "ISLAND": "Maui", "DIRECTION": "-MP", "TYPE": "Sidewalk", "MATERIAL": "Concrete", "LENGTH": 32.0, "NHS": "YES", "Shape_Leng": 9.8638870802399996 }, "geometry": { "type": "MultiLineString", "coordinates": [ [ [ -156.51145, 20.79527 ], [ -156.51136, 20.79527 ] ] ] } },
{ "type": "Feature", "properties": { "BMP": 0.05548, "EMP": 0.0, "PREFIX": "SR", "ROUTE": "30", "ISLAND": "Maui", "DIRECTION": "-MP", "TYPE": "Sidewalk", "MATERIAL": "Concrete", "LENGTH": 296.0, "NHS": "YES", "Shape_Leng": 90.237924062299996 }, "geometry": { "type": "MultiLineString", "coordinates": [ [ [ -156.50459, 20.88602 ], [ -156.50471, 20.88682 ] ] ] } },
{ "type": "Feature", "properties": { "BMP": 2.35593, "EMP": 2.33714, "PREFIX": "SR", "ROUTE": "30", "ISLAND": "Maui", "DIRECTION": "-MP", "TYPE": "Sidewalk", "MATERIAL": "Concrete", "LENGTH": 100.0, "NHS": "YES", "Shape_Leng": 30.416146981299999 }, "geometry": { "type": "MultiLineString", "coordinates": [ [ [ -156.50372, 20.85286 ], [ -156.50368, 20.85313 ] ] ] } },
{ "type": "Feature", "properties": { "BMP": 2.20957, "EMP": 2.1721, "PREFIX": "SR", "ROUTE": "30", "ISLAND": "Maui", "DIRECTION": "-MP", "TYPE": "Sidewalk", "MATERIAL": "Concrete", "LENGTH": 204.0, "NHS": "YES", "Shape_Leng": 62.266944479800003 }, "geometry": { "type": "MultiLineString", "coordinates": [ [ [ -156.50341, 20.85497 ], [ -156.50334, 20.85551 ] ] ] } },
{ "type": "Feature", "properties": { "BMP": 1.0718, "EMP": 0.83137, "PREFIX": "SR", "ROUTE": "30", "ISLAND": "Maui", "DIRECTION": "-MP", "TYPE": "Sidewalk", "MATERIAL": "Concrete", "LENGTH": 1278.0, "NHS": "YES", "Shape_Leng": 389.665990808 }, "geometry": { "type": "MultiLineString", "coordinates": [ [ [ -156.50311, 20.87144 ], [ -156.50366, 20.87489 ] ] ] } },
{ "type": "Feature", "properties": { "BMP": 0.80737, "EMP": 0.46078, "PREFIX": "SR", "ROUTE": "30", "ISLAND": "Maui", "DIRECTION": "-MP", "TYPE": "Sidewalk", "MATERIAL": "Concrete", "LENGTH": 1831.0, "NHS": "YES", "Shape_Leng": 558.48267025600001 }, "geometry": { "type": "MultiLineString", "coordinates": [ [ [ -156.50377, 20.87523 ], [ -156.50466, 20.8802 ] ] ] } },
{ "type": "Feature", "properties": { "BMP": 0.42007, "EMP": 0.41774, "PREFIX": "SR", "ROUTE": "30", "ISLAND": "Maui", "DIRECTION": "-MP", "TYPE": "Sidewalk", "MATERIAL": "Concrete", "LENGTH": 22.0, "NHS": "YES", "Shape_Leng": 6.5620762052600003 }, "geometry": { "type": "MultiLineString", "coordinates": [ [ [ -156.50473, 20.88079 ], [ -156.50468, 20.88082 ] ] ] } },
{ "type": "Feature", "properties": { "BMP": 0.30483, "EMP": 0.28919, "PREFIX": "SR", "ROUTE": "30", "ISLAND": "Maui", "DIRECTION": "-MP", "TYPE": "Sidewalk", "MATERIAL": "Concrete", "LENGTH": 82.0, "NHS": "YES", "Shape_Leng": 24.949507266600001 }, "geometry": { "type": "MultiLineString", "coordinates": [ [ [ -156.505, 20.88243 ], [ -156.505, 20.88266 ] ] ] } },
{ "type": "Feature", "properties": { "BMP": 0.14517, "EMP": 0.14197, "PREFIX": "SR", "ROUTE": "30", "ISLAND": "Maui", "DIRECTION": "-MP", "TYPE": "Sidewalk", "MATERIAL": "Concrete", "LENGTH": 25.0, "NHS": "YES", "Shape_Leng": 7.6298867463800004 }, "geometry": { "type": "MultiLineString", "coordinates": [ [ [ -156.50457, 20.88471 ], [ -156.50452, 20.88475 ] ] ] } },
{ "type": "Feature", "properties": { "BMP": 0.12785, "EMP": 0.06843, "PREFIX": "SR", "ROUTE": "30", "ISLAND": "Maui", "DIRECTION": "-MP", "TYPE": "Sidewalk", "MATERIAL": "Concrete", "LENGTH": 315.0, "NHS": "YES", "Shape_Leng": 96.082741826000003 }, "geometry": { "type": "MultiLineString", "coordinates": [ [ [ -156.50455, 20.88497 ], [ -156.50464, 20.88583 ] ] ] } },
{ "type": "Feature", "properties": { "BMP": 117.88963, "EMP": 117.8885, "PREFIX": "SR", "ROUTE": "11", "ISLAND": "Hawaii", "DIRECTION": "-MP", "TYPE": "Sidewalk", "MATERIAL": "Concrete", "LENGTH": 6.0, "NHS": "NO", "Shape_Leng": 1.9575627395099999 }, "geometry": { "type": "MultiLineString", "coordinates": [ [ [ -155.95951, 19.59832 ], [ -155.9595, 19.59831 ] ] ] } },
{ "type": "Feature", "properties": { "BMP": 117.8832, "EMP": 117.88084, "PREFIX": "SR", "ROUTE": "11", "ISLAND": "Hawaii", "DIRECTION": "-MP", "TYPE": "Sidewalk", "MATERIAL": "Concrete", "LENGTH": 13.0, "NHS": "NO", "Shape_Leng": 4.0944330796399999 }, "geometry": { "type": "MultiLineString", "coordinates": [ [ [ -155.95946, 19.59824 ], [ -155.95945, 19.59821 ] ] ] } },
{ "type": "Feature", "properties": { "BMP": 117.87933, "EMP": 117.86999, "PREFIX": "SR", "ROUTE": "11", "ISLAND": "Hawaii", "DIRECTION": "-MP", "TYPE": "Sidewalk", "MATERIAL": "Concrete", "LENGTH": 67.0, "NHS": "NO", "Shape_Leng": 20.396227656200001 }, "geometry": { "type": "MultiLineString", "coordinates": [ [ [ -155.95953, 19.59815 ], [ -155.95936, 19.59808 ] ] ] } },
{ "type": "Feature", "properties": { "BMP": 117.89836, "EMP": 117.89028, "PREFIX": "SR", "ROUTE": "11", "ISLAND": "Hawaii", "DIRECTION": "-MP", "TYPE": "Sidewalk", "MATERIAL": "Concrete", "LENGTH": 55.0, "NHS": "NO", "Shape_Leng": 16.882248799399999 }, "geometry": { "type": "MultiLineString", "coordinates": [ [ [ -155.95957, 19.59844 ], [ -155.9596, 19.59829 ] ] ] } },
{ "type": "Feature", "properties": { "BMP": 121.65481, "EMP": 121.65054, "PREFIX": "SR", "ROUTE": "11", "ISLAND": "Hawaii", "DIRECTION": "-MP", "TYPE": "Sidewalk", "MATERIAL": "Concrete", "LENGTH": 23.0, "NHS": "NO", "Shape_Leng": 7.01148663747 }, "geometry": { "type": "MultiLineString", "coordinates": [ [ [ -155.98887, 19.64394 ], [ -155.98882, 19.64391 ] ] ] } },
{ "type": "Feature", "properties": { "BMP": 121.6455, "EMP": 121.64019, "PREFIX": "SR", "ROUTE": "11", "ISLAND": "Hawaii", "DIRECTION": "-MP", "TYPE": "Sidewalk", "MATERIAL": "Concrete", "LENGTH": 29.0, "NHS": "NO", "Shape_Leng": 8.9312660562899993 }, "geometry": { "type": "MultiLineString", "coordinates": [ [ [ -155.98876, 19.64385 ], [ -155.98868, 19.64384 ] ] ] } },
{ "type": "Feature", "properties": { "BMP": 29.20217, "EMP": 29.19846, "PREFIX": "SR", "ROUTE": "30", "ISLAND": "Maui", "DIRECTION": "-MP", "TYPE": "Sidewalk", "MATERIAL": "Concrete", "LENGTH": 31.0, "NHS": "YES", "Shape_Leng": 9.5404637263299996 }, "geometry": { "type": "MultiLineString", "coordinates": [ [ [ -156.66553, 20.98466 ], [ -156.66559, 20.98472 ] ] ] } },
{ "type": "Feature", "properties": { "BMP": 112.62293, "EMP": 112.60988, "PREFIX": "SR", "ROUTE": "11", "ISLAND": "Hawaii", "DIRECTION": "-MP", "TYPE": "Sidewalk", "MATERIAL": "Concrete", "LENGTH": 68.0, "NHS": "NO", "Shape_Leng": 20.7757625729 }, "geometry": { "type": "MultiLineString", "coordinates": [ [ [ -155.92525, 19.53031 ], [ -155.92516, 19.53015 ] ] ] } },
{ "type": "Feature", "properties": { "BMP": 112.60321, "EMP": 112.56589, "PREFIX": "SR", "ROUTE": "11", "ISLAND": "Hawaii", "DIRECTION": "-MP", "TYPE": "Sidewalk", "MATERIAL": "Concrete", "LENGTH": 198.0, "NHS": "NO", "Shape_Leng": 60.368278389700002 }, "geometry": { "type": "MultiLineString", "coordinates": [ [ [ -155.92511, 19.53007 ], [ -155.92485, 19.52958 ] ] ] } },
{ "type": "Feature", "properties": { "BMP": 111.72978, "EMP": 111.69144, "PREFIX": "SR", "ROUTE": "11", "ISLAND": "Hawaii", "DIRECTION": "-MP", "TYPE": "Sidewalk", "MATERIAL": "Concrete", "LENGTH": 206.0, "NHS": "NO", "Shape_Leng": 62.885861381700003 }, "geometry": { "type": "MultiLineString", "coordinates": [ [ [ -155.92015, 19.51845 ], [ -155.9202, 19.5179 ] ] ] } },
{ "type": "Feature", "properties": { "BMP": 111.77102, "EMP": 111.74355, "PREFIX": "SR", "ROUTE": "11", "ISLAND": "Hawaii", "DIRECTION": "-MP", "TYPE": "Sidewalk", "MATERIAL": "Concrete", "LENGTH": 148.0, "NHS": "NO", "Shape_Leng": 45.153451684099998 }, "geometry": { "type": "MultiLineString", "coordinates": [ [ [ -155.92016, 19.51903 ], [ -155.92018, 19.51864 ] ] ] } },
{ "type": "Feature", "properties": { "BMP": 111.68466, "EMP": 111.65098, "PREFIX": "SR", "ROUTE": "11", "ISLAND": "Hawaii", "DIRECTION": "-MP", "TYPE": "Sidewalk", "MATERIAL": "Concrete", "LENGTH": 186.0, "NHS": "NO", "Shape_Leng": 56.690276241699998 }, "geometry": { "type": "MultiLineString", "coordinates": [ [ [ -155.92023, 19.51781 ], [ -155.9203, 19.51732 ] ] ] } },
{ "type": "Feature", "properties": { "BMP": 111.56841, "EMP": 111.55494, "PREFIX": "SR", "ROUTE": "11", "ISLAND": "Hawaii", "DIRECTION": "-MP", "TYPE": "Sidewalk", "MATERIAL": "Concrete", "LENGTH": 72.0, "NHS": "NO", "Shape_Leng": 22.051756389099999 }, "geometry": { "type": "MultiLineString", "coordinates": [ [ [ -155.92055, 19.51615 ], [ -155.92058, 19.51595 ] ] ] } },
{ "type": "Feature", "properties": { "BMP": 111.51794, "EMP": 111.48908, "PREFIX": "SR", "ROUTE": "11", "ISLAND": "Hawaii", "DIRECTION": "-MP", "TYPE": "Sidewalk", "MATERIAL": "Concrete", "LENGTH": 161.0, "NHS": "NO", "Shape_Leng": 49.253958370299998 }, "geometry": { "type": "MultiLineString", "coordinates": [ [ [ -155.9206, 19.51541 ], [ -155.9207, 19.51499 ] ] ] } },
{ "type": "Feature", "properties": { "BMP": 111.48032, "EMP": 111.47658, "PREFIX": "SR", "ROUTE": "11", "ISLAND": "Hawaii", "DIRECTION": "-MP", "TYPE": "Sidewalk", "MATERIAL": "Concrete", "LENGTH": 27.0, "NHS": "NO", "Shape_Leng": 8.1324152435099997 }, "geometry": { "type": "MultiLineString", "coordinates": [ [ [ -155.9207, 19.51486 ], [ -155.92065, 19.5148 ] ] ] } },
{ "type": "Feature", "properties": { "BMP": 23.54153, "EMP": 23.53781, "PREFIX": "SR", "ROUTE": "30", "ISLAND": "Maui", "DIRECTION": "-MP", "TYPE": "Sidewalk", "MATERIAL": "Concrete", "LENGTH": 22.0, "NHS": "YES", "Shape_Leng": 6.8539601688599996 }, "geometry": { "type": "MultiLineString", "coordinates": [ [ [ -156.68846, 20.91012 ], [ -156.68841, 20.91008 ] ] ] } },
{ "type": "Feature", "properties": { "BMP": 21.90819, "EMP": 21.90333, "PREFIX": "SR", "ROUTE": "30", "ISLAND": "Maui", "DIRECTION": "-MP", "TYPE": "Sidewalk", "MATERIAL": "Concrete", "LENGTH": 32.0, "NHS": "YES", "Shape_Leng": 9.7465287119500008 }, "geometry": { "type": "MultiLineString", "coordinates": [ [ [ -156.68321, 20.88739 ], [ -156.68314, 20.88733 ] ] ] } },
{ "type": "Feature", "properties": { "BMP": 21.73596, "EMP": 21.73332, "PREFIX": "SR", "ROUTE": "30", "ISLAND": "Maui", "DIRECTION": "-MP", "TYPE": "Sidewalk", "MATERIAL": "Concrete", "LENGTH": 18.0, "NHS": "YES", "Shape_Leng": 5.3336144561100003 }, "geometry": { "type": "MultiLineString", "coordinates": [ [ [ -156.68242, 20.885 ], [ -156.68244, 20.88495 ] ] ] } },
{ "type": "Feature", "properties": { "BMP": 21.71724, "EMP": 21.71434, "PREFIX": "SR", "ROUTE": "30", "ISLAND": "Maui", "DIRECTION": "-MP", "TYPE": "Sidewalk", "MATERIAL": "Concrete", "LENGTH": 17.0, "NHS": "YES", "Shape_Leng": 5.20391235531 }, "geometry": { "type": "MultiLineString", "coordinates": [ [ [ -156.68237, 20.88472 ], [ -156.68234, 20.88469 ] ] ] } },
{ "type": "Feature", "properties": { "BMP": 26.06358, "EMP": 26.06288, "PREFIX": "SR", "ROUTE": "30", "ISLAND": "Maui", "DIRECTION": "-MP", "TYPE": "Sidewalk", "MATERIAL": "Concrete", "LENGTH": 9.0, "NHS": "YES", "Shape_Leng": 2.6390429413900001 }, "geometry": { "type": "MultiLineString", "coordinates": [ [ [ -156.6876, 20.94618 ], [ -156.68762, 20.94618 ] ] ] } },
{ "type": "Feature", "properties": { "BMP": 25.80529, "EMP": 25.80386, "PREFIX": "SR", "ROUTE": "30", "ISLAND": "Maui", "DIRECTION": "-MP", "TYPE": "Sidewalk", "MATERIAL": "Concrete", "LENGTH": 12.0, "NHS": "YES", "Shape_Leng": 3.71504915001 }, "geometry": { "type": "MultiLineString", "coordinates": [ [ [ -156.68917, 20.94272 ], [ -156.68919, 20.94271 ] ] ] } },
{ "type": "Feature", "properties": { "BMP": 21.22244, "EMP": 21.21842, "PREFIX": "SR", "ROUTE": "30", "ISLAND": "Maui", "DIRECTION": "-MP", "TYPE": "Sidewalk", "MATERIAL": "Concrete", "LENGTH": 26.0, "NHS": "YES", "Shape_Leng": 7.8148219685500004 }, "geometry": { "type": "MultiLineString", "coordinates": [ [ [ -156.67839, 20.8787 ], [ -156.67833, 20.87868 ] ] ] } },
{ "type": "Feature", "properties": { "BMP": 25.33566, "EMP": 25.3349, "PREFIX": "SR", "ROUTE": "30", "ISLAND": "Maui", "DIRECTION": "-MP", "TYPE": "Sidewalk", "MATERIAL": "Concrete", "LENGTH": 12.0, "NHS": "YES", "Shape_Leng": 3.5275515354400002 }, "geometry": { "type": "MultiLineString", "coordinates": [ [ [ -156.69012, 20.936 ], [ -156.69015, 20.93599 ] ] ] } },
{ "type": "Feature", "properties": { "BMP": 20.93592, "EMP": 20.72124, "PREFIX": "SR", "ROUTE": "30", "ISLAND": "Maui", "DIRECTION": "-MP", "TYPE": "Sidewalk", "MATERIAL": "Concrete", "LENGTH": 1123.0, "NHS": "YES", "Shape_Leng": 342.42582363899999 }, "geometry": { "type": "MultiLineString", "coordinates": [ [ [ -156.67535, 20.87568 ], [ -156.67356, 20.87311 ] ] ] } },
{ "type": "Feature", "properties": { "BMP": 20.70767, "EMP": 20.66971, "PREFIX": "SR", "ROUTE": "30", "ISLAND": "Maui", "DIRECTION": "-MP", "TYPE": "Sidewalk", "MATERIAL": "Concrete", "LENGTH": 201.0, "NHS": "YES", "Shape_Leng": 61.332928585700003 }, "geometry": { "type": "MultiLineString", "coordinates": [ [ [ -156.67348, 20.87293 ], [ -156.67327, 20.87241 ] ] ] } },
{ "type": "Feature", "properties": { "BMP": 20.65974, "EMP": 20.4196, "PREFIX": "SR", "ROUTE": "30", "ISLAND": "Maui", "DIRECTION": "-MP", "TYPE": "Sidewalk", "MATERIAL": "Concrete", "LENGTH": 1271.0, "NHS": "YES", "Shape_Leng": 387.62168458100001 }, "geometry": { "type": "MultiLineString", "coordinates": [ [ [ -156.67322, 20.87228 ], [ -156.6719, 20.86901 ] ] ] } },
{ "type": "Feature", "properties": { "BMP": 20.40682, "EMP": 20.03524, "PREFIX": "SR", "ROUTE": "30", "ISLAND": "Maui", "DIRECTION": "-MP", "TYPE": "Sidewalk", "MATERIAL": "Concrete", "LENGTH": 1965.0, "NHS": "YES", "Shape_Leng": 599.39301242900001 }, "geometry": { "type": "MultiLineString", "coordinates": [ [ [ -156.67183, 20.86884 ], [ -156.66963, 20.86385 ] ] ] } },
{ "type": "Feature", "properties": { "BMP": 111.00761, "EMP": 110.90441, "PREFIX": "SR", "ROUTE": "11", "ISLAND": "Hawaii", "DIRECTION": "-MP", "TYPE": "Sidewalk", "MATERIAL": "Asphalt", "LENGTH": 544.0, "NHS": "NO", "Shape_Leng": 165.679004451 }, "geometry": { "type": "MultiLineString", "coordinates": [ [ [ -155.92011, 19.50804 ], [ -155.92026, 19.50655 ] ] ] } },
{ "type": "Feature", "properties": { "BMP": 0.10343, "EMP": 0.12817, "PREFIX": "SR", "ROUTE": "56", "ISLAND": "Kauai", "DIRECTION": "+MP", "TYPE": "Sidewalk", "MATERIAL": "Concrete", "LENGTH": 142.0, "NHS": "YES", "Shape_Leng": 43.373665462600002 }, "geometry": { "type": "MultiLineString", "coordinates": [ [ [ -159.36918, 21.97662 ], [ -159.36883, 21.97682 ] ] ] } },
{ "type": "Feature", "properties": { "BMP": 0.13801, "EMP": 0.38517, "PREFIX": "SR", "ROUTE": "56", "ISLAND": "Kauai", "DIRECTION": "+MP", "TYPE": "Sidewalk", "MATERIAL": "Concrete", "LENGTH": 1349.0, "NHS": "YES", "Shape_Leng": 411.05702209399999 }, "geometry": { "type": "MultiLineString", "coordinates": [ [ [ -159.36874, 21.97694 ], [ -159.36765, 21.98042 ] ] ] } },
{ "type": "Feature", "properties": { "BMP": 0.44052, "EMP": 0.46545, "PREFIX": "SR", "ROUTE": "56", "ISLAND": "Kauai", "DIRECTION": "+MP", "TYPE": "Sidewalk", "MATERIAL": "Asphalt", "LENGTH": 132.0, "NHS": "YES", "Shape_Leng": 40.1067091185 }, "geometry": { "type": "MultiLineString", "coordinates": [ [ [ -159.36746, 21.9812 ], [ -159.36737, 21.98156 ] ] ] } },
{ "type": "Feature", "properties": { "BMP": 0.38822, "EMP": 0.4136, "PREFIX": "SR", "ROUTE": "56", "ISLAND": "Kauai", "DIRECTION": "+MP", "TYPE": "Sidewalk", "MATERIAL": "Concrete", "LENGTH": 143.0, "NHS": "YES", "Shape_Leng": 43.458549928499998 }, "geometry": { "type": "MultiLineString", "coordinates": [ [ [ -159.36765, 21.98047 ], [ -159.36756, 21.98082 ] ] ] } },
{ "type": "Feature", "properties": { "BMP": 0.4659, "EMP": 0.48698, "PREFIX": "SR", "ROUTE": "56", "ISLAND": "Kauai", "DIRECTION": "+MP", "TYPE": "Sidewalk", "MATERIAL": "Concrete", "LENGTH": 111.0, "NHS": "YES", "Shape_Leng": 33.899362054000001 }, "geometry": { "type": "MultiLineString", "coordinates": [ [ [ -159.36737, 21.98156 ], [ -159.36729, 21.98186 ] ] ] } },
{ "type": "Feature", "properties": { "BMP": 0.50404, "EMP": 0.60221, "PREFIX": "SR", "ROUTE": "56", "ISLAND": "Kauai", "DIRECTION": "+MP", "TYPE": "Sidewalk", "MATERIAL": "Concrete", "LENGTH": 519.0, "NHS": "YES", "Shape_Leng": 158.25476743600001 }, "geometry": { "type": "MultiLineString", "coordinates": [ [ [ -159.36722, 21.9821 ], [ -159.36683, 21.98348 ] ] ] } },
{ "type": "Feature", "properties": { "BMP": 0.61794, "EMP": 0.72278, "PREFIX": "SR", "ROUTE": "56", "ISLAND": "Kauai", "DIRECTION": "+MP", "TYPE": "Sidewalk", "MATERIAL": "Concrete", "LENGTH": 556.0, "NHS": "YES", "Shape_Leng": 169.344919191 }, "geometry": { "type": "MultiLineString", "coordinates": [ [ [ -159.36677, 21.9837 ], [ -159.36639, 21.98518 ] ] ] } },
{ "type": "Feature", "properties": { "BMP": 0.7342, "EMP": 0.79008, "PREFIX": "SR", "ROUTE": "56", "ISLAND": "Kauai", "DIRECTION": "+MP", "TYPE": "Sidewalk", "MATERIAL": "Concrete", "LENGTH": 307.0, "NHS": "YES", "Shape_Leng": 93.696141411400006 }, "geometry": { "type": "MultiLineString", "coordinates": [ [ [ -159.36635, 21.98535 ], [ -159.36617, 21.98614 ] ] ] } },
{ "type": "Feature", "properties": { "BMP": 1.66434, "EMP": 1.68205, "PREFIX": "SR", "ROUTE": "56", "ISLAND": "Kauai", "DIRECTION": "+MP", "TYPE": "Sidewalk", "MATERIAL": "Concrete", "LENGTH": 100.0, "NHS": "YES", "Shape_Leng": 30.5365804184 }, "geometry": { "type": "MultiLineString", "coordinates": [ [ [ -159.35837, 21.99295 ], [ -159.35809, 21.99299 ] ] ] } },
{ "type": "Feature", "properties": { "BMP": 1.68896, "EMP": 1.7322, "PREFIX": "SR", "ROUTE": "56", "ISLAND": "Kauai", "DIRECTION": "+MP", "TYPE": "Sidewalk", "MATERIAL": "Concrete", "LENGTH": 233.0, "NHS": "YES", "Shape_Leng": 71.137576428599999 }, "geometry": { "type": "MultiLineString", "coordinates": [ [ [ -159.35799, 21.99303 ], [ -159.35737, 21.99328 ] ] ] } },
{ "type": "Feature", "properties": { "BMP": 1.75404, "EMP": 1.86822, "PREFIX": "SR", "ROUTE": "56", "ISLAND": "Kauai", "DIRECTION": "+MP", "TYPE": "Sidewalk", "MATERIAL": "Concrete", "LENGTH": 602.0, "NHS": "YES", "Shape_Leng": 183.29485554199999 }, "geometry": { "type": "MultiLineString", "coordinates": [ [ [ -159.35705, 21.99341 ], [ -159.35543, 21.99407 ] ] ] } },
{ "type": "Feature", "properties": { "BMP": 1.8987, "EMP": 1.97794, "PREFIX": "SR", "ROUTE": "56", "ISLAND": "Kauai", "DIRECTION": "+MP", "TYPE": "Sidewalk", "MATERIAL": "Concrete", "LENGTH": 424.0, "NHS": "YES", "Shape_Leng": 129.23572682599999 }, "geometry": { "type": "MultiLineString", "coordinates": [ [ [ -159.35498, 21.99422 ], [ -159.35393, 21.99484 ] ] ] } },
{ "type": "Feature", "properties": { "BMP": 2.00813, "EMP": 2.02913, "PREFIX": "SR", "ROUTE": "56", "ISLAND": "Kauai", "DIRECTION": "+MP", "TYPE": "Sidewalk", "MATERIAL": "Concrete", "LENGTH": 113.0, "NHS": "YES", "Shape_Leng": 34.323640683000001 }, "geometry": { "type": "MultiLineString", "coordinates": [ [ [ -159.35355, 21.99511 ], [ -159.35329, 21.9953 ] ] ] } },
{ "type": "Feature", "properties": { "BMP": 2.25782, "EMP": 2.31586, "PREFIX": "SR", "ROUTE": "56", "ISLAND": "Kauai", "DIRECTION": "+MP", "TYPE": "Sidewalk", "MATERIAL": "Concrete", "LENGTH": 314.0, "NHS": "YES", "Shape_Leng": 95.722270830400007 }, "geometry": { "type": "MultiLineString", "coordinates": [ [ [ -159.35069, 21.99757 ], [ -159.35, 21.99814 ] ] ] } },
{ "type": "Feature", "properties": { "BMP": 2.32829, "EMP": 2.4214, "PREFIX": "SR", "ROUTE": "56", "ISLAND": "Kauai", "DIRECTION": "+MP", "TYPE": "Sidewalk", "MATERIAL": "Concrete", "LENGTH": 496.0, "NHS": "YES", "Shape_Leng": 151.111090308 }, "geometry": { "type": "MultiLineString", "coordinates": [ [ [ -159.34989, 21.99829 ], [ -159.34911, 21.99945 ] ] ] } },
{ "type": "Feature", "properties": { "BMP": 5.61184, "EMP": 6.24114, "PREFIX": "SR", "ROUTE": "56", "ISLAND": "Kauai", "DIRECTION": "+MP", "TYPE": "Sidewalk", "MATERIAL": "Concrete", "LENGTH": 3337.0, "NHS": "YES", "Shape_Leng": 1016.96969279 }, "geometry": { "type": "MultiLineString", "coordinates": [ [ [ -159.33786, 22.04272 ], [ -159.33386, 22.05097 ] ] ] } },
{ "type": "Feature", "properties": { "BMP": 6.28842, "EMP": 6.32478, "PREFIX": "SR", "ROUTE": "56", "ISLAND": "Kauai", "DIRECTION": "+MP", "TYPE": "Sidewalk", "MATERIAL": "Concrete", "LENGTH": 190.0, "NHS": "YES", "Shape_Leng": 58.017746053099998 }, "geometry": { "type": "MultiLineString", "coordinates": [ [ [ -159.33364, 22.05162 ], [ -159.33334, 22.05206 ] ] ] } },
{ "type": "Feature", "properties": { "BMP": 6.24245, "EMP": 6.26328, "PREFIX": "SR", "ROUTE": "56", "ISLAND": "Kauai", "DIRECTION": "+MP", "TYPE": "Sidewalk", "MATERIAL": "Concrete", "LENGTH": 109.0, "NHS": "YES", "Shape_Leng": 33.365865027700004 }, "geometry": { "type": "MultiLineString", "coordinates": [ [ [ -159.33394, 22.05102 ], [ -159.33381, 22.0513 ] ] ] } },
{ "type": "Feature", "properties": { "BMP": 6.27174, "EMP": 6.27843, "PREFIX": "SR", "ROUTE": "56", "ISLAND": "Kauai", "DIRECTION": "+MP", "TYPE": "Sidewalk", "MATERIAL": "Concrete", "LENGTH": 35.0, "NHS": "YES", "Shape_Leng": 10.6253606996 }, "geometry": { "type": "MultiLineString", "coordinates": [ [ [ -159.33376, 22.05141 ], [ -159.33371, 22.0515 ] ] ] } },
{ "type": "Feature", "properties": { "BMP": 6.33217, "EMP": 6.36415, "PREFIX": "SR", "ROUTE": "56", "ISLAND": "Kauai", "DIRECTION": "+MP", "TYPE": "Sidewalk", "MATERIAL": "Concrete", "LENGTH": 167.0, "NHS": "YES", "Shape_Leng": 50.952907717499997 }, "geometry": { "type": "MultiLineString", "coordinates": [ [ [ -159.33328, 22.05215 ], [ -159.33298, 22.05252 ] ] ] } },
{ "type": "Feature", "properties": { "BMP": 6.39211, "EMP": 6.42338, "PREFIX": "SR", "ROUTE": "56", "ISLAND": "Kauai", "DIRECTION": "+MP", "TYPE": "Sidewalk", "MATERIAL": "Concrete", "LENGTH": 166.0, "NHS": "YES", "Shape_Leng": 50.528684501599997 }, "geometry": { "type": "MultiLineString", "coordinates": [ [ [ -159.33267, 22.0528 ], [ -159.33232, 22.0531 ] ] ] } },
{ "type": "Feature", "properties": { "BMP": 6.60789, "EMP": 6.62795, "PREFIX": "SR", "ROUTE": "56", "ISLAND": "Kauai", "DIRECTION": "+MP", "TYPE": "Sidewalk", "MATERIAL": "Concrete", "LENGTH": 108.0, "NHS": "YES", "Shape_Leng": 32.9217634838 }, "geometry": { "type": "MultiLineString", "coordinates": [ [ [ -159.32997, 22.05459 ], [ -159.32969, 22.05473 ] ] ] } },
{ "type": "Feature", "properties": { "BMP": 7.2699, "EMP": 7.27573, "PREFIX": "SR", "ROUTE": "56", "ISLAND": "Kauai", "DIRECTION": "+MP", "TYPE": "Sidewalk", "MATERIAL": "Concrete", "LENGTH": 33.0, "NHS": "YES", "Shape_Leng": 9.9826160648600002 }, "geometry": { "type": "MultiLineString", "coordinates": [ [ [ -159.32183, 22.06041 ], [ -159.32174, 22.06045 ] ] ] } },
{ "type": "Feature", "properties": { "BMP": 7.2852, "EMP": 7.30653, "PREFIX": "SR", "ROUTE": "56", "ISLAND": "Kauai", "DIRECTION": "+MP", "TYPE": "Sidewalk", "MATERIAL": "Other", "LENGTH": 113.0, "NHS": "YES", "Shape_Leng": 34.448542745799998 }, "geometry": { "type": "MultiLineString", "coordinates": [ [ [ -159.32163, 22.06054 ], [ -159.3214, 22.06076 ] ] ] } },
{ "type": "Feature", "properties": { "BMP": 7.39084, "EMP": 7.55714, "PREFIX": "SR", "ROUTE": "56", "ISLAND": "Kauai", "DIRECTION": "+MP", "TYPE": "Sidewalk", "MATERIAL": "Concrete", "LENGTH": 887.0, "NHS": "YES", "Shape_Leng": 270.37179114899999 }, "geometry": { "type": "MultiLineString", "coordinates": [ [ [ -159.32046, 22.06163 ], [ -159.31949, 22.06387 ] ] ] } },
{ "type": "Feature", "properties": { "BMP": 7.94892, "EMP": 7.97612, "PREFIX": "SR", "ROUTE": "56", "ISLAND": "Kauai", "DIRECTION": "+MP", "TYPE": "Sidewalk", "MATERIAL": "Concrete", "LENGTH": 144.0, "NHS": "YES", "Shape_Leng": 43.810067182499999 }, "geometry": { "type": "MultiLineString", "coordinates": [ [ [ -159.31933, 22.06955 ], [ -159.31935, 22.06995 ] ] ] } },
{ "type": "Feature", "properties": { "BMP": 8.25033, "EMP": 8.34423, "PREFIX": "SR", "ROUTE": "56", "ISLAND": "Kauai", "DIRECTION": "+MP", "TYPE": "Sidewalk", "MATERIAL": "Concrete", "LENGTH": 498.0, "NHS": "YES", "Shape_Leng": 151.77364337899999 }, "geometry": { "type": "MultiLineString", "coordinates": [ [ [ -159.31901, 22.07387 ], [ -159.31852, 22.07516 ] ] ] } },
{ "type": "Feature", "properties": { "BMP": 8.42405, "EMP": 8.47263, "PREFIX": "SR", "ROUTE": "56", "ISLAND": "Kauai", "DIRECTION": "+MP", "TYPE": "Sidewalk", "MATERIAL": "Concrete", "LENGTH": 252.0, "NHS": "YES", "Shape_Leng": 76.707879932699996 }, "geometry": { "type": "MultiLineString", "coordinates": [ [ [ -159.31803, 22.07619 ], [ -159.31745, 22.07662 ] ] ] } },
{ "type": "Feature", "properties": { "BMP": 8.35256, "EMP": 8.41416, "PREFIX": "SR", "ROUTE": "56", "ISLAND": "Kauai", "DIRECTION": "+MP", "TYPE": "Sidewalk", "MATERIAL": "Concrete", "LENGTH": 323.0, "NHS": "YES", "Shape_Leng": 98.302335111700003 }, "geometry": { "type": "MultiLineString", "coordinates": [ [ [ -159.31849, 22.07528 ], [ -159.31811, 22.07607 ] ] ] } },
{ "type": "Feature", "properties": { "BMP": 8.48299, "EMP": 8.68355, "PREFIX": "SR", "ROUTE": "56", "ISLAND": "Kauai", "DIRECTION": "+MP", "TYPE": "Sidewalk", "MATERIAL": "Concrete", "LENGTH": 1066.0, "NHS": "YES", "Shape_Leng": 325.05234351000001 }, "geometry": { "type": "MultiLineString", "coordinates": [ [ [ -159.31731, 22.0767 ], [ -159.31502, 22.0787 ] ] ] } },
{ "type": "Feature", "properties": { "BMP": 8.94114, "EMP": 9.08239, "PREFIX": "SR", "ROUTE": "56", "ISLAND": "Kauai", "DIRECTION": "+MP", "TYPE": "Shared-use path", "MATERIAL": "Concrete", "LENGTH": 747.0, "NHS": "YES", "Shape_Leng": 227.54328194499999 }, "geometry": { "type": "MultiLineString", "coordinates": [ [ [ -159.31252, 22.08165 ], [ -159.31137, 22.08334 ] ] ] } },
{ "type": "Feature", "properties": { "BMP": 9.84832, "EMP": 9.9525, "PREFIX": "SR", "ROUTE": "56", "ISLAND": "Kauai", "DIRECTION": "+MP", "TYPE": "Shared-use path", "MATERIAL": "Concrete", "LENGTH": 542.0, "NHS": "YES", "Shape_Leng": 165.17651059299999 }, "geometry": { "type": "MultiLineString", "coordinates": [ [ [ -159.3072, 22.09301 ], [ -159.30681, 22.09443 ] ] ] } },
{ "type": "Feature", "properties": { "BMP": 25.27168, "EMP": 25.30776, "PREFIX": "SR", "ROUTE": "19", "ISLAND": "Hawaii", "DIRECTION": "+MP", "TYPE": "Shared-use path", "MATERIAL": "Asphalt", "LENGTH": 200.0, "NHS": "YES", "Shape_Leng": 61.113705286200002 }, "geometry": { "type": "MultiLineString", "coordinates": [ [ [ -155.23576, 19.98519 ], [ -155.2363, 19.98531 ] ] ] } },
{ "type": "Feature", "properties": { "BMP": 32.6015, "EMP": 32.70035, "PREFIX": "SR", "ROUTE": "360", "ISLAND": "Maui", "DIRECTION": "+MP", "TYPE": "Sidewalk", "MATERIAL": "Concrete", "LENGTH": 521.0, "NHS": "NO", "Shape_Leng": 159.054923922 }, "geometry": { "type": "MultiLineString", "coordinates": [ [ [ -156.00061, 20.77566 ], [ -155.99971, 20.7745 ] ] ] } },
{ "type": "Feature", "properties": { "BMP": 32.71418, "EMP": 33.32658, "PREFIX": "SR", "ROUTE": "360", "ISLAND": "Maui", "DIRECTION": "+MP", "TYPE": "Shared-use path", "MATERIAL": "Asphalt", "LENGTH": 3230.0, "NHS": "NO", "Shape_Leng": 984.92142885800001 }, "geometry": { "type": "MultiLineString", "coordinates": [ [ [ -155.9996, 20.77433 ], [ -155.99557, 20.76694 ] ] ] } },
{ "type": "Feature", "properties": { "BMP": 0.00106, "EMP": 0.00761, "PREFIX": "SR", "ROUTE": "541", "ISLAND": "Kauai", "DIRECTION": "+MP", "TYPE": "Sidewalk", "MATERIAL": "Concrete", "LENGTH": 36.0, "NHS": "NO", "Shape_Leng": 10.9405286827 }, "geometry": { "type": "MultiLineString", "coordinates": [ [ [ -159.58455, 21.90489 ], [ -159.58459, 21.90479 ] ] ] } },
{ "type": "Feature", "properties": { "BMP": 35.95092, "EMP": 35.95479, "PREFIX": "SR", "ROUTE": "19", "ISLAND": "Hawaii", "DIRECTION": "+MP", "TYPE": "Sidewalk", "MATERIAL": "Concrete", "LENGTH": 20.0, "NHS": "YES", "Shape_Leng": 6.2204159746799998 }, "geometry": { "type": "MultiLineString", "coordinates": [ [ [ -155.36895, 20.03968 ], [ -155.369, 20.03971 ] ] ] } },
{ "type": "Feature", "properties": { "BMP": 8.95969, "EMP": 8.93918, "PREFIX": "SR", "ROUTE": "56", "ISLAND": "Kauai", "DIRECTION": "-MP", "TYPE": "Sidewalk", "MATERIAL": "Concrete", "LENGTH": 117.0, "NHS": "YES", "Shape_Leng": 35.553444114999998 }, "geometry": { "type": "MultiLineString", "coordinates": [ [ [ -159.31268, 22.08235 ], [ -159.31282, 22.08208 ] ] ] } },
{ "type": "Feature", "properties": { "BMP": 8.97869, "EMP": 8.967, "PREFIX": "SR", "ROUTE": "56", "ISLAND": "Kauai", "DIRECTION": "-MP", "TYPE": "Sidewalk", "MATERIAL": "Concrete", "LENGTH": 69.0, "NHS": "YES", "Shape_Leng": 21.1087651098 }, "geometry": { "type": "MultiLineString", "coordinates": [ [ [ -159.31247, 22.08256 ], [ -159.31259, 22.08243 ] ] ] } },
{ "type": "Feature", "properties": { "BMP": 8.53113, "EMP": 8.46078, "PREFIX": "SR", "ROUTE": "56", "ISLAND": "Kauai", "DIRECTION": "-MP", "TYPE": "Sidewalk", "MATERIAL": "Concrete", "LENGTH": 374.0, "NHS": "YES", "Shape_Leng": 114.08776154500001 }, "geometry": { "type": "MultiLineString", "coordinates": [ [ [ -159.31676, 22.07753 ], [ -159.31751, 22.07679 ] ] ] } },
{ "type": "Feature", "properties": { "BMP": 8.45375, "EMP": 8.39675, "PREFIX": "SR", "ROUTE": "56", "ISLAND": "Kauai", "DIRECTION": "-MP", "TYPE": "Sidewalk", "MATERIAL": "Concrete", "LENGTH": 307.0, "NHS": "YES", "Shape_Leng": 93.604391548500004 }, "geometry": { "type": "MultiLineString", "coordinates": [ [ [ -159.31758, 22.07672 ], [ -159.31828, 22.07619 ] ] ] } },
{ "type": "Feature", "properties": { "BMP": 8.38291, "EMP": 8.33429, "PREFIX": "SR", "ROUTE": "56", "ISLAND": "Kauai", "DIRECTION": "-MP", "TYPE": "Sidewalk", "MATERIAL": "Concrete", "LENGTH": 262.0, "NHS": "YES", "Shape_Leng": 79.952200627799996 }, "geometry": { "type": "MultiLineString", "coordinates": [ [ [ -159.31839, 22.076 ], [ -159.31865, 22.07533 ] ] ] } },
{ "type": "Feature", "properties": { "BMP": 8.32484, "EMP": 8.1815, "PREFIX": "SR", "ROUTE": "56", "ISLAND": "Kauai", "DIRECTION": "-MP", "TYPE": "Sidewalk", "MATERIAL": "Concrete", "LENGTH": 761.0, "NHS": "YES", "Shape_Leng": 231.988889398 }, "geometry": { "type": "MultiLineString", "coordinates": [ [ [ -159.31869, 22.0752 ], [ -159.31935, 22.0732 ] ] ] } },
{ "type": "Feature", "properties": { "BMP": 8.14327, "EMP": 8.06597, "PREFIX": "SR", "ROUTE": "56", "ISLAND": "Kauai", "DIRECTION": "-MP", "TYPE": "Sidewalk", "MATERIAL": "Concrete", "LENGTH": 410.0, "NHS": "YES", "Shape_Leng": 125.059866998 }, "geometry": { "type": "MultiLineString", "coordinates": [ [ [ -159.31943, 22.07265 ], [ -159.31957, 22.07153 ] ] ] } },
{ "type": "Feature", "properties": { "BMP": 8.04265, "EMP": 7.98028, "PREFIX": "SR", "ROUTE": "56", "ISLAND": "Kauai", "DIRECTION": "-MP", "TYPE": "Sidewalk", "MATERIAL": "Concrete", "LENGTH": 334.0, "NHS": "YES", "Shape_Leng": 101.731862924 }, "geometry": { "type": "MultiLineString", "coordinates": [ [ [ -159.3196, 22.07119 ], [ -159.31953, 22.07028 ] ] ] } },
{ "type": "Feature", "properties": { "BMP": 7.96362, "EMP": 7.94804, "PREFIX": "SR", "ROUTE": "56", "ISLAND": "Kauai", "DIRECTION": "-MP", "TYPE": "Sidewalk", "MATERIAL": "Concrete", "LENGTH": 82.0, "NHS": "YES", "Shape_Leng": 25.024346212299999 }, "geometry": { "type": "MultiLineString", "coordinates": [ [ [ -159.31952, 22.07004 ], [ -159.31951, 22.06981 ] ] ] } },
{ "type": "Feature", "properties": { "BMP": 7.93839, "EMP": 7.91276, "PREFIX": "SR", "ROUTE": "56", "ISLAND": "Kauai", "DIRECTION": "-MP", "TYPE": "Sidewalk", "MATERIAL": "Concrete", "LENGTH": 140.0, "NHS": "YES", "Shape_Leng": 42.783116402600001 }, "geometry": { "type": "MultiLineString", "coordinates": [ [ [ -159.31951, 22.06967 ], [ -159.31955, 22.0693 ] ] ] } },
{ "type": "Feature", "properties": { "BMP": 7.79975, "EMP": 7.75814, "PREFIX": "SR", "ROUTE": "56", "ISLAND": "Kauai", "DIRECTION": "-MP", "TYPE": "Sidewalk", "MATERIAL": "Concrete", "LENGTH": 220.0, "NHS": "YES", "Shape_Leng": 66.969403223300006 }, "geometry": { "type": "MultiLineString", "coordinates": [ [ [ -159.31941, 22.06766 ], [ -159.31938, 22.06706 ] ] ] } },
{ "type": "Feature", "properties": { "BMP": 7.90243, "EMP": 7.89781, "PREFIX": "SR", "ROUTE": "56", "ISLAND": "Kauai", "DIRECTION": "-MP", "TYPE": "Sidewalk", "MATERIAL": "Concrete", "LENGTH": 26.0, "NHS": "YES", "Shape_Leng": 7.8938339483900002 }, "geometry": { "type": "MultiLineString", "coordinates": [ [ [ -159.3195, 22.06915 ], [ -159.31948, 22.06908 ] ] ] } },
{ "type": "Feature", "properties": { "BMP": 7.69491, "EMP": 7.67591, "PREFIX": "SR", "ROUTE": "56", "ISLAND": "Kauai", "DIRECTION": "-MP", "TYPE": "Sidewalk", "MATERIAL": "Concrete", "LENGTH": 100.0, "NHS": "YES", "Shape_Leng": 30.520942225700001 }, "geometry": { "type": "MultiLineString", "coordinates": [ [ [ -159.31933, 22.06614 ], [ -159.31932, 22.06586 ] ] ] } },
{ "type": "Feature", "properties": { "BMP": 7.5547, "EMP": 7.54644, "PREFIX": "SR", "ROUTE": "56", "ISLAND": "Kauai", "DIRECTION": "-MP", "TYPE": "Sidewalk", "MATERIAL": "Concrete", "LENGTH": 43.0, "NHS": "YES", "Shape_Leng": 13.2469619148 }, "geometry": { "type": "MultiLineString", "coordinates": [ [ [ -159.31962, 22.06414 ], [ -159.31965, 22.06403 ] ] ] } },
{ "type": "Feature", "properties": { "BMP": 7.56391, "EMP": 7.56103, "PREFIX": "SR", "ROUTE": "56", "ISLAND": "Kauai", "DIRECTION": "-MP", "TYPE": "Sidewalk", "MATERIAL": "Concrete", "LENGTH": 15.0, "NHS": "YES", "Shape_Leng": 4.6487883547199997 }, "geometry": { "type": "MultiLineString", "coordinates": [ [ [ -159.31955, 22.06426 ], [ -159.31956, 22.06422 ] ] ] } },
{ "type": "Feature", "properties": { "BMP": 7.46641, "EMP": 7.45624, "PREFIX": "SR", "ROUTE": "56", "ISLAND": "Kauai", "DIRECTION": "-MP", "TYPE": "Sidewalk", "MATERIAL": "Concrete", "LENGTH": 53.0, "NHS": "YES", "Shape_Leng": 16.167129786099999 }, "geometry": { "type": "MultiLineString", "coordinates": [ [ [ -159.31992, 22.06289 ], [ -159.31996, 22.06275 ] ] ] } },
{ "type": "Feature", "properties": { "BMP": 7.51852, "EMP": 7.50805, "PREFIX": "SR", "ROUTE": "56", "ISLAND": "Kauai", "DIRECTION": "-MP", "TYPE": "Sidewalk", "MATERIAL": "Concrete", "LENGTH": 55.0, "NHS": "YES", "Shape_Leng": 16.898796286300001 }, "geometry": { "type": "MultiLineString", "coordinates": [ [ [ -159.31972, 22.06362 ], [ -159.31976, 22.06348 ] ] ] } },
{ "type": "Feature", "properties": { "BMP": 7.45001, "EMP": 7.37524, "PREFIX": "SR", "ROUTE": "56", "ISLAND": "Kauai", "DIRECTION": "-MP", "TYPE": "Sidewalk", "MATERIAL": "Concrete", "LENGTH": 393.0, "NHS": "YES", "Shape_Leng": 119.89716029 }, "geometry": { "type": "MultiLineString", "coordinates": [ [ [ -159.31999, 22.06267 ], [ -159.32063, 22.06178 ] ] ] } },
{ "type": "Feature", "properties": { "BMP": 7.50064, "EMP": 7.46956, "PREFIX": "SR", "ROUTE": "56", "ISLAND": "Kauai", "DIRECTION": "-MP", "TYPE": "Sidewalk", "MATERIAL": "Concrete", "LENGTH": 164.0, "NHS": "YES", "Shape_Leng": 50.020211867100002 }, "geometry": { "type": "MultiLineString", "coordinates": [ [ [ -159.31979, 22.06337 ], [ -159.31991, 22.06293 ] ] ] } },
{ "type": "Feature", "properties": { "BMP": 7.36055, "EMP": 7.27151, "PREFIX": "SR", "ROUTE": "56", "ISLAND": "Kauai", "DIRECTION": "-MP", "TYPE": "Sidewalk", "MATERIAL": "Concrete", "LENGTH": 470.0, "NHS": "YES", "Shape_Leng": 143.293390579 }, "geometry": { "type": "MultiLineString", "coordinates": [ [ [ -159.32078, 22.06162 ], [ -159.32173, 22.0607 ] ] ] } },
{ "type": "Feature", "properties": { "BMP": 7.26151, "EMP": 7.21834, "PREFIX": "SR", "ROUTE": "56", "ISLAND": "Kauai", "DIRECTION": "-MP", "TYPE": "Sidewalk", "MATERIAL": "Concrete", "LENGTH": 235.0, "NHS": "YES", "Shape_Leng": 71.5442942472 }, "geometry": { "type": "MultiLineString", "coordinates": [ [ [ -159.32185, 22.0606 ], [ -159.32236, 22.06019 ] ] ] } },
{ "type": "Feature", "properties": { "BMP": 7.20977, "EMP": 7.17268, "PREFIX": "SR", "ROUTE": "56", "ISLAND": "Kauai", "DIRECTION": "-MP", "TYPE": "Sidewalk", "MATERIAL": "Concrete", "LENGTH": 198.0, "NHS": "YES", "Shape_Leng": 60.308610921300001 }, "geometry": { "type": "MultiLineString", "coordinates": [ [ [ -159.32246, 22.0601 ], [ -159.32283, 22.05969 ] ] ] } },
{ "type": "Feature", "properties": { "BMP": 6.34716, "EMP": 6.28353, "PREFIX": "SR", "ROUTE": "56", "ISLAND": "Kauai", "DIRECTION": "-MP", "TYPE": "Sidewalk", "MATERIAL": "Concrete", "LENGTH": 344.0, "NHS": "YES", "Shape_Leng": 104.956997956 }, "geometry": { "type": "MultiLineString", "coordinates": [ [ [ -159.33313, 22.05264 ], [ -159.33373, 22.05188 ] ] ] } },
{ "type": "Feature", "properties": { "BMP": 2.16672, "EMP": 2.11083, "PREFIX": "SR", "ROUTE": "56", "ISLAND": "Kauai", "DIRECTION": "-MP", "TYPE": "Sidewalk", "MATERIAL": "Concrete", "LENGTH": 300.0, "NHS": "YES", "Shape_Leng": 91.352886285500006 }, "geometry": { "type": "MultiLineString", "coordinates": [ [ [ -159.35183, 21.99682 ], [ -159.3525, 21.99629 ] ] ] } },
{ "type": "Feature", "properties": { "BMP": 2.09802, "EMP": 2.04861, "PREFIX": "SR", "ROUTE": "56", "ISLAND": "Kauai", "DIRECTION": "-MP", "TYPE": "Sidewalk", "MATERIAL": "Concrete", "LENGTH": 266.0, "NHS": "YES", "Shape_Leng": 80.928511602900002 }, "geometry": { "type": "MultiLineString", "coordinates": [ [ [ -159.35265, 21.99616 ], [ -159.35319, 21.99565 ] ] ] } },
{ "type": "Feature", "properties": { "BMP": 2.02684, "EMP": 1.99801, "PREFIX": "SR", "ROUTE": "56", "ISLAND": "Kauai", "DIRECTION": "-MP", "TYPE": "Sidewalk", "MATERIAL": "Concrete", "LENGTH": 154.0, "NHS": "YES", "Shape_Leng": 46.933702574500003 }, "geometry": { "type": "MultiLineString", "coordinates": [ [ [ -159.35343, 21.99543 ], [ -159.35379, 21.99517 ] ] ] } },
{ "type": "Feature", "properties": { "BMP": 0.79653, "EMP": 0.72603, "PREFIX": "SR", "ROUTE": "56", "ISLAND": "Kauai", "DIRECTION": "-MP", "TYPE": "Sidewalk", "MATERIAL": "Concrete", "LENGTH": 379.0, "NHS": "YES", "Shape_Leng": 115.589236351 }, "geometry": { "type": "MultiLineString", "coordinates": [ [ [ -159.36631, 21.98634 ], [ -159.36661, 21.98535 ] ] ] } },
{ "type": "Feature", "properties": { "BMP": 0.71951, "EMP": 0.50167, "PREFIX": "SR", "ROUTE": "56", "ISLAND": "Kauai", "DIRECTION": "-MP", "TYPE": "Sidewalk", "MATERIAL": "Concrete", "LENGTH": 1158.0, "NHS": "YES", "Shape_Leng": 352.91048534599997 }, "geometry": { "type": "MultiLineString", "coordinates": [ [ [ -159.36663, 21.98526 ], [ -159.36742, 21.98218 ] ] ] } },
{ "type": "Feature", "properties": { "BMP": 0.49086, "EMP": 0.43775, "PREFIX": "SR", "ROUTE": "56", "ISLAND": "Kauai", "DIRECTION": "-MP", "TYPE": "Sidewalk", "MATERIAL": "Concrete", "LENGTH": 285.0, "NHS": "YES", "Shape_Leng": 86.853249973499999 }, "geometry": { "type": "MultiLineString", "coordinates": [ [ [ -159.36745, 21.98203 ], [ -159.36764, 21.98128 ] ] ] } },
{ "type": "Feature", "properties": { "BMP": 0.4271, "EMP": 0.32019, "PREFIX": "SR", "ROUTE": "56", "ISLAND": "Kauai", "DIRECTION": "-MP", "TYPE": "Sidewalk", "MATERIAL": "Concrete", "LENGTH": 568.0, "NHS": "YES", "Shape_Leng": 172.96484090300001 }, "geometry": { "type": "MultiLineString", "coordinates": [ [ [ -159.36768, 21.98112 ], [ -159.36807, 21.97961 ] ] ] } },
{ "type": "Feature", "properties": { "BMP": 0.30924, "EMP": 0.25993, "PREFIX": "SR", "ROUTE": "56", "ISLAND": "Kauai", "DIRECTION": "-MP", "TYPE": "Sidewalk", "MATERIAL": "Concrete", "LENGTH": 267.0, "NHS": "YES", "Shape_Leng": 81.275349537699995 }, "geometry": { "type": "MultiLineString", "coordinates": [ [ [ -159.36811, 21.97946 ], [ -159.36829, 21.97876 ] ] ] } },
{ "type": "Feature", "properties": { "BMP": 56.56966, "EMP": 56.61095, "PREFIX": "SR", "ROUTE": "19", "ISLAND": "Hawaii", "DIRECTION": "+MP", "TYPE": "Sidewalk", "MATERIAL": "Concrete", "LENGTH": 218.0, "NHS": "YES", "Shape_Leng": 66.637347108300006 }, "geometry": { "type": "MultiLineString", "coordinates": [ [ [ -155.66665, 20.02234 ], [ -155.66713, 20.02195 ] ] ] } },
{ "type": "Feature", "properties": { "BMP": 56.52646, "EMP": 56.55927, "PREFIX": "SR", "ROUTE": "19", "ISLAND": "Hawaii", "DIRECTION": "+MP", "TYPE": "Sidewalk", "MATERIAL": "Concrete", "LENGTH": 174.0, "NHS": "YES", "Shape_Leng": 52.971945762700003 }, "geometry": { "type": "MultiLineString", "coordinates": [ [ [ -155.66615, 20.02276 ], [ -155.66653, 20.02244 ] ] ] } },
{ "type": "Feature", "properties": { "BMP": 98.9078, "EMP": 99.14419, "PREFIX": "SR", "ROUTE": "19", "ISLAND": "Hawaii", "DIRECTION": "+MP", "TYPE": "Sidewalk", "MATERIAL": "Concrete", "LENGTH": 1266.0, "NHS": "YES", "Shape_Leng": 386.15318303200002 }, "geometry": { "type": "MultiLineString", "coordinates": [ [ [ -156.00248, 19.65072 ], [ -155.99935, 19.64892 ] ] ] } },
{ "type": "Feature", "properties": { "BMP": 99.15991, "EMP": 99.37547, "PREFIX": "SR", "ROUTE": "19", "ISLAND": "Hawaii", "DIRECTION": "+MP", "TYPE": "Sidewalk", "MATERIAL": "Concrete", "LENGTH": 1148.0, "NHS": "YES", "Shape_Leng": 349.99471918 }, "geometry": { "type": "MultiLineString", "coordinates": [ [ [ -155.99914, 19.64882 ], [ -155.99623, 19.64733 ] ] ] } },
{ "type": "Feature", "properties": { "BMP": 99.38071, "EMP": 99.53943, "PREFIX": "SR", "ROUTE": "19", "ISLAND": "Hawaii", "DIRECTION": "+MP", "TYPE": "Sidewalk", "MATERIAL": "Concrete", "LENGTH": 849.0, "NHS": "YES", "Shape_Leng": 258.97565666700001 }, "geometry": { "type": "MultiLineString", "coordinates": [ [ [ -155.99614, 19.64733 ], [ -155.99401, 19.64619 ] ] ] } },
{ "type": "Feature", "properties": { "BMP": 56.89557, "EMP": 56.75765, "PREFIX": "SR", "ROUTE": "19", "ISLAND": "Hawaii", "DIRECTION": "-MP", "TYPE": "Sidewalk", "MATERIAL": "Concrete", "LENGTH": 722.0, "NHS": "YES", "Shape_Leng": 220.485934227 }, "geometry": { "type": "MultiLineString", "coordinates": [ [ [ -155.67049, 20.02173 ], [ -155.66904, 20.02042 ] ] ] } },
{ "type": "Feature", "properties": { "BMP": 56.7452, "EMP": 56.68594, "PREFIX": "SR", "ROUTE": "19", "ISLAND": "Hawaii", "DIRECTION": "-MP", "TYPE": "Sidewalk", "MATERIAL": "Concrete", "LENGTH": 320.0, "NHS": "YES", "Shape_Leng": 97.657939615000004 }, "geometry": { "type": "MultiLineString", "coordinates": [ [ [ -155.66873, 20.02038 ], [ -155.66802, 20.02094 ] ] ] } },
{ "type": "Feature", "properties": { "BMP": 56.67714, "EMP": 56.62142, "PREFIX": "SR", "ROUTE": "19", "ISLAND": "Hawaii", "DIRECTION": "-MP", "TYPE": "Sidewalk", "MATERIAL": "Concrete", "LENGTH": 296.0, "NHS": "YES", "Shape_Leng": 90.330418167700003 }, "geometry": { "type": "MultiLineString", "coordinates": [ [ [ -155.66791, 20.02101 ], [ -155.66728, 20.02156 ] ] ] } },
{ "type": "Feature", "properties": { "BMP": 56.44909, "EMP": 56.29411, "PREFIX": "SR", "ROUTE": "19", "ISLAND": "Hawaii", "DIRECTION": "-MP", "TYPE": "Sidewalk", "MATERIAL": "Concrete", "LENGTH": 806.0, "NHS": "YES", "Shape_Leng": 245.91308121500001 }, "geometry": { "type": "MultiLineString", "coordinates": [ [ [ -155.66527, 20.02321 ], [ -155.66327, 20.02422 ] ] ] } },
{ "type": "Feature", "properties": { "BMP": 56.07778, "EMP": 56.07216, "PREFIX": "SR", "ROUTE": "19", "ISLAND": "Hawaii", "DIRECTION": "-MP", "TYPE": "Sidewalk", "MATERIAL": "Concrete", "LENGTH": 33.0, "NHS": "YES", "Shape_Leng": 10.046764829500001 }, "geometry": { "type": "MultiLineString", "coordinates": [ [ [ -155.66003, 20.02496 ], [ -155.65994, 20.02496 ] ] ] } },
{ "type": "Feature", "properties": { "BMP": 0.00032, "EMP": 0.00696, "PREFIX": "SR", "ROUTE": "250", "ISLAND": "Hawaii", "DIRECTION": "+MP", "TYPE": "Sidewalk", "MATERIAL": "Concrete", "LENGTH": 32.0, "NHS": "NO", "Shape_Leng": 9.9181947814499996 }, "geometry": { "type": "MultiLineString", "coordinates": [ [ [ -155.69887, 20.02675 ], [ -155.69894, 20.02682 ] ] ] } },
{ "type": "Feature", "properties": { "BMP": 1.77327, "EMP": 1.6696, "PREFIX": "SR", "ROUTE": "19", "ISLAND": "Hawaii", "DIRECTION": "-MP", "TYPE": "Sidewalk", "MATERIAL": "Concrete", "LENGTH": 558.0, "NHS": "YES", "Shape_Leng": 170.3859591 }, "geometry": { "type": "MultiLineString", "coordinates": [ [ [ -155.07848, 19.72199 ], [ -155.07686, 19.72191 ] ] ] } },
{ "type": "Feature", "properties": { "BMP": 1.20333, "EMP": 0.94318, "PREFIX": "SR", "ROUTE": "19", "ISLAND": "Hawaii", "DIRECTION": "-MP", "TYPE": "Sidewalk", "MATERIAL": "Concrete", "LENGTH": 1373.0, "NHS": "YES", "Shape_Leng": 419.27290015699998 }, "geometry": { "type": "MultiLineString", "coordinates": [ [ [ -155.06976, 19.72236 ], [ -155.06577, 19.72248 ] ] ] } },
{ "type": "Feature", "properties": { "BMP": 1.36343, "EMP": 1.21818, "PREFIX": "SR", "ROUTE": "19", "ISLAND": "Hawaii", "DIRECTION": "-MP", "TYPE": "Sidewalk", "MATERIAL": "Concrete", "LENGTH": 762.0, "NHS": "YES", "Shape_Leng": 232.74112629499999 }, "geometry": { "type": "MultiLineString", "coordinates": [ [ [ -155.07217, 19.72212 ], [ -155.06998, 19.72234 ] ] ] } },
{ "type": "Feature", "properties": { "BMP": 0.82805, "EMP": 0.7994, "PREFIX": "SR", "ROUTE": "19", "ISLAND": "Hawaii", "DIRECTION": "-MP", "TYPE": "Sidewalk", "MATERIAL": "Concrete", "LENGTH": 255.0, "NHS": "YES", "Shape_Leng": 78.004883996900006 }, "geometry": { "type": "MultiLineString", "coordinates": [ [ [ -155.06401, 19.72246 ], [ -155.06331, 19.72239 ] ] ] } },
{ "type": "Feature", "properties": { "BMP": 0.93361, "EMP": 0.85287, "PREFIX": "SR", "ROUTE": "19", "ISLAND": "Hawaii", "DIRECTION": "-MP", "TYPE": "Sidewalk", "MATERIAL": "Concrete", "LENGTH": 430.0, "NHS": "YES", "Shape_Leng": 131.41664214599999 }, "geometry": { "type": "MultiLineString", "coordinates": [ [ [ -155.06563, 19.72248 ], [ -155.06439, 19.72244 ] ] ] } },
{ "type": "Feature", "properties": { "BMP": 8.05937, "EMP": 8.04841, "PREFIX": "SR", "ROUTE": "56", "ISLAND": "Kauai", "DIRECTION": "-MP", "TYPE": "Sidewalk", "MATERIAL": "Concrete", "LENGTH": 63.0, "NHS": "YES", "Shape_Leng": 19.333897896900002 }, "geometry": { "type": "MultiLineString", "coordinates": [ [ [ -159.31956, 22.07143 ], [ -159.3196, 22.07127 ] ] ] } },
{ "type": "Feature", "properties": { "BMP": 7.66834, "EMP": 7.64588, "PREFIX": "SR", "ROUTE": "56", "ISLAND": "Kauai", "DIRECTION": "-MP", "TYPE": "Sidewalk", "MATERIAL": "Concrete", "LENGTH": 118.0, "NHS": "YES", "Shape_Leng": 35.977899414900001 }, "geometry": { "type": "MultiLineString", "coordinates": [ [ [ -159.31932, 22.06575 ], [ -159.31933, 22.06543 ] ] ] } },
{ "type": "Feature", "properties": { "BMP": 7.86128, "EMP": 7.80586, "PREFIX": "SR", "ROUTE": "56", "ISLAND": "Kauai", "DIRECTION": "-MP", "TYPE": "Sidewalk", "MATERIAL": "Concrete", "LENGTH": 292.0, "NHS": "YES", "Shape_Leng": 89.115655684299995 }, "geometry": { "type": "MultiLineString", "coordinates": [ [ [ -159.31945, 22.06855 ], [ -159.31941, 22.06775 ] ] ] } },
{ "type": "Feature", "properties": { "BMP": 7.7525, "EMP": 7.71404, "PREFIX": "SR", "ROUTE": "56", "ISLAND": "Kauai", "DIRECTION": "-MP", "TYPE": "Sidewalk", "MATERIAL": "Concrete", "LENGTH": 203.0, "NHS": "YES", "Shape_Leng": 61.908871902000001 }, "geometry": { "type": "MultiLineString", "coordinates": [ [ [ -159.31937, 22.06697 ], [ -159.31935, 22.06642 ] ] ] } },
{ "type": "Feature", "properties": { "BMP": 7.64084, "EMP": 7.62948, "PREFIX": "SR", "ROUTE": "56", "ISLAND": "Kauai", "DIRECTION": "-MP", "TYPE": "Sidewalk", "MATERIAL": "Concrete", "LENGTH": 60.0, "NHS": "YES", "Shape_Leng": 18.158947773400001 }, "geometry": { "type": "MultiLineString", "coordinates": [ [ [ -159.31934, 22.06536 ], [ -159.31936, 22.06519 ] ] ] } },
{ "type": "Feature", "properties": { "BMP": 7.62457, "EMP": 7.61417, "PREFIX": "SR", "ROUTE": "56", "ISLAND": "Kauai", "DIRECTION": "-MP", "TYPE": "Sidewalk", "MATERIAL": "Concrete", "LENGTH": 55.0, "NHS": "YES", "Shape_Leng": 16.639524027 }, "geometry": { "type": "MultiLineString", "coordinates": [ [ [ -159.31936, 22.06512 ], [ -159.31938, 22.06497 ] ] ] } },
{ "type": "Feature", "properties": { "BMP": 7.60297, "EMP": 7.58688, "PREFIX": "SR", "ROUTE": "56", "ISLAND": "Kauai", "DIRECTION": "-MP", "TYPE": "Sidewalk", "MATERIAL": "Concrete", "LENGTH": 84.0, "NHS": "YES", "Shape_Leng": 25.741301635199999 }, "geometry": { "type": "MultiLineString", "coordinates": [ [ [ -159.31941, 22.06481 ], [ -159.31946, 22.06459 ] ] ] } },
{ "type": "Feature", "properties": { "BMP": 7.58319, "EMP": 7.57113, "PREFIX": "SR", "ROUTE": "56", "ISLAND": "Kauai", "DIRECTION": "-MP", "TYPE": "Sidewalk", "MATERIAL": "Concrete", "LENGTH": 63.0, "NHS": "YES", "Shape_Leng": 19.339324014 }, "geometry": { "type": "MultiLineString", "coordinates": [ [ [ -159.31947, 22.06453 ], [ -159.31952, 22.06436 ] ] ] } },
{ "type": "Feature", "properties": { "BMP": 99.5443, "EMP": 99.5499, "PREFIX": "SR", "ROUTE": "19", "ISLAND": "Hawaii", "DIRECTION": "+MP", "TYPE": "Sidewalk", "MATERIAL": "Concrete", "LENGTH": 36.0, "NHS": "YES", "Shape_Leng": 11.039334331 }, "geometry": { "type": "MultiLineString", "coordinates": [ [ [ -155.99392, 19.64621 ], [ -155.99383, 19.64625 ] ] ] } },
{ "type": "Feature", "properties": { "BMP": 8.09248, "EMP": 8.2414, "PREFIX": "SR", "ROUTE": "56", "ISLAND": "Kauai", "DIRECTION": "+MP", "TYPE": "Sidewalk", "MATERIAL": "Concrete", "LENGTH": 785.0, "NHS": "YES", "Shape_Leng": 239.33954803899999 }, "geometry": { "type": "MultiLineString", "coordinates": [ [ [ -159.31941, 22.07163 ], [ -159.31906, 22.07376 ] ] ] } },
{ "type": "Feature", "properties": { "BMP": 56.61324, "EMP": 56.5883, "PREFIX": "SR", "ROUTE": "19", "ISLAND": "Hawaii", "DIRECTION": "-MP", "TYPE": "Sidewalk", "MATERIAL": "Concrete", "LENGTH": 133.0, "NHS": "YES", "Shape_Leng": 40.469596536399997 }, "geometry": { "type": "MultiLineString", "coordinates": [ [ [ -155.66719, 20.02164 ], [ -155.66689, 20.02188 ] ] ] } },
{ "type": "Feature", "properties": { "BMP": 56.58411, "EMP": 56.55879, "PREFIX": "SR", "ROUTE": "19", "ISLAND": "Hawaii", "DIRECTION": "-MP", "TYPE": "Sidewalk", "MATERIAL": "Concrete", "LENGTH": 136.0, "NHS": "YES", "Shape_Leng": 41.522519828 }, "geometry": { "type": "MultiLineString", "coordinates": [ [ [ -155.66684, 20.02192 ], [ -155.66653, 20.02214 ] ] ] } },
{ "type": "Feature", "properties": { "BMP": 56.05936, "EMP": 55.9802, "PREFIX": "SR", "ROUTE": "19", "ISLAND": "Hawaii", "DIRECTION": "-MP", "TYPE": "Sidewalk", "MATERIAL": "Concrete", "LENGTH": 420.0, "NHS": "YES", "Shape_Leng": 128.27780102 }, "geometry": { "type": "MultiLineString", "coordinates": [ [ [ -155.65976, 20.02503 ], [ -155.65862, 20.02544 ] ] ] } },
{ "type": "Feature", "properties": { "BMP": 55.97441, "EMP": 55.95837, "PREFIX": "SR", "ROUTE": "19", "ISLAND": "Hawaii", "DIRECTION": "-MP", "TYPE": "Sidewalk", "MATERIAL": "Concrete", "LENGTH": 84.0, "NHS": "YES", "Shape_Leng": 25.693717128700001 }, "geometry": { "type": "MultiLineString", "coordinates": [ [ [ -155.65853, 20.02547 ], [ -155.65831, 20.02555 ] ] ] } },
{ "type": "Feature", "properties": { "BMP": 2.63173, "EMP": 2.6452, "PREFIX": "SR", "ROUTE": "560", "ISLAND": "Kauai", "DIRECTION": "+MP", "TYPE": "Sidewalk", "MATERIAL": "Concrete", "LENGTH": 72.0, "NHS": "NO", "Shape_Leng": 22.095093008100001 }, "geometry": { "type": "MultiLineString", "coordinates": [ [ [ -159.49537, 22.20324 ], [ -159.49557, 22.20321 ] ] ] } },
{ "type": "Feature", "properties": { "BMP": 0.0, "EMP": 0.11211, "PREFIX": "SR", "ROUTE": "50", "ISLAND": "Kauai", "DIRECTION": "+MP", "TYPE": "Sidewalk", "MATERIAL": "Concrete", "LENGTH": 590.0, "NHS": "YES", "Shape_Leng": 179.67161923399999 }, "geometry": { "type": "MultiLineString", "coordinates": [ [ [ -159.3707, 21.97624 ], [ -159.37244, 21.97618 ] ] ] } },
{ "type": "Feature", "properties": { "BMP": 0.1262, "EMP": 0.52479, "PREFIX": "SR", "ROUTE": "50", "ISLAND": "Kauai", "DIRECTION": "+MP", "TYPE": "Sidewalk", "MATERIAL": "Concrete", "LENGTH": 2120.0, "NHS": "YES", "Shape_Leng": 645.56317570099998 }, "geometry": { "type": "MultiLineString", "coordinates": [ [ [ -159.37268, 21.97617 ], [ -159.37808, 21.97328 ] ] ] } },
{ "type": "Feature", "properties": { "BMP": 0.53253, "EMP": 1.00456, "PREFIX": "SR", "ROUTE": "50", "ISLAND": "Kauai", "DIRECTION": "+MP", "TYPE": "Sidewalk", "MATERIAL": "Concrete", "LENGTH": 2490.0, "NHS": "YES", "Shape_Leng": 758.74820770400004 }, "geometry": { "type": "MultiLineString", "coordinates": [ [ [ -159.37818, 21.97322 ], [ -159.38502, 21.97078 ] ] ] } },
{ "type": "Feature", "properties": { "BMP": 1.65999, "EMP": 1.42163, "PREFIX": "SR", "ROUTE": "19", "ISLAND": "Hawaii", "DIRECTION": "-MP", "TYPE": "Sidewalk", "MATERIAL": "Concrete", "LENGTH": 1265.0, "NHS": "YES", "Shape_Leng": 386.38046701600001 }, "geometry": { "type": "MultiLineString", "coordinates": [ [ [ -155.07672, 19.7219 ], [ -155.07304, 19.72191 ] ] ] } },
{ "type": "Feature", "properties": { "BMP": 1.41644, "EMP": 1.34845, "PREFIX": "SR", "ROUTE": "19", "ISLAND": "Hawaii", "DIRECTION": "-MP", "TYPE": "Sidewalk", "MATERIAL": "Concrete", "LENGTH": 360.0, "NHS": "YES", "Shape_Leng": 109.979970119 }, "geometry": { "type": "MultiLineString", "coordinates": [ [ [ -155.07296, 19.72192 ], [ -155.07193, 19.72207 ] ] ] } },
{ "type": "Feature", "properties": { "BMP": 2.23165, "EMP": 2.20595, "PREFIX": "SR", "ROUTE": "2000", "ISLAND": "Hawaii", "DIRECTION": "-MP", "TYPE": "Sidewalk", "MATERIAL": "Concrete", "LENGTH": 72.0, "NHS": "NO", "Shape_Leng": 22.0885289615 }, "geometry": { "type": "MultiLineString", "coordinates": [ [ [ -155.09071, 19.69376 ], [ -155.09058, 19.69365 ] ] ] } },
{ "type": "Feature", "properties": { "BMP": 0.84195, "EMP": 0.83743, "PREFIX": "SR", "ROUTE": "2000", "ISLAND": "Hawaii", "DIRECTION": "-MP", "TYPE": "Sidewalk", "MATERIAL": "Concrete", "LENGTH": 25.0, "NHS": "NO", "Shape_Leng": 7.5280478442499996 }, "geometry": { "type": "MultiLineString", "coordinates": [ [ [ -155.06997, 19.69469 ], [ -155.0699, 19.69468 ] ] ] } },
{ "type": "Feature", "properties": { "BMP": 0.82977, "EMP": 0.82558, "PREFIX": "SR", "ROUTE": "2000", "ISLAND": "Hawaii", "DIRECTION": "-MP", "TYPE": "Sidewalk", "MATERIAL": "Concrete", "LENGTH": 24.0, "NHS": "NO", "Shape_Leng": 7.2339576896300004 }, "geometry": { "type": "MultiLineString", "coordinates": [ [ [ -155.06979, 19.69468 ], [ -155.06972, 19.69471 ] ] ] } },
{ "type": "Feature", "properties": { "BMP": 3.17052, "EMP": 3.14036, "PREFIX": "SR", "ROUTE": "560", "ISLAND": "Kauai", "DIRECTION": "-MP", "TYPE": "Sidewalk", "MATERIAL": "Concrete", "LENGTH": 163.0, "NHS": "NO", "Shape_Leng": 49.648248311400003 }, "geometry": { "type": "MultiLineString", "coordinates": [ [ [ -159.50343, 22.2009 ], [ -159.50296, 22.20093 ] ] ] } },
{ "type": "Feature", "properties": { "BMP": 3.12882, "EMP": 3.10698, "PREFIX": "SR", "ROUTE": "560", "ISLAND": "Kauai", "DIRECTION": "-MP", "TYPE": "Sidewalk", "MATERIAL": "Concrete", "LENGTH": 117.0, "NHS": "NO", "Shape_Leng": 35.650743095599999 }, "geometry": { "type": "MultiLineString", "coordinates": [ [ [ -159.50278, 22.20098 ], [ -159.50246, 22.20109 ] ] ] } },
{ "type": "Feature", "properties": { "BMP": 0.74238, "EMP": 0.7366, "PREFIX": "SR", "ROUTE": "2000", "ISLAND": "Hawaii", "DIRECTION": "-MP", "TYPE": "Sidewalk", "MATERIAL": "Concrete", "LENGTH": 30.0, "NHS": "NO", "Shape_Leng": 9.3098421299199998 }, "geometry": { "type": "MultiLineString", "coordinates": [ [ [ -155.06845, 19.6948 ], [ -155.06836, 19.69478 ] ] ] } },
{ "type": "Feature", "properties": { "BMP": 0.50113, "EMP": 0.46542, "PREFIX": "SR", "ROUTE": "2000", "ISLAND": "Hawaii", "DIRECTION": "-MP", "TYPE": "Shared-use path", "MATERIAL": "Asphalt", "LENGTH": 190.0, "NHS": "NO", "Shape_Leng": 58.131243138400002 }, "geometry": { "type": "MultiLineString", "coordinates": [ [ [ -155.06476, 19.69507 ], [ -155.06421, 19.6951 ] ] ] } },
{ "type": "Feature", "properties": { "BMP": 0.74542, "EMP": 0.7576, "PREFIX": "SR", "ROUTE": "5600", "ISLAND": "Kauai", "DIRECTION": "+MP", "TYPE": "Sidewalk", "MATERIAL": "Concrete", "LENGTH": 68.0, "NHS": "NO", "Shape_Leng": 20.593909937300001 }, "geometry": { "type": "MultiLineString", "coordinates": [ [ [ -159.32234, 22.07745 ], [ -159.32253, 22.07742 ] ] ] } },
{ "type": "Feature", "properties": { "BMP": 2.7416, "EMP": 2.65126, "PREFIX": "SR", "ROUTE": "560", "ISLAND": "Kauai", "DIRECTION": "-MP", "TYPE": "Sidewalk", "MATERIAL": "Concrete", "LENGTH": 482.0, "NHS": "NO", "Shape_Leng": 147.05458506599999 }, "geometry": { "type": "MultiLineString", "coordinates": [ [ [ -159.49703, 22.20266 ], [ -159.49567, 22.20301 ] ] ] } },
{ "type": "Feature", "properties": { "BMP": 2.64338, "EMP": 2.60315, "PREFIX": "SR", "ROUTE": "560", "ISLAND": "Kauai", "DIRECTION": "-MP", "TYPE": "Sidewalk", "MATERIAL": "Concrete", "LENGTH": 219.0, "NHS": "NO", "Shape_Leng": 66.643955045599995 }, "geometry": { "type": "MultiLineString", "coordinates": [ [ [ -159.49555, 22.20303 ], [ -159.49495, 22.20322 ] ] ] } },
{ "type": "Feature", "properties": { "BMP": 2.65297, "EMP": 2.74514, "PREFIX": "SR", "ROUTE": "560", "ISLAND": "Kauai", "DIRECTION": "+MP", "TYPE": "Sidewalk", "MATERIAL": "Concrete", "LENGTH": 489.0, "NHS": "NO", "Shape_Leng": 149.06452357399999 }, "geometry": { "type": "MultiLineString", "coordinates": [ [ [ -159.49569, 22.20318 ], [ -159.49707, 22.20281 ] ] ] } },
{ "type": "Feature", "properties": { "BMP": 2.7506, "EMP": 2.76765, "PREFIX": "SR", "ROUTE": "560", "ISLAND": "Kauai", "DIRECTION": "+MP", "TYPE": "Sidewalk", "MATERIAL": "Concrete", "LENGTH": 90.0, "NHS": "NO", "Shape_Leng": 27.395279615300002 }, "geometry": { "type": "MultiLineString", "coordinates": [ [ [ -159.49715, 22.20278 ], [ -159.49741, 22.20272 ] ] ] } },
{ "type": "Feature", "properties": { "BMP": 0.76305, "EMP": 0.75128, "PREFIX": "SR", "ROUTE": "5600", "ISLAND": "Kauai", "DIRECTION": "-MP", "TYPE": "Sidewalk", "MATERIAL": "Concrete", "LENGTH": 97.0, "NHS": "NO", "Shape_Leng": 29.562983780300002 }, "geometry": { "type": "MultiLineString", "coordinates": [ [ [ -159.32214, 22.07719 ], [ -159.3223, 22.07741 ] ] ] } },
{ "type": "Feature", "properties": { "BMP": 16.32145, "EMP": 16.3035, "PREFIX": "SR", "ROUTE": "360", "ISLAND": "Maui", "DIRECTION": "-MP", "TYPE": "Shared-use path", "MATERIAL": "Asphalt", "LENGTH": 118.0, "NHS": "NO", "Shape_Leng": 36.050257915700001 }, "geometry": { "type": "MultiLineString", "coordinates": [ [ [ -156.14871, 20.85919 ], [ -156.14905, 20.85924 ] ] ] } },
{ "type": "Feature", "properties": { "BMP": 0.66663, "EMP": 0.60932, "PREFIX": "SR", "ROUTE": "32", "ISLAND": "Maui", "DIRECTION": "-MP", "TYPE": "Sidewalk", "MATERIAL": "Concrete", "LENGTH": 307.0, "NHS": "YES", "Shape_Leng": 93.048432742399996 }, "geometry": { "type": "MultiLineString", "coordinates": [ [ [ -156.49503, 20.88894 ], [ -156.49592, 20.88898 ] ] ] } },
{ "type": "Feature", "properties": { "BMP": 0.33518, "EMP": 0.2753, "PREFIX": "SR", "ROUTE": "32", "ISLAND": "Maui", "DIRECTION": "-MP", "TYPE": "Sidewalk", "MATERIAL": "Concrete", "LENGTH": 320.0, "NHS": "YES", "Shape_Leng": 97.509673471699998 }, "geometry": { "type": "MultiLineString", "coordinates": [ [ [ -156.50009, 20.88826 ], [ -156.50097, 20.888 ] ] ] } },
{ "type": "Feature", "properties": { "BMP": 0.2312, "EMP": 0.14693, "PREFIX": "SR", "ROUTE": "32", "ISLAND": "Maui", "DIRECTION": "-MP", "TYPE": "Sidewalk", "MATERIAL": "Concrete", "LENGTH": 444.0, "NHS": "YES", "Shape_Leng": 135.244769792 }, "geometry": { "type": "MultiLineString", "coordinates": [ [ [ -156.50163, 20.88785 ], [ -156.50288, 20.88751 ] ] ] } },
{ "type": "Feature", "properties": { "BMP": 0.27071, "EMP": 0.24358, "PREFIX": "SR", "ROUTE": "32", "ISLAND": "Maui", "DIRECTION": "-MP", "TYPE": "Sidewalk", "MATERIAL": "Concrete", "LENGTH": 143.0, "NHS": "YES", "Shape_Leng": 43.537060934899998 }, "geometry": { "type": "MultiLineString", "coordinates": [ [ [ -156.50104, 20.88798 ], [ -156.50144, 20.88788 ] ] ] } },
{ "type": "Feature", "properties": { "BMP": 0.0239, "EMP": 0.00636, "PREFIX": "SR", "ROUTE": "442", "ISLAND": "Lanai", "DIRECTION": "-MP", "TYPE": "Sidewalk", "MATERIAL": "Concrete", "LENGTH": 93.0, "NHS": "NO", "Shape_Leng": 28.4786909151 }, "geometry": { "type": "MultiLineString", "coordinates": [ [ [ -156.9182, 20.8179 ], [ -156.91841, 20.81773 ] ] ] } },
{ "type": "Feature", "properties": { "BMP": 0.13824, "EMP": 0.0239, "PREFIX": "SR", "ROUTE": "32", "ISLAND": "Maui", "DIRECTION": "-MP", "TYPE": "Sidewalk", "MATERIAL": "Concrete", "LENGTH": 609.0, "NHS": "YES", "Shape_Leng": 185.375642927 }, "geometry": { "type": "MultiLineString", "coordinates": [ [ [ -156.50301, 20.88748 ], [ -156.50473, 20.88706 ] ] ] } },
{ "type": "Feature", "properties": { "BMP": 2.84473, "EMP": 2.74722, "PREFIX": "SR", "ROUTE": "32", "ISLAND": "Maui", "DIRECTION": "-MP", "TYPE": "Sidewalk", "MATERIAL": "Concrete", "LENGTH": 514.0, "NHS": "YES", "Shape_Leng": 156.71384523200001 }, "geometry": { "type": "MultiLineString", "coordinates": [ [ [ -156.46238, 20.89347 ], [ -156.46375, 20.89291 ] ] ] } },
{ "type": "Feature", "properties": { "BMP": 2.7393, "EMP": 2.72485, "PREFIX": "SR", "ROUTE": "32", "ISLAND": "Maui", "DIRECTION": "-MP", "TYPE": "Sidewalk", "MATERIAL": "Concrete", "LENGTH": 77.0, "NHS": "YES", "Shape_Leng": 23.409515371600001 }, "geometry": { "type": "MultiLineString", "coordinates": [ [ [ -156.46387, 20.89287 ], [ -156.46408, 20.89279 ] ] ] } },
{ "type": "Feature", "properties": { "BMP": 2.68154, "EMP": 2.60476, "PREFIX": "SR", "ROUTE": "32", "ISLAND": "Maui", "DIRECTION": "-MP", "TYPE": "Sidewalk", "MATERIAL": "Concrete", "LENGTH": 406.0, "NHS": "YES", "Shape_Leng": 123.82497181700001 }, "geometry": { "type": "MultiLineString", "coordinates": [ [ [ -156.46463, 20.89252 ], [ -156.46573, 20.8921 ] ] ] } },
{ "type": "Feature", "properties": { "BMP": 2.59369, "EMP": 2.59013, "PREFIX": "SR", "ROUTE": "32", "ISLAND": "Maui", "DIRECTION": "-MP", "TYPE": "Sidewalk", "MATERIAL": "Concrete", "LENGTH": 23.0, "NHS": "YES", "Shape_Leng": 6.9045615311399997 }, "geometry": { "type": "MultiLineString", "coordinates": [ [ [ -156.46589, 20.89205 ], [ -156.46592, 20.89199 ] ] ] } },
{ "type": "Feature", "properties": { "BMP": 2.49774, "EMP": 2.49136, "PREFIX": "SR", "ROUTE": "32", "ISLAND": "Maui", "DIRECTION": "-MP", "TYPE": "Sidewalk", "MATERIAL": "Concrete", "LENGTH": 35.0, "NHS": "YES", "Shape_Leng": 10.5778891791 }, "geometry": { "type": "MultiLineString", "coordinates": [ [ [ -156.46724, 20.89146 ], [ -156.46733, 20.89144 ] ] ] } },
{ "type": "Feature", "properties": { "BMP": 2.48013, "EMP": 2.43317, "PREFIX": "SR", "ROUTE": "32", "ISLAND": "Maui", "DIRECTION": "-MP", "TYPE": "Sidewalk", "MATERIAL": "Concrete", "LENGTH": 256.0, "NHS": "YES", "Shape_Leng": 77.95385178 }, "geometry": { "type": "MultiLineString", "coordinates": [ [ [ -156.46751, 20.89141 ], [ -156.46816, 20.89111 ] ] ] } },
{ "type": "Feature", "properties": { "BMP": 2.43298, "EMP": 2.39209, "PREFIX": "SR", "ROUTE": "32", "ISLAND": "Maui", "DIRECTION": "-MP", "TYPE": "Shared-use path", "MATERIAL": "Asphalt", "LENGTH": 216.0, "NHS": "YES", "Shape_Leng": 66.042858350900005 }, "geometry": { "type": "MultiLineString", "coordinates": [ [ [ -156.46817, 20.89112 ], [ -156.46875, 20.8909 ] ] ] } },
{ "type": "Feature", "properties": { "BMP": 2.19931, "EMP": 2.15001, "PREFIX": "SR", "ROUTE": "32", "ISLAND": "Maui", "DIRECTION": "-MP", "TYPE": "Shared-use path", "MATERIAL": "Asphalt", "LENGTH": 261.0, "NHS": "YES", "Shape_Leng": 79.540608934999995 }, "geometry": { "type": "MultiLineString", "coordinates": [ [ [ -156.47155, 20.88995 ], [ -156.47227, 20.8897 ] ] ] } },
{ "type": "Feature", "properties": { "BMP": 2.10067, "EMP": 2.09781, "PREFIX": "SR", "ROUTE": "32", "ISLAND": "Maui", "DIRECTION": "-MP", "TYPE": "Sidewalk", "MATERIAL": "Concrete", "LENGTH": 15.0, "NHS": "YES", "Shape_Leng": 4.6279369282499996 }, "geometry": { "type": "MultiLineString", "coordinates": [ [ [ -156.47297, 20.88942 ], [ -156.47301, 20.8894 ] ] ] } },
{ "type": "Feature", "properties": { "BMP": 2.13335, "EMP": 2.1105, "PREFIX": "SR", "ROUTE": "32", "ISLAND": "Maui", "DIRECTION": "-MP", "TYPE": "Sidewalk", "MATERIAL": "Concrete", "LENGTH": 125.0, "NHS": "YES", "Shape_Leng": 38.0005834257 }, "geometry": { "type": "MultiLineString", "coordinates": [ [ [ -156.4725, 20.8896 ], [ -156.47283, 20.88947 ] ] ] } },
{ "type": "Feature", "properties": { "BMP": 1.71978, "EMP": 1.4358, "PREFIX": "SR", "ROUTE": "32", "ISLAND": "Maui", "DIRECTION": "-MP", "TYPE": "Sidewalk", "MATERIAL": "Concrete", "LENGTH": 1510.0, "NHS": "YES", "Shape_Leng": 460.67463694499997 }, "geometry": { "type": "MultiLineString", "coordinates": [ [ [ -156.47875, 20.88901 ], [ -156.48315, 20.88902 ] ] ] } },
{ "type": "Feature", "properties": { "BMP": 1.91267, "EMP": 1.73643, "PREFIX": "SR", "ROUTE": "32", "ISLAND": "Maui", "DIRECTION": "-MP", "TYPE": "Sidewalk", "MATERIAL": "Concrete", "LENGTH": 932.0, "NHS": "YES", "Shape_Leng": 284.30309601599998 }, "geometry": { "type": "MultiLineString", "coordinates": [ [ [ -156.47577, 20.88894 ], [ -156.4785, 20.88898 ] ] ] } },
{ "type": "Feature", "properties": { "BMP": 1.41968, "EMP": 1.20383, "PREFIX": "SR", "ROUTE": "32", "ISLAND": "Maui", "DIRECTION": "-MP", "TYPE": "Sidewalk", "MATERIAL": "Concrete", "LENGTH": 1145.0, "NHS": "YES", "Shape_Leng": 349.27458192400002 }, "geometry": { "type": "MultiLineString", "coordinates": [ [ [ -156.4834, 20.889 ], [ -156.48673, 20.88901 ] ] ] } },
{ "type": "Feature", "properties": { "BMP": 1.18637, "EMP": 0.92453, "PREFIX": "SR", "ROUTE": "32", "ISLAND": "Maui", "DIRECTION": "-MP", "TYPE": "Sidewalk", "MATERIAL": "Concrete", "LENGTH": 1392.0, "NHS": "YES", "Shape_Leng": 424.253391061 }, "geometry": { "type": "MultiLineString", "coordinates": [ [ [ -156.48701, 20.88903 ], [ -156.49105, 20.88901 ] ] ] } },
{ "type": "Feature", "properties": { "BMP": 0.9025, "EMP": 0.76595, "PREFIX": "SR", "ROUTE": "32", "ISLAND": "Maui", "DIRECTION": "-MP", "TYPE": "Sidewalk", "MATERIAL": "Concrete", "LENGTH": 727.0, "NHS": "YES", "Shape_Leng": 221.3943109 }, "geometry": { "type": "MultiLineString", "coordinates": [ [ [ -156.49139, 20.88901 ], [ -156.4935, 20.88899 ] ] ] } },
{ "type": "Feature", "properties": { "BMP": 0.91076, "EMP": 0.90588, "PREFIX": "SR", "ROUTE": "32", "ISLAND": "Maui", "DIRECTION": "-MP", "TYPE": "Sidewalk", "MATERIAL": "Concrete", "LENGTH": 35.0, "NHS": "YES", "Shape_Leng": 10.6605347313 }, "geometry": { "type": "MultiLineString", "coordinates": [ [ [ -156.49126, 20.88896 ], [ -156.49134, 20.88894 ] ] ] } },
{ "type": "Feature", "properties": { "BMP": 0.75237, "EMP": 0.69288, "PREFIX": "SR", "ROUTE": "32", "ISLAND": "Maui", "DIRECTION": "-MP", "TYPE": "Sidewalk", "MATERIAL": "Concrete", "LENGTH": 316.0, "NHS": "YES", "Shape_Leng": 96.208006886199996 }, "geometry": { "type": "MultiLineString", "coordinates": [ [ [ -156.49371, 20.889 ], [ -156.49463, 20.88898 ] ] ] } },
{ "type": "Feature", "properties": { "BMP": 0.687, "EMP": 0.68119, "PREFIX": "SR", "ROUTE": "32", "ISLAND": "Maui", "DIRECTION": "-MP", "TYPE": "Sidewalk", "MATERIAL": "Concrete", "LENGTH": 31.0, "NHS": "YES", "Shape_Leng": 9.3987296095899993 }, "geometry": { "type": "MultiLineString", "coordinates": [ [ [ -156.49472, 20.88896 ], [ -156.49481, 20.88895 ] ] ] } },
{ "type": "Feature", "properties": { "BMP": 0.00201, "EMP": 0.03618, "PREFIX": "SR", "ROUTE": "32B", "ISLAND": "Maui", "DIRECTION": "+MP", "TYPE": "Sidewalk", "MATERIAL": "Concrete", "LENGTH": 185.0, "NHS": "YES", "Shape_Leng": 56.33296508 }, "geometry": { "type": "MultiLineString", "coordinates": [ [ [ -156.46573, 20.8921 ], [ -156.46595, 20.89256 ] ] ] } },
{ "type": "Feature", "properties": { "BMP": 0.04995, "EMP": 0.0, "PREFIX": "SR", "ROUTE": "32B", "ISLAND": "Maui", "DIRECTION": "-MP", "TYPE": "Sidewalk", "MATERIAL": "Concrete", "LENGTH": 273.0, "NHS": "YES", "Shape_Leng": 83.325050860999994 }, "geometry": { "type": "MultiLineString", "coordinates": [ [ [ -156.46617, 20.89269 ], [ -156.46592, 20.892 ] ] ] } },
{ "type": "Feature", "properties": { "BMP": 2.73195, "EMP": 2.7384, "PREFIX": "SR", "ROUTE": "32", "ISLAND": "Maui", "DIRECTION": "+MP", "TYPE": "Sidewalk", "MATERIAL": "Asphalt", "LENGTH": 36.0, "NHS": "YES", "Shape_Leng": 10.910185089800001 }, "geometry": { "type": "MultiLineString", "coordinates": [ [ [ -156.46376, 20.89262 ], [ -156.46369, 20.89269 ] ] ] } },
{ "type": "Feature", "properties": { "BMP": 2.74968, "EMP": 2.76411, "PREFIX": "SR", "ROUTE": "32", "ISLAND": "Maui", "DIRECTION": "+MP", "TYPE": "Sidewalk", "MATERIAL": "Asphalt", "LENGTH": 76.0, "NHS": "YES", "Shape_Leng": 23.135468210300001 }, "geometry": { "type": "MultiLineString", "coordinates": [ [ [ -156.46353, 20.89276 ], [ -156.46333, 20.89284 ] ] ] } },
{ "type": "Feature", "properties": { "BMP": 2.76733, "EMP": 2.81063, "PREFIX": "SR", "ROUTE": "32", "ISLAND": "Maui", "DIRECTION": "+MP", "TYPE": "Sidewalk", "MATERIAL": "Concrete", "LENGTH": 233.0, "NHS": "YES", "Shape_Leng": 71.0281175848 }, "geometry": { "type": "MultiLineString", "coordinates": [ [ [ -156.46326, 20.89282 ], [ -156.46266, 20.89309 ] ] ] } },
{ "type": "Feature", "properties": { "BMP": 2.8186, "EMP": 2.84157, "PREFIX": "SR", "ROUTE": "32", "ISLAND": "Maui", "DIRECTION": "+MP", "TYPE": "Sidewalk", "MATERIAL": "Concrete", "LENGTH": 126.0, "NHS": "YES", "Shape_Leng": 38.516969612899999 }, "geometry": { "type": "MultiLineString", "coordinates": [ [ [ -156.46255, 20.89314 ], [ -156.46221, 20.89325 ] ] ] } },
{ "type": "Feature", "properties": { "BMP": 22.45627, "EMP": 22.58421, "PREFIX": "SR", "ROUTE": "50", "ISLAND": "Kauai", "DIRECTION": "+MP", "TYPE": "Sidewalk", "MATERIAL": "Concrete", "LENGTH": 679.0, "NHS": "YES", "Shape_Leng": 206.84020662699999 }, "geometry": { "type": "MultiLineString", "coordinates": [ [ [ -159.6636, 21.95298 ], [ -159.66533, 21.95389 ] ] ] } },
{ "type": "Feature", "properties": { "BMP": 22.59494, "EMP": 22.67754, "PREFIX": "SR", "ROUTE": "50", "ISLAND": "Kauai", "DIRECTION": "+MP", "TYPE": "Sidewalk", "MATERIAL": "Concrete", "LENGTH": 436.0, "NHS": "YES", "Shape_Leng": 132.848799343 }, "geometry": { "type": "MultiLineString", "coordinates": [ [ [ -159.66549, 21.95394 ], [ -159.66662, 21.95452 ] ] ] } },
{ "type": "Feature", "properties": { "BMP": 22.68952, "EMP": 22.74273, "PREFIX": "SR", "ROUTE": "50", "ISLAND": "Kauai", "DIRECTION": "+MP", "TYPE": "Sidewalk", "MATERIAL": "Concrete", "LENGTH": 281.0, "NHS": "YES", "Shape_Leng": 85.614424702199997 }, "geometry": { "type": "MultiLineString", "coordinates": [ [ [ -159.66678, 21.95461 ], [ -159.66751, 21.95498 ] ] ] } },
{ "type": "Feature", "properties": { "BMP": 22.78865, "EMP": 22.87592, "PREFIX": "SR", "ROUTE": "50", "ISLAND": "Kauai", "DIRECTION": "+MP", "TYPE": "Sidewalk", "MATERIAL": "Concrete", "LENGTH": 460.0, "NHS": "YES", "Shape_Leng": 140.3105451 }, "geometry": { "type": "MultiLineString", "coordinates": [ [ [ -159.66814, 21.95529 ], [ -159.66933, 21.95591 ] ] ] } },
{ "type": "Feature", "properties": { "BMP": 22.74287, "EMP": 22.77372, "PREFIX": "SR", "ROUTE": "50", "ISLAND": "Kauai", "DIRECTION": "+MP", "TYPE": "Shared-use path", "MATERIAL": "Asphalt", "LENGTH": 163.0, "NHS": "YES", "Shape_Leng": 49.5765560042 }, "geometry": { "type": "MultiLineString", "coordinates": [ [ [ -159.66752, 21.95496 ], [ -159.66794, 21.95517 ] ] ] } },
{ "type": "Feature", "properties": { "BMP": 22.77451, "EMP": 22.77556, "PREFIX": "SR", "ROUTE": "50", "ISLAND": "Kauai", "DIRECTION": "+MP", "TYPE": "Sidewalk", "MATERIAL": "Concrete", "LENGTH": 8.0, "NHS": "YES", "Shape_Leng": 2.5135689400799999 }, "geometry": { "type": "MultiLineString", "coordinates": [ [ [ -159.66795, 21.95518 ], [ -159.66796, 21.9552 ] ] ] } },
{ "type": "Feature", "properties": { "BMP": 22.89248, "EMP": 23.00744, "PREFIX": "SR", "ROUTE": "50", "ISLAND": "Kauai", "DIRECTION": "+MP", "TYPE": "Sidewalk", "MATERIAL": "Concrete", "LENGTH": 603.0, "NHS": "YES", "Shape_Leng": 183.909189185 }, "geometry": { "type": "MultiLineString", "coordinates": [ [ [ -159.66955, 21.95602 ], [ -159.67106, 21.9569 ] ] ] } },
{ "type": "Feature", "properties": { "BMP": 23.01482, "EMP": 23.0714, "PREFIX": "SR", "ROUTE": "50", "ISLAND": "Kauai", "DIRECTION": "+MP", "TYPE": "Sidewalk", "MATERIAL": "Concrete", "LENGTH": 299.0, "NHS": "YES", "Shape_Leng": 91.177241186499998 }, "geometry": { "type": "MultiLineString", "coordinates": [ [ [ -159.67116, 21.95696 ], [ -159.67187, 21.95744 ] ] ] } },
{ "type": "Feature", "properties": { "BMP": 23.08122, "EMP": 23.08869, "PREFIX": "SR", "ROUTE": "50", "ISLAND": "Kauai", "DIRECTION": "+MP", "TYPE": "Sidewalk", "MATERIAL": "Asphalt", "LENGTH": 39.0, "NHS": "YES", "Shape_Leng": 11.8579248979 }, "geometry": { "type": "MultiLineString", "coordinates": [ [ [ -159.67199, 21.95753 ], [ -159.67209, 21.95759 ] ] ] } },
{ "type": "Feature", "properties": { "BMP": 23.08907, "EMP": 23.12502, "PREFIX": "SR", "ROUTE": "50", "ISLAND": "Kauai", "DIRECTION": "+MP", "TYPE": "Sidewalk", "MATERIAL": "Concrete", "LENGTH": 190.0, "NHS": "YES", "Shape_Leng": 57.818581800099999 }, "geometry": { "type": "MultiLineString", "coordinates": [ [ [ -159.67209, 21.95759 ], [ -159.67254, 21.9579 ] ] ] } },
{ "type": "Feature", "properties": { "BMP": 23.13509, "EMP": 23.19646, "PREFIX": "SR", "ROUTE": "50", "ISLAND": "Kauai", "DIRECTION": "+MP", "TYPE": "Sidewalk", "MATERIAL": "Concrete", "LENGTH": 330.0, "NHS": "YES", "Shape_Leng": 100.727060967 }, "geometry": { "type": "MultiLineString", "coordinates": [ [ [ -159.67267, 21.95798 ], [ -159.67343, 21.95854 ] ] ] } },
{ "type": "Feature", "properties": { "BMP": 6.02419, "EMP": 5.95797, "PREFIX": "SR", "ROUTE": "440", "ISLAND": "Lanai", "DIRECTION": "-MP", "TYPE": "Sidewalk", "MATERIAL": "Concrete", "LENGTH": 352.0, "NHS": "NO", "Shape_Leng": 107.45234931900001 }, "geometry": { "type": "MultiLineString", "coordinates": [ [ [ -156.91801, 20.81665 ], [ -156.91834, 20.81757 ] ] ] } },
{ "type": "Feature", "properties": { "BMP": 0.00064, "EMP": 0.03762, "PREFIX": "SR", "ROUTE": "480", "ISLAND": "Molokai", "DIRECTION": "+MP", "TYPE": "Sidewalk", "MATERIAL": "Concrete", "LENGTH": 198.0, "NHS": "NO", "Shape_Leng": 60.255890340400001 }, "geometry": { "type": "MultiLineString", "coordinates": [ [ [ -157.03638, 21.15211 ], [ -157.0367, 21.15255 ] ] ] } },
{ "type": "Feature", "properties": { "BMP": 0.04723, "EMP": 0.07645, "PREFIX": "SR", "ROUTE": "480", "ISLAND": "Molokai", "DIRECTION": "+MP", "TYPE": "Sidewalk", "MATERIAL": "Concrete", "LENGTH": 154.0, "NHS": "NO", "Shape_Leng": 46.950014299099998 }, "geometry": { "type": "MultiLineString", "coordinates": [ [ [ -157.03678, 21.15267 ], [ -157.03702, 21.15303 ] ] ] } },
{ "type": "Feature", "properties": { "BMP": 0.99618, "EMP": 1.15821, "PREFIX": "SR", "ROUTE": "480", "ISLAND": "Molokai", "DIRECTION": "+MP", "TYPE": "Sidewalk", "MATERIAL": "Concrete", "LENGTH": 857.0, "NHS": "NO", "Shape_Leng": 261.20431902500002 }, "geometry": { "type": "MultiLineString", "coordinates": [ [ [ -157.04712, 21.16202 ], [ -157.04946, 21.16288 ] ] ] } },
{ "type": "Feature", "properties": { "BMP": 0.56105, "EMP": 0.54557, "PREFIX": "SR", "ROUTE": "3500", "ISLAND": "Maui", "DIRECTION": "-MP", "TYPE": "Sidewalk", "MATERIAL": "Asphalt", "LENGTH": 82.0, "NHS": "YES", "Shape_Leng": 24.8945240591 }, "geometry": { "type": "MultiLineString", "coordinates": [ [ [ -156.4637, 20.88369 ], [ -156.46379, 20.88389 ] ] ] } },
{ "type": "Feature", "properties": { "BMP": 0.53686, "EMP": 0.48541, "PREFIX": "SR", "ROUTE": "3500", "ISLAND": "Maui", "DIRECTION": "-MP", "TYPE": "Sidewalk", "MATERIAL": "Asphalt", "LENGTH": 273.0, "NHS": "YES", "Shape_Leng": 83.154291197500001 }, "geometry": { "type": "MultiLineString", "coordinates": [ [ [ -156.46384, 20.88401 ], [ -156.46414, 20.88471 ] ] ] } },
{ "type": "Feature", "properties": { "BMP": 0.53435, "EMP": 0.54912, "PREFIX": "SR", "ROUTE": "3000", "ISLAND": "Maui", "DIRECTION": "+MP", "TYPE": "Shared-use path", "MATERIAL": "Asphalt", "LENGTH": 4933.0, "NHS": "NO", "Shape_Leng": 1504.1298615799999 }, "geometry": { "type": "MultiLineString", "coordinates": [ [ [ -156.63859, 20.83167 ], [ -156.64807, 20.84134 ] ] ] } },
{ "type": "Feature", "properties": { "BMP": 6.09637, "EMP": 5.97704, "PREFIX": "SR", "ROUTE": "36", "ISLAND": "Maui", "DIRECTION": "-MP", "TYPE": "Shared-use path", "MATERIAL": "Asphalt", "LENGTH": 636.0, "NHS": "YES", "Shape_Leng": 193.944946485 }, "geometry": { "type": "MultiLineString", "coordinates": [ [ [ -156.38966, 20.91279 ], [ -156.39131, 20.91202 ] ] ] } },
{ "type": "Feature", "properties": { "BMP": 5.86024, "EMP": 5.27991, "PREFIX": "SR", "ROUTE": "36", "ISLAND": "Maui", "DIRECTION": "-MP", "TYPE": "Shared-use path", "MATERIAL": "Asphalt", "LENGTH": 3074.0, "NHS": "YES", "Shape_Leng": 937.914716247 }, "geometry": { "type": "MultiLineString", "coordinates": [ [ [ -156.39297, 20.91135 ], [ -156.4014, 20.90845 ] ] ] } },
{ "type": "Feature", "properties": { "BMP": 1.76888, "EMP": 1.76153, "PREFIX": "SR", "ROUTE": "470", "ISLAND": "Molokai", "DIRECTION": "-MP", "TYPE": "Sidewalk", "MATERIAL": "Concrete", "LENGTH": 42.0, "NHS": "NO", "Shape_Leng": 12.7724479299 }, "geometry": { "type": "MultiLineString", "coordinates": [ [ [ -157.03627, 21.15214 ], [ -157.03639, 21.15212 ] ] ] } },
{ "type": "Feature", "properties": { "BMP": 1.34692, "EMP": 1.35535, "PREFIX": "SR", "ROUTE": "240", "ISLAND": "Hawaii", "DIRECTION": "+MP", "TYPE": "Sidewalk", "MATERIAL": "Concrete", "LENGTH": 45.0, "NHS": "NO", "Shape_Leng": 13.629852034800001 }, "geometry": { "type": "MultiLineString", "coordinates": [ [ [ -155.46746, 20.07899 ], [ -155.46758, 20.07904 ] ] ] } },
{ "type": "Feature", "properties": { "BMP": 1.36253, "EMP": 1.37156, "PREFIX": "SR", "ROUTE": "240", "ISLAND": "Hawaii", "DIRECTION": "+MP", "TYPE": "Sidewalk", "MATERIAL": "Concrete", "LENGTH": 49.0, "NHS": "NO", "Shape_Leng": 14.877393660699999 }, "geometry": { "type": "MultiLineString", "coordinates": [ [ [ -155.46768, 20.07909 ], [ -155.46781, 20.07914 ] ] ] } },
{ "type": "Feature", "properties": { "BMP": 5.25382, "EMP": 4.84414, "PREFIX": "SR", "ROUTE": "311", "ISLAND": "Maui", "DIRECTION": "-MP", "TYPE": "Shared-use path", "MATERIAL": "Asphalt", "LENGTH": 2161.0, "NHS": "YES", "Shape_Leng": 659.24037566699997 }, "geometry": { "type": "MultiLineString", "coordinates": [ [ [ -156.46622, 20.80197 ], [ -156.46757, 20.80778 ] ] ] } },
{ "type": "Feature", "properties": { "BMP": 4.83814, "EMP": 4.40046, "PREFIX": "SR", "ROUTE": "311", "ISLAND": "Maui", "DIRECTION": "-MP", "TYPE": "Shared-use path", "MATERIAL": "Asphalt", "LENGTH": 2296.0, "NHS": "YES", "Shape_Leng": 700.39749624299998 }, "geometry": { "type": "MultiLineString", "coordinates": [ [ [ -156.4676, 20.80787 ], [ -156.46779, 20.81414 ] ] ] } },
{ "type": "Feature", "properties": { "BMP": 4.38452, "EMP": 3.40237, "PREFIX": "SR", "ROUTE": "311", "ISLAND": "Maui", "DIRECTION": "-MP", "TYPE": "Shared-use path", "MATERIAL": "Asphalt", "LENGTH": 5186.0, "NHS": "YES", "Shape_Leng": 1581.80246397 }, "geometry": { "type": "MultiLineString", "coordinates": [ [ [ -156.46776, 20.81437 ], [ -156.4661, 20.82855 ] ] ] } },
{ "type": "Feature", "properties": { "BMP": 1.19857, "EMP": 1.41332, "PREFIX": "SR", "ROUTE": "32", "ISLAND": "Maui", "DIRECTION": "+MP", "TYPE": "Sidewalk", "MATERIAL": "Concrete", "LENGTH": 1147.0, "NHS": "YES", "Shape_Leng": 349.75400637799999 }, "geometry": { "type": "MultiLineString", "coordinates": [ [ [ -156.48672, 20.88861 ], [ -156.48339, 20.88857 ] ] ] } },
{ "type": "Feature", "properties": { "BMP": 1.42911, "EMP": 1.71181, "PREFIX": "SR", "ROUTE": "32", "ISLAND": "Maui", "DIRECTION": "+MP", "TYPE": "Sidewalk", "MATERIAL": "Concrete", "LENGTH": 1500.0, "NHS": "YES", "Shape_Leng": 457.54714396899999 }, "geometry": { "type": "MultiLineString", "coordinates": [ [ [ -156.48315, 20.88862 ], [ -156.47878, 20.8886 ] ] ] } },
{ "type": "Feature", "properties": { "BMP": 1.74537, "EMP": 1.89167, "PREFIX": "SR", "ROUTE": "32", "ISLAND": "Maui", "DIRECTION": "+MP", "TYPE": "Sidewalk", "MATERIAL": "Concrete", "LENGTH": 782.0, "NHS": "YES", "Shape_Leng": 238.36630904699999 }, "geometry": { "type": "MultiLineString", "coordinates": [ [ [ -156.47826, 20.88864 ], [ -156.476, 20.88857 ] ] ] } },
{ "type": "Feature", "properties": { "BMP": 2.29659, "EMP": 2.37699, "PREFIX": "SR", "ROUTE": "32", "ISLAND": "Maui", "DIRECTION": "+MP", "TYPE": "Sidewalk", "MATERIAL": "Concrete", "LENGTH": 456.0, "NHS": "YES", "Shape_Leng": 139.17274409699999 }, "geometry": { "type": "MultiLineString", "coordinates": [ [ [ -156.46991, 20.89003 ], [ -156.46877, 20.89048 ] ] ] } },
{ "type": "Feature", "properties": { "BMP": 0.06376, "EMP": 0.0574, "PREFIX": "SR", "ROUTE": "32B", "ISLAND": "Maui", "DIRECTION": "-MP", "TYPE": "Sidewalk", "MATERIAL": "Concrete", "LENGTH": 32.0, "NHS": "YES", "Shape_Leng": 9.8753532282300007 }, "geometry": { "type": "MultiLineString", "coordinates": [ [ [ -156.46626, 20.89286 ], [ -156.46622, 20.89278 ] ] ] } },
{ "type": "Feature", "properties": { "BMP": 1.14625, "EMP": 1.23658, "PREFIX": "SR", "ROUTE": "3800", "ISLAND": "Maui", "DIRECTION": "+MP", "TYPE": "Sidewalk", "MATERIAL": "Concrete", "LENGTH": 499.0, "NHS": "YES", "Shape_Leng": 152.099721515 }, "geometry": { "type": "MultiLineString", "coordinates": [ [ [ -156.45604, 20.87918 ], [ -156.45737, 20.87875 ] ] ] } },
{ "type": "Feature", "properties": { "BMP": 0.45454, "EMP": 0.45237, "PREFIX": "SR", "ROUTE": "3400", "ISLAND": "Maui", "DIRECTION": "-MP", "TYPE": "Sidewalk", "MATERIAL": "Concrete", "LENGTH": 12.0, "NHS": "NO", "Shape_Leng": 3.5172937811299998 }, "geometry": { "type": "MultiLineString", "coordinates": [ [ [ -156.478, 20.89386 ], [ -156.47798, 20.89384 ] ] ] } },
{ "type": "Feature", "properties": { "BMP": 24.05632, "EMP": 24.05608, "PREFIX": "SR", "ROUTE": "30", "ISLAND": "Maui", "DIRECTION": "-MP", "TYPE": "Sidewalk", "MATERIAL": "Concrete", "LENGTH": 4.0, "NHS": "YES", "Shape_Leng": 1.1472363533800001 }, "geometry": { "type": "MultiLineString", "coordinates": [ [ [ -156.69024, 20.91741 ], [ -156.69025, 20.91741 ] ] ] } },
{ "type": "Feature", "properties": { "BMP": 24.05655, "EMP": 24.05573, "PREFIX": "SR", "ROUTE": "30", "ISLAND": "Maui", "DIRECTION": "-MP", "TYPE": "Sidewalk", "MATERIAL": "Concrete", "LENGTH": 5.0, "NHS": "YES", "Shape_Leng": 1.5077707547899999 }, "geometry": { "type": "MultiLineString", "coordinates": [ [ [ -156.69026, 20.91741 ], [ -156.69026, 20.9174 ] ] ] } },
{ "type": "Feature", "properties": { "BMP": 24.04534, "EMP": 24.04424, "PREFIX": "SR", "ROUTE": "30", "ISLAND": "Maui", "DIRECTION": "-MP", "TYPE": "Sidewalk", "MATERIAL": "Concrete", "LENGTH": 6.0, "NHS": "YES", "Shape_Leng": 1.8126362355300001 }, "geometry": { "type": "MultiLineString", "coordinates": [ [ [ -156.69025, 20.91725 ], [ -156.69025, 20.91723 ] ] ] } },
{ "type": "Feature", "properties": { "BMP": 33.40349, "EMP": 33.58146, "PREFIX": "SR", "ROUTE": "360", "ISLAND": "Maui", "DIRECTION": "+MP", "TYPE": "Shared-use path", "MATERIAL": "Asphalt", "LENGTH": 942.0, "NHS": "NO", "Shape_Leng": 287.29092227000001 }, "geometry": { "type": "MultiLineString", "coordinates": [ [ [ -155.99514, 20.7659 ], [ -155.99395, 20.76357 ] ] ] } },
{ "type": "Feature", "properties": { "BMP": 2.14869, "EMP": 2.13246, "PREFIX": "SR", "ROUTE": "32", "ISLAND": "Maui", "DIRECTION": "-MP", "TYPE": "Sidewalk", "MATERIAL": "Concrete", "LENGTH": 89.0, "NHS": "YES", "Shape_Leng": 27.280543163299999 }, "geometry": { "type": "MultiLineString", "coordinates": [ [ [ -156.47229, 20.8897 ], [ -156.47254, 20.88967 ] ] ] } },
{ "type": "Feature", "properties": { "BMP": 2.28955, "EMP": 2.28205, "PREFIX": "SR", "ROUTE": "32", "ISLAND": "Maui", "DIRECTION": "-MP", "TYPE": "Sidewalk", "MATERIAL": "Concrete", "LENGTH": 40.0, "NHS": "YES", "Shape_Leng": 12.0984248166 }, "geometry": { "type": "MultiLineString", "coordinates": [ [ [ -156.47024, 20.89039 ], [ -156.47035, 20.89036 ] ] ] } },
{ "type": "Feature", "properties": { "BMP": 2.28196, "EMP": 2.20842, "PREFIX": "SR", "ROUTE": "32", "ISLAND": "Maui", "DIRECTION": "-MP", "TYPE": "Shared-use path", "MATERIAL": "Asphalt", "LENGTH": 389.0, "NHS": "YES", "Shape_Leng": 118.692611015 }, "geometry": { "type": "MultiLineString", "coordinates": [ [ [ -156.47035, 20.89036 ], [ -156.47142, 20.89 ] ] ] } },
{ "type": "Feature", "properties": { "BMP": 2.38214, "EMP": 2.30417, "PREFIX": "SR", "ROUTE": "32", "ISLAND": "Maui", "DIRECTION": "-MP", "TYPE": "Shared-use path", "MATERIAL": "Asphalt", "LENGTH": 410.0, "NHS": "YES", "Shape_Leng": 125.157268704 }, "geometry": { "type": "MultiLineString", "coordinates": [ [ [ -156.46889, 20.89085 ], [ -156.47002, 20.89046 ] ] ] } },
{ "type": "Feature", "properties": { "BMP": 2.30412, "EMP": 2.29971, "PREFIX": "SR", "ROUTE": "32", "ISLAND": "Maui", "DIRECTION": "-MP", "TYPE": "Sidewalk", "MATERIAL": "Concrete", "LENGTH": 23.0, "NHS": "YES", "Shape_Leng": 7.0561339188799996 }, "geometry": { "type": "MultiLineString", "coordinates": [ [ [ -156.47002, 20.89046 ], [ -156.47009, 20.89044 ] ] ] } },
{ "type": "Feature", "properties": { "BMP": 0.40068, "EMP": 0.34534, "PREFIX": "SR", "ROUTE": "32", "ISLAND": "Maui", "DIRECTION": "-MP", "TYPE": "Sidewalk", "MATERIAL": "Concrete", "LENGTH": 295.0, "NHS": "YES", "Shape_Leng": 89.718792960599998 }, "geometry": { "type": "MultiLineString", "coordinates": [ [ [ -156.49909, 20.88844 ], [ -156.49992, 20.88828 ] ] ] } },
{ "type": "Feature", "properties": { "BMP": 11.9912, "EMP": 12.02929, "PREFIX": "SR", "ROUTE": "37", "ISLAND": "Maui", "DIRECTION": "+MP", "TYPE": "Sidewalk", "MATERIAL": "Concrete", "LENGTH": 201.0, "NHS": "YES", "Shape_Leng": 61.3834985218 }, "geometry": { "type": "MultiLineString", "coordinates": [ [ [ -156.3271, 20.76922 ], [ -156.32727, 20.76869 ] ] ] } },
{ "type": "Feature", "properties": { "BMP": 9.37687, "EMP": 9.43882, "PREFIX": "SR", "ROUTE": "37", "ISLAND": "Maui", "DIRECTION": "+MP", "TYPE": "Sidewalk", "MATERIAL": "Concrete", "LENGTH": 327.0, "NHS": "YES", "Shape_Leng": 99.724884079700004 }, "geometry": { "type": "MultiLineString", "coordinates": [ [ [ -156.3276, 20.80663 ], [ -156.32755, 20.80574 ] ] ] } },
{ "type": "Feature", "properties": { "BMP": 0.43051, "EMP": 0.58703, "PREFIX": "SR", "ROUTE": "19", "ISLAND": "Hawaii", "DIRECTION": "+MP", "TYPE": "Sidewalk", "MATERIAL": "Concrete", "LENGTH": 829.0, "NHS": "YES", "Shape_Leng": 253.26906550300001 }, "geometry": { "type": "MultiLineString", "coordinates": [ [ [ -155.05885, 19.7255 ], [ -155.06091, 19.72433 ] ] ] } },
{ "type": "Feature", "properties": { "BMP": 0.58712, "EMP": 0.6898, "PREFIX": "SR", "ROUTE": "19", "ISLAND": "Hawaii", "DIRECTION": "+MP", "TYPE": "Sidewalk", "MATERIAL": "Concrete", "LENGTH": 549.0, "NHS": "YES", "Shape_Leng": 167.61630266 }, "geometry": { "type": "MultiLineString", "coordinates": [ [ [ -155.06091, 19.72433 ], [ -155.06224, 19.72354 ] ] ] } },
{ "type": "Feature", "properties": { "BMP": 0.698, "EMP": 0.82888, "PREFIX": "SR", "ROUTE": "19", "ISLAND": "Hawaii", "DIRECTION": "+MP", "TYPE": "Sidewalk", "MATERIAL": "Concrete", "LENGTH": 678.0, "NHS": "YES", "Shape_Leng": 207.20480370799999 }, "geometry": { "type": "MultiLineString", "coordinates": [ [ [ -155.06232, 19.72344 ], [ -155.06403, 19.72273 ] ] ] } },
{ "type": "Feature", "properties": { "BMP": 56.61869, "EMP": 56.76741, "PREFIX": "SR", "ROUTE": "19", "ISLAND": "Hawaii", "DIRECTION": "+MP", "TYPE": "Sidewalk", "MATERIAL": "Concrete", "LENGTH": 749.0, "NHS": "YES", "Shape_Leng": 228.62086132900001 }, "geometry": { "type": "MultiLineString", "coordinates": [ [ [ -155.66722, 20.02188 ], [ -155.6689, 20.0206 ] ] ] } },
{ "type": "Feature", "properties": { "BMP": 56.76867, "EMP": 56.87753, "PREFIX": "SR", "ROUTE": "19", "ISLAND": "Hawaii", "DIRECTION": "+MP", "TYPE": "Sidewalk", "MATERIAL": "Concrete", "LENGTH": 606.0, "NHS": "YES", "Shape_Leng": 185.0609955 }, "geometry": { "type": "MultiLineString", "coordinates": [ [ [ -155.66891, 20.02061 ], [ -155.67, 20.02192 ] ] ] } },
{ "type": "Feature", "properties": { "BMP": 0.09411, "EMP": 0.2797, "PREFIX": "SR", "ROUTE": "19", "ISLAND": "Hawaii", "DIRECTION": "+MP", "TYPE": "Sidewalk", "MATERIAL": "Concrete", "LENGTH": 977.0, "NHS": "YES", "Shape_Leng": 298.38224255099999 }, "geometry": { "type": "MultiLineString", "coordinates": [ [ [ -155.05422, 19.72762 ], [ -155.05677, 19.72648 ] ] ] } },
{ "type": "Feature", "properties": { "BMP": 56.54475, "EMP": 56.46225, "PREFIX": "SR", "ROUTE": "19", "ISLAND": "Hawaii", "DIRECTION": "-MP", "TYPE": "Sidewalk", "MATERIAL": "Concrete", "LENGTH": 438.0, "NHS": "YES", "Shape_Leng": 133.81698528699999 }, "geometry": { "type": "MultiLineString", "coordinates": [ [ [ -155.66637, 20.02228 ], [ -155.66542, 20.02307 ] ] ] } },
{ "type": "Feature", "properties": { "BMP": 25.14516, "EMP": 25.11188, "PREFIX": "SR", "ROUTE": "19", "ISLAND": "Hawaii", "DIRECTION": "-MP", "TYPE": "Sidewalk", "MATERIAL": "Other", "LENGTH": 175.0, "NHS": "YES", "Shape_Leng": 53.315262710799999 }, "geometry": { "type": "MultiLineString", "coordinates": [ [ [ -155.23403, 19.98462 ], [ -155.23356, 19.98444 ] ] ] } },
{ "type": "Feature", "properties": { "BMP": 99.51439, "EMP": 99.50862, "PREFIX": "SR", "ROUTE": "19", "ISLAND": "Hawaii", "DIRECTION": "-MP", "TYPE": "Sidewalk", "MATERIAL": "Concrete", "LENGTH": 45.0, "NHS": "YES", "Shape_Leng": 13.755784806299999 }, "geometry": { "type": "MultiLineString", "coordinates": [ [ [ -155.99369, 19.64654 ], [ -155.99373, 19.64663 ] ] ] } },
{ "type": "Feature", "properties": { "BMP": 21.42012, "EMP": 21.35106, "PREFIX": "SR", "ROUTE": "270", "ISLAND": "Hawaii", "DIRECTION": "-MP", "TYPE": "Sidewalk", "MATERIAL": "Concrete", "LENGTH": 368.0, "NHS": "YES", "Shape_Leng": 112.40710340299999 }, "geometry": { "type": "MultiLineString", "coordinates": [ [ [ -155.79948, 20.23066 ], [ -155.80054, 20.23075 ] ] ] } },
{ "type": "Feature", "properties": { "BMP": 24.98725, "EMP": 24.93855, "PREFIX": "SR", "ROUTE": "19", "ISLAND": "Hawaii", "DIRECTION": "-MP", "TYPE": "Sidewalk", "MATERIAL": "Concrete", "LENGTH": 257.0, "NHS": "YES", "Shape_Leng": 78.554128097100005 }, "geometry": { "type": "MultiLineString", "coordinates": [ [ [ -155.23184, 19.98366 ], [ -155.23119, 19.98331 ] ] ] } },
{ "type": "Feature", "properties": { "BMP": 24.82116, "EMP": 24.78028, "PREFIX": "SR", "ROUTE": "19", "ISLAND": "Hawaii", "DIRECTION": "-MP", "TYPE": "Sidewalk", "MATERIAL": "Concrete", "LENGTH": 216.0, "NHS": "YES", "Shape_Leng": 65.826512009499993 }, "geometry": { "type": "MultiLineString", "coordinates": [ [ [ -155.22961, 19.98248 ], [ -155.22906, 19.98219 ] ] ] } },
{ "type": "Feature", "properties": { "BMP": 24.37429, "EMP": 24.30765, "PREFIX": "SR", "ROUTE": "19", "ISLAND": "Hawaii", "DIRECTION": "-MP", "TYPE": "Sidewalk", "MATERIAL": "Concrete", "LENGTH": 352.0, "NHS": "YES", "Shape_Leng": 107.35308193199999 }, "geometry": { "type": "MultiLineString", "coordinates": [ [ [ -155.22403, 19.97877 ], [ -155.22328, 19.97811 ] ] ] } },
{ "type": "Feature", "properties": { "BMP": 24.01153, "EMP": 23.96438, "PREFIX": "SR", "ROUTE": "19", "ISLAND": "Hawaii", "DIRECTION": "-MP", "TYPE": "Sidewalk", "MATERIAL": "Concrete", "LENGTH": 250.0, "NHS": "YES", "Shape_Leng": 76.172194083099996 }, "geometry": { "type": "MultiLineString", "coordinates": [ [ [ -155.2198, 19.97534 ], [ -155.21916, 19.97501 ] ] ] } },
{ "type": "Feature", "properties": { "BMP": 23.71337, "EMP": 23.66222, "PREFIX": "SR", "ROUTE": "19", "ISLAND": "Hawaii", "DIRECTION": "-MP", "TYPE": "Sidewalk", "MATERIAL": "Concrete", "LENGTH": 270.0, "NHS": "YES", "Shape_Leng": 82.306920951099997 }, "geometry": { "type": "MultiLineString", "coordinates": [ [ [ -155.21571, 19.97338 ], [ -155.21501, 19.97305 ] ] ] } },
{ "type": "Feature", "properties": { "BMP": 21.57865, "EMP": 21.52343, "PREFIX": "SR", "ROUTE": "19", "ISLAND": "Hawaii", "DIRECTION": "-MP", "TYPE": "Sidewalk", "MATERIAL": "Concrete", "LENGTH": 301.0, "NHS": "YES", "Shape_Leng": 91.767649228400003 }, "geometry": { "type": "MultiLineString", "coordinates": [ [ [ -155.1975, 19.951 ], [ -155.19671, 19.9507 ] ] ] } },
{ "type": "Feature", "properties": { "BMP": 19.44448, "EMP": 19.41798, "PREFIX": "SR", "ROUTE": "19", "ISLAND": "Hawaii", "DIRECTION": "-MP", "TYPE": "Sidewalk", "MATERIAL": "Concrete", "LENGTH": 141.0, "NHS": "YES", "Shape_Leng": 43.021123566299998 }, "geometry": { "type": "MultiLineString", "coordinates": [ [ [ -155.17216, 19.9401 ], [ -155.17178, 19.93995 ] ] ] } },
{ "type": "Feature", "properties": { "BMP": 18.65086, "EMP": 18.58968, "PREFIX": "SR", "ROUTE": "19", "ISLAND": "Hawaii", "DIRECTION": "-MP", "TYPE": "Sidewalk", "MATERIAL": "Concrete", "LENGTH": 321.0, "NHS": "YES", "Shape_Leng": 98.143112813000002 }, "geometry": { "type": "MultiLineString", "coordinates": [ [ [ -155.16218, 19.9338 ], [ -155.1614, 19.93331 ] ] ] } },
{ "type": "Feature", "properties": { "BMP": 30.1089, "EMP": 30.03709, "PREFIX": "SR", "ROUTE": "19", "ISLAND": "Hawaii", "DIRECTION": "-MP", "TYPE": "Sidewalk", "MATERIAL": "Concrete", "LENGTH": 381.0, "NHS": "YES", "Shape_Leng": 116.15398049300001 }, "geometry": { "type": "MultiLineString", "coordinates": [ [ [ -155.28689, 20.00976 ], [ -155.28579, 20.00984 ] ] ] } },
{ "type": "Feature", "properties": { "BMP": 18.10985, "EMP": 18.00393, "PREFIX": "SR", "ROUTE": "19", "ISLAND": "Hawaii", "DIRECTION": "-MP", "TYPE": "Sidewalk", "MATERIAL": "Concrete", "LENGTH": 558.0, "NHS": "YES", "Shape_Leng": 170.34339331199999 }, "geometry": { "type": "MultiLineString", "coordinates": [ [ [ -155.15688, 19.92785 ], [ -155.15569, 19.92681 ] ] ] } },
{ "type": "Feature", "properties": { "BMP": 17.67728, "EMP": 17.62952, "PREFIX": "SR", "ROUTE": "19", "ISLAND": "Hawaii", "DIRECTION": "-MP", "TYPE": "Sidewalk", "MATERIAL": "Concrete", "LENGTH": 256.0, "NHS": "YES", "Shape_Leng": 78.088477143099993 }, "geometry": { "type": "MultiLineString", "coordinates": [ [ [ -155.15267, 19.92309 ], [ -155.15217, 19.92257 ] ] ] } },
{ "type": "Feature", "properties": { "BMP": 15.47528, "EMP": 15.32525, "PREFIX": "SR", "ROUTE": "19", "ISLAND": "Hawaii", "DIRECTION": "-MP", "TYPE": "Sidewalk", "MATERIAL": "Concrete", "LENGTH": 793.0, "NHS": "YES", "Shape_Leng": 242.21778499199999 }, "geometry": { "type": "MultiLineString", "coordinates": [ [ [ -155.13036, 19.90022 ], [ -155.12925, 19.8983 ] ] ] } },
{ "type": "Feature", "properties": { "BMP": 14.08561, "EMP": 13.98838, "PREFIX": "SR", "ROUTE": "19", "ISLAND": "Hawaii", "DIRECTION": "-MP", "TYPE": "Sidewalk", "MATERIAL": "Concrete", "LENGTH": 513.0, "NHS": "YES", "Shape_Leng": 156.72148224399999 }, "geometry": { "type": "MultiLineString", "coordinates": [ [ [ -155.11956, 19.88324 ], [ -155.1186, 19.88215 ] ] ] } },
{ "type": "Feature", "properties": { "BMP": 13.38437, "EMP": 13.33093, "PREFIX": "SR", "ROUTE": "19", "ISLAND": "Hawaii", "DIRECTION": "-MP", "TYPE": "Sidewalk", "MATERIAL": "Concrete", "LENGTH": 282.0, "NHS": "YES", "Shape_Leng": 86.147843809099996 }, "geometry": { "type": "MultiLineString", "coordinates": [ [ [ -155.11224, 19.8758 ], [ -155.11159, 19.87533 ] ] ] } },
{ "type": "Feature", "properties": { "BMP": 9.74003, "EMP": 9.69814, "PREFIX": "SR", "ROUTE": "19", "ISLAND": "Hawaii", "DIRECTION": "-MP", "TYPE": "Sidewalk", "MATERIAL": "Concrete", "LENGTH": 221.0, "NHS": "YES", "Shape_Leng": 67.526251115299999 }, "geometry": { "type": "MultiLineString", "coordinates": [ [ [ -155.10428, 19.82783 ], [ -155.10432, 19.82723 ] ] ] } },
{ "type": "Feature", "properties": { "BMP": 9.13297, "EMP": 9.1179, "PREFIX": "SR", "ROUTE": "19", "ISLAND": "Hawaii", "DIRECTION": "-MP", "TYPE": "Sidewalk", "MATERIAL": "Concrete", "LENGTH": 79.0, "NHS": "YES", "Shape_Leng": 24.261765207500002 }, "geometry": { "type": "MultiLineString", "coordinates": [ [ [ -155.10491, 19.81903 ], [ -155.10493, 19.81881 ] ] ] } },
{ "type": "Feature", "properties": { "BMP": 7.36931, "EMP": 7.3234, "PREFIX": "SR", "ROUTE": "19", "ISLAND": "Hawaii", "DIRECTION": "-MP", "TYPE": "Sidewalk", "MATERIAL": "Concrete", "LENGTH": 242.0, "NHS": "YES", "Shape_Leng": 74.042445831899997 }, "geometry": { "type": "MultiLineString", "coordinates": [ [ [ -155.09654, 19.79479 ], [ -155.09633, 19.79415 ] ] ] } },
{ "type": "Feature", "properties": { "BMP": 6.38768, "EMP": 6.30751, "PREFIX": "SR", "ROUTE": "19", "ISLAND": "Hawaii", "DIRECTION": "-MP", "TYPE": "Sidewalk", "MATERIAL": "Concrete", "LENGTH": 423.0, "NHS": "YES", "Shape_Leng": 129.31724436 }, "geometry": { "type": "MultiLineString", "coordinates": [ [ [ -155.09267, 19.7821 ], [ -155.09289, 19.78095 ] ] ] } },
{ "type": "Feature", "properties": { "BMP": 2.91576, "EMP": 2.8834, "PREFIX": "SR", "ROUTE": "19", "ISLAND": "Hawaii", "DIRECTION": "-MP", "TYPE": "Sidewalk", "MATERIAL": "Concrete", "LENGTH": 171.0, "NHS": "YES", "Shape_Leng": 52.139288215000001 }, "geometry": { "type": "MultiLineString", "coordinates": [ [ [ -155.09003, 19.73277 ], [ -155.08981, 19.73235 ] ] ] } },
{ "type": "Feature", "properties": { "BMP": 2.61609, "EMP": 2.52568, "PREFIX": "SR", "ROUTE": "19", "ISLAND": "Hawaii", "DIRECTION": "-MP", "TYPE": "Sidewalk", "MATERIAL": "Other", "LENGTH": 481.0, "NHS": "YES", "Shape_Leng": 146.851974797 }, "geometry": { "type": "MultiLineString", "coordinates": [ [ [ -155.08794, 19.7289 ], [ -155.08717, 19.72779 ] ] ] } },
{ "type": "Feature", "properties": { "BMP": 2.7534, "EMP": 2.74962, "PREFIX": "SR", "ROUTE": "560", "ISLAND": "Kauai", "DIRECTION": "-MP", "TYPE": "Sidewalk", "MATERIAL": "Concrete", "LENGTH": 22.0, "NHS": "NO", "Shape_Leng": 6.7187300641399998 }, "geometry": { "type": "MultiLineString", "coordinates": [ [ [ -159.49721, 22.20262 ], [ -159.49714, 22.20261 ] ] ] } },
{ "type": "Feature", "properties": { "BMP": 23.12833, "EMP": 23.11293, "PREFIX": "SR", "ROUTE": "50", "ISLAND": "Kauai", "DIRECTION": "-MP", "TYPE": "Sidewalk", "MATERIAL": "Concrete", "LENGTH": 81.0, "NHS": "YES", "Shape_Leng": 24.7963595716 }, "geometry": { "type": "MultiLineString", "coordinates": [ [ [ -159.67267, 21.95775 ], [ -159.67247, 21.95762 ] ] ] } },
{ "type": "Feature", "properties": { "BMP": 23.11078, "EMP": 22.95932, "PREFIX": "SR", "ROUTE": "50", "ISLAND": "Kauai", "DIRECTION": "-MP", "TYPE": "Sidewalk", "MATERIAL": "Concrete", "LENGTH": 805.0, "NHS": "YES", "Shape_Leng": 245.38867922099999 }, "geometry": { "type": "MultiLineString", "coordinates": [ [ [ -159.67245, 21.9576 ], [ -159.67051, 21.95634 ] ] ] } },
{ "type": "Feature", "properties": { "BMP": 22.94666, "EMP": 22.84484, "PREFIX": "SR", "ROUTE": "50", "ISLAND": "Kauai", "DIRECTION": "-MP", "TYPE": "Sidewalk", "MATERIAL": "Concrete", "LENGTH": 539.0, "NHS": "YES", "Shape_Leng": 164.201107355 }, "geometry": { "type": "MultiLineString", "coordinates": [ [ [ -159.67033, 21.95625 ], [ -159.66895, 21.95552 ] ] ] } },
{ "type": "Feature", "properties": { "BMP": 22.59364, "EMP": 22.46535, "PREFIX": "SR", "ROUTE": "50", "ISLAND": "Kauai", "DIRECTION": "-MP", "TYPE": "Sidewalk", "MATERIAL": "Concrete", "LENGTH": 683.0, "NHS": "YES", "Shape_Leng": 208.052997089 }, "geometry": { "type": "MultiLineString", "coordinates": [ [ [ -159.66551, 21.95376 ], [ -159.66371, 21.95295 ] ] ] } },
{ "type": "Feature", "properties": { "BMP": 18.96841, "EMP": 18.53988, "PREFIX": "SR", "ROUTE": "50", "ISLAND": "Kauai", "DIRECTION": "-MP", "TYPE": "Sidewalk", "MATERIAL": "Concrete", "LENGTH": 2269.0, "NHS": "YES", "Shape_Leng": 691.245410902 }, "geometry": { "type": "MultiLineString", "coordinates": [ [ [ -159.62407, 21.91993 ], [ -159.61808, 21.91731 ] ] ] } },
{ "type": "Feature", "properties": { "BMP": 36.74985, "EMP": 36.85813, "PREFIX": "SR", "ROUTE": "190", "ISLAND": "Hawaii", "DIRECTION": "+MP", "TYPE": "Sidewalk", "MATERIAL": "Concrete", "LENGTH": 576.0, "NHS": "NO", "Shape_Leng": 175.17899553800001 }, "geometry": { "type": "MultiLineString", "coordinates": [ [ [ -155.98123, 19.66774 ], [ -155.98121, 19.66619 ] ] ] } },
{ "type": "Feature", "properties": { "BMP": 38.7714, "EMP": 38.9234, "PREFIX": "SR", "ROUTE": "190", "ISLAND": "Hawaii", "DIRECTION": "+MP", "TYPE": "Sidewalk", "MATERIAL": "Concrete", "LENGTH": 801.0, "NHS": "NO", "Shape_Leng": 243.64776239299999 }, "geometry": { "type": "MultiLineString", "coordinates": [ [ [ -155.99478, 19.64445 ], [ -155.99589, 19.64252 ] ] ] } },
{ "type": "Feature", "properties": { "BMP": 38.52899, "EMP": 38.2245, "PREFIX": "SR", "ROUTE": "190", "ISLAND": "Hawaii", "DIRECTION": "-MP", "TYPE": "Sidewalk", "MATERIAL": "Concrete", "LENGTH": 1597.0, "NHS": "NO", "Shape_Leng": 486.18483250100002 }, "geometry": { "type": "MultiLineString", "coordinates": [ [ [ -155.99283, 19.64742 ], [ -155.98871, 19.64932 ] ] ] } },
{ "type": "Feature", "properties": { "BMP": 0.01273, "EMP": 0.0264, "PREFIX": "SR", "ROUTE": "160", "ISLAND": "Hawaii", "DIRECTION": "+MP", "TYPE": "Sidewalk", "MATERIAL": "Asphalt", "LENGTH": 88.0, "NHS": "NO", "Shape_Leng": 26.838712488300001 }, "geometry": { "type": "MultiLineString", "coordinates": [ [ [ -155.88043, 19.41681 ], [ -155.88053, 19.41701 ] ] ] } },
{ "type": "Feature", "properties": { "BMP": 11.53748, "EMP": 11.51231, "PREFIX": "SR", "ROUTE": "50", "ISLAND": "Kauai", "DIRECTION": "-MP", "TYPE": "Sidewalk", "MATERIAL": "Concrete", "LENGTH": 133.0, "NHS": "YES", "Shape_Leng": 40.406988213699996 }, "geometry": { "type": "MultiLineString", "coordinates": [ [ [ -159.52412, 21.9251 ], [ -159.52373, 21.92503 ] ] ] } },
{ "type": "Feature", "properties": { "BMP": 0.06852, "EMP": 0.09511, "PREFIX": "SR", "ROUTE": "56", "ISLAND": "Kauai", "DIRECTION": "+MP", "TYPE": "Sidewalk", "MATERIAL": "Concrete", "LENGTH": 142.0, "NHS": "YES", "Shape_Leng": 43.322655388500003 }, "geometry": { "type": "MultiLineString", "coordinates": [ [ [ -159.36963, 21.97632 ], [ -159.36929, 21.97655 ] ] ] } },
{ "type": "Feature", "properties": { "BMP": 0.03265, "EMP": 0.05736, "PREFIX": "SR", "ROUTE": "56", "ISLAND": "Kauai", "DIRECTION": "+MP", "TYPE": "Sidewalk", "MATERIAL": "Concrete", "LENGTH": 140.0, "NHS": "YES", "Shape_Leng": 42.6374391429 }, "geometry": { "type": "MultiLineString", "coordinates": [ [ [ -159.37012, 21.97601 ], [ -159.36978, 21.97622 ] ] ] } },
{ "type": "Feature", "properties": { "BMP": 1.9363, "EMP": 1.93474, "PREFIX": "SR", "ROUTE": "50", "ISLAND": "Kauai", "DIRECTION": "-MP", "TYPE": "Sidewalk", "MATERIAL": "Concrete", "LENGTH": 8.0, "NHS": "YES", "Shape_Leng": 2.5577029794800001 }, "geometry": { "type": "MultiLineString", "coordinates": [ [ [ -159.3984, 21.96555 ], [ -159.39838, 21.96556 ] ] ] } },
{ "type": "Feature", "properties": { "BMP": 1.92882, "EMP": 1.92743, "PREFIX": "SR", "ROUTE": "50", "ISLAND": "Kauai", "DIRECTION": "-MP", "TYPE": "Sidewalk", "MATERIAL": "Concrete", "LENGTH": 8.0, "NHS": "YES", "Shape_Leng": 2.3438428019600002 }, "geometry": { "type": "MultiLineString", "coordinates": [ [ [ -159.3983, 21.9656 ], [ -159.39827, 21.9656 ] ] ] } },
{ "type": "Feature", "properties": { "BMP": 1.52826, "EMP": 1.24348, "PREFIX": "SR", "ROUTE": "50", "ISLAND": "Kauai", "DIRECTION": "-MP", "TYPE": "Sidewalk", "MATERIAL": "Concrete", "LENGTH": 1509.0, "NHS": "YES", "Shape_Leng": 460.02860995499998 }, "geometry": { "type": "MultiLineString", "coordinates": [ [ [ -159.39263, 21.96797 ], [ -159.38843, 21.96932 ] ] ] } },
{ "type": "Feature", "properties": { "BMP": 7.87757, "EMP": 7.86988, "PREFIX": "SR", "ROUTE": "56", "ISLAND": "Kauai", "DIRECTION": "-MP", "TYPE": "Sidewalk", "MATERIAL": "Concrete", "LENGTH": 40.0, "NHS": "YES", "Shape_Leng": 12.3411652713 }, "geometry": { "type": "MultiLineString", "coordinates": [ [ [ -159.31946, 22.06879 ], [ -159.31945, 22.06868 ] ] ] } },
{ "type": "Feature", "properties": { "BMP": 102.04456, "EMP": 102.87151, "PREFIX": "SR", "ROUTE": "11", "ISLAND": "Hawaii", "DIRECTION": "+MP", "TYPE": "Sidewalk", "MATERIAL": "Asphalt", "LENGTH": 4355.0, "NHS": "NO", "Shape_Leng": 1329.0248410300001 }, "geometry": { "type": "MultiLineString", "coordinates": [ [ [ -155.87964, 19.39721 ], [ -155.88052, 19.40875 ] ] ] } },
{ "type": "Feature", "properties": { "BMP": 0.25101, "EMP": 0.0, "PREFIX": "SR", "ROUTE": "56", "ISLAND": "Kauai", "DIRECTION": "-MP", "TYPE": "Sidewalk", "MATERIAL": "Concrete", "LENGTH": 1303.0, "NHS": "YES", "Shape_Leng": 396.92748811000001 }, "geometry": { "type": "MultiLineString", "coordinates": [ [ [ -159.36832, 21.97864 ], [ -159.37072, 21.97624 ] ] ] } },
{ "type": "Feature", "properties": { "BMP": 112.86425, "EMP": 112.75683, "PREFIX": "SR", "ROUTE": "11", "ISLAND": "Hawaii", "DIRECTION": "-MP", "TYPE": "Sidewalk", "MATERIAL": "Concrete", "LENGTH": 567.0, "NHS": "NO", "Shape_Leng": 172.94467943699999 }, "geometry": { "type": "MultiLineString", "coordinates": [ [ [ -155.92714, 19.53332 ], [ -155.92629, 19.53198 ] ] ] } },
{ "type": "Feature", "properties": { "BMP": 112.75304, "EMP": 112.69194, "PREFIX": "SR", "ROUTE": "11", "ISLAND": "Hawaii", "DIRECTION": "-MP", "TYPE": "Sidewalk", "MATERIAL": "Concrete", "LENGTH": 321.0, "NHS": "NO", "Shape_Leng": 98.091769315600004 }, "geometry": { "type": "MultiLineString", "coordinates": [ [ [ -155.92626, 19.53194 ], [ -155.92577, 19.53119 ] ] ] } },
{ "type": "Feature", "properties": { "BMP": 1.01618, "EMP": 1.22649, "PREFIX": "SR", "ROUTE": "50", "ISLAND": "Kauai", "DIRECTION": "+MP", "TYPE": "Sidewalk", "MATERIAL": "Concrete", "LENGTH": 1117.0, "NHS": "YES", "Shape_Leng": 340.285603245 }, "geometry": { "type": "MultiLineString", "coordinates": [ [ [ -159.38519, 21.97073 ], [ -159.3883, 21.96976 ] ] ] } },
{ "type": "Feature", "properties": { "BMP": 1.24025, "EMP": 1.7301, "PREFIX": "SR", "ROUTE": "50", "ISLAND": "Kauai", "DIRECTION": "+MP", "TYPE": "Sidewalk", "MATERIAL": "Concrete", "LENGTH": 2594.0, "NHS": "YES", "Shape_Leng": 790.54419689099996 }, "geometry": { "type": "MultiLineString", "coordinates": [ [ [ -159.3885, 21.9697 ], [ -159.39565, 21.96716 ] ] ] } },
{ "type": "Feature", "properties": { "BMP": 2.60585, "EMP": 2.60585, "PREFIX": "SR", "ROUTE": "11", "ISLAND": "Hawaii", "DIRECTION": "+MP", "TYPE": "Sidewalk", "MATERIAL": "Asphalt", "LENGTH": 8.0, "NHS": "NO", "Shape_Leng": 2.3860312856400001 }, "geometry": { "type": "MultiLineString", "coordinates": [ [ [ -155.06549, 19.68475 ], [ -155.06547, 19.68475 ] ] ] } },
{ "type": "Feature", "properties": { "BMP": 1.88235, "EMP": 1.88263, "PREFIX": "SR", "ROUTE": "11", "ISLAND": "Hawaii", "DIRECTION": "+MP", "TYPE": "Sidewalk", "MATERIAL": "Asphalt", "LENGTH": 6.0, "NHS": "NO", "Shape_Leng": 1.76793550183 }, "geometry": { "type": "MultiLineString", "coordinates": [ [ [ -155.06561, 19.69521 ], [ -155.06559, 19.69521 ] ] ] } },
{ "type": "Feature", "properties": { "BMP": 1.60922, "EMP": 1.60408, "PREFIX": "SR", "ROUTE": "11", "ISLAND": "Hawaii", "DIRECTION": "-MP", "TYPE": "Sidewalk", "MATERIAL": "Concrete", "LENGTH": 30.0, "NHS": "NO", "Shape_Leng": 9.1095626046499998 }, "geometry": { "type": "MultiLineString", "coordinates": [ [ [ -155.06477, 19.6991 ], [ -155.06472, 19.69916 ] ] ] } },
{ "type": "Feature", "properties": { "BMP": 1.59263, "EMP": 1.59145, "PREFIX": "SR", "ROUTE": "11", "ISLAND": "Hawaii", "DIRECTION": "-MP", "TYPE": "Sidewalk", "MATERIAL": "Concrete", "LENGTH": 16.0, "NHS": "NO", "Shape_Leng": 4.8223764611700002 }, "geometry": { "type": "MultiLineString", "coordinates": [ [ [ -155.06474, 19.69934 ], [ -155.06476, 19.69936 ] ] ] } },
{ "type": "Feature", "properties": { "BMP": 1.58651, "EMP": 1.58124, "PREFIX": "SR", "ROUTE": "11", "ISLAND": "Hawaii", "DIRECTION": "-MP", "TYPE": "Sidewalk", "MATERIAL": "Concrete", "LENGTH": 32.0, "NHS": "NO", "Shape_Leng": 9.6201998744600008 }, "geometry": { "type": "MultiLineString", "coordinates": [ [ [ -155.06468, 19.69942 ], [ -155.06471, 19.6995 ] ] ] } },
{ "type": "Feature", "properties": { "BMP": 0.90375, "EMP": 0.9012, "PREFIX": "SR", "ROUTE": "11", "ISLAND": "Hawaii", "DIRECTION": "-MP", "TYPE": "Sidewalk", "MATERIAL": "Concrete", "LENGTH": 19.0, "NHS": "NO", "Shape_Leng": 5.8235380621299999 }, "geometry": { "type": "MultiLineString", "coordinates": [ [ [ -155.06405, 19.70931 ], [ -155.06403, 19.70935 ] ] ] } },
{ "type": "Feature", "properties": { "BMP": 0.75193, "EMP": 0.74556, "PREFIX": "SR", "ROUTE": "11", "ISLAND": "Hawaii", "DIRECTION": "-MP", "TYPE": "Sidewalk", "MATERIAL": "Concrete", "LENGTH": 38.0, "NHS": "NO", "Shape_Leng": 11.4709019332 }, "geometry": { "type": "MultiLineString", "coordinates": [ [ [ -155.06404, 19.71152 ], [ -155.064, 19.71161 ] ] ] } },
{ "type": "Feature", "properties": { "BMP": 1.7506, "EMP": 1.76741, "PREFIX": "SR", "ROUTE": "50", "ISLAND": "Kauai", "DIRECTION": "+MP", "TYPE": "Sidewalk", "MATERIAL": "Concrete", "LENGTH": 92.0, "NHS": "YES", "Shape_Leng": 28.034345034299999 }, "geometry": { "type": "MultiLineString", "coordinates": [ [ [ -159.39594, 21.96704 ], [ -159.39616, 21.96689 ] ] ] } },
{ "type": "Feature", "properties": { "BMP": 111.15927, "EMP": 111.0567, "PREFIX": "SR", "ROUTE": "11", "ISLAND": "Hawaii", "DIRECTION": "-MP", "TYPE": "Sidewalk", "MATERIAL": "Asphalt", "LENGTH": 538.0, "NHS": "NO", "Shape_Leng": 164.168758682 }, "geometry": { "type": "MultiLineString", "coordinates": [ [ [ -155.92008, 19.51023 ], [ -155.92004, 19.50875 ] ] ] } },
{ "type": "Feature", "properties": { "BMP": 111.05646, "EMP": 111.03782, "PREFIX": "SR", "ROUTE": "11", "ISLAND": "Hawaii", "DIRECTION": "-MP", "TYPE": "Sidewalk", "MATERIAL": "Concrete", "LENGTH": 98.0, "NHS": "NO", "Shape_Leng": 30.012511727100001 }, "geometry": { "type": "MultiLineString", "coordinates": [ [ [ -155.92004, 19.50874 ], [ -155.92007, 19.50848 ] ] ] } },
{ "type": "Feature", "properties": { "BMP": 109.41604, "EMP": 109.394, "PREFIX": "SR", "ROUTE": "11", "ISLAND": "Hawaii", "DIRECTION": "-MP", "TYPE": "Sidewalk", "MATERIAL": "Concrete", "LENGTH": 115.0, "NHS": "NO", "Shape_Leng": 35.220869477800001 }, "geometry": { "type": "MultiLineString", "coordinates": [ [ [ -155.91097, 19.48934 ], [ -155.91068, 19.48918 ] ] ] } },
{ "type": "Feature", "properties": { "BMP": 60.43809, "EMP": 60.41902, "PREFIX": "SR", "ROUTE": "11", "ISLAND": "Hawaii", "DIRECTION": "-MP", "TYPE": "Sidewalk", "MATERIAL": "Asphalt", "LENGTH": 101.0, "NHS": "NO", "Shape_Leng": 30.743830982799999 }, "geometry": { "type": "MultiLineString", "coordinates": [ [ [ -155.54895, 19.08988 ], [ -155.54878, 19.09011 ] ] ] } },
{ "type": "Feature", "properties": { "BMP": 0.90205, "EMP": 0.98039, "PREFIX": "SR", "ROUTE": "11", "ISLAND": "Hawaii", "DIRECTION": "+MP", "TYPE": "Sidewalk", "MATERIAL": "Concrete", "LENGTH": 414.0, "NHS": "NO", "Shape_Leng": 126.596387464 }, "geometry": { "type": "MultiLineString", "coordinates": [ [ [ -155.06437, 19.70937 ], [ -155.06436, 19.70823 ] ] ] } },
{ "type": "Feature", "properties": { "BMP": 0.98505, "EMP": 1.01936, "PREFIX": "SR", "ROUTE": "11", "ISLAND": "Hawaii", "DIRECTION": "+MP", "TYPE": "Sidewalk", "MATERIAL": "Concrete", "LENGTH": 182.0, "NHS": "NO", "Shape_Leng": 55.444265946999998 }, "geometry": { "type": "MultiLineString", "coordinates": [ [ [ -155.06435, 19.70816 ], [ -155.06435, 19.70766 ] ] ] } },
{ "type": "Feature", "properties": { "BMP": 1.02491, "EMP": 1.05502, "PREFIX": "SR", "ROUTE": "11", "ISLAND": "Hawaii", "DIRECTION": "+MP", "TYPE": "Sidewalk", "MATERIAL": "Concrete", "LENGTH": 161.0, "NHS": "NO", "Shape_Leng": 49.195991762399998 }, "geometry": { "type": "MultiLineString", "coordinates": [ [ [ -155.06435, 19.70758 ], [ -155.06437, 19.70715 ] ] ] } },
{ "type": "Feature", "properties": { "BMP": 100.95338, "EMP": 101.74535, "PREFIX": "SR", "ROUTE": "11", "ISLAND": "Hawaii", "DIRECTION": "+MP", "TYPE": "Sidewalk", "MATERIAL": "Asphalt", "LENGTH": 4182.0, "NHS": "NO", "Shape_Leng": 1275.8363854900001 }, "geometry": { "type": "MultiLineString", "coordinates": [ [ [ -155.87919, 19.38176 ], [ -155.87829, 19.39307 ] ] ] } },
{ "type": "Feature", "properties": { "BMP": 101.75007, "EMP": 101.97302, "PREFIX": "SR", "ROUTE": "11", "ISLAND": "Hawaii", "DIRECTION": "+MP", "TYPE": "Sidewalk", "MATERIAL": "Asphalt", "LENGTH": 1179.0, "NHS": "NO", "Shape_Leng": 359.69014668199998 }, "geometry": { "type": "MultiLineString", "coordinates": [ [ [ -155.87829, 19.39314 ], [ -155.87933, 19.39621 ] ] ] } },
{ "type": "Feature", "properties": { "BMP": 27.35617, "EMP": 27.35451, "PREFIX": "SR", "ROUTE": "30", "ISLAND": "Maui", "DIRECTION": "-MP", "TYPE": "Sidewalk", "MATERIAL": "Concrete", "LENGTH": 10.0, "NHS": "YES", "Shape_Leng": 2.9151505157100002 }, "geometry": { "type": "MultiLineString", "coordinates": [ [ [ -156.68092, 20.96378 ], [ -156.68092, 20.96376 ] ] ] } },
{ "type": "Feature", "properties": { "BMP": 27.34647, "EMP": 27.34497, "PREFIX": "SR", "ROUTE": "30", "ISLAND": "Maui", "DIRECTION": "-MP", "TYPE": "Sidewalk", "MATERIAL": "Concrete", "LENGTH": 14.0, "NHS": "YES", "Shape_Leng": 4.4096162842900002 }, "geometry": { "type": "MultiLineString", "coordinates": [ [ [ -156.68097, 20.96365 ], [ -156.68096, 20.96362 ] ] ] } },
{ "type": "Feature", "properties": { "BMP": 21.089, "EMP": 21.0252, "PREFIX": "SR", "ROUTE": "30", "ISLAND": "Maui", "DIRECTION": "-MP", "TYPE": "Sidewalk", "MATERIAL": "Concrete", "LENGTH": 340.0, "NHS": "YES", "Shape_Leng": 103.61763650899999 }, "geometry": { "type": "MultiLineString", "coordinates": [ [ [ -156.67697, 20.8773 ], [ -156.67629, 20.87662 ] ] ] } },
{ "type": "Feature", "properties": { "BMP": 21.0251, "EMP": 20.9455, "PREFIX": "SR", "ROUTE": "30", "ISLAND": "Maui", "DIRECTION": "-MP", "TYPE": "Sidewalk", "MATERIAL": "Concrete", "LENGTH": 420.0, "NHS": "YES", "Shape_Leng": 128.159728949 }, "geometry": { "type": "MultiLineString", "coordinates": [ [ [ -156.67629, 20.87662 ], [ -156.67545, 20.87578 ] ] ] } },
{ "type": "Feature", "properties": { "BMP": 0.9876, "EMP": 0.98913, "PREFIX": "SR", "ROUTE": "380", "ISLAND": "Maui", "DIRECTION": "+MP", "TYPE": "Sidewalk", "MATERIAL": "Concrete", "LENGTH": 18.0, "NHS": "NO", "Shape_Leng": 5.3424307031899998 }, "geometry": { "type": "MultiLineString", "coordinates": [ [ [ -156.46035, 20.87653 ], [ -156.46034, 20.87649 ] ] ] } },
{ "type": "Feature", "properties": { "BMP": 0.8277, "EMP": 0.82464, "PREFIX": "SR", "ROUTE": "30", "ISLAND": "Maui", "DIRECTION": "-MP", "TYPE": "Sidewalk", "MATERIAL": "Concrete", "LENGTH": 16.0, "NHS": "YES", "Shape_Leng": 4.9481865966400003 }, "geometry": { "type": "MultiLineString", "coordinates": [ [ [ -156.50374, 20.87494 ], [ -156.50375, 20.87498 ] ] ] } },
{ "type": "Feature", "properties": { "BMP": 0.81437, "EMP": 0.81291, "PREFIX": "SR", "ROUTE": "30", "ISLAND": "Maui", "DIRECTION": "-MP", "TYPE": "Sidewalk", "MATERIAL": "Concrete", "LENGTH": 11.0, "NHS": "YES", "Shape_Leng": 3.4582792957700002 }, "geometry": { "type": "MultiLineString", "coordinates": [ [ [ -156.50377, 20.87513 ], [ -156.50379, 20.87515 ] ] ] } },
{ "type": "Feature", "properties": { "BMP": 0.62605, "EMP": 0.62701, "PREFIX": "SR", "ROUTE": "3800", "ISLAND": "Maui", "DIRECTION": "+MP", "TYPE": "Sidewalk", "MATERIAL": "Concrete", "LENGTH": 17.0, "NHS": "YES", "Shape_Leng": 5.11766721511 }, "geometry": { "type": "MultiLineString", "coordinates": [ [ [ -156.44936, 20.88326 ], [ -156.44932, 20.88323 ] ] ] } },
{ "type": "Feature", "properties": { "BMP": 2.8625, "EMP": 2.45038, "PREFIX": "SR", "ROUTE": "311", "ISLAND": "Maui", "DIRECTION": "-MP", "TYPE": "Shared-use path", "MATERIAL": "Asphalt", "LENGTH": 2183.0, "NHS": "YES", "Shape_Leng": 666.062840188 }, "geometry": { "type": "MultiLineString", "coordinates": [ [ [ -156.46491, 20.83628 ], [ -156.46336, 20.8421 ] ] ] } },
{ "type": "Feature", "properties": { "BMP": 3.05224, "EMP": 2.8625, "PREFIX": "SR", "ROUTE": "311", "ISLAND": "Maui", "DIRECTION": "-MP", "TYPE": "Shared-use path", "MATERIAL": "Asphalt", "LENGTH": 988.0, "NHS": "YES", "Shape_Leng": 301.40654490200001 }, "geometry": { "type": "MultiLineString", "coordinates": [ [ [ -156.46551, 20.83361 ], [ -156.46491, 20.83627 ] ] ] } },
{ "type": "Feature", "properties": { "BMP": 0.30638, "EMP": 0.30799, "PREFIX": "SR", "ROUTE": "36A", "ISLAND": "Maui", "DIRECTION": "+MP", "TYPE": "Sidewalk", "MATERIAL": "Concrete", "LENGTH": 25.0, "NHS": "NO", "Shape_Leng": 7.5495973839700001 }, "geometry": { "type": "MultiLineString", "coordinates": [ [ [ -156.45196, 20.88768 ], [ -156.45193, 20.88775 ] ] ] } },
{ "type": "Feature", "properties": { "BMP": 0.4302, "EMP": 0.43219, "PREFIX": "SR", "ROUTE": "36A", "ISLAND": "Maui", "DIRECTION": "+MP", "TYPE": "Sidewalk", "MATERIAL": "Concrete", "LENGTH": 11.0, "NHS": "NO", "Shape_Leng": 3.2443334610700001 }, "geometry": { "type": "MultiLineString", "coordinates": [ [ [ -156.45022, 20.88853 ], [ -156.45019, 20.88855 ] ] ] } },
{ "type": "Feature", "properties": { "BMP": 0.61636, "EMP": 0.61512, "PREFIX": "SR", "ROUTE": "3800", "ISLAND": "Maui", "DIRECTION": "-MP", "TYPE": "Sidewalk", "MATERIAL": "Concrete", "LENGTH": 18.0, "NHS": "YES", "Shape_Leng": 5.5612820898599997 }, "geometry": { "type": "MultiLineString", "coordinates": [ [ [ -156.44869, 20.88331 ], [ -156.44874, 20.88333 ] ] ] } },
{ "type": "Feature", "properties": { "BMP": 10.7212, "EMP": 10.61605, "PREFIX": "SR", "ROUTE": "130", "ISLAND": "Hawaii", "DIRECTION": "-MP", "TYPE": "Sidewalk", "MATERIAL": "Concrete", "LENGTH": 544.0, "NHS": "NO", "Shape_Leng": 166.06658660299999 }, "geometry": { "type": "MultiLineString", "coordinates": [ [ [ -154.9552, 19.50518 ], [ -154.95661, 19.50577 ] ] ] } },
{ "type": "Feature", "properties": { "BMP": 10.61002, "EMP": 10.59333, "PREFIX": "SR", "ROUTE": "130", "ISLAND": "Hawaii", "DIRECTION": "-MP", "TYPE": "Sidewalk", "MATERIAL": "Concrete", "LENGTH": 87.0, "NHS": "NO", "Shape_Leng": 26.576111460100002 }, "geometry": { "type": "MultiLineString", "coordinates": [ [ [ -154.95668, 19.50583 ], [ -154.95685, 19.50601 ] ] ] } },
{ "type": "Feature", "properties": { "BMP": 0.70953, "EMP": 0.70013, "PREFIX": "SR", "ROUTE": "2000", "ISLAND": "Hawaii", "DIRECTION": "-MP", "TYPE": "Shared-use path", "MATERIAL": "Asphalt", "LENGTH": 49.0, "NHS": "NO", "Shape_Leng": 15.0559258827 }, "geometry": { "type": "MultiLineString", "coordinates": [ [ [ -155.06794, 19.69476 ], [ -155.0678, 19.69477 ] ] ] } },
{ "type": "Feature", "properties": { "BMP": 0.57716, "EMP": 0.57396, "PREFIX": "SR", "ROUTE": "2000", "ISLAND": "Hawaii", "DIRECTION": "-MP", "TYPE": "Sidewalk", "MATERIAL": "Asphalt", "LENGTH": 28.0, "NHS": "NO", "Shape_Leng": 8.5015890640799991 }, "geometry": { "type": "MultiLineString", "coordinates": [ [ [ -155.06591, 19.69485 ], [ -155.06587, 19.69491 ] ] ] } },
{ "type": "Feature", "properties": { "BMP": 0.54024, "EMP": 0.50837, "PREFIX": "SR", "ROUTE": "2000", "ISLAND": "Hawaii", "DIRECTION": "-MP", "TYPE": "Shared-use path", "MATERIAL": "Asphalt", "LENGTH": 168.0, "NHS": "NO", "Shape_Leng": 51.302610385900003 }, "geometry": { "type": "MultiLineString", "coordinates": [ [ [ -155.06536, 19.69502 ], [ -155.06487, 19.69506 ] ] ] } },
{ "type": "Feature", "properties": { "BMP": 2.51908, "EMP": 2.54254, "PREFIX": "SR", "ROUTE": "560", "ISLAND": "Kauai", "DIRECTION": "+MP", "TYPE": "Sidewalk", "MATERIAL": "Concrete", "LENGTH": 124.0, "NHS": "NO", "Shape_Leng": 37.792851346699997 }, "geometry": { "type": "MultiLineString", "coordinates": [ [ [ -159.49369, 22.20373 ], [ -159.49404, 22.20362 ] ] ] } },
{ "type": "Feature", "properties": { "BMP": 0.08155, "EMP": 0.06755, "PREFIX": "SR", "ROUTE": "550", "ISLAND": "Kauai", "DIRECTION": "-MP", "TYPE": "Sidewalk", "MATERIAL": "Concrete", "LENGTH": 74.0, "NHS": "NO", "Shape_Leng": 22.5848095574 }, "geometry": { "type": "MultiLineString", "coordinates": [ [ [ -159.67138, 21.95853 ], [ -159.67148, 21.95835 ] ] ] } },
{ "type": "Feature", "properties": { "BMP": 0.06193, "EMP": 0.0395, "PREFIX": "SR", "ROUTE": "550", "ISLAND": "Kauai", "DIRECTION": "-MP", "TYPE": "Sidewalk", "MATERIAL": "Concrete", "LENGTH": 119.0, "NHS": "NO", "Shape_Leng": 36.218550012900003 }, "geometry": { "type": "MultiLineString", "coordinates": [ [ [ -159.67152, 21.95827 ], [ -159.6717, 21.958 ] ] ] } },
{ "type": "Feature", "properties": { "BMP": 1.54792, "EMP": 1.76897, "PREFIX": "SR", "ROUTE": "19", "ISLAND": "Hawaii", "DIRECTION": "+MP", "TYPE": "Sidewalk", "MATERIAL": "Concrete", "LENGTH": 1174.0, "NHS": "YES", "Shape_Leng": 358.63639610799999 }, "geometry": { "type": "MultiLineString", "coordinates": [ [ [ -155.07501, 19.72202 ], [ -155.07838, 19.72229 ] ] ] } },
{ "type": "Feature", "properties": { "BMP": 1.78948, "EMP": 1.82332, "PREFIX": "SR", "ROUTE": "19", "ISLAND": "Hawaii", "DIRECTION": "+MP", "TYPE": "Sidewalk", "MATERIAL": "Concrete", "LENGTH": 214.0, "NHS": "YES", "Shape_Leng": 65.253349251000003 }, "geometry": { "type": "MultiLineString", "coordinates": [ [ [ -155.07838, 19.72229 ], [ -155.07822, 19.72278 ] ] ] } },
{ "type": "Feature", "properties": { "BMP": 0.96335, "EMP": 0.96704, "PREFIX": "SR", "ROUTE": "56", "ISLAND": "Kauai", "DIRECTION": "+MP", "TYPE": "Sidewalk", "MATERIAL": "Concrete", "LENGTH": 20.0, "NHS": "YES", "Shape_Leng": 6.0359949516100002 }, "geometry": { "type": "MultiLineString", "coordinates": [ [ [ -159.36582, 21.98862 ], [ -159.36582, 21.98868 ] ] ] } },
{ "type": "Feature", "properties": { "BMP": 0.96723, "EMP": 0.98952, "PREFIX": "SR", "ROUTE": "56", "ISLAND": "Kauai", "DIRECTION": "+MP", "TYPE": "Sidewalk", "MATERIAL": "Asphalt", "LENGTH": 121.0, "NHS": "YES", "Shape_Leng": 36.810265746399999 }, "geometry": { "type": "MultiLineString", "coordinates": [ [ [ -159.36582, 21.98868 ], [ -159.36587, 21.98901 ] ] ] } },
{ "type": "Feature", "properties": { "BMP": 0.98975, "EMP": 0.99372, "PREFIX": "SR", "ROUTE": "56", "ISLAND": "Kauai", "DIRECTION": "+MP", "TYPE": "Sidewalk", "MATERIAL": "Concrete", "LENGTH": 22.0, "NHS": "YES", "Shape_Leng": 6.5828408866699997 }, "geometry": { "type": "MultiLineString", "coordinates": [ [ [ -159.36587, 21.98901 ], [ -159.36588, 21.98907 ] ] ] } },
{ "type": "Feature", "properties": { "BMP": 0.80189, "EMP": 0.80429, "PREFIX": "SR", "ROUTE": "56", "ISLAND": "Kauai", "DIRECTION": "+MP", "TYPE": "Sidewalk", "MATERIAL": "Concrete", "LENGTH": 14.0, "NHS": "YES", "Shape_Leng": 4.2346383128299996 }, "geometry": { "type": "MultiLineString", "coordinates": [ [ [ -159.36616, 21.98632 ], [ -159.36617, 21.98635 ] ] ] } },
{ "type": "Feature", "properties": { "BMP": 0.80448, "EMP": 0.95274, "PREFIX": "SR", "ROUTE": "56", "ISLAND": "Kauai", "DIRECTION": "+MP", "TYPE": "Sidewalk", "MATERIAL": "Asphalt", "LENGTH": 783.0, "NHS": "YES", "Shape_Leng": 238.26048078700001 }, "geometry": { "type": "MultiLineString", "coordinates": [ [ [ -159.36617, 21.98636 ], [ -159.36584, 21.98846 ] ] ] } },
{ "type": "Feature", "properties": { "BMP": 0.95292, "EMP": 0.95715, "PREFIX": "SR", "ROUTE": "56", "ISLAND": "Kauai", "DIRECTION": "+MP", "TYPE": "Sidewalk", "MATERIAL": "Concrete", "LENGTH": 23.0, "NHS": "YES", "Shape_Leng": 6.9390438754700003 }, "geometry": { "type": "MultiLineString", "coordinates": [ [ [ -159.36584, 21.98847 ], [ -159.36583, 21.98853 ] ] ] } },
{ "type": "Feature", "properties": { "BMP": 1.00428, "EMP": 1.00639, "PREFIX": "SR", "ROUTE": "56", "ISLAND": "Kauai", "DIRECTION": "+MP", "TYPE": "Sidewalk", "MATERIAL": "Concrete", "LENGTH": 11.0, "NHS": "YES", "Shape_Leng": 3.4257505941900002 }, "geometry": { "type": "MultiLineString", "coordinates": [ [ [ -159.36594, 21.98922 ], [ -159.36595, 21.98924 ] ] ] } },
{ "type": "Feature", "properties": { "BMP": 1.00658, "EMP": 1.01332, "PREFIX": "SR", "ROUTE": "56", "ISLAND": "Kauai", "DIRECTION": "+MP", "TYPE": "Sidewalk", "MATERIAL": "Asphalt", "LENGTH": 36.0, "NHS": "YES", "Shape_Leng": 10.835925426099999 }, "geometry": { "type": "MultiLineString", "coordinates": [ [ [ -159.36596, 21.98925 ], [ -159.36599, 21.98934 ] ] ] } },
{ "type": "Feature", "properties": { "BMP": 1.01359, "EMP": 1.01822, "PREFIX": "SR", "ROUTE": "56", "ISLAND": "Kauai", "DIRECTION": "+MP", "TYPE": "Sidewalk", "MATERIAL": "Concrete", "LENGTH": 24.0, "NHS": "YES", "Shape_Leng": 7.39178653954 }, "geometry": { "type": "MultiLineString", "coordinates": [ [ [ -159.366, 21.98934 ], [ -159.36602, 21.9894 ] ] ] } },
{ "type": "Feature", "properties": { "BMP": 1.0185, "EMP": 1.02285, "PREFIX": "SR", "ROUTE": "56", "ISLAND": "Kauai", "DIRECTION": "+MP", "TYPE": "Sidewalk", "MATERIAL": "Asphalt", "LENGTH": 23.0, "NHS": "YES", "Shape_Leng": 6.9869461371700003 }, "geometry": { "type": "MultiLineString", "coordinates": [ [ [ -159.36602, 21.98941 ], [ -159.36604, 21.98947 ] ] ] } },
{ "type": "Feature", "properties": { "BMP": 1.02312, "EMP": 1.0273, "PREFIX": "SR", "ROUTE": "56", "ISLAND": "Kauai", "DIRECTION": "+MP", "TYPE": "Sidewalk", "MATERIAL": "Concrete", "LENGTH": 22.0, "NHS": "YES", "Shape_Leng": 6.6482107407199997 }, "geometry": { "type": "MultiLineString", "coordinates": [ [ [ -159.36605, 21.98947 ], [ -159.36607, 21.98953 ] ] ] } },
{ "type": "Feature", "properties": { "BMP": 2.00042, "EMP": 2.00383, "PREFIX": "SR", "ROUTE": "56", "ISLAND": "Kauai", "DIRECTION": "+MP", "TYPE": "Sidewalk", "MATERIAL": "Concrete", "LENGTH": 18.0, "NHS": "YES", "Shape_Leng": 5.4753439893999998 }, "geometry": { "type": "MultiLineString", "coordinates": [ [ [ -159.35364, 21.99504 ], [ -159.3536, 21.99507 ] ] ] } },
{ "type": "Feature", "properties": { "BMP": 0.09849, "EMP": 0.09911, "PREFIX": "SR", "ROUTE": "56", "ISLAND": "Kauai", "DIRECTION": "+MP", "TYPE": "Sidewalk", "MATERIAL": "Concrete", "LENGTH": 3.0, "NHS": "YES", "Shape_Leng": 0.99693643322000003 }, "geometry": { "type": "MultiLineString", "coordinates": [ [ [ -159.36925, 21.97658 ], [ -159.36924, 21.97658 ] ] ] } },
{ "type": "Feature", "properties": { "BMP": 0.13326, "EMP": 0.13424, "PREFIX": "SR", "ROUTE": "56", "ISLAND": "Kauai", "DIRECTION": "+MP", "TYPE": "Sidewalk", "MATERIAL": "Concrete", "LENGTH": 5.0, "NHS": "YES", "Shape_Leng": 1.58756843626 }, "geometry": { "type": "MultiLineString", "coordinates": [ [ [ -159.36879, 21.97689 ], [ -159.36878, 21.9769 ] ] ] } },
{ "type": "Feature", "properties": { "BMP": 7.32158, "EMP": 7.3614, "PREFIX": "SR", "ROUTE": "56", "ISLAND": "Kauai", "DIRECTION": "+MP", "TYPE": "Sidewalk", "MATERIAL": "Concrete", "LENGTH": 215.0, "NHS": "YES", "Shape_Leng": 65.534054420900006 }, "geometry": { "type": "MultiLineString", "coordinates": [ [ [ -159.32123, 22.06091 ], [ -159.32075, 22.06129 ] ] ] } },
{ "type": "Feature", "properties": { "BMP": 7.36158, "EMP": 7.37988, "PREFIX": "SR", "ROUTE": "56", "ISLAND": "Kauai", "DIRECTION": "+MP", "TYPE": "Sidewalk", "MATERIAL": "Concrete", "LENGTH": 102.0, "NHS": "YES", "Shape_Leng": 31.152323752299999 }, "geometry": { "type": "MultiLineString", "coordinates": [ [ [ -159.32074, 22.06129 ], [ -159.32053, 22.06148 ] ] ] } },
{ "type": "Feature", "properties": { "BMP": 7.68465, "EMP": 7.68889, "PREFIX": "SR", "ROUTE": "56", "ISLAND": "Kauai", "DIRECTION": "+MP", "TYPE": "Sidewalk", "MATERIAL": "Concrete", "LENGTH": 26.0, "NHS": "YES", "Shape_Leng": 7.8350055655400004 }, "geometry": { "type": "MultiLineString", "coordinates": [ [ [ -159.31918, 22.06577 ], [ -159.31915, 22.06571 ] ] ] } },
{ "type": "Feature", "properties": { "BMP": 8.01347, "EMP": 8.0175, "PREFIX": "SR", "ROUTE": "56", "ISLAND": "Kauai", "DIRECTION": "+MP", "TYPE": "Sidewalk", "MATERIAL": "Concrete", "LENGTH": 21.0, "NHS": "YES", "Shape_Leng": 6.5222552005900001 }, "geometry": { "type": "MultiLineString", "coordinates": [ [ [ -159.31941, 22.07049 ], [ -159.31941, 22.07054 ] ] ] } },
{ "type": "Feature", "properties": { "BMP": 8.00224, "EMP": 8.0133, "PREFIX": "SR", "ROUTE": "56", "ISLAND": "Kauai", "DIRECTION": "+MP", "TYPE": "Sidewalk", "MATERIAL": "Asphalt", "LENGTH": 58.0, "NHS": "YES", "Shape_Leng": 17.800017088400001 }, "geometry": { "type": "MultiLineString", "coordinates": [ [ [ -159.3194, 22.07032 ], [ -159.31941, 22.07048 ] ] ] } },
{ "type": "Feature", "properties": { "BMP": 10.21034, "EMP": 9.93416, "PREFIX": "SR", "ROUTE": "56", "ISLAND": "Kauai", "DIRECTION": "-MP", "TYPE": "Sidewalk", "MATERIAL": "Concrete", "LENGTH": 1452.0, "NHS": "YES", "Shape_Leng": 442.65083426799998 }, "geometry": { "type": "MultiLineString", "coordinates": [ [ [ -159.30577, 22.09833 ], [ -159.3071, 22.09453 ] ] ] } },
{ "type": "Feature", "properties": { "BMP": 8.91589, "EMP": 8.54637, "PREFIX": "SR", "ROUTE": "56", "ISLAND": "Kauai", "DIRECTION": "-MP", "TYPE": "Sidewalk", "MATERIAL": "Concrete", "LENGTH": 1954.0, "NHS": "YES", "Shape_Leng": 595.45322021699997 }, "geometry": { "type": "MultiLineString", "coordinates": [ [ [ -159.31301, 22.08179 ], [ -159.31662, 22.07773 ] ] ] } },
{ "type": "Feature", "properties": { "BMP": 8.93023, "EMP": 8.9238, "PREFIX": "SR", "ROUTE": "56", "ISLAND": "Kauai", "DIRECTION": "-MP", "TYPE": "Sidewalk", "MATERIAL": "Concrete", "LENGTH": 34.0, "NHS": "YES", "Shape_Leng": 10.3430200998 }, "geometry": { "type": "MultiLineString", "coordinates": [ [ [ -159.31289, 22.08197 ], [ -159.31294, 22.08189 ] ] ] } },
{ "type": "Feature", "properties": { "BMP": 8.92361, "EMP": 8.9158, "PREFIX": "SR", "ROUTE": "56", "ISLAND": "Kauai", "DIRECTION": "-MP", "TYPE": "Sidewalk", "MATERIAL": "Asphalt", "LENGTH": 41.0, "NHS": "YES", "Shape_Leng": 12.6371227801 }, "geometry": { "type": "MultiLineString", "coordinates": [ [ [ -159.31294, 22.08189 ], [ -159.31301, 22.08179 ] ] ] } },
{ "type": "Feature", "properties": { "BMP": 9.00165, "EMP": 9.00165, "PREFIX": "SR", "ROUTE": "56", "ISLAND": "Kauai", "DIRECTION": "+MP", "TYPE": "Sidewalk", "MATERIAL": "Concrete", "LENGTH": 18.0, "NHS": "YES", "Shape_Leng": 5.3783012962500001 }, "geometry": { "type": "MultiLineString", "coordinates": [ [ [ -159.31226, 22.08252 ], [ -159.31222, 22.08249 ] ] ] } },
{ "type": "Feature", "properties": { "BMP": 0.21426, "EMP": 0.28653, "PREFIX": "SR", "ROUTE": "190", "ISLAND": "Hawaii", "DIRECTION": "+MP", "TYPE": "Sidewalk", "MATERIAL": "Asphalt", "LENGTH": 380.0, "NHS": "NO", "Shape_Leng": 116.095326007 }, "geometry": { "type": "MultiLineString", "coordinates": [ [ [ -155.67157, 20.01849 ], [ -155.67236, 20.01775 ] ] ] } },
{ "type": "Feature", "properties": { "BMP": 99.14852, "EMP": 99.15464, "PREFIX": "SR", "ROUTE": "19", "ISLAND": "Hawaii", "DIRECTION": "+MP", "TYPE": "Sidewalk", "MATERIAL": "Concrete", "LENGTH": 33.0, "NHS": "YES", "Shape_Leng": 10.012909927700001 }, "geometry": { "type": "MultiLineString", "coordinates": [ [ [ -155.99927, 19.64893 ], [ -155.99918, 19.64891 ] ] ] } },
{ "type": "Feature", "properties": { "BMP": 2.22877, "EMP": 1.79968, "PREFIX": "SR", "ROUTE": "19", "ISLAND": "Hawaii", "DIRECTION": "-MP", "TYPE": "Shared-use path", "MATERIAL": "Concrete", "LENGTH": 2167.0, "NHS": "YES", "Shape_Leng": 661.81964674699998 }, "geometry": { "type": "MultiLineString", "coordinates": [ [ [ -155.08444, 19.72435 ], [ -155.07867, 19.72241 ] ] ] } },
{ "type": "Feature", "properties": { "BMP": 1.79955, "EMP": 1.78985, "PREFIX": "SR", "ROUTE": "19", "ISLAND": "Hawaii", "DIRECTION": "-MP", "TYPE": "Sidewalk", "MATERIAL": "Concrete", "LENGTH": 64.0, "NHS": "YES", "Shape_Leng": 19.498348203399999 }, "geometry": { "type": "MultiLineString", "coordinates": [ [ [ -155.07867, 19.72241 ], [ -155.07874, 19.72226 ] ] ] } },
{ "type": "Feature", "properties": { "BMP": 1.10193, "EMP": 1.10006, "PREFIX": "SR", "ROUTE": "3500", "ISLAND": "Maui", "DIRECTION": "-MP", "TYPE": "Sidewalk", "MATERIAL": "Concrete", "LENGTH": 16.0, "NHS": "YES", "Shape_Leng": 4.7896576240100002 }, "geometry": { "type": "MultiLineString", "coordinates": [ [ [ -156.46037, 20.87649 ], [ -156.46036, 20.87652 ] ] ] } },
{ "type": "Feature", "properties": { "BMP": 1.73386, "EMP": 1.73679, "PREFIX": "SR", "ROUTE": "50", "ISLAND": "Kauai", "DIRECTION": "+MP", "TYPE": "Sidewalk", "MATERIAL": "Concrete", "LENGTH": 19.0, "NHS": "YES", "Shape_Leng": 5.7650872742799999 }, "geometry": { "type": "MultiLineString", "coordinates": [ [ [ -159.39569, 21.96712 ], [ -159.39573, 21.96709 ] ] ] } },
{ "type": "Feature", "properties": { "BMP": 1.7457, "EMP": 1.74787, "PREFIX": "SR", "ROUTE": "50", "ISLAND": "Kauai", "DIRECTION": "+MP", "TYPE": "Sidewalk", "MATERIAL": "Concrete", "LENGTH": 13.0, "NHS": "YES", "Shape_Leng": 3.8369666569300001 }, "geometry": { "type": "MultiLineString", "coordinates": [ [ [ -159.39585, 21.96703 ], [ -159.39589, 21.96703 ] ] ] } },
{ "type": "Feature", "properties": { "BMP": 1.23656, "EMP": 1.23811, "PREFIX": "SR", "ROUTE": "50", "ISLAND": "Kauai", "DIRECTION": "+MP", "TYPE": "Sidewalk", "MATERIAL": "Concrete", "LENGTH": 8.0, "NHS": "YES", "Shape_Leng": 2.5144523262799998 }, "geometry": { "type": "MultiLineString", "coordinates": [ [ [ -159.38843, 21.96967 ], [ -159.38845, 21.96966 ] ] ] } },
{ "type": "Feature", "properties": { "BMP": 1.22806, "EMP": 1.22911, "PREFIX": "SR", "ROUTE": "50", "ISLAND": "Kauai", "DIRECTION": "+MP", "TYPE": "Sidewalk", "MATERIAL": "Concrete", "LENGTH": 7.0, "NHS": "YES", "Shape_Leng": 2.1292043710400002 }, "geometry": { "type": "MultiLineString", "coordinates": [ [ [ -159.38831, 21.96971 ], [ -159.38832, 21.96969 ] ] ] } },
{ "type": "Feature", "properties": { "BMP": 0.99972, "EMP": 0.99934, "PREFIX": "SR", "ROUTE": "380", "ISLAND": "Maui", "DIRECTION": "-MP", "TYPE": "Sidewalk", "MATERIAL": "Concrete", "LENGTH": 9.0, "NHS": "NO", "Shape_Leng": 2.6599446632300001 }, "geometry": { "type": "MultiLineString", "coordinates": [ [ [ -156.46023, 20.87629 ], [ -156.46021, 20.87627 ] ] ] } },
{ "type": "Feature", "properties": { "BMP": 0.15919, "EMP": 0.15919, "PREFIX": "SR", "ROUTE": "380", "ISLAND": "Maui", "DIRECTION": "-MP", "TYPE": "Sidewalk", "MATERIAL": "Concrete", "LENGTH": 7.0, "NHS": "NO", "Shape_Leng": 2.1439072210500001 }, "geometry": { "type": "MultiLineString", "coordinates": [ [ [ -156.4527, 20.8856 ], [ -156.45269, 20.8856 ] ] ] } },
{ "type": "Feature", "properties": { "BMP": 23.20382, "EMP": 23.20955, "PREFIX": "SR", "ROUTE": "50", "ISLAND": "Kauai", "DIRECTION": "+MP", "TYPE": "Sidewalk", "MATERIAL": "Concrete", "LENGTH": 46.0, "NHS": "YES", "Shape_Leng": 13.9096788488 }, "geometry": { "type": "MultiLineString", "coordinates": [ [ [ -159.67352, 21.95859 ], [ -159.67363, 21.95859 ] ] ] } },
{ "type": "Feature", "properties": { "BMP": 5.48505, "EMP": 5.49428, "PREFIX": "SR", "ROUTE": "377", "ISLAND": "Maui", "DIRECTION": "+MP", "TYPE": "Sidewalk", "MATERIAL": "Concrete", "LENGTH": 48.0, "NHS": "NO", "Shape_Leng": 14.520256330600001 }, "geometry": { "type": "MultiLineString", "coordinates": [ [ [ -156.30745, 20.77549 ], [ -156.30748, 20.77536 ] ] ] } },
{ "type": "Feature", "properties": { "BMP": 5.96263, "EMP": 5.86026, "PREFIX": "SR", "ROUTE": "36", "ISLAND": "Maui", "DIRECTION": "-MP", "TYPE": "Shared-use path", "MATERIAL": "Asphalt", "LENGTH": 540.0, "NHS": "YES", "Shape_Leng": 164.71590511700001 }, "geometry": { "type": "MultiLineString", "coordinates": [ [ [ -156.39151, 20.91193 ], [ -156.39297, 20.91135 ] ] ] } },
{ "type": "Feature", "properties": { "BMP": 2.89807, "EMP": 2.88917, "PREFIX": "SR", "ROUTE": "36", "ISLAND": "Maui", "DIRECTION": "-MP", "TYPE": "Sidewalk", "MATERIAL": "Concrete", "LENGTH": 47.0, "NHS": "YES", "Shape_Leng": 14.305108728 }, "geometry": { "type": "MultiLineString", "coordinates": [ [ [ -156.42649, 20.88595 ], [ -156.42657, 20.88584 ] ] ] } },
{ "type": "Feature", "properties": { "BMP": 0.86886, "EMP": 0.86654, "PREFIX": "SR", "ROUTE": "36", "ISLAND": "Maui", "DIRECTION": "-MP", "TYPE": "Sidewalk", "MATERIAL": "Concrete", "LENGTH": 14.0, "NHS": "YES", "Shape_Leng": 4.2443110794200001 }, "geometry": { "type": "MultiLineString", "coordinates": [ [ [ -156.45284, 20.88571 ], [ -156.45286, 20.88574 ] ] ] } },
{ "type": "Feature", "properties": { "BMP": 0.86757, "EMP": 0.86746, "PREFIX": "SR", "ROUTE": "36", "ISLAND": "Maui", "DIRECTION": "-MP", "TYPE": "Sidewalk", "MATERIAL": "Concrete", "LENGTH": 9.0, "NHS": "YES", "Shape_Leng": 2.6458103205599999 }, "geometry": { "type": "MultiLineString", "coordinates": [ [ [ -156.45287, 20.8857 ], [ -156.45286, 20.88572 ] ] ] } },
{ "type": "Feature", "properties": { "BMP": 24.06686, "EMP": 24.07068, "PREFIX": "SR", "ROUTE": "30", "ISLAND": "Maui", "DIRECTION": "+MP", "TYPE": "Sidewalk", "MATERIAL": "Concrete", "LENGTH": 26.0, "NHS": "YES", "Shape_Leng": 7.81350588876 }, "geometry": { "type": "MultiLineString", "coordinates": [ [ [ -156.68993, 20.91719 ], [ -156.68989, 20.91725 ] ] ] } },
{ "type": "Feature", "properties": { "BMP": 2.7176, "EMP": 2.68991, "PREFIX": "SR", "ROUTE": "32", "ISLAND": "Maui", "DIRECTION": "-MP", "TYPE": "Sidewalk", "MATERIAL": "Concrete", "LENGTH": 127.0, "NHS": "YES", "Shape_Leng": 38.781012094899999 }, "geometry": { "type": "MultiLineString", "coordinates": [ [ [ -156.46419, 20.89273 ], [ -156.46452, 20.89257 ] ] ] } },
{ "type": "Feature", "properties": { "BMP": 0.01348, "EMP": 0.0, "PREFIX": "SR", "ROUTE": "32", "ISLAND": "Maui", "DIRECTION": "-MP", "TYPE": "Sidewalk", "MATERIAL": "Concrete", "LENGTH": 94.0, "NHS": "YES", "Shape_Leng": 28.7733463615 }, "geometry": { "type": "MultiLineString", "coordinates": [ [ [ -156.50488, 20.887 ], [ -156.50511, 20.88688 ] ] ] } },
{ "type": "Feature", "properties": { "BMP": 1.12059, "EMP": 1.12346, "PREFIX": "SR", "ROUTE": "3400", "ISLAND": "Maui", "DIRECTION": "+MP", "TYPE": "Sidewalk", "MATERIAL": "Concrete", "LENGTH": 13.0, "NHS": "NO", "Shape_Leng": 4.0705860625100003 }, "geometry": { "type": "MultiLineString", "coordinates": [ [ [ -156.48282, 20.90219 ], [ -156.48284, 20.90222 ] ] ] } },
{ "type": "Feature", "properties": { "BMP": 1.116, "EMP": 1.12046, "PREFIX": "SR", "ROUTE": "3400", "ISLAND": "Maui", "DIRECTION": "+MP", "TYPE": "Sidewalk", "MATERIAL": "Asphalt", "LENGTH": 19.0, "NHS": "NO", "Shape_Leng": 5.8561789685500001 }, "geometry": { "type": "MultiLineString", "coordinates": [ [ [ -156.48278, 20.90215 ], [ -156.48282, 20.90219 ] ] ] } },
{ "type": "Feature", "properties": { "BMP": 1.12364, "EMP": 1.12648, "PREFIX": "SR", "ROUTE": "3400", "ISLAND": "Maui", "DIRECTION": "+MP", "TYPE": "Sidewalk", "MATERIAL": "Asphalt", "LENGTH": 11.0, "NHS": "NO", "Shape_Leng": 3.4620630709600002 }, "geometry": { "type": "MultiLineString", "coordinates": [ [ [ -156.48284, 20.90222 ], [ -156.48285, 20.90225 ] ] ] } },
{ "type": "Feature", "properties": { "BMP": 1.12666, "EMP": 1.14102, "PREFIX": "SR", "ROUTE": "3400", "ISLAND": "Maui", "DIRECTION": "+MP", "TYPE": "Sidewalk", "MATERIAL": "Concrete", "LENGTH": 78.0, "NHS": "NO", "Shape_Leng": 23.7182781088 }, "geometry": { "type": "MultiLineString", "coordinates": [ [ [ -156.48285, 20.90226 ], [ -156.48284, 20.90247 ] ] ] } }
]
}
