{
"type": "FeatureCollection",
"name": "filtered_slr_cstl_erosn_1pt1ft",
"crs": { "type": "name", "properties": { "name": "urn:ogc:def:crs:OGC:1.3:CRS84" } },
"features": [
{ "type": "Feature", "properties": { "id": 0.0, "Shape_Leng": 11104.8133567, "Shape_Area": 84163.261714099994 }, "geometry": { "type": "MultiPolygon", "coordinates": [ [ [ [ -159.5836, 22.2203 ], [ -159.58318, 22.2205 ], [ -159.58255, 22.22224 ], [ -159.58171, 22.22307 ], [ -159.58041, 22.22346 ], [ -159.57963, 22.22336 ], [ -159.57883, 22.223 ], [ -159.57847, 22.22354 ], [ -159.57596, 22.22376 ], [ -159.57232, 22.22344 ], [ -159.56834, 22.22157 ], [ -159.56683, 22.2202 ], [ -159.56561, 22.22011 ], [ -159.56145, 22.22327 ], [ -159.56074, 22.22338 ], [ -159.56067, 22.22407 ], [ -159.55883, 22.22596 ], [ -159.55731, 22.22599 ], [ -159.55675, 22.22585 ], [ -159.55486, 22.22452 ], [ -159.55285, 22.22426 ], [ -159.55103, 22.22485 ], [ -159.54821, 22.22414 ], [ -159.54606, 22.2233 ], [ -159.54458, 22.22158 ], [ -159.54439, 22.22101 ], [ -159.54443, 22.21964 ], [ -159.54251, 22.21776 ], [ -159.5423, 22.21687 ], [ -159.54451, 22.21961 ], [ -159.54466, 22.22153 ], [ -159.54609, 22.22321 ], [ -159.55127, 22.22476 ], [ -159.55286, 22.2242 ], [ -159.5546, 22.22438 ], [ -159.55584, 22.22497 ], [ -159.55677, 22.22572 ], [ -159.55714, 22.22582 ], [ -159.5587, 22.22582 ], [ -159.5606, 22.22326 ], [ -159.56556, 22.21994 ], [ -159.56689, 22.22001 ], [ -159.5684, 22.22144 ], [ -159.57238, 22.22332 ], [ -159.57595, 22.2236 ], [ -159.57847, 22.22342 ], [ -159.57883, 22.22288 ], [ -159.58163, 22.22294 ], [ -159.58302, 22.22043 ], [ -159.5836, 22.2203 ] ] ] ] } },
{ "type": "Feature", "properties": { "id": 1.0, "Shape_Leng": 883.17288755300001, "Shape_Area": 8788.0107172600001 }, "geometry": { "type": "MultiPolygon", "coordinates": [ [ [ [ -159.5422, 22.21513 ], [ -159.53892, 22.21319 ], [ -159.53906, 22.21296 ], [ -159.54081, 22.21373 ], [ -159.5422, 22.21513 ] ] ] ] } },
{ "type": "Feature", "properties": { "id": 2.0, "Shape_Leng": 2707.26966533, "Shape_Area": 21364.900070299998 }, "geometry": { "type": "MultiPolygon", "coordinates": [ [ [ [ -159.53141, 22.21576 ], [ -159.52763, 22.21487 ], [ -159.52549, 22.21506 ], [ -159.52362, 22.21403 ], [ -159.52272, 22.21477 ], [ -159.52233, 22.21471 ], [ -159.52196, 22.21407 ], [ -159.52015, 22.21462 ], [ -159.52132, 22.21391 ], [ -159.52221, 22.21394 ], [ -159.52278, 22.2146 ], [ -159.52368, 22.21388 ], [ -159.52556, 22.21489 ], [ -159.52768, 22.21473 ], [ -159.53141, 22.21576 ] ] ] ] } },
{ "type": "Feature", "properties": { "id": 3.0, "Shape_Leng": 2278.7494059599999, "Shape_Area": 11742.7864823 }, "geometry": { "type": "MultiPolygon", "coordinates": [ [ [ [ -159.51762, 22.21303 ], [ -159.518, 22.21166 ], [ -159.51698, 22.2098 ], [ -159.51669, 22.20728 ], [ -159.51371, 22.20441 ], [ -159.51686, 22.2074 ], [ -159.51814, 22.21166 ], [ -159.51762, 22.21303 ] ] ] ] } },
{ "type": "Feature", "properties": { "id": 4.0, "Shape_Leng": 129.52440147900001, "Shape_Area": 18.525166868900001 }, "geometry": { "type": "MultiPolygon", "coordinates": [ [ [ [ -159.51192, 22.20337 ], [ -159.51163, 22.20326 ], [ -159.51133, 22.20318 ], [ -159.51163, 22.20325 ], [ -159.51192, 22.20337 ] ] ] ] } },
{ "type": "Feature", "properties": { "id": 5.0, "Shape_Leng": 485.63214280300002, "Shape_Area": 885.55338872300001 }, "geometry": { "type": "MultiPolygon", "coordinates": [ [ [ [ -159.50839, 22.20304 ], [ -159.508, 22.20302 ], [ -159.50611, 22.20267 ], [ -159.5084, 22.20297 ], [ -159.50839, 22.20304 ] ] ] ] } },
{ "type": "Feature", "properties": { "id": 6.0, "Shape_Leng": 2555.33363306, "Shape_Area": 11861.7138108 }, "geometry": { "type": "MultiPolygon", "coordinates": [ [ [ [ -159.50136, 22.20444 ], [ -159.49978, 22.20543 ], [ -159.49972, 22.20565 ], [ -159.49857, 22.20692 ], [ -159.49827, 22.20695 ], [ -159.49824, 22.20737 ], [ -159.49725, 22.20957 ], [ -159.4969, 22.21353 ], [ -159.49649, 22.21406 ], [ -159.49716, 22.20954 ], [ -159.4982, 22.20691 ], [ -159.49974, 22.20538 ], [ -159.50136, 22.20444 ] ] ] ] } },
{ "type": "Feature", "properties": { "id": 7.0, "Shape_Leng": 993.95126713699995, "Shape_Area": 4506.8440465499998 }, "geometry": { "type": "MultiPolygon", "coordinates": [ [ [ [ -159.49844, 22.21558 ], [ -159.49882, 22.2166 ], [ -159.49794, 22.21948 ], [ -159.49874, 22.21663 ], [ -159.49844, 22.21558 ] ] ] ] } },
{ "type": "Feature", "properties": { "id": 8.0, "Shape_Leng": 910.25671512999998, "Shape_Area": 4035.7094083500001 }, "geometry": { "type": "MultiPolygon", "coordinates": [ [ [ [ -159.49625, 22.22321 ], [ -159.49461, 22.22363 ], [ -159.49384, 22.22355 ], [ -159.49232, 22.22435 ], [ -159.49382, 22.22346 ], [ -159.49625, 22.22321 ] ] ] ] } },
{ "type": "Feature", "properties": { "id": 9.0, "Shape_Leng": 178.066401512, "Shape_Area": 559.98524666000003 }, "geometry": { "type": "MultiPolygon", "coordinates": [ [ [ [ -159.47804, 22.22906 ], [ -159.47728, 22.22922 ], [ -159.47726, 22.22917 ], [ -159.4778, 22.22898 ], [ -159.47804, 22.22906 ] ] ] ] } },
{ "type": "Feature", "properties": { "id": 10.0, "Shape_Leng": 1600.0383098499999, "Shape_Area": 8146.2336309599996 }, "geometry": { "type": "MultiPolygon", "coordinates": [ [ [ [ -159.4719, 22.22621 ], [ -159.46902, 22.22628 ], [ -159.46757, 22.22575 ], [ -159.46686, 22.22522 ], [ -159.46544, 22.2235 ], [ -159.46762, 22.22565 ], [ -159.4719, 22.22621 ] ] ] ] } },
{ "type": "Feature", "properties": { "id": 11.0, "Shape_Leng": 40.631981848599999, "Shape_Area": 6.8542915693299999 }, "geometry": { "type": "MultiPolygon", "coordinates": [ [ [ [ -159.46396, 22.22306 ], [ -159.46377, 22.22308 ], [ -159.46396, 22.22305 ], [ -159.46396, 22.22306 ] ] ] ] } },
{ "type": "Feature", "properties": { "id": 12.0, "Shape_Leng": 1994.38480594, "Shape_Area": 10332.328917000001 }, "geometry": { "type": "MultiPolygon", "coordinates": [ [ [ [ -159.46321, 22.22312 ], [ -159.46074, 22.22376 ], [ -159.4594, 22.22485 ], [ -159.45528, 22.2261 ], [ -159.45455, 22.22589 ], [ -159.45933, 22.22473 ], [ -159.46068, 22.22367 ], [ -159.46321, 22.22312 ] ] ] ] } },
{ "type": "Feature", "properties": { "id": 13.0, "Shape_Leng": 3312.5261952199999, "Shape_Area": 15742.5952401 }, "geometry": { "type": "MultiPolygon", "coordinates": [ [ [ [ -159.45401, 22.22559 ], [ -159.44944, 22.22532 ], [ -159.44833, 22.2244 ], [ -159.44411, 22.2238 ], [ -159.43912, 22.22242 ], [ -159.44723, 22.22397 ], [ -159.44887, 22.2245 ], [ -159.44932, 22.22518 ], [ -159.45401, 22.22559 ] ] ] ] } },
{ "type": "Feature", "properties": { "id": 14.0, "Shape_Leng": 235.065687615, "Shape_Area": 1342.31104712 }, "geometry": { "type": "MultiPolygon", "coordinates": [ [ [ [ -159.43772, 22.22362 ], [ -159.43694, 22.22307 ], [ -159.43702, 22.22296 ], [ -159.43767, 22.22335 ], [ -159.43772, 22.22362 ] ] ] ] } },
{ "type": "Feature", "properties": { "id": 15.0, "Shape_Leng": 1387.23669748, "Shape_Area": 8799.0832074900009 }, "geometry": { "type": "MultiPolygon", "coordinates": [ [ [ [ -159.43521, 22.2221 ], [ -159.43347, 22.22038 ], [ -159.43182, 22.21769 ], [ -159.43125, 22.21742 ], [ -159.43193, 22.21761 ], [ -159.43521, 22.2221 ] ] ] ] } },
{ "type": "Feature", "properties": { "id": 16.0, "Shape_Leng": 905.72162246799996, "Shape_Area": 5488.4661306899998 }, "geometry": { "type": "MultiPolygon", "coordinates": [ [ [ [ -159.42831, 22.21588 ], [ -159.42585, 22.21693 ], [ -159.42537, 22.2182 ], [ -159.42578, 22.21684 ], [ -159.42831, 22.21588 ] ] ] ] } },
{ "type": "Feature", "properties": { "id": 17.0, "Shape_Leng": 1950.05397584, "Shape_Area": 15011.220696599999 }, "geometry": { "type": "MultiPolygon", "coordinates": [ [ [ [ -159.42015, 22.22254 ], [ -159.41873, 22.22224 ], [ -159.41863, 22.22284 ], [ -159.41828, 22.22311 ], [ -159.41752, 22.22203 ], [ -159.41608, 22.22286 ], [ -159.41298, 22.22307 ], [ -159.4175, 22.22191 ], [ -159.41826, 22.223 ], [ -159.41871, 22.2221 ], [ -159.42015, 22.22254 ] ] ] ] } },
{ "type": "Feature", "properties": { "id": 18.0, "Shape_Leng": 1984.1805196600001, "Shape_Area": 20538.4216547 }, "geometry": { "type": "MultiPolygon", "coordinates": [ [ [ [ -159.4123, 22.22286 ], [ -159.40968, 22.22414 ], [ -159.40686, 22.22494 ], [ -159.40456, 22.22712 ], [ -159.40678, 22.22479 ], [ -159.4123, 22.22286 ] ] ] ] } },
{ "type": "Feature", "properties": { "id": 19.0, "Shape_Leng": 639.90570153500005, "Shape_Area": 5823.32868134 }, "geometry": { "type": "MultiPolygon", "coordinates": [ [ [ [ -159.39563, 22.22493 ], [ -159.39438, 22.22373 ], [ -159.3934, 22.22383 ], [ -159.39449, 22.22357 ], [ -159.39563, 22.22493 ] ] ] ] } },
{ "type": "Feature", "properties": { "id": 20.0, "Shape_Leng": 233.48580323300001, "Shape_Area": 123.169081056 }, "geometry": { "type": "MultiPolygon", "coordinates": [ [ [ [ -159.38577, 22.21892 ], [ -159.38551, 22.21884 ], [ -159.38539, 22.2187 ], [ -159.38529, 22.21854 ], [ -159.38513, 22.21821 ], [ -159.3851, 22.21814 ], [ -159.38577, 22.21892 ] ] ] ] } },
{ "type": "Feature", "properties": { "id": 21.0, "Shape_Leng": 67.824079760900005, "Shape_Area": 31.9374048868 }, "geometry": { "type": "MultiPolygon", "coordinates": [ [ [ [ -159.38443, 22.21715 ], [ -159.38442, 22.21713 ], [ -159.38411, 22.21709 ], [ -159.38414, 22.21708 ], [ -159.38442, 22.21713 ], [ -159.38443, 22.21715 ] ] ] ] } },
{ "type": "Feature", "properties": { "id": 22.0, "Shape_Leng": 628.92384076200005, "Shape_Area": 2918.3678913399999 }, "geometry": { "type": "MultiPolygon", "coordinates": [ [ [ [ -159.38358, 22.21662 ], [ -159.38299, 22.21654 ], [ -159.38231, 22.21617 ], [ -159.38076, 22.21591 ], [ -159.38235, 22.21608 ], [ -159.38358, 22.21662 ] ] ] ] } },
{ "type": "Feature", "properties": { "id": 23.0, "Shape_Leng": 367.13451471799999, "Shape_Area": 2512.3714050600001 }, "geometry": { "type": "MultiPolygon", "coordinates": [ [ [ [ -159.37546, 22.21646 ], [ -159.37521, 22.21603 ], [ -159.37421, 22.21595 ], [ -159.37527, 22.21586 ], [ -159.37546, 22.21646 ] ] ] ] } },
{ "type": "Feature", "properties": { "id": 24.0, "Shape_Leng": 838.71691874400005, "Shape_Area": 5331.05748735 }, "geometry": { "type": "MultiPolygon", "coordinates": [ [ [ [ -159.37333, 22.21563 ], [ -159.37234, 22.21551 ], [ -159.3699, 22.21431 ], [ -159.37327, 22.21529 ], [ -159.37333, 22.21563 ] ] ] ] } },
{ "type": "Feature", "properties": { "id": 25.0, "Shape_Leng": 586.09263665000003, "Shape_Area": 3655.32985048 }, "geometry": { "type": "MultiPolygon", "coordinates": [ [ [ [ -159.36421, 22.21128 ], [ -159.36326, 22.21148 ], [ -159.36156, 22.2112 ], [ -159.3642, 22.21115 ], [ -159.36421, 22.21128 ] ] ] ] } },
{ "type": "Feature", "properties": { "id": 26.0, "Shape_Leng": 466.818978087, "Shape_Area": 2378.48636532 }, "geometry": { "type": "MultiPolygon", "coordinates": [ [ [ [ -159.36002, 22.21165 ], [ -159.3579, 22.21142 ], [ -159.35792, 22.21132 ], [ -159.35927, 22.21141 ], [ -159.36002, 22.21165 ] ] ] ] } },
{ "type": "Feature", "properties": { "id": 27.0, "Shape_Leng": 1242.5824183100001, "Shape_Area": 5502.3774618500001 }, "geometry": { "type": "MultiPolygon", "coordinates": [ [ [ [ -159.34782, 22.21171 ], [ -159.34677, 22.21152 ], [ -159.34385, 22.21003 ], [ -159.3435, 22.20977 ], [ -159.34306, 22.20897 ], [ -159.34782, 22.21171 ] ] ] ] } },
{ "type": "Feature", "properties": { "id": 28.0, "Shape_Leng": 1586.29968147, "Shape_Area": 7048.1421870599997 }, "geometry": { "type": "MultiPolygon", "coordinates": [ [ [ [ -159.34164, 22.20843 ], [ -159.34146, 22.20806 ], [ -159.34124, 22.20802 ], [ -159.33907, 22.20649 ], [ -159.33597, 22.20404 ], [ -159.34155, 22.20795 ], [ -159.34164, 22.20843 ] ] ] ] } },
{ "type": "Feature", "properties": { "id": 29.0, "Shape_Leng": 150.317692693, "Shape_Area": 570.19994340400001 }, "geometry": { "type": "MultiPolygon", "coordinates": [ [ [ [ -159.33472, 22.2022 ], [ -159.33438, 22.20173 ], [ -159.33444, 22.20165 ], [ -159.33471, 22.20191 ], [ -159.33472, 22.2022 ] ] ] ] } },
{ "type": "Feature", "properties": { "id": 30.0, "Shape_Leng": 328.34017376000003, "Shape_Area": 1239.7935308599999 }, "geometry": { "type": "MultiPolygon", "coordinates": [ [ [ [ -159.33315, 22.19672 ], [ -159.33372, 22.19637 ], [ -159.334, 22.19572 ], [ -159.33362, 22.19663 ], [ -159.33315, 22.19672 ] ] ] ] } },
{ "type": "Feature", "properties": { "id": 31.0, "Shape_Leng": 97.983834259100007, "Shape_Area": 80.093241467499993 }, "geometry": { "type": "MultiPolygon", "coordinates": [ [ [ [ -159.33405, 22.19499 ], [ -159.33401, 22.19457 ], [ -159.33404, 22.19456 ], [ -159.33404, 22.19474 ], [ -159.33405, 22.19499 ] ] ] ] } },
{ "type": "Feature", "properties": { "id": 32.0, "Shape_Leng": 1523.7525650499999, "Shape_Area": 15646.6795287 }, "geometry": { "type": "MultiPolygon", "coordinates": [ [ [ [ -159.33364, 22.19404 ], [ -159.33176, 22.19267 ], [ -159.32905, 22.19404 ], [ -159.32769, 22.19362 ], [ -159.32903, 22.19375 ], [ -159.33176, 22.19248 ], [ -159.33364, 22.19404 ] ] ] ] } },
{ "type": "Feature", "properties": { "id": 33.0, "Shape_Leng": 138.76014774000001, "Shape_Area": 1145.98649411 }, "geometry": { "type": "MultiPolygon", "coordinates": [ [ [ [ -159.31328, 22.17445 ], [ -159.31317, 22.1741 ], [ -159.31345, 22.17405 ], [ -159.31355, 22.17439 ], [ -159.31328, 22.17445 ] ] ] ] } },
{ "type": "Feature", "properties": { "id": 34.0, "Shape_Leng": 424.70295697500001, "Shape_Area": 2619.7101606800002 }, "geometry": { "type": "MultiPolygon", "coordinates": [ [ [ [ -159.31355, 22.1737 ], [ -159.31392, 22.17205 ], [ -159.31404, 22.17204 ], [ -159.31375, 22.17379 ], [ -159.31355, 22.1737 ] ] ] ] } },
{ "type": "Feature", "properties": { "id": 35.0, "Shape_Leng": 1295.9743935500001, "Shape_Area": 7903.18104907 }, "geometry": { "type": "MultiPolygon", "coordinates": [ [ [ [ -159.31119, 22.17065 ], [ -159.31081, 22.17023 ], [ -159.3095, 22.16781 ], [ -159.30889, 22.16622 ], [ -159.30903, 22.16552 ], [ -159.31119, 22.17065 ] ] ] ] } },
{ "type": "Feature", "properties": { "id": 36.0, "Shape_Leng": 66.023933264700005, "Shape_Area": 258.03470237900001 }, "geometry": { "type": "MultiPolygon", "coordinates": [ [ [ [ -159.30901, 22.16458 ], [ -159.30903, 22.1644 ], [ -159.30915, 22.16439 ], [ -159.30914, 22.16457 ], [ -159.30901, 22.16458 ] ] ] ] } },
{ "type": "Feature", "properties": { "id": 37.0, "Shape_Leng": 3425.1126450500001, "Shape_Area": 30069.491053199999 }, "geometry": { "type": "MultiPolygon", "coordinates": [ [ [ [ -159.30935, 22.16373 ], [ -159.30949, 22.16292 ], [ -159.30776, 22.16032 ], [ -159.30512, 22.1579 ], [ -159.30598, 22.15524 ], [ -159.30586, 22.15181 ], [ -159.30599, 22.15091 ], [ -159.30621, 22.15037 ], [ -159.30611, 22.15524 ], [ -159.30535, 22.15781 ], [ -159.30845, 22.16098 ], [ -159.30978, 22.16318 ], [ -159.30935, 22.16373 ] ] ] ] } },
{ "type": "Feature", "properties": { "id": 38.0, "Shape_Leng": 1140.8386728099999, "Shape_Area": 8348.2617372000004 }, "geometry": { "type": "MultiPolygon", "coordinates": [ [ [ [ -159.30351, 22.14643 ], [ -159.30258, 22.14619 ], [ -159.29912, 22.14632 ], [ -159.29815, 22.14609 ], [ -159.30259, 22.14608 ], [ -159.30351, 22.14643 ] ] ] ] } },
{ "type": "Feature", "properties": { "id": 39.0, "Shape_Leng": 906.00112321799998, "Shape_Area": 4034.0215367000001 }, "geometry": { "type": "MultiPolygon", "coordinates": [ [ [ [ -159.29387, 22.14313 ], [ -159.29333, 22.14136 ], [ -159.29356, 22.14066 ], [ -159.2933, 22.13987 ], [ -159.2935, 22.13951 ], [ -159.29387, 22.14313 ] ] ] ] } },
{ "type": "Feature", "properties": { "id": 40.0, "Shape_Leng": 216.57523792399999, "Shape_Area": 1224.8665464000001 }, "geometry": { "type": "MultiPolygon", "coordinates": [ [ [ [ -159.29424, 22.13718 ], [ -159.2942, 22.13646 ], [ -159.29437, 22.13645 ], [ -159.29457, 22.1368 ], [ -159.29424, 22.13718 ] ] ] ] } },
{ "type": "Feature", "properties": { "id": 41.0, "Shape_Leng": 111.73808136700001, "Shape_Area": 342.41134256399999 }, "geometry": { "type": "MultiPolygon", "coordinates": [ [ [ [ -159.29428, 22.1361 ], [ -159.2943, 22.13582 ], [ -159.29432, 22.13564 ], [ -159.29438, 22.13591 ], [ -159.29428, 22.1361 ] ] ] ] } },
{ "type": "Feature", "properties": { "id": 42.0, "Shape_Leng": 555.82573057299999, "Shape_Area": 2583.17340169 }, "geometry": { "type": "MultiPolygon", "coordinates": [ [ [ [ -159.2951, 22.13377 ], [ -159.29459, 22.13256 ], [ -159.29472, 22.13164 ], [ -159.29532, 22.13344 ], [ -159.2951, 22.13377 ] ] ] ] } },
{ "type": "Feature", "properties": { "id": 43.0, "Shape_Leng": 243.42438893400001, "Shape_Area": 1420.3178616499999 }, "geometry": { "type": "MultiPolygon", "coordinates": [ [ [ [ -159.29475, 22.13009 ], [ -159.29461, 22.12975 ], [ -159.29412, 22.12945 ], [ -159.29473, 22.12968 ], [ -159.29475, 22.13009 ] ] ] ] } },
{ "type": "Feature", "properties": { "id": 44.0, "Shape_Leng": 598.71406823500001, "Shape_Area": 3048.8396626200001 }, "geometry": { "type": "MultiPolygon", "coordinates": [ [ [ [ -159.29393, 22.12486 ], [ -159.29428, 22.12366 ], [ -159.2935, 22.12274 ], [ -159.29439, 22.12365 ], [ -159.29393, 22.12486 ] ] ] ] } },
{ "type": "Feature", "properties": { "id": 45.0, "Shape_Leng": 731.36629154699995, "Shape_Area": 3668.8837732299999 }, "geometry": { "type": "MultiPolygon", "coordinates": [ [ [ [ -159.29418, 22.12259 ], [ -159.29537, 22.12254 ], [ -159.29624, 22.12091 ], [ -159.29573, 22.12239 ], [ -159.29475, 22.12281 ], [ -159.29418, 22.12259 ] ] ] ] } },
{ "type": "Feature", "properties": { "id": 46.0, "Shape_Leng": 59.889336928500001, "Shape_Area": 198.893415721 }, "geometry": { "type": "MultiPolygon", "coordinates": [ [ [ [ -159.29558, 22.11967 ], [ -159.29564, 22.11974 ], [ -159.29549, 22.11986 ], [ -159.29543, 22.11979 ], [ -159.29558, 22.11967 ] ] ] ] } },
{ "type": "Feature", "properties": { "id": 47.0, "Shape_Leng": 1113.13415439, "Shape_Area": 8013.5571815200001 }, "geometry": { "type": "MultiPolygon", "coordinates": [ [ [ [ -159.29606, 22.11676 ], [ -159.29692, 22.11578 ], [ -159.29688, 22.11231 ], [ -159.29721, 22.11491 ], [ -159.29702, 22.1158 ], [ -159.29606, 22.11676 ] ] ] ] } },
{ "type": "Feature", "properties": { "id": 48.0, "Shape_Leng": 64.281694728399998, "Shape_Area": 255.559347379 }, "geometry": { "type": "MultiPolygon", "coordinates": [ [ [ [ -159.29687, 22.10647 ], [ -159.29683, 22.10632 ], [ -159.29696, 22.10627 ], [ -159.29701, 22.10642 ], [ -159.29687, 22.10647 ] ] ] ] } },
{ "type": "Feature", "properties": { "id": 49.0, "Shape_Leng": 2769.0935964499999, "Shape_Area": 32834.244478599998 }, "geometry": { "type": "MultiPolygon", "coordinates": [ [ [ [ -159.30243, 22.10004 ], [ -159.30484, 22.09894 ], [ -159.30651, 22.09408 ], [ -159.30704, 22.09393 ], [ -159.30628, 22.09051 ], [ -159.30733, 22.09376 ], [ -159.30617, 22.09668 ], [ -159.3051, 22.09902 ], [ -159.30409, 22.09993 ], [ -159.30243, 22.10004 ] ] ] ] } },
{ "type": "Feature", "properties": { "id": 50.0, "Shape_Leng": 1524.1974499400001, "Shape_Area": 11662.8424934 }, "geometry": { "type": "MultiPolygon", "coordinates": [ [ [ [ -159.31131, 22.08333 ], [ -159.31294, 22.08007 ], [ -159.31498, 22.07764 ], [ -159.31305, 22.08013 ], [ -159.31131, 22.08333 ] ] ] ] } },
{ "type": "Feature", "properties": { "id": 51.0, "Shape_Leng": 1555.23310907, "Shape_Area": 13812.9754526 }, "geometry": { "type": "MultiPolygon", "coordinates": [ [ [ [ -159.31549, 22.07707 ], [ -159.31736, 22.07442 ], [ -159.31734, 22.0709 ], [ -159.31752, 22.07441 ], [ -159.31549, 22.07707 ] ] ] ] } },
{ "type": "Feature", "properties": { "id": 52.0, "Shape_Leng": 2598.1155599499998, "Shape_Area": 16408.7005823 }, "geometry": { "type": "MultiPolygon", "coordinates": [ [ [ [ -159.31655, 22.07056 ], [ -159.31646, 22.07025 ], [ -159.3167, 22.06915 ], [ -159.3185, 22.06318 ], [ -159.31855, 22.06101 ], [ -159.31938, 22.05947 ], [ -159.31859, 22.06101 ], [ -159.31867, 22.06319 ], [ -159.31655, 22.07056 ] ] ] ] } },
{ "type": "Feature", "properties": { "id": 53.0, "Shape_Leng": 2870.0232918500001, "Shape_Area": 15047.9739171 }, "geometry": { "type": "MultiPolygon", "coordinates": [ [ [ [ -159.31957, 22.05909 ], [ -159.32092, 22.05752 ], [ -159.32178, 22.0559 ], [ -159.32211, 22.05554 ], [ -159.32563, 22.05415 ], [ -159.32723, 22.0526 ], [ -159.32964, 22.05109 ], [ -159.32576, 22.05428 ], [ -159.32213, 22.05557 ], [ -159.32097, 22.05755 ], [ -159.31957, 22.05909 ] ] ] ] } },
{ "type": "Feature", "properties": { "id": 54.0, "Shape_Leng": 526.25622638200002, "Shape_Area": 4383.9488839899996 }, "geometry": { "type": "MultiPolygon", "coordinates": [ [ [ [ -159.33017, 22.05124 ], [ -159.33112, 22.05168 ], [ -159.33226, 22.05141 ], [ -159.33119, 22.05184 ], [ -159.33017, 22.05124 ] ] ] ] } },
{ "type": "Feature", "properties": { "id": 55.0, "Shape_Leng": 1476.8352524300001, "Shape_Area": 4569.9599507700004 }, "geometry": { "type": "MultiPolygon", "coordinates": [ [ [ [ -159.33264, 22.0508 ], [ -159.33416, 22.05013 ], [ -159.33593, 22.04554 ], [ -159.33426, 22.05016 ], [ -159.33264, 22.0508 ] ] ] ] } },
{ "type": "Feature", "properties": { "id": 56.0, "Shape_Leng": 1514.9990950599999, "Shape_Area": 13338.950932600001 }, "geometry": { "type": "MultiPolygon", "coordinates": [ [ [ [ -159.33502, 22.04303 ], [ -159.33455, 22.04247 ], [ -159.33474, 22.04096 ], [ -159.33583, 22.03674 ], [ -159.33502, 22.04303 ] ] ] ] } },
{ "type": "Feature", "properties": { "id": 57.0, "Shape_Leng": 7619.6330679499997, "Shape_Area": 56107.775386599998 }, "geometry": { "type": "MultiPolygon", "coordinates": [ [ [ [ -159.33586, 22.0362 ], [ -159.33625, 22.03379 ], [ -159.33742, 22.03111 ], [ -159.33827, 22.02988 ], [ -159.3391, 22.02383 ], [ -159.33859, 22.02115 ], [ -159.33849, 22.01989 ], [ -159.33849, 22.01862 ], [ -159.33882, 22.01771 ], [ -159.33784, 22.01565 ], [ -159.33734, 22.01334 ], [ -159.3372, 22.01208 ], [ -159.33741, 22.01185 ], [ -159.3366, 22.0109 ], [ -159.33598, 22.00807 ], [ -159.3357, 22.00398 ], [ -159.33682, 22.01105 ], [ -159.33756, 22.01183 ], [ -159.338, 22.01565 ], [ -159.33901, 22.01772 ], [ -159.33857, 22.01989 ], [ -159.33927, 22.02382 ], [ -159.33838, 22.02993 ], [ -159.33586, 22.0362 ] ] ] ] } },
{ "type": "Feature", "properties": { "id": 58.0, "Shape_Leng": 817.93350281000005, "Shape_Area": 7826.9813047999996 }, "geometry": { "type": "MultiPolygon", "coordinates": [ [ [ [ -159.34134, 21.99456 ], [ -159.34055, 21.99121 ], [ -159.34075, 21.99115 ], [ -159.34148, 21.99318 ], [ -159.34134, 21.99456 ] ] ] ] } },
{ "type": "Feature", "properties": { "id": 59.0, "Shape_Leng": 936.63588786900004, "Shape_Area": 3274.6590124099998 }, "geometry": { "type": "MultiPolygon", "coordinates": [ [ [ [ -159.35186, 21.96035 ], [ -159.35168, 21.96046 ], [ -159.35149, 21.96054 ], [ -159.35112, 21.96064 ], [ -159.34958, 21.96083 ], [ -159.34853, 21.96056 ], [ -159.34786, 21.95991 ], [ -159.34957, 21.96078 ], [ -159.35186, 21.96035 ] ] ] ] } },
{ "type": "Feature", "properties": { "id": 60.0, "Shape_Leng": 209.46613424099999, "Shape_Area": 1635.06556671 }, "geometry": { "type": "MultiPolygon", "coordinates": [ [ [ [ -159.34219, 21.95883 ], [ -159.34183, 21.95908 ], [ -159.34142, 21.95877 ], [ -159.34181, 21.95889 ], [ -159.34219, 21.95883 ] ] ] ] } },
{ "type": "Feature", "properties": { "id": 61.0, "Shape_Leng": 119.591137608, "Shape_Area": 744.59654027 }, "geometry": { "type": "MultiPolygon", "coordinates": [ [ [ [ -159.33791, 21.95807 ], [ -159.33779, 21.9582 ], [ -159.33747, 21.95801 ], [ -159.33758, 21.95788 ], [ -159.33791, 21.95807 ] ] ] ] } },
{ "type": "Feature", "properties": { "id": 62.0, "Shape_Leng": 520.88695692, "Shape_Area": 1498.01389675 }, "geometry": { "type": "MultiPolygon", "coordinates": [ [ [ [ -159.39063, 21.90756 ], [ -159.39075, 21.9076 ], [ -159.391, 21.90826 ], [ -159.39085, 21.9084 ], [ -159.39073, 21.90913 ], [ -159.39046, 21.90972 ], [ -159.39063, 21.90756 ] ] ] ] } },
{ "type": "Feature", "properties": { "id": 63.0, "Shape_Leng": 1500.2760827699999, "Shape_Area": 5025.7711381299996 }, "geometry": { "type": "MultiPolygon", "coordinates": [ [ [ [ -159.3904, 21.90986 ], [ -159.39033, 21.91053 ], [ -159.38962, 21.91183 ], [ -159.38933, 21.91223 ], [ -159.38794, 21.91339 ], [ -159.38743, 21.91365 ], [ -159.38716, 21.91367 ], [ -159.38629, 21.91354 ], [ -159.38552, 21.91321 ], [ -159.3879, 21.91332 ], [ -159.3904, 21.90986 ] ] ] ] } },
{ "type": "Feature", "properties": { "id": 64.0, "Shape_Leng": 288.59110525400001, "Shape_Area": 2689.8566893100001 }, "geometry": { "type": "MultiPolygon", "coordinates": [ [ [ [ -159.38512, 21.91365 ], [ -159.38556, 21.91405 ], [ -159.38553, 21.91467 ], [ -159.38536, 21.91414 ], [ -159.38512, 21.91365 ] ] ] ] } },
{ "type": "Feature", "properties": { "id": 65.0, "Shape_Leng": 1054.30762043, "Shape_Area": 6149.4439164100004 }, "geometry": { "type": "MultiPolygon", "coordinates": [ [ [ [ -159.38319, 21.91751 ], [ -159.38343, 21.91758 ], [ -159.3839, 21.91816 ], [ -159.38393, 21.91917 ], [ -159.38339, 21.91979 ], [ -159.38243, 21.92027 ], [ -159.38148, 21.92047 ], [ -159.38384, 21.91914 ], [ -159.38319, 21.91751 ] ] ] ] } },
{ "type": "Feature", "properties": { "id": 66.0, "Shape_Leng": 1260.4975260799999, "Shape_Area": 5667.5449477700004 }, "geometry": { "type": "MultiPolygon", "coordinates": [ [ [ [ -159.38053, 21.92063 ], [ -159.38052, 21.92086 ], [ -159.38007, 21.92145 ], [ -159.37907, 21.92208 ], [ -159.37869, 21.92216 ], [ -159.37786, 21.92208 ], [ -159.37653, 21.92294 ], [ -159.37558, 21.92312 ], [ -159.37784, 21.92205 ], [ -159.37905, 21.922 ], [ -159.38053, 21.92063 ] ] ] ] } },
{ "type": "Feature", "properties": { "id": 67.0, "Shape_Leng": 156.74960761899999, "Shape_Area": 980.84160081200002 }, "geometry": { "type": "MultiPolygon", "coordinates": [ [ [ [ -159.41807, 21.88788 ], [ -159.41807, 21.88815 ], [ -159.41774, 21.88834 ], [ -159.41762, 21.88822 ], [ -159.41807, 21.88788 ] ] ] ] } },
{ "type": "Feature", "properties": { "id": 68.0, "Shape_Leng": 1978.9104621399999, "Shape_Area": 10241.741151099999 }, "geometry": { "type": "MultiPolygon", "coordinates": [ [ [ [ -159.41673, 21.88875 ], [ -159.41658, 21.88893 ], [ -159.41051, 21.89008 ], [ -159.41106, 21.89158 ], [ -159.41101, 21.89246 ], [ -159.41075, 21.89259 ], [ -159.41049, 21.89001 ], [ -159.41673, 21.88875 ] ] ] ] } },
{ "type": "Feature", "properties": { "id": 69.0, "Shape_Leng": 96.753159240700001, "Shape_Area": 330.219467366 }, "geometry": { "type": "MultiPolygon", "coordinates": [ [ [ [ -159.41025, 21.89298 ], [ -159.41028, 21.89304 ], [ -159.40992, 21.89317 ], [ -159.40989, 21.8931 ], [ -159.41025, 21.89298 ] ] ] ] } },
{ "type": "Feature", "properties": { "id": 70.0, "Shape_Leng": 276.86584421100002, "Shape_Area": 2218.9088790300002 }, "geometry": { "type": "MultiPolygon", "coordinates": [ [ [ [ -159.40582, 21.89461 ], [ -159.4062, 21.89477 ], [ -159.40595, 21.89532 ], [ -159.4056, 21.89551 ], [ -159.40582, 21.89461 ] ] ] ] } },
{ "type": "Feature", "properties": { "id": 71.0, "Shape_Leng": 251.062767304, "Shape_Area": 617.46662772900004 }, "geometry": { "type": "MultiPolygon", "coordinates": [ [ [ [ -159.40429, 21.89895 ], [ -159.40459, 21.89931 ], [ -159.40386, 21.89955 ], [ -159.40451, 21.89927 ], [ -159.40429, 21.89895 ] ] ] ] } },
{ "type": "Feature", "properties": { "id": 72.0, "Shape_Leng": 914.32501595600002, "Shape_Area": 7402.5151724500001 }, "geometry": { "type": "MultiPolygon", "coordinates": [ [ [ [ -159.4402, 21.87376 ], [ -159.44031, 21.87404 ], [ -159.43986, 21.87444 ], [ -159.43671, 21.87506 ], [ -159.43649, 21.8749 ], [ -159.4402, 21.87376 ] ] ] ] } },
{ "type": "Feature", "properties": { "id": 73.0, "Shape_Leng": 677.10709370899997, "Shape_Area": 6742.7239423399997 }, "geometry": { "type": "MultiPolygon", "coordinates": [ [ [ [ -159.5038, 21.88875 ], [ -159.50259, 21.88926 ], [ -159.50163, 21.88862 ], [ -159.50147, 21.8881 ], [ -159.5027, 21.88904 ], [ -159.5038, 21.88875 ] ] ] ] } },
{ "type": "Feature", "properties": { "id": 74.0, "Shape_Leng": 53.569253613000001, "Shape_Area": 133.85520653699999 }, "geometry": { "type": "MultiPolygon", "coordinates": [ [ [ [ -159.49198, 21.88548 ], [ -159.49204, 21.88549 ], [ -159.49204, 21.88567 ], [ -159.49197, 21.88566 ], [ -159.49198, 21.88548 ] ] ] ] } },
{ "type": "Feature", "properties": { "id": 75.0, "Shape_Leng": 284.14362251099999, "Shape_Area": 578.585344437 }, "geometry": { "type": "MultiPolygon", "coordinates": [ [ [ [ -159.48743, 21.88555 ], [ -159.48719, 21.88526 ], [ -159.48708, 21.88495 ], [ -159.48703, 21.88458 ], [ -159.48712, 21.88441 ], [ -159.48743, 21.88555 ] ] ] ] } },
{ "type": "Feature", "properties": { "id": 76.0, "Shape_Leng": 404.97126452499998, "Shape_Area": 659.76005625100004 }, "geometry": { "type": "MultiPolygon", "coordinates": [ [ [ [ -159.47793, 21.88186 ], [ -159.47772, 21.88194 ], [ -159.47675, 21.88188 ], [ -159.47635, 21.88182 ], [ -159.47617, 21.88176 ], [ -159.47603, 21.8817 ], [ -159.47793, 21.88186 ] ] ] ] } },
{ "type": "Feature", "properties": { "id": 77.0, "Shape_Leng": 275.990362038, "Shape_Area": 703.61142465299997 }, "geometry": { "type": "MultiPolygon", "coordinates": [ [ [ [ -159.47411, 21.88111 ], [ -159.47392, 21.88117 ], [ -159.47348, 21.88116 ], [ -159.47324, 21.88102 ], [ -159.47307, 21.88069 ], [ -159.47411, 21.88111 ] ] ] ] } },
{ "type": "Feature", "properties": { "id": 78.0, "Shape_Leng": 399.21204174600001, "Shape_Area": 361.36290543400003 }, "geometry": { "type": "MultiPolygon", "coordinates": [ [ [ [ -159.47277, 21.8802 ], [ -159.47258, 21.8801 ], [ -159.47244, 21.87988 ], [ -159.47226, 21.87981 ], [ -159.47203, 21.87983 ], [ -159.47165, 21.87973 ], [ -159.47116, 21.87942 ], [ -159.47244, 21.87987 ], [ -159.47277, 21.8802 ] ] ] ] } },
{ "type": "Feature", "properties": { "id": 79.0, "Shape_Leng": 132.78800913500001, "Shape_Area": 343.96398213700002 }, "geometry": { "type": "MultiPolygon", "coordinates": [ [ [ [ -159.46485, 21.87673 ], [ -159.46447, 21.87668 ], [ -159.46431, 21.87652 ], [ -159.46448, 21.87663 ], [ -159.46485, 21.87673 ] ] ] ] } },
{ "type": "Feature", "properties": { "id": 80.0, "Shape_Leng": 168.82395316899999, "Shape_Area": 391.96334215899998 }, "geometry": { "type": "MultiPolygon", "coordinates": [ [ [ [ -159.46377, 21.8764 ], [ -159.46316, 21.87641 ], [ -159.463, 21.87633 ], [ -159.46304, 21.87628 ], [ -159.46377, 21.8764 ] ] ] ] } },
{ "type": "Feature", "properties": { "id": 81.0, "Shape_Leng": 1263.3416093799999, "Shape_Area": 7473.2975663699999 }, "geometry": { "type": "MultiPolygon", "coordinates": [ [ [ [ -159.46219, 21.87569 ], [ -159.46175, 21.87555 ], [ -159.46086, 21.87618 ], [ -159.45979, 21.87621 ], [ -159.45754, 21.87478 ], [ -159.45735, 21.8743 ], [ -159.45985, 21.87609 ], [ -159.4617, 21.87549 ], [ -159.46219, 21.87569 ] ] ] ] } },
{ "type": "Feature", "properties": { "id": 82.0, "Shape_Leng": 785.59162644900005, "Shape_Area": 3645.4318681499999 }, "geometry": { "type": "MultiPolygon", "coordinates": [ [ [ [ -159.45664, 21.874 ], [ -159.45622, 21.87418 ], [ -159.45392, 21.87345 ], [ -159.45356, 21.8728 ], [ -159.45664, 21.874 ] ] ] ] } },
{ "type": "Feature", "properties": { "id": 83.0, "Shape_Leng": 281.08203615100001, "Shape_Area": 1853.3456125299999 }, "geometry": { "type": "MultiPolygon", "coordinates": [ [ [ [ -159.4519, 21.873 ], [ -159.45118, 21.87337 ], [ -159.45088, 21.87304 ], [ -159.45123, 21.8732 ], [ -159.4519, 21.873 ] ] ] ] } },
{ "type": "Feature", "properties": { "id": 84.0, "Shape_Leng": 64.279239872399998, "Shape_Area": 200.21666471399999 }, "geometry": { "type": "MultiPolygon", "coordinates": [ [ [ [ -159.62875, 21.91118 ], [ -159.62869, 21.91124 ], [ -159.62848, 21.91119 ], [ -159.62855, 21.91112 ], [ -159.62875, 21.91118 ] ] ] ] } },
{ "type": "Feature", "properties": { "id": 85.0, "Shape_Leng": 194.278647361, "Shape_Area": 1239.0212855499999 }, "geometry": { "type": "MultiPolygon", "coordinates": [ [ [ [ -159.62177, 21.90754 ], [ -159.62169, 21.90768 ], [ -159.62105, 21.90726 ], [ -159.62113, 21.90714 ], [ -159.62177, 21.90754 ] ] ] ] } },
{ "type": "Feature", "properties": { "id": 86.0, "Shape_Leng": 2244.9010341200001, "Shape_Area": 17776.159373900002 }, "geometry": { "type": "MultiPolygon", "coordinates": [ [ [ [ -159.60994, 21.90084 ], [ -159.6091, 21.90091 ], [ -159.60771, 21.90031 ], [ -159.60709, 21.89964 ], [ -159.60679, 21.89876 ], [ -159.60695, 21.89689 ], [ -159.60726, 21.8958 ], [ -159.60554, 21.89408 ], [ -159.60553, 21.89378 ], [ -159.6074, 21.89579 ], [ -159.60733, 21.89973 ], [ -159.60994, 21.90084 ] ] ] ] } },
{ "type": "Feature", "properties": { "id": 87.0, "Shape_Leng": 557.48623363499996, "Shape_Area": 7796.0824265399997 }, "geometry": { "type": "MultiPolygon", "coordinates": [ [ [ [ -159.59092, 21.90406 ], [ -159.59026, 21.9039 ], [ -159.58912, 21.90262 ], [ -159.5895, 21.90244 ], [ -159.59092, 21.90406 ] ] ] ] } },
{ "type": "Feature", "properties": { "id": 88.0, "Shape_Leng": 298.58014582599998, "Shape_Area": 1074.887538 }, "geometry": { "type": "MultiPolygon", "coordinates": [ [ [ [ -159.58496, 21.89827 ], [ -159.58412, 21.89826 ], [ -159.58381, 21.89802 ], [ -159.58445, 21.89801 ], [ -159.58496, 21.89827 ] ] ] ] } },
{ "type": "Feature", "properties": { "id": 89.0, "Shape_Leng": 298.80276607299999, "Shape_Area": 726.90685102600003 }, "geometry": { "type": "MultiPolygon", "coordinates": [ [ [ [ -159.57503, 21.89748 ], [ -159.57466, 21.89732 ], [ -159.5744, 21.89706 ], [ -159.57417, 21.89675 ], [ -159.57412, 21.89653 ], [ -159.57503, 21.89748 ] ] ] ] } },
{ "type": "Feature", "properties": { "id": 90.0, "Shape_Leng": 110.016608369, "Shape_Area": 534.95827359500004 }, "geometry": { "type": "MultiPolygon", "coordinates": [ [ [ [ -159.52746, 21.88402 ], [ -159.52741, 21.88413 ], [ -159.52707, 21.88396 ], [ -159.52712, 21.88384 ], [ -159.52746, 21.88402 ] ] ] ] } },
{ "type": "Feature", "properties": { "id": 91.0, "Shape_Leng": 723.75571875599996, "Shape_Area": 5847.7209584100001 }, "geometry": { "type": "MultiPolygon", "coordinates": [ [ [ [ -159.52607, 21.88488 ], [ -159.52563, 21.88531 ], [ -159.52347, 21.8861 ], [ -159.52301, 21.88602 ], [ -159.52607, 21.88488 ] ] ] ] } },
{ "type": "Feature", "properties": { "id": 92.0, "Shape_Leng": 413.98623814199999, "Shape_Area": 3593.63843929 }, "geometry": { "type": "MultiPolygon", "coordinates": [ [ [ [ -159.63579, 21.91688 ], [ -159.63588, 21.91724 ], [ -159.6369, 21.91804 ], [ -159.63564, 21.9173 ], [ -159.63579, 21.91688 ] ] ] ] } },
{ "type": "Feature", "properties": { "id": 93.0, "Shape_Leng": 218.361640147, "Shape_Area": 2057.4621764399999 }, "geometry": { "type": "MultiPolygon", "coordinates": [ [ [ [ -159.63727, 21.91969 ], [ -159.63743, 21.92028 ], [ -159.63725, 21.92038 ], [ -159.63695, 21.91983 ], [ -159.63727, 21.91969 ] ] ] ] } },
{ "type": "Feature", "properties": { "id": 94.0, "Shape_Leng": 344.64857461000003, "Shape_Area": 5321.2603807799997 }, "geometry": { "type": "MultiPolygon", "coordinates": [ [ [ [ -159.63768, 21.92151 ], [ -159.63849, 21.92213 ], [ -159.63829, 21.92238 ], [ -159.63729, 21.92197 ], [ -159.63768, 21.92151 ] ] ] ] } },
{ "type": "Feature", "properties": { "id": 95.0, "Shape_Leng": 102.58148136, "Shape_Area": 624.84946011399995 }, "geometry": { "type": "MultiPolygon", "coordinates": [ [ [ [ -159.63921, 21.92244 ], [ -159.63936, 21.92255 ], [ -159.63919, 21.92277 ], [ -159.63902, 21.92267 ], [ -159.63921, 21.92244 ] ] ] ] } },
{ "type": "Feature", "properties": { "id": 96.0, "Shape_Leng": 1079.4185402200001, "Shape_Area": 9877.5390247199994 }, "geometry": { "type": "MultiPolygon", "coordinates": [ [ [ [ -159.64048, 21.92432 ], [ -159.64245, 21.9251 ], [ -159.64397, 21.9272 ], [ -159.64219, 21.92516 ], [ -159.64048, 21.92432 ] ] ] ] } },
{ "type": "Feature", "properties": { "id": 97.0, "Shape_Leng": 324.08360130599999, "Shape_Area": 2491.9083383699999 }, "geometry": { "type": "MultiPolygon", "coordinates": [ [ [ [ -159.64484, 21.92818 ], [ -159.64502, 21.92907 ], [ -159.64522, 21.9294 ], [ -159.6449, 21.92909 ], [ -159.64463, 21.9284 ], [ -159.64484, 21.92818 ] ] ] ] } },
{ "type": "Feature", "properties": { "id": 98.0, "Shape_Leng": 7459.7290706900003, "Shape_Area": 41858.500258599997 }, "geometry": { "type": "MultiPolygon", "coordinates": [ [ [ [ -159.64544, 21.9299 ], [ -159.64617, 21.93107 ], [ -159.64884, 21.93177 ], [ -159.65013, 21.93479 ], [ -159.6498, 21.93519 ], [ -159.64994, 21.93572 ], [ -159.6499, 21.93604 ], [ -159.64909, 21.93846 ], [ -159.65032, 21.94054 ], [ -159.65217, 21.94172 ], [ -159.65488, 21.94175 ], [ -159.66043, 21.94305 ], [ -159.66091, 21.9435 ], [ -159.66196, 21.94636 ], [ -159.66539, 21.94912 ], [ -159.66567, 21.95073 ], [ -159.66528, 21.94915 ], [ -159.66177, 21.94628 ], [ -159.66038, 21.94321 ], [ -159.65216, 21.94181 ], [ -159.6504, 21.94074 ], [ -159.64897, 21.93849 ], [ -159.64974, 21.93519 ], [ -159.65008, 21.93481 ], [ -159.64962, 21.93382 ], [ -159.64866, 21.93189 ], [ -159.64611, 21.93116 ], [ -159.64544, 21.9299 ] ] ] ] } },
{ "type": "Feature", "properties": { "id": 99.0, "Shape_Leng": 79.022651507500001, "Shape_Area": 56.8702646331 }, "geometry": { "type": "MultiPolygon", "coordinates": [ [ [ [ -159.66671, 21.95241 ], [ -159.66686, 21.95252 ], [ -159.66699, 21.95263 ], [ -159.66669, 21.95243 ], [ -159.66671, 21.95241 ] ] ] ] } },
{ "type": "Feature", "properties": { "id": 100.0, "Shape_Leng": 1137.77085792, "Shape_Area": 1516.3599609800001 }, "geometry": { "type": "MultiPolygon", "coordinates": [ [ [ [ -159.67012, 21.95453 ], [ -159.67495, 21.95572 ], [ -159.67514, 21.95578 ], [ -159.67537, 21.95591 ], [ -159.67012, 21.95453 ] ] ] ] } },
{ "type": "Feature", "properties": { "id": 101.0, "Shape_Leng": 20740.031533500001, "Shape_Area": 252493.52130399999 }, "geometry": { "type": "MultiPolygon", "coordinates": [ [ [ [ -159.6935, 21.96003 ], [ -159.70581, 21.96083 ], [ -159.70847, 21.96193 ], [ -159.71525, 21.96723 ], [ -159.734, 21.97262 ], [ -159.73734, 21.97412 ], [ -159.74839, 21.97621 ], [ -159.75792, 21.97938 ], [ -159.76078, 21.98135 ], [ -159.76195, 21.98251 ], [ -159.76368, 21.98469 ], [ -159.76528, 21.98762 ], [ -159.76705, 21.99185 ], [ -159.76705, 21.99263 ], [ -159.76738, 21.99289 ], [ -159.76766, 21.99337 ], [ -159.76766, 21.99415 ], [ -159.76939, 21.99642 ], [ -159.76981, 21.99762 ], [ -159.7695, 21.99813 ], [ -159.76985, 21.99859 ], [ -159.7704, 22.00013 ], [ -159.77057, 22.00124 ], [ -159.77103, 22.00172 ], [ -159.77047, 22.00128 ], [ -159.7699, 21.99974 ], [ -159.76945, 21.99816 ], [ -159.76977, 21.99764 ], [ -159.76928, 21.99646 ], [ -159.76759, 21.99437 ], [ -159.7669, 21.99229 ], [ -159.76705, 21.99185 ], [ -159.76359, 21.98475 ], [ -159.75887, 21.98011 ], [ -159.74836, 21.97631 ], [ -159.73723, 21.97441 ], [ -159.73389, 21.97293 ], [ -159.71478, 21.96758 ], [ -159.70988, 21.96304 ], [ -159.70573, 21.96102 ], [ -159.69496, 21.96096 ], [ -159.6935, 21.96003 ] ] ] ] } },
{ "type": "Feature", "properties": { "id": 102.0, "Shape_Leng": 3183.6551219799999, "Shape_Area": 16254.976696399999 }, "geometry": { "type": "MultiPolygon", "coordinates": [ [ [ [ -159.77578, 22.00792 ], [ -159.77737, 22.00834 ], [ -159.77792, 22.00859 ], [ -159.77885, 22.00924 ], [ -159.78431, 22.01438 ], [ -159.78485, 22.01527 ], [ -159.78509, 22.0167 ], [ -159.78559, 22.01735 ], [ -159.78486, 22.01692 ], [ -159.78434, 22.01458 ], [ -159.78209, 22.01237 ], [ -159.77789, 22.00861 ], [ -159.77578, 22.00792 ] ] ] ] } },
{ "type": "Feature", "properties": { "id": 103.0, "Shape_Leng": 648.06215878700004, "Shape_Area": 4728.5895812400004 }, "geometry": { "type": "MultiPolygon", "coordinates": [ [ [ [ -159.78572, 22.01805 ], [ -159.78656, 22.02065 ], [ -159.78634, 22.0207 ], [ -159.78585, 22.0197 ], [ -159.78572, 22.01805 ] ] ] ] } },
{ "type": "Feature", "properties": { "id": 104.0, "Shape_Leng": 58.719008989599999, "Shape_Area": 187.19000209399999 }, "geometry": { "type": "MultiPolygon", "coordinates": [ [ [ [ -159.7874, 22.02636 ], [ -159.78731, 22.02638 ], [ -159.78725, 22.02621 ], [ -159.78734, 22.02619 ], [ -159.7874, 22.02636 ] ] ] ] } },
{ "type": "Feature", "properties": { "id": 105.0, "Shape_Leng": 195.06583125700001, "Shape_Area": 1364.2894693000001 }, "geometry": { "type": "MultiPolygon", "coordinates": [ [ [ [ -159.78607, 22.03734 ], [ -159.78606, 22.03806 ], [ -159.78593, 22.03805 ], [ -159.78587, 22.03733 ], [ -159.78607, 22.03734 ] ] ] ] } },
{ "type": "Feature", "properties": { "id": 106.0, "Shape_Leng": 1130.04129051, "Shape_Area": 5688.4825645299998 }, "geometry": { "type": "MultiPolygon", "coordinates": [ [ [ [ -159.78557, 22.04295 ], [ -159.78413, 22.04516 ], [ -159.7838, 22.04735 ], [ -159.78357, 22.04727 ], [ -159.78403, 22.04513 ], [ -159.78557, 22.04295 ] ] ] ] } },
{ "type": "Feature", "properties": { "id": 107.0, "Shape_Leng": 143.81853074, "Shape_Area": 639.60655300400003 }, "geometry": { "type": "MultiPolygon", "coordinates": [ [ [ [ -159.78369, 22.04769 ], [ -159.7836, 22.04805 ], [ -159.7836, 22.04824 ], [ -159.7835, 22.04802 ], [ -159.78369, 22.04769 ] ] ] ] } },
{ "type": "Feature", "properties": { "id": 108.0, "Shape_Leng": 11506.2780819, "Shape_Area": 109024.263596 }, "geometry": { "type": "MultiPolygon", "coordinates": [ [ [ [ -159.78298, 22.06593 ], [ -159.78172, 22.06706 ], [ -159.78012, 22.06731 ], [ -159.78012, 22.06758 ], [ -159.77865, 22.06875 ], [ -159.77569, 22.0695 ], [ -159.7719, 22.07233 ], [ -159.7691, 22.07483 ], [ -159.76753, 22.0775 ], [ -159.76149, 22.08286 ], [ -159.75985, 22.08413 ], [ -159.75736, 22.08588 ], [ -159.75068, 22.09219 ], [ -159.74966, 22.09276 ], [ -159.74904, 22.09399 ], [ -159.74554, 22.09685 ], [ -159.7444, 22.09863 ], [ -159.7453, 22.09662 ], [ -159.74893, 22.09388 ], [ -159.74957, 22.09267 ], [ -159.75254, 22.0898 ], [ -159.76746, 22.07743 ], [ -159.76867, 22.07494 ], [ -159.76984, 22.07372 ], [ -159.77606, 22.06907 ], [ -159.77854, 22.06864 ], [ -159.78003, 22.06722 ], [ -159.78298, 22.06593 ] ] ] ] } },
{ "type": "Feature", "properties": { "id": 109.0, "Shape_Leng": 224.00929306800001, "Shape_Area": 901.46522481700003 }, "geometry": { "type": "MultiPolygon", "coordinates": [ [ [ [ -156.44253, 20.62582 ], [ -156.44301, 20.62657 ], [ -156.44293, 20.62663 ], [ -156.44257, 20.62619 ], [ -156.44253, 20.62582 ] ] ] ] } },
{ "type": "Feature", "properties": { "id": 110.0, "Shape_Leng": 128.54981426500001, "Shape_Area": 698.06041060300004 }, "geometry": { "type": "MultiPolygon", "coordinates": [ [ [ [ -156.44306, 20.62691 ], [ -156.44317, 20.62706 ], [ -156.44342, 20.62707 ], [ -156.44305, 20.62717 ], [ -156.44306, 20.62691 ] ] ] ] } },
{ "type": "Feature", "properties": { "id": 111.0, "Shape_Leng": 2370.43067294, "Shape_Area": 10516.9780464 }, "geometry": { "type": "MultiPolygon", "coordinates": [ [ [ [ -156.44379, 20.62746 ], [ -156.44421, 20.62784 ], [ -156.44472, 20.62981 ], [ -156.44531, 20.6303 ], [ -156.4457, 20.63092 ], [ -156.44871, 20.63317 ], [ -156.449, 20.63371 ], [ -156.45104, 20.63426 ], [ -156.4491, 20.6339 ], [ -156.44564, 20.63098 ], [ -156.44458, 20.62969 ], [ -156.44379, 20.62746 ] ] ] ] } },
{ "type": "Feature", "properties": { "id": 112.0, "Shape_Leng": 126.225904361, "Shape_Area": 212.511343681 }, "geometry": { "type": "MultiPolygon", "coordinates": [ [ [ [ -156.45153, 20.63487 ], [ -156.45158, 20.63504 ], [ -156.45175, 20.63537 ], [ -156.45169, 20.63538 ], [ -156.45156, 20.63505 ], [ -156.45153, 20.63487 ] ] ] ] } },
{ "type": "Feature", "properties": { "id": 113.0, "Shape_Leng": 1104.50117338, "Shape_Area": 5349.0759711600003 }, "geometry": { "type": "MultiPolygon", "coordinates": [ [ [ [ -156.44796, 20.63931 ], [ -156.44658, 20.64014 ], [ -156.44614, 20.6421 ], [ -156.44562, 20.64327 ], [ -156.44641, 20.64025 ], [ -156.44694, 20.63972 ], [ -156.44796, 20.63931 ] ] ] ] } },
{ "type": "Feature", "properties": { "id": 114.0, "Shape_Leng": 841.16048020799997, "Shape_Area": 4006.6240055200001 }, "geometry": { "type": "MultiPolygon", "coordinates": [ [ [ [ -156.44407, 20.64542 ], [ -156.44295, 20.64611 ], [ -156.44232, 20.6482 ], [ -156.44222, 20.64817 ], [ -156.44286, 20.64608 ], [ -156.44407, 20.64542 ] ] ] ] } },
{ "type": "Feature", "properties": { "id": 115.0, "Shape_Leng": 144.742841365, "Shape_Area": 570.35416244600003 }, "geometry": { "type": "MultiPolygon", "coordinates": [ [ [ [ -156.44221, 20.64951 ], [ -156.4418, 20.64989 ], [ -156.44173, 20.64982 ], [ -156.44196, 20.64953 ], [ -156.44221, 20.64951 ] ] ] ] } },
{ "type": "Feature", "properties": { "id": 116.0, "Shape_Leng": 72.652843448499993, "Shape_Area": 327.43205208000001 }, "geometry": { "type": "MultiPolygon", "coordinates": [ [ [ [ -156.44143, 20.65051 ], [ -156.44129, 20.65063 ], [ -156.44118, 20.65053 ], [ -156.44131, 20.6504 ], [ -156.44143, 20.65051 ] ] ] ] } },
{ "type": "Feature", "properties": { "id": 117.0, "Shape_Leng": 153.16508220200001, "Shape_Area": 690.79154135199997 }, "geometry": { "type": "MultiPolygon", "coordinates": [ [ [ [ -156.44079, 20.65242 ], [ -156.4407, 20.65277 ], [ -156.44081, 20.65298 ], [ -156.44059, 20.65275 ], [ -156.44079, 20.65242 ] ] ] ] } },
{ "type": "Feature", "properties": { "id": 118.0, "Shape_Leng": 236.87812030699999, "Shape_Area": 1322.3050471199999 }, "geometry": { "type": "MultiPolygon", "coordinates": [ [ [ [ -156.44082, 20.65314 ], [ -156.44101, 20.65362 ], [ -156.44094, 20.65401 ], [ -156.44061, 20.65332 ], [ -156.44082, 20.65314 ] ] ] ] } },
{ "type": "Feature", "properties": { "id": 119.0, "Shape_Leng": 129.25493237399999, "Shape_Area": 489.69373284199997 }, "geometry": { "type": "MultiPolygon", "coordinates": [ [ [ [ -156.44161, 20.65848 ], [ -156.44149, 20.65863 ], [ -156.44167, 20.65885 ], [ -156.44138, 20.65861 ], [ -156.44161, 20.65848 ] ] ] ] } },
{ "type": "Feature", "properties": { "id": 120.0, "Shape_Leng": 980.39453003599999, "Shape_Area": 3578.9407021299999 }, "geometry": { "type": "MultiPolygon", "coordinates": [ [ [ [ -156.44153, 20.66027 ], [ -156.44121, 20.66226 ], [ -156.44195, 20.66411 ], [ -156.44115, 20.66227 ], [ -156.44153, 20.66027 ] ] ] ] } },
{ "type": "Feature", "properties": { "id": 121.0, "Shape_Leng": 717.57016532299997, "Shape_Area": 4454.07414556 }, "geometry": { "type": "MultiPolygon", "coordinates": [ [ [ [ -156.44181, 20.66442 ], [ -156.44198, 20.66595 ], [ -156.44261, 20.66644 ], [ -156.44272, 20.66701 ], [ -156.44185, 20.66599 ], [ -156.44181, 20.66442 ] ] ] ] } },
{ "type": "Feature", "properties": { "id": 122.0, "Shape_Leng": 104.878081228, "Shape_Area": 442.559268148 }, "geometry": { "type": "MultiPolygon", "coordinates": [ [ [ [ -156.44308, 20.66801 ], [ -156.44301, 20.66818 ], [ -156.443, 20.66837 ], [ -156.44291, 20.66814 ], [ -156.44308, 20.66801 ] ] ] ] } },
{ "type": "Feature", "properties": { "id": 123.0, "Shape_Leng": 97.530855457399994, "Shape_Area": 300.95143506 }, "geometry": { "type": "MultiPolygon", "coordinates": [ [ [ [ -156.443, 20.66864 ], [ -156.44296, 20.66882 ], [ -156.44298, 20.66901 ], [ -156.44289, 20.6688 ], [ -156.443, 20.66864 ] ] ] ] } },
{ "type": "Feature", "properties": { "id": 124.0, "Shape_Leng": 672.78862114699996, "Shape_Area": 3835.0569014500002 }, "geometry": { "type": "MultiPolygon", "coordinates": [ [ [ [ -156.44286, 20.66935 ], [ -156.44272, 20.67063 ], [ -156.44358, 20.67185 ], [ -156.44261, 20.67065 ], [ -156.44286, 20.66935 ] ] ] ] } },
{ "type": "Feature", "properties": { "id": 125.0, "Shape_Leng": 265.203245283, "Shape_Area": 1004.72794469 }, "geometry": { "type": "MultiPolygon", "coordinates": [ [ [ [ -156.44387, 20.67332 ], [ -156.44369, 20.67439 ], [ -156.44361, 20.67438 ], [ -156.44354, 20.674 ], [ -156.44387, 20.67332 ] ] ] ] } },
{ "type": "Feature", "properties": { "id": 126.0, "Shape_Leng": 566.0372678, "Shape_Area": 1521.7094923300001 }, "geometry": { "type": "MultiPolygon", "coordinates": [ [ [ [ -156.44349, 20.67465 ], [ -156.44323, 20.67515 ], [ -156.44349, 20.67556 ], [ -156.44341, 20.67692 ], [ -156.44318, 20.67514 ], [ -156.44349, 20.67465 ] ] ] ] } },
{ "type": "Feature", "properties": { "id": 127.0, "Shape_Leng": 934.41252103299996, "Shape_Area": 3622.2658447600002 }, "geometry": { "type": "MultiPolygon", "coordinates": [ [ [ [ -156.44376, 20.68077 ], [ -156.443, 20.68166 ], [ -156.44303, 20.68443 ], [ -156.44292, 20.68163 ], [ -156.44376, 20.68077 ] ] ] ] } },
{ "type": "Feature", "properties": { "id": 128.0, "Shape_Leng": 3669.75332445, "Shape_Area": 24499.850890099999 }, "geometry": { "type": "MultiPolygon", "coordinates": [ [ [ [ -156.44343, 20.68964 ], [ -156.44444, 20.69185 ], [ -156.44383, 20.69282 ], [ -156.44465, 20.69494 ], [ -156.44464, 20.69887 ], [ -156.44531, 20.69971 ], [ -156.44646, 20.7046 ], [ -156.44455, 20.6989 ], [ -156.44455, 20.69495 ], [ -156.44367, 20.6928 ], [ -156.44425, 20.69173 ], [ -156.44335, 20.69071 ], [ -156.44343, 20.68964 ] ] ] ] } },
{ "type": "Feature", "properties": { "id": 129.0, "Shape_Leng": 658.22831897799995, "Shape_Area": 3019.8472055699999 }, "geometry": { "type": "MultiPolygon", "coordinates": [ [ [ [ -156.44598, 20.71168 ], [ -156.44613, 20.71278 ], [ -156.44686, 20.71409 ], [ -156.44682, 20.71432 ], [ -156.44604, 20.7128 ], [ -156.44598, 20.71168 ] ] ] ] } },
{ "type": "Feature", "properties": { "id": 130.0, "Shape_Leng": 775.68953194599999, "Shape_Area": 3440.07156794 }, "geometry": { "type": "MultiPolygon", "coordinates": [ [ [ [ -156.44635, 20.71521 ], [ -156.44666, 20.7169 ], [ -156.44736, 20.71835 ], [ -156.44657, 20.71692 ], [ -156.44635, 20.71521 ] ] ] ] } },
{ "type": "Feature", "properties": { "id": 131.0, "Shape_Leng": 1184.82344367, "Shape_Area": 2696.72257962 }, "geometry": { "type": "MultiPolygon", "coordinates": [ [ [ [ -156.44734, 20.72048 ], [ -156.44842, 20.72377 ], [ -156.44859, 20.72467 ], [ -156.44933, 20.72518 ], [ -156.44853, 20.72469 ], [ -156.44734, 20.72048 ] ] ] ] } },
{ "type": "Feature", "properties": { "id": 132.0, "Shape_Leng": 93.788229262200005, "Shape_Area": 270.02787227 }, "geometry": { "type": "MultiPolygon", "coordinates": [ [ [ [ -156.45009, 20.7269 ], [ -156.4502, 20.72724 ], [ -156.45014, 20.72726 ], [ -156.45004, 20.72711 ], [ -156.45009, 20.7269 ] ] ] ] } },
{ "type": "Feature", "properties": { "id": 133.0, "Shape_Leng": 3877.04251243, "Shape_Area": 49550.910769599999 }, "geometry": { "type": "MultiPolygon", "coordinates": [ [ [ [ -156.45014, 20.72832 ], [ -156.45296, 20.7301 ], [ -156.45549, 20.73366 ], [ -156.45652, 20.73734 ], [ -156.45733, 20.74322 ], [ -156.45527, 20.73393 ], [ -156.45275, 20.73026 ], [ -156.45014, 20.72832 ] ] ] ] } },
{ "type": "Feature", "properties": { "id": 134.0, "Shape_Leng": 1119.5419655600001, "Shape_Area": 4168.2796673700004 }, "geometry": { "type": "MultiPolygon", "coordinates": [ [ [ [ -156.45745, 20.74582 ], [ -156.45775, 20.74758 ], [ -156.45912, 20.75047 ], [ -156.45767, 20.74761 ], [ -156.45745, 20.74582 ] ] ] ] } },
{ "type": "Feature", "properties": { "id": 135.0, "Shape_Leng": 1197.1306732099999, "Shape_Area": 6609.2901448700004 }, "geometry": { "type": "MultiPolygon", "coordinates": [ [ [ [ -156.45969, 20.75396 ], [ -156.45941, 20.75534 ], [ -156.45969, 20.75718 ], [ -156.45975, 20.75927 ], [ -156.45925, 20.75587 ], [ -156.45969, 20.75396 ] ] ] ] } },
{ "type": "Feature", "properties": { "id": 136.0, "Shape_Leng": 423.08260934999998, "Shape_Area": 5605.4324668600002 }, "geometry": { "type": "MultiPolygon", "coordinates": [ [ [ [ -156.45922, 20.76299 ], [ -156.45915, 20.76389 ], [ -156.45945, 20.76446 ], [ -156.4588, 20.76387 ], [ -156.45922, 20.76299 ] ] ] ] } },
{ "type": "Feature", "properties": { "id": 137.0, "Shape_Leng": 3871.9957874299998, "Shape_Area": 22467.7079686 }, "geometry": { "type": "MultiPolygon", "coordinates": [ [ [ [ -156.45906, 20.76477 ], [ -156.45896, 20.76936 ], [ -156.46037, 20.77353 ], [ -156.4611, 20.77871 ], [ -156.46154, 20.77972 ], [ -156.46183, 20.77998 ], [ -156.46209, 20.78046 ], [ -156.46237, 20.78073 ], [ -156.46254, 20.78105 ], [ -156.46152, 20.77973 ], [ -156.46108, 20.77872 ], [ -156.46029, 20.77353 ], [ -156.45876, 20.7692 ], [ -156.45855, 20.76544 ], [ -156.45906, 20.76477 ] ] ] ] } },
{ "type": "Feature", "properties": { "id": 138.0, "Shape_Leng": 10149.284919399999, "Shape_Area": 62185.352691 }, "geometry": { "type": "MultiPolygon", "coordinates": [ [ [ [ -156.46289, 20.78144 ], [ -156.46785, 20.78515 ], [ -156.47265, 20.78937 ], [ -156.4768, 20.79084 ], [ -156.48549, 20.7954 ], [ -156.49071, 20.7961 ], [ -156.49639, 20.79741 ], [ -156.50143, 20.7967 ], [ -156.503, 20.79674 ], [ -156.5056, 20.79556 ], [ -156.50567, 20.79572 ], [ -156.50305, 20.79684 ], [ -156.49637, 20.79754 ], [ -156.48545, 20.79549 ], [ -156.4726, 20.78945 ], [ -156.46289, 20.78144 ] ] ] ] } },
{ "type": "Feature", "properties": { "id": 139.0, "Shape_Leng": 1017.02515371, "Shape_Area": 11916.710163 }, "geometry": { "type": "MultiPolygon", "coordinates": [ [ [ [ -156.5064, 20.79517 ], [ -156.50888, 20.79269 ], [ -156.50992, 20.79246 ], [ -156.50726, 20.79484 ], [ -156.5064, 20.79517 ] ] ] ] } },
{ "type": "Feature", "properties": { "id": 140.0, "Shape_Leng": 37.441097447300002, "Shape_Area": 87.4108379133 }, "geometry": { "type": "MultiPolygon", "coordinates": [ [ [ [ -156.51557, 20.78651 ], [ -156.5156, 20.78643 ], [ -156.51569, 20.78645 ], [ -156.51566, 20.78653 ], [ -156.51557, 20.78651 ] ] ] ] } },
{ "type": "Feature", "properties": { "id": 141.0, "Shape_Leng": 39.207951532199999, "Shape_Area": 92.878459239500003 }, "geometry": { "type": "MultiPolygon", "coordinates": [ [ [ [ -156.51588, 20.78599 ], [ -156.51587, 20.78591 ], [ -156.51597, 20.78592 ], [ -156.51598, 20.78601 ], [ -156.51588, 20.78599 ] ] ] ] } },
{ "type": "Feature", "properties": { "id": 142.0, "Shape_Leng": 196.906073201, "Shape_Area": 938.40039751100005 }, "geometry": { "type": "MultiPolygon", "coordinates": [ [ [ [ -156.51616, 20.78548 ], [ -156.51668, 20.7849 ], [ -156.51679, 20.78494 ], [ -156.51647, 20.78539 ], [ -156.51616, 20.78548 ] ] ] ] } },
{ "type": "Feature", "properties": { "id": 143.0, "Shape_Leng": 49.959357138500003, "Shape_Area": 152.588643902 }, "geometry": { "type": "MultiPolygon", "coordinates": [ [ [ [ -156.51672, 20.78437 ], [ -156.51684, 20.78432 ], [ -156.51691, 20.78441 ], [ -156.51679, 20.78446 ], [ -156.51672, 20.78437 ] ] ] ] } },
{ "type": "Feature", "properties": { "id": 144.0, "Shape_Leng": 271.15431360500003, "Shape_Area": 1268.1936152599999 }, "geometry": { "type": "MultiPolygon", "coordinates": [ [ [ [ -156.5204, 20.78092 ], [ -156.52063, 20.78092 ], [ -156.52142, 20.78041 ], [ -156.52069, 20.781 ], [ -156.5204, 20.78092 ] ] ] ] } },
{ "type": "Feature", "properties": { "id": 145.0, "Shape_Leng": 7011.7926202, "Shape_Area": 43438.011218799998 }, "geometry": { "type": "MultiPolygon", "coordinates": [ [ [ [ -156.56659, 20.79268 ], [ -156.57169, 20.7932 ], [ -156.58235, 20.79487 ], [ -156.58536, 20.79607 ], [ -156.58906, 20.79801 ], [ -156.58957, 20.79813 ], [ -156.58976, 20.7982 ], [ -156.58993, 20.79829 ], [ -156.59224, 20.79991 ], [ -156.59298, 20.80077 ], [ -156.59608, 20.80319 ], [ -156.59654, 20.80379 ], [ -156.58992, 20.7983 ], [ -156.58833, 20.79776 ], [ -156.58425, 20.79573 ], [ -156.56659, 20.79268 ] ] ] ] } },
{ "type": "Feature", "properties": { "id": 146.0, "Shape_Leng": 6146.7879022200004, "Shape_Area": 32991.981674499999 }, "geometry": { "type": "MultiPolygon", "coordinates": [ [ [ [ -156.59689, 20.80409 ], [ -156.60399, 20.80844 ], [ -156.60713, 20.80958 ], [ -156.60816, 20.81008 ], [ -156.61405, 20.81008 ], [ -156.61641, 20.80853 ], [ -156.61803, 20.80787 ], [ -156.61928, 20.80828 ], [ -156.62097, 20.80949 ], [ -156.62197, 20.80918 ], [ -156.62272, 20.80931 ], [ -156.62094, 20.80971 ], [ -156.6181, 20.80802 ], [ -156.61412, 20.81021 ], [ -156.60812, 20.81017 ], [ -156.60413, 20.80856 ], [ -156.60079, 20.80678 ], [ -156.59689, 20.80409 ] ] ] ] } },
{ "type": "Feature", "properties": { "id": 147.0, "Shape_Leng": 6375.9190383300001, "Shape_Area": 45476.994587699999 }, "geometry": { "type": "MultiPolygon", "coordinates": [ [ [ [ -156.62319, 20.80952 ], [ -156.62677, 20.81268 ], [ -156.62822, 20.81518 ], [ -156.62848, 20.81575 ], [ -156.6291, 20.8195 ], [ -156.63181, 20.82494 ], [ -156.63985, 20.83201 ], [ -156.63169, 20.825 ], [ -156.62904, 20.81988 ], [ -156.62823, 20.81543 ], [ -156.62671, 20.81274 ], [ -156.62319, 20.80952 ] ] ] ] } },
{ "type": "Feature", "properties": { "id": 148.0, "Shape_Leng": 3058.3663046500001, "Shape_Area": 18851.625417399999 }, "geometry": { "type": "MultiPolygon", "coordinates": [ [ [ [ -156.64041, 20.8326 ], [ -156.64655, 20.83448 ], [ -156.64812, 20.83566 ], [ -156.6496, 20.83777 ], [ -156.65101, 20.84035 ], [ -156.64802, 20.83572 ], [ -156.64648, 20.83456 ], [ -156.64041, 20.8326 ] ] ] ] } },
{ "type": "Feature", "properties": { "id": 149.0, "Shape_Leng": 3177.2009407700002, "Shape_Area": 24257.260294899999 }, "geometry": { "type": "MultiPolygon", "coordinates": [ [ [ [ -156.65223, 20.84195 ], [ -156.65228, 20.84197 ], [ -156.65242, 20.84211 ], [ -156.65253, 20.84225 ], [ -156.6534, 20.84353 ], [ -156.65392, 20.84526 ], [ -156.65526, 20.84679 ], [ -156.6554, 20.84715 ], [ -156.66137, 20.85253 ], [ -156.66122, 20.85269 ], [ -156.65537, 20.84741 ], [ -156.65373, 20.84541 ], [ -156.65223, 20.84195 ] ] ] ] } },
{ "type": "Feature", "properties": { "id": 150.0, "Shape_Leng": 1792.84273347, "Shape_Area": 15635.185059699999 }, "geometry": { "type": "MultiPolygon", "coordinates": [ [ [ [ -156.66219, 20.85354 ], [ -156.66835, 20.85869 ], [ -156.66822, 20.8589 ], [ -156.66685, 20.85823 ], [ -156.66219, 20.85354 ] ] ] ] } },
{ "type": "Feature", "properties": { "id": 151.0, "Shape_Leng": 1327.49451641, "Shape_Area": 9546.6190677800005 }, "geometry": { "type": "MultiPolygon", "coordinates": [ [ [ [ -156.66945, 20.85937 ], [ -156.66993, 20.86008 ], [ -156.6704, 20.86202 ], [ -156.67286, 20.86384 ], [ -156.67025, 20.86211 ], [ -156.66945, 20.85937 ] ] ] ] } },
{ "type": "Feature", "properties": { "id": 152.0, "Shape_Leng": 1403.70348304, "Shape_Area": 5454.44894054 }, "geometry": { "type": "MultiPolygon", "coordinates": [ [ [ [ -156.67357, 20.86496 ], [ -156.67578, 20.86752 ], [ -156.67695, 20.86917 ], [ -156.67738, 20.86998 ], [ -156.67357, 20.86496 ] ] ] ] } },
{ "type": "Feature", "properties": { "id": 153.0, "Shape_Leng": 745.979232959, "Shape_Area": 7462.4517180800003 }, "geometry": { "type": "MultiPolygon", "coordinates": [ [ [ [ -156.67855, 20.87358 ], [ -156.67984, 20.8752 ], [ -156.68062, 20.87577 ], [ -156.68017, 20.87565 ], [ -156.67819, 20.87398 ], [ -156.67855, 20.87358 ] ] ] ] } },
{ "type": "Feature", "properties": { "id": 154.0, "Shape_Leng": 65.3835307712, "Shape_Area": 253.83216675899999 }, "geometry": { "type": "MultiPolygon", "coordinates": [ [ [ [ -156.68104, 20.87672 ], [ -156.68095, 20.87679 ], [ -156.68082, 20.87665 ], [ -156.68092, 20.87658 ], [ -156.68104, 20.87672 ] ] ] ] } },
{ "type": "Feature", "properties": { "id": 155.0, "Shape_Leng": 972.95193107900002, "Shape_Area": 11705.4675002 }, "geometry": { "type": "MultiPolygon", "coordinates": [ [ [ [ -156.68217, 20.87804 ], [ -156.68465, 20.8802 ], [ -156.68517, 20.88045 ], [ -156.68556, 20.88056 ], [ -156.68563, 20.88059 ], [ -156.68453, 20.88036 ], [ -156.6833, 20.87954 ], [ -156.68217, 20.87804 ] ] ] ] } },
{ "type": "Feature", "properties": { "id": 156.0, "Shape_Leng": 394.179278216, "Shape_Area": 442.004896863 }, "geometry": { "type": "MultiPolygon", "coordinates": [ [ [ [ -156.68587, 20.88075 ], [ -156.68681, 20.88141 ], [ -156.68711, 20.88164 ], [ -156.68734, 20.88187 ], [ -156.68587, 20.88075 ] ] ] ] } },
{ "type": "Feature", "properties": { "id": 157.0, "Shape_Leng": 586.2681942, "Shape_Area": 4860.3468417100003 }, "geometry": { "type": "MultiPolygon", "coordinates": [ [ [ [ -156.68762, 20.88237 ], [ -156.68738, 20.88352 ], [ -156.68668, 20.8846 ], [ -156.68649, 20.88425 ], [ -156.68762, 20.88237 ] ] ] ] } },
{ "type": "Feature", "properties": { "id": 158.0, "Shape_Leng": 1946.1743514699999, "Shape_Area": 12653.856586 }, "geometry": { "type": "MultiPolygon", "coordinates": [ [ [ [ -156.68583, 20.88593 ], [ -156.68488, 20.88831 ], [ -156.68551, 20.89138 ], [ -156.68507, 20.89425 ], [ -156.68475, 20.88828 ], [ -156.68583, 20.88593 ] ] ] ] } },
{ "type": "Feature", "properties": { "id": 159.0, "Shape_Leng": 227.250592385, "Shape_Area": 1293.44809519 }, "geometry": { "type": "MultiPolygon", "coordinates": [ [ [ [ -156.68503, 20.89529 ], [ -156.68516, 20.89618 ], [ -156.68503, 20.8962 ], [ -156.68489, 20.89568 ], [ -156.68503, 20.89529 ] ] ] ] } },
{ "type": "Feature", "properties": { "id": 160.0, "Shape_Leng": 1033.2824088, "Shape_Area": 9479.71076679 }, "geometry": { "type": "MultiPolygon", "coordinates": [ [ [ [ -156.68492, 20.90066 ], [ -156.68513, 20.90318 ], [ -156.68606, 20.90476 ], [ -156.68499, 20.90324 ], [ -156.68492, 20.90066 ] ] ] ] } },
{ "type": "Feature", "properties": { "id": 161.0, "Shape_Leng": 136.549338882, "Shape_Area": 1028.83095779 }, "geometry": { "type": "MultiPolygon", "coordinates": [ [ [ [ -156.68746, 20.907 ], [ -156.68757, 20.90735 ], [ -156.68734, 20.90746 ], [ -156.68725, 20.9071 ], [ -156.68746, 20.907 ] ] ] ] } },
{ "type": "Feature", "properties": { "id": 162.0, "Shape_Leng": 5046.0174041199998, "Shape_Area": 31769.9159979 }, "geometry": { "type": "MultiPolygon", "coordinates": [ [ [ [ -156.68802, 20.90853 ], [ -156.68947, 20.9107 ], [ -156.69239, 20.91214 ], [ -156.69461, 20.91372 ], [ -156.69526, 20.91439 ], [ -156.69615, 20.91565 ], [ -156.69653, 20.91739 ], [ -156.69642, 20.91847 ], [ -156.69594, 20.92133 ], [ -156.69496, 20.92494 ], [ -156.69557, 20.92702 ], [ -156.69488, 20.92493 ], [ -156.69634, 20.91846 ], [ -156.69607, 20.91568 ], [ -156.69371, 20.9132 ], [ -156.68931, 20.91092 ], [ -156.68802, 20.90853 ] ] ] ] } },
{ "type": "Feature", "properties": { "id": 163.0, "Shape_Leng": 7941.2754638500001, "Shape_Area": 41636.596237899998 }, "geometry": { "type": "MultiPolygon", "coordinates": [ [ [ [ -156.69469, 20.92874 ], [ -156.69361, 20.93002 ], [ -156.69262, 20.9339 ], [ -156.69273, 20.93805 ], [ -156.69195, 20.94804 ], [ -156.69015, 20.95084 ], [ -156.68691, 20.95402 ], [ -156.68498, 20.95934 ], [ -156.68384, 20.9613 ], [ -156.68681, 20.95395 ], [ -156.69009, 20.95079 ], [ -156.6919, 20.94765 ], [ -156.69258, 20.93389 ], [ -156.69358, 20.93 ], [ -156.69469, 20.92874 ] ] ] ] } },
{ "type": "Feature", "properties": { "id": 164.0, "Shape_Leng": 268.421967714, "Shape_Area": 1441.27009084 }, "geometry": { "type": "MultiPolygon", "coordinates": [ [ [ [ -156.68373, 20.96376 ], [ -156.68335, 20.96439 ], [ -156.68331, 20.96476 ], [ -156.68324, 20.96434 ], [ -156.68373, 20.96376 ] ] ] ] } },
{ "type": "Feature", "properties": { "id": 165.0, "Shape_Leng": 497.92511243299998, "Shape_Area": 4797.5655443400001 }, "geometry": { "type": "MultiPolygon", "coordinates": [ [ [ [ -156.6827, 20.96592 ], [ -156.68137, 20.96692 ], [ -156.68121, 20.96726 ], [ -156.68127, 20.96686 ], [ -156.68238, 20.96583 ], [ -156.6827, 20.96592 ] ] ] ] } },
{ "type": "Feature", "properties": { "id": 166.0, "Shape_Leng": 2950.8559638699999, "Shape_Area": 19395.394995899998 }, "geometry": { "type": "MultiPolygon", "coordinates": [ [ [ [ -156.68118, 20.96801 ], [ -156.67797, 20.97732 ], [ -156.67557, 20.97915 ], [ -156.67668, 20.97764 ], [ -156.67791, 20.97726 ], [ -156.68003, 20.96962 ], [ -156.68118, 20.96801 ] ] ] ] } },
{ "type": "Feature", "properties": { "id": 167.0, "Shape_Leng": 389.52779863500001, "Shape_Area": 2156.9801926800001 }, "geometry": { "type": "MultiPolygon", "coordinates": [ [ [ [ -156.67587, 20.97981 ], [ -156.67444, 20.98072 ], [ -156.67437, 20.98062 ], [ -156.67514, 20.98008 ], [ -156.67587, 20.97981 ] ] ] ] } },
{ "type": "Feature", "properties": { "id": 168.0, "Shape_Leng": 292.714931767, "Shape_Area": 1365.8987534 }, "geometry": { "type": "MultiPolygon", "coordinates": [ [ [ [ -156.6737, 20.98136 ], [ -156.67335, 20.98191 ], [ -156.67326, 20.98244 ], [ -156.67332, 20.98172 ], [ -156.6737, 20.98136 ] ] ] ] } },
{ "type": "Feature", "properties": { "id": 169.0, "Shape_Leng": 685.40319313700002, "Shape_Area": 6062.8789661299998 }, "geometry": { "type": "MultiPolygon", "coordinates": [ [ [ [ -156.67284, 20.98391 ], [ -156.67203, 20.98501 ], [ -156.67229, 20.98546 ], [ -156.67217, 20.98636 ], [ -156.67186, 20.98628 ], [ -156.67184, 20.98497 ], [ -156.67284, 20.98391 ] ] ] ] } },
{ "type": "Feature", "properties": { "id": 170.0, "Shape_Leng": 63.3791200004, "Shape_Area": 233.787543185 }, "geometry": { "type": "MultiPolygon", "coordinates": [ [ [ [ -156.66957, 20.98828 ], [ -156.6695, 20.98819 ], [ -156.66966, 20.98809 ], [ -156.66972, 20.98817 ], [ -156.66957, 20.98828 ] ] ] ] } },
{ "type": "Feature", "properties": { "id": 171.0, "Shape_Leng": 73.802688469299994, "Shape_Area": 338.02550350500002 }, "geometry": { "type": "MultiPolygon", "coordinates": [ [ [ [ -156.66939, 20.99055 ], [ -156.66927, 20.99064 ], [ -156.66915, 20.9905 ], [ -156.66928, 20.9904 ], [ -156.66939, 20.99055 ] ] ] ] } },
{ "type": "Feature", "properties": { "id": 172.0, "Shape_Leng": 114.96283243000001, "Shape_Area": 626.06692693100001 }, "geometry": { "type": "MultiPolygon", "coordinates": [ [ [ [ -156.66835, 20.99113 ], [ -156.66809, 20.99141 ], [ -156.66799, 20.99131 ], [ -156.66824, 20.99103 ], [ -156.66835, 20.99113 ] ] ] ] } },
{ "type": "Feature", "properties": { "id": 173.0, "Shape_Leng": 783.12013276000005, "Shape_Area": 5358.3550561900001 }, "geometry": { "type": "MultiPolygon", "coordinates": [ [ [ [ -156.6676, 20.99423 ], [ -156.66682, 20.99455 ], [ -156.66587, 20.99675 ], [ -156.66672, 20.99445 ], [ -156.6676, 20.99423 ] ] ] ] } },
{ "type": "Feature", "properties": { "id": 174.0, "Shape_Leng": 68.232000003099998, "Shape_Area": 282.31823472799999 }, "geometry": { "type": "MultiPolygon", "coordinates": [ [ [ [ -156.66742, 20.9981 ], [ -156.66729, 20.9981 ], [ -156.66729, 20.99792 ], [ -156.66743, 20.99792 ], [ -156.66742, 20.9981 ] ] ] ] } },
{ "type": "Feature", "properties": { "id": 175.0, "Shape_Leng": 516.84264208000002, "Shape_Area": 3478.94497791 }, "geometry": { "type": "MultiPolygon", "coordinates": [ [ [ [ -156.66688, 20.99873 ], [ -156.66631, 20.99931 ], [ -156.66631, 21.00058 ], [ -156.66617, 20.99925 ], [ -156.66688, 20.99873 ] ] ] ] } },
{ "type": "Feature", "properties": { "id": 176.0, "Shape_Leng": 62.931087381799998, "Shape_Area": 229.31104189199999 }, "geometry": { "type": "MultiPolygon", "coordinates": [ [ [ [ -156.66663, 21.00126 ], [ -156.66653, 21.00121 ], [ -156.66663, 21.00105 ], [ -156.66672, 21.00111 ], [ -156.66663, 21.00126 ] ] ] ] } },
{ "type": "Feature", "properties": { "id": 177.0, "Shape_Leng": 108.574393517, "Shape_Area": 568.18275373799997 }, "geometry": { "type": "MultiPolygon", "coordinates": [ [ [ [ -156.66617, 21.00446 ], [ -156.66588, 21.0047 ], [ -156.6658, 21.00461 ], [ -156.66607, 21.00435 ], [ -156.66617, 21.00446 ] ] ] ] } },
{ "type": "Feature", "properties": { "id": 178.0, "Shape_Leng": 811.298027972, "Shape_Area": 3597.9474370299999 }, "geometry": { "type": "MultiPolygon", "coordinates": [ [ [ [ -156.66148, 21.00392 ], [ -156.66, 21.00381 ], [ -156.65775, 21.00422 ], [ -156.65999, 21.00371 ], [ -156.66148, 21.00392 ] ] ] ] } },
{ "type": "Feature", "properties": { "id": 179.0, "Shape_Leng": 1037.80977244, "Shape_Area": 5063.2213110700004 }, "geometry": { "type": "MultiPolygon", "coordinates": [ [ [ [ -156.65402, 21.00477 ], [ -156.65244, 21.0044 ], [ -156.64951, 21.00528 ], [ -156.65241, 21.00432 ], [ -156.65402, 21.00477 ] ] ] ] } },
{ "type": "Feature", "properties": { "id": 180.0, "Shape_Leng": 464.865273226, "Shape_Area": 4325.9506552100001 }, "geometry": { "type": "MultiPolygon", "coordinates": [ [ [ [ -156.64322, 21.01127 ], [ -156.64231, 21.01102 ], [ -156.64141, 21.01132 ], [ -156.64224, 21.01083 ], [ -156.64322, 21.01127 ] ] ] ] } },
{ "type": "Feature", "properties": { "id": 181.0, "Shape_Leng": 260.69160914000003, "Shape_Area": 1574.41451889 }, "geometry": { "type": "MultiPolygon", "coordinates": [ [ [ [ -156.63869, 21.01305 ], [ -156.6384, 21.01295 ], [ -156.63771, 21.01329 ], [ -156.63831, 21.01283 ], [ -156.63869, 21.01305 ] ] ] ] } },
{ "type": "Feature", "properties": { "id": 182.0, "Shape_Leng": 3818.3289094299998, "Shape_Area": 20638.549787 }, "geometry": { "type": "MultiPolygon", "coordinates": [ [ [ [ -156.50764, 20.93737 ], [ -156.50483, 20.93454 ], [ -156.50425, 20.93444 ], [ -156.50399, 20.93407 ], [ -156.50357, 20.93407 ], [ -156.49759, 20.93187 ], [ -156.49694, 20.93146 ], [ -156.49639, 20.9306 ], [ -156.49556, 20.9279 ], [ -156.49481, 20.9271 ], [ -156.49562, 20.92787 ], [ -156.49727, 20.93166 ], [ -156.50279, 20.93349 ], [ -156.50487, 20.93443 ], [ -156.50764, 20.93737 ] ] ] ] } },
{ "type": "Feature", "properties": { "id": 183.0, "Shape_Leng": 2016.7238379800001, "Shape_Area": 15096.2149584 }, "geometry": { "type": "MultiPolygon", "coordinates": [ [ [ [ -156.49423, 20.92651 ], [ -156.49321, 20.92466 ], [ -156.49163, 20.91809 ], [ -156.49227, 20.91894 ], [ -156.49423, 20.92651 ] ] ] ] } },
{ "type": "Feature", "properties": { "id": 184.0, "Shape_Leng": 2586.88123709, "Shape_Area": 13219.4988312 }, "geometry": { "type": "MultiPolygon", "coordinates": [ [ [ [ -156.49159, 20.91755 ], [ -156.49178, 20.91505 ], [ -156.48968, 20.91143 ], [ -156.48781, 20.91 ], [ -156.48556, 20.91007 ], [ -156.48767, 20.90986 ], [ -156.48975, 20.91138 ], [ -156.49189, 20.91502 ], [ -156.49159, 20.91755 ] ] ] ] } },
{ "type": "Feature", "properties": { "id": 185.0, "Shape_Leng": 2951.1587665400002, "Shape_Area": 17130.520550199999 }, "geometry": { "type": "MultiPolygon", "coordinates": [ [ [ [ -156.48456, 20.90996 ], [ -156.48456, 20.90997 ], [ -156.48437, 20.9099 ], [ -156.48354, 20.90886 ], [ -156.4812, 20.90432 ], [ -156.48093, 20.90217 ], [ -156.48122, 20.90094 ], [ -156.48015, 20.8981 ], [ -156.48136, 20.90091 ], [ -156.48133, 20.9043 ], [ -156.48456, 20.90996 ] ] ] ] } },
{ "type": "Feature", "properties": { "id": 186.0, "Shape_Leng": 1960.5497393099999, "Shape_Area": 17014.226055399999 }, "geometry": { "type": "MultiPolygon", "coordinates": [ [ [ [ -156.47878, 20.89559 ], [ -156.47792, 20.89415 ], [ -156.47381, 20.89128 ], [ -156.473, 20.89104 ], [ -156.47206, 20.89123 ], [ -156.47188, 20.89131 ], [ -156.47173, 20.8915 ], [ -156.47172, 20.89149 ], [ -156.47188, 20.89128 ], [ -156.47206, 20.89119 ], [ -156.47392, 20.8909 ], [ -156.47804, 20.89407 ], [ -156.47878, 20.89559 ] ] ] ] } },
{ "type": "Feature", "properties": { "id": 187.0, "Shape_Leng": 777.70225387599999, "Shape_Area": 4627.8668794499999 }, "geometry": { "type": "MultiPolygon", "coordinates": [ [ [ [ -156.47026, 20.89166 ], [ -156.4693, 20.89217 ], [ -156.46755, 20.89385 ], [ -156.4686, 20.89256 ], [ -156.46981, 20.89171 ], [ -156.47026, 20.89166 ] ] ] ] } },
{ "type": "Feature", "properties": { "id": 188.0, "Shape_Leng": 1327.0652778799999, "Shape_Area": 9271.0059792699994 }, "geometry": { "type": "MultiPolygon", "coordinates": [ [ [ [ -156.46102, 20.89698 ], [ -156.45912, 20.89723 ], [ -156.45492, 20.89676 ], [ -156.45513, 20.89655 ], [ -156.46102, 20.89698 ] ] ] ] } },
{ "type": "Feature", "properties": { "id": 189.0, "Shape_Leng": 1481.6790139899999, "Shape_Area": 15375.389653800001 }, "geometry": { "type": "MultiPolygon", "coordinates": [ [ [ [ -156.45341, 20.89633 ], [ -156.44818, 20.89702 ], [ -156.44712, 20.89803 ], [ -156.44794, 20.89699 ], [ -156.44905, 20.89661 ], [ -156.45341, 20.89633 ] ] ] ] } },
{ "type": "Feature", "properties": { "id": 190.0, "Shape_Leng": 1423.6675542800001, "Shape_Area": 7318.23536719 }, "geometry": { "type": "MultiPolygon", "coordinates": [ [ [ [ -156.44666, 20.89917 ], [ -156.44357, 20.8992 ], [ -156.44043, 20.90048 ], [ -156.44353, 20.89908 ], [ -156.44666, 20.89917 ] ] ] ] } },
{ "type": "Feature", "properties": { "id": 191.0, "Shape_Leng": 390.47559519200001, "Shape_Area": 771.08337488400002 }, "geometry": { "type": "MultiPolygon", "coordinates": [ [ [ [ -156.43742, 20.90269 ], [ -156.43674, 20.90331 ], [ -156.43612, 20.90328 ], [ -156.43581, 20.90323 ], [ -156.43742, 20.90269 ] ] ] ] } },
{ "type": "Feature", "properties": { "id": 192.0, "Shape_Leng": 3524.9738107799999, "Shape_Area": 34832.84149 }, "geometry": { "type": "MultiPolygon", "coordinates": [ [ [ [ -156.43306, 20.90408 ], [ -156.43096, 20.90618 ], [ -156.42824, 20.90819 ], [ -156.42305, 20.90991 ], [ -156.42222, 20.90991 ], [ -156.41929, 20.90806 ], [ -156.42299, 20.90968 ], [ -156.4281, 20.90802 ], [ -156.43306, 20.90408 ] ] ] ] } },
{ "type": "Feature", "properties": { "id": 193.0, "Shape_Leng": 1305.18694901, "Shape_Area": 16585.002940599999 }, "geometry": { "type": "MultiPolygon", "coordinates": [ [ [ [ -156.41761, 20.90775 ], [ -156.41603, 20.90757 ], [ -156.41459, 20.90825 ], [ -156.41197, 20.90774 ], [ -156.41637, 20.90731 ], [ -156.41761, 20.90775 ] ] ] ] } },
{ "type": "Feature", "properties": { "id": 194.0, "Shape_Leng": 680.53351475600005, "Shape_Area": 5233.8523619899997 }, "geometry": { "type": "MultiPolygon", "coordinates": [ [ [ [ -156.4108, 20.90949 ], [ -156.40947, 20.90937 ], [ -156.40815, 20.91012 ], [ -156.40939, 20.90922 ], [ -156.4108, 20.90949 ] ] ] ] } },
{ "type": "Feature", "properties": { "id": 195.0, "Shape_Leng": 112.389598796, "Shape_Area": 672.93208647200004 }, "geometry": { "type": "MultiPolygon", "coordinates": [ [ [ [ -156.40742, 20.91078 ], [ -156.40721, 20.91079 ], [ -156.40706, 20.9105 ], [ -156.40729, 20.91052 ], [ -156.40742, 20.91078 ] ] ] ] } },
{ "type": "Feature", "properties": { "id": 196.0, "Shape_Leng": 475.921059947, "Shape_Area": 703.21610593399998 }, "geometry": { "type": "MultiPolygon", "coordinates": [ [ [ [ -156.40277, 20.91248 ], [ -156.40245, 20.91257 ], [ -156.40224, 20.91252 ], [ -156.4019, 20.91274 ], [ -156.40133, 20.91285 ], [ -156.40112, 20.9128 ], [ -156.40068, 20.91251 ], [ -156.40277, 20.91248 ] ] ] ] } },
{ "type": "Feature", "properties": { "id": 197.0, "Shape_Leng": 2036.5969216200001, "Shape_Area": 18748.8599718 }, "geometry": { "type": "MultiPolygon", "coordinates": [ [ [ [ -156.39985, 20.91253 ], [ -156.39518, 20.913 ], [ -156.39095, 20.91502 ], [ -156.39515, 20.91287 ], [ -156.39985, 20.91253 ] ] ] ] } },
{ "type": "Feature", "properties": { "id": 198.0, "Shape_Leng": 1638.6380370899999, "Shape_Area": 11569.778605199999 }, "geometry": { "type": "MultiPolygon", "coordinates": [ [ [ [ -156.38941, 20.9151 ], [ -156.3867, 20.91564 ], [ -156.38445, 20.91559 ], [ -156.3823, 20.91674 ], [ -156.38443, 20.9155 ], [ -156.38941, 20.9151 ] ] ] ] } },
{ "type": "Feature", "properties": { "id": 199.0, "Shape_Leng": 455.613505256, "Shape_Area": 4723.6523391800001 }, "geometry": { "type": "MultiPolygon", "coordinates": [ [ [ [ -156.37916, 20.91935 ], [ -156.37852, 20.91941 ], [ -156.37779, 20.92037 ], [ -156.37839, 20.91921 ], [ -156.37916, 20.91935 ] ] ] ] } },
{ "type": "Feature", "properties": { "id": 200.0, "Shape_Leng": 566.95207139900003, "Shape_Area": 4189.0416665000002 }, "geometry": { "type": "MultiPolygon", "coordinates": [ [ [ [ -156.37596, 20.92255 ], [ -156.37559, 20.92267 ], [ -156.37469, 20.9221 ], [ -156.37374, 20.92223 ], [ -156.37465, 20.92193 ], [ -156.37596, 20.92255 ] ] ] ] } },
{ "type": "Feature", "properties": { "id": 201.0, "Shape_Leng": 112.531947452, "Shape_Area": 633.248763736 }, "geometry": { "type": "MultiPolygon", "coordinates": [ [ [ [ -156.3714, 20.92383 ], [ -156.3711, 20.92404 ], [ -156.371, 20.92394 ], [ -156.3713, 20.92371 ], [ -156.3714, 20.92383 ] ] ] ] } },
{ "type": "Feature", "properties": { "id": 202.0, "Shape_Leng": 372.17806506699998, "Shape_Area": 3890.9824843699998 }, "geometry": { "type": "MultiPolygon", "coordinates": [ [ [ [ -156.37097, 20.92503 ], [ -156.36974, 20.92589 ], [ -156.36962, 20.92576 ], [ -156.37082, 20.92485 ], [ -156.37097, 20.92503 ] ] ] ] } },
{ "type": "Feature", "properties": { "id": 203.0, "Shape_Leng": 462.88019074, "Shape_Area": 2856.0812645400001 }, "geometry": { "type": "MultiPolygon", "coordinates": [ [ [ [ -156.37024, 20.92832 ], [ -156.37013, 20.92869 ], [ -156.36873, 20.92953 ], [ -156.36863, 20.9294 ], [ -156.37024, 20.92832 ] ] ] ] } },
{ "type": "Feature", "properties": { "id": 204.0, "Shape_Leng": 152.66633941800001, "Shape_Area": 823.67147248200001 }, "geometry": { "type": "MultiPolygon", "coordinates": [ [ [ [ -156.36788, 20.92936 ], [ -156.36729, 20.92933 ], [ -156.36728, 20.92923 ], [ -156.36786, 20.92921 ], [ -156.36788, 20.92936 ] ] ] ] } },
{ "type": "Feature", "properties": { "id": 205.0, "Shape_Leng": 461.87171682000002, "Shape_Area": 2284.6903531900002 }, "geometry": { "type": "MultiPolygon", "coordinates": [ [ [ [ -156.36438, 20.9307 ], [ -156.36317, 20.93126 ], [ -156.3624, 20.93143 ], [ -156.36413, 20.93065 ], [ -156.36438, 20.9307 ] ] ] ] } },
{ "type": "Feature", "properties": { "id": 206.0, "Shape_Leng": 840.56318141300005, "Shape_Area": 2378.41146828 }, "geometry": { "type": "MultiPolygon", "coordinates": [ [ [ [ -156.3594, 20.93322 ], [ -156.35746, 20.93339 ], [ -156.35574, 20.93434 ], [ -156.35761, 20.93324 ], [ -156.3594, 20.93322 ] ] ] ] } },
{ "type": "Feature", "properties": { "id": 207.0, "Shape_Leng": 22894.219630200001, "Shape_Area": 123046.164317 }, "geometry": { "type": "MultiPolygon", "coordinates": [ [ [ [ -158.23445, 21.57964 ], [ -158.23348, 21.57969 ], [ -158.22869, 21.57866 ], [ -158.22732, 21.57915 ], [ -158.22403, 21.57931 ], [ -158.21864, 21.5785 ], [ -158.21537, 21.57924 ], [ -158.21406, 21.58024 ], [ -158.20752, 21.58185 ], [ -158.20281, 21.58154 ], [ -158.20104, 21.58251 ], [ -158.20046, 21.58256 ], [ -158.1964, 21.58177 ], [ -158.19525, 21.58132 ], [ -158.19196, 21.58243 ], [ -158.1908, 21.58261 ], [ -158.18771, 21.58239 ], [ -158.18512, 21.58133 ], [ -158.18384, 21.58154 ], [ -158.18326, 21.58146 ], [ -158.17959, 21.58008 ], [ -158.17342, 21.58148 ], [ -158.1679, 21.57879 ], [ -158.16536, 21.57951 ], [ -158.1642, 21.58021 ], [ -158.16349, 21.58049 ], [ -158.1631, 21.58057 ], [ -158.16214, 21.58044 ], [ -158.16059, 21.57988 ], [ -158.15866, 21.57967 ], [ -158.15538, 21.58071 ], [ -158.15383, 21.58066 ], [ -158.15287, 21.58042 ], [ -158.15197, 21.58045 ], [ -158.14384, 21.58279 ], [ -158.13794, 21.58399 ], [ -158.13563, 21.58381 ], [ -158.13264, 21.58246 ], [ -158.13171, 21.58228 ], [ -158.13073, 21.58234 ], [ -158.13002, 21.58219 ], [ -158.13229, 21.58228 ], [ -158.13564, 21.58369 ], [ -158.13795, 21.58386 ], [ -158.15176, 21.58041 ], [ -158.15267, 21.58033 ], [ -158.15538, 21.58064 ], [ -158.15846, 21.57956 ], [ -158.16059, 21.57977 ], [ -158.1633, 21.58051 ], [ -158.16533, 21.57946 ], [ -158.1679, 21.57873 ], [ -158.17342, 21.5814 ], [ -158.1796, 21.57992 ], [ -158.18182, 21.5803 ], [ -158.18329, 21.58137 ], [ -158.18515, 21.58125 ], [ -158.18771, 21.5823 ], [ -158.19061, 21.5825 ], [ -158.19525, 21.58124 ], [ -158.20046, 21.58248 ], [ -158.2028, 21.58143 ], [ -158.20749, 21.58177 ], [ -158.21403, 21.58013 ], [ -158.2148, 21.57938 ], [ -158.2157, 21.57903 ], [ -158.21942, 21.57829 ], [ -158.22423, 21.57911 ], [ -158.22889, 21.57851 ], [ -158.23445, 21.57964 ] ] ] ] } },
{ "type": "Feature", "properties": { "id": 208.0, "Shape_Leng": 912.577221248, "Shape_Area": 3080.6451343200001 }, "geometry": { "type": "MultiPolygon", "coordinates": [ [ [ [ -158.12643, 21.58264 ], [ -158.12351, 21.58296 ], [ -158.12241, 21.58369 ], [ -158.12346, 21.5829 ], [ -158.12643, 21.58264 ] ] ] ] } },
{ "type": "Feature", "properties": { "id": 209.0, "Shape_Leng": 710.36884417900001, "Shape_Area": 3934.0601406800001 }, "geometry": { "type": "MultiPolygon", "coordinates": [ [ [ [ -158.11879, 21.58209 ], [ -158.1178, 21.58265 ], [ -158.11622, 21.58399 ], [ -158.11773, 21.58257 ], [ -158.11879, 21.58209 ] ] ] ] } },
{ "type": "Feature", "properties": { "id": 210.0, "Shape_Leng": 609.43755940999995, "Shape_Area": 1751.7043121900001 }, "geometry": { "type": "MultiPolygon", "coordinates": [ [ [ [ -158.11709, 21.58893 ], [ -158.11535, 21.58913 ], [ -158.11477, 21.58912 ], [ -158.11458, 21.58909 ], [ -158.11424, 21.58895 ], [ -158.11709, 21.58893 ] ] ] ] } },
{ "type": "Feature", "properties": { "id": 211.0, "Shape_Leng": 464.75309622700001, "Shape_Area": 201.75291549900001 }, "geometry": { "type": "MultiPolygon", "coordinates": [ [ [ [ -158.11342, 21.58877 ], [ -158.11264, 21.58896 ], [ -158.11212, 21.58931 ], [ -158.11201, 21.58945 ], [ -158.11187, 21.58958 ], [ -158.11172, 21.5897 ], [ -158.11154, 21.58979 ], [ -158.11211, 21.5893 ], [ -158.11264, 21.58895 ], [ -158.11342, 21.58877 ] ] ] ] } },
{ "type": "Feature", "properties": { "id": 212.0, "Shape_Leng": 819.46757065600002, "Shape_Area": 1391.3324609599999 }, "geometry": { "type": "MultiPolygon", "coordinates": [ [ [ [ -158.11152, 21.5898 ], [ -158.11077, 21.5904 ], [ -158.11066, 21.59077 ], [ -158.11006, 21.59193 ], [ -158.10943, 21.59283 ], [ -158.11075, 21.59039 ], [ -158.11152, 21.5898 ] ] ] ] } },
{ "type": "Feature", "properties": { "id": 213.0, "Shape_Leng": 220.05393257, "Shape_Area": 677.89051340799995 }, "geometry": { "type": "MultiPolygon", "coordinates": [ [ [ [ -158.10871, 21.5937 ], [ -158.10784, 21.59411 ], [ -158.10779, 21.59405 ], [ -158.10828, 21.59376 ], [ -158.10871, 21.5937 ] ] ] ] } },
{ "type": "Feature", "properties": { "id": 214.0, "Shape_Leng": 110.192675751, "Shape_Area": 471.87383121 }, "geometry": { "type": "MultiPolygon", "coordinates": [ [ [ [ -158.10717, 21.59448 ], [ -158.10685, 21.59467 ], [ -158.10679, 21.59459 ], [ -158.10689, 21.59442 ], [ -158.10717, 21.59448 ] ] ] ] } },
{ "type": "Feature", "properties": { "id": 215.0, "Shape_Leng": 1006.7283108, "Shape_Area": 12977.508613 }, "geometry": { "type": "MultiPolygon", "coordinates": [ [ [ [ -158.10317, 21.59626 ], [ -158.10394, 21.60039 ], [ -158.1036, 21.60045 ], [ -158.10299, 21.59752 ], [ -158.10317, 21.59626 ] ] ] ] } },
{ "type": "Feature", "properties": { "id": 216.0, "Shape_Leng": 179.44710375400001, "Shape_Area": 644.80017490099999 }, "geometry": { "type": "MultiPolygon", "coordinates": [ [ [ [ -158.10456, 21.60104 ], [ -158.10473, 21.60174 ], [ -158.10465, 21.60176 ], [ -158.10447, 21.60123 ], [ -158.10456, 21.60104 ] ] ] ] } },
{ "type": "Feature", "properties": { "id": 217.0, "Shape_Leng": 2485.7598957700002, "Shape_Area": 11350.2008123 }, "geometry": { "type": "MultiPolygon", "coordinates": [ [ [ [ -158.09491, 21.61271 ], [ -158.09442, 21.61334 ], [ -158.09008, 21.61502 ], [ -158.08819, 21.61662 ], [ -158.08652, 21.61754 ], [ -158.08529, 21.61876 ], [ -158.08618, 21.61771 ], [ -158.09004, 21.61495 ], [ -158.09491, 21.61271 ] ] ] ] } },
{ "type": "Feature", "properties": { "id": 218.0, "Shape_Leng": 2144.5786419800002, "Shape_Area": 7261.1788295599999 }, "geometry": { "type": "MultiPolygon", "coordinates": [ [ [ [ -158.08198, 21.62154 ], [ -158.08083, 21.62355 ], [ -158.07715, 21.62498 ], [ -158.07532, 21.62701 ], [ -158.07448, 21.62744 ], [ -158.0771, 21.62492 ], [ -158.08078, 21.6235 ], [ -158.08198, 21.62154 ] ] ] ] } },
{ "type": "Feature", "properties": { "id": 219.0, "Shape_Leng": 721.32200703900003, "Shape_Area": 3517.94204438 }, "geometry": { "type": "MultiPolygon", "coordinates": [ [ [ [ -158.07354, 21.62888 ], [ -158.07229, 21.63035 ], [ -158.07154, 21.63141 ], [ -158.0722, 21.63029 ], [ -158.07354, 21.62888 ] ] ] ] } },
{ "type": "Feature", "properties": { "id": 220.0, "Shape_Leng": 1182.5539244300001, "Shape_Area": 2403.0894381600001 }, "geometry": { "type": "MultiPolygon", "coordinates": [ [ [ [ -158.0654, 21.63819 ], [ -158.06317, 21.63947 ], [ -158.06318, 21.63968 ], [ -158.06293, 21.64017 ], [ -158.0626, 21.64062 ], [ -158.06254, 21.64185 ], [ -158.06243, 21.642 ], [ -158.06259, 21.64062 ], [ -158.06314, 21.63945 ], [ -158.0654, 21.63819 ] ] ] ] } },
{ "type": "Feature", "properties": { "id": 221.0, "Shape_Leng": 185.371537373, "Shape_Area": 1066.00075821 }, "geometry": { "type": "MultiPolygon", "coordinates": [ [ [ [ -158.06383, 21.64545 ], [ -158.06344, 21.64606 ], [ -158.06332, 21.646 ], [ -158.06373, 21.64539 ], [ -158.06383, 21.64545 ] ] ] ] } },
{ "type": "Feature", "properties": { "id": 222.0, "Shape_Leng": 8653.9214634300006, "Shape_Area": 55835.645629799998 }, "geometry": { "type": "MultiPolygon", "coordinates": [ [ [ [ -158.06086, 21.65506 ], [ -158.05708, 21.65966 ], [ -158.0559, 21.66061 ], [ -158.05535, 21.66088 ], [ -158.05483, 21.66092 ], [ -158.05467, 21.66153 ], [ -158.05171, 21.66457 ], [ -158.04849, 21.66717 ], [ -158.04645, 21.67019 ], [ -158.04007, 21.67424 ], [ -158.03976, 21.67518 ], [ -158.03904, 21.6766 ], [ -158.03899, 21.67885 ], [ -158.03855, 21.67965 ], [ -158.03785, 21.68053 ], [ -158.03752, 21.68079 ], [ -158.03654, 21.68104 ], [ -158.03396, 21.68122 ], [ -158.03775, 21.68048 ], [ -158.03888, 21.67882 ], [ -158.03894, 21.67676 ], [ -158.03997, 21.67417 ], [ -158.04166, 21.67257 ], [ -158.04641, 21.67012 ], [ -158.04852, 21.66692 ], [ -158.05475, 21.66086 ], [ -158.05696, 21.65957 ], [ -158.06086, 21.65506 ] ] ] ] } },
{ "type": "Feature", "properties": { "id": 223.0, "Shape_Leng": 3653.3871302299999, "Shape_Area": 15413.5396893 }, "geometry": { "type": "MultiPolygon", "coordinates": [ [ [ [ -158.0339, 21.68124 ], [ -158.03105, 21.68408 ], [ -158.03113, 21.68451 ], [ -158.03093, 21.68542 ], [ -158.03064, 21.68609 ], [ -158.03001, 21.68689 ], [ -158.02754, 21.68804 ], [ -158.02467, 21.68911 ], [ -158.02164, 21.69162 ], [ -158.02462, 21.68905 ], [ -158.02996, 21.68683 ], [ -158.03097, 21.68405 ], [ -158.0339, 21.68124 ] ] ] ] } },
{ "type": "Feature", "properties": { "id": 224.0, "Shape_Leng": 305.428599147, "Shape_Area": 1402.6715800899999 }, "geometry": { "type": "MultiPolygon", "coordinates": [ [ [ [ -158.0209, 21.69256 ], [ -158.01964, 21.69303 ], [ -158.0196, 21.69295 ], [ -158.02009, 21.69266 ], [ -158.0209, 21.69256 ] ] ] ] } },
{ "type": "Feature", "properties": { "id": 225.0, "Shape_Leng": 719.55825587300001, "Shape_Area": 3156.7057800399998 }, "geometry": { "type": "MultiPolygon", "coordinates": [ [ [ [ -158.01586, 21.69612 ], [ -158.01504, 21.69721 ], [ -158.01387, 21.69807 ], [ -158.01336, 21.69815 ], [ -158.01586, 21.69612 ] ] ] ] } },
{ "type": "Feature", "properties": { "id": 226.0, "Shape_Leng": 1591.38176408, "Shape_Area": 5016.70128811 }, "geometry": { "type": "MultiPolygon", "coordinates": [ [ [ [ -158.01333, 21.69656 ], [ -158.01215, 21.69579 ], [ -158.01006, 21.69614 ], [ -158.00828, 21.69779 ], [ -158.00805, 21.69901 ], [ -158.00824, 21.69775 ], [ -158.01003, 21.69611 ], [ -158.01237, 21.69576 ], [ -158.01333, 21.69656 ] ] ] ] } },
{ "type": "Feature", "properties": { "id": 227.0, "Shape_Leng": 690.694082267, "Shape_Area": 2505.1062345 }, "geometry": { "type": "MultiPolygon", "coordinates": [ [ [ [ -158.00872, 21.69999 ], [ -158.00667, 21.70025 ], [ -158.00555, 21.69997 ], [ -158.00669, 21.70019 ], [ -158.00872, 21.69999 ] ] ] ] } },
{ "type": "Feature", "properties": { "id": 228.0, "Shape_Leng": 347.89657021300002, "Shape_Area": 1882.16596514 }, "geometry": { "type": "MultiPolygon", "coordinates": [ [ [ [ -158.00358, 21.69928 ], [ -158.00205, 21.69951 ], [ -158.00204, 21.69939 ], [ -158.00298, 21.69917 ], [ -158.00358, 21.69928 ] ] ] ] } },
{ "type": "Feature", "properties": { "id": 229.0, "Shape_Leng": 347.95379073800001, "Shape_Area": 1412.68285126 }, "geometry": { "type": "MultiPolygon", "coordinates": [ [ [ [ -157.99792, 21.70518 ], [ -157.99697, 21.70507 ], [ -157.9965, 21.70537 ], [ -157.99691, 21.705 ], [ -157.99792, 21.70518 ] ] ] ] } },
{ "type": "Feature", "properties": { "id": 230.0, "Shape_Leng": 748.85497002, "Shape_Area": 5591.3086142399998 }, "geometry": { "type": "MultiPolygon", "coordinates": [ [ [ [ -157.99354, 21.70515 ], [ -157.99144, 21.70442 ], [ -157.99029, 21.70434 ], [ -157.99145, 21.70427 ], [ -157.99354, 21.70515 ] ] ] ] } },
{ "type": "Feature", "properties": { "id": 231.0, "Shape_Leng": 714.25215010500006, "Shape_Area": 2942.6581740900001 }, "geometry": { "type": "MultiPolygon", "coordinates": [ [ [ [ -157.98028, 21.70937 ], [ -157.97841, 21.70893 ], [ -157.977, 21.70905 ], [ -157.97822, 21.70888 ], [ -157.98028, 21.70937 ] ] ] ] } },
{ "type": "Feature", "properties": { "id": 232.0, "Shape_Leng": 50.4876262943, "Shape_Area": 104.26456031799999 }, "geometry": { "type": "MultiPolygon", "coordinates": [ [ [ [ -157.96613, 21.70806 ], [ -157.96603, 21.7079 ], [ -157.96607, 21.70788 ], [ -157.96617, 21.70803 ], [ -157.96613, 21.70806 ] ] ] ] } },
{ "type": "Feature", "properties": { "id": 233.0, "Shape_Leng": 91.843813350399998, "Shape_Area": 237.832763777 }, "geometry": { "type": "MultiPolygon", "coordinates": [ [ [ [ -157.96533, 21.70701 ], [ -157.96499, 21.70683 ], [ -157.96503, 21.70679 ], [ -157.96536, 21.70696 ], [ -157.96533, 21.70701 ] ] ] ] } },
{ "type": "Feature", "properties": { "id": 234.0, "Shape_Leng": 173.59420069399999, "Shape_Area": 508.57218222500001 }, "geometry": { "type": "MultiPolygon", "coordinates": [ [ [ [ -157.96392, 21.70453 ], [ -157.96349, 21.70393 ], [ -157.96354, 21.70389 ], [ -157.96379, 21.70417 ], [ -157.96392, 21.70453 ] ] ] ] } },
{ "type": "Feature", "properties": { "id": 235.0, "Shape_Leng": 100.030751592, "Shape_Area": 381.63372998099999 }, "geometry": { "type": "MultiPolygon", "coordinates": [ [ [ [ -157.95805, 21.70051 ], [ -157.95788, 21.70019 ], [ -157.95795, 21.70015 ], [ -157.95814, 21.70046 ], [ -157.95805, 21.70051 ] ] ] ] } },
{ "type": "Feature", "properties": { "id": 236.0, "Shape_Leng": 417.96805797799999, "Shape_Area": 1506.5198173900001 }, "geometry": { "type": "MultiPolygon", "coordinates": [ [ [ [ -157.94926, 21.69085 ], [ -157.94895, 21.69019 ], [ -157.94821, 21.68934 ], [ -157.94902, 21.69015 ], [ -157.94926, 21.69085 ] ] ] ] } },
{ "type": "Feature", "properties": { "id": 237.0, "Shape_Leng": 548.94766509099998, "Shape_Area": 908.21972023399996 }, "geometry": { "type": "MultiPolygon", "coordinates": [ [ [ [ -157.94541, 21.68497 ], [ -157.94527, 21.6844 ], [ -157.94462, 21.68351 ], [ -157.94434, 21.68325 ], [ -157.94421, 21.68311 ], [ -157.94407, 21.68292 ], [ -157.94541, 21.68497 ] ] ] ] } },
{ "type": "Feature", "properties": { "id": 238.0, "Shape_Leng": 582.12887918599995, "Shape_Area": 299.4272982 }, "geometry": { "type": "MultiPolygon", "coordinates": [ [ [ [ -157.94364, 21.68214 ], [ -157.94352, 21.68202 ], [ -157.94329, 21.68173 ], [ -157.94284, 21.68114 ], [ -157.94241, 21.68076 ], [ -157.9423, 21.68061 ], [ -157.94206, 21.68011 ], [ -157.94203, 21.68002 ], [ -157.94364, 21.68214 ] ] ] ] } },
{ "type": "Feature", "properties": { "id": 239.0, "Shape_Leng": 1420.16754167, "Shape_Area": 4787.7587975200004 }, "geometry": { "type": "MultiPolygon", "coordinates": [ [ [ [ -157.93643, 21.67235 ], [ -157.93719, 21.66948 ], [ -157.93621, 21.66629 ], [ -157.93707, 21.66839 ], [ -157.93731, 21.67039 ], [ -157.93643, 21.67235 ] ] ] ] } },
{ "type": "Feature", "properties": { "id": 240.0, "Shape_Leng": 3146.6223920699999, "Shape_Area": 8046.9359139799999 }, "geometry": { "type": "MultiPolygon", "coordinates": [ [ [ [ -157.93607, 21.66598 ], [ -157.93222, 21.66249 ], [ -157.92773, 21.66136 ], [ -157.9274, 21.66116 ], [ -157.92729, 21.66083 ], [ -157.92765, 21.65803 ], [ -157.92775, 21.65777 ], [ -157.92824, 21.657 ], [ -157.92746, 21.66111 ], [ -157.92876, 21.66135 ], [ -157.92961, 21.66181 ], [ -157.93097, 21.662 ], [ -157.9324, 21.66255 ], [ -157.93607, 21.66598 ] ] ] ] } },
{ "type": "Feature", "properties": { "id": 241.0, "Shape_Leng": 333.86455542200002, "Shape_Area": 79.788937837299997 }, "geometry": { "type": "MultiPolygon", "coordinates": [ [ [ [ -157.9283, 21.65379 ], [ -157.92809, 21.65339 ], [ -157.92802, 21.65322 ], [ -157.92799, 21.65303 ], [ -157.92799, 21.65283 ], [ -157.92762, 21.65249 ], [ -157.9283, 21.65379 ] ] ] ] } },
{ "type": "Feature", "properties": { "id": 242.0, "Shape_Leng": 902.97535211299999, "Shape_Area": 1260.4690473000001 }, "geometry": { "type": "MultiPolygon", "coordinates": [ [ [ [ -157.92698, 21.65205 ], [ -157.92453, 21.65092 ], [ -157.92369, 21.65035 ], [ -157.92354, 21.65023 ], [ -157.92332, 21.64991 ], [ -157.92698, 21.65205 ] ] ] ] } },
{ "type": "Feature", "properties": { "id": 243.0, "Shape_Leng": 266.35123568400002, "Shape_Area": 785.352818555 }, "geometry": { "type": "MultiPolygon", "coordinates": [ [ [ [ -157.92388, 21.66231 ], [ -157.92342, 21.66269 ], [ -157.92319, 21.66319 ], [ -157.92337, 21.66266 ], [ -157.92388, 21.66231 ] ] ] ] } },
{ "type": "Feature", "properties": { "id": 244.0, "Shape_Leng": 4121.0963077799997, "Shape_Area": 21045.479223300001 }, "geometry": { "type": "MultiPolygon", "coordinates": [ [ [ [ -157.91772, 21.64739 ], [ -157.91907, 21.64384 ], [ -157.9184, 21.64055 ], [ -157.91827, 21.63927 ], [ -157.9191, 21.63679 ], [ -157.91863, 21.63549 ], [ -157.91867, 21.63459 ], [ -157.91893, 21.63407 ], [ -157.92067, 21.6324 ], [ -157.92127, 21.63037 ], [ -157.92072, 21.63242 ], [ -157.91882, 21.6346 ], [ -157.91936, 21.6368 ], [ -157.91837, 21.63928 ], [ -157.91914, 21.64385 ], [ -157.91772, 21.64739 ] ] ] ] } },
{ "type": "Feature", "properties": { "id": 245.0, "Shape_Leng": 145.84472841100001, "Shape_Area": 117.627774131 }, "geometry": { "type": "MultiPolygon", "coordinates": [ [ [ [ -157.92115, 21.62877 ], [ -157.92126, 21.62842 ], [ -157.92136, 21.62825 ], [ -157.92137, 21.62816 ], [ -157.92137, 21.62825 ], [ -157.92115, 21.62877 ] ] ] ] } },
{ "type": "Feature", "properties": { "id": 246.0, "Shape_Leng": 8352.7486928199996, "Shape_Area": 34850.410292699999 }, "geometry": { "type": "MultiPolygon", "coordinates": [ [ [ [ -157.91955, 21.62512 ], [ -157.91833, 21.62461 ], [ -157.91266, 21.61993 ], [ -157.91244, 21.61933 ], [ -157.91295, 21.6145 ], [ -157.91121, 21.61275 ], [ -157.90965, 21.61068 ], [ -157.90878, 21.60845 ], [ -157.90743, 21.60748 ], [ -157.90543, 21.60723 ], [ -157.90169, 21.60543 ], [ -157.89872, 21.60312 ], [ -157.89785, 21.60209 ], [ -157.89686, 21.59859 ], [ -157.89824, 21.60253 ], [ -157.8998, 21.60389 ], [ -157.90178, 21.6054 ], [ -157.90746, 21.60744 ], [ -157.90882, 21.60842 ], [ -157.90972, 21.61063 ], [ -157.91303, 21.61448 ], [ -157.9128, 21.6199 ], [ -157.91955, 21.62512 ] ] ] ] } },
{ "type": "Feature", "properties": { "id": 247.0, "Shape_Leng": 4743.0518630200004, "Shape_Area": 12871.2997686 }, "geometry": { "type": "MultiPolygon", "coordinates": [ [ [ [ -157.8962, 21.59727 ], [ -157.89467, 21.59396 ], [ -157.89209, 21.59248 ], [ -157.89006, 21.59081 ], [ -157.88953, 21.59028 ], [ -157.88896, 21.58954 ], [ -157.88772, 21.5868 ], [ -157.88734, 21.58557 ], [ -157.88643, 21.58131 ], [ -157.88522, 21.57967 ], [ -157.88638, 21.58113 ], [ -157.88901, 21.58949 ], [ -157.89472, 21.59392 ], [ -157.8962, 21.59727 ] ] ] ] } },
{ "type": "Feature", "properties": { "id": 248.0, "Shape_Leng": 3977.41608249, "Shape_Area": 23839.115529 }, "geometry": { "type": "MultiPolygon", "coordinates": [ [ [ [ -157.88366, 21.57812 ], [ -157.87727, 21.57513 ], [ -157.87504, 21.57279 ], [ -157.8749, 21.57237 ], [ -157.87484, 21.56803 ], [ -157.87504, 21.56497 ], [ -157.87513, 21.57273 ], [ -157.87748, 21.57513 ], [ -157.88366, 21.57812 ] ] ] ] } },
{ "type": "Feature", "properties": { "id": 249.0, "Shape_Leng": 75.184681630200004, "Shape_Area": 11.9769484664 }, "geometry": { "type": "MultiPolygon", "coordinates": [ [ [ [ -157.87642, 21.55816 ], [ -157.87637, 21.55797 ], [ -157.87632, 21.55783 ], [ -157.87637, 21.55797 ], [ -157.87642, 21.55816 ] ] ] ] } },
{ "type": "Feature", "properties": { "id": 250.0, "Shape_Leng": 621.58577600199999, "Shape_Area": 2209.8635829099999 }, "geometry": { "type": "MultiPolygon", "coordinates": [ [ [ [ -157.87268, 21.55584 ], [ -157.87151, 21.55574 ], [ -157.86978, 21.55594 ], [ -157.8713, 21.55569 ], [ -157.87268, 21.55584 ] ] ] ] } },
{ "type": "Feature", "properties": { "id": 251.0, "Shape_Leng": 1791.29189804, "Shape_Area": 7275.4991008400002 }, "geometry": { "type": "MultiPolygon", "coordinates": [ [ [ [ -157.86412, 21.56032 ], [ -157.86143, 21.5593 ], [ -157.86026, 21.55864 ], [ -157.85746, 21.55789 ], [ -157.85622, 21.55739 ], [ -157.86028, 21.55858 ], [ -157.86412, 21.56032 ] ] ] ] } },
{ "type": "Feature", "properties": { "id": 252.0, "Shape_Leng": 6376.8930746699998, "Shape_Area": 31737.636917899999 }, "geometry": { "type": "MultiPolygon", "coordinates": [ [ [ [ -157.8547, 21.55776 ], [ -157.8527, 21.55676 ], [ -157.85131, 21.55556 ], [ -157.8468, 21.55011 ], [ -157.84637, 21.54846 ], [ -157.84652, 21.54618 ], [ -157.84462, 21.54358 ], [ -157.84223, 21.5422 ], [ -157.84185, 21.54148 ], [ -157.84011, 21.5363 ], [ -157.83885, 21.53493 ], [ -157.84015, 21.53627 ], [ -157.8422, 21.54195 ], [ -157.8447, 21.54351 ], [ -157.84659, 21.54618 ], [ -157.84687, 21.55006 ], [ -157.8514, 21.55549 ], [ -157.8547, 21.55776 ] ] ] ] } },
{ "type": "Feature", "properties": { "id": 253.0, "Shape_Leng": 322.222928405, "Shape_Area": 705.36612260899994 }, "geometry": { "type": "MultiPolygon", "coordinates": [ [ [ [ -157.83741, 21.53241 ], [ -157.83657, 21.5317 ], [ -157.83639, 21.53138 ], [ -157.8366, 21.53168 ], [ -157.83741, 21.53241 ] ] ] ] } },
{ "type": "Feature", "properties": { "id": 254.0, "Shape_Leng": 1082.1914582300001, "Shape_Area": 1209.28081281 }, "geometry": { "type": "MultiPolygon", "coordinates": [ [ [ [ -157.83637, 21.53087 ], [ -157.83561, 21.52961 ], [ -157.83481, 21.52798 ], [ -157.83463, 21.52746 ], [ -157.83441, 21.52641 ], [ -157.83637, 21.53087 ] ] ] ] } },
{ "type": "Feature", "properties": { "id": 255.0, "Shape_Leng": 765.75404296399995, "Shape_Area": 1199.3321047500001 }, "geometry": { "type": "MultiPolygon", "coordinates": [ [ [ [ -157.8347, 21.52612 ], [ -157.83475, 21.52522 ], [ -157.83473, 21.52467 ], [ -157.8348, 21.5227 ], [ -157.8348, 21.52522 ], [ -157.8347, 21.52612 ] ] ] ] } },
{ "type": "Feature", "properties": { "id": 256.0, "Shape_Leng": 985.16242583999997, "Shape_Area": 5060.1501865399996 }, "geometry": { "type": "MultiPolygon", "coordinates": [ [ [ [ -157.83517, 21.52245 ], [ -157.83543, 21.52048 ], [ -157.83545, 21.51813 ], [ -157.83554, 21.52067 ], [ -157.83517, 21.52245 ] ] ] ] } },
{ "type": "Feature", "properties": { "id": 257.0, "Shape_Leng": 2557.74685413, "Shape_Area": 45567.032845100002 }, "geometry": { "type": "MultiPolygon", "coordinates": [ [ [ [ -157.83619, 21.51759 ], [ -157.83548, 21.50982 ], [ -157.83731, 21.50896 ], [ -157.83923, 21.50854 ], [ -157.83597, 21.51018 ], [ -157.83662, 21.51374 ], [ -157.83619, 21.51759 ] ] ] ] } },
{ "type": "Feature", "properties": { "id": 258.0, "Shape_Leng": 49.588280598799997, "Shape_Area": 4.8721847834699998 }, "geometry": { "type": "MultiPolygon", "coordinates": [ [ [ [ -157.84262, 21.50801 ], [ -157.84281, 21.50796 ], [ -157.84285, 21.50795 ], [ -157.84281, 21.50796 ], [ -157.84262, 21.50801 ] ] ] ] } },
{ "type": "Feature", "properties": { "id": 259.0, "Shape_Leng": 148.43643527200001, "Shape_Area": 218.19172955100001 }, "geometry": { "type": "MultiPolygon", "coordinates": [ [ [ [ -157.76391, 21.46147 ], [ -157.76395, 21.46128 ], [ -157.76397, 21.46082 ], [ -157.76399, 21.46127 ], [ -157.76391, 21.46147 ] ] ] ] } },
{ "type": "Feature", "properties": { "id": 260.0, "Shape_Leng": 367.16427179800002, "Shape_Area": 182.71552989700001 }, "geometry": { "type": "MultiPolygon", "coordinates": [ [ [ [ -157.76284, 21.4595 ], [ -157.7626, 21.45935 ], [ -157.76173, 21.45893 ], [ -157.7613, 21.4587 ], [ -157.7626, 21.45934 ], [ -157.76284, 21.4595 ] ] ] ] } },
{ "type": "Feature", "properties": { "id": 261.0, "Shape_Leng": 2965.1677170500002, "Shape_Area": 7450.85029184 }, "geometry": { "type": "MultiPolygon", "coordinates": [ [ [ [ -157.75629, 21.45663 ], [ -157.75349, 21.45596 ], [ -157.75244, 21.45543 ], [ -157.7504, 21.45487 ], [ -157.74845, 21.45402 ], [ -157.74268, 21.45323 ], [ -157.74848, 21.45393 ], [ -157.75629, 21.45663 ] ] ] ] } },
{ "type": "Feature", "properties": { "id": 262.0, "Shape_Leng": 233.71452604199999, "Shape_Area": 770.13540808100004 }, "geometry": { "type": "MultiPolygon", "coordinates": [ [ [ [ -157.74055, 21.45383 ], [ -157.73991, 21.45403 ], [ -157.73961, 21.45425 ], [ -157.73985, 21.45397 ], [ -157.74055, 21.45383 ] ] ] ] } },
{ "type": "Feature", "properties": { "id": 263.0, "Shape_Leng": 823.42370275999997, "Shape_Area": 3257.8430208899999 }, "geometry": { "type": "MultiPolygon", "coordinates": [ [ [ [ -157.72997, 21.39908 ], [ -157.72978, 21.39904 ], [ -157.7296, 21.39899 ], [ -157.72942, 21.39893 ], [ -157.72871, 21.39864 ], [ -157.72812, 21.39856 ], [ -157.72637, 21.3978 ], [ -157.72642, 21.39766 ], [ -157.72997, 21.39908 ] ] ] ] } },
{ "type": "Feature", "properties": { "id": 264.0, "Shape_Leng": 914.22173252000005, "Shape_Area": 4598.28581295 }, "geometry": { "type": "MultiPolygon", "coordinates": [ [ [ [ -157.72521, 21.39688 ], [ -157.72364, 21.39616 ], [ -157.7227, 21.39552 ], [ -157.7214, 21.39548 ], [ -157.72273, 21.39547 ], [ -157.72521, 21.39688 ] ] ] ] } },
{ "type": "Feature", "properties": { "id": 265.0, "Shape_Leng": 884.69695321999995, "Shape_Area": 4240.9127184400004 }, "geometry": { "type": "MultiPolygon", "coordinates": [ [ [ [ -157.72012, 21.39588 ], [ -157.71746, 21.39408 ], [ -157.71667, 21.39368 ], [ -157.71753, 21.39399 ], [ -157.72012, 21.39588 ] ] ] ] } },
{ "type": "Feature", "properties": { "id": 266.0, "Shape_Leng": 2037.5390143, "Shape_Area": 14754.085678199999 }, "geometry": { "type": "MultiPolygon", "coordinates": [ [ [ [ -157.71241, 21.38907 ], [ -157.71198, 21.38862 ], [ -157.7116, 21.38798 ], [ -157.71062, 21.38557 ], [ -157.70945, 21.38402 ], [ -157.7082, 21.381 ], [ -157.71114, 21.38621 ], [ -157.71241, 21.38907 ] ] ] ] } },
{ "type": "Feature", "properties": { "id": 267.0, "Shape_Leng": 95.458070184600004, "Shape_Area": 191.71569257 }, "geometry": { "type": "MultiPolygon", "coordinates": [ [ [ [ -157.70782, 21.3808 ], [ -157.70766, 21.38069 ], [ -157.70746, 21.38061 ], [ -157.70769, 21.38066 ], [ -157.70782, 21.3808 ] ] ] ] } },
{ "type": "Feature", "properties": { "id": 268.0, "Shape_Leng": 7052.0112842099998, "Shape_Area": 46930.724045700001 }, "geometry": { "type": "MultiPolygon", "coordinates": [ [ [ [ -157.70584, 21.37962 ], [ -157.70607, 21.37602 ], [ -157.70839, 21.37134 ], [ -157.70997, 21.36559 ], [ -157.70959, 21.36393 ], [ -157.7091, 21.35981 ], [ -157.7076, 21.35609 ], [ -157.70755, 21.35592 ], [ -157.7076, 21.35571 ], [ -157.7077, 21.35549 ], [ -157.70755, 21.35515 ], [ -157.70749, 21.35498 ], [ -157.70728, 21.35428 ], [ -157.70717, 21.35337 ], [ -157.70676, 21.35292 ], [ -157.70585, 21.3513 ], [ -157.70575, 21.35096 ], [ -157.70554, 21.34972 ], [ -157.7072, 21.35336 ], [ -157.7092, 21.35978 ], [ -157.71007, 21.36558 ], [ -157.70857, 21.3714 ], [ -157.70628, 21.3762 ], [ -157.70584, 21.37962 ] ] ] ] } },
{ "type": "Feature", "properties": { "id": 269.0, "Shape_Leng": 8496.9262254599998, "Shape_Area": 31806.211255499999 }, "geometry": { "type": "MultiPolygon", "coordinates": [ [ [ [ -157.70442, 21.3484 ], [ -157.70436, 21.34837 ], [ -157.70426, 21.34822 ], [ -157.70419, 21.34804 ], [ -157.70424, 21.34781 ], [ -157.70415, 21.34765 ], [ -157.70377, 21.34723 ], [ -157.70367, 21.34708 ], [ -157.70312, 21.34612 ], [ -157.70308, 21.34593 ], [ -157.70276, 21.34569 ], [ -157.70242, 21.34525 ], [ -157.70201, 21.34464 ], [ -157.70191, 21.34427 ], [ -157.70171, 21.34417 ], [ -157.70056, 21.34271 ], [ -157.70008, 21.34193 ], [ -157.69971, 21.34172 ], [ -157.69937, 21.34128 ], [ -157.69312, 21.33166 ], [ -157.68918, 21.32865 ], [ -157.67942, 21.32517 ], [ -157.67776, 21.32432 ], [ -157.67653, 21.32309 ], [ -157.67917, 21.32493 ], [ -157.68922, 21.32859 ], [ -157.69315, 21.33163 ], [ -157.7031, 21.34592 ], [ -157.70367, 21.34707 ], [ -157.70415, 21.34765 ], [ -157.70424, 21.34781 ], [ -157.70442, 21.3484 ] ] ] ] } },
{ "type": "Feature", "properties": { "id": 270.0, "Shape_Leng": 168.04768797700001, "Shape_Area": 377.35614847400001 }, "geometry": { "type": "MultiPolygon", "coordinates": [ [ [ [ -157.67368, 21.32191 ], [ -157.67308, 21.32146 ], [ -157.6731, 21.32145 ], [ -157.67372, 21.32187 ], [ -157.67368, 21.32191 ] ] ] ] } },
{ "type": "Feature", "properties": { "id": 271.0, "Shape_Leng": 213.00456950700001, "Shape_Area": 539.15633049400003 }, "geometry": { "type": "MultiPolygon", "coordinates": [ [ [ [ -157.67253, 21.32104 ], [ -157.67211, 21.32043 ], [ -157.67198, 21.32029 ], [ -157.67215, 21.3204 ], [ -157.67253, 21.32104 ] ] ] ] } },
{ "type": "Feature", "properties": { "id": 272.0, "Shape_Leng": 482.91058530100003, "Shape_Area": 1248.0168728399999 }, "geometry": { "type": "MultiPolygon", "coordinates": [ [ [ [ -157.67113, 21.31946 ], [ -157.66991, 21.31869 ], [ -157.66947, 21.31811 ], [ -157.66993, 21.31868 ], [ -157.67113, 21.31946 ] ] ] ] } },
{ "type": "Feature", "properties": { "id": 273.0, "Shape_Leng": 915.47764096599997, "Shape_Area": 3017.3389515099998 }, "geometry": { "type": "MultiPolygon", "coordinates": [ [ [ [ -157.66811, 21.31671 ], [ -157.66626, 21.3159 ], [ -157.6647, 21.31635 ], [ -157.66413, 21.31627 ], [ -157.66624, 21.31585 ], [ -157.66811, 21.31671 ] ] ] ] } },
{ "type": "Feature", "properties": { "id": 274.0, "Shape_Leng": 48.668828929599997, "Shape_Area": 92.705237300799993 }, "geometry": { "type": "MultiPolygon", "coordinates": [ [ [ [ -157.66236, 21.31556 ], [ -157.66219, 21.31547 ], [ -157.66222, 21.31543 ], [ -157.66238, 21.31552 ], [ -157.66236, 21.31556 ] ] ] ] } },
{ "type": "Feature", "properties": { "id": 275.0, "Shape_Leng": 477.52877367000002, "Shape_Area": 1593.08639834 }, "geometry": { "type": "MultiPolygon", "coordinates": [ [ [ [ -157.66077, 21.31174 ], [ -157.66048, 21.31149 ], [ -157.66005, 21.31066 ], [ -157.65942, 21.3102 ], [ -157.66011, 21.31062 ], [ -157.66077, 21.31174 ] ] ] ] } },
{ "type": "Feature", "properties": { "id": 276.0, "Shape_Leng": 1045.75072069, "Shape_Area": 4537.1060149200002 }, "geometry": { "type": "MultiPolygon", "coordinates": [ [ [ [ -157.67462, 21.28527 ], [ -157.67431, 21.28565 ], [ -157.67357, 21.28586 ], [ -157.6701, 21.28623 ], [ -157.67462, 21.28527 ] ] ] ] } },
{ "type": "Feature", "properties": { "id": 277.0, "Shape_Leng": 954.70860256799995, "Shape_Area": 2435.42566816 }, "geometry": { "type": "MultiPolygon", "coordinates": [ [ [ [ -157.69731, 21.26818 ], [ -157.69749, 21.26863 ], [ -157.69755, 21.26923 ], [ -157.69733, 21.27051 ], [ -157.6971, 21.2712 ], [ -157.69681, 21.27148 ], [ -157.69672, 21.27164 ], [ -157.69647, 21.27194 ], [ -157.69632, 21.27209 ], [ -157.69729, 21.27049 ], [ -157.69731, 21.26818 ] ] ] ] } },
{ "type": "Feature", "properties": { "id": 278.0, "Shape_Leng": 490.887212019, "Shape_Area": 1500.00608289 }, "geometry": { "type": "MultiPolygon", "coordinates": [ [ [ [ -157.72124, 21.28409 ], [ -157.72029, 21.28421 ], [ -157.71962, 21.28456 ], [ -157.71905, 21.28471 ], [ -157.72027, 21.28417 ], [ -157.72124, 21.28409 ] ] ] ] } },
{ "type": "Feature", "properties": { "id": 279.0, "Shape_Leng": 328.30360267100002, "Shape_Area": 1275.93390748 }, "geometry": { "type": "MultiPolygon", "coordinates": [ [ [ [ -157.71372, 21.28176 ], [ -157.71227, 21.28134 ], [ -157.7123, 21.28126 ], [ -157.71303, 21.28144 ], [ -157.71372, 21.28176 ] ] ] ] } },
{ "type": "Feature", "properties": { "id": 280.0, "Shape_Leng": 1009.76402081, "Shape_Area": 5293.6337226699998 }, "geometry": { "type": "MultiPolygon", "coordinates": [ [ [ [ -157.71107, 21.28062 ], [ -157.71107, 21.28061 ], [ -157.71095, 21.28047 ], [ -157.71075, 21.28025 ], [ -157.70931, 21.27814 ], [ -157.70915, 21.27758 ], [ -157.70926, 21.27668 ], [ -157.71107, 21.28062 ] ] ] ] } },
{ "type": "Feature", "properties": { "id": 281.0, "Shape_Leng": 1230.71987872, "Shape_Area": 4106.4042850300002 }, "geometry": { "type": "MultiPolygon", "coordinates": [ [ [ [ -157.72255, 21.28184 ], [ -157.72259, 21.28165 ], [ -157.72288, 21.28141 ], [ -157.7246, 21.28111 ], [ -157.72746, 21.28118 ], [ -157.72785, 21.28123 ], [ -157.72804, 21.28126 ], [ -157.72815, 21.28128 ], [ -157.7246, 21.28119 ], [ -157.72255, 21.28184 ] ] ] ] } },
{ "type": "Feature", "properties": { "id": 282.0, "Shape_Leng": 343.625607215, "Shape_Area": 1397.99493009 }, "geometry": { "type": "MultiPolygon", "coordinates": [ [ [ [ -157.7318, 21.28195 ], [ -157.73263, 21.28199 ], [ -157.73337, 21.28185 ], [ -157.73264, 21.28209 ], [ -157.7318, 21.28195 ] ] ] ] } },
{ "type": "Feature", "properties": { "id": 283.0, "Shape_Leng": 256.57434711500002, "Shape_Area": 1072.8836961 }, "geometry": { "type": "MultiPolygon", "coordinates": [ [ [ [ -157.73679, 21.28042 ], [ -157.73771, 21.28013 ], [ -157.73793, 21.28021 ], [ -157.73681, 21.28047 ], [ -157.73679, 21.28042 ] ] ] ] } },
{ "type": "Feature", "properties": { "id": 284.0, "Shape_Leng": 279.85774814299998, "Shape_Area": 527.33201311899995 }, "geometry": { "type": "MultiPolygon", "coordinates": [ [ [ [ -157.73855, 21.28006 ], [ -157.73931, 21.27994 ], [ -157.73985, 21.27988 ], [ -157.73856, 21.28012 ], [ -157.73855, 21.28006 ] ] ] ] } },
{ "type": "Feature", "properties": { "id": 285.0, "Shape_Leng": 626.48721117800005, "Shape_Area": 471.21664053799998 }, "geometry": { "type": "MultiPolygon", "coordinates": [ [ [ [ -157.74141, 21.27994 ], [ -157.74321, 21.27988 ], [ -157.74358, 21.27975 ], [ -157.74372, 21.27962 ], [ -157.7439, 21.27954 ], [ -157.74402, 21.27938 ], [ -157.74419, 21.27931 ], [ -157.74141, 21.27994 ] ] ] ] } },
{ "type": "Feature", "properties": { "id": 286.0, "Shape_Leng": 549.58187532800002, "Shape_Area": 552.030645789 }, "geometry": { "type": "MultiPolygon", "coordinates": [ [ [ [ -157.74432, 21.27893 ], [ -157.74462, 21.27884 ], [ -157.745, 21.27876 ], [ -157.74611, 21.27843 ], [ -157.74682, 21.27817 ], [ -157.74593, 21.27851 ], [ -157.74501, 21.27878 ], [ -157.74432, 21.27893 ] ] ] ] } },
{ "type": "Feature", "properties": { "id": 287.0, "Shape_Leng": 1281.41704106, "Shape_Area": 3779.4887297 }, "geometry": { "type": "MultiPolygon", "coordinates": [ [ [ [ -157.74755, 21.27771 ], [ -157.74814, 21.27747 ], [ -157.74901, 21.27719 ], [ -157.7534, 21.27656 ], [ -157.74755, 21.27771 ] ] ] ] } },
{ "type": "Feature", "properties": { "id": 288.0, "Shape_Leng": 2729.7508867199999, "Shape_Area": 3163.1987471799998 }, "geometry": { "type": "MultiPolygon", "coordinates": [ [ [ [ -157.75982, 21.27606 ], [ -157.76246, 21.2759 ], [ -157.76868, 21.27268 ], [ -157.76923, 21.27251 ], [ -157.77089, 21.27233 ], [ -157.77181, 21.27207 ], [ -157.7709, 21.27235 ], [ -157.76869, 21.27271 ], [ -157.76489, 21.27495 ], [ -157.76354, 21.27552 ], [ -157.76164, 21.2762 ], [ -157.75982, 21.27606 ] ] ] ] } },
{ "type": "Feature", "properties": { "id": 289.0, "Shape_Leng": 1223.8221254, "Shape_Area": 6480.3274354699997 }, "geometry": { "type": "MultiPolygon", "coordinates": [ [ [ [ -157.77241, 21.27168 ], [ -157.77602, 21.27028 ], [ -157.77739, 21.26906 ], [ -157.77642, 21.27012 ], [ -157.77539, 21.27076 ], [ -157.77241, 21.27168 ] ] ] ] } },
{ "type": "Feature", "properties": { "id": 290.0, "Shape_Leng": 17.4326707299, "Shape_Area": 0.1670123226 }, "geometry": { "type": "MultiPolygon", "coordinates": [ [ [ [ -157.77803, 21.26824 ], [ -157.77806, 21.26821 ], [ -157.77808, 21.26818 ], [ -157.77806, 21.26821 ], [ -157.77803, 21.26824 ] ] ] ] } },
{ "type": "Feature", "properties": { "id": 291.0, "Shape_Leng": 73.560827463600006, "Shape_Area": 8.6581599599400008 }, "geometry": { "type": "MultiPolygon", "coordinates": [ [ [ [ -157.77912, 21.26648 ], [ -157.7792, 21.26635 ], [ -157.7793, 21.2662 ], [ -157.77921, 21.26635 ], [ -157.77912, 21.26648 ] ] ] ] } },
{ "type": "Feature", "properties": { "id": 292.0, "Shape_Leng": 2889.0897435100001, "Shape_Area": 20435.722798499999 }, "geometry": { "type": "MultiPolygon", "coordinates": [ [ [ [ -157.77975, 21.26552 ], [ -157.78003, 21.26523 ], [ -157.7804, 21.26494 ], [ -157.78196, 21.26388 ], [ -157.78518, 21.26194 ], [ -157.79129, 21.2586 ], [ -157.77975, 21.26552 ] ] ] ] } },
{ "type": "Feature", "properties": { "id": 293.0, "Shape_Leng": 2381.4682107499998, "Shape_Area": 7887.4932396900003 }, "geometry": { "type": "MultiPolygon", "coordinates": [ [ [ [ -157.79625, 21.25735 ], [ -157.79716, 21.25704 ], [ -157.79892, 21.25691 ], [ -157.80035, 21.25634 ], [ -157.80167, 21.25607 ], [ -157.80403, 21.25595 ], [ -157.80564, 21.2553 ], [ -157.80657, 21.25507 ], [ -157.80696, 21.25502 ], [ -157.80719, 21.25514 ], [ -157.80367, 21.25608 ], [ -157.80169, 21.25614 ], [ -157.79894, 21.25698 ], [ -157.79625, 21.25735 ] ] ] ] } },
{ "type": "Feature", "properties": { "id": 294.0, "Shape_Leng": 1637.0301893000001, "Shape_Area": 6739.7188614300003 }, "geometry": { "type": "MultiPolygon", "coordinates": [ [ [ [ -157.81131, 21.25602 ], [ -157.81338, 21.25586 ], [ -157.81474, 21.25611 ], [ -157.81856, 21.2578 ], [ -157.8147, 21.25618 ], [ -157.81131, 21.25602 ] ] ] ] } },
{ "type": "Feature", "properties": { "id": 295.0, "Shape_Leng": 418.72580856500002, "Shape_Area": 3631.9966472400001 }, "geometry": { "type": "MultiPolygon", "coordinates": [ [ [ [ -157.82079, 21.26089 ], [ -157.82144, 21.26147 ], [ -157.82148, 21.26237 ], [ -157.82063, 21.26112 ], [ -157.82079, 21.26089 ] ] ] ] } },
{ "type": "Feature", "properties": { "id": 296.0, "Shape_Leng": 132.53270403400001, "Shape_Area": 316.64310277300001 }, "geometry": { "type": "MultiPolygon", "coordinates": [ [ [ [ -157.82151, 21.2625 ], [ -157.82154, 21.26268 ], [ -157.82145, 21.26305 ], [ -157.82141, 21.26253 ], [ -157.82151, 21.2625 ] ] ] ] } },
{ "type": "Feature", "properties": { "id": 297.0, "Shape_Leng": 805.40443393099997, "Shape_Area": 14192.7244663 }, "geometry": { "type": "MultiPolygon", "coordinates": [ [ [ [ -157.82204, 21.26523 ], [ -157.82263, 21.26714 ], [ -157.82248, 21.26849 ], [ -157.82164, 21.26533 ], [ -157.82204, 21.26523 ] ] ] ] } },
{ "type": "Feature", "properties": { "id": 298.0, "Shape_Leng": 317.98033755400002, "Shape_Area": 467.62135829099998 }, "geometry": { "type": "MultiPolygon", "coordinates": [ [ [ [ -157.82277, 21.26854 ], [ -157.8228, 21.26891 ], [ -157.82276, 21.26963 ], [ -157.8227, 21.26995 ], [ -157.82277, 21.26854 ] ] ] ] } },
{ "type": "Feature", "properties": { "id": 299.0, "Shape_Leng": 410.69145430499998, "Shape_Area": 971.77835766199996 }, "geometry": { "type": "MultiPolygon", "coordinates": [ [ [ [ -157.82303, 21.27154 ], [ -157.82332, 21.27221 ], [ -157.82384, 21.27318 ], [ -157.82319, 21.27207 ], [ -157.82303, 21.27154 ] ] ] ] } },
{ "type": "Feature", "properties": { "id": 300.0, "Shape_Leng": 463.38834446099997, "Shape_Area": 2254.2115914300002 }, "geometry": { "type": "MultiPolygon", "coordinates": [ [ [ [ -157.82408, 21.27335 ], [ -157.82438, 21.27421 ], [ -157.82509, 21.27498 ], [ -157.82428, 21.27425 ], [ -157.82408, 21.27335 ] ] ] ] } },
{ "type": "Feature", "properties": { "id": 301.0, "Shape_Leng": 485.60821676099999, "Shape_Area": 256.88929183800002 }, "geometry": { "type": "MultiPolygon", "coordinates": [ [ [ [ -157.82523, 21.275 ], [ -157.82554, 21.27555 ], [ -157.82577, 21.27555 ], [ -157.82696, 21.27623 ], [ -157.82523, 21.275 ] ] ] ] } },
{ "type": "Feature", "properties": { "id": 302.0, "Shape_Leng": 159.59319362799999, "Shape_Area": 284.89330290300001 }, "geometry": { "type": "MultiPolygon", "coordinates": [ [ [ [ -157.82896, 21.27673 ], [ -157.82949, 21.27665 ], [ -157.82968, 21.27662 ], [ -157.82968, 21.27671 ], [ -157.82896, 21.27673 ] ] ] ] } },
{ "type": "Feature", "properties": { "id": 303.0, "Shape_Leng": 458.73270363199998, "Shape_Area": 1388.45396142 }, "geometry": { "type": "MultiPolygon", "coordinates": [ [ [ [ -157.82976, 21.27662 ], [ -157.83176, 21.2773 ], [ -157.83174, 21.2774 ], [ -157.83136, 21.2773 ], [ -157.82976, 21.27662 ] ] ] ] } },
{ "type": "Feature", "properties": { "id": 304.0, "Shape_Leng": 251.19507680199999, "Shape_Area": 852.95698478099996 }, "geometry": { "type": "MultiPolygon", "coordinates": [ [ [ [ -157.83251, 21.27749 ], [ -157.8333, 21.27779 ], [ -157.83352, 21.27799 ], [ -157.83249, 21.27753 ], [ -157.83251, 21.27749 ] ] ] ] } },
{ "type": "Feature", "properties": { "id": 305.0, "Shape_Leng": 822.60010372399995, "Shape_Area": 5378.07821934 }, "geometry": { "type": "MultiPolygon", "coordinates": [ [ [ [ -157.83384, 21.27814 ], [ -157.83513, 21.27894 ], [ -157.83649, 21.28068 ], [ -157.83371, 21.27834 ], [ -157.83384, 21.27814 ] ] ] ] } },
{ "type": "Feature", "properties": { "id": 306.0, "Shape_Leng": 813.31088979599997, "Shape_Area": 2749.5152472899999 }, "geometry": { "type": "MultiPolygon", "coordinates": [ [ [ [ -157.83704, 21.28115 ], [ -157.83886, 21.28188 ], [ -157.84033, 21.28125 ], [ -157.83884, 21.28194 ], [ -157.83704, 21.28115 ] ] ] ] } },
{ "type": "Feature", "properties": { "id": 307.0, "Shape_Leng": 45.974818763800002, "Shape_Area": 39.440771888199997 }, "geometry": { "type": "MultiPolygon", "coordinates": [ [ [ [ -157.84081, 21.28159 ], [ -157.84097, 21.28171 ], [ -157.84096, 21.28172 ], [ -157.8408, 21.28161 ], [ -157.84081, 21.28159 ] ] ] ] } },
{ "type": "Feature", "properties": { "id": 308.0, "Shape_Leng": 720.59869432400001, "Shape_Area": 2514.71472928 }, "geometry": { "type": "MultiPolygon", "coordinates": [ [ [ [ -157.846, 21.28223 ], [ -157.84622, 21.2835 ], [ -157.84792, 21.28409 ], [ -157.84634, 21.28365 ], [ -157.84609, 21.28336 ], [ -157.84598, 21.28319 ], [ -157.84584, 21.28278 ], [ -157.846, 21.28223 ] ] ] ] } },
{ "type": "Feature", "properties": { "id": 309.0, "Shape_Leng": 322.087513387, "Shape_Area": 2565.5061822500002 }, "geometry": { "type": "MultiPolygon", "coordinates": [ [ [ [ -157.84655, 21.28608 ], [ -157.84614, 21.28649 ], [ -157.84598, 21.28717 ], [ -157.84597, 21.28639 ], [ -157.84655, 21.28608 ] ] ] ] } },
{ "type": "Feature", "properties": { "id": 310.0, "Shape_Leng": 1768.1142007000001, "Shape_Area": 9024.7819514999992 }, "geometry": { "type": "MultiPolygon", "coordinates": [ [ [ [ -157.84742, 21.28878 ], [ -157.853, 21.29045 ], [ -157.85525, 21.29161 ], [ -157.85299, 21.2905 ], [ -157.84742, 21.28878 ] ] ] ] } },
{ "type": "Feature", "properties": { "id": 311.0, "Shape_Leng": 498.22417460499997, "Shape_Area": 497.018014994 }, "geometry": { "type": "MultiPolygon", "coordinates": [ [ [ [ -157.87674, 21.30122 ], [ -157.87693, 21.30112 ], [ -157.87907, 21.30121 ], [ -157.8777, 21.30129 ], [ -157.87674, 21.30122 ] ] ] ] } },
{ "type": "Feature", "properties": { "id": 312.0, "Shape_Leng": 413.715573732, "Shape_Area": 2730.7937547900001 }, "geometry": { "type": "MultiPolygon", "coordinates": [ [ [ [ -157.882, 21.30084 ], [ -157.8829, 21.30041 ], [ -157.88369, 21.30046 ], [ -157.88373, 21.30067 ], [ -157.882, 21.30084 ] ] ] ] } },
{ "type": "Feature", "properties": { "id": 313.0, "Shape_Leng": 295.54294997, "Shape_Area": 466.452015276 }, "geometry": { "type": "MultiPolygon", "coordinates": [ [ [ [ -157.97058, 21.32515 ], [ -157.97072, 21.32407 ], [ -157.97072, 21.32384 ], [ -157.97075, 21.32408 ], [ -157.97058, 21.32515 ] ] ] ] } },
{ "type": "Feature", "properties": { "id": 314.0, "Shape_Leng": 3371.57755365, "Shape_Area": 29053.610160299999 }, "geometry": { "type": "MultiPolygon", "coordinates": [ [ [ [ -157.971, 21.32262 ], [ -157.9712, 21.32238 ], [ -157.97136, 21.32224 ], [ -157.97196, 21.32209 ], [ -157.97282, 21.32112 ], [ -157.97845, 21.31626 ], [ -157.98419, 21.31531 ], [ -157.97861, 21.31654 ], [ -157.97204, 21.32217 ], [ -157.971, 21.32262 ] ] ] ] } },
{ "type": "Feature", "properties": { "id": 315.0, "Shape_Leng": 237.95852051099999, "Shape_Area": 14.7613829982 }, "geometry": { "type": "MultiPolygon", "coordinates": [ [ [ [ -157.98466, 21.31516 ], [ -157.98471, 21.31515 ], [ -157.98489, 21.3151 ], [ -157.98545, 21.31494 ], [ -157.98575, 21.31484 ], [ -157.98545, 21.31495 ], [ -157.98466, 21.31516 ] ] ] ] } },
{ "type": "Feature", "properties": { "id": 316.0, "Shape_Leng": 7.3048795683199996, "Shape_Area": 0.00108894315 }, "geometry": { "type": "MultiPolygon", "coordinates": [ [ [ [ -157.99705, 21.31238 ], [ -157.99709, 21.31237 ], [ -157.99709, 21.31237 ], [ -157.99709, 21.31237 ], [ -157.99705, 21.31238 ] ] ] ] } },
{ "type": "Feature", "properties": { "id": 317.0, "Shape_Leng": 2706.3805832899998, "Shape_Area": 8102.3940146699997 }, "geometry": { "type": "MultiPolygon", "coordinates": [ [ [ [ -157.99905, 21.31203 ], [ -158.00046, 21.31159 ], [ -158.00514, 21.31051 ], [ -158.01167, 21.30928 ], [ -157.99905, 21.31203 ] ] ] ] } },
{ "type": "Feature", "properties": { "id": 318.0, "Shape_Leng": 1870.35814942, "Shape_Area": 11769.76347 }, "geometry": { "type": "MultiPolygon", "coordinates": [ [ [ [ -158.02419, 21.30634 ], [ -158.02847, 21.306 ], [ -158.03242, 21.30443 ], [ -158.03265, 21.30454 ], [ -158.02849, 21.30608 ], [ -158.02642, 21.30652 ], [ -158.02419, 21.30634 ] ] ] ] } },
{ "type": "Feature", "properties": { "id": 319.0, "Shape_Leng": 6367.6264567799999, "Shape_Area": 29690.657401100001 }, "geometry": { "type": "MultiPolygon", "coordinates": [ [ [ [ -158.04406, 21.30384 ], [ -158.04542, 21.3036 ], [ -158.04555, 21.30342 ], [ -158.04799, 21.30235 ], [ -158.04879, 21.3018 ], [ -158.05109, 21.3011 ], [ -158.06491, 21.2998 ], [ -158.06764, 21.2999 ], [ -158.07175, 21.29864 ], [ -158.07344, 21.29843 ], [ -158.06766, 21.30004 ], [ -158.05148, 21.30111 ], [ -158.04544, 21.30364 ], [ -158.04406, 21.30384 ] ] ] ] } },
{ "type": "Feature", "properties": { "id": 320.0, "Shape_Leng": 1072.8970392700001, "Shape_Area": 5164.5996335899999 }, "geometry": { "type": "MultiPolygon", "coordinates": [ [ [ [ -158.07505, 21.29862 ], [ -158.07581, 21.29849 ], [ -158.07775, 21.29863 ], [ -158.08, 21.29816 ], [ -158.07775, 21.29871 ], [ -158.07505, 21.29862 ] ] ] ] } },
{ "type": "Feature", "properties": { "id": 321.0, "Shape_Leng": 2008.6627266200001, "Shape_Area": 9154.3088213899991 }, "geometry": { "type": "MultiPolygon", "coordinates": [ [ [ [ -158.08883, 21.29581 ], [ -158.09499, 21.29543 ], [ -158.09836, 21.29547 ], [ -158.09154, 21.29589 ], [ -158.08883, 21.29581 ] ] ] ] } },
{ "type": "Feature", "properties": { "id": 322.0, "Shape_Leng": 2106.8800032300001, "Shape_Area": 20940.786122900001 }, "geometry": { "type": "MultiPolygon", "coordinates": [ [ [ [ -158.1307, 21.35678 ], [ -158.13201, 21.36057 ], [ -158.13443, 21.36532 ], [ -158.13181, 21.36063 ], [ -158.1307, 21.35678 ] ] ] ] } },
{ "type": "Feature", "properties": { "id": 323.0, "Shape_Leng": 681.32934145299998, "Shape_Area": 2150.0517343400002 }, "geometry": { "type": "MultiPolygon", "coordinates": [ [ [ [ -158.14079, 21.37528 ], [ -158.14161, 21.37651 ], [ -158.14277, 21.37761 ], [ -158.14156, 21.37654 ], [ -158.14079, 21.37528 ] ] ] ] } },
{ "type": "Feature", "properties": { "id": 324.0, "Shape_Leng": 4910.4614142399996, "Shape_Area": 32093.136715199998 }, "geometry": { "type": "MultiPolygon", "coordinates": [ [ [ [ -158.14683, 21.38224 ], [ -158.15629, 21.39104 ], [ -158.15768, 21.39256 ], [ -158.1581, 21.39266 ], [ -158.16271, 21.39597 ], [ -158.16318, 21.39602 ], [ -158.16409, 21.39665 ], [ -158.16264, 21.39605 ], [ -158.15759, 21.39265 ], [ -158.14683, 21.38224 ] ] ] ] } },
{ "type": "Feature", "properties": { "id": 325.0, "Shape_Leng": 1110.4027942, "Shape_Area": 5426.4025962599999 }, "geometry": { "type": "MultiPolygon", "coordinates": [ [ [ [ -158.1768, 21.40375 ], [ -158.17809, 21.40535 ], [ -158.17837, 21.40659 ], [ -158.17838, 21.40714 ], [ -158.17771, 21.40807 ], [ -158.17828, 21.4066 ], [ -158.1768, 21.40375 ] ] ] ] } },
{ "type": "Feature", "properties": { "id": 326.0, "Shape_Leng": 4311.1808249100004, "Shape_Area": 57652.704844599997 }, "geometry": { "type": "MultiPolygon", "coordinates": [ [ [ [ -158.1776, 21.41 ], [ -158.17701, 21.41177 ], [ -158.17839, 21.41704 ], [ -158.17809, 21.41929 ], [ -158.17938, 21.42844 ], [ -158.17852, 21.42657 ], [ -158.17786, 21.41934 ], [ -158.17819, 21.41689 ], [ -158.17684, 21.4118 ], [ -158.1776, 21.41 ] ] ] ] } },
{ "type": "Feature", "properties": { "id": 327.0, "Shape_Leng": 1853.47236258, "Shape_Area": 13022.8048724 }, "geometry": { "type": "MultiPolygon", "coordinates": [ [ [ [ -158.18993, 21.44176 ], [ -158.18918, 21.44258 ], [ -158.18912, 21.44441 ], [ -158.19081, 21.44682 ], [ -158.19241, 21.44779 ], [ -158.19272, 21.44825 ], [ -158.19069, 21.44698 ], [ -158.18892, 21.44451 ], [ -158.18907, 21.44253 ], [ -158.18993, 21.44176 ] ] ] ] } },
{ "type": "Feature", "properties": { "id": 328.0, "Shape_Leng": 147.55109248, "Shape_Area": 690.75832470499995 }, "geometry": { "type": "MultiPolygon", "coordinates": [ [ [ [ -158.19342, 21.44877 ], [ -158.19378, 21.44891 ], [ -158.19399, 21.44895 ], [ -158.19372, 21.449 ], [ -158.19342, 21.44877 ] ] ] ] } },
{ "type": "Feature", "properties": { "id": 329.0, "Shape_Leng": 1044.01190182, "Shape_Area": 5624.0434533999996 }, "geometry": { "type": "MultiPolygon", "coordinates": [ [ [ [ -158.20545, 21.4591 ], [ -158.20684, 21.46015 ], [ -158.20974, 21.46116 ], [ -158.20679, 21.46024 ], [ -158.20545, 21.4591 ] ] ] ] } },
{ "type": "Feature", "properties": { "id": 330.0, "Shape_Leng": 697.37719352600004, "Shape_Area": 2090.4981062900001 }, "geometry": { "type": "MultiPolygon", "coordinates": [ [ [ [ -158.21279, 21.46139 ], [ -158.2129, 21.46307 ], [ -158.2132, 21.46336 ], [ -158.21365, 21.46417 ], [ -158.21279, 21.46139 ] ] ] ] } },
{ "type": "Feature", "properties": { "id": 331.0, "Shape_Leng": 48.675213297100001, "Shape_Area": 104.695009333 }, "geometry": { "type": "MultiPolygon", "coordinates": [ [ [ [ -158.21742, 21.46839 ], [ -158.21737, 21.46855 ], [ -158.21732, 21.46853 ], [ -158.21737, 21.46837 ], [ -158.21742, 21.46839 ] ] ] ] } },
{ "type": "Feature", "properties": { "id": 332.0, "Shape_Leng": 1643.9127658299999, "Shape_Area": 6355.1258767099998 }, "geometry": { "type": "MultiPolygon", "coordinates": [ [ [ [ -158.21953, 21.47518 ], [ -158.2214, 21.47807 ], [ -158.22527, 21.47843 ], [ -158.22132, 21.47815 ], [ -158.21953, 21.47518 ] ] ] ] } },
{ "type": "Feature", "properties": { "id": 333.0, "Shape_Leng": 2094.04681454, "Shape_Area": 17371.058923500001 }, "geometry": { "type": "MultiPolygon", "coordinates": [ [ [ [ -158.22976, 21.48921 ], [ -158.22984, 21.4959 ], [ -158.22932, 21.49823 ], [ -158.22936, 21.48992 ], [ -158.22976, 21.48921 ] ] ] ] } },
{ "type": "Feature", "properties": { "id": 334.0, "Shape_Leng": 267.78215744900001, "Shape_Area": 1711.2237619800001 }, "geometry": { "type": "MultiPolygon", "coordinates": [ [ [ [ -158.22895, 21.51113 ], [ -158.22878, 21.51145 ], [ -158.22855, 21.51214 ], [ -158.22865, 21.51139 ], [ -158.22895, 21.51113 ] ] ] ] } },
{ "type": "Feature", "properties": { "id": 335.0, "Shape_Leng": 233.01634225500001, "Shape_Area": 544.98308695799994 }, "geometry": { "type": "MultiPolygon", "coordinates": [ [ [ [ -158.22882, 21.51699 ], [ -158.22874, 21.51735 ], [ -158.22844, 21.51793 ], [ -158.22876, 21.51696 ], [ -158.22882, 21.51699 ] ] ] ] } },
{ "type": "Feature", "properties": { "id": 336.0, "Shape_Leng": 1899.8004072799999, "Shape_Area": 11214.841776699999 }, "geometry": { "type": "MultiPolygon", "coordinates": [ [ [ [ -158.22898, 21.52727 ], [ -158.22892, 21.52984 ], [ -158.23039, 21.53553 ], [ -158.22878, 21.52986 ], [ -158.22898, 21.52727 ] ] ] ] } },
{ "type": "Feature", "properties": { "id": 337.0, "Shape_Leng": 142.81774800900001, "Shape_Area": 463.73289572900001 }, "geometry": { "type": "MultiPolygon", "coordinates": [ [ [ [ -158.23136, 21.53732 ], [ -158.23168, 21.53755 ], [ -158.23183, 21.53768 ], [ -158.23126, 21.53739 ], [ -158.23136, 21.53732 ] ] ] ] } },
{ "type": "Feature", "properties": { "id": 338.0, "Shape_Leng": 2212.7360904000002, "Shape_Area": 17699.461751700001 }, "geometry": { "type": "MultiPolygon", "coordinates": [ [ [ [ -158.24024, 21.54583 ], [ -158.24187, 21.54906 ], [ -158.24525, 21.55182 ], [ -158.24642, 21.55324 ], [ -158.24627, 21.55337 ], [ -158.24137, 21.54876 ], [ -158.24024, 21.54583 ] ] ] ] } }
]
}
