{
"type": "FeatureCollection",
"name": "Flood_Hazard_AO",
"crs": { "type": "name", "properties": { "name": "urn:ogc:def:crs:OGC:1.3:CRS84" } },
"xy_coordinate_resolution": 1e-05,
"bbox": [ -159.35340, 19.01172, -155.07429, 21.95578 ],                                                                            
"features": [
{ "type": "Feature", "properties": { "fld_zone": "AO", "depth": 2 }, "bbox": [ -156.18124, 20.62615, -156.17764, 20.62723 ], "geometry": { "type": "Polygon", "coordinates": [ [ [ -156.18124, 20.62685 ], [ -156.18086, 20.62682 ], [ -156.18054, 20.62686 ], [ -156.1803, 20.62689 ], [ -156.18006, 20.62692 ], [ -156.17983, 20.62696 ], [ -156.17974, 20.62697 ], [ -156.17959, 20.62699 ], [ -156.17944, 20.62699 ], [ -156.1793, 20.627 ], [ -156.17918, 20.62699 ], [ -156.17908, 20.62698 ], [ -156.179, 20.62698 ], [ -156.17894, 20.62697 ], [ -156.17888, 20.62696 ], [ -156.17883, 20.62694 ], [ -156.17879, 20.62693 ], [ -156.17875, 20.62692 ], [ -156.17864, 20.62687 ], [ -156.17849, 20.6268 ], [ -156.17842, 20.62677 ], [ -156.17836, 20.62674 ], [ -156.17826, 20.62668 ], [ -156.17813, 20.62659 ], [ -156.17803, 20.62652 ], [ -156.17795, 20.62647 ], [ -156.17789, 20.62643 ], [ -156.17784, 20.62638 ], [ -156.17778, 20.62633 ], [ -156.17775, 20.6263 ], [ -156.17772, 20.62627 ], [ -156.17771, 20.62624 ], [ -156.1777, 20.62622 ], [ -156.17769, 20.62619 ], [ -156.17769, 20.62617 ], [ -156.17769, 20.62615 ], [ -156.17767, 20.6262 ], [ -156.17764, 20.62625 ], [ -156.17765, 20.6263 ], [ -156.17766, 20.62636 ], [ -156.17767, 20.62639 ], [ -156.17769, 20.62643 ], [ -156.17771, 20.62647 ], [ -156.17774, 20.62652 ], [ -156.17778, 20.62657 ], [ -156.17782, 20.62661 ], [ -156.17788, 20.62666 ], [ -156.17797, 20.62674 ], [ -156.17805, 20.62681 ], [ -156.17813, 20.62686 ], [ -156.17821, 20.62692 ], [ -156.1783, 20.62697 ], [ -156.17842, 20.62704 ], [ -156.17847, 20.62707 ], [ -156.17852, 20.62709 ], [ -156.17861, 20.62712 ], [ -156.1787, 20.62715 ], [ -156.17877, 20.62717 ], [ -156.17885, 20.62719 ], [ -156.17894, 20.6272 ], [ -156.17907, 20.62721 ], [ -156.17919, 20.62722 ], [ -156.1793, 20.62723 ], [ -156.17941, 20.62723 ], [ -156.1795, 20.62723 ], [ -156.17957, 20.62723 ], [ -156.17964, 20.62722 ], [ -156.1798, 20.6272 ], [ -156.17989, 20.62719 ], [ -156.17998, 20.62717 ], [ -156.18007, 20.62715 ], [ -156.18016, 20.62713 ], [ -156.18025, 20.62711 ], [ -156.18034, 20.62708 ], [ -156.18043, 20.62705 ], [ -156.18051, 20.62702 ], [ -156.18056, 20.62701 ], [ -156.18061, 20.62699 ], [ -156.18067, 20.62697 ], [ -156.18076, 20.62696 ], [ -156.1808, 20.62695 ], [ -156.18085, 20.62694 ], [ -156.18104, 20.62694 ], [ -156.18111, 20.62693 ], [ -156.18124, 20.62685 ] ] ] } },
{ "type": "Feature", "properties": { "fld_zone": "AO", "depth": 1 }, "bbox": [ -156.87282, 21.04984, -156.86614, 21.05716 ], "geometry": { "type": "Polygon", "coordinates": [ [ [ -156.87275, 21.05201 ], [ -156.87277, 21.05129 ], [ -156.87277, 21.05105 ], [ -156.87274, 21.05087 ], [ -156.87264, 21.05049 ], [ -156.8726, 21.05034 ], [ -156.87257, 21.05034 ], [ -156.87244, 21.05035 ], [ -156.87235, 21.05035 ], [ -156.87232, 21.05036 ], [ -156.87229, 21.05037 ], [ -156.87225, 21.05038 ], [ -156.87222, 21.0504 ], [ -156.87218, 21.05042 ], [ -156.87215, 21.05045 ], [ -156.87214, 21.05045 ], [ -156.87213, 21.05046 ], [ -156.87211, 21.05048 ], [ -156.87209, 21.0505 ], [ -156.87206, 21.05056 ], [ -156.87204, 21.05059 ], [ -156.87197, 21.05067 ], [ -156.87193, 21.0507 ], [ -156.87192, 21.05072 ], [ -156.8719, 21.05073 ], [ -156.87188, 21.05074 ], [ -156.87186, 21.05074 ], [ -156.87184, 21.05074 ], [ -156.87181, 21.05074 ], [ -156.87178, 21.05073 ], [ -156.87171, 21.05071 ], [ -156.87168, 21.0507 ], [ -156.87159, 21.05068 ], [ -156.87157, 21.05068 ], [ -156.87155, 21.05068 ], [ -156.87154, 21.05068 ], [ -156.87152, 21.05069 ], [ -156.87147, 21.05072 ], [ -156.87145, 21.05073 ], [ -156.87143, 21.05074 ], [ -156.87142, 21.05074 ], [ -156.87138, 21.05074 ], [ -156.87134, 21.05073 ], [ -156.87125, 21.05071 ], [ -156.8712, 21.05071 ], [ -156.87113, 21.05071 ], [ -156.87104, 21.05072 ], [ -156.87097, 21.05073 ], [ -156.87074, 21.05076 ], [ -156.87049, 21.05079 ], [ -156.87031, 21.05081 ], [ -156.87021, 21.05083 ], [ -156.87002, 21.05088 ], [ -156.86996, 21.05089 ], [ -156.86989, 21.0509 ], [ -156.86982, 21.05091 ], [ -156.86978, 21.05091 ], [ -156.86967, 21.0509 ], [ -156.86963, 21.0509 ], [ -156.86961, 21.05091 ], [ -156.86959, 21.05091 ], [ -156.86958, 21.05092 ], [ -156.86956, 21.05093 ], [ -156.86955, 21.05094 ], [ -156.86954, 21.05095 ], [ -156.86949, 21.05098 ], [ -156.86944, 21.05101 ], [ -156.86939, 21.05105 ], [ -156.86936, 21.05106 ], [ -156.86932, 21.05106 ], [ -156.86929, 21.05107 ], [ -156.86925, 21.05106 ], [ -156.86922, 21.05105 ], [ -156.86919, 21.05104 ], [ -156.86916, 21.05102 ], [ -156.86913, 21.051 ], [ -156.8691, 21.05099 ], [ -156.86906, 21.05098 ], [ -156.86903, 21.05097 ], [ -156.86899, 21.05097 ], [ -156.86896, 21.05098 ], [ -156.86894, 21.05098 ], [ -156.86893, 21.05098 ], [ -156.86891, 21.05098 ], [ -156.86889, 21.05097 ], [ -156.86888, 21.05096 ], [ -156.86887, 21.05095 ], [ -156.86886, 21.05094 ], [ -156.86885, 21.05093 ], [ -156.86884, 21.05092 ], [ -156.86884, 21.0509 ], [ -156.86883, 21.05088 ], [ -156.86884, 21.05087 ], [ -156.86884, 21.05068 ], [ -156.86883, 21.05066 ], [ -156.86881, 21.05063 ], [ -156.86879, 21.05061 ], [ -156.86877, 21.05058 ], [ -156.86875, 21.05057 ], [ -156.86872, 21.05056 ], [ -156.8687, 21.05051 ], [ -156.86868, 21.05046 ], [ -156.86867, 21.05041 ], [ -156.86867, 21.05036 ], [ -156.86867, 21.05031 ], [ -156.86868, 21.05026 ], [ -156.86869, 21.05021 ], [ -156.86869, 21.0502 ], [ -156.86869, 21.05018 ], [ -156.86868, 21.05017 ], [ -156.86868, 21.05016 ], [ -156.86865, 21.05012 ], [ -156.86863, 21.0501 ], [ -156.86862, 21.05009 ], [ -156.86859, 21.05006 ], [ -156.86854, 21.05003 ], [ -156.86851, 21.05001 ], [ -156.86837, 21.04993 ], [ -156.86829, 21.04988 ], [ -156.86826, 21.04986 ], [ -156.86823, 21.04985 ], [ -156.86821, 21.04984 ], [ -156.86818, 21.04984 ], [ -156.86815, 21.04984 ], [ -156.86812, 21.04984 ], [ -156.86806, 21.04984 ], [ -156.86797, 21.04985 ], [ -156.86791, 21.04986 ], [ -156.86785, 21.04988 ], [ -156.86778, 21.04989 ], [ -156.86772, 21.04992 ], [ -156.86764, 21.04994 ], [ -156.8676, 21.04996 ], [ -156.86757, 21.04998 ], [ -156.86756, 21.04999 ], [ -156.86755, 21.05 ], [ -156.86753, 21.05003 ], [ -156.86751, 21.05006 ], [ -156.8675, 21.05009 ], [ -156.8675, 21.05012 ], [ -156.8675, 21.05015 ], [ -156.86751, 21.0502 ], [ -156.8675, 21.05022 ], [ -156.8675, 21.05024 ], [ -156.86749, 21.05025 ], [ -156.86745, 21.05031 ], [ -156.86744, 21.05032 ], [ -156.86744, 21.05033 ], [ -156.86741, 21.05038 ], [ -156.86739, 21.05043 ], [ -156.86738, 21.05046 ], [ -156.86737, 21.05049 ], [ -156.86736, 21.05052 ], [ -156.86736, 21.05055 ], [ -156.86735, 21.05061 ], [ -156.86735, 21.05064 ], [ -156.86736, 21.05068 ], [ -156.86737, 21.0507 ], [ -156.86738, 21.05072 ], [ -156.86739, 21.05073 ], [ -156.86747, 21.05079 ], [ -156.86749, 21.05081 ], [ -156.86757, 21.05086 ], [ -156.86759, 21.05088 ], [ -156.86761, 21.0509 ], [ -156.86763, 21.05092 ], [ -156.86764, 21.05095 ], [ -156.86765, 21.05097 ], [ -156.86766, 21.05099 ], [ -156.86767, 21.05104 ], [ -156.86767, 21.05107 ], [ -156.86767, 21.0511 ], [ -156.86767, 21.05112 ], [ -156.86766, 21.05113 ], [ -156.86765, 21.05114 ], [ -156.86763, 21.05116 ], [ -156.8676, 21.05117 ], [ -156.86757, 21.05118 ], [ -156.86755, 21.05118 ], [ -156.86753, 21.05119 ], [ -156.86746, 21.05118 ], [ -156.86743, 21.05118 ], [ -156.86739, 21.05119 ], [ -156.86735, 21.0512 ], [ -156.86733, 21.05121 ], [ -156.8673, 21.05122 ], [ -156.86727, 21.05124 ], [ -156.86725, 21.05126 ], [ -156.86722, 21.05129 ], [ -156.8672, 21.05132 ], [ -156.86719, 21.05134 ], [ -156.86719, 21.05136 ], [ -156.86719, 21.05137 ], [ -156.86719, 21.0514 ], [ -156.86719, 21.05144 ], [ -156.86721, 21.05154 ], [ -156.86722, 21.05158 ], [ -156.86722, 21.0516 ], [ -156.86721, 21.05162 ], [ -156.86721, 21.05163 ], [ -156.8672, 21.05164 ], [ -156.86718, 21.05167 ], [ -156.86714, 21.05169 ], [ -156.8671, 21.05171 ], [ -156.86703, 21.05175 ], [ -156.86699, 21.05176 ], [ -156.86691, 21.05178 ], [ -156.86688, 21.05179 ], [ -156.86685, 21.0518 ], [ -156.86683, 21.05182 ], [ -156.86682, 21.05184 ], [ -156.86678, 21.05189 ], [ -156.86677, 21.0519 ], [ -156.86675, 21.05192 ], [ -156.86672, 21.05192 ], [ -156.86669, 21.05193 ], [ -156.86662, 21.05194 ], [ -156.86659, 21.05194 ], [ -156.86657, 21.05195 ], [ -156.86655, 21.05197 ], [ -156.86649, 21.05201 ], [ -156.86646, 21.05202 ], [ -156.86645, 21.05203 ], [ -156.86642, 21.05203 ], [ -156.86634, 21.05202 ], [ -156.86632, 21.05202 ], [ -156.8663, 21.05202 ], [ -156.86628, 21.05203 ], [ -156.86626, 21.05204 ], [ -156.86625, 21.05206 ], [ -156.86621, 21.05213 ], [ -156.86619, 21.05215 ], [ -156.86617, 21.05217 ], [ -156.86614, 21.0522 ], [ -156.86622, 21.05223 ], [ -156.86661, 21.05242 ], [ -156.86682, 21.05253 ], [ -156.86716, 21.05269 ], [ -156.8677, 21.05299 ], [ -156.86807, 21.05323 ], [ -156.86834, 21.05337 ], [ -156.86885, 21.05361 ], [ -156.86917, 21.05381 ], [ -156.86952, 21.05406 ], [ -156.86967, 21.0542 ], [ -156.86976, 21.05435 ], [ -156.87001, 21.05496 ], [ -156.87013, 21.05521 ], [ -156.87018, 21.05537 ], [ -156.87037, 21.056 ], [ -156.87049, 21.0564 ], [ -156.87059, 21.05663 ], [ -156.87072, 21.05706 ], [ -156.87072, 21.05715 ], [ -156.87088, 21.05716 ], [ -156.87096, 21.05716 ], [ -156.87124, 21.0565 ], [ -156.87135, 21.05633 ], [ -156.8717, 21.05563 ], [ -156.87207, 21.05474 ], [ -156.87214, 21.05442 ], [ -156.87231, 21.054 ], [ -156.87242, 21.05373 ], [ -156.87259, 21.05335 ], [ -156.87267, 21.0531 ], [ -156.87277, 21.05286 ], [ -156.87279, 21.05262 ], [ -156.87282, 21.05241 ], [ -156.87275, 21.05218 ], [ -156.87275, 21.05201 ] ] ] } },
{ "type": "Feature", "properties": { "fld_zone": "AO", "depth": 1 }, "bbox": [ -156.46777, 20.78511, -156.4638, 20.7923 ], "geometry": { "type": "Polygon", "coordinates": [ [ [ -156.46777, 20.78825 ], [ -156.46706, 20.78778 ], [ -156.46667, 20.78742 ], [ -156.46654, 20.7872 ], [ -156.46654, 20.7872 ], [ -156.46649, 20.78712 ], [ -156.46607, 20.78653 ], [ -156.46557, 20.78572 ], [ -156.46518, 20.78513 ], [ -156.46498, 20.78514 ], [ -156.46468, 20.78512 ], [ -156.46441, 20.78511 ], [ -156.46412, 20.78515 ], [ -156.4638, 20.78522 ], [ -156.46442, 20.78833 ], [ -156.46518, 20.79226 ], [ -156.4655, 20.7923 ], [ -156.46569, 20.79228 ], [ -156.46577, 20.79211 ], [ -156.46584, 20.79154 ], [ -156.46584, 20.79154 ], [ -156.46601, 20.79032 ], [ -156.46602, 20.7903 ], [ -156.46601, 20.78984 ], [ -156.4659, 20.78961 ], [ -156.46576, 20.78938 ], [ -156.46579, 20.7889 ], [ -156.46608, 20.78863 ], [ -156.46631, 20.78849 ], [ -156.46668, 20.78835 ], [ -156.46706, 20.78842 ], [ -156.46758, 20.78865 ], [ -156.46771, 20.7886 ], [ -156.46777, 20.78825 ] ] ] } },
{ "type": "Feature", "properties": { "fld_zone": "AO", "depth": 1 }, "bbox": [ -156.49896, 20.88739, -156.49743, 20.88866 ], "geometry": { "type": "Polygon", "coordinates": [ [ [ -156.49896, 20.88766 ], [ -156.49863, 20.88746 ], [ -156.49847, 20.88739 ], [ -156.49831, 20.88739 ], [ -156.49813, 20.88743 ], [ -156.49796, 20.88749 ], [ -156.4978, 20.88758 ], [ -156.49743, 20.88866 ], [ -156.49769, 20.88861 ], [ -156.49793, 20.88856 ], [ -156.49812, 20.88851 ], [ -156.49827, 20.88847 ], [ -156.49856, 20.88826 ], [ -156.49884, 20.88804 ], [ -156.49896, 20.88766 ] ] ] } },
{ "type": "Feature", "properties": { "fld_zone": "AO", "depth": 1 }, "bbox": [ -156.50497, 20.88162, -156.50023, 20.88403 ], "geometry": { "type": "Polygon", "coordinates": [ [ [ -156.50497, 20.88302 ], [ -156.50488, 20.8823 ], [ -156.50436, 20.88234 ], [ -156.50399, 20.88233 ], [ -156.50377, 20.88231 ], [ -156.50352, 20.88227 ], [ -156.50335, 20.88222 ], [ -156.50319, 20.88216 ], [ -156.50303, 20.88209 ], [ -156.50272, 20.88201 ], [ -156.50253, 20.88204 ], [ -156.50246, 20.88205 ], [ -156.50233, 20.882 ], [ -156.5022, 20.88192 ], [ -156.50208, 20.88181 ], [ -156.50197, 20.88178 ], [ -156.50163, 20.88165 ], [ -156.50139, 20.88162 ], [ -156.50122, 20.88162 ], [ -156.50104, 20.88166 ], [ -156.50082, 20.88173 ], [ -156.50057, 20.88186 ], [ -156.50038, 20.88194 ], [ -156.50023, 20.88368 ], [ -156.50035, 20.88374 ], [ -156.5005, 20.88383 ], [ -156.50075, 20.88394 ], [ -156.50091, 20.88399 ], [ -156.50117, 20.88399 ], [ -156.50162, 20.88403 ], [ -156.50212, 20.88403 ], [ -156.50237, 20.88398 ], [ -156.5029, 20.88387 ], [ -156.50335, 20.88375 ], [ -156.50369, 20.88362 ], [ -156.504, 20.88346 ], [ -156.504, 20.88346 ], [ -156.50407, 20.88337 ], [ -156.50421, 20.88328 ], [ -156.50441, 20.88325 ], [ -156.50461, 20.88315 ], [ -156.50497, 20.88302 ] ] ] } },
{ "type": "Feature", "properties": { "fld_zone": "AO", "depth": 3 }, "bbox": [ -156.50072, 20.87988, -156.4978, 20.88766 ], "geometry": { "type": "Polygon", "coordinates": [ [ [ -156.50072, 20.88156 ], [ -156.50057, 20.88111 ], [ -156.50042, 20.88074 ], [ -156.50034, 20.88054 ], [ -156.5002, 20.8803 ], [ -156.49984, 20.88015 ], [ -156.49959, 20.87999 ], [ -156.4994, 20.87989 ], [ -156.49923, 20.87988 ], [ -156.4992, 20.88022 ], [ -156.4992, 20.88037 ], [ -156.4992, 20.88054 ], [ -156.49913, 20.88068 ], [ -156.49904, 20.88075 ], [ -156.49895, 20.88083 ], [ -156.49893, 20.88098 ], [ -156.49891, 20.88163 ], [ -156.49888, 20.88221 ], [ -156.49884, 20.88288 ], [ -156.4988, 20.88348 ], [ -156.49872, 20.8841 ], [ -156.4985, 20.88507 ], [ -156.49843, 20.8853 ], [ -156.49837, 20.88562 ], [ -156.49824, 20.88618 ], [ -156.4981, 20.88681 ], [ -156.4978, 20.88758 ], [ -156.49796, 20.88749 ], [ -156.49813, 20.88743 ], [ -156.49831, 20.88739 ], [ -156.49847, 20.88739 ], [ -156.49863, 20.88746 ], [ -156.49896, 20.88766 ], [ -156.49905, 20.88717 ], [ -156.4993, 20.88665 ], [ -156.49933, 20.88624 ], [ -156.49931, 20.88584 ], [ -156.49936, 20.88561 ], [ -156.49944, 20.88541 ], [ -156.49953, 20.88517 ], [ -156.49955, 20.88498 ], [ -156.49955, 20.8848 ], [ -156.49961, 20.88462 ], [ -156.49989, 20.8843 ], [ -156.49989, 20.88412 ], [ -156.4999, 20.88411 ], [ -156.4999, 20.88396 ], [ -156.4999, 20.88387 ], [ -156.49997, 20.88376 ], [ -156.50011, 20.88371 ], [ -156.50023, 20.88368 ], [ -156.50038, 20.88194 ], [ -156.5003, 20.88187 ], [ -156.50015, 20.88172 ], [ -156.50005, 20.88165 ], [ -156.49995, 20.88162 ], [ -156.49988, 20.88162 ], [ -156.49981, 20.88158 ], [ -156.4998, 20.88146 ], [ -156.49984, 20.88137 ], [ -156.4999, 20.88129 ], [ -156.50002, 20.88121 ], [ -156.50014, 20.88114 ], [ -156.50027, 20.88113 ], [ -156.50038, 20.88124 ], [ -156.50054, 20.88148 ], [ -156.50058, 20.88162 ], [ -156.50063, 20.88168 ], [ -156.50069, 20.88168 ], [ -156.50072, 20.88164 ], [ -156.50072, 20.88156 ] ] ] } },
{ "type": "Feature", "properties": { "fld_zone": "AO", "depth": 2 }, "bbox": [ -156.18557, 20.62621, -156.18347, 20.62674 ], "geometry": { "type": "Polygon", "coordinates": [ [ [ -156.18557, 20.62674 ], [ -156.1855, 20.6267 ], [ -156.18541, 20.62666 ], [ -156.18518, 20.62656 ], [ -156.18499, 20.62648 ], [ -156.18487, 20.62643 ], [ -156.18476, 20.62639 ], [ -156.18466, 20.62635 ], [ -156.18455, 20.62632 ], [ -156.18444, 20.62629 ], [ -156.18433, 20.62627 ], [ -156.18423, 20.62625 ], [ -156.18413, 20.62623 ], [ -156.18401, 20.62622 ], [ -156.18391, 20.62621 ], [ -156.18385, 20.62621 ], [ -156.18377, 20.62621 ], [ -156.18372, 20.62622 ], [ -156.18366, 20.62623 ], [ -156.18364, 20.62623 ], [ -156.18363, 20.62624 ], [ -156.18362, 20.62625 ], [ -156.18361, 20.62626 ], [ -156.18357, 20.6263 ], [ -156.18356, 20.62631 ], [ -156.18351, 20.62636 ], [ -156.18347, 20.62639 ], [ -156.18354, 20.62638 ], [ -156.18361, 20.62637 ], [ -156.18368, 20.62636 ], [ -156.18375, 20.62636 ], [ -156.18384, 20.62636 ], [ -156.18398, 20.62637 ], [ -156.18411, 20.62637 ], [ -156.18422, 20.62639 ], [ -156.18434, 20.6264 ], [ -156.18449, 20.62643 ], [ -156.18459, 20.62645 ], [ -156.1847, 20.62648 ], [ -156.18481, 20.62651 ], [ -156.18501, 20.62656 ], [ -156.18515, 20.6266 ], [ -156.18529, 20.62665 ], [ -156.18543, 20.62669 ], [ -156.18557, 20.62674 ] ] ] } },
{ "type": "Feature", "properties": { "fld_zone": "AO", "depth": 3 }, "bbox": [ -156.4535, 20.75807, -156.45127, 20.75978 ], "geometry": { "type": "Polygon", "coordinates": [ [ [ -156.45127, 20.75807 ], [ -156.45151, 20.75927 ], [ -156.45183, 20.75936 ], [ -156.45229, 20.7595 ], [ -156.45291, 20.75971 ], [ -156.45303, 20.75978 ], [ -156.45314, 20.75964 ], [ -156.45328, 20.7593 ], [ -156.45341, 20.7589 ], [ -156.45348, 20.75844 ], [ -156.4535, 20.75827 ], [ -156.45302, 20.7582 ], [ -156.45239, 20.75813 ], [ -156.45195, 20.75807 ], [ -156.45127, 20.75807 ] ] ] } },
{ "type": "Feature", "properties": { "fld_zone": "AO", "depth": 1 }, "bbox": [ -156.45812, 20.76746, -156.45576, 20.76973 ], "geometry": { "type": "Polygon", "coordinates": [ [ [ -156.45679, 20.76824 ], [ -156.45661, 20.76793 ], [ -156.45631, 20.76768 ], [ -156.45616, 20.76746 ], [ -156.4561, 20.76749 ], [ -156.45607, 20.76763 ], [ -156.45576, 20.76766 ], [ -156.4558, 20.76863 ], [ -156.4561, 20.76865 ], [ -156.45622, 20.76871 ], [ -156.45629, 20.76897 ], [ -156.45635, 20.76913 ], [ -156.4565, 20.76933 ], [ -156.4565, 20.7695 ], [ -156.45665, 20.76962 ], [ -156.45686, 20.76962 ], [ -156.45713, 20.76951 ], [ -156.4573, 20.76952 ], [ -156.45745, 20.76966 ], [ -156.45764, 20.76971 ], [ -156.45786, 20.76966 ], [ -156.45796, 20.76973 ], [ -156.45795, 20.76964 ], [ -156.45805, 20.76918 ], [ -156.45812, 20.76905 ], [ -156.45798, 20.7691 ], [ -156.45785, 20.76918 ], [ -156.45775, 20.76918 ], [ -156.45762, 20.76919 ], [ -156.45747, 20.76907 ], [ -156.45731, 20.76892 ], [ -156.4571, 20.76896 ], [ -156.45692, 20.76899 ], [ -156.4567, 20.76889 ], [ -156.45661, 20.76864 ], [ -156.4565, 20.76851 ], [ -156.45654, 20.7684 ], [ -156.45677, 20.76836 ], [ -156.45679, 20.76824 ] ] ] } },
{ "type": "Feature", "properties": { "fld_zone": "AO", "depth": 1 }, "bbox": [ -156.62833, 20.81107, -156.62341, 20.81658 ], "geometry": { "type": "Polygon", "coordinates": [ [ [ -156.62567, 20.81205 ], [ -156.62571, 20.81202 ], [ -156.6256, 20.81192 ], [ -156.6253, 20.81169 ], [ -156.62508, 20.81152 ], [ -156.62488, 20.8113 ], [ -156.62472, 20.81118 ], [ -156.62445, 20.81108 ], [ -156.62443, 20.81107 ], [ -156.62429, 20.81131 ], [ -156.62404, 20.81172 ], [ -156.62386, 20.81202 ], [ -156.62379, 20.81216 ], [ -156.62363, 20.81241 ], [ -156.6235, 20.81267 ], [ -156.62344, 20.81283 ], [ -156.62342, 20.81302 ], [ -156.62342, 20.81302 ], [ -156.62341, 20.81315 ], [ -156.62341, 20.81334 ], [ -156.62344, 20.8136 ], [ -156.62348, 20.81391 ], [ -156.62351, 20.81411 ], [ -156.62358, 20.81436 ], [ -156.62368, 20.81462 ], [ -156.62376, 20.81482 ], [ -156.6239, 20.81499 ], [ -156.62409, 20.81519 ], [ -156.62435, 20.81542 ], [ -156.62468, 20.81577 ], [ -156.62475, 20.81574 ], [ -156.62487, 20.81573 ], [ -156.62505, 20.81578 ], [ -156.62529, 20.81589 ], [ -156.62542, 20.816 ], [ -156.62553, 20.81612 ], [ -156.62568, 20.81628 ], [ -156.62582, 20.81641 ], [ -156.62594, 20.8165 ], [ -156.62609, 20.81656 ], [ -156.62622, 20.81658 ], [ -156.62637, 20.81657 ], [ -156.6265, 20.81656 ], [ -156.62658, 20.81655 ], [ -156.6267, 20.81649 ], [ -156.62684, 20.81642 ], [ -156.6271, 20.81631 ], [ -156.62734, 20.81623 ], [ -156.62766, 20.81618 ], [ -156.62796, 20.81615 ], [ -156.62816, 20.81614 ], [ -156.6283, 20.81615 ], [ -156.62831, 20.81615 ], [ -156.62833, 20.81614 ], [ -156.62831, 20.8159 ], [ -156.62798, 20.81522 ], [ -156.62788, 20.81506 ], [ -156.62683, 20.8135 ], [ -156.62683, 20.81326 ], [ -156.62674, 20.81321 ], [ -156.62667, 20.8132 ], [ -156.62659, 20.81323 ], [ -156.62654, 20.81327 ], [ -156.62651, 20.81328 ], [ -156.62649, 20.81326 ], [ -156.6265, 20.81321 ], [ -156.62653, 20.81314 ], [ -156.6265, 20.81312 ], [ -156.6265, 20.81306 ], [ -156.62649, 20.81302 ], [ -156.6265, 20.81302 ], [ -156.62652, 20.813 ], [ -156.62652, 20.81293 ], [ -156.62649, 20.81287 ], [ -156.62655, 20.81283 ], [ -156.62656, 20.81282 ], [ -156.62631, 20.81264 ], [ -156.62623, 20.81259 ], [ -156.62617, 20.81252 ], [ -156.62609, 20.81239 ], [ -156.62592, 20.8122 ], [ -156.62591, 20.81219 ], [ -156.62587, 20.81219 ], [ -156.62582, 20.81218 ], [ -156.62578, 20.81214 ], [ -156.62574, 20.81209 ], [ -156.62571, 20.81209 ], [ -156.62567, 20.81205 ] ] ] } },
{ "type": "Feature", "properties": { "fld_zone": "AO", "depth": 1 }, "bbox": [ -156.46826, 20.78825, -156.46771, 20.7886 ], "geometry": { "type": "Polygon", "coordinates": [ [ [ -156.46826, 20.78845 ], [ -156.4682, 20.78842 ], [ -156.46799, 20.78835 ], [ -156.46777, 20.78825 ], [ -156.46771, 20.7886 ], [ -156.46814, 20.78843 ], [ -156.46826, 20.78845 ] ] ] } },
{ "type": "Feature", "properties": { "fld_zone": "AO", "depth": 1 }, "bbox": [ -156.61769, 20.8096, -156.61247, 20.81336 ], "geometry": { "type": "Polygon", "coordinates": [ [ [ -156.61454, 20.80999 ], [ -156.61437, 20.81001 ], [ -156.61433, 20.8101 ], [ -156.61418, 20.81015 ], [ -156.61402, 20.81023 ], [ -156.61368, 20.81025 ], [ -156.61363, 20.81028 ], [ -156.61342, 20.8104 ], [ -156.61309, 20.81042 ], [ -156.61308, 20.81043 ], [ -156.613, 20.81057 ], [ -156.61285, 20.81076 ], [ -156.61274, 20.81089 ], [ -156.61268, 20.81101 ], [ -156.61262, 20.81119 ], [ -156.61258, 20.81141 ], [ -156.61254, 20.81158 ], [ -156.61252, 20.81172 ], [ -156.61249, 20.81189 ], [ -156.61247, 20.81203 ], [ -156.61248, 20.81217 ], [ -156.61251, 20.81229 ], [ -156.61256, 20.81241 ], [ -156.61262, 20.81251 ], [ -156.61277, 20.8126 ], [ -156.61294, 20.81267 ], [ -156.61308, 20.81273 ], [ -156.61318, 20.81279 ], [ -156.61332, 20.81285 ], [ -156.61346, 20.8129 ], [ -156.61364, 20.81293 ], [ -156.61387, 20.81299 ], [ -156.61395, 20.81301 ], [ -156.6141, 20.81306 ], [ -156.61427, 20.81311 ], [ -156.61444, 20.81315 ], [ -156.61467, 20.8132 ], [ -156.61487, 20.81323 ], [ -156.61501, 20.81327 ], [ -156.61513, 20.81328 ], [ -156.61527, 20.81328 ], [ -156.61543, 20.81327 ], [ -156.61558, 20.81329 ], [ -156.61573, 20.81333 ], [ -156.61581, 20.81336 ], [ -156.61586, 20.81336 ], [ -156.61589, 20.81334 ], [ -156.61594, 20.81329 ], [ -156.61602, 20.81321 ], [ -156.61613, 20.81312 ], [ -156.61626, 20.81307 ], [ -156.61637, 20.81304 ], [ -156.61658, 20.81302 ], [ -156.61665, 20.81302 ], [ -156.61676, 20.813 ], [ -156.61692, 20.81298 ], [ -156.61718, 20.81297 ], [ -156.61741, 20.81295 ], [ -156.6176, 20.81293 ], [ -156.61768, 20.8129 ], [ -156.61769, 20.81287 ], [ -156.61769, 20.81283 ], [ -156.61762, 20.81273 ], [ -156.61747, 20.81262 ], [ -156.6173, 20.81248 ], [ -156.61704, 20.81231 ], [ -156.61691, 20.81224 ], [ -156.61678, 20.81217 ], [ -156.61671, 20.81213 ], [ -156.61653, 20.81211 ], [ -156.61637, 20.81209 ], [ -156.6163, 20.81209 ], [ -156.61622, 20.81205 ], [ -156.61614, 20.81199 ], [ -156.61604, 20.81189 ], [ -156.61594, 20.81177 ], [ -156.61591, 20.81164 ], [ -156.6159, 20.81152 ], [ -156.61582, 20.8114 ], [ -156.6157, 20.81126 ], [ -156.61555, 20.81108 ], [ -156.6154, 20.81093 ], [ -156.61531, 20.81083 ], [ -156.61527, 20.81071 ], [ -156.61525, 20.81059 ], [ -156.61523, 20.81052 ], [ -156.61521, 20.81039 ], [ -156.61521, 20.81028 ], [ -156.61521, 20.81016 ], [ -156.61521, 20.81004 ], [ -156.6152, 20.80997 ], [ -156.61519, 20.80997 ], [ -156.61504, 20.80997 ], [ -156.61497, 20.80996 ], [ -156.61496, 20.80995 ], [ -156.61488, 20.80982 ], [ -156.61478, 20.80969 ], [ -156.61471, 20.80964 ], [ -156.61466, 20.8096 ], [ -156.61453, 20.80967 ], [ -156.61445, 20.80981 ], [ -156.61451, 20.80992 ], [ -156.61454, 20.80999 ] ] ] } },
{ "type": "Feature", "properties": { "fld_zone": "AO", "depth": 1 }, "bbox": [ -156.45427, 20.75393, -156.45293, 20.75558 ], "geometry": { "type": "Polygon", "coordinates": [ [ [ -156.45293, 20.75486 ], [ -156.45305, 20.75558 ], [ -156.45319, 20.75558 ], [ -156.45331, 20.75552 ], [ -156.4534, 20.75542 ], [ -156.45352, 20.7554 ], [ -156.45384, 20.75534 ], [ -156.45413, 20.75525 ], [ -156.45427, 20.75523 ], [ -156.45424, 20.75523 ], [ -156.45393, 20.75475 ], [ -156.45365, 20.75445 ], [ -156.45329, 20.75409 ], [ -156.45327, 20.75397 ], [ -156.45324, 20.75393 ], [ -156.45326, 20.75412 ], [ -156.45324, 20.75433 ], [ -156.4531, 20.75465 ], [ -156.45297, 20.75478 ], [ -156.45293, 20.75486 ] ] ] } },
{ "type": "Feature", "properties": { "fld_zone": "AO", "depth": 1 }, "bbox": [ -156.45812, 20.76983, -156.45762, 20.77084 ], "geometry": { "type": "Polygon", "coordinates": [ [ [ -156.45797, 20.76983 ], [ -156.45788, 20.76989 ], [ -156.4578, 20.77012 ], [ -156.45782, 20.77037 ], [ -156.4577, 20.77057 ], [ -156.45762, 20.77084 ], [ -156.45762, 20.77084 ], [ -156.45762, 20.77084 ], [ -156.45812, 20.77084 ], [ -156.45812, 20.77053 ], [ -156.45805, 20.77009 ], [ -156.45798, 20.76983 ], [ -156.45797, 20.76983 ] ] ] } },
{ "type": "Feature", "properties": { "fld_zone": "AO", "depth": 1 }, "bbox": [ -156.45872, 20.77084, -156.45613, 20.77466 ], "geometry": { "type": "Polygon", "coordinates": [ [ [ -156.4581, 20.77185 ], [ -156.45812, 20.77136 ], [ -156.45812, 20.77084 ], [ -156.45762, 20.77084 ], [ -156.45758, 20.77101 ], [ -156.4575, 20.77139 ], [ -156.45742, 20.77156 ], [ -156.45734, 20.77167 ], [ -156.45714, 20.77183 ], [ -156.457, 20.77182 ], [ -156.4568, 20.77163 ], [ -156.45668, 20.77134 ], [ -156.45647, 20.77114 ], [ -156.45628, 20.7711 ], [ -156.45613, 20.7712 ], [ -156.45615, 20.77193 ], [ -156.45629, 20.77192 ], [ -156.45637, 20.77192 ], [ -156.4565, 20.77192 ], [ -156.45667, 20.77198 ], [ -156.45675, 20.77212 ], [ -156.4569, 20.77227 ], [ -156.45718, 20.77254 ], [ -156.45742, 20.77284 ], [ -156.45749, 20.773 ], [ -156.45753, 20.77314 ], [ -156.45764, 20.77335 ], [ -156.4578, 20.77348 ], [ -156.45794, 20.77371 ], [ -156.45797, 20.77384 ], [ -156.45819, 20.7741 ], [ -156.45851, 20.77437 ], [ -156.45868, 20.77461 ], [ -156.45872, 20.77466 ], [ -156.45865, 20.77448 ], [ -156.45855, 20.77403 ], [ -156.45845, 20.77364 ], [ -156.45841, 20.7733 ], [ -156.45837, 20.77329 ], [ -156.45827, 20.77328 ], [ -156.45821, 20.77326 ], [ -156.45819, 20.7732 ], [ -156.4582, 20.77314 ], [ -156.45825, 20.77309 ], [ -156.45829, 20.77303 ], [ -156.45832, 20.77301 ], [ -156.45844, 20.77311 ], [ -156.45845, 20.77311 ], [ -156.45834, 20.77292 ], [ -156.45817, 20.77222 ], [ -156.4581, 20.77185 ] ], [ [ -156.45797, 20.77287 ], [ -156.45797, 20.7729 ], [ -156.45792, 20.7729 ], [ -156.45786, 20.7729 ], [ -156.45782, 20.77293 ], [ -156.45775, 20.77294 ], [ -156.4577, 20.77293 ], [ -156.45764, 20.77288 ], [ -156.45766, 20.7728 ], [ -156.45771, 20.77275 ], [ -156.45777, 20.77272 ], [ -156.45787, 20.77269 ], [ -156.4579, 20.77275 ], [ -156.45794, 20.77282 ], [ -156.45797, 20.77287 ] ] ] } },
{ "type": "Feature", "properties": { "fld_zone": "AO", "depth": 2 }, "bbox": [ -157.97325, 21.37013, -157.96707, 21.37352 ], "geometry": { "type": "Polygon", "coordinates": [ [ [ -157.97056, 21.37268 ], [ -157.97056, 21.37266 ], [ -157.97056, 21.37265 ], [ -157.97057, 21.37263 ], [ -157.97058, 21.37262 ], [ -157.97058, 21.37261 ], [ -157.97061, 21.37258 ], [ -157.97064, 21.37256 ], [ -157.9707, 21.37253 ], [ -157.97073, 21.37251 ], [ -157.97077, 21.37249 ], [ -157.97089, 21.37245 ], [ -157.971, 21.3724 ], [ -157.97109, 21.37238 ], [ -157.97115, 21.37236 ], [ -157.97121, 21.37234 ], [ -157.97147, 21.3723 ], [ -157.97183, 21.37222 ], [ -157.97201, 21.37219 ], [ -157.97221, 21.37215 ], [ -157.97236, 21.37213 ], [ -157.97247, 21.3721 ], [ -157.97249, 21.3721 ], [ -157.97252, 21.3721 ], [ -157.97253, 21.37211 ], [ -157.97255, 21.37212 ], [ -157.97257, 21.37213 ], [ -157.97258, 21.37214 ], [ -157.97262, 21.37218 ], [ -157.97266, 21.37223 ], [ -157.97267, 21.37225 ], [ -157.97269, 21.37231 ], [ -157.97271, 21.37234 ], [ -157.97274, 21.37238 ], [ -157.97276, 21.3724 ], [ -157.97278, 21.37241 ], [ -157.97279, 21.37242 ], [ -157.97279, 21.37242 ], [ -157.97281, 21.37242 ], [ -157.97283, 21.37241 ], [ -157.97285, 21.3724 ], [ -157.97287, 21.37239 ], [ -157.97288, 21.37238 ], [ -157.97288, 21.37237 ], [ -157.9729, 21.37232 ], [ -157.9729, 21.37231 ], [ -157.97293, 21.37224 ], [ -157.97295, 21.37221 ], [ -157.97297, 21.37219 ], [ -157.97298, 21.37218 ], [ -157.97299, 21.37218 ], [ -157.973, 21.37217 ], [ -157.97302, 21.37217 ], [ -157.97305, 21.37217 ], [ -157.9731, 21.37217 ], [ -157.97314, 21.37219 ], [ -157.97317, 21.3722 ], [ -157.97319, 21.37222 ], [ -157.97322, 21.37224 ], [ -157.97325, 21.37229 ], [ -157.97318, 21.37204 ], [ -157.97314, 21.37174 ], [ -157.97214, 21.37128 ], [ -157.97157, 21.37101 ], [ -157.97129, 21.37085 ], [ -157.971, 21.37069 ], [ -157.97062, 21.3705 ], [ -157.96967, 21.37015 ], [ -157.96951, 21.37014 ], [ -157.96936, 21.37013 ], [ -157.96901, 21.37023 ], [ -157.9688, 21.37041 ], [ -157.96863, 21.37054 ], [ -157.96847, 21.37089 ], [ -157.96836, 21.37112 ], [ -157.96819, 21.37133 ], [ -157.96811, 21.3716 ], [ -157.96798, 21.37181 ], [ -157.96744, 21.37265 ], [ -157.96707, 21.37322 ], [ -157.96727, 21.37334 ], [ -157.96753, 21.37344 ], [ -157.96772, 21.37345 ], [ -157.96805, 21.37349 ], [ -157.96818, 21.37349 ], [ -157.96842, 21.37348 ], [ -157.9687, 21.37352 ], [ -157.96876, 21.37352 ], [ -157.96883, 21.37352 ], [ -157.96889, 21.37351 ], [ -157.96896, 21.3735 ], [ -157.96904, 21.37349 ], [ -157.96925, 21.37344 ], [ -157.96936, 21.37342 ], [ -157.96961, 21.37338 ], [ -157.96985, 21.37335 ], [ -157.96991, 21.37334 ], [ -157.96997, 21.37332 ], [ -157.97, 21.37331 ], [ -157.97004, 21.3733 ], [ -157.97019, 21.37323 ], [ -157.97022, 21.37322 ], [ -157.97026, 21.37321 ], [ -157.97029, 21.37321 ], [ -157.97033, 21.3732 ], [ -157.97046, 21.3732 ], [ -157.97051, 21.3732 ], [ -157.97055, 21.37319 ], [ -157.97059, 21.37318 ], [ -157.97067, 21.37315 ], [ -157.9707, 21.37313 ], [ -157.97073, 21.37312 ], [ -157.97075, 21.3731 ], [ -157.97077, 21.37309 ], [ -157.97078, 21.37307 ], [ -157.9708, 21.37305 ], [ -157.9708, 21.37303 ], [ -157.97081, 21.37301 ], [ -157.97082, 21.37299 ], [ -157.97082, 21.37297 ], [ -157.97082, 21.37295 ], [ -157.97081, 21.37294 ], [ -157.97081, 21.37292 ], [ -157.9708, 21.3729 ], [ -157.97077, 21.37286 ], [ -157.97073, 21.37281 ], [ -157.97072, 21.3728 ], [ -157.9707, 21.37278 ], [ -157.97061, 21.37275 ], [ -157.97059, 21.37274 ], [ -157.97058, 21.37273 ], [ -157.97057, 21.37272 ], [ -157.97056, 21.37271 ], [ -157.97056, 21.3727 ], [ -157.97056, 21.37268 ] ] ] } },
{ "type": "Feature", "properties": { "fld_zone": "AO", "depth": 2 }, "bbox": [ -157.97533, 21.32873, -157.97219, 21.33037 ], "geometry": { "type": "Polygon", "coordinates": [ [ [ -157.97299, 21.32961 ], [ -157.97299, 21.32958 ], [ -157.97299, 21.32956 ], [ -157.973, 21.32953 ], [ -157.97301, 21.32951 ], [ -157.97302, 21.3295 ], [ -157.97303, 21.32949 ], [ -157.97305, 21.32947 ], [ -157.97307, 21.32946 ], [ -157.97309, 21.32945 ], [ -157.97311, 21.32944 ], [ -157.97313, 21.32944 ], [ -157.97316, 21.32942 ], [ -157.9733, 21.32935 ], [ -157.97335, 21.32932 ], [ -157.97339, 21.32931 ], [ -157.97342, 21.3293 ], [ -157.97346, 21.32929 ], [ -157.9735, 21.32928 ], [ -157.97354, 21.32927 ], [ -157.97358, 21.32927 ], [ -157.97372, 21.32926 ], [ -157.97393, 21.32926 ], [ -157.97423, 21.32924 ], [ -157.97442, 21.32924 ], [ -157.97463, 21.32923 ], [ -157.97495, 21.3292 ], [ -157.97509, 21.32919 ], [ -157.9752, 21.32919 ], [ -157.97522, 21.32919 ], [ -157.97525, 21.32919 ], [ -157.97531, 21.32917 ], [ -157.97532, 21.32917 ], [ -157.97533, 21.32916 ], [ -157.97532, 21.32915 ], [ -157.97531, 21.32915 ], [ -157.97529, 21.32913 ], [ -157.97527, 21.32913 ], [ -157.97526, 21.32912 ], [ -157.97524, 21.32912 ], [ -157.97518, 21.32912 ], [ -157.97516, 21.32912 ], [ -157.97509, 21.3291 ], [ -157.97507, 21.3291 ], [ -157.97505, 21.3291 ], [ -157.97495, 21.32912 ], [ -157.97486, 21.32913 ], [ -157.97476, 21.32913 ], [ -157.97468, 21.32914 ], [ -157.97448, 21.32914 ], [ -157.97427, 21.32915 ], [ -157.97422, 21.32915 ], [ -157.97418, 21.32915 ], [ -157.97415, 21.32915 ], [ -157.97414, 21.32914 ], [ -157.97413, 21.32914 ], [ -157.97412, 21.32913 ], [ -157.97411, 21.32912 ], [ -157.9741, 21.32911 ], [ -157.97409, 21.32909 ], [ -157.97408, 21.32907 ], [ -157.97405, 21.32902 ], [ -157.97403, 21.32899 ], [ -157.97401, 21.32897 ], [ -157.974, 21.32896 ], [ -157.97397, 21.32895 ], [ -157.97395, 21.32895 ], [ -157.97391, 21.32894 ], [ -157.97388, 21.32894 ], [ -157.97385, 21.32894 ], [ -157.97383, 21.32894 ], [ -157.97381, 21.32895 ], [ -157.97379, 21.32896 ], [ -157.97372, 21.32899 ], [ -157.9737, 21.329 ], [ -157.97369, 21.32901 ], [ -157.97368, 21.32902 ], [ -157.97365, 21.32905 ], [ -157.97364, 21.32906 ], [ -157.97361, 21.32908 ], [ -157.97359, 21.32909 ], [ -157.97356, 21.3291 ], [ -157.97354, 21.32911 ], [ -157.97352, 21.32912 ], [ -157.97349, 21.32912 ], [ -157.97346, 21.32912 ], [ -157.97342, 21.32911 ], [ -157.97338, 21.32911 ], [ -157.97332, 21.32909 ], [ -157.97322, 21.32906 ], [ -157.97313, 21.32904 ], [ -157.97309, 21.32903 ], [ -157.97308, 21.32903 ], [ -157.97306, 21.32902 ], [ -157.97305, 21.32902 ], [ -157.97305, 21.32901 ], [ -157.97304, 21.329 ], [ -157.97304, 21.32896 ], [ -157.97304, 21.32895 ], [ -157.97303, 21.32893 ], [ -157.97301, 21.3289 ], [ -157.973, 21.32888 ], [ -157.97299, 21.32887 ], [ -157.97293, 21.32882 ], [ -157.97291, 21.3288 ], [ -157.9729, 21.32879 ], [ -157.97288, 21.32875 ], [ -157.97287, 21.32873 ], [ -157.97287, 21.32873 ], [ -157.97252, 21.32877 ], [ -157.97251, 21.32879 ], [ -157.97245, 21.32889 ], [ -157.97245, 21.32895 ], [ -157.9724, 21.32903 ], [ -157.97237, 21.3291 ], [ -157.97232, 21.3292 ], [ -157.97223, 21.32925 ], [ -157.97219, 21.32935 ], [ -157.97228, 21.32947 ], [ -157.97237, 21.32961 ], [ -157.9725, 21.32975 ], [ -157.97253, 21.32991 ], [ -157.97253, 21.33014 ], [ -157.97253, 21.33027 ], [ -157.97253, 21.33037 ], [ -157.97254, 21.33036 ], [ -157.97256, 21.33035 ], [ -157.97259, 21.33033 ], [ -157.97262, 21.33032 ], [ -157.97265, 21.33031 ], [ -157.97268, 21.3303 ], [ -157.97271, 21.33029 ], [ -157.97275, 21.33028 ], [ -157.97278, 21.33028 ], [ -157.97282, 21.33028 ], [ -157.97286, 21.33028 ], [ -157.97291, 21.33027 ], [ -157.97295, 21.33026 ], [ -157.973, 21.33025 ], [ -157.97304, 21.33024 ], [ -157.97309, 21.33023 ], [ -157.97313, 21.33021 ], [ -157.97317, 21.33019 ], [ -157.9732, 21.33016 ], [ -157.97322, 21.33015 ], [ -157.97323, 21.33013 ], [ -157.97324, 21.33011 ], [ -157.97325, 21.33009 ], [ -157.97325, 21.33009 ], [ -157.97327, 21.33008 ], [ -157.97329, 21.33007 ], [ -157.97331, 21.33005 ], [ -157.97332, 21.33004 ], [ -157.97333, 21.33002 ], [ -157.97334, 21.33 ], [ -157.97335, 21.32998 ], [ -157.97335, 21.32996 ], [ -157.97335, 21.32994 ], [ -157.97334, 21.32993 ], [ -157.97334, 21.32992 ], [ -157.97332, 21.32991 ], [ -157.97331, 21.3299 ], [ -157.97329, 21.32989 ], [ -157.97327, 21.32989 ], [ -157.97325, 21.32988 ], [ -157.97322, 21.32988 ], [ -157.97319, 21.32989 ], [ -157.97317, 21.32989 ], [ -157.97314, 21.32989 ], [ -157.97312, 21.32989 ], [ -157.9731, 21.32988 ], [ -157.97307, 21.32987 ], [ -157.97305, 21.32986 ], [ -157.97304, 21.32985 ], [ -157.97303, 21.32984 ], [ -157.97303, 21.32982 ], [ -157.97302, 21.32979 ], [ -157.97301, 21.32976 ], [ -157.97301, 21.32973 ], [ -157.973, 21.32971 ], [ -157.97299, 21.32968 ], [ -157.97299, 21.32965 ], [ -157.97299, 21.32961 ] ] ] } },
{ "type": "Feature", "properties": { "fld_zone": "AO", "depth": 2 }, "bbox": [ -158.22917, 21.52978, -158.2283, 21.53013 ], "geometry": { "type": "Polygon", "coordinates": [ [ [ -158.22913, 21.52978 ], [ -158.22911, 21.5298 ], [ -158.22903, 21.52982 ], [ -158.22887, 21.52984 ], [ -158.22884, 21.52985 ], [ -158.22869, 21.52989 ], [ -158.22858, 21.52989 ], [ -158.22849, 21.52992 ], [ -158.22843, 21.52992 ], [ -158.22836, 21.52989 ], [ -158.22831, 21.52989 ], [ -158.2283, 21.52994 ], [ -158.22833, 21.53 ], [ -158.22835, 21.53005 ], [ -158.22839, 21.5301 ], [ -158.22844, 21.53013 ], [ -158.22848, 21.53013 ], [ -158.22854, 21.53011 ], [ -158.2286, 21.5301 ], [ -158.22866, 21.5301 ], [ -158.22872, 21.5301 ], [ -158.22882, 21.53008 ], [ -158.2289, 21.53006 ], [ -158.22899, 21.53007 ], [ -158.2291, 21.53007 ], [ -158.22915, 21.5301 ], [ -158.22917, 21.53012 ], [ -158.22916, 21.53002 ], [ -158.22915, 21.52994 ], [ -158.22915, 21.52992 ], [ -158.22915, 21.52988 ], [ -158.22913, 21.52978 ] ] ] } },
{ "type": "Feature", "properties": { "fld_zone": "AO", "depth": 2 }, "bbox": [ -157.95923, 21.35971, -157.95347, 21.36372 ], "geometry": { "type": "Polygon", "coordinates": [ [ [ -157.95917, 21.35975 ], [ -157.95917, 21.35971 ], [ -157.95915, 21.35974 ], [ -157.95914, 21.35976 ], [ -157.95913, 21.35979 ], [ -157.9591, 21.35983 ], [ -157.95908, 21.35986 ], [ -157.95907, 21.35988 ], [ -157.95907, 21.35991 ], [ -157.95906, 21.35992 ], [ -157.95906, 21.35993 ], [ -157.95907, 21.35995 ], [ -157.95908, 21.35997 ], [ -157.9591, 21.36001 ], [ -157.95911, 21.36003 ], [ -157.95912, 21.36006 ], [ -157.95913, 21.36008 ], [ -157.95913, 21.36009 ], [ -157.95913, 21.36009 ], [ -157.95913, 21.36011 ], [ -157.95912, 21.36013 ], [ -157.95911, 21.36015 ], [ -157.9591, 21.36018 ], [ -157.95909, 21.3602 ], [ -157.95907, 21.36023 ], [ -157.95906, 21.36025 ], [ -157.95905, 21.36028 ], [ -157.95905, 21.3603 ], [ -157.95905, 21.3603 ], [ -157.95905, 21.36034 ], [ -157.95905, 21.36034 ], [ -157.95905, 21.36036 ], [ -157.95905, 21.36037 ], [ -157.95904, 21.36038 ], [ -157.95903, 21.3604 ], [ -157.95902, 21.36042 ], [ -157.95901, 21.36044 ], [ -157.95901, 21.36046 ], [ -157.95901, 21.36048 ], [ -157.959, 21.3605 ], [ -157.95898, 21.36053 ], [ -157.95897, 21.36056 ], [ -157.95896, 21.3606 ], [ -157.95892, 21.36071 ], [ -157.9589, 21.36076 ], [ -157.95889, 21.36079 ], [ -157.95886, 21.36084 ], [ -157.95883, 21.36088 ], [ -157.95879, 21.36093 ], [ -157.95871, 21.36101 ], [ -157.95864, 21.36109 ], [ -157.95857, 21.36118 ], [ -157.95852, 21.36126 ], [ -157.95848, 21.36131 ], [ -157.95843, 21.36139 ], [ -157.95831, 21.36161 ], [ -157.95822, 21.36173 ], [ -157.95819, 21.36179 ], [ -157.95817, 21.36183 ], [ -157.95816, 21.36186 ], [ -157.95814, 21.36192 ], [ -157.95812, 21.36195 ], [ -157.95811, 21.36197 ], [ -157.95809, 21.36199 ], [ -157.95807, 21.36201 ], [ -157.95805, 21.36202 ], [ -157.95803, 21.36203 ], [ -157.958, 21.36204 ], [ -157.95795, 21.36205 ], [ -157.95783, 21.36207 ], [ -157.95778, 21.36208 ], [ -157.95773, 21.36209 ], [ -157.95757, 21.3621 ], [ -157.95746, 21.36211 ], [ -157.95729, 21.36212 ], [ -157.95717, 21.36214 ], [ -157.95713, 21.36214 ], [ -157.9571, 21.36214 ], [ -157.95706, 21.36212 ], [ -157.95702, 21.36211 ], [ -157.95699, 21.3621 ], [ -157.95693, 21.36209 ], [ -157.95688, 21.36208 ], [ -157.95685, 21.36206 ], [ -157.95682, 21.36205 ], [ -157.9568, 21.36203 ], [ -157.95677, 21.36201 ], [ -157.95675, 21.36199 ], [ -157.95671, 21.36197 ], [ -157.95665, 21.36195 ], [ -157.95661, 21.36194 ], [ -157.95656, 21.36193 ], [ -157.9565, 21.36192 ], [ -157.95644, 21.36191 ], [ -157.95639, 21.36191 ], [ -157.95634, 21.36191 ], [ -157.95629, 21.36192 ], [ -157.95623, 21.36192 ], [ -157.95617, 21.36194 ], [ -157.95607, 21.36197 ], [ -157.95602, 21.36198 ], [ -157.95595, 21.362 ], [ -157.95588, 21.36202 ], [ -157.95578, 21.36203 ], [ -157.9557, 21.36204 ], [ -157.95562, 21.36205 ], [ -157.95554, 21.36205 ], [ -157.9555, 21.36205 ], [ -157.95547, 21.36205 ], [ -157.95546, 21.36205 ], [ -157.95544, 21.36206 ], [ -157.95542, 21.36207 ], [ -157.95533, 21.36212 ], [ -157.9553, 21.36214 ], [ -157.95527, 21.36216 ], [ -157.95526, 21.36216 ], [ -157.95525, 21.36216 ], [ -157.95523, 21.36216 ], [ -157.95521, 21.36216 ], [ -157.95519, 21.36217 ], [ -157.95517, 21.36219 ], [ -157.95514, 21.36221 ], [ -157.95506, 21.36229 ], [ -157.95503, 21.36232 ], [ -157.95477, 21.36251 ], [ -157.95466, 21.36259 ], [ -157.95451, 21.3627 ], [ -157.95444, 21.36275 ], [ -157.95437, 21.36279 ], [ -157.95431, 21.36283 ], [ -157.95425, 21.36286 ], [ -157.9541, 21.36295 ], [ -157.95403, 21.363 ], [ -157.95399, 21.36302 ], [ -157.95395, 21.36303 ], [ -157.95392, 21.36304 ], [ -157.95389, 21.36305 ], [ -157.95387, 21.36306 ], [ -157.95384, 21.36307 ], [ -157.95377, 21.3631 ], [ -157.95371, 21.36313 ], [ -157.95356, 21.36322 ], [ -157.95351, 21.36325 ], [ -157.95347, 21.36326 ], [ -157.95353, 21.36346 ], [ -157.95359, 21.3636 ], [ -157.95386, 21.36372 ], [ -157.95412, 21.36371 ], [ -157.95427, 21.36368 ], [ -157.95433, 21.36365 ], [ -157.9544, 21.36362 ], [ -157.95461, 21.36351 ], [ -157.95468, 21.36347 ], [ -157.95475, 21.36344 ], [ -157.95481, 21.36342 ], [ -157.95489, 21.36339 ], [ -157.95498, 21.36337 ], [ -157.95507, 21.36336 ], [ -157.95531, 21.36332 ], [ -157.95538, 21.3633 ], [ -157.95544, 21.36329 ], [ -157.95548, 21.36328 ], [ -157.95553, 21.36327 ], [ -157.95577, 21.36324 ], [ -157.95583, 21.36322 ], [ -157.95587, 21.36321 ], [ -157.9559, 21.3632 ], [ -157.95592, 21.36319 ], [ -157.95594, 21.36318 ], [ -157.95596, 21.36317 ], [ -157.95598, 21.36316 ], [ -157.95599, 21.36314 ], [ -157.956, 21.36313 ], [ -157.95601, 21.36311 ], [ -157.95601, 21.36309 ], [ -157.95601, 21.36307 ], [ -157.95601, 21.36304 ], [ -157.95601, 21.36301 ], [ -157.956, 21.36296 ], [ -157.95597, 21.36282 ], [ -157.95596, 21.36279 ], [ -157.95595, 21.36277 ], [ -157.95591, 21.36265 ], [ -157.95589, 21.36261 ], [ -157.95589, 21.36259 ], [ -157.95589, 21.36257 ], [ -157.95589, 21.36255 ], [ -157.95589, 21.36253 ], [ -157.95591, 21.36252 ], [ -157.95592, 21.36251 ], [ -157.95594, 21.3625 ], [ -157.95597, 21.36248 ], [ -157.95603, 21.36247 ], [ -157.95618, 21.36244 ], [ -157.95627, 21.36242 ], [ -157.95631, 21.36241 ], [ -157.95635, 21.3624 ], [ -157.95638, 21.36241 ], [ -157.95642, 21.36241 ], [ -157.95646, 21.36242 ], [ -157.95649, 21.36244 ], [ -157.95653, 21.36245 ], [ -157.95657, 21.36248 ], [ -157.9566, 21.3625 ], [ -157.95664, 21.36253 ], [ -157.95666, 21.36256 ], [ -157.95667, 21.36258 ], [ -157.95668, 21.36259 ], [ -157.95669, 21.36262 ], [ -157.9567, 21.36264 ], [ -157.95671, 21.36269 ], [ -157.95674, 21.3628 ], [ -157.95675, 21.36285 ], [ -157.95676, 21.3629 ], [ -157.95679, 21.36301 ], [ -157.95681, 21.36306 ], [ -157.95682, 21.36309 ], [ -157.95683, 21.36311 ], [ -157.95685, 21.36313 ], [ -157.95686, 21.36315 ], [ -157.95688, 21.36316 ], [ -157.9569, 21.36317 ], [ -157.95693, 21.36318 ], [ -157.95695, 21.36319 ], [ -157.95702, 21.36321 ], [ -157.95713, 21.36323 ], [ -157.95719, 21.36324 ], [ -157.95725, 21.36325 ], [ -157.95731, 21.36325 ], [ -157.95737, 21.36325 ], [ -157.95743, 21.36325 ], [ -157.95749, 21.36325 ], [ -157.95755, 21.36324 ], [ -157.9576, 21.36323 ], [ -157.95767, 21.36322 ], [ -157.95773, 21.3632 ], [ -157.95777, 21.36319 ], [ -157.95782, 21.36317 ], [ -157.95786, 21.36316 ], [ -157.9579, 21.36314 ], [ -157.95793, 21.36312 ], [ -157.95796, 21.3631 ], [ -157.95798, 21.36308 ], [ -157.95801, 21.36305 ], [ -157.95803, 21.36302 ], [ -157.95808, 21.36293 ], [ -157.95812, 21.36289 ], [ -157.95816, 21.36285 ], [ -157.9582, 21.36281 ], [ -157.95823, 21.36278 ], [ -157.95827, 21.36275 ], [ -157.9583, 21.36272 ], [ -157.95835, 21.3627 ], [ -157.95839, 21.36268 ], [ -157.95849, 21.36264 ], [ -157.95855, 21.36262 ], [ -157.95857, 21.36261 ], [ -157.95859, 21.36259 ], [ -157.95861, 21.36258 ], [ -157.95862, 21.36256 ], [ -157.95865, 21.36252 ], [ -157.95867, 21.36249 ], [ -157.95869, 21.36245 ], [ -157.95871, 21.36241 ], [ -157.95872, 21.36237 ], [ -157.95873, 21.36233 ], [ -157.95874, 21.3623 ], [ -157.95874, 21.36226 ], [ -157.95873, 21.36224 ], [ -157.95872, 21.36221 ], [ -157.95871, 21.36218 ], [ -157.95869, 21.36214 ], [ -157.95866, 21.36211 ], [ -157.95864, 21.36208 ], [ -157.95855, 21.36198 ], [ -157.95853, 21.36196 ], [ -157.9585, 21.36195 ], [ -157.9584, 21.36188 ], [ -157.95837, 21.36186 ], [ -157.95836, 21.36184 ], [ -157.95834, 21.36183 ], [ -157.95834, 21.36182 ], [ -157.95833, 21.3618 ], [ -157.95833, 21.36179 ], [ -157.95834, 21.36177 ], [ -157.95835, 21.36175 ], [ -157.95836, 21.36174 ], [ -157.95839, 21.3617 ], [ -157.95847, 21.36163 ], [ -157.9585, 21.36159 ], [ -157.95855, 21.36153 ], [ -157.9587, 21.36136 ], [ -157.95882, 21.36121 ], [ -157.9589, 21.36111 ], [ -157.95898, 21.361 ], [ -157.95902, 21.36095 ], [ -157.95906, 21.36089 ], [ -157.95909, 21.36084 ], [ -157.95911, 21.3608 ], [ -157.95912, 21.36075 ], [ -157.95914, 21.36071 ], [ -157.95915, 21.36066 ], [ -157.95918, 21.36055 ], [ -157.9592, 21.36039 ], [ -157.95922, 21.36028 ], [ -157.95923, 21.36018 ], [ -157.95923, 21.36008 ], [ -157.95923, 21.35999 ], [ -157.95922, 21.35996 ], [ -157.95922, 21.35993 ], [ -157.95918, 21.35982 ], [ -157.95917, 21.35978 ], [ -157.95917, 21.35975 ] ] ] } },
{ "type": "Feature", "properties": { "fld_zone": "AO", "depth": 1 }, "bbox": [ -157.97958, 21.3162, -157.97733, 21.31733 ], "geometry": { "type": "Polygon", "coordinates": [ [ [ -157.97929, 21.3163 ], [ -157.9793, 21.31621 ], [ -157.97918, 21.31622 ], [ -157.97905, 21.31622 ], [ -157.97893, 21.31622 ], [ -157.9788, 21.31622 ], [ -157.97877, 21.31622 ], [ -157.97871, 21.31621 ], [ -157.97868, 21.3162 ], [ -157.97866, 21.31621 ], [ -157.97865, 21.31621 ], [ -157.97864, 21.31621 ], [ -157.97863, 21.31622 ], [ -157.97862, 21.31622 ], [ -157.97861, 21.31623 ], [ -157.97859, 21.31629 ], [ -157.97858, 21.3163 ], [ -157.97858, 21.3163 ], [ -157.97857, 21.31631 ], [ -157.97855, 21.31631 ], [ -157.97849, 21.31632 ], [ -157.97847, 21.31632 ], [ -157.97846, 21.31633 ], [ -157.97845, 21.31634 ], [ -157.97843, 21.31635 ], [ -157.97839, 21.3164 ], [ -157.97837, 21.31642 ], [ -157.97833, 21.31648 ], [ -157.97831, 21.3165 ], [ -157.97829, 21.31652 ], [ -157.97827, 21.31654 ], [ -157.97821, 21.31657 ], [ -157.97815, 21.31661 ], [ -157.97808, 21.31664 ], [ -157.97803, 21.31665 ], [ -157.97799, 21.31667 ], [ -157.97796, 21.31667 ], [ -157.97788, 21.31668 ], [ -157.97786, 21.31668 ], [ -157.97784, 21.31669 ], [ -157.97781, 21.3167 ], [ -157.97779, 21.31672 ], [ -157.97777, 21.31673 ], [ -157.97776, 21.31675 ], [ -157.97775, 21.31677 ], [ -157.97774, 21.31681 ], [ -157.97774, 21.31682 ], [ -157.97771, 21.31686 ], [ -157.97767, 21.31692 ], [ -157.97765, 21.31695 ], [ -157.97762, 21.31697 ], [ -157.9775, 21.31709 ], [ -157.97733, 21.31727 ], [ -157.97749, 21.31721 ], [ -157.97755, 21.31725 ], [ -157.97762, 21.31733 ], [ -157.97773, 21.31733 ], [ -157.97786, 21.31725 ], [ -157.97797, 21.31715 ], [ -157.97803, 21.31705 ], [ -157.9782, 21.31692 ], [ -157.97827, 21.31687 ], [ -157.97858, 21.3168 ], [ -157.97873, 21.31676 ], [ -157.97884, 21.31675 ], [ -157.97904, 21.31675 ], [ -157.97913, 21.31675 ], [ -157.97924, 21.31672 ], [ -157.97935, 21.31672 ], [ -157.97943, 21.31672 ], [ -157.97953, 21.31672 ], [ -157.97958, 21.31665 ], [ -157.97956, 21.3166 ], [ -157.97944, 21.31654 ], [ -157.97936, 21.31648 ], [ -157.97932, 21.3164 ], [ -157.97929, 21.3163 ] ] ] } },
{ "type": "Feature", "properties": { "fld_zone": "AO", "depth": 2 }, "bbox": [ -157.78871, 21.27581, -157.78744, 21.2769 ], "geometry": { "type": "Polygon", "coordinates": [ [ [ -157.78871, 21.2769 ], [ -157.78869, 21.27677 ], [ -157.78866, 21.27665 ], [ -157.78863, 21.27654 ], [ -157.7886, 21.27643 ], [ -157.78857, 21.27631 ], [ -157.78854, 21.27623 ], [ -157.78851, 21.27613 ], [ -157.78849, 21.27607 ], [ -157.78845, 21.27599 ], [ -157.78841, 21.27595 ], [ -157.7884, 21.27593 ], [ -157.78834, 21.27589 ], [ -157.78827, 21.27586 ], [ -157.78824, 21.27586 ], [ -157.78818, 21.27587 ], [ -157.78812, 21.27588 ], [ -157.78806, 21.27588 ], [ -157.78797, 21.27588 ], [ -157.7879, 21.27588 ], [ -157.78783, 21.27588 ], [ -157.78768, 21.27588 ], [ -157.78767, 21.27588 ], [ -157.78761, 21.27587 ], [ -157.78744, 21.27581 ], [ -157.78744, 21.2759 ], [ -157.78746, 21.27598 ], [ -157.78747, 21.27604 ], [ -157.78749, 21.27609 ], [ -157.78752, 21.27618 ], [ -157.78757, 21.27623 ], [ -157.78758, 21.27625 ], [ -157.78764, 21.27632 ], [ -157.78768, 21.27635 ], [ -157.78772, 21.27638 ], [ -157.78777, 21.27642 ], [ -157.78784, 21.27644 ], [ -157.7879, 21.27647 ], [ -157.78795, 21.27651 ], [ -157.78795, 21.27651 ], [ -157.78801, 21.27653 ], [ -157.78807, 21.27656 ], [ -157.78812, 21.27658 ], [ -157.78817, 21.27661 ], [ -157.78821, 21.27666 ], [ -157.78823, 21.27666 ], [ -157.78829, 21.2767 ], [ -157.78835, 21.27673 ], [ -157.78835, 21.27673 ], [ -157.78842, 21.27676 ], [ -157.78847, 21.27679 ], [ -157.78852, 21.27681 ], [ -157.78858, 21.27683 ], [ -157.78863, 21.27684 ], [ -157.78871, 21.2769 ] ] ] } },
{ "type": "Feature", "properties": { "fld_zone": "AO", "depth": 2 }, "bbox": [ -157.83645, 21.27643, -157.82542, 21.2887 ], "geometry": { "type": "Polygon", "coordinates": [ [ [ -157.83028, 21.27954 ], [ -157.83023, 21.27943 ], [ -157.83016, 21.2793 ], [ -157.83013, 21.27913 ], [ -157.83009, 21.27899 ], [ -157.83008, 21.27881 ], [ -157.83004, 21.27864 ], [ -157.83002, 21.27839 ], [ -157.8299, 21.27816 ], [ -157.82982, 21.27807 ], [ -157.82975, 21.27796 ], [ -157.82977, 21.27786 ], [ -157.8299, 21.27781 ], [ -157.83001, 21.27781 ], [ -157.83016, 21.27783 ], [ -157.83026, 21.27781 ], [ -157.83037, 21.27771 ], [ -157.83044, 21.27762 ], [ -157.83047, 21.2776 ], [ -157.83053, 21.27756 ], [ -157.83074, 21.27753 ], [ -157.83087, 21.27751 ], [ -157.83101, 21.27744 ], [ -157.83102, 21.27742 ], [ -157.83107, 21.27735 ], [ -157.83107, 21.27722 ], [ -157.83102, 21.27713 ], [ -157.83095, 21.27705 ], [ -157.83072, 21.27695 ], [ -157.83034, 21.27683 ], [ -157.83006, 21.27674 ], [ -157.82975, 21.27664 ], [ -157.82959, 21.27665 ], [ -157.82941, 21.27665 ], [ -157.82921, 21.27667 ], [ -157.82896, 21.27668 ], [ -157.82888, 21.27663 ], [ -157.8286, 21.27663 ], [ -157.82842, 21.27667 ], [ -157.82838, 21.2767 ], [ -157.82837, 21.27673 ], [ -157.82837, 21.27675 ], [ -157.82833, 21.2768 ], [ -157.82828, 21.27681 ], [ -157.82826, 21.27681 ], [ -157.82822, 21.27678 ], [ -157.82819, 21.27674 ], [ -157.82818, 21.2767 ], [ -157.82818, 21.27669 ], [ -157.8281, 21.27665 ], [ -157.82801, 21.27664 ], [ -157.82786, 21.27659 ], [ -157.82773, 21.27659 ], [ -157.82762, 21.27657 ], [ -157.82748, 21.27655 ], [ -157.82735, 21.27648 ], [ -157.82729, 21.27643 ], [ -157.82737, 21.27654 ], [ -157.82753, 21.2767 ], [ -157.8277, 21.27691 ], [ -157.82774, 21.27695 ], [ -157.82777, 21.27697 ], [ -157.82787, 21.27705 ], [ -157.82792, 21.27711 ], [ -157.82796, 21.27713 ], [ -157.82801, 21.27717 ], [ -157.82807, 21.27721 ], [ -157.82814, 21.27726 ], [ -157.8282, 21.2773 ], [ -157.82829, 21.27735 ], [ -157.82835, 21.27737 ], [ -157.82839, 21.2774 ], [ -157.82846, 21.27741 ], [ -157.82854, 21.2774 ], [ -157.8286, 21.2774 ], [ -157.82865, 21.27739 ], [ -157.82871, 21.27739 ], [ -157.82877, 21.27737 ], [ -157.82883, 21.27737 ], [ -157.8289, 21.27737 ], [ -157.82899, 21.27736 ], [ -157.82906, 21.27735 ], [ -157.82912, 21.27734 ], [ -157.82918, 21.27733 ], [ -157.82931, 21.27729 ], [ -157.82936, 21.27727 ], [ -157.82941, 21.27726 ], [ -157.82947, 21.27724 ], [ -157.82953, 21.27725 ], [ -157.8296, 21.27727 ], [ -157.82966, 21.27733 ], [ -157.82967, 21.2774 ], [ -157.82965, 21.27746 ], [ -157.82961, 21.27752 ], [ -157.82957, 21.27756 ], [ -157.82952, 21.2776 ], [ -157.82945, 21.27764 ], [ -157.8294, 21.27766 ], [ -157.82935, 21.27767 ], [ -157.8293, 21.2777 ], [ -157.82921, 21.27773 ], [ -157.82914, 21.27773 ], [ -157.82911, 21.27776 ], [ -157.82542, 21.28148 ], [ -157.82777, 21.28354 ], [ -157.82951, 21.28506 ], [ -157.83041, 21.28584 ], [ -157.83194, 21.28712 ], [ -157.83284, 21.28794 ], [ -157.83323, 21.28839 ], [ -157.83349, 21.28854 ], [ -157.8339, 21.28869 ], [ -157.83407, 21.2887 ], [ -157.83427, 21.28867 ], [ -157.83444, 21.28865 ], [ -157.83461, 21.28867 ], [ -157.83484, 21.28861 ], [ -157.83509, 21.2885 ], [ -157.83532, 21.28847 ], [ -157.83568, 21.28837 ], [ -157.83607, 21.28833 ], [ -157.8362, 21.28831 ], [ -157.83622, 21.28828 ], [ -157.83619, 21.28822 ], [ -157.83607, 21.28814 ], [ -157.83603, 21.28807 ], [ -157.83591, 21.28792 ], [ -157.83582, 21.28762 ], [ -157.83598, 21.28751 ], [ -157.8362, 21.28744 ], [ -157.83636, 21.28741 ], [ -157.83644, 21.28731 ], [ -157.83645, 21.28722 ], [ -157.83632, 21.28716 ], [ -157.83612, 21.28709 ], [ -157.83593, 21.28709 ], [ -157.83573, 21.28722 ], [ -157.8355, 21.28726 ], [ -157.83527, 21.28726 ], [ -157.83505, 21.28722 ], [ -157.83494, 21.2871 ], [ -157.8349, 21.28687 ], [ -157.83484, 21.28661 ], [ -157.83485, 21.28635 ], [ -157.83491, 21.2861 ], [ -157.83493, 21.28588 ], [ -157.83493, 21.28564 ], [ -157.835, 21.28534 ], [ -157.83516, 21.28526 ], [ -157.83528, 21.28511 ], [ -157.83537, 21.28488 ], [ -157.83547, 21.28464 ], [ -157.8357, 21.28457 ], [ -157.83598, 21.28456 ], [ -157.836, 21.28457 ], [ -157.83601, 21.28457 ], [ -157.83604, 21.28457 ], [ -157.83606, 21.28456 ], [ -157.83609, 21.28455 ], [ -157.83612, 21.28453 ], [ -157.83613, 21.28452 ], [ -157.83616, 21.2845 ], [ -157.83617, 21.28449 ], [ -157.8362, 21.28448 ], [ -157.83621, 21.28447 ], [ -157.83621, 21.28446 ], [ -157.83622, 21.28445 ], [ -157.83623, 21.28441 ], [ -157.83623, 21.28438 ], [ -157.83622, 21.28432 ], [ -157.83622, 21.2843 ], [ -157.83623, 21.28427 ], [ -157.83624, 21.28425 ], [ -157.83625, 21.28424 ], [ -157.83626, 21.28423 ], [ -157.83631, 21.2842 ], [ -157.83632, 21.28419 ], [ -157.83633, 21.28418 ], [ -157.83634, 21.28416 ], [ -157.83635, 21.28414 ], [ -157.83636, 21.28411 ], [ -157.83636, 21.28409 ], [ -157.83636, 21.28408 ], [ -157.83636, 21.28406 ], [ -157.83634, 21.28398 ], [ -157.83631, 21.28388 ], [ -157.83629, 21.28384 ], [ -157.83628, 21.2838 ], [ -157.83627, 21.28378 ], [ -157.83625, 21.28375 ], [ -157.83619, 21.28365 ], [ -157.83616, 21.28361 ], [ -157.83615, 21.28358 ], [ -157.83614, 21.28353 ], [ -157.83613, 21.28351 ], [ -157.83611, 21.28349 ], [ -157.8361, 21.28348 ], [ -157.83608, 21.28347 ], [ -157.83605, 21.28347 ], [ -157.83601, 21.28347 ], [ -157.83554, 21.28349 ], [ -157.83518, 21.28332 ], [ -157.835, 21.28313 ], [ -157.83483, 21.28301 ], [ -157.83445, 21.28279 ], [ -157.83409, 21.28282 ], [ -157.83394, 21.28282 ], [ -157.83388, 21.28275 ], [ -157.83383, 21.28255 ], [ -157.83371, 21.28239 ], [ -157.83358, 21.28212 ], [ -157.83342, 21.28185 ], [ -157.83336, 21.28153 ], [ -157.83332, 21.28134 ], [ -157.83325, 21.28125 ], [ -157.83322, 21.28121 ], [ -157.83319, 21.28109 ], [ -157.83323, 21.28102 ], [ -157.83328, 21.28077 ], [ -157.83334, 21.28058 ], [ -157.83331, 21.2805 ], [ -157.83321, 21.28047 ], [ -157.83308, 21.28056 ], [ -157.83299, 21.28057 ], [ -157.83287, 21.28051 ], [ -157.83275, 21.28037 ], [ -157.83275, 21.28024 ], [ -157.83254, 21.28017 ], [ -157.83241, 21.28017 ], [ -157.83218, 21.28023 ], [ -157.83201, 21.28027 ], [ -157.83183, 21.28061 ], [ -157.83176, 21.28072 ], [ -157.83169, 21.28081 ], [ -157.83163, 21.28093 ], [ -157.83143, 21.28116 ], [ -157.83137, 21.28123 ], [ -157.83134, 21.28125 ], [ -157.83127, 21.28129 ], [ -157.8312, 21.28128 ], [ -157.83105, 21.28132 ], [ -157.8309, 21.28132 ], [ -157.8308, 21.28132 ], [ -157.83074, 21.28125 ], [ -157.83073, 21.28124 ], [ -157.83074, 21.28112 ], [ -157.83074, 21.28097 ], [ -157.83063, 21.28086 ], [ -157.8306, 21.28071 ], [ -157.83067, 21.28056 ], [ -157.83076, 21.2804 ], [ -157.83075, 21.28031 ], [ -157.83067, 21.28025 ], [ -157.83053, 21.28024 ], [ -157.83038, 21.28029 ], [ -157.83016, 21.28029 ], [ -157.83002, 21.28025 ], [ -157.82986, 21.28007 ], [ -157.82989, 21.27994 ], [ -157.83003, 21.27981 ], [ -157.8302, 21.27967 ], [ -157.83028, 21.27954 ] ] ] } },
{ "type": "Feature", "properties": { "fld_zone": "AO", "depth": 2 }, "bbox": [ -157.78743, 21.27434, -157.78604, 21.2773 ], "geometry": { "type": "Polygon", "coordinates": [ [ [ -157.78622, 21.27461 ], [ -157.78617, 21.27451 ], [ -157.78614, 21.27446 ], [ -157.7861, 21.27441 ], [ -157.78606, 21.27436 ], [ -157.78604, 21.27434 ], [ -157.78606, 21.27435 ], [ -157.78607, 21.27435 ], [ -157.78608, 21.27436 ], [ -157.7861, 21.27437 ], [ -157.78611, 21.27438 ], [ -157.78613, 21.27439 ], [ -157.78614, 21.2744 ], [ -157.78615, 21.2744 ], [ -157.78617, 21.27441 ], [ -157.78618, 21.27442 ], [ -157.78625, 21.27445 ], [ -157.7863, 21.27447 ], [ -157.78635, 21.27449 ], [ -157.78642, 21.27452 ], [ -157.78651, 21.27458 ], [ -157.78652, 21.27458 ], [ -157.78653, 21.27459 ], [ -157.78654, 21.2746 ], [ -157.78655, 21.2746 ], [ -157.78655, 21.27461 ], [ -157.78656, 21.27461 ], [ -157.78657, 21.27462 ], [ -157.78658, 21.27463 ], [ -157.78659, 21.27464 ], [ -157.7866, 21.27465 ], [ -157.78661, 21.27466 ], [ -157.78662, 21.27467 ], [ -157.78663, 21.27468 ], [ -157.78664, 21.27469 ], [ -157.78664, 21.2747 ], [ -157.78665, 21.27471 ], [ -157.78665, 21.27472 ], [ -157.78666, 21.27472 ], [ -157.78666, 21.27473 ], [ -157.78666, 21.27474 ], [ -157.78667, 21.27474 ], [ -157.78667, 21.27475 ], [ -157.78668, 21.27476 ], [ -157.78668, 21.27477 ], [ -157.78668, 21.27478 ], [ -157.78669, 21.27479 ], [ -157.78669, 21.2748 ], [ -157.78669, 21.27481 ], [ -157.7867, 21.27482 ], [ -157.7867, 21.27483 ], [ -157.7867, 21.27484 ], [ -157.7867, 21.27485 ], [ -157.7867, 21.27486 ], [ -157.78671, 21.2749 ], [ -157.78672, 21.27499 ], [ -157.78672, 21.27504 ], [ -157.78673, 21.27508 ], [ -157.78673, 21.27509 ], [ -157.78674, 21.2751 ], [ -157.78675, 21.27515 ], [ -157.78677, 21.27522 ], [ -157.78679, 21.27525 ], [ -157.78683, 21.27532 ], [ -157.78686, 21.2754 ], [ -157.78689, 21.27551 ], [ -157.78693, 21.27559 ], [ -157.78697, 21.27568 ], [ -157.78701, 21.27575 ], [ -157.78709, 21.27589 ], [ -157.78714, 21.27599 ], [ -157.78716, 21.27602 ], [ -157.78716, 21.27603 ], [ -157.78718, 21.27606 ], [ -157.78721, 21.27614 ], [ -157.78722, 21.27615 ], [ -157.78726, 21.2762 ], [ -157.78726, 21.27627 ], [ -157.78723, 21.27631 ], [ -157.78717, 21.27636 ], [ -157.78715, 21.27641 ], [ -157.78712, 21.27646 ], [ -157.78712, 21.27651 ], [ -157.78713, 21.27655 ], [ -157.78715, 21.27664 ], [ -157.7872, 21.27671 ], [ -157.78723, 21.27677 ], [ -157.78728, 21.27685 ], [ -157.7873, 21.2769 ], [ -157.78732, 21.27695 ], [ -157.78734, 21.27701 ], [ -157.78737, 21.27709 ], [ -157.78739, 21.27714 ], [ -157.78741, 21.2772 ], [ -157.78743, 21.2773 ], [ -157.78731, 21.27727 ], [ -157.78722, 21.27724 ], [ -157.78718, 21.27721 ], [ -157.78714, 21.27718 ], [ -157.78707, 21.27715 ], [ -157.78698, 21.27711 ], [ -157.78694, 21.27708 ], [ -157.78689, 21.27706 ], [ -157.78681, 21.277 ], [ -157.78676, 21.27696 ], [ -157.78671, 21.27689 ], [ -157.78662, 21.27676 ], [ -157.78659, 21.27671 ], [ -157.78656, 21.27665 ], [ -157.78652, 21.27658 ], [ -157.7865, 21.27653 ], [ -157.78645, 21.27647 ], [ -157.78642, 21.27641 ], [ -157.7864, 21.27636 ], [ -157.78637, 21.27628 ], [ -157.78635, 21.27623 ], [ -157.78633, 21.27614 ], [ -157.78632, 21.27608 ], [ -157.78632, 21.27599 ], [ -157.7863, 21.27593 ], [ -157.78629, 21.27583 ], [ -157.78628, 21.27579 ], [ -157.78627, 21.27572 ], [ -157.78627, 21.27566 ], [ -157.78628, 21.27554 ], [ -157.78628, 21.27549 ], [ -157.78628, 21.27544 ], [ -157.78629, 21.27536 ], [ -157.78629, 21.27527 ], [ -157.7863, 21.27521 ], [ -157.7863, 21.27513 ], [ -157.78629, 21.27507 ], [ -157.78629, 21.27497 ], [ -157.78627, 21.27491 ], [ -157.78625, 21.27483 ], [ -157.78625, 21.27475 ], [ -157.78623, 21.2747 ], [ -157.78622, 21.27466 ], [ -157.78622, 21.27461 ] ] ] } },
{ "type": "Feature", "properties": { "fld_zone": "AO", "depth": 2 }, "bbox": [ -157.97743, 21.36518, -157.97592, 21.36575 ], "geometry": { "type": "Polygon", "coordinates": [ [ [ -157.97743, 21.36575 ], [ -157.97732, 21.36568 ], [ -157.97722, 21.3656 ], [ -157.97714, 21.36551 ], [ -157.97711, 21.36542 ], [ -157.97706, 21.36538 ], [ -157.97695, 21.3653 ], [ -157.97688, 21.36526 ], [ -157.97677, 21.36526 ], [ -157.97671, 21.36519 ], [ -157.97662, 21.36518 ], [ -157.97651, 21.3652 ], [ -157.97637, 21.36523 ], [ -157.97626, 21.36533 ], [ -157.97611, 21.36542 ], [ -157.97598, 21.36554 ], [ -157.97592, 21.36555 ], [ -157.9761, 21.3656 ], [ -157.97622, 21.36564 ], [ -157.97635, 21.36565 ], [ -157.97652, 21.3657 ], [ -157.97664, 21.3657 ], [ -157.97677, 21.36574 ], [ -157.97691, 21.36573 ], [ -157.97697, 21.3657 ], [ -157.97711, 21.3657 ], [ -157.97722, 21.3657 ], [ -157.97743, 21.36575 ] ] ] } },
{ "type": "Feature", "properties": { "fld_zone": "AO", "depth": 1 }, "bbox": [ -157.95752, 21.35199, -157.95407, 21.35548 ], "geometry": { "type": "Polygon", "coordinates": [ [ [ -157.95425, 21.35496 ], [ -157.95423, 21.35497 ], [ -157.9542, 21.35498 ], [ -157.95418, 21.35499 ], [ -157.95416, 21.355 ], [ -157.95414, 21.35502 ], [ -157.95413, 21.35503 ], [ -157.95412, 21.35504 ], [ -157.95409, 21.35511 ], [ -157.95407, 21.35513 ], [ -157.95461, 21.35539 ], [ -157.95464, 21.3554 ], [ -157.95471, 21.35544 ], [ -157.95474, 21.35546 ], [ -157.95477, 21.35547 ], [ -157.9548, 21.35548 ], [ -157.95482, 21.35548 ], [ -157.95484, 21.35548 ], [ -157.95487, 21.35547 ], [ -157.95489, 21.35546 ], [ -157.95494, 21.35544 ], [ -157.95501, 21.35541 ], [ -157.95504, 21.35539 ], [ -157.95508, 21.35537 ], [ -157.95516, 21.35531 ], [ -157.95522, 21.35526 ], [ -157.95527, 21.35522 ], [ -157.95531, 21.35518 ], [ -157.95534, 21.35514 ], [ -157.95537, 21.35511 ], [ -157.9554, 21.35506 ], [ -157.95542, 21.35502 ], [ -157.95547, 21.35491 ], [ -157.95551, 21.35485 ], [ -157.95554, 21.3548 ], [ -157.95558, 21.35474 ], [ -157.95574, 21.35454 ], [ -157.95581, 21.35445 ], [ -157.95588, 21.35434 ], [ -157.95603, 21.35409 ], [ -157.95611, 21.35398 ], [ -157.95626, 21.35376 ], [ -157.95631, 21.35369 ], [ -157.95636, 21.35362 ], [ -157.95648, 21.35342 ], [ -157.95657, 21.35327 ], [ -157.95672, 21.35306 ], [ -157.95678, 21.35298 ], [ -157.95696, 21.35275 ], [ -157.957, 21.35268 ], [ -157.95705, 21.35262 ], [ -157.9571, 21.35254 ], [ -157.95717, 21.35243 ], [ -157.95719, 21.35239 ], [ -157.95723, 21.35229 ], [ -157.95725, 21.35225 ], [ -157.95728, 21.35221 ], [ -157.9573, 21.35219 ], [ -157.95731, 21.35218 ], [ -157.95734, 21.35216 ], [ -157.95739, 21.35212 ], [ -157.95752, 21.35203 ], [ -157.95752, 21.35203 ], [ -157.9575, 21.35203 ], [ -157.95746, 21.35202 ], [ -157.95742, 21.35201 ], [ -157.95737, 21.352 ], [ -157.95733, 21.35199 ], [ -157.9573, 21.35199 ], [ -157.95729, 21.35199 ], [ -157.95726, 21.352 ], [ -157.95723, 21.35201 ], [ -157.95721, 21.35203 ], [ -157.95716, 21.35206 ], [ -157.95714, 21.35208 ], [ -157.95712, 21.3521 ], [ -157.95705, 21.35216 ], [ -157.95703, 21.35219 ], [ -157.957, 21.35223 ], [ -157.95692, 21.35232 ], [ -157.95689, 21.35237 ], [ -157.95682, 21.35247 ], [ -157.95679, 21.35251 ], [ -157.95676, 21.35255 ], [ -157.95674, 21.35257 ], [ -157.95669, 21.3526 ], [ -157.95667, 21.35262 ], [ -157.95665, 21.35264 ], [ -157.95663, 21.35266 ], [ -157.95662, 21.35268 ], [ -157.95661, 21.3527 ], [ -157.9566, 21.35273 ], [ -157.95658, 21.35282 ], [ -157.95657, 21.35284 ], [ -157.95656, 21.35286 ], [ -157.95654, 21.35289 ], [ -157.95652, 21.35291 ], [ -157.95645, 21.35299 ], [ -157.95642, 21.35302 ], [ -157.95639, 21.35306 ], [ -157.95634, 21.35312 ], [ -157.95629, 21.3532 ], [ -157.95625, 21.35326 ], [ -157.95617, 21.35341 ], [ -157.9561, 21.35353 ], [ -157.95605, 21.35361 ], [ -157.95599, 21.3537 ], [ -157.95589, 21.35384 ], [ -157.95585, 21.35389 ], [ -157.95583, 21.35393 ], [ -157.95579, 21.35401 ], [ -157.95576, 21.35405 ], [ -157.95574, 21.35407 ], [ -157.95572, 21.35409 ], [ -157.9557, 21.35411 ], [ -157.95563, 21.35415 ], [ -157.95561, 21.35417 ], [ -157.95559, 21.35418 ], [ -157.95557, 21.35421 ], [ -157.95555, 21.35424 ], [ -157.95553, 21.35427 ], [ -157.95549, 21.35435 ], [ -157.95547, 21.35439 ], [ -157.95544, 21.35443 ], [ -157.9554, 21.35447 ], [ -157.95536, 21.35451 ], [ -157.95525, 21.3546 ], [ -157.95522, 21.35462 ], [ -157.9552, 21.35465 ], [ -157.95517, 21.35468 ], [ -157.9551, 21.35476 ], [ -157.95506, 21.3548 ], [ -157.955, 21.35486 ], [ -157.95496, 21.35489 ], [ -157.95492, 21.35492 ], [ -157.95489, 21.35494 ], [ -157.95487, 21.35494 ], [ -157.95485, 21.35495 ], [ -157.95482, 21.35495 ], [ -157.95479, 21.35495 ], [ -157.95475, 21.35495 ], [ -157.95463, 21.35493 ], [ -157.95459, 21.35493 ], [ -157.95443, 21.35492 ], [ -157.95439, 21.35492 ], [ -157.95436, 21.35493 ], [ -157.95428, 21.35495 ], [ -157.95425, 21.35496 ] ] ] } },
{ "type": "Feature", "properties": { "fld_zone": "AO", "depth": 3 }, "bbox": [ -157.88759, 21.33144, -157.88481, 21.33362 ], "geometry": { "type": "Polygon", "coordinates": [ [ [ -157.88567, 21.33312 ], [ -157.88574, 21.33318 ], [ -157.88591, 21.33332 ], [ -157.8861, 21.33348 ], [ -157.88629, 21.33362 ], [ -157.88641, 21.33357 ], [ -157.88644, 21.33354 ], [ -157.88655, 21.33343 ], [ -157.88658, 21.33341 ], [ -157.88658, 21.33341 ], [ -157.88668, 21.33332 ], [ -157.88692, 21.33319 ], [ -157.88697, 21.33317 ], [ -157.88736, 21.33305 ], [ -157.88755, 21.33297 ], [ -157.88759, 21.33293 ], [ -157.88759, 21.33288 ], [ -157.88755, 21.33285 ], [ -157.88752, 21.33282 ], [ -157.88735, 21.33277 ], [ -157.8873, 21.33277 ], [ -157.88713, 21.33281 ], [ -157.88708, 21.33288 ], [ -157.88693, 21.33286 ], [ -157.88676, 21.33278 ], [ -157.88662, 21.33275 ], [ -157.88654, 21.33265 ], [ -157.88648, 21.33248 ], [ -157.88643, 21.33236 ], [ -157.88637, 21.33233 ], [ -157.88626, 21.33229 ], [ -157.88614, 21.33224 ], [ -157.88606, 21.33221 ], [ -157.886, 21.33218 ], [ -157.88593, 21.33216 ], [ -157.88588, 21.33213 ], [ -157.88583, 21.33209 ], [ -157.88578, 21.33205 ], [ -157.88568, 21.33197 ], [ -157.88559, 21.33192 ], [ -157.88553, 21.33188 ], [ -157.88549, 21.33184 ], [ -157.88545, 21.33182 ], [ -157.88541, 21.33178 ], [ -157.88539, 21.33175 ], [ -157.88535, 21.33167 ], [ -157.88532, 21.33162 ], [ -157.88528, 21.33157 ], [ -157.88525, 21.33151 ], [ -157.88522, 21.33147 ], [ -157.8852, 21.33144 ], [ -157.8852, 21.33145 ], [ -157.8852, 21.33152 ], [ -157.88521, 21.33159 ], [ -157.88521, 21.33163 ], [ -157.88522, 21.3317 ], [ -157.88522, 21.33176 ], [ -157.88523, 21.33181 ], [ -157.88522, 21.33188 ], [ -157.88521, 21.33193 ], [ -157.88518, 21.33197 ], [ -157.88516, 21.33201 ], [ -157.88514, 21.33204 ], [ -157.88511, 21.33207 ], [ -157.88508, 21.3321 ], [ -157.88504, 21.33215 ], [ -157.885, 21.33219 ], [ -157.88498, 21.33222 ], [ -157.88495, 21.33226 ], [ -157.88491, 21.33231 ], [ -157.88489, 21.33234 ], [ -157.88487, 21.33238 ], [ -157.88486, 21.33241 ], [ -157.88482, 21.33245 ], [ -157.88481, 21.33246 ], [ -157.88491, 21.33252 ], [ -157.88497, 21.33257 ], [ -157.88508, 21.33266 ], [ -157.88523, 21.33277 ], [ -157.8854, 21.3329 ], [ -157.88548, 21.33296 ], [ -157.88557, 21.33304 ], [ -157.88567, 21.33312 ] ] ] } },
{ "type": "Feature", "properties": { "fld_zone": "AO", "depth": 1 }, "bbox": [ -157.93929, 21.36729, -157.93843, 21.36816 ], "geometry": { "type": "Polygon", "coordinates": [ [ [ -157.93929, 21.36734 ], [ -157.93925, 21.36735 ], [ -157.93913, 21.36732 ], [ -157.93899, 21.36729 ], [ -157.93885, 21.36729 ], [ -157.93871, 21.36729 ], [ -157.93859, 21.36736 ], [ -157.93848, 21.36747 ], [ -157.93843, 21.36761 ], [ -157.93851, 21.36775 ], [ -157.93861, 21.36787 ], [ -157.93871, 21.368 ], [ -157.93884, 21.36809 ], [ -157.93903, 21.36816 ], [ -157.93905, 21.368 ], [ -157.93908, 21.36787 ], [ -157.93913, 21.36775 ], [ -157.9392, 21.36764 ], [ -157.93921, 21.36755 ], [ -157.93925, 21.36748 ], [ -157.93929, 21.36734 ] ] ] } },
{ "type": "Feature", "properties": { "fld_zone": "AO", "depth": 2 }, "bbox": [ -158.22922, 21.5266, -158.22807, 21.52724 ], "geometry": { "type": "Polygon", "coordinates": [ [ [ -158.22922, 21.52663 ], [ -158.2291, 21.52665 ], [ -158.22891, 21.52664 ], [ -158.22884, 21.52663 ], [ -158.22873, 21.52662 ], [ -158.22871, 21.52661 ], [ -158.22863, 21.5266 ], [ -158.22848, 21.52664 ], [ -158.22834, 21.52675 ], [ -158.22832, 21.52677 ], [ -158.22825, 21.52682 ], [ -158.2282, 21.52686 ], [ -158.22808, 21.52692 ], [ -158.22807, 21.52695 ], [ -158.22808, 21.52701 ], [ -158.22814, 21.52704 ], [ -158.22829, 21.52704 ], [ -158.22834, 21.52704 ], [ -158.22849, 21.52704 ], [ -158.22865, 21.52699 ], [ -158.22885, 21.52702 ], [ -158.22887, 21.52704 ], [ -158.22888, 21.52705 ], [ -158.22896, 21.5271 ], [ -158.22903, 21.52724 ], [ -158.22905, 21.52709 ], [ -158.22909, 21.52696 ], [ -158.22912, 21.52685 ], [ -158.22917, 21.52669 ], [ -158.22922, 21.52663 ] ] ] } },
{ "type": "Feature", "properties": { "fld_zone": "AO", "depth": 1 }, "bbox": [ -157.88717, 21.32899, -157.8866, 21.32975 ], "geometry": { "type": "Polygon", "coordinates": [ [ [ -157.88717, 21.32951 ], [ -157.88716, 21.32948 ], [ -157.88712, 21.3294 ], [ -157.88707, 21.32935 ], [ -157.88703, 21.32929 ], [ -157.88697, 21.32923 ], [ -157.88692, 21.32919 ], [ -157.88687, 21.32912 ], [ -157.88681, 21.32906 ], [ -157.88674, 21.32902 ], [ -157.88672, 21.32901 ], [ -157.88665, 21.32899 ], [ -157.88661, 21.32899 ], [ -157.8866, 21.32899 ], [ -157.88661, 21.32901 ], [ -157.88664, 21.32908 ], [ -157.88666, 21.32915 ], [ -157.88669, 21.32924 ], [ -157.88672, 21.32935 ], [ -157.88674, 21.32945 ], [ -157.88678, 21.32955 ], [ -157.88681, 21.32965 ], [ -157.88685, 21.32974 ], [ -157.88685, 21.32975 ], [ -157.88688, 21.32972 ], [ -157.88695, 21.32961 ], [ -157.88701, 21.32952 ], [ -157.88712, 21.32951 ], [ -157.88717, 21.32951 ] ] ] } },
{ "type": "Feature", "properties": { "fld_zone": "AO", "depth": 2 }, "bbox": [ -157.88685, 21.32899, -157.8852, 21.33236 ], "geometry": { "type": "Polygon", "coordinates": [ [ [ -157.88683, 21.3299 ], [ -157.88678, 21.32985 ], [ -157.88681, 21.32979 ], [ -157.88685, 21.32975 ], [ -157.88685, 21.32974 ], [ -157.88681, 21.32965 ], [ -157.88678, 21.32955 ], [ -157.88674, 21.32945 ], [ -157.88672, 21.32935 ], [ -157.88669, 21.32924 ], [ -157.88666, 21.32915 ], [ -157.88664, 21.32908 ], [ -157.88661, 21.32901 ], [ -157.8866, 21.32899 ], [ -157.88658, 21.329 ], [ -157.88656, 21.32901 ], [ -157.88653, 21.32905 ], [ -157.88651, 21.32907 ], [ -157.88649, 21.3291 ], [ -157.88648, 21.32913 ], [ -157.88647, 21.32915 ], [ -157.88643, 21.32919 ], [ -157.88641, 21.32925 ], [ -157.8864, 21.32928 ], [ -157.88639, 21.32933 ], [ -157.88638, 21.32936 ], [ -157.88637, 21.32939 ], [ -157.88634, 21.32944 ], [ -157.88633, 21.32947 ], [ -157.8863, 21.3295 ], [ -157.88627, 21.32955 ], [ -157.88625, 21.32959 ], [ -157.88624, 21.32963 ], [ -157.88622, 21.32966 ], [ -157.88619, 21.32972 ], [ -157.88614, 21.32977 ], [ -157.8861, 21.3298 ], [ -157.88606, 21.32984 ], [ -157.88602, 21.32987 ], [ -157.88598, 21.3299 ], [ -157.88594, 21.32994 ], [ -157.8859, 21.32996 ], [ -157.88586, 21.32998 ], [ -157.88583, 21.33002 ], [ -157.8858, 21.33006 ], [ -157.88577, 21.3301 ], [ -157.88575, 21.33014 ], [ -157.88572, 21.33019 ], [ -157.8857, 21.33023 ], [ -157.88568, 21.33028 ], [ -157.88565, 21.33034 ], [ -157.88562, 21.3304 ], [ -157.8856, 21.33044 ], [ -157.88558, 21.33051 ], [ -157.88555, 21.33057 ], [ -157.88552, 21.33062 ], [ -157.88549, 21.33068 ], [ -157.88546, 21.33077 ], [ -157.88545, 21.33082 ], [ -157.88541, 21.33087 ], [ -157.88536, 21.33095 ], [ -157.88531, 21.33102 ], [ -157.88528, 21.33109 ], [ -157.88525, 21.33117 ], [ -157.88522, 21.33124 ], [ -157.88521, 21.33131 ], [ -157.88521, 21.33135 ], [ -157.8852, 21.3314 ], [ -157.8852, 21.33144 ], [ -157.88522, 21.33147 ], [ -157.88525, 21.33151 ], [ -157.88528, 21.33157 ], [ -157.88532, 21.33162 ], [ -157.88535, 21.33167 ], [ -157.88539, 21.33175 ], [ -157.88541, 21.33178 ], [ -157.88545, 21.33182 ], [ -157.88549, 21.33184 ], [ -157.88553, 21.33188 ], [ -157.88559, 21.33192 ], [ -157.88568, 21.33197 ], [ -157.88578, 21.33205 ], [ -157.88583, 21.33209 ], [ -157.88588, 21.33213 ], [ -157.88593, 21.33216 ], [ -157.886, 21.33218 ], [ -157.88606, 21.33221 ], [ -157.88614, 21.33224 ], [ -157.88626, 21.33229 ], [ -157.88637, 21.33233 ], [ -157.88643, 21.33236 ], [ -157.88642, 21.33231 ], [ -157.88634, 21.33226 ], [ -157.8862, 21.33218 ], [ -157.88608, 21.33206 ], [ -157.88601, 21.33193 ], [ -157.88601, 21.33186 ], [ -157.88604, 21.33182 ], [ -157.88611, 21.33181 ], [ -157.88622, 21.33182 ], [ -157.88638, 21.33182 ], [ -157.88654, 21.33182 ], [ -157.88668, 21.33176 ], [ -157.88675, 21.33167 ], [ -157.88675, 21.33154 ], [ -157.88672, 21.33138 ], [ -157.88669, 21.33121 ], [ -157.8866, 21.33111 ], [ -157.8864, 21.331 ], [ -157.88638, 21.33093 ], [ -157.88645, 21.33088 ], [ -157.8865, 21.33085 ], [ -157.8865, 21.33082 ], [ -157.88648, 21.33079 ], [ -157.88645, 21.33078 ], [ -157.88638, 21.33073 ], [ -157.88633, 21.33066 ], [ -157.8863, 21.33051 ], [ -157.88635, 21.33035 ], [ -157.88637, 21.33026 ], [ -157.88635, 21.33019 ], [ -157.88637, 21.3301 ], [ -157.88648, 21.33003 ], [ -157.8866, 21.33002 ], [ -157.88674, 21.32998 ], [ -157.88678, 21.32997 ], [ -157.88682, 21.32994 ], [ -157.88683, 21.3299 ] ] ] } },
{ "type": "Feature", "properties": { "fld_zone": "AO", "depth": 2 }, "bbox": [ -157.96633, 21.32658, -157.95699, 21.33312 ], "geometry": { "type": "Polygon", "coordinates": [ [ [ -157.95778, 21.33206 ], [ -157.95759, 21.33229 ], [ -157.9574, 21.33234 ], [ -157.95725, 21.33237 ], [ -157.95715, 21.33243 ], [ -157.95713, 21.33253 ], [ -157.95712, 21.33263 ], [ -157.95702, 21.33277 ], [ -157.95699, 21.33301 ], [ -157.95709, 21.33312 ], [ -157.95723, 21.33309 ], [ -157.95744, 21.33306 ], [ -157.95762, 21.33301 ], [ -157.95783, 21.33293 ], [ -157.95799, 21.33278 ], [ -157.95827, 21.33263 ], [ -157.9585, 21.33247 ], [ -157.95856, 21.33231 ], [ -157.95881, 21.33211 ], [ -157.95905, 21.3319 ], [ -157.95927, 21.33179 ], [ -157.95953, 21.33184 ], [ -157.95967, 21.33187 ], [ -157.95982, 21.33191 ], [ -157.96002, 21.33191 ], [ -157.96021, 21.33177 ], [ -157.96031, 21.33168 ], [ -157.96051, 21.33163 ], [ -157.96071, 21.33161 ], [ -157.96096, 21.33158 ], [ -157.96115, 21.33153 ], [ -157.96144, 21.33154 ], [ -157.96153, 21.33157 ], [ -157.96161, 21.33159 ], [ -157.96169, 21.33161 ], [ -157.96178, 21.33163 ], [ -157.96187, 21.33165 ], [ -157.96196, 21.33166 ], [ -157.96203, 21.33167 ], [ -157.9621, 21.33167 ], [ -157.96217, 21.33168 ], [ -157.96224, 21.33168 ], [ -157.96231, 21.33168 ], [ -157.96239, 21.33167 ], [ -157.9625, 21.33167 ], [ -157.96253, 21.33166 ], [ -157.96273, 21.33165 ], [ -157.96282, 21.33164 ], [ -157.96287, 21.33164 ], [ -157.96292, 21.33165 ], [ -157.96296, 21.33165 ], [ -157.96299, 21.33166 ], [ -157.96306, 21.33168 ], [ -157.96312, 21.33171 ], [ -157.96317, 21.33173 ], [ -157.96325, 21.33178 ], [ -157.96345, 21.33189 ], [ -157.96351, 21.33193 ], [ -157.96356, 21.33196 ], [ -157.96359, 21.33199 ], [ -157.96362, 21.33202 ], [ -157.96365, 21.33206 ], [ -157.96373, 21.33216 ], [ -157.96375, 21.33219 ], [ -157.96378, 21.33221 ], [ -157.9638, 21.33223 ], [ -157.96383, 21.33224 ], [ -157.96385, 21.33225 ], [ -157.96388, 21.33225 ], [ -157.9639, 21.33225 ], [ -157.96391, 21.33224 ], [ -157.96395, 21.33222 ], [ -157.96399, 21.3322 ], [ -157.96407, 21.33214 ], [ -157.9641, 21.33212 ], [ -157.96413, 21.3321 ], [ -157.96415, 21.33207 ], [ -157.96418, 21.33204 ], [ -157.96423, 21.33198 ], [ -157.96432, 21.33186 ], [ -157.96436, 21.33181 ], [ -157.9644, 21.33176 ], [ -157.96444, 21.33172 ], [ -157.9645, 21.33168 ], [ -157.96456, 21.33163 ], [ -157.96464, 21.33158 ], [ -157.9648, 21.33148 ], [ -157.96486, 21.33144 ], [ -157.96493, 21.33139 ], [ -157.96499, 21.33134 ], [ -157.9651, 21.33124 ], [ -157.96521, 21.33114 ], [ -157.96533, 21.33105 ], [ -157.96545, 21.33096 ], [ -157.96557, 21.33088 ], [ -157.96565, 21.33082 ], [ -157.9657, 21.33079 ], [ -157.96585, 21.33071 ], [ -157.9659, 21.33068 ], [ -157.96595, 21.33066 ], [ -157.966, 21.33064 ], [ -157.96604, 21.33063 ], [ -157.96609, 21.33062 ], [ -157.96613, 21.33062 ], [ -157.96617, 21.33062 ], [ -157.96621, 21.33063 ], [ -157.96633, 21.33065 ], [ -157.96632, 21.33063 ], [ -157.96631, 21.33061 ], [ -157.96629, 21.33058 ], [ -157.96626, 21.33055 ], [ -157.9662, 21.33048 ], [ -157.96607, 21.33033 ], [ -157.96604, 21.3303 ], [ -157.96601, 21.33026 ], [ -157.96597, 21.33023 ], [ -157.96593, 21.3302 ], [ -157.96584, 21.33014 ], [ -157.96581, 21.33011 ], [ -157.96567, 21.33 ], [ -157.96563, 21.32997 ], [ -157.9656, 21.32994 ], [ -157.96556, 21.32989 ], [ -157.96546, 21.32977 ], [ -157.96539, 21.32969 ], [ -157.96534, 21.32963 ], [ -157.96531, 21.32961 ], [ -157.96524, 21.32955 ], [ -157.96521, 21.32951 ], [ -157.96519, 21.32949 ], [ -157.96514, 21.32942 ], [ -157.96512, 21.3294 ], [ -157.96509, 21.32935 ], [ -157.96506, 21.32932 ], [ -157.96503, 21.3293 ], [ -157.96501, 21.32928 ], [ -157.96499, 21.32927 ], [ -157.96496, 21.32925 ], [ -157.96486, 21.32921 ], [ -157.96476, 21.32917 ], [ -157.96472, 21.32915 ], [ -157.96466, 21.32912 ], [ -157.96462, 21.32909 ], [ -157.9646, 21.32907 ], [ -157.96459, 21.32905 ], [ -157.96453, 21.32898 ], [ -157.96451, 21.32895 ], [ -157.96446, 21.32891 ], [ -157.96437, 21.32882 ], [ -157.96433, 21.32878 ], [ -157.96429, 21.32873 ], [ -157.96419, 21.32861 ], [ -157.96417, 21.32858 ], [ -157.96409, 21.3285 ], [ -157.96406, 21.32847 ], [ -157.96405, 21.32844 ], [ -157.96402, 21.32839 ], [ -157.964, 21.32833 ], [ -157.96398, 21.32826 ], [ -157.96397, 21.32819 ], [ -157.96397, 21.32816 ], [ -157.96397, 21.32808 ], [ -157.96397, 21.32806 ], [ -157.96396, 21.32793 ], [ -157.96396, 21.32793 ], [ -157.96395, 21.32785 ], [ -157.96395, 21.32782 ], [ -157.96394, 21.32779 ], [ -157.96393, 21.32774 ], [ -157.96392, 21.32771 ], [ -157.96393, 21.32767 ], [ -157.96394, 21.32763 ], [ -157.96396, 21.32759 ], [ -157.96398, 21.32755 ], [ -157.96376, 21.3276 ], [ -157.96356, 21.32766 ], [ -157.96341, 21.32774 ], [ -157.96326, 21.3278 ], [ -157.9632, 21.32781 ], [ -157.96303, 21.32783 ], [ -157.96284, 21.32772 ], [ -157.96259, 21.32745 ], [ -157.9625, 21.32736 ], [ -157.96239, 21.32725 ], [ -157.96216, 21.3271 ], [ -157.96187, 21.32689 ], [ -157.96148, 21.32673 ], [ -157.96109, 21.32662 ], [ -157.96078, 21.32658 ], [ -157.96049, 21.32667 ], [ -157.96014, 21.32668 ], [ -157.95976, 21.32669 ], [ -157.95938, 21.32671 ], [ -157.95901, 21.32674 ], [ -157.95863, 21.32678 ], [ -157.95826, 21.32682 ], [ -157.95791, 21.32687 ], [ -157.95789, 21.32688 ], [ -157.95782, 21.32691 ], [ -157.95775, 21.32696 ], [ -157.95768, 21.32701 ], [ -157.95762, 21.32706 ], [ -157.95761, 21.32708 ], [ -157.95766, 21.32726 ], [ -157.9577, 21.32751 ], [ -157.95772, 21.32756 ], [ -157.95778, 21.32764 ], [ -157.95784, 21.32773 ], [ -157.95791, 21.32781 ], [ -157.95799, 21.32788 ], [ -157.95807, 21.32795 ], [ -157.95815, 21.32801 ], [ -157.95824, 21.32807 ], [ -157.95833, 21.32812 ], [ -157.95843, 21.32816 ], [ -157.95853, 21.3282 ], [ -157.95864, 21.32823 ], [ -157.95874, 21.32825 ], [ -157.95885, 21.32827 ], [ -157.95896, 21.32828 ], [ -157.95906, 21.32828 ], [ -157.95915, 21.32828 ], [ -157.9599, 21.32829 ], [ -157.95998, 21.32826 ], [ -157.96009, 21.32822 ], [ -157.96021, 21.32819 ], [ -157.96032, 21.32816 ], [ -157.96044, 21.32814 ], [ -157.96056, 21.32813 ], [ -157.96068, 21.32813 ], [ -157.9608, 21.32813 ], [ -157.96092, 21.32814 ], [ -157.96093, 21.32815 ], [ -157.96095, 21.32814 ], [ -157.961, 21.32813 ], [ -157.96106, 21.32812 ], [ -157.96111, 21.32813 ], [ -157.96117, 21.32813 ], [ -157.96122, 21.32815 ], [ -157.96127, 21.32817 ], [ -157.96132, 21.3282 ], [ -157.96136, 21.32824 ], [ -157.96139, 21.32828 ], [ -157.96142, 21.32832 ], [ -157.96145, 21.32837 ], [ -157.96145, 21.32838 ], [ -157.96147, 21.32847 ], [ -157.96147, 21.32855 ], [ -157.96147, 21.32864 ], [ -157.96147, 21.32872 ], [ -157.96145, 21.32881 ], [ -157.96143, 21.32889 ], [ -157.9614, 21.32897 ], [ -157.96136, 21.32905 ], [ -157.96131, 21.32912 ], [ -157.96126, 21.32919 ], [ -157.9612, 21.32926 ], [ -157.96114, 21.32932 ], [ -157.96107, 21.32938 ], [ -157.961, 21.32943 ], [ -157.96098, 21.32944 ], [ -157.9608, 21.32969 ], [ -157.96064, 21.3299 ], [ -157.96053, 21.33008 ], [ -157.96034, 21.33022 ], [ -157.96003, 21.33022 ], [ -157.95972, 21.33024 ], [ -157.95923, 21.3303 ], [ -157.95903, 21.33049 ], [ -157.95878, 21.33068 ], [ -157.95838, 21.33099 ], [ -157.95812, 21.33148 ], [ -157.95791, 21.33178 ], [ -157.95778, 21.33206 ] ] ] } },
{ "type": "Feature", "properties": { "fld_zone": "AO", "depth": 1 }, "bbox": [ -157.78607, 21.2629, -157.78106, 21.27011 ], "geometry": { "type": "Polygon", "coordinates": [ [ [ -157.78558, 21.26706 ], [ -157.78555, 21.26699 ], [ -157.78549, 21.26693 ], [ -157.78544, 21.26688 ], [ -157.7854, 21.26685 ], [ -157.78536, 21.2668 ], [ -157.78533, 21.26673 ], [ -157.78532, 21.26667 ], [ -157.78539, 21.26654 ], [ -157.78564, 21.26634 ], [ -157.78607, 21.26603 ], [ -157.78594, 21.26588 ], [ -157.78593, 21.26583 ], [ -157.78591, 21.26582 ], [ -157.78589, 21.26575 ], [ -157.78582, 21.26565 ], [ -157.7857, 21.26552 ], [ -157.78566, 21.26548 ], [ -157.78561, 21.26544 ], [ -157.78557, 21.26539 ], [ -157.78554, 21.26534 ], [ -157.78549, 21.26528 ], [ -157.78546, 21.26523 ], [ -157.78541, 21.26514 ], [ -157.78537, 21.26504 ], [ -157.78533, 21.26496 ], [ -157.78531, 21.26493 ], [ -157.7853, 21.26491 ], [ -157.78527, 21.26486 ], [ -157.78524, 21.26482 ], [ -157.7852, 21.26474 ], [ -157.78516, 21.26464 ], [ -157.78512, 21.26458 ], [ -157.7851, 21.26452 ], [ -157.785, 21.26433 ], [ -157.78495, 21.26427 ], [ -157.78491, 21.26422 ], [ -157.78485, 21.26416 ], [ -157.78481, 21.2641 ], [ -157.78476, 21.26406 ], [ -157.78471, 21.26402 ], [ -157.78467, 21.26397 ], [ -157.7846, 21.26392 ], [ -157.78454, 21.26388 ], [ -157.78449, 21.26383 ], [ -157.78441, 21.26376 ], [ -157.78435, 21.26371 ], [ -157.78429, 21.26365 ], [ -157.78424, 21.26361 ], [ -157.78423, 21.2636 ], [ -157.78418, 21.26355 ], [ -157.78413, 21.26351 ], [ -157.78406, 21.26345 ], [ -157.78402, 21.26341 ], [ -157.78399, 21.26337 ], [ -157.78394, 21.2633 ], [ -157.78389, 21.26325 ], [ -157.78385, 21.26319 ], [ -157.78382, 21.26311 ], [ -157.78382, 21.26305 ], [ -157.78382, 21.263 ], [ -157.78383, 21.26295 ], [ -157.78385, 21.2629 ], [ -157.78375, 21.263 ], [ -157.78341, 21.26319 ], [ -157.78316, 21.26338 ], [ -157.78286, 21.26351 ], [ -157.78273, 21.26364 ], [ -157.78266, 21.26371 ], [ -157.78269, 21.26376 ], [ -157.78272, 21.2638 ], [ -157.78274, 21.26383 ], [ -157.78288, 21.26407 ], [ -157.78297, 21.26422 ], [ -157.7831, 21.26444 ], [ -157.78308, 21.26457 ], [ -157.78298, 21.26463 ], [ -157.78286, 21.26461 ], [ -157.78275, 21.26463 ], [ -157.7826, 21.26468 ], [ -157.78238, 21.26481 ], [ -157.78218, 21.26491 ], [ -157.78212, 21.26502 ], [ -157.78215, 21.26516 ], [ -157.78217, 21.26536 ], [ -157.78203, 21.26559 ], [ -157.7818, 21.2658 ], [ -157.7816, 21.26613 ], [ -157.78136, 21.2664 ], [ -157.78125, 21.26645 ], [ -157.78116, 21.26652 ], [ -157.78111, 21.26657 ], [ -157.7812, 21.26675 ], [ -157.78129, 21.26686 ], [ -157.78137, 21.26693 ], [ -157.78139, 21.26699 ], [ -157.78136, 21.2671 ], [ -157.78109, 21.26745 ], [ -157.78106, 21.26758 ], [ -157.78109, 21.26764 ], [ -157.78124, 21.26775 ], [ -157.7814, 21.26787 ], [ -157.78144, 21.26792 ], [ -157.78152, 21.26807 ], [ -157.78158, 21.26821 ], [ -157.78157, 21.26832 ], [ -157.78146, 21.26841 ], [ -157.78127, 21.26844 ], [ -157.78118, 21.26845 ], [ -157.7812, 21.26848 ], [ -157.78127, 21.26855 ], [ -157.78136, 21.26868 ], [ -157.78145, 21.2688 ], [ -157.78156, 21.2689 ], [ -157.78165, 21.26899 ], [ -157.78174, 21.26908 ], [ -157.78182, 21.26916 ], [ -157.7819, 21.26922 ], [ -157.78203, 21.26933 ], [ -157.78215, 21.26942 ], [ -157.78231, 21.26954 ], [ -157.78242, 21.26963 ], [ -157.78253, 21.26973 ], [ -157.78267, 21.26982 ], [ -157.78282, 21.2699 ], [ -157.78302, 21.26999 ], [ -157.78319, 21.27006 ], [ -157.7833, 21.27008 ], [ -157.78333, 21.2701 ], [ -157.78335, 21.27011 ], [ -157.78347, 21.2699 ], [ -157.78356, 21.26976 ], [ -157.78362, 21.26964 ], [ -157.78371, 21.26949 ], [ -157.78377, 21.26941 ], [ -157.78378, 21.26939 ], [ -157.78387, 21.2693 ], [ -157.78395, 21.26918 ], [ -157.78405, 21.26909 ], [ -157.78409, 21.26899 ], [ -157.78416, 21.26886 ], [ -157.78421, 21.26879 ], [ -157.78423, 21.26877 ], [ -157.78427, 21.26873 ], [ -157.78431, 21.26867 ], [ -157.78438, 21.26859 ], [ -157.78442, 21.26855 ], [ -157.78452, 21.26844 ], [ -157.78457, 21.26837 ], [ -157.78464, 21.26831 ], [ -157.78469, 21.26826 ], [ -157.78472, 21.26821 ], [ -157.78477, 21.26814 ], [ -157.78482, 21.26808 ], [ -157.78486, 21.26803 ], [ -157.7849, 21.26798 ], [ -157.78495, 21.26792 ], [ -157.78502, 21.26785 ], [ -157.78508, 21.26775 ], [ -157.78513, 21.26769 ], [ -157.78516, 21.26765 ], [ -157.7852, 21.26761 ], [ -157.78523, 21.26758 ], [ -157.78527, 21.26753 ], [ -157.78531, 21.26749 ], [ -157.78539, 21.26742 ], [ -157.78549, 21.26729 ], [ -157.78553, 21.26723 ], [ -157.78555, 21.26719 ], [ -157.78557, 21.26713 ], [ -157.78558, 21.26706 ] ] ] } },
{ "type": "Feature", "properties": { "fld_zone": "AO", "depth": 2 }, "bbox": [ -157.78636, 21.26845, -157.7796, 21.2734 ], "geometry": { "type": "Polygon", "coordinates": [ [ [ -157.78171, 21.27178 ], [ -157.78172, 21.27181 ], [ -157.78173, 21.27187 ], [ -157.78173, 21.27189 ], [ -157.78176, 21.27192 ], [ -157.78177, 21.27193 ], [ -157.7818, 21.27193 ], [ -157.78183, 21.27193 ], [ -157.78185, 21.27192 ], [ -157.78189, 21.27191 ], [ -157.78193, 21.27191 ], [ -157.78203, 21.27187 ], [ -157.78214, 21.27182 ], [ -157.78217, 21.27181 ], [ -157.78222, 21.2718 ], [ -157.78229, 21.27178 ], [ -157.78234, 21.27178 ], [ -157.78241, 21.2718 ], [ -157.78251, 21.27186 ], [ -157.78258, 21.27192 ], [ -157.78261, 21.27194 ], [ -157.78266, 21.27198 ], [ -157.78273, 21.27203 ], [ -157.7828, 21.2721 ], [ -157.78283, 21.27216 ], [ -157.78289, 21.27223 ], [ -157.78297, 21.27228 ], [ -157.78304, 21.27234 ], [ -157.78307, 21.27238 ], [ -157.78323, 21.27248 ], [ -157.78329, 21.27251 ], [ -157.78335, 21.27253 ], [ -157.7834, 21.27256 ], [ -157.78346, 21.27258 ], [ -157.78352, 21.27261 ], [ -157.78358, 21.27263 ], [ -157.78364, 21.27265 ], [ -157.7837, 21.27267 ], [ -157.78376, 21.27269 ], [ -157.78383, 21.27271 ], [ -157.78389, 21.27272 ], [ -157.78395, 21.27274 ], [ -157.78401, 21.27275 ], [ -157.78407, 21.27277 ], [ -157.78414, 21.27278 ], [ -157.78425, 21.2728 ], [ -157.78441, 21.27282 ], [ -157.7846, 21.27287 ], [ -157.78473, 21.27288 ], [ -157.78482, 21.27291 ], [ -157.78484, 21.27292 ], [ -157.78487, 21.27293 ], [ -157.78489, 21.27294 ], [ -157.78491, 21.27295 ], [ -157.78492, 21.27296 ], [ -157.78493, 21.27297 ], [ -157.78496, 21.27298 ], [ -157.78498, 21.27299 ], [ -157.785, 21.27301 ], [ -157.78502, 21.27302 ], [ -157.78504, 21.27304 ], [ -157.78506, 21.27305 ], [ -157.78509, 21.27307 ], [ -157.78511, 21.27308 ], [ -157.78513, 21.2731 ], [ -157.78514, 21.27311 ], [ -157.78515, 21.27312 ], [ -157.78517, 21.27313 ], [ -157.78518, 21.27315 ], [ -157.7852, 21.27317 ], [ -157.78521, 21.27317 ], [ -157.78522, 21.27318 ], [ -157.78527, 21.27322 ], [ -157.78529, 21.27324 ], [ -157.78529, 21.27324 ], [ -157.78531, 21.27326 ], [ -157.78534, 21.2733 ], [ -157.78537, 21.27335 ], [ -157.78539, 21.2734 ], [ -157.78559, 21.27302 ], [ -157.78569, 21.2728 ], [ -157.78581, 21.27261 ], [ -157.78584, 21.27255 ], [ -157.78588, 21.27251 ], [ -157.78591, 21.27247 ], [ -157.78595, 21.2724 ], [ -157.78598, 21.27235 ], [ -157.78601, 21.2723 ], [ -157.78607, 21.2722 ], [ -157.78611, 21.27214 ], [ -157.78626, 21.27193 ], [ -157.78631, 21.27188 ], [ -157.78634, 21.27182 ], [ -157.78636, 21.2718 ], [ -157.78623, 21.27166 ], [ -157.78615, 21.27158 ], [ -157.78603, 21.27149 ], [ -157.78585, 21.27143 ], [ -157.7857, 21.27137 ], [ -157.7856, 21.27134 ], [ -157.78552, 21.27132 ], [ -157.78541, 21.27128 ], [ -157.78509, 21.2711 ], [ -157.78491, 21.27103 ], [ -157.78483, 21.27097 ], [ -157.78467, 21.27091 ], [ -157.78452, 21.2708 ], [ -157.78439, 21.27071 ], [ -157.78427, 21.27062 ], [ -157.78415, 21.27056 ], [ -157.78397, 21.27048 ], [ -157.78374, 21.27035 ], [ -157.7836, 21.27027 ], [ -157.78347, 21.27019 ], [ -157.78336, 21.27012 ], [ -157.78335, 21.27011 ], [ -157.78333, 21.2701 ], [ -157.7833, 21.27008 ], [ -157.78319, 21.27006 ], [ -157.78302, 21.26999 ], [ -157.78282, 21.2699 ], [ -157.78267, 21.26982 ], [ -157.78253, 21.26973 ], [ -157.78242, 21.26963 ], [ -157.78231, 21.26954 ], [ -157.78215, 21.26942 ], [ -157.78203, 21.26933 ], [ -157.7819, 21.26922 ], [ -157.78182, 21.26916 ], [ -157.78174, 21.26908 ], [ -157.78165, 21.26899 ], [ -157.78156, 21.2689 ], [ -157.78145, 21.2688 ], [ -157.78136, 21.26868 ], [ -157.78127, 21.26855 ], [ -157.7812, 21.26848 ], [ -157.78118, 21.26845 ], [ -157.78113, 21.26845 ], [ -157.78105, 21.2685 ], [ -157.78064, 21.26914 ], [ -157.78017, 21.2698 ], [ -157.77987, 21.27011 ], [ -157.77973, 21.27038 ], [ -157.77961, 21.2706 ], [ -157.7796, 21.27063 ], [ -157.77962, 21.27074 ], [ -157.77972, 21.27096 ], [ -157.77995, 21.27126 ], [ -157.78004, 21.2715 ], [ -157.78012, 21.27153 ], [ -157.78028, 21.27156 ], [ -157.7803, 21.27156 ], [ -157.78038, 21.27159 ], [ -157.78061, 21.27162 ], [ -157.78072, 21.27163 ], [ -157.78081, 21.27162 ], [ -157.78088, 21.27161 ], [ -157.78101, 21.2716 ], [ -157.78107, 21.2716 ], [ -157.78115, 21.2716 ], [ -157.78131, 21.27162 ], [ -157.78144, 21.27159 ], [ -157.78154, 21.27159 ], [ -157.78162, 21.27161 ], [ -157.78167, 21.27164 ], [ -157.78168, 21.27168 ], [ -157.78171, 21.27172 ], [ -157.78171, 21.27178 ] ] ] } },
{ "type": "Feature", "properties": { "fld_zone": "AO", "depth": 2 }, "bbox": [ -157.83724, 21.28331, -157.824, 21.29751 ], "geometry": { "type": "Polygon", "coordinates": [ [ [ -157.8278, 21.29045 ], [ -157.8278, 21.29045 ], [ -157.8278, 21.29045 ], [ -157.82779, 21.29046 ], [ -157.82779, 21.29046 ], [ -157.82779, 21.29046 ], [ -157.82779, 21.29046 ], [ -157.82779, 21.29046 ], [ -157.82779, 21.29047 ], [ -157.82779, 21.29047 ], [ -157.82778, 21.29047 ], [ -157.82778, 21.29047 ], [ -157.82778, 21.29047 ], [ -157.82778, 21.29048 ], [ -157.82778, 21.29048 ], [ -157.82778, 21.29048 ], [ -157.82778, 21.29048 ], [ -157.82778, 21.29048 ], [ -157.82778, 21.29049 ], [ -157.82778, 21.29049 ], [ -157.82777, 21.29049 ], [ -157.82777, 21.29049 ], [ -157.82777, 21.29049 ], [ -157.82777, 21.29049 ], [ -157.82777, 21.2905 ], [ -157.82777, 21.2905 ], [ -157.82777, 21.2905 ], [ -157.82777, 21.2905 ], [ -157.82777, 21.2905 ], [ -157.82777, 21.2905 ], [ -157.82776, 21.29051 ], [ -157.82776, 21.29051 ], [ -157.82776, 21.29051 ], [ -157.82776, 21.29052 ], [ -157.82776, 21.29052 ], [ -157.82776, 21.29052 ], [ -157.82776, 21.29052 ], [ -157.82776, 21.29053 ], [ -157.82776, 21.29053 ], [ -157.82776, 21.29053 ], [ -157.82776, 21.29053 ], [ -157.82776, 21.29053 ], [ -157.82775, 21.29053 ], [ -157.82775, 21.29054 ], [ -157.82775, 21.29054 ], [ -157.82775, 21.29054 ], [ -157.82775, 21.29055 ], [ -157.82775, 21.29055 ], [ -157.82775, 21.29055 ], [ -157.82775, 21.29055 ], [ -157.82775, 21.29056 ], [ -157.82775, 21.29056 ], [ -157.82775, 21.29056 ], [ -157.82775, 21.29056 ], [ -157.82775, 21.29056 ], [ -157.82775, 21.29056 ], [ -157.82775, 21.29057 ], [ -157.82774, 21.29057 ], [ -157.82774, 21.29057 ], [ -157.82774, 21.29057 ], [ -157.82774, 21.29057 ], [ -157.82774, 21.29057 ], [ -157.82774, 21.29058 ], [ -157.82774, 21.29058 ], [ -157.82774, 21.29058 ], [ -157.82774, 21.29058 ], [ -157.82774, 21.29058 ], [ -157.82774, 21.29059 ], [ -157.82774, 21.29059 ], [ -157.82774, 21.29059 ], [ -157.82774, 21.29059 ], [ -157.82774, 21.29059 ], [ -157.82774, 21.2906 ], [ -157.82774, 21.2906 ], [ -157.82774, 21.2906 ], [ -157.82774, 21.2906 ], [ -157.82774, 21.2906 ], [ -157.82774, 21.2906 ], [ -157.82774, 21.29061 ], [ -157.82774, 21.29061 ], [ -157.82774, 21.29061 ], [ -157.82774, 21.29062 ], [ -157.82774, 21.29062 ], [ -157.82774, 21.29062 ], [ -157.82774, 21.29062 ], [ -157.82774, 21.29062 ], [ -157.82774, 21.29063 ], [ -157.82774, 21.29063 ], [ -157.82774, 21.29063 ], [ -157.82774, 21.29064 ], [ -157.82774, 21.29064 ], [ -157.82774, 21.29064 ], [ -157.82774, 21.29065 ], [ -157.82777, 21.29075 ], [ -157.82775, 21.29087 ], [ -157.82776, 21.29094 ], [ -157.82778, 21.29104 ], [ -157.8278, 21.29121 ], [ -157.82782, 21.2913 ], [ -157.82785, 21.2914 ], [ -157.82788, 21.29149 ], [ -157.82789, 21.29152 ], [ -157.82789, 21.29155 ], [ -157.8279, 21.29157 ], [ -157.8279, 21.2916 ], [ -157.82791, 21.29162 ], [ -157.82791, 21.29165 ], [ -157.82792, 21.29167 ], [ -157.82793, 21.2917 ], [ -157.82793, 21.29172 ], [ -157.82794, 21.29175 ], [ -157.82795, 21.29177 ], [ -157.82796, 21.2918 ], [ -157.82797, 21.29182 ], [ -157.82798, 21.29185 ], [ -157.82799, 21.29187 ], [ -157.828, 21.29189 ], [ -157.82801, 21.29192 ], [ -157.82804, 21.29199 ], [ -157.82807, 21.29206 ], [ -157.82811, 21.29217 ], [ -157.82813, 21.2922 ], [ -157.82813, 21.29228 ], [ -157.82817, 21.29236 ], [ -157.82816, 21.29238 ], [ -157.82816, 21.29239 ], [ -157.82816, 21.2924 ], [ -157.82816, 21.29241 ], [ -157.82816, 21.29242 ], [ -157.82816, 21.29243 ], [ -157.82816, 21.29244 ], [ -157.82816, 21.29245 ], [ -157.82816, 21.29246 ], [ -157.82816, 21.29248 ], [ -157.82817, 21.29249 ], [ -157.82817, 21.2925 ], [ -157.82817, 21.29251 ], [ -157.82817, 21.29252 ], [ -157.82817, 21.29253 ], [ -157.82817, 21.29254 ], [ -157.82818, 21.29255 ], [ -157.82818, 21.29256 ], [ -157.82818, 21.29257 ], [ -157.82818, 21.29258 ], [ -157.82819, 21.29259 ], [ -157.82819, 21.29261 ], [ -157.82819, 21.29262 ], [ -157.8282, 21.29263 ], [ -157.8282, 21.29264 ], [ -157.8282, 21.29265 ], [ -157.82821, 21.29266 ], [ -157.82822, 21.2927 ], [ -157.82823, 21.29271 ], [ -157.82823, 21.29272 ], [ -157.82824, 21.29273 ], [ -157.82824, 21.29273 ], [ -157.82824, 21.29274 ], [ -157.82825, 21.29274 ], [ -157.82825, 21.29275 ], [ -157.82825, 21.29276 ], [ -157.82826, 21.29276 ], [ -157.82826, 21.29277 ], [ -157.82827, 21.29277 ], [ -157.82827, 21.29278 ], [ -157.82827, 21.29278 ], [ -157.82828, 21.29279 ], [ -157.82828, 21.29279 ], [ -157.82829, 21.2928 ], [ -157.82829, 21.29281 ], [ -157.8283, 21.29281 ], [ -157.8283, 21.29282 ], [ -157.82831, 21.29282 ], [ -157.82831, 21.29283 ], [ -157.82832, 21.29283 ], [ -157.82832, 21.29284 ], [ -157.82833, 21.29284 ], [ -157.82833, 21.29284 ], [ -157.82834, 21.29285 ], [ -157.82834, 21.29285 ], [ -157.82835, 21.29286 ], [ -157.82835, 21.29286 ], [ -157.82836, 21.29287 ], [ -157.82837, 21.29287 ], [ -157.82838, 21.29288 ], [ -157.82838, 21.29288 ], [ -157.82839, 21.29289 ], [ -157.8284, 21.29289 ], [ -157.8284, 21.29289 ], [ -157.82841, 21.2929 ], [ -157.82842, 21.2929 ], [ -157.82843, 21.29291 ], [ -157.82843, 21.29291 ], [ -157.82844, 21.29291 ], [ -157.82845, 21.29291 ], [ -157.82845, 21.29292 ], [ -157.82846, 21.29292 ], [ -157.82847, 21.29292 ], [ -157.82847, 21.29292 ], [ -157.82848, 21.29293 ], [ -157.82849, 21.29293 ], [ -157.82849, 21.29293 ], [ -157.8285, 21.29293 ], [ -157.82851, 21.29293 ], [ -157.82852, 21.29294 ], [ -157.82852, 21.29294 ], [ -157.82853, 21.29294 ], [ -157.82854, 21.29294 ], [ -157.82854, 21.29294 ], [ -157.82855, 21.29294 ], [ -157.82856, 21.29294 ], [ -157.82856, 21.29294 ], [ -157.82857, 21.29294 ], [ -157.8288, 21.29295 ], [ -157.82888, 21.29295 ], [ -157.82889, 21.29296 ], [ -157.82891, 21.29296 ], [ -157.82892, 21.29296 ], [ -157.82893, 21.29296 ], [ -157.82894, 21.29296 ], [ -157.82895, 21.29296 ], [ -157.82896, 21.29297 ], [ -157.82897, 21.29297 ], [ -157.82898, 21.29297 ], [ -157.82899, 21.29297 ], [ -157.829, 21.29297 ], [ -157.82901, 21.29297 ], [ -157.82903, 21.29297 ], [ -157.82904, 21.29297 ], [ -157.82905, 21.29297 ], [ -157.82906, 21.29297 ], [ -157.82907, 21.29296 ], [ -157.82908, 21.29296 ], [ -157.82909, 21.29296 ], [ -157.8291, 21.29296 ], [ -157.82911, 21.29296 ], [ -157.82912, 21.29296 ], [ -157.82913, 21.29296 ], [ -157.82914, 21.29295 ], [ -157.82916, 21.29295 ], [ -157.82917, 21.29295 ], [ -157.82918, 21.29295 ], [ -157.82919, 21.29294 ], [ -157.8292, 21.29294 ], [ -157.82921, 21.29294 ], [ -157.82922, 21.29293 ], [ -157.82923, 21.29293 ], [ -157.82924, 21.29293 ], [ -157.82925, 21.29292 ], [ -157.82926, 21.29292 ], [ -157.82927, 21.29292 ], [ -157.82935, 21.29291 ], [ -157.82944, 21.2929 ], [ -157.82953, 21.2929 ], [ -157.82955, 21.2929 ], [ -157.82956, 21.2929 ], [ -157.82957, 21.2929 ], [ -157.82958, 21.2929 ], [ -157.82959, 21.2929 ], [ -157.82961, 21.2929 ], [ -157.82962, 21.2929 ], [ -157.82963, 21.2929 ], [ -157.82964, 21.2929 ], [ -157.82965, 21.2929 ], [ -157.82966, 21.29291 ], [ -157.82968, 21.29291 ], [ -157.82969, 21.29291 ], [ -157.8297, 21.29291 ], [ -157.82971, 21.29291 ], [ -157.82972, 21.29291 ], [ -157.82974, 21.29292 ], [ -157.82975, 21.29292 ], [ -157.82976, 21.29292 ], [ -157.82977, 21.29292 ], [ -157.82978, 21.29293 ], [ -157.82979, 21.29293 ], [ -157.8298, 21.29293 ], [ -157.82982, 21.29294 ], [ -157.82983, 21.29294 ], [ -157.82984, 21.29295 ], [ -157.82985, 21.29295 ], [ -157.82986, 21.29295 ], [ -157.82987, 21.29296 ], [ -157.82988, 21.29296 ], [ -157.82989, 21.29297 ], [ -157.8299, 21.29297 ], [ -157.82991, 21.29298 ], [ -157.82992, 21.29298 ], [ -157.82993, 21.29299 ], [ -157.82994, 21.293 ], [ -157.82995, 21.293 ], [ -157.82996, 21.29301 ], [ -157.82997, 21.29301 ], [ -157.82998, 21.29302 ], [ -157.82999, 21.29303 ], [ -157.83004, 21.29305 ], [ -157.83004, 21.29305 ], [ -157.83005, 21.29305 ], [ -157.83005, 21.29305 ], [ -157.83005, 21.29305 ], [ -157.83005, 21.29305 ], [ -157.83005, 21.29306 ], [ -157.83006, 21.29306 ], [ -157.83006, 21.29306 ], [ -157.83006, 21.29306 ], [ -157.83007, 21.29306 ], [ -157.83007, 21.29306 ], [ -157.83007, 21.29307 ], [ -157.83008, 21.29307 ], [ -157.83008, 21.29307 ], [ -157.83008, 21.29307 ], [ -157.83008, 21.29307 ], [ -157.83008, 21.29307 ], [ -157.83008, 21.29307 ], [ -157.83009, 21.29307 ], [ -157.83009, 21.29307 ], [ -157.83009, 21.29307 ], [ -157.8301, 21.29308 ], [ -157.8301, 21.29308 ], [ -157.8301, 21.29308 ], [ -157.8301, 21.29308 ], [ -157.8301, 21.29308 ], [ -157.83011, 21.29308 ], [ -157.83011, 21.29308 ], [ -157.83011, 21.29308 ], [ -157.83011, 21.29309 ], [ -157.83011, 21.29309 ], [ -157.83012, 21.29309 ], [ -157.83012, 21.29309 ], [ -157.83012, 21.29309 ], [ -157.83012, 21.29309 ], [ -157.83012, 21.29309 ], [ -157.83013, 21.2931 ], [ -157.83013, 21.2931 ], [ -157.83013, 21.2931 ], [ -157.83014, 21.2931 ], [ -157.83014, 21.2931 ], [ -157.83014, 21.29311 ], [ -157.83014, 21.29311 ], [ -157.83015, 21.29311 ], [ -157.83015, 21.29311 ], [ -157.83015, 21.29311 ], [ -157.83015, 21.29311 ], [ -157.83015, 21.29311 ], [ -157.83015, 21.29311 ], [ -157.83015, 21.29312 ], [ -157.83015, 21.29312 ], [ -157.83015, 21.29312 ], [ -157.83016, 21.29312 ], [ -157.83016, 21.29312 ], [ -157.83016, 21.29312 ], [ -157.83016, 21.29312 ], [ -157.83016, 21.29312 ], [ -157.83017, 21.29313 ], [ -157.83017, 21.29313 ], [ -157.83017, 21.29313 ], [ -157.83018, 21.29314 ], [ -157.83018, 21.29314 ], [ -157.83018, 21.29314 ], [ -157.83018, 21.29314 ], [ -157.83019, 21.29314 ], [ -157.83019, 21.29314 ], [ -157.83019, 21.29315 ], [ -157.83019, 21.29315 ], [ -157.83019, 21.29315 ], [ -157.83019, 21.29315 ], [ -157.83019, 21.29315 ], [ -157.8302, 21.29316 ], [ -157.8302, 21.29316 ], [ -157.8302, 21.29316 ], [ -157.8302, 21.29316 ], [ -157.8302, 21.29316 ], [ -157.8302, 21.29316 ], [ -157.83021, 21.29316 ], [ -157.83021, 21.29317 ], [ -157.83021, 21.29317 ], [ -157.83021, 21.29317 ], [ -157.83021, 21.29317 ], [ -157.83021, 21.29317 ], [ -157.83021, 21.29317 ], [ -157.83021, 21.29317 ], [ -157.83021, 21.29317 ], [ -157.83021, 21.29318 ], [ -157.83022, 21.29318 ], [ -157.83022, 21.29318 ], [ -157.83022, 21.29318 ], [ -157.83022, 21.29318 ], [ -157.83022, 21.29318 ], [ -157.83023, 21.29319 ], [ -157.83023, 21.29319 ], [ -157.83023, 21.29319 ], [ -157.83023, 21.29319 ], [ -157.83023, 21.29319 ], [ -157.83023, 21.2932 ], [ -157.83023, 21.2932 ], [ -157.83024, 21.2932 ], [ -157.83024, 21.2932 ], [ -157.83027, 21.29326 ], [ -157.83031, 21.29331 ], [ -157.83035, 21.29336 ], [ -157.83041, 21.29342 ], [ -157.83047, 21.2935 ], [ -157.83047, 21.2935 ], [ -157.83047, 21.2935 ], [ -157.83047, 21.29351 ], [ -157.83047, 21.29351 ], [ -157.83047, 21.29351 ], [ -157.83047, 21.29351 ], [ -157.83047, 21.29351 ], [ -157.83048, 21.29352 ], [ -157.83048, 21.29352 ], [ -157.83048, 21.29352 ], [ -157.83048, 21.29352 ], [ -157.83048, 21.29352 ], [ -157.83048, 21.29352 ], [ -157.83048, 21.29352 ], [ -157.83049, 21.29353 ], [ -157.83049, 21.29353 ], [ -157.83049, 21.29353 ], [ -157.83049, 21.29353 ], [ -157.83049, 21.29353 ], [ -157.83049, 21.29353 ], [ -157.83049, 21.29354 ], [ -157.8305, 21.29354 ], [ -157.8305, 21.29354 ], [ -157.8305, 21.29354 ], [ -157.8305, 21.29355 ], [ -157.8305, 21.29355 ], [ -157.83051, 21.29355 ], [ -157.83051, 21.29355 ], [ -157.83051, 21.29355 ], [ -157.83051, 21.29355 ], [ -157.83051, 21.29356 ], [ -157.83052, 21.29356 ], [ -157.83052, 21.29356 ], [ -157.83052, 21.29356 ], [ -157.83053, 21.29356 ], [ -157.83053, 21.29357 ], [ -157.83053, 21.29357 ], [ -157.83054, 21.29357 ], [ -157.83054, 21.29357 ], [ -157.83054, 21.29357 ], [ -157.83054, 21.29358 ], [ -157.83054, 21.29358 ], [ -157.83055, 21.29358 ], [ -157.83055, 21.29358 ], [ -157.83055, 21.29358 ], [ -157.83055, 21.29358 ], [ -157.83055, 21.29358 ], [ -157.83055, 21.29358 ], [ -157.83056, 21.29358 ], [ -157.83056, 21.29359 ], [ -157.83056, 21.29359 ], [ -157.83056, 21.29359 ], [ -157.83057, 21.29359 ], [ -157.83057, 21.29359 ], [ -157.83057, 21.29359 ], [ -157.83058, 21.29359 ], [ -157.83058, 21.2936 ], [ -157.83058, 21.2936 ], [ -157.83059, 21.2936 ], [ -157.83059, 21.2936 ], [ -157.83059, 21.2936 ], [ -157.83059, 21.2936 ], [ -157.83059, 21.2936 ], [ -157.83059, 21.2936 ], [ -157.8306, 21.2936 ], [ -157.8306, 21.2936 ], [ -157.8306, 21.2936 ], [ -157.83061, 21.29361 ], [ -157.83061, 21.29361 ], [ -157.83062, 21.29361 ], [ -157.83062, 21.29361 ], [ -157.83063, 21.29361 ], [ -157.83064, 21.29361 ], [ -157.83064, 21.29361 ], [ -157.83064, 21.29361 ], [ -157.83065, 21.29361 ], [ -157.83065, 21.29361 ], [ -157.83065, 21.29361 ], [ -157.83065, 21.29361 ], [ -157.83066, 21.29361 ], [ -157.83066, 21.29361 ], [ -157.83066, 21.29361 ], [ -157.83066, 21.29361 ], [ -157.83067, 21.29362 ], [ -157.83067, 21.29362 ], [ -157.8307, 21.29362 ], [ -157.83075, 21.29363 ], [ -157.83076, 21.29363 ], [ -157.83076, 21.29363 ], [ -157.83076, 21.29363 ], [ -157.83076, 21.29363 ], [ -157.83077, 21.29363 ], [ -157.83077, 21.29363 ], [ -157.83077, 21.29363 ], [ -157.83078, 21.29363 ], [ -157.83078, 21.29364 ], [ -157.83078, 21.29364 ], [ -157.83079, 21.29364 ], [ -157.83079, 21.29364 ], [ -157.83079, 21.29364 ], [ -157.83079, 21.29364 ], [ -157.8308, 21.29364 ], [ -157.8308, 21.29364 ], [ -157.8308, 21.29364 ], [ -157.8308, 21.29364 ], [ -157.83081, 21.29364 ], [ -157.83081, 21.29364 ], [ -157.83081, 21.29364 ], [ -157.83082, 21.29364 ], [ -157.83082, 21.29364 ], [ -157.83082, 21.29365 ], [ -157.83082, 21.29365 ], [ -157.83083, 21.29365 ], [ -157.83083, 21.29365 ], [ -157.83083, 21.29365 ], [ -157.83083, 21.29365 ], [ -157.83083, 21.29365 ], [ -157.83083, 21.29365 ], [ -157.83083, 21.29365 ], [ -157.83084, 21.29365 ], [ -157.83084, 21.29365 ], [ -157.83084, 21.29365 ], [ -157.83084, 21.29365 ], [ -157.83084, 21.29365 ], [ -157.83085, 21.29366 ], [ -157.83085, 21.29366 ], [ -157.83085, 21.29366 ], [ -157.83085, 21.29366 ], [ -157.83085, 21.29366 ], [ -157.83086, 21.29366 ], [ -157.83086, 21.29366 ], [ -157.83087, 21.29366 ], [ -157.83093, 21.29369 ], [ -157.83097, 21.29371 ], [ -157.83104, 21.29377 ], [ -157.8311, 21.29386 ], [ -157.83115, 21.29391 ], [ -157.83117, 21.29398 ], [ -157.83117, 21.29399 ], [ -157.83123, 21.29408 ], [ -157.83128, 21.29415 ], [ -157.83128, 21.29416 ], [ -157.83129, 21.29416 ], [ -157.8313, 21.29417 ], [ -157.8313, 21.29418 ], [ -157.83131, 21.29419 ], [ -157.83131, 21.29419 ], [ -157.83132, 21.2942 ], [ -157.83133, 21.29421 ], [ -157.83133, 21.29422 ], [ -157.83134, 21.29422 ], [ -157.83134, 21.29423 ], [ -157.83135, 21.29424 ], [ -157.83135, 21.29425 ], [ -157.83136, 21.29426 ], [ -157.83136, 21.29427 ], [ -157.83137, 21.29427 ], [ -157.83137, 21.29428 ], [ -157.83137, 21.29429 ], [ -157.83138, 21.2943 ], [ -157.83138, 21.29431 ], [ -157.83139, 21.29432 ], [ -157.83139, 21.29433 ], [ -157.83139, 21.29434 ], [ -157.8314, 21.29434 ], [ -157.8314, 21.29435 ], [ -157.8314, 21.29436 ], [ -157.8314, 21.29437 ], [ -157.83141, 21.29438 ], [ -157.83141, 21.29439 ], [ -157.83141, 21.2944 ], [ -157.83141, 21.29441 ], [ -157.83141, 21.29442 ], [ -157.83142, 21.29443 ], [ -157.83142, 21.29444 ], [ -157.83142, 21.29445 ], [ -157.83142, 21.29445 ], [ -157.83143, 21.29452 ], [ -157.83143, 21.29452 ], [ -157.83144, 21.29453 ], [ -157.83144, 21.29453 ], [ -157.83144, 21.29453 ], [ -157.83144, 21.29453 ], [ -157.83144, 21.29453 ], [ -157.83144, 21.29453 ], [ -157.83144, 21.29454 ], [ -157.83144, 21.29454 ], [ -157.83144, 21.29454 ], [ -157.83144, 21.29454 ], [ -157.83144, 21.29454 ], [ -157.83144, 21.29455 ], [ -157.83145, 21.29455 ], [ -157.83145, 21.29455 ], [ -157.83145, 21.29455 ], [ -157.83145, 21.29456 ], [ -157.83145, 21.29456 ], [ -157.83145, 21.29456 ], [ -157.83145, 21.29456 ], [ -157.83145, 21.29456 ], [ -157.83145, 21.29456 ], [ -157.83145, 21.29456 ], [ -157.83145, 21.29456 ], [ -157.83145, 21.29457 ], [ -157.83146, 21.29457 ], [ -157.83146, 21.29457 ], [ -157.83146, 21.29457 ], [ -157.83146, 21.29457 ], [ -157.83146, 21.29457 ], [ -157.83146, 21.29458 ], [ -157.83146, 21.29458 ], [ -157.83146, 21.29458 ], [ -157.83146, 21.29458 ], [ -157.83146, 21.29459 ], [ -157.83146, 21.29459 ], [ -157.83147, 21.29459 ], [ -157.83147, 21.29459 ], [ -157.83147, 21.29459 ], [ -157.83147, 21.29459 ], [ -157.83147, 21.2946 ], [ -157.83147, 21.2946 ], [ -157.83147, 21.2946 ], [ -157.83147, 21.2946 ], [ -157.83147, 21.2946 ], [ -157.83148, 21.29461 ], [ -157.83148, 21.29461 ], [ -157.83148, 21.29461 ], [ -157.83148, 21.29461 ], [ -157.83148, 21.29461 ], [ -157.83148, 21.29462 ], [ -157.83148, 21.29462 ], [ -157.83148, 21.29462 ], [ -157.83148, 21.29462 ], [ -157.83149, 21.29462 ], [ -157.83149, 21.29463 ], [ -157.83149, 21.29463 ], [ -157.83149, 21.29463 ], [ -157.83149, 21.29463 ], [ -157.83149, 21.29464 ], [ -157.83149, 21.29464 ], [ -157.8315, 21.29464 ], [ -157.8315, 21.29464 ], [ -157.8315, 21.29464 ], [ -157.8315, 21.29464 ], [ -157.8315, 21.29465 ], [ -157.8315, 21.29465 ], [ -157.8315, 21.29465 ], [ -157.8315, 21.29465 ], [ -157.8315, 21.29465 ], [ -157.83151, 21.29466 ], [ -157.83151, 21.29466 ], [ -157.83151, 21.29466 ], [ -157.83151, 21.29467 ], [ -157.83151, 21.29467 ], [ -157.83151, 21.29467 ], [ -157.83152, 21.29467 ], [ -157.83152, 21.29467 ], [ -157.83152, 21.29467 ], [ -157.83152, 21.29468 ], [ -157.83152, 21.29468 ], [ -157.83152, 21.29468 ], [ -157.83152, 21.29468 ], [ -157.83152, 21.29468 ], [ -157.83152, 21.29468 ], [ -157.83152, 21.29469 ], [ -157.83153, 21.29469 ], [ -157.83153, 21.29469 ], [ -157.83153, 21.29469 ], [ -157.83153, 21.2947 ], [ -157.83153, 21.2947 ], [ -157.83153, 21.2947 ], [ -157.83154, 21.2947 ], [ -157.83154, 21.2947 ], [ -157.83154, 21.29471 ], [ -157.83154, 21.29471 ], [ -157.83154, 21.29471 ], [ -157.83154, 21.29472 ], [ -157.83154, 21.29472 ], [ -157.83155, 21.29472 ], [ -157.83155, 21.29472 ], [ -157.83155, 21.29473 ], [ -157.83155, 21.29473 ], [ -157.83155, 21.29473 ], [ -157.83155, 21.29473 ], [ -157.83156, 21.29473 ], [ -157.83156, 21.29474 ], [ -157.83156, 21.29474 ], [ -157.83156, 21.29474 ], [ -157.83156, 21.29474 ], [ -157.83156, 21.29474 ], [ -157.83156, 21.29474 ], [ -157.83156, 21.29474 ], [ -157.83157, 21.29475 ], [ -157.83157, 21.29475 ], [ -157.83157, 21.29475 ], [ -157.83157, 21.29475 ], [ -157.83157, 21.29475 ], [ -157.83157, 21.29476 ], [ -157.83161, 21.29482 ], [ -157.83167, 21.29487 ], [ -157.83172, 21.29494 ], [ -157.83175, 21.29503 ], [ -157.83182, 21.29508 ], [ -157.83186, 21.29513 ], [ -157.83187, 21.29514 ], [ -157.83188, 21.29515 ], [ -157.8319, 21.29516 ], [ -157.83191, 21.29517 ], [ -157.83193, 21.29518 ], [ -157.83194, 21.2952 ], [ -157.83196, 21.29521 ], [ -157.83197, 21.29522 ], [ -157.83199, 21.29523 ], [ -157.832, 21.29524 ], [ -157.83202, 21.29525 ], [ -157.83204, 21.29526 ], [ -157.83205, 21.29526 ], [ -157.83207, 21.29527 ], [ -157.83208, 21.29528 ], [ -157.8321, 21.29529 ], [ -157.83212, 21.2953 ], [ -157.83213, 21.29531 ], [ -157.83215, 21.29531 ], [ -157.83217, 21.29532 ], [ -157.83219, 21.29533 ], [ -157.8322, 21.29533 ], [ -157.83222, 21.29534 ], [ -157.83224, 21.29535 ], [ -157.83226, 21.29535 ], [ -157.83227, 21.29536 ], [ -157.83229, 21.29536 ], [ -157.83231, 21.29537 ], [ -157.83233, 21.29537 ], [ -157.83235, 21.29538 ], [ -157.83237, 21.29538 ], [ -157.83238, 21.29538 ], [ -157.8324, 21.29539 ], [ -157.83242, 21.29539 ], [ -157.83244, 21.29539 ], [ -157.83246, 21.2954 ], [ -157.83248, 21.2954 ], [ -157.83262, 21.29542 ], [ -157.83283, 21.29543 ], [ -157.83293, 21.29543 ], [ -157.83295, 21.29544 ], [ -157.83303, 21.29546 ], [ -157.83311, 21.29547 ], [ -157.83318, 21.29549 ], [ -157.83325, 21.29552 ], [ -157.8333, 21.29554 ], [ -157.83337, 21.29557 ], [ -157.83344, 21.2956 ], [ -157.83349, 21.29563 ], [ -157.83356, 21.29567 ], [ -157.83365, 21.29571 ], [ -157.8337, 21.29573 ], [ -157.83376, 21.29576 ], [ -157.83384, 21.29581 ], [ -157.8339, 21.29584 ], [ -157.83398, 21.29586 ], [ -157.83405, 21.29588 ], [ -157.83413, 21.29593 ], [ -157.83422, 21.29594 ], [ -157.83428, 21.29595 ], [ -157.8343, 21.29596 ], [ -157.83435, 21.29596 ], [ -157.83436, 21.29596 ], [ -157.83456, 21.29603 ], [ -157.83472, 21.29606 ], [ -157.83476, 21.29607 ], [ -157.8348, 21.29607 ], [ -157.83505, 21.29612 ], [ -157.83517, 21.29614 ], [ -157.83519, 21.29615 ], [ -157.83521, 21.29615 ], [ -157.83523, 21.29615 ], [ -157.83525, 21.29616 ], [ -157.83527, 21.29616 ], [ -157.83528, 21.29617 ], [ -157.83547, 21.2962 ], [ -157.83572, 21.29626 ], [ -157.83614, 21.29638 ], [ -157.83613, 21.2964 ], [ -157.83618, 21.29642 ], [ -157.83619, 21.29642 ], [ -157.8362, 21.29642 ], [ -157.83621, 21.29643 ], [ -157.83621, 21.29643 ], [ -157.83622, 21.29643 ], [ -157.83623, 21.29644 ], [ -157.83624, 21.29644 ], [ -157.83624, 21.29645 ], [ -157.83625, 21.29645 ], [ -157.83626, 21.29646 ], [ -157.83627, 21.29646 ], [ -157.83627, 21.29647 ], [ -157.83628, 21.29647 ], [ -157.83629, 21.29648 ], [ -157.83629, 21.29648 ], [ -157.8363, 21.29649 ], [ -157.83631, 21.29649 ], [ -157.83631, 21.2965 ], [ -157.83632, 21.2965 ], [ -157.83632, 21.29651 ], [ -157.83633, 21.29652 ], [ -157.83633, 21.29652 ], [ -157.83634, 21.29653 ], [ -157.83635, 21.29654 ], [ -157.83635, 21.29654 ], [ -157.83636, 21.29655 ], [ -157.83636, 21.29656 ], [ -157.83637, 21.29656 ], [ -157.83637, 21.29657 ], [ -157.83637, 21.29658 ], [ -157.83638, 21.29658 ], [ -157.83638, 21.29659 ], [ -157.83639, 21.2966 ], [ -157.83639, 21.29661 ], [ -157.83639, 21.29661 ], [ -157.8364, 21.29662 ], [ -157.8364, 21.29663 ], [ -157.8364, 21.29664 ], [ -157.8364, 21.29664 ], [ -157.83641, 21.29665 ], [ -157.83641, 21.29666 ], [ -157.83645, 21.29677 ], [ -157.83645, 21.29678 ], [ -157.83645, 21.29679 ], [ -157.83645, 21.29679 ], [ -157.83645, 21.2968 ], [ -157.83646, 21.29681 ], [ -157.83646, 21.29682 ], [ -157.83646, 21.29683 ], [ -157.83646, 21.29683 ], [ -157.83646, 21.29684 ], [ -157.83647, 21.29685 ], [ -157.83647, 21.29686 ], [ -157.83647, 21.29686 ], [ -157.83647, 21.29687 ], [ -157.83647, 21.29688 ], [ -157.83648, 21.29689 ], [ -157.83648, 21.2969 ], [ -157.83648, 21.2969 ], [ -157.83648, 21.29691 ], [ -157.83649, 21.29692 ], [ -157.83649, 21.29693 ], [ -157.83649, 21.29694 ], [ -157.83649, 21.29694 ], [ -157.83649, 21.29695 ], [ -157.8365, 21.29696 ], [ -157.8365, 21.29697 ], [ -157.8365, 21.29698 ], [ -157.8365, 21.29698 ], [ -157.8365, 21.29699 ], [ -157.83651, 21.297 ], [ -157.83651, 21.29701 ], [ -157.83651, 21.29702 ], [ -157.83651, 21.29702 ], [ -157.83651, 21.29703 ], [ -157.83651, 21.29704 ], [ -157.83652, 21.29705 ], [ -157.83652, 21.29706 ], [ -157.83652, 21.29706 ], [ -157.83652, 21.29707 ], [ -157.83652, 21.29708 ], [ -157.83653, 21.29709 ], [ -157.83653, 21.29709 ], [ -157.83653, 21.2971 ], [ -157.83653, 21.29711 ], [ -157.83653, 21.29712 ], [ -157.83654, 21.29713 ], [ -157.83654, 21.29713 ], [ -157.83654, 21.29714 ], [ -157.83654, 21.29715 ], [ -157.83654, 21.29716 ], [ -157.83654, 21.29717 ], [ -157.83654, 21.29718 ], [ -157.83655, 21.29718 ], [ -157.83655, 21.29719 ], [ -157.83655, 21.2972 ], [ -157.83655, 21.29721 ], [ -157.83655, 21.29722 ], [ -157.83655, 21.29722 ], [ -157.83655, 21.29723 ], [ -157.83655, 21.29724 ], [ -157.83656, 21.29725 ], [ -157.83656, 21.29726 ], [ -157.83656, 21.29726 ], [ -157.83656, 21.29727 ], [ -157.83656, 21.29728 ], [ -157.83656, 21.29729 ], [ -157.83657, 21.2973 ], [ -157.83657, 21.2973 ], [ -157.83657, 21.29731 ], [ -157.83657, 21.29732 ], [ -157.83657, 21.29733 ], [ -157.83658, 21.29734 ], [ -157.83658, 21.29734 ], [ -157.83658, 21.29736 ], [ -157.83659, 21.29743 ], [ -157.83659, 21.29744 ], [ -157.83659, 21.29745 ], [ -157.8366, 21.29746 ], [ -157.8366, 21.29746 ], [ -157.83661, 21.29747 ], [ -157.83661, 21.29748 ], [ -157.83662, 21.29748 ], [ -157.83662, 21.29749 ], [ -157.83663, 21.29749 ], [ -157.83664, 21.2975 ], [ -157.83665, 21.2975 ], [ -157.83666, 21.2975 ], [ -157.83666, 21.2975 ], [ -157.83667, 21.2975 ], [ -157.83668, 21.29751 ], [ -157.83669, 21.29751 ], [ -157.8367, 21.2975 ], [ -157.83671, 21.2975 ], [ -157.83672, 21.2975 ], [ -157.83672, 21.2975 ], [ -157.83673, 21.29749 ], [ -157.83674, 21.29749 ], [ -157.83675, 21.29748 ], [ -157.83675, 21.29748 ], [ -157.83676, 21.29747 ], [ -157.83676, 21.29747 ], [ -157.83677, 21.29746 ], [ -157.83677, 21.29745 ], [ -157.83678, 21.29745 ], [ -157.83678, 21.29743 ], [ -157.8368, 21.2974 ], [ -157.8368, 21.29739 ], [ -157.8368, 21.29738 ], [ -157.83681, 21.29738 ], [ -157.83681, 21.29736 ], [ -157.83682, 21.29735 ], [ -157.83682, 21.29735 ], [ -157.83682, 21.29734 ], [ -157.83682, 21.29733 ], [ -157.83683, 21.29732 ], [ -157.83683, 21.29731 ], [ -157.83683, 21.29731 ], [ -157.83683, 21.2973 ], [ -157.83683, 21.29729 ], [ -157.83684, 21.29728 ], [ -157.83684, 21.29727 ], [ -157.83684, 21.29727 ], [ -157.83684, 21.29726 ], [ -157.83684, 21.29725 ], [ -157.83684, 21.29724 ], [ -157.83684, 21.29723 ], [ -157.83685, 21.29723 ], [ -157.83685, 21.29722 ], [ -157.83685, 21.29721 ], [ -157.83685, 21.2972 ], [ -157.83685, 21.29719 ], [ -157.83685, 21.29719 ], [ -157.83685, 21.29718 ], [ -157.83685, 21.29717 ], [ -157.83685, 21.29716 ], [ -157.83685, 21.29715 ], [ -157.83685, 21.29715 ], [ -157.83685, 21.29714 ], [ -157.83685, 21.29713 ], [ -157.83685, 21.29712 ], [ -157.83685, 21.29711 ], [ -157.83685, 21.2971 ], [ -157.83685, 21.2971 ], [ -157.83685, 21.29709 ], [ -157.83685, 21.29708 ], [ -157.83684, 21.29707 ], [ -157.83684, 21.29706 ], [ -157.83684, 21.29706 ], [ -157.83684, 21.29704 ], [ -157.83684, 21.29704 ], [ -157.83684, 21.29703 ], [ -157.83684, 21.29702 ], [ -157.83684, 21.29701 ], [ -157.83684, 21.297 ], [ -157.83684, 21.297 ], [ -157.83684, 21.29699 ], [ -157.83684, 21.29698 ], [ -157.83684, 21.29697 ], [ -157.83684, 21.29696 ], [ -157.83684, 21.29696 ], [ -157.83684, 21.29695 ], [ -157.83683, 21.29694 ], [ -157.83683, 21.29693 ], [ -157.83683, 21.29692 ], [ -157.83683, 21.29691 ], [ -157.83683, 21.29691 ], [ -157.83683, 21.2969 ], [ -157.83683, 21.29689 ], [ -157.83683, 21.29688 ], [ -157.83683, 21.29687 ], [ -157.83683, 21.29687 ], [ -157.83683, 21.29686 ], [ -157.83684, 21.29685 ], [ -157.83684, 21.29684 ], [ -157.83684, 21.29683 ], [ -157.83684, 21.29683 ], [ -157.83684, 21.29682 ], [ -157.83684, 21.29681 ], [ -157.83684, 21.2968 ], [ -157.83684, 21.29679 ], [ -157.83684, 21.29678 ], [ -157.83684, 21.29678 ], [ -157.83684, 21.29677 ], [ -157.83684, 21.29676 ], [ -157.83684, 21.29675 ], [ -157.83684, 21.29674 ], [ -157.83684, 21.29674 ], [ -157.83684, 21.29672 ], [ -157.83685, 21.29671 ], [ -157.83685, 21.2967 ], [ -157.83685, 21.2967 ], [ -157.83685, 21.29669 ], [ -157.83685, 21.29668 ], [ -157.83685, 21.29667 ], [ -157.83685, 21.29666 ], [ -157.83685, 21.29665 ], [ -157.83685, 21.29665 ], [ -157.83686, 21.29664 ], [ -157.83686, 21.29648 ], [ -157.83683, 21.29639 ], [ -157.83683, 21.29633 ], [ -157.83683, 21.29625 ], [ -157.83685, 21.29609 ], [ -157.83686, 21.29606 ], [ -157.83686, 21.29605 ], [ -157.83686, 21.29604 ], [ -157.83686, 21.29604 ], [ -157.83686, 21.29603 ], [ -157.83686, 21.29602 ], [ -157.83686, 21.29601 ], [ -157.83686, 21.296 ], [ -157.83686, 21.296 ], [ -157.83686, 21.29599 ], [ -157.83686, 21.29598 ], [ -157.83686, 21.29596 ], [ -157.83686, 21.29596 ], [ -157.83686, 21.29595 ], [ -157.83686, 21.29594 ], [ -157.83686, 21.29593 ], [ -157.83686, 21.29592 ], [ -157.83686, 21.29592 ], [ -157.83686, 21.29591 ], [ -157.83686, 21.2959 ], [ -157.83686, 21.29589 ], [ -157.83686, 21.29588 ], [ -157.83686, 21.29588 ], [ -157.83686, 21.29587 ], [ -157.83686, 21.29586 ], [ -157.83686, 21.29585 ], [ -157.83686, 21.29584 ], [ -157.83686, 21.29583 ], [ -157.83686, 21.29583 ], [ -157.83686, 21.29582 ], [ -157.83686, 21.29581 ], [ -157.83686, 21.2958 ], [ -157.83686, 21.29579 ], [ -157.83685, 21.29579 ], [ -157.83685, 21.29578 ], [ -157.83685, 21.29577 ], [ -157.83685, 21.29576 ], [ -157.83685, 21.29575 ], [ -157.83684, 21.29575 ], [ -157.83684, 21.29574 ], [ -157.83684, 21.29573 ], [ -157.83684, 21.29572 ], [ -157.83684, 21.29571 ], [ -157.83683, 21.29571 ], [ -157.83683, 21.2957 ], [ -157.83683, 21.29569 ], [ -157.83682, 21.29568 ], [ -157.83682, 21.29567 ], [ -157.83681, 21.29566 ], [ -157.83681, 21.29565 ], [ -157.83681, 21.29565 ], [ -157.8368, 21.29564 ], [ -157.8368, 21.29563 ], [ -157.8368, 21.29562 ], [ -157.83679, 21.29562 ], [ -157.83679, 21.29561 ], [ -157.83678, 21.2956 ], [ -157.83678, 21.2956 ], [ -157.83678, 21.29559 ], [ -157.83677, 21.29558 ], [ -157.83677, 21.29557 ], [ -157.83676, 21.29557 ], [ -157.83676, 21.29556 ], [ -157.83675, 21.29555 ], [ -157.83675, 21.29554 ], [ -157.83668, 21.29547 ], [ -157.83664, 21.2954 ], [ -157.83661, 21.29535 ], [ -157.8366, 21.29535 ], [ -157.8366, 21.29534 ], [ -157.83659, 21.29533 ], [ -157.83659, 21.29533 ], [ -157.83658, 21.29532 ], [ -157.83658, 21.29531 ], [ -157.83657, 21.29531 ], [ -157.83656, 21.29529 ], [ -157.83656, 21.29529 ], [ -157.83655, 21.29528 ], [ -157.83655, 21.29527 ], [ -157.83655, 21.29526 ], [ -157.83654, 21.29526 ], [ -157.83654, 21.29525 ], [ -157.83653, 21.29524 ], [ -157.83653, 21.29524 ], [ -157.83652, 21.29523 ], [ -157.83652, 21.29522 ], [ -157.83652, 21.29521 ], [ -157.83651, 21.29521 ], [ -157.83651, 21.2952 ], [ -157.8365, 21.29519 ], [ -157.8365, 21.29518 ], [ -157.83649, 21.29517 ], [ -157.83649, 21.29516 ], [ -157.83649, 21.29516 ], [ -157.83648, 21.29515 ], [ -157.83648, 21.29514 ], [ -157.83648, 21.29513 ], [ -157.83647, 21.29512 ], [ -157.83647, 21.29511 ], [ -157.83647, 21.2951 ], [ -157.83646, 21.29509 ], [ -157.83646, 21.29509 ], [ -157.83646, 21.29508 ], [ -157.83645, 21.29506 ], [ -157.83645, 21.29505 ], [ -157.83644, 21.29504 ], [ -157.83644, 21.29503 ], [ -157.83644, 21.29502 ], [ -157.83644, 21.29502 ], [ -157.83643, 21.29501 ], [ -157.83643, 21.295 ], [ -157.83643, 21.29499 ], [ -157.83643, 21.29499 ], [ -157.83643, 21.29498 ], [ -157.83642, 21.29497 ], [ -157.83642, 21.29496 ], [ -157.83642, 21.29495 ], [ -157.83642, 21.29495 ], [ -157.83642, 21.29494 ], [ -157.83642, 21.29493 ], [ -157.83641, 21.29492 ], [ -157.83641, 21.29491 ], [ -157.83641, 21.29491 ], [ -157.83641, 21.2949 ], [ -157.83641, 21.29489 ], [ -157.83641, 21.29488 ], [ -157.83641, 21.29487 ], [ -157.8364, 21.29487 ], [ -157.8364, 21.29486 ], [ -157.8364, 21.29485 ], [ -157.8364, 21.29484 ], [ -157.8364, 21.29483 ], [ -157.8364, 21.29482 ], [ -157.8364, 21.29482 ], [ -157.8364, 21.29481 ], [ -157.8364, 21.2948 ], [ -157.8364, 21.29479 ], [ -157.8364, 21.29478 ], [ -157.8364, 21.29478 ], [ -157.8364, 21.29477 ], [ -157.8364, 21.29476 ], [ -157.8364, 21.29475 ], [ -157.8364, 21.29474 ], [ -157.8364, 21.29473 ], [ -157.8364, 21.29473 ], [ -157.8364, 21.29472 ], [ -157.8364, 21.29471 ], [ -157.8364, 21.2947 ], [ -157.8364, 21.29469 ], [ -157.8364, 21.29469 ], [ -157.8364, 21.29468 ], [ -157.8364, 21.29467 ], [ -157.8364, 21.29466 ], [ -157.8364, 21.29465 ], [ -157.8364, 21.29449 ], [ -157.83639, 21.29435 ], [ -157.8364, 21.29434 ], [ -157.8364, 21.29434 ], [ -157.8364, 21.29433 ], [ -157.8364, 21.29432 ], [ -157.8364, 21.29431 ], [ -157.8364, 21.2943 ], [ -157.8364, 21.2943 ], [ -157.8364, 21.29429 ], [ -157.8364, 21.29428 ], [ -157.8364, 21.29427 ], [ -157.8364, 21.29426 ], [ -157.8364, 21.29425 ], [ -157.8364, 21.29425 ], [ -157.8364, 21.29424 ], [ -157.8364, 21.29423 ], [ -157.8364, 21.29422 ], [ -157.8364, 21.29421 ], [ -157.8364, 21.29421 ], [ -157.8364, 21.2942 ], [ -157.8364, 21.29419 ], [ -157.8364, 21.29418 ], [ -157.8364, 21.29417 ], [ -157.8364, 21.29416 ], [ -157.8364, 21.29416 ], [ -157.8364, 21.29415 ], [ -157.8364, 21.29414 ], [ -157.8364, 21.29413 ], [ -157.8364, 21.29412 ], [ -157.8364, 21.29412 ], [ -157.8364, 21.29411 ], [ -157.8364, 21.2941 ], [ -157.8364, 21.29409 ], [ -157.8364, 21.29408 ], [ -157.8364, 21.29408 ], [ -157.8364, 21.29407 ], [ -157.8364, 21.29406 ], [ -157.8364, 21.29405 ], [ -157.8364, 21.29404 ], [ -157.8364, 21.29403 ], [ -157.8364, 21.29403 ], [ -157.8364, 21.29402 ], [ -157.8364, 21.29401 ], [ -157.8364, 21.294 ], [ -157.8364, 21.29399 ], [ -157.8364, 21.29399 ], [ -157.8364, 21.29398 ], [ -157.83639, 21.29397 ], [ -157.83639, 21.29396 ], [ -157.83639, 21.29395 ], [ -157.83639, 21.29395 ], [ -157.83639, 21.29394 ], [ -157.83639, 21.29393 ], [ -157.83639, 21.29392 ], [ -157.83639, 21.29391 ], [ -157.83639, 21.2939 ], [ -157.83639, 21.2939 ], [ -157.83639, 21.29389 ], [ -157.83638, 21.29388 ], [ -157.83638, 21.29387 ], [ -157.83638, 21.29386 ], [ -157.83638, 21.29386 ], [ -157.83638, 21.29385 ], [ -157.83638, 21.29384 ], [ -157.83638, 21.29383 ], [ -157.83638, 21.29382 ], [ -157.83637, 21.29382 ], [ -157.83637, 21.29381 ], [ -157.83637, 21.2938 ], [ -157.83637, 21.29379 ], [ -157.83637, 21.29378 ], [ -157.83637, 21.29378 ], [ -157.83636, 21.29377 ], [ -157.83636, 21.29376 ], [ -157.83636, 21.29375 ], [ -157.83636, 21.29374 ], [ -157.83636, 21.29374 ], [ -157.83636, 21.29373 ], [ -157.83635, 21.29372 ], [ -157.83635, 21.29371 ], [ -157.83635, 21.2937 ], [ -157.83635, 21.2937 ], [ -157.83635, 21.29369 ], [ -157.83634, 21.29359 ], [ -157.83631, 21.2934 ], [ -157.83626, 21.29324 ], [ -157.83622, 21.29316 ], [ -157.83618, 21.2931 ], [ -157.8361, 21.293 ], [ -157.83604, 21.29293 ], [ -157.83601, 21.29289 ], [ -157.83593, 21.29278 ], [ -157.83586, 21.29268 ], [ -157.83581, 21.29263 ], [ -157.83578, 21.29259 ], [ -157.83572, 21.29252 ], [ -157.83569, 21.29246 ], [ -157.83568, 21.29242 ], [ -157.83568, 21.2924 ], [ -157.83568, 21.29239 ], [ -157.83568, 21.29237 ], [ -157.83565, 21.29228 ], [ -157.83559, 21.29221 ], [ -157.83556, 21.29216 ], [ -157.83549, 21.29206 ], [ -157.8354, 21.29194 ], [ -157.83525, 21.29168 ], [ -157.83505, 21.29121 ], [ -157.83502, 21.29113 ], [ -157.83501, 21.29107 ], [ -157.83497, 21.29097 ], [ -157.83494, 21.29085 ], [ -157.83485, 21.29057 ], [ -157.83485, 21.29055 ], [ -157.83483, 21.29049 ], [ -157.83483, 21.29048 ], [ -157.83482, 21.29048 ], [ -157.83482, 21.29047 ], [ -157.83482, 21.29046 ], [ -157.83482, 21.29045 ], [ -157.83482, 21.29045 ], [ -157.83481, 21.29044 ], [ -157.83481, 21.29043 ], [ -157.83481, 21.29042 ], [ -157.83481, 21.29041 ], [ -157.83481, 21.29041 ], [ -157.8348, 21.2904 ], [ -157.8348, 21.29039 ], [ -157.8348, 21.29038 ], [ -157.8348, 21.29037 ], [ -157.8348, 21.29037 ], [ -157.83479, 21.29036 ], [ -157.83479, 21.29035 ], [ -157.83479, 21.29034 ], [ -157.83479, 21.29033 ], [ -157.83479, 21.29033 ], [ -157.83479, 21.29032 ], [ -157.83478, 21.29031 ], [ -157.83478, 21.2903 ], [ -157.83478, 21.29029 ], [ -157.83478, 21.29029 ], [ -157.83478, 21.29028 ], [ -157.83477, 21.29027 ], [ -157.83477, 21.29026 ], [ -157.83477, 21.29025 ], [ -157.83477, 21.29025 ], [ -157.83477, 21.29024 ], [ -157.83477, 21.29023 ], [ -157.83476, 21.29022 ], [ -157.83476, 21.29021 ], [ -157.83476, 21.29021 ], [ -157.83476, 21.2902 ], [ -157.83476, 21.29019 ], [ -157.83476, 21.29018 ], [ -157.83475, 21.29017 ], [ -157.83475, 21.29017 ], [ -157.83475, 21.29016 ], [ -157.83475, 21.29015 ], [ -157.83475, 21.29014 ], [ -157.83474, 21.29013 ], [ -157.83474, 21.29013 ], [ -157.83474, 21.29012 ], [ -157.83474, 21.29011 ], [ -157.83474, 21.2901 ], [ -157.83474, 21.29009 ], [ -157.83473, 21.29009 ], [ -157.83473, 21.29008 ], [ -157.83473, 21.29007 ], [ -157.83473, 21.29006 ], [ -157.83473, 21.29005 ], [ -157.83473, 21.29005 ], [ -157.83473, 21.29004 ], [ -157.83472, 21.29003 ], [ -157.83472, 21.29002 ], [ -157.83472, 21.29001 ], [ -157.83472, 21.29001 ], [ -157.83472, 21.29 ], [ -157.83472, 21.28999 ], [ -157.83472, 21.28998 ], [ -157.83471, 21.28997 ], [ -157.83471, 21.28997 ], [ -157.83471, 21.28996 ], [ -157.83471, 21.28995 ], [ -157.83471, 21.28994 ], [ -157.83471, 21.28993 ], [ -157.83471, 21.28993 ], [ -157.8347, 21.28992 ], [ -157.8347, 21.28991 ], [ -157.8347, 21.2899 ], [ -157.8347, 21.28989 ], [ -157.8347, 21.28989 ], [ -157.8347, 21.28988 ], [ -157.8347, 21.28987 ], [ -157.83469, 21.28986 ], [ -157.83469, 21.28985 ], [ -157.83469, 21.28985 ], [ -157.83469, 21.28984 ], [ -157.83469, 21.28983 ], [ -157.83469, 21.28982 ], [ -157.83469, 21.28981 ], [ -157.83469, 21.28981 ], [ -157.83468, 21.2898 ], [ -157.83468, 21.28979 ], [ -157.83468, 21.28978 ], [ -157.83468, 21.28977 ], [ -157.83468, 21.28976 ], [ -157.83468, 21.2897 ], [ -157.83468, 21.28969 ], [ -157.83468, 21.28968 ], [ -157.83468, 21.28967 ], [ -157.83468, 21.28966 ], [ -157.83468, 21.28966 ], [ -157.83468, 21.28965 ], [ -157.83468, 21.28964 ], [ -157.83468, 21.28963 ], [ -157.83468, 21.28962 ], [ -157.83468, 21.28962 ], [ -157.83468, 21.28961 ], [ -157.83468, 21.2896 ], [ -157.83469, 21.28959 ], [ -157.83469, 21.28958 ], [ -157.83469, 21.28958 ], [ -157.83469, 21.28957 ], [ -157.83469, 21.28956 ], [ -157.8347, 21.28955 ], [ -157.8347, 21.28954 ], [ -157.8347, 21.28954 ], [ -157.83471, 21.28952 ], [ -157.83471, 21.28951 ], [ -157.83471, 21.28951 ], [ -157.83472, 21.2895 ], [ -157.83472, 21.28949 ], [ -157.83472, 21.28948 ], [ -157.83473, 21.28948 ], [ -157.83473, 21.28947 ], [ -157.83474, 21.28946 ], [ -157.83474, 21.28945 ], [ -157.83475, 21.28945 ], [ -157.83475, 21.28944 ], [ -157.83476, 21.28943 ], [ -157.83476, 21.28943 ], [ -157.83476, 21.28942 ], [ -157.83477, 21.28941 ], [ -157.83478, 21.2894 ], [ -157.83479, 21.28939 ], [ -157.83479, 21.28939 ], [ -157.8348, 21.28938 ], [ -157.8348, 21.28938 ], [ -157.83481, 21.28937 ], [ -157.83482, 21.28936 ], [ -157.83482, 21.28936 ], [ -157.83483, 21.28935 ], [ -157.83483, 21.28935 ], [ -157.83484, 21.28934 ], [ -157.83485, 21.28934 ], [ -157.83485, 21.28933 ], [ -157.83486, 21.28933 ], [ -157.83487, 21.28932 ], [ -157.83487, 21.28932 ], [ -157.83488, 21.28931 ], [ -157.83489, 21.28931 ], [ -157.8349, 21.2893 ], [ -157.8349, 21.2893 ], [ -157.83491, 21.2893 ], [ -157.83492, 21.28929 ], [ -157.83493, 21.28929 ], [ -157.83493, 21.28928 ], [ -157.83495, 21.28928 ], [ -157.83496, 21.28927 ], [ -157.83497, 21.28927 ], [ -157.83497, 21.28927 ], [ -157.83498, 21.28926 ], [ -157.83499, 21.28926 ], [ -157.835, 21.28926 ], [ -157.83501, 21.28926 ], [ -157.83501, 21.28925 ], [ -157.83502, 21.28925 ], [ -157.83503, 21.28925 ], [ -157.83504, 21.28925 ], [ -157.83505, 21.28925 ], [ -157.83506, 21.28924 ], [ -157.83507, 21.28924 ], [ -157.8352, 21.28921 ], [ -157.83531, 21.28918 ], [ -157.83531, 21.28918 ], [ -157.83532, 21.28918 ], [ -157.83533, 21.28918 ], [ -157.83534, 21.28917 ], [ -157.83535, 21.28917 ], [ -157.83536, 21.28917 ], [ -157.83537, 21.28917 ], [ -157.83537, 21.28917 ], [ -157.83538, 21.28917 ], [ -157.83539, 21.28916 ], [ -157.8354, 21.28916 ], [ -157.83541, 21.28916 ], [ -157.83542, 21.28916 ], [ -157.83542, 21.28916 ], [ -157.83543, 21.28916 ], [ -157.83544, 21.28915 ], [ -157.83545, 21.28915 ], [ -157.83546, 21.28915 ], [ -157.83547, 21.28915 ], [ -157.83548, 21.28915 ], [ -157.83548, 21.28914 ], [ -157.83549, 21.28914 ], [ -157.8355, 21.28914 ], [ -157.83551, 21.28914 ], [ -157.83552, 21.28913 ], [ -157.83553, 21.28913 ], [ -157.83553, 21.28913 ], [ -157.83554, 21.28913 ], [ -157.83555, 21.28913 ], [ -157.83556, 21.28912 ], [ -157.83557, 21.28912 ], [ -157.83558, 21.28912 ], [ -157.83558, 21.28912 ], [ -157.83559, 21.28911 ], [ -157.8356, 21.28911 ], [ -157.83561, 21.28911 ], [ -157.83562, 21.28911 ], [ -157.83562, 21.2891 ], [ -157.83563, 21.2891 ], [ -157.83564, 21.2891 ], [ -157.83565, 21.28909 ], [ -157.83566, 21.28909 ], [ -157.83567, 21.28909 ], [ -157.83567, 21.28909 ], [ -157.83568, 21.28908 ], [ -157.83569, 21.28908 ], [ -157.8357, 21.28908 ], [ -157.83571, 21.28907 ], [ -157.83571, 21.28907 ], [ -157.83572, 21.28907 ], [ -157.83573, 21.28907 ], [ -157.83574, 21.28906 ], [ -157.83575, 21.28906 ], [ -157.83576, 21.28905 ], [ -157.83585, 21.28902 ], [ -157.83595, 21.28899 ], [ -157.83626, 21.28893 ], [ -157.83646, 21.28891 ], [ -157.83666, 21.28889 ], [ -157.83682, 21.28888 ], [ -157.83683, 21.28888 ], [ -157.83684, 21.28888 ], [ -157.83685, 21.28888 ], [ -157.83685, 21.28888 ], [ -157.83686, 21.28888 ], [ -157.83687, 21.28888 ], [ -157.83688, 21.28888 ], [ -157.83689, 21.28888 ], [ -157.8369, 21.28887 ], [ -157.83691, 21.28887 ], [ -157.83692, 21.28887 ], [ -157.83692, 21.28887 ], [ -157.83693, 21.28887 ], [ -157.83694, 21.28887 ], [ -157.83695, 21.28887 ], [ -157.83696, 21.28887 ], [ -157.83697, 21.28887 ], [ -157.83698, 21.28886 ], [ -157.83698, 21.28886 ], [ -157.83699, 21.28886 ], [ -157.837, 21.28886 ], [ -157.83701, 21.28886 ], [ -157.83702, 21.28886 ], [ -157.83703, 21.28886 ], [ -157.83704, 21.28886 ], [ -157.83704, 21.28885 ], [ -157.83705, 21.28885 ], [ -157.83706, 21.28885 ], [ -157.83707, 21.28885 ], [ -157.83708, 21.28885 ], [ -157.83709, 21.28885 ], [ -157.8371, 21.28885 ], [ -157.8371, 21.28884 ], [ -157.83711, 21.28884 ], [ -157.83712, 21.28884 ], [ -157.83713, 21.28884 ], [ -157.83714, 21.28884 ], [ -157.83715, 21.28884 ], [ -157.83716, 21.28884 ], [ -157.83716, 21.28884 ], [ -157.83717, 21.28883 ], [ -157.83718, 21.28883 ], [ -157.83719, 21.28883 ], [ -157.8372, 21.28883 ], [ -157.83721, 21.28883 ], [ -157.83722, 21.28883 ], [ -157.83722, 21.28883 ], [ -157.83723, 21.28882 ], [ -157.83724, 21.28882 ], [ -157.83713, 21.28872 ], [ -157.83687, 21.28872 ], [ -157.83641, 21.28884 ], [ -157.83612, 21.28887 ], [ -157.83585, 21.28895 ], [ -157.83563, 21.28901 ], [ -157.83534, 21.28906 ], [ -157.83497, 21.28908 ], [ -157.83475, 21.28909 ], [ -157.83441, 21.28919 ], [ -157.83425, 21.28919 ], [ -157.83404, 21.28917 ], [ -157.83379, 21.28908 ], [ -157.83361, 21.28907 ], [ -157.83349, 21.28906 ], [ -157.83334, 21.28896 ], [ -157.83298, 21.28873 ], [ -157.83296, 21.2887 ], [ -157.83259, 21.28854 ], [ -157.8323, 21.28845 ], [ -157.83203, 21.28826 ], [ -157.82989, 21.28643 ], [ -157.82805, 21.28482 ], [ -157.82674, 21.28369 ], [ -157.82636, 21.28335 ], [ -157.82605, 21.28331 ], [ -157.824, 21.28335 ], [ -157.82418, 21.28597 ], [ -157.82423, 21.28596 ], [ -157.8243, 21.28596 ], [ -157.82439, 21.28593 ], [ -157.82447, 21.28592 ], [ -157.82456, 21.2859 ], [ -157.82463, 21.28589 ], [ -157.8247, 21.28588 ], [ -157.82477, 21.28586 ], [ -157.82484, 21.28587 ], [ -157.82494, 21.28584 ], [ -157.82502, 21.28581 ], [ -157.82508, 21.28577 ], [ -157.8252, 21.28572 ], [ -157.82525, 21.28569 ], [ -157.82531, 21.28566 ], [ -157.82535, 21.28562 ], [ -157.82541, 21.28557 ], [ -157.82547, 21.2855 ], [ -157.82555, 21.28541 ], [ -157.82566, 21.28529 ], [ -157.82574, 21.28516 ], [ -157.82584, 21.28508 ], [ -157.82593, 21.28505 ], [ -157.82601, 21.28505 ], [ -157.82611, 21.28503 ], [ -157.82623, 21.28502 ], [ -157.82627, 21.28504 ], [ -157.82638, 21.28498 ], [ -157.82646, 21.285 ], [ -157.82651, 21.28504 ], [ -157.82657, 21.2851 ], [ -157.82663, 21.28516 ], [ -157.82668, 21.28522 ], [ -157.82674, 21.28525 ], [ -157.82679, 21.28528 ], [ -157.82686, 21.28534 ], [ -157.82692, 21.28538 ], [ -157.827, 21.28544 ], [ -157.82708, 21.28552 ], [ -157.82716, 21.28562 ], [ -157.82723, 21.28567 ], [ -157.8273, 21.28574 ], [ -157.82739, 21.28582 ], [ -157.82746, 21.28586 ], [ -157.82756, 21.28595 ], [ -157.82764, 21.28601 ], [ -157.8277, 21.28608 ], [ -157.82779, 21.28619 ], [ -157.82785, 21.28623 ], [ -157.82791, 21.28627 ], [ -157.82795, 21.28629 ], [ -157.82802, 21.28632 ], [ -157.82807, 21.28636 ], [ -157.82812, 21.28639 ], [ -157.82816, 21.28647 ], [ -157.82819, 21.28655 ], [ -157.82819, 21.28663 ], [ -157.82817, 21.28672 ], [ -157.82815, 21.28683 ], [ -157.82812, 21.28695 ], [ -157.82807, 21.28706 ], [ -157.82804, 21.28717 ], [ -157.82803, 21.28727 ], [ -157.82802, 21.28735 ], [ -157.82802, 21.28744 ], [ -157.82802, 21.28755 ], [ -157.82798, 21.28766 ], [ -157.82796, 21.28774 ], [ -157.82796, 21.28782 ], [ -157.82797, 21.28788 ], [ -157.82797, 21.28797 ], [ -157.82797, 21.28807 ], [ -157.82797, 21.28819 ], [ -157.82794, 21.28831 ], [ -157.82787, 21.28844 ], [ -157.82781, 21.28851 ], [ -157.82776, 21.28857 ], [ -157.82773, 21.28863 ], [ -157.82772, 21.28868 ], [ -157.82771, 21.28875 ], [ -157.82779, 21.28883 ], [ -157.82784, 21.28888 ], [ -157.82793, 21.28894 ], [ -157.82801, 21.28899 ], [ -157.82807, 21.28904 ], [ -157.82816, 21.2891 ], [ -157.82824, 21.28915 ], [ -157.8283, 21.28923 ], [ -157.82835, 21.28929 ], [ -157.82844, 21.2894 ], [ -157.82847, 21.28947 ], [ -157.8285, 21.28958 ], [ -157.82854, 21.28966 ], [ -157.82854, 21.28973 ], [ -157.82852, 21.28978 ], [ -157.82849, 21.28985 ], [ -157.82844, 21.2899 ], [ -157.82838, 21.28997 ], [ -157.82834, 21.29001 ], [ -157.82825, 21.29008 ], [ -157.82811, 21.2902 ], [ -157.82803, 21.29027 ], [ -157.8278, 21.29045 ] ] ] } },
{ "type": "Feature", "properties": { "fld_zone": "AO", "depth": 2 }, "bbox": [ -157.88735, 21.33319, -157.88629, 21.33414 ], "geometry": { "type": "Polygon", "coordinates": [ [ [ -157.88672, 21.33404 ], [ -157.88673, 21.33404 ], [ -157.88679, 21.33404 ], [ -157.88685, 21.33405 ], [ -157.88691, 21.33405 ], [ -157.88701, 21.33407 ], [ -157.88705, 21.33407 ], [ -157.88712, 21.33408 ], [ -157.88724, 21.33412 ], [ -157.88735, 21.33414 ], [ -157.88729, 21.33395 ], [ -157.8873, 21.33382 ], [ -157.88724, 21.33376 ], [ -157.88715, 21.3337 ], [ -157.8871, 21.33344 ], [ -157.887, 21.33337 ], [ -157.88695, 21.33334 ], [ -157.88691, 21.33329 ], [ -157.88691, 21.33324 ], [ -157.88692, 21.33319 ], [ -157.88668, 21.33332 ], [ -157.88658, 21.33341 ], [ -157.88658, 21.33341 ], [ -157.88655, 21.33343 ], [ -157.88644, 21.33354 ], [ -157.88641, 21.33357 ], [ -157.88629, 21.33362 ], [ -157.88629, 21.33362 ], [ -157.88635, 21.33366 ], [ -157.88641, 21.3337 ], [ -157.88645, 21.33373 ], [ -157.88656, 21.3338 ], [ -157.88658, 21.33382 ], [ -157.88663, 21.33387 ], [ -157.88666, 21.33393 ], [ -157.88672, 21.33404 ] ] ] } },
{ "type": "Feature", "properties": { "fld_zone": "AO", "depth": 1 }, "bbox": [ -157.7125, 21.33747, -157.70347, 21.34598 ], "geometry": { "type": "Polygon", "coordinates": [ [ [ -157.70953, 21.34108 ], [ -157.70945, 21.34092 ], [ -157.7093, 21.34068 ], [ -157.70913, 21.3404 ], [ -157.70907, 21.34032 ], [ -157.70888, 21.34007 ], [ -157.70873, 21.33987 ], [ -157.70854, 21.33963 ], [ -157.70845, 21.33953 ], [ -157.70843, 21.33949 ], [ -157.70841, 21.33942 ], [ -157.7084, 21.33937 ], [ -157.70841, 21.33928 ], [ -157.70843, 21.33922 ], [ -157.70845, 21.33917 ], [ -157.70849, 21.33914 ], [ -157.70853, 21.3391 ], [ -157.70864, 21.33905 ], [ -157.70871, 21.33901 ], [ -157.70864, 21.339 ], [ -157.7085, 21.33896 ], [ -157.70814, 21.33882 ], [ -157.70762, 21.33863 ], [ -157.70738, 21.3386 ], [ -157.70733, 21.33862 ], [ -157.70727, 21.33867 ], [ -157.70715, 21.33873 ], [ -157.70707, 21.33874 ], [ -157.707, 21.33875 ], [ -157.70692, 21.33874 ], [ -157.70681, 21.33872 ], [ -157.70664, 21.33869 ], [ -157.70648, 21.33866 ], [ -157.70635, 21.33864 ], [ -157.70628, 21.33858 ], [ -157.70621, 21.33851 ], [ -157.70614, 21.33844 ], [ -157.70601, 21.33829 ], [ -157.70585, 21.3381 ], [ -157.7058, 21.33802 ], [ -157.70459, 21.33766 ], [ -157.70406, 21.33747 ], [ -157.70368, 21.33753 ], [ -157.70347, 21.33763 ], [ -157.70363, 21.3379 ], [ -157.70376, 21.33806 ], [ -157.70383, 21.33816 ], [ -157.70385, 21.33821 ], [ -157.70386, 21.33828 ], [ -157.70387, 21.33835 ], [ -157.70388, 21.33845 ], [ -157.70388, 21.33852 ], [ -157.70388, 21.33857 ], [ -157.70387, 21.33863 ], [ -157.70386, 21.33871 ], [ -157.70382, 21.33883 ], [ -157.7038, 21.33894 ], [ -157.70379, 21.3391 ], [ -157.70379, 21.33924 ], [ -157.7038, 21.33935 ], [ -157.70382, 21.33954 ], [ -157.70387, 21.33975 ], [ -157.7039, 21.3399 ], [ -157.70395, 21.34003 ], [ -157.70399, 21.34012 ], [ -157.70405, 21.34023 ], [ -157.7041, 21.34028 ], [ -157.70415, 21.34033 ], [ -157.70418, 21.34037 ], [ -157.70427, 21.34044 ], [ -157.70466, 21.34072 ], [ -157.70486, 21.34088 ], [ -157.70534, 21.34118 ], [ -157.70539, 21.34123 ], [ -157.7057, 21.34146 ], [ -157.70596, 21.34167 ], [ -157.70617, 21.34186 ], [ -157.70631, 21.34198 ], [ -157.70693, 21.34244 ], [ -157.70736, 21.34278 ], [ -157.70778, 21.34312 ], [ -157.70837, 21.34356 ], [ -157.70859, 21.34374 ], [ -157.70889, 21.34398 ], [ -157.70914, 21.34416 ], [ -157.70954, 21.3445 ], [ -157.70966, 21.34461 ], [ -157.70974, 21.34465 ], [ -157.70976, 21.34467 ], [ -157.70983, 21.34472 ], [ -157.70993, 21.3448 ], [ -157.71006, 21.34492 ], [ -157.71017, 21.34503 ], [ -157.71031, 21.34514 ], [ -157.71042, 21.34523 ], [ -157.71055, 21.34532 ], [ -157.71065, 21.34542 ], [ -157.71078, 21.34552 ], [ -157.71087, 21.34558 ], [ -157.71095, 21.34564 ], [ -157.711, 21.34569 ], [ -157.71111, 21.34578 ], [ -157.71117, 21.34582 ], [ -157.71129, 21.3459 ], [ -157.71136, 21.34594 ], [ -157.71154, 21.34598 ], [ -157.71154, 21.34591 ], [ -157.7116, 21.34575 ], [ -157.71159, 21.34569 ], [ -157.71159, 21.34562 ], [ -157.71157, 21.34556 ], [ -157.71155, 21.34551 ], [ -157.71154, 21.34546 ], [ -157.71152, 21.34541 ], [ -157.71151, 21.34533 ], [ -157.7115, 21.34526 ], [ -157.71148, 21.34518 ], [ -157.71146, 21.34511 ], [ -157.71145, 21.34504 ], [ -157.71144, 21.34499 ], [ -157.71141, 21.34492 ], [ -157.71139, 21.34486 ], [ -157.71134, 21.34475 ], [ -157.71129, 21.34466 ], [ -157.71125, 21.34457 ], [ -157.7112, 21.34445 ], [ -157.71112, 21.34435 ], [ -157.7111, 21.34429 ], [ -157.71107, 21.34423 ], [ -157.71105, 21.34418 ], [ -157.71104, 21.34413 ], [ -157.71104, 21.34407 ], [ -157.71107, 21.34401 ], [ -157.71109, 21.34395 ], [ -157.71111, 21.34382 ], [ -157.7111, 21.34374 ], [ -157.7111, 21.34368 ], [ -157.71107, 21.34357 ], [ -157.71104, 21.34348 ], [ -157.71106, 21.34342 ], [ -157.71106, 21.34335 ], [ -157.71107, 21.3433 ], [ -157.71107, 21.34323 ], [ -157.71111, 21.34313 ], [ -157.71114, 21.34306 ], [ -157.71117, 21.34301 ], [ -157.71123, 21.34293 ], [ -157.71128, 21.34289 ], [ -157.71132, 21.34286 ], [ -157.71139, 21.3428 ], [ -157.71145, 21.34277 ], [ -157.71151, 21.34273 ], [ -157.7116, 21.3427 ], [ -157.71174, 21.34271 ], [ -157.71192, 21.34274 ], [ -157.71208, 21.34278 ], [ -157.7123, 21.34289 ], [ -157.7125, 21.343 ], [ -157.7125, 21.34261 ], [ -157.71243, 21.3426 ], [ -157.71234, 21.34257 ], [ -157.71228, 21.34256 ], [ -157.71223, 21.34253 ], [ -157.71215, 21.34248 ], [ -157.71207, 21.34242 ], [ -157.71203, 21.34235 ], [ -157.71199, 21.34232 ], [ -157.71195, 21.34227 ], [ -157.71192, 21.34223 ], [ -157.71189, 21.34216 ], [ -157.71185, 21.34211 ], [ -157.71184, 21.34206 ], [ -157.71184, 21.34206 ], [ -157.7118, 21.34197 ], [ -157.71179, 21.34192 ], [ -157.71177, 21.34187 ], [ -157.71171, 21.34179 ], [ -157.71163, 21.34171 ], [ -157.71159, 21.34168 ], [ -157.71154, 21.34166 ], [ -157.7115, 21.34163 ], [ -157.71141, 21.34161 ], [ -157.71126, 21.3416 ], [ -157.71117, 21.34161 ], [ -157.71109, 21.34165 ], [ -157.71101, 21.34169 ], [ -157.71096, 21.34174 ], [ -157.71088, 21.34181 ], [ -157.71082, 21.34188 ], [ -157.71082, 21.34195 ], [ -157.71077, 21.34204 ], [ -157.71082, 21.34209 ], [ -157.71088, 21.34215 ], [ -157.71093, 21.34223 ], [ -157.71095, 21.34228 ], [ -157.71101, 21.34234 ], [ -157.711, 21.34242 ], [ -157.71098, 21.34251 ], [ -157.71093, 21.34256 ], [ -157.71087, 21.34259 ], [ -157.71081, 21.34263 ], [ -157.71076, 21.34269 ], [ -157.71072, 21.34276 ], [ -157.71067, 21.34283 ], [ -157.71062, 21.34284 ], [ -157.71055, 21.3429 ], [ -157.71051, 21.34298 ], [ -157.71048, 21.34303 ], [ -157.71043, 21.34303 ], [ -157.71039, 21.343 ], [ -157.71034, 21.34296 ], [ -157.71029, 21.34289 ], [ -157.71026, 21.34281 ], [ -157.71022, 21.34272 ], [ -157.71019, 21.34264 ], [ -157.71014, 21.34254 ], [ -157.71012, 21.34244 ], [ -157.71009, 21.34238 ], [ -157.71005, 21.34233 ], [ -157.71001, 21.34228 ], [ -157.70995, 21.34221 ], [ -157.70991, 21.34213 ], [ -157.70988, 21.34205 ], [ -157.70985, 21.34197 ], [ -157.70983, 21.34188 ], [ -157.70978, 21.34183 ], [ -157.70976, 21.34181 ], [ -157.70974, 21.3418 ], [ -157.70968, 21.34175 ], [ -157.70962, 21.34169 ], [ -157.7096, 21.34164 ], [ -157.70958, 21.34158 ], [ -157.70956, 21.34146 ], [ -157.70953, 21.34136 ], [ -157.70952, 21.3413 ], [ -157.7095, 21.34125 ], [ -157.70951, 21.34118 ], [ -157.70953, 21.34108 ] ] ] } },
{ "type": "Feature", "properties": { "fld_zone": "AO", "depth": 1 }, "bbox": [ -157.71699, 21.34261, -157.7125, 21.34459 ], "geometry": { "type": "Polygon", "coordinates": [ [ [ -157.7125, 21.343 ], [ -157.71252, 21.34301 ], [ -157.71265, 21.3431 ], [ -157.71286, 21.34319 ], [ -157.71299, 21.34325 ], [ -157.71316, 21.34336 ], [ -157.71331, 21.34344 ], [ -157.71342, 21.34351 ], [ -157.71347, 21.34356 ], [ -157.7136, 21.34358 ], [ -157.71375, 21.3436 ], [ -157.71393, 21.34367 ], [ -157.71424, 21.34377 ], [ -157.71436, 21.34382 ], [ -157.71447, 21.34386 ], [ -157.71454, 21.34392 ], [ -157.71463, 21.34397 ], [ -157.71472, 21.34406 ], [ -157.71478, 21.34411 ], [ -157.7149, 21.34416 ], [ -157.71495, 21.3442 ], [ -157.71504, 21.3442 ], [ -157.71514, 21.34417 ], [ -157.71525, 21.34411 ], [ -157.71533, 21.34408 ], [ -157.71541, 21.34407 ], [ -157.71554, 21.3441 ], [ -157.71588, 21.3442 ], [ -157.71598, 21.34425 ], [ -157.71608, 21.34433 ], [ -157.71616, 21.34436 ], [ -157.71623, 21.34441 ], [ -157.71635, 21.34447 ], [ -157.71643, 21.34453 ], [ -157.71652, 21.34456 ], [ -157.71664, 21.34459 ], [ -157.71672, 21.34459 ], [ -157.71679, 21.34457 ], [ -157.71687, 21.34454 ], [ -157.71694, 21.34452 ], [ -157.71699, 21.34447 ], [ -157.71681, 21.34444 ], [ -157.71671, 21.34444 ], [ -157.71665, 21.34442 ], [ -157.71659, 21.34439 ], [ -157.7165, 21.34433 ], [ -157.71643, 21.34431 ], [ -157.71637, 21.34429 ], [ -157.71632, 21.34426 ], [ -157.71622, 21.34423 ], [ -157.71617, 21.34421 ], [ -157.71609, 21.34419 ], [ -157.71599, 21.34416 ], [ -157.71593, 21.34416 ], [ -157.71591, 21.34415 ], [ -157.71577, 21.3441 ], [ -157.7158, 21.34405 ], [ -157.71578, 21.34399 ], [ -157.71575, 21.34391 ], [ -157.71564, 21.34384 ], [ -157.71548, 21.34377 ], [ -157.71536, 21.34374 ], [ -157.71518, 21.34368 ], [ -157.71502, 21.34359 ], [ -157.71486, 21.34349 ], [ -157.71464, 21.34336 ], [ -157.71449, 21.34325 ], [ -157.71433, 21.34314 ], [ -157.71421, 21.34305 ], [ -157.7141, 21.34298 ], [ -157.71402, 21.34294 ], [ -157.71392, 21.3429 ], [ -157.71379, 21.34292 ], [ -157.71369, 21.34288 ], [ -157.71356, 21.34281 ], [ -157.71338, 21.34277 ], [ -157.71327, 21.34272 ], [ -157.71317, 21.3427 ], [ -157.71304, 21.34266 ], [ -157.71294, 21.34265 ], [ -157.71288, 21.34265 ], [ -157.71284, 21.34265 ], [ -157.71283, 21.34265 ], [ -157.71275, 21.34263 ], [ -157.71274, 21.34263 ], [ -157.71263, 21.34263 ], [ -157.71255, 21.34262 ], [ -157.71255, 21.34262 ], [ -157.7125, 21.34261 ], [ -157.7125, 21.343 ] ] ] } },
{ "type": "Feature", "properties": { "fld_zone": "AO", "depth": 2 }, "bbox": [ -157.82559, 21.28207, -157.82404, 21.2829 ], "geometry": { "type": "Polygon", "coordinates": [ [ [ -157.82559, 21.28269 ], [ -157.82542, 21.28255 ], [ -157.82485, 21.28207 ], [ -157.82404, 21.28289 ], [ -157.82446, 21.28286 ], [ -157.82469, 21.28286 ], [ -157.82504, 21.28289 ], [ -157.82537, 21.2829 ], [ -157.82557, 21.28285 ], [ -157.82558, 21.28279 ], [ -157.82559, 21.28269 ] ] ] } },
{ "type": "Feature", "properties": { "fld_zone": "AO", "depth": 3 }, "bbox": [ -157.90138, 21.33671, -157.8964, 21.34299 ], "geometry": { "type": "Polygon", "coordinates": [ [ [ -157.89883, 21.34294 ], [ -157.89886, 21.34299 ], [ -157.89891, 21.34299 ], [ -157.89893, 21.34297 ], [ -157.89893, 21.34296 ], [ -157.89896, 21.34296 ], [ -157.89898, 21.34294 ], [ -157.89899, 21.34293 ], [ -157.899, 21.3429 ], [ -157.89902, 21.34286 ], [ -157.89904, 21.34281 ], [ -157.89907, 21.34278 ], [ -157.89909, 21.34278 ], [ -157.89913, 21.34278 ], [ -157.89914, 21.34279 ], [ -157.89918, 21.34282 ], [ -157.8992, 21.34282 ], [ -157.89922, 21.34282 ], [ -157.89924, 21.34281 ], [ -157.89925, 21.34281 ], [ -157.89925, 21.34281 ], [ -157.89927, 21.34282 ], [ -157.89931, 21.34282 ], [ -157.89934, 21.34282 ], [ -157.89938, 21.34283 ], [ -157.89941, 21.34283 ], [ -157.89942, 21.3428 ], [ -157.89943, 21.34279 ], [ -157.89945, 21.34274 ], [ -157.89946, 21.34272 ], [ -157.89946, 21.34271 ], [ -157.89945, 21.34269 ], [ -157.89942, 21.34266 ], [ -157.8994, 21.3426 ], [ -157.89942, 21.34257 ], [ -157.89942, 21.34256 ], [ -157.89944, 21.34254 ], [ -157.89956, 21.3425 ], [ -157.89963, 21.34252 ], [ -157.89968, 21.34253 ], [ -157.89972, 21.34253 ], [ -157.89979, 21.34252 ], [ -157.89981, 21.34251 ], [ -157.89983, 21.34249 ], [ -157.8999, 21.34244 ], [ -157.89992, 21.34243 ], [ -157.89993, 21.34242 ], [ -157.89995, 21.34241 ], [ -157.89999, 21.34238 ], [ -157.9, 21.34237 ], [ -157.90001, 21.34237 ], [ -157.90007, 21.34232 ], [ -157.90011, 21.34225 ], [ -157.90012, 21.34222 ], [ -157.90011, 21.3422 ], [ -157.90011, 21.34216 ], [ -157.90011, 21.34213 ], [ -157.90017, 21.34204 ], [ -157.90022, 21.34202 ], [ -157.90024, 21.34202 ], [ -157.90025, 21.34201 ], [ -157.90029, 21.342 ], [ -157.90036, 21.34198 ], [ -157.90036, 21.34195 ], [ -157.90036, 21.34189 ], [ -157.90043, 21.34186 ], [ -157.90044, 21.34186 ], [ -157.90047, 21.34187 ], [ -157.90052, 21.34188 ], [ -157.90054, 21.34186 ], [ -157.90056, 21.34184 ], [ -157.90057, 21.34183 ], [ -157.90057, 21.34181 ], [ -157.90058, 21.34178 ], [ -157.90058, 21.3417 ], [ -157.90057, 21.34169 ], [ -157.90056, 21.34167 ], [ -157.90052, 21.34157 ], [ -157.90051, 21.34152 ], [ -157.90054, 21.34149 ], [ -157.90055, 21.34145 ], [ -157.90064, 21.34138 ], [ -157.90071, 21.34136 ], [ -157.90073, 21.34136 ], [ -157.90075, 21.34135 ], [ -157.90076, 21.34133 ], [ -157.90081, 21.3413 ], [ -157.90082, 21.34128 ], [ -157.90082, 21.34125 ], [ -157.90081, 21.34123 ], [ -157.90082, 21.34121 ], [ -157.90082, 21.3412 ], [ -157.90083, 21.34118 ], [ -157.90082, 21.34117 ], [ -157.90091, 21.3411 ], [ -157.90096, 21.34106 ], [ -157.90111, 21.34093 ], [ -157.90113, 21.34088 ], [ -157.90115, 21.34086 ], [ -157.90115, 21.34084 ], [ -157.90115, 21.34082 ], [ -157.90116, 21.34081 ], [ -157.90118, 21.34078 ], [ -157.90118, 21.34074 ], [ -157.90119, 21.34072 ], [ -157.9012, 21.3407 ], [ -157.90121, 21.34067 ], [ -157.90122, 21.34064 ], [ -157.90124, 21.34062 ], [ -157.90125, 21.34061 ], [ -157.90126, 21.34059 ], [ -157.90127, 21.34057 ], [ -157.90128, 21.34055 ], [ -157.90129, 21.34053 ], [ -157.90128, 21.3405 ], [ -157.90129, 21.34047 ], [ -157.90129, 21.34045 ], [ -157.90128, 21.34043 ], [ -157.90128, 21.34041 ], [ -157.90127, 21.34038 ], [ -157.90128, 21.34029 ], [ -157.90128, 21.34024 ], [ -157.90128, 21.3402 ], [ -157.90129, 21.34014 ], [ -157.90129, 21.34011 ], [ -157.90132, 21.34009 ], [ -157.90132, 21.34005 ], [ -157.90132, 21.34004 ], [ -157.90131, 21.34 ], [ -157.90134, 21.33991 ], [ -157.90134, 21.33989 ], [ -157.90138, 21.33985 ], [ -157.90137, 21.33971 ], [ -157.90132, 21.33965 ], [ -157.90126, 21.33958 ], [ -157.90122, 21.33954 ], [ -157.90119, 21.33951 ], [ -157.90101, 21.33947 ], [ -157.90059, 21.33945 ], [ -157.90032, 21.33944 ], [ -157.9002, 21.33936 ], [ -157.90013, 21.3392 ], [ -157.90013, 21.33887 ], [ -157.90009, 21.33868 ], [ -157.90003, 21.33853 ], [ -157.9, 21.33844 ], [ -157.89995, 21.33835 ], [ -157.89993, 21.33832 ], [ -157.89988, 21.33828 ], [ -157.89988, 21.33827 ], [ -157.89986, 21.33822 ], [ -157.89981, 21.33813 ], [ -157.89968, 21.33801 ], [ -157.89966, 21.33799 ], [ -157.89962, 21.33797 ], [ -157.89962, 21.33796 ], [ -157.89963, 21.33795 ], [ -157.89965, 21.33794 ], [ -157.89968, 21.33793 ], [ -157.8997, 21.33792 ], [ -157.89972, 21.3379 ], [ -157.89973, 21.33789 ], [ -157.89974, 21.33788 ], [ -157.89975, 21.33788 ], [ -157.89976, 21.33788 ], [ -157.8998, 21.33786 ], [ -157.89983, 21.33787 ], [ -157.89988, 21.33788 ], [ -157.8999, 21.33788 ], [ -157.89994, 21.33789 ], [ -157.89997, 21.3379 ], [ -157.89999, 21.3379 ], [ -157.9, 21.33791 ], [ -157.90002, 21.33796 ], [ -157.90022, 21.33794 ], [ -157.90026, 21.33794 ], [ -157.90029, 21.33793 ], [ -157.90034, 21.33794 ], [ -157.90039, 21.33793 ], [ -157.9004, 21.33793 ], [ -157.90045, 21.33793 ], [ -157.90049, 21.33793 ], [ -157.90052, 21.33793 ], [ -157.90057, 21.33792 ], [ -157.90061, 21.33791 ], [ -157.90064, 21.3379 ], [ -157.90067, 21.33788 ], [ -157.9007, 21.33787 ], [ -157.90079, 21.33786 ], [ -157.90082, 21.33787 ], [ -157.90089, 21.33788 ], [ -157.90091, 21.33787 ], [ -157.90092, 21.33787 ], [ -157.90106, 21.33777 ], [ -157.90112, 21.33772 ], [ -157.90119, 21.33768 ], [ -157.90119, 21.33767 ], [ -157.9012, 21.33758 ], [ -157.90114, 21.3375 ], [ -157.90114, 21.33749 ], [ -157.90114, 21.33744 ], [ -157.90111, 21.33737 ], [ -157.90111, 21.33736 ], [ -157.9011, 21.33735 ], [ -157.90106, 21.33729 ], [ -157.90099, 21.33721 ], [ -157.90097, 21.33718 ], [ -157.90094, 21.33718 ], [ -157.90093, 21.33717 ], [ -157.9009, 21.33717 ], [ -157.90089, 21.33717 ], [ -157.90086, 21.33716 ], [ -157.90084, 21.33716 ], [ -157.90082, 21.33715 ], [ -157.90076, 21.33715 ], [ -157.90073, 21.33715 ], [ -157.90071, 21.33714 ], [ -157.90064, 21.33714 ], [ -157.90061, 21.33714 ], [ -157.90056, 21.33714 ], [ -157.90053, 21.33714 ], [ -157.90049, 21.33713 ], [ -157.90048, 21.33712 ], [ -157.90046, 21.33713 ], [ -157.90041, 21.33713 ], [ -157.90039, 21.33713 ], [ -157.90035, 21.33711 ], [ -157.90034, 21.33711 ], [ -157.90032, 21.3371 ], [ -157.90028, 21.33707 ], [ -157.90028, 21.33705 ], [ -157.90019, 21.33702 ], [ -157.90006, 21.337 ], [ -157.89982, 21.33702 ], [ -157.89967, 21.33702 ], [ -157.89958, 21.33698 ], [ -157.89955, 21.33686 ], [ -157.89955, 21.33677 ], [ -157.89954, 21.33671 ], [ -157.89953, 21.33671 ], [ -157.89953, 21.33671 ], [ -157.89953, 21.33681 ], [ -157.89952, 21.33689 ], [ -157.89952, 21.33696 ], [ -157.89962, 21.33705 ], [ -157.8998, 21.33708 ], [ -157.89992, 21.33705 ], [ -157.90016, 21.33709 ], [ -157.90031, 21.33721 ], [ -157.90041, 21.33731 ], [ -157.90044, 21.33745 ], [ -157.9005, 21.3375 ], [ -157.9005, 21.33755 ], [ -157.90049, 21.33756 ], [ -157.90047, 21.33759 ], [ -157.90044, 21.33759 ], [ -157.90036, 21.33761 ], [ -157.90031, 21.33762 ], [ -157.90024, 21.33763 ], [ -157.90014, 21.33767 ], [ -157.90008, 21.33769 ], [ -157.89994, 21.33765 ], [ -157.8998, 21.33766 ], [ -157.89964, 21.33769 ], [ -157.89955, 21.33772 ], [ -157.89947, 21.33774 ], [ -157.89928, 21.33776 ], [ -157.8991, 21.33781 ], [ -157.89909, 21.33784 ], [ -157.89907, 21.33785 ], [ -157.89902, 21.33791 ], [ -157.8989, 21.33808 ], [ -157.89889, 21.33819 ], [ -157.89886, 21.33831 ], [ -157.89881, 21.33843 ], [ -157.89881, 21.33858 ], [ -157.89878, 21.33865 ], [ -157.89884, 21.3387 ], [ -157.89892, 21.33875 ], [ -157.89899, 21.33876 ], [ -157.89899, 21.33886 ], [ -157.89896, 21.33898 ], [ -157.89891, 21.33905 ], [ -157.8989, 21.33912 ], [ -157.89898, 21.33917 ], [ -157.8991, 21.33916 ], [ -157.89922, 21.33904 ], [ -157.89941, 21.33903 ], [ -157.8995, 21.33913 ], [ -157.89956, 21.33927 ], [ -157.89964, 21.33942 ], [ -157.89965, 21.33953 ], [ -157.8996, 21.33961 ], [ -157.89956, 21.33971 ], [ -157.89955, 21.3398 ], [ -157.89952, 21.33988 ], [ -157.89942, 21.3399 ], [ -157.89928, 21.33987 ], [ -157.89923, 21.33985 ], [ -157.8992, 21.33982 ], [ -157.89897, 21.33972 ], [ -157.89874, 21.33967 ], [ -157.89851, 21.3397 ], [ -157.89837, 21.33976 ], [ -157.89837, 21.33988 ], [ -157.89839, 21.33998 ], [ -157.89837, 21.34004 ], [ -157.89822, 21.34007 ], [ -157.89805, 21.34007 ], [ -157.89792, 21.34007 ], [ -157.89786, 21.34 ], [ -157.89777, 21.33994 ], [ -157.89759, 21.33985 ], [ -157.89736, 21.33976 ], [ -157.89717, 21.33965 ], [ -157.89707, 21.33959 ], [ -157.89696, 21.33952 ], [ -157.89682, 21.33955 ], [ -157.89676, 21.33965 ], [ -157.89676, 21.33974 ], [ -157.89669, 21.33985 ], [ -157.89656, 21.33986 ], [ -157.89655, 21.33983 ], [ -157.89663, 21.34035 ], [ -157.89663, 21.34153 ], [ -157.89651, 21.34222 ], [ -157.8964, 21.34252 ], [ -157.89642, 21.34251 ], [ -157.89643, 21.34251 ], [ -157.89644, 21.3425 ], [ -157.89645, 21.34249 ], [ -157.89647, 21.34248 ], [ -157.89648, 21.34248 ], [ -157.89657, 21.34244 ], [ -157.89666, 21.34241 ], [ -157.89668, 21.34239 ], [ -157.89672, 21.34241 ], [ -157.89675, 21.34242 ], [ -157.8968, 21.34243 ], [ -157.89689, 21.34247 ], [ -157.89692, 21.34249 ], [ -157.897, 21.34251 ], [ -157.89703, 21.34253 ], [ -157.8971, 21.34252 ], [ -157.89713, 21.34252 ], [ -157.89718, 21.34251 ], [ -157.89719, 21.34251 ], [ -157.89722, 21.34247 ], [ -157.89739, 21.34241 ], [ -157.89741, 21.34242 ], [ -157.89745, 21.34242 ], [ -157.89749, 21.34243 ], [ -157.89751, 21.34243 ], [ -157.89758, 21.34244 ], [ -157.89769, 21.34247 ], [ -157.89773, 21.34248 ], [ -157.89777, 21.3425 ], [ -157.89778, 21.3425 ], [ -157.89787, 21.34257 ], [ -157.89792, 21.34259 ], [ -157.89801, 21.34259 ], [ -157.89803, 21.34258 ], [ -157.89803, 21.34258 ], [ -157.89806, 21.34257 ], [ -157.89808, 21.34256 ], [ -157.89809, 21.34255 ], [ -157.8981, 21.34254 ], [ -157.89813, 21.34255 ], [ -157.89822, 21.34254 ], [ -157.89824, 21.34255 ], [ -157.89825, 21.34256 ], [ -157.89827, 21.34257 ], [ -157.89829, 21.34257 ], [ -157.89832, 21.34256 ], [ -157.89834, 21.34256 ], [ -157.89835, 21.34257 ], [ -157.89837, 21.34257 ], [ -157.89838, 21.34257 ], [ -157.89839, 21.34257 ], [ -157.89841, 21.34258 ], [ -157.89845, 21.34259 ], [ -157.89848, 21.3426 ], [ -157.8985, 21.34261 ], [ -157.89852, 21.34261 ], [ -157.89854, 21.34261 ], [ -157.8986, 21.34262 ], [ -157.89862, 21.34264 ], [ -157.89864, 21.34265 ], [ -157.89866, 21.34265 ], [ -157.89873, 21.34265 ], [ -157.89875, 21.34268 ], [ -157.89876, 21.34271 ], [ -157.89878, 21.34274 ], [ -157.89878, 21.34276 ], [ -157.89878, 21.34277 ], [ -157.89878, 21.34278 ], [ -157.89878, 21.34278 ], [ -157.89878, 21.34284 ], [ -157.8988, 21.34287 ], [ -157.89881, 21.34288 ], [ -157.89884, 21.34292 ], [ -157.89883, 21.34294 ] ] ] } },
{ "type": "Feature", "properties": { "fld_zone": "AO", "depth": 1 }, "bbox": [ -159.3534, 21.95351, -159.35256, 21.95578 ], "geometry": { "type": "Polygon", "coordinates": [ [ [ -159.3534, 21.9549 ], [ -159.35325, 21.95449 ], [ -159.35313, 21.95425 ], [ -159.35312, 21.95421 ], [ -159.353, 21.95369 ], [ -159.35287, 21.95353 ], [ -159.3527, 21.95351 ], [ -159.35258, 21.95359 ], [ -159.35257, 21.95396 ], [ -159.35256, 21.95408 ], [ -159.3526, 21.95411 ], [ -159.35264, 21.95413 ], [ -159.35267, 21.95417 ], [ -159.3527, 21.9542 ], [ -159.35271, 21.95422 ], [ -159.35272, 21.95423 ], [ -159.35273, 21.95428 ], [ -159.35274, 21.95431 ], [ -159.35275, 21.95439 ], [ -159.35276, 21.95445 ], [ -159.35276, 21.95459 ], [ -159.35277, 21.95465 ], [ -159.35278, 21.95472 ], [ -159.35279, 21.95477 ], [ -159.35281, 21.95483 ], [ -159.35282, 21.95487 ], [ -159.35283, 21.9549 ], [ -159.35285, 21.95493 ], [ -159.35293, 21.95507 ], [ -159.35295, 21.9551 ], [ -159.35296, 21.95513 ], [ -159.35297, 21.95518 ], [ -159.35298, 21.95523 ], [ -159.35299, 21.95528 ], [ -159.35301, 21.95543 ], [ -159.35302, 21.95548 ], [ -159.35303, 21.95551 ], [ -159.35304, 21.95556 ], [ -159.35305, 21.95566 ], [ -159.35306, 21.95571 ], [ -159.35307, 21.95573 ], [ -159.35308, 21.95575 ], [ -159.3531, 21.95576 ], [ -159.35311, 21.95577 ], [ -159.35313, 21.95577 ], [ -159.35315, 21.95578 ], [ -159.35317, 21.95578 ], [ -159.35319, 21.95578 ], [ -159.35322, 21.95577 ], [ -159.35324, 21.95577 ], [ -159.35325, 21.95576 ], [ -159.35327, 21.95576 ], [ -159.35328, 21.95575 ], [ -159.35329, 21.95573 ], [ -159.35329, 21.95572 ], [ -159.3533, 21.9557 ], [ -159.35331, 21.95566 ], [ -159.35332, 21.95556 ], [ -159.35333, 21.95551 ], [ -159.35333, 21.95545 ], [ -159.35334, 21.95538 ], [ -159.35334, 21.95531 ], [ -159.35333, 21.95526 ], [ -159.35332, 21.95518 ], [ -159.35332, 21.95515 ], [ -159.35332, 21.95511 ], [ -159.35332, 21.95508 ], [ -159.35333, 21.95504 ], [ -159.35335, 21.95499 ], [ -159.35337, 21.95494 ], [ -159.3534, 21.9549 ] ] ] } },
{ "type": "Feature", "properties": { "fld_zone": "AO", "depth": 2 }, "bbox": [ -155.90515, 19.19668, -155.90363, 19.1983 ], "geometry": { "type": "Polygon", "coordinates": [ [ [ -155.90495, 19.19674 ], [ -155.90477, 19.19673 ], [ -155.90463, 19.19676 ], [ -155.90449, 19.19677 ], [ -155.9043, 19.19671 ], [ -155.9042, 19.19668 ], [ -155.90399, 19.19668 ], [ -155.90385, 19.19676 ], [ -155.90374, 19.19682 ], [ -155.90369, 19.19691 ], [ -155.90363, 19.19702 ], [ -155.90376, 19.19715 ], [ -155.90389, 19.19717 ], [ -155.90405, 19.19718 ], [ -155.90421, 19.19718 ], [ -155.9043, 19.19717 ], [ -155.90443, 19.19725 ], [ -155.90453, 19.19734 ], [ -155.90454, 19.19745 ], [ -155.90464, 19.19752 ], [ -155.9047, 19.19764 ], [ -155.9047, 19.19781 ], [ -155.90466, 19.19789 ], [ -155.90466, 19.19801 ], [ -155.90471, 19.19817 ], [ -155.90481, 19.1983 ], [ -155.90486, 19.1983 ], [ -155.90494, 19.19824 ], [ -155.905, 19.1982 ], [ -155.90508, 19.1982 ], [ -155.90515, 19.19819 ], [ -155.90509, 19.19811 ], [ -155.90504, 19.19802 ], [ -155.90499, 19.19793 ], [ -155.90495, 19.19784 ], [ -155.90491, 19.19774 ], [ -155.90488, 19.19764 ], [ -155.90486, 19.19754 ], [ -155.90485, 19.19744 ], [ -155.90484, 19.19734 ], [ -155.90484, 19.19724 ], [ -155.90485, 19.19714 ], [ -155.90486, 19.19704 ], [ -155.90488, 19.19694 ], [ -155.90491, 19.19684 ], [ -155.90495, 19.19674 ] ] ] } },
{ "type": "Feature", "properties": { "fld_zone": "AO", "depth": 1 }, "bbox": [ -155.90198, 19.20735, -155.89856, 19.2098 ], "geometry": { "type": "Polygon", "coordinates": [ [ [ -155.90198, 19.20743 ], [ -155.90197, 19.20743 ], [ -155.90195, 19.20743 ], [ -155.90193, 19.20744 ], [ -155.90191, 19.20744 ], [ -155.90187, 19.20743 ], [ -155.90171, 19.20735 ], [ -155.90157, 19.20735 ], [ -155.9015, 19.20736 ], [ -155.9013, 19.2074 ], [ -155.90113, 19.2074 ], [ -155.90101, 19.2074 ], [ -155.90088, 19.2074 ], [ -155.90086, 19.2074 ], [ -155.90074, 19.20742 ], [ -155.9006, 19.20748 ], [ -155.90044, 19.20755 ], [ -155.90039, 19.20765 ], [ -155.90034, 19.20772 ], [ -155.90034, 19.2078 ], [ -155.90034, 19.20787 ], [ -155.90031, 19.20792 ], [ -155.90028, 19.20798 ], [ -155.90018, 19.208 ], [ -155.90005, 19.208 ], [ -155.90001, 19.20806 ], [ -155.89991, 19.20813 ], [ -155.89985, 19.20821 ], [ -155.89985, 19.20821 ], [ -155.89974, 19.20824 ], [ -155.89963, 19.20824 ], [ -155.8995, 19.20823 ], [ -155.89934, 19.20822 ], [ -155.89922, 19.20824 ], [ -155.8991, 19.20834 ], [ -155.89898, 19.20852 ], [ -155.89893, 19.20858 ], [ -155.8989, 19.20861 ], [ -155.8988, 19.20866 ], [ -155.89872, 19.20875 ], [ -155.89863, 19.20889 ], [ -155.89858, 19.20895 ], [ -155.89856, 19.20898 ], [ -155.89858, 19.2091 ], [ -155.89862, 19.20918 ], [ -155.89862, 19.20927 ], [ -155.89865, 19.2094 ], [ -155.89865, 19.20947 ], [ -155.89863, 19.20956 ], [ -155.89861, 19.2096 ], [ -155.89862, 19.20965 ], [ -155.89868, 19.20973 ], [ -155.89877, 19.20974 ], [ -155.89882, 19.20974 ], [ -155.89887, 19.20976 ], [ -155.89892, 19.20978 ], [ -155.89893, 19.2098 ], [ -155.89896, 19.20975 ], [ -155.89898, 19.2097 ], [ -155.89899, 19.20968 ], [ -155.899, 19.20962 ], [ -155.89901, 19.20959 ], [ -155.89903, 19.20955 ], [ -155.89906, 19.20949 ], [ -155.89909, 19.20945 ], [ -155.89912, 19.20941 ], [ -155.89914, 19.20939 ], [ -155.89917, 19.20936 ], [ -155.8992, 19.20933 ], [ -155.89923, 19.20931 ], [ -155.89929, 19.20927 ], [ -155.89931, 19.20925 ], [ -155.89933, 19.20924 ], [ -155.89935, 19.20923 ], [ -155.8994, 19.20922 ], [ -155.89942, 19.20921 ], [ -155.89946, 19.20919 ], [ -155.89949, 19.20917 ], [ -155.89952, 19.20916 ], [ -155.89954, 19.20914 ], [ -155.89956, 19.2091 ], [ -155.89959, 19.20907 ], [ -155.89961, 19.20905 ], [ -155.89962, 19.20904 ], [ -155.89964, 19.20903 ], [ -155.89965, 19.20903 ], [ -155.89966, 19.20903 ], [ -155.89971, 19.20903 ], [ -155.89973, 19.20903 ], [ -155.89975, 19.20902 ], [ -155.89976, 19.20901 ], [ -155.89979, 19.20898 ], [ -155.8998, 19.20897 ], [ -155.89982, 19.20895 ], [ -155.89984, 19.20888 ], [ -155.89985, 19.20886 ], [ -155.89986, 19.20883 ], [ -155.89987, 19.20881 ], [ -155.89988, 19.2088 ], [ -155.89989, 19.2088 ], [ -155.89991, 19.20879 ], [ -155.89994, 19.20878 ], [ -155.90001, 19.20878 ], [ -155.90004, 19.20877 ], [ -155.90011, 19.20875 ], [ -155.90014, 19.20874 ], [ -155.90016, 19.20873 ], [ -155.90017, 19.20871 ], [ -155.90019, 19.20868 ], [ -155.90021, 19.20866 ], [ -155.90023, 19.20865 ], [ -155.90027, 19.20863 ], [ -155.90029, 19.20862 ], [ -155.90033, 19.20859 ], [ -155.90037, 19.20856 ], [ -155.90039, 19.20854 ], [ -155.90041, 19.2085 ], [ -155.90043, 19.20848 ], [ -155.90044, 19.20847 ], [ -155.90045, 19.20846 ], [ -155.90052, 19.20843 ], [ -155.90054, 19.20842 ], [ -155.90055, 19.20841 ], [ -155.90058, 19.20838 ], [ -155.90063, 19.20833 ], [ -155.90066, 19.20829 ], [ -155.90071, 19.20822 ], [ -155.90076, 19.20814 ], [ -155.90077, 19.20812 ], [ -155.90079, 19.20811 ], [ -155.90081, 19.2081 ], [ -155.90084, 19.20809 ], [ -155.90088, 19.20808 ], [ -155.90093, 19.20808 ], [ -155.90095, 19.20808 ], [ -155.90097, 19.20808 ], [ -155.901, 19.20807 ], [ -155.90108, 19.20804 ], [ -155.90117, 19.20801 ], [ -155.90119, 19.208 ], [ -155.90121, 19.20799 ], [ -155.90123, 19.20797 ], [ -155.90126, 19.20794 ], [ -155.90127, 19.20792 ], [ -155.90129, 19.20791 ], [ -155.90132, 19.20788 ], [ -155.90138, 19.20783 ], [ -155.90148, 19.20775 ], [ -155.90153, 19.20771 ], [ -155.90158, 19.20767 ], [ -155.90162, 19.20765 ], [ -155.90164, 19.20765 ], [ -155.90168, 19.20764 ], [ -155.9017, 19.20763 ], [ -155.90175, 19.20762 ], [ -155.90179, 19.20759 ], [ -155.90181, 19.20758 ], [ -155.90185, 19.20755 ], [ -155.90188, 19.20752 ], [ -155.90191, 19.20749 ], [ -155.90196, 19.20745 ], [ -155.90198, 19.20743 ] ] ] } },
{ "type": "Feature", "properties": { "fld_zone": "AO", "depth": 1 }, "bbox": [ -155.28645, 19.26499, -155.28488, 19.26583 ], "geometry": { "type": "Polygon", "coordinates": [ [ [ -155.28488, 19.26579 ], [ -155.28518, 19.26577 ], [ -155.28544, 19.26583 ], [ -155.28582, 19.26573 ], [ -155.28605, 19.26557 ], [ -155.28624, 19.26544 ], [ -155.28645, 19.26519 ], [ -155.28632, 19.26516 ], [ -155.28618, 19.26505 ], [ -155.28603, 19.26499 ], [ -155.28589, 19.26499 ], [ -155.28556, 19.26523 ], [ -155.28539, 19.26543 ], [ -155.28515, 19.2656 ], [ -155.28488, 19.26579 ] ] ] } },
{ "type": "Feature", "properties": { "fld_zone": "AO", "depth": 2 }, "bbox": [ -155.88908, 19.28919, -155.88761, 19.29261 ], "geometry": { "type": "Polygon", "coordinates": [ [ [ -155.88855, 19.28928 ], [ -155.88848, 19.28923 ], [ -155.88839, 19.28919 ], [ -155.88826, 19.28919 ], [ -155.88816, 19.28921 ], [ -155.88805, 19.28928 ], [ -155.88798, 19.28937 ], [ -155.88793, 19.2894 ], [ -155.88793, 19.28948 ], [ -155.88788, 19.28952 ], [ -155.88782, 19.28961 ], [ -155.88776, 19.28968 ], [ -155.88775, 19.28979 ], [ -155.88766, 19.28987 ], [ -155.88766, 19.28993 ], [ -155.88766, 19.29004 ], [ -155.88774, 19.29011 ], [ -155.8878, 19.29019 ], [ -155.88781, 19.29028 ], [ -155.8878, 19.29035 ], [ -155.88774, 19.2904 ], [ -155.88767, 19.29046 ], [ -155.88761, 19.29056 ], [ -155.88761, 19.29061 ], [ -155.88768, 19.2907 ], [ -155.88781, 19.29078 ], [ -155.88793, 19.29083 ], [ -155.88806, 19.29085 ], [ -155.88822, 19.29089 ], [ -155.88831, 19.29096 ], [ -155.88842, 19.29105 ], [ -155.88856, 19.29113 ], [ -155.88871, 19.2912 ], [ -155.88876, 19.29127 ], [ -155.88874, 19.29138 ], [ -155.88866, 19.29141 ], [ -155.88859, 19.29144 ], [ -155.88852, 19.29151 ], [ -155.88851, 19.29164 ], [ -155.88847, 19.29169 ], [ -155.88837, 19.29174 ], [ -155.88829, 19.29185 ], [ -155.88831, 19.29192 ], [ -155.88843, 19.29204 ], [ -155.8885, 19.29208 ], [ -155.88857, 19.29214 ], [ -155.88863, 19.2922 ], [ -155.88868, 19.29231 ], [ -155.88869, 19.29236 ], [ -155.88871, 19.29241 ], [ -155.88873, 19.29245 ], [ -155.88878, 19.29255 ], [ -155.8888, 19.2926 ], [ -155.88883, 19.29261 ], [ -155.88884, 19.29249 ], [ -155.88885, 19.29243 ], [ -155.88886, 19.29238 ], [ -155.88888, 19.29226 ], [ -155.88889, 19.29221 ], [ -155.8889, 19.29217 ], [ -155.88892, 19.29209 ], [ -155.88893, 19.29205 ], [ -155.88895, 19.29196 ], [ -155.88899, 19.29174 ], [ -155.889, 19.29172 ], [ -155.889, 19.29169 ], [ -155.88899, 19.29158 ], [ -155.889, 19.29154 ], [ -155.88901, 19.29147 ], [ -155.88904, 19.29128 ], [ -155.88904, 19.29124 ], [ -155.88907, 19.29119 ], [ -155.88907, 19.29117 ], [ -155.88908, 19.29114 ], [ -155.88908, 19.29112 ], [ -155.88908, 19.29105 ], [ -155.88907, 19.29098 ], [ -155.88906, 19.29091 ], [ -155.88905, 19.29083 ], [ -155.88902, 19.29068 ], [ -155.88901, 19.29063 ], [ -155.889, 19.29059 ], [ -155.88898, 19.29054 ], [ -155.88897, 19.2905 ], [ -155.88895, 19.29047 ], [ -155.88893, 19.29044 ], [ -155.88891, 19.29041 ], [ -155.88885, 19.29034 ], [ -155.88882, 19.2903 ], [ -155.8888, 19.29027 ], [ -155.88877, 19.2902 ], [ -155.88875, 19.29018 ], [ -155.88872, 19.29013 ], [ -155.88863, 19.29002 ], [ -155.88861, 19.28999 ], [ -155.8886, 19.28997 ], [ -155.88858, 19.28993 ], [ -155.88856, 19.28989 ], [ -155.88852, 19.28979 ], [ -155.8885, 19.28973 ], [ -155.88849, 19.28968 ], [ -155.88848, 19.28963 ], [ -155.88847, 19.28959 ], [ -155.88846, 19.28953 ], [ -155.88846, 19.28948 ], [ -155.88846, 19.28945 ], [ -155.88847, 19.28942 ], [ -155.88848, 19.28938 ], [ -155.8885, 19.28935 ], [ -155.88853, 19.28932 ], [ -155.88855, 19.28928 ] ] ] } },
{ "type": "Feature", "properties": { "fld_zone": "AO", "depth": 2 }, "bbox": [ -155.90888, 19.40138, -155.90627, 19.40479 ], "geometry": { "type": "Polygon", "coordinates": [ [ [ -155.90888, 19.40138 ], [ -155.90873, 19.40138 ], [ -155.90871, 19.4014 ], [ -155.90847, 19.40147 ], [ -155.9083, 19.40155 ], [ -155.90817, 19.40157 ], [ -155.90804, 19.40158 ], [ -155.90804, 19.40164 ], [ -155.90806, 19.4017 ], [ -155.90807, 19.40178 ], [ -155.90807, 19.4019 ], [ -155.90807, 19.40199 ], [ -155.90807, 19.402 ], [ -155.90807, 19.40202 ], [ -155.90801, 19.40213 ], [ -155.90798, 19.40218 ], [ -155.90794, 19.40223 ], [ -155.90789, 19.40232 ], [ -155.90783, 19.40238 ], [ -155.90779, 19.40239 ], [ -155.9077, 19.40242 ], [ -155.90768, 19.40245 ], [ -155.9075, 19.40262 ], [ -155.90731, 19.40278 ], [ -155.90709, 19.40299 ], [ -155.90681, 19.40316 ], [ -155.90665, 19.4033 ], [ -155.90644, 19.40346 ], [ -155.90632, 19.40357 ], [ -155.90627, 19.4037 ], [ -155.90627, 19.40384 ], [ -155.90629, 19.40397 ], [ -155.90636, 19.40405 ], [ -155.90641, 19.40413 ], [ -155.90641, 19.40427 ], [ -155.90642, 19.40447 ], [ -155.90649, 19.40464 ], [ -155.90652, 19.40472 ], [ -155.90652, 19.40479 ], [ -155.90655, 19.40469 ], [ -155.90657, 19.40461 ], [ -155.90658, 19.40457 ], [ -155.90659, 19.40448 ], [ -155.90659, 19.40446 ], [ -155.9066, 19.40443 ], [ -155.90661, 19.40441 ], [ -155.90662, 19.40439 ], [ -155.90667, 19.4043 ], [ -155.90668, 19.40428 ], [ -155.90669, 19.40426 ], [ -155.90671, 19.40422 ], [ -155.90672, 19.40414 ], [ -155.90673, 19.40411 ], [ -155.90675, 19.40401 ], [ -155.90676, 19.40398 ], [ -155.90677, 19.40395 ], [ -155.90678, 19.40393 ], [ -155.90679, 19.40391 ], [ -155.90681, 19.40389 ], [ -155.90683, 19.40387 ], [ -155.90688, 19.40383 ], [ -155.90694, 19.40379 ], [ -155.90697, 19.40378 ], [ -155.907, 19.40376 ], [ -155.90704, 19.40375 ], [ -155.90715, 19.40373 ], [ -155.90718, 19.40371 ], [ -155.90721, 19.4037 ], [ -155.90727, 19.40368 ], [ -155.9073, 19.40366 ], [ -155.90733, 19.40363 ], [ -155.90736, 19.40361 ], [ -155.90738, 19.40359 ], [ -155.90742, 19.40352 ], [ -155.90744, 19.4035 ], [ -155.90747, 19.40348 ], [ -155.90751, 19.40345 ], [ -155.90755, 19.40343 ], [ -155.90758, 19.40342 ], [ -155.9076, 19.40342 ], [ -155.90762, 19.40342 ], [ -155.90768, 19.40343 ], [ -155.9077, 19.40343 ], [ -155.90773, 19.40343 ], [ -155.90775, 19.40343 ], [ -155.90777, 19.40342 ], [ -155.90778, 19.40341 ], [ -155.9078, 19.40338 ], [ -155.90781, 19.40336 ], [ -155.90782, 19.40333 ], [ -155.90783, 19.40331 ], [ -155.90783, 19.40329 ], [ -155.90784, 19.40327 ], [ -155.90784, 19.40322 ], [ -155.90784, 19.40319 ], [ -155.90785, 19.40316 ], [ -155.90785, 19.40314 ], [ -155.90786, 19.40312 ], [ -155.90787, 19.4031 ], [ -155.90789, 19.40309 ], [ -155.90795, 19.40303 ], [ -155.90797, 19.40302 ], [ -155.90798, 19.403 ], [ -155.908, 19.40298 ], [ -155.90801, 19.40295 ], [ -155.90804, 19.4029 ], [ -155.90809, 19.40282 ], [ -155.90811, 19.40279 ], [ -155.90815, 19.40271 ], [ -155.90816, 19.40269 ], [ -155.90817, 19.40266 ], [ -155.90818, 19.40263 ], [ -155.90818, 19.4026 ], [ -155.90817, 19.4025 ], [ -155.90817, 19.40247 ], [ -155.90817, 19.40239 ], [ -155.90818, 19.40234 ], [ -155.90819, 19.40229 ], [ -155.90822, 19.40224 ], [ -155.90825, 19.40219 ], [ -155.90829, 19.40213 ], [ -155.90831, 19.40211 ], [ -155.90833, 19.40209 ], [ -155.90837, 19.40205 ], [ -155.90839, 19.40203 ], [ -155.9084, 19.40201 ], [ -155.90841, 19.40199 ], [ -155.90841, 19.40197 ], [ -155.90842, 19.4019 ], [ -155.90842, 19.40189 ], [ -155.90843, 19.40187 ], [ -155.90843, 19.40186 ], [ -155.90845, 19.40182 ], [ -155.9085, 19.40177 ], [ -155.90854, 19.40172 ], [ -155.90858, 19.40167 ], [ -155.9086, 19.40165 ], [ -155.90862, 19.40163 ], [ -155.90864, 19.40162 ], [ -155.90872, 19.40157 ], [ -155.90875, 19.40155 ], [ -155.90877, 19.40154 ], [ -155.90879, 19.40152 ], [ -155.90881, 19.40149 ], [ -155.90884, 19.40145 ], [ -155.90886, 19.40142 ], [ -155.90888, 19.40138 ] ] ] } },
{ "type": "Feature", "properties": { "fld_zone": "AO", "depth": 1 }, "bbox": [ -156.00642, 19.81154, -156.00386, 19.81443 ], "geometry": { "type": "Polygon", "coordinates": [ [ [ -156.00392, 19.81441 ], [ -156.00409, 19.81443 ], [ -156.00442, 19.8144 ], [ -156.00471, 19.81439 ], [ -156.00497, 19.81432 ], [ -156.00516, 19.81422 ], [ -156.00533, 19.81409 ], [ -156.00547, 19.81391 ], [ -156.00556, 19.81371 ], [ -156.00565, 19.81348 ], [ -156.00579, 19.81328 ], [ -156.00594, 19.81309 ], [ -156.00611, 19.81282 ], [ -156.0062, 19.81263 ], [ -156.00622, 19.81252 ], [ -156.00622, 19.81251 ], [ -156.00623, 19.81243 ], [ -156.0063, 19.8122 ], [ -156.00637, 19.812 ], [ -156.00642, 19.81174 ], [ -156.00636, 19.81154 ], [ -156.00622, 19.81159 ], [ -156.00612, 19.81159 ], [ -156.00597, 19.8116 ], [ -156.00589, 19.8116 ], [ -156.00581, 19.81162 ], [ -156.00579, 19.81168 ], [ -156.00576, 19.81173 ], [ -156.00575, 19.81182 ], [ -156.00574, 19.81196 ], [ -156.00574, 19.81207 ], [ -156.00568, 19.81215 ], [ -156.00566, 19.81221 ], [ -156.00552, 19.8123 ], [ -156.00542, 19.81241 ], [ -156.00535, 19.81251 ], [ -156.00534, 19.81252 ], [ -156.00528, 19.81261 ], [ -156.00515, 19.81275 ], [ -156.00507, 19.81286 ], [ -156.00506, 19.81297 ], [ -156.00511, 19.8131 ], [ -156.00519, 19.81323 ], [ -156.00515, 19.81328 ], [ -156.00504, 19.81329 ], [ -156.00497, 19.81334 ], [ -156.00497, 19.81345 ], [ -156.00497, 19.81358 ], [ -156.00491, 19.81374 ], [ -156.00483, 19.81385 ], [ -156.00473, 19.81388 ], [ -156.00468, 19.81395 ], [ -156.0047, 19.81404 ], [ -156.0047, 19.8141 ], [ -156.00457, 19.81412 ], [ -156.00438, 19.81421 ], [ -156.00426, 19.81423 ], [ -156.00411, 19.81423 ], [ -156.004, 19.81426 ], [ -156.00388, 19.81431 ], [ -156.00386, 19.8143 ], [ -156.00392, 19.81441 ] ] ] } },
{ "type": "Feature", "properties": { "fld_zone": "AO", "depth": 1 }, "bbox": [ -155.94136, 19.84923, -155.94027, 19.84987 ], "geometry": { "type": "Polygon", "coordinates": [ [ [ -155.94027, 19.8498 ], [ -155.94067, 19.8498 ], [ -155.94091, 19.8498 ], [ -155.94114, 19.8498 ], [ -155.94136, 19.84987 ], [ -155.94135, 19.84985 ], [ -155.94134, 19.84978 ], [ -155.94133, 19.84973 ], [ -155.94128, 19.84965 ], [ -155.94121, 19.84961 ], [ -155.94113, 19.8496 ], [ -155.94103, 19.84959 ], [ -155.941, 19.84959 ], [ -155.94082, 19.84947 ], [ -155.94079, 19.8493 ], [ -155.94078, 19.8493 ], [ -155.94077, 19.84926 ], [ -155.94074, 19.84924 ], [ -155.94072, 19.84923 ], [ -155.94068, 19.84923 ], [ -155.94066, 19.84926 ], [ -155.94063, 19.84929 ], [ -155.94062, 19.84931 ], [ -155.94061, 19.84932 ], [ -155.94052, 19.8495 ], [ -155.94046, 19.84954 ], [ -155.9404, 19.84957 ], [ -155.94036, 19.84959 ], [ -155.94034, 19.84964 ], [ -155.94031, 19.8497 ], [ -155.94029, 19.84975 ], [ -155.94029, 19.84977 ], [ -155.94027, 19.8498 ] ] ] } },
{ "type": "Feature", "properties": { "fld_zone": "AO", "depth": 2 }, "bbox": [ -155.95775, 19.851, -155.95356, 19.85227 ], "geometry": { "type": "Polygon", "coordinates": [ [ [ -155.95356, 19.85198 ], [ -155.95392, 19.85193 ], [ -155.95426, 19.85199 ], [ -155.95454, 19.852 ], [ -155.95492, 19.85197 ], [ -155.95524, 19.852 ], [ -155.95559, 19.85205 ], [ -155.9556, 19.85205 ], [ -155.95581, 19.85206 ], [ -155.95586, 19.85207 ], [ -155.95609, 19.85211 ], [ -155.9563, 19.85213 ], [ -155.95664, 19.85218 ], [ -155.95696, 19.85222 ], [ -155.95712, 19.85227 ], [ -155.95732, 19.85226 ], [ -155.95749, 19.85224 ], [ -155.95773, 19.85214 ], [ -155.95775, 19.85214 ], [ -155.95774, 19.85213 ], [ -155.95768, 19.85212 ], [ -155.95756, 19.85209 ], [ -155.9575, 19.85207 ], [ -155.95744, 19.85205 ], [ -155.95721, 19.85197 ], [ -155.95713, 19.85194 ], [ -155.95705, 19.85191 ], [ -155.95697, 19.85189 ], [ -155.95693, 19.85189 ], [ -155.95685, 19.85188 ], [ -155.95681, 19.85188 ], [ -155.95679, 19.85187 ], [ -155.95678, 19.85187 ], [ -155.95676, 19.85186 ], [ -155.95675, 19.85185 ], [ -155.95675, 19.85184 ], [ -155.95674, 19.85182 ], [ -155.95672, 19.85176 ], [ -155.95671, 19.85174 ], [ -155.95668, 19.85165 ], [ -155.95666, 19.85162 ], [ -155.95665, 19.85159 ], [ -155.95662, 19.85155 ], [ -155.9566, 19.85151 ], [ -155.95657, 19.85148 ], [ -155.95655, 19.85146 ], [ -155.95652, 19.85143 ], [ -155.9565, 19.85142 ], [ -155.95647, 19.8514 ], [ -155.95645, 19.85139 ], [ -155.95643, 19.85139 ], [ -155.9564, 19.85139 ], [ -155.95637, 19.85139 ], [ -155.95629, 19.85139 ], [ -155.95625, 19.85139 ], [ -155.95621, 19.85139 ], [ -155.95613, 19.85136 ], [ -155.9561, 19.85136 ], [ -155.95607, 19.85135 ], [ -155.95604, 19.85135 ], [ -155.95601, 19.85136 ], [ -155.95599, 19.85137 ], [ -155.95596, 19.85139 ], [ -155.9559, 19.85144 ], [ -155.95587, 19.85146 ], [ -155.95585, 19.85148 ], [ -155.95582, 19.85149 ], [ -155.95577, 19.8515 ], [ -155.95572, 19.85151 ], [ -155.95568, 19.85151 ], [ -155.95565, 19.85151 ], [ -155.95562, 19.8515 ], [ -155.9556, 19.85149 ], [ -155.95558, 19.85147 ], [ -155.95556, 19.85145 ], [ -155.95553, 19.85142 ], [ -155.95551, 19.85138 ], [ -155.95546, 19.85128 ], [ -155.95545, 19.85126 ], [ -155.95544, 19.85123 ], [ -155.95542, 19.85113 ], [ -155.95541, 19.85109 ], [ -155.95541, 19.85108 ], [ -155.9554, 19.85106 ], [ -155.95539, 19.85105 ], [ -155.95538, 19.85104 ], [ -155.95537, 19.85103 ], [ -155.95535, 19.85103 ], [ -155.95532, 19.85102 ], [ -155.95528, 19.85102 ], [ -155.95519, 19.85101 ], [ -155.95507, 19.851 ], [ -155.95502, 19.851 ], [ -155.95498, 19.851 ], [ -155.95495, 19.851 ], [ -155.95491, 19.85101 ], [ -155.95488, 19.85101 ], [ -155.95485, 19.85102 ], [ -155.95483, 19.85103 ], [ -155.9548, 19.85105 ], [ -155.95477, 19.85107 ], [ -155.95469, 19.85114 ], [ -155.95467, 19.85115 ], [ -155.95464, 19.85117 ], [ -155.95461, 19.85118 ], [ -155.95456, 19.85119 ], [ -155.95452, 19.8512 ], [ -155.95438, 19.85122 ], [ -155.95434, 19.85123 ], [ -155.9543, 19.85124 ], [ -155.95425, 19.85126 ], [ -155.9542, 19.85129 ], [ -155.95415, 19.85131 ], [ -155.95411, 19.85134 ], [ -155.95407, 19.85137 ], [ -155.95403, 19.85139 ], [ -155.954, 19.85142 ], [ -155.95397, 19.85145 ], [ -155.95395, 19.85147 ], [ -155.95394, 19.8515 ], [ -155.95392, 19.85153 ], [ -155.95387, 19.85164 ], [ -155.95386, 19.85167 ], [ -155.95384, 19.85169 ], [ -155.9538, 19.85173 ], [ -155.95371, 19.85182 ], [ -155.95368, 19.85185 ], [ -155.95361, 19.85194 ], [ -155.95359, 19.85196 ], [ -155.95356, 19.85198 ] ] ] } },
{ "type": "Feature", "properties": { "fld_zone": "AO", "depth": 1 }, "bbox": [ -155.92228, 19.85425, -155.92059, 19.85504 ], "geometry": { "type": "Polygon", "coordinates": [ [ [ -155.92059, 19.85463 ], [ -155.92064, 19.85475 ], [ -155.92074, 19.8549 ], [ -155.92088, 19.85497 ], [ -155.92093, 19.85499 ], [ -155.92107, 19.85504 ], [ -155.92114, 19.85496 ], [ -155.92125, 19.85493 ], [ -155.92135, 19.85494 ], [ -155.92143, 19.85496 ], [ -155.92156, 19.85496 ], [ -155.92171, 19.85495 ], [ -155.92181, 19.85493 ], [ -155.92195, 19.85493 ], [ -155.92212, 19.85494 ], [ -155.92228, 19.85493 ], [ -155.92219, 19.85483 ], [ -155.92217, 19.85474 ], [ -155.92213, 19.85458 ], [ -155.92192, 19.85457 ], [ -155.9216, 19.85436 ], [ -155.92157, 19.85434 ], [ -155.92139, 19.85427 ], [ -155.92109, 19.85425 ], [ -155.9209, 19.85434 ], [ -155.92068, 19.85452 ], [ -155.92064, 19.85452 ], [ -155.92062, 19.85453 ], [ -155.92063, 19.85453 ], [ -155.92063, 19.85456 ], [ -155.92059, 19.85463 ] ] ] } },
{ "type": "Feature", "properties": { "fld_zone": "AO", "depth": 2 }, "bbox": [ -156.05922, 19.7197, -156.05388, 19.72592 ], "geometry": { "type": "Polygon", "coordinates": [ [ [ -156.05388, 19.7197 ], [ -156.05388, 19.71971 ], [ -156.05389, 19.71979 ], [ -156.05392, 19.71994 ], [ -156.05403, 19.72031 ], [ -156.05421, 19.72058 ], [ -156.0544, 19.72106 ], [ -156.05467, 19.72154 ], [ -156.05476, 19.72175 ], [ -156.05497, 19.72202 ], [ -156.0551, 19.72218 ], [ -156.05516, 19.72226 ], [ -156.05516, 19.72236 ], [ -156.05506, 19.72249 ], [ -156.0549, 19.72267 ], [ -156.05477, 19.72283 ], [ -156.05467, 19.72296 ], [ -156.05468, 19.72306 ], [ -156.05477, 19.72318 ], [ -156.05484, 19.72326 ], [ -156.055, 19.72339 ], [ -156.05517, 19.72354 ], [ -156.05521, 19.72358 ], [ -156.0552, 19.72372 ], [ -156.05518, 19.72386 ], [ -156.05522, 19.72397 ], [ -156.05525, 19.7241 ], [ -156.05541, 19.72425 ], [ -156.05551, 19.72425 ], [ -156.05569, 19.7243 ], [ -156.05579, 19.72443 ], [ -156.05578, 19.72457 ], [ -156.05583, 19.72466 ], [ -156.05596, 19.7248 ], [ -156.05612, 19.72484 ], [ -156.05627, 19.72481 ], [ -156.05639, 19.72476 ], [ -156.05646, 19.72472 ], [ -156.05659, 19.72466 ], [ -156.05673, 19.72466 ], [ -156.05689, 19.72473 ], [ -156.0571, 19.7247 ], [ -156.05721, 19.7246 ], [ -156.05743, 19.72462 ], [ -156.05755, 19.72466 ], [ -156.05768, 19.72476 ], [ -156.0577, 19.72478 ], [ -156.05783, 19.72504 ], [ -156.058, 19.72523 ], [ -156.05821, 19.7254 ], [ -156.0585, 19.72554 ], [ -156.05877, 19.72567 ], [ -156.05901, 19.72579 ], [ -156.05914, 19.72586 ], [ -156.05919, 19.7259 ], [ -156.05922, 19.72592 ], [ -156.05918, 19.72587 ], [ -156.05914, 19.7258 ], [ -156.05904, 19.72563 ], [ -156.05894, 19.72547 ], [ -156.05886, 19.72535 ], [ -156.0588, 19.72526 ], [ -156.05878, 19.72523 ], [ -156.05876, 19.72521 ], [ -156.05873, 19.72518 ], [ -156.05869, 19.72515 ], [ -156.05855, 19.72504 ], [ -156.05849, 19.72499 ], [ -156.05844, 19.72494 ], [ -156.05841, 19.72492 ], [ -156.05839, 19.72489 ], [ -156.05837, 19.72486 ], [ -156.05835, 19.72482 ], [ -156.05828, 19.72471 ], [ -156.05828, 19.72469 ], [ -156.05818, 19.72452 ], [ -156.05803, 19.72428 ], [ -156.05797, 19.72417 ], [ -156.05784, 19.72392 ], [ -156.05778, 19.72382 ], [ -156.0577, 19.72368 ], [ -156.05767, 19.72364 ], [ -156.05765, 19.72361 ], [ -156.0576, 19.72356 ], [ -156.05751, 19.72347 ], [ -156.05748, 19.72343 ], [ -156.0574, 19.72334 ], [ -156.05733, 19.72325 ], [ -156.05727, 19.72318 ], [ -156.05726, 19.72316 ], [ -156.05723, 19.72312 ], [ -156.05721, 19.72307 ], [ -156.05719, 19.72303 ], [ -156.05718, 19.723 ], [ -156.05718, 19.72297 ], [ -156.05717, 19.72285 ], [ -156.05716, 19.72273 ], [ -156.05716, 19.7227 ], [ -156.05715, 19.72268 ], [ -156.05713, 19.72262 ], [ -156.05711, 19.72258 ], [ -156.05709, 19.72255 ], [ -156.05708, 19.72254 ], [ -156.05707, 19.72253 ], [ -156.05705, 19.72252 ], [ -156.05702, 19.72251 ], [ -156.05699, 19.7225 ], [ -156.05692, 19.72249 ], [ -156.05689, 19.72249 ], [ -156.0568, 19.72246 ], [ -156.05674, 19.72244 ], [ -156.05669, 19.72241 ], [ -156.05666, 19.7224 ], [ -156.05665, 19.72238 ], [ -156.05662, 19.72236 ], [ -156.05659, 19.72233 ], [ -156.05656, 19.72229 ], [ -156.05651, 19.72222 ], [ -156.05647, 19.72216 ], [ -156.0564, 19.72203 ], [ -156.05638, 19.722 ], [ -156.05636, 19.72197 ], [ -156.05632, 19.72193 ], [ -156.05628, 19.72188 ], [ -156.05623, 19.72184 ], [ -156.05611, 19.72174 ], [ -156.05607, 19.72171 ], [ -156.05604, 19.72168 ], [ -156.05601, 19.72165 ], [ -156.05598, 19.7216 ], [ -156.0559, 19.72151 ], [ -156.05587, 19.72147 ], [ -156.05583, 19.72143 ], [ -156.0558, 19.72139 ], [ -156.05575, 19.72135 ], [ -156.05561, 19.72127 ], [ -156.05556, 19.72123 ], [ -156.0555, 19.72118 ], [ -156.05545, 19.72112 ], [ -156.05539, 19.72106 ], [ -156.05529, 19.72093 ], [ -156.05519, 19.72081 ], [ -156.05504, 19.72062 ], [ -156.05489, 19.72041 ], [ -156.05486, 19.72037 ], [ -156.05482, 19.72032 ], [ -156.05474, 19.72023 ], [ -156.05471, 19.7202 ], [ -156.05468, 19.72018 ], [ -156.05465, 19.72016 ], [ -156.05461, 19.72015 ], [ -156.05457, 19.72013 ], [ -156.05447, 19.72011 ], [ -156.05444, 19.7201 ], [ -156.0544, 19.72009 ], [ -156.05437, 19.72007 ], [ -156.05435, 19.72005 ], [ -156.05432, 19.72003 ], [ -156.0542, 19.71994 ], [ -156.05404, 19.71983 ], [ -156.05396, 19.71977 ], [ -156.05388, 19.7197 ] ] ] } },
{ "type": "Feature", "properties": { "fld_zone": "AO", "depth": 1 }, "bbox": [ -156.04888, 19.75766, -156.04808, 19.75859 ], "geometry": { "type": "Polygon", "coordinates": [ [ [ -156.04885, 19.75768 ], [ -156.0488, 19.75774 ], [ -156.04872, 19.75774 ], [ -156.04864, 19.75768 ], [ -156.04859, 19.75766 ], [ -156.04854, 19.75766 ], [ -156.04847, 19.75766 ], [ -156.0484, 19.75768 ], [ -156.04829, 19.75774 ], [ -156.04826, 19.75778 ], [ -156.04821, 19.75784 ], [ -156.04817, 19.75789 ], [ -156.0481, 19.75789 ], [ -156.04808, 19.75794 ], [ -156.04808, 19.758 ], [ -156.04815, 19.75809 ], [ -156.04818, 19.75817 ], [ -156.04825, 19.75824 ], [ -156.04835, 19.75832 ], [ -156.04839, 19.75834 ], [ -156.0484, 19.75843 ], [ -156.04835, 19.75844 ], [ -156.04827, 19.75852 ], [ -156.04826, 19.75852 ], [ -156.04824, 19.75859 ], [ -156.04841, 19.75855 ], [ -156.04851, 19.75852 ], [ -156.04864, 19.75852 ], [ -156.04869, 19.75845 ], [ -156.04862, 19.75836 ], [ -156.04854, 19.7583 ], [ -156.04849, 19.75818 ], [ -156.04856, 19.75806 ], [ -156.04866, 19.75798 ], [ -156.04878, 19.75794 ], [ -156.04888, 19.75784 ], [ -156.04888, 19.75774 ], [ -156.04885, 19.75768 ] ] ] } },
{ "type": "Feature", "properties": { "fld_zone": "AO", "depth": 1 }, "bbox": [ -156.05042, 19.75899, -156.04741, 19.7619 ], "geometry": { "type": "Polygon", "coordinates": [ [ [ -156.04865, 19.75923 ], [ -156.04858, 19.75925 ], [ -156.04848, 19.75925 ], [ -156.04846, 19.7592 ], [ -156.04837, 19.75911 ], [ -156.04831, 19.75907 ], [ -156.0483, 19.75907 ], [ -156.04827, 19.75903 ], [ -156.04814, 19.75902 ], [ -156.04805, 19.75899 ], [ -156.04796, 19.759 ], [ -156.04792, 19.75908 ], [ -156.04782, 19.7591 ], [ -156.0477, 19.75909 ], [ -156.04757, 19.75909 ], [ -156.04755, 19.75915 ], [ -156.04755, 19.75925 ], [ -156.04759, 19.75932 ], [ -156.04761, 19.75939 ], [ -156.04751, 19.75946 ], [ -156.04742, 19.75949 ], [ -156.04741, 19.75959 ], [ -156.04752, 19.75968 ], [ -156.04755, 19.75968 ], [ -156.04763, 19.75977 ], [ -156.04763, 19.75992 ], [ -156.04761, 19.76006 ], [ -156.04763, 19.76016 ], [ -156.04775, 19.7603 ], [ -156.04779, 19.76043 ], [ -156.04788, 19.76054 ], [ -156.048, 19.7607 ], [ -156.04811, 19.7609 ], [ -156.04818, 19.76104 ], [ -156.04814, 19.76115 ], [ -156.04814, 19.76126 ], [ -156.0482, 19.76142 ], [ -156.04828, 19.76153 ], [ -156.04837, 19.76165 ], [ -156.04847, 19.76177 ], [ -156.04853, 19.76182 ], [ -156.04864, 19.76182 ], [ -156.04879, 19.76174 ], [ -156.04888, 19.76168 ], [ -156.049, 19.76156 ], [ -156.04904, 19.76145 ], [ -156.04913, 19.76137 ], [ -156.0492, 19.76129 ], [ -156.04935, 19.76127 ], [ -156.04949, 19.76127 ], [ -156.04962, 19.76127 ], [ -156.04974, 19.76131 ], [ -156.04987, 19.76129 ], [ -156.05001, 19.76139 ], [ -156.05014, 19.76153 ], [ -156.05021, 19.76163 ], [ -156.0502, 19.7617 ], [ -156.05023, 19.76182 ], [ -156.05026, 19.7619 ], [ -156.05029, 19.76185 ], [ -156.0504, 19.76175 ], [ -156.05042, 19.7616 ], [ -156.05039, 19.76147 ], [ -156.05028, 19.76134 ], [ -156.0501, 19.76118 ], [ -156.04988, 19.76106 ], [ -156.04971, 19.76094 ], [ -156.04952, 19.76078 ], [ -156.0494, 19.76065 ], [ -156.0493, 19.76055 ], [ -156.04925, 19.76049 ], [ -156.04919, 19.76042 ], [ -156.04909, 19.76032 ], [ -156.04905, 19.76028 ], [ -156.04898, 19.76021 ], [ -156.04882, 19.76002 ], [ -156.04882, 19.76 ], [ -156.0488, 19.75999 ], [ -156.04873, 19.75985 ], [ -156.04868, 19.75972 ], [ -156.04862, 19.75955 ], [ -156.04864, 19.75937 ], [ -156.04865, 19.75923 ] ] ] } },
{ "type": "Feature", "properties": { "fld_zone": "AO", "depth": 1 }, "bbox": [ -156.04902, 19.76837, -156.04832, 19.77037 ], "geometry": { "type": "Polygon", "coordinates": [ [ [ -156.04881, 19.76837 ], [ -156.04874, 19.76851 ], [ -156.04858, 19.76869 ], [ -156.04852, 19.76887 ], [ -156.04839, 19.7691 ], [ -156.04836, 19.76924 ], [ -156.04832, 19.76938 ], [ -156.04833, 19.76964 ], [ -156.04839, 19.76988 ], [ -156.04839, 19.76988 ], [ -156.0484, 19.7699 ], [ -156.04841, 19.76995 ], [ -156.04855, 19.7701 ], [ -156.04875, 19.77023 ], [ -156.0489, 19.77037 ], [ -156.04891, 19.77004 ], [ -156.04899, 19.76983 ], [ -156.04902, 19.76934 ], [ -156.04894, 19.7688 ], [ -156.04881, 19.76837 ] ] ] } },
{ "type": "Feature", "properties": { "fld_zone": "AO", "depth": 1 }, "bbox": [ -156.04516, 19.7785, -156.03824, 19.78153 ], "geometry": { "type": "Polygon", "coordinates": [ [ [ -156.03973, 19.78144 ], [ -156.03978, 19.78146 ], [ -156.03982, 19.78148 ], [ -156.03986, 19.78149 ], [ -156.0399, 19.78151 ], [ -156.03996, 19.78152 ], [ -156.03999, 19.78153 ], [ -156.04002, 19.78153 ], [ -156.04005, 19.78153 ], [ -156.04007, 19.78153 ], [ -156.04012, 19.78152 ], [ -156.04019, 19.78151 ], [ -156.04024, 19.78149 ], [ -156.04032, 19.78145 ], [ -156.04036, 19.78143 ], [ -156.04039, 19.78142 ], [ -156.04042, 19.78141 ], [ -156.04045, 19.78141 ], [ -156.04053, 19.78141 ], [ -156.04056, 19.78141 ], [ -156.04059, 19.78141 ], [ -156.04064, 19.78139 ], [ -156.04068, 19.78138 ], [ -156.04079, 19.78133 ], [ -156.04082, 19.78132 ], [ -156.04086, 19.78131 ], [ -156.04094, 19.7813 ], [ -156.04102, 19.78129 ], [ -156.0411, 19.78128 ], [ -156.04118, 19.78128 ], [ -156.04122, 19.78129 ], [ -156.04127, 19.78129 ], [ -156.04144, 19.78133 ], [ -156.04151, 19.78134 ], [ -156.04164, 19.78135 ], [ -156.04168, 19.78135 ], [ -156.04172, 19.78135 ], [ -156.04177, 19.78135 ], [ -156.04182, 19.78134 ], [ -156.04186, 19.78133 ], [ -156.0419, 19.78132 ], [ -156.04193, 19.7813 ], [ -156.04196, 19.78128 ], [ -156.04199, 19.78126 ], [ -156.04207, 19.78119 ], [ -156.04217, 19.78111 ], [ -156.04221, 19.78108 ], [ -156.04224, 19.78105 ], [ -156.04227, 19.78101 ], [ -156.04228, 19.78099 ], [ -156.0423, 19.78096 ], [ -156.04233, 19.78087 ], [ -156.04233, 19.78083 ], [ -156.04234, 19.78076 ], [ -156.04235, 19.78073 ], [ -156.04236, 19.7807 ], [ -156.04237, 19.78068 ], [ -156.04237, 19.78067 ], [ -156.04239, 19.78066 ], [ -156.04241, 19.78065 ], [ -156.04249, 19.78061 ], [ -156.04253, 19.78059 ], [ -156.04254, 19.78059 ], [ -156.04257, 19.78058 ], [ -156.04266, 19.78055 ], [ -156.04271, 19.78054 ], [ -156.04282, 19.78052 ], [ -156.04285, 19.78051 ], [ -156.04288, 19.7805 ], [ -156.0429, 19.78048 ], [ -156.04293, 19.78047 ], [ -156.04295, 19.78045 ], [ -156.04298, 19.78043 ], [ -156.043, 19.7804 ], [ -156.04303, 19.78038 ], [ -156.04305, 19.78035 ], [ -156.04307, 19.78032 ], [ -156.04308, 19.7803 ], [ -156.04311, 19.78024 ], [ -156.04313, 19.78021 ], [ -156.04315, 19.78019 ], [ -156.04319, 19.78016 ], [ -156.04323, 19.78014 ], [ -156.04332, 19.78009 ], [ -156.04336, 19.78006 ], [ -156.04341, 19.78004 ], [ -156.04356, 19.77998 ], [ -156.04361, 19.77996 ], [ -156.04366, 19.77993 ], [ -156.0437, 19.77991 ], [ -156.04373, 19.77989 ], [ -156.04377, 19.77986 ], [ -156.04384, 19.7798 ], [ -156.0439, 19.77974 ], [ -156.04396, 19.77968 ], [ -156.04405, 19.77959 ], [ -156.04413, 19.77951 ], [ -156.0443, 19.77933 ], [ -156.04438, 19.77925 ], [ -156.04446, 19.77918 ], [ -156.04465, 19.77903 ], [ -156.04469, 19.779 ], [ -156.04473, 19.77896 ], [ -156.04478, 19.77891 ], [ -156.04489, 19.7788 ], [ -156.04493, 19.77875 ], [ -156.04499, 19.7787 ], [ -156.04505, 19.77865 ], [ -156.0451, 19.7786 ], [ -156.04516, 19.77856 ], [ -156.04515, 19.77855 ], [ -156.04484, 19.7785 ], [ -156.04448, 19.77852 ], [ -156.04436, 19.77855 ], [ -156.0442, 19.7786 ], [ -156.04405, 19.77874 ], [ -156.04389, 19.77892 ], [ -156.04388, 19.7791 ], [ -156.04369, 19.77934 ], [ -156.04349, 19.77947 ], [ -156.0433, 19.77959 ], [ -156.0433, 19.77959 ], [ -156.04314, 19.77967 ], [ -156.04283, 19.77978 ], [ -156.04244, 19.77988 ], [ -156.04228, 19.77998 ], [ -156.04221, 19.78003 ], [ -156.04205, 19.78016 ], [ -156.04184, 19.78025 ], [ -156.04167, 19.78025 ], [ -156.04153, 19.78025 ], [ -156.04144, 19.78035 ], [ -156.04129, 19.78052 ], [ -156.04126, 19.78054 ], [ -156.0411, 19.78068 ], [ -156.041, 19.78076 ], [ -156.04083, 19.78079 ], [ -156.04071, 19.78077 ], [ -156.0405, 19.7806 ], [ -156.04038, 19.7806 ], [ -156.04012, 19.78055 ], [ -156.0397, 19.78056 ], [ -156.03923, 19.78066 ], [ -156.03888, 19.7808 ], [ -156.03856, 19.78093 ], [ -156.03848, 19.78097 ], [ -156.03829, 19.78105 ], [ -156.03824, 19.78107 ], [ -156.03836, 19.78108 ], [ -156.03848, 19.78108 ], [ -156.03859, 19.7811 ], [ -156.03871, 19.78112 ], [ -156.0388, 19.78114 ], [ -156.03901, 19.78119 ], [ -156.0391, 19.78121 ], [ -156.03913, 19.78121 ], [ -156.03917, 19.78122 ], [ -156.03922, 19.78122 ], [ -156.03933, 19.78122 ], [ -156.0394, 19.78123 ], [ -156.03943, 19.78123 ], [ -156.03947, 19.78124 ], [ -156.0395, 19.78125 ], [ -156.0395, 19.78126 ], [ -156.03952, 19.78127 ], [ -156.03955, 19.78129 ], [ -156.03961, 19.78135 ], [ -156.03964, 19.78137 ], [ -156.03969, 19.78141 ], [ -156.03973, 19.78144 ] ] ] } },
{ "type": "Feature", "properties": { "fld_zone": "AO", "depth": 2 }, "bbox": [ -156.0269, 19.79069, -156.02248, 19.7962 ], "geometry": { "type": "Polygon", "coordinates": [ [ [ -156.02253, 19.79597 ], [ -156.02253, 19.79605 ], [ -156.02254, 19.79608 ], [ -156.02255, 19.79613 ], [ -156.02255, 19.79613 ], [ -156.02256, 19.79617 ], [ -156.02256, 19.79618 ], [ -156.02256, 19.7962 ], [ -156.02257, 19.7962 ], [ -156.02257, 19.7962 ], [ -156.02271, 19.79617 ], [ -156.0229, 19.79607 ], [ -156.02312, 19.79597 ], [ -156.02341, 19.79591 ], [ -156.0236, 19.7959 ], [ -156.0238, 19.79592 ], [ -156.02411, 19.79597 ], [ -156.02441, 19.7959 ], [ -156.02461, 19.79584 ], [ -156.02511, 19.79571 ], [ -156.0254, 19.79559 ], [ -156.0256, 19.7955 ], [ -156.02571, 19.79538 ], [ -156.02576, 19.79529 ], [ -156.02577, 19.79527 ], [ -156.02575, 19.79508 ], [ -156.02572, 19.79494 ], [ -156.02576, 19.7947 ], [ -156.02589, 19.79434 ], [ -156.02585, 19.79402 ], [ -156.02584, 19.79397 ], [ -156.02582, 19.79391 ], [ -156.02575, 19.79368 ], [ -156.02572, 19.79353 ], [ -156.02571, 19.79343 ], [ -156.02573, 19.79327 ], [ -156.0259, 19.79287 ], [ -156.02608, 19.79268 ], [ -156.0263, 19.79251 ], [ -156.02643, 19.79246 ], [ -156.02657, 19.79244 ], [ -156.02667, 19.79247 ], [ -156.02674, 19.79253 ], [ -156.02675, 19.79257 ], [ -156.02676, 19.79265 ], [ -156.02676, 19.79274 ], [ -156.02685, 19.79279 ], [ -156.0269, 19.79274 ], [ -156.02689, 19.79264 ], [ -156.02688, 19.79262 ], [ -156.02686, 19.79259 ], [ -156.02685, 19.79252 ], [ -156.02683, 19.79246 ], [ -156.0268, 19.79232 ], [ -156.02677, 19.79218 ], [ -156.02674, 19.79208 ], [ -156.02673, 19.792 ], [ -156.02669, 19.7919 ], [ -156.02669, 19.79178 ], [ -156.02666, 19.79173 ], [ -156.02666, 19.79173 ], [ -156.02658, 19.79179 ], [ -156.02645, 19.79177 ], [ -156.02641, 19.79173 ], [ -156.02634, 19.79168 ], [ -156.02635, 19.79164 ], [ -156.02643, 19.79159 ], [ -156.02647, 19.79154 ], [ -156.02643, 19.79147 ], [ -156.02634, 19.79151 ], [ -156.02629, 19.79152 ], [ -156.02624, 19.79147 ], [ -156.02626, 19.79137 ], [ -156.02634, 19.79131 ], [ -156.02644, 19.79134 ], [ -156.02651, 19.79132 ], [ -156.02653, 19.79127 ], [ -156.02647, 19.79121 ], [ -156.02638, 19.79118 ], [ -156.02632, 19.79115 ], [ -156.0262, 19.79119 ], [ -156.0261, 19.79123 ], [ -156.026, 19.79123 ], [ -156.02591, 19.79127 ], [ -156.02581, 19.79128 ], [ -156.02581, 19.79123 ], [ -156.02586, 19.79118 ], [ -156.02583, 19.79112 ], [ -156.02583, 19.79105 ], [ -156.02575, 19.79099 ], [ -156.02572, 19.79095 ], [ -156.02576, 19.79084 ], [ -156.02568, 19.79083 ], [ -156.02563, 19.79079 ], [ -156.02562, 19.79075 ], [ -156.02555, 19.79075 ], [ -156.02551, 19.79072 ], [ -156.02551, 19.79081 ], [ -156.02557, 19.79086 ], [ -156.02548, 19.79087 ], [ -156.02544, 19.79095 ], [ -156.02536, 19.79102 ], [ -156.02526, 19.791 ], [ -156.02527, 19.79117 ], [ -156.02512, 19.79117 ], [ -156.02505, 19.79122 ], [ -156.02498, 19.79119 ], [ -156.02495, 19.79111 ], [ -156.02505, 19.79105 ], [ -156.02508, 19.79097 ], [ -156.02502, 19.79088 ], [ -156.02498, 19.79084 ], [ -156.02494, 19.79075 ], [ -156.02482, 19.79069 ], [ -156.02474, 19.79072 ], [ -156.0247, 19.79077 ], [ -156.0247, 19.79086 ], [ -156.02475, 19.79089 ], [ -156.02478, 19.79096 ], [ -156.02474, 19.79106 ], [ -156.02469, 19.79099 ], [ -156.02466, 19.79092 ], [ -156.02457, 19.791 ], [ -156.02448, 19.79102 ], [ -156.02441, 19.79099 ], [ -156.02428, 19.79098 ], [ -156.02423, 19.79103 ], [ -156.02425, 19.79106 ], [ -156.02413, 19.79115 ], [ -156.02403, 19.79111 ], [ -156.024, 19.79117 ], [ -156.02389, 19.79122 ], [ -156.02386, 19.7913 ], [ -156.02388, 19.79135 ], [ -156.02389, 19.79143 ], [ -156.02382, 19.79148 ], [ -156.02374, 19.79148 ], [ -156.0237, 19.79157 ], [ -156.02367, 19.79164 ], [ -156.02372, 19.7917 ], [ -156.02376, 19.79175 ], [ -156.0237, 19.79181 ], [ -156.02364, 19.79181 ], [ -156.02357, 19.79182 ], [ -156.02349, 19.79184 ], [ -156.02341, 19.79193 ], [ -156.02333, 19.79204 ], [ -156.02326, 19.79208 ], [ -156.02325, 19.79216 ], [ -156.02324, 19.79227 ], [ -156.02328, 19.79228 ], [ -156.02337, 19.79219 ], [ -156.02346, 19.79218 ], [ -156.02357, 19.79217 ], [ -156.02365, 19.79214 ], [ -156.02373, 19.79216 ], [ -156.0238, 19.79217 ], [ -156.02387, 19.79214 ], [ -156.02393, 19.79217 ], [ -156.024, 19.79219 ], [ -156.02412, 19.79227 ], [ -156.02408, 19.79236 ], [ -156.024, 19.79244 ], [ -156.02391, 19.79252 ], [ -156.02394, 19.79261 ], [ -156.02403, 19.79264 ], [ -156.02405, 19.79271 ], [ -156.02408, 19.79278 ], [ -156.02414, 19.79283 ], [ -156.02422, 19.7929 ], [ -156.02428, 19.793 ], [ -156.02428, 19.79307 ], [ -156.02433, 19.7931 ], [ -156.02438, 19.79314 ], [ -156.02444, 19.79319 ], [ -156.02451, 19.79325 ], [ -156.02458, 19.79326 ], [ -156.02471, 19.79328 ], [ -156.02476, 19.79336 ], [ -156.02476, 19.79345 ], [ -156.02476, 19.79354 ], [ -156.02474, 19.79357 ], [ -156.02462, 19.79348 ], [ -156.02455, 19.79349 ], [ -156.0244, 19.79346 ], [ -156.02439, 19.79351 ], [ -156.02445, 19.79361 ], [ -156.02449, 19.79371 ], [ -156.02449, 19.79382 ], [ -156.0245, 19.79389 ], [ -156.02454, 19.79394 ], [ -156.02455, 19.79405 ], [ -156.02455, 19.79407 ], [ -156.02455, 19.79407 ], [ -156.02455, 19.79414 ], [ -156.02451, 19.79425 ], [ -156.02451, 19.7944 ], [ -156.02455, 19.79445 ], [ -156.02459, 19.79451 ], [ -156.0246, 19.79461 ], [ -156.0246, 19.79471 ], [ -156.02457, 19.79479 ], [ -156.0246, 19.79477 ], [ -156.02466, 19.79475 ], [ -156.0247, 19.79484 ], [ -156.02462, 19.79493 ], [ -156.02453, 19.79492 ], [ -156.02443, 19.79491 ], [ -156.02438, 19.79486 ], [ -156.02429, 19.79491 ], [ -156.02426, 19.79493 ], [ -156.02426, 19.795 ], [ -156.02429, 19.79508 ], [ -156.02432, 19.79512 ], [ -156.0242, 19.79512 ], [ -156.02413, 19.79514 ], [ -156.02404, 19.7951 ], [ -156.02396, 19.79508 ], [ -156.02392, 19.79497 ], [ -156.02389, 19.79496 ], [ -156.02385, 19.79502 ], [ -156.02377, 19.79507 ], [ -156.0238, 19.79514 ], [ -156.02382, 19.7952 ], [ -156.02387, 19.79525 ], [ -156.02384, 19.79534 ], [ -156.02372, 19.79532 ], [ -156.02371, 19.79525 ], [ -156.02368, 19.79517 ], [ -156.0237, 19.79508 ], [ -156.02372, 19.79498 ], [ -156.0237, 19.79491 ], [ -156.0237, 19.7949 ], [ -156.0237, 19.79485 ], [ -156.02368, 19.79479 ], [ -156.02366, 19.79478 ], [ -156.02361, 19.79477 ], [ -156.02353, 19.79469 ], [ -156.02355, 19.79461 ], [ -156.02352, 19.79451 ], [ -156.02349, 19.79444 ], [ -156.02346, 19.79431 ], [ -156.02338, 19.79423 ], [ -156.02327, 19.79423 ], [ -156.02316, 19.79423 ], [ -156.02311, 19.79424 ], [ -156.02314, 19.79433 ], [ -156.0231, 19.7944 ], [ -156.02309, 19.79448 ], [ -156.02298, 19.79443 ], [ -156.02294, 19.79441 ], [ -156.02292, 19.79448 ], [ -156.02286, 19.79452 ], [ -156.02281, 19.79459 ], [ -156.02278, 19.79469 ], [ -156.02272, 19.79476 ], [ -156.02269, 19.79489 ], [ -156.02262, 19.79496 ], [ -156.02263, 19.79508 ], [ -156.02266, 19.79517 ], [ -156.02255, 19.79523 ], [ -156.02252, 19.79541 ], [ -156.02257, 19.79547 ], [ -156.02258, 19.79553 ], [ -156.0226, 19.79563 ], [ -156.0226, 19.79575 ], [ -156.02257, 19.79576 ], [ -156.02248, 19.7958 ], [ -156.02253, 19.79597 ] ] ] } },
{ "type": "Feature", "properties": { "fld_zone": "AO", "depth": 1 }, "bbox": [ -155.92027, 19.85476, -155.9187, 19.8564 ], "geometry": { "type": "Polygon", "coordinates": [ [ [ -155.92003, 19.85476 ], [ -155.91994, 19.85484 ], [ -155.91982, 19.85494 ], [ -155.91969, 19.85508 ], [ -155.91962, 19.85518 ], [ -155.91954, 19.8553 ], [ -155.91953, 19.85538 ], [ -155.91942, 19.85545 ], [ -155.91928, 19.85545 ], [ -155.91912, 19.85548 ], [ -155.91906, 19.85548 ], [ -155.91906, 19.85548 ], [ -155.91904, 19.85548 ], [ -155.91901, 19.8555 ], [ -155.91896, 19.85553 ], [ -155.91893, 19.8556 ], [ -155.91895, 19.85567 ], [ -155.91894, 19.85567 ], [ -155.91895, 19.85577 ], [ -155.91897, 19.8559 ], [ -155.91892, 19.856 ], [ -155.91889, 19.85606 ], [ -155.91887, 19.85609 ], [ -155.91884, 19.85613 ], [ -155.91881, 19.85615 ], [ -155.91876, 19.85618 ], [ -155.91871, 19.85625 ], [ -155.9187, 19.8563 ], [ -155.91871, 19.85636 ], [ -155.91874, 19.85638 ], [ -155.91881, 19.8564 ], [ -155.91885, 19.85639 ], [ -155.91888, 19.85638 ], [ -155.91892, 19.85636 ], [ -155.91897, 19.85633 ], [ -155.919, 19.85631 ], [ -155.91902, 19.85631 ], [ -155.91902, 19.85631 ], [ -155.91915, 19.85624 ], [ -155.9192, 19.85623 ], [ -155.91929, 19.85624 ], [ -155.91935, 19.8562 ], [ -155.91935, 19.8561 ], [ -155.91933, 19.85594 ], [ -155.91931, 19.85587 ], [ -155.91931, 19.85581 ], [ -155.91935, 19.85576 ], [ -155.9194, 19.85573 ], [ -155.91947, 19.85568 ], [ -155.91955, 19.85564 ], [ -155.9196, 19.85562 ], [ -155.91966, 19.85563 ], [ -155.91968, 19.85562 ], [ -155.91988, 19.85556 ], [ -155.91989, 19.85555 ], [ -155.91994, 19.85554 ], [ -155.91999, 19.85552 ], [ -155.92001, 19.85549 ], [ -155.92002, 19.85546 ], [ -155.92011, 19.85538 ], [ -155.92012, 19.85537 ], [ -155.92024, 19.85527 ], [ -155.92027, 19.85519 ], [ -155.92027, 19.85507 ], [ -155.92027, 19.85496 ], [ -155.92025, 19.85483 ], [ -155.92017, 19.85476 ], [ -155.92003, 19.85476 ] ] ] } },
{ "type": "Feature", "properties": { "fld_zone": "AO", "depth": 2 }, "bbox": [ -155.90712, 19.88574, -155.90492, 19.88874 ], "geometry": { "type": "Polygon", "coordinates": [ [ [ -155.90492, 19.88805 ], [ -155.90493, 19.88807 ], [ -155.90494, 19.88822 ], [ -155.905, 19.88831 ], [ -155.90508, 19.88846 ], [ -155.90508, 19.88847 ], [ -155.9052, 19.88858 ], [ -155.90528, 19.88874 ], [ -155.90543, 19.88854 ], [ -155.9056, 19.88814 ], [ -155.90586, 19.88773 ], [ -155.90612, 19.8873 ], [ -155.90625, 19.88717 ], [ -155.90651, 19.88689 ], [ -155.90678, 19.88651 ], [ -155.90706, 19.88611 ], [ -155.90708, 19.88603 ], [ -155.90709, 19.88598 ], [ -155.90712, 19.88588 ], [ -155.90706, 19.88589 ], [ -155.90698, 19.88585 ], [ -155.90688, 19.88576 ], [ -155.90676, 19.88574 ], [ -155.90675, 19.88574 ], [ -155.90657, 19.88576 ], [ -155.90641, 19.8859 ], [ -155.90637, 19.88604 ], [ -155.90636, 19.88635 ], [ -155.90633, 19.88648 ], [ -155.90625, 19.88653 ], [ -155.90614, 19.88659 ], [ -155.90609, 19.88673 ], [ -155.90602, 19.88692 ], [ -155.9058, 19.88714 ], [ -155.90549, 19.88727 ], [ -155.90528, 19.88738 ], [ -155.90523, 19.88739 ], [ -155.90511, 19.88751 ], [ -155.90503, 19.8877 ], [ -155.90497, 19.88788 ], [ -155.90492, 19.88805 ] ] ] } },
{ "type": "Feature", "properties": { "fld_zone": "AO", "depth": 1 }, "bbox": [ -155.65472, 20.02078, -155.64533, 20.02762 ], "geometry": { "type": "Polygon", "coordinates": [ [ [ -155.64548, 20.02757 ], [ -155.6455, 20.02758 ], [ -155.64554, 20.02759 ], [ -155.64557, 20.0276 ], [ -155.6456, 20.02761 ], [ -155.64561, 20.02761 ], [ -155.64561, 20.02762 ], [ -155.64566, 20.02761 ], [ -155.64571, 20.0276 ], [ -155.64574, 20.0276 ], [ -155.64576, 20.0276 ], [ -155.64578, 20.02759 ], [ -155.64579, 20.02759 ], [ -155.64582, 20.02757 ], [ -155.64584, 20.02756 ], [ -155.64587, 20.02757 ], [ -155.64589, 20.02758 ], [ -155.64592, 20.02758 ], [ -155.64593, 20.02758 ], [ -155.64595, 20.02757 ], [ -155.64596, 20.02757 ], [ -155.64597, 20.02756 ], [ -155.64598, 20.02756 ], [ -155.64599, 20.02756 ], [ -155.64602, 20.02757 ], [ -155.64603, 20.02758 ], [ -155.64605, 20.02758 ], [ -155.64607, 20.02758 ], [ -155.64609, 20.02758 ], [ -155.64612, 20.02758 ], [ -155.64615, 20.02758 ], [ -155.64618, 20.02757 ], [ -155.6462, 20.02756 ], [ -155.64623, 20.02755 ], [ -155.64625, 20.02753 ], [ -155.64626, 20.02752 ], [ -155.64626, 20.02751 ], [ -155.64627, 20.02749 ], [ -155.64628, 20.02747 ], [ -155.64628, 20.02745 ], [ -155.64628, 20.02744 ], [ -155.6463, 20.0274 ], [ -155.6463, 20.02737 ], [ -155.64631, 20.02735 ], [ -155.64632, 20.02732 ], [ -155.64633, 20.0273 ], [ -155.64634, 20.02728 ], [ -155.64634, 20.02726 ], [ -155.64636, 20.02718 ], [ -155.64636, 20.02712 ], [ -155.64635, 20.02704 ], [ -155.64635, 20.02697 ], [ -155.64634, 20.02694 ], [ -155.64634, 20.02691 ], [ -155.64634, 20.02686 ], [ -155.64635, 20.02682 ], [ -155.64637, 20.02679 ], [ -155.64638, 20.02677 ], [ -155.6464, 20.02675 ], [ -155.6464, 20.02675 ], [ -155.64642, 20.02674 ], [ -155.64644, 20.02674 ], [ -155.64647, 20.02673 ], [ -155.64649, 20.02673 ], [ -155.64653, 20.02672 ], [ -155.64657, 20.02672 ], [ -155.6466, 20.02672 ], [ -155.64666, 20.02673 ], [ -155.64673, 20.02673 ], [ -155.64677, 20.02672 ], [ -155.6468, 20.02671 ], [ -155.64683, 20.0267 ], [ -155.6469, 20.02666 ], [ -155.64694, 20.02664 ], [ -155.64697, 20.02661 ], [ -155.64701, 20.02658 ], [ -155.64702, 20.02654 ], [ -155.64703, 20.02652 ], [ -155.64703, 20.0265 ], [ -155.64702, 20.02646 ], [ -155.64699, 20.02639 ], [ -155.64696, 20.02635 ], [ -155.64693, 20.0263 ], [ -155.64687, 20.02622 ], [ -155.64686, 20.0262 ], [ -155.64686, 20.02618 ], [ -155.64685, 20.02617 ], [ -155.64685, 20.02615 ], [ -155.64685, 20.02614 ], [ -155.64686, 20.02613 ], [ -155.64687, 20.02614 ], [ -155.64689, 20.02615 ], [ -155.64692, 20.02617 ], [ -155.64696, 20.02622 ], [ -155.647, 20.02626 ], [ -155.64705, 20.02631 ], [ -155.64708, 20.02632 ], [ -155.64712, 20.02633 ], [ -155.64715, 20.02633 ], [ -155.6472, 20.02632 ], [ -155.64724, 20.0263 ], [ -155.64725, 20.02629 ], [ -155.64726, 20.02627 ], [ -155.64727, 20.02624 ], [ -155.64728, 20.02622 ], [ -155.6473, 20.02617 ], [ -155.64733, 20.02614 ], [ -155.64735, 20.02612 ], [ -155.64739, 20.0261 ], [ -155.64742, 20.02609 ], [ -155.64745, 20.02609 ], [ -155.64748, 20.02609 ], [ -155.6475, 20.02608 ], [ -155.64754, 20.02607 ], [ -155.64756, 20.02606 ], [ -155.64758, 20.02605 ], [ -155.64762, 20.02603 ], [ -155.64766, 20.02601 ], [ -155.64771, 20.02596 ], [ -155.64774, 20.02592 ], [ -155.64779, 20.02588 ], [ -155.64784, 20.02585 ], [ -155.64789, 20.02583 ], [ -155.64793, 20.02581 ], [ -155.64796, 20.0258 ], [ -155.648, 20.0258 ], [ -155.64806, 20.02579 ], [ -155.64813, 20.02579 ], [ -155.64819, 20.02578 ], [ -155.64829, 20.02572 ], [ -155.64836, 20.02566 ], [ -155.6484, 20.02559 ], [ -155.64842, 20.02553 ], [ -155.64844, 20.02546 ], [ -155.64848, 20.02542 ], [ -155.64854, 20.02539 ], [ -155.64859, 20.02538 ], [ -155.64866, 20.0254 ], [ -155.64881, 20.02547 ], [ -155.6489, 20.0255 ], [ -155.64898, 20.02555 ], [ -155.64914, 20.02561 ], [ -155.64924, 20.02567 ], [ -155.64931, 20.02571 ], [ -155.64934, 20.02573 ], [ -155.64937, 20.02575 ], [ -155.64941, 20.02577 ], [ -155.64951, 20.0258 ], [ -155.64958, 20.02581 ], [ -155.64967, 20.0258 ], [ -155.64973, 20.0258 ], [ -155.64977, 20.02578 ], [ -155.64983, 20.02576 ], [ -155.64988, 20.02573 ], [ -155.64996, 20.02568 ], [ -155.65012, 20.02557 ], [ -155.65021, 20.02547 ], [ -155.65024, 20.02543 ], [ -155.65029, 20.0254 ], [ -155.65036, 20.02536 ], [ -155.65045, 20.02531 ], [ -155.65053, 20.02523 ], [ -155.65062, 20.02508 ], [ -155.65064, 20.0249 ], [ -155.65063, 20.02477 ], [ -155.65063, 20.02465 ], [ -155.65064, 20.02449 ], [ -155.65065, 20.02436 ], [ -155.65065, 20.02429 ], [ -155.65065, 20.02422 ], [ -155.65066, 20.0242 ], [ -155.65066, 20.02417 ], [ -155.65067, 20.02415 ], [ -155.65069, 20.02412 ], [ -155.65071, 20.0241 ], [ -155.65075, 20.02407 ], [ -155.65077, 20.02406 ], [ -155.65079, 20.02405 ], [ -155.6508, 20.02403 ], [ -155.6508, 20.02401 ], [ -155.65081, 20.02399 ], [ -155.65083, 20.02394 ], [ -155.65084, 20.0239 ], [ -155.65086, 20.02384 ], [ -155.65088, 20.02375 ], [ -155.65089, 20.02369 ], [ -155.6509, 20.02365 ], [ -155.65089, 20.02361 ], [ -155.65089, 20.02356 ], [ -155.65088, 20.02353 ], [ -155.65087, 20.0235 ], [ -155.65087, 20.02347 ], [ -155.65086, 20.02345 ], [ -155.65085, 20.0234 ], [ -155.65084, 20.02335 ], [ -155.65083, 20.02328 ], [ -155.65082, 20.02322 ], [ -155.65082, 20.02321 ], [ -155.65082, 20.0232 ], [ -155.65082, 20.02319 ], [ -155.65082, 20.02319 ], [ -155.65083, 20.02318 ], [ -155.65085, 20.02317 ], [ -155.65086, 20.02317 ], [ -155.65088, 20.02317 ], [ -155.65089, 20.02318 ], [ -155.65091, 20.02319 ], [ -155.65092, 20.02321 ], [ -155.65093, 20.02323 ], [ -155.65094, 20.02325 ], [ -155.65095, 20.02327 ], [ -155.65095, 20.02329 ], [ -155.65096, 20.0233 ], [ -155.65098, 20.02332 ], [ -155.65099, 20.02333 ], [ -155.651, 20.02334 ], [ -155.65103, 20.02334 ], [ -155.65104, 20.02334 ], [ -155.65106, 20.02334 ], [ -155.65109, 20.02333 ], [ -155.65111, 20.02333 ], [ -155.65113, 20.02332 ], [ -155.65115, 20.02332 ], [ -155.65117, 20.02332 ], [ -155.65119, 20.02332 ], [ -155.6512, 20.02331 ], [ -155.65121, 20.0233 ], [ -155.65123, 20.0233 ], [ -155.65125, 20.02331 ], [ -155.65127, 20.02331 ], [ -155.65128, 20.02333 ], [ -155.65129, 20.02335 ], [ -155.65129, 20.02336 ], [ -155.65129, 20.02338 ], [ -155.65129, 20.0234 ], [ -155.65129, 20.02342 ], [ -155.6513, 20.02344 ], [ -155.65133, 20.02347 ], [ -155.65135, 20.02347 ], [ -155.65138, 20.02347 ], [ -155.65143, 20.02346 ], [ -155.65145, 20.02347 ], [ -155.65148, 20.02348 ], [ -155.65151, 20.02351 ], [ -155.65153, 20.02355 ], [ -155.65155, 20.0236 ], [ -155.65156, 20.02363 ], [ -155.65156, 20.02371 ], [ -155.65157, 20.02373 ], [ -155.65162, 20.02379 ], [ -155.65165, 20.02382 ], [ -155.65168, 20.02387 ], [ -155.65171, 20.02389 ], [ -155.65174, 20.02391 ], [ -155.65177, 20.02391 ], [ -155.6518, 20.0239 ], [ -155.65182, 20.02389 ], [ -155.65182, 20.02387 ], [ -155.65183, 20.02383 ], [ -155.65182, 20.0238 ], [ -155.65181, 20.02376 ], [ -155.65176, 20.02363 ], [ -155.65173, 20.02355 ], [ -155.65171, 20.02351 ], [ -155.6517, 20.02349 ], [ -155.6517, 20.02347 ], [ -155.65168, 20.02346 ], [ -155.65168, 20.02345 ], [ -155.65166, 20.02343 ], [ -155.65166, 20.02342 ], [ -155.65166, 20.0234 ], [ -155.65166, 20.02337 ], [ -155.65167, 20.02336 ], [ -155.65168, 20.02334 ], [ -155.65169, 20.02333 ], [ -155.6517, 20.02333 ], [ -155.65171, 20.02333 ], [ -155.65173, 20.02337 ], [ -155.65177, 20.02338 ], [ -155.65181, 20.02339 ], [ -155.65183, 20.0234 ], [ -155.65184, 20.02339 ], [ -155.65183, 20.02335 ], [ -155.65182, 20.02333 ], [ -155.65182, 20.0233 ], [ -155.65183, 20.02326 ], [ -155.65184, 20.02322 ], [ -155.65185, 20.02316 ], [ -155.65186, 20.02312 ], [ -155.65188, 20.0231 ], [ -155.6519, 20.02309 ], [ -155.65193, 20.02307 ], [ -155.65197, 20.02305 ], [ -155.65201, 20.02303 ], [ -155.65203, 20.02302 ], [ -155.65205, 20.02301 ], [ -155.65207, 20.02301 ], [ -155.6521, 20.023 ], [ -155.65212, 20.023 ], [ -155.65214, 20.02299 ], [ -155.65216, 20.02297 ], [ -155.65218, 20.02294 ], [ -155.65221, 20.02291 ], [ -155.65223, 20.02288 ], [ -155.65225, 20.02284 ], [ -155.65226, 20.02281 ], [ -155.65227, 20.02278 ], [ -155.65226, 20.02275 ], [ -155.65227, 20.02269 ], [ -155.65227, 20.02265 ], [ -155.65227, 20.02261 ], [ -155.65227, 20.02255 ], [ -155.65228, 20.02253 ], [ -155.65228, 20.02252 ], [ -155.65229, 20.0225 ], [ -155.65231, 20.02248 ], [ -155.65235, 20.02248 ], [ -155.65238, 20.02248 ], [ -155.65242, 20.02249 ], [ -155.65246, 20.02249 ], [ -155.65252, 20.02249 ], [ -155.65261, 20.0225 ], [ -155.65268, 20.02248 ], [ -155.65274, 20.02242 ], [ -155.65278, 20.02238 ], [ -155.65283, 20.02234 ], [ -155.6529, 20.02231 ], [ -155.653, 20.02228 ], [ -155.65309, 20.02225 ], [ -155.65318, 20.02223 ], [ -155.65334, 20.02219 ], [ -155.65341, 20.02218 ], [ -155.65349, 20.02217 ], [ -155.65365, 20.02216 ], [ -155.6538, 20.02215 ], [ -155.65388, 20.02215 ], [ -155.65397, 20.02214 ], [ -155.65406, 20.02214 ], [ -155.65415, 20.02214 ], [ -155.6544, 20.02214 ], [ -155.65453, 20.02208 ], [ -155.65472, 20.02199 ], [ -155.65471, 20.02197 ], [ -155.65464, 20.02183 ], [ -155.6546, 20.02178 ], [ -155.65453, 20.02168 ], [ -155.65443, 20.02154 ], [ -155.65434, 20.02137 ], [ -155.65424, 20.02121 ], [ -155.65418, 20.02112 ], [ -155.65418, 20.02112 ], [ -155.65418, 20.02112 ], [ -155.65418, 20.02111 ], [ -155.65418, 20.02111 ], [ -155.65418, 20.02111 ], [ -155.65417, 20.0211 ], [ -155.65417, 20.02109 ], [ -155.65417, 20.02108 ], [ -155.65417, 20.02107 ], [ -155.65417, 20.02105 ], [ -155.65416, 20.02103 ], [ -155.65416, 20.02102 ], [ -155.65416, 20.02101 ], [ -155.6541, 20.02096 ], [ -155.654, 20.02087 ], [ -155.6538, 20.02081 ], [ -155.65362, 20.02078 ], [ -155.65349, 20.02078 ], [ -155.65334, 20.02079 ], [ -155.65325, 20.02081 ], [ -155.65318, 20.02085 ], [ -155.65315, 20.0209 ], [ -155.65313, 20.02096 ], [ -155.65311, 20.021 ], [ -155.65308, 20.0211 ], [ -155.65306, 20.02117 ], [ -155.65303, 20.02123 ], [ -155.65299, 20.02126 ], [ -155.65294, 20.0213 ], [ -155.6529, 20.02132 ], [ -155.65287, 20.02132 ], [ -155.6528, 20.02133 ], [ -155.65269, 20.02135 ], [ -155.6526, 20.02137 ], [ -155.65245, 20.02139 ], [ -155.65237, 20.0214 ], [ -155.65232, 20.0214 ], [ -155.65226, 20.0214 ], [ -155.65222, 20.0214 ], [ -155.65218, 20.0214 ], [ -155.65216, 20.02139 ], [ -155.65213, 20.02137 ], [ -155.65207, 20.02135 ], [ -155.652, 20.02133 ], [ -155.65194, 20.02132 ], [ -155.65186, 20.02132 ], [ -155.65177, 20.02133 ], [ -155.65172, 20.02135 ], [ -155.65165, 20.02142 ], [ -155.65159, 20.02151 ], [ -155.65151, 20.02165 ], [ -155.65149, 20.02169 ], [ -155.65147, 20.02173 ], [ -155.65145, 20.02177 ], [ -155.65142, 20.02183 ], [ -155.6514, 20.02188 ], [ -155.65138, 20.02195 ], [ -155.65135, 20.02201 ], [ -155.65134, 20.02206 ], [ -155.65133, 20.02212 ], [ -155.65132, 20.02216 ], [ -155.6513, 20.02222 ], [ -155.6513, 20.02226 ], [ -155.65129, 20.02229 ], [ -155.65128, 20.02233 ], [ -155.65126, 20.02236 ], [ -155.65124, 20.02239 ], [ -155.65123, 20.02241 ], [ -155.6512, 20.02244 ], [ -155.65117, 20.02246 ], [ -155.65113, 20.02249 ], [ -155.65107, 20.02251 ], [ -155.65101, 20.02253 ], [ -155.65093, 20.02255 ], [ -155.65086, 20.02258 ], [ -155.65081, 20.0226 ], [ -155.65079, 20.02261 ], [ -155.65076, 20.02263 ], [ -155.65066, 20.02267 ], [ -155.6506, 20.0227 ], [ -155.65055, 20.02273 ], [ -155.65051, 20.02275 ], [ -155.65045, 20.02278 ], [ -155.6504, 20.0228 ], [ -155.65037, 20.02284 ], [ -155.65035, 20.02287 ], [ -155.65033, 20.02292 ], [ -155.65032, 20.02295 ], [ -155.65032, 20.02298 ], [ -155.65032, 20.023 ], [ -155.65032, 20.02306 ], [ -155.65033, 20.02313 ], [ -155.65033, 20.02319 ], [ -155.65034, 20.02324 ], [ -155.65035, 20.02328 ], [ -155.65035, 20.02332 ], [ -155.65036, 20.02335 ], [ -155.65036, 20.02337 ], [ -155.65036, 20.02338 ], [ -155.65036, 20.02338 ], [ -155.65036, 20.02341 ], [ -155.65034, 20.02343 ], [ -155.65032, 20.02346 ], [ -155.65027, 20.02348 ], [ -155.65024, 20.02349 ], [ -155.65017, 20.0235 ], [ -155.65008, 20.02351 ], [ -155.64999, 20.0235 ], [ -155.64988, 20.02349 ], [ -155.64981, 20.02348 ], [ -155.64978, 20.02348 ], [ -155.64972, 20.02347 ], [ -155.64966, 20.02346 ], [ -155.64958, 20.02345 ], [ -155.6495, 20.02344 ], [ -155.64935, 20.02343 ], [ -155.64927, 20.02343 ], [ -155.64913, 20.02344 ], [ -155.64909, 20.02345 ], [ -155.64905, 20.02347 ], [ -155.64904, 20.02348 ], [ -155.64903, 20.02348 ], [ -155.64901, 20.0235 ], [ -155.649, 20.02352 ], [ -155.64899, 20.02355 ], [ -155.64899, 20.02359 ], [ -155.649, 20.02364 ], [ -155.649, 20.02367 ], [ -155.64901, 20.02371 ], [ -155.649, 20.02377 ], [ -155.64898, 20.02381 ], [ -155.64898, 20.02387 ], [ -155.64898, 20.02391 ], [ -155.64897, 20.02394 ], [ -155.64897, 20.02396 ], [ -155.64896, 20.02398 ], [ -155.64894, 20.02399 ], [ -155.64888, 20.02402 ], [ -155.64877, 20.02402 ], [ -155.6487, 20.02404 ], [ -155.64862, 20.02405 ], [ -155.64851, 20.02407 ], [ -155.6484, 20.02409 ], [ -155.64833, 20.02411 ], [ -155.64828, 20.02411 ], [ -155.64823, 20.02412 ], [ -155.64813, 20.02412 ], [ -155.64804, 20.02413 ], [ -155.64793, 20.02413 ], [ -155.6478, 20.02413 ], [ -155.6477, 20.02413 ], [ -155.64756, 20.02414 ], [ -155.64742, 20.02415 ], [ -155.64728, 20.02415 ], [ -155.64715, 20.02417 ], [ -155.64703, 20.0242 ], [ -155.64694, 20.02425 ], [ -155.64682, 20.02431 ], [ -155.6467, 20.02438 ], [ -155.6465, 20.02449 ], [ -155.64639, 20.02458 ], [ -155.6463, 20.02463 ], [ -155.64625, 20.02468 ], [ -155.64621, 20.02475 ], [ -155.64619, 20.02482 ], [ -155.64618, 20.02486 ], [ -155.64616, 20.02494 ], [ -155.64614, 20.02502 ], [ -155.64613, 20.02509 ], [ -155.64613, 20.02516 ], [ -155.64613, 20.02523 ], [ -155.64613, 20.0253 ], [ -155.64612, 20.02539 ], [ -155.6461, 20.02545 ], [ -155.64608, 20.02552 ], [ -155.64605, 20.02561 ], [ -155.64602, 20.02571 ], [ -155.64601, 20.02574 ], [ -155.64601, 20.02577 ], [ -155.64603, 20.0258 ], [ -155.64604, 20.02583 ], [ -155.64604, 20.02588 ], [ -155.64604, 20.02591 ], [ -155.64604, 20.02595 ], [ -155.64603, 20.02597 ], [ -155.64602, 20.026 ], [ -155.64599, 20.02601 ], [ -155.64596, 20.02603 ], [ -155.64593, 20.02606 ], [ -155.6459, 20.02609 ], [ -155.64588, 20.02613 ], [ -155.64588, 20.02616 ], [ -155.64587, 20.0262 ], [ -155.64588, 20.02625 ], [ -155.64588, 20.02628 ], [ -155.64589, 20.0263 ], [ -155.6459, 20.02632 ], [ -155.64591, 20.02633 ], [ -155.64592, 20.02635 ], [ -155.64593, 20.02637 ], [ -155.64593, 20.02638 ], [ -155.64593, 20.0264 ], [ -155.64592, 20.02641 ], [ -155.64592, 20.02643 ], [ -155.64591, 20.02645 ], [ -155.64589, 20.02648 ], [ -155.64586, 20.0265 ], [ -155.64583, 20.02652 ], [ -155.64581, 20.02653 ], [ -155.64576, 20.02655 ], [ -155.6457, 20.02657 ], [ -155.64564, 20.02659 ], [ -155.64559, 20.02662 ], [ -155.64553, 20.02666 ], [ -155.64549, 20.0267 ], [ -155.64547, 20.02673 ], [ -155.64547, 20.02676 ], [ -155.64546, 20.02681 ], [ -155.64546, 20.02683 ], [ -155.64547, 20.02687 ], [ -155.64549, 20.02691 ], [ -155.64551, 20.02694 ], [ -155.64552, 20.02697 ], [ -155.64554, 20.027 ], [ -155.64557, 20.02705 ], [ -155.64558, 20.02707 ], [ -155.64561, 20.02709 ], [ -155.64563, 20.0271 ], [ -155.64565, 20.02711 ], [ -155.64567, 20.02711 ], [ -155.64569, 20.02712 ], [ -155.64572, 20.02714 ], [ -155.64572, 20.02715 ], [ -155.64573, 20.02716 ], [ -155.64573, 20.02716 ], [ -155.64573, 20.02717 ], [ -155.64572, 20.02718 ], [ -155.64561, 20.02738 ], [ -155.6456, 20.02739 ], [ -155.64558, 20.02739 ], [ -155.64555, 20.0274 ], [ -155.64551, 20.02741 ], [ -155.64546, 20.02743 ], [ -155.64543, 20.02745 ], [ -155.64539, 20.02748 ], [ -155.64535, 20.02754 ], [ -155.64534, 20.02757 ], [ -155.64533, 20.02758 ], [ -155.64535, 20.02759 ], [ -155.64535, 20.02758 ], [ -155.64535, 20.02758 ], [ -155.64536, 20.02758 ], [ -155.64536, 20.02757 ], [ -155.64537, 20.02757 ], [ -155.64537, 20.02757 ], [ -155.64538, 20.02756 ], [ -155.64538, 20.02756 ], [ -155.64539, 20.02756 ], [ -155.6454, 20.02756 ], [ -155.64541, 20.02756 ], [ -155.64541, 20.02756 ], [ -155.64542, 20.02756 ], [ -155.64543, 20.02756 ], [ -155.64544, 20.02756 ], [ -155.64544, 20.02756 ], [ -155.64545, 20.02756 ], [ -155.64546, 20.02756 ], [ -155.64546, 20.02757 ], [ -155.64547, 20.02757 ], [ -155.64548, 20.02757 ], [ -155.64548, 20.02757 ], [ -155.64548, 20.02757 ] ] ] } },
{ "type": "Feature", "properties": { "fld_zone": "AO", "depth": 1 }, "bbox": [ -155.09177, 19.65167, -155.07429, 19.66671 ], "geometry": { "type": "Polygon", "coordinates": [ [ [ -155.0744, 19.6667 ], [ -155.07443, 19.66671 ], [ -155.07453, 19.6667 ], [ -155.0746, 19.6667 ], [ -155.07475, 19.6667 ], [ -155.0749, 19.66669 ], [ -155.07494, 19.66669 ], [ -155.07501, 19.66669 ], [ -155.07506, 19.66663 ], [ -155.07513, 19.66657 ], [ -155.07521, 19.66653 ], [ -155.07528, 19.66644 ], [ -155.07534, 19.66636 ], [ -155.07546, 19.66628 ], [ -155.07556, 19.66621 ], [ -155.07564, 19.66617 ], [ -155.07576, 19.6661 ], [ -155.07586, 19.66605 ], [ -155.076, 19.66598 ], [ -155.07609, 19.66592 ], [ -155.07619, 19.66586 ], [ -155.07632, 19.66576 ], [ -155.07643, 19.66566 ], [ -155.07651, 19.66558 ], [ -155.07656, 19.66547 ], [ -155.07659, 19.66538 ], [ -155.07662, 19.66532 ], [ -155.07665, 19.66526 ], [ -155.07666, 19.6652 ], [ -155.07669, 19.6651 ], [ -155.07673, 19.66498 ], [ -155.07676, 19.66488 ], [ -155.07678, 19.66483 ], [ -155.07686, 19.66478 ], [ -155.07691, 19.66475 ], [ -155.07698, 19.66475 ], [ -155.07704, 19.66474 ], [ -155.0771, 19.66472 ], [ -155.07718, 19.66465 ], [ -155.07723, 19.66459 ], [ -155.07726, 19.66454 ], [ -155.07733, 19.66449 ], [ -155.07742, 19.66445 ], [ -155.0775, 19.66444 ], [ -155.07785, 19.66443 ], [ -155.07801, 19.66443 ], [ -155.07817, 19.66442 ], [ -155.07834, 19.66441 ], [ -155.07846, 19.66441 ], [ -155.07854, 19.66439 ], [ -155.07866, 19.66431 ], [ -155.07873, 19.66427 ], [ -155.0788, 19.66423 ], [ -155.07888, 19.66419 ], [ -155.07901, 19.66418 ], [ -155.07912, 19.66418 ], [ -155.07923, 19.66418 ], [ -155.07945, 19.66418 ], [ -155.07956, 19.66419 ], [ -155.07966, 19.6642 ], [ -155.07976, 19.66421 ], [ -155.07986, 19.66425 ], [ -155.07994, 19.66426 ], [ -155.08013, 19.66424 ], [ -155.08023, 19.6642 ], [ -155.0803, 19.6642 ], [ -155.08038, 19.66423 ], [ -155.08047, 19.66422 ], [ -155.0806, 19.66419 ], [ -155.08075, 19.66417 ], [ -155.08085, 19.66416 ], [ -155.08095, 19.66415 ], [ -155.08107, 19.66413 ], [ -155.08124, 19.6641 ], [ -155.08135, 19.66403 ], [ -155.08142, 19.66398 ], [ -155.08148, 19.66392 ], [ -155.08151, 19.66383 ], [ -155.08151, 19.66376 ], [ -155.0815, 19.66369 ], [ -155.08149, 19.66363 ], [ -155.08148, 19.66358 ], [ -155.08149, 19.66355 ], [ -155.08152, 19.66354 ], [ -155.08156, 19.66354 ], [ -155.0816, 19.66355 ], [ -155.08164, 19.66359 ], [ -155.08171, 19.66365 ], [ -155.08177, 19.66372 ], [ -155.08187, 19.6638 ], [ -155.08197, 19.66385 ], [ -155.08206, 19.66392 ], [ -155.08216, 19.66394 ], [ -155.08222, 19.66395 ], [ -155.0823, 19.66396 ], [ -155.08238, 19.66396 ], [ -155.08247, 19.66395 ], [ -155.08263, 19.66391 ], [ -155.08275, 19.66387 ], [ -155.08295, 19.66373 ], [ -155.08302, 19.66366 ], [ -155.08309, 19.6636 ], [ -155.08315, 19.66353 ], [ -155.0832, 19.66352 ], [ -155.08328, 19.66348 ], [ -155.08338, 19.66345 ], [ -155.08343, 19.66345 ], [ -155.0835, 19.66345 ], [ -155.08358, 19.66345 ], [ -155.08368, 19.6634 ], [ -155.08373, 19.66335 ], [ -155.08377, 19.66332 ], [ -155.08386, 19.66326 ], [ -155.08391, 19.66318 ], [ -155.08399, 19.66308 ], [ -155.08403, 19.663 ], [ -155.08406, 19.66293 ], [ -155.08415, 19.66286 ], [ -155.0842, 19.66282 ], [ -155.08424, 19.66278 ], [ -155.08429, 19.66275 ], [ -155.08434, 19.66273 ], [ -155.08439, 19.6627 ], [ -155.08445, 19.66267 ], [ -155.08451, 19.66265 ], [ -155.0846, 19.66264 ], [ -155.08473, 19.66257 ], [ -155.08494, 19.66249 ], [ -155.08513, 19.66241 ], [ -155.08531, 19.66233 ], [ -155.08548, 19.66228 ], [ -155.08566, 19.66219 ], [ -155.08581, 19.6621 ], [ -155.08598, 19.66201 ], [ -155.08613, 19.66194 ], [ -155.08623, 19.66188 ], [ -155.08629, 19.66185 ], [ -155.08636, 19.66185 ], [ -155.08641, 19.66184 ], [ -155.0865, 19.66185 ], [ -155.08656, 19.66186 ], [ -155.08669, 19.6619 ], [ -155.08677, 19.66193 ], [ -155.08688, 19.66196 ], [ -155.08697, 19.662 ], [ -155.08711, 19.66204 ], [ -155.08718, 19.66205 ], [ -155.08728, 19.66205 ], [ -155.08738, 19.66206 ], [ -155.08752, 19.66208 ], [ -155.08762, 19.66208 ], [ -155.0877, 19.66208 ], [ -155.08778, 19.66208 ], [ -155.08785, 19.66205 ], [ -155.08792, 19.66203 ], [ -155.08802, 19.66197 ], [ -155.08809, 19.6619 ], [ -155.08812, 19.66184 ], [ -155.08818, 19.6618 ], [ -155.08826, 19.66171 ], [ -155.0883, 19.66167 ], [ -155.08833, 19.66161 ], [ -155.08835, 19.66155 ], [ -155.08835, 19.66149 ], [ -155.08835, 19.66144 ], [ -155.08835, 19.66136 ], [ -155.08834, 19.66124 ], [ -155.08834, 19.66115 ], [ -155.08834, 19.66108 ], [ -155.08835, 19.66103 ], [ -155.08835, 19.66097 ], [ -155.08836, 19.6609 ], [ -155.08837, 19.66081 ], [ -155.08837, 19.66074 ], [ -155.08838, 19.66058 ], [ -155.08837, 19.66049 ], [ -155.08837, 19.66043 ], [ -155.08837, 19.66035 ], [ -155.08836, 19.6603 ], [ -155.08835, 19.66026 ], [ -155.08835, 19.66022 ], [ -155.08835, 19.66016 ], [ -155.08834, 19.6601 ], [ -155.08834, 19.66005 ], [ -155.08834, 19.66 ], [ -155.08834, 19.65993 ], [ -155.08834, 19.65987 ], [ -155.08832, 19.65981 ], [ -155.08832, 19.65976 ], [ -155.08831, 19.65972 ], [ -155.08832, 19.65966 ], [ -155.08836, 19.65959 ], [ -155.0884, 19.65955 ], [ -155.08849, 19.65949 ], [ -155.08854, 19.65945 ], [ -155.08858, 19.6594 ], [ -155.08866, 19.65936 ], [ -155.08874, 19.65932 ], [ -155.08883, 19.65929 ], [ -155.08891, 19.65926 ], [ -155.08898, 19.65924 ], [ -155.08907, 19.65921 ], [ -155.08914, 19.65918 ], [ -155.08918, 19.65912 ], [ -155.0892, 19.65908 ], [ -155.08917, 19.6585 ], [ -155.08914, 19.65827 ], [ -155.08912, 19.65782 ], [ -155.08919, 19.65751 ], [ -155.08926, 19.65724 ], [ -155.08929, 19.65716 ], [ -155.08939, 19.65683 ], [ -155.08939, 19.65666 ], [ -155.08928, 19.65636 ], [ -155.0892, 19.65626 ], [ -155.08915, 19.65618 ], [ -155.08909, 19.65594 ], [ -155.08909, 19.65587 ], [ -155.08913, 19.65577 ], [ -155.08921, 19.65558 ], [ -155.08921, 19.65558 ], [ -155.08926, 19.65548 ], [ -155.08928, 19.65538 ], [ -155.08928, 19.65528 ], [ -155.08926, 19.65516 ], [ -155.08926, 19.65505 ], [ -155.08926, 19.65497 ], [ -155.08926, 19.65491 ], [ -155.08929, 19.65486 ], [ -155.08933, 19.65479 ], [ -155.08938, 19.65474 ], [ -155.08945, 19.65471 ], [ -155.08951, 19.65468 ], [ -155.0896, 19.65463 ], [ -155.08965, 19.65459 ], [ -155.08972, 19.65457 ], [ -155.08975, 19.65454 ], [ -155.08978, 19.65448 ], [ -155.08984, 19.65443 ], [ -155.08988, 19.6544 ], [ -155.0899, 19.65435 ], [ -155.08993, 19.65428 ], [ -155.09003, 19.65421 ], [ -155.09012, 19.65411 ], [ -155.09019, 19.65405 ], [ -155.09023, 19.654 ], [ -155.09023, 19.65396 ], [ -155.09023, 19.65389 ], [ -155.09023, 19.65385 ], [ -155.09024, 19.6538 ], [ -155.09025, 19.65377 ], [ -155.09029, 19.65373 ], [ -155.09034, 19.6537 ], [ -155.09037, 19.65368 ], [ -155.09041, 19.65365 ], [ -155.09043, 19.65363 ], [ -155.09048, 19.65359 ], [ -155.09052, 19.65354 ], [ -155.09055, 19.65347 ], [ -155.09055, 19.65343 ], [ -155.09057, 19.65331 ], [ -155.09058, 19.65325 ], [ -155.0906, 19.6532 ], [ -155.09063, 19.65313 ], [ -155.09063, 19.65311 ], [ -155.09068, 19.65309 ], [ -155.09074, 19.65306 ], [ -155.09078, 19.65306 ], [ -155.09084, 19.65305 ], [ -155.09094, 19.65301 ], [ -155.09102, 19.65298 ], [ -155.09109, 19.65296 ], [ -155.09112, 19.65294 ], [ -155.09113, 19.65293 ], [ -155.09118, 19.6529 ], [ -155.09123, 19.65287 ], [ -155.09126, 19.65282 ], [ -155.09126, 19.65278 ], [ -155.09132, 19.65268 ], [ -155.09135, 19.65261 ], [ -155.09139, 19.65255 ], [ -155.09144, 19.65248 ], [ -155.09148, 19.65244 ], [ -155.09154, 19.65239 ], [ -155.09157, 19.65234 ], [ -155.09156, 19.65228 ], [ -155.09158, 19.65223 ], [ -155.0916, 19.65218 ], [ -155.09162, 19.65211 ], [ -155.09165, 19.65205 ], [ -155.09171, 19.65199 ], [ -155.09177, 19.65193 ], [ -155.09166, 19.65177 ], [ -155.09158, 19.65167 ], [ -155.09154, 19.65172 ], [ -155.09151, 19.65179 ], [ -155.0915, 19.65183 ], [ -155.09148, 19.65186 ], [ -155.09144, 19.65192 ], [ -155.09142, 19.65196 ], [ -155.09139, 19.65204 ], [ -155.09137, 19.65213 ], [ -155.09134, 19.65222 ], [ -155.09132, 19.6523 ], [ -155.09129, 19.65238 ], [ -155.09125, 19.65247 ], [ -155.09122, 19.65254 ], [ -155.09118, 19.65259 ], [ -155.09113, 19.65263 ], [ -155.09107, 19.65264 ], [ -155.09104, 19.65264 ], [ -155.09098, 19.65265 ], [ -155.09092, 19.65266 ], [ -155.09088, 19.65266 ], [ -155.09086, 19.65266 ], [ -155.09083, 19.65268 ], [ -155.09079, 19.65271 ], [ -155.09076, 19.65277 ], [ -155.09075, 19.65283 ], [ -155.09075, 19.65288 ], [ -155.0907, 19.65292 ], [ -155.09064, 19.65297 ], [ -155.09061, 19.65299 ], [ -155.09055, 19.65301 ], [ -155.09047, 19.65304 ], [ -155.09042, 19.65309 ], [ -155.09041, 19.65314 ], [ -155.0904, 19.65321 ], [ -155.09038, 19.65327 ], [ -155.09036, 19.65331 ], [ -155.09034, 19.65333 ], [ -155.09033, 19.65334 ], [ -155.09029, 19.65335 ], [ -155.09025, 19.65334 ], [ -155.09022, 19.65333 ], [ -155.09017, 19.65333 ], [ -155.09012, 19.65334 ], [ -155.0901, 19.65337 ], [ -155.09006, 19.6534 ], [ -155.09004, 19.65343 ], [ -155.09, 19.65345 ], [ -155.08998, 19.65348 ], [ -155.08997, 19.65352 ], [ -155.08997, 19.65356 ], [ -155.08997, 19.65363 ], [ -155.08999, 19.65369 ], [ -155.09002, 19.65377 ], [ -155.09002, 19.65384 ], [ -155.08998, 19.6539 ], [ -155.08994, 19.65393 ], [ -155.08988, 19.65394 ], [ -155.08982, 19.65394 ], [ -155.08976, 19.65394 ], [ -155.0897, 19.65394 ], [ -155.08964, 19.65394 ], [ -155.08956, 19.65395 ], [ -155.08947, 19.65397 ], [ -155.08934, 19.65404 ], [ -155.08926, 19.65412 ], [ -155.08921, 19.6542 ], [ -155.08918, 19.65429 ], [ -155.08916, 19.6544 ], [ -155.08914, 19.65448 ], [ -155.08914, 19.65454 ], [ -155.08913, 19.65461 ], [ -155.08912, 19.65466 ], [ -155.08912, 19.65471 ], [ -155.08911, 19.65475 ], [ -155.08909, 19.6548 ], [ -155.08907, 19.6549 ], [ -155.08905, 19.65497 ], [ -155.08902, 19.65506 ], [ -155.08897, 19.65514 ], [ -155.08888, 19.65524 ], [ -155.08886, 19.65526 ], [ -155.0888, 19.65535 ], [ -155.08857, 19.65547 ], [ -155.08824, 19.6555 ], [ -155.08799, 19.65552 ], [ -155.08787, 19.65556 ], [ -155.08776, 19.65559 ], [ -155.08773, 19.65583 ], [ -155.08791, 19.65598 ], [ -155.0881, 19.65601 ], [ -155.08824, 19.65603 ], [ -155.08853, 19.65609 ], [ -155.08867, 19.65626 ], [ -155.08868, 19.65628 ], [ -155.08869, 19.65636 ], [ -155.08883, 19.65665 ], [ -155.08889, 19.65699 ], [ -155.08888, 19.65728 ], [ -155.08878, 19.65741 ], [ -155.08874, 19.65747 ], [ -155.08846, 19.65762 ], [ -155.08826, 19.65779 ], [ -155.08807, 19.65816 ], [ -155.08802, 19.6582 ], [ -155.08794, 19.65826 ], [ -155.08789, 19.65831 ], [ -155.08783, 19.65838 ], [ -155.08779, 19.65845 ], [ -155.0878, 19.65852 ], [ -155.08783, 19.65859 ], [ -155.08786, 19.65863 ], [ -155.0879, 19.65868 ], [ -155.08793, 19.65872 ], [ -155.08794, 19.65875 ], [ -155.08796, 19.65881 ], [ -155.08796, 19.65885 ], [ -155.08795, 19.65888 ], [ -155.08792, 19.65892 ], [ -155.08788, 19.65897 ], [ -155.08785, 19.659 ], [ -155.08781, 19.65905 ], [ -155.08779, 19.65909 ], [ -155.08778, 19.65915 ], [ -155.08778, 19.6592 ], [ -155.08778, 19.65927 ], [ -155.0878, 19.65934 ], [ -155.08782, 19.65943 ], [ -155.08782, 19.65947 ], [ -155.08783, 19.6595 ], [ -155.08783, 19.65953 ], [ -155.08785, 19.65955 ], [ -155.08787, 19.6596 ], [ -155.08788, 19.65963 ], [ -155.08789, 19.65968 ], [ -155.08792, 19.65975 ], [ -155.08793, 19.65979 ], [ -155.08794, 19.65984 ], [ -155.08796, 19.65988 ], [ -155.08798, 19.65993 ], [ -155.08799, 19.65998 ], [ -155.08801, 19.66003 ], [ -155.08801, 19.66011 ], [ -155.08802, 19.6602 ], [ -155.08803, 19.66028 ], [ -155.08803, 19.66035 ], [ -155.08803, 19.66046 ], [ -155.08803, 19.66057 ], [ -155.08803, 19.66071 ], [ -155.08803, 19.66084 ], [ -155.08802, 19.66092 ], [ -155.08801, 19.66099 ], [ -155.08798, 19.66106 ], [ -155.08796, 19.66112 ], [ -155.08796, 19.66117 ], [ -155.08796, 19.66123 ], [ -155.08792, 19.66131 ], [ -155.08786, 19.66138 ], [ -155.08781, 19.66144 ], [ -155.08774, 19.66148 ], [ -155.0877, 19.66151 ], [ -155.08766, 19.66152 ], [ -155.0876, 19.66154 ], [ -155.08752, 19.66156 ], [ -155.08744, 19.66156 ], [ -155.08737, 19.66155 ], [ -155.08728, 19.66152 ], [ -155.0872, 19.66148 ], [ -155.08713, 19.66143 ], [ -155.08702, 19.66137 ], [ -155.08695, 19.66133 ], [ -155.08688, 19.66132 ], [ -155.08684, 19.66131 ], [ -155.08677, 19.66131 ], [ -155.08668, 19.66132 ], [ -155.08661, 19.66133 ], [ -155.08651, 19.66137 ], [ -155.08642, 19.66143 ], [ -155.08635, 19.66145 ], [ -155.08628, 19.66149 ], [ -155.08622, 19.6615 ], [ -155.08613, 19.66152 ], [ -155.08607, 19.66154 ], [ -155.08599, 19.66155 ], [ -155.0859, 19.66156 ], [ -155.08581, 19.6616 ], [ -155.08572, 19.66164 ], [ -155.08565, 19.66167 ], [ -155.0856, 19.66169 ], [ -155.08553, 19.6617 ], [ -155.08548, 19.6617 ], [ -155.0854, 19.66171 ], [ -155.08535, 19.66172 ], [ -155.0853, 19.66173 ], [ -155.08523, 19.66174 ], [ -155.08516, 19.66176 ], [ -155.0851, 19.66178 ], [ -155.08504, 19.66178 ], [ -155.08499, 19.66179 ], [ -155.08495, 19.6618 ], [ -155.08491, 19.66181 ], [ -155.08488, 19.66182 ], [ -155.08484, 19.66182 ], [ -155.08479, 19.66184 ], [ -155.08474, 19.66185 ], [ -155.08469, 19.66186 ], [ -155.08463, 19.66186 ], [ -155.08458, 19.66186 ], [ -155.08454, 19.66187 ], [ -155.08445, 19.6619 ], [ -155.08433, 19.66201 ], [ -155.08427, 19.66207 ], [ -155.08418, 19.66214 ], [ -155.08412, 19.6622 ], [ -155.08409, 19.66226 ], [ -155.084, 19.66241 ], [ -155.08394, 19.66249 ], [ -155.08389, 19.66254 ], [ -155.08382, 19.66259 ], [ -155.08375, 19.66261 ], [ -155.08365, 19.66263 ], [ -155.08356, 19.66267 ], [ -155.0835, 19.6627 ], [ -155.08345, 19.66276 ], [ -155.08343, 19.66283 ], [ -155.0834, 19.66289 ], [ -155.08335, 19.66293 ], [ -155.08329, 19.663 ], [ -155.08326, 19.66304 ], [ -155.0831, 19.66312 ], [ -155.08288, 19.66324 ], [ -155.08271, 19.66334 ], [ -155.08257, 19.66346 ], [ -155.08253, 19.66352 ], [ -155.08249, 19.66359 ], [ -155.08247, 19.66362 ], [ -155.08243, 19.66362 ], [ -155.08239, 19.66361 ], [ -155.08233, 19.66358 ], [ -155.08228, 19.66352 ], [ -155.08222, 19.66344 ], [ -155.08217, 19.66336 ], [ -155.08211, 19.6633 ], [ -155.08208, 19.66325 ], [ -155.08201, 19.66321 ], [ -155.08192, 19.66317 ], [ -155.08177, 19.66313 ], [ -155.08167, 19.66312 ], [ -155.08156, 19.66312 ], [ -155.08146, 19.66313 ], [ -155.08135, 19.66317 ], [ -155.08123, 19.66322 ], [ -155.08116, 19.66327 ], [ -155.08109, 19.66328 ], [ -155.08104, 19.66327 ], [ -155.08093, 19.66321 ], [ -155.08086, 19.66316 ], [ -155.0808, 19.6631 ], [ -155.08075, 19.66305 ], [ -155.08067, 19.66303 ], [ -155.0806, 19.66302 ], [ -155.08051, 19.66305 ], [ -155.0804, 19.66308 ], [ -155.08032, 19.66313 ], [ -155.08022, 19.66322 ], [ -155.08017, 19.66329 ], [ -155.08002, 19.66349 ], [ -155.07997, 19.66357 ], [ -155.07989, 19.66364 ], [ -155.0798, 19.66369 ], [ -155.07971, 19.66369 ], [ -155.07967, 19.66366 ], [ -155.07957, 19.66362 ], [ -155.07947, 19.6636 ], [ -155.0794, 19.66358 ], [ -155.07935, 19.66359 ], [ -155.07921, 19.66364 ], [ -155.07907, 19.66372 ], [ -155.079, 19.6638 ], [ -155.0789, 19.66384 ], [ -155.07881, 19.66386 ], [ -155.07874, 19.66388 ], [ -155.07866, 19.66389 ], [ -155.07858, 19.6639 ], [ -155.07846, 19.66392 ], [ -155.0784, 19.66394 ], [ -155.07836, 19.66396 ], [ -155.0783, 19.66396 ], [ -155.07825, 19.66394 ], [ -155.07819, 19.66387 ], [ -155.07816, 19.66379 ], [ -155.0781, 19.66372 ], [ -155.07804, 19.66368 ], [ -155.0779, 19.66366 ], [ -155.0778, 19.66366 ], [ -155.07767, 19.66372 ], [ -155.07757, 19.6638 ], [ -155.07746, 19.66388 ], [ -155.07739, 19.66395 ], [ -155.0773, 19.66403 ], [ -155.07716, 19.66411 ], [ -155.07705, 19.6642 ], [ -155.07695, 19.66429 ], [ -155.0769, 19.66435 ], [ -155.07685, 19.66441 ], [ -155.07677, 19.66448 ], [ -155.07668, 19.66456 ], [ -155.07661, 19.66463 ], [ -155.07651, 19.66472 ], [ -155.07648, 19.66477 ], [ -155.07646, 19.66481 ], [ -155.07645, 19.66489 ], [ -155.07644, 19.66493 ], [ -155.07638, 19.66496 ], [ -155.07632, 19.66496 ], [ -155.07624, 19.66494 ], [ -155.07618, 19.6649 ], [ -155.07616, 19.66484 ], [ -155.07615, 19.66477 ], [ -155.07613, 19.66472 ], [ -155.0761, 19.66468 ], [ -155.07605, 19.66464 ], [ -155.076, 19.6646 ], [ -155.07595, 19.66457 ], [ -155.07588, 19.66454 ], [ -155.07583, 19.66452 ], [ -155.07576, 19.66452 ], [ -155.0757, 19.66452 ], [ -155.07562, 19.66456 ], [ -155.07556, 19.66461 ], [ -155.07552, 19.66469 ], [ -155.07547, 19.66482 ], [ -155.07541, 19.66493 ], [ -155.07535, 19.66504 ], [ -155.07529, 19.66512 ], [ -155.07521, 19.66521 ], [ -155.07515, 19.66528 ], [ -155.07512, 19.66535 ], [ -155.07509, 19.66544 ], [ -155.07509, 19.66546 ], [ -155.07507, 19.66556 ], [ -155.07506, 19.6657 ], [ -155.07505, 19.66579 ], [ -155.07502, 19.66589 ], [ -155.07496, 19.66595 ], [ -155.07483, 19.66601 ], [ -155.07472, 19.66602 ], [ -155.07462, 19.66603 ], [ -155.0745, 19.66608 ], [ -155.07442, 19.66615 ], [ -155.07431, 19.66624 ], [ -155.07429, 19.66631 ], [ -155.07429, 19.66639 ], [ -155.07431, 19.66646 ], [ -155.07437, 19.66658 ], [ -155.07439, 19.66662 ], [ -155.0744, 19.66665 ], [ -155.0744, 19.6667 ] ] ] } },
{ "type": "Feature", "properties": { "fld_zone": "AO", "depth": 3 }, "bbox": [ -155.08912, 19.67265, -155.08804, 19.67301 ], "geometry": { "type": "Polygon", "coordinates": [ [ [ -155.08804, 19.67275 ], [ -155.08808, 19.67289 ], [ -155.08818, 19.67297 ], [ -155.08825, 19.673 ], [ -155.0887, 19.67301 ], [ -155.08876, 19.67301 ], [ -155.08876, 19.67301 ], [ -155.08877, 19.67301 ], [ -155.08885, 19.67288 ], [ -155.08894, 19.67281 ], [ -155.08904, 19.67273 ], [ -155.08912, 19.67266 ], [ -155.08908, 19.67266 ], [ -155.0889, 19.67266 ], [ -155.08849, 19.67265 ], [ -155.08848, 19.67266 ], [ -155.08846, 19.67267 ], [ -155.08835, 19.67269 ], [ -155.08825, 19.67271 ], [ -155.08813, 19.67273 ], [ -155.08806, 19.67275 ], [ -155.08805, 19.67275 ], [ -155.08804, 19.67275 ] ] ] } },
{ "type": "Feature", "properties": { "fld_zone": "AO", "depth": 2 }, "bbox": [ -155.08876, 19.67275, -155.08577, 19.67503 ], "geometry": { "type": "Polygon", "coordinates": [ [ [ -155.08728, 19.67441 ], [ -155.08728, 19.67442 ], [ -155.08729, 19.67469 ], [ -155.08729, 19.67469 ], [ -155.0873, 19.67488 ], [ -155.08732, 19.67496 ], [ -155.08737, 19.67502 ], [ -155.08738, 19.67503 ], [ -155.08739, 19.67502 ], [ -155.0874, 19.67499 ], [ -155.0874, 19.67498 ], [ -155.08741, 19.67496 ], [ -155.08743, 19.67488 ], [ -155.08744, 19.67485 ], [ -155.08744, 19.67484 ], [ -155.08744, 19.67482 ], [ -155.08747, 19.67456 ], [ -155.08747, 19.67455 ], [ -155.08747, 19.67451 ], [ -155.08747, 19.67448 ], [ -155.08748, 19.67437 ], [ -155.08749, 19.67425 ], [ -155.08749, 19.67423 ], [ -155.08749, 19.6742 ], [ -155.0875, 19.67417 ], [ -155.0875, 19.67417 ], [ -155.08752, 19.67412 ], [ -155.08752, 19.67411 ], [ -155.08756, 19.67405 ], [ -155.08774, 19.67386 ], [ -155.08774, 19.67386 ], [ -155.08779, 19.67384 ], [ -155.08789, 19.67382 ], [ -155.0879, 19.67382 ], [ -155.08796, 19.67381 ], [ -155.08798, 19.67381 ], [ -155.08799, 19.67378 ], [ -155.08799, 19.67376 ], [ -155.08799, 19.67374 ], [ -155.088, 19.67367 ], [ -155.088, 19.67364 ], [ -155.08801, 19.67363 ], [ -155.08803, 19.6736 ], [ -155.08805, 19.67357 ], [ -155.08808, 19.67353 ], [ -155.08808, 19.67352 ], [ -155.08811, 19.67348 ], [ -155.08814, 19.67347 ], [ -155.08816, 19.67347 ], [ -155.08818, 19.67347 ], [ -155.0882, 19.67347 ], [ -155.08826, 19.6735 ], [ -155.0883, 19.67352 ], [ -155.08837, 19.67354 ], [ -155.08844, 19.67355 ], [ -155.0885, 19.67355 ], [ -155.08852, 19.67355 ], [ -155.08855, 19.67352 ], [ -155.08858, 19.67349 ], [ -155.08858, 19.67348 ], [ -155.0886, 19.67345 ], [ -155.08862, 19.67343 ], [ -155.08866, 19.67336 ], [ -155.0887, 19.67332 ], [ -155.08871, 19.6733 ], [ -155.08871, 19.67327 ], [ -155.08871, 19.67325 ], [ -155.08871, 19.67323 ], [ -155.08872, 19.67314 ], [ -155.08872, 19.67313 ], [ -155.08873, 19.67311 ], [ -155.08873, 19.67309 ], [ -155.08874, 19.67307 ], [ -155.08875, 19.67304 ], [ -155.08876, 19.67301 ], [ -155.08876, 19.67301 ], [ -155.0887, 19.67301 ], [ -155.08825, 19.673 ], [ -155.08818, 19.67297 ], [ -155.08808, 19.67289 ], [ -155.08804, 19.67275 ], [ -155.08791, 19.67278 ], [ -155.08791, 19.67278 ], [ -155.08781, 19.67281 ], [ -155.08777, 19.67284 ], [ -155.08773, 19.67286 ], [ -155.08766, 19.67292 ], [ -155.0876, 19.67297 ], [ -155.08756, 19.67299 ], [ -155.08751, 19.67302 ], [ -155.08745, 19.67302 ], [ -155.08736, 19.67302 ], [ -155.08726, 19.67304 ], [ -155.08725, 19.67304 ], [ -155.08721, 19.67307 ], [ -155.0872, 19.67307 ], [ -155.08718, 19.67307 ], [ -155.08714, 19.67307 ], [ -155.08711, 19.67306 ], [ -155.08704, 19.67304 ], [ -155.087, 19.67304 ], [ -155.08698, 19.67305 ], [ -155.08693, 19.67309 ], [ -155.08692, 19.67309 ], [ -155.08692, 19.6731 ], [ -155.08688, 19.67312 ], [ -155.08685, 19.67314 ], [ -155.08684, 19.67314 ], [ -155.08681, 19.67315 ], [ -155.08681, 19.67315 ], [ -155.08677, 19.67315 ], [ -155.08675, 19.67315 ], [ -155.08672, 19.67313 ], [ -155.08666, 19.67311 ], [ -155.08662, 19.67309 ], [ -155.08658, 19.67309 ], [ -155.0865, 19.67309 ], [ -155.08645, 19.67308 ], [ -155.08641, 19.67307 ], [ -155.08633, 19.67304 ], [ -155.08632, 19.67304 ], [ -155.08628, 19.67304 ], [ -155.08621, 19.67308 ], [ -155.08616, 19.6731 ], [ -155.08611, 19.6731 ], [ -155.08606, 19.67308 ], [ -155.08599, 19.67307 ], [ -155.0859, 19.67308 ], [ -155.08584, 19.6731 ], [ -155.08579, 19.67316 ], [ -155.08577, 19.67318 ], [ -155.08577, 19.67319 ], [ -155.08577, 19.67323 ], [ -155.08577, 19.67328 ], [ -155.08577, 19.67331 ], [ -155.08578, 19.67332 ], [ -155.08591, 19.67332 ], [ -155.086, 19.67335 ], [ -155.08647, 19.6735 ], [ -155.08651, 19.67351 ], [ -155.08654, 19.67349 ], [ -155.08657, 19.67346 ], [ -155.08657, 19.67341 ], [ -155.08657, 19.67339 ], [ -155.08657, 19.67339 ], [ -155.08657, 19.67338 ], [ -155.08656, 19.67336 ], [ -155.08656, 19.67334 ], [ -155.08656, 19.67332 ], [ -155.08657, 19.67332 ], [ -155.08658, 19.6733 ], [ -155.0866, 19.67328 ], [ -155.08663, 19.67327 ], [ -155.08667, 19.67327 ], [ -155.08668, 19.67327 ], [ -155.08671, 19.67327 ], [ -155.08674, 19.67328 ], [ -155.08675, 19.67329 ], [ -155.08681, 19.67331 ], [ -155.08695, 19.67336 ], [ -155.08705, 19.6734 ], [ -155.08712, 19.67343 ], [ -155.08716, 19.67344 ], [ -155.0872, 19.67345 ], [ -155.08727, 19.67344 ], [ -155.08733, 19.67342 ], [ -155.08738, 19.6734 ], [ -155.08744, 19.67334 ], [ -155.08747, 19.67333 ], [ -155.0875, 19.67332 ], [ -155.08754, 19.67332 ], [ -155.08761, 19.67334 ], [ -155.08769, 19.67335 ], [ -155.08777, 19.67335 ], [ -155.0878, 19.67332 ], [ -155.08786, 19.67331 ], [ -155.08795, 19.67332 ], [ -155.08797, 19.67334 ], [ -155.08797, 19.67335 ], [ -155.08798, 19.67339 ], [ -155.08798, 19.67339 ], [ -155.08796, 19.67346 ], [ -155.08794, 19.67351 ], [ -155.08792, 19.67354 ], [ -155.0879, 19.67357 ], [ -155.08787, 19.6736 ], [ -155.08784, 19.67362 ], [ -155.08778, 19.67362 ], [ -155.08771, 19.67362 ], [ -155.08765, 19.67362 ], [ -155.08759, 19.67361 ], [ -155.08752, 19.67361 ], [ -155.08748, 19.67362 ], [ -155.08744, 19.67363 ], [ -155.08741, 19.67365 ], [ -155.08741, 19.67365 ], [ -155.08738, 19.67369 ], [ -155.08736, 19.67373 ], [ -155.08733, 19.67379 ], [ -155.08731, 19.67385 ], [ -155.0873, 19.67389 ], [ -155.0873, 19.67389 ], [ -155.0873, 19.67402 ], [ -155.08729, 19.67412 ], [ -155.08729, 19.67419 ], [ -155.08728, 19.67436 ], [ -155.08728, 19.67438 ], [ -155.08728, 19.67439 ], [ -155.08728, 19.67441 ], [ -155.08728, 19.67441 ] ] ] } },
{ "type": "Feature", "properties": { "fld_zone": "AO", "depth": 3 }, "bbox": [ -155.08658, 19.67331, -155.08551, 19.67533 ], "geometry": { "type": "Polygon", "coordinates": [ [ [ -155.08577, 19.67331 ], [ -155.08577, 19.67333 ], [ -155.08578, 19.67339 ], [ -155.08582, 19.67349 ], [ -155.08582, 19.6735 ], [ -155.08582, 19.67353 ], [ -155.08583, 19.67354 ], [ -155.08582, 19.67356 ], [ -155.08582, 19.67357 ], [ -155.0858, 19.67359 ], [ -155.08578, 19.67359 ], [ -155.08573, 19.6736 ], [ -155.08559, 19.6736 ], [ -155.08553, 19.67364 ], [ -155.08551, 19.67369 ], [ -155.08551, 19.67369 ], [ -155.08551, 19.67372 ], [ -155.08552, 19.67381 ], [ -155.08554, 19.67392 ], [ -155.08555, 19.674 ], [ -155.08559, 19.67426 ], [ -155.0856, 19.67434 ], [ -155.08561, 19.67436 ], [ -155.08561, 19.6744 ], [ -155.08568, 19.6745 ], [ -155.0857, 19.67454 ], [ -155.08573, 19.67458 ], [ -155.08575, 19.67462 ], [ -155.08582, 19.67472 ], [ -155.08593, 19.67487 ], [ -155.08603, 19.67502 ], [ -155.08604, 19.67503 ], [ -155.08607, 19.67508 ], [ -155.08608, 19.67512 ], [ -155.08609, 19.67515 ], [ -155.08609, 19.67516 ], [ -155.08609, 19.6752 ], [ -155.08609, 19.67521 ], [ -155.08608, 19.67527 ], [ -155.08608, 19.6753 ], [ -155.08608, 19.67533 ], [ -155.08617, 19.67531 ], [ -155.08628, 19.67528 ], [ -155.08631, 19.67525 ], [ -155.08631, 19.67524 ], [ -155.0863, 19.67524 ], [ -155.08629, 19.67523 ], [ -155.08628, 19.67521 ], [ -155.08627, 19.6752 ], [ -155.08626, 19.67517 ], [ -155.08626, 19.67515 ], [ -155.08626, 19.67515 ], [ -155.08626, 19.67513 ], [ -155.08627, 19.67511 ], [ -155.08627, 19.67508 ], [ -155.08628, 19.67507 ], [ -155.08628, 19.67503 ], [ -155.08629, 19.67499 ], [ -155.0863, 19.67496 ], [ -155.08631, 19.67492 ], [ -155.08633, 19.67488 ], [ -155.08636, 19.67483 ], [ -155.08639, 19.67479 ], [ -155.08644, 19.67475 ], [ -155.08649, 19.67469 ], [ -155.08651, 19.67467 ], [ -155.08654, 19.67464 ], [ -155.08657, 19.67459 ], [ -155.08658, 19.67457 ], [ -155.08658, 19.67455 ], [ -155.08658, 19.67453 ], [ -155.08657, 19.67452 ], [ -155.08654, 19.6745 ], [ -155.08651, 19.67448 ], [ -155.08647, 19.67446 ], [ -155.08644, 19.67444 ], [ -155.08641, 19.67441 ], [ -155.08635, 19.67436 ], [ -155.08631, 19.67431 ], [ -155.0863, 19.67431 ], [ -155.08628, 19.67428 ], [ -155.08628, 19.67427 ], [ -155.08628, 19.67423 ], [ -155.08628, 19.67423 ], [ -155.08628, 19.6742 ], [ -155.08629, 19.67419 ], [ -155.0863, 19.67416 ], [ -155.08631, 19.67415 ], [ -155.08631, 19.67415 ], [ -155.08635, 19.67411 ], [ -155.08637, 19.67409 ], [ -155.08638, 19.67407 ], [ -155.08638, 19.67406 ], [ -155.08638, 19.67404 ], [ -155.08637, 19.67403 ], [ -155.08637, 19.67403 ], [ -155.08634, 19.67397 ], [ -155.08632, 19.67392 ], [ -155.08627, 19.67386 ], [ -155.08626, 19.67383 ], [ -155.08624, 19.6738 ], [ -155.08624, 19.67378 ], [ -155.08624, 19.67375 ], [ -155.08624, 19.67373 ], [ -155.08624, 19.67373 ], [ -155.08625, 19.6737 ], [ -155.08626, 19.67367 ], [ -155.08628, 19.67364 ], [ -155.08633, 19.67361 ], [ -155.08633, 19.67361 ], [ -155.08644, 19.67356 ], [ -155.08649, 19.67352 ], [ -155.08651, 19.67351 ], [ -155.08647, 19.6735 ], [ -155.086, 19.67335 ], [ -155.08591, 19.67332 ], [ -155.08578, 19.67332 ], [ -155.08577, 19.67331 ] ] ] } },
{ "type": "Feature", "properties": { "fld_zone": "AO", "depth": 2 }, "bbox": [ -155.81092, 19.01172, -155.80999, 19.0128 ], "geometry": { "type": "Polygon", "coordinates": [ [ [ -155.81002, 19.01179 ], [ -155.81002, 19.01188 ], [ -155.81006, 19.01194 ], [ -155.81015, 19.01216 ], [ -155.81017, 19.01227 ], [ -155.81019, 19.01239 ], [ -155.81027, 19.01248 ], [ -155.81028, 19.01257 ], [ -155.81028, 19.01263 ], [ -155.81031, 19.01269 ], [ -155.81034, 19.0127 ], [ -155.81038, 19.01272 ], [ -155.8104, 19.01272 ], [ -155.81048, 19.01277 ], [ -155.81048, 19.01277 ], [ -155.81054, 19.01278 ], [ -155.81065, 19.0128 ], [ -155.81079, 19.0128 ], [ -155.81085, 19.01277 ], [ -155.81091, 19.01272 ], [ -155.81092, 19.01262 ], [ -155.81091, 19.01256 ], [ -155.81089, 19.01253 ], [ -155.81087, 19.01248 ], [ -155.81087, 19.01244 ], [ -155.81091, 19.01242 ], [ -155.81066, 19.0122 ], [ -155.81042, 19.01201 ], [ -155.81016, 19.01183 ], [ -155.81002, 19.01174 ], [ -155.80999, 19.01172 ], [ -155.81002, 19.01179 ] ] ] } },
{ "type": "Feature", "properties": { "fld_zone": "AO", "depth": 2 }, "bbox": [ -155.89081, 19.91833, -155.88955, 19.92106 ], "geometry": { "type": "Polygon", "coordinates": [ [ [ -155.88993, 19.92092 ], [ -155.89, 19.92106 ], [ -155.89003, 19.92099 ], [ -155.89014, 19.92094 ], [ -155.89026, 19.92088 ], [ -155.89041, 19.92088 ], [ -155.89049, 19.92093 ], [ -155.89057, 19.92077 ], [ -155.8906, 19.92071 ], [ -155.8906, 19.92049 ], [ -155.89066, 19.92032 ], [ -155.89076, 19.92016 ], [ -155.89081, 19.91996 ], [ -155.89072, 19.91975 ], [ -155.89072, 19.91975 ], [ -155.89072, 19.91974 ], [ -155.89072, 19.91974 ], [ -155.89066, 19.91971 ], [ -155.89057, 19.91954 ], [ -155.8905, 19.91926 ], [ -155.89046, 19.91907 ], [ -155.89046, 19.91906 ], [ -155.89046, 19.91906 ], [ -155.8903, 19.91885 ], [ -155.8902, 19.91871 ], [ -155.8902, 19.91866 ], [ -155.8902, 19.91866 ], [ -155.89014, 19.91861 ], [ -155.89003, 19.91848 ], [ -155.88994, 19.91839 ], [ -155.88975, 19.91833 ], [ -155.88956, 19.91834 ], [ -155.88955, 19.91844 ], [ -155.88955, 19.91847 ], [ -155.88959, 19.91861 ], [ -155.88959, 19.91863 ], [ -155.88964, 19.91879 ], [ -155.88964, 19.91892 ], [ -155.88966, 19.91901 ], [ -155.88977, 19.91911 ], [ -155.88989, 19.91919 ], [ -155.88991, 19.91924 ], [ -155.8899, 19.91925 ], [ -155.88986, 19.9193 ], [ -155.88984, 19.91931 ], [ -155.88974, 19.91936 ], [ -155.88973, 19.91939 ], [ -155.88968, 19.91946 ], [ -155.88968, 19.91953 ], [ -155.88968, 19.91955 ], [ -155.88977, 19.91965 ], [ -155.88979, 19.91966 ], [ -155.88994, 19.91973 ], [ -155.89, 19.9199 ], [ -155.88998, 19.92005 ], [ -155.88997, 19.92008 ], [ -155.88996, 19.92009 ], [ -155.88999, 19.92021 ], [ -155.89002, 19.9204 ], [ -155.88998, 19.92058 ], [ -155.88996, 19.92075 ], [ -155.88994, 19.92088 ], [ -155.88993, 19.92092 ] ] ] } },
{ "type": "Feature", "properties": { "fld_zone": "AO", "depth": 2 }, "bbox": [ -155.87705, 19.93818, -155.87636, 19.93939 ], "geometry": { "type": "Polygon", "coordinates": [ [ [ -155.87705, 19.93878 ], [ -155.87703, 19.93878 ], [ -155.877, 19.9388 ], [ -155.87696, 19.93881 ], [ -155.87694, 19.9388 ], [ -155.8769, 19.93879 ], [ -155.87685, 19.93876 ], [ -155.87684, 19.93875 ], [ -155.87679, 19.93873 ], [ -155.87675, 19.93869 ], [ -155.87672, 19.93864 ], [ -155.87667, 19.9386 ], [ -155.87665, 19.93855 ], [ -155.87662, 19.93849 ], [ -155.8766, 19.93844 ], [ -155.87655, 19.93837 ], [ -155.87652, 19.93831 ], [ -155.87648, 19.93825 ], [ -155.87645, 19.93822 ], [ -155.87642, 19.9382 ], [ -155.8764, 19.93818 ], [ -155.87638, 19.93818 ], [ -155.87637, 19.93823 ], [ -155.87641, 19.93833 ], [ -155.87649, 19.93846 ], [ -155.87654, 19.93856 ], [ -155.87658, 19.93865 ], [ -155.87661, 19.93872 ], [ -155.87667, 19.93881 ], [ -155.87668, 19.93887 ], [ -155.87664, 19.93893 ], [ -155.87659, 19.93901 ], [ -155.87656, 19.93907 ], [ -155.87654, 19.9391 ], [ -155.8765, 19.93911 ], [ -155.87647, 19.9391 ], [ -155.87644, 19.93909 ], [ -155.8764, 19.93914 ], [ -155.87637, 19.93921 ], [ -155.87636, 19.93927 ], [ -155.87636, 19.93932 ], [ -155.87638, 19.93935 ], [ -155.87644, 19.93935 ], [ -155.87647, 19.93935 ], [ -155.87652, 19.93933 ], [ -155.87655, 19.93932 ], [ -155.8766, 19.93928 ], [ -155.87665, 19.93926 ], [ -155.8767, 19.93924 ], [ -155.87675, 19.93923 ], [ -155.8768, 19.93925 ], [ -155.8768, 19.93927 ], [ -155.87683, 19.93939 ], [ -155.8769, 19.93918 ], [ -155.8769, 19.93918 ], [ -155.87692, 19.93912 ], [ -155.87693, 19.93908 ], [ -155.87695, 19.93904 ], [ -155.877, 19.93901 ], [ -155.87701, 19.93896 ], [ -155.87701, 19.93891 ], [ -155.87701, 19.93887 ], [ -155.87702, 19.93883 ], [ -155.87705, 19.93878 ] ] ] } },
{ "type": "Feature", "properties": { "fld_zone": "AO", "depth": 2 }, "bbox": [ -155.64124, 20.02357, -155.63722, 20.03089 ], "geometry": { "type": "Polygon", "coordinates": [ [ [ -155.63932, 20.03027 ], [ -155.63938, 20.03032 ], [ -155.63941, 20.03035 ], [ -155.63947, 20.0304 ], [ -155.63957, 20.0305 ], [ -155.63964, 20.03056 ], [ -155.63985, 20.0307 ], [ -155.6401, 20.03084 ], [ -155.64017, 20.03087 ], [ -155.64019, 20.03089 ], [ -155.64018, 20.03086 ], [ -155.64015, 20.03082 ], [ -155.64013, 20.03076 ], [ -155.64013, 20.03068 ], [ -155.64015, 20.03059 ], [ -155.6402, 20.0305 ], [ -155.6402, 20.0305 ], [ -155.64021, 20.03049 ], [ -155.64021, 20.03048 ], [ -155.64022, 20.03047 ], [ -155.64022, 20.03047 ], [ -155.64022, 20.03046 ], [ -155.64022, 20.03045 ], [ -155.64022, 20.03044 ], [ -155.64022, 20.03043 ], [ -155.64022, 20.03041 ], [ -155.64022, 20.0304 ], [ -155.64022, 20.03039 ], [ -155.64022, 20.03038 ], [ -155.64022, 20.03037 ], [ -155.64021, 20.03034 ], [ -155.64021, 20.03032 ], [ -155.6402, 20.03029 ], [ -155.64019, 20.03026 ], [ -155.64018, 20.03023 ], [ -155.64014, 20.03012 ], [ -155.64013, 20.03008 ], [ -155.64013, 20.03007 ], [ -155.64012, 20.03004 ], [ -155.64011, 20.03002 ], [ -155.6401, 20.03 ], [ -155.6401, 20.02998 ], [ -155.64009, 20.02995 ], [ -155.64009, 20.02993 ], [ -155.64009, 20.02991 ], [ -155.64008, 20.02989 ], [ -155.64008, 20.02987 ], [ -155.64008, 20.02985 ], [ -155.64008, 20.02984 ], [ -155.64008, 20.02982 ], [ -155.64009, 20.02981 ], [ -155.64009, 20.02979 ], [ -155.64009, 20.02977 ], [ -155.6401, 20.02976 ], [ -155.6401, 20.02974 ], [ -155.64011, 20.02972 ], [ -155.64012, 20.02971 ], [ -155.64012, 20.02969 ], [ -155.64013, 20.02967 ], [ -155.64014, 20.02966 ], [ -155.64015, 20.02964 ], [ -155.64016, 20.02962 ], [ -155.64018, 20.02959 ], [ -155.64022, 20.0295 ], [ -155.64024, 20.02948 ], [ -155.64025, 20.02946 ], [ -155.64026, 20.02944 ], [ -155.64027, 20.02942 ], [ -155.64028, 20.0294 ], [ -155.64028, 20.02939 ], [ -155.64029, 20.02937 ], [ -155.6403, 20.02935 ], [ -155.6403, 20.02933 ], [ -155.6403, 20.02931 ], [ -155.64031, 20.0293 ], [ -155.64031, 20.02928 ], [ -155.64031, 20.02926 ], [ -155.64031, 20.02925 ], [ -155.6403, 20.02923 ], [ -155.6403, 20.02922 ], [ -155.6403, 20.02921 ], [ -155.64029, 20.02919 ], [ -155.64029, 20.02918 ], [ -155.64028, 20.02916 ], [ -155.64027, 20.02915 ], [ -155.64026, 20.02913 ], [ -155.64025, 20.02912 ], [ -155.64024, 20.0291 ], [ -155.64023, 20.02909 ], [ -155.64021, 20.02907 ], [ -155.6402, 20.02905 ], [ -155.64018, 20.02904 ], [ -155.64012, 20.02897 ], [ -155.6401, 20.02894 ], [ -155.64009, 20.02893 ], [ -155.64008, 20.02891 ], [ -155.64006, 20.0289 ], [ -155.64005, 20.02889 ], [ -155.64004, 20.02887 ], [ -155.64003, 20.02886 ], [ -155.64002, 20.02884 ], [ -155.64002, 20.02883 ], [ -155.64001, 20.02881 ], [ -155.64, 20.0288 ], [ -155.64, 20.02878 ], [ -155.63999, 20.02877 ], [ -155.63999, 20.02875 ], [ -155.63999, 20.02874 ], [ -155.63998, 20.02872 ], [ -155.63998, 20.0287 ], [ -155.63998, 20.02869 ], [ -155.63998, 20.02867 ], [ -155.63998, 20.02865 ], [ -155.63998, 20.02863 ], [ -155.63998, 20.02861 ], [ -155.63998, 20.02859 ], [ -155.63999, 20.02857 ], [ -155.63999, 20.02855 ], [ -155.64, 20.02851 ], [ -155.64001, 20.02843 ], [ -155.64001, 20.02839 ], [ -155.64002, 20.02836 ], [ -155.64002, 20.02833 ], [ -155.64002, 20.02831 ], [ -155.64003, 20.02829 ], [ -155.64003, 20.02828 ], [ -155.64003, 20.02826 ], [ -155.64003, 20.02825 ], [ -155.64003, 20.02823 ], [ -155.64003, 20.02822 ], [ -155.64002, 20.0282 ], [ -155.64002, 20.02817 ], [ -155.64001, 20.02814 ], [ -155.64001, 20.02811 ], [ -155.64, 20.02808 ], [ -155.64, 20.02804 ], [ -155.63999, 20.02801 ], [ -155.63998, 20.02798 ], [ -155.63997, 20.02794 ], [ -155.63996, 20.02791 ], [ -155.63995, 20.02788 ], [ -155.63994, 20.02785 ], [ -155.63993, 20.02781 ], [ -155.63992, 20.02778 ], [ -155.6399, 20.02775 ], [ -155.63989, 20.02772 ], [ -155.63988, 20.02768 ], [ -155.63986, 20.02766 ], [ -155.63985, 20.02763 ], [ -155.63984, 20.02761 ], [ -155.63983, 20.02758 ], [ -155.63981, 20.02756 ], [ -155.6398, 20.02753 ], [ -155.63979, 20.02751 ], [ -155.63977, 20.02748 ], [ -155.63976, 20.02746 ], [ -155.63975, 20.02744 ], [ -155.63973, 20.02741 ], [ -155.63972, 20.02739 ], [ -155.63971, 20.02737 ], [ -155.63969, 20.02735 ], [ -155.63968, 20.02733 ], [ -155.63966, 20.02731 ], [ -155.63965, 20.02729 ], [ -155.63963, 20.02727 ], [ -155.63962, 20.02725 ], [ -155.6396, 20.02723 ], [ -155.63959, 20.02721 ], [ -155.63957, 20.02719 ], [ -155.63956, 20.02718 ], [ -155.63954, 20.02716 ], [ -155.63953, 20.02714 ], [ -155.63951, 20.02713 ], [ -155.6395, 20.02711 ], [ -155.63948, 20.0271 ], [ -155.63946, 20.02708 ], [ -155.63945, 20.02707 ], [ -155.63943, 20.02705 ], [ -155.63941, 20.02704 ], [ -155.6394, 20.02703 ], [ -155.63938, 20.02701 ], [ -155.63935, 20.02699 ], [ -155.63933, 20.02698 ], [ -155.63931, 20.02696 ], [ -155.63928, 20.02695 ], [ -155.63926, 20.02694 ], [ -155.63924, 20.02692 ], [ -155.63922, 20.02691 ], [ -155.6392, 20.0269 ], [ -155.63917, 20.02689 ], [ -155.63915, 20.02688 ], [ -155.63913, 20.02687 ], [ -155.63911, 20.02686 ], [ -155.63909, 20.02685 ], [ -155.63908, 20.02685 ], [ -155.63907, 20.02684 ], [ -155.63905, 20.02684 ], [ -155.63904, 20.02684 ], [ -155.63903, 20.02683 ], [ -155.63901, 20.02683 ], [ -155.639, 20.02683 ], [ -155.63898, 20.02683 ], [ -155.63897, 20.02683 ], [ -155.63894, 20.02683 ], [ -155.63891, 20.02683 ], [ -155.63888, 20.02683 ], [ -155.6388, 20.02683 ], [ -155.63876, 20.02683 ], [ -155.63874, 20.02682 ], [ -155.63872, 20.02682 ], [ -155.6387, 20.02682 ], [ -155.63869, 20.02682 ], [ -155.63867, 20.02682 ], [ -155.63865, 20.02682 ], [ -155.63864, 20.02681 ], [ -155.63862, 20.02681 ], [ -155.63861, 20.0268 ], [ -155.6386, 20.0268 ], [ -155.63858, 20.02679 ], [ -155.63857, 20.02679 ], [ -155.63856, 20.02678 ], [ -155.63855, 20.02678 ], [ -155.63855, 20.02677 ], [ -155.63854, 20.02676 ], [ -155.63853, 20.02676 ], [ -155.63852, 20.02675 ], [ -155.6385, 20.02674 ], [ -155.63849, 20.02672 ], [ -155.63848, 20.02671 ], [ -155.63847, 20.0267 ], [ -155.63846, 20.02669 ], [ -155.63845, 20.02668 ], [ -155.63844, 20.02666 ], [ -155.63843, 20.02665 ], [ -155.63842, 20.02664 ], [ -155.63841, 20.02663 ], [ -155.6384, 20.02661 ], [ -155.6384, 20.0266 ], [ -155.63839, 20.02659 ], [ -155.63838, 20.02658 ], [ -155.63838, 20.02657 ], [ -155.63837, 20.02656 ], [ -155.63836, 20.02654 ], [ -155.63836, 20.02653 ], [ -155.63836, 20.02652 ], [ -155.63835, 20.02651 ], [ -155.63835, 20.0265 ], [ -155.63835, 20.0265 ], [ -155.63835, 20.02649 ], [ -155.63834, 20.02648 ], [ -155.63834, 20.02647 ], [ -155.63834, 20.02646 ], [ -155.63835, 20.02646 ], [ -155.63835, 20.02645 ], [ -155.63835, 20.02645 ], [ -155.63835, 20.02644 ], [ -155.63835, 20.02644 ], [ -155.63835, 20.02643 ], [ -155.63836, 20.02643 ], [ -155.63836, 20.02642 ], [ -155.63837, 20.02642 ], [ -155.63837, 20.02642 ], [ -155.63838, 20.02641 ], [ -155.63838, 20.02641 ], [ -155.63839, 20.0264 ], [ -155.63839, 20.0264 ], [ -155.6384, 20.0264 ], [ -155.63841, 20.02639 ], [ -155.63842, 20.02639 ], [ -155.63844, 20.02638 ], [ -155.63846, 20.02637 ], [ -155.63847, 20.02637 ], [ -155.63849, 20.02636 ], [ -155.63851, 20.02636 ], [ -155.63859, 20.02634 ], [ -155.63863, 20.02633 ], [ -155.63866, 20.02632 ], [ -155.63868, 20.02631 ], [ -155.63869, 20.02631 ], [ -155.63871, 20.0263 ], [ -155.63872, 20.02629 ], [ -155.63874, 20.02629 ], [ -155.63875, 20.02628 ], [ -155.63876, 20.02627 ], [ -155.63877, 20.02627 ], [ -155.63878, 20.02626 ], [ -155.63879, 20.02625 ], [ -155.6388, 20.02624 ], [ -155.63881, 20.02624 ], [ -155.63881, 20.02623 ], [ -155.63882, 20.02622 ], [ -155.63883, 20.02621 ], [ -155.63883, 20.02621 ], [ -155.63884, 20.0262 ], [ -155.63884, 20.02619 ], [ -155.63885, 20.02618 ], [ -155.63885, 20.02617 ], [ -155.63886, 20.02614 ], [ -155.63887, 20.02612 ], [ -155.63889, 20.02606 ], [ -155.63889, 20.02604 ], [ -155.6389, 20.02603 ], [ -155.6389, 20.02602 ], [ -155.63891, 20.02601 ], [ -155.63891, 20.026 ], [ -155.63892, 20.02599 ], [ -155.63892, 20.02599 ], [ -155.63893, 20.02598 ], [ -155.63893, 20.02597 ], [ -155.63894, 20.02597 ], [ -155.63894, 20.02596 ], [ -155.63895, 20.02596 ], [ -155.63895, 20.02596 ], [ -155.63896, 20.02596 ], [ -155.63896, 20.02596 ], [ -155.63897, 20.02596 ], [ -155.63898, 20.02596 ], [ -155.63898, 20.02596 ], [ -155.63899, 20.02596 ], [ -155.639, 20.02596 ], [ -155.63902, 20.02597 ], [ -155.63903, 20.02597 ], [ -155.63904, 20.02598 ], [ -155.63905, 20.02599 ], [ -155.63907, 20.026 ], [ -155.63908, 20.02601 ], [ -155.6391, 20.02602 ], [ -155.63912, 20.02603 ], [ -155.63917, 20.02607 ], [ -155.63919, 20.02608 ], [ -155.63921, 20.0261 ], [ -155.63923, 20.02611 ], [ -155.63924, 20.02611 ], [ -155.63925, 20.02611 ], [ -155.63925, 20.02612 ], [ -155.63926, 20.02612 ], [ -155.63927, 20.02612 ], [ -155.63927, 20.02612 ], [ -155.63927, 20.02612 ], [ -155.63927, 20.02612 ], [ -155.63928, 20.02612 ], [ -155.63928, 20.02611 ], [ -155.63928, 20.02611 ], [ -155.63928, 20.0261 ], [ -155.63928, 20.0261 ], [ -155.63928, 20.02609 ], [ -155.63928, 20.02608 ], [ -155.63928, 20.02607 ], [ -155.63927, 20.02606 ], [ -155.63926, 20.02604 ], [ -155.63925, 20.02602 ], [ -155.63924, 20.026 ], [ -155.63921, 20.02593 ], [ -155.6392, 20.0259 ], [ -155.63919, 20.02588 ], [ -155.63918, 20.02586 ], [ -155.63917, 20.02584 ], [ -155.63917, 20.02582 ], [ -155.63916, 20.02581 ], [ -155.63916, 20.02579 ], [ -155.63916, 20.02578 ], [ -155.63915, 20.02576 ], [ -155.63915, 20.02575 ], [ -155.63915, 20.02574 ], [ -155.63915, 20.02573 ], [ -155.63915, 20.02571 ], [ -155.63916, 20.0257 ], [ -155.63916, 20.02569 ], [ -155.63916, 20.02567 ], [ -155.63917, 20.02566 ], [ -155.63917, 20.02564 ], [ -155.63917, 20.02563 ], [ -155.63918, 20.02562 ], [ -155.63918, 20.0256 ], [ -155.63919, 20.02559 ], [ -155.6392, 20.02557 ], [ -155.6392, 20.02556 ], [ -155.63921, 20.02554 ], [ -155.63922, 20.02553 ], [ -155.63922, 20.02552 ], [ -155.63923, 20.0255 ], [ -155.63924, 20.02549 ], [ -155.63925, 20.02547 ], [ -155.63926, 20.02546 ], [ -155.63927, 20.02545 ], [ -155.63928, 20.02543 ], [ -155.63929, 20.02542 ], [ -155.6393, 20.02541 ], [ -155.63931, 20.0254 ], [ -155.63932, 20.02539 ], [ -155.63933, 20.02537 ], [ -155.63934, 20.02536 ], [ -155.63935, 20.02535 ], [ -155.63936, 20.02534 ], [ -155.63937, 20.02533 ], [ -155.63938, 20.02533 ], [ -155.63939, 20.02532 ], [ -155.6394, 20.02531 ], [ -155.63941, 20.0253 ], [ -155.63943, 20.02529 ], [ -155.63946, 20.02528 ], [ -155.63948, 20.02527 ], [ -155.6395, 20.02525 ], [ -155.63953, 20.02524 ], [ -155.63955, 20.02523 ], [ -155.63958, 20.02523 ], [ -155.6396, 20.02522 ], [ -155.63963, 20.02521 ], [ -155.63965, 20.02521 ], [ -155.63967, 20.0252 ], [ -155.6397, 20.0252 ], [ -155.63972, 20.02519 ], [ -155.63975, 20.02519 ], [ -155.63977, 20.02519 ], [ -155.63979, 20.02519 ], [ -155.6398, 20.02519 ], [ -155.63981, 20.02519 ], [ -155.63982, 20.0252 ], [ -155.63983, 20.0252 ], [ -155.63984, 20.0252 ], [ -155.63985, 20.02521 ], [ -155.63987, 20.02521 ], [ -155.63988, 20.02522 ], [ -155.63989, 20.02522 ], [ -155.6399, 20.02523 ], [ -155.63991, 20.02523 ], [ -155.63992, 20.02524 ], [ -155.63995, 20.02526 ], [ -155.64, 20.02529 ], [ -155.64003, 20.02531 ], [ -155.64004, 20.02531 ], [ -155.64005, 20.02532 ], [ -155.64006, 20.02532 ], [ -155.64007, 20.02533 ], [ -155.64008, 20.02533 ], [ -155.64009, 20.02534 ], [ -155.64009, 20.02534 ], [ -155.6401, 20.02534 ], [ -155.64011, 20.02534 ], [ -155.64012, 20.02534 ], [ -155.64012, 20.02534 ], [ -155.64013, 20.02534 ], [ -155.64014, 20.02533 ], [ -155.64014, 20.02533 ], [ -155.64015, 20.02533 ], [ -155.64015, 20.02532 ], [ -155.64016, 20.02532 ], [ -155.64016, 20.02531 ], [ -155.64017, 20.0253 ], [ -155.64017, 20.0253 ], [ -155.64017, 20.02529 ], [ -155.64018, 20.02528 ], [ -155.64018, 20.02527 ], [ -155.64019, 20.02526 ], [ -155.64019, 20.02523 ], [ -155.64021, 20.02518 ], [ -155.64022, 20.02516 ], [ -155.64022, 20.02513 ], [ -155.64023, 20.02512 ], [ -155.64023, 20.02512 ], [ -155.64024, 20.0251 ], [ -155.64024, 20.02509 ], [ -155.64025, 20.02509 ], [ -155.64025, 20.02508 ], [ -155.64026, 20.02507 ], [ -155.64026, 20.02506 ], [ -155.64027, 20.02506 ], [ -155.64028, 20.02505 ], [ -155.64028, 20.02505 ], [ -155.64029, 20.02504 ], [ -155.6403, 20.02504 ], [ -155.64031, 20.02504 ], [ -155.64032, 20.02503 ], [ -155.64033, 20.02503 ], [ -155.64034, 20.02503 ], [ -155.64035, 20.02502 ], [ -155.64036, 20.02502 ], [ -155.64038, 20.02502 ], [ -155.64039, 20.02502 ], [ -155.6404, 20.02502 ], [ -155.64043, 20.02502 ], [ -155.64048, 20.02501 ], [ -155.6405, 20.02501 ], [ -155.64053, 20.02501 ], [ -155.64054, 20.02501 ], [ -155.64057, 20.025 ], [ -155.64058, 20.025 ], [ -155.64059, 20.025 ], [ -155.6406, 20.025 ], [ -155.6406, 20.02499 ], [ -155.64061, 20.02499 ], [ -155.64062, 20.02499 ], [ -155.64063, 20.02498 ], [ -155.64065, 20.02497 ], [ -155.64067, 20.02497 ], [ -155.64069, 20.02495 ], [ -155.6407, 20.02494 ], [ -155.64072, 20.02493 ], [ -155.64073, 20.02492 ], [ -155.64075, 20.02491 ], [ -155.64076, 20.0249 ], [ -155.64078, 20.02489 ], [ -155.64079, 20.02488 ], [ -155.6408, 20.02487 ], [ -155.64081, 20.02486 ], [ -155.64083, 20.02485 ], [ -155.64084, 20.02483 ], [ -155.64085, 20.02482 ], [ -155.64085, 20.02481 ], [ -155.64086, 20.0248 ], [ -155.64087, 20.02479 ], [ -155.64088, 20.02477 ], [ -155.64089, 20.02476 ], [ -155.6409, 20.02475 ], [ -155.6409, 20.02474 ], [ -155.64091, 20.02472 ], [ -155.64092, 20.02471 ], [ -155.64092, 20.0247 ], [ -155.64093, 20.02469 ], [ -155.64093, 20.02468 ], [ -155.64093, 20.02467 ], [ -155.64094, 20.02465 ], [ -155.64094, 20.02464 ], [ -155.64094, 20.02464 ], [ -155.64094, 20.02463 ], [ -155.64094, 20.02462 ], [ -155.64094, 20.02462 ], [ -155.64094, 20.02461 ], [ -155.64094, 20.0246 ], [ -155.64093, 20.02459 ], [ -155.64093, 20.02459 ], [ -155.64093, 20.02458 ], [ -155.64093, 20.02456 ], [ -155.64092, 20.02455 ], [ -155.64091, 20.02453 ], [ -155.6409, 20.02449 ], [ -155.64089, 20.02447 ], [ -155.64088, 20.02446 ], [ -155.64088, 20.02445 ], [ -155.64088, 20.02444 ], [ -155.64087, 20.02443 ], [ -155.64087, 20.02442 ], [ -155.64087, 20.02442 ], [ -155.64087, 20.02441 ], [ -155.64087, 20.0244 ], [ -155.64087, 20.0244 ], [ -155.64088, 20.02439 ], [ -155.64088, 20.02438 ], [ -155.64088, 20.02438 ], [ -155.64089, 20.02437 ], [ -155.64089, 20.02437 ], [ -155.64089, 20.02436 ], [ -155.6409, 20.02436 ], [ -155.64091, 20.02435 ], [ -155.64091, 20.02434 ], [ -155.64092, 20.02434 ], [ -155.64093, 20.02433 ], [ -155.64094, 20.02433 ], [ -155.64095, 20.02433 ], [ -155.64096, 20.02432 ], [ -155.64098, 20.02431 ], [ -155.64103, 20.02429 ], [ -155.64105, 20.02429 ], [ -155.64107, 20.02428 ], [ -155.64109, 20.02427 ], [ -155.6411, 20.02426 ], [ -155.64111, 20.02426 ], [ -155.64111, 20.02425 ], [ -155.64112, 20.02425 ], [ -155.64113, 20.02424 ], [ -155.64113, 20.02424 ], [ -155.64114, 20.02423 ], [ -155.64114, 20.02423 ], [ -155.64116, 20.02421 ], [ -155.64117, 20.0242 ], [ -155.64118, 20.02418 ], [ -155.64119, 20.02416 ], [ -155.64119, 20.02415 ], [ -155.6412, 20.02413 ], [ -155.64121, 20.02411 ], [ -155.64122, 20.02409 ], [ -155.64122, 20.02407 ], [ -155.64123, 20.02405 ], [ -155.64123, 20.02403 ], [ -155.64123, 20.02402 ], [ -155.64124, 20.024 ], [ -155.64124, 20.02398 ], [ -155.64124, 20.02396 ], [ -155.64124, 20.02395 ], [ -155.64123, 20.02393 ], [ -155.64123, 20.02392 ], [ -155.64123, 20.0239 ], [ -155.64122, 20.02389 ], [ -155.64121, 20.02387 ], [ -155.64121, 20.02386 ], [ -155.6412, 20.02384 ], [ -155.64118, 20.02382 ], [ -155.64117, 20.0238 ], [ -155.64116, 20.02379 ], [ -155.64114, 20.02377 ], [ -155.64113, 20.02375 ], [ -155.64111, 20.02373 ], [ -155.64109, 20.02372 ], [ -155.64108, 20.02371 ], [ -155.64106, 20.02369 ], [ -155.64105, 20.02368 ], [ -155.64103, 20.02367 ], [ -155.64101, 20.02366 ], [ -155.64099, 20.02365 ], [ -155.64098, 20.02364 ], [ -155.64095, 20.02363 ], [ -155.64093, 20.02362 ], [ -155.64091, 20.02362 ], [ -155.64089, 20.02361 ], [ -155.64086, 20.0236 ], [ -155.64084, 20.02359 ], [ -155.64081, 20.02359 ], [ -155.64081, 20.02359 ], [ -155.64079, 20.02358 ], [ -155.64076, 20.02358 ], [ -155.64074, 20.02357 ], [ -155.64072, 20.02357 ], [ -155.64071, 20.02357 ], [ -155.6407, 20.02357 ], [ -155.64068, 20.02357 ], [ -155.64067, 20.02357 ], [ -155.64065, 20.02357 ], [ -155.64064, 20.02357 ], [ -155.64062, 20.02358 ], [ -155.64061, 20.02358 ], [ -155.64059, 20.02358 ], [ -155.64057, 20.02358 ], [ -155.64056, 20.02359 ], [ -155.64054, 20.02359 ], [ -155.64053, 20.0236 ], [ -155.64051, 20.0236 ], [ -155.64049, 20.02361 ], [ -155.64047, 20.02361 ], [ -155.64044, 20.02363 ], [ -155.64041, 20.02364 ], [ -155.64037, 20.02365 ], [ -155.64033, 20.02367 ], [ -155.6403, 20.02368 ], [ -155.64027, 20.0237 ], [ -155.64014, 20.02376 ], [ -155.64014, 20.02377 ], [ -155.64007, 20.0238 ], [ -155.64005, 20.02381 ], [ -155.64003, 20.02382 ], [ -155.64002, 20.02383 ], [ -155.64, 20.02384 ], [ -155.63998, 20.02385 ], [ -155.63996, 20.02386 ], [ -155.63994, 20.02387 ], [ -155.63992, 20.02389 ], [ -155.63989, 20.02391 ], [ -155.63985, 20.02394 ], [ -155.63982, 20.02397 ], [ -155.63973, 20.02404 ], [ -155.63969, 20.02407 ], [ -155.63966, 20.02409 ], [ -155.63964, 20.0241 ], [ -155.63962, 20.02412 ], [ -155.6396, 20.02413 ], [ -155.63958, 20.02415 ], [ -155.63955, 20.02416 ], [ -155.63953, 20.02417 ], [ -155.63951, 20.02419 ], [ -155.63949, 20.0242 ], [ -155.63947, 20.02421 ], [ -155.63944, 20.02422 ], [ -155.63943, 20.02422 ], [ -155.63941, 20.02423 ], [ -155.63939, 20.02424 ], [ -155.63936, 20.02424 ], [ -155.63934, 20.02424 ], [ -155.63932, 20.02425 ], [ -155.63929, 20.02425 ], [ -155.63927, 20.02425 ], [ -155.63924, 20.02425 ], [ -155.63922, 20.02426 ], [ -155.63919, 20.02426 ], [ -155.63916, 20.02426 ], [ -155.63914, 20.02426 ], [ -155.63908, 20.02425 ], [ -155.63895, 20.02425 ], [ -155.63891, 20.02425 ], [ -155.63888, 20.02425 ], [ -155.63884, 20.02425 ], [ -155.63881, 20.02425 ], [ -155.63878, 20.02425 ], [ -155.63875, 20.02425 ], [ -155.63874, 20.02426 ], [ -155.63872, 20.02426 ], [ -155.63871, 20.02426 ], [ -155.63869, 20.02426 ], [ -155.63868, 20.02427 ], [ -155.63866, 20.02427 ], [ -155.63865, 20.02428 ], [ -155.63864, 20.02428 ], [ -155.63863, 20.02428 ], [ -155.63862, 20.02429 ], [ -155.63861, 20.0243 ], [ -155.6386, 20.0243 ], [ -155.63859, 20.02431 ], [ -155.63858, 20.02432 ], [ -155.63857, 20.02432 ], [ -155.63856, 20.02433 ], [ -155.63855, 20.02434 ], [ -155.63854, 20.02434 ], [ -155.63853, 20.02436 ], [ -155.63852, 20.02437 ], [ -155.63851, 20.02438 ], [ -155.6385, 20.02439 ], [ -155.63848, 20.02442 ], [ -155.63847, 20.02444 ], [ -155.63845, 20.02447 ], [ -155.63844, 20.02449 ], [ -155.63843, 20.0245 ], [ -155.63842, 20.02452 ], [ -155.63842, 20.02453 ], [ -155.63841, 20.02454 ], [ -155.63841, 20.02455 ], [ -155.6384, 20.02456 ], [ -155.6384, 20.02457 ], [ -155.6384, 20.02458 ], [ -155.63839, 20.02459 ], [ -155.63839, 20.0246 ], [ -155.63839, 20.02461 ], [ -155.63839, 20.02462 ], [ -155.63839, 20.02463 ], [ -155.63838, 20.02464 ], [ -155.63838, 20.02465 ], [ -155.63838, 20.02466 ], [ -155.63838, 20.02466 ], [ -155.63838, 20.02467 ], [ -155.63839, 20.02468 ], [ -155.63839, 20.02469 ], [ -155.63839, 20.0247 ], [ -155.6384, 20.02471 ], [ -155.6384, 20.02472 ], [ -155.63841, 20.02473 ], [ -155.63842, 20.02474 ], [ -155.63843, 20.02475 ], [ -155.63844, 20.02476 ], [ -155.63845, 20.02476 ], [ -155.63846, 20.02477 ], [ -155.63847, 20.02478 ], [ -155.63849, 20.0248 ], [ -155.63855, 20.02484 ], [ -155.63856, 20.02486 ], [ -155.63857, 20.02487 ], [ -155.63858, 20.02488 ], [ -155.63859, 20.02488 ], [ -155.6386, 20.02489 ], [ -155.63861, 20.0249 ], [ -155.63861, 20.02491 ], [ -155.63862, 20.02492 ], [ -155.63863, 20.02493 ], [ -155.63863, 20.02494 ], [ -155.63863, 20.02494 ], [ -155.63863, 20.02495 ], [ -155.63863, 20.02496 ], [ -155.63863, 20.02497 ], [ -155.63863, 20.02497 ], [ -155.63863, 20.02498 ], [ -155.63862, 20.02499 ], [ -155.63862, 20.02499 ], [ -155.63861, 20.025 ], [ -155.63861, 20.02501 ], [ -155.6386, 20.02501 ], [ -155.63859, 20.02502 ], [ -155.63859, 20.02503 ], [ -155.63858, 20.02504 ], [ -155.63856, 20.02505 ], [ -155.63854, 20.02506 ], [ -155.63849, 20.0251 ], [ -155.63847, 20.02511 ], [ -155.63846, 20.02511 ], [ -155.63845, 20.02512 ], [ -155.63844, 20.02513 ], [ -155.63843, 20.02514 ], [ -155.63842, 20.02515 ], [ -155.63842, 20.02515 ], [ -155.63841, 20.02516 ], [ -155.6384, 20.02517 ], [ -155.6384, 20.02518 ], [ -155.6384, 20.02518 ], [ -155.6384, 20.02519 ], [ -155.6384, 20.0252 ], [ -155.6384, 20.02521 ], [ -155.6384, 20.02522 ], [ -155.6384, 20.02523 ], [ -155.6384, 20.02524 ], [ -155.63841, 20.02525 ], [ -155.63841, 20.02526 ], [ -155.63842, 20.02527 ], [ -155.63843, 20.02529 ], [ -155.63844, 20.0253 ], [ -155.63845, 20.02531 ], [ -155.63846, 20.02532 ], [ -155.63847, 20.02534 ], [ -155.63848, 20.02535 ], [ -155.63851, 20.02538 ], [ -155.63857, 20.02543 ], [ -155.63859, 20.02546 ], [ -155.6386, 20.02547 ], [ -155.63861, 20.02548 ], [ -155.63862, 20.02549 ], [ -155.63862, 20.0255 ], [ -155.63863, 20.02551 ], [ -155.63863, 20.02552 ], [ -155.63864, 20.02553 ], [ -155.63864, 20.02553 ], [ -155.63864, 20.02554 ], [ -155.63864, 20.02554 ], [ -155.63864, 20.02555 ], [ -155.63864, 20.02555 ], [ -155.63864, 20.02555 ], [ -155.63864, 20.02556 ], [ -155.63864, 20.02556 ], [ -155.63864, 20.02556 ], [ -155.63863, 20.02557 ], [ -155.63863, 20.02557 ], [ -155.63863, 20.02557 ], [ -155.63862, 20.02557 ], [ -155.63862, 20.02558 ], [ -155.63861, 20.02558 ], [ -155.63861, 20.02558 ], [ -155.6386, 20.02558 ], [ -155.6386, 20.02558 ], [ -155.63859, 20.02559 ], [ -155.63858, 20.02559 ], [ -155.63856, 20.02559 ], [ -155.63855, 20.02559 ], [ -155.63853, 20.02559 ], [ -155.63851, 20.02559 ], [ -155.63849, 20.02559 ], [ -155.63847, 20.02559 ], [ -155.63843, 20.02558 ], [ -155.63831, 20.02557 ], [ -155.63828, 20.02557 ], [ -155.63825, 20.02557 ], [ -155.63822, 20.02557 ], [ -155.63819, 20.02557 ], [ -155.63816, 20.02557 ], [ -155.63814, 20.02557 ], [ -155.63812, 20.02557 ], [ -155.6381, 20.02558 ], [ -155.63809, 20.02558 ], [ -155.63808, 20.02558 ], [ -155.63807, 20.02558 ], [ -155.63806, 20.02559 ], [ -155.63806, 20.02559 ], [ -155.63805, 20.02559 ], [ -155.63804, 20.02559 ], [ -155.63804, 20.0256 ], [ -155.63803, 20.0256 ], [ -155.63803, 20.0256 ], [ -155.63802, 20.02561 ], [ -155.63802, 20.02561 ], [ -155.63801, 20.02562 ], [ -155.63801, 20.02562 ], [ -155.638, 20.02563 ], [ -155.638, 20.02563 ], [ -155.63799, 20.02564 ], [ -155.63799, 20.02565 ], [ -155.63798, 20.02565 ], [ -155.63798, 20.02566 ], [ -155.63798, 20.02567 ], [ -155.63797, 20.02567 ], [ -155.63797, 20.02569 ], [ -155.63796, 20.02571 ], [ -155.63795, 20.02573 ], [ -155.63795, 20.02575 ], [ -155.63795, 20.02577 ], [ -155.63794, 20.02579 ], [ -155.63794, 20.02581 ], [ -155.63794, 20.02583 ], [ -155.63794, 20.02586 ], [ -155.63793, 20.02596 ], [ -155.63792, 20.026 ], [ -155.63792, 20.02603 ], [ -155.63792, 20.02605 ], [ -155.63792, 20.02607 ], [ -155.63791, 20.02608 ], [ -155.63791, 20.02611 ], [ -155.6379, 20.02613 ], [ -155.6379, 20.02614 ], [ -155.63789, 20.02616 ], [ -155.63789, 20.02618 ], [ -155.63788, 20.02619 ], [ -155.63787, 20.02621 ], [ -155.63786, 20.02622 ], [ -155.63785, 20.02624 ], [ -155.63784, 20.02625 ], [ -155.63783, 20.02626 ], [ -155.63782, 20.02627 ], [ -155.6378, 20.02629 ], [ -155.63779, 20.0263 ], [ -155.63777, 20.02631 ], [ -155.63775, 20.02633 ], [ -155.63774, 20.02634 ], [ -155.63772, 20.02635 ], [ -155.6377, 20.02636 ], [ -155.63768, 20.02637 ], [ -155.63764, 20.02639 ], [ -155.63756, 20.02643 ], [ -155.63753, 20.02645 ], [ -155.6375, 20.02646 ], [ -155.63747, 20.02648 ], [ -155.63745, 20.02649 ], [ -155.63744, 20.0265 ], [ -155.63743, 20.02651 ], [ -155.63741, 20.02651 ], [ -155.6374, 20.02652 ], [ -155.63739, 20.02653 ], [ -155.63738, 20.02654 ], [ -155.63737, 20.02655 ], [ -155.63735, 20.02656 ], [ -155.63734, 20.02658 ], [ -155.63733, 20.02659 ], [ -155.63732, 20.0266 ], [ -155.6373, 20.02663 ], [ -155.63728, 20.02666 ], [ -155.63727, 20.02668 ], [ -155.63726, 20.0267 ], [ -155.63725, 20.02672 ], [ -155.63724, 20.02673 ], [ -155.63724, 20.02673 ], [ -155.63723, 20.02675 ], [ -155.63723, 20.02676 ], [ -155.63723, 20.02677 ], [ -155.63722, 20.02679 ], [ -155.63722, 20.0268 ], [ -155.63722, 20.02681 ], [ -155.63722, 20.02682 ], [ -155.63722, 20.02683 ], [ -155.63722, 20.02684 ], [ -155.63722, 20.02685 ], [ -155.63722, 20.02686 ], [ -155.63722, 20.02687 ], [ -155.63722, 20.02688 ], [ -155.63722, 20.02689 ], [ -155.63723, 20.02691 ], [ -155.63723, 20.02694 ], [ -155.63724, 20.02696 ], [ -155.63725, 20.02698 ], [ -155.63726, 20.02701 ], [ -155.63727, 20.02703 ], [ -155.63728, 20.02706 ], [ -155.6373, 20.02709 ], [ -155.63731, 20.02712 ], [ -155.63733, 20.02715 ], [ -155.63735, 20.02719 ], [ -155.63737, 20.02722 ], [ -155.63739, 20.02724 ], [ -155.6374, 20.02727 ], [ -155.63742, 20.02729 ], [ -155.63744, 20.02731 ], [ -155.63746, 20.02734 ], [ -155.63747, 20.02736 ], [ -155.63749, 20.02738 ], [ -155.63751, 20.02739 ], [ -155.63753, 20.02741 ], [ -155.63754, 20.02743 ], [ -155.63756, 20.02744 ], [ -155.63758, 20.02746 ], [ -155.6376, 20.02747 ], [ -155.63761, 20.02748 ], [ -155.63763, 20.02749 ], [ -155.63765, 20.0275 ], [ -155.63766, 20.02751 ], [ -155.63767, 20.02751 ], [ -155.63769, 20.02751 ], [ -155.6377, 20.02752 ], [ -155.63771, 20.02752 ], [ -155.63773, 20.02752 ], [ -155.63774, 20.02752 ], [ -155.63775, 20.02752 ], [ -155.63776, 20.02752 ], [ -155.63778, 20.02752 ], [ -155.6378, 20.02752 ], [ -155.63782, 20.02752 ], [ -155.63784, 20.02751 ], [ -155.63786, 20.02751 ], [ -155.63788, 20.02751 ], [ -155.63797, 20.02749 ], [ -155.63801, 20.02748 ], [ -155.63803, 20.02748 ], [ -155.63805, 20.02748 ], [ -155.63806, 20.02748 ], [ -155.63808, 20.02747 ], [ -155.6381, 20.02747 ], [ -155.63812, 20.02747 ], [ -155.63813, 20.02747 ], [ -155.63815, 20.02747 ], [ -155.63817, 20.02748 ], [ -155.63818, 20.02748 ], [ -155.63819, 20.02748 ], [ -155.63821, 20.02749 ], [ -155.63822, 20.02749 ], [ -155.63823, 20.0275 ], [ -155.63824, 20.02751 ], [ -155.63825, 20.02752 ], [ -155.63826, 20.02753 ], [ -155.63828, 20.02754 ], [ -155.63829, 20.02755 ], [ -155.6383, 20.02757 ], [ -155.63831, 20.02758 ], [ -155.63833, 20.0276 ], [ -155.63834, 20.02762 ], [ -155.63835, 20.02764 ], [ -155.63837, 20.02766 ], [ -155.63838, 20.02768 ], [ -155.63844, 20.02778 ], [ -155.63845, 20.0278 ], [ -155.63846, 20.02781 ], [ -155.63847, 20.02782 ], [ -155.63848, 20.02783 ], [ -155.63848, 20.02784 ], [ -155.63849, 20.02784 ], [ -155.63849, 20.02785 ], [ -155.6385, 20.02785 ], [ -155.6385, 20.02785 ], [ -155.63851, 20.02785 ], [ -155.63851, 20.02785 ], [ -155.63851, 20.02785 ], [ -155.63851, 20.02785 ], [ -155.63852, 20.02785 ], [ -155.63852, 20.02785 ], [ -155.63852, 20.02784 ], [ -155.63852, 20.02784 ], [ -155.63852, 20.02783 ], [ -155.63852, 20.02782 ], [ -155.63852, 20.02781 ], [ -155.63852, 20.0278 ], [ -155.63852, 20.02777 ], [ -155.63851, 20.02774 ], [ -155.63851, 20.02771 ], [ -155.6385, 20.02762 ], [ -155.63849, 20.0276 ], [ -155.63849, 20.02757 ], [ -155.63849, 20.02755 ], [ -155.63849, 20.02753 ], [ -155.63848, 20.02751 ], [ -155.63848, 20.0275 ], [ -155.63848, 20.02748 ], [ -155.63848, 20.02747 ], [ -155.63849, 20.02746 ], [ -155.63849, 20.02745 ], [ -155.63849, 20.02744 ], [ -155.63849, 20.02743 ], [ -155.63849, 20.02743 ], [ -155.6385, 20.02743 ], [ -155.6385, 20.02743 ], [ -155.6385, 20.02742 ], [ -155.6385, 20.02742 ], [ -155.63851, 20.02742 ], [ -155.63851, 20.02742 ], [ -155.63852, 20.02742 ], [ -155.63853, 20.02742 ], [ -155.63854, 20.02742 ], [ -155.63855, 20.02742 ], [ -155.63856, 20.02742 ], [ -155.63857, 20.02743 ], [ -155.63858, 20.02743 ], [ -155.63859, 20.02743 ], [ -155.6386, 20.02744 ], [ -155.63861, 20.02744 ], [ -155.63863, 20.02745 ], [ -155.63864, 20.02745 ], [ -155.63865, 20.02746 ], [ -155.63867, 20.02747 ], [ -155.63868, 20.02748 ], [ -155.63869, 20.02748 ], [ -155.63871, 20.02749 ], [ -155.63872, 20.0275 ], [ -155.63873, 20.02751 ], [ -155.63875, 20.02752 ], [ -155.63876, 20.02753 ], [ -155.63877, 20.02754 ], [ -155.63878, 20.02754 ], [ -155.63879, 20.02755 ], [ -155.6388, 20.02756 ], [ -155.63881, 20.02757 ], [ -155.63882, 20.02758 ], [ -155.63882, 20.02759 ], [ -155.63883, 20.02759 ], [ -155.63884, 20.0276 ], [ -155.63884, 20.02761 ], [ -155.63885, 20.02762 ], [ -155.63886, 20.02763 ], [ -155.63886, 20.02765 ], [ -155.63887, 20.02766 ], [ -155.63887, 20.02767 ], [ -155.63888, 20.02769 ], [ -155.63888, 20.0277 ], [ -155.63889, 20.02771 ], [ -155.63889, 20.02773 ], [ -155.63889, 20.02774 ], [ -155.6389, 20.02776 ], [ -155.6389, 20.02778 ], [ -155.6389, 20.02779 ], [ -155.63891, 20.02781 ], [ -155.63891, 20.02782 ], [ -155.63891, 20.02784 ], [ -155.63891, 20.02785 ], [ -155.63891, 20.02787 ], [ -155.63891, 20.02788 ], [ -155.63891, 20.02789 ], [ -155.63891, 20.02791 ], [ -155.63891, 20.02792 ], [ -155.6389, 20.02793 ], [ -155.6389, 20.02794 ], [ -155.6389, 20.02795 ], [ -155.6389, 20.02796 ], [ -155.63889, 20.02797 ], [ -155.63889, 20.02798 ], [ -155.63888, 20.02799 ], [ -155.63888, 20.02799 ], [ -155.63887, 20.028 ], [ -155.63887, 20.028 ], [ -155.63886, 20.02801 ], [ -155.63885, 20.02801 ], [ -155.63884, 20.02802 ], [ -155.63883, 20.02802 ], [ -155.63882, 20.02802 ], [ -155.63881, 20.02802 ], [ -155.63879, 20.02803 ], [ -155.63877, 20.02803 ], [ -155.63875, 20.02803 ], [ -155.63873, 20.02803 ], [ -155.63871, 20.02803 ], [ -155.63869, 20.02802 ], [ -155.63861, 20.02802 ], [ -155.63858, 20.02802 ], [ -155.63856, 20.02802 ], [ -155.63855, 20.02802 ], [ -155.63854, 20.02802 ], [ -155.63852, 20.02802 ], [ -155.63851, 20.02802 ], [ -155.6385, 20.02802 ], [ -155.6385, 20.02803 ], [ -155.63849, 20.02803 ], [ -155.63849, 20.02803 ], [ -155.63849, 20.02803 ], [ -155.63848, 20.02803 ], [ -155.63848, 20.02804 ], [ -155.63848, 20.02804 ], [ -155.63848, 20.02804 ], [ -155.63848, 20.02804 ], [ -155.63848, 20.02805 ], [ -155.63849, 20.02805 ], [ -155.63849, 20.02806 ], [ -155.63849, 20.02807 ], [ -155.6385, 20.02807 ], [ -155.63851, 20.02808 ], [ -155.63852, 20.02809 ], [ -155.63853, 20.0281 ], [ -155.63855, 20.02812 ], [ -155.63858, 20.02813 ], [ -155.63864, 20.02818 ], [ -155.63866, 20.02819 ], [ -155.63867, 20.0282 ], [ -155.63869, 20.02821 ], [ -155.6387, 20.02822 ], [ -155.63872, 20.02824 ], [ -155.63873, 20.02825 ], [ -155.63874, 20.02826 ], [ -155.63875, 20.02826 ], [ -155.63875, 20.02827 ], [ -155.63876, 20.02828 ], [ -155.63876, 20.02829 ], [ -155.63877, 20.0283 ], [ -155.63877, 20.02831 ], [ -155.63877, 20.02831 ], [ -155.63877, 20.02832 ], [ -155.63877, 20.02833 ], [ -155.63877, 20.02834 ], [ -155.63877, 20.02834 ], [ -155.63876, 20.02835 ], [ -155.63876, 20.02836 ], [ -155.63875, 20.02837 ], [ -155.63875, 20.02837 ], [ -155.63874, 20.02838 ], [ -155.63873, 20.02839 ], [ -155.63872, 20.0284 ], [ -155.63871, 20.02841 ], [ -155.63869, 20.02842 ], [ -155.63863, 20.02846 ], [ -155.63861, 20.02847 ], [ -155.6386, 20.02848 ], [ -155.63859, 20.02849 ], [ -155.63858, 20.0285 ], [ -155.63857, 20.02851 ], [ -155.63856, 20.02851 ], [ -155.63855, 20.02852 ], [ -155.63855, 20.02853 ], [ -155.63854, 20.02854 ], [ -155.63853, 20.02855 ], [ -155.63853, 20.02856 ], [ -155.63852, 20.02857 ], [ -155.63852, 20.02857 ], [ -155.63852, 20.02858 ], [ -155.63852, 20.02859 ], [ -155.63852, 20.0286 ], [ -155.63852, 20.0286 ], [ -155.63851, 20.02862 ], [ -155.63851, 20.02864 ], [ -155.63851, 20.02865 ], [ -155.63852, 20.02867 ], [ -155.63852, 20.02869 ], [ -155.63852, 20.02871 ], [ -155.63853, 20.02874 ], [ -155.63853, 20.02876 ], [ -155.63854, 20.02878 ], [ -155.63855, 20.02881 ], [ -155.63856, 20.02884 ], [ -155.63857, 20.02888 ], [ -155.63858, 20.02891 ], [ -155.63859, 20.02893 ], [ -155.6386, 20.02894 ], [ -155.6386, 20.02895 ], [ -155.63861, 20.02895 ], [ -155.63861, 20.02896 ], [ -155.63862, 20.02898 ], [ -155.63863, 20.02899 ], [ -155.63864, 20.029 ], [ -155.63864, 20.02902 ], [ -155.63864, 20.02902 ], [ -155.63865, 20.02903 ], [ -155.63866, 20.02904 ], [ -155.63867, 20.02906 ], [ -155.63868, 20.02907 ], [ -155.63869, 20.02908 ], [ -155.63871, 20.0291 ], [ -155.63872, 20.02911 ], [ -155.63872, 20.02911 ], [ -155.63873, 20.02912 ], [ -155.63874, 20.02914 ], [ -155.63877, 20.02917 ], [ -155.6388, 20.02919 ], [ -155.63883, 20.02922 ], [ -155.63886, 20.02925 ], [ -155.6389, 20.02929 ], [ -155.63895, 20.02932 ], [ -155.63903, 20.02939 ], [ -155.63904, 20.0294 ], [ -155.63905, 20.0294 ], [ -155.63907, 20.02942 ], [ -155.63908, 20.02943 ], [ -155.6391, 20.02944 ], [ -155.63912, 20.02945 ], [ -155.63913, 20.02945 ], [ -155.63915, 20.02946 ], [ -155.63917, 20.02947 ], [ -155.6392, 20.02948 ], [ -155.63922, 20.02949 ], [ -155.63924, 20.0295 ], [ -155.63926, 20.02951 ], [ -155.63928, 20.02952 ], [ -155.63933, 20.02953 ], [ -155.63944, 20.02957 ], [ -155.63947, 20.02958 ], [ -155.6395, 20.02959 ], [ -155.63953, 20.0296 ], [ -155.63955, 20.02961 ], [ -155.63958, 20.02962 ], [ -155.6396, 20.02964 ], [ -155.63962, 20.02964 ], [ -155.63963, 20.02965 ], [ -155.63964, 20.02966 ], [ -155.63965, 20.02966 ], [ -155.63966, 20.02967 ], [ -155.63967, 20.02968 ], [ -155.63969, 20.02969 ], [ -155.6397, 20.02969 ], [ -155.6397, 20.0297 ], [ -155.63971, 20.02971 ], [ -155.63972, 20.02972 ], [ -155.63973, 20.02972 ], [ -155.63974, 20.02973 ], [ -155.63974, 20.02974 ], [ -155.63975, 20.02975 ], [ -155.63976, 20.02976 ], [ -155.63976, 20.02977 ], [ -155.63977, 20.02977 ], [ -155.63977, 20.02978 ], [ -155.63977, 20.02979 ], [ -155.63978, 20.0298 ], [ -155.63979, 20.02983 ], [ -155.6398, 20.02986 ], [ -155.63981, 20.02989 ], [ -155.63982, 20.02991 ], [ -155.63983, 20.02993 ], [ -155.63983, 20.02995 ], [ -155.63984, 20.02997 ], [ -155.63984, 20.02999 ], [ -155.63984, 20.03001 ], [ -155.63984, 20.03002 ], [ -155.63984, 20.03004 ], [ -155.63984, 20.03005 ], [ -155.63984, 20.03006 ], [ -155.63984, 20.03007 ], [ -155.63984, 20.03008 ], [ -155.63983, 20.03009 ], [ -155.63983, 20.03009 ], [ -155.63983, 20.0301 ], [ -155.63982, 20.0301 ], [ -155.63982, 20.0301 ], [ -155.63982, 20.03011 ], [ -155.63981, 20.03011 ], [ -155.6398, 20.03012 ], [ -155.63979, 20.03012 ], [ -155.63978, 20.03013 ], [ -155.63978, 20.03014 ], [ -155.63976, 20.03014 ], [ -155.63974, 20.03015 ], [ -155.63972, 20.03016 ], [ -155.63965, 20.03019 ], [ -155.6395, 20.03023 ], [ -155.63941, 20.03026 ], [ -155.63939, 20.03026 ], [ -155.63932, 20.03027 ] ] ] } },
{ "type": "Feature", "properties": { "fld_zone": "AO", "depth": 1 }, "bbox": [ -155.62947, 20.02941, -155.62495, 20.03979 ], "geometry": { "type": "Polygon", "coordinates": [ [ [ -155.62877, 20.03918 ], [ -155.62878, 20.0392 ], [ -155.62878, 20.03921 ], [ -155.62879, 20.03922 ], [ -155.62879, 20.03923 ], [ -155.6288, 20.03924 ], [ -155.6288, 20.03924 ], [ -155.62881, 20.03925 ], [ -155.62882, 20.03926 ], [ -155.62882, 20.03927 ], [ -155.62883, 20.03927 ], [ -155.62884, 20.03928 ], [ -155.62884, 20.03929 ], [ -155.62885, 20.03929 ], [ -155.62886, 20.0393 ], [ -155.62888, 20.03931 ], [ -155.6289, 20.03932 ], [ -155.62892, 20.03933 ], [ -155.62897, 20.03936 ], [ -155.62899, 20.03937 ], [ -155.629, 20.03938 ], [ -155.62901, 20.03938 ], [ -155.62902, 20.03939 ], [ -155.62903, 20.0394 ], [ -155.62904, 20.0394 ], [ -155.62905, 20.03941 ], [ -155.62906, 20.03941 ], [ -155.62906, 20.03942 ], [ -155.62907, 20.03943 ], [ -155.62907, 20.03943 ], [ -155.62908, 20.03944 ], [ -155.62908, 20.03945 ], [ -155.62909, 20.03946 ], [ -155.62909, 20.03946 ], [ -155.62909, 20.03947 ], [ -155.62909, 20.03948 ], [ -155.62909, 20.03949 ], [ -155.62909, 20.0395 ], [ -155.6291, 20.03951 ], [ -155.6291, 20.03952 ], [ -155.6291, 20.03953 ], [ -155.6291, 20.03955 ], [ -155.62909, 20.03957 ], [ -155.6291, 20.03962 ], [ -155.62911, 20.03966 ], [ -155.62913, 20.03972 ], [ -155.62914, 20.03976 ], [ -155.62914, 20.03979 ], [ -155.62923, 20.03975 ], [ -155.62928, 20.03969 ], [ -155.6293, 20.03961 ], [ -155.62931, 20.03954 ], [ -155.62941, 20.03942 ], [ -155.62947, 20.03927 ], [ -155.62945, 20.03926 ], [ -155.62943, 20.03924 ], [ -155.62943, 20.03922 ], [ -155.62942, 20.03921 ], [ -155.62941, 20.0392 ], [ -155.62941, 20.03919 ], [ -155.6294, 20.03918 ], [ -155.62939, 20.03917 ], [ -155.62938, 20.03916 ], [ -155.62938, 20.03915 ], [ -155.62937, 20.03914 ], [ -155.62936, 20.03914 ], [ -155.62935, 20.03913 ], [ -155.62934, 20.03913 ], [ -155.62934, 20.03912 ], [ -155.62933, 20.03912 ], [ -155.62933, 20.03912 ], [ -155.62932, 20.03911 ], [ -155.62931, 20.03911 ], [ -155.62931, 20.03911 ], [ -155.6293, 20.03911 ], [ -155.62929, 20.03911 ], [ -155.62928, 20.03912 ], [ -155.62928, 20.03912 ], [ -155.62927, 20.03912 ], [ -155.62926, 20.03912 ], [ -155.62925, 20.03913 ], [ -155.62923, 20.03913 ], [ -155.62919, 20.03915 ], [ -155.62917, 20.03916 ], [ -155.62916, 20.03916 ], [ -155.62914, 20.03917 ], [ -155.62913, 20.03917 ], [ -155.62912, 20.03917 ], [ -155.62912, 20.03917 ], [ -155.62911, 20.03917 ], [ -155.6291, 20.03917 ], [ -155.62909, 20.03917 ], [ -155.62909, 20.03917 ], [ -155.62908, 20.03917 ], [ -155.62908, 20.03917 ], [ -155.62907, 20.03917 ], [ -155.62906, 20.03916 ], [ -155.62904, 20.03915 ], [ -155.62903, 20.03915 ], [ -155.62902, 20.03914 ], [ -155.62901, 20.03913 ], [ -155.62899, 20.03912 ], [ -155.62898, 20.0391 ], [ -155.62897, 20.03909 ], [ -155.62896, 20.03908 ], [ -155.62894, 20.03906 ], [ -155.62893, 20.03905 ], [ -155.62893, 20.03903 ], [ -155.62892, 20.03902 ], [ -155.62891, 20.03901 ], [ -155.62891, 20.039 ], [ -155.62891, 20.039 ], [ -155.62891, 20.03899 ], [ -155.6289, 20.03898 ], [ -155.6289, 20.03897 ], [ -155.6289, 20.03897 ], [ -155.6289, 20.03896 ], [ -155.62891, 20.03895 ], [ -155.62891, 20.03894 ], [ -155.62891, 20.03893 ], [ -155.62891, 20.03892 ], [ -155.62891, 20.03891 ], [ -155.62892, 20.0389 ], [ -155.62892, 20.03889 ], [ -155.62893, 20.03887 ], [ -155.62895, 20.03882 ], [ -155.62896, 20.0388 ], [ -155.62897, 20.03878 ], [ -155.62898, 20.03876 ], [ -155.62898, 20.03875 ], [ -155.62898, 20.03874 ], [ -155.62899, 20.03873 ], [ -155.62899, 20.03872 ], [ -155.62899, 20.03872 ], [ -155.62899, 20.03871 ], [ -155.62899, 20.0387 ], [ -155.62899, 20.03869 ], [ -155.62899, 20.03868 ], [ -155.62898, 20.03867 ], [ -155.62898, 20.03867 ], [ -155.62898, 20.03866 ], [ -155.62897, 20.03865 ], [ -155.62897, 20.03864 ], [ -155.62896, 20.03863 ], [ -155.62896, 20.03862 ], [ -155.62894, 20.03861 ], [ -155.62893, 20.03859 ], [ -155.62891, 20.03857 ], [ -155.62888, 20.03853 ], [ -155.62886, 20.03851 ], [ -155.62885, 20.03851 ], [ -155.62885, 20.0385 ], [ -155.62884, 20.03849 ], [ -155.62884, 20.03848 ], [ -155.62883, 20.03847 ], [ -155.62883, 20.03846 ], [ -155.62883, 20.03846 ], [ -155.62882, 20.03845 ], [ -155.62882, 20.03844 ], [ -155.62882, 20.03843 ], [ -155.62882, 20.03843 ], [ -155.62882, 20.03842 ], [ -155.62882, 20.03842 ], [ -155.62882, 20.03841 ], [ -155.62883, 20.0384 ], [ -155.62883, 20.0384 ], [ -155.62883, 20.03839 ], [ -155.62884, 20.03839 ], [ -155.62884, 20.03838 ], [ -155.62885, 20.03838 ], [ -155.62886, 20.03837 ], [ -155.62887, 20.03836 ], [ -155.62887, 20.03836 ], [ -155.62888, 20.03835 ], [ -155.62891, 20.03834 ], [ -155.62895, 20.03831 ], [ -155.62897, 20.0383 ], [ -155.62899, 20.03829 ], [ -155.629, 20.03828 ], [ -155.62901, 20.03827 ], [ -155.62902, 20.03827 ], [ -155.62902, 20.03826 ], [ -155.62903, 20.03825 ], [ -155.62903, 20.03825 ], [ -155.62904, 20.03824 ], [ -155.62904, 20.03824 ], [ -155.62904, 20.03823 ], [ -155.62905, 20.03823 ], [ -155.62905, 20.03822 ], [ -155.62905, 20.03821 ], [ -155.62905, 20.03821 ], [ -155.62904, 20.0382 ], [ -155.62904, 20.0382 ], [ -155.62904, 20.03819 ], [ -155.62904, 20.03818 ], [ -155.62903, 20.03818 ], [ -155.62903, 20.03817 ], [ -155.62903, 20.03816 ], [ -155.62902, 20.03816 ], [ -155.62901, 20.03814 ], [ -155.62898, 20.03811 ], [ -155.62897, 20.0381 ], [ -155.62896, 20.03808 ], [ -155.62895, 20.03807 ], [ -155.62895, 20.03806 ], [ -155.62895, 20.03805 ], [ -155.62894, 20.03805 ], [ -155.62894, 20.03804 ], [ -155.62894, 20.03804 ], [ -155.62894, 20.03803 ], [ -155.62894, 20.03802 ], [ -155.62894, 20.03802 ], [ -155.62894, 20.03801 ], [ -155.62894, 20.03801 ], [ -155.62894, 20.038 ], [ -155.62895, 20.038 ], [ -155.62895, 20.03799 ], [ -155.62895, 20.03798 ], [ -155.62895, 20.03798 ], [ -155.62896, 20.03797 ], [ -155.62897, 20.03796 ], [ -155.62898, 20.03795 ], [ -155.62899, 20.03793 ], [ -155.62903, 20.0379 ], [ -155.62904, 20.03789 ], [ -155.62905, 20.03788 ], [ -155.62906, 20.03787 ], [ -155.62906, 20.03785 ], [ -155.62907, 20.03785 ], [ -155.62907, 20.03784 ], [ -155.62907, 20.03784 ], [ -155.62908, 20.03783 ], [ -155.62908, 20.03782 ], [ -155.62908, 20.03781 ], [ -155.62908, 20.0378 ], [ -155.62909, 20.03779 ], [ -155.62909, 20.03778 ], [ -155.62909, 20.03776 ], [ -155.62909, 20.03775 ], [ -155.62909, 20.03774 ], [ -155.62909, 20.03772 ], [ -155.62909, 20.03771 ], [ -155.62909, 20.03769 ], [ -155.62909, 20.03768 ], [ -155.62909, 20.03765 ], [ -155.62909, 20.03761 ], [ -155.62909, 20.03758 ], [ -155.62908, 20.03756 ], [ -155.62908, 20.03754 ], [ -155.62907, 20.03752 ], [ -155.62907, 20.0375 ], [ -155.62906, 20.03748 ], [ -155.62906, 20.03745 ], [ -155.62905, 20.03743 ], [ -155.62904, 20.03741 ], [ -155.62903, 20.03739 ], [ -155.62902, 20.03737 ], [ -155.62901, 20.03734 ], [ -155.629, 20.03732 ], [ -155.62899, 20.0373 ], [ -155.62898, 20.03728 ], [ -155.62897, 20.03726 ], [ -155.62896, 20.03725 ], [ -155.62896, 20.03724 ], [ -155.62895, 20.03724 ], [ -155.62894, 20.03723 ], [ -155.62894, 20.03722 ], [ -155.62893, 20.03721 ], [ -155.62892, 20.03721 ], [ -155.62891, 20.0372 ], [ -155.6289, 20.03718 ], [ -155.62888, 20.03717 ], [ -155.62886, 20.03715 ], [ -155.62882, 20.03712 ], [ -155.6288, 20.0371 ], [ -155.62878, 20.03708 ], [ -155.62877, 20.03708 ], [ -155.62876, 20.03707 ], [ -155.62875, 20.03706 ], [ -155.62874, 20.03705 ], [ -155.62874, 20.03704 ], [ -155.62873, 20.03703 ], [ -155.62872, 20.03702 ], [ -155.62872, 20.03702 ], [ -155.62871, 20.03701 ], [ -155.62871, 20.037 ], [ -155.62871, 20.03699 ], [ -155.6287, 20.03698 ], [ -155.6287, 20.03698 ], [ -155.6287, 20.03697 ], [ -155.6287, 20.03696 ], [ -155.6287, 20.03695 ], [ -155.6287, 20.03695 ], [ -155.6287, 20.03694 ], [ -155.6287, 20.03692 ], [ -155.6287, 20.0369 ], [ -155.6287, 20.03688 ], [ -155.6287, 20.03684 ], [ -155.62871, 20.03682 ], [ -155.62871, 20.0368 ], [ -155.62871, 20.03679 ], [ -155.62871, 20.03678 ], [ -155.62871, 20.03677 ], [ -155.62871, 20.03677 ], [ -155.6287, 20.03676 ], [ -155.6287, 20.03675 ], [ -155.6287, 20.03675 ], [ -155.6287, 20.03674 ], [ -155.6287, 20.03674 ], [ -155.62869, 20.03673 ], [ -155.62869, 20.03673 ], [ -155.62869, 20.03672 ], [ -155.62868, 20.03672 ], [ -155.62867, 20.03671 ], [ -155.62866, 20.0367 ], [ -155.62865, 20.03669 ], [ -155.62863, 20.03668 ], [ -155.62862, 20.03667 ], [ -155.62861, 20.03667 ], [ -155.62859, 20.03666 ], [ -155.62858, 20.03665 ], [ -155.62856, 20.03665 ], [ -155.62855, 20.03664 ], [ -155.62854, 20.03664 ], [ -155.62853, 20.03664 ], [ -155.62852, 20.03664 ], [ -155.62851, 20.03664 ], [ -155.62851, 20.03664 ], [ -155.62851, 20.03664 ], [ -155.6285, 20.03664 ], [ -155.6285, 20.03664 ], [ -155.62849, 20.03665 ], [ -155.62849, 20.03665 ], [ -155.62849, 20.03665 ], [ -155.62849, 20.03666 ], [ -155.62848, 20.03667 ], [ -155.62848, 20.03667 ], [ -155.62848, 20.03668 ], [ -155.62848, 20.03669 ], [ -155.62848, 20.0367 ], [ -155.62847, 20.03671 ], [ -155.62847, 20.03675 ], [ -155.62847, 20.03677 ], [ -155.62847, 20.03679 ], [ -155.62846, 20.0368 ], [ -155.62846, 20.03681 ], [ -155.62846, 20.03681 ], [ -155.62846, 20.03682 ], [ -155.62845, 20.03682 ], [ -155.62845, 20.03683 ], [ -155.62845, 20.03683 ], [ -155.62844, 20.03683 ], [ -155.62844, 20.03684 ], [ -155.62844, 20.03684 ], [ -155.62844, 20.03684 ], [ -155.62843, 20.03684 ], [ -155.62843, 20.03684 ], [ -155.62842, 20.03684 ], [ -155.62841, 20.03684 ], [ -155.62839, 20.03684 ], [ -155.62838, 20.03684 ], [ -155.62837, 20.03684 ], [ -155.62835, 20.03684 ], [ -155.62834, 20.03683 ], [ -155.62833, 20.03683 ], [ -155.62831, 20.03682 ], [ -155.6283, 20.03682 ], [ -155.62829, 20.03681 ], [ -155.62828, 20.0368 ], [ -155.62827, 20.0368 ], [ -155.62826, 20.03679 ], [ -155.62826, 20.03678 ], [ -155.62825, 20.03678 ], [ -155.62825, 20.03677 ], [ -155.62824, 20.03676 ], [ -155.62824, 20.03675 ], [ -155.62824, 20.03674 ], [ -155.62823, 20.03672 ], [ -155.62823, 20.03671 ], [ -155.62823, 20.0367 ], [ -155.62823, 20.03668 ], [ -155.62823, 20.03667 ], [ -155.62823, 20.03666 ], [ -155.62823, 20.03665 ], [ -155.62823, 20.03663 ], [ -155.62824, 20.03662 ], [ -155.62824, 20.03661 ], [ -155.62824, 20.03661 ], [ -155.62824, 20.0366 ], [ -155.62825, 20.0366 ], [ -155.62825, 20.03659 ], [ -155.62825, 20.03659 ], [ -155.62826, 20.03658 ], [ -155.62826, 20.03658 ], [ -155.62827, 20.03658 ], [ -155.62828, 20.03657 ], [ -155.62828, 20.03657 ], [ -155.6283, 20.03656 ], [ -155.62832, 20.03655 ], [ -155.62835, 20.03654 ], [ -155.62836, 20.03653 ], [ -155.62838, 20.03653 ], [ -155.62839, 20.03652 ], [ -155.6284, 20.03652 ], [ -155.6284, 20.03652 ], [ -155.62841, 20.03651 ], [ -155.62841, 20.03651 ], [ -155.62842, 20.0365 ], [ -155.62842, 20.0365 ], [ -155.62842, 20.0365 ], [ -155.62843, 20.03649 ], [ -155.62843, 20.03649 ], [ -155.62843, 20.03648 ], [ -155.62844, 20.03647 ], [ -155.62844, 20.03646 ], [ -155.62844, 20.03644 ], [ -155.62845, 20.03643 ], [ -155.62845, 20.03642 ], [ -155.62845, 20.03641 ], [ -155.62845, 20.0364 ], [ -155.62845, 20.03639 ], [ -155.62845, 20.03637 ], [ -155.62844, 20.03636 ], [ -155.62844, 20.03635 ], [ -155.62844, 20.03635 ], [ -155.62844, 20.03634 ], [ -155.62843, 20.03633 ], [ -155.62843, 20.03632 ], [ -155.62842, 20.03632 ], [ -155.62842, 20.03631 ], [ -155.62841, 20.0363 ], [ -155.6284, 20.03629 ], [ -155.62839, 20.03629 ], [ -155.62838, 20.03628 ], [ -155.62837, 20.03627 ], [ -155.62836, 20.03627 ], [ -155.62835, 20.03626 ], [ -155.62834, 20.03626 ], [ -155.62833, 20.03625 ], [ -155.62833, 20.03625 ], [ -155.62832, 20.03625 ], [ -155.62831, 20.03625 ], [ -155.62831, 20.03625 ], [ -155.6283, 20.03625 ], [ -155.6283, 20.03625 ], [ -155.6283, 20.03625 ], [ -155.62829, 20.03625 ], [ -155.62829, 20.03625 ], [ -155.62829, 20.03626 ], [ -155.62828, 20.03626 ], [ -155.62828, 20.03626 ], [ -155.62827, 20.03627 ], [ -155.62827, 20.03627 ], [ -155.62827, 20.03628 ], [ -155.62826, 20.03629 ], [ -155.62825, 20.03631 ], [ -155.62823, 20.03635 ], [ -155.62823, 20.03636 ], [ -155.62822, 20.03638 ], [ -155.62821, 20.03639 ], [ -155.62821, 20.0364 ], [ -155.6282, 20.0364 ], [ -155.6282, 20.03641 ], [ -155.62819, 20.03641 ], [ -155.62819, 20.03642 ], [ -155.62818, 20.03642 ], [ -155.62818, 20.03642 ], [ -155.62817, 20.03642 ], [ -155.62817, 20.03643 ], [ -155.62816, 20.03643 ], [ -155.62815, 20.03643 ], [ -155.62815, 20.03643 ], [ -155.62813, 20.03643 ], [ -155.62812, 20.03643 ], [ -155.6281, 20.03643 ], [ -155.62808, 20.03643 ], [ -155.62807, 20.03643 ], [ -155.62805, 20.03643 ], [ -155.62803, 20.03643 ], [ -155.62801, 20.03642 ], [ -155.628, 20.03642 ], [ -155.62798, 20.03641 ], [ -155.62797, 20.03641 ], [ -155.62795, 20.0364 ], [ -155.62795, 20.0364 ], [ -155.62794, 20.03639 ], [ -155.62794, 20.03639 ], [ -155.62793, 20.03639 ], [ -155.62793, 20.03638 ], [ -155.62792, 20.03637 ], [ -155.62792, 20.03637 ], [ -155.62792, 20.03636 ], [ -155.62791, 20.03635 ], [ -155.62791, 20.03635 ], [ -155.62791, 20.03634 ], [ -155.62791, 20.03633 ], [ -155.62791, 20.03632 ], [ -155.62791, 20.03631 ], [ -155.62791, 20.0363 ], [ -155.62791, 20.03628 ], [ -155.62791, 20.03626 ], [ -155.62792, 20.03621 ], [ -155.62792, 20.03619 ], [ -155.62792, 20.03617 ], [ -155.62792, 20.03615 ], [ -155.62792, 20.03614 ], [ -155.62792, 20.03613 ], [ -155.62792, 20.03612 ], [ -155.62792, 20.03611 ], [ -155.62792, 20.03611 ], [ -155.62792, 20.0361 ], [ -155.62791, 20.03609 ], [ -155.62791, 20.03608 ], [ -155.62791, 20.03608 ], [ -155.6279, 20.03607 ], [ -155.6279, 20.03606 ], [ -155.62789, 20.03606 ], [ -155.62789, 20.03605 ], [ -155.62788, 20.03604 ], [ -155.62787, 20.03604 ], [ -155.62786, 20.03603 ], [ -155.62786, 20.03602 ], [ -155.62785, 20.03602 ], [ -155.62784, 20.03601 ], [ -155.62783, 20.03601 ], [ -155.62781, 20.03599 ], [ -155.62776, 20.03597 ], [ -155.62774, 20.03596 ], [ -155.62773, 20.03595 ], [ -155.62771, 20.03594 ], [ -155.6277, 20.03593 ], [ -155.62769, 20.03593 ], [ -155.62769, 20.03592 ], [ -155.62768, 20.03591 ], [ -155.62767, 20.03591 ], [ -155.62767, 20.0359 ], [ -155.62766, 20.03589 ], [ -155.62766, 20.03589 ], [ -155.62765, 20.03588 ], [ -155.62765, 20.03587 ], [ -155.62765, 20.03587 ], [ -155.62764, 20.03586 ], [ -155.62764, 20.03585 ], [ -155.62764, 20.03584 ], [ -155.62763, 20.03583 ], [ -155.62763, 20.03582 ], [ -155.62763, 20.0358 ], [ -155.62763, 20.03578 ], [ -155.62763, 20.03577 ], [ -155.62762, 20.03575 ], [ -155.62762, 20.0357 ], [ -155.62762, 20.03568 ], [ -155.62761, 20.03566 ], [ -155.62761, 20.03565 ], [ -155.62761, 20.03564 ], [ -155.62761, 20.03563 ], [ -155.6276, 20.03563 ], [ -155.6276, 20.03562 ], [ -155.6276, 20.03561 ], [ -155.62759, 20.03561 ], [ -155.62759, 20.0356 ], [ -155.62758, 20.0356 ], [ -155.62758, 20.0356 ], [ -155.62758, 20.0356 ], [ -155.62757, 20.03559 ], [ -155.62756, 20.03559 ], [ -155.62756, 20.03559 ], [ -155.62755, 20.0356 ], [ -155.62754, 20.0356 ], [ -155.62754, 20.0356 ], [ -155.62753, 20.03561 ], [ -155.62752, 20.03561 ], [ -155.62751, 20.03561 ], [ -155.6275, 20.03562 ], [ -155.62749, 20.03563 ], [ -155.62747, 20.03564 ], [ -155.62743, 20.03568 ], [ -155.62741, 20.03569 ], [ -155.62739, 20.03571 ], [ -155.62738, 20.03572 ], [ -155.62737, 20.03572 ], [ -155.62736, 20.03573 ], [ -155.62735, 20.03573 ], [ -155.62734, 20.03574 ], [ -155.62733, 20.03574 ], [ -155.62732, 20.03574 ], [ -155.62731, 20.03575 ], [ -155.6273, 20.03575 ], [ -155.6273, 20.03575 ], [ -155.62729, 20.03575 ], [ -155.62728, 20.03575 ], [ -155.62728, 20.03575 ], [ -155.62727, 20.03574 ], [ -155.62726, 20.03574 ], [ -155.62725, 20.03574 ], [ -155.62725, 20.03573 ], [ -155.62724, 20.03573 ], [ -155.62723, 20.03572 ], [ -155.62723, 20.03572 ], [ -155.62722, 20.03571 ], [ -155.62721, 20.03571 ], [ -155.62719, 20.03569 ], [ -155.62716, 20.03566 ], [ -155.62715, 20.03565 ], [ -155.62714, 20.03564 ], [ -155.62712, 20.03563 ], [ -155.62712, 20.03562 ], [ -155.62711, 20.03562 ], [ -155.6271, 20.03561 ], [ -155.6271, 20.03561 ], [ -155.62709, 20.0356 ], [ -155.62709, 20.0356 ], [ -155.62708, 20.0356 ], [ -155.62707, 20.0356 ], [ -155.62707, 20.0356 ], [ -155.62706, 20.0356 ], [ -155.62705, 20.0356 ], [ -155.62705, 20.0356 ], [ -155.62704, 20.0356 ], [ -155.62703, 20.0356 ], [ -155.62703, 20.03561 ], [ -155.62702, 20.03561 ], [ -155.62701, 20.03562 ], [ -155.62701, 20.03562 ], [ -155.627, 20.03563 ], [ -155.62699, 20.03564 ], [ -155.62697, 20.03565 ], [ -155.62694, 20.03568 ], [ -155.62693, 20.03569 ], [ -155.62691, 20.03571 ], [ -155.6269, 20.03572 ], [ -155.62689, 20.03572 ], [ -155.62689, 20.03573 ], [ -155.62688, 20.03573 ], [ -155.62687, 20.03573 ], [ -155.62687, 20.03574 ], [ -155.62686, 20.03574 ], [ -155.62685, 20.03574 ], [ -155.62685, 20.03574 ], [ -155.62684, 20.03574 ], [ -155.62684, 20.03574 ], [ -155.62682, 20.03574 ], [ -155.62681, 20.03574 ], [ -155.6268, 20.03573 ], [ -155.62679, 20.03573 ], [ -155.62677, 20.03572 ], [ -155.62676, 20.03572 ], [ -155.62674, 20.03571 ], [ -155.62673, 20.0357 ], [ -155.62671, 20.03569 ], [ -155.6267, 20.03568 ], [ -155.62668, 20.03567 ], [ -155.62667, 20.03566 ], [ -155.62666, 20.03565 ], [ -155.62664, 20.03563 ], [ -155.62663, 20.03562 ], [ -155.62663, 20.03561 ], [ -155.62662, 20.0356 ], [ -155.62661, 20.03559 ], [ -155.62661, 20.03558 ], [ -155.62661, 20.03557 ], [ -155.6266, 20.03556 ], [ -155.6266, 20.03555 ], [ -155.6266, 20.03553 ], [ -155.6266, 20.03552 ], [ -155.6266, 20.03551 ], [ -155.62659, 20.03549 ], [ -155.6266, 20.03548 ], [ -155.6266, 20.03545 ], [ -155.6266, 20.03539 ], [ -155.6266, 20.03536 ], [ -155.6266, 20.03534 ], [ -155.6266, 20.03531 ], [ -155.6266, 20.0353 ], [ -155.6266, 20.03529 ], [ -155.6266, 20.03528 ], [ -155.6266, 20.03527 ], [ -155.6266, 20.03526 ], [ -155.62659, 20.03525 ], [ -155.62659, 20.03524 ], [ -155.62659, 20.03523 ], [ -155.62658, 20.03522 ], [ -155.62658, 20.03521 ], [ -155.62657, 20.0352 ], [ -155.62657, 20.0352 ], [ -155.62656, 20.03519 ], [ -155.62655, 20.03518 ], [ -155.62655, 20.03517 ], [ -155.62654, 20.03516 ], [ -155.62652, 20.03515 ], [ -155.62651, 20.03514 ], [ -155.62649, 20.03512 ], [ -155.62644, 20.03509 ], [ -155.62642, 20.03507 ], [ -155.62641, 20.03506 ], [ -155.62641, 20.03506 ], [ -155.6264, 20.03505 ], [ -155.62639, 20.03504 ], [ -155.62638, 20.03503 ], [ -155.62638, 20.03503 ], [ -155.62637, 20.03502 ], [ -155.62637, 20.03501 ], [ -155.62636, 20.035 ], [ -155.62636, 20.035 ], [ -155.62636, 20.03499 ], [ -155.62636, 20.03498 ], [ -155.62635, 20.03498 ], [ -155.62635, 20.03497 ], [ -155.62635, 20.03496 ], [ -155.62635, 20.03496 ], [ -155.62635, 20.03495 ], [ -155.62636, 20.03494 ], [ -155.62636, 20.03493 ], [ -155.62636, 20.03493 ], [ -155.62636, 20.03492 ], [ -155.62637, 20.03491 ], [ -155.62637, 20.0349 ], [ -155.62637, 20.03489 ], [ -155.62638, 20.03487 ], [ -155.62641, 20.03484 ], [ -155.62641, 20.03482 ], [ -155.62642, 20.0348 ], [ -155.62643, 20.03479 ], [ -155.62643, 20.03478 ], [ -155.62643, 20.03477 ], [ -155.62644, 20.03476 ], [ -155.62644, 20.03476 ], [ -155.62644, 20.03475 ], [ -155.62644, 20.03474 ], [ -155.62644, 20.03474 ], [ -155.62644, 20.03473 ], [ -155.62644, 20.03472 ], [ -155.62644, 20.03472 ], [ -155.62644, 20.03471 ], [ -155.62643, 20.0347 ], [ -155.62643, 20.0347 ], [ -155.62643, 20.03469 ], [ -155.62642, 20.03468 ], [ -155.62642, 20.03468 ], [ -155.62641, 20.03467 ], [ -155.62641, 20.03466 ], [ -155.6264, 20.03465 ], [ -155.62639, 20.03465 ], [ -155.62638, 20.03463 ], [ -155.62635, 20.0346 ], [ -155.62633, 20.03459 ], [ -155.62632, 20.03457 ], [ -155.62631, 20.03456 ], [ -155.6263, 20.03455 ], [ -155.6263, 20.03455 ], [ -155.6263, 20.03454 ], [ -155.62629, 20.03453 ], [ -155.62629, 20.03453 ], [ -155.62628, 20.03452 ], [ -155.62628, 20.03451 ], [ -155.62628, 20.03451 ], [ -155.62628, 20.0345 ], [ -155.62628, 20.03449 ], [ -155.62627, 20.03448 ], [ -155.62627, 20.03447 ], [ -155.62627, 20.03446 ], [ -155.62627, 20.03445 ], [ -155.62627, 20.03444 ], [ -155.62627, 20.03443 ], [ -155.62628, 20.03441 ], [ -155.62628, 20.03439 ], [ -155.62628, 20.03437 ], [ -155.62629, 20.03433 ], [ -155.62629, 20.0343 ], [ -155.6263, 20.03428 ], [ -155.6263, 20.03427 ], [ -155.6263, 20.03426 ], [ -155.6263, 20.03425 ], [ -155.6263, 20.03424 ], [ -155.6263, 20.03424 ], [ -155.6263, 20.03423 ], [ -155.6263, 20.03422 ], [ -155.62629, 20.03421 ], [ -155.62629, 20.0342 ], [ -155.62629, 20.0342 ], [ -155.62629, 20.03419 ], [ -155.62628, 20.03418 ], [ -155.62628, 20.03417 ], [ -155.62628, 20.03416 ], [ -155.62627, 20.03415 ], [ -155.62627, 20.03414 ], [ -155.62626, 20.03413 ], [ -155.62625, 20.03412 ], [ -155.62624, 20.03411 ], [ -155.62623, 20.03409 ], [ -155.62622, 20.03407 ], [ -155.62618, 20.03403 ], [ -155.62617, 20.034 ], [ -155.62615, 20.03398 ], [ -155.62614, 20.03397 ], [ -155.62614, 20.03396 ], [ -155.62613, 20.03395 ], [ -155.62613, 20.03394 ], [ -155.62612, 20.03393 ], [ -155.62612, 20.03392 ], [ -155.62612, 20.03391 ], [ -155.62611, 20.03391 ], [ -155.62611, 20.0339 ], [ -155.62611, 20.03389 ], [ -155.62611, 20.03387 ], [ -155.6261, 20.03384 ], [ -155.6261, 20.03382 ], [ -155.6261, 20.03379 ], [ -155.6261, 20.03377 ], [ -155.6261, 20.03374 ], [ -155.6261, 20.03372 ], [ -155.6261, 20.0337 ], [ -155.62611, 20.03368 ], [ -155.62611, 20.03367 ], [ -155.62611, 20.03365 ], [ -155.62612, 20.03365 ], [ -155.62612, 20.03364 ], [ -155.62612, 20.03364 ], [ -155.62612, 20.03363 ], [ -155.62613, 20.03363 ], [ -155.62613, 20.03362 ], [ -155.62613, 20.03362 ], [ -155.62614, 20.03362 ], [ -155.62614, 20.03361 ], [ -155.62614, 20.03361 ], [ -155.62615, 20.03361 ], [ -155.62615, 20.03361 ], [ -155.62616, 20.03361 ], [ -155.62616, 20.03361 ], [ -155.62617, 20.03361 ], [ -155.62617, 20.03361 ], [ -155.62618, 20.03361 ], [ -155.62618, 20.03361 ], [ -155.6262, 20.03362 ], [ -155.62621, 20.03363 ], [ -155.62623, 20.03364 ], [ -155.62627, 20.03366 ], [ -155.62628, 20.03367 ], [ -155.6263, 20.03368 ], [ -155.62632, 20.03369 ], [ -155.62633, 20.03369 ], [ -155.62633, 20.03369 ], [ -155.62634, 20.0337 ], [ -155.62635, 20.0337 ], [ -155.62636, 20.0337 ], [ -155.62636, 20.0337 ], [ -155.62637, 20.0337 ], [ -155.62638, 20.0337 ], [ -155.62639, 20.0337 ], [ -155.62641, 20.0337 ], [ -155.62643, 20.0337 ], [ -155.62644, 20.0337 ], [ -155.62646, 20.03369 ], [ -155.62648, 20.03369 ], [ -155.6265, 20.03368 ], [ -155.62651, 20.03368 ], [ -155.62653, 20.03367 ], [ -155.62654, 20.03366 ], [ -155.62656, 20.03366 ], [ -155.62657, 20.03365 ], [ -155.62658, 20.03364 ], [ -155.62659, 20.03363 ], [ -155.6266, 20.03363 ], [ -155.62661, 20.03362 ], [ -155.62661, 20.03362 ], [ -155.62661, 20.03361 ], [ -155.62662, 20.03361 ], [ -155.62662, 20.0336 ], [ -155.62662, 20.03359 ], [ -155.62662, 20.03358 ], [ -155.62663, 20.03357 ], [ -155.62663, 20.03356 ], [ -155.62663, 20.03355 ], [ -155.62662, 20.03354 ], [ -155.62662, 20.03352 ], [ -155.62662, 20.03351 ], [ -155.62662, 20.03349 ], [ -155.62661, 20.03347 ], [ -155.62661, 20.03346 ], [ -155.62659, 20.03339 ], [ -155.62659, 20.03337 ], [ -155.62658, 20.03335 ], [ -155.62658, 20.03334 ], [ -155.62658, 20.03333 ], [ -155.62658, 20.03332 ], [ -155.62658, 20.03331 ], [ -155.62658, 20.0333 ], [ -155.62658, 20.0333 ], [ -155.62658, 20.03329 ], [ -155.62658, 20.03329 ], [ -155.62658, 20.03328 ], [ -155.62659, 20.03328 ], [ -155.62659, 20.03328 ], [ -155.62659, 20.03328 ], [ -155.62659, 20.03328 ], [ -155.6266, 20.03328 ], [ -155.62661, 20.03328 ], [ -155.62661, 20.03328 ], [ -155.62662, 20.03328 ], [ -155.62663, 20.03328 ], [ -155.62664, 20.03328 ], [ -155.62665, 20.03329 ], [ -155.62666, 20.0333 ], [ -155.62668, 20.03331 ], [ -155.6267, 20.03332 ], [ -155.62675, 20.03336 ], [ -155.62677, 20.03337 ], [ -155.62679, 20.03338 ], [ -155.6268, 20.03339 ], [ -155.62681, 20.0334 ], [ -155.62683, 20.0334 ], [ -155.62684, 20.03341 ], [ -155.62685, 20.03341 ], [ -155.62686, 20.03342 ], [ -155.62687, 20.03342 ], [ -155.62688, 20.03342 ], [ -155.62689, 20.03342 ], [ -155.6269, 20.03343 ], [ -155.62691, 20.03342 ], [ -155.62692, 20.03342 ], [ -155.62693, 20.03342 ], [ -155.62694, 20.03342 ], [ -155.62695, 20.03341 ], [ -155.62696, 20.03341 ], [ -155.62698, 20.0334 ], [ -155.62699, 20.03339 ], [ -155.627, 20.03338 ], [ -155.62701, 20.03337 ], [ -155.62703, 20.03336 ], [ -155.62704, 20.03335 ], [ -155.62705, 20.03333 ], [ -155.62707, 20.03332 ], [ -155.62708, 20.0333 ], [ -155.6271, 20.03329 ], [ -155.62711, 20.03327 ], [ -155.62713, 20.03325 ], [ -155.62713, 20.03324 ], [ -155.62714, 20.03324 ], [ -155.62714, 20.03323 ], [ -155.62715, 20.03322 ], [ -155.62715, 20.03321 ], [ -155.62716, 20.03319 ], [ -155.62717, 20.03318 ], [ -155.62717, 20.03316 ], [ -155.62719, 20.0331 ], [ -155.6272, 20.03307 ], [ -155.62721, 20.03306 ], [ -155.62721, 20.03305 ], [ -155.62721, 20.03304 ], [ -155.62722, 20.03303 ], [ -155.62722, 20.03302 ], [ -155.62723, 20.03301 ], [ -155.62723, 20.03301 ], [ -155.62724, 20.033 ], [ -155.62725, 20.03299 ], [ -155.62725, 20.03299 ], [ -155.62726, 20.03298 ], [ -155.62727, 20.03298 ], [ -155.62727, 20.03298 ], [ -155.62728, 20.03297 ], [ -155.62728, 20.03297 ], [ -155.62728, 20.03297 ], [ -155.62729, 20.03297 ], [ -155.6273, 20.03297 ], [ -155.62731, 20.03297 ], [ -155.62732, 20.03297 ], [ -155.62734, 20.03297 ], [ -155.62735, 20.03297 ], [ -155.62737, 20.03297 ], [ -155.62738, 20.03298 ], [ -155.6274, 20.03298 ], [ -155.62742, 20.03299 ], [ -155.62743, 20.03299 ], [ -155.62747, 20.033 ], [ -155.62755, 20.03303 ], [ -155.62758, 20.03304 ], [ -155.6276, 20.03304 ], [ -155.62761, 20.03304 ], [ -155.62762, 20.03304 ], [ -155.62763, 20.03305 ], [ -155.62764, 20.03305 ], [ -155.62765, 20.03305 ], [ -155.62766, 20.03305 ], [ -155.62766, 20.03305 ], [ -155.62767, 20.03304 ], [ -155.62767, 20.03304 ], [ -155.62767, 20.03304 ], [ -155.62767, 20.03304 ], [ -155.62768, 20.03304 ], [ -155.62768, 20.03304 ], [ -155.62768, 20.03303 ], [ -155.62768, 20.03303 ], [ -155.62768, 20.03303 ], [ -155.62768, 20.03303 ], [ -155.62768, 20.03302 ], [ -155.62768, 20.03301 ], [ -155.62768, 20.033 ], [ -155.62768, 20.03298 ], [ -155.62767, 20.03297 ], [ -155.62767, 20.03296 ], [ -155.62766, 20.03294 ], [ -155.62766, 20.03293 ], [ -155.62765, 20.03292 ], [ -155.62765, 20.03291 ], [ -155.62764, 20.0329 ], [ -155.62764, 20.03289 ], [ -155.62763, 20.03288 ], [ -155.62762, 20.03287 ], [ -155.62762, 20.03286 ], [ -155.62761, 20.03286 ], [ -155.62761, 20.03286 ], [ -155.62761, 20.03285 ], [ -155.6276, 20.03285 ], [ -155.62759, 20.03285 ], [ -155.62759, 20.03284 ], [ -155.62758, 20.03284 ], [ -155.62757, 20.03284 ], [ -155.62756, 20.03283 ], [ -155.62754, 20.03283 ], [ -155.62753, 20.03283 ], [ -155.62749, 20.03282 ], [ -155.62748, 20.03281 ], [ -155.62746, 20.03281 ], [ -155.62745, 20.03281 ], [ -155.62745, 20.0328 ], [ -155.62744, 20.0328 ], [ -155.62744, 20.0328 ], [ -155.62743, 20.03279 ], [ -155.62743, 20.03279 ], [ -155.62743, 20.03279 ], [ -155.62743, 20.03278 ], [ -155.62742, 20.03278 ], [ -155.62742, 20.03277 ], [ -155.62742, 20.03277 ], [ -155.62742, 20.03277 ], [ -155.62743, 20.03276 ], [ -155.62743, 20.03275 ], [ -155.62743, 20.03275 ], [ -155.62744, 20.03274 ], [ -155.62744, 20.03273 ], [ -155.62745, 20.03272 ], [ -155.62746, 20.03271 ], [ -155.62747, 20.03271 ], [ -155.62748, 20.0327 ], [ -155.6275, 20.03268 ], [ -155.62752, 20.03267 ], [ -155.62758, 20.03262 ], [ -155.6276, 20.03261 ], [ -155.62761, 20.03259 ], [ -155.62763, 20.03258 ], [ -155.62764, 20.03257 ], [ -155.62766, 20.03256 ], [ -155.62767, 20.03255 ], [ -155.62768, 20.03254 ], [ -155.62768, 20.03253 ], [ -155.62769, 20.03252 ], [ -155.6277, 20.03251 ], [ -155.6277, 20.0325 ], [ -155.62771, 20.03249 ], [ -155.62771, 20.03248 ], [ -155.62771, 20.03246 ], [ -155.62772, 20.03245 ], [ -155.62772, 20.03244 ], [ -155.62772, 20.03243 ], [ -155.62772, 20.03242 ], [ -155.62772, 20.0324 ], [ -155.62772, 20.03238 ], [ -155.62772, 20.03236 ], [ -155.62772, 20.03234 ], [ -155.62772, 20.03231 ], [ -155.62772, 20.03229 ], [ -155.62771, 20.03226 ], [ -155.62771, 20.03224 ], [ -155.62771, 20.03221 ], [ -155.6277, 20.03219 ], [ -155.62769, 20.03215 ], [ -155.62766, 20.03204 ], [ -155.62766, 20.03202 ], [ -155.62765, 20.03198 ], [ -155.62765, 20.03197 ], [ -155.62764, 20.03195 ], [ -155.62764, 20.03194 ], [ -155.62763, 20.03192 ], [ -155.62763, 20.03191 ], [ -155.62762, 20.03189 ], [ -155.62761, 20.03187 ], [ -155.62761, 20.03186 ], [ -155.6276, 20.03184 ], [ -155.62759, 20.03182 ], [ -155.62758, 20.0318 ], [ -155.62757, 20.03178 ], [ -155.62756, 20.03176 ], [ -155.62755, 20.03174 ], [ -155.62752, 20.0317 ], [ -155.6275, 20.03166 ], [ -155.62747, 20.03162 ], [ -155.62745, 20.03158 ], [ -155.62742, 20.03154 ], [ -155.62739, 20.0315 ], [ -155.62736, 20.03146 ], [ -155.62733, 20.03141 ], [ -155.62722, 20.03126 ], [ -155.6272, 20.03123 ], [ -155.62717, 20.03119 ], [ -155.62714, 20.03116 ], [ -155.62712, 20.03112 ], [ -155.6271, 20.03109 ], [ -155.62708, 20.03106 ], [ -155.62706, 20.03104 ], [ -155.62706, 20.03102 ], [ -155.62705, 20.03101 ], [ -155.62704, 20.03099 ], [ -155.62704, 20.03098 ], [ -155.62703, 20.03097 ], [ -155.62703, 20.03096 ], [ -155.62702, 20.03095 ], [ -155.62702, 20.03094 ], [ -155.62702, 20.03093 ], [ -155.62702, 20.03092 ], [ -155.62702, 20.03091 ], [ -155.62702, 20.0309 ], [ -155.62702, 20.0309 ], [ -155.62702, 20.03089 ], [ -155.62702, 20.03089 ], [ -155.62703, 20.03088 ], [ -155.62703, 20.03088 ], [ -155.62703, 20.03088 ], [ -155.62704, 20.03087 ], [ -155.62704, 20.03087 ], [ -155.62704, 20.03087 ], [ -155.62705, 20.03087 ], [ -155.62705, 20.03087 ], [ -155.62706, 20.03087 ], [ -155.62706, 20.03086 ], [ -155.62707, 20.03086 ], [ -155.62708, 20.03086 ], [ -155.62708, 20.03086 ], [ -155.62709, 20.03086 ], [ -155.62709, 20.03087 ], [ -155.6271, 20.03087 ], [ -155.62712, 20.03087 ], [ -155.62713, 20.03088 ], [ -155.62715, 20.03088 ], [ -155.62716, 20.03089 ], [ -155.62718, 20.0309 ], [ -155.6272, 20.0309 ], [ -155.62729, 20.03094 ], [ -155.62732, 20.03096 ], [ -155.62735, 20.03097 ], [ -155.62737, 20.03098 ], [ -155.62738, 20.03099 ], [ -155.6274, 20.03099 ], [ -155.62742, 20.031 ], [ -155.62744, 20.031 ], [ -155.62746, 20.03101 ], [ -155.62747, 20.03101 ], [ -155.62748, 20.03101 ], [ -155.62749, 20.03101 ], [ -155.6275, 20.03101 ], [ -155.6275, 20.03101 ], [ -155.62751, 20.03101 ], [ -155.62752, 20.03101 ], [ -155.62752, 20.03101 ], [ -155.62753, 20.03101 ], [ -155.62754, 20.031 ], [ -155.62755, 20.031 ], [ -155.62755, 20.031 ], [ -155.62756, 20.03099 ], [ -155.62757, 20.03099 ], [ -155.62757, 20.03098 ], [ -155.62758, 20.03097 ], [ -155.62759, 20.03097 ], [ -155.62759, 20.03096 ], [ -155.6276, 20.03095 ], [ -155.6276, 20.03094 ], [ -155.62761, 20.03093 ], [ -155.62762, 20.03091 ], [ -155.62764, 20.03087 ], [ -155.62765, 20.03085 ], [ -155.62766, 20.03083 ], [ -155.62767, 20.03082 ], [ -155.62768, 20.03081 ], [ -155.62768, 20.0308 ], [ -155.62769, 20.03079 ], [ -155.62769, 20.03079 ], [ -155.6277, 20.03078 ], [ -155.6277, 20.03078 ], [ -155.62771, 20.03077 ], [ -155.62771, 20.03077 ], [ -155.62772, 20.03076 ], [ -155.62773, 20.03076 ], [ -155.62773, 20.03076 ], [ -155.62774, 20.03075 ], [ -155.62775, 20.03075 ], [ -155.62775, 20.03075 ], [ -155.62776, 20.03075 ], [ -155.62777, 20.03074 ], [ -155.62779, 20.03074 ], [ -155.62781, 20.03074 ], [ -155.62783, 20.03074 ], [ -155.62788, 20.03074 ], [ -155.6279, 20.03074 ], [ -155.62792, 20.03073 ], [ -155.62793, 20.03073 ], [ -155.62795, 20.03073 ], [ -155.62795, 20.03073 ], [ -155.62796, 20.03073 ], [ -155.62797, 20.03072 ], [ -155.62797, 20.03072 ], [ -155.62798, 20.03072 ], [ -155.62798, 20.03071 ], [ -155.62799, 20.03071 ], [ -155.62799, 20.03071 ], [ -155.628, 20.0307 ], [ -155.628, 20.0307 ], [ -155.62801, 20.03069 ], [ -155.62802, 20.03068 ], [ -155.62803, 20.03067 ], [ -155.62806, 20.03063 ], [ -155.62807, 20.03062 ], [ -155.62808, 20.03061 ], [ -155.62809, 20.0306 ], [ -155.6281, 20.03059 ], [ -155.62811, 20.03059 ], [ -155.62812, 20.03058 ], [ -155.62813, 20.03058 ], [ -155.62813, 20.03058 ], [ -155.62814, 20.03057 ], [ -155.62814, 20.03057 ], [ -155.62815, 20.03057 ], [ -155.62816, 20.03057 ], [ -155.62816, 20.03057 ], [ -155.62817, 20.03057 ], [ -155.62818, 20.03057 ], [ -155.62819, 20.03057 ], [ -155.6282, 20.03058 ], [ -155.62821, 20.03058 ], [ -155.62823, 20.03058 ], [ -155.62827, 20.0306 ], [ -155.62829, 20.0306 ], [ -155.6283, 20.0306 ], [ -155.62832, 20.03061 ], [ -155.62832, 20.03061 ], [ -155.62833, 20.03061 ], [ -155.62834, 20.03061 ], [ -155.62835, 20.03061 ], [ -155.62835, 20.03061 ], [ -155.62836, 20.03061 ], [ -155.62837, 20.03061 ], [ -155.62837, 20.03061 ], [ -155.62838, 20.03061 ], [ -155.62838, 20.0306 ], [ -155.62839, 20.0306 ], [ -155.6284, 20.0306 ], [ -155.6284, 20.0306 ], [ -155.62841, 20.03059 ], [ -155.62841, 20.03059 ], [ -155.62842, 20.03059 ], [ -155.62843, 20.03058 ], [ -155.62844, 20.03057 ], [ -155.62846, 20.03056 ], [ -155.62848, 20.03053 ], [ -155.6285, 20.03052 ], [ -155.62851, 20.03051 ], [ -155.62852, 20.03051 ], [ -155.62853, 20.0305 ], [ -155.62853, 20.0305 ], [ -155.62854, 20.0305 ], [ -155.62855, 20.03049 ], [ -155.62855, 20.03049 ], [ -155.62859, 20.03048 ], [ -155.62865, 20.03048 ], [ -155.62874, 20.03048 ], [ -155.62883, 20.03048 ], [ -155.62897, 20.03049 ], [ -155.62897, 20.03046 ], [ -155.62897, 20.03041 ], [ -155.62898, 20.03024 ], [ -155.62897, 20.03007 ], [ -155.62896, 20.03 ], [ -155.62889, 20.02999 ], [ -155.62885, 20.02999 ], [ -155.62882, 20.02999 ], [ -155.62879, 20.02999 ], [ -155.62877, 20.02999 ], [ -155.62875, 20.02999 ], [ -155.62874, 20.02999 ], [ -155.62873, 20.02999 ], [ -155.62872, 20.02999 ], [ -155.62871, 20.02999 ], [ -155.6287, 20.02998 ], [ -155.62869, 20.02998 ], [ -155.62868, 20.02998 ], [ -155.62868, 20.02998 ], [ -155.62867, 20.02997 ], [ -155.62866, 20.02997 ], [ -155.62865, 20.02996 ], [ -155.62864, 20.02996 ], [ -155.62863, 20.02995 ], [ -155.62862, 20.02994 ], [ -155.62862, 20.02993 ], [ -155.62861, 20.02993 ], [ -155.6286, 20.02992 ], [ -155.62859, 20.02991 ], [ -155.62858, 20.0299 ], [ -155.62857, 20.02989 ], [ -155.62856, 20.02986 ], [ -155.62852, 20.02982 ], [ -155.62851, 20.0298 ], [ -155.62849, 20.02978 ], [ -155.62848, 20.02976 ], [ -155.62847, 20.02975 ], [ -155.62846, 20.02974 ], [ -155.62845, 20.02973 ], [ -155.62844, 20.02973 ], [ -155.62843, 20.02972 ], [ -155.62843, 20.02971 ], [ -155.62842, 20.02971 ], [ -155.62841, 20.0297 ], [ -155.6284, 20.0297 ], [ -155.62839, 20.02969 ], [ -155.62837, 20.02969 ], [ -155.62836, 20.02968 ], [ -155.62835, 20.02968 ], [ -155.62834, 20.02967 ], [ -155.62832, 20.02967 ], [ -155.62831, 20.02967 ], [ -155.62829, 20.02967 ], [ -155.62828, 20.02966 ], [ -155.62826, 20.02966 ], [ -155.62825, 20.02966 ], [ -155.62821, 20.02966 ], [ -155.62815, 20.02966 ], [ -155.62812, 20.02965 ], [ -155.62809, 20.02965 ], [ -155.62807, 20.02965 ], [ -155.62805, 20.02965 ], [ -155.62804, 20.02964 ], [ -155.62803, 20.02964 ], [ -155.62801, 20.02964 ], [ -155.628, 20.02964 ], [ -155.62799, 20.02963 ], [ -155.62798, 20.02963 ], [ -155.62797, 20.02962 ], [ -155.62796, 20.02962 ], [ -155.62795, 20.02962 ], [ -155.62794, 20.02961 ], [ -155.62793, 20.02961 ], [ -155.62792, 20.0296 ], [ -155.62791, 20.02959 ], [ -155.6279, 20.02959 ], [ -155.62789, 20.02958 ], [ -155.62787, 20.02956 ], [ -155.62785, 20.02954 ], [ -155.62783, 20.02953 ], [ -155.62779, 20.02948 ], [ -155.62777, 20.02946 ], [ -155.62776, 20.02945 ], [ -155.62775, 20.02944 ], [ -155.62774, 20.02944 ], [ -155.62773, 20.02943 ], [ -155.62772, 20.02942 ], [ -155.62771, 20.02942 ], [ -155.6277, 20.02941 ], [ -155.62769, 20.02941 ], [ -155.62768, 20.02941 ], [ -155.62768, 20.02941 ], [ -155.62767, 20.02941 ], [ -155.62766, 20.02941 ], [ -155.62766, 20.02941 ], [ -155.62765, 20.02941 ], [ -155.62765, 20.02941 ], [ -155.62765, 20.02941 ], [ -155.62764, 20.02942 ], [ -155.62764, 20.02942 ], [ -155.62763, 20.02943 ], [ -155.62763, 20.02943 ], [ -155.62763, 20.02944 ], [ -155.62762, 20.02944 ], [ -155.62762, 20.02945 ], [ -155.62761, 20.02945 ], [ -155.62761, 20.02947 ], [ -155.6276, 20.02949 ], [ -155.62759, 20.02951 ], [ -155.62758, 20.02954 ], [ -155.62757, 20.02956 ], [ -155.62757, 20.02959 ], [ -155.62756, 20.02963 ], [ -155.62755, 20.02965 ], [ -155.62755, 20.02966 ], [ -155.62755, 20.02967 ], [ -155.62755, 20.02968 ], [ -155.62755, 20.02969 ], [ -155.62755, 20.0297 ], [ -155.62755, 20.02971 ], [ -155.62755, 20.02972 ], [ -155.62756, 20.02974 ], [ -155.62756, 20.02975 ], [ -155.62756, 20.02976 ], [ -155.62757, 20.02978 ], [ -155.62757, 20.02979 ], [ -155.62758, 20.02982 ], [ -155.62759, 20.02984 ], [ -155.6276, 20.02987 ], [ -155.62763, 20.02994 ], [ -155.62764, 20.02996 ], [ -155.62765, 20.02998 ], [ -155.62765, 20.02999 ], [ -155.62766, 20.03001 ], [ -155.62766, 20.03003 ], [ -155.62767, 20.03004 ], [ -155.62767, 20.03006 ], [ -155.62768, 20.03008 ], [ -155.62768, 20.03009 ], [ -155.62768, 20.03011 ], [ -155.62768, 20.03012 ], [ -155.62768, 20.03013 ], [ -155.62767, 20.03013 ], [ -155.62767, 20.03014 ], [ -155.62767, 20.03015 ], [ -155.62767, 20.03015 ], [ -155.62767, 20.03016 ], [ -155.62767, 20.03017 ], [ -155.62766, 20.03018 ], [ -155.62765, 20.0302 ], [ -155.62765, 20.03021 ], [ -155.62764, 20.03023 ], [ -155.62763, 20.03024 ], [ -155.62762, 20.03025 ], [ -155.62761, 20.03027 ], [ -155.6276, 20.03028 ], [ -155.62759, 20.03029 ], [ -155.62758, 20.03031 ], [ -155.62757, 20.03032 ], [ -155.62756, 20.03033 ], [ -155.62755, 20.03034 ], [ -155.62754, 20.03035 ], [ -155.62753, 20.03036 ], [ -155.62752, 20.03037 ], [ -155.62752, 20.03037 ], [ -155.62751, 20.03038 ], [ -155.6275, 20.03038 ], [ -155.6275, 20.03038 ], [ -155.62749, 20.03039 ], [ -155.62748, 20.03039 ], [ -155.62747, 20.03039 ], [ -155.62746, 20.0304 ], [ -155.62745, 20.0304 ], [ -155.62743, 20.03041 ], [ -155.62741, 20.03041 ], [ -155.62737, 20.03042 ], [ -155.62735, 20.03042 ], [ -155.62733, 20.03043 ], [ -155.62732, 20.03043 ], [ -155.62731, 20.03044 ], [ -155.62731, 20.03044 ], [ -155.6273, 20.03044 ], [ -155.62729, 20.03045 ], [ -155.62728, 20.03045 ], [ -155.62728, 20.03046 ], [ -155.62727, 20.03046 ], [ -155.62727, 20.03046 ], [ -155.62726, 20.03047 ], [ -155.62726, 20.03047 ], [ -155.62725, 20.03048 ], [ -155.62725, 20.03048 ], [ -155.62725, 20.03049 ], [ -155.62724, 20.0305 ], [ -155.62724, 20.0305 ], [ -155.62724, 20.03051 ], [ -155.62723, 20.03052 ], [ -155.62723, 20.03053 ], [ -155.62723, 20.03055 ], [ -155.62722, 20.03056 ], [ -155.62721, 20.0306 ], [ -155.62721, 20.03062 ], [ -155.6272, 20.03064 ], [ -155.6272, 20.03064 ], [ -155.6272, 20.03065 ], [ -155.6272, 20.03066 ], [ -155.62719, 20.03066 ], [ -155.62719, 20.03067 ], [ -155.62719, 20.03067 ], [ -155.62718, 20.03068 ], [ -155.62718, 20.03068 ], [ -155.62717, 20.03069 ], [ -155.62717, 20.03069 ], [ -155.62717, 20.03069 ], [ -155.62716, 20.03069 ], [ -155.62716, 20.03069 ], [ -155.62715, 20.03069 ], [ -155.62714, 20.0307 ], [ -155.62714, 20.0307 ], [ -155.62713, 20.0307 ], [ -155.62711, 20.0307 ], [ -155.6271, 20.0307 ], [ -155.62708, 20.0307 ], [ -155.62706, 20.03069 ], [ -155.62705, 20.03069 ], [ -155.62703, 20.03068 ], [ -155.62701, 20.03068 ], [ -155.62699, 20.03067 ], [ -155.62698, 20.03067 ], [ -155.62696, 20.03066 ], [ -155.62695, 20.03065 ], [ -155.62694, 20.03064 ], [ -155.62693, 20.03064 ], [ -155.62693, 20.03064 ], [ -155.62692, 20.03063 ], [ -155.62692, 20.03063 ], [ -155.62691, 20.03062 ], [ -155.62691, 20.03061 ], [ -155.62691, 20.03061 ], [ -155.6269, 20.0306 ], [ -155.62689, 20.03059 ], [ -155.62689, 20.03057 ], [ -155.62688, 20.03055 ], [ -155.62687, 20.03051 ], [ -155.62686, 20.0305 ], [ -155.62686, 20.03048 ], [ -155.62685, 20.03047 ], [ -155.62685, 20.03047 ], [ -155.62685, 20.03046 ], [ -155.62684, 20.03046 ], [ -155.62684, 20.03045 ], [ -155.62683, 20.03045 ], [ -155.62683, 20.03044 ], [ -155.62682, 20.03044 ], [ -155.62682, 20.03044 ], [ -155.62681, 20.03044 ], [ -155.62681, 20.03043 ], [ -155.6268, 20.03043 ], [ -155.6268, 20.03043 ], [ -155.62679, 20.03043 ], [ -155.62679, 20.03043 ], [ -155.62678, 20.03044 ], [ -155.62677, 20.03044 ], [ -155.62677, 20.03044 ], [ -155.62675, 20.03044 ], [ -155.62674, 20.03045 ], [ -155.62672, 20.03046 ], [ -155.62668, 20.03048 ], [ -155.62666, 20.03049 ], [ -155.62665, 20.03049 ], [ -155.62663, 20.0305 ], [ -155.62662, 20.0305 ], [ -155.62661, 20.03051 ], [ -155.62661, 20.03051 ], [ -155.6266, 20.03051 ], [ -155.6266, 20.03051 ], [ -155.62659, 20.03051 ], [ -155.62657, 20.03051 ], [ -155.62656, 20.03051 ], [ -155.62655, 20.03051 ], [ -155.62654, 20.0305 ], [ -155.62652, 20.0305 ], [ -155.62651, 20.0305 ], [ -155.6265, 20.0305 ], [ -155.62648, 20.03049 ], [ -155.62647, 20.03049 ], [ -155.62645, 20.03048 ], [ -155.62644, 20.03048 ], [ -155.62643, 20.03048 ], [ -155.62641, 20.03047 ], [ -155.6264, 20.03046 ], [ -155.62639, 20.03046 ], [ -155.62638, 20.03045 ], [ -155.62637, 20.03045 ], [ -155.62636, 20.03044 ], [ -155.62635, 20.03044 ], [ -155.62635, 20.03043 ], [ -155.62634, 20.03042 ], [ -155.62633, 20.03041 ], [ -155.62632, 20.0304 ], [ -155.62632, 20.03039 ], [ -155.62631, 20.03038 ], [ -155.6263, 20.03036 ], [ -155.62628, 20.03034 ], [ -155.62625, 20.03029 ], [ -155.62624, 20.03027 ], [ -155.62623, 20.03026 ], [ -155.62622, 20.03025 ], [ -155.62621, 20.03024 ], [ -155.62621, 20.03023 ], [ -155.6262, 20.03022 ], [ -155.62619, 20.03021 ], [ -155.62618, 20.0302 ], [ -155.62617, 20.0302 ], [ -155.62617, 20.03019 ], [ -155.62616, 20.03019 ], [ -155.62615, 20.03019 ], [ -155.62614, 20.03019 ], [ -155.62613, 20.03018 ], [ -155.62611, 20.03018 ], [ -155.6261, 20.03018 ], [ -155.62608, 20.03018 ], [ -155.62607, 20.03018 ], [ -155.62605, 20.03018 ], [ -155.62603, 20.03018 ], [ -155.62602, 20.03019 ], [ -155.626, 20.03019 ], [ -155.62599, 20.03019 ], [ -155.62597, 20.0302 ], [ -155.62596, 20.0302 ], [ -155.62594, 20.03021 ], [ -155.62593, 20.03021 ], [ -155.62592, 20.03022 ], [ -155.6259, 20.03022 ], [ -155.62589, 20.03023 ], [ -155.62588, 20.03024 ], [ -155.62587, 20.03025 ], [ -155.62585, 20.03026 ], [ -155.62584, 20.03027 ], [ -155.62583, 20.03029 ], [ -155.62582, 20.0303 ], [ -155.62581, 20.03031 ], [ -155.6258, 20.03033 ], [ -155.62579, 20.03034 ], [ -155.62578, 20.03035 ], [ -155.62578, 20.03037 ], [ -155.62577, 20.03038 ], [ -155.62577, 20.03039 ], [ -155.62577, 20.0304 ], [ -155.62576, 20.0304 ], [ -155.62576, 20.03041 ], [ -155.62576, 20.03041 ], [ -155.62576, 20.03042 ], [ -155.62577, 20.03043 ], [ -155.62577, 20.03044 ], [ -155.62577, 20.03044 ], [ -155.62578, 20.03045 ], [ -155.62578, 20.03046 ], [ -155.62579, 20.03047 ], [ -155.6258, 20.03048 ], [ -155.62581, 20.03049 ], [ -155.62582, 20.0305 ], [ -155.62583, 20.0305 ], [ -155.62584, 20.03051 ], [ -155.62586, 20.03053 ], [ -155.62591, 20.03057 ], [ -155.62594, 20.03058 ], [ -155.62596, 20.0306 ], [ -155.62597, 20.03061 ], [ -155.62598, 20.03062 ], [ -155.62599, 20.03063 ], [ -155.626, 20.03063 ], [ -155.62601, 20.03064 ], [ -155.62601, 20.03065 ], [ -155.62602, 20.03066 ], [ -155.62602, 20.03067 ], [ -155.62603, 20.03067 ], [ -155.62604, 20.03068 ], [ -155.62604, 20.03069 ], [ -155.62604, 20.0307 ], [ -155.62605, 20.03071 ], [ -155.62605, 20.03073 ], [ -155.62606, 20.03074 ], [ -155.62606, 20.03075 ], [ -155.62606, 20.03076 ], [ -155.62607, 20.03079 ], [ -155.62607, 20.03082 ], [ -155.62608, 20.03084 ], [ -155.62608, 20.03091 ], [ -155.62609, 20.03094 ], [ -155.62609, 20.03096 ], [ -155.62609, 20.03098 ], [ -155.6261, 20.03099 ], [ -155.6261, 20.031 ], [ -155.62611, 20.03102 ], [ -155.62611, 20.03103 ], [ -155.62612, 20.03104 ], [ -155.62613, 20.03106 ], [ -155.62613, 20.03107 ], [ -155.62614, 20.03108 ], [ -155.62615, 20.03108 ], [ -155.62615, 20.03109 ], [ -155.62616, 20.03109 ], [ -155.62617, 20.0311 ], [ -155.62617, 20.0311 ], [ -155.62618, 20.03111 ], [ -155.62619, 20.03111 ], [ -155.6262, 20.03111 ], [ -155.62621, 20.03112 ], [ -155.62622, 20.03112 ], [ -155.62623, 20.03112 ], [ -155.62625, 20.03112 ], [ -155.62626, 20.03113 ], [ -155.62627, 20.03113 ], [ -155.62629, 20.03113 ], [ -155.62632, 20.03113 ], [ -155.62639, 20.03113 ], [ -155.62642, 20.03113 ], [ -155.62644, 20.03113 ], [ -155.62645, 20.03113 ], [ -155.62646, 20.03114 ], [ -155.62648, 20.03114 ], [ -155.62649, 20.03114 ], [ -155.6265, 20.03114 ], [ -155.62652, 20.03115 ], [ -155.62653, 20.03115 ], [ -155.62654, 20.03115 ], [ -155.62655, 20.03116 ], [ -155.62656, 20.03116 ], [ -155.62657, 20.03117 ], [ -155.62658, 20.03117 ], [ -155.62659, 20.03118 ], [ -155.6266, 20.03119 ], [ -155.62661, 20.0312 ], [ -155.62661, 20.03121 ], [ -155.62662, 20.03122 ], [ -155.62663, 20.03123 ], [ -155.62664, 20.03124 ], [ -155.62665, 20.03125 ], [ -155.62665, 20.03126 ], [ -155.62666, 20.03127 ], [ -155.62667, 20.03129 ], [ -155.62668, 20.03131 ], [ -155.62671, 20.03137 ], [ -155.62672, 20.03139 ], [ -155.62673, 20.0314 ], [ -155.62673, 20.03141 ], [ -155.62674, 20.03143 ], [ -155.62675, 20.03144 ], [ -155.62676, 20.03145 ], [ -155.62677, 20.03146 ], [ -155.62677, 20.03147 ], [ -155.62678, 20.03148 ], [ -155.62679, 20.03149 ], [ -155.6268, 20.03149 ], [ -155.62681, 20.0315 ], [ -155.62682, 20.03151 ], [ -155.62683, 20.03151 ], [ -155.62684, 20.03151 ], [ -155.62684, 20.03152 ], [ -155.62685, 20.03152 ], [ -155.62686, 20.03152 ], [ -155.62687, 20.03152 ], [ -155.62688, 20.03152 ], [ -155.62689, 20.03152 ], [ -155.6269, 20.03152 ], [ -155.62692, 20.03152 ], [ -155.62695, 20.03152 ], [ -155.62697, 20.03152 ], [ -155.62704, 20.03151 ], [ -155.62706, 20.03151 ], [ -155.62708, 20.03151 ], [ -155.6271, 20.03151 ], [ -155.62711, 20.03151 ], [ -155.62712, 20.03151 ], [ -155.62713, 20.03152 ], [ -155.62714, 20.03152 ], [ -155.62715, 20.03152 ], [ -155.62716, 20.03152 ], [ -155.62718, 20.03153 ], [ -155.6272, 20.03153 ], [ -155.62722, 20.03154 ], [ -155.62724, 20.03155 ], [ -155.62725, 20.03155 ], [ -155.62727, 20.03156 ], [ -155.62728, 20.03157 ], [ -155.62729, 20.03157 ], [ -155.62731, 20.03158 ], [ -155.62732, 20.03159 ], [ -155.62733, 20.0316 ], [ -155.62734, 20.0316 ], [ -155.62735, 20.03161 ], [ -155.62735, 20.03162 ], [ -155.62736, 20.03163 ], [ -155.62737, 20.03164 ], [ -155.62738, 20.03165 ], [ -155.62739, 20.03166 ], [ -155.62739, 20.03167 ], [ -155.6274, 20.03169 ], [ -155.62741, 20.0317 ], [ -155.62741, 20.03171 ], [ -155.62742, 20.03173 ], [ -155.62742, 20.03175 ], [ -155.62743, 20.03176 ], [ -155.62743, 20.03178 ], [ -155.62743, 20.03179 ], [ -155.62743, 20.03181 ], [ -155.62743, 20.03183 ], [ -155.62743, 20.03184 ], [ -155.62743, 20.03185 ], [ -155.62743, 20.03186 ], [ -155.62743, 20.03187 ], [ -155.62743, 20.03187 ], [ -155.62742, 20.03188 ], [ -155.62742, 20.03189 ], [ -155.62742, 20.03189 ], [ -155.62741, 20.0319 ], [ -155.62741, 20.03191 ], [ -155.6274, 20.03192 ], [ -155.62739, 20.03194 ], [ -155.62738, 20.03195 ], [ -155.62735, 20.03198 ], [ -155.62734, 20.032 ], [ -155.62733, 20.03201 ], [ -155.62733, 20.03202 ], [ -155.62732, 20.03203 ], [ -155.62732, 20.03203 ], [ -155.62732, 20.03204 ], [ -155.62732, 20.03205 ], [ -155.62731, 20.03205 ], [ -155.62731, 20.03206 ], [ -155.62731, 20.03206 ], [ -155.62731, 20.03207 ], [ -155.62731, 20.03207 ], [ -155.62732, 20.03208 ], [ -155.62732, 20.03208 ], [ -155.62732, 20.03209 ], [ -155.62732, 20.03209 ], [ -155.62733, 20.0321 ], [ -155.62733, 20.0321 ], [ -155.62734, 20.03211 ], [ -155.62735, 20.03211 ], [ -155.62735, 20.03212 ], [ -155.62736, 20.03212 ], [ -155.62738, 20.03213 ], [ -155.62739, 20.03214 ], [ -155.62743, 20.03216 ], [ -155.62745, 20.03217 ], [ -155.62747, 20.03218 ], [ -155.62748, 20.03218 ], [ -155.62749, 20.03219 ], [ -155.62749, 20.03219 ], [ -155.6275, 20.0322 ], [ -155.62751, 20.0322 ], [ -155.62751, 20.03221 ], [ -155.62752, 20.03221 ], [ -155.62752, 20.03222 ], [ -155.62752, 20.03222 ], [ -155.62753, 20.03224 ], [ -155.62754, 20.03225 ], [ -155.62755, 20.03226 ], [ -155.62755, 20.03228 ], [ -155.62756, 20.0323 ], [ -155.62756, 20.03232 ], [ -155.62757, 20.03234 ], [ -155.62757, 20.03236 ], [ -155.62758, 20.03238 ], [ -155.62758, 20.0324 ], [ -155.62758, 20.03242 ], [ -155.62758, 20.03243 ], [ -155.62758, 20.03245 ], [ -155.62758, 20.03245 ], [ -155.62758, 20.03246 ], [ -155.62758, 20.03246 ], [ -155.62758, 20.03247 ], [ -155.62758, 20.03247 ], [ -155.62757, 20.03247 ], [ -155.62757, 20.03248 ], [ -155.62757, 20.03248 ], [ -155.62757, 20.03248 ], [ -155.62756, 20.03248 ], [ -155.62756, 20.03248 ], [ -155.62756, 20.03248 ], [ -155.62755, 20.03247 ], [ -155.62755, 20.03247 ], [ -155.62754, 20.03246 ], [ -155.62753, 20.03245 ], [ -155.62751, 20.03244 ], [ -155.62748, 20.03241 ], [ -155.62746, 20.03239 ], [ -155.62745, 20.03237 ], [ -155.62743, 20.03236 ], [ -155.62742, 20.03235 ], [ -155.62741, 20.03235 ], [ -155.62741, 20.03234 ], [ -155.6274, 20.03234 ], [ -155.62739, 20.03233 ], [ -155.62738, 20.03233 ], [ -155.62738, 20.03233 ], [ -155.62737, 20.03232 ], [ -155.62736, 20.03232 ], [ -155.62734, 20.03232 ], [ -155.62733, 20.03232 ], [ -155.62732, 20.03232 ], [ -155.6273, 20.03232 ], [ -155.62728, 20.03232 ], [ -155.62727, 20.03232 ], [ -155.62725, 20.03232 ], [ -155.62724, 20.03233 ], [ -155.62722, 20.03233 ], [ -155.62721, 20.03233 ], [ -155.62719, 20.03234 ], [ -155.62718, 20.03234 ], [ -155.62717, 20.03235 ], [ -155.62715, 20.03236 ], [ -155.62714, 20.03236 ], [ -155.62713, 20.03237 ], [ -155.62712, 20.03238 ], [ -155.62711, 20.03239 ], [ -155.6271, 20.03239 ], [ -155.62709, 20.0324 ], [ -155.62708, 20.03241 ], [ -155.62707, 20.03243 ], [ -155.62706, 20.03244 ], [ -155.62705, 20.03245 ], [ -155.62704, 20.03246 ], [ -155.62704, 20.03247 ], [ -155.62703, 20.03249 ], [ -155.62702, 20.0325 ], [ -155.62702, 20.03251 ], [ -155.62701, 20.03252 ], [ -155.62701, 20.03253 ], [ -155.62701, 20.03254 ], [ -155.62701, 20.03254 ], [ -155.62701, 20.03255 ], [ -155.62701, 20.03256 ], [ -155.62701, 20.03256 ], [ -155.62701, 20.03257 ], [ -155.62701, 20.03258 ], [ -155.62701, 20.03259 ], [ -155.62702, 20.0326 ], [ -155.62702, 20.03262 ], [ -155.62703, 20.03263 ], [ -155.62704, 20.03267 ], [ -155.62705, 20.03269 ], [ -155.62705, 20.03271 ], [ -155.62705, 20.03271 ], [ -155.62706, 20.03272 ], [ -155.62706, 20.03273 ], [ -155.62706, 20.03274 ], [ -155.62706, 20.03274 ], [ -155.62706, 20.03275 ], [ -155.62705, 20.03275 ], [ -155.62705, 20.03276 ], [ -155.62705, 20.03276 ], [ -155.62705, 20.03277 ], [ -155.62704, 20.03277 ], [ -155.62704, 20.03277 ], [ -155.62704, 20.03278 ], [ -155.62703, 20.03278 ], [ -155.62703, 20.03278 ], [ -155.62702, 20.03278 ], [ -155.62701, 20.03279 ], [ -155.62701, 20.03279 ], [ -155.62699, 20.03279 ], [ -155.62698, 20.03279 ], [ -155.62696, 20.0328 ], [ -155.62691, 20.0328 ], [ -155.62689, 20.0328 ], [ -155.62688, 20.03281 ], [ -155.62687, 20.03281 ], [ -155.62686, 20.03281 ], [ -155.62685, 20.03281 ], [ -155.62685, 20.03282 ], [ -155.62684, 20.03282 ], [ -155.62684, 20.03282 ], [ -155.62683, 20.03282 ], [ -155.62683, 20.03283 ], [ -155.62682, 20.03283 ], [ -155.62682, 20.03284 ], [ -155.62681, 20.03284 ], [ -155.6268, 20.03285 ], [ -155.6268, 20.03285 ], [ -155.62679, 20.03286 ], [ -155.62679, 20.03287 ], [ -155.62678, 20.03288 ], [ -155.62677, 20.0329 ], [ -155.62676, 20.03291 ], [ -155.62674, 20.03296 ], [ -155.62673, 20.03297 ], [ -155.62672, 20.03298 ], [ -155.62671, 20.033 ], [ -155.6267, 20.03301 ], [ -155.62669, 20.03302 ], [ -155.62668, 20.03303 ], [ -155.62667, 20.03304 ], [ -155.62666, 20.03305 ], [ -155.62665, 20.03305 ], [ -155.62664, 20.03306 ], [ -155.62663, 20.03307 ], [ -155.62661, 20.03308 ], [ -155.6266, 20.03309 ], [ -155.62659, 20.03309 ], [ -155.62657, 20.0331 ], [ -155.62656, 20.03311 ], [ -155.62654, 20.03311 ], [ -155.62653, 20.03312 ], [ -155.62652, 20.03312 ], [ -155.6265, 20.03313 ], [ -155.62649, 20.03313 ], [ -155.62647, 20.03314 ], [ -155.62645, 20.03314 ], [ -155.62643, 20.03315 ], [ -155.62641, 20.03315 ], [ -155.62639, 20.03316 ], [ -155.62637, 20.03316 ], [ -155.62635, 20.03316 ], [ -155.62633, 20.03317 ], [ -155.62632, 20.03317 ], [ -155.6263, 20.03317 ], [ -155.62629, 20.03317 ], [ -155.62627, 20.03317 ], [ -155.62626, 20.03317 ], [ -155.62625, 20.03317 ], [ -155.62624, 20.03316 ], [ -155.62623, 20.03316 ], [ -155.62623, 20.03316 ], [ -155.62623, 20.03316 ], [ -155.62622, 20.03315 ], [ -155.62622, 20.03315 ], [ -155.62622, 20.03314 ], [ -155.62621, 20.03314 ], [ -155.62621, 20.03313 ], [ -155.62621, 20.03313 ], [ -155.62621, 20.03312 ], [ -155.62621, 20.03311 ], [ -155.62621, 20.0331 ], [ -155.62621, 20.0331 ], [ -155.62621, 20.03309 ], [ -155.62621, 20.03308 ], [ -155.62621, 20.03305 ], [ -155.62622, 20.03301 ], [ -155.62623, 20.03299 ], [ -155.62623, 20.03296 ], [ -155.62623, 20.03295 ], [ -155.62623, 20.03295 ], [ -155.62623, 20.03294 ], [ -155.62623, 20.03293 ], [ -155.62623, 20.03292 ], [ -155.62623, 20.03291 ], [ -155.62623, 20.0329 ], [ -155.62623, 20.0329 ], [ -155.62622, 20.03289 ], [ -155.62622, 20.03289 ], [ -155.62622, 20.03288 ], [ -155.62621, 20.03288 ], [ -155.62621, 20.03287 ], [ -155.6262, 20.03287 ], [ -155.6262, 20.03286 ], [ -155.62619, 20.03286 ], [ -155.62618, 20.03285 ], [ -155.62617, 20.03285 ], [ -155.62615, 20.03284 ], [ -155.62613, 20.03283 ], [ -155.62612, 20.03282 ], [ -155.6261, 20.03282 ], [ -155.62608, 20.03281 ], [ -155.62606, 20.03281 ], [ -155.62603, 20.03281 ], [ -155.62601, 20.0328 ], [ -155.62599, 20.0328 ], [ -155.62597, 20.0328 ], [ -155.62596, 20.0328 ], [ -155.62595, 20.0328 ], [ -155.62594, 20.0328 ], [ -155.62593, 20.0328 ], [ -155.62592, 20.0328 ], [ -155.62591, 20.0328 ], [ -155.6259, 20.03281 ], [ -155.62589, 20.03281 ], [ -155.62588, 20.03281 ], [ -155.62587, 20.03282 ], [ -155.62586, 20.03282 ], [ -155.62585, 20.03283 ], [ -155.62584, 20.03284 ], [ -155.62583, 20.03284 ], [ -155.6258, 20.03286 ], [ -155.62575, 20.03289 ], [ -155.62573, 20.0329 ], [ -155.62571, 20.03291 ], [ -155.62569, 20.03292 ], [ -155.62568, 20.03293 ], [ -155.62567, 20.03293 ], [ -155.62566, 20.03294 ], [ -155.62565, 20.03294 ], [ -155.62564, 20.03294 ], [ -155.62563, 20.03295 ], [ -155.62562, 20.03295 ], [ -155.62561, 20.03295 ], [ -155.6256, 20.03295 ], [ -155.62559, 20.03295 ], [ -155.62558, 20.03295 ], [ -155.62557, 20.03295 ], [ -155.62556, 20.03295 ], [ -155.62554, 20.03295 ], [ -155.62553, 20.03295 ], [ -155.62552, 20.03295 ], [ -155.62549, 20.03295 ], [ -155.62547, 20.03294 ], [ -155.62544, 20.03294 ], [ -155.62538, 20.03292 ], [ -155.62535, 20.03292 ], [ -155.62533, 20.03291 ], [ -155.62532, 20.03291 ], [ -155.62531, 20.03291 ], [ -155.62529, 20.03291 ], [ -155.62528, 20.03291 ], [ -155.62527, 20.03291 ], [ -155.62525, 20.03291 ], [ -155.62524, 20.03291 ], [ -155.62523, 20.03291 ], [ -155.62522, 20.03291 ], [ -155.62521, 20.03292 ], [ -155.6252, 20.03292 ], [ -155.62519, 20.03292 ], [ -155.62518, 20.03293 ], [ -155.62517, 20.03294 ], [ -155.62516, 20.03294 ], [ -155.62515, 20.03295 ], [ -155.62513, 20.03296 ], [ -155.62512, 20.03296 ], [ -155.62511, 20.03297 ], [ -155.6251, 20.03298 ], [ -155.62509, 20.03299 ], [ -155.62508, 20.033 ], [ -155.62506, 20.03301 ], [ -155.62505, 20.03302 ], [ -155.62504, 20.03303 ], [ -155.62503, 20.03304 ], [ -155.62502, 20.03305 ], [ -155.62501, 20.03307 ], [ -155.62501, 20.03308 ], [ -155.625, 20.03309 ], [ -155.625, 20.03309 ], [ -155.62499, 20.0331 ], [ -155.62498, 20.03311 ], [ -155.62498, 20.03312 ], [ -155.62497, 20.03312 ], [ -155.62497, 20.03313 ], [ -155.62496, 20.03314 ], [ -155.62496, 20.03315 ], [ -155.62496, 20.03316 ], [ -155.62496, 20.03317 ], [ -155.62496, 20.03317 ], [ -155.62495, 20.03318 ], [ -155.62496, 20.03319 ], [ -155.62496, 20.0332 ], [ -155.62496, 20.0332 ], [ -155.62496, 20.03321 ], [ -155.62496, 20.03322 ], [ -155.62497, 20.03322 ], [ -155.62498, 20.03323 ], [ -155.62498, 20.03323 ], [ -155.62499, 20.03324 ], [ -155.625, 20.03324 ], [ -155.625, 20.03325 ], [ -155.62501, 20.03325 ], [ -155.62502, 20.03326 ], [ -155.62503, 20.03326 ], [ -155.62504, 20.03327 ], [ -155.62507, 20.03328 ], [ -155.62512, 20.0333 ], [ -155.62514, 20.03331 ], [ -155.62516, 20.03332 ], [ -155.62518, 20.03333 ], [ -155.62519, 20.03334 ], [ -155.6252, 20.03335 ], [ -155.62521, 20.03335 ], [ -155.62522, 20.03336 ], [ -155.62522, 20.03336 ], [ -155.62523, 20.03337 ], [ -155.62524, 20.03337 ], [ -155.62524, 20.03338 ], [ -155.62525, 20.03339 ], [ -155.62526, 20.03339 ], [ -155.62526, 20.0334 ], [ -155.62527, 20.03341 ], [ -155.62527, 20.03342 ], [ -155.62528, 20.03342 ], [ -155.62528, 20.03343 ], [ -155.62529, 20.03344 ], [ -155.6253, 20.03346 ], [ -155.62531, 20.03348 ], [ -155.62532, 20.0335 ], [ -155.62534, 20.03355 ], [ -155.62535, 20.03357 ], [ -155.62535, 20.03359 ], [ -155.62536, 20.0336 ], [ -155.62537, 20.03361 ], [ -155.62537, 20.03362 ], [ -155.62538, 20.03363 ], [ -155.62539, 20.03364 ], [ -155.62539, 20.03364 ], [ -155.6254, 20.03365 ], [ -155.62541, 20.03366 ], [ -155.62542, 20.03367 ], [ -155.62543, 20.03367 ], [ -155.62543, 20.03367 ], [ -155.62544, 20.03368 ], [ -155.62545, 20.03368 ], [ -155.62545, 20.03368 ], [ -155.62546, 20.03368 ], [ -155.62547, 20.03368 ], [ -155.62547, 20.03368 ], [ -155.62548, 20.03368 ], [ -155.62549, 20.03368 ], [ -155.62551, 20.03368 ], [ -155.62553, 20.03368 ], [ -155.62555, 20.03368 ], [ -155.62557, 20.03368 ], [ -155.62559, 20.03368 ], [ -155.62561, 20.03367 ], [ -155.62563, 20.03367 ], [ -155.62565, 20.03366 ], [ -155.6257, 20.03365 ], [ -155.62579, 20.03362 ], [ -155.62582, 20.03362 ], [ -155.62584, 20.03361 ], [ -155.62585, 20.03361 ], [ -155.62587, 20.0336 ], [ -155.62589, 20.0336 ], [ -155.6259, 20.0336 ], [ -155.62591, 20.0336 ], [ -155.62593, 20.0336 ], [ -155.62593, 20.0336 ], [ -155.62594, 20.0336 ], [ -155.62594, 20.0336 ], [ -155.62595, 20.0336 ], [ -155.62595, 20.0336 ], [ -155.62596, 20.0336 ], [ -155.62596, 20.0336 ], [ -155.62596, 20.03361 ], [ -155.62596, 20.03361 ], [ -155.62597, 20.03361 ], [ -155.62597, 20.03361 ], [ -155.62597, 20.03362 ], [ -155.62597, 20.03362 ], [ -155.62597, 20.03362 ], [ -155.62597, 20.03363 ], [ -155.62597, 20.03363 ], [ -155.62597, 20.03364 ], [ -155.62597, 20.03366 ], [ -155.62597, 20.03367 ], [ -155.62597, 20.03369 ], [ -155.62596, 20.03371 ], [ -155.62596, 20.03372 ], [ -155.62596, 20.03374 ], [ -155.62595, 20.03375 ], [ -155.62594, 20.03377 ], [ -155.62594, 20.03378 ], [ -155.62593, 20.03379 ], [ -155.62592, 20.0338 ], [ -155.62592, 20.03381 ], [ -155.62591, 20.03382 ], [ -155.62591, 20.03382 ], [ -155.62591, 20.03382 ], [ -155.6259, 20.03383 ], [ -155.6259, 20.03383 ], [ -155.62589, 20.03383 ], [ -155.62588, 20.03383 ], [ -155.62588, 20.03384 ], [ -155.62587, 20.03384 ], [ -155.62586, 20.03384 ], [ -155.62585, 20.03385 ], [ -155.62583, 20.03385 ], [ -155.62581, 20.03385 ], [ -155.62577, 20.03386 ], [ -155.62575, 20.03386 ], [ -155.62574, 20.03386 ], [ -155.62573, 20.03386 ], [ -155.62572, 20.03386 ], [ -155.62572, 20.03387 ], [ -155.62571, 20.03387 ], [ -155.6257, 20.03387 ], [ -155.6257, 20.03388 ], [ -155.62569, 20.03388 ], [ -155.62569, 20.03388 ], [ -155.62568, 20.03389 ], [ -155.62568, 20.03389 ], [ -155.62567, 20.0339 ], [ -155.62567, 20.03391 ], [ -155.62566, 20.03391 ], [ -155.62566, 20.03392 ], [ -155.62566, 20.03393 ], [ -155.62566, 20.03394 ], [ -155.62565, 20.03395 ], [ -155.62565, 20.03397 ], [ -155.62565, 20.03398 ], [ -155.62565, 20.03399 ], [ -155.62565, 20.03401 ], [ -155.62565, 20.03402 ], [ -155.62565, 20.03404 ], [ -155.62565, 20.03405 ], [ -155.62565, 20.03407 ], [ -155.62565, 20.03409 ], [ -155.62566, 20.03411 ], [ -155.62566, 20.03412 ], [ -155.62566, 20.03413 ], [ -155.62567, 20.03415 ], [ -155.62567, 20.03416 ], [ -155.62568, 20.03417 ], [ -155.62569, 20.03419 ], [ -155.62569, 20.0342 ], [ -155.6257, 20.03421 ], [ -155.62571, 20.03422 ], [ -155.62572, 20.03424 ], [ -155.62573, 20.03425 ], [ -155.62575, 20.03426 ], [ -155.62577, 20.03429 ], [ -155.62582, 20.03434 ], [ -155.62584, 20.03436 ], [ -155.62586, 20.03438 ], [ -155.62588, 20.0344 ], [ -155.62589, 20.03441 ], [ -155.62589, 20.03442 ], [ -155.6259, 20.03443 ], [ -155.62591, 20.03444 ], [ -155.62592, 20.03445 ], [ -155.62592, 20.03446 ], [ -155.62593, 20.03447 ], [ -155.62593, 20.03448 ], [ -155.62594, 20.03449 ], [ -155.62594, 20.0345 ], [ -155.62594, 20.03451 ], [ -155.62594, 20.03452 ], [ -155.62595, 20.03453 ], [ -155.62595, 20.03454 ], [ -155.62595, 20.03455 ], [ -155.62595, 20.03456 ], [ -155.62595, 20.03458 ], [ -155.62595, 20.0346 ], [ -155.62596, 20.03463 ], [ -155.62596, 20.03468 ], [ -155.62596, 20.03471 ], [ -155.62596, 20.03472 ], [ -155.62596, 20.03473 ], [ -155.62596, 20.03475 ], [ -155.62596, 20.03476 ], [ -155.62596, 20.03477 ], [ -155.62596, 20.03478 ], [ -155.62597, 20.03479 ], [ -155.62597, 20.0348 ], [ -155.62597, 20.03481 ], [ -155.62598, 20.03481 ], [ -155.62598, 20.03482 ], [ -155.62598, 20.03483 ], [ -155.62599, 20.03484 ], [ -155.62599, 20.03484 ], [ -155.626, 20.03485 ], [ -155.626, 20.03485 ], [ -155.62601, 20.03486 ], [ -155.62601, 20.03486 ], [ -155.62602, 20.03487 ], [ -155.62603, 20.03487 ], [ -155.62604, 20.03488 ], [ -155.62606, 20.03489 ], [ -155.62607, 20.0349 ], [ -155.62611, 20.03492 ], [ -155.62613, 20.03493 ], [ -155.62614, 20.03494 ], [ -155.62615, 20.03495 ], [ -155.62616, 20.03496 ], [ -155.62616, 20.03496 ], [ -155.62617, 20.03497 ], [ -155.62617, 20.03497 ], [ -155.62618, 20.03498 ], [ -155.62618, 20.03498 ], [ -155.62619, 20.03499 ], [ -155.62619, 20.03499 ], [ -155.62619, 20.035 ], [ -155.62619, 20.03501 ], [ -155.6262, 20.03502 ], [ -155.6262, 20.03503 ], [ -155.6262, 20.03504 ], [ -155.6262, 20.03506 ], [ -155.6262, 20.03507 ], [ -155.6262, 20.03508 ], [ -155.62619, 20.0351 ], [ -155.62619, 20.03511 ], [ -155.62619, 20.03512 ], [ -155.62618, 20.03514 ], [ -155.62618, 20.03515 ], [ -155.62617, 20.03516 ], [ -155.62617, 20.03518 ], [ -155.62616, 20.03519 ], [ -155.62616, 20.0352 ], [ -155.62615, 20.03521 ], [ -155.62615, 20.03521 ], [ -155.62615, 20.03521 ], [ -155.62614, 20.03522 ], [ -155.62614, 20.03522 ], [ -155.62613, 20.03523 ], [ -155.62612, 20.03524 ], [ -155.62611, 20.03525 ], [ -155.62609, 20.03526 ], [ -155.62608, 20.03526 ], [ -155.62605, 20.03528 ], [ -155.62603, 20.03529 ], [ -155.62602, 20.0353 ], [ -155.62601, 20.03531 ], [ -155.626, 20.03531 ], [ -155.626, 20.03532 ], [ -155.62599, 20.03532 ], [ -155.62599, 20.03533 ], [ -155.62599, 20.03533 ], [ -155.62599, 20.03533 ], [ -155.62599, 20.03534 ], [ -155.62599, 20.03534 ], [ -155.62599, 20.03535 ], [ -155.62599, 20.03535 ], [ -155.62599, 20.03535 ], [ -155.626, 20.03536 ], [ -155.626, 20.03536 ], [ -155.62601, 20.03536 ], [ -155.62601, 20.03537 ], [ -155.62602, 20.03537 ], [ -155.62603, 20.03538 ], [ -155.62605, 20.03539 ], [ -155.62607, 20.03539 ], [ -155.62611, 20.03541 ], [ -155.62614, 20.03542 ], [ -155.62615, 20.03543 ], [ -155.62616, 20.03543 ], [ -155.62617, 20.03543 ], [ -155.62617, 20.03544 ], [ -155.62618, 20.03544 ], [ -155.62619, 20.03545 ], [ -155.62619, 20.03545 ], [ -155.6262, 20.03546 ], [ -155.6262, 20.03546 ], [ -155.6262, 20.03546 ], [ -155.62621, 20.03547 ], [ -155.62621, 20.03547 ], [ -155.62621, 20.03548 ], [ -155.62621, 20.03548 ], [ -155.62621, 20.03549 ], [ -155.62621, 20.03549 ], [ -155.62621, 20.0355 ], [ -155.62621, 20.03551 ], [ -155.62621, 20.03551 ], [ -155.62621, 20.03552 ], [ -155.62621, 20.03553 ], [ -155.62621, 20.03553 ], [ -155.6262, 20.03555 ], [ -155.62619, 20.03556 ], [ -155.62618, 20.0356 ], [ -155.62617, 20.03561 ], [ -155.62617, 20.03563 ], [ -155.62616, 20.03564 ], [ -155.62616, 20.03565 ], [ -155.62616, 20.03565 ], [ -155.62616, 20.03566 ], [ -155.62615, 20.03567 ], [ -155.62615, 20.03567 ], [ -155.62615, 20.03568 ], [ -155.62615, 20.03569 ], [ -155.62616, 20.03569 ], [ -155.62616, 20.0357 ], [ -155.62616, 20.0357 ], [ -155.62616, 20.03571 ], [ -155.62616, 20.03571 ], [ -155.62617, 20.03572 ], [ -155.62617, 20.03572 ], [ -155.62618, 20.03573 ], [ -155.62618, 20.03573 ], [ -155.62619, 20.03574 ], [ -155.6262, 20.03576 ], [ -155.62622, 20.03577 ], [ -155.62626, 20.0358 ], [ -155.62627, 20.03581 ], [ -155.62628, 20.03582 ], [ -155.62629, 20.03583 ], [ -155.62629, 20.03583 ], [ -155.6263, 20.03584 ], [ -155.6263, 20.03584 ], [ -155.6263, 20.03585 ], [ -155.62631, 20.03585 ], [ -155.62631, 20.03586 ], [ -155.62631, 20.03586 ], [ -155.62631, 20.03587 ], [ -155.62632, 20.03587 ], [ -155.62632, 20.03588 ], [ -155.62632, 20.03589 ], [ -155.62632, 20.03589 ], [ -155.62632, 20.03591 ], [ -155.62632, 20.03592 ], [ -155.62632, 20.03594 ], [ -155.62632, 20.03599 ], [ -155.62632, 20.03601 ], [ -155.62632, 20.03602 ], [ -155.62632, 20.03604 ], [ -155.62632, 20.03604 ], [ -155.62632, 20.03605 ], [ -155.62632, 20.03606 ], [ -155.62632, 20.03606 ], [ -155.62632, 20.03606 ], [ -155.62633, 20.03607 ], [ -155.62633, 20.03607 ], [ -155.62633, 20.03607 ], [ -155.62633, 20.03608 ], [ -155.62634, 20.03608 ], [ -155.62634, 20.03608 ], [ -155.62634, 20.03609 ], [ -155.62635, 20.03609 ], [ -155.62635, 20.03609 ], [ -155.62635, 20.03609 ], [ -155.62636, 20.03609 ], [ -155.62636, 20.03609 ], [ -155.62637, 20.0361 ], [ -155.62638, 20.0361 ], [ -155.62639, 20.0361 ], [ -155.62641, 20.03609 ], [ -155.62642, 20.03609 ], [ -155.62643, 20.03609 ], [ -155.62645, 20.03609 ], [ -155.62646, 20.03608 ], [ -155.62648, 20.03608 ], [ -155.62649, 20.03607 ], [ -155.62656, 20.03605 ], [ -155.62659, 20.03604 ], [ -155.62661, 20.03604 ], [ -155.62662, 20.03603 ], [ -155.62664, 20.03603 ], [ -155.62665, 20.03603 ], [ -155.62667, 20.03603 ], [ -155.62668, 20.03602 ], [ -155.62669, 20.03602 ], [ -155.62671, 20.03602 ], [ -155.62672, 20.03602 ], [ -155.62673, 20.03602 ], [ -155.62674, 20.03603 ], [ -155.62675, 20.03603 ], [ -155.62676, 20.03603 ], [ -155.62677, 20.03604 ], [ -155.62678, 20.03604 ], [ -155.62678, 20.03605 ], [ -155.62679, 20.03605 ], [ -155.6268, 20.03606 ], [ -155.62681, 20.03607 ], [ -155.62682, 20.03608 ], [ -155.62683, 20.03609 ], [ -155.62684, 20.0361 ], [ -155.62685, 20.03611 ], [ -155.62686, 20.03613 ], [ -155.62687, 20.03615 ], [ -155.62691, 20.03621 ], [ -155.62693, 20.03623 ], [ -155.62694, 20.03624 ], [ -155.62694, 20.03625 ], [ -155.62695, 20.03626 ], [ -155.62696, 20.03626 ], [ -155.62696, 20.03627 ], [ -155.62697, 20.03628 ], [ -155.62698, 20.03628 ], [ -155.62698, 20.03628 ], [ -155.62699, 20.03629 ], [ -155.62699, 20.03629 ], [ -155.627, 20.03629 ], [ -155.627, 20.03629 ], [ -155.62701, 20.03629 ], [ -155.62701, 20.03629 ], [ -155.62702, 20.03629 ], [ -155.62702, 20.03628 ], [ -155.62703, 20.03628 ], [ -155.62703, 20.03628 ], [ -155.62703, 20.03627 ], [ -155.62704, 20.03627 ], [ -155.62704, 20.03626 ], [ -155.62705, 20.03626 ], [ -155.62705, 20.03624 ], [ -155.62706, 20.03623 ], [ -155.62708, 20.03619 ], [ -155.62708, 20.03618 ], [ -155.62709, 20.03616 ], [ -155.6271, 20.03615 ], [ -155.6271, 20.03614 ], [ -155.62711, 20.03614 ], [ -155.62711, 20.03613 ], [ -155.62711, 20.03612 ], [ -155.62712, 20.03612 ], [ -155.62712, 20.03612 ], [ -155.62713, 20.03611 ], [ -155.62713, 20.03611 ], [ -155.62714, 20.0361 ], [ -155.62715, 20.0361 ], [ -155.62716, 20.03609 ], [ -155.62717, 20.03609 ], [ -155.62719, 20.03608 ], [ -155.6272, 20.03608 ], [ -155.62722, 20.03607 ], [ -155.62723, 20.03607 ], [ -155.62724, 20.03607 ], [ -155.62726, 20.03606 ], [ -155.62727, 20.03606 ], [ -155.62728, 20.03606 ], [ -155.62729, 20.03606 ], [ -155.6273, 20.03606 ], [ -155.62731, 20.03606 ], [ -155.62731, 20.03606 ], [ -155.62732, 20.03606 ], [ -155.62732, 20.03606 ], [ -155.62732, 20.03607 ], [ -155.62732, 20.03607 ], [ -155.62733, 20.03607 ], [ -155.62733, 20.03607 ], [ -155.62733, 20.03608 ], [ -155.62733, 20.03608 ], [ -155.62733, 20.03608 ], [ -155.62733, 20.03609 ], [ -155.62733, 20.0361 ], [ -155.62733, 20.03611 ], [ -155.62733, 20.03612 ], [ -155.62733, 20.03613 ], [ -155.62733, 20.03615 ], [ -155.62732, 20.03616 ], [ -155.62732, 20.03618 ], [ -155.62731, 20.03622 ], [ -155.62729, 20.03628 ], [ -155.62728, 20.03631 ], [ -155.62728, 20.03634 ], [ -155.62727, 20.03636 ], [ -155.62727, 20.03637 ], [ -155.62727, 20.03638 ], [ -155.62727, 20.03639 ], [ -155.62727, 20.0364 ], [ -155.62727, 20.03641 ], [ -155.62727, 20.03641 ], [ -155.62727, 20.03641 ], [ -155.62727, 20.03642 ], [ -155.62727, 20.03642 ], [ -155.62728, 20.03642 ], [ -155.62728, 20.03642 ], [ -155.62728, 20.03642 ], [ -155.62729, 20.03642 ], [ -155.62729, 20.03642 ], [ -155.62729, 20.03642 ], [ -155.6273, 20.03642 ], [ -155.6273, 20.03642 ], [ -155.62731, 20.03642 ], [ -155.62732, 20.03641 ], [ -155.62733, 20.0364 ], [ -155.62737, 20.03638 ], [ -155.62738, 20.03637 ], [ -155.62739, 20.03637 ], [ -155.6274, 20.03636 ], [ -155.6274, 20.03636 ], [ -155.62741, 20.03636 ], [ -155.62741, 20.03636 ], [ -155.62742, 20.03636 ], [ -155.62742, 20.03636 ], [ -155.62742, 20.03636 ], [ -155.62743, 20.03636 ], [ -155.62743, 20.03636 ], [ -155.62743, 20.03636 ], [ -155.62744, 20.03637 ], [ -155.62744, 20.03637 ], [ -155.62744, 20.03637 ], [ -155.62745, 20.03637 ], [ -155.62745, 20.03638 ], [ -155.62746, 20.03638 ], [ -155.62746, 20.03639 ], [ -155.62747, 20.03641 ], [ -155.62749, 20.03644 ], [ -155.6275, 20.03645 ], [ -155.6275, 20.03646 ], [ -155.62751, 20.03646 ], [ -155.62751, 20.03647 ], [ -155.62752, 20.03647 ], [ -155.62752, 20.03647 ], [ -155.62752, 20.03648 ], [ -155.62753, 20.03648 ], [ -155.62753, 20.03648 ], [ -155.62754, 20.03648 ], [ -155.62754, 20.03648 ], [ -155.62754, 20.03648 ], [ -155.62755, 20.03648 ], [ -155.62755, 20.03649 ], [ -155.62756, 20.03649 ], [ -155.62757, 20.03649 ], [ -155.62758, 20.03648 ], [ -155.6276, 20.03648 ], [ -155.62764, 20.03648 ], [ -155.62765, 20.03647 ], [ -155.62766, 20.03647 ], [ -155.62767, 20.03647 ], [ -155.62768, 20.03647 ], [ -155.62769, 20.03647 ], [ -155.6277, 20.03647 ], [ -155.6277, 20.03648 ], [ -155.62771, 20.03648 ], [ -155.62771, 20.03648 ], [ -155.62771, 20.03648 ], [ -155.62772, 20.03649 ], [ -155.62772, 20.03649 ], [ -155.62772, 20.0365 ], [ -155.62773, 20.0365 ], [ -155.62773, 20.03651 ], [ -155.62773, 20.03652 ], [ -155.62773, 20.03652 ], [ -155.62774, 20.03653 ], [ -155.62774, 20.03654 ], [ -155.62774, 20.03655 ], [ -155.62774, 20.03657 ], [ -155.62774, 20.03661 ], [ -155.62774, 20.03663 ], [ -155.62774, 20.03665 ], [ -155.62775, 20.03666 ], [ -155.62775, 20.03667 ], [ -155.62775, 20.03668 ], [ -155.62775, 20.03668 ], [ -155.62776, 20.03669 ], [ -155.62776, 20.03669 ], [ -155.62776, 20.0367 ], [ -155.62777, 20.0367 ], [ -155.62777, 20.0367 ], [ -155.62777, 20.03671 ], [ -155.62778, 20.03671 ], [ -155.62778, 20.03671 ], [ -155.62779, 20.03671 ], [ -155.6278, 20.03671 ], [ -155.6278, 20.03671 ], [ -155.62781, 20.03671 ], [ -155.62782, 20.03671 ], [ -155.62783, 20.03671 ], [ -155.62783, 20.03671 ], [ -155.62785, 20.03671 ], [ -155.62788, 20.0367 ], [ -155.62793, 20.03669 ], [ -155.62795, 20.03668 ], [ -155.62796, 20.03668 ], [ -155.62797, 20.03668 ], [ -155.62798, 20.03668 ], [ -155.62798, 20.03668 ], [ -155.62799, 20.03668 ], [ -155.62799, 20.03668 ], [ -155.628, 20.03668 ], [ -155.628, 20.03668 ], [ -155.628, 20.03668 ], [ -155.62801, 20.03668 ], [ -155.62801, 20.03669 ], [ -155.62801, 20.03669 ], [ -155.62801, 20.03669 ], [ -155.62802, 20.03669 ], [ -155.62802, 20.0367 ], [ -155.62802, 20.0367 ], [ -155.62802, 20.03671 ], [ -155.62802, 20.03671 ], [ -155.62802, 20.03672 ], [ -155.62801, 20.03673 ], [ -155.62801, 20.03675 ], [ -155.628, 20.03678 ], [ -155.62799, 20.03679 ], [ -155.62799, 20.03681 ], [ -155.62799, 20.03682 ], [ -155.62799, 20.03682 ], [ -155.62799, 20.03683 ], [ -155.62799, 20.03683 ], [ -155.62799, 20.03684 ], [ -155.62799, 20.03684 ], [ -155.62799, 20.03685 ], [ -155.62799, 20.03685 ], [ -155.628, 20.03685 ], [ -155.628, 20.03685 ], [ -155.628, 20.03686 ], [ -155.62801, 20.03686 ], [ -155.62801, 20.03686 ], [ -155.62802, 20.03686 ], [ -155.62803, 20.03686 ], [ -155.62804, 20.03686 ], [ -155.62805, 20.03686 ], [ -155.62808, 20.03686 ], [ -155.6281, 20.03686 ], [ -155.62811, 20.03686 ], [ -155.62812, 20.03686 ], [ -155.62813, 20.03686 ], [ -155.62814, 20.03687 ], [ -155.62814, 20.03687 ], [ -155.62815, 20.03687 ], [ -155.62815, 20.03688 ], [ -155.62816, 20.03688 ], [ -155.62816, 20.03688 ], [ -155.62817, 20.03689 ], [ -155.62817, 20.0369 ], [ -155.62818, 20.03691 ], [ -155.62818, 20.03691 ], [ -155.62819, 20.03693 ], [ -155.62821, 20.03696 ], [ -155.62822, 20.03698 ], [ -155.62822, 20.03699 ], [ -155.62823, 20.037 ], [ -155.62823, 20.03701 ], [ -155.62824, 20.03701 ], [ -155.62824, 20.03702 ], [ -155.62825, 20.03702 ], [ -155.62825, 20.03702 ], [ -155.62826, 20.03703 ], [ -155.62826, 20.03703 ], [ -155.62827, 20.03703 ], [ -155.62827, 20.03703 ], [ -155.62828, 20.03703 ], [ -155.62828, 20.03704 ], [ -155.62829, 20.03704 ], [ -155.6283, 20.03704 ], [ -155.6283, 20.03704 ], [ -155.62832, 20.03704 ], [ -155.62834, 20.03704 ], [ -155.62835, 20.03704 ], [ -155.62841, 20.03704 ], [ -155.62843, 20.03703 ], [ -155.62844, 20.03703 ], [ -155.62845, 20.03703 ], [ -155.62846, 20.03704 ], [ -155.62847, 20.03704 ], [ -155.62847, 20.03704 ], [ -155.62848, 20.03704 ], [ -155.62848, 20.03704 ], [ -155.62849, 20.03704 ], [ -155.62849, 20.03705 ], [ -155.62849, 20.03705 ], [ -155.6285, 20.03706 ], [ -155.6285, 20.03706 ], [ -155.6285, 20.03706 ], [ -155.6285, 20.03706 ], [ -155.6285, 20.03707 ], [ -155.6285, 20.03707 ], [ -155.6285, 20.03708 ], [ -155.6285, 20.03708 ], [ -155.6285, 20.03709 ], [ -155.6285, 20.0371 ], [ -155.62849, 20.03711 ], [ -155.62849, 20.03712 ], [ -155.62848, 20.03714 ], [ -155.62848, 20.03715 ], [ -155.62847, 20.03716 ], [ -155.62846, 20.03718 ], [ -155.62844, 20.03721 ], [ -155.62839, 20.03727 ], [ -155.62837, 20.0373 ], [ -155.62836, 20.03732 ], [ -155.62835, 20.03734 ], [ -155.62834, 20.03735 ], [ -155.62833, 20.03736 ], [ -155.62832, 20.03738 ], [ -155.62831, 20.0374 ], [ -155.62831, 20.03741 ], [ -155.6283, 20.03742 ], [ -155.6283, 20.03744 ], [ -155.62829, 20.03745 ], [ -155.62829, 20.03746 ], [ -155.62829, 20.03747 ], [ -155.62829, 20.03749 ], [ -155.62829, 20.0375 ], [ -155.62829, 20.03752 ], [ -155.62829, 20.03753 ], [ -155.6283, 20.03755 ], [ -155.6283, 20.03756 ], [ -155.62831, 20.03758 ], [ -155.62831, 20.0376 ], [ -155.62832, 20.03761 ], [ -155.62833, 20.03763 ], [ -155.62834, 20.03765 ], [ -155.62835, 20.03767 ], [ -155.62836, 20.03769 ], [ -155.62837, 20.03771 ], [ -155.62841, 20.03778 ], [ -155.62843, 20.03781 ], [ -155.62844, 20.03783 ], [ -155.62845, 20.03784 ], [ -155.62846, 20.03786 ], [ -155.62846, 20.03787 ], [ -155.62847, 20.03789 ], [ -155.62848, 20.0379 ], [ -155.62848, 20.03792 ], [ -155.62849, 20.03793 ], [ -155.62849, 20.03795 ], [ -155.6285, 20.03796 ], [ -155.6285, 20.03798 ], [ -155.6285, 20.03799 ], [ -155.6285, 20.03801 ], [ -155.6285, 20.03802 ], [ -155.6285, 20.03803 ], [ -155.6285, 20.03805 ], [ -155.6285, 20.03806 ], [ -155.6285, 20.03808 ], [ -155.6285, 20.03809 ], [ -155.62849, 20.03811 ], [ -155.62849, 20.03812 ], [ -155.62848, 20.03814 ], [ -155.62847, 20.03817 ], [ -155.62846, 20.0382 ], [ -155.62844, 20.03828 ], [ -155.62843, 20.03831 ], [ -155.62842, 20.03833 ], [ -155.62842, 20.03835 ], [ -155.62841, 20.03836 ], [ -155.62841, 20.03838 ], [ -155.62841, 20.0384 ], [ -155.62841, 20.03841 ], [ -155.62841, 20.03842 ], [ -155.62841, 20.03844 ], [ -155.62841, 20.03845 ], [ -155.62841, 20.03846 ], [ -155.62841, 20.03848 ], [ -155.62841, 20.03849 ], [ -155.62841, 20.0385 ], [ -155.62842, 20.03851 ], [ -155.62842, 20.03853 ], [ -155.62843, 20.03854 ], [ -155.62844, 20.03855 ], [ -155.62844, 20.03857 ], [ -155.62845, 20.03858 ], [ -155.62846, 20.03859 ], [ -155.62847, 20.03861 ], [ -155.62848, 20.03862 ], [ -155.6285, 20.03863 ], [ -155.62851, 20.03864 ], [ -155.62854, 20.03867 ], [ -155.62859, 20.03872 ], [ -155.62861, 20.03874 ], [ -155.62863, 20.03876 ], [ -155.62864, 20.03878 ], [ -155.62865, 20.03879 ], [ -155.62866, 20.0388 ], [ -155.62867, 20.03881 ], [ -155.62868, 20.03882 ], [ -155.62869, 20.03883 ], [ -155.62869, 20.03884 ], [ -155.6287, 20.03885 ], [ -155.6287, 20.03886 ], [ -155.62871, 20.03887 ], [ -155.62871, 20.03888 ], [ -155.62872, 20.03889 ], [ -155.62872, 20.0389 ], [ -155.62872, 20.03891 ], [ -155.62873, 20.03893 ], [ -155.62873, 20.03894 ], [ -155.62873, 20.03895 ], [ -155.62874, 20.03897 ], [ -155.62874, 20.039 ], [ -155.62875, 20.03902 ], [ -155.62875, 20.03908 ], [ -155.62876, 20.03911 ], [ -155.62876, 20.03912 ], [ -155.62876, 20.03914 ], [ -155.62876, 20.03915 ], [ -155.62877, 20.03916 ], [ -155.62877, 20.03917 ], [ -155.62877, 20.03918 ] ] ] } },
{ "type": "Feature", "properties": { "fld_zone": "AO", "depth": 2 }, "bbox": [ -155.98043, 19.84074, -155.97889, 19.84304 ], "geometry": { "type": "Polygon", "coordinates": [ [ [ -155.9789, 19.84301 ], [ -155.9789, 19.84299 ], [ -155.9789, 19.84297 ], [ -155.97891, 19.84295 ], [ -155.97892, 19.84293 ], [ -155.97893, 19.84292 ], [ -155.97895, 19.8429 ], [ -155.97897, 19.84288 ], [ -155.97899, 19.84288 ], [ -155.97902, 19.84287 ], [ -155.97903, 19.84286 ], [ -155.97905, 19.84286 ], [ -155.97906, 19.84285 ], [ -155.97907, 19.84283 ], [ -155.97907, 19.84282 ], [ -155.97907, 19.84279 ], [ -155.97906, 19.84277 ], [ -155.97905, 19.84276 ], [ -155.97905, 19.84274 ], [ -155.97904, 19.84273 ], [ -155.97903, 19.84271 ], [ -155.97903, 19.8427 ], [ -155.97904, 19.84268 ], [ -155.97904, 19.84267 ], [ -155.97904, 19.84265 ], [ -155.97903, 19.84263 ], [ -155.97903, 19.84261 ], [ -155.97903, 19.84259 ], [ -155.97904, 19.84258 ], [ -155.97904, 19.84256 ], [ -155.97905, 19.84254 ], [ -155.97906, 19.84252 ], [ -155.97907, 19.8425 ], [ -155.97907, 19.84248 ], [ -155.97907, 19.84247 ], [ -155.97909, 19.84244 ], [ -155.9791, 19.84241 ], [ -155.9791, 19.84238 ], [ -155.97911, 19.84236 ], [ -155.97912, 19.84236 ], [ -155.97913, 19.84236 ], [ -155.97914, 19.84236 ], [ -155.97915, 19.84235 ], [ -155.97916, 19.84235 ], [ -155.97916, 19.84234 ], [ -155.97916, 19.84233 ], [ -155.97916, 19.84232 ], [ -155.97915, 19.84231 ], [ -155.97914, 19.8423 ], [ -155.97914, 19.84229 ], [ -155.97913, 19.84228 ], [ -155.97913, 19.84227 ], [ -155.97913, 19.84226 ], [ -155.97915, 19.84226 ], [ -155.97916, 19.84226 ], [ -155.97917, 19.84226 ], [ -155.97918, 19.84226 ], [ -155.97919, 19.84227 ], [ -155.9792, 19.84227 ], [ -155.97921, 19.84227 ], [ -155.97923, 19.84226 ], [ -155.97924, 19.84224 ], [ -155.97924, 19.84223 ], [ -155.97925, 19.84222 ], [ -155.97926, 19.84221 ], [ -155.97927, 19.84221 ], [ -155.97928, 19.8422 ], [ -155.97929, 19.8422 ], [ -155.9793, 19.84219 ], [ -155.9793, 19.84218 ], [ -155.9793, 19.84217 ], [ -155.9793, 19.84216 ], [ -155.9793, 19.84215 ], [ -155.9793, 19.84214 ], [ -155.97929, 19.84213 ], [ -155.97928, 19.84212 ], [ -155.97928, 19.84211 ], [ -155.97928, 19.8421 ], [ -155.97928, 19.84209 ], [ -155.97928, 19.84208 ], [ -155.97928, 19.84207 ], [ -155.97928, 19.84206 ], [ -155.97928, 19.84205 ], [ -155.97928, 19.84204 ], [ -155.97928, 19.84203 ], [ -155.97927, 19.84202 ], [ -155.97927, 19.84201 ], [ -155.97926, 19.842 ], [ -155.97925, 19.842 ], [ -155.97924, 19.84199 ], [ -155.97923, 19.84198 ], [ -155.97923, 19.84197 ], [ -155.97923, 19.84196 ], [ -155.97922, 19.84195 ], [ -155.97921, 19.84194 ], [ -155.9792, 19.84193 ], [ -155.97919, 19.84192 ], [ -155.97918, 19.84191 ], [ -155.97917, 19.8419 ], [ -155.97917, 19.84189 ], [ -155.97916, 19.84188 ], [ -155.97915, 19.84188 ], [ -155.97914, 19.84187 ], [ -155.97913, 19.84187 ], [ -155.97912, 19.84186 ], [ -155.97912, 19.84185 ], [ -155.97912, 19.84184 ], [ -155.97913, 19.84183 ], [ -155.97913, 19.84182 ], [ -155.97914, 19.84182 ], [ -155.97915, 19.84181 ], [ -155.97915, 19.8418 ], [ -155.97916, 19.84179 ], [ -155.97917, 19.84178 ], [ -155.97918, 19.84178 ], [ -155.97918, 19.84177 ], [ -155.97919, 19.84176 ], [ -155.97919, 19.84175 ], [ -155.97918, 19.84174 ], [ -155.97919, 19.84172 ], [ -155.9792, 19.84172 ], [ -155.9792, 19.84171 ], [ -155.97921, 19.8417 ], [ -155.97922, 19.8417 ], [ -155.97923, 19.8417 ], [ -155.97924, 19.8417 ], [ -155.97925, 19.8417 ], [ -155.97926, 19.8417 ], [ -155.97927, 19.84169 ], [ -155.97928, 19.84169 ], [ -155.97929, 19.84169 ], [ -155.9793, 19.84168 ], [ -155.9793, 19.84167 ], [ -155.9793, 19.84166 ], [ -155.9793, 19.84165 ], [ -155.9793, 19.84164 ], [ -155.97931, 19.84163 ], [ -155.97932, 19.84162 ], [ -155.97932, 19.84161 ], [ -155.97933, 19.84161 ], [ -155.97934, 19.8416 ], [ -155.97935, 19.84161 ], [ -155.97936, 19.84161 ], [ -155.97937, 19.84161 ], [ -155.97938, 19.84162 ], [ -155.97938, 19.84163 ], [ -155.97939, 19.84164 ], [ -155.97939, 19.84165 ], [ -155.97941, 19.84165 ], [ -155.97942, 19.84165 ], [ -155.97943, 19.84166 ], [ -155.97943, 19.84167 ], [ -155.97944, 19.84168 ], [ -155.97944, 19.84169 ], [ -155.97945, 19.84169 ], [ -155.97946, 19.8417 ], [ -155.97947, 19.8417 ], [ -155.97948, 19.8417 ], [ -155.9795, 19.8417 ], [ -155.97951, 19.8417 ], [ -155.97952, 19.8417 ], [ -155.97953, 19.8417 ], [ -155.97954, 19.8417 ], [ -155.97955, 19.8417 ], [ -155.97956, 19.8417 ], [ -155.97957, 19.8417 ], [ -155.97958, 19.84171 ], [ -155.97959, 19.84171 ], [ -155.9796, 19.84172 ], [ -155.97961, 19.84172 ], [ -155.97962, 19.84173 ], [ -155.97963, 19.84173 ], [ -155.97964, 19.84173 ], [ -155.97965, 19.84173 ], [ -155.97967, 19.84173 ], [ -155.97967, 19.84174 ], [ -155.97968, 19.84174 ], [ -155.97969, 19.84175 ], [ -155.9797, 19.84175 ], [ -155.97971, 19.84175 ], [ -155.97972, 19.84175 ], [ -155.97973, 19.84175 ], [ -155.97974, 19.84175 ], [ -155.97975, 19.84175 ], [ -155.97976, 19.84174 ], [ -155.97977, 19.84174 ], [ -155.97978, 19.84173 ], [ -155.97979, 19.84173 ], [ -155.9798, 19.84172 ], [ -155.97981, 19.84172 ], [ -155.97982, 19.8417 ], [ -155.97983, 19.8417 ], [ -155.97984, 19.84169 ], [ -155.97986, 19.84168 ], [ -155.97988, 19.84167 ], [ -155.97989, 19.84166 ], [ -155.9799, 19.84165 ], [ -155.97991, 19.84164 ], [ -155.97992, 19.84164 ], [ -155.97993, 19.84163 ], [ -155.97994, 19.84163 ], [ -155.97995, 19.84162 ], [ -155.97996, 19.84162 ], [ -155.97996, 19.84161 ], [ -155.97997, 19.8416 ], [ -155.97997, 19.84159 ], [ -155.97997, 19.84158 ], [ -155.97997, 19.84157 ], [ -155.97997, 19.84156 ], [ -155.97996, 19.84155 ], [ -155.97996, 19.84154 ], [ -155.97995, 19.84153 ], [ -155.97994, 19.84152 ], [ -155.97993, 19.84151 ], [ -155.97992, 19.84151 ], [ -155.97991, 19.8415 ], [ -155.97989, 19.8415 ], [ -155.97989, 19.84149 ], [ -155.97988, 19.84148 ], [ -155.97987, 19.84148 ], [ -155.97986, 19.84147 ], [ -155.97986, 19.84146 ], [ -155.97986, 19.84145 ], [ -155.97986, 19.84144 ], [ -155.97987, 19.84143 ], [ -155.97989, 19.84143 ], [ -155.97991, 19.84143 ], [ -155.97993, 19.84142 ], [ -155.97994, 19.84141 ], [ -155.97995, 19.8414 ], [ -155.97995, 19.84139 ], [ -155.97996, 19.84139 ], [ -155.97998, 19.84138 ], [ -155.97999, 19.84137 ], [ -155.98, 19.84136 ], [ -155.98001, 19.84136 ], [ -155.98002, 19.84136 ], [ -155.98003, 19.84136 ], [ -155.98003, 19.84137 ], [ -155.98004, 19.84138 ], [ -155.98004, 19.84139 ], [ -155.98005, 19.84139 ], [ -155.98006, 19.84139 ], [ -155.98007, 19.84139 ], [ -155.98008, 19.84139 ], [ -155.98008, 19.84138 ], [ -155.98008, 19.84137 ], [ -155.98009, 19.84136 ], [ -155.98009, 19.84135 ], [ -155.9801, 19.84134 ], [ -155.9801, 19.84133 ], [ -155.98011, 19.84132 ], [ -155.98012, 19.84131 ], [ -155.98012, 19.8413 ], [ -155.98013, 19.84129 ], [ -155.98014, 19.84128 ], [ -155.98014, 19.84127 ], [ -155.98014, 19.84126 ], [ -155.98014, 19.84125 ], [ -155.98014, 19.84124 ], [ -155.98014, 19.84123 ], [ -155.98014, 19.84122 ], [ -155.98013, 19.84121 ], [ -155.98012, 19.84121 ], [ -155.98011, 19.8412 ], [ -155.9801, 19.84119 ], [ -155.9801, 19.84118 ], [ -155.98009, 19.84118 ], [ -155.98007, 19.84117 ], [ -155.98006, 19.84117 ], [ -155.98005, 19.84117 ], [ -155.98004, 19.84117 ], [ -155.98002, 19.84117 ], [ -155.98001, 19.84117 ], [ -155.98, 19.84116 ], [ -155.97999, 19.84116 ], [ -155.97999, 19.84115 ], [ -155.97999, 19.84114 ], [ -155.97999, 19.84113 ], [ -155.97999, 19.84112 ], [ -155.97999, 19.84111 ], [ -155.97999, 19.8411 ], [ -155.97998, 19.84109 ], [ -155.97997, 19.84109 ], [ -155.97996, 19.84109 ], [ -155.97995, 19.84109 ], [ -155.97994, 19.84109 ], [ -155.97993, 19.84109 ], [ -155.97992, 19.84108 ], [ -155.97991, 19.84107 ], [ -155.9799, 19.84107 ], [ -155.9799, 19.84106 ], [ -155.9799, 19.84105 ], [ -155.9799, 19.84104 ], [ -155.97991, 19.84103 ], [ -155.97991, 19.84102 ], [ -155.97992, 19.84102 ], [ -155.97993, 19.84101 ], [ -155.97994, 19.84101 ], [ -155.97996, 19.841 ], [ -155.97997, 19.841 ], [ -155.97998, 19.84099 ], [ -155.97999, 19.84099 ], [ -155.98, 19.84099 ], [ -155.98001, 19.84099 ], [ -155.98002, 19.84099 ], [ -155.98003, 19.84099 ], [ -155.98004, 19.84099 ], [ -155.98005, 19.84099 ], [ -155.98006, 19.84099 ], [ -155.98008, 19.84098 ], [ -155.98009, 19.84098 ], [ -155.9801, 19.84097 ], [ -155.98012, 19.84096 ], [ -155.98013, 19.84095 ], [ -155.98014, 19.84094 ], [ -155.98015, 19.84093 ], [ -155.98016, 19.84092 ], [ -155.98016, 19.84091 ], [ -155.98017, 19.8409 ], [ -155.98017, 19.84089 ], [ -155.98017, 19.84088 ], [ -155.98017, 19.84087 ], [ -155.98018, 19.84086 ], [ -155.98018, 19.84085 ], [ -155.98018, 19.84084 ], [ -155.98018, 19.84083 ], [ -155.98018, 19.84081 ], [ -155.98018, 19.8408 ], [ -155.98019, 19.8408 ], [ -155.9802, 19.84079 ], [ -155.98021, 19.84079 ], [ -155.98022, 19.84079 ], [ -155.98024, 19.84078 ], [ -155.98025, 19.84078 ], [ -155.98025, 19.84077 ], [ -155.98026, 19.84076 ], [ -155.98026, 19.84075 ], [ -155.98027, 19.84074 ], [ -155.98028, 19.84074 ], [ -155.9803, 19.84074 ], [ -155.98031, 19.84074 ], [ -155.98032, 19.84075 ], [ -155.98032, 19.84076 ], [ -155.98033, 19.84077 ], [ -155.98033, 19.84078 ], [ -155.98033, 19.84079 ], [ -155.98033, 19.8408 ], [ -155.98033, 19.84081 ], [ -155.98033, 19.84082 ], [ -155.98034, 19.84083 ], [ -155.98035, 19.84084 ], [ -155.98035, 19.84085 ], [ -155.98036, 19.84086 ], [ -155.98037, 19.84087 ], [ -155.98038, 19.84087 ], [ -155.9804, 19.84087 ], [ -155.9804, 19.84086 ], [ -155.98041, 19.84085 ], [ -155.98041, 19.84087 ], [ -155.9804, 19.84089 ], [ -155.98039, 19.8409 ], [ -155.98037, 19.84092 ], [ -155.98036, 19.84095 ], [ -155.98035, 19.84097 ], [ -155.98034, 19.84101 ], [ -155.98034, 19.84105 ], [ -155.98035, 19.84107 ], [ -155.98037, 19.84109 ], [ -155.98039, 19.8411 ], [ -155.98041, 19.84112 ], [ -155.98042, 19.84114 ], [ -155.98043, 19.84116 ], [ -155.98043, 19.84119 ], [ -155.98042, 19.84121 ], [ -155.98041, 19.84124 ], [ -155.98039, 19.84127 ], [ -155.98038, 19.84129 ], [ -155.98035, 19.84131 ], [ -155.98032, 19.84133 ], [ -155.9803, 19.84135 ], [ -155.98027, 19.84137 ], [ -155.98023, 19.84139 ], [ -155.9802, 19.8414 ], [ -155.98016, 19.84143 ], [ -155.98013, 19.84145 ], [ -155.9801, 19.84149 ], [ -155.98005, 19.84158 ], [ -155.98001, 19.84169 ], [ -155.97999, 19.84178 ], [ -155.97993, 19.84188 ], [ -155.97988, 19.84203 ], [ -155.9798, 19.84216 ], [ -155.97972, 19.84227 ], [ -155.97966, 19.84236 ], [ -155.97965, 19.84243 ], [ -155.97968, 19.84252 ], [ -155.97972, 19.84257 ], [ -155.97973, 19.84258 ], [ -155.97973, 19.84262 ], [ -155.97968, 19.84268 ], [ -155.97962, 19.8427 ], [ -155.97956, 19.84272 ], [ -155.97947, 19.84278 ], [ -155.97933, 19.84286 ], [ -155.97925, 19.84292 ], [ -155.97922, 19.84297 ], [ -155.97917, 19.84299 ], [ -155.9791, 19.84301 ], [ -155.97898, 19.84303 ], [ -155.97889, 19.84304 ], [ -155.9789, 19.84301 ] ] ] } },
{ "type": "Feature", "properties": { "fld_zone": "AO", "depth": 2 }, "bbox": [ -156.05112, 19.74933, -156.0468, 19.75739 ], "geometry": { "type": "Polygon", "coordinates": [ [ [ -156.04891, 19.75731 ], [ -156.04896, 19.75739 ], [ -156.04898, 19.75736 ], [ -156.049, 19.7573 ], [ -156.049, 19.75727 ], [ -156.049, 19.75726 ], [ -156.04899, 19.75724 ], [ -156.04898, 19.75722 ], [ -156.04898, 19.7572 ], [ -156.04898, 19.75717 ], [ -156.04899, 19.75714 ], [ -156.049, 19.75712 ], [ -156.04901, 19.75709 ], [ -156.04901, 19.75707 ], [ -156.04901, 19.75703 ], [ -156.049, 19.75701 ], [ -156.04899, 19.75699 ], [ -156.04898, 19.75697 ], [ -156.04897, 19.75694 ], [ -156.04897, 19.7569 ], [ -156.04895, 19.75688 ], [ -156.04894, 19.75685 ], [ -156.04893, 19.75681 ], [ -156.04892, 19.75679 ], [ -156.0489, 19.75677 ], [ -156.04888, 19.75675 ], [ -156.04885, 19.75673 ], [ -156.04884, 19.75672 ], [ -156.04882, 19.75669 ], [ -156.04881, 19.75667 ], [ -156.04879, 19.75665 ], [ -156.04878, 19.75662 ], [ -156.04876, 19.7566 ], [ -156.04876, 19.75656 ], [ -156.04876, 19.75654 ], [ -156.04877, 19.7565 ], [ -156.04879, 19.75648 ], [ -156.04882, 19.75646 ], [ -156.04884, 19.75646 ], [ -156.04886, 19.75647 ], [ -156.04888, 19.75649 ], [ -156.0489, 19.7565 ], [ -156.04893, 19.75651 ], [ -156.04896, 19.75651 ], [ -156.049, 19.7565 ], [ -156.04902, 19.75649 ], [ -156.04905, 19.75647 ], [ -156.04907, 19.75645 ], [ -156.04909, 19.75643 ], [ -156.04911, 19.75642 ], [ -156.04914, 19.75641 ], [ -156.04916, 19.75641 ], [ -156.04919, 19.7564 ], [ -156.04921, 19.7564 ], [ -156.04924, 19.75639 ], [ -156.04928, 19.75636 ], [ -156.04936, 19.75628 ], [ -156.04937, 19.75627 ], [ -156.0494, 19.75625 ], [ -156.04943, 19.75622 ], [ -156.04945, 19.7562 ], [ -156.04946, 19.75618 ], [ -156.04948, 19.75615 ], [ -156.04949, 19.75612 ], [ -156.04949, 19.75608 ], [ -156.04951, 19.756 ], [ -156.04951, 19.75599 ], [ -156.04951, 19.75597 ], [ -156.04952, 19.75595 ], [ -156.04952, 19.75593 ], [ -156.04952, 19.75592 ], [ -156.04952, 19.7559 ], [ -156.04952, 19.75587 ], [ -156.04952, 19.75585 ], [ -156.04953, 19.75583 ], [ -156.04953, 19.75581 ], [ -156.04953, 19.7558 ], [ -156.04952, 19.75578 ], [ -156.04952, 19.75576 ], [ -156.04952, 19.75574 ], [ -156.04951, 19.75572 ], [ -156.04951, 19.7557 ], [ -156.0495, 19.75567 ], [ -156.04948, 19.75566 ], [ -156.04947, 19.75564 ], [ -156.04947, 19.75562 ], [ -156.04947, 19.7556 ], [ -156.04947, 19.75558 ], [ -156.04946, 19.75556 ], [ -156.04945, 19.75554 ], [ -156.04944, 19.75553 ], [ -156.04943, 19.7555 ], [ -156.04942, 19.75548 ], [ -156.0494, 19.75547 ], [ -156.04939, 19.75545 ], [ -156.04939, 19.75543 ], [ -156.04938, 19.75541 ], [ -156.04938, 19.75539 ], [ -156.04938, 19.75537 ], [ -156.04937, 19.75535 ], [ -156.04936, 19.75533 ], [ -156.04935, 19.75531 ], [ -156.04934, 19.7553 ], [ -156.04932, 19.75528 ], [ -156.04931, 19.75526 ], [ -156.0493, 19.75524 ], [ -156.04929, 19.75523 ], [ -156.04928, 19.75521 ], [ -156.04928, 19.75519 ], [ -156.04927, 19.75517 ], [ -156.04927, 19.75515 ], [ -156.04927, 19.75513 ], [ -156.04927, 19.75511 ], [ -156.04927, 19.75489 ], [ -156.04928, 19.75487 ], [ -156.04929, 19.75485 ], [ -156.04929, 19.75484 ], [ -156.0493, 19.75482 ], [ -156.04932, 19.75479 ], [ -156.04932, 19.75478 ], [ -156.04933, 19.75475 ], [ -156.04933, 19.75473 ], [ -156.04933, 19.75471 ], [ -156.04932, 19.7547 ], [ -156.04931, 19.75468 ], [ -156.04929, 19.75466 ], [ -156.04929, 19.75464 ], [ -156.04927, 19.75461 ], [ -156.04926, 19.75458 ], [ -156.04925, 19.75456 ], [ -156.04924, 19.75454 ], [ -156.04923, 19.75452 ], [ -156.04922, 19.7545 ], [ -156.04921, 19.75447 ], [ -156.0492, 19.75445 ], [ -156.0492, 19.75444 ], [ -156.04919, 19.75442 ], [ -156.04918, 19.7544 ], [ -156.04918, 19.75438 ], [ -156.04918, 19.75436 ], [ -156.04918, 19.75434 ], [ -156.04918, 19.75432 ], [ -156.04918, 19.75431 ], [ -156.04918, 19.75429 ], [ -156.04918, 19.75427 ], [ -156.04918, 19.75424 ], [ -156.04919, 19.75423 ], [ -156.0492, 19.75421 ], [ -156.04921, 19.75419 ], [ -156.04921, 19.75417 ], [ -156.04921, 19.75415 ], [ -156.04921, 19.75413 ], [ -156.04921, 19.75412 ], [ -156.04921, 19.7541 ], [ -156.0492, 19.75408 ], [ -156.0492, 19.75406 ], [ -156.0492, 19.75404 ], [ -156.0492, 19.75402 ], [ -156.0492, 19.754 ], [ -156.04921, 19.75398 ], [ -156.04921, 19.75396 ], [ -156.04922, 19.75395 ], [ -156.04922, 19.75393 ], [ -156.04922, 19.75391 ], [ -156.04923, 19.75389 ], [ -156.04923, 19.75387 ], [ -156.04923, 19.75385 ], [ -156.04923, 19.75383 ], [ -156.04923, 19.75381 ], [ -156.04923, 19.75379 ], [ -156.04924, 19.75374 ], [ -156.04924, 19.75374 ], [ -156.04925, 19.75371 ], [ -156.04925, 19.75369 ], [ -156.04926, 19.75367 ], [ -156.04926, 19.75365 ], [ -156.04927, 19.75363 ], [ -156.04928, 19.75362 ], [ -156.04928, 19.75359 ], [ -156.0493, 19.75356 ], [ -156.0493, 19.75354 ], [ -156.04931, 19.75352 ], [ -156.04931, 19.7535 ], [ -156.04932, 19.75348 ], [ -156.04933, 19.75345 ], [ -156.04934, 19.7534 ], [ -156.04935, 19.75336 ], [ -156.04937, 19.75331 ], [ -156.04938, 19.75329 ], [ -156.04939, 19.75327 ], [ -156.04941, 19.75324 ], [ -156.04942, 19.75323 ], [ -156.04943, 19.75321 ], [ -156.04945, 19.75319 ], [ -156.04946, 19.75317 ], [ -156.04948, 19.75316 ], [ -156.0495, 19.75314 ], [ -156.04951, 19.75313 ], [ -156.04953, 19.7531 ], [ -156.04955, 19.75309 ], [ -156.04956, 19.75307 ], [ -156.04962, 19.7529 ], [ -156.04963, 19.75288 ], [ -156.04964, 19.75286 ], [ -156.04964, 19.75284 ], [ -156.04965, 19.75282 ], [ -156.04966, 19.7528 ], [ -156.04966, 19.75278 ], [ -156.04968, 19.75274 ], [ -156.04969, 19.75271 ], [ -156.0497, 19.75269 ], [ -156.04971, 19.75267 ], [ -156.04972, 19.75266 ], [ -156.04973, 19.75263 ], [ -156.04974, 19.75261 ], [ -156.0498, 19.75252 ], [ -156.04981, 19.75249 ], [ -156.04982, 19.75247 ], [ -156.04983, 19.75245 ], [ -156.04983, 19.75244 ], [ -156.04985, 19.75241 ], [ -156.04986, 19.75239 ], [ -156.04987, 19.75238 ], [ -156.04987, 19.75236 ], [ -156.04988, 19.75234 ], [ -156.04989, 19.75232 ], [ -156.04989, 19.7523 ], [ -156.04991, 19.75228 ], [ -156.04992, 19.75226 ], [ -156.04992, 19.75224 ], [ -156.04993, 19.75222 ], [ -156.04994, 19.7522 ], [ -156.04995, 19.75217 ], [ -156.04995, 19.75215 ], [ -156.04996, 19.75213 ], [ -156.04997, 19.75212 ], [ -156.04998, 19.75209 ], [ -156.04998, 19.75207 ], [ -156.04998, 19.75204 ], [ -156.04998, 19.75201 ], [ -156.04998, 19.752 ], [ -156.04998, 19.75198 ], [ -156.04998, 19.75196 ], [ -156.04998, 19.75194 ], [ -156.04998, 19.7519 ], [ -156.04998, 19.7519 ], [ -156.04999, 19.75188 ], [ -156.04999, 19.75186 ], [ -156.05, 19.75184 ], [ -156.05001, 19.75182 ], [ -156.05002, 19.7518 ], [ -156.05002, 19.75178 ], [ -156.05003, 19.75177 ], [ -156.05004, 19.75175 ], [ -156.05005, 19.75172 ], [ -156.05005, 19.7517 ], [ -156.05005, 19.75168 ], [ -156.05005, 19.75165 ], [ -156.05005, 19.75163 ], [ -156.05005, 19.75161 ], [ -156.05006, 19.75158 ], [ -156.05007, 19.75157 ], [ -156.05008, 19.75155 ], [ -156.0501, 19.75154 ], [ -156.05011, 19.75152 ], [ -156.05012, 19.75151 ], [ -156.05014, 19.75149 ], [ -156.05015, 19.75148 ], [ -156.05015, 19.75147 ], [ -156.05021, 19.75133 ], [ -156.05022, 19.7513 ], [ -156.05024, 19.75124 ], [ -156.0503, 19.75108 ], [ -156.05038, 19.75099 ], [ -156.05045, 19.75086 ], [ -156.05051, 19.75072 ], [ -156.05054, 19.75058 ], [ -156.05059, 19.7505 ], [ -156.05059, 19.75048 ], [ -156.05062, 19.75043 ], [ -156.05065, 19.75037 ], [ -156.05061, 19.75027 ], [ -156.05059, 19.75022 ], [ -156.05054, 19.75011 ], [ -156.05053, 19.75001 ], [ -156.05053, 19.75 ], [ -156.05054, 19.74991 ], [ -156.05058, 19.74983 ], [ -156.05064, 19.74982 ], [ -156.05067, 19.74981 ], [ -156.05074, 19.74975 ], [ -156.05083, 19.74971 ], [ -156.05096, 19.74971 ], [ -156.05101, 19.74965 ], [ -156.05101, 19.74955 ], [ -156.05101, 19.74944 ], [ -156.05112, 19.74934 ], [ -156.05106, 19.74933 ], [ -156.05106, 19.74933 ], [ -156.05092, 19.74933 ], [ -156.05083, 19.74933 ], [ -156.05075, 19.74934 ], [ -156.05072, 19.7494 ], [ -156.05074, 19.74945 ], [ -156.05077, 19.74951 ], [ -156.05078, 19.74954 ], [ -156.05076, 19.7496 ], [ -156.05069, 19.74963 ], [ -156.05068, 19.74963 ], [ -156.05056, 19.74963 ], [ -156.05047, 19.74963 ], [ -156.05039, 19.74967 ], [ -156.05036, 19.74971 ], [ -156.05027, 19.74974 ], [ -156.05015, 19.74976 ], [ -156.05006, 19.74984 ], [ -156.05015, 19.74994 ], [ -156.05024, 19.74999 ], [ -156.05026, 19.75 ], [ -156.05026, 19.75001 ], [ -156.05031, 19.75005 ], [ -156.05033, 19.7501 ], [ -156.05033, 19.75025 ], [ -156.05032, 19.75035 ], [ -156.05031, 19.75042 ], [ -156.05024, 19.75054 ], [ -156.05017, 19.75064 ], [ -156.05017, 19.75074 ], [ -156.05014, 19.75081 ], [ -156.05007, 19.75089 ], [ -156.05007, 19.75089 ], [ -156.04999, 19.75096 ], [ -156.04988, 19.75099 ], [ -156.04984, 19.75102 ], [ -156.04978, 19.75106 ], [ -156.04977, 19.75106 ], [ -156.04961, 19.75114 ], [ -156.0495, 19.75127 ], [ -156.04942, 19.75145 ], [ -156.04924, 19.75157 ], [ -156.04898, 19.75163 ], [ -156.04877, 19.75164 ], [ -156.04845, 19.75161 ], [ -156.04822, 19.75161 ], [ -156.04796, 19.75161 ], [ -156.04783, 19.75167 ], [ -156.04781, 19.7519 ], [ -156.04766, 19.75208 ], [ -156.04756, 19.75213 ], [ -156.04752, 19.75225 ], [ -156.04752, 19.75236 ], [ -156.04745, 19.75249 ], [ -156.04736, 19.75256 ], [ -156.04718, 19.7526 ], [ -156.04706, 19.75265 ], [ -156.04693, 19.75273 ], [ -156.0468, 19.75276 ], [ -156.04681, 19.75286 ], [ -156.04687, 19.75292 ], [ -156.04701, 19.75306 ], [ -156.04712, 19.75318 ], [ -156.04723, 19.75332 ], [ -156.04729, 19.75339 ], [ -156.04743, 19.75339 ], [ -156.04751, 19.75339 ], [ -156.04755, 19.75347 ], [ -156.04756, 19.75357 ], [ -156.04765, 19.75372 ], [ -156.04773, 19.75384 ], [ -156.04777, 19.75395 ], [ -156.04777, 19.75409 ], [ -156.04787, 19.75418 ], [ -156.04795, 19.75419 ], [ -156.04804, 19.75432 ], [ -156.04811, 19.75432 ], [ -156.04824, 19.75432 ], [ -156.04835, 19.75441 ], [ -156.04844, 19.75451 ], [ -156.04834, 19.75459 ], [ -156.0483, 19.75464 ], [ -156.0483, 19.75474 ], [ -156.0483, 19.75486 ], [ -156.04831, 19.75492 ], [ -156.04831, 19.75503 ], [ -156.04833, 19.75511 ], [ -156.04841, 19.75523 ], [ -156.04852, 19.75523 ], [ -156.0487, 19.75528 ], [ -156.04877, 19.75527 ], [ -156.04888, 19.75536 ], [ -156.04887, 19.75543 ], [ -156.04879, 19.75549 ], [ -156.04877, 19.75556 ], [ -156.04876, 19.75559 ], [ -156.04875, 19.75564 ], [ -156.04867, 19.75571 ], [ -156.04859, 19.75574 ], [ -156.04851, 19.75581 ], [ -156.04855, 19.75589 ], [ -156.04854, 19.75597 ], [ -156.04845, 19.75602 ], [ -156.04842, 19.75609 ], [ -156.04845, 19.75613 ], [ -156.04851, 19.7562 ], [ -156.04847, 19.75629 ], [ -156.04837, 19.75631 ], [ -156.04829, 19.75629 ], [ -156.04822, 19.75626 ], [ -156.04817, 19.75624 ], [ -156.04805, 19.75627 ], [ -156.04805, 19.75635 ], [ -156.04805, 19.75641 ], [ -156.04812, 19.75645 ], [ -156.0482, 19.75655 ], [ -156.0482, 19.75664 ], [ -156.04826, 19.7567 ], [ -156.0483, 19.7568 ], [ -156.04828, 19.75689 ], [ -156.0482, 19.75696 ], [ -156.04814, 19.75705 ], [ -156.0482, 19.75716 ], [ -156.04833, 19.75722 ], [ -156.04845, 19.75724 ], [ -156.04857, 19.75729 ], [ -156.04869, 19.7573 ], [ -156.0488, 19.75727 ], [ -156.04891, 19.75731 ] ] ] } },
{ "type": "Feature", "properties": { "fld_zone": "AO", "depth": 1 }, "bbox": [ -155.09666, 19.66805, -155.09451, 19.67171 ], "geometry": { "type": "Polygon", "coordinates": [ [ [ -155.09618, 19.66807 ], [ -155.09593, 19.66813 ], [ -155.09581, 19.66822 ], [ -155.09581, 19.66822 ], [ -155.09538, 19.66865 ], [ -155.09525, 19.66881 ], [ -155.09521, 19.66888 ], [ -155.09516, 19.66897 ], [ -155.09503, 19.66921 ], [ -155.09498, 19.66929 ], [ -155.09494, 19.66939 ], [ -155.09488, 19.66956 ], [ -155.09482, 19.66971 ], [ -155.0948, 19.66979 ], [ -155.09478, 19.66989 ], [ -155.09477, 19.67002 ], [ -155.09478, 19.67012 ], [ -155.09482, 19.67035 ], [ -155.09484, 19.6705 ], [ -155.09484, 19.6705 ], [ -155.09484, 19.67057 ], [ -155.09486, 19.67072 ], [ -155.09488, 19.67083 ], [ -155.09493, 19.67097 ], [ -155.09494, 19.671 ], [ -155.095, 19.67118 ], [ -155.09503, 19.67128 ], [ -155.09502, 19.67131 ], [ -155.09502, 19.67132 ], [ -155.09501, 19.67134 ], [ -155.09498, 19.67137 ], [ -155.09492, 19.67141 ], [ -155.09484, 19.67147 ], [ -155.09475, 19.67153 ], [ -155.09468, 19.67159 ], [ -155.0946, 19.67165 ], [ -155.09452, 19.67169 ], [ -155.09451, 19.6717 ], [ -155.09451, 19.67171 ], [ -155.09451, 19.67171 ], [ -155.09502, 19.67168 ], [ -155.09502, 19.67168 ], [ -155.09504, 19.67163 ], [ -155.09507, 19.67156 ], [ -155.09509, 19.67152 ], [ -155.0951, 19.67152 ], [ -155.09511, 19.67148 ], [ -155.09517, 19.67142 ], [ -155.09523, 19.67135 ], [ -155.09532, 19.67125 ], [ -155.09543, 19.67114 ], [ -155.09548, 19.67107 ], [ -155.09552, 19.67102 ], [ -155.09555, 19.67094 ], [ -155.09556, 19.67091 ], [ -155.09557, 19.67085 ], [ -155.09558, 19.67082 ], [ -155.09559, 19.67077 ], [ -155.09559, 19.67076 ], [ -155.09559, 19.6707 ], [ -155.09559, 19.67068 ], [ -155.0956, 19.67065 ], [ -155.09559, 19.67061 ], [ -155.09558, 19.67049 ], [ -155.09557, 19.67044 ], [ -155.09555, 19.67035 ], [ -155.09553, 19.67026 ], [ -155.09552, 19.67019 ], [ -155.09554, 19.67008 ], [ -155.09563, 19.66977 ], [ -155.09568, 19.66959 ], [ -155.09572, 19.66947 ], [ -155.09579, 19.66928 ], [ -155.09585, 19.66915 ], [ -155.09594, 19.66902 ], [ -155.096, 19.66896 ], [ -155.09609, 19.66891 ], [ -155.09621, 19.66886 ], [ -155.09631, 19.66882 ], [ -155.09637, 19.66879 ], [ -155.09664, 19.6686 ], [ -155.09666, 19.66859 ], [ -155.09665, 19.66857 ], [ -155.09644, 19.66805 ], [ -155.09618, 19.66807 ] ] ] } },
{ "type": "Feature", "properties": { "fld_zone": "AO", "depth": 2 }, "bbox": [ -155.87591, 19.94213, -155.87556, 19.94256 ], "geometry": { "type": "Polygon", "coordinates": [ [ [ -155.87591, 19.94243 ], [ -155.87585, 19.94238 ], [ -155.87582, 19.94224 ], [ -155.8758, 19.94221 ], [ -155.87574, 19.94215 ], [ -155.87568, 19.94213 ], [ -155.87563, 19.94213 ], [ -155.8756, 19.94213 ], [ -155.87557, 19.94221 ], [ -155.87557, 19.94229 ], [ -155.87557, 19.9424 ], [ -155.87558, 19.9425 ], [ -155.87556, 19.94256 ], [ -155.87569, 19.9425 ], [ -155.87571, 19.94249 ], [ -155.87575, 19.94247 ], [ -155.87582, 19.94244 ], [ -155.87591, 19.94243 ] ] ] } },
{ "type": "Feature", "properties": { "fld_zone": "AO", "depth": 1 }, "bbox": [ -155.65657, 20.02319, -155.65388, 20.02635 ], "geometry": { "type": "Polygon", "coordinates": [ [ [ -155.65439, 20.02623 ], [ -155.65439, 20.02622 ], [ -155.65438, 20.02622 ], [ -155.65437, 20.02622 ], [ -155.65436, 20.02622 ], [ -155.65435, 20.02622 ], [ -155.65434, 20.02622 ], [ -155.65433, 20.02622 ], [ -155.65432, 20.02622 ], [ -155.65431, 20.02622 ], [ -155.65429, 20.02623 ], [ -155.65428, 20.02623 ], [ -155.65427, 20.02623 ], [ -155.65426, 20.02623 ], [ -155.65425, 20.02623 ], [ -155.65424, 20.02624 ], [ -155.65423, 20.02624 ], [ -155.65422, 20.02624 ], [ -155.65421, 20.02625 ], [ -155.6542, 20.02625 ], [ -155.65419, 20.02626 ], [ -155.65418, 20.02626 ], [ -155.65418, 20.02627 ], [ -155.65417, 20.02627 ], [ -155.65416, 20.02627 ], [ -155.65415, 20.02628 ], [ -155.65414, 20.02628 ], [ -155.65413, 20.02628 ], [ -155.65412, 20.02628 ], [ -155.65411, 20.02629 ], [ -155.6541, 20.02629 ], [ -155.65408, 20.02629 ], [ -155.65405, 20.02629 ], [ -155.65403, 20.02628 ], [ -155.65401, 20.02628 ], [ -155.65399, 20.02628 ], [ -155.65393, 20.02627 ], [ -155.65392, 20.02627 ], [ -155.6539, 20.02626 ], [ -155.65388, 20.02624 ], [ -155.65388, 20.02622 ], [ -155.65396, 20.02611 ], [ -155.654, 20.02605 ], [ -155.65402, 20.02601 ], [ -155.65416, 20.02581 ], [ -155.65422, 20.02573 ], [ -155.65427, 20.02567 ], [ -155.65469, 20.02517 ], [ -155.6548, 20.02497 ], [ -155.65486, 20.02486 ], [ -155.65493, 20.02477 ], [ -155.65498, 20.02468 ], [ -155.65499, 20.02461 ], [ -155.65501, 20.0245 ], [ -155.65501, 20.02441 ], [ -155.65501, 20.0244 ], [ -155.655, 20.02432 ], [ -155.655, 20.02423 ], [ -155.65499, 20.02401 ], [ -155.65501, 20.02393 ], [ -155.65507, 20.02388 ], [ -155.65508, 20.02388 ], [ -155.65509, 20.02387 ], [ -155.65525, 20.02364 ], [ -155.65533, 20.02353 ], [ -155.65544, 20.02325 ], [ -155.65545, 20.02322 ], [ -155.65546, 20.02319 ], [ -155.65551, 20.02322 ], [ -155.65558, 20.02328 ], [ -155.6558, 20.02344 ], [ -155.65602, 20.02361 ], [ -155.65618, 20.02374 ], [ -155.65625, 20.02381 ], [ -155.65657, 20.02412 ], [ -155.65657, 20.02413 ], [ -155.65654, 20.02415 ], [ -155.65652, 20.02416 ], [ -155.65649, 20.02417 ], [ -155.65637, 20.02423 ], [ -155.65632, 20.02424 ], [ -155.65632, 20.02425 ], [ -155.65631, 20.02425 ], [ -155.65631, 20.02426 ], [ -155.65631, 20.02428 ], [ -155.65631, 20.0243 ], [ -155.65632, 20.02432 ], [ -155.65632, 20.02434 ], [ -155.65632, 20.02435 ], [ -155.65633, 20.02435 ], [ -155.65634, 20.02435 ], [ -155.65635, 20.02435 ], [ -155.65636, 20.02435 ], [ -155.65639, 20.02434 ], [ -155.6564, 20.02434 ], [ -155.65641, 20.02434 ], [ -155.65642, 20.02434 ], [ -155.65643, 20.02434 ], [ -155.65644, 20.02433 ], [ -155.65645, 20.02433 ], [ -155.65646, 20.02433 ], [ -155.65647, 20.02433 ], [ -155.65648, 20.0244 ], [ -155.65649, 20.0244 ], [ -155.65649, 20.02441 ], [ -155.65648, 20.02441 ], [ -155.65648, 20.02442 ], [ -155.65647, 20.02442 ], [ -155.65645, 20.02443 ], [ -155.65643, 20.02444 ], [ -155.65641, 20.02444 ], [ -155.6564, 20.02445 ], [ -155.65639, 20.02445 ], [ -155.65638, 20.02446 ], [ -155.65637, 20.02446 ], [ -155.65636, 20.02447 ], [ -155.65636, 20.02448 ], [ -155.65636, 20.02449 ], [ -155.65636, 20.0245 ], [ -155.65637, 20.0245 ], [ -155.65637, 20.02451 ], [ -155.65638, 20.02451 ], [ -155.65638, 20.02452 ], [ -155.65645, 20.02462 ], [ -155.65645, 20.02463 ], [ -155.65646, 20.02464 ], [ -155.65646, 20.02465 ], [ -155.65646, 20.02466 ], [ -155.65646, 20.02467 ], [ -155.65646, 20.02468 ], [ -155.65647, 20.02469 ], [ -155.65647, 20.0247 ], [ -155.65647, 20.02471 ], [ -155.65646, 20.02472 ], [ -155.65646, 20.02473 ], [ -155.65646, 20.02474 ], [ -155.65646, 20.02475 ], [ -155.65646, 20.02476 ], [ -155.65646, 20.02477 ], [ -155.65645, 20.02478 ], [ -155.65645, 20.02479 ], [ -155.65644, 20.02481 ], [ -155.65644, 20.02482 ], [ -155.65644, 20.02484 ], [ -155.65643, 20.02486 ], [ -155.65643, 20.02488 ], [ -155.65643, 20.0249 ], [ -155.65643, 20.02491 ], [ -155.65643, 20.02493 ], [ -155.65643, 20.02495 ], [ -155.65639, 20.02502 ], [ -155.65634, 20.02506 ], [ -155.65628, 20.02509 ], [ -155.65625, 20.02511 ], [ -155.65622, 20.02512 ], [ -155.65617, 20.02515 ], [ -155.65614, 20.02519 ], [ -155.65615, 20.02524 ], [ -155.65616, 20.02529 ], [ -155.6562, 20.02538 ], [ -155.65623, 20.02545 ], [ -155.65624, 20.02545 ], [ -155.65624, 20.02546 ], [ -155.65625, 20.02547 ], [ -155.65625, 20.02548 ], [ -155.65625, 20.02549 ], [ -155.65625, 20.0255 ], [ -155.65626, 20.0255 ], [ -155.65626, 20.02551 ], [ -155.65626, 20.02552 ], [ -155.65627, 20.02553 ], [ -155.65627, 20.02554 ], [ -155.65628, 20.02555 ], [ -155.65629, 20.02555 ], [ -155.6563, 20.02556 ], [ -155.65631, 20.02557 ], [ -155.65632, 20.02558 ], [ -155.65633, 20.02558 ], [ -155.65634, 20.02559 ], [ -155.65635, 20.0256 ], [ -155.65636, 20.0256 ], [ -155.65636, 20.02561 ], [ -155.65637, 20.02561 ], [ -155.65638, 20.02562 ], [ -155.65638, 20.02563 ], [ -155.65639, 20.02563 ], [ -155.65639, 20.02564 ], [ -155.6564, 20.02565 ], [ -155.6564, 20.02566 ], [ -155.6564, 20.02567 ], [ -155.6564, 20.02568 ], [ -155.6564, 20.02569 ], [ -155.6564, 20.0257 ], [ -155.6564, 20.02571 ], [ -155.65639, 20.02571 ], [ -155.65639, 20.02572 ], [ -155.65638, 20.02573 ], [ -155.65637, 20.02573 ], [ -155.65637, 20.02574 ], [ -155.65636, 20.02574 ], [ -155.65636, 20.02575 ], [ -155.65635, 20.02575 ], [ -155.65634, 20.02575 ], [ -155.65633, 20.02576 ], [ -155.65632, 20.02576 ], [ -155.65631, 20.02576 ], [ -155.6563, 20.02576 ], [ -155.65629, 20.02576 ], [ -155.65628, 20.02576 ], [ -155.65627, 20.02576 ], [ -155.65626, 20.02576 ], [ -155.65625, 20.02576 ], [ -155.65624, 20.02576 ], [ -155.65623, 20.02576 ], [ -155.65622, 20.02576 ], [ -155.65621, 20.02576 ], [ -155.6562, 20.02577 ], [ -155.65619, 20.02577 ], [ -155.65618, 20.02577 ], [ -155.65617, 20.02578 ], [ -155.65616, 20.02578 ], [ -155.65616, 20.02579 ], [ -155.65615, 20.02579 ], [ -155.65614, 20.0258 ], [ -155.65613, 20.02581 ], [ -155.65612, 20.02582 ], [ -155.65612, 20.02583 ], [ -155.65611, 20.02583 ], [ -155.65611, 20.02584 ], [ -155.6561, 20.02584 ], [ -155.6561, 20.02585 ], [ -155.6561, 20.02586 ], [ -155.65609, 20.02586 ], [ -155.65609, 20.02587 ], [ -155.65606, 20.02595 ], [ -155.65606, 20.02596 ], [ -155.65606, 20.02597 ], [ -155.65605, 20.02597 ], [ -155.65605, 20.02598 ], [ -155.65605, 20.02599 ], [ -155.65604, 20.02599 ], [ -155.65604, 20.026 ], [ -155.65603, 20.026 ], [ -155.65603, 20.02601 ], [ -155.65603, 20.02602 ], [ -155.65602, 20.02602 ], [ -155.65601, 20.02604 ], [ -155.656, 20.02605 ], [ -155.65599, 20.02607 ], [ -155.65598, 20.02608 ], [ -155.65597, 20.02609 ], [ -155.65596, 20.02609 ], [ -155.65596, 20.0261 ], [ -155.65595, 20.0261 ], [ -155.65594, 20.02611 ], [ -155.65594, 20.02612 ], [ -155.65593, 20.02613 ], [ -155.65592, 20.02614 ], [ -155.65591, 20.02615 ], [ -155.6559, 20.02616 ], [ -155.65588, 20.02617 ], [ -155.65586, 20.02618 ], [ -155.65584, 20.02619 ], [ -155.65582, 20.0262 ], [ -155.6558, 20.0262 ], [ -155.65578, 20.02621 ], [ -155.65577, 20.02622 ], [ -155.65574, 20.02622 ], [ -155.65572, 20.02622 ], [ -155.6557, 20.02622 ], [ -155.65568, 20.02623 ], [ -155.65566, 20.02623 ], [ -155.65564, 20.02623 ], [ -155.65561, 20.02622 ], [ -155.65559, 20.02622 ], [ -155.65558, 20.02622 ], [ -155.65557, 20.02622 ], [ -155.65556, 20.02622 ], [ -155.65554, 20.02622 ], [ -155.65553, 20.02622 ], [ -155.65552, 20.02622 ], [ -155.65551, 20.02622 ], [ -155.65549, 20.02622 ], [ -155.65548, 20.02622 ], [ -155.65547, 20.02621 ], [ -155.65546, 20.02621 ], [ -155.65545, 20.02621 ], [ -155.65543, 20.0262 ], [ -155.65542, 20.0262 ], [ -155.65541, 20.0262 ], [ -155.6554, 20.02619 ], [ -155.65539, 20.02618 ], [ -155.65538, 20.02618 ], [ -155.65537, 20.02617 ], [ -155.65531, 20.02612 ], [ -155.65525, 20.02608 ], [ -155.65525, 20.02607 ], [ -155.65524, 20.02607 ], [ -155.65524, 20.02606 ], [ -155.65524, 20.02605 ], [ -155.65523, 20.02604 ], [ -155.65523, 20.02603 ], [ -155.65522, 20.02603 ], [ -155.65522, 20.02602 ], [ -155.65521, 20.02602 ], [ -155.65521, 20.02601 ], [ -155.6552, 20.02601 ], [ -155.6552, 20.026 ], [ -155.65519, 20.026 ], [ -155.65518, 20.026 ], [ -155.65518, 20.02599 ], [ -155.65517, 20.02599 ], [ -155.65516, 20.02599 ], [ -155.65516, 20.02598 ], [ -155.65515, 20.02598 ], [ -155.65514, 20.02598 ], [ -155.65514, 20.02597 ], [ -155.65513, 20.02597 ], [ -155.65512, 20.02597 ], [ -155.65511, 20.02597 ], [ -155.6551, 20.02597 ], [ -155.65509, 20.02596 ], [ -155.65508, 20.02596 ], [ -155.65507, 20.02596 ], [ -155.65506, 20.02596 ], [ -155.65505, 20.02596 ], [ -155.65504, 20.02596 ], [ -155.65503, 20.02597 ], [ -155.65502, 20.02597 ], [ -155.65501, 20.02597 ], [ -155.655, 20.02597 ], [ -155.65499, 20.02597 ], [ -155.65499, 20.02598 ], [ -155.65498, 20.02598 ], [ -155.65497, 20.02598 ], [ -155.65496, 20.02598 ], [ -155.65496, 20.02599 ], [ -155.65494, 20.02602 ], [ -155.65492, 20.02605 ], [ -155.6549, 20.02608 ], [ -155.65489, 20.02611 ], [ -155.65487, 20.02614 ], [ -155.65487, 20.02615 ], [ -155.65487, 20.02616 ], [ -155.65487, 20.02617 ], [ -155.65487, 20.02618 ], [ -155.65487, 20.02619 ], [ -155.65487, 20.0262 ], [ -155.65487, 20.02621 ], [ -155.65487, 20.02622 ], [ -155.65486, 20.02622 ], [ -155.65486, 20.02623 ], [ -155.65486, 20.02624 ], [ -155.65485, 20.02624 ], [ -155.65485, 20.02625 ], [ -155.65485, 20.02626 ], [ -155.65484, 20.02626 ], [ -155.65484, 20.02627 ], [ -155.65483, 20.02627 ], [ -155.65483, 20.02628 ], [ -155.65482, 20.02628 ], [ -155.65481, 20.02628 ], [ -155.65481, 20.02629 ], [ -155.6548, 20.02629 ], [ -155.65479, 20.02629 ], [ -155.65479, 20.0263 ], [ -155.65478, 20.0263 ], [ -155.65477, 20.0263 ], [ -155.65476, 20.0263 ], [ -155.65475, 20.0263 ], [ -155.65474, 20.02631 ], [ -155.65473, 20.02631 ], [ -155.65472, 20.02631 ], [ -155.65471, 20.02631 ], [ -155.65469, 20.02631 ], [ -155.65468, 20.02631 ], [ -155.65466, 20.02631 ], [ -155.65465, 20.02632 ], [ -155.65464, 20.02632 ], [ -155.65462, 20.02632 ], [ -155.65461, 20.02633 ], [ -155.6546, 20.02633 ], [ -155.65458, 20.02633 ], [ -155.65457, 20.02634 ], [ -155.65456, 20.02634 ], [ -155.65454, 20.02635 ], [ -155.65453, 20.02635 ], [ -155.65453, 20.02634 ], [ -155.65452, 20.02634 ], [ -155.65452, 20.02633 ], [ -155.65451, 20.02633 ], [ -155.65451, 20.02632 ], [ -155.6545, 20.02632 ], [ -155.6545, 20.02631 ], [ -155.6545, 20.0263 ], [ -155.65449, 20.02629 ], [ -155.65449, 20.02628 ], [ -155.65448, 20.02628 ], [ -155.65448, 20.02627 ], [ -155.65447, 20.02627 ], [ -155.65447, 20.02626 ], [ -155.65446, 20.02626 ], [ -155.65446, 20.02625 ], [ -155.65445, 20.02625 ], [ -155.65444, 20.02624 ], [ -155.65443, 20.02624 ], [ -155.65442, 20.02623 ], [ -155.65441, 20.02623 ], [ -155.6544, 20.02623 ], [ -155.65439, 20.02623 ] ] ] } },
{ "type": "Feature", "properties": { "fld_zone": "AO", "depth": 2 }, "bbox": [ -155.84836, 19.95165, -155.8292, 19.97262 ], "geometry": { "type": "Polygon", "coordinates": [ [ [ -155.83455, 19.97259 ], [ -155.83462, 19.97261 ], [ -155.83469, 19.97261 ], [ -155.83471, 19.97253 ], [ -155.83472, 19.97245 ], [ -155.83479, 19.97238 ], [ -155.83492, 19.97228 ], [ -155.83506, 19.97211 ], [ -155.83513, 19.97204 ], [ -155.83526, 19.97203 ], [ -155.83543, 19.97197 ], [ -155.83561, 19.97205 ], [ -155.83564, 19.97214 ], [ -155.83572, 19.97214 ], [ -155.83575, 19.97206 ], [ -155.83583, 19.97198 ], [ -155.8359, 19.97198 ], [ -155.83595, 19.97198 ], [ -155.83598, 19.97198 ], [ -155.83608, 19.972 ], [ -155.83624, 19.9721 ], [ -155.8364, 19.97206 ], [ -155.83661, 19.97211 ], [ -155.83671, 19.97222 ], [ -155.83672, 19.97241 ], [ -155.83674, 19.97257 ], [ -155.83686, 19.97261 ], [ -155.83696, 19.9726 ], [ -155.837, 19.97257 ], [ -155.83705, 19.97251 ], [ -155.8371, 19.97246 ], [ -155.8371, 19.9724 ], [ -155.83703, 19.97236 ], [ -155.83699, 19.97233 ], [ -155.83698, 19.97229 ], [ -155.83698, 19.97226 ], [ -155.83699, 19.97223 ], [ -155.837, 19.97219 ], [ -155.83702, 19.97214 ], [ -155.83712, 19.97211 ], [ -155.83732, 19.97212 ], [ -155.83762, 19.97219 ], [ -155.83782, 19.97221 ], [ -155.83802, 19.97223 ], [ -155.83825, 19.97226 ], [ -155.83838, 19.97228 ], [ -155.83849, 19.97234 ], [ -155.83857, 19.97229 ], [ -155.83859, 19.97226 ], [ -155.8386, 19.97223 ], [ -155.8386, 19.97215 ], [ -155.83867, 19.97216 ], [ -155.83871, 19.97222 ], [ -155.83876, 19.97225 ], [ -155.83887, 19.97226 ], [ -155.83897, 19.97227 ], [ -155.83928, 19.97227 ], [ -155.83945, 19.97227 ], [ -155.83955, 19.97224 ], [ -155.83955, 19.97217 ], [ -155.83956, 19.9721 ], [ -155.83956, 19.97209 ], [ -155.83957, 19.97196 ], [ -155.83967, 19.97188 ], [ -155.83966, 19.9717 ], [ -155.83964, 19.97161 ], [ -155.8396, 19.97144 ], [ -155.8396, 19.97131 ], [ -155.83973, 19.97122 ], [ -155.83988, 19.9711 ], [ -155.83999, 19.97105 ], [ -155.84018, 19.97105 ], [ -155.84026, 19.97099 ], [ -155.84062, 19.97077 ], [ -155.8408, 19.97065 ], [ -155.84097, 19.97054 ], [ -155.84112, 19.97041 ], [ -155.84121, 19.97026 ], [ -155.8413, 19.97013 ], [ -155.84137, 19.97001 ], [ -155.84148, 19.96997 ], [ -155.84154, 19.97004 ], [ -155.84169, 19.97005 ], [ -155.84183, 19.96999 ], [ -155.84189, 19.96994 ], [ -155.84198, 19.96988 ], [ -155.84221, 19.96986 ], [ -155.84238, 19.96971 ], [ -155.84256, 19.96974 ], [ -155.84267, 19.96981 ], [ -155.84268, 19.96982 ], [ -155.84274, 19.96986 ], [ -155.84288, 19.97006 ], [ -155.84288, 19.9701 ], [ -155.84288, 19.9702 ], [ -155.84283, 19.97035 ], [ -155.84271, 19.97043 ], [ -155.84259, 19.97059 ], [ -155.84248, 19.9707 ], [ -155.84245, 19.97072 ], [ -155.8424, 19.97074 ], [ -155.84227, 19.97089 ], [ -155.84232, 19.97099 ], [ -155.84234, 19.971 ], [ -155.84235, 19.971 ], [ -155.84244, 19.97106 ], [ -155.84254, 19.97104 ], [ -155.84265, 19.971 ], [ -155.84266, 19.971 ], [ -155.84279, 19.97086 ], [ -155.8429, 19.97072 ], [ -155.84295, 19.97062 ], [ -155.84314, 19.97044 ], [ -155.84328, 19.97032 ], [ -155.84331, 19.9703 ], [ -155.84339, 19.97024 ], [ -155.8434, 19.97009 ], [ -155.84349, 19.96991 ], [ -155.84368, 19.96975 ], [ -155.84375, 19.96968 ], [ -155.84386, 19.96958 ], [ -155.84411, 19.96944 ], [ -155.84431, 19.96936 ], [ -155.8444, 19.96928 ], [ -155.84447, 19.96925 ], [ -155.84458, 19.96927 ], [ -155.84472, 19.96921 ], [ -155.84483, 19.96913 ], [ -155.84493, 19.96903 ], [ -155.84495, 19.96889 ], [ -155.8449, 19.96881 ], [ -155.84489, 19.96877 ], [ -155.84487, 19.9687 ], [ -155.84492, 19.9686 ], [ -155.84505, 19.96847 ], [ -155.8453, 19.96829 ], [ -155.84538, 19.96823 ], [ -155.84563, 19.96813 ], [ -155.84578, 19.96796 ], [ -155.8459, 19.96787 ], [ -155.84593, 19.96784 ], [ -155.84605, 19.96774 ], [ -155.84605, 19.96774 ], [ -155.84605, 19.96774 ], [ -155.84665, 19.96752 ], [ -155.84679, 19.96744 ], [ -155.84688, 19.96738 ], [ -155.84689, 19.96737 ], [ -155.84691, 19.96734 ], [ -155.84699, 19.96724 ], [ -155.84712, 19.96717 ], [ -155.84731, 19.96725 ], [ -155.8474, 19.96728 ], [ -155.84751, 19.96731 ], [ -155.84752, 19.96731 ], [ -155.84764, 19.96731 ], [ -155.84766, 19.9673 ], [ -155.84774, 19.96724 ], [ -155.84789, 19.96723 ], [ -155.84807, 19.96724 ], [ -155.8482, 19.96724 ], [ -155.84834, 19.96724 ], [ -155.84836, 19.96724 ], [ -155.84836, 19.96724 ], [ -155.84835, 19.96719 ], [ -155.84832, 19.96711 ], [ -155.84829, 19.96699 ], [ -155.84825, 19.96674 ], [ -155.84823, 19.96666 ], [ -155.84822, 19.96657 ], [ -155.84821, 19.96648 ], [ -155.84819, 19.96642 ], [ -155.84815, 19.96628 ], [ -155.84813, 19.96616 ], [ -155.84812, 19.96608 ], [ -155.84813, 19.96601 ], [ -155.84809, 19.96589 ], [ -155.84808, 19.96569 ], [ -155.84808, 19.96545 ], [ -155.84806, 19.96538 ], [ -155.84806, 19.96532 ], [ -155.84805, 19.96516 ], [ -155.84804, 19.96504 ], [ -155.84804, 19.96492 ], [ -155.84803, 19.96483 ], [ -155.84802, 19.96469 ], [ -155.84802, 19.96462 ], [ -155.84798, 19.96448 ], [ -155.84797, 19.96442 ], [ -155.84793, 19.96428 ], [ -155.84784, 19.96408 ], [ -155.84775, 19.96387 ], [ -155.84772, 19.9638 ], [ -155.84773, 19.96376 ], [ -155.8477, 19.96368 ], [ -155.84757, 19.96346 ], [ -155.84745, 19.9632 ], [ -155.84733, 19.9629 ], [ -155.84719, 19.96249 ], [ -155.84714, 19.9623 ], [ -155.8471, 19.96207 ], [ -155.84705, 19.96183 ], [ -155.847, 19.96154 ], [ -155.84695, 19.96131 ], [ -155.84686, 19.96095 ], [ -155.84679, 19.96062 ], [ -155.84665, 19.96032 ], [ -155.84649, 19.96012 ], [ -155.84625, 19.95989 ], [ -155.84594, 19.95966 ], [ -155.84565, 19.95945 ], [ -155.84535, 19.95931 ], [ -155.8451, 19.95923 ], [ -155.84461, 19.95906 ], [ -155.84431, 19.95896 ], [ -155.84412, 19.95887 ], [ -155.84389, 19.95876 ], [ -155.84375, 19.9587 ], [ -155.84366, 19.95866 ], [ -155.84331, 19.95858 ], [ -155.84295, 19.95848 ], [ -155.84266, 19.95839 ], [ -155.84244, 19.95835 ], [ -155.84223, 19.9583 ], [ -155.8418, 19.95818 ], [ -155.84141, 19.95805 ], [ -155.84105, 19.95792 ], [ -155.84059, 19.95773 ], [ -155.8401, 19.95753 ], [ -155.83983, 19.9574 ], [ -155.83973, 19.95733 ], [ -155.8394, 19.95708 ], [ -155.83909, 19.95683 ], [ -155.83896, 19.95666 ], [ -155.83885, 19.95642 ], [ -155.8388, 19.95613 ], [ -155.83876, 19.9558 ], [ -155.83871, 19.95545 ], [ -155.83867, 19.95504 ], [ -155.83862, 19.95468 ], [ -155.83855, 19.95433 ], [ -155.83845, 19.95384 ], [ -155.83838, 19.95366 ], [ -155.83835, 19.95351 ], [ -155.83832, 19.95343 ], [ -155.83823, 19.95329 ], [ -155.83812, 19.9531 ], [ -155.83811, 19.95307 ], [ -155.83792, 19.95291 ], [ -155.83774, 19.95281 ], [ -155.83756, 19.95271 ], [ -155.83747, 19.95265 ], [ -155.83743, 19.95258 ], [ -155.83737, 19.95251 ], [ -155.83724, 19.9524 ], [ -155.83706, 19.9522 ], [ -155.83697, 19.95212 ], [ -155.83686, 19.95195 ], [ -155.83678, 19.95186 ], [ -155.8366, 19.95165 ], [ -155.83398, 19.95395 ], [ -155.83389, 19.95403 ], [ -155.83393, 19.9541 ], [ -155.83393, 19.9542 ], [ -155.83394, 19.95432 ], [ -155.83391, 19.95445 ], [ -155.83385, 19.95463 ], [ -155.83376, 19.95478 ], [ -155.83364, 19.95495 ], [ -155.83355, 19.95508 ], [ -155.83343, 19.95517 ], [ -155.83328, 19.95526 ], [ -155.83303, 19.9554 ], [ -155.8329, 19.95546 ], [ -155.83283, 19.95546 ], [ -155.83262, 19.95546 ], [ -155.83258, 19.95546 ], [ -155.83206, 19.95629 ], [ -155.83206, 19.95629 ], [ -155.83174, 19.95681 ], [ -155.8318, 19.95691 ], [ -155.83184, 19.95702 ], [ -155.83186, 19.95717 ], [ -155.83184, 19.95733 ], [ -155.83179, 19.95749 ], [ -155.83172, 19.95758 ], [ -155.83163, 19.95765 ], [ -155.83146, 19.95775 ], [ -155.83132, 19.95781 ], [ -155.83118, 19.95785 ], [ -155.83104, 19.9579 ], [ -155.83088, 19.95796 ], [ -155.83078, 19.95799 ], [ -155.83067, 19.95801 ], [ -155.83052, 19.95803 ], [ -155.83045, 19.95804 ], [ -155.83026, 19.9581 ], [ -155.83006, 19.95817 ], [ -155.82998, 19.95818 ], [ -155.82986, 19.9582 ], [ -155.82975, 19.95823 ], [ -155.82964, 19.95829 ], [ -155.82957, 19.95832 ], [ -155.82955, 19.95836 ], [ -155.82951, 19.95843 ], [ -155.8295, 19.9585 ], [ -155.8295, 19.95856 ], [ -155.82949, 19.9586 ], [ -155.82948, 19.95865 ], [ -155.82945, 19.9587 ], [ -155.82943, 19.95876 ], [ -155.82942, 19.95885 ], [ -155.82942, 19.95904 ], [ -155.82939, 19.95914 ], [ -155.82934, 19.9593 ], [ -155.82928, 19.95954 ], [ -155.82925, 19.95967 ], [ -155.82925, 19.95977 ], [ -155.82926, 19.95985 ], [ -155.82926, 19.95987 ], [ -155.82929, 19.95997 ], [ -155.82929, 19.96008 ], [ -155.82929, 19.96038 ], [ -155.82929, 19.9606 ], [ -155.82928, 19.96089 ], [ -155.82925, 19.96107 ], [ -155.82923, 19.96126 ], [ -155.8292, 19.96149 ], [ -155.82921, 19.96167 ], [ -155.82922, 19.96181 ], [ -155.82926, 19.96196 ], [ -155.82931, 19.96207 ], [ -155.82944, 19.96219 ], [ -155.82949, 19.96225 ], [ -155.82964, 19.9623 ], [ -155.82993, 19.9624 ], [ -155.83018, 19.96248 ], [ -155.83033, 19.96254 ], [ -155.8305, 19.96261 ], [ -155.83063, 19.96269 ], [ -155.83074, 19.96277 ], [ -155.83083, 19.96287 ], [ -155.8309, 19.963 ], [ -155.83096, 19.96314 ], [ -155.83099, 19.96327 ], [ -155.831, 19.96337 ], [ -155.83099, 19.96347 ], [ -155.83093, 19.96363 ], [ -155.83086, 19.96385 ], [ -155.8308, 19.96398 ], [ -155.83073, 19.96404 ], [ -155.83069, 19.96409 ], [ -155.83062, 19.96417 ], [ -155.83054, 19.96423 ], [ -155.83044, 19.96426 ], [ -155.83037, 19.96429 ], [ -155.83029, 19.96434 ], [ -155.83022, 19.96439 ], [ -155.83017, 19.96448 ], [ -155.83015, 19.96457 ], [ -155.83015, 19.96465 ], [ -155.83019, 19.96478 ], [ -155.83026, 19.96485 ], [ -155.83037, 19.96492 ], [ -155.83046, 19.96494 ], [ -155.83054, 19.96494 ], [ -155.83063, 19.96495 ], [ -155.83077, 19.96498 ], [ -155.8309, 19.96502 ], [ -155.83106, 19.96508 ], [ -155.83118, 19.96513 ], [ -155.83127, 19.96521 ], [ -155.83133, 19.96524 ], [ -155.83141, 19.96528 ], [ -155.83151, 19.96531 ], [ -155.8316, 19.96535 ], [ -155.83166, 19.96538 ], [ -155.83172, 19.96543 ], [ -155.83176, 19.9655 ], [ -155.83183, 19.96565 ], [ -155.83186, 19.96573 ], [ -155.83187, 19.96589 ], [ -155.83188, 19.96604 ], [ -155.83187, 19.96621 ], [ -155.83181, 19.96644 ], [ -155.83173, 19.96661 ], [ -155.83155, 19.96681 ], [ -155.83137, 19.96697 ], [ -155.83125, 19.96708 ], [ -155.83118, 19.96877 ], [ -155.83112, 19.97043 ], [ -155.83108, 19.97149 ], [ -155.83117, 19.97157 ], [ -155.83121, 19.97161 ], [ -155.83125, 19.97164 ], [ -155.83132, 19.9717 ], [ -155.83138, 19.97176 ], [ -155.83147, 19.97181 ], [ -155.83171, 19.97199 ], [ -155.83183, 19.97213 ], [ -155.8319, 19.97221 ], [ -155.83192, 19.97224 ], [ -155.832, 19.97236 ], [ -155.832, 19.97229 ], [ -155.83209, 19.97227 ], [ -155.83218, 19.97224 ], [ -155.83234, 19.97216 ], [ -155.83245, 19.97211 ], [ -155.83265, 19.97205 ], [ -155.83294, 19.97202 ], [ -155.83301, 19.97235 ], [ -155.83304, 19.97234 ], [ -155.83309, 19.97234 ], [ -155.83316, 19.97233 ], [ -155.83319, 19.97236 ], [ -155.83325, 19.97241 ], [ -155.83329, 19.97251 ], [ -155.83338, 19.9726 ], [ -155.83345, 19.97262 ], [ -155.83353, 19.97257 ], [ -155.83354, 19.97241 ], [ -155.83348, 19.97226 ], [ -155.83347, 19.97221 ], [ -155.83346, 19.9722 ], [ -155.8335, 19.97209 ], [ -155.83357, 19.972 ], [ -155.83366, 19.97195 ], [ -155.83379, 19.97198 ], [ -155.83396, 19.97204 ], [ -155.83401, 19.97206 ], [ -155.83412, 19.97209 ], [ -155.83425, 19.9722 ], [ -155.83427, 19.97223 ], [ -155.83429, 19.97227 ], [ -155.83435, 19.97235 ], [ -155.83443, 19.97246 ], [ -155.83449, 19.97254 ], [ -155.83455, 19.97259 ] ] ] } },
{ "type": "Feature", "properties": { "fld_zone": "AO", "depth": 2 }, "bbox": [ -155.83301, 19.97202, -155.832, 19.97242 ], "geometry": { "type": "Polygon", "coordinates": [ [ [ -155.83297, 19.97236 ], [ -155.83297, 19.97236 ], [ -155.83301, 19.97235 ], [ -155.83294, 19.97202 ], [ -155.83265, 19.97205 ], [ -155.83245, 19.97211 ], [ -155.83234, 19.97216 ], [ -155.83218, 19.97224 ], [ -155.83209, 19.97227 ], [ -155.832, 19.97229 ], [ -155.832, 19.97236 ], [ -155.83203, 19.97241 ], [ -155.83204, 19.97242 ], [ -155.83204, 19.97234 ], [ -155.83204, 19.97234 ], [ -155.83207, 19.97235 ], [ -155.83219, 19.97236 ], [ -155.83226, 19.97231 ], [ -155.83229, 19.97224 ], [ -155.83231, 19.97222 ], [ -155.83233, 19.9722 ], [ -155.83237, 19.97219 ], [ -155.83241, 19.97218 ], [ -155.83244, 19.97216 ], [ -155.83248, 19.97215 ], [ -155.83255, 19.97212 ], [ -155.83261, 19.97212 ], [ -155.83263, 19.97212 ], [ -155.83272, 19.9721 ], [ -155.83279, 19.97209 ], [ -155.83287, 19.97209 ], [ -155.83291, 19.97212 ], [ -155.83293, 19.97222 ], [ -155.83297, 19.97236 ] ] ] } },
{ "type": "Feature", "properties": { "fld_zone": "AO", "depth": 1 }, "bbox": [ -155.09696, 19.66774, -155.09644, 19.66859 ], "geometry": { "type": "Polygon", "coordinates": [ [ [ -155.09644, 19.66805 ], [ -155.09665, 19.66857 ], [ -155.09666, 19.66859 ], [ -155.09665, 19.66856 ], [ -155.09666, 19.66853 ], [ -155.09668, 19.66846 ], [ -155.09669, 19.66846 ], [ -155.09676, 19.66841 ], [ -155.09685, 19.66836 ], [ -155.09692, 19.66832 ], [ -155.09695, 19.66832 ], [ -155.09695, 19.66823 ], [ -155.09695, 19.66804 ], [ -155.09696, 19.66789 ], [ -155.09696, 19.66776 ], [ -155.09689, 19.66775 ], [ -155.09679, 19.66774 ], [ -155.09676, 19.66775 ], [ -155.09672, 19.66776 ], [ -155.09666, 19.6678 ], [ -155.09658, 19.66788 ], [ -155.09653, 19.66792 ], [ -155.09644, 19.66801 ], [ -155.09644, 19.66805 ] ] ] } },
{ "type": "Feature", "properties": { "fld_zone": "AO", "depth": 1 }, "bbox": [ -155.09502, 19.67168, -155.09304, 19.67265 ], "geometry": { "type": "Polygon", "coordinates": [ [ [ -155.09322, 19.67248 ], [ -155.09322, 19.67248 ], [ -155.09323, 19.6725 ], [ -155.09324, 19.67252 ], [ -155.09324, 19.67253 ], [ -155.09324, 19.67255 ], [ -155.09324, 19.67256 ], [ -155.09324, 19.67259 ], [ -155.09325, 19.67262 ], [ -155.09326, 19.67263 ], [ -155.09327, 19.67265 ], [ -155.09328, 19.67265 ], [ -155.09338, 19.67264 ], [ -155.09357, 19.67263 ], [ -155.09374, 19.67261 ], [ -155.09375, 19.67261 ], [ -155.09377, 19.67259 ], [ -155.09377, 19.67259 ], [ -155.09437, 19.67241 ], [ -155.09444, 19.67241 ], [ -155.09453, 19.67239 ], [ -155.09457, 19.67237 ], [ -155.09464, 19.67233 ], [ -155.0947, 19.6723 ], [ -155.09476, 19.67231 ], [ -155.0948, 19.67232 ], [ -155.09482, 19.67233 ], [ -155.09486, 19.67234 ], [ -155.09487, 19.67233 ], [ -155.09493, 19.67231 ], [ -155.09498, 19.67228 ], [ -155.095, 19.67225 ], [ -155.095, 19.67223 ], [ -155.09501, 19.67219 ], [ -155.09502, 19.67216 ], [ -155.095, 19.67201 ], [ -155.095, 19.67199 ], [ -155.095, 19.67195 ], [ -155.09498, 19.67191 ], [ -155.09498, 19.67182 ], [ -155.09499, 19.6718 ], [ -155.095, 19.67175 ], [ -155.09502, 19.67168 ], [ -155.09502, 19.67168 ], [ -155.09451, 19.67171 ], [ -155.09447, 19.67174 ], [ -155.09444, 19.67177 ], [ -155.09441, 19.67181 ], [ -155.09438, 19.67189 ], [ -155.09437, 19.67194 ], [ -155.09436, 19.67199 ], [ -155.09436, 19.67205 ], [ -155.09435, 19.67208 ], [ -155.09432, 19.67211 ], [ -155.0943, 19.67213 ], [ -155.09425, 19.67216 ], [ -155.09421, 19.67217 ], [ -155.09413, 19.67219 ], [ -155.09402, 19.67222 ], [ -155.09395, 19.67223 ], [ -155.09387, 19.67223 ], [ -155.09386, 19.67223 ], [ -155.09382, 19.67223 ], [ -155.09374, 19.67222 ], [ -155.0936, 19.67222 ], [ -155.09353, 19.67222 ], [ -155.09348, 19.67222 ], [ -155.09341, 19.67223 ], [ -155.0934, 19.67224 ], [ -155.09333, 19.67227 ], [ -155.09326, 19.67231 ], [ -155.09325, 19.67232 ], [ -155.09325, 19.67232 ], [ -155.09319, 19.67236 ], [ -155.09318, 19.67237 ], [ -155.09311, 19.67243 ], [ -155.09309, 19.67245 ], [ -155.09308, 19.67246 ], [ -155.09304, 19.6725 ], [ -155.09304, 19.6725 ], [ -155.09312, 19.67249 ], [ -155.09315, 19.67249 ], [ -155.09316, 19.67248 ], [ -155.09318, 19.67248 ], [ -155.09322, 19.67248 ] ] ] } }
]
}
