{
"type": "FeatureCollection",
"name": "Solar_Insolation_450-500",
"crs": { "type": "name", "properties": { "name": "urn:ogc:def:crs:OGC:1.3:CRS84" } },
"xy_coordinate_resolution": 1e-05,
"features": [
{ "type": "Feature", "properties": { "objectid": 5, "solar_cal": "450-500", "st_areasha": 169053559.02206334, "st_perimet": 77258.556849423418 }, "geometry": { "type": "MultiPolygon", "coordinates": [ [ [ [ -155.28798, 19.34595 ], [ -155.27605, 19.34368 ], [ -155.2574, 19.33946 ], [ -155.24608, 19.33476 ], [ -155.23229, 19.32818 ], [ -155.22071, 19.31905 ], [ -155.19748, 19.30523 ], [ -155.17057, 19.29336 ], [ -155.15168, 19.28521 ], [ -155.13675, 19.28084 ], [ -155.12474, 19.27987 ], [ -155.11881, 19.28026 ], [ -155.11893, 19.28006 ], [ -155.11895, 19.28005 ], [ -155.11912, 19.2801 ], [ -155.11939, 19.28011 ], [ -155.11948, 19.28006 ], [ -155.1196, 19.27991 ], [ -155.11954, 19.27982 ], [ -155.11954, 19.27978 ], [ -155.11958, 19.27973 ], [ -155.11993, 19.2796 ], [ -155.12009, 19.27952 ], [ -155.12022, 19.27939 ], [ -155.12036, 19.27942 ], [ -155.12054, 19.27938 ], [ -155.12073, 19.27926 ], [ -155.12091, 19.27907 ], [ -155.12101, 19.27888 ], [ -155.12107, 19.27868 ], [ -155.12109, 19.27866 ], [ -155.12115, 19.2787 ], [ -155.12146, 19.27859 ], [ -155.12151, 19.27856 ], [ -155.12159, 19.27843 ], [ -155.12165, 19.27844 ], [ -155.12175, 19.27847 ], [ -155.12194, 19.27839 ], [ -155.12206, 19.27818 ], [ -155.12216, 19.27809 ], [ -155.12222, 19.27808 ], [ -155.12245, 19.2779 ], [ -155.12253, 19.2779 ], [ -155.12261, 19.27784 ], [ -155.12269, 19.27761 ], [ -155.12274, 19.27744 ], [ -155.12278, 19.27741 ], [ -155.12288, 19.27739 ], [ -155.12308, 19.27727 ], [ -155.12318, 19.2772 ], [ -155.12354, 19.27714 ], [ -155.12364, 19.27719 ], [ -155.12372, 19.27716 ], [ -155.1239, 19.27708 ], [ -155.12406, 19.27705 ], [ -155.12415, 19.27704 ], [ -155.12422, 19.27697 ], [ -155.12419, 19.27692 ], [ -155.12416, 19.27684 ], [ -155.12419, 19.2768 ], [ -155.12428, 19.27674 ], [ -155.12435, 19.27663 ], [ -155.12442, 19.27665 ], [ -155.12454, 19.27663 ], [ -155.12524, 19.27628 ], [ -155.12538, 19.27618 ], [ -155.12543, 19.27616 ], [ -155.12548, 19.27607 ], [ -155.12564, 19.27604 ], [ -155.1257, 19.27607 ], [ -155.12582, 19.27604 ], [ -155.12584, 19.276 ], [ -155.12585, 19.2759 ], [ -155.12578, 19.2758 ], [ -155.12579, 19.2757 ], [ -155.12594, 19.27571 ], [ -155.12605, 19.27577 ], [ -155.12611, 19.27583 ], [ -155.12625, 19.27585 ], [ -155.12631, 19.27582 ], [ -155.12634, 19.27569 ], [ -155.12636, 19.27566 ], [ -155.12645, 19.27566 ], [ -155.1265, 19.2757 ], [ -155.12659, 19.27566 ], [ -155.12662, 19.27559 ], [ -155.12694, 19.27543 ], [ -155.12712, 19.27536 ], [ -155.12716, 19.27528 ], [ -155.12718, 19.27514 ], [ -155.12727, 19.27513 ], [ -155.1274, 19.27516 ], [ -155.12748, 19.27511 ], [ -155.12757, 19.27514 ], [ -155.12767, 19.2752 ], [ -155.12772, 19.27518 ], [ -155.12774, 19.27511 ], [ -155.12776, 19.27498 ], [ -155.12781, 19.27495 ], [ -155.12792, 19.27498 ], [ -155.12806, 19.27498 ], [ -155.12832, 19.2749 ], [ -155.12862, 19.27484 ], [ -155.12881, 19.27477 ], [ -155.12889, 19.27459 ], [ -155.12895, 19.27459 ], [ -155.12912, 19.27429 ], [ -155.12931, 19.27417 ], [ -155.12945, 19.27408 ], [ -155.12977, 19.27396 ], [ -155.13003, 19.27375 ], [ -155.13015, 19.27372 ], [ -155.13069, 19.27334 ], [ -155.13089, 19.27329 ], [ -155.13111, 19.27316 ], [ -155.1313, 19.27318 ], [ -155.13139, 19.27321 ], [ -155.13151, 19.27318 ], [ -155.13183, 19.27323 ], [ -155.13208, 19.2732 ], [ -155.13228, 19.27326 ], [ -155.13234, 19.27327 ], [ -155.13237, 19.27329 ], [ -155.13254, 19.2733 ], [ -155.13286, 19.27327 ], [ -155.13317, 19.2732 ], [ -155.13346, 19.27318 ], [ -155.13371, 19.27317 ], [ -155.13386, 19.27317 ], [ -155.13413, 19.27331 ], [ -155.13462, 19.27326 ], [ -155.13483, 19.27313 ], [ -155.13501, 19.27313 ], [ -155.13511, 19.27321 ], [ -155.13528, 19.27324 ], [ -155.13534, 19.27336 ], [ -155.13555, 19.2734 ], [ -155.13574, 19.27344 ], [ -155.13584, 19.27355 ], [ -155.13599, 19.2736 ], [ -155.13621, 19.27361 ], [ -155.13627, 19.27365 ], [ -155.13631, 19.27373 ], [ -155.13646, 19.27383 ], [ -155.13671, 19.27388 ], [ -155.13683, 19.27391 ], [ -155.1373, 19.27387 ], [ -155.13743, 19.2739 ], [ -155.13766, 19.27399 ], [ -155.13785, 19.27397 ], [ -155.13831, 19.27404 ], [ -155.1386, 19.27404 ], [ -155.13879, 19.274 ], [ -155.13882, 19.27409 ], [ -155.13883, 19.27415 ], [ -155.1389, 19.27419 ], [ -155.13906, 19.27407 ], [ -155.13919, 19.27413 ], [ -155.13929, 19.27417 ], [ -155.13938, 19.27418 ], [ -155.13951, 19.27412 ], [ -155.13969, 19.2741 ], [ -155.13987, 19.27416 ], [ -155.13995, 19.27421 ], [ -155.14004, 19.27419 ], [ -155.14012, 19.27415 ], [ -155.14034, 19.27418 ], [ -155.14047, 19.27413 ], [ -155.1406, 19.27404 ], [ -155.14078, 19.27404 ], [ -155.14098, 19.27393 ], [ -155.1411, 19.27393 ], [ -155.14115, 19.27391 ], [ -155.14136, 19.27374 ], [ -155.14165, 19.27364 ], [ -155.1417, 19.27362 ], [ -155.14176, 19.27347 ], [ -155.14184, 19.2734 ], [ -155.14195, 19.27342 ], [ -155.1421, 19.27326 ], [ -155.14218, 19.27326 ], [ -155.14225, 19.27328 ], [ -155.14232, 19.27329 ], [ -155.1425, 19.27321 ], [ -155.1426, 19.27313 ], [ -155.1427, 19.27311 ], [ -155.14287, 19.27293 ], [ -155.14301, 19.27289 ], [ -155.14317, 19.27289 ], [ -155.14334, 19.27278 ], [ -155.1436, 19.27278 ], [ -155.14381, 19.27271 ], [ -155.14395, 19.27265 ], [ -155.14417, 19.27232 ], [ -155.14431, 19.27197 ], [ -155.14435, 19.27193 ], [ -155.14445, 19.27187 ], [ -155.14455, 19.27165 ], [ -155.14481, 19.27152 ], [ -155.14487, 19.2714 ], [ -155.14491, 19.27131 ], [ -155.14503, 19.27117 ], [ -155.14514, 19.27093 ], [ -155.14528, 19.27089 ], [ -155.14535, 19.27073 ], [ -155.14543, 19.27069 ], [ -155.14564, 19.2706 ], [ -155.14576, 19.27044 ], [ -155.14586, 19.2704 ], [ -155.14598, 19.27036 ], [ -155.14609, 19.27024 ], [ -155.14626, 19.2702 ], [ -155.14635, 19.27022 ], [ -155.14668, 19.27006 ], [ -155.14674, 19.26997 ], [ -155.14691, 19.26991 ], [ -155.14718, 19.26988 ], [ -155.14735, 19.26992 ], [ -155.14764, 19.26981 ], [ -155.14815, 19.26977 ], [ -155.14844, 19.26973 ], [ -155.14866, 19.26964 ], [ -155.14884, 19.26952 ], [ -155.14896, 19.26941 ], [ -155.14915, 19.26919 ], [ -155.14947, 19.26892 ], [ -155.14958, 19.26877 ], [ -155.14965, 19.26859 ], [ -155.14968, 19.26849 ], [ -155.14992, 19.26835 ], [ -155.15011, 19.26813 ], [ -155.15014, 19.26806 ], [ -155.15024, 19.26805 ], [ -155.15029, 19.26799 ], [ -155.15031, 19.2679 ], [ -155.15034, 19.26787 ], [ -155.15052, 19.26784 ], [ -155.15054, 19.26785 ], [ -155.15061, 19.26781 ], [ -155.15068, 19.26769 ], [ -155.15079, 19.26762 ], [ -155.15093, 19.26757 ], [ -155.15107, 19.26744 ], [ -155.15125, 19.26741 ], [ -155.15147, 19.2673 ], [ -155.15166, 19.2673 ], [ -155.15176, 19.26723 ], [ -155.15201, 19.26716 ], [ -155.1522, 19.26701 ], [ -155.1523, 19.267 ], [ -155.15241, 19.26686 ], [ -155.15254, 19.2668 ], [ -155.15267, 19.26681 ], [ -155.15274, 19.26682 ], [ -155.15284, 19.26678 ], [ -155.15299, 19.26678 ], [ -155.15306, 19.26671 ], [ -155.15314, 19.2667 ], [ -155.1532, 19.26672 ], [ -155.15343, 19.26671 ], [ -155.15356, 19.26667 ], [ -155.15361, 19.26661 ], [ -155.1538, 19.26656 ], [ -155.1539, 19.26649 ], [ -155.15409, 19.26643 ], [ -155.15425, 19.26618 ], [ -155.15454, 19.26612 ], [ -155.15473, 19.266 ], [ -155.15496, 19.26596 ], [ -155.15509, 19.26589 ], [ -155.15524, 19.26585 ], [ -155.15534, 19.26585 ], [ -155.15556, 19.26571 ], [ -155.15568, 19.26568 ], [ -155.15575, 19.26568 ], [ -155.15588, 19.26557 ], [ -155.15599, 19.26554 ], [ -155.15608, 19.26556 ], [ -155.15619, 19.26543 ], [ -155.15629, 19.26541 ], [ -155.15644, 19.26544 ], [ -155.15652, 19.26545 ], [ -155.1568, 19.26536 ], [ -155.15693, 19.26529 ], [ -155.15704, 19.26524 ], [ -155.15715, 19.26527 ], [ -155.15727, 19.26532 ], [ -155.15742, 19.26534 ], [ -155.15762, 19.26543 ], [ -155.1577, 19.26549 ], [ -155.15778, 19.26551 ], [ -155.15786, 19.2656 ], [ -155.15805, 19.26565 ], [ -155.15829, 19.26582 ], [ -155.15834, 19.26586 ], [ -155.15857, 19.26584 ], [ -155.15883, 19.26582 ], [ -155.15894, 19.26582 ], [ -155.15908, 19.26576 ], [ -155.1592, 19.26578 ], [ -155.15946, 19.26568 ], [ -155.15959, 19.26569 ], [ -155.15965, 19.26572 ], [ -155.1597, 19.26569 ], [ -155.15986, 19.26568 ], [ -155.16, 19.26572 ], [ -155.16015, 19.26568 ], [ -155.16029, 19.2657 ], [ -155.1604, 19.26564 ], [ -155.16055, 19.26543 ], [ -155.16093, 19.26529 ], [ -155.16109, 19.26523 ], [ -155.16123, 19.26512 ], [ -155.16146, 19.26518 ], [ -155.16171, 19.2652 ], [ -155.16191, 19.26538 ], [ -155.16202, 19.2654 ], [ -155.16218, 19.26524 ], [ -155.16257, 19.26503 ], [ -155.16272, 19.26498 ], [ -155.16298, 19.26496 ], [ -155.16319, 19.26496 ], [ -155.16329, 19.26495 ], [ -155.16352, 19.26498 ], [ -155.16395, 19.26496 ], [ -155.16408, 19.26498 ], [ -155.16421, 19.26507 ], [ -155.16428, 19.26518 ], [ -155.1644, 19.26523 ], [ -155.1647, 19.26528 ], [ -155.16484, 19.2652 ], [ -155.16495, 19.26518 ], [ -155.16515, 19.26519 ], [ -155.16542, 19.26535 ], [ -155.16555, 19.26543 ], [ -155.16583, 19.26548 ], [ -155.16589, 19.26548 ], [ -155.16604, 19.26565 ], [ -155.1663, 19.2657 ], [ -155.16673, 19.26561 ], [ -155.16697, 19.26566 ], [ -155.16704, 19.2657 ], [ -155.16709, 19.26576 ], [ -155.16716, 19.26577 ], [ -155.1673, 19.26579 ], [ -155.16757, 19.26578 ], [ -155.16778, 19.26572 ], [ -155.16797, 19.26576 ], [ -155.16807, 19.26585 ], [ -155.16813, 19.26585 ], [ -155.16821, 19.26582 ], [ -155.16828, 19.26585 ], [ -155.16837, 19.26591 ], [ -155.1686, 19.26596 ], [ -155.16869, 19.2661 ], [ -155.16891, 19.26606 ], [ -155.16926, 19.26597 ], [ -155.16944, 19.26598 ], [ -155.16964, 19.26604 ], [ -155.16993, 19.26605 ], [ -155.17028, 19.26599 ], [ -155.17034, 19.26594 ], [ -155.17046, 19.26565 ], [ -155.17063, 19.26555 ], [ -155.17162, 19.26537 ], [ -155.17175, 19.26534 ], [ -155.17184, 19.26529 ], [ -155.17189, 19.2652 ], [ -155.17209, 19.26514 ], [ -155.17214, 19.26507 ], [ -155.17217, 19.2649 ], [ -155.17224, 19.26479 ], [ -155.17249, 19.26467 ], [ -155.17263, 19.26464 ], [ -155.17296, 19.26452 ], [ -155.17327, 19.26444 ], [ -155.17352, 19.26448 ], [ -155.1739, 19.26442 ], [ -155.17416, 19.26418 ], [ -155.17436, 19.2641 ], [ -155.17481, 19.26405 ], [ -155.17516, 19.2641 ], [ -155.17555, 19.26419 ], [ -155.17561, 19.26424 ], [ -155.17564, 19.26431 ], [ -155.17583, 19.2643 ], [ -155.17595, 19.26428 ], [ -155.17614, 19.26435 ], [ -155.17644, 19.26423 ], [ -155.17686, 19.26415 ], [ -155.17714, 19.26408 ], [ -155.17722, 19.26407 ], [ -155.17731, 19.26396 ], [ -155.17747, 19.26388 ], [ -155.17758, 19.26392 ], [ -155.1778, 19.26402 ], [ -155.17789, 19.26403 ], [ -155.17813, 19.26404 ], [ -155.1787, 19.26402 ], [ -155.17894, 19.26394 ], [ -155.1793, 19.26397 ], [ -155.17952, 19.26403 ], [ -155.17973, 19.26401 ], [ -155.17981, 19.26398 ], [ -155.17999, 19.26398 ], [ -155.18011, 19.26391 ], [ -155.18029, 19.26387 ], [ -155.1805, 19.26388 ], [ -155.1806, 19.26382 ], [ -155.18071, 19.26369 ], [ -155.18087, 19.26363 ], [ -155.18098, 19.26354 ], [ -155.18116, 19.26349 ], [ -155.18135, 19.26353 ], [ -155.18144, 19.26351 ], [ -155.18151, 19.26348 ], [ -155.1817, 19.26348 ], [ -155.18178, 19.26342 ], [ -155.18189, 19.26341 ], [ -155.18202, 19.26344 ], [ -155.1821, 19.26342 ], [ -155.18215, 19.26338 ], [ -155.18227, 19.26336 ], [ -155.18241, 19.26343 ], [ -155.18253, 19.26351 ], [ -155.18269, 19.26351 ], [ -155.18318, 19.26343 ], [ -155.18363, 19.26341 ], [ -155.18382, 19.26346 ], [ -155.18401, 19.26337 ], [ -155.1842, 19.26331 ], [ -155.1844, 19.26334 ], [ -155.18458, 19.26331 ], [ -155.18466, 19.26323 ], [ -155.18467, 19.26313 ], [ -155.18466, 19.26305 ], [ -155.18486, 19.26291 ], [ -155.185, 19.26289 ], [ -155.18515, 19.26279 ], [ -155.18547, 19.26271 ], [ -155.18558, 19.26264 ], [ -155.1857, 19.26253 ], [ -155.18598, 19.2625 ], [ -155.18617, 19.26243 ], [ -155.18629, 19.26234 ], [ -155.18644, 19.26215 ], [ -155.18664, 19.26212 ], [ -155.18694, 19.26215 ], [ -155.18706, 19.26203 ], [ -155.18719, 19.26201 ], [ -155.18735, 19.26202 ], [ -155.18748, 19.2619 ], [ -155.18762, 19.26173 ], [ -155.18795, 19.26165 ], [ -155.18806, 19.26145 ], [ -155.18813, 19.26134 ], [ -155.18839, 19.26127 ], [ -155.18855, 19.26116 ], [ -155.18874, 19.26108 ], [ -155.18894, 19.26101 ], [ -155.18908, 19.26076 ], [ -155.18917, 19.2606 ], [ -155.18944, 19.26024 ], [ -155.18977, 19.25996 ], [ -155.18985, 19.25982 ], [ -155.19006, 19.25897 ], [ -155.19014, 19.25854 ], [ -155.19019, 19.25823 ], [ -155.19024, 19.25806 ], [ -155.1903, 19.25797 ], [ -155.19039, 19.25791 ], [ -155.19049, 19.2579 ], [ -155.19064, 19.25784 ], [ -155.19072, 19.25775 ], [ -155.19075, 19.25769 ], [ -155.19099, 19.25752 ], [ -155.19104, 19.25745 ], [ -155.19118, 19.25704 ], [ -155.19126, 19.25667 ], [ -155.19157, 19.25631 ], [ -155.19187, 19.2561 ], [ -155.19205, 19.25605 ], [ -155.19227, 19.25601 ], [ -155.19253, 19.25589 ], [ -155.19265, 19.25589 ], [ -155.1928, 19.25611 ], [ -155.19292, 19.2562 ], [ -155.19296, 19.25629 ], [ -155.19295, 19.25654 ], [ -155.193, 19.25681 ], [ -155.19323, 19.25711 ], [ -155.19338, 19.2574 ], [ -155.19351, 19.25759 ], [ -155.19352, 19.2577 ], [ -155.19344, 19.25787 ], [ -155.1935, 19.25799 ], [ -155.19352, 19.25804 ], [ -155.19368, 19.25817 ], [ -155.19423, 19.25839 ], [ -155.1945, 19.25843 ], [ -155.19455, 19.25842 ], [ -155.19463, 19.2583 ], [ -155.19468, 19.25822 ], [ -155.19476, 19.25821 ], [ -155.19483, 19.25822 ], [ -155.19514, 19.25815 ], [ -155.19574, 19.25817 ], [ -155.1959, 19.25817 ], [ -155.19612, 19.25831 ], [ -155.19642, 19.25831 ], [ -155.19676, 19.25843 ], [ -155.1969, 19.25844 ], [ -155.19726, 19.25832 ], [ -155.19742, 19.25829 ], [ -155.1975, 19.25814 ], [ -155.19766, 19.25812 ], [ -155.19773, 19.25805 ], [ -155.1979, 19.25805 ], [ -155.19813, 19.25794 ], [ -155.1982, 19.2579 ], [ -155.19831, 19.25774 ], [ -155.19841, 19.25769 ], [ -155.19854, 19.25775 ], [ -155.19865, 19.25774 ], [ -155.19879, 19.25772 ], [ -155.1989, 19.25763 ], [ -155.19896, 19.25761 ], [ -155.19938, 19.25778 ], [ -155.19951, 19.25781 ], [ -155.19959, 19.25779 ], [ -155.1997, 19.25771 ], [ -155.1999, 19.25769 ], [ -155.20004, 19.25757 ], [ -155.20009, 19.25757 ], [ -155.20015, 19.25759 ], [ -155.20025, 19.25756 ], [ -155.20033, 19.25756 ], [ -155.2004, 19.25763 ], [ -155.20061, 19.25763 ], [ -155.20075, 19.25776 ], [ -155.20094, 19.25775 ], [ -155.20114, 19.25783 ], [ -155.20155, 19.25781 ], [ -155.2018, 19.25789 ], [ -155.20284, 19.25795 ], [ -155.20298, 19.25789 ], [ -155.20326, 19.25784 ], [ -155.20354, 19.25788 ], [ -155.20368, 19.25784 ], [ -155.20385, 19.25778 ], [ -155.20403, 19.2578 ], [ -155.20422, 19.25773 ], [ -155.20446, 19.25776 ], [ -155.20459, 19.25767 ], [ -155.20476, 19.25766 ], [ -155.20483, 19.25762 ], [ -155.20487, 19.25757 ], [ -155.20503, 19.2575 ], [ -155.20521, 19.25746 ], [ -155.20537, 19.25735 ], [ -155.20561, 19.25728 ], [ -155.20577, 19.25727 ], [ -155.20589, 19.25705 ], [ -155.20602, 19.25698 ], [ -155.20609, 19.25686 ], [ -155.20609, 19.25672 ], [ -155.20613, 19.25664 ], [ -155.20621, 19.25658 ], [ -155.20631, 19.25658 ], [ -155.20645, 19.25662 ], [ -155.20647, 19.25659 ], [ -155.20646, 19.2565 ], [ -155.2064, 19.25638 ], [ -155.20643, 19.25629 ], [ -155.2065, 19.25622 ], [ -155.2066, 19.25624 ], [ -155.20678, 19.25643 ], [ -155.20687, 19.25644 ], [ -155.20708, 19.25639 ], [ -155.20734, 19.25639 ], [ -155.20752, 19.25644 ], [ -155.20771, 19.25643 ], [ -155.20821, 19.25655 ], [ -155.20831, 19.25663 ], [ -155.20836, 19.25669 ], [ -155.2086, 19.25676 ], [ -155.20864, 19.25683 ], [ -155.20893, 19.25694 ], [ -155.20902, 19.2571 ], [ -155.20907, 19.2571 ], [ -155.20923, 19.25706 ], [ -155.20933, 19.25708 ], [ -155.20977, 19.25725 ], [ -155.20994, 19.25727 ], [ -155.21021, 19.2572 ], [ -155.21025, 19.25721 ], [ -155.21038, 19.25732 ], [ -155.21049, 19.25738 ], [ -155.21058, 19.25756 ], [ -155.21063, 19.25759 ], [ -155.21086, 19.25764 ], [ -155.21093, 19.2577 ], [ -155.21097, 19.25775 ], [ -155.21108, 19.2578 ], [ -155.21133, 19.25786 ], [ -155.21142, 19.2579 ], [ -155.21151, 19.25809 ], [ -155.21159, 19.25809 ], [ -155.21168, 19.25797 ], [ -155.21175, 19.25793 ], [ -155.21186, 19.25794 ], [ -155.21195, 19.25801 ], [ -155.21203, 19.25817 ], [ -155.21216, 19.25827 ], [ -155.21254, 19.25842 ], [ -155.21285, 19.25847 ], [ -155.21305, 19.25847 ], [ -155.21359, 19.25835 ], [ -155.21392, 19.25833 ], [ -155.2141, 19.25832 ], [ -155.21435, 19.25843 ], [ -155.21448, 19.25848 ], [ -155.21475, 19.25846 ], [ -155.21502, 19.25857 ], [ -155.21519, 19.25871 ], [ -155.21534, 19.25904 ], [ -155.21539, 19.25927 ], [ -155.21547, 19.25931 ], [ -155.21563, 19.25929 ], [ -155.2157, 19.25933 ], [ -155.21583, 19.25947 ], [ -155.21592, 19.25953 ], [ -155.21621, 19.25964 ], [ -155.21643, 19.25969 ], [ -155.21664, 19.25969 ], [ -155.2168, 19.25966 ], [ -155.21706, 19.25949 ], [ -155.21751, 19.25935 ], [ -155.21803, 19.25921 ], [ -155.21832, 19.25915 ], [ -155.21874, 19.25916 ], [ -155.21897, 19.25914 ], [ -155.21925, 19.25922 ], [ -155.21932, 19.25948 ], [ -155.21938, 19.25958 ], [ -155.21955, 19.25969 ], [ -155.21961, 19.25978 ], [ -155.21971, 19.26006 ], [ -155.21977, 19.26013 ], [ -155.22047, 19.26031 ], [ -155.22079, 19.26044 ], [ -155.22104, 19.26048 ], [ -155.22114, 19.26054 ], [ -155.22143, 19.26064 ], [ -155.22168, 19.2607 ], [ -155.22195, 19.26067 ], [ -155.222, 19.26068 ], [ -155.22214, 19.26077 ], [ -155.22227, 19.26084 ], [ -155.22237, 19.26088 ], [ -155.2229, 19.26092 ], [ -155.22298, 19.26088 ], [ -155.22298, 19.2607 ], [ -155.22301, 19.26062 ], [ -155.22313, 19.26054 ], [ -155.22319, 19.26053 ], [ -155.22333, 19.26052 ], [ -155.22341, 19.26048 ], [ -155.22359, 19.26029 ], [ -155.22375, 19.26019 ], [ -155.22395, 19.26013 ], [ -155.22432, 19.26013 ], [ -155.22467, 19.26022 ], [ -155.22514, 19.26047 ], [ -155.22525, 19.2605 ], [ -155.22534, 19.26046 ], [ -155.22541, 19.26033 ], [ -155.2255, 19.26035 ], [ -155.22563, 19.26047 ], [ -155.22572, 19.26044 ], [ -155.22585, 19.26051 ], [ -155.22606, 19.26069 ], [ -155.22641, 19.26085 ], [ -155.22678, 19.26098 ], [ -155.22716, 19.2613 ], [ -155.2274, 19.26139 ], [ -155.22755, 19.26142 ], [ -155.22769, 19.2615 ], [ -155.22789, 19.26166 ], [ -155.22828, 19.26185 ], [ -155.22842, 19.26202 ], [ -155.22855, 19.26204 ], [ -155.22868, 19.26193 ], [ -155.22877, 19.26193 ], [ -155.22884, 19.26194 ], [ -155.22893, 19.2619 ], [ -155.22904, 19.26196 ], [ -155.22916, 19.26203 ], [ -155.22928, 19.26206 ], [ -155.22955, 19.26204 ], [ -155.2296, 19.26203 ], [ -155.22972, 19.26205 ], [ -155.22998, 19.26215 ], [ -155.23017, 19.26219 ], [ -155.23034, 19.26228 ], [ -155.2304, 19.26238 ], [ -155.23068, 19.26255 ], [ -155.23098, 19.26261 ], [ -155.23127, 19.26263 ], [ -155.23171, 19.26281 ], [ -155.23192, 19.26278 ], [ -155.23213, 19.26284 ], [ -155.23225, 19.26281 ], [ -155.23228, 19.26277 ], [ -155.23224, 19.2626 ], [ -155.23227, 19.26256 ], [ -155.23238, 19.26255 ], [ -155.23253, 19.26261 ], [ -155.23265, 19.26267 ], [ -155.23276, 19.26263 ], [ -155.23285, 19.26258 ], [ -155.23294, 19.26257 ], [ -155.23304, 19.26269 ], [ -155.23313, 19.26295 ], [ -155.23318, 19.2632 ], [ -155.23313, 19.26333 ], [ -155.2329, 19.2636 ], [ -155.23288, 19.26376 ], [ -155.23292, 19.26385 ], [ -155.23302, 19.26397 ], [ -155.23308, 19.26407 ], [ -155.23308, 19.26429 ], [ -155.233, 19.26454 ], [ -155.23292, 19.26476 ], [ -155.23293, 19.2649 ], [ -155.23286, 19.26508 ], [ -155.23282, 19.26517 ], [ -155.23289, 19.26524 ], [ -155.23301, 19.26525 ], [ -155.23311, 19.26519 ], [ -155.23322, 19.265 ], [ -155.23328, 19.26495 ], [ -155.23349, 19.26495 ], [ -155.2337, 19.26495 ], [ -155.23391, 19.2651 ], [ -155.23409, 19.26523 ], [ -155.23431, 19.26529 ], [ -155.23436, 19.26534 ], [ -155.23436, 19.26552 ], [ -155.23424, 19.26576 ], [ -155.23418, 19.26576 ], [ -155.23415, 19.26582 ], [ -155.23414, 19.26604 ], [ -155.23392, 19.26627 ], [ -155.23406, 19.26642 ], [ -155.23416, 19.26643 ], [ -155.23443, 19.26642 ], [ -155.23458, 19.26645 ], [ -155.23475, 19.26652 ], [ -155.23505, 19.26646 ], [ -155.23536, 19.26651 ], [ -155.23556, 19.26648 ], [ -155.23586, 19.2665 ], [ -155.23625, 19.2666 ], [ -155.23672, 19.26674 ], [ -155.23707, 19.26674 ], [ -155.23728, 19.26679 ], [ -155.23777, 19.26694 ], [ -155.23801, 19.26692 ], [ -155.23821, 19.26686 ], [ -155.23854, 19.26686 ], [ -155.23902, 19.26691 ], [ -155.23917, 19.26698 ], [ -155.23931, 19.26706 ], [ -155.23984, 19.26725 ], [ -155.2402, 19.26749 ], [ -155.24063, 19.26763 ], [ -155.24089, 19.26772 ], [ -155.24115, 19.2679 ], [ -155.24122, 19.26803 ], [ -155.24124, 19.26812 ], [ -155.24129, 19.26819 ], [ -155.24159, 19.26835 ], [ -155.24186, 19.26846 ], [ -155.24215, 19.26859 ], [ -155.24251, 19.26871 ], [ -155.24257, 19.26873 ], [ -155.24274, 19.26869 ], [ -155.24308, 19.26867 ], [ -155.24321, 19.26862 ], [ -155.24356, 19.26858 ], [ -155.24386, 19.26852 ], [ -155.24397, 19.26849 ], [ -155.24425, 19.26839 ], [ -155.24434, 19.26841 ], [ -155.24442, 19.26846 ], [ -155.24489, 19.26823 ], [ -155.24501, 19.26815 ], [ -155.2453, 19.26812 ], [ -155.24556, 19.26814 ], [ -155.24601, 19.26813 ], [ -155.24615, 19.26808 ], [ -155.24638, 19.2679 ], [ -155.24646, 19.26789 ], [ -155.24656, 19.26792 ], [ -155.24667, 19.26792 ], [ -155.24682, 19.26792 ], [ -155.24697, 19.26784 ], [ -155.24712, 19.26772 ], [ -155.24721, 19.26769 ], [ -155.24733, 19.26771 ], [ -155.24749, 19.26776 ], [ -155.24786, 19.26772 ], [ -155.24824, 19.26778 ], [ -155.24853, 19.26775 ], [ -155.24876, 19.26785 ], [ -155.2489, 19.26782 ], [ -155.24907, 19.26781 ], [ -155.2493, 19.2679 ], [ -155.2494, 19.26788 ], [ -155.24959, 19.26776 ], [ -155.24973, 19.26776 ], [ -155.25019, 19.268 ], [ -155.25048, 19.26821 ], [ -155.25066, 19.26835 ], [ -155.25111, 19.26858 ], [ -155.2513, 19.26869 ], [ -155.25143, 19.26878 ], [ -155.25177, 19.26892 ], [ -155.2523, 19.26935 ], [ -155.25244, 19.26941 ], [ -155.25272, 19.26949 ], [ -155.25312, 19.26955 ], [ -155.25346, 19.26956 ], [ -155.2536, 19.26961 ], [ -155.25411, 19.26992 ], [ -155.2543, 19.27008 ], [ -155.25468, 19.27016 ], [ -155.25489, 19.27027 ], [ -155.25511, 19.27046 ], [ -155.25523, 19.27053 ], [ -155.25534, 19.2705 ], [ -155.25567, 19.27033 ], [ -155.25581, 19.27021 ], [ -155.25587, 19.27007 ], [ -155.25588, 19.26995 ], [ -155.25595, 19.26984 ], [ -155.25608, 19.26976 ], [ -155.25655, 19.26951 ], [ -155.25673, 19.26945 ], [ -155.25691, 19.26943 ], [ -155.25705, 19.26936 ], [ -155.25716, 19.26929 ], [ -155.25733, 19.26925 ], [ -155.25752, 19.26922 ], [ -155.25782, 19.26927 ], [ -155.25797, 19.26926 ], [ -155.2583, 19.26915 ], [ -155.25847, 19.26917 ], [ -155.25867, 19.26929 ], [ -155.25909, 19.26938 ], [ -155.2592, 19.26952 ], [ -155.25931, 19.26987 ], [ -155.25937, 19.27011 ], [ -155.25945, 19.27023 ], [ -155.25965, 19.27041 ], [ -155.25985, 19.27048 ], [ -155.26004, 19.2705 ], [ -155.26011, 19.27054 ], [ -155.26023, 19.27073 ], [ -155.26034, 19.27083 ], [ -155.26038, 19.27091 ], [ -155.26034, 19.27099 ], [ -155.26032, 19.27107 ], [ -155.26034, 19.27112 ], [ -155.26058, 19.27119 ], [ -155.26103, 19.27127 ], [ -155.26123, 19.27131 ], [ -155.26167, 19.27123 ], [ -155.26227, 19.27123 ], [ -155.26249, 19.27117 ], [ -155.26281, 19.27102 ], [ -155.26291, 19.271 ], [ -155.26361, 19.27063 ], [ -155.26372, 19.27049 ], [ -155.26391, 19.27019 ], [ -155.264, 19.27006 ], [ -155.26415, 19.26994 ], [ -155.26437, 19.26983 ], [ -155.26455, 19.26984 ], [ -155.26466, 19.26975 ], [ -155.26475, 19.26968 ], [ -155.26495, 19.26964 ], [ -155.26505, 19.26968 ], [ -155.26524, 19.26979 ], [ -155.26536, 19.26981 ], [ -155.26551, 19.26974 ], [ -155.26558, 19.26948 ], [ -155.26567, 19.26948 ], [ -155.26571, 19.26954 ], [ -155.26584, 19.26951 ], [ -155.26593, 19.26939 ], [ -155.26596, 19.26911 ], [ -155.26597, 19.26905 ], [ -155.26611, 19.26899 ], [ -155.26612, 19.26893 ], [ -155.26608, 19.26876 ], [ -155.26613, 19.26865 ], [ -155.26617, 19.26865 ], [ -155.26626, 19.26869 ], [ -155.26651, 19.26869 ], [ -155.26663, 19.26865 ], [ -155.26667, 19.26869 ], [ -155.2667, 19.26879 ], [ -155.26692, 19.26884 ], [ -155.26705, 19.26882 ], [ -155.2675, 19.26873 ], [ -155.26767, 19.2687 ], [ -155.26766, 19.26863 ], [ -155.26768, 19.26858 ], [ -155.26773, 19.26857 ], [ -155.26782, 19.26859 ], [ -155.26786, 19.26846 ], [ -155.26785, 19.26829 ], [ -155.26789, 19.26829 ], [ -155.26798, 19.26845 ], [ -155.268, 19.26847 ], [ -155.26828, 19.2684 ], [ -155.26843, 19.26838 ], [ -155.26856, 19.26843 ], [ -155.26862, 19.26841 ], [ -155.26868, 19.2683 ], [ -155.26873, 19.2683 ], [ -155.26878, 19.26835 ], [ -155.26893, 19.26837 ], [ -155.26903, 19.26846 ], [ -155.26916, 19.26845 ], [ -155.26933, 19.26842 ], [ -155.26962, 19.2684 ], [ -155.27035, 19.26813 ], [ -155.27071, 19.26797 ], [ -155.27099, 19.26779 ], [ -155.27117, 19.26784 ], [ -155.27135, 19.26792 ], [ -155.27154, 19.26793 ], [ -155.27191, 19.26786 ], [ -155.27256, 19.26766 ], [ -155.27282, 19.26763 ], [ -155.27297, 19.26757 ], [ -155.27326, 19.2674 ], [ -155.27336, 19.26725 ], [ -155.27369, 19.2671 ], [ -155.2738, 19.26694 ], [ -155.27383, 19.26678 ], [ -155.27388, 19.26668 ], [ -155.27391, 19.26662 ], [ -155.27424, 19.26643 ], [ -155.27431, 19.26646 ], [ -155.27444, 19.26649 ], [ -155.27463, 19.26646 ], [ -155.27479, 19.26638 ], [ -155.27513, 19.26615 ], [ -155.27516, 19.26608 ], [ -155.27511, 19.26598 ], [ -155.27507, 19.26591 ], [ -155.27508, 19.26584 ], [ -155.27518, 19.26576 ], [ -155.27539, 19.26552 ], [ -155.27562, 19.26548 ], [ -155.27593, 19.26531 ], [ -155.27616, 19.26522 ], [ -155.27622, 19.26524 ], [ -155.27622, 19.26541 ], [ -155.27619, 19.26583 ], [ -155.27625, 19.26599 ], [ -155.2765, 19.26607 ], [ -155.27679, 19.26619 ], [ -155.27696, 19.26623 ], [ -155.27736, 19.26648 ], [ -155.27757, 19.26657 ], [ -155.27794, 19.26667 ], [ -155.27827, 19.26675 ], [ -155.27857, 19.26676 ], [ -155.27879, 19.26674 ], [ -155.27907, 19.26672 ], [ -155.27932, 19.26667 ], [ -155.28014, 19.2664 ], [ -155.28049, 19.26627 ], [ -155.28081, 19.26624 ], [ -155.28167, 19.26631 ], [ -155.2818, 19.26631 ], [ -155.28203, 19.26626 ], [ -155.28234, 19.26621 ], [ -155.28278, 19.26613 ], [ -155.28403, 19.26576 ], [ -155.28446, 19.26567 ], [ -155.2852, 19.26539 ], [ -155.2854, 19.26527 ], [ -155.28561, 19.26504 ], [ -155.28576, 19.26478 ], [ -155.28595, 19.26457 ], [ -155.28598, 19.26443 ], [ -155.286, 19.26417 ], [ -155.28608, 19.26406 ], [ -155.28618, 19.26403 ], [ -155.28622, 19.26409 ], [ -155.28625, 19.26419 ], [ -155.28631, 19.2642 ], [ -155.28642, 19.26415 ], [ -155.28677, 19.26402 ], [ -155.28689, 19.26393 ], [ -155.28709, 19.26381 ], [ -155.28727, 19.26366 ], [ -155.28752, 19.26357 ], [ -155.28773, 19.26356 ], [ -155.28792, 19.26361 ], [ -155.28841, 19.26374 ], [ -155.28854, 19.26373 ], [ -155.28868, 19.2637 ], [ -155.28882, 19.26374 ], [ -155.28901, 19.26379 ], [ -155.28928, 19.26384 ], [ -155.28941, 19.26381 ], [ -155.28955, 19.26369 ], [ -155.2896, 19.2636 ], [ -155.28966, 19.26361 ], [ -155.28977, 19.26367 ], [ -155.29007, 19.26377 ], [ -155.29032, 19.26381 ], [ -155.29055, 19.2637 ], [ -155.29064, 19.26364 ], [ -155.29069, 19.26363 ], [ -155.29077, 19.26363 ], [ -155.29078, 19.26356 ], [ -155.29083, 19.26354 ], [ -155.29086, 19.2634 ], [ -155.29089, 19.2634 ], [ -155.29093, 19.26345 ], [ -155.29098, 19.26348 ], [ -155.29105, 19.26358 ], [ -155.29115, 19.26358 ], [ -155.29145, 19.26351 ], [ -155.29171, 19.26334 ], [ -155.29223, 19.26344 ], [ -155.29241, 19.26347 ], [ -155.29258, 19.26353 ], [ -155.2926, 19.26349 ], [ -155.2926, 19.26336 ], [ -155.29262, 19.26334 ], [ -155.29273, 19.26334 ], [ -155.29291, 19.26326 ], [ -155.29298, 19.26327 ], [ -155.29301, 19.26338 ], [ -155.29306, 19.26341 ], [ -155.29318, 19.26337 ], [ -155.29324, 19.26326 ], [ -155.29329, 19.26327 ], [ -155.29334, 19.2633 ], [ -155.29349, 19.26329 ], [ -155.29356, 19.26333 ], [ -155.29369, 19.2633 ], [ -155.29413, 19.2631 ], [ -155.2942, 19.26297 ], [ -155.29449, 19.26284 ], [ -155.2947, 19.26263 ], [ -155.29483, 19.26249 ], [ -155.29489, 19.26241 ], [ -155.29519, 19.26232 ], [ -155.2954, 19.26217 ], [ -155.29547, 19.26211 ], [ -155.29563, 19.26207 ], [ -155.29582, 19.26194 ], [ -155.29593, 19.26181 ], [ -155.29599, 19.26166 ], [ -155.29614, 19.26159 ], [ -155.29627, 19.26141 ], [ -155.29634, 19.26134 ], [ -155.29653, 19.26134 ], [ -155.29674, 19.26117 ], [ -155.29687, 19.26103 ], [ -155.29699, 19.26098 ], [ -155.29705, 19.261 ], [ -155.29713, 19.26095 ], [ -155.29725, 19.26094 ], [ -155.29729, 19.26091 ], [ -155.2973, 19.26082 ], [ -155.2974, 19.2608 ], [ -155.29755, 19.26079 ], [ -155.29766, 19.26067 ], [ -155.29786, 19.26059 ], [ -155.29799, 19.26048 ], [ -155.29809, 19.2604 ], [ -155.29816, 19.26029 ], [ -155.29841, 19.26012 ], [ -155.29851, 19.26 ], [ -155.29858, 19.26 ], [ -155.29871, 19.26002 ], [ -155.29898, 19.25994 ], [ -155.29936, 19.25974 ], [ -155.29948, 19.25971 ], [ -155.29968, 19.25974 ], [ -155.29978, 19.25975 ], [ -155.30008, 19.2596 ], [ -155.30026, 19.25948 ], [ -155.30028, 19.25938 ], [ -155.30027, 19.25928 ], [ -155.30034, 19.25925 ], [ -155.30048, 19.2592 ], [ -155.30075, 19.25896 ], [ -155.30112, 19.25877 ], [ -155.30124, 19.2587 ], [ -155.30127, 19.25859 ], [ -155.30132, 19.25842 ], [ -155.30138, 19.25834 ], [ -155.30159, 19.25799 ], [ -155.3018, 19.25749 ], [ -155.302, 19.25728 ], [ -155.30216, 19.25722 ], [ -155.30228, 19.25702 ], [ -155.30256, 19.2569 ], [ -155.30275, 19.25674 ], [ -155.30294, 19.25664 ], [ -155.30304, 19.25653 ], [ -155.30327, 19.25643 ], [ -155.30337, 19.25633 ], [ -155.30354, 19.25608 ], [ -155.30367, 19.256 ], [ -155.3038, 19.25595 ], [ -155.30409, 19.25571 ], [ -155.3043, 19.25557 ], [ -155.30444, 19.25544 ], [ -155.30455, 19.25536 ], [ -155.30471, 19.25518 ], [ -155.30487, 19.25502 ], [ -155.30495, 19.25491 ], [ -155.30502, 19.25472 ], [ -155.30512, 19.25463 ], [ -155.30526, 19.25452 ], [ -155.30552, 19.25421 ], [ -155.30568, 19.25403 ], [ -155.30577, 19.25382 ], [ -155.30586, 19.25362 ], [ -155.30603, 19.25346 ], [ -155.30614, 19.25332 ], [ -155.30638, 19.25303 ], [ -155.30646, 19.25295 ], [ -155.30647, 19.25283 ], [ -155.30653, 19.2527 ], [ -155.30659, 19.25252 ], [ -155.30665, 19.25236 ], [ -155.30663, 19.2522 ], [ -155.30682, 19.25207 ], [ -155.3069, 19.25192 ], [ -155.30696, 19.25182 ], [ -155.3071, 19.25172 ], [ -155.30725, 19.25148 ], [ -155.30739, 19.25131 ], [ -155.30756, 19.25107 ], [ -155.30763, 19.25083 ], [ -155.30774, 19.25065 ], [ -155.30809, 19.25026 ], [ -155.30826, 19.25009 ], [ -155.30845, 19.25001 ], [ -155.30872, 19.24984 ], [ -155.30885, 19.24975 ], [ -155.30889, 19.24967 ], [ -155.30887, 19.2495 ], [ -155.30892, 19.24944 ], [ -155.30906, 19.2494 ], [ -155.3092, 19.24929 ], [ -155.3092, 19.2491 ], [ -155.30917, 19.24901 ], [ -155.30925, 19.24895 ], [ -155.30939, 19.24895 ], [ -155.30944, 19.24892 ], [ -155.30953, 19.2488 ], [ -155.3096, 19.24868 ], [ -155.30968, 19.24866 ], [ -155.30973, 19.24859 ], [ -155.30978, 19.24845 ], [ -155.31002, 19.24819 ], [ -155.3104, 19.24786 ], [ -155.31055, 19.24776 ], [ -155.31075, 19.24758 ], [ -155.3108, 19.24745 ], [ -155.31093, 19.24731 ], [ -155.31108, 19.24729 ], [ -155.31117, 19.24729 ], [ -155.31122, 19.24724 ], [ -155.31122, 19.24714 ], [ -155.3113, 19.24699 ], [ -155.31134, 19.24693 ], [ -155.31138, 19.24691 ], [ -155.3115, 19.24694 ], [ -155.31167, 19.24691 ], [ -155.312, 19.24679 ], [ -155.31212, 19.24668 ], [ -155.31216, 19.24657 ], [ -155.31227, 19.24646 ], [ -155.31239, 19.24645 ], [ -155.31246, 19.2464 ], [ -155.31261, 19.24635 ], [ -155.313, 19.24599 ], [ -155.31312, 19.24594 ], [ -155.3131, 19.24586 ], [ -155.3131, 19.24578 ], [ -155.31319, 19.2457 ], [ -155.31343, 19.24555 ], [ -155.31349, 19.24544 ], [ -155.31364, 19.24531 ], [ -155.31371, 19.24521 ], [ -155.31374, 19.24505 ], [ -155.31381, 19.24502 ], [ -155.3139, 19.24493 ], [ -155.31401, 19.24472 ], [ -155.31402, 19.24463 ], [ -155.31405, 19.2446 ], [ -155.31421, 19.24454 ], [ -155.31432, 19.24443 ], [ -155.31444, 19.24426 ], [ -155.31449, 19.24407 ], [ -155.31459, 19.244 ], [ -155.31472, 19.24398 ], [ -155.31479, 19.24394 ], [ -155.31505, 19.24376 ], [ -155.31513, 19.24367 ], [ -155.3153, 19.24344 ], [ -155.31531, 19.2434 ], [ -155.31534, 19.24338 ], [ -155.31538, 19.2434 ], [ -155.3154, 19.24348 ], [ -155.31542, 19.24351 ], [ -155.31546, 19.24349 ], [ -155.31549, 19.24329 ], [ -155.31557, 19.24314 ], [ -155.3159, 19.24294 ], [ -155.31595, 19.24294 ], [ -155.31607, 19.2429 ], [ -155.31616, 19.24282 ], [ -155.31617, 19.24274 ], [ -155.31615, 19.24262 ], [ -155.31624, 19.24243 ], [ -155.31632, 19.24241 ], [ -155.31636, 19.24243 ], [ -155.31644, 19.24242 ], [ -155.31646, 19.24239 ], [ -155.31653, 19.24235 ], [ -155.31662, 19.24237 ], [ -155.31684, 19.24225 ], [ -155.31697, 19.24225 ], [ -155.31733, 19.2421 ], [ -155.31766, 19.24186 ], [ -155.31774, 19.24177 ], [ -155.318, 19.24175 ], [ -155.31801, 19.24171 ], [ -155.31807, 19.24165 ], [ -155.31815, 19.24165 ], [ -155.31837, 19.24155 ], [ -155.31839, 19.24151 ], [ -155.3185, 19.24145 ], [ -155.31862, 19.24147 ], [ -155.31876, 19.24131 ], [ -155.31894, 19.24131 ], [ -155.31905, 19.24124 ], [ -155.31905, 19.24112 ], [ -155.31913, 19.24108 ], [ -155.3192, 19.24099 ], [ -155.31924, 19.24098 ], [ -155.31935, 19.24091 ], [ -155.3195, 19.24085 ], [ -155.31971, 19.24083 ], [ -155.31983, 19.24086 ], [ -155.32, 19.24083 ], [ -155.32012, 19.24085 ], [ -155.32029, 19.24083 ], [ -155.3204, 19.24079 ], [ -155.32057, 19.24073 ], [ -155.32065, 19.24069 ], [ -155.32077, 19.24063 ], [ -155.3209, 19.24063 ], [ -155.32098, 19.24061 ], [ -155.32103, 19.24044 ], [ -155.32111, 19.24042 ], [ -155.32119, 19.24043 ], [ -155.32131, 19.24042 ], [ -155.32133, 19.24039 ], [ -155.32136, 19.24037 ], [ -155.32145, 19.24037 ], [ -155.32169, 19.24031 ], [ -155.32186, 19.24033 ], [ -155.3219, 19.24031 ], [ -155.32198, 19.24021 ], [ -155.32215, 19.24021 ], [ -155.32216, 19.24018 ], [ -155.32238, 19.24006 ], [ -155.32247, 19.23998 ], [ -155.32252, 19.23996 ], [ -155.32257, 19.23991 ], [ -155.32263, 19.23992 ], [ -155.32271, 19.23995 ], [ -155.32292, 19.2399 ], [ -155.32305, 19.23992 ], [ -155.32307, 19.23995 ], [ -155.32317, 19.23995 ], [ -155.32348, 19.23982 ], [ -155.32369, 19.2398 ], [ -155.32373, 19.23965 ], [ -155.32389, 19.23968 ], [ -155.32401, 19.23963 ], [ -155.32407, 19.23949 ], [ -155.32429, 19.23951 ], [ -155.32441, 19.23948 ], [ -155.32445, 19.23937 ], [ -155.32451, 19.2393 ], [ -155.32455, 19.2393 ], [ -155.32463, 19.23934 ], [ -155.32491, 19.23927 ], [ -155.32502, 19.23922 ], [ -155.32519, 19.2391 ], [ -155.32533, 19.23891 ], [ -155.32539, 19.23886 ], [ -155.32551, 19.23888 ], [ -155.3256, 19.23887 ], [ -155.3257, 19.2388 ], [ -155.32569, 19.23867 ], [ -155.32571, 19.23855 ], [ -155.32583, 19.23849 ], [ -155.32599, 19.23853 ], [ -155.32611, 19.23847 ], [ -155.32623, 19.23847 ], [ -155.32644, 19.23845 ], [ -155.32659, 19.23837 ], [ -155.32667, 19.23827 ], [ -155.32684, 19.23825 ], [ -155.3269, 19.2382 ], [ -155.32692, 19.23809 ], [ -155.32699, 19.23803 ], [ -155.32712, 19.23803 ], [ -155.32725, 19.23801 ], [ -155.32728, 19.23798 ], [ -155.32736, 19.2379 ], [ -155.3276, 19.23786 ], [ -155.32778, 19.23776 ], [ -155.32795, 19.23774 ], [ -155.32806, 19.23768 ], [ -155.32813, 19.23759 ], [ -155.32818, 19.23752 ], [ -155.3283, 19.23748 ], [ -155.32843, 19.23749 ], [ -155.32853, 19.23743 ], [ -155.32855, 19.2373 ], [ -155.32889, 19.23727 ], [ -155.32902, 19.23724 ], [ -155.32928, 19.2371 ], [ -155.3294, 19.23707 ], [ -155.32944, 19.23709 ], [ -155.32953, 19.23723 ], [ -155.3296, 19.23726 ], [ -155.32968, 19.23725 ], [ -155.32981, 19.23711 ], [ -155.32987, 19.23698 ], [ -155.32983, 19.23695 ], [ -155.32989, 19.23685 ], [ -155.32997, 19.23676 ], [ -155.33002, 19.23676 ], [ -155.33009, 19.23681 ], [ -155.33013, 19.23681 ], [ -155.33029, 19.23674 ], [ -155.33032, 19.23677 ], [ -155.33032, 19.23681 ], [ -155.33034, 19.23685 ], [ -155.33038, 19.23685 ], [ -155.3305, 19.23681 ], [ -155.33059, 19.23672 ], [ -155.33084, 19.23666 ], [ -155.33088, 19.23655 ], [ -155.33091, 19.23652 ], [ -155.33108, 19.23653 ], [ -155.3312, 19.23648 ], [ -155.33126, 19.23643 ], [ -155.33146, 19.23637 ], [ -155.33151, 19.2363 ], [ -155.33152, 19.23623 ], [ -155.33147, 19.23616 ], [ -155.33143, 19.23601 ], [ -155.33133, 19.23592 ], [ -155.33131, 19.23585 ], [ -155.33134, 19.23577 ], [ -155.33152, 19.23566 ], [ -155.3317, 19.23565 ], [ -155.3319, 19.23568 ], [ -155.33198, 19.23569 ], [ -155.33204, 19.23562 ], [ -155.33208, 19.23539 ], [ -155.33211, 19.23537 ], [ -155.33241, 19.2354 ], [ -155.33258, 19.23537 ], [ -155.33277, 19.23527 ], [ -155.33309, 19.23502 ], [ -155.33321, 19.23499 ], [ -155.33338, 19.23502 ], [ -155.33348, 19.235 ], [ -155.3337, 19.23495 ], [ -155.33384, 19.23486 ], [ -155.33414, 19.2347 ], [ -155.33438, 19.23446 ], [ -155.33444, 19.23436 ], [ -155.33448, 19.23423 ], [ -155.33454, 19.23417 ], [ -155.3347, 19.23412 ], [ -155.33487, 19.23401 ], [ -155.33498, 19.23383 ], [ -155.33506, 19.23373 ], [ -155.33532, 19.23359 ], [ -155.33562, 19.23336 ], [ -155.33568, 19.23325 ], [ -155.3357, 19.23305 ], [ -155.33565, 19.23281 ], [ -155.33566, 19.2327 ], [ -155.33573, 19.23265 ], [ -155.33613, 19.23256 ], [ -155.33627, 19.23247 ], [ -155.33678, 19.23229 ], [ -155.33692, 19.2322 ], [ -155.33718, 19.232 ], [ -155.33756, 19.23136 ], [ -155.33772, 19.23123 ], [ -155.33794, 19.23118 ], [ -155.33812, 19.23121 ], [ -155.33838, 19.23115 ], [ -155.33848, 19.23109 ], [ -155.33859, 19.23096 ], [ -155.33874, 19.23072 ], [ -155.33877, 19.23052 ], [ -155.33876, 19.23038 ], [ -155.33863, 19.23011 ], [ -155.33856, 19.23002 ], [ -155.33852, 19.22989 ], [ -155.33848, 19.22969 ], [ -155.3385, 19.22956 ], [ -155.33868, 19.2293 ], [ -155.33892, 19.22908 ], [ -155.3391, 19.22885 ], [ -155.33937, 19.22843 ], [ -155.3396, 19.22804 ], [ -155.3397, 19.22796 ], [ -155.33987, 19.228 ], [ -155.3399, 19.22796 ], [ -155.33994, 19.22764 ], [ -155.33999, 19.22749 ], [ -155.34005, 19.2273 ], [ -155.34019, 19.22714 ], [ -155.34033, 19.22707 ], [ -155.34046, 19.22697 ], [ -155.34063, 19.22674 ], [ -155.34075, 19.22664 ], [ -155.34096, 19.22639 ], [ -155.34107, 19.22613 ], [ -155.34109, 19.22592 ], [ -155.34116, 19.22558 ], [ -155.34119, 19.22516 ], [ -155.34122, 19.22508 ], [ -155.34129, 19.22503 ], [ -155.34145, 19.22502 ], [ -155.34162, 19.22502 ], [ -155.34198, 19.22496 ], [ -155.3421, 19.22495 ], [ -155.34218, 19.22486 ], [ -155.34232, 19.22477 ], [ -155.34256, 19.22432 ], [ -155.34281, 19.2238 ], [ -155.34287, 19.22344 ], [ -155.34293, 19.22333 ], [ -155.34306, 19.22299 ], [ -155.34318, 19.22259 ], [ -155.34325, 19.22187 ], [ -155.34323, 19.22167 ], [ -155.34325, 19.22136 ], [ -155.34322, 19.22115 ], [ -155.34326, 19.22107 ], [ -155.34343, 19.22089 ], [ -155.34348, 19.22069 ], [ -155.34351, 19.22067 ], [ -155.34355, 19.22054 ], [ -155.34362, 19.22019 ], [ -155.34356, 19.22002 ], [ -155.34358, 19.21999 ], [ -155.34378, 19.21992 ], [ -155.34385, 19.21987 ], [ -155.34395, 19.21968 ], [ -155.34397, 19.21952 ], [ -155.34393, 19.21932 ], [ -155.34382, 19.21915 ], [ -155.3438, 19.21907 ], [ -155.34385, 19.21892 ], [ -155.34397, 19.21876 ], [ -155.34439, 19.21854 ], [ -155.34475, 19.21832 ], [ -155.34487, 19.21827 ], [ -155.34508, 19.21831 ], [ -155.34511, 19.21828 ], [ -155.34528, 19.21786 ], [ -155.3454, 19.21775 ], [ -155.34574, 19.21757 ], [ -155.34597, 19.2174 ], [ -155.34618, 19.21715 ], [ -155.34633, 19.21688 ], [ -155.34639, 19.2166 ], [ -155.34639, 19.2164 ], [ -155.34634, 19.21633 ], [ -155.34622, 19.21629 ], [ -155.34619, 19.21625 ], [ -155.34613, 19.2161 ], [ -155.34615, 19.21585 ], [ -155.34615, 19.21568 ], [ -155.34619, 19.21552 ], [ -155.34623, 19.21546 ], [ -155.34636, 19.21548 ], [ -155.34645, 19.21556 ], [ -155.34653, 19.21558 ], [ -155.34657, 19.21555 ], [ -155.34664, 19.21545 ], [ -155.34665, 19.21523 ], [ -155.34657, 19.21505 ], [ -155.34649, 19.21491 ], [ -155.34645, 19.2148 ], [ -155.34648, 19.21477 ], [ -155.34662, 19.2148 ], [ -155.34674, 19.21475 ], [ -155.34681, 19.21471 ], [ -155.34683, 19.21463 ], [ -155.34679, 19.21456 ], [ -155.34676, 19.21449 ], [ -155.34679, 19.21441 ], [ -155.34686, 19.21436 ], [ -155.34699, 19.21434 ], [ -155.34725, 19.21438 ], [ -155.34742, 19.21436 ], [ -155.34749, 19.21432 ], [ -155.34758, 19.21419 ], [ -155.34766, 19.214 ], [ -155.34772, 19.21372 ], [ -155.34782, 19.21359 ], [ -155.34786, 19.21348 ], [ -155.3479, 19.21337 ], [ -155.34809, 19.21327 ], [ -155.34837, 19.21316 ], [ -155.34858, 19.21309 ], [ -155.34862, 19.21302 ], [ -155.3486, 19.21286 ], [ -155.34859, 19.21244 ], [ -155.34863, 19.21238 ], [ -155.34877, 19.21229 ], [ -155.34925, 19.21212 ], [ -155.34954, 19.21208 ], [ -155.34975, 19.21222 ], [ -155.34991, 19.21225 ], [ -155.35008, 19.21221 ], [ -155.35017, 19.21221 ], [ -155.35021, 19.21223 ], [ -155.35042, 19.21221 ], [ -155.35045, 19.21219 ], [ -155.3506, 19.21205 ], [ -155.35084, 19.21199 ], [ -155.35092, 19.2119 ], [ -155.35102, 19.21183 ], [ -155.35113, 19.21177 ], [ -155.35161, 19.21144 ], [ -155.35179, 19.21135 ], [ -155.35188, 19.21127 ], [ -155.35204, 19.21123 ], [ -155.35241, 19.21085 ], [ -155.35243, 19.21081 ], [ -155.35262, 19.21064 ], [ -155.35281, 19.21056 ], [ -155.35299, 19.21057 ], [ -155.35306, 19.21053 ], [ -155.35315, 19.21024 ], [ -155.35329, 19.20994 ], [ -155.35338, 19.20963 ], [ -155.35346, 19.20948 ], [ -155.35367, 19.2093 ], [ -155.3538, 19.20928 ], [ -155.35397, 19.20928 ], [ -155.35417, 19.20926 ], [ -155.35426, 19.20923 ], [ -155.35448, 19.209 ], [ -155.35455, 19.2089 ], [ -155.35456, 19.20881 ], [ -155.3546, 19.20854 ], [ -155.35469, 19.20838 ], [ -155.35478, 19.2083 ], [ -155.35499, 19.20826 ], [ -155.35519, 19.20819 ], [ -155.35533, 19.20804 ], [ -155.35546, 19.208 ], [ -155.35598, 19.20778 ], [ -155.35641, 19.20758 ], [ -155.35654, 19.20747 ], [ -155.35667, 19.20709 ], [ -155.35681, 19.20707 ], [ -155.35725, 19.20704 ], [ -155.35743, 19.20676 ], [ -155.35746, 19.2066 ], [ -155.35749, 19.20658 ], [ -155.35747, 19.2065 ], [ -155.35734, 19.20641 ], [ -155.35736, 19.20637 ], [ -155.35745, 19.20635 ], [ -155.35754, 19.20634 ], [ -155.35759, 19.20622 ], [ -155.35758, 19.20619 ], [ -155.35754, 19.20611 ], [ -155.35755, 19.20607 ], [ -155.35758, 19.20604 ], [ -155.35762, 19.20605 ], [ -155.35777, 19.2061 ], [ -155.35786, 19.2061 ], [ -155.35789, 19.20608 ], [ -155.35794, 19.20596 ], [ -155.35795, 19.2058 ], [ -155.35798, 19.20577 ], [ -155.35803, 19.20578 ], [ -155.3581, 19.20575 ], [ -155.35813, 19.20567 ], [ -155.35821, 19.20563 ], [ -155.35825, 19.20565 ], [ -155.35832, 19.20574 ], [ -155.35846, 19.20573 ], [ -155.35861, 19.20566 ], [ -155.35869, 19.20564 ], [ -155.35879, 19.20558 ], [ -155.35897, 19.20547 ], [ -155.35907, 19.20539 ], [ -155.35923, 19.20538 ], [ -155.3593, 19.20543 ], [ -155.35938, 19.20546 ], [ -155.35946, 19.20544 ], [ -155.35955, 19.20535 ], [ -155.35963, 19.20527 ], [ -155.35976, 19.20522 ], [ -155.36, 19.20508 ], [ -155.36021, 19.20493 ], [ -155.36069, 19.20491 ], [ -155.36094, 19.20485 ], [ -155.3613, 19.20472 ], [ -155.36155, 19.20456 ], [ -155.36162, 19.20443 ], [ -155.3617, 19.20434 ], [ -155.36177, 19.20431 ], [ -155.36185, 19.2043 ], [ -155.36208, 19.2044 ], [ -155.36221, 19.20439 ], [ -155.36232, 19.20432 ], [ -155.36232, 19.20424 ], [ -155.36228, 19.20413 ], [ -155.36232, 19.20406 ], [ -155.36244, 19.20409 ], [ -155.36266, 19.20408 ], [ -155.36268, 19.20405 ], [ -155.3627, 19.20393 ], [ -155.36278, 19.20384 ], [ -155.36304, 19.20388 ], [ -155.3632, 19.20386 ], [ -155.36328, 19.20377 ], [ -155.36336, 19.20368 ], [ -155.36341, 19.20368 ], [ -155.36348, 19.20373 ], [ -155.36352, 19.20373 ], [ -155.36415, 19.20351 ], [ -155.36494, 19.20328 ], [ -155.36507, 19.20313 ], [ -155.36538, 19.20302 ], [ -155.36556, 19.20291 ], [ -155.36572, 19.20278 ], [ -155.36585, 19.20273 ], [ -155.36599, 19.20281 ], [ -155.36606, 19.20284 ], [ -155.36614, 19.20282 ], [ -155.36632, 19.2027 ], [ -155.36634, 19.20262 ], [ -155.36637, 19.20259 ], [ -155.36641, 19.20259 ], [ -155.36658, 19.20263 ], [ -155.36665, 19.20261 ], [ -155.36678, 19.20261 ], [ -155.36699, 19.20256 ], [ -155.36712, 19.20246 ], [ -155.36715, 19.20239 ], [ -155.36711, 19.20232 ], [ -155.36715, 19.20224 ], [ -155.36719, 19.20224 ], [ -155.36727, 19.20227 ], [ -155.3676, 19.20222 ], [ -155.36787, 19.2021 ], [ -155.36809, 19.20198 ], [ -155.36811, 19.2019 ], [ -155.36809, 19.20178 ], [ -155.36813, 19.2017 ], [ -155.36821, 19.20168 ], [ -155.36829, 19.20172 ], [ -155.36841, 19.20172 ], [ -155.36886, 19.20162 ], [ -155.36911, 19.20155 ], [ -155.36958, 19.20126 ], [ -155.3696, 19.20123 ], [ -155.36972, 19.20117 ], [ -155.36991, 19.201 ], [ -155.37004, 19.20097 ], [ -155.37051, 19.20104 ], [ -155.37069, 19.20105 ], [ -155.37077, 19.20102 ], [ -155.37085, 19.20094 ], [ -155.37088, 19.20078 ], [ -155.37097, 19.20063 ], [ -155.37114, 19.20057 ], [ -155.37136, 19.20045 ], [ -155.37158, 19.20042 ], [ -155.3718, 19.20042 ], [ -155.37196, 19.20043 ], [ -155.37222, 19.20045 ], [ -155.3724, 19.20051 ], [ -155.37264, 19.20066 ], [ -155.37285, 19.20071 ], [ -155.37306, 19.20066 ], [ -155.37338, 19.2004 ], [ -155.37368, 19.20011 ], [ -155.37385, 19.19998 ], [ -155.37389, 19.19998 ], [ -155.37402, 19.19993 ], [ -155.37416, 19.19985 ], [ -155.37427, 19.19974 ], [ -155.37444, 19.19967 ], [ -155.37462, 19.19968 ], [ -155.37488, 19.1996 ], [ -155.37506, 19.19957 ], [ -155.37538, 19.19943 ], [ -155.3755, 19.19942 ], [ -155.37572, 19.19943 ], [ -155.37653, 19.19935 ], [ -155.37662, 19.19931 ], [ -155.37668, 19.19921 ], [ -155.37674, 19.19922 ], [ -155.37703, 19.19935 ], [ -155.37732, 19.19935 ], [ -155.37758, 19.19934 ], [ -155.37776, 19.19928 ], [ -155.37791, 19.19931 ], [ -155.37799, 19.19927 ], [ -155.37825, 19.19904 ], [ -155.37858, 19.19899 ], [ -155.3788, 19.19896 ], [ -155.37885, 19.19892 ], [ -155.37889, 19.19866 ], [ -155.37896, 19.19865 ], [ -155.37901, 19.19868 ], [ -155.3791, 19.19888 ], [ -155.37912, 19.19899 ], [ -155.37922, 19.19901 ], [ -155.3796, 19.19901 ], [ -155.37977, 19.19901 ], [ -155.37997, 19.19895 ], [ -155.38038, 19.19891 ], [ -155.38046, 19.19887 ], [ -155.38046, 19.19878 ], [ -155.38035, 19.19859 ], [ -155.38036, 19.19854 ], [ -155.38045, 19.19851 ], [ -155.38054, 19.19855 ], [ -155.3806, 19.19872 ], [ -155.38062, 19.1988 ], [ -155.38068, 19.19882 ], [ -155.38083, 19.1988 ], [ -155.38104, 19.19885 ], [ -155.38113, 19.19888 ], [ -155.38136, 19.19887 ], [ -155.38163, 19.19869 ], [ -155.38179, 19.19866 ], [ -155.38191, 19.1987 ], [ -155.38203, 19.19885 ], [ -155.38214, 19.19883 ], [ -155.38229, 19.19875 ], [ -155.38238, 19.19875 ], [ -155.38251, 19.19885 ], [ -155.38262, 19.19885 ], [ -155.38274, 19.19879 ], [ -155.38292, 19.19867 ], [ -155.38308, 19.19864 ], [ -155.38313, 19.19866 ], [ -155.38318, 19.1988 ], [ -155.38324, 19.19881 ], [ -155.38336, 19.19871 ], [ -155.38345, 19.1987 ], [ -155.3837, 19.19882 ], [ -155.38405, 19.19885 ], [ -155.38414, 19.19888 ], [ -155.38426, 19.19899 ], [ -155.37808, 19.2095 ], [ -155.372, 19.22395 ], [ -155.36482, 19.24496 ], [ -155.35427, 19.26742 ], [ -155.34815, 19.28721 ], [ -155.34498, 19.30546 ], [ -155.33703, 19.32446 ], [ -155.32539, 19.33727 ], [ -155.31813, 19.3435 ], [ -155.30457, 19.34647 ], [ -155.28798, 19.34595 ] ] ] ] } },
{ "type": "Feature", "properties": { "objectid": 12, "solar_cal": "450-500", "st_areasha": 3975.3087143547814, "st_perimet": 405.41034486110021 }, "geometry": { "type": "MultiPolygon", "coordinates": [ [ [ [ -155.986, 19.83187 ], [ -155.98626, 19.83148 ], [ -155.98638, 19.83134 ], [ -155.98647, 19.8312 ], [ -155.98657, 19.83111 ], [ -155.98667, 19.83108 ], [ -155.98705, 19.83111 ], [ -155.98722, 19.8311 ], [ -155.9874, 19.83097 ], [ -155.9875, 19.83095 ], [ -155.98601, 19.83194 ], [ -155.986, 19.83187 ] ] ] ] } },
{ "type": "Feature", "properties": { "objectid": 18, "solar_cal": "450-500", "st_areasha": 1253242184.9076624, "st_perimet": 402869.97690871125 }, "geometry": { "type": "MultiPolygon", "coordinates": [ [ [ [ -155.44974, 19.93143 ], [ -155.42966, 19.92935 ], [ -155.40443, 19.92522 ], [ -155.39071, 19.92005 ], [ -155.37996, 19.91343 ], [ -155.37096, 19.90096 ], [ -155.36419, 19.88826 ], [ -155.35705, 19.87134 ], [ -155.35241, 19.85791 ], [ -155.35159, 19.84233 ], [ -155.35279, 19.82713 ], [ -155.35731, 19.8133 ], [ -155.36368, 19.80216 ], [ -155.37386, 19.78897 ], [ -155.38303, 19.78001 ], [ -155.39075, 19.76695 ], [ -155.40342, 19.74829 ], [ -155.42087, 19.72958 ], [ -155.43754, 19.70815 ], [ -155.45151, 19.68394 ], [ -155.45533, 19.66589 ], [ -155.45361, 19.6483 ], [ -155.44266, 19.63335 ], [ -155.42637, 19.62549 ], [ -155.40353, 19.61269 ], [ -155.36807, 19.594 ], [ -155.35496, 19.5836 ], [ -155.34198, 19.57183 ], [ -155.33408, 19.56066 ], [ -155.32623, 19.54546 ], [ -155.32506, 19.52827 ], [ -155.33966, 19.50386 ], [ -155.3635, 19.47854 ], [ -155.40245, 19.44578 ], [ -155.43835, 19.41748 ], [ -155.48427, 19.37516 ], [ -155.53246, 19.33783 ], [ -155.5377, 19.33253 ], [ -155.55774, 19.32111 ], [ -155.57575, 19.3086 ], [ -155.61126, 19.27875 ], [ -155.65325, 19.25011 ], [ -155.68503, 19.22885 ], [ -155.70285, 19.2122 ], [ -155.72036, 19.19646 ], [ -155.74084, 19.18752 ], [ -155.75095, 19.18889 ], [ -155.75955, 19.19541 ], [ -155.76769, 19.20687 ], [ -155.77794, 19.22413 ], [ -155.79112, 19.25182 ], [ -155.79263, 19.27424 ], [ -155.79085, 19.29711 ], [ -155.78754, 19.31728 ], [ -155.78517, 19.34318 ], [ -155.78257, 19.37472 ], [ -155.78237, 19.39706 ], [ -155.78492, 19.41795 ], [ -155.78966, 19.43601 ], [ -155.79467, 19.45727 ], [ -155.7984, 19.47865 ], [ -155.80185, 19.50296 ], [ -155.80824, 19.5239 ], [ -155.81188, 19.53924 ], [ -155.81325, 19.55231 ], [ -155.80918, 19.56495 ], [ -155.80216, 19.57984 ], [ -155.79114, 19.59076 ], [ -155.77898, 19.60321 ], [ -155.76096, 19.61684 ], [ -155.7433, 19.62563 ], [ -155.71166, 19.6323 ], [ -155.66743, 19.63694 ], [ -155.65811, 19.63928 ], [ -155.63549, 19.64441 ], [ -155.61632, 19.65241 ], [ -155.60614, 19.66381 ], [ -155.59785, 19.68082 ], [ -155.59664, 19.70086 ], [ -155.59866, 19.72407 ], [ -155.60682, 19.75174 ], [ -155.61541, 19.77175 ], [ -155.62286, 19.78675 ], [ -155.62863, 19.80247 ], [ -155.6349, 19.82432 ], [ -155.63247, 19.84156 ], [ -155.62221, 19.85598 ], [ -155.61424, 19.86574 ], [ -155.59882, 19.877 ], [ -155.58177, 19.88657 ], [ -155.56684, 19.89511 ], [ -155.55193, 19.90465 ], [ -155.53479, 19.91583 ], [ -155.52032, 19.92677 ], [ -155.50705, 19.93236 ], [ -155.49352, 19.93423 ], [ -155.44974, 19.93143 ] ], [ [ -155.44376, 19.88994 ], [ -155.48815, 19.89073 ], [ -155.50101, 19.88756 ], [ -155.5217, 19.87865 ], [ -155.54391, 19.86419 ], [ -155.55644, 19.85197 ], [ -155.56756, 19.83805 ], [ -155.57273, 19.82631 ], [ -155.56997, 19.8189 ], [ -155.55956, 19.80575 ], [ -155.5502, 19.79138 ], [ -155.53747, 19.78057 ], [ -155.52595, 19.77216 ], [ -155.51904, 19.75696 ], [ -155.50847, 19.74732 ], [ -155.50007, 19.74109 ], [ -155.48012, 19.73962 ], [ -155.4629, 19.74305 ], [ -155.43785, 19.75934 ], [ -155.41832, 19.78231 ], [ -155.40491, 19.80138 ], [ -155.39966, 19.81652 ], [ -155.39346, 19.83289 ], [ -155.39091, 19.85042 ], [ -155.3966, 19.87088 ], [ -155.4056, 19.88335 ], [ -155.4128, 19.88749 ], [ -155.42232, 19.88959 ], [ -155.43471, 19.89106 ], [ -155.44376, 19.88994 ] ], [ [ -155.55684, 19.59601 ], [ -155.57734, 19.59203 ], [ -155.58954, 19.58845 ], [ -155.6038, 19.58806 ], [ -155.62223, 19.58883 ], [ -155.65847, 19.58352 ], [ -155.68159, 19.57677 ], [ -155.70084, 19.56797 ], [ -155.72291, 19.54774 ], [ -155.72883, 19.53045 ], [ -155.7315, 19.50939 ], [ -155.72932, 19.48416 ], [ -155.7251, 19.4504 ], [ -155.72359, 19.42054 ], [ -155.72272, 19.39761 ], [ -155.72271, 19.38251 ], [ -155.72402, 19.37032 ], [ -155.72815, 19.35446 ], [ -155.73363, 19.33668 ], [ -155.73423, 19.32016 ], [ -155.73261, 19.30429 ], [ -155.72951, 19.29598 ], [ -155.71845, 19.28848 ], [ -155.7066, 19.28492 ], [ -155.68912, 19.28869 ], [ -155.66787, 19.29713 ], [ -155.63296, 19.30856 ], [ -155.60636, 19.3221 ], [ -155.58769, 19.33241 ], [ -155.56103, 19.35006 ], [ -155.53907, 19.36916 ], [ -155.51258, 19.39183 ], [ -155.4923, 19.40999 ], [ -155.47108, 19.42967 ], [ -155.45426, 19.44527 ], [ -155.43889, 19.45733 ], [ -155.42602, 19.46604 ], [ -155.41029, 19.48373 ], [ -155.40187, 19.49932 ], [ -155.39727, 19.51427 ], [ -155.3922, 19.53415 ], [ -155.39485, 19.55061 ], [ -155.40728, 19.56515 ], [ -155.4225, 19.57362 ], [ -155.45867, 19.58787 ], [ -155.48953, 19.59484 ], [ -155.5365, 19.59576 ], [ -155.55684, 19.59601 ] ] ] ] } },
{ "type": "Feature", "properties": { "objectid": 28, "solar_cal": "450-500", "st_areasha": 1020165436.163383, "st_perimet": 485482.89781794581 }, "geometry": { "type": "MultiPolygon", "coordinates": [ [ [ [ -155.85031, 20.26816 ], [ -155.85024, 20.26814 ], [ -155.85014, 20.26814 ], [ -155.84986, 20.26823 ], [ -155.84972, 20.26818 ], [ -155.84966, 20.26807 ], [ -155.84962, 20.26794 ], [ -155.84961, 20.26765 ], [ -155.84948, 20.26717 ], [ -155.84936, 20.26697 ], [ -155.84924, 20.26685 ], [ -155.84916, 20.26674 ], [ -155.84915, 20.2666 ], [ -155.84912, 20.26652 ], [ -155.84902, 20.26645 ], [ -155.84889, 20.2664 ], [ -155.84872, 20.26623 ], [ -155.8486, 20.26615 ], [ -155.84835, 20.26607 ], [ -155.84821, 20.26599 ], [ -155.84805, 20.26582 ], [ -155.8477, 20.26555 ], [ -155.84751, 20.26552 ], [ -155.84719, 20.26551 ], [ -155.84713, 20.26556 ], [ -155.84708, 20.26566 ], [ -155.84694, 20.26572 ], [ -155.84679, 20.26576 ], [ -155.84664, 20.26577 ], [ -155.84634, 20.26577 ], [ -155.84625, 20.2658 ], [ -155.84614, 20.26587 ], [ -155.84606, 20.26588 ], [ -155.84592, 20.26573 ], [ -155.84586, 20.26562 ], [ -155.84584, 20.2655 ], [ -155.84574, 20.26551 ], [ -155.84561, 20.26558 ], [ -155.84495, 20.26555 ], [ -155.84479, 20.26557 ], [ -155.84468, 20.26566 ], [ -155.84463, 20.26573 ], [ -155.84463, 20.26585 ], [ -155.84435, 20.26607 ], [ -155.84419, 20.2662 ], [ -155.84415, 20.26622 ], [ -155.84383, 20.26612 ], [ -155.84376, 20.26613 ], [ -155.84369, 20.2662 ], [ -155.84356, 20.26627 ], [ -155.84343, 20.26627 ], [ -155.84322, 20.26621 ], [ -155.84284, 20.26629 ], [ -155.84254, 20.26644 ], [ -155.8423, 20.26649 ], [ -155.84162, 20.26673 ], [ -155.84143, 20.2667 ], [ -155.84117, 20.26651 ], [ -155.841, 20.2665 ], [ -155.8408, 20.26662 ], [ -155.84058, 20.2667 ], [ -155.84046, 20.26667 ], [ -155.84036, 20.26673 ], [ -155.84016, 20.26679 ], [ -155.83988, 20.26675 ], [ -155.83966, 20.26677 ], [ -155.83935, 20.26695 ], [ -155.83925, 20.26696 ], [ -155.8389, 20.26692 ], [ -155.83851, 20.267 ], [ -155.83839, 20.26706 ], [ -155.83804, 20.26727 ], [ -155.83777, 20.26722 ], [ -155.83729, 20.26728 ], [ -155.83721, 20.26726 ], [ -155.83712, 20.2672 ], [ -155.83709, 20.26715 ], [ -155.83702, 20.26713 ], [ -155.83696, 20.26712 ], [ -155.83692, 20.26718 ], [ -155.83689, 20.26731 ], [ -155.83671, 20.26736 ], [ -155.83662, 20.26735 ], [ -155.83646, 20.26731 ], [ -155.83628, 20.26733 ], [ -155.83623, 20.26738 ], [ -155.83618, 20.26747 ], [ -155.83611, 20.26749 ], [ -155.83602, 20.26747 ], [ -155.83595, 20.26749 ], [ -155.83583, 20.26759 ], [ -155.83573, 20.26758 ], [ -155.83559, 20.26739 ], [ -155.83555, 20.267 ], [ -155.8355, 20.26688 ], [ -155.83542, 20.26678 ], [ -155.83548, 20.26652 ], [ -155.83546, 20.26641 ], [ -155.83538, 20.26635 ], [ -155.83524, 20.26631 ], [ -155.83512, 20.26635 ], [ -155.83503, 20.26635 ], [ -155.83489, 20.26628 ], [ -155.83484, 20.26624 ], [ -155.83474, 20.26612 ], [ -155.83462, 20.26601 ], [ -155.83444, 20.26569 ], [ -155.83436, 20.26562 ], [ -155.83414, 20.26549 ], [ -155.83411, 20.26529 ], [ -155.83391, 20.2651 ], [ -155.83376, 20.26489 ], [ -155.83355, 20.26476 ], [ -155.83338, 20.26457 ], [ -155.83331, 20.26455 ], [ -155.83298, 20.26461 ], [ -155.83284, 20.26461 ], [ -155.83238, 20.26444 ], [ -155.83225, 20.26438 ], [ -155.83212, 20.26439 ], [ -155.83207, 20.26444 ], [ -155.83198, 20.26445 ], [ -155.83186, 20.26441 ], [ -155.8318, 20.26433 ], [ -155.83175, 20.26412 ], [ -155.83168, 20.26399 ], [ -155.83159, 20.26394 ], [ -155.83146, 20.26391 ], [ -155.83137, 20.26391 ], [ -155.83131, 20.26396 ], [ -155.83112, 20.26418 ], [ -155.83085, 20.26443 ], [ -155.8307, 20.26453 ], [ -155.83054, 20.26476 ], [ -155.8305, 20.26488 ], [ -155.83024, 20.26527 ], [ -155.8301, 20.26535 ], [ -155.83002, 20.2653 ], [ -155.83007, 20.26524 ], [ -155.83004, 20.26515 ], [ -155.83007, 20.26509 ], [ -155.83008, 20.26495 ], [ -155.83006, 20.2649 ], [ -155.82992, 20.26482 ], [ -155.82968, 20.26477 ], [ -155.82959, 20.2647 ], [ -155.82955, 20.2646 ], [ -155.82941, 20.26378 ], [ -155.82941, 20.26356 ], [ -155.82948, 20.26344 ], [ -155.82949, 20.26322 ], [ -155.82947, 20.26304 ], [ -155.82939, 20.26276 ], [ -155.82928, 20.2625 ], [ -155.82916, 20.2624 ], [ -155.8291, 20.26239 ], [ -155.829, 20.2624 ], [ -155.82875, 20.26212 ], [ -155.82853, 20.26179 ], [ -155.82829, 20.26153 ], [ -155.82819, 20.26146 ], [ -155.82792, 20.26113 ], [ -155.82782, 20.26107 ], [ -155.82772, 20.26098 ], [ -155.82759, 20.26096 ], [ -155.82748, 20.26097 ], [ -155.82735, 20.26102 ], [ -155.82726, 20.26114 ], [ -155.82717, 20.26116 ], [ -155.8271, 20.26114 ], [ -155.82708, 20.26109 ], [ -155.82706, 20.26096 ], [ -155.82703, 20.26092 ], [ -155.82696, 20.2609 ], [ -155.82681, 20.26087 ], [ -155.82668, 20.26074 ], [ -155.82639, 20.26032 ], [ -155.82632, 20.26025 ], [ -155.82604, 20.26005 ], [ -155.82587, 20.26001 ], [ -155.82557, 20.25989 ], [ -155.82535, 20.25983 ], [ -155.8252, 20.25987 ], [ -155.82495, 20.25981 ], [ -155.8248, 20.25979 ], [ -155.82453, 20.25975 ], [ -155.8243, 20.25966 ], [ -155.8241, 20.25955 ], [ -155.82399, 20.25955 ], [ -155.82389, 20.25949 ], [ -155.82358, 20.25947 ], [ -155.82292, 20.25935 ], [ -155.82268, 20.25936 ], [ -155.82247, 20.25944 ], [ -155.82239, 20.25957 ], [ -155.82229, 20.25953 ], [ -155.82217, 20.25953 ], [ -155.82202, 20.25946 ], [ -155.82183, 20.25948 ], [ -155.8217, 20.25959 ], [ -155.82161, 20.25961 ], [ -155.82153, 20.25958 ], [ -155.8214, 20.25948 ], [ -155.82132, 20.25949 ], [ -155.82126, 20.25957 ], [ -155.82126, 20.25967 ], [ -155.82119, 20.25971 ], [ -155.82112, 20.25966 ], [ -155.82106, 20.25953 ], [ -155.82093, 20.25945 ], [ -155.82086, 20.25943 ], [ -155.82069, 20.25948 ], [ -155.82064, 20.2596 ], [ -155.82042, 20.25955 ], [ -155.82018, 20.25957 ], [ -155.82013, 20.25958 ], [ -155.8201, 20.25965 ], [ -155.8201, 20.2598 ], [ -155.82005, 20.25983 ], [ -155.81999, 20.2598 ], [ -155.81989, 20.25957 ], [ -155.81986, 20.25955 ], [ -155.81969, 20.25956 ], [ -155.81946, 20.25967 ], [ -155.81936, 20.25974 ], [ -155.81926, 20.25985 ], [ -155.8191, 20.25985 ], [ -155.81903, 20.25991 ], [ -155.819, 20.26 ], [ -155.81884, 20.26021 ], [ -155.8187, 20.26016 ], [ -155.81847, 20.26019 ], [ -155.81833, 20.26019 ], [ -155.81826, 20.26013 ], [ -155.81824, 20.26005 ], [ -155.81802, 20.25999 ], [ -155.81796, 20.25994 ], [ -155.81783, 20.25971 ], [ -155.81766, 20.25947 ], [ -155.81736, 20.25929 ], [ -155.81728, 20.25914 ], [ -155.8173, 20.25909 ], [ -155.81735, 20.25905 ], [ -155.8174, 20.25894 ], [ -155.8174, 20.25873 ], [ -155.81735, 20.25853 ], [ -155.81722, 20.25846 ], [ -155.81674, 20.25832 ], [ -155.81636, 20.25825 ], [ -155.81632, 20.25823 ], [ -155.81617, 20.25825 ], [ -155.81586, 20.25855 ], [ -155.81552, 20.25883 ], [ -155.8154, 20.25891 ], [ -155.81534, 20.25892 ], [ -155.81512, 20.25886 ], [ -155.81484, 20.25888 ], [ -155.81468, 20.25878 ], [ -155.81459, 20.25874 ], [ -155.81453, 20.25875 ], [ -155.81451, 20.25872 ], [ -155.81453, 20.25865 ], [ -155.8146, 20.2586 ], [ -155.81463, 20.25854 ], [ -155.8147, 20.25808 ], [ -155.81466, 20.25803 ], [ -155.81463, 20.25792 ], [ -155.81439, 20.25799 ], [ -155.81394, 20.25825 ], [ -155.81384, 20.25826 ], [ -155.81377, 20.2582 ], [ -155.81376, 20.25812 ], [ -155.81354, 20.25796 ], [ -155.81349, 20.25796 ], [ -155.81345, 20.25801 ], [ -155.8134, 20.25814 ], [ -155.81334, 20.25825 ], [ -155.81329, 20.25828 ], [ -155.81309, 20.25837 ], [ -155.81299, 20.25845 ], [ -155.81291, 20.25859 ], [ -155.81282, 20.25866 ], [ -155.81275, 20.25865 ], [ -155.81271, 20.25858 ], [ -155.81232, 20.25881 ], [ -155.81223, 20.25882 ], [ -155.81215, 20.25881 ], [ -155.81212, 20.25867 ], [ -155.81219, 20.25845 ], [ -155.81214, 20.25837 ], [ -155.81208, 20.25836 ], [ -155.81197, 20.25847 ], [ -155.81188, 20.25846 ], [ -155.81186, 20.25843 ], [ -155.81186, 20.25814 ], [ -155.81183, 20.25793 ], [ -155.81163, 20.25759 ], [ -155.81152, 20.25748 ], [ -155.81127, 20.25743 ], [ -155.81124, 20.25737 ], [ -155.81123, 20.25723 ], [ -155.81109, 20.25698 ], [ -155.81089, 20.25686 ], [ -155.81062, 20.25676 ], [ -155.81045, 20.25678 ], [ -155.81039, 20.25677 ], [ -155.81029, 20.25681 ], [ -155.81011, 20.25693 ], [ -155.81002, 20.25695 ], [ -155.80987, 20.25701 ], [ -155.80974, 20.25709 ], [ -155.80942, 20.25722 ], [ -155.8093, 20.25725 ], [ -155.80921, 20.25721 ], [ -155.80919, 20.25716 ], [ -155.80899, 20.25704 ], [ -155.80874, 20.25699 ], [ -155.8086, 20.25708 ], [ -155.80857, 20.25714 ], [ -155.80852, 20.25719 ], [ -155.80841, 20.2572 ], [ -155.80834, 20.25716 ], [ -155.80817, 20.25696 ], [ -155.808, 20.25694 ], [ -155.80754, 20.25677 ], [ -155.80736, 20.25664 ], [ -155.80713, 20.25654 ], [ -155.80706, 20.25657 ], [ -155.80695, 20.25664 ], [ -155.80685, 20.25663 ], [ -155.80682, 20.25658 ], [ -155.80682, 20.25632 ], [ -155.80679, 20.25622 ], [ -155.80665, 20.25604 ], [ -155.80667, 20.25579 ], [ -155.80665, 20.25567 ], [ -155.80646, 20.25535 ], [ -155.80642, 20.25524 ], [ -155.8064, 20.25511 ], [ -155.80636, 20.25499 ], [ -155.80629, 20.25487 ], [ -155.80613, 20.2548 ], [ -155.80599, 20.25476 ], [ -155.80542, 20.25469 ], [ -155.80495, 20.25458 ], [ -155.80467, 20.25455 ], [ -155.80459, 20.25457 ], [ -155.80449, 20.25465 ], [ -155.80438, 20.2547 ], [ -155.80428, 20.2547 ], [ -155.80409, 20.25454 ], [ -155.80397, 20.25436 ], [ -155.80377, 20.2543 ], [ -155.80372, 20.25427 ], [ -155.80369, 20.25414 ], [ -155.80365, 20.25395 ], [ -155.80359, 20.25383 ], [ -155.8033, 20.2536 ], [ -155.80323, 20.25351 ], [ -155.80318, 20.25341 ], [ -155.80319, 20.25334 ], [ -155.80328, 20.25308 ], [ -155.80327, 20.25293 ], [ -155.80312, 20.25281 ], [ -155.80259, 20.25257 ], [ -155.80229, 20.25252 ], [ -155.80196, 20.25259 ], [ -155.80171, 20.25252 ], [ -155.80165, 20.25253 ], [ -155.80149, 20.25269 ], [ -155.80142, 20.25268 ], [ -155.80136, 20.25256 ], [ -155.8014, 20.25239 ], [ -155.80137, 20.25232 ], [ -155.80131, 20.25226 ], [ -155.80106, 20.25215 ], [ -155.80082, 20.25209 ], [ -155.80054, 20.25207 ], [ -155.8004, 20.25219 ], [ -155.80039, 20.25234 ], [ -155.80035, 20.2525 ], [ -155.80031, 20.25253 ], [ -155.80027, 20.25251 ], [ -155.80023, 20.25242 ], [ -155.80011, 20.25238 ], [ -155.80004, 20.2523 ], [ -155.8002, 20.25187 ], [ -155.80021, 20.25179 ], [ -155.80009, 20.25163 ], [ -155.80028, 20.2513 ], [ -155.80028, 20.25121 ], [ -155.80017, 20.25115 ], [ -155.79969, 20.25098 ], [ -155.79956, 20.25091 ], [ -155.79941, 20.25076 ], [ -155.7994, 20.25064 ], [ -155.79936, 20.25053 ], [ -155.79923, 20.25046 ], [ -155.79899, 20.2501 ], [ -155.79889, 20.25 ], [ -155.79882, 20.25 ], [ -155.79855, 20.25003 ], [ -155.79827, 20.25016 ], [ -155.7981, 20.25023 ], [ -155.79807, 20.25019 ], [ -155.79803, 20.25008 ], [ -155.79811, 20.24928 ], [ -155.7981, 20.24897 ], [ -155.79791, 20.2486 ], [ -155.79778, 20.24846 ], [ -155.7976, 20.24832 ], [ -155.79726, 20.24821 ], [ -155.79695, 20.2482 ], [ -155.79672, 20.24834 ], [ -155.79646, 20.24855 ], [ -155.79624, 20.24869 ], [ -155.79607, 20.24878 ], [ -155.79574, 20.24888 ], [ -155.79561, 20.24895 ], [ -155.79523, 20.24904 ], [ -155.79499, 20.24912 ], [ -155.79487, 20.24909 ], [ -155.79469, 20.24898 ], [ -155.7945, 20.2489 ], [ -155.79408, 20.24893 ], [ -155.79389, 20.2489 ], [ -155.79354, 20.24889 ], [ -155.79332, 20.24895 ], [ -155.79322, 20.24901 ], [ -155.79313, 20.24911 ], [ -155.79287, 20.24917 ], [ -155.79252, 20.24911 ], [ -155.79235, 20.24918 ], [ -155.79221, 20.24919 ], [ -155.79151, 20.249 ], [ -155.79106, 20.24871 ], [ -155.79083, 20.24868 ], [ -155.79057, 20.24872 ], [ -155.79031, 20.24871 ], [ -155.79026, 20.2487 ], [ -155.7902, 20.24864 ], [ -155.79016, 20.24841 ], [ -155.7901, 20.24808 ], [ -155.79003, 20.24797 ], [ -155.78998, 20.24794 ], [ -155.7899, 20.24791 ], [ -155.7898, 20.24794 ], [ -155.78971, 20.24793 ], [ -155.78964, 20.24782 ], [ -155.78962, 20.24774 ], [ -155.7895, 20.24763 ], [ -155.78942, 20.24752 ], [ -155.78925, 20.24736 ], [ -155.78917, 20.24739 ], [ -155.78908, 20.24746 ], [ -155.78879, 20.24759 ], [ -155.78859, 20.24762 ], [ -155.7885, 20.2476 ], [ -155.78841, 20.24751 ], [ -155.78834, 20.24737 ], [ -155.78829, 20.24732 ], [ -155.78818, 20.24729 ], [ -155.78792, 20.24729 ], [ -155.78765, 20.24717 ], [ -155.78737, 20.24718 ], [ -155.78724, 20.24716 ], [ -155.78697, 20.24705 ], [ -155.78691, 20.24702 ], [ -155.78683, 20.24702 ], [ -155.78665, 20.24713 ], [ -155.78651, 20.24712 ], [ -155.78641, 20.24705 ], [ -155.78619, 20.24693 ], [ -155.78616, 20.24693 ], [ -155.78608, 20.2469 ], [ -155.78601, 20.24693 ], [ -155.78579, 20.24699 ], [ -155.78565, 20.24696 ], [ -155.78563, 20.24693 ], [ -155.7856, 20.2469 ], [ -155.78555, 20.24677 ], [ -155.78547, 20.24669 ], [ -155.78544, 20.24658 ], [ -155.78529, 20.24638 ], [ -155.78518, 20.24629 ], [ -155.7852, 20.24621 ], [ -155.78525, 20.24607 ], [ -155.78523, 20.24597 ], [ -155.78487, 20.24579 ], [ -155.78465, 20.24575 ], [ -155.78456, 20.24575 ], [ -155.78431, 20.2457 ], [ -155.78422, 20.2456 ], [ -155.78382, 20.24549 ], [ -155.78354, 20.24531 ], [ -155.78348, 20.24523 ], [ -155.78321, 20.24506 ], [ -155.78302, 20.24503 ], [ -155.78261, 20.24485 ], [ -155.78256, 20.24478 ], [ -155.78238, 20.2447 ], [ -155.78203, 20.24468 ], [ -155.78201, 20.24472 ], [ -155.78203, 20.24487 ], [ -155.78197, 20.24498 ], [ -155.78193, 20.24501 ], [ -155.78185, 20.24502 ], [ -155.78175, 20.24494 ], [ -155.78168, 20.24494 ], [ -155.78159, 20.24501 ], [ -155.78154, 20.24496 ], [ -155.78147, 20.24467 ], [ -155.7814, 20.2446 ], [ -155.78129, 20.2446 ], [ -155.78122, 20.24458 ], [ -155.78115, 20.24438 ], [ -155.7811, 20.24417 ], [ -155.78108, 20.24397 ], [ -155.78105, 20.2437 ], [ -155.78093, 20.24358 ], [ -155.7808, 20.24349 ], [ -155.78065, 20.24328 ], [ -155.78054, 20.24318 ], [ -155.78038, 20.24322 ], [ -155.78025, 20.2433 ], [ -155.78001, 20.24337 ], [ -155.77985, 20.24335 ], [ -155.7797, 20.2433 ], [ -155.77901, 20.2427 ], [ -155.77884, 20.24261 ], [ -155.77867, 20.24259 ], [ -155.77841, 20.24231 ], [ -155.77834, 20.24231 ], [ -155.7782, 20.24238 ], [ -155.77802, 20.24259 ], [ -155.77778, 20.24259 ], [ -155.77763, 20.24253 ], [ -155.77753, 20.2424 ], [ -155.77742, 20.24236 ], [ -155.77733, 20.24237 ], [ -155.77711, 20.24245 ], [ -155.77701, 20.24246 ], [ -155.77687, 20.24242 ], [ -155.77672, 20.24234 ], [ -155.77659, 20.24229 ], [ -155.77643, 20.2423 ], [ -155.77625, 20.24237 ], [ -155.77602, 20.24249 ], [ -155.77582, 20.24256 ], [ -155.77566, 20.24262 ], [ -155.77548, 20.24262 ], [ -155.77528, 20.2426 ], [ -155.77506, 20.24252 ], [ -155.77494, 20.24245 ], [ -155.77456, 20.24209 ], [ -155.77441, 20.24204 ], [ -155.77431, 20.24207 ], [ -155.77419, 20.24206 ], [ -155.77402, 20.24196 ], [ -155.77387, 20.24192 ], [ -155.77368, 20.24195 ], [ -155.77356, 20.242 ], [ -155.7735, 20.24207 ], [ -155.77343, 20.24226 ], [ -155.77343, 20.24235 ], [ -155.77347, 20.24239 ], [ -155.77356, 20.24241 ], [ -155.77359, 20.24245 ], [ -155.77356, 20.2425 ], [ -155.77353, 20.24251 ], [ -155.77334, 20.24249 ], [ -155.77324, 20.24251 ], [ -155.77308, 20.24264 ], [ -155.7729, 20.24316 ], [ -155.77286, 20.24335 ], [ -155.77284, 20.24367 ], [ -155.77276, 20.244 ], [ -155.77265, 20.24417 ], [ -155.77252, 20.24431 ], [ -155.77218, 20.24459 ], [ -155.77189, 20.24496 ], [ -155.77174, 20.24503 ], [ -155.77177, 20.24531 ], [ -155.77175, 20.2454 ], [ -155.7717, 20.24548 ], [ -155.77161, 20.24552 ], [ -155.77139, 20.24553 ], [ -155.77134, 20.24559 ], [ -155.77132, 20.24564 ], [ -155.7714, 20.24573 ], [ -155.77158, 20.2462 ], [ -155.77163, 20.2463 ], [ -155.77153, 20.2465 ], [ -155.7715, 20.24654 ], [ -155.77126, 20.24652 ], [ -155.77096, 20.24641 ], [ -155.77084, 20.24636 ], [ -155.77076, 20.24627 ], [ -155.7707, 20.24608 ], [ -155.77062, 20.246 ], [ -155.77054, 20.24596 ], [ -155.7703, 20.24576 ], [ -155.77025, 20.24574 ], [ -155.77019, 20.24569 ], [ -155.77015, 20.24568 ], [ -155.77008, 20.2457 ], [ -155.76998, 20.24569 ], [ -155.76971, 20.2454 ], [ -155.7694, 20.24513 ], [ -155.76922, 20.24511 ], [ -155.76901, 20.24499 ], [ -155.76891, 20.24489 ], [ -155.76887, 20.24476 ], [ -155.76887, 20.24467 ], [ -155.76906, 20.24433 ], [ -155.76917, 20.24388 ], [ -155.76931, 20.24346 ], [ -155.76955, 20.24311 ], [ -155.76963, 20.24293 ], [ -155.76982, 20.24267 ], [ -155.76996, 20.24254 ], [ -155.77006, 20.24253 ], [ -155.7702, 20.24229 ], [ -155.77004, 20.24218 ], [ -155.7699, 20.24213 ], [ -155.76973, 20.24202 ], [ -155.7693, 20.24193 ], [ -155.76903, 20.24182 ], [ -155.76879, 20.24165 ], [ -155.76856, 20.24146 ], [ -155.76834, 20.24138 ], [ -155.76822, 20.24135 ], [ -155.76805, 20.24137 ], [ -155.76782, 20.24143 ], [ -155.7675, 20.24147 ], [ -155.76738, 20.24147 ], [ -155.76672, 20.24121 ], [ -155.76643, 20.24119 ], [ -155.7661, 20.24133 ], [ -155.76602, 20.24141 ], [ -155.76584, 20.24149 ], [ -155.76584, 20.24153 ], [ -155.76549, 20.24131 ], [ -155.76533, 20.24125 ], [ -155.76525, 20.24128 ], [ -155.7651, 20.24126 ], [ -155.76502, 20.24117 ], [ -155.765, 20.24095 ], [ -155.76506, 20.24022 ], [ -155.76505, 20.23999 ], [ -155.7651, 20.2399 ], [ -155.765, 20.23963 ], [ -155.76458, 20.23907 ], [ -155.76416, 20.23859 ], [ -155.7638, 20.2384 ], [ -155.76361, 20.23826 ], [ -155.7633, 20.23809 ], [ -155.76315, 20.238 ], [ -155.763, 20.23797 ], [ -155.76289, 20.23792 ], [ -155.7627, 20.23802 ], [ -155.76263, 20.23815 ], [ -155.76247, 20.23832 ], [ -155.76231, 20.23833 ], [ -155.76207, 20.23824 ], [ -155.76178, 20.23807 ], [ -155.7617, 20.23785 ], [ -155.76159, 20.23736 ], [ -155.76137, 20.23695 ], [ -155.76134, 20.23684 ], [ -155.7611, 20.2367 ], [ -155.76073, 20.23654 ], [ -155.76049, 20.23648 ], [ -155.75993, 20.23641 ], [ -155.75953, 20.23642 ], [ -155.75933, 20.23644 ], [ -155.75917, 20.2365 ], [ -155.75901, 20.23662 ], [ -155.75872, 20.23707 ], [ -155.75855, 20.23739 ], [ -155.75849, 20.23761 ], [ -155.7584, 20.23779 ], [ -155.75815, 20.23792 ], [ -155.75789, 20.23799 ], [ -155.75767, 20.23798 ], [ -155.75753, 20.23783 ], [ -155.75747, 20.23769 ], [ -155.75728, 20.23752 ], [ -155.75715, 20.23751 ], [ -155.75681, 20.23756 ], [ -155.75634, 20.23752 ], [ -155.75617, 20.2375 ], [ -155.75605, 20.23747 ], [ -155.75599, 20.23736 ], [ -155.75588, 20.23691 ], [ -155.75568, 20.2367 ], [ -155.75552, 20.23661 ], [ -155.75534, 20.23654 ], [ -155.75508, 20.23658 ], [ -155.75495, 20.23664 ], [ -155.75488, 20.23664 ], [ -155.75481, 20.23654 ], [ -155.75485, 20.23624 ], [ -155.75478, 20.23609 ], [ -155.75462, 20.23599 ], [ -155.75429, 20.23586 ], [ -155.7538, 20.23597 ], [ -155.75375, 20.23593 ], [ -155.75371, 20.23567 ], [ -155.75364, 20.23564 ], [ -155.75339, 20.23571 ], [ -155.75329, 20.23577 ], [ -155.75315, 20.23577 ], [ -155.75316, 20.23575 ], [ -155.75305, 20.23566 ], [ -155.75303, 20.23561 ], [ -155.75306, 20.2353 ], [ -155.75313, 20.23502 ], [ -155.75478, 20.23519 ], [ -155.76753, 20.23673 ], [ -155.77938, 20.23567 ], [ -155.79626, 20.23434 ], [ -155.81421, 20.23319 ], [ -155.83234, 20.22983 ], [ -155.84895, 20.22497 ], [ -155.85541, 20.22066 ], [ -155.86077, 20.21434 ], [ -155.86246, 20.20587 ], [ -155.86199, 20.19571 ], [ -155.86016, 20.18789 ], [ -155.85563, 20.17778 ], [ -155.84865, 20.16892 ], [ -155.83975, 20.15938 ], [ -155.82788, 20.14445 ], [ -155.81838, 20.1312 ], [ -155.80543, 20.11507 ], [ -155.7958, 20.0996 ], [ -155.78697, 20.08715 ], [ -155.77434, 20.07111 ], [ -155.75731, 20.05313 ], [ -155.74061, 20.04248 ], [ -155.72041, 20.0345 ], [ -155.6994, 20.02873 ], [ -155.68349, 20.02099 ], [ -155.67057, 20.01301 ], [ -155.66372, 20.00465 ], [ -155.65651, 19.99256 ], [ -155.65393, 19.98364 ], [ -155.6522, 19.97431 ], [ -155.65163, 19.96405 ], [ -155.65235, 19.95368 ], [ -155.65286, 19.94472 ], [ -155.65444, 19.93514 ], [ -155.65636, 19.92747 ], [ -155.66275, 19.91883 ], [ -155.67358, 19.90712 ], [ -155.68452, 19.89631 ], [ -155.69622, 19.8862 ], [ -155.7194, 19.87311 ], [ -155.74508, 19.86311 ], [ -155.7697, 19.85462 ], [ -155.79678, 19.8461 ], [ -155.82088, 19.83853 ], [ -155.84606, 19.83173 ], [ -155.87231, 19.82512 ], [ -155.89078, 19.81912 ], [ -155.92081, 19.80933 ], [ -155.94198, 19.79916 ], [ -155.9557, 19.7898 ], [ -155.97156, 19.77467 ], [ -155.9807, 19.75269 ], [ -155.98234, 19.73485 ], [ -155.97774, 19.71388 ], [ -155.97006, 19.69367 ], [ -155.96271, 19.67445 ], [ -155.95952, 19.66132 ], [ -155.95643, 19.64133 ], [ -155.95385, 19.62003 ], [ -155.95203, 19.60607 ], [ -155.95045, 19.59382 ], [ -155.94636, 19.57103 ], [ -155.94379, 19.55677 ], [ -155.94002, 19.54093 ], [ -155.93637, 19.52599 ], [ -155.93101, 19.50382 ], [ -155.92225, 19.48171 ], [ -155.91214, 19.46183 ], [ -155.90529, 19.44583 ], [ -155.90205, 19.42917 ], [ -155.89508, 19.40572 ], [ -155.8885, 19.3866 ], [ -155.8795, 19.36861 ], [ -155.8759, 19.36333 ], [ -155.86368, 19.32959 ], [ -155.8611, 19.30789 ], [ -155.85978, 19.27782 ], [ -155.85892, 19.25709 ], [ -155.85957, 19.23031 ], [ -155.85842, 19.21131 ], [ -155.85607, 19.19051 ], [ -155.85277, 19.17003 ], [ -155.84003, 19.14978 ], [ -155.8233, 19.12627 ], [ -155.81168, 19.10944 ], [ -155.80114, 19.09429 ], [ -155.79074, 19.08076 ], [ -155.77744, 19.06515 ], [ -155.76192, 19.05007 ], [ -155.74796, 19.0396 ], [ -155.72806, 19.02862 ], [ -155.71555, 19.02286 ], [ -155.69159, 19.01705 ], [ -155.65741, 19.00927 ], [ -155.62358, 19.0038 ], [ -155.59936, 18.99407 ], [ -155.59364, 18.99195 ], [ -155.59364, 18.99194 ], [ -155.59385, 18.99173 ], [ -155.59387, 18.99168 ], [ -155.59384, 18.99159 ], [ -155.59378, 18.99154 ], [ -155.59368, 18.99152 ], [ -155.59363, 18.99153 ], [ -155.59355, 18.99146 ], [ -155.59353, 18.99121 ], [ -155.59346, 18.99108 ], [ -155.59363, 18.99104 ], [ -155.59366, 18.99098 ], [ -155.59339, 18.99064 ], [ -155.59334, 18.99063 ], [ -155.59334, 18.99057 ], [ -155.59345, 18.99053 ], [ -155.59347, 18.99051 ], [ -155.59345, 18.99046 ], [ -155.59335, 18.99035 ], [ -155.59334, 18.9903 ], [ -155.59341, 18.9902 ], [ -155.59359, 18.99015 ], [ -155.5936, 18.99013 ], [ -155.59355, 18.99005 ], [ -155.59347, 18.98996 ], [ -155.59347, 18.98993 ], [ -155.59356, 18.98991 ], [ -155.59377, 18.98995 ], [ -155.59383, 18.98991 ], [ -155.59383, 18.98982 ], [ -155.59371, 18.98971 ], [ -155.59357, 18.98962 ], [ -155.59357, 18.98958 ], [ -155.59371, 18.98934 ], [ -155.59378, 18.98928 ], [ -155.59379, 18.98923 ], [ -155.59374, 18.98915 ], [ -155.59378, 18.989 ], [ -155.59369, 18.98884 ], [ -155.59364, 18.98879 ], [ -155.59362, 18.9886 ], [ -155.5935, 18.98855 ], [ -155.5935, 18.9885 ], [ -155.59373, 18.98842 ], [ -155.59378, 18.98833 ], [ -155.59378, 18.98828 ], [ -155.59385, 18.98822 ], [ -155.59388, 18.98817 ], [ -155.59388, 18.9881 ], [ -155.59377, 18.98806 ], [ -155.59371, 18.98798 ], [ -155.59372, 18.98793 ], [ -155.59371, 18.98786 ], [ -155.59367, 18.98779 ], [ -155.59355, 18.98774 ], [ -155.59351, 18.9877 ], [ -155.59346, 18.98749 ], [ -155.59346, 18.98743 ], [ -155.59359, 18.98749 ], [ -155.59364, 18.98748 ], [ -155.59367, 18.98745 ], [ -155.59368, 18.98731 ], [ -155.59372, 18.98717 ], [ -155.59364, 18.9871 ], [ -155.59359, 18.98711 ], [ -155.59349, 18.98716 ], [ -155.59348, 18.98715 ], [ -155.59345, 18.98678 ], [ -155.59346, 18.9867 ], [ -155.59356, 18.98663 ], [ -155.59369, 18.98645 ], [ -155.5937, 18.98638 ], [ -155.59355, 18.98626 ], [ -155.59348, 18.98623 ], [ -155.5933, 18.9862 ], [ -155.59326, 18.98616 ], [ -155.59316, 18.98601 ], [ -155.59308, 18.98594 ], [ -155.59311, 18.98589 ], [ -155.5932, 18.98588 ], [ -155.59326, 18.98575 ], [ -155.59324, 18.98565 ], [ -155.59325, 18.9856 ], [ -155.59339, 18.98551 ], [ -155.59339, 18.98549 ], [ -155.5933, 18.98536 ], [ -155.59329, 18.98531 ], [ -155.59325, 18.98528 ], [ -155.59308, 18.98524 ], [ -155.59306, 18.98519 ], [ -155.59308, 18.98513 ], [ -155.59315, 18.98508 ], [ -155.5932, 18.98501 ], [ -155.59321, 18.98493 ], [ -155.5932, 18.98483 ], [ -155.59316, 18.98474 ], [ -155.59306, 18.98459 ], [ -155.59305, 18.98453 ], [ -155.5931, 18.98442 ], [ -155.59327, 18.98433 ], [ -155.5933, 18.98429 ], [ -155.59324, 18.98422 ], [ -155.59316, 18.9842 ], [ -155.59312, 18.98413 ], [ -155.59313, 18.98409 ], [ -155.59334, 18.98402 ], [ -155.59337, 18.98399 ], [ -155.59329, 18.98389 ], [ -155.59322, 18.98385 ], [ -155.59322, 18.98382 ], [ -155.59359, 18.9837 ], [ -155.59365, 18.98366 ], [ -155.59368, 18.98361 ], [ -155.59359, 18.98354 ], [ -155.59353, 18.98352 ], [ -155.59352, 18.98349 ], [ -155.59356, 18.98338 ], [ -155.59349, 18.98313 ], [ -155.59374, 18.98291 ], [ -155.59376, 18.98287 ], [ -155.59365, 18.98274 ], [ -155.59364, 18.98266 ], [ -155.59352, 18.98262 ], [ -155.59347, 18.98256 ], [ -155.59346, 18.98252 ], [ -155.5938, 18.98231 ], [ -155.59366, 18.98212 ], [ -155.59373, 18.9818 ], [ -155.59372, 18.98158 ], [ -155.59364, 18.98147 ], [ -155.59352, 18.98142 ], [ -155.5935, 18.98136 ], [ -155.59353, 18.98134 ], [ -155.59361, 18.98134 ], [ -155.59382, 18.98139 ], [ -155.59389, 18.98137 ], [ -155.59391, 18.98129 ], [ -155.59404, 18.98119 ], [ -155.59406, 18.98112 ], [ -155.59406, 18.98104 ], [ -155.59396, 18.98093 ], [ -155.59373, 18.98082 ], [ -155.59368, 18.98075 ], [ -155.59362, 18.98058 ], [ -155.59342, 18.98049 ], [ -155.5933, 18.98035 ], [ -155.59335, 18.9802 ], [ -155.59329, 18.9801 ], [ -155.59347, 18.97986 ], [ -155.59359, 18.97968 ], [ -155.59364, 18.97957 ], [ -155.59366, 18.97935 ], [ -155.59356, 18.97917 ], [ -155.59355, 18.97907 ], [ -155.59362, 18.97883 ], [ -155.59369, 18.97877 ], [ -155.59377, 18.97867 ], [ -155.59383, 18.97863 ], [ -155.5938, 18.9785 ], [ -155.59382, 18.97836 ], [ -155.5938, 18.97829 ], [ -155.59381, 18.97816 ], [ -155.59387, 18.9781 ], [ -155.59387, 18.97803 ], [ -155.59384, 18.97798 ], [ -155.59376, 18.97795 ], [ -155.59375, 18.97783 ], [ -155.59369, 18.97773 ], [ -155.59376, 18.97768 ], [ -155.59378, 18.97763 ], [ -155.59371, 18.9774 ], [ -155.59372, 18.97732 ], [ -155.59385, 18.97719 ], [ -155.59405, 18.97688 ], [ -155.59414, 18.97672 ], [ -155.59429, 18.97667 ], [ -155.59445, 18.97672 ], [ -155.59454, 18.97669 ], [ -155.59475, 18.97648 ], [ -155.59493, 18.97627 ], [ -155.59505, 18.97604 ], [ -155.59512, 18.97579 ], [ -155.59513, 18.97564 ], [ -155.5954, 18.97559 ], [ -155.59545, 18.97556 ], [ -155.59547, 18.97551 ], [ -155.59546, 18.9754 ], [ -155.59536, 18.97522 ], [ -155.59539, 18.97515 ], [ -155.59548, 18.97511 ], [ -155.59559, 18.975 ], [ -155.59564, 18.975 ], [ -155.59583, 18.97513 ], [ -155.59587, 18.97515 ], [ -155.59592, 18.97515 ], [ -155.59613, 18.97518 ], [ -155.5962, 18.97515 ], [ -155.59635, 18.9753 ], [ -155.59653, 18.97537 ], [ -155.59665, 18.97551 ], [ -155.59674, 18.97554 ], [ -155.59685, 18.97564 ], [ -155.59698, 18.97568 ], [ -155.59704, 18.97563 ], [ -155.59712, 18.97544 ], [ -155.59737, 18.97547 ], [ -155.59745, 18.97545 ], [ -155.59759, 18.97548 ], [ -155.59766, 18.97545 ], [ -155.59775, 18.97536 ], [ -155.59779, 18.9753 ], [ -155.59781, 18.97521 ], [ -155.59777, 18.97509 ], [ -155.59772, 18.97502 ], [ -155.59779, 18.97484 ], [ -155.59772, 18.97439 ], [ -155.59781, 18.97412 ], [ -155.59785, 18.97409 ], [ -155.59798, 18.97406 ], [ -155.59812, 18.9742 ], [ -155.59816, 18.97445 ], [ -155.59821, 18.97454 ], [ -155.59837, 18.97456 ], [ -155.59843, 18.97454 ], [ -155.59855, 18.97447 ], [ -155.59867, 18.97394 ], [ -155.59867, 18.97383 ], [ -155.59871, 18.97375 ], [ -155.59879, 18.97367 ], [ -155.59882, 18.97359 ], [ -155.5988, 18.97337 ], [ -155.59882, 18.97328 ], [ -155.59897, 18.97315 ], [ -155.59897, 18.97309 ], [ -155.59891, 18.973 ], [ -155.59885, 18.97294 ], [ -155.59877, 18.97292 ], [ -155.59866, 18.97294 ], [ -155.59862, 18.97282 ], [ -155.59871, 18.97267 ], [ -155.59876, 18.97249 ], [ -155.59875, 18.97238 ], [ -155.5987, 18.97228 ], [ -155.59864, 18.97222 ], [ -155.59862, 18.97212 ], [ -155.59864, 18.97203 ], [ -155.59879, 18.97193 ], [ -155.59893, 18.97189 ], [ -155.59899, 18.9718 ], [ -155.59896, 18.97162 ], [ -155.599, 18.97154 ], [ -155.59897, 18.97148 ], [ -155.59882, 18.97141 ], [ -155.5988, 18.97138 ], [ -155.59882, 18.97131 ], [ -155.59887, 18.97126 ], [ -155.59886, 18.97118 ], [ -155.59881, 18.97114 ], [ -155.59881, 18.97108 ], [ -155.59884, 18.97095 ], [ -155.59883, 18.97091 ], [ -155.59875, 18.97089 ], [ -155.59867, 18.97094 ], [ -155.59856, 18.97093 ], [ -155.59848, 18.97083 ], [ -155.59849, 18.97075 ], [ -155.59855, 18.97066 ], [ -155.59855, 18.97027 ], [ -155.59849, 18.97015 ], [ -155.5985, 18.97008 ], [ -155.59861, 18.97004 ], [ -155.59869, 18.97004 ], [ -155.59886, 18.97013 ], [ -155.59894, 18.97007 ], [ -155.59899, 18.96991 ], [ -155.59907, 18.96982 ], [ -155.59914, 18.96982 ], [ -155.59931, 18.96991 ], [ -155.59941, 18.9699 ], [ -155.5994, 18.96979 ], [ -155.59938, 18.96973 ], [ -155.59939, 18.96964 ], [ -155.59942, 18.96958 ], [ -155.59948, 18.96954 ], [ -155.59953, 18.96953 ], [ -155.59959, 18.96946 ], [ -155.59963, 18.96936 ], [ -155.59963, 18.96926 ], [ -155.5996, 18.96917 ], [ -155.59953, 18.96912 ], [ -155.59938, 18.96908 ], [ -155.59893, 18.96911 ], [ -155.59891, 18.96909 ], [ -155.59893, 18.96904 ], [ -155.59901, 18.96893 ], [ -155.59901, 18.96884 ], [ -155.59887, 18.9688 ], [ -155.59884, 18.96874 ], [ -155.59885, 18.96869 ], [ -155.59898, 18.96856 ], [ -155.59905, 18.96846 ], [ -155.59907, 18.96839 ], [ -155.5991, 18.96838 ], [ -155.5993, 18.96843 ], [ -155.59939, 18.9685 ], [ -155.59956, 18.96843 ], [ -155.59989, 18.96811 ], [ -155.59998, 18.96805 ], [ -155.60005, 18.96798 ], [ -155.60007, 18.9679 ], [ -155.60002, 18.96778 ], [ -155.59993, 18.96776 ], [ -155.59992, 18.96771 ], [ -155.59997, 18.9675 ], [ -155.60007, 18.96752 ], [ -155.60027, 18.96764 ], [ -155.60032, 18.9677 ], [ -155.60033, 18.96778 ], [ -155.6004, 18.96787 ], [ -155.60045, 18.9679 ], [ -155.60055, 18.96792 ], [ -155.60057, 18.96799 ], [ -155.60058, 18.96811 ], [ -155.60056, 18.9682 ], [ -155.60049, 18.96828 ], [ -155.60048, 18.96832 ], [ -155.60057, 18.96843 ], [ -155.60062, 18.96846 ], [ -155.6007, 18.96868 ], [ -155.60076, 18.96872 ], [ -155.60084, 18.96868 ], [ -155.60106, 18.96837 ], [ -155.60111, 18.96832 ], [ -155.60137, 18.96821 ], [ -155.60156, 18.968 ], [ -155.60162, 18.96799 ], [ -155.60206, 18.968 ], [ -155.60229, 18.96797 ], [ -155.60244, 18.96809 ], [ -155.60252, 18.96811 ], [ -155.60261, 18.96811 ], [ -155.6027, 18.96808 ], [ -155.6028, 18.96802 ], [ -155.60292, 18.96799 ], [ -155.60318, 18.96797 ], [ -155.60328, 18.968 ], [ -155.60336, 18.96805 ], [ -155.60343, 18.96813 ], [ -155.60388, 18.9684 ], [ -155.60409, 18.96846 ], [ -155.6044, 18.96846 ], [ -155.60471, 18.96857 ], [ -155.60487, 18.96844 ], [ -155.60494, 18.96842 ], [ -155.60503, 18.96847 ], [ -155.60505, 18.96853 ], [ -155.60509, 18.96857 ], [ -155.60519, 18.96861 ], [ -155.60515, 18.96871 ], [ -155.60504, 18.96875 ], [ -155.60518, 18.96885 ], [ -155.60524, 18.96886 ], [ -155.6055, 18.96876 ], [ -155.60569, 18.96879 ], [ -155.60581, 18.96889 ], [ -155.60594, 18.9689 ], [ -155.60602, 18.96886 ], [ -155.60608, 18.96879 ], [ -155.60616, 18.96855 ], [ -155.6062, 18.96848 ], [ -155.60627, 18.96843 ], [ -155.60633, 18.96841 ], [ -155.60648, 18.96846 ], [ -155.60656, 18.9685 ], [ -155.60668, 18.96849 ], [ -155.60674, 18.96844 ], [ -155.60677, 18.9684 ], [ -155.60672, 18.96821 ], [ -155.60681, 18.96807 ], [ -155.60694, 18.96796 ], [ -155.60699, 18.96789 ], [ -155.60701, 18.96781 ], [ -155.60712, 18.96771 ], [ -155.6074, 18.96758 ], [ -155.60755, 18.96735 ], [ -155.60784, 18.96734 ], [ -155.608, 18.96719 ], [ -155.60809, 18.96707 ], [ -155.60819, 18.96681 ], [ -155.60822, 18.96677 ], [ -155.60836, 18.96676 ], [ -155.60855, 18.9667 ], [ -155.60862, 18.96656 ], [ -155.60881, 18.9664 ], [ -155.60889, 18.96624 ], [ -155.60913, 18.96601 ], [ -155.60925, 18.966 ], [ -155.60952, 18.96599 ], [ -155.6101, 18.96595 ], [ -155.61029, 18.96598 ], [ -155.61031, 18.966 ], [ -155.61032, 18.96602 ], [ -155.61031, 18.96605 ], [ -155.61026, 18.96611 ], [ -155.61028, 18.96613 ], [ -155.61031, 18.96615 ], [ -155.61034, 18.96618 ], [ -155.61036, 18.96618 ], [ -155.61038, 18.96621 ], [ -155.6104, 18.96625 ], [ -155.61044, 18.96629 ], [ -155.61044, 18.96633 ], [ -155.61046, 18.96636 ], [ -155.61048, 18.9664 ], [ -155.61047, 18.96644 ], [ -155.61046, 18.96649 ], [ -155.61045, 18.9665 ], [ -155.61043, 18.96652 ], [ -155.61044, 18.96656 ], [ -155.61047, 18.96661 ], [ -155.6105, 18.9667 ], [ -155.61051, 18.96677 ], [ -155.6105, 18.96682 ], [ -155.6105, 18.96685 ], [ -155.6105, 18.96688 ], [ -155.61053, 18.96693 ], [ -155.61059, 18.96699 ], [ -155.61063, 18.96701 ], [ -155.6107, 18.96706 ], [ -155.61075, 18.9671 ], [ -155.61082, 18.96715 ], [ -155.61089, 18.96717 ], [ -155.61097, 18.96719 ], [ -155.61103, 18.9672 ], [ -155.61108, 18.96722 ], [ -155.61114, 18.96726 ], [ -155.61117, 18.96737 ], [ -155.61113, 18.96761 ], [ -155.61105, 18.96775 ], [ -155.61098, 18.96804 ], [ -155.61099, 18.96839 ], [ -155.61106, 18.96846 ], [ -155.61133, 18.96853 ], [ -155.61142, 18.96865 ], [ -155.61148, 18.96869 ], [ -155.61153, 18.96868 ], [ -155.61166, 18.96859 ], [ -155.61176, 18.96849 ], [ -155.61207, 18.96861 ], [ -155.61209, 18.96865 ], [ -155.61199, 18.96868 ], [ -155.61191, 18.9687 ], [ -155.61185, 18.96875 ], [ -155.61186, 18.96882 ], [ -155.61189, 18.96885 ], [ -155.61191, 18.9689 ], [ -155.61187, 18.96902 ], [ -155.61189, 18.96909 ], [ -155.61191, 18.96911 ], [ -155.61204, 18.96909 ], [ -155.61209, 18.9691 ], [ -155.61214, 18.96914 ], [ -155.61215, 18.96918 ], [ -155.61212, 18.96946 ], [ -155.61215, 18.96952 ], [ -155.61211, 18.96976 ], [ -155.61225, 18.96982 ], [ -155.61243, 18.97 ], [ -155.61247, 18.97009 ], [ -155.61241, 18.97015 ], [ -155.61244, 18.97022 ], [ -155.61252, 18.97025 ], [ -155.61252, 18.97028 ], [ -155.61246, 18.97036 ], [ -155.61247, 18.97049 ], [ -155.61241, 18.97056 ], [ -155.61242, 18.97061 ], [ -155.61249, 18.97071 ], [ -155.61262, 18.97073 ], [ -155.61267, 18.97089 ], [ -155.61268, 18.9713 ], [ -155.6126, 18.97143 ], [ -155.61253, 18.97145 ], [ -155.61249, 18.97136 ], [ -155.61241, 18.97136 ], [ -155.61229, 18.97147 ], [ -155.61227, 18.97153 ], [ -155.61232, 18.9716 ], [ -155.61245, 18.97172 ], [ -155.61248, 18.97181 ], [ -155.61245, 18.97189 ], [ -155.61234, 18.97207 ], [ -155.61233, 18.97232 ], [ -155.61222, 18.97258 ], [ -155.61226, 18.97259 ], [ -155.61237, 18.9725 ], [ -155.61257, 18.97257 ], [ -155.61265, 18.97254 ], [ -155.61269, 18.97251 ], [ -155.61273, 18.97231 ], [ -155.61285, 18.97219 ], [ -155.61287, 18.97217 ], [ -155.61291, 18.97221 ], [ -155.61289, 18.97236 ], [ -155.61295, 18.9724 ], [ -155.61299, 18.97245 ], [ -155.61302, 18.97247 ], [ -155.61306, 18.97245 ], [ -155.61323, 18.9723 ], [ -155.61351, 18.97222 ], [ -155.61355, 18.97223 ], [ -155.61355, 18.97227 ], [ -155.61363, 18.97228 ], [ -155.61373, 18.9722 ], [ -155.61378, 18.97219 ], [ -155.61382, 18.97224 ], [ -155.61388, 18.97225 ], [ -155.6139, 18.97224 ], [ -155.61404, 18.97227 ], [ -155.61418, 18.97224 ], [ -155.61418, 18.97219 ], [ -155.61408, 18.97214 ], [ -155.61394, 18.97199 ], [ -155.61377, 18.97167 ], [ -155.61365, 18.97156 ], [ -155.61347, 18.97153 ], [ -155.6134, 18.97148 ], [ -155.61335, 18.9714 ], [ -155.61326, 18.97107 ], [ -155.61329, 18.97063 ], [ -155.61331, 18.97057 ], [ -155.61341, 18.97048 ], [ -155.61348, 18.97046 ], [ -155.61352, 18.9704 ], [ -155.61362, 18.96992 ], [ -155.61369, 18.96976 ], [ -155.61374, 18.96953 ], [ -155.61386, 18.96936 ], [ -155.61413, 18.9692 ], [ -155.61429, 18.96886 ], [ -155.61434, 18.96884 ], [ -155.61441, 18.96878 ], [ -155.61453, 18.96876 ], [ -155.61463, 18.96871 ], [ -155.61467, 18.96865 ], [ -155.61482, 18.96853 ], [ -155.61489, 18.96849 ], [ -155.61515, 18.96851 ], [ -155.61533, 18.9684 ], [ -155.61552, 18.96837 ], [ -155.61558, 18.96838 ], [ -155.61573, 18.96834 ], [ -155.61586, 18.96839 ], [ -155.61626, 18.9685 ], [ -155.61635, 18.96853 ], [ -155.6165, 18.96866 ], [ -155.61664, 18.9687 ], [ -155.61679, 18.9688 ], [ -155.61692, 18.96902 ], [ -155.61707, 18.96915 ], [ -155.61699, 18.96929 ], [ -155.61699, 18.96942 ], [ -155.61701, 18.96955 ], [ -155.61721, 18.96979 ], [ -155.6173, 18.96981 ], [ -155.61732, 18.97006 ], [ -155.61735, 18.97008 ], [ -155.6175, 18.97006 ], [ -155.61791, 18.96977 ], [ -155.61802, 18.96976 ], [ -155.61814, 18.96977 ], [ -155.6182, 18.96976 ], [ -155.61837, 18.96957 ], [ -155.61866, 18.96933 ], [ -155.61882, 18.96919 ], [ -155.61917, 18.96898 ], [ -155.61943, 18.96886 ], [ -155.61956, 18.96868 ], [ -155.61968, 18.9686 ], [ -155.61978, 18.96853 ], [ -155.61996, 18.96834 ], [ -155.62009, 18.968 ], [ -155.62008, 18.96782 ], [ -155.62, 18.96754 ], [ -155.61997, 18.96748 ], [ -155.62001, 18.96741 ], [ -155.62008, 18.96737 ], [ -155.62015, 18.96731 ], [ -155.62018, 18.96723 ], [ -155.62019, 18.96712 ], [ -155.62012, 18.96696 ], [ -155.62012, 18.9669 ], [ -155.62005, 18.9668 ], [ -155.62014, 18.96678 ], [ -155.6202, 18.96672 ], [ -155.62013, 18.96658 ], [ -155.62013, 18.9665 ], [ -155.62016, 18.96643 ], [ -155.6202, 18.96641 ], [ -155.62026, 18.96642 ], [ -155.62035, 18.96651 ], [ -155.62041, 18.9666 ], [ -155.62045, 18.96661 ], [ -155.6206, 18.96661 ], [ -155.62079, 18.96653 ], [ -155.62078, 18.96646 ], [ -155.6209, 18.96636 ], [ -155.62099, 18.96619 ], [ -155.621, 18.96591 ], [ -155.62111, 18.96582 ], [ -155.62107, 18.96551 ], [ -155.62099, 18.96535 ], [ -155.62093, 18.96525 ], [ -155.62096, 18.96517 ], [ -155.621, 18.96513 ], [ -155.621, 18.96502 ], [ -155.62082, 18.9649 ], [ -155.62076, 18.96473 ], [ -155.62064, 18.96456 ], [ -155.62063, 18.96452 ], [ -155.62076, 18.96427 ], [ -155.62078, 18.9642 ], [ -155.62075, 18.96415 ], [ -155.62071, 18.96412 ], [ -155.6206, 18.96408 ], [ -155.62065, 18.96399 ], [ -155.6208, 18.96389 ], [ -155.6209, 18.96383 ], [ -155.6208, 18.96366 ], [ -155.62083, 18.96364 ], [ -155.621, 18.96362 ], [ -155.62115, 18.96368 ], [ -155.62123, 18.96368 ], [ -155.62129, 18.96356 ], [ -155.62137, 18.96334 ], [ -155.62137, 18.96314 ], [ -155.62138, 18.96306 ], [ -155.62142, 18.963 ], [ -155.62148, 18.96298 ], [ -155.62167, 18.96298 ], [ -155.62173, 18.96297 ], [ -155.62177, 18.96292 ], [ -155.62175, 18.96285 ], [ -155.62168, 18.96279 ], [ -155.62167, 18.96271 ], [ -155.62171, 18.96259 ], [ -155.62198, 18.9623 ], [ -155.6221, 18.96221 ], [ -155.62211, 18.96217 ], [ -155.6222, 18.96216 ], [ -155.62233, 18.96215 ], [ -155.62252, 18.96221 ], [ -155.62263, 18.96221 ], [ -155.6227, 18.96217 ], [ -155.62279, 18.96202 ], [ -155.62274, 18.96162 ], [ -155.62278, 18.96139 ], [ -155.62301, 18.9611 ], [ -155.62291, 18.96097 ], [ -155.62288, 18.96087 ], [ -155.62282, 18.96061 ], [ -155.62274, 18.96032 ], [ -155.62278, 18.96004 ], [ -155.62288, 18.95987 ], [ -155.62288, 18.95975 ], [ -155.62274, 18.95956 ], [ -155.62264, 18.95924 ], [ -155.6225, 18.959 ], [ -155.62245, 18.95874 ], [ -155.62245, 18.95859 ], [ -155.62242, 18.95844 ], [ -155.6224, 18.95825 ], [ -155.62227, 18.95787 ], [ -155.6223, 18.9576 ], [ -155.62235, 18.95754 ], [ -155.62238, 18.95743 ], [ -155.62232, 18.95718 ], [ -155.6222, 18.95711 ], [ -155.62219, 18.9571 ], [ -155.6222, 18.957 ], [ -155.62228, 18.95696 ], [ -155.62248, 18.95686 ], [ -155.62252, 18.95681 ], [ -155.6227, 18.95646 ], [ -155.62293, 18.95625 ], [ -155.62299, 18.95616 ], [ -155.62306, 18.9561 ], [ -155.6233, 18.95598 ], [ -155.62348, 18.95594 ], [ -155.62354, 18.95589 ], [ -155.62365, 18.95574 ], [ -155.62373, 18.95565 ], [ -155.62387, 18.95545 ], [ -155.624, 18.95531 ], [ -155.62407, 18.95527 ], [ -155.62424, 18.95524 ], [ -155.62441, 18.95526 ], [ -155.62442, 18.95522 ], [ -155.62457, 18.9552 ], [ -155.62466, 18.95516 ], [ -155.62491, 18.95515 ], [ -155.62497, 18.95512 ], [ -155.62502, 18.95507 ], [ -155.6251, 18.95487 ], [ -155.6251, 18.95481 ], [ -155.62503, 18.95474 ], [ -155.62506, 18.95469 ], [ -155.62506, 18.95463 ], [ -155.62498, 18.95454 ], [ -155.62498, 18.95443 ], [ -155.6251, 18.95401 ], [ -155.62531, 18.95388 ], [ -155.62535, 18.95386 ], [ -155.6254, 18.95381 ], [ -155.62541, 18.95373 ], [ -155.62546, 18.95366 ], [ -155.62547, 18.95361 ], [ -155.62538, 18.95352 ], [ -155.62528, 18.95346 ], [ -155.6252, 18.95335 ], [ -155.62523, 18.95328 ], [ -155.62536, 18.95327 ], [ -155.62546, 18.95324 ], [ -155.62554, 18.95311 ], [ -155.62558, 18.95308 ], [ -155.62564, 18.95307 ], [ -155.62568, 18.9531 ], [ -155.62579, 18.95313 ], [ -155.62593, 18.95305 ], [ -155.62609, 18.95305 ], [ -155.62614, 18.95301 ], [ -155.62617, 18.95291 ], [ -155.62628, 18.95283 ], [ -155.62628, 18.95276 ], [ -155.62625, 18.9527 ], [ -155.6263, 18.9526 ], [ -155.62623, 18.95236 ], [ -155.62627, 18.95225 ], [ -155.62626, 18.95207 ], [ -155.62607, 18.95197 ], [ -155.62604, 18.95192 ], [ -155.62602, 18.9517 ], [ -155.62599, 18.95154 ], [ -155.62604, 18.95153 ], [ -155.62608, 18.95154 ], [ -155.62615, 18.95162 ], [ -155.62627, 18.95165 ], [ -155.62645, 18.95164 ], [ -155.6267, 18.95153 ], [ -155.62695, 18.95138 ], [ -155.62703, 18.95125 ], [ -155.62705, 18.95118 ], [ -155.62703, 18.95107 ], [ -155.62686, 18.95081 ], [ -155.62682, 18.95078 ], [ -155.62671, 18.95076 ], [ -155.62668, 18.95071 ], [ -155.62667, 18.95065 ], [ -155.62675, 18.95053 ], [ -155.6269, 18.95038 ], [ -155.62711, 18.95021 ], [ -155.62721, 18.95015 ], [ -155.62726, 18.95003 ], [ -155.62741, 18.9499 ], [ -155.62742, 18.94985 ], [ -155.62735, 18.94978 ], [ -155.62729, 18.94975 ], [ -155.62729, 18.94968 ], [ -155.6274, 18.94945 ], [ -155.62751, 18.94941 ], [ -155.62758, 18.94939 ], [ -155.62762, 18.94935 ], [ -155.62762, 18.94931 ], [ -155.62757, 18.94926 ], [ -155.62756, 18.94916 ], [ -155.62755, 18.94915 ], [ -155.6276, 18.94899 ], [ -155.62763, 18.94875 ], [ -155.62754, 18.94852 ], [ -155.62747, 18.94842 ], [ -155.6273, 18.94829 ], [ -155.62725, 18.94822 ], [ -155.62726, 18.94813 ], [ -155.62734, 18.94809 ], [ -155.62747, 18.94806 ], [ -155.62754, 18.94797 ], [ -155.62762, 18.94796 ], [ -155.6277, 18.94802 ], [ -155.62774, 18.94811 ], [ -155.62788, 18.94813 ], [ -155.62795, 18.94812 ], [ -155.62818, 18.94801 ], [ -155.62855, 18.94784 ], [ -155.62875, 18.94772 ], [ -155.62915, 18.94767 ], [ -155.62942, 18.9476 ], [ -155.62961, 18.94755 ], [ -155.62973, 18.94746 ], [ -155.6298, 18.94733 ], [ -155.62984, 18.9473 ], [ -155.62984, 18.94727 ], [ -155.6298, 18.94723 ], [ -155.62976, 18.94709 ], [ -155.6298, 18.94693 ], [ -155.62984, 18.9469 ], [ -155.62998, 18.94689 ], [ -155.63017, 18.94702 ], [ -155.63021, 18.94706 ], [ -155.63034, 18.94708 ], [ -155.63049, 18.94723 ], [ -155.63053, 18.94724 ], [ -155.63062, 18.94721 ], [ -155.63066, 18.94717 ], [ -155.63076, 18.94696 ], [ -155.63077, 18.94681 ], [ -155.63086, 18.9465 ], [ -155.63089, 18.94644 ], [ -155.63098, 18.94639 ], [ -155.63111, 18.94635 ], [ -155.6312, 18.94628 ], [ -155.63124, 18.94622 ], [ -155.63126, 18.94611 ], [ -155.63132, 18.94601 ], [ -155.63142, 18.94597 ], [ -155.63167, 18.94597 ], [ -155.63174, 18.94593 ], [ -155.63189, 18.94569 ], [ -155.6319, 18.9456 ], [ -155.63184, 18.94552 ], [ -155.63178, 18.94548 ], [ -155.63176, 18.94544 ], [ -155.63176, 18.94537 ], [ -155.63181, 18.94526 ], [ -155.63176, 18.94511 ], [ -155.63179, 18.94504 ], [ -155.63191, 18.94495 ], [ -155.63199, 18.94492 ], [ -155.63204, 18.94473 ], [ -155.63219, 18.94462 ], [ -155.63226, 18.9445 ], [ -155.63226, 18.94444 ], [ -155.63219, 18.94433 ], [ -155.63225, 18.94426 ], [ -155.6322, 18.94418 ], [ -155.63213, 18.94416 ], [ -155.63213, 18.94408 ], [ -155.63221, 18.94388 ], [ -155.63224, 18.94369 ], [ -155.63222, 18.94363 ], [ -155.63203, 18.94348 ], [ -155.63203, 18.94343 ], [ -155.63211, 18.94332 ], [ -155.63212, 18.94297 ], [ -155.63215, 18.94287 ], [ -155.63234, 18.9426 ], [ -155.63245, 18.94253 ], [ -155.63253, 18.94251 ], [ -155.63269, 18.94253 ], [ -155.63275, 18.94251 ], [ -155.63284, 18.94238 ], [ -155.63282, 18.94227 ], [ -155.6328, 18.94207 ], [ -155.63282, 18.942 ], [ -155.63299, 18.94207 ], [ -155.63305, 18.94207 ], [ -155.63314, 18.94202 ], [ -155.63317, 18.94195 ], [ -155.63324, 18.94189 ], [ -155.63337, 18.94183 ], [ -155.63338, 18.94178 ], [ -155.63336, 18.9417 ], [ -155.63332, 18.94167 ], [ -155.63328, 18.94155 ], [ -155.63324, 18.9415 ], [ -155.63309, 18.94141 ], [ -155.63307, 18.94136 ], [ -155.63311, 18.94117 ], [ -155.63325, 18.94092 ], [ -155.63328, 18.94076 ], [ -155.63365, 18.94068 ], [ -155.63377, 18.94053 ], [ -155.63392, 18.94047 ], [ -155.63407, 18.94042 ], [ -155.63412, 18.94038 ], [ -155.63415, 18.94031 ], [ -155.63411, 18.94015 ], [ -155.63419, 18.93999 ], [ -155.6343, 18.93987 ], [ -155.63444, 18.93981 ], [ -155.6345, 18.93981 ], [ -155.63456, 18.93984 ], [ -155.63468, 18.93985 ], [ -155.6349, 18.93973 ], [ -155.63496, 18.93957 ], [ -155.63497, 18.93951 ], [ -155.63491, 18.93939 ], [ -155.63494, 18.93931 ], [ -155.63503, 18.93921 ], [ -155.63517, 18.93915 ], [ -155.63525, 18.93903 ], [ -155.63529, 18.93878 ], [ -155.6354, 18.93864 ], [ -155.63564, 18.93844 ], [ -155.63582, 18.93835 ], [ -155.6359, 18.93829 ], [ -155.63597, 18.9382 ], [ -155.63599, 18.9381 ], [ -155.63639, 18.93777 ], [ -155.63678, 18.93757 ], [ -155.637, 18.93741 ], [ -155.63756, 18.93679 ], [ -155.63799, 18.93626 ], [ -155.6383, 18.93614 ], [ -155.63855, 18.93609 ], [ -155.63862, 18.93608 ], [ -155.63871, 18.93611 ], [ -155.63877, 18.9361 ], [ -155.63885, 18.93602 ], [ -155.63892, 18.93598 ], [ -155.63899, 18.936 ], [ -155.63915, 18.93598 ], [ -155.63931, 18.93605 ], [ -155.63959, 18.93608 ], [ -155.63971, 18.93604 ], [ -155.6399, 18.93613 ], [ -155.64009, 18.93617 ], [ -155.64038, 18.93619 ], [ -155.64076, 18.93613 ], [ -155.64087, 18.93608 ], [ -155.64097, 18.93595 ], [ -155.64102, 18.93586 ], [ -155.64107, 18.93559 ], [ -155.6411, 18.93557 ], [ -155.64119, 18.9356 ], [ -155.6414, 18.93548 ], [ -155.64145, 18.93548 ], [ -155.6415, 18.93547 ], [ -155.64157, 18.93534 ], [ -155.6417, 18.93526 ], [ -155.64172, 18.9352 ], [ -155.64171, 18.93516 ], [ -155.64173, 18.93511 ], [ -155.64185, 18.93509 ], [ -155.64195, 18.9351 ], [ -155.64203, 18.93514 ], [ -155.64216, 18.93525 ], [ -155.64244, 18.93525 ], [ -155.64247, 18.93521 ], [ -155.64249, 18.93508 ], [ -155.6426, 18.93506 ], [ -155.64266, 18.935 ], [ -155.64269, 18.93494 ], [ -155.64273, 18.93492 ], [ -155.64301, 18.9349 ], [ -155.64338, 18.93512 ], [ -155.64355, 18.93514 ], [ -155.64361, 18.93518 ], [ -155.64373, 18.93538 ], [ -155.64376, 18.93541 ], [ -155.64394, 18.9354 ], [ -155.64428, 18.93551 ], [ -155.64441, 18.93561 ], [ -155.6446, 18.93562 ], [ -155.64465, 18.93576 ], [ -155.64469, 18.93578 ], [ -155.64483, 18.93581 ], [ -155.6449, 18.9359 ], [ -155.64496, 18.93602 ], [ -155.6451, 18.93614 ], [ -155.64526, 18.93615 ], [ -155.64528, 18.93614 ], [ -155.64532, 18.93604 ], [ -155.64542, 18.936 ], [ -155.64549, 18.93593 ], [ -155.64534, 18.93577 ], [ -155.64531, 18.93559 ], [ -155.64527, 18.93555 ], [ -155.64534, 18.93551 ], [ -155.64539, 18.93568 ], [ -155.64543, 18.93573 ], [ -155.64568, 18.93581 ], [ -155.64573, 18.93584 ], [ -155.64581, 18.93604 ], [ -155.64587, 18.93606 ], [ -155.64594, 18.93618 ], [ -155.64598, 18.93619 ], [ -155.64606, 18.93619 ], [ -155.64621, 18.93612 ], [ -155.64628, 18.93606 ], [ -155.64651, 18.93597 ], [ -155.64659, 18.93588 ], [ -155.64659, 18.93583 ], [ -155.64655, 18.93566 ], [ -155.64659, 18.93555 ], [ -155.64659, 18.93546 ], [ -155.64652, 18.93533 ], [ -155.64646, 18.93515 ], [ -155.64648, 18.93507 ], [ -155.64633, 18.93493 ], [ -155.6462, 18.93475 ], [ -155.64618, 18.93463 ], [ -155.64598, 18.93443 ], [ -155.64576, 18.9342 ], [ -155.6458, 18.93415 ], [ -155.64584, 18.93412 ], [ -155.64586, 18.93409 ], [ -155.64582, 18.9339 ], [ -155.6459, 18.9336 ], [ -155.64594, 18.93355 ], [ -155.64588, 18.93333 ], [ -155.64593, 18.93317 ], [ -155.64587, 18.93307 ], [ -155.6459, 18.93294 ], [ -155.646, 18.9329 ], [ -155.64609, 18.93279 ], [ -155.64607, 18.93269 ], [ -155.64602, 18.93266 ], [ -155.64604, 18.93263 ], [ -155.64609, 18.9326 ], [ -155.64617, 18.93246 ], [ -155.64628, 18.93249 ], [ -155.64631, 18.93247 ], [ -155.64641, 18.93227 ], [ -155.64648, 18.93225 ], [ -155.64655, 18.93226 ], [ -155.64681, 18.93211 ], [ -155.64696, 18.93209 ], [ -155.64706, 18.93204 ], [ -155.6471, 18.93198 ], [ -155.64711, 18.93192 ], [ -155.64707, 18.93181 ], [ -155.64707, 18.93173 ], [ -155.6471, 18.93165 ], [ -155.64704, 18.93159 ], [ -155.6469, 18.93162 ], [ -155.64686, 18.93158 ], [ -155.64688, 18.93148 ], [ -155.64694, 18.93136 ], [ -155.64706, 18.93129 ], [ -155.64708, 18.93123 ], [ -155.64708, 18.93106 ], [ -155.64701, 18.93092 ], [ -155.64707, 18.93086 ], [ -155.64723, 18.93079 ], [ -155.64738, 18.93067 ], [ -155.64758, 18.93042 ], [ -155.64762, 18.93024 ], [ -155.64759, 18.93021 ], [ -155.64753, 18.93018 ], [ -155.64751, 18.93015 ], [ -155.64755, 18.93002 ], [ -155.64766, 18.92989 ], [ -155.64778, 18.92961 ], [ -155.64782, 18.92941 ], [ -155.64788, 18.92938 ], [ -155.648, 18.92944 ], [ -155.6481, 18.92943 ], [ -155.64828, 18.9292 ], [ -155.64827, 18.9291 ], [ -155.64834, 18.9291 ], [ -155.64851, 18.92909 ], [ -155.64858, 18.92912 ], [ -155.64872, 18.92907 ], [ -155.64877, 18.92909 ], [ -155.6489, 18.92904 ], [ -155.64898, 18.92899 ], [ -155.64911, 18.92897 ], [ -155.64917, 18.92894 ], [ -155.64922, 18.92879 ], [ -155.64924, 18.92871 ], [ -155.64918, 18.92865 ], [ -155.64915, 18.92856 ], [ -155.64919, 18.92835 ], [ -155.64918, 18.92827 ], [ -155.64907, 18.92818 ], [ -155.64906, 18.92813 ], [ -155.64913, 18.92812 ], [ -155.64918, 18.9281 ], [ -155.64922, 18.92804 ], [ -155.64921, 18.92787 ], [ -155.64921, 18.92782 ], [ -155.64923, 18.92779 ], [ -155.64941, 18.92765 ], [ -155.64951, 18.92757 ], [ -155.64967, 18.92762 ], [ -155.64973, 18.9276 ], [ -155.64979, 18.92756 ], [ -155.64975, 18.92746 ], [ -155.6497, 18.92738 ], [ -155.64955, 18.9273 ], [ -155.64952, 18.92724 ], [ -155.64954, 18.92722 ], [ -155.64968, 18.92723 ], [ -155.64975, 18.9272 ], [ -155.64989, 18.92721 ], [ -155.65, 18.92718 ], [ -155.65014, 18.92723 ], [ -155.65022, 18.92721 ], [ -155.65045, 18.92705 ], [ -155.65058, 18.92691 ], [ -155.65061, 18.92687 ], [ -155.65057, 18.92681 ], [ -155.65056, 18.92667 ], [ -155.65052, 18.9265 ], [ -155.65053, 18.92643 ], [ -155.65056, 18.92641 ], [ -155.65066, 18.92616 ], [ -155.65079, 18.92602 ], [ -155.65101, 18.92587 ], [ -155.65108, 18.92577 ], [ -155.65117, 18.92572 ], [ -155.65157, 18.9256 ], [ -155.65167, 18.92558 ], [ -155.65184, 18.92545 ], [ -155.65208, 18.9254 ], [ -155.65224, 18.9253 ], [ -155.65239, 18.92514 ], [ -155.65243, 18.92512 ], [ -155.65251, 18.92512 ], [ -155.65255, 18.92513 ], [ -155.65271, 18.92507 ], [ -155.65278, 18.92502 ], [ -155.65291, 18.92507 ], [ -155.65297, 18.92504 ], [ -155.65301, 18.92507 ], [ -155.65305, 18.92514 ], [ -155.65322, 18.92513 ], [ -155.65326, 18.9251 ], [ -155.65331, 18.92495 ], [ -155.65338, 18.92494 ], [ -155.65346, 18.92497 ], [ -155.65365, 18.92492 ], [ -155.65383, 18.92492 ], [ -155.65398, 18.92487 ], [ -155.65419, 18.92488 ], [ -155.65425, 18.9248 ], [ -155.65428, 18.92474 ], [ -155.65434, 18.92468 ], [ -155.6544, 18.92455 ], [ -155.6544, 18.92445 ], [ -155.65433, 18.9243 ], [ -155.65434, 18.92409 ], [ -155.65439, 18.92396 ], [ -155.6545, 18.92375 ], [ -155.65451, 18.92357 ], [ -155.65431, 18.92335 ], [ -155.6543, 18.9233 ], [ -155.65441, 18.92317 ], [ -155.6544, 18.92301 ], [ -155.65443, 18.92293 ], [ -155.65456, 18.92281 ], [ -155.65469, 18.92271 ], [ -155.65474, 18.92269 ], [ -155.65475, 18.92263 ], [ -155.65468, 18.92245 ], [ -155.65473, 18.92241 ], [ -155.65488, 18.92242 ], [ -155.65497, 18.92238 ], [ -155.65497, 18.92234 ], [ -155.65497, 18.92227 ], [ -155.655, 18.92226 ], [ -155.65508, 18.92232 ], [ -155.65526, 18.92232 ], [ -155.65545, 18.92243 ], [ -155.65549, 18.92243 ], [ -155.65553, 18.92239 ], [ -155.65558, 18.92225 ], [ -155.65555, 18.92207 ], [ -155.65557, 18.92201 ], [ -155.65554, 18.92186 ], [ -155.6555, 18.92175 ], [ -155.65551, 18.92171 ], [ -155.6556, 18.92168 ], [ -155.65564, 18.9217 ], [ -155.65567, 18.92175 ], [ -155.65568, 18.92182 ], [ -155.65577, 18.92185 ], [ -155.65592, 18.92182 ], [ -155.65605, 18.92173 ], [ -155.65607, 18.92166 ], [ -155.65612, 18.92165 ], [ -155.6564, 18.92169 ], [ -155.6566, 18.92158 ], [ -155.65662, 18.92153 ], [ -155.65658, 18.92144 ], [ -155.65659, 18.92141 ], [ -155.65671, 18.92129 ], [ -155.6567, 18.92123 ], [ -155.65678, 18.92113 ], [ -155.65685, 18.92097 ], [ -155.65688, 18.92095 ], [ -155.65699, 18.921 ], [ -155.65706, 18.92099 ], [ -155.65722, 18.92094 ], [ -155.65733, 18.92093 ], [ -155.65746, 18.9209 ], [ -155.65758, 18.9209 ], [ -155.65808, 18.92072 ], [ -155.65816, 18.92073 ], [ -155.65826, 18.92078 ], [ -155.65833, 18.92078 ], [ -155.65838, 18.92082 ], [ -155.65843, 18.9209 ], [ -155.6585, 18.92096 ], [ -155.6585, 18.92098 ], [ -155.65872, 18.92108 ], [ -155.65877, 18.92107 ], [ -155.6588, 18.92104 ], [ -155.65881, 18.92093 ], [ -155.65899, 18.92089 ], [ -155.6591, 18.92088 ], [ -155.6592, 18.9208 ], [ -155.65928, 18.92077 ], [ -155.65964, 18.9208 ], [ -155.65971, 18.92087 ], [ -155.65979, 18.92091 ], [ -155.65987, 18.9209 ], [ -155.66001, 18.9208 ], [ -155.66008, 18.92053 ], [ -155.66012, 18.92045 ], [ -155.66015, 18.92018 ], [ -155.66018, 18.92014 ], [ -155.66034, 18.92009 ], [ -155.66047, 18.92009 ], [ -155.6606, 18.92006 ], [ -155.66095, 18.92011 ], [ -155.66105, 18.92008 ], [ -155.66115, 18.92002 ], [ -155.66124, 18.91994 ], [ -155.6614, 18.91986 ], [ -155.66146, 18.91979 ], [ -155.66156, 18.91972 ], [ -155.66165, 18.9197 ], [ -155.66183, 18.91992 ], [ -155.66203, 18.92006 ], [ -155.66203, 18.9201 ], [ -155.66212, 18.92029 ], [ -155.66213, 18.92036 ], [ -155.66218, 18.92037 ], [ -155.66229, 18.92034 ], [ -155.66233, 18.92028 ], [ -155.66233, 18.92023 ], [ -155.66239, 18.92018 ], [ -155.66284, 18.92019 ], [ -155.6629, 18.92017 ], [ -155.66308, 18.92018 ], [ -155.66324, 18.92011 ], [ -155.6637, 18.91977 ], [ -155.66384, 18.91962 ], [ -155.66392, 18.91943 ], [ -155.66392, 18.91923 ], [ -155.6639, 18.91918 ], [ -155.66393, 18.91911 ], [ -155.66386, 18.91899 ], [ -155.66386, 18.91895 ], [ -155.66392, 18.91886 ], [ -155.66396, 18.91878 ], [ -155.66393, 18.9187 ], [ -155.66397, 18.91865 ], [ -155.66409, 18.91856 ], [ -155.66409, 18.91851 ], [ -155.66408, 18.91847 ], [ -155.66385, 18.91832 ], [ -155.66368, 18.91826 ], [ -155.66364, 18.91822 ], [ -155.6636, 18.91807 ], [ -155.66364, 18.91795 ], [ -155.66377, 18.91787 ], [ -155.66377, 18.91783 ], [ -155.66372, 18.91773 ], [ -155.66373, 18.91758 ], [ -155.66375, 18.91751 ], [ -155.66374, 18.91747 ], [ -155.66368, 18.91738 ], [ -155.66368, 18.91735 ], [ -155.66379, 18.91727 ], [ -155.6639, 18.91717 ], [ -155.66406, 18.91708 ], [ -155.66419, 18.91707 ], [ -155.66437, 18.91701 ], [ -155.66444, 18.91692 ], [ -155.66437, 18.9167 ], [ -155.6644, 18.91667 ], [ -155.66446, 18.91666 ], [ -155.66457, 18.91667 ], [ -155.66477, 18.91661 ], [ -155.66487, 18.91667 ], [ -155.66502, 18.91665 ], [ -155.66534, 18.91669 ], [ -155.66552, 18.91673 ], [ -155.66575, 18.91671 ], [ -155.66596, 18.9168 ], [ -155.66612, 18.91681 ], [ -155.66627, 18.91686 ], [ -155.66632, 18.91685 ], [ -155.66636, 18.91682 ], [ -155.66635, 18.91669 ], [ -155.66642, 18.91665 ], [ -155.6664, 18.9166 ], [ -155.6664, 18.91655 ], [ -155.66647, 18.91647 ], [ -155.66652, 18.91644 ], [ -155.66663, 18.91646 ], [ -155.66674, 18.91653 ], [ -155.66685, 18.91657 ], [ -155.66691, 18.91665 ], [ -155.66706, 18.91674 ], [ -155.66714, 18.91686 ], [ -155.66724, 18.9169 ], [ -155.66737, 18.91694 ], [ -155.66757, 18.91692 ], [ -155.66778, 18.91686 ], [ -155.66796, 18.91671 ], [ -155.66799, 18.91663 ], [ -155.66802, 18.91637 ], [ -155.66791, 18.91606 ], [ -155.66792, 18.91602 ], [ -155.66798, 18.91601 ], [ -155.66802, 18.91598 ], [ -155.66803, 18.91569 ], [ -155.66807, 18.91564 ], [ -155.66813, 18.91562 ], [ -155.66826, 18.91572 ], [ -155.66829, 18.91583 ], [ -155.66831, 18.91607 ], [ -155.6684, 18.91614 ], [ -155.66843, 18.91626 ], [ -155.66844, 18.91636 ], [ -155.6685, 18.91645 ], [ -155.66847, 18.91658 ], [ -155.6685, 18.91675 ], [ -155.66854, 18.91682 ], [ -155.66869, 18.91687 ], [ -155.66879, 18.91684 ], [ -155.66888, 18.91685 ], [ -155.66901, 18.91679 ], [ -155.66905, 18.91675 ], [ -155.66906, 18.91671 ], [ -155.66898, 18.91663 ], [ -155.66888, 18.91657 ], [ -155.66888, 18.91654 ], [ -155.66896, 18.91647 ], [ -155.66898, 18.91643 ], [ -155.66898, 18.91622 ], [ -155.66902, 18.91616 ], [ -155.66944, 18.91575 ], [ -155.66967, 18.91565 ], [ -155.66985, 18.91564 ], [ -155.66994, 18.91559 ], [ -155.66999, 18.91558 ], [ -155.67, 18.91553 ], [ -155.67012, 18.9155 ], [ -155.67036, 18.91525 ], [ -155.67042, 18.91524 ], [ -155.67049, 18.91525 ], [ -155.67061, 18.91516 ], [ -155.6708, 18.91486 ], [ -155.6709, 18.91465 ], [ -155.67104, 18.91452 ], [ -155.6712, 18.91452 ], [ -155.67127, 18.91449 ], [ -155.67131, 18.91454 ], [ -155.67139, 18.91452 ], [ -155.67145, 18.9145 ], [ -155.67149, 18.91437 ], [ -155.6715, 18.91432 ], [ -155.6716, 18.91422 ], [ -155.67163, 18.91416 ], [ -155.67168, 18.91413 ], [ -155.67176, 18.91411 ], [ -155.67186, 18.91402 ], [ -155.67192, 18.91393 ], [ -155.67216, 18.91382 ], [ -155.67242, 18.91372 ], [ -155.67248, 18.91368 ], [ -155.67252, 18.91354 ], [ -155.67266, 18.91328 ], [ -155.67264, 18.91316 ], [ -155.67264, 18.91308 ], [ -155.67267, 18.91304 ], [ -155.6727, 18.91303 ], [ -155.6727, 18.91299 ], [ -155.67263, 18.91286 ], [ -155.67266, 18.91279 ], [ -155.67281, 18.91278 ], [ -155.67292, 18.9127 ], [ -155.6729, 18.91261 ], [ -155.67296, 18.91248 ], [ -155.673, 18.91245 ], [ -155.67301, 18.9124 ], [ -155.673, 18.91232 ], [ -155.67307, 18.9123 ], [ -155.67312, 18.91231 ], [ -155.67319, 18.91229 ], [ -155.67332, 18.9122 ], [ -155.6736, 18.91213 ], [ -155.67368, 18.91213 ], [ -155.67375, 18.91219 ], [ -155.67378, 18.91224 ], [ -155.67386, 18.91224 ], [ -155.67402, 18.91213 ], [ -155.67424, 18.91203 ], [ -155.67452, 18.91199 ], [ -155.67462, 18.91206 ], [ -155.67489, 18.91209 ], [ -155.67509, 18.91209 ], [ -155.67523, 18.91214 ], [ -155.67534, 18.91211 ], [ -155.67559, 18.91184 ], [ -155.67563, 18.91183 ], [ -155.67567, 18.91187 ], [ -155.67566, 18.91195 ], [ -155.67579, 18.91204 ], [ -155.67581, 18.91211 ], [ -155.67595, 18.91223 ], [ -155.676, 18.91229 ], [ -155.67619, 18.9123 ], [ -155.67632, 18.91233 ], [ -155.67639, 18.91231 ], [ -155.67658, 18.91233 ], [ -155.67667, 18.91229 ], [ -155.6767, 18.91223 ], [ -155.67684, 18.91218 ], [ -155.67696, 18.912 ], [ -155.67704, 18.91195 ], [ -155.67707, 18.91185 ], [ -155.67705, 18.91181 ], [ -155.67722, 18.91163 ], [ -155.67724, 18.91138 ], [ -155.67732, 18.91124 ], [ -155.67732, 18.91111 ], [ -155.67734, 18.91106 ], [ -155.6774, 18.91104 ], [ -155.67754, 18.91103 ], [ -155.67759, 18.91096 ], [ -155.67767, 18.91093 ], [ -155.67771, 18.91089 ], [ -155.67774, 18.91081 ], [ -155.6778, 18.91079 ], [ -155.67796, 18.91086 ], [ -155.67811, 18.91089 ], [ -155.67816, 18.91087 ], [ -155.67824, 18.91077 ], [ -155.67833, 18.91075 ], [ -155.67848, 18.91084 ], [ -155.67866, 18.91105 ], [ -155.67872, 18.91107 ], [ -155.67891, 18.91106 ], [ -155.679, 18.91109 ], [ -155.67922, 18.91128 ], [ -155.67932, 18.91132 ], [ -155.67964, 18.91131 ], [ -155.6797, 18.91129 ], [ -155.67994, 18.91129 ], [ -155.68009, 18.91117 ], [ -155.68018, 18.91113 ], [ -155.68039, 18.91109 ], [ -155.68051, 18.91104 ], [ -155.68057, 18.911 ], [ -155.68068, 18.91073 ], [ -155.6807, 18.9107 ], [ -155.68074, 18.91069 ], [ -155.68079, 18.91071 ], [ -155.68083, 18.91078 ], [ -155.6809, 18.91082 ], [ -155.68109, 18.91081 ], [ -155.68122, 18.91091 ], [ -155.68134, 18.91092 ], [ -155.68142, 18.91097 ], [ -155.68149, 18.91098 ], [ -155.68157, 18.91102 ], [ -155.68171, 18.91102 ], [ -155.68181, 18.91106 ], [ -155.6818, 18.91122 ], [ -155.68186, 18.91128 ], [ -155.68186, 18.91135 ], [ -155.68188, 18.91138 ], [ -155.68192, 18.91139 ], [ -155.68196, 18.91135 ], [ -155.68207, 18.91133 ], [ -155.68223, 18.91139 ], [ -155.6822, 18.9116 ], [ -155.68227, 18.91169 ], [ -155.68238, 18.91177 ], [ -155.68241, 18.91182 ], [ -155.68251, 18.9119 ], [ -155.68254, 18.91197 ], [ -155.68247, 18.91201 ], [ -155.68242, 18.91203 ], [ -155.68239, 18.91206 ], [ -155.68236, 18.91224 ], [ -155.68234, 18.91229 ], [ -155.68218, 18.91234 ], [ -155.68221, 18.91239 ], [ -155.68217, 18.91246 ], [ -155.68226, 18.9125 ], [ -155.68228, 18.91253 ], [ -155.6823, 18.91261 ], [ -155.68241, 18.91263 ], [ -155.68247, 18.91276 ], [ -155.68254, 18.91276 ], [ -155.68259, 18.91281 ], [ -155.68258, 18.91285 ], [ -155.68255, 18.91287 ], [ -155.68256, 18.91314 ], [ -155.68256, 18.91321 ], [ -155.68264, 18.91323 ], [ -155.68272, 18.9134 ], [ -155.68279, 18.91346 ], [ -155.68271, 18.91352 ], [ -155.6827, 18.91357 ], [ -155.68274, 18.91365 ], [ -155.68278, 18.91376 ], [ -155.68276, 18.91381 ], [ -155.6828, 18.91397 ], [ -155.6828, 18.91406 ], [ -155.68284, 18.91428 ], [ -155.68296, 18.91446 ], [ -155.68291, 18.91455 ], [ -155.68294, 18.91465 ], [ -155.68296, 18.91485 ], [ -155.68292, 18.91489 ], [ -155.68291, 18.91504 ], [ -155.68295, 18.91519 ], [ -155.68295, 18.91523 ], [ -155.68301, 18.91532 ], [ -155.68302, 18.91537 ], [ -155.68301, 18.91553 ], [ -155.68309, 18.91569 ], [ -155.68305, 18.91593 ], [ -155.68308, 18.916 ], [ -155.68311, 18.91603 ], [ -155.6832, 18.91603 ], [ -155.68323, 18.91606 ], [ -155.68323, 18.91632 ], [ -155.68325, 18.91644 ], [ -155.6832, 18.91664 ], [ -155.68322, 18.91668 ], [ -155.68333, 18.91686 ], [ -155.68343, 18.91706 ], [ -155.6835, 18.91716 ], [ -155.68369, 18.91747 ], [ -155.68363, 18.91754 ], [ -155.68359, 18.91764 ], [ -155.68362, 18.91767 ], [ -155.68367, 18.91769 ], [ -155.68372, 18.91777 ], [ -155.68383, 18.91778 ], [ -155.68392, 18.91783 ], [ -155.68394, 18.91791 ], [ -155.68402, 18.91792 ], [ -155.68424, 18.9181 ], [ -155.68428, 18.91815 ], [ -155.68428, 18.91836 ], [ -155.68433, 18.91846 ], [ -155.68443, 18.91848 ], [ -155.68445, 18.91851 ], [ -155.6845, 18.91856 ], [ -155.6845, 18.9186 ], [ -155.68445, 18.91871 ], [ -155.68442, 18.91896 ], [ -155.68431, 18.91917 ], [ -155.68428, 18.9193 ], [ -155.68424, 18.91935 ], [ -155.68423, 18.91942 ], [ -155.68425, 18.91949 ], [ -155.68424, 18.91967 ], [ -155.68418, 18.9199 ], [ -155.68416, 18.92008 ], [ -155.68414, 18.92025 ], [ -155.68417, 18.9203 ], [ -155.68421, 18.92039 ], [ -155.68415, 18.92066 ], [ -155.6841, 18.9208 ], [ -155.68402, 18.92095 ], [ -155.68393, 18.92096 ], [ -155.68383, 18.92106 ], [ -155.6838, 18.92111 ], [ -155.68382, 18.92117 ], [ -155.68386, 18.92125 ], [ -155.68386, 18.9213 ], [ -155.68391, 18.9214 ], [ -155.6839, 18.92141 ], [ -155.68372, 18.92145 ], [ -155.68365, 18.9215 ], [ -155.68356, 18.92165 ], [ -155.68358, 18.92181 ], [ -155.68364, 18.92186 ], [ -155.68364, 18.92198 ], [ -155.68366, 18.92207 ], [ -155.6837, 18.92213 ], [ -155.68368, 18.92216 ], [ -155.6836, 18.92217 ], [ -155.68355, 18.9222 ], [ -155.68348, 18.92234 ], [ -155.68348, 18.92249 ], [ -155.68343, 18.92263 ], [ -155.68334, 18.92273 ], [ -155.68327, 18.92276 ], [ -155.68323, 18.9228 ], [ -155.6832, 18.92284 ], [ -155.6831, 18.92308 ], [ -155.68299, 18.92318 ], [ -155.68294, 18.92324 ], [ -155.6829, 18.9234 ], [ -155.68283, 18.92357 ], [ -155.68286, 18.92372 ], [ -155.68292, 18.92377 ], [ -155.68287, 18.92402 ], [ -155.68288, 18.92414 ], [ -155.68294, 18.92426 ], [ -155.68291, 18.92442 ], [ -155.68277, 18.92463 ], [ -155.68278, 18.92483 ], [ -155.68273, 18.92503 ], [ -155.68276, 18.92515 ], [ -155.68274, 18.92523 ], [ -155.6826, 18.92552 ], [ -155.68253, 18.9258 ], [ -155.68245, 18.92617 ], [ -155.68249, 18.92631 ], [ -155.68253, 18.92677 ], [ -155.68257, 18.92682 ], [ -155.68258, 18.9269 ], [ -155.68253, 18.927 ], [ -155.68253, 18.92706 ], [ -155.68256, 18.92706 ], [ -155.68256, 18.92718 ], [ -155.68261, 18.9273 ], [ -155.68261, 18.9274 ], [ -155.68257, 18.92743 ], [ -155.68254, 18.92748 ], [ -155.68261, 18.92762 ], [ -155.68262, 18.92812 ], [ -155.68266, 18.92823 ], [ -155.68271, 18.92844 ], [ -155.68279, 18.92863 ], [ -155.68291, 18.92878 ], [ -155.68304, 18.92915 ], [ -155.68311, 18.92928 ], [ -155.68311, 18.92952 ], [ -155.68316, 18.92971 ], [ -155.68317, 18.92981 ], [ -155.68328, 18.93009 ], [ -155.68331, 18.93025 ], [ -155.68335, 18.93042 ], [ -155.68337, 18.93053 ], [ -155.68341, 18.93067 ], [ -155.68341, 18.93082 ], [ -155.68348, 18.9309 ], [ -155.6835, 18.93098 ], [ -155.68349, 18.93126 ], [ -155.68352, 18.93156 ], [ -155.68355, 18.93163 ], [ -155.68368, 18.9318 ], [ -155.6837, 18.93196 ], [ -155.6838, 18.93218 ], [ -155.6839, 18.93228 ], [ -155.68397, 18.93237 ], [ -155.684, 18.93256 ], [ -155.68403, 18.93263 ], [ -155.68412, 18.93267 ], [ -155.68417, 18.93275 ], [ -155.68417, 18.93287 ], [ -155.68424, 18.93299 ], [ -155.68426, 18.93311 ], [ -155.68422, 18.93319 ], [ -155.68422, 18.93327 ], [ -155.68429, 18.93344 ], [ -155.68445, 18.93363 ], [ -155.68459, 18.93384 ], [ -155.6847, 18.93427 ], [ -155.68485, 18.9344 ], [ -155.6849, 18.93457 ], [ -155.68499, 18.9347 ], [ -155.685, 18.93475 ], [ -155.68506, 18.93483 ], [ -155.68505, 18.93492 ], [ -155.68523, 18.93516 ], [ -155.68524, 18.93528 ], [ -155.68535, 18.93544 ], [ -155.68537, 18.93551 ], [ -155.68543, 18.93555 ], [ -155.68545, 18.93568 ], [ -155.68552, 18.93574 ], [ -155.68572, 18.93616 ], [ -155.68577, 18.93632 ], [ -155.68586, 18.9364 ], [ -155.68592, 18.93643 ], [ -155.68597, 18.9365 ], [ -155.68597, 18.93655 ], [ -155.68609, 18.93668 ], [ -155.68618, 18.93684 ], [ -155.68621, 18.93694 ], [ -155.68622, 18.93708 ], [ -155.68632, 18.9373 ], [ -155.68655, 18.93764 ], [ -155.68666, 18.93788 ], [ -155.68675, 18.93791 ], [ -155.68687, 18.93803 ], [ -155.68697, 18.93809 ], [ -155.68702, 18.93815 ], [ -155.68704, 18.93824 ], [ -155.68719, 18.93865 ], [ -155.68731, 18.93878 ], [ -155.68743, 18.93886 ], [ -155.68754, 18.93907 ], [ -155.68767, 18.93921 ], [ -155.68786, 18.93928 ], [ -155.68795, 18.93934 ], [ -155.68795, 18.93938 ], [ -155.68807, 18.93952 ], [ -155.68813, 18.93955 ], [ -155.68827, 18.93958 ], [ -155.68862, 18.93982 ], [ -155.68873, 18.93992 ], [ -155.68897, 18.94006 ], [ -155.68908, 18.9401 ], [ -155.68916, 18.9401 ], [ -155.68928, 18.94017 ], [ -155.68948, 18.94035 ], [ -155.68955, 18.94042 ], [ -155.68971, 18.94051 ], [ -155.68999, 18.94056 ], [ -155.69019, 18.94064 ], [ -155.69041, 18.94078 ], [ -155.69058, 18.94098 ], [ -155.69065, 18.94102 ], [ -155.69088, 18.94106 ], [ -155.69115, 18.94118 ], [ -155.69166, 18.9415 ], [ -155.69176, 18.94156 ], [ -155.69183, 18.94164 ], [ -155.69195, 18.94181 ], [ -155.69222, 18.94199 ], [ -155.6924, 18.94217 ], [ -155.69253, 18.94239 ], [ -155.69254, 18.94247 ], [ -155.69262, 18.94261 ], [ -155.69263, 18.94267 ], [ -155.69276, 18.94283 ], [ -155.69286, 18.94291 ], [ -155.69311, 18.94303 ], [ -155.69322, 18.94307 ], [ -155.69341, 18.94321 ], [ -155.69359, 18.94322 ], [ -155.69371, 18.94329 ], [ -155.69385, 18.94329 ], [ -155.69403, 18.94338 ], [ -155.69429, 18.94355 ], [ -155.69439, 18.94363 ], [ -155.69447, 18.94366 ], [ -155.69469, 18.94381 ], [ -155.695, 18.94389 ], [ -155.69512, 18.9439 ], [ -155.69518, 18.94392 ], [ -155.6953, 18.9442 ], [ -155.6954, 18.94425 ], [ -155.69543, 18.94431 ], [ -155.69543, 18.94439 ], [ -155.69536, 18.9445 ], [ -155.69532, 18.94467 ], [ -155.6952, 18.94484 ], [ -155.69519, 18.94495 ], [ -155.69521, 18.94502 ], [ -155.69522, 18.94516 ], [ -155.69525, 18.9452 ], [ -155.69537, 18.94531 ], [ -155.69546, 18.94555 ], [ -155.69556, 18.94564 ], [ -155.69573, 18.94571 ], [ -155.69586, 18.94581 ], [ -155.69595, 18.94585 ], [ -155.69618, 18.94587 ], [ -155.69622, 18.94586 ], [ -155.69623, 18.94581 ], [ -155.69627, 18.9458 ], [ -155.69652, 18.94582 ], [ -155.6966, 18.94594 ], [ -155.69673, 18.946 ], [ -155.69676, 18.94604 ], [ -155.69684, 18.94631 ], [ -155.69703, 18.94656 ], [ -155.69723, 18.94675 ], [ -155.69756, 18.94687 ], [ -155.69791, 18.9469 ], [ -155.69821, 18.94687 ], [ -155.69832, 18.94689 ], [ -155.69861, 18.94701 ], [ -155.69887, 18.94716 ], [ -155.69908, 18.94722 ], [ -155.69915, 18.94722 ], [ -155.69921, 18.94719 ], [ -155.69929, 18.94705 ], [ -155.69947, 18.94705 ], [ -155.69959, 18.94702 ], [ -155.69978, 18.94702 ], [ -155.69992, 18.94693 ], [ -155.70024, 18.94691 ], [ -155.70033, 18.94689 ], [ -155.70041, 18.94683 ], [ -155.70048, 18.94682 ], [ -155.70056, 18.94684 ], [ -155.70066, 18.9469 ], [ -155.70111, 18.94695 ], [ -155.70148, 18.94706 ], [ -155.70188, 18.94724 ], [ -155.70203, 18.94731 ], [ -155.70225, 18.94748 ], [ -155.70255, 18.94762 ], [ -155.70268, 18.94766 ], [ -155.70299, 18.94784 ], [ -155.70319, 18.94799 ], [ -155.70327, 18.9481 ], [ -155.70333, 18.94822 ], [ -155.70341, 18.94831 ], [ -155.70362, 18.94832 ], [ -155.70367, 18.94836 ], [ -155.7037, 18.94848 ], [ -155.70378, 18.94857 ], [ -155.70382, 18.94869 ], [ -155.70387, 18.94876 ], [ -155.70399, 18.94877 ], [ -155.7042, 18.94883 ], [ -155.70429, 18.94897 ], [ -155.70429, 18.94902 ], [ -155.70437, 18.94911 ], [ -155.70456, 18.94915 ], [ -155.70464, 18.94932 ], [ -155.70475, 18.9494 ], [ -155.70491, 18.94945 ], [ -155.70501, 18.94954 ], [ -155.70508, 18.94957 ], [ -155.70511, 18.9496 ], [ -155.70515, 18.94974 ], [ -155.70523, 18.94982 ], [ -155.70523, 18.95003 ], [ -155.70528, 18.95015 ], [ -155.70533, 18.95021 ], [ -155.70548, 18.95018 ], [ -155.70553, 18.95015 ], [ -155.70564, 18.95018 ], [ -155.70573, 18.95033 ], [ -155.70582, 18.95045 ], [ -155.70582, 18.95057 ], [ -155.70579, 18.95064 ], [ -155.70582, 18.95084 ], [ -155.70589, 18.95103 ], [ -155.70586, 18.95115 ], [ -155.70582, 18.95123 ], [ -155.70583, 18.95131 ], [ -155.70592, 18.95139 ], [ -155.70591, 18.95147 ], [ -155.70586, 18.95153 ], [ -155.70586, 18.95157 ], [ -155.70599, 18.95172 ], [ -155.70618, 18.95182 ], [ -155.7062, 18.95186 ], [ -155.70619, 18.9519 ], [ -155.7061, 18.95197 ], [ -155.70608, 18.95204 ], [ -155.7061, 18.95212 ], [ -155.70616, 18.95222 ], [ -155.70615, 18.95229 ], [ -155.70613, 18.95241 ], [ -155.7062, 18.95251 ], [ -155.70628, 18.95259 ], [ -155.70628, 18.95263 ], [ -155.70622, 18.95278 ], [ -155.70629, 18.95288 ], [ -155.70629, 18.95292 ], [ -155.70625, 18.95299 ], [ -155.70627, 18.95308 ], [ -155.70633, 18.95326 ], [ -155.70639, 18.95353 ], [ -155.70646, 18.95364 ], [ -155.70659, 18.95366 ], [ -155.70667, 18.95365 ], [ -155.70669, 18.95368 ], [ -155.70671, 18.95376 ], [ -155.70684, 18.95391 ], [ -155.70703, 18.954 ], [ -155.7071, 18.95409 ], [ -155.70722, 18.95414 ], [ -155.70752, 18.95416 ], [ -155.70755, 18.95418 ], [ -155.70757, 18.9543 ], [ -155.70765, 18.9544 ], [ -155.70782, 18.95451 ], [ -155.70789, 18.95455 ], [ -155.7079, 18.95467 ], [ -155.70797, 18.9547 ], [ -155.70805, 18.95471 ], [ -155.70816, 18.95477 ], [ -155.70819, 18.9548 ], [ -155.70819, 18.95485 ], [ -155.70833, 18.95494 ], [ -155.70838, 18.95505 ], [ -155.70856, 18.9552 ], [ -155.70862, 18.95531 ], [ -155.70872, 18.95557 ], [ -155.70883, 18.95563 ], [ -155.70899, 18.95563 ], [ -155.7091, 18.9557 ], [ -155.70907, 18.95582 ], [ -155.70914, 18.95597 ], [ -155.70932, 18.95608 ], [ -155.70952, 18.95614 ], [ -155.70954, 18.95618 ], [ -155.70952, 18.95626 ], [ -155.70956, 18.95632 ], [ -155.7098, 18.9564 ], [ -155.70988, 18.95643 ], [ -155.70992, 18.95653 ], [ -155.71002, 18.9566 ], [ -155.71016, 18.95681 ], [ -155.71043, 18.95693 ], [ -155.71059, 18.95716 ], [ -155.71074, 18.95729 ], [ -155.71099, 18.95744 ], [ -155.71111, 18.95747 ], [ -155.71122, 18.9576 ], [ -155.71138, 18.95762 ], [ -155.71152, 18.9577 ], [ -155.71169, 18.9577 ], [ -155.71176, 18.95774 ], [ -155.71182, 18.95789 ], [ -155.71194, 18.95792 ], [ -155.71207, 18.95792 ], [ -155.71213, 18.95803 ], [ -155.71234, 18.95842 ], [ -155.71232, 18.9585 ], [ -155.71236, 18.95857 ], [ -155.71246, 18.95865 ], [ -155.71259, 18.95891 ], [ -155.71268, 18.95899 ], [ -155.71289, 18.95911 ], [ -155.71313, 18.95917 ], [ -155.71326, 18.95915 ], [ -155.71337, 18.9591 ], [ -155.71346, 18.95902 ], [ -155.71354, 18.95901 ], [ -155.71364, 18.95908 ], [ -155.71365, 18.95916 ], [ -155.71357, 18.95925 ], [ -155.71351, 18.9593 ], [ -155.7135, 18.95934 ], [ -155.71357, 18.95943 ], [ -155.71357, 18.95955 ], [ -155.7136, 18.95958 ], [ -155.71372, 18.95958 ], [ -155.71379, 18.95963 ], [ -155.71383, 18.95965 ], [ -155.71393, 18.95965 ], [ -155.71401, 18.95971 ], [ -155.71415, 18.95973 ], [ -155.71421, 18.95982 ], [ -155.71423, 18.95991 ], [ -155.7143, 18.95996 ], [ -155.71442, 18.95997 ], [ -155.71449, 18.96002 ], [ -155.71453, 18.9601 ], [ -155.71467, 18.96014 ], [ -155.71485, 18.96014 ], [ -155.71513, 18.96024 ], [ -155.71568, 18.96052 ], [ -155.71605, 18.96068 ], [ -155.71621, 18.96075 ], [ -155.71658, 18.96084 ], [ -155.71713, 18.96094 ], [ -155.71754, 18.96111 ], [ -155.71774, 18.96113 ], [ -155.71788, 18.96111 ], [ -155.7181, 18.96096 ], [ -155.71827, 18.96091 ], [ -155.71852, 18.96076 ], [ -155.71875, 18.96077 ], [ -155.71893, 18.96086 ], [ -155.71901, 18.96095 ], [ -155.71914, 18.96101 ], [ -155.71924, 18.96125 ], [ -155.71921, 18.96133 ], [ -155.71913, 18.96149 ], [ -155.71916, 18.96165 ], [ -155.71916, 18.96171 ], [ -155.71923, 18.96179 ], [ -155.71927, 18.96193 ], [ -155.71937, 18.96213 ], [ -155.71934, 18.96233 ], [ -155.71939, 18.96257 ], [ -155.71949, 18.96279 ], [ -155.71963, 18.96296 ], [ -155.72009, 18.96337 ], [ -155.72039, 18.96367 ], [ -155.72051, 18.96379 ], [ -155.72084, 18.96404 ], [ -155.72103, 18.96412 ], [ -155.72121, 18.9641 ], [ -155.7213, 18.96403 ], [ -155.72136, 18.96404 ], [ -155.72147, 18.96408 ], [ -155.72162, 18.96403 ], [ -155.72185, 18.96393 ], [ -155.7219, 18.96399 ], [ -155.72181, 18.96406 ], [ -155.72164, 18.96412 ], [ -155.72152, 18.96426 ], [ -155.72148, 18.96435 ], [ -155.72144, 18.96455 ], [ -155.72144, 18.96492 ], [ -155.72148, 18.96498 ], [ -155.72161, 18.96505 ], [ -155.72165, 18.96506 ], [ -155.72167, 18.96506 ], [ -155.72178, 18.96508 ], [ -155.72185, 18.96514 ], [ -155.72186, 18.96524 ], [ -155.72196, 18.96535 ], [ -155.7221, 18.9654 ], [ -155.72217, 18.96553 ], [ -155.7222, 18.96561 ], [ -155.72249, 18.96584 ], [ -155.72257, 18.96592 ], [ -155.72265, 18.96606 ], [ -155.72292, 18.96623 ], [ -155.72312, 18.96636 ], [ -155.72327, 18.96648 ], [ -155.72347, 18.96654 ], [ -155.72372, 18.9665 ], [ -155.72392, 18.96656 ], [ -155.72409, 18.9665 ], [ -155.72421, 18.96657 ], [ -155.72431, 18.96651 ], [ -155.72442, 18.96648 ], [ -155.72456, 18.96651 ], [ -155.72465, 18.96654 ], [ -155.72475, 18.96663 ], [ -155.72478, 18.96664 ], [ -155.72486, 18.96655 ], [ -155.72487, 18.96647 ], [ -155.72506, 18.96626 ], [ -155.72515, 18.96604 ], [ -155.72518, 18.966 ], [ -155.72524, 18.96601 ], [ -155.72524, 18.96607 ], [ -155.72516, 18.96614 ], [ -155.72516, 18.96622 ], [ -155.7252, 18.9663 ], [ -155.7252, 18.96638 ], [ -155.72524, 18.96641 ], [ -155.72538, 18.96635 ], [ -155.72546, 18.96633 ], [ -155.72553, 18.96637 ], [ -155.72559, 18.96644 ], [ -155.72567, 18.96645 ], [ -155.72574, 18.96641 ], [ -155.72579, 18.96633 ], [ -155.72585, 18.96633 ], [ -155.7259, 18.96643 ], [ -155.72601, 18.96644 ], [ -155.72607, 18.96643 ], [ -155.72613, 18.96638 ], [ -155.72622, 18.96638 ], [ -155.72631, 18.96644 ], [ -155.72635, 18.96657 ], [ -155.7267, 18.96659 ], [ -155.72676, 18.96665 ], [ -155.72673, 18.96672 ], [ -155.72675, 18.96677 ], [ -155.7267, 18.96695 ], [ -155.72671, 18.96704 ], [ -155.72673, 18.96706 ], [ -155.72678, 18.96705 ], [ -155.72685, 18.96692 ], [ -155.72689, 18.96685 ], [ -155.72703, 18.9668 ], [ -155.72708, 18.96673 ], [ -155.72708, 18.96656 ], [ -155.72712, 18.96652 ], [ -155.72718, 18.96653 ], [ -155.72724, 18.96665 ], [ -155.72724, 18.96673 ], [ -155.7271, 18.96679 ], [ -155.72703, 18.96696 ], [ -155.72704, 18.96706 ], [ -155.72708, 18.96711 ], [ -155.72714, 18.96711 ], [ -155.72716, 18.9671 ], [ -155.72718, 18.96708 ], [ -155.7272, 18.96707 ], [ -155.72734, 18.96713 ], [ -155.72744, 18.96717 ], [ -155.72749, 18.96715 ], [ -155.72752, 18.9671 ], [ -155.72755, 18.96709 ], [ -155.72762, 18.96714 ], [ -155.72766, 18.96707 ], [ -155.72774, 18.96695 ], [ -155.72777, 18.96696 ], [ -155.72778, 18.96707 ], [ -155.7279, 18.96708 ], [ -155.72797, 18.96716 ], [ -155.728, 18.96715 ], [ -155.72806, 18.96708 ], [ -155.72818, 18.96709 ], [ -155.72847, 18.96695 ], [ -155.72861, 18.96693 ], [ -155.72867, 18.96695 ], [ -155.72865, 18.96703 ], [ -155.72869, 18.96708 ], [ -155.72888, 18.96715 ], [ -155.72892, 18.96719 ], [ -155.72889, 18.96727 ], [ -155.72883, 18.9674 ], [ -155.72883, 18.96748 ], [ -155.72879, 18.96759 ], [ -155.72884, 18.96762 ], [ -155.72897, 18.96756 ], [ -155.72909, 18.96755 ], [ -155.72929, 18.9675 ], [ -155.72944, 18.96763 ], [ -155.72946, 18.96769 ], [ -155.7294, 18.96786 ], [ -155.72923, 18.96812 ], [ -155.72924, 18.96827 ], [ -155.72921, 18.96841 ], [ -155.72924, 18.96856 ], [ -155.72931, 18.96863 ], [ -155.72933, 18.96865 ], [ -155.72937, 18.96876 ], [ -155.72959, 18.96894 ], [ -155.72971, 18.96894 ], [ -155.72981, 18.969 ], [ -155.72985, 18.96913 ], [ -155.72987, 18.96915 ], [ -155.72994, 18.9691 ], [ -155.72999, 18.96908 ], [ -155.73036, 18.96896 ], [ -155.73045, 18.96897 ], [ -155.73052, 18.96903 ], [ -155.7306, 18.96921 ], [ -155.7307, 18.96925 ], [ -155.73076, 18.96931 ], [ -155.7309, 18.96932 ], [ -155.73089, 18.96946 ], [ -155.73096, 18.96951 ], [ -155.73111, 18.96952 ], [ -155.73116, 18.96961 ], [ -155.73122, 18.96962 ], [ -155.73137, 18.96946 ], [ -155.73143, 18.96945 ], [ -155.73145, 18.9695 ], [ -155.73145, 18.96956 ], [ -155.73149, 18.96963 ], [ -155.73155, 18.96962 ], [ -155.7316, 18.9696 ], [ -155.73174, 18.96966 ], [ -155.73179, 18.96972 ], [ -155.7318, 18.96981 ], [ -155.73186, 18.96983 ], [ -155.7319, 18.9698 ], [ -155.73195, 18.96976 ], [ -155.73203, 18.96979 ], [ -155.73206, 18.96974 ], [ -155.73209, 18.96973 ], [ -155.73215, 18.96979 ], [ -155.73221, 18.96995 ], [ -155.73224, 18.97 ], [ -155.73233, 18.97001 ], [ -155.73238, 18.9699 ], [ -155.73237, 18.96979 ], [ -155.73248, 18.96967 ], [ -155.73249, 18.96961 ], [ -155.73252, 18.96959 ], [ -155.73255, 18.9696 ], [ -155.73261, 18.96973 ], [ -155.73253, 18.96981 ], [ -155.73254, 18.96986 ], [ -155.73262, 18.96988 ], [ -155.73267, 18.96987 ], [ -155.73275, 18.96983 ], [ -155.733, 18.9699 ], [ -155.73315, 18.96977 ], [ -155.73321, 18.96979 ], [ -155.73323, 18.96993 ], [ -155.73336, 18.97008 ], [ -155.7335, 18.97011 ], [ -155.7337, 18.97011 ], [ -155.73384, 18.97016 ], [ -155.73389, 18.97018 ], [ -155.73391, 18.97017 ], [ -155.73401, 18.97018 ], [ -155.73408, 18.97031 ], [ -155.73416, 18.97034 ], [ -155.7342, 18.97037 ], [ -155.73432, 18.97034 ], [ -155.73454, 18.97045 ], [ -155.73461, 18.97041 ], [ -155.73466, 18.97034 ], [ -155.73474, 18.97036 ], [ -155.73485, 18.9703 ], [ -155.73494, 18.9703 ], [ -155.73497, 18.97023 ], [ -155.73513, 18.97019 ], [ -155.73517, 18.97017 ], [ -155.73519, 18.97001 ], [ -155.73527, 18.96998 ], [ -155.73533, 18.96988 ], [ -155.73542, 18.9699 ], [ -155.73545, 18.96988 ], [ -155.73547, 18.96984 ], [ -155.73544, 18.9698 ], [ -155.7355, 18.96974 ], [ -155.73558, 18.96973 ], [ -155.73566, 18.96974 ], [ -155.73577, 18.96979 ], [ -155.73586, 18.96977 ], [ -155.73592, 18.96971 ], [ -155.73596, 18.96971 ], [ -155.73604, 18.96968 ], [ -155.73626, 18.96968 ], [ -155.73631, 18.96962 ], [ -155.73639, 18.96962 ], [ -155.73656, 18.96974 ], [ -155.73668, 18.96978 ], [ -155.7368, 18.96989 ], [ -155.73688, 18.96997 ], [ -155.73696, 18.96998 ], [ -155.73704, 18.96997 ], [ -155.73708, 18.96999 ], [ -155.73713, 18.97014 ], [ -155.73741, 18.97025 ], [ -155.73754, 18.97045 ], [ -155.73761, 18.97048 ], [ -155.73773, 18.97052 ], [ -155.73776, 18.97063 ], [ -155.73784, 18.97065 ], [ -155.73794, 18.97058 ], [ -155.73797, 18.97055 ], [ -155.73819, 18.97055 ], [ -155.73824, 18.97062 ], [ -155.73831, 18.97064 ], [ -155.73872, 18.97072 ], [ -155.73886, 18.97081 ], [ -155.73894, 18.97079 ], [ -155.739, 18.97074 ], [ -155.73912, 18.97073 ], [ -155.73922, 18.97066 ], [ -155.73923, 18.97057 ], [ -155.73921, 18.9705 ], [ -155.73934, 18.9705 ], [ -155.7395, 18.97038 ], [ -155.73958, 18.97035 ], [ -155.73963, 18.97041 ], [ -155.73967, 18.97043 ], [ -155.73975, 18.9704 ], [ -155.73979, 18.9704 ], [ -155.73989, 18.97034 ], [ -155.73995, 18.97027 ], [ -155.74003, 18.97029 ], [ -155.74007, 18.9703 ], [ -155.74017, 18.97024 ], [ -155.74024, 18.97027 ], [ -155.74027, 18.9703 ], [ -155.74031, 18.9703 ], [ -155.74036, 18.97023 ], [ -155.74044, 18.97024 ], [ -155.74053, 18.97015 ], [ -155.74082, 18.9702 ], [ -155.74089, 18.97016 ], [ -155.74096, 18.97006 ], [ -155.74111, 18.96999 ], [ -155.74117, 18.97004 ], [ -155.74123, 18.97014 ], [ -155.74134, 18.97018 ], [ -155.74159, 18.97024 ], [ -155.74163, 18.97025 ], [ -155.7417, 18.9704 ], [ -155.7421, 18.97054 ], [ -155.74236, 18.97073 ], [ -155.74259, 18.97095 ], [ -155.74283, 18.97112 ], [ -155.74303, 18.97117 ], [ -155.74316, 18.97118 ], [ -155.74331, 18.97125 ], [ -155.74343, 18.97124 ], [ -155.74354, 18.97131 ], [ -155.74366, 18.9713 ], [ -155.74386, 18.97137 ], [ -155.74394, 18.97146 ], [ -155.74402, 18.9716 ], [ -155.74415, 18.97161 ], [ -155.74431, 18.97158 ], [ -155.74437, 18.97164 ], [ -155.74445, 18.97164 ], [ -155.74459, 18.97179 ], [ -155.74461, 18.97187 ], [ -155.74453, 18.972 ], [ -155.7445, 18.97203 ], [ -155.74449, 18.97207 ], [ -155.74452, 18.9721 ], [ -155.7446, 18.97211 ], [ -155.74464, 18.9721 ], [ -155.74469, 18.97203 ], [ -155.74471, 18.97196 ], [ -155.74479, 18.97193 ], [ -155.74491, 18.97193 ], [ -155.74499, 18.97191 ], [ -155.74519, 18.97196 ], [ -155.74525, 18.97202 ], [ -155.74523, 18.97214 ], [ -155.74526, 18.97217 ], [ -155.74541, 18.97223 ], [ -155.74551, 18.97228 ], [ -155.7456, 18.97226 ], [ -155.74564, 18.97219 ], [ -155.74568, 18.97218 ], [ -155.74573, 18.97224 ], [ -155.74577, 18.97231 ], [ -155.74596, 18.97239 ], [ -155.74617, 18.97242 ], [ -155.7462, 18.97253 ], [ -155.74626, 18.97272 ], [ -155.74638, 18.97273 ], [ -155.74646, 18.97272 ], [ -155.74649, 18.97274 ], [ -155.74656, 18.97285 ], [ -155.74678, 18.97287 ], [ -155.74681, 18.97294 ], [ -155.7471, 18.97292 ], [ -155.74714, 18.97294 ], [ -155.74714, 18.97298 ], [ -155.74717, 18.97301 ], [ -155.7472, 18.97301 ], [ -155.74729, 18.97301 ], [ -155.74731, 18.97304 ], [ -155.74753, 18.97304 ], [ -155.74765, 18.97305 ], [ -155.74766, 18.97313 ], [ -155.74763, 18.9732 ], [ -155.74763, 18.97325 ], [ -155.74766, 18.97327 ], [ -155.74783, 18.97325 ], [ -155.7479, 18.97321 ], [ -155.748, 18.97329 ], [ -155.74809, 18.9733 ], [ -155.74812, 18.97334 ], [ -155.74815, 18.97341 ], [ -155.74826, 18.97346 ], [ -155.74851, 18.97343 ], [ -155.74863, 18.97346 ], [ -155.74867, 18.97344 ], [ -155.7487, 18.97341 ], [ -155.74878, 18.97339 ], [ -155.74886, 18.97341 ], [ -155.74896, 18.97354 ], [ -155.74908, 18.97357 ], [ -155.74914, 18.97363 ], [ -155.74913, 18.9737 ], [ -155.74964, 18.97373 ], [ -155.74977, 18.97375 ], [ -155.74989, 18.9738 ], [ -155.74993, 18.9738 ], [ -155.74999, 18.97374 ], [ -155.75, 18.97371 ], [ -155.75004, 18.97368 ], [ -155.75008, 18.9737 ], [ -155.75012, 18.97368 ], [ -155.75017, 18.97362 ], [ -155.75021, 18.9736 ], [ -155.75029, 18.97364 ], [ -155.75026, 18.97372 ], [ -155.75021, 18.97378 ], [ -155.75022, 18.97382 ], [ -155.75034, 18.97383 ], [ -155.75038, 18.97384 ], [ -155.75044, 18.9739 ], [ -155.75052, 18.97392 ], [ -155.75074, 18.97392 ], [ -155.75083, 18.97401 ], [ -155.75086, 18.97405 ], [ -155.75095, 18.97424 ], [ -155.75101, 18.97424 ], [ -155.75109, 18.97415 ], [ -155.75115, 18.97415 ], [ -155.75123, 18.97426 ], [ -155.75126, 18.97437 ], [ -155.75126, 18.97445 ], [ -155.75129, 18.97446 ], [ -155.7515, 18.97443 ], [ -155.75159, 18.97452 ], [ -155.75174, 18.97457 ], [ -155.75177, 18.9746 ], [ -155.75174, 18.97465 ], [ -155.75169, 18.97468 ], [ -155.75169, 18.97473 ], [ -155.75173, 18.97478 ], [ -155.75182, 18.97479 ], [ -155.75187, 18.97476 ], [ -155.75199, 18.97457 ], [ -155.75201, 18.97455 ], [ -155.75204, 18.97455 ], [ -155.75205, 18.97467 ], [ -155.75213, 18.97481 ], [ -155.75228, 18.97486 ], [ -155.75229, 18.97491 ], [ -155.75244, 18.97491 ], [ -155.75247, 18.97492 ], [ -155.75253, 18.975 ], [ -155.75258, 18.97502 ], [ -155.75268, 18.97515 ], [ -155.75273, 18.97514 ], [ -155.75276, 18.97512 ], [ -155.75282, 18.97514 ], [ -155.75285, 18.97516 ], [ -155.75288, 18.97515 ], [ -155.7529, 18.97509 ], [ -155.75292, 18.97508 ], [ -155.75298, 18.97511 ], [ -155.75306, 18.9751 ], [ -155.75312, 18.97512 ], [ -155.75312, 18.9752 ], [ -155.75321, 18.97522 ], [ -155.75333, 18.97521 ], [ -155.75347, 18.97534 ], [ -155.75358, 18.97534 ], [ -155.7537, 18.97529 ], [ -155.75373, 18.97529 ], [ -155.75377, 18.97546 ], [ -155.75384, 18.97553 ], [ -155.75395, 18.97559 ], [ -155.75398, 18.97565 ], [ -155.75395, 18.97573 ], [ -155.75389, 18.97576 ], [ -155.75391, 18.97593 ], [ -155.75398, 18.97599 ], [ -155.7541, 18.97595 ], [ -155.75415, 18.976 ], [ -155.75427, 18.97585 ], [ -155.75438, 18.97579 ], [ -155.75454, 18.97594 ], [ -155.7546, 18.97611 ], [ -155.75464, 18.97619 ], [ -155.75463, 18.97631 ], [ -155.75473, 18.97658 ], [ -155.75479, 18.97661 ], [ -155.75501, 18.9766 ], [ -155.75513, 18.97656 ], [ -155.7552, 18.97646 ], [ -155.75526, 18.97636 ], [ -155.75531, 18.97635 ], [ -155.75537, 18.97643 ], [ -155.75554, 18.97641 ], [ -155.7557, 18.97652 ], [ -155.75584, 18.97657 ], [ -155.75604, 18.97685 ], [ -155.7561, 18.97685 ], [ -155.75618, 18.9768 ], [ -155.75644, 18.9769 ], [ -155.7566, 18.97691 ], [ -155.75675, 18.97689 ], [ -155.75704, 18.97691 ], [ -155.75723, 18.97703 ], [ -155.75732, 18.977 ], [ -155.75741, 18.97691 ], [ -155.75749, 18.97681 ], [ -155.75763, 18.97684 ], [ -155.75778, 18.97687 ], [ -155.75787, 18.97685 ], [ -155.75793, 18.97696 ], [ -155.75803, 18.97696 ], [ -155.75814, 18.97695 ], [ -155.7582, 18.97705 ], [ -155.75826, 18.97707 ], [ -155.75832, 18.97718 ], [ -155.7584, 18.97721 ], [ -155.75845, 18.97729 ], [ -155.75851, 18.97728 ], [ -155.75869, 18.97715 ], [ -155.75878, 18.97714 ], [ -155.75904, 18.97723 ], [ -155.75906, 18.97726 ], [ -155.7591, 18.97725 ], [ -155.75932, 18.97736 ], [ -155.75936, 18.9774 ], [ -155.75949, 18.97741 ], [ -155.75966, 18.97746 ], [ -155.75973, 18.97756 ], [ -155.75979, 18.97758 ], [ -155.75985, 18.97756 ], [ -155.75991, 18.97759 ], [ -155.75996, 18.97767 ], [ -155.76012, 18.97771 ], [ -155.76017, 18.97778 ], [ -155.76019, 18.97787 ], [ -155.76013, 18.97806 ], [ -155.76017, 18.97814 ], [ -155.76032, 18.97825 ], [ -155.76041, 18.97841 ], [ -155.76047, 18.97854 ], [ -155.76057, 18.97863 ], [ -155.76054, 18.97875 ], [ -155.76056, 18.97878 ], [ -155.76068, 18.97877 ], [ -155.76071, 18.97881 ], [ -155.76071, 18.9789 ], [ -155.76077, 18.97893 ], [ -155.76089, 18.97883 ], [ -155.76095, 18.97883 ], [ -155.76094, 18.97895 ], [ -155.7609, 18.9791 ], [ -155.76094, 18.97924 ], [ -155.76098, 18.97928 ], [ -155.76103, 18.97932 ], [ -155.76106, 18.97933 ], [ -155.76098, 18.97939 ], [ -155.76099, 18.97942 ], [ -155.76107, 18.97942 ], [ -155.76109, 18.97947 ], [ -155.76098, 18.97967 ], [ -155.76095, 18.97981 ], [ -155.76102, 18.97994 ], [ -155.76091, 18.98005 ], [ -155.76092, 18.9801 ], [ -155.76103, 18.98018 ], [ -155.76106, 18.98029 ], [ -155.76105, 18.98032 ], [ -155.76087, 18.98032 ], [ -155.76081, 18.98036 ], [ -155.76083, 18.98044 ], [ -155.76096, 18.98057 ], [ -155.76094, 18.98069 ], [ -155.76101, 18.98083 ], [ -155.76101, 18.98091 ], [ -155.76104, 18.98097 ], [ -155.7611, 18.98095 ], [ -155.76117, 18.98102 ], [ -155.76121, 18.98106 ], [ -155.76125, 18.98106 ], [ -155.7613, 18.98117 ], [ -155.76139, 18.98118 ], [ -155.76142, 18.98118 ], [ -155.76143, 18.9812 ], [ -155.76139, 18.98128 ], [ -155.76143, 18.98133 ], [ -155.76162, 18.98136 ], [ -155.7618, 18.98134 ], [ -155.76188, 18.98143 ], [ -155.76196, 18.98148 ], [ -155.76201, 18.98162 ], [ -155.76211, 18.98169 ], [ -155.76216, 18.98176 ], [ -155.76229, 18.98186 ], [ -155.76238, 18.98202 ], [ -155.76242, 18.98219 ], [ -155.76251, 18.98232 ], [ -155.76251, 18.98235 ], [ -155.76248, 18.9824 ], [ -155.76251, 18.98245 ], [ -155.7626, 18.98248 ], [ -155.76264, 18.98256 ], [ -155.76262, 18.98277 ], [ -155.76266, 18.98281 ], [ -155.76269, 18.98283 ], [ -155.76269, 18.98302 ], [ -155.76271, 18.98305 ], [ -155.7628, 18.98302 ], [ -155.76284, 18.98298 ], [ -155.76292, 18.9831 ], [ -155.76295, 18.9831 ], [ -155.76302, 18.983 ], [ -155.76308, 18.983 ], [ -155.7632, 18.9831 ], [ -155.76334, 18.98316 ], [ -155.76335, 18.98321 ], [ -155.76333, 18.98335 ], [ -155.7634, 18.98349 ], [ -155.76346, 18.98349 ], [ -155.76352, 18.98347 ], [ -155.76387, 18.98353 ], [ -155.76412, 18.98353 ], [ -155.76414, 18.98348 ], [ -155.7642, 18.98347 ], [ -155.76426, 18.98349 ], [ -155.7644, 18.98341 ], [ -155.76443, 18.98341 ], [ -155.76452, 18.98361 ], [ -155.76464, 18.98372 ], [ -155.76485, 18.98382 ], [ -155.76497, 18.98383 ], [ -155.76513, 18.98374 ], [ -155.76518, 18.98377 ], [ -155.76522, 18.98388 ], [ -155.7654, 18.98397 ], [ -155.76549, 18.98396 ], [ -155.76551, 18.98394 ], [ -155.76555, 18.98394 ], [ -155.76563, 18.98399 ], [ -155.76571, 18.98402 ], [ -155.76573, 18.98405 ], [ -155.76573, 18.98408 ], [ -155.76563, 18.98414 ], [ -155.7657, 18.9843 ], [ -155.76582, 18.98434 ], [ -155.76592, 18.9845 ], [ -155.76607, 18.98448 ], [ -155.76612, 18.98451 ], [ -155.76619, 18.98465 ], [ -155.76625, 18.98466 ], [ -155.7664, 18.98459 ], [ -155.76643, 18.98461 ], [ -155.76644, 18.98467 ], [ -155.76649, 18.9847 ], [ -155.76683, 18.98473 ], [ -155.76683, 18.98479 ], [ -155.76682, 18.98484 ], [ -155.76685, 18.98489 ], [ -155.76714, 18.98491 ], [ -155.76722, 18.98496 ], [ -155.76732, 18.98513 ], [ -155.76735, 18.98524 ], [ -155.76743, 18.98527 ], [ -155.76759, 18.98529 ], [ -155.76761, 18.98532 ], [ -155.76761, 18.98535 ], [ -155.76753, 18.98544 ], [ -155.76753, 18.9855 ], [ -155.76766, 18.98552 ], [ -155.76781, 18.98554 ], [ -155.76789, 18.98559 ], [ -155.76796, 18.98572 ], [ -155.76801, 18.98582 ], [ -155.76811, 18.98591 ], [ -155.76828, 18.98594 ], [ -155.76844, 18.98593 ], [ -155.76873, 18.9858 ], [ -155.76882, 18.98576 ], [ -155.76888, 18.98578 ], [ -155.76891, 18.98582 ], [ -155.76889, 18.98585 ], [ -155.76878, 18.98588 ], [ -155.76874, 18.98594 ], [ -155.76877, 18.98602 ], [ -155.76883, 18.98603 ], [ -155.76892, 18.98594 ], [ -155.76896, 18.98594 ], [ -155.7691, 18.98611 ], [ -155.76914, 18.98632 ], [ -155.76917, 18.98637 ], [ -155.7694, 18.98646 ], [ -155.76951, 18.98651 ], [ -155.76969, 18.98653 ], [ -155.76971, 18.98656 ], [ -155.76968, 18.98664 ], [ -155.76969, 18.9867 ], [ -155.76983, 18.98676 ], [ -155.76983, 18.98685 ], [ -155.76988, 18.98692 ], [ -155.7704, 18.98718 ], [ -155.77056, 18.98719 ], [ -155.77078, 18.98714 ], [ -155.77083, 18.98717 ], [ -155.77093, 18.98725 ], [ -155.77098, 18.98726 ], [ -155.77095, 18.98734 ], [ -155.771, 18.98736 ], [ -155.77105, 18.98739 ], [ -155.77108, 18.98751 ], [ -155.77116, 18.98761 ], [ -155.77122, 18.98771 ], [ -155.77128, 18.98778 ], [ -155.77131, 18.98786 ], [ -155.77138, 18.98792 ], [ -155.77147, 18.98795 ], [ -155.77151, 18.98803 ], [ -155.7716, 18.98805 ], [ -155.77166, 18.98803 ], [ -155.77176, 18.98811 ], [ -155.77185, 18.98813 ], [ -155.77194, 18.98826 ], [ -155.77208, 18.98834 ], [ -155.7722, 18.98823 ], [ -155.77227, 18.98817 ], [ -155.77236, 18.98815 ], [ -155.77239, 18.98816 ], [ -155.77239, 18.98819 ], [ -155.77237, 18.98821 ], [ -155.77237, 18.98825 ], [ -155.77243, 18.98826 ], [ -155.77252, 18.98826 ], [ -155.7726, 18.98831 ], [ -155.77258, 18.98839 ], [ -155.77251, 18.9885 ], [ -155.7725, 18.98858 ], [ -155.77252, 18.9886 ], [ -155.77257, 18.98859 ], [ -155.77266, 18.98856 ], [ -155.77279, 18.98856 ], [ -155.77301, 18.98825 ], [ -155.77308, 18.98824 ], [ -155.77329, 18.98828 ], [ -155.77336, 18.98843 ], [ -155.77334, 18.98848 ], [ -155.77327, 18.98857 ], [ -155.77328, 18.98864 ], [ -155.7734, 18.98874 ], [ -155.77348, 18.98893 ], [ -155.77362, 18.98902 ], [ -155.77373, 18.98913 ], [ -155.77385, 18.98917 ], [ -155.7741, 18.98918 ], [ -155.77415, 18.98922 ], [ -155.77416, 18.98933 ], [ -155.77412, 18.98952 ], [ -155.77414, 18.98961 ], [ -155.77419, 18.98964 ], [ -155.77431, 18.98966 ], [ -155.77438, 18.98977 ], [ -155.77438, 18.98982 ], [ -155.77433, 18.98987 ], [ -155.77436, 18.98992 ], [ -155.7745, 18.98999 ], [ -155.77456, 18.98999 ], [ -155.7747, 18.98992 ], [ -155.7755, 18.98992 ], [ -155.77567, 18.99005 ], [ -155.77594, 18.99013 ], [ -155.77629, 18.99032 ], [ -155.77644, 18.99029 ], [ -155.77653, 18.99032 ], [ -155.77659, 18.99033 ], [ -155.77661, 18.99036 ], [ -155.77661, 18.99041 ], [ -155.77666, 18.99045 ], [ -155.77673, 18.99056 ], [ -155.77681, 18.99057 ], [ -155.77684, 18.99052 ], [ -155.77687, 18.9905 ], [ -155.77691, 18.99055 ], [ -155.77701, 18.99056 ], [ -155.77705, 18.99061 ], [ -155.77709, 18.99068 ], [ -155.7772, 18.99073 ], [ -155.77747, 18.99078 ], [ -155.77755, 18.99087 ], [ -155.77752, 18.99107 ], [ -155.77755, 18.99116 ], [ -155.77772, 18.9913 ], [ -155.77782, 18.99159 ], [ -155.77784, 18.99177 ], [ -155.77791, 18.9919 ], [ -155.7779, 18.99202 ], [ -155.77795, 18.99205 ], [ -155.77802, 18.99212 ], [ -155.77804, 18.99226 ], [ -155.77809, 18.99229 ], [ -155.77838, 18.99226 ], [ -155.77846, 18.99225 ], [ -155.77864, 18.99229 ], [ -155.77868, 18.99237 ], [ -155.7787, 18.99243 ], [ -155.77896, 18.99252 ], [ -155.77918, 18.99269 ], [ -155.77927, 18.99296 ], [ -155.77933, 18.99319 ], [ -155.77939, 18.9933 ], [ -155.7795, 18.99335 ], [ -155.77959, 18.99344 ], [ -155.77978, 18.99346 ], [ -155.77996, 18.9936 ], [ -155.78013, 18.99366 ], [ -155.78017, 18.99374 ], [ -155.78015, 18.99382 ], [ -155.78017, 18.99388 ], [ -155.78031, 18.99388 ], [ -155.7804, 18.99404 ], [ -155.78053, 18.99411 ], [ -155.78073, 18.99428 ], [ -155.78076, 18.99428 ], [ -155.78081, 18.99418 ], [ -155.78082, 18.99415 ], [ -155.78088, 18.99416 ], [ -155.78099, 18.99418 ], [ -155.78112, 18.99408 ], [ -155.78118, 18.99409 ], [ -155.78118, 18.99418 ], [ -155.78116, 18.99423 ], [ -155.78119, 18.99428 ], [ -155.78125, 18.99431 ], [ -155.78131, 18.99448 ], [ -155.7814, 18.99449 ], [ -155.78148, 18.99449 ], [ -155.78152, 18.99455 ], [ -155.78161, 18.99457 ], [ -155.78161, 18.99463 ], [ -155.78166, 18.99467 ], [ -155.78176, 18.99468 ], [ -155.78177, 18.99474 ], [ -155.78169, 18.99482 ], [ -155.78174, 18.99489 ], [ -155.78167, 18.99503 ], [ -155.7816, 18.99513 ], [ -155.78157, 18.99527 ], [ -155.78158, 18.9953 ], [ -155.78164, 18.9953 ], [ -155.78171, 18.99524 ], [ -155.78175, 18.99529 ], [ -155.78181, 18.99539 ], [ -155.78188, 18.99546 ], [ -155.78194, 18.99545 ], [ -155.78201, 18.99539 ], [ -155.78232, 18.99563 ], [ -155.78239, 18.99569 ], [ -155.78236, 18.99574 ], [ -155.78228, 18.99588 ], [ -155.78228, 18.99599 ], [ -155.78249, 18.99623 ], [ -155.78258, 18.99624 ], [ -155.78264, 18.99617 ], [ -155.78268, 18.99606 ], [ -155.78277, 18.99605 ], [ -155.78313, 18.99624 ], [ -155.78322, 18.99634 ], [ -155.78329, 18.99648 ], [ -155.78336, 18.99648 ], [ -155.78342, 18.99648 ], [ -155.78348, 18.99659 ], [ -155.78357, 18.99657 ], [ -155.78372, 18.99656 ], [ -155.78377, 18.99658 ], [ -155.78374, 18.99667 ], [ -155.78369, 18.99675 ], [ -155.7837, 18.99681 ], [ -155.78384, 18.9968 ], [ -155.7839, 18.99691 ], [ -155.78396, 18.99689 ], [ -155.78402, 18.99683 ], [ -155.78408, 18.99681 ], [ -155.78416, 18.99701 ], [ -155.78424, 18.99708 ], [ -155.78428, 18.99723 ], [ -155.78445, 18.99716 ], [ -155.78449, 18.9972 ], [ -155.78454, 18.99731 ], [ -155.78458, 18.9973 ], [ -155.78472, 18.9972 ], [ -155.78479, 18.99717 ], [ -155.7848, 18.99721 ], [ -155.78479, 18.99742 ], [ -155.78483, 18.99745 ], [ -155.78489, 18.99744 ], [ -155.78493, 18.99748 ], [ -155.78493, 18.99762 ], [ -155.78506, 18.99759 ], [ -155.7851, 18.99763 ], [ -155.78512, 18.99775 ], [ -155.7852, 18.99775 ], [ -155.78528, 18.99772 ], [ -155.78535, 18.99771 ], [ -155.78544, 18.99776 ], [ -155.78549, 18.9978 ], [ -155.78592, 18.99802 ], [ -155.78605, 18.99805 ], [ -155.78617, 18.9981 ], [ -155.7862, 18.99818 ], [ -155.78631, 18.99822 ], [ -155.78689, 18.99847 ], [ -155.78698, 18.99849 ], [ -155.78703, 18.99848 ], [ -155.78705, 18.99832 ], [ -155.78717, 18.99831 ], [ -155.78737, 18.99833 ], [ -155.78744, 18.99835 ], [ -155.78749, 18.99852 ], [ -155.78754, 18.99853 ], [ -155.78772, 18.99853 ], [ -155.78791, 18.99867 ], [ -155.78793, 18.99867 ], [ -155.78794, 18.99861 ], [ -155.78797, 18.99857 ], [ -155.78803, 18.99856 ], [ -155.7882, 18.99865 ], [ -155.78829, 18.99873 ], [ -155.7884, 18.99886 ], [ -155.78851, 18.99892 ], [ -155.78859, 18.99894 ], [ -155.78862, 18.99897 ], [ -155.7887, 18.999 ], [ -155.78875, 18.99912 ], [ -155.78901, 18.99921 ], [ -155.78921, 18.99934 ], [ -155.78927, 18.99924 ], [ -155.78937, 18.99921 ], [ -155.78951, 18.9992 ], [ -155.78963, 18.99923 ], [ -155.79005, 18.99953 ], [ -155.79013, 18.99972 ], [ -155.79028, 18.99978 ], [ -155.79043, 18.9998 ], [ -155.79043, 18.99992 ], [ -155.79051, 18.99998 ], [ -155.79077, 19.00001 ], [ -155.79084, 19.00004 ], [ -155.7909, 19.0003 ], [ -155.79099, 19.00041 ], [ -155.79103, 19.00049 ], [ -155.79116, 19.00062 ], [ -155.79133, 19.00077 ], [ -155.79142, 19.00079 ], [ -155.79151, 19.00078 ], [ -155.79165, 19.00084 ], [ -155.79172, 19.00105 ], [ -155.79182, 19.00119 ], [ -155.79192, 19.00125 ], [ -155.79199, 19.00146 ], [ -155.79222, 19.00154 ], [ -155.79229, 19.00162 ], [ -155.79243, 19.00182 ], [ -155.79245, 19.00193 ], [ -155.79243, 19.00202 ], [ -155.79243, 19.00221 ], [ -155.79251, 19.00231 ], [ -155.79258, 19.0025 ], [ -155.79265, 19.00255 ], [ -155.79278, 19.00245 ], [ -155.7929, 19.00237 ], [ -155.79304, 19.00241 ], [ -155.79313, 19.00243 ], [ -155.7932, 19.00247 ], [ -155.79349, 19.00246 ], [ -155.79363, 19.00243 ], [ -155.79375, 19.00245 ], [ -155.79385, 19.00257 ], [ -155.79389, 19.00269 ], [ -155.79397, 19.00279 ], [ -155.79393, 19.00301 ], [ -155.79395, 19.00306 ], [ -155.79394, 19.00324 ], [ -155.7939, 19.00329 ], [ -155.79379, 19.00333 ], [ -155.7935, 19.00341 ], [ -155.79345, 19.00346 ], [ -155.7934, 19.00357 ], [ -155.79347, 19.00405 ], [ -155.79356, 19.00405 ], [ -155.79382, 19.00395 ], [ -155.79397, 19.00396 ], [ -155.79428, 19.00399 ], [ -155.79448, 19.00392 ], [ -155.79459, 19.00395 ], [ -155.795, 19.00418 ], [ -155.79515, 19.0043 ], [ -155.79527, 19.00443 ], [ -155.79536, 19.0046 ], [ -155.7954, 19.0048 ], [ -155.79536, 19.00505 ], [ -155.79521, 19.00545 ], [ -155.7952, 19.00563 ], [ -155.79523, 19.00579 ], [ -155.79522, 19.0059 ], [ -155.79505, 19.00614 ], [ -155.79496, 19.00648 ], [ -155.79496, 19.00659 ], [ -155.79499, 19.00668 ], [ -155.79511, 19.00681 ], [ -155.79519, 19.00686 ], [ -155.79526, 19.007 ], [ -155.79528, 19.00712 ], [ -155.79533, 19.00722 ], [ -155.79538, 19.00728 ], [ -155.79543, 19.00741 ], [ -155.79547, 19.00747 ], [ -155.79555, 19.00751 ], [ -155.79568, 19.00774 ], [ -155.79608, 19.0082 ], [ -155.79624, 19.0082 ], [ -155.79628, 19.00826 ], [ -155.79634, 19.0083 ], [ -155.79638, 19.00842 ], [ -155.79648, 19.0085 ], [ -155.79654, 19.00868 ], [ -155.79661, 19.00877 ], [ -155.79673, 19.00901 ], [ -155.79687, 19.00914 ], [ -155.79689, 19.00923 ], [ -155.79696, 19.00931 ], [ -155.79709, 19.00935 ], [ -155.79719, 19.00941 ], [ -155.7974, 19.00955 ], [ -155.79737, 19.00963 ], [ -155.79725, 19.00972 ], [ -155.7972, 19.00981 ], [ -155.79706, 19.00992 ], [ -155.79704, 19.00997 ], [ -155.79708, 19.01015 ], [ -155.79715, 19.01022 ], [ -155.79738, 19.01039 ], [ -155.79758, 19.01049 ], [ -155.79773, 19.01048 ], [ -155.79781, 19.01051 ], [ -155.79798, 19.0105 ], [ -155.79809, 19.01047 ], [ -155.79817, 19.01037 ], [ -155.79831, 19.01044 ], [ -155.79839, 19.01043 ], [ -155.79843, 19.01039 ], [ -155.79846, 19.01041 ], [ -155.79852, 19.01049 ], [ -155.79865, 19.01055 ], [ -155.79866, 19.01064 ], [ -155.7988, 19.01069 ], [ -155.79889, 19.01078 ], [ -155.79891, 19.01088 ], [ -155.79897, 19.01092 ], [ -155.79912, 19.0106 ], [ -155.79916, 19.01054 ], [ -155.79928, 19.01054 ], [ -155.7996, 19.01044 ], [ -155.79975, 19.01044 ], [ -155.7998, 19.01036 ], [ -155.7999, 19.0103 ], [ -155.80008, 19.01028 ], [ -155.80021, 19.0103 ], [ -155.80034, 19.01036 ], [ -155.80039, 19.0103 ], [ -155.80049, 19.01002 ], [ -155.80054, 19.01003 ], [ -155.80063, 19.01017 ], [ -155.80086, 19.0104 ], [ -155.80094, 19.01041 ], [ -155.80105, 19.01036 ], [ -155.80111, 19.01031 ], [ -155.80116, 19.01032 ], [ -155.80122, 19.0103 ], [ -155.80129, 19.01012 ], [ -155.80138, 19.01006 ], [ -155.80144, 19.01009 ], [ -155.80146, 19.01014 ], [ -155.80158, 19.01022 ], [ -155.80167, 19.01021 ], [ -155.80169, 19.01015 ], [ -155.80171, 19.01014 ], [ -155.80185, 19.01021 ], [ -155.80192, 19.01021 ], [ -155.80197, 19.01014 ], [ -155.80198, 19.01005 ], [ -155.80202, 19.01 ], [ -155.80211, 19.01 ], [ -155.80215, 19.01002 ], [ -155.80216, 19.01005 ], [ -155.80236, 19.01014 ], [ -155.80236, 19.01009 ], [ -155.8024, 19.01007 ], [ -155.80245, 19.01009 ], [ -155.80261, 19.01023 ], [ -155.80267, 19.01019 ], [ -155.8027, 19.01021 ], [ -155.80273, 19.01026 ], [ -155.80273, 19.01035 ], [ -155.80284, 19.01048 ], [ -155.80277, 19.01071 ], [ -155.80288, 19.01072 ], [ -155.80302, 19.01076 ], [ -155.8032, 19.01092 ], [ -155.80333, 19.01099 ], [ -155.80355, 19.01107 ], [ -155.8039, 19.01123 ], [ -155.804, 19.01124 ], [ -155.80428, 19.01119 ], [ -155.80439, 19.01112 ], [ -155.80442, 19.01107 ], [ -155.80449, 19.01107 ], [ -155.80481, 19.01098 ], [ -155.80504, 19.01093 ], [ -155.80509, 19.01096 ], [ -155.8052, 19.01111 ], [ -155.80527, 19.01117 ], [ -155.80561, 19.01116 ], [ -155.80579, 19.0112 ], [ -155.80606, 19.01121 ], [ -155.80626, 19.011 ], [ -155.80658, 19.01078 ], [ -155.80664, 19.01072 ], [ -155.80664, 19.01064 ], [ -155.80662, 19.01057 ], [ -155.80663, 19.01051 ], [ -155.80672, 19.01052 ], [ -155.80679, 19.01049 ], [ -155.80688, 19.01036 ], [ -155.80705, 19.01024 ], [ -155.80718, 19.01021 ], [ -155.8073, 19.01025 ], [ -155.80752, 19.01029 ], [ -155.80775, 19.01026 ], [ -155.80783, 19.01032 ], [ -155.80786, 19.01037 ], [ -155.80792, 19.0104 ], [ -155.80801, 19.01039 ], [ -155.80811, 19.01041 ], [ -155.8083, 19.0106 ], [ -155.8084, 19.01062 ], [ -155.80873, 19.01076 ], [ -155.80896, 19.01071 ], [ -155.80909, 19.01079 ], [ -155.80926, 19.01079 ], [ -155.80959, 19.01081 ], [ -155.80967, 19.01088 ], [ -155.80985, 19.01115 ], [ -155.80992, 19.0112 ], [ -155.81001, 19.0112 ], [ -155.81007, 19.01124 ], [ -155.81016, 19.01126 ], [ -155.81025, 19.01132 ], [ -155.81036, 19.01157 ], [ -155.81046, 19.01163 ], [ -155.81054, 19.01161 ], [ -155.8107, 19.0116 ], [ -155.81075, 19.01183 ], [ -155.8109, 19.01193 ], [ -155.81106, 19.01213 ], [ -155.81116, 19.01215 ], [ -155.81121, 19.01223 ], [ -155.81128, 19.01224 ], [ -155.81136, 19.01211 ], [ -155.81143, 19.01208 ], [ -155.81156, 19.01215 ], [ -155.81168, 19.01216 ], [ -155.81184, 19.01228 ], [ -155.81198, 19.01236 ], [ -155.81205, 19.01231 ], [ -155.81217, 19.01221 ], [ -155.81224, 19.01217 ], [ -155.81227, 19.01219 ], [ -155.81228, 19.01225 ], [ -155.81231, 19.01228 ], [ -155.81245, 19.01229 ], [ -155.81248, 19.01233 ], [ -155.81249, 19.01238 ], [ -155.81261, 19.01259 ], [ -155.81267, 19.01274 ], [ -155.81273, 19.01279 ], [ -155.8129, 19.0128 ], [ -155.81304, 19.01276 ], [ -155.81316, 19.01277 ], [ -155.81338, 19.01272 ], [ -155.81353, 19.01267 ], [ -155.81357, 19.01261 ], [ -155.81368, 19.01258 ], [ -155.81379, 19.0125 ], [ -155.81399, 19.01212 ], [ -155.81408, 19.01209 ], [ -155.81422, 19.01214 ], [ -155.81427, 19.01206 ], [ -155.81429, 19.01199 ], [ -155.81434, 19.01194 ], [ -155.8144, 19.01194 ], [ -155.81452, 19.01208 ], [ -155.81456, 19.01217 ], [ -155.81463, 19.01224 ], [ -155.81475, 19.01228 ], [ -155.81484, 19.01223 ], [ -155.81486, 19.01213 ], [ -155.81494, 19.01209 ], [ -155.81502, 19.01237 ], [ -155.81508, 19.01245 ], [ -155.81517, 19.0125 ], [ -155.81526, 19.01252 ], [ -155.8154, 19.01233 ], [ -155.81544, 19.01233 ], [ -155.81561, 19.01239 ], [ -155.81568, 19.01235 ], [ -155.8157, 19.01228 ], [ -155.81574, 19.01225 ], [ -155.81595, 19.0123 ], [ -155.8161, 19.01228 ], [ -155.81619, 19.01223 ], [ -155.81632, 19.01229 ], [ -155.81635, 19.01209 ], [ -155.81647, 19.01205 ], [ -155.81669, 19.01216 ], [ -155.81686, 19.01217 ], [ -155.81699, 19.01213 ], [ -155.81706, 19.01217 ], [ -155.8171, 19.01223 ], [ -155.81713, 19.01234 ], [ -155.81714, 19.01256 ], [ -155.81724, 19.01272 ], [ -155.81738, 19.01281 ], [ -155.8176, 19.01279 ], [ -155.81767, 19.01279 ], [ -155.81783, 19.01289 ], [ -155.81801, 19.01294 ], [ -155.81809, 19.01301 ], [ -155.81817, 19.01316 ], [ -155.81826, 19.01319 ], [ -155.81838, 19.01332 ], [ -155.81844, 19.01344 ], [ -155.81852, 19.01353 ], [ -155.8186, 19.01359 ], [ -155.81878, 19.01368 ], [ -155.81892, 19.01362 ], [ -155.81922, 19.01361 ], [ -155.8193, 19.01359 ], [ -155.81928, 19.01348 ], [ -155.81931, 19.01343 ], [ -155.81937, 19.01339 ], [ -155.81957, 19.01342 ], [ -155.81963, 19.01346 ], [ -155.81968, 19.01366 ], [ -155.8199, 19.01387 ], [ -155.81999, 19.01392 ], [ -155.82022, 19.01397 ], [ -155.82037, 19.01397 ], [ -155.82052, 19.0141 ], [ -155.82068, 19.01422 ], [ -155.82082, 19.0143 ], [ -155.82113, 19.01455 ], [ -155.82132, 19.01461 ], [ -155.82149, 19.01463 ], [ -155.8216, 19.01462 ], [ -155.82168, 19.01498 ], [ -155.82174, 19.01508 ], [ -155.82192, 19.01516 ], [ -155.822, 19.01525 ], [ -155.82205, 19.01528 ], [ -155.82218, 19.01525 ], [ -155.82232, 19.01528 ], [ -155.82274, 19.01546 ], [ -155.82289, 19.01549 ], [ -155.82324, 19.01563 ], [ -155.82343, 19.01567 ], [ -155.82368, 19.01573 ], [ -155.82411, 19.0156 ], [ -155.82421, 19.0156 ], [ -155.82456, 19.01564 ], [ -155.82471, 19.0157 ], [ -155.82496, 19.01573 ], [ -155.82516, 19.0158 ], [ -155.8253, 19.01581 ], [ -155.82545, 19.01585 ], [ -155.8256, 19.01585 ], [ -155.82592, 19.01589 ], [ -155.8261, 19.01576 ], [ -155.82632, 19.01584 ], [ -155.82643, 19.01581 ], [ -155.82659, 19.01587 ], [ -155.8267, 19.01587 ], [ -155.82681, 19.01591 ], [ -155.82687, 19.01597 ], [ -155.82706, 19.01599 ], [ -155.82714, 19.01613 ], [ -155.8272, 19.01615 ], [ -155.82731, 19.01624 ], [ -155.82737, 19.01624 ], [ -155.82747, 19.01629 ], [ -155.82754, 19.01637 ], [ -155.82765, 19.01652 ], [ -155.82777, 19.01663 ], [ -155.82786, 19.01664 ], [ -155.82797, 19.01672 ], [ -155.82805, 19.01672 ], [ -155.82811, 19.01666 ], [ -155.82819, 19.01667 ], [ -155.82843, 19.01682 ], [ -155.82858, 19.01696 ], [ -155.82889, 19.01706 ], [ -155.82905, 19.0171 ], [ -155.82913, 19.01714 ], [ -155.82934, 19.0174 ], [ -155.82947, 19.01767 ], [ -155.82966, 19.01783 ], [ -155.82986, 19.01791 ], [ -155.8299, 19.01801 ], [ -155.83007, 19.01806 ], [ -155.83008, 19.01817 ], [ -155.83011, 19.01826 ], [ -155.8303, 19.0183 ], [ -155.83036, 19.01835 ], [ -155.83037, 19.01842 ], [ -155.8305, 19.01845 ], [ -155.83053, 19.01848 ], [ -155.83057, 19.0186 ], [ -155.83069, 19.01867 ], [ -155.83085, 19.01871 ], [ -155.83108, 19.01875 ], [ -155.83122, 19.0188 ], [ -155.83131, 19.0188 ], [ -155.83147, 19.01891 ], [ -155.83163, 19.01894 ], [ -155.83173, 19.01891 ], [ -155.83179, 19.01882 ], [ -155.83181, 19.01873 ], [ -155.83208, 19.0186 ], [ -155.83227, 19.01838 ], [ -155.83237, 19.0183 ], [ -155.83254, 19.01826 ], [ -155.83294, 19.01832 ], [ -155.83305, 19.01827 ], [ -155.83308, 19.0182 ], [ -155.83313, 19.01816 ], [ -155.83321, 19.01822 ], [ -155.83329, 19.01824 ], [ -155.83348, 19.01818 ], [ -155.83359, 19.01819 ], [ -155.83364, 19.01822 ], [ -155.83402, 19.01837 ], [ -155.83416, 19.01844 ], [ -155.83428, 19.01864 ], [ -155.83436, 19.01868 ], [ -155.8346, 19.01864 ], [ -155.83473, 19.01863 ], [ -155.83478, 19.01864 ], [ -155.83505, 19.01862 ], [ -155.83516, 19.01813 ], [ -155.83515, 19.01803 ], [ -155.8352, 19.01791 ], [ -155.83524, 19.01785 ], [ -155.83531, 19.01784 ], [ -155.83558, 19.01784 ], [ -155.83565, 19.01778 ], [ -155.83561, 19.0178 ], [ -155.83574, 19.01765 ], [ -155.83598, 19.01778 ], [ -155.83609, 19.01775 ], [ -155.83615, 19.01766 ], [ -155.83627, 19.01734 ], [ -155.83635, 19.01729 ], [ -155.83659, 19.01737 ], [ -155.83671, 19.01743 ], [ -155.83683, 19.01761 ], [ -155.83685, 19.01762 ], [ -155.83693, 19.01766 ], [ -155.83699, 19.0177 ], [ -155.83699, 19.01781 ], [ -155.83703, 19.01795 ], [ -155.8371, 19.018 ], [ -155.83731, 19.01811 ], [ -155.83743, 19.01815 ], [ -155.83746, 19.01822 ], [ -155.83756, 19.01824 ], [ -155.83767, 19.0182 ], [ -155.8378, 19.01818 ], [ -155.83788, 19.0182 ], [ -155.83794, 19.01827 ], [ -155.83798, 19.01837 ], [ -155.83805, 19.01847 ], [ -155.83821, 19.01859 ], [ -155.8383, 19.01862 ], [ -155.83836, 19.01869 ], [ -155.83835, 19.01882 ], [ -155.83838, 19.0189 ], [ -155.83849, 19.01907 ], [ -155.83851, 19.01925 ], [ -155.83866, 19.01932 ], [ -155.83874, 19.01929 ], [ -155.83912, 19.0192 ], [ -155.83923, 19.01905 ], [ -155.83936, 19.01915 ], [ -155.83943, 19.01917 ], [ -155.83947, 19.01928 ], [ -155.83969, 19.01929 ], [ -155.83983, 19.0194 ], [ -155.84002, 19.01944 ], [ -155.84023, 19.01946 ], [ -155.84031, 19.01953 ], [ -155.84059, 19.01961 ], [ -155.84086, 19.01951 ], [ -155.84111, 19.0195 ], [ -155.84115, 19.01944 ], [ -155.84123, 19.0194 ], [ -155.84144, 19.01949 ], [ -155.84147, 19.01964 ], [ -155.84164, 19.01982 ], [ -155.84172, 19.01998 ], [ -155.84172, 19.02026 ], [ -155.8419, 19.02033 ], [ -155.84229, 19.02062 ], [ -155.84241, 19.02066 ], [ -155.84271, 19.02062 ], [ -155.84305, 19.02064 ], [ -155.84329, 19.02058 ], [ -155.84344, 19.0205 ], [ -155.84367, 19.02035 ], [ -155.84376, 19.02017 ], [ -155.84377, 19.02004 ], [ -155.84369, 19.0198 ], [ -155.84374, 19.01977 ], [ -155.84382, 19.01977 ], [ -155.84387, 19.01981 ], [ -155.84391, 19.0196 ], [ -155.844, 19.0194 ], [ -155.84409, 19.01938 ], [ -155.84426, 19.01938 ], [ -155.8445, 19.01934 ], [ -155.84455, 19.01929 ], [ -155.84472, 19.01933 ], [ -155.84477, 19.01926 ], [ -155.84483, 19.01926 ], [ -155.845, 19.01944 ], [ -155.84512, 19.01951 ], [ -155.84527, 19.01956 ], [ -155.84552, 19.01956 ], [ -155.84561, 19.01966 ], [ -155.84564, 19.01964 ], [ -155.84577, 19.01952 ], [ -155.84579, 19.01951 ], [ -155.84593, 19.01968 ], [ -155.84598, 19.01972 ], [ -155.84641, 19.01985 ], [ -155.84663, 19.01985 ], [ -155.84684, 19.01981 ], [ -155.84692, 19.01986 ], [ -155.847, 19.01988 ], [ -155.84707, 19.01985 ], [ -155.84745, 19.01959 ], [ -155.84753, 19.01946 ], [ -155.84774, 19.01931 ], [ -155.84781, 19.0193 ], [ -155.84801, 19.01939 ], [ -155.84816, 19.01936 ], [ -155.84826, 19.01939 ], [ -155.84844, 19.01951 ], [ -155.84855, 19.01956 ], [ -155.84885, 19.01961 ], [ -155.84943, 19.01974 ], [ -155.8497, 19.01972 ], [ -155.8498, 19.01976 ], [ -155.84979, 19.01967 ], [ -155.84973, 19.01957 ], [ -155.84972, 19.01951 ], [ -155.84976, 19.01948 ], [ -155.85002, 19.01938 ], [ -155.85025, 19.01934 ], [ -155.85045, 19.0194 ], [ -155.85058, 19.01955 ], [ -155.85072, 19.01962 ], [ -155.85073, 19.01966 ], [ -155.8508, 19.01983 ], [ -155.85093, 19.01991 ], [ -155.85097, 19.01991 ], [ -155.85101, 19.01994 ], [ -155.85102, 19.02 ], [ -155.85109, 19.02018 ], [ -155.85114, 19.02022 ], [ -155.85118, 19.02027 ], [ -155.85119, 19.02032 ], [ -155.85115, 19.02038 ], [ -155.8511, 19.02052 ], [ -155.85114, 19.02059 ], [ -155.85141, 19.021 ], [ -155.85167, 19.02131 ], [ -155.85189, 19.02155 ], [ -155.85215, 19.02195 ], [ -155.85235, 19.02198 ], [ -155.85244, 19.02215 ], [ -155.85307, 19.02227 ], [ -155.85327, 19.02248 ], [ -155.85332, 19.02245 ], [ -155.85337, 19.02247 ], [ -155.85347, 19.02264 ], [ -155.85356, 19.02269 ], [ -155.8538, 19.02276 ], [ -155.85387, 19.02274 ], [ -155.854, 19.02286 ], [ -155.85443, 19.02286 ], [ -155.8546, 19.02283 ], [ -155.85488, 19.02294 ], [ -155.85499, 19.02301 ], [ -155.85503, 19.02309 ], [ -155.85516, 19.02315 ], [ -155.85529, 19.02319 ], [ -155.85534, 19.02326 ], [ -155.85542, 19.0234 ], [ -155.8555, 19.0235 ], [ -155.85558, 19.02351 ], [ -155.85575, 19.02348 ], [ -155.85585, 19.02349 ], [ -155.856, 19.02348 ], [ -155.85606, 19.02327 ], [ -155.85615, 19.02324 ], [ -155.8562, 19.0232 ], [ -155.85623, 19.02309 ], [ -155.85628, 19.02307 ], [ -155.85636, 19.02294 ], [ -155.85641, 19.02292 ], [ -155.85646, 19.02286 ], [ -155.85653, 19.02283 ], [ -155.85664, 19.02275 ], [ -155.85675, 19.02273 ], [ -155.85684, 19.02273 ], [ -155.85693, 19.02282 ], [ -155.85699, 19.02292 ], [ -155.85709, 19.02297 ], [ -155.85717, 19.02295 ], [ -155.85725, 19.02297 ], [ -155.85732, 19.02304 ], [ -155.85737, 19.02313 ], [ -155.85749, 19.02327 ], [ -155.85753, 19.02337 ], [ -155.85768, 19.02347 ], [ -155.85782, 19.02359 ], [ -155.85792, 19.02372 ], [ -155.85804, 19.02377 ], [ -155.85818, 19.02379 ], [ -155.85831, 19.02384 ], [ -155.85846, 19.02386 ], [ -155.85862, 19.02391 ], [ -155.85877, 19.02392 ], [ -155.85888, 19.02389 ], [ -155.85897, 19.02393 ], [ -155.85906, 19.024 ], [ -155.8595, 19.0241 ], [ -155.85966, 19.02405 ], [ -155.85979, 19.02407 ], [ -155.8599, 19.02413 ], [ -155.8603, 19.02436 ], [ -155.86061, 19.02446 ], [ -155.86072, 19.02453 ], [ -155.86089, 19.02454 ], [ -155.86105, 19.02465 ], [ -155.8611, 19.02474 ], [ -155.86118, 19.02479 ], [ -155.86122, 19.02484 ], [ -155.86125, 19.02504 ], [ -155.86128, 19.02506 ], [ -155.8613, 19.02511 ], [ -155.86128, 19.02525 ], [ -155.86134, 19.02528 ], [ -155.86145, 19.02527 ], [ -155.86151, 19.02529 ], [ -155.86158, 19.02548 ], [ -155.86164, 19.02554 ], [ -155.86167, 19.02559 ], [ -155.8616, 19.02567 ], [ -155.8616, 19.0257 ], [ -155.86165, 19.02575 ], [ -155.86169, 19.02587 ], [ -155.86182, 19.02597 ], [ -155.86186, 19.02604 ], [ -155.86198, 19.02611 ], [ -155.86219, 19.0263 ], [ -155.86226, 19.02648 ], [ -155.86247, 19.02674 ], [ -155.86256, 19.02689 ], [ -155.86272, 19.0271 ], [ -155.86279, 19.02722 ], [ -155.86282, 19.02733 ], [ -155.86292, 19.02754 ], [ -155.86298, 19.02785 ], [ -155.86301, 19.02786 ], [ -155.86315, 19.02781 ], [ -155.86336, 19.02783 ], [ -155.86339, 19.02793 ], [ -155.86343, 19.02797 ], [ -155.86362, 19.02793 ], [ -155.86367, 19.02796 ], [ -155.86372, 19.02805 ], [ -155.8638, 19.02803 ], [ -155.86382, 19.02809 ], [ -155.86376, 19.02823 ], [ -155.86373, 19.02833 ], [ -155.86378, 19.02836 ], [ -155.86389, 19.02834 ], [ -155.86407, 19.02828 ], [ -155.86412, 19.0283 ], [ -155.86423, 19.0284 ], [ -155.86424, 19.02863 ], [ -155.86426, 19.02867 ], [ -155.86442, 19.02864 ], [ -155.86456, 19.02864 ], [ -155.86465, 19.02868 ], [ -155.86462, 19.02883 ], [ -155.86466, 19.02891 ], [ -155.86476, 19.02894 ], [ -155.8649, 19.02894 ], [ -155.86504, 19.02902 ], [ -155.86517, 19.02905 ], [ -155.86534, 19.02914 ], [ -155.86555, 19.02919 ], [ -155.86564, 19.02927 ], [ -155.86579, 19.02933 ], [ -155.86628, 19.02943 ], [ -155.86649, 19.02954 ], [ -155.86655, 19.02961 ], [ -155.86657, 19.0297 ], [ -155.86676, 19.02968 ], [ -155.86705, 19.02978 ], [ -155.86723, 19.02997 ], [ -155.86733, 19.03001 ], [ -155.8674, 19.03001 ], [ -155.86748, 19.03006 ], [ -155.86778, 19.0301 ], [ -155.86822, 19.03023 ], [ -155.86829, 19.03028 ], [ -155.86842, 19.03047 ], [ -155.86866, 19.03061 ], [ -155.86875, 19.03074 ], [ -155.86895, 19.031 ], [ -155.86913, 19.03118 ], [ -155.86923, 19.03114 ], [ -155.86925, 19.0311 ], [ -155.86944, 19.03111 ], [ -155.86959, 19.03109 ], [ -155.86964, 19.03103 ], [ -155.86965, 19.03084 ], [ -155.86969, 19.03078 ], [ -155.86978, 19.03075 ], [ -155.86986, 19.03076 ], [ -155.86997, 19.03086 ], [ -155.87002, 19.03088 ], [ -155.87008, 19.03084 ], [ -155.87029, 19.03088 ], [ -155.87042, 19.03094 ], [ -155.87049, 19.03095 ], [ -155.8706, 19.03103 ], [ -155.8708, 19.03107 ], [ -155.87087, 19.03113 ], [ -155.87097, 19.03127 ], [ -155.87118, 19.0314 ], [ -155.87125, 19.03148 ], [ -155.87127, 19.03148 ], [ -155.87129, 19.03153 ], [ -155.87147, 19.03164 ], [ -155.87163, 19.03162 ], [ -155.87169, 19.03164 ], [ -155.87175, 19.03175 ], [ -155.87181, 19.03176 ], [ -155.87186, 19.0318 ], [ -155.8719, 19.03187 ], [ -155.87196, 19.03188 ], [ -155.87205, 19.03206 ], [ -155.87208, 19.03208 ], [ -155.87211, 19.03207 ], [ -155.87213, 19.03203 ], [ -155.8722, 19.03202 ], [ -155.87233, 19.03202 ], [ -155.87259, 19.03229 ], [ -155.87275, 19.03228 ], [ -155.87285, 19.03238 ], [ -155.87284, 19.03241 ], [ -155.87286, 19.03254 ], [ -155.87291, 19.03258 ], [ -155.87297, 19.03257 ], [ -155.8731, 19.03259 ], [ -155.87322, 19.03274 ], [ -155.87333, 19.03288 ], [ -155.87338, 19.0329 ], [ -155.87351, 19.03301 ], [ -155.8735, 19.03311 ], [ -155.87344, 19.03317 ], [ -155.87368, 19.0332 ], [ -155.87376, 19.03325 ], [ -155.87378, 19.03331 ], [ -155.87388, 19.03342 ], [ -155.87399, 19.03347 ], [ -155.87418, 19.03351 ], [ -155.87422, 19.03355 ], [ -155.87428, 19.03357 ], [ -155.87433, 19.03355 ], [ -155.87442, 19.03349 ], [ -155.87447, 19.0335 ], [ -155.87458, 19.03345 ], [ -155.87466, 19.03346 ], [ -155.87478, 19.03343 ], [ -155.87489, 19.03349 ], [ -155.87503, 19.03345 ], [ -155.87506, 19.03346 ], [ -155.8752, 19.03349 ], [ -155.87524, 19.03354 ], [ -155.87549, 19.03363 ], [ -155.87554, 19.03363 ], [ -155.87577, 19.03366 ], [ -155.87585, 19.03363 ], [ -155.87594, 19.03365 ], [ -155.87615, 19.03358 ], [ -155.87641, 19.03366 ], [ -155.87653, 19.03368 ], [ -155.87665, 19.03377 ], [ -155.87671, 19.03378 ], [ -155.87675, 19.03376 ], [ -155.87692, 19.03382 ], [ -155.877, 19.03382 ], [ -155.87707, 19.03384 ], [ -155.8772, 19.03393 ], [ -155.87722, 19.03392 ], [ -155.87727, 19.03376 ], [ -155.87741, 19.0337 ], [ -155.87745, 19.03365 ], [ -155.87748, 19.03365 ], [ -155.87767, 19.03383 ], [ -155.87779, 19.03384 ], [ -155.87782, 19.03386 ], [ -155.8779, 19.03397 ], [ -155.87797, 19.03401 ], [ -155.87812, 19.03397 ], [ -155.87818, 19.03399 ], [ -155.87825, 19.03398 ], [ -155.87827, 19.03398 ], [ -155.87834, 19.03395 ], [ -155.87845, 19.03382 ], [ -155.87867, 19.03375 ], [ -155.87873, 19.03384 ], [ -155.87879, 19.03383 ], [ -155.87893, 19.03384 ], [ -155.87904, 19.03395 ], [ -155.87917, 19.03425 ], [ -155.87929, 19.03438 ], [ -155.87939, 19.03451 ], [ -155.87937, 19.03454 ], [ -155.8794, 19.03458 ], [ -155.87956, 19.03464 ], [ -155.87961, 19.03473 ], [ -155.87968, 19.03477 ], [ -155.87982, 19.03479 ], [ -155.87985, 19.03482 ], [ -155.87985, 19.03494 ], [ -155.87989, 19.03509 ], [ -155.87987, 19.03512 ], [ -155.87981, 19.0352 ], [ -155.8799, 19.03531 ], [ -155.87991, 19.03536 ], [ -155.87988, 19.03545 ], [ -155.87988, 19.03553 ], [ -155.87992, 19.0356 ], [ -155.88009, 19.0358 ], [ -155.88022, 19.03583 ], [ -155.88036, 19.03585 ], [ -155.88043, 19.03591 ], [ -155.88052, 19.03593 ], [ -155.88077, 19.03584 ], [ -155.88088, 19.03589 ], [ -155.88098, 19.03587 ], [ -155.88111, 19.03591 ], [ -155.88117, 19.03597 ], [ -155.88129, 19.0363 ], [ -155.88129, 19.03636 ], [ -155.88126, 19.03643 ], [ -155.88117, 19.03658 ], [ -155.88097, 19.0367 ], [ -155.88098, 19.03673 ], [ -155.88116, 19.03708 ], [ -155.8812, 19.03709 ], [ -155.88121, 19.03711 ], [ -155.88128, 19.03721 ], [ -155.88129, 19.03729 ], [ -155.88126, 19.03732 ], [ -155.88132, 19.03738 ], [ -155.88143, 19.03748 ], [ -155.88146, 19.03754 ], [ -155.88142, 19.03764 ], [ -155.88144, 19.03768 ], [ -155.88144, 19.03782 ], [ -155.88148, 19.03792 ], [ -155.88137, 19.03823 ], [ -155.88142, 19.03835 ], [ -155.88145, 19.03852 ], [ -155.88151, 19.03872 ], [ -155.88161, 19.03876 ], [ -155.88165, 19.0388 ], [ -155.88168, 19.0389 ], [ -155.88164, 19.03895 ], [ -155.8816, 19.03897 ], [ -155.88151, 19.03908 ], [ -155.88144, 19.03932 ], [ -155.8815, 19.03957 ], [ -155.8813, 19.03968 ], [ -155.88125, 19.03981 ], [ -155.88125, 19.03995 ], [ -155.88133, 19.04006 ], [ -155.8814, 19.04011 ], [ -155.88144, 19.04012 ], [ -155.8815, 19.04018 ], [ -155.88155, 19.0404 ], [ -155.88162, 19.04069 ], [ -155.88176, 19.04086 ], [ -155.8818, 19.04096 ], [ -155.88176, 19.04105 ], [ -155.88167, 19.04109 ], [ -155.88165, 19.04113 ], [ -155.88166, 19.04122 ], [ -155.88171, 19.04133 ], [ -155.88168, 19.04154 ], [ -155.88165, 19.04162 ], [ -155.88151, 19.04168 ], [ -155.88152, 19.04175 ], [ -155.88152, 19.04188 ], [ -155.88156, 19.04207 ], [ -155.88155, 19.04211 ], [ -155.8814, 19.04224 ], [ -155.88138, 19.04232 ], [ -155.88132, 19.04248 ], [ -155.88131, 19.04255 ], [ -155.88138, 19.04282 ], [ -155.88141, 19.04289 ], [ -155.88149, 19.04294 ], [ -155.88153, 19.04301 ], [ -155.88144, 19.04322 ], [ -155.88138, 19.04343 ], [ -155.88138, 19.04349 ], [ -155.88144, 19.04361 ], [ -155.88145, 19.04375 ], [ -155.88141, 19.04389 ], [ -155.88142, 19.044 ], [ -155.88151, 19.04422 ], [ -155.88151, 19.04429 ], [ -155.88146, 19.0444 ], [ -155.88141, 19.04457 ], [ -155.88145, 19.04468 ], [ -155.88146, 19.04478 ], [ -155.88142, 19.04491 ], [ -155.88153, 19.04509 ], [ -155.88155, 19.04523 ], [ -155.88151, 19.04531 ], [ -155.88137, 19.04536 ], [ -155.88135, 19.0454 ], [ -155.88133, 19.04562 ], [ -155.88134, 19.04566 ], [ -155.88138, 19.0457 ], [ -155.88151, 19.04571 ], [ -155.88156, 19.04575 ], [ -155.88156, 19.0458 ], [ -155.88152, 19.04585 ], [ -155.88129, 19.04601 ], [ -155.88123, 19.0461 ], [ -155.88108, 19.04614 ], [ -155.88103, 19.0462 ], [ -155.88111, 19.04625 ], [ -155.88126, 19.04633 ], [ -155.88131, 19.0464 ], [ -155.88135, 19.04655 ], [ -155.88134, 19.04667 ], [ -155.88144, 19.04686 ], [ -155.88144, 19.04691 ], [ -155.88141, 19.04701 ], [ -155.88142, 19.04706 ], [ -155.88168, 19.04717 ], [ -155.8817, 19.04722 ], [ -155.88163, 19.04737 ], [ -155.8817, 19.04746 ], [ -155.88174, 19.04747 ], [ -155.8819, 19.0474 ], [ -155.88196, 19.04742 ], [ -155.88201, 19.04747 ], [ -155.88217, 19.04748 ], [ -155.88219, 19.04754 ], [ -155.88219, 19.0476 ], [ -155.88201, 19.04774 ], [ -155.882, 19.04776 ], [ -155.88205, 19.04787 ], [ -155.88213, 19.04798 ], [ -155.88226, 19.04799 ], [ -155.88232, 19.04802 ], [ -155.88228, 19.0481 ], [ -155.88223, 19.04814 ], [ -155.8822, 19.04827 ], [ -155.88223, 19.04836 ], [ -155.88244, 19.04864 ], [ -155.88247, 19.04871 ], [ -155.88245, 19.04874 ], [ -155.88236, 19.04877 ], [ -155.88232, 19.0488 ], [ -155.88229, 19.04898 ], [ -155.88233, 19.04914 ], [ -155.88231, 19.04923 ], [ -155.88238, 19.0494 ], [ -155.88236, 19.04946 ], [ -155.8823, 19.04952 ], [ -155.88236, 19.04968 ], [ -155.8826, 19.05003 ], [ -155.88263, 19.05006 ], [ -155.88259, 19.05023 ], [ -155.8827, 19.05045 ], [ -155.88269, 19.05057 ], [ -155.88278, 19.05074 ], [ -155.88277, 19.05076 ], [ -155.88282, 19.05087 ], [ -155.88278, 19.05105 ], [ -155.88289, 19.05122 ], [ -155.88292, 19.05133 ], [ -155.88288, 19.05145 ], [ -155.88294, 19.05153 ], [ -155.88301, 19.05158 ], [ -155.88309, 19.05169 ], [ -155.88307, 19.05175 ], [ -155.88303, 19.0518 ], [ -155.88301, 19.05184 ], [ -155.88314, 19.05195 ], [ -155.88316, 19.05201 ], [ -155.88321, 19.05205 ], [ -155.88339, 19.0521 ], [ -155.88333, 19.05219 ], [ -155.88333, 19.05229 ], [ -155.88348, 19.05242 ], [ -155.88347, 19.05249 ], [ -155.88352, 19.05271 ], [ -155.88371, 19.05274 ], [ -155.8837, 19.05278 ], [ -155.88367, 19.05281 ], [ -155.88371, 19.05283 ], [ -155.88385, 19.05285 ], [ -155.88395, 19.05296 ], [ -155.88419, 19.05317 ], [ -155.88431, 19.05319 ], [ -155.8844, 19.05321 ], [ -155.88443, 19.05326 ], [ -155.88448, 19.0533 ], [ -155.88456, 19.05332 ], [ -155.88484, 19.05322 ], [ -155.88491, 19.05326 ], [ -155.88494, 19.05337 ], [ -155.88488, 19.05359 ], [ -155.88493, 19.05371 ], [ -155.88506, 19.05385 ], [ -155.88507, 19.05393 ], [ -155.88505, 19.05401 ], [ -155.88507, 19.05408 ], [ -155.88518, 19.05416 ], [ -155.88522, 19.05432 ], [ -155.88528, 19.05427 ], [ -155.88532, 19.05427 ], [ -155.88533, 19.05436 ], [ -155.88537, 19.0545 ], [ -155.88554, 19.05455 ], [ -155.88562, 19.05457 ], [ -155.88567, 19.05466 ], [ -155.88568, 19.05472 ], [ -155.88573, 19.05473 ], [ -155.88579, 19.05477 ], [ -155.88581, 19.05483 ], [ -155.88577, 19.05507 ], [ -155.88577, 19.0552 ], [ -155.88568, 19.05564 ], [ -155.88569, 19.0557 ], [ -155.88583, 19.05584 ], [ -155.88589, 19.05587 ], [ -155.88598, 19.05586 ], [ -155.8861, 19.05608 ], [ -155.88626, 19.05623 ], [ -155.88632, 19.05626 ], [ -155.88648, 19.05626 ], [ -155.88655, 19.05623 ], [ -155.88668, 19.05635 ], [ -155.88679, 19.05637 ], [ -155.88683, 19.05639 ], [ -155.88685, 19.05643 ], [ -155.88677, 19.05652 ], [ -155.88679, 19.05659 ], [ -155.88683, 19.05662 ], [ -155.88686, 19.0567 ], [ -155.8868, 19.05684 ], [ -155.88683, 19.05689 ], [ -155.88696, 19.05697 ], [ -155.88705, 19.057 ], [ -155.88736, 19.05743 ], [ -155.88761, 19.05746 ], [ -155.88762, 19.05757 ], [ -155.88767, 19.05762 ], [ -155.88772, 19.05766 ], [ -155.88776, 19.05766 ], [ -155.88787, 19.05762 ], [ -155.88797, 19.05762 ], [ -155.88807, 19.05771 ], [ -155.88806, 19.05776 ], [ -155.88808, 19.05785 ], [ -155.88815, 19.058 ], [ -155.88827, 19.05805 ], [ -155.88839, 19.05806 ], [ -155.88845, 19.05821 ], [ -155.88854, 19.05834 ], [ -155.88874, 19.05838 ], [ -155.88878, 19.0584 ], [ -155.88886, 19.05859 ], [ -155.8889, 19.05863 ], [ -155.88897, 19.05865 ], [ -155.889, 19.05863 ], [ -155.88924, 19.05865 ], [ -155.88927, 19.05868 ], [ -155.88925, 19.05873 ], [ -155.8893, 19.05892 ], [ -155.88936, 19.05899 ], [ -155.88941, 19.05902 ], [ -155.88963, 19.05897 ], [ -155.88966, 19.05904 ], [ -155.88965, 19.05925 ], [ -155.88968, 19.05932 ], [ -155.88974, 19.05955 ], [ -155.8896, 19.06003 ], [ -155.88963, 19.06007 ], [ -155.8899, 19.06008 ], [ -155.88997, 19.06013 ], [ -155.89003, 19.06019 ], [ -155.89006, 19.06034 ], [ -155.8901, 19.06039 ], [ -155.89014, 19.06037 ], [ -155.8902, 19.06036 ], [ -155.89023, 19.06038 ], [ -155.89026, 19.06044 ], [ -155.89025, 19.06051 ], [ -155.89031, 19.06058 ], [ -155.89044, 19.0608 ], [ -155.89053, 19.06089 ], [ -155.89056, 19.06095 ], [ -155.89055, 19.06112 ], [ -155.89059, 19.06115 ], [ -155.89077, 19.06126 ], [ -155.89096, 19.06129 ], [ -155.89103, 19.06134 ], [ -155.89101, 19.06141 ], [ -155.89091, 19.06147 ], [ -155.89091, 19.06153 ], [ -155.89097, 19.06165 ], [ -155.89098, 19.06185 ], [ -155.89102, 19.06188 ], [ -155.89111, 19.06191 ], [ -155.89115, 19.06195 ], [ -155.89117, 19.06201 ], [ -155.89114, 19.0622 ], [ -155.89111, 19.06224 ], [ -155.89114, 19.06246 ], [ -155.89118, 19.06253 ], [ -155.89121, 19.06267 ], [ -155.89127, 19.06277 ], [ -155.89135, 19.06279 ], [ -155.89156, 19.06278 ], [ -155.89169, 19.06281 ], [ -155.89172, 19.0629 ], [ -155.89161, 19.06306 ], [ -155.8916, 19.06312 ], [ -155.89164, 19.06317 ], [ -155.89174, 19.06322 ], [ -155.89186, 19.06322 ], [ -155.89191, 19.06326 ], [ -155.89191, 19.06332 ], [ -155.89187, 19.06337 ], [ -155.89193, 19.06343 ], [ -155.89211, 19.06353 ], [ -155.89215, 19.06363 ], [ -155.89211, 19.06376 ], [ -155.89203, 19.06387 ], [ -155.89195, 19.06392 ], [ -155.89173, 19.06399 ], [ -155.89171, 19.06401 ], [ -155.89189, 19.06409 ], [ -155.89196, 19.06417 ], [ -155.89194, 19.0642 ], [ -155.8921, 19.06444 ], [ -155.89218, 19.06451 ], [ -155.89213, 19.06458 ], [ -155.89216, 19.06478 ], [ -155.8922, 19.06481 ], [ -155.89221, 19.06489 ], [ -155.89212, 19.06499 ], [ -155.89213, 19.06507 ], [ -155.89214, 19.06511 ], [ -155.89213, 19.06523 ], [ -155.89211, 19.06544 ], [ -155.89213, 19.06557 ], [ -155.89221, 19.06572 ], [ -155.89245, 19.0658 ], [ -155.89251, 19.06589 ], [ -155.89255, 19.06596 ], [ -155.89269, 19.06604 ], [ -155.89291, 19.06612 ], [ -155.89299, 19.06621 ], [ -155.8932, 19.0664 ], [ -155.89332, 19.06641 ], [ -155.89345, 19.06648 ], [ -155.89363, 19.06653 ], [ -155.89365, 19.06658 ], [ -155.89371, 19.06703 ], [ -155.89375, 19.06713 ], [ -155.89376, 19.06724 ], [ -155.89389, 19.06753 ], [ -155.8943, 19.06813 ], [ -155.89437, 19.06818 ], [ -155.89446, 19.06839 ], [ -155.89446, 19.06847 ], [ -155.8945, 19.06854 ], [ -155.89467, 19.06863 ], [ -155.89473, 19.06872 ], [ -155.89481, 19.06893 ], [ -155.89505, 19.06936 ], [ -155.89514, 19.06943 ], [ -155.89533, 19.06948 ], [ -155.8955, 19.06969 ], [ -155.89549, 19.0699 ], [ -155.89558, 19.07008 ], [ -155.89566, 19.07011 ], [ -155.89578, 19.07024 ], [ -155.89601, 19.07042 ], [ -155.8965, 19.07057 ], [ -155.89655, 19.07057 ], [ -155.8966, 19.07053 ], [ -155.89672, 19.0705 ], [ -155.89675, 19.07052 ], [ -155.8968, 19.07061 ], [ -155.89699, 19.07067 ], [ -155.89711, 19.07083 ], [ -155.89717, 19.07085 ], [ -155.89741, 19.0708 ], [ -155.8975, 19.07082 ], [ -155.89754, 19.07088 ], [ -155.89772, 19.07127 ], [ -155.89777, 19.07132 ], [ -155.89798, 19.07129 ], [ -155.89801, 19.07131 ], [ -155.89803, 19.07136 ], [ -155.89802, 19.07148 ], [ -155.89808, 19.07152 ], [ -155.89814, 19.07147 ], [ -155.89825, 19.07148 ], [ -155.8985, 19.07161 ], [ -155.89858, 19.0717 ], [ -155.89867, 19.07191 ], [ -155.89878, 19.07198 ], [ -155.89897, 19.072 ], [ -155.89904, 19.07205 ], [ -155.8991, 19.07221 ], [ -155.89905, 19.07239 ], [ -155.89911, 19.0724 ], [ -155.89926, 19.07224 ], [ -155.89936, 19.07216 ], [ -155.8994, 19.07217 ], [ -155.89952, 19.0724 ], [ -155.89956, 19.07244 ], [ -155.89963, 19.07242 ], [ -155.89983, 19.0724 ], [ -155.89989, 19.07243 ], [ -155.8999, 19.07249 ], [ -155.89989, 19.07255 ], [ -155.89978, 19.07273 ], [ -155.89968, 19.07295 ], [ -155.8997, 19.07303 ], [ -155.89976, 19.07308 ], [ -155.90021, 19.07314 ], [ -155.90029, 19.07319 ], [ -155.9004, 19.07331 ], [ -155.90042, 19.0734 ], [ -155.90042, 19.07345 ], [ -155.90032, 19.07359 ], [ -155.90005, 19.07377 ], [ -155.90001, 19.07391 ], [ -155.90007, 19.07406 ], [ -155.90019, 19.07418 ], [ -155.90019, 19.07426 ], [ -155.90012, 19.07434 ], [ -155.89994, 19.07445 ], [ -155.89993, 19.07452 ], [ -155.89995, 19.07459 ], [ -155.90004, 19.07471 ], [ -155.90008, 19.07479 ], [ -155.9001, 19.07506 ], [ -155.89996, 19.07525 ], [ -155.89994, 19.07536 ], [ -155.89997, 19.07544 ], [ -155.90002, 19.07552 ], [ -155.90019, 19.07559 ], [ -155.90027, 19.0757 ], [ -155.90028, 19.07584 ], [ -155.90023, 19.07603 ], [ -155.90023, 19.07611 ], [ -155.90027, 19.07618 ], [ -155.90027, 19.07629 ], [ -155.90021, 19.07635 ], [ -155.90017, 19.07636 ], [ -155.89998, 19.07632 ], [ -155.89994, 19.07634 ], [ -155.89991, 19.07641 ], [ -155.90001, 19.0765 ], [ -155.90019, 19.07652 ], [ -155.90022, 19.07655 ], [ -155.90023, 19.07662 ], [ -155.90022, 19.07667 ], [ -155.90002, 19.07675 ], [ -155.89995, 19.07681 ], [ -155.89994, 19.07698 ], [ -155.89983, 19.07731 ], [ -155.8998, 19.07757 ], [ -155.89987, 19.0776 ], [ -155.90002, 19.07758 ], [ -155.90005, 19.07762 ], [ -155.90008, 19.07772 ], [ -155.90023, 19.07769 ], [ -155.90027, 19.0777 ], [ -155.90031, 19.07776 ], [ -155.90054, 19.07771 ], [ -155.90058, 19.07771 ], [ -155.90066, 19.07776 ], [ -155.90092, 19.07778 ], [ -155.90117, 19.07809 ], [ -155.90125, 19.07814 ], [ -155.90145, 19.07818 ], [ -155.90163, 19.07836 ], [ -155.90183, 19.07851 ], [ -155.90191, 19.07859 ], [ -155.90202, 19.07884 ], [ -155.90206, 19.07888 ], [ -155.90249, 19.07891 ], [ -155.90258, 19.07889 ], [ -155.9027, 19.07882 ], [ -155.90296, 19.07855 ], [ -155.90321, 19.07841 ], [ -155.90366, 19.07827 ], [ -155.90378, 19.07821 ], [ -155.90391, 19.0781 ], [ -155.90398, 19.07806 ], [ -155.90421, 19.07805 ], [ -155.90454, 19.07791 ], [ -155.90467, 19.07789 ], [ -155.90485, 19.07801 ], [ -155.90537, 19.07812 ], [ -155.9056, 19.07811 ], [ -155.90567, 19.07812 ], [ -155.90577, 19.07815 ], [ -155.90577, 19.07823 ], [ -155.90581, 19.07827 ], [ -155.90595, 19.07831 ], [ -155.90604, 19.07839 ], [ -155.90612, 19.07855 ], [ -155.90612, 19.0787 ], [ -155.90611, 19.0788 ], [ -155.90613, 19.07891 ], [ -155.90619, 19.07895 ], [ -155.90622, 19.07901 ], [ -155.90629, 19.07928 ], [ -155.90648, 19.07937 ], [ -155.90652, 19.0794 ], [ -155.9065, 19.0795 ], [ -155.90645, 19.07955 ], [ -155.90643, 19.07964 ], [ -155.90645, 19.07969 ], [ -155.9065, 19.07969 ], [ -155.90659, 19.07975 ], [ -155.9067, 19.07988 ], [ -155.90684, 19.07986 ], [ -155.90687, 19.07996 ], [ -155.90684, 19.08004 ], [ -155.90687, 19.08015 ], [ -155.9068, 19.08022 ], [ -155.90681, 19.08032 ], [ -155.90685, 19.08041 ], [ -155.90684, 19.08047 ], [ -155.90677, 19.08055 ], [ -155.90676, 19.08061 ], [ -155.90681, 19.08078 ], [ -155.90674, 19.0809 ], [ -155.90673, 19.08097 ], [ -155.90676, 19.08103 ], [ -155.90682, 19.08112 ], [ -155.90693, 19.08146 ], [ -155.90692, 19.08159 ], [ -155.9069, 19.08161 ], [ -155.90691, 19.08167 ], [ -155.9071, 19.08168 ], [ -155.90715, 19.08173 ], [ -155.9072, 19.08185 ], [ -155.90724, 19.08211 ], [ -155.90729, 19.08214 ], [ -155.90736, 19.08216 ], [ -155.90744, 19.08227 ], [ -155.90746, 19.08232 ], [ -155.90743, 19.08241 ], [ -155.90725, 19.08256 ], [ -155.90724, 19.08262 ], [ -155.90746, 19.08261 ], [ -155.90756, 19.08267 ], [ -155.90759, 19.08269 ], [ -155.90762, 19.08286 ], [ -155.90765, 19.08293 ], [ -155.90769, 19.08298 ], [ -155.90772, 19.08308 ], [ -155.90786, 19.08316 ], [ -155.90787, 19.08319 ], [ -155.90783, 19.08325 ], [ -155.90778, 19.08326 ], [ -155.90764, 19.08343 ], [ -155.90762, 19.08347 ], [ -155.9077, 19.08352 ], [ -155.90768, 19.08357 ], [ -155.90762, 19.0836 ], [ -155.90759, 19.08378 ], [ -155.90762, 19.08389 ], [ -155.90761, 19.08395 ], [ -155.90757, 19.08398 ], [ -155.90744, 19.08396 ], [ -155.90737, 19.08403 ], [ -155.90735, 19.08409 ], [ -155.9074, 19.08419 ], [ -155.90741, 19.08424 ], [ -155.90735, 19.08431 ], [ -155.90732, 19.08444 ], [ -155.90739, 19.08451 ], [ -155.90747, 19.08452 ], [ -155.90753, 19.08456 ], [ -155.90756, 19.08461 ], [ -155.90753, 19.08478 ], [ -155.90758, 19.08505 ], [ -155.90769, 19.08518 ], [ -155.90794, 19.08539 ], [ -155.90801, 19.08544 ], [ -155.90809, 19.0855 ], [ -155.90817, 19.0855 ], [ -155.90831, 19.08555 ], [ -155.90844, 19.08576 ], [ -155.90846, 19.08588 ], [ -155.90838, 19.08598 ], [ -155.90839, 19.08604 ], [ -155.90848, 19.08608 ], [ -155.90854, 19.08613 ], [ -155.90864, 19.08636 ], [ -155.90861, 19.0864 ], [ -155.9085, 19.08649 ], [ -155.90847, 19.08658 ], [ -155.90849, 19.08664 ], [ -155.90857, 19.08665 ], [ -155.90861, 19.08667 ], [ -155.90861, 19.08672 ], [ -155.9085, 19.08682 ], [ -155.90851, 19.08687 ], [ -155.90863, 19.08689 ], [ -155.90867, 19.08699 ], [ -155.90867, 19.08717 ], [ -155.90851, 19.08736 ], [ -155.90853, 19.08749 ], [ -155.90878, 19.08758 ], [ -155.90889, 19.08766 ], [ -155.90898, 19.08792 ], [ -155.90909, 19.088 ], [ -155.90922, 19.08799 ], [ -155.90924, 19.08805 ], [ -155.9092, 19.08814 ], [ -155.9092, 19.08821 ], [ -155.90919, 19.08832 ], [ -155.90923, 19.08873 ], [ -155.90938, 19.08926 ], [ -155.90941, 19.08929 ], [ -155.9094, 19.0894 ], [ -155.90938, 19.08945 ], [ -155.90942, 19.08959 ], [ -155.90935, 19.08981 ], [ -155.90938, 19.08993 ], [ -155.90943, 19.08998 ], [ -155.90947, 19.09009 ], [ -155.90947, 19.09019 ], [ -155.90954, 19.0903 ], [ -155.90954, 19.09048 ], [ -155.90956, 19.09056 ], [ -155.90963, 19.09061 ], [ -155.90978, 19.09062 ], [ -155.90996, 19.09081 ], [ -155.90994, 19.09086 ], [ -155.90992, 19.09089 ], [ -155.90972, 19.09089 ], [ -155.9097, 19.09092 ], [ -155.90969, 19.09107 ], [ -155.90974, 19.09111 ], [ -155.90983, 19.09108 ], [ -155.90987, 19.09109 ], [ -155.90994, 19.0912 ], [ -155.90993, 19.09136 ], [ -155.90975, 19.09147 ], [ -155.90968, 19.09163 ], [ -155.90973, 19.09199 ], [ -155.90976, 19.09206 ], [ -155.90985, 19.09211 ], [ -155.90985, 19.09216 ], [ -155.90981, 19.0922 ], [ -155.90981, 19.09232 ], [ -155.90983, 19.09237 ], [ -155.90988, 19.09239 ], [ -155.91, 19.0924 ], [ -155.91003, 19.09242 ], [ -155.91004, 19.09252 ], [ -155.90997, 19.0926 ], [ -155.90986, 19.09267 ], [ -155.90983, 19.09271 ], [ -155.90984, 19.09283 ], [ -155.90987, 19.09283 ], [ -155.91002, 19.09275 ], [ -155.91005, 19.0928 ], [ -155.91006, 19.09283 ], [ -155.90997, 19.093 ], [ -155.91007, 19.09313 ], [ -155.91012, 19.09315 ], [ -155.91015, 19.09324 ], [ -155.91012, 19.09333 ], [ -155.91017, 19.09337 ], [ -155.91019, 19.09349 ], [ -155.91018, 19.09356 ], [ -155.91024, 19.09371 ], [ -155.91036, 19.09378 ], [ -155.91044, 19.0938 ], [ -155.91059, 19.09422 ], [ -155.91077, 19.09441 ], [ -155.91074, 19.09449 ], [ -155.91066, 19.09457 ], [ -155.91057, 19.0946 ], [ -155.91052, 19.09467 ], [ -155.91045, 19.09513 ], [ -155.91048, 19.09524 ], [ -155.91071, 19.09537 ], [ -155.91076, 19.09543 ], [ -155.91076, 19.09562 ], [ -155.91078, 19.0957 ], [ -155.91092, 19.09586 ], [ -155.91099, 19.09603 ], [ -155.91095, 19.09636 ], [ -155.91091, 19.0965 ], [ -155.91093, 19.09664 ], [ -155.91098, 19.09666 ], [ -155.91114, 19.09667 ], [ -155.91122, 19.09675 ], [ -155.91123, 19.09694 ], [ -155.9113, 19.09703 ], [ -155.91131, 19.09722 ], [ -155.91123, 19.09735 ], [ -155.91122, 19.09747 ], [ -155.91127, 19.09762 ], [ -155.91144, 19.09798 ], [ -155.91151, 19.09804 ], [ -155.91163, 19.09808 ], [ -155.91167, 19.09816 ], [ -155.91171, 19.09838 ], [ -155.91165, 19.09843 ], [ -155.91165, 19.09851 ], [ -155.9117, 19.09854 ], [ -155.91176, 19.09861 ], [ -155.91176, 19.09866 ], [ -155.91187, 19.09869 ], [ -155.91189, 19.09876 ], [ -155.91187, 19.09884 ], [ -155.91191, 19.09888 ], [ -155.91207, 19.09895 ], [ -155.9121, 19.09899 ], [ -155.91214, 19.09927 ], [ -155.91221, 19.09927 ], [ -155.91228, 19.09926 ], [ -155.91233, 19.0993 ], [ -155.91235, 19.09935 ], [ -155.91229, 19.09951 ], [ -155.91237, 19.0996 ], [ -155.91243, 19.09963 ], [ -155.91249, 19.09979 ], [ -155.91258, 19.0999 ], [ -155.91268, 19.09988 ], [ -155.9128, 19.09991 ], [ -155.91287, 19.09994 ], [ -155.91315, 19.09997 ], [ -155.91322, 19.09999 ], [ -155.91324, 19.10006 ], [ -155.91315, 19.10014 ], [ -155.9131, 19.10019 ], [ -155.91319, 19.10034 ], [ -155.91319, 19.10042 ], [ -155.9133, 19.10053 ], [ -155.91346, 19.10114 ], [ -155.91372, 19.10172 ], [ -155.91377, 19.10176 ], [ -155.9138, 19.10182 ], [ -155.91384, 19.10207 ], [ -155.9138, 19.10237 ], [ -155.91394, 19.10265 ], [ -155.91396, 19.10275 ], [ -155.91386, 19.10301 ], [ -155.91397, 19.10318 ], [ -155.91408, 19.10328 ], [ -155.91413, 19.10332 ], [ -155.9143, 19.10338 ], [ -155.91429, 19.1035 ], [ -155.91431, 19.10356 ], [ -155.91437, 19.10358 ], [ -155.91443, 19.10364 ], [ -155.91447, 19.10372 ], [ -155.91448, 19.10391 ], [ -155.91456, 19.10401 ], [ -155.91467, 19.10408 ], [ -155.91471, 19.10431 ], [ -155.91481, 19.10437 ], [ -155.91487, 19.10435 ], [ -155.91494, 19.10436 ], [ -155.91496, 19.10439 ], [ -155.91496, 19.10457 ], [ -155.91497, 19.10464 ], [ -155.91514, 19.10481 ], [ -155.91529, 19.10509 ], [ -155.91531, 19.10519 ], [ -155.9153, 19.10529 ], [ -155.91535, 19.10537 ], [ -155.91537, 19.10555 ], [ -155.91539, 19.10567 ], [ -155.91536, 19.10589 ], [ -155.91543, 19.10604 ], [ -155.91544, 19.1062 ], [ -155.91544, 19.10632 ], [ -155.91557, 19.10655 ], [ -155.91556, 19.10665 ], [ -155.91551, 19.1067 ], [ -155.91559, 19.10694 ], [ -155.91558, 19.10711 ], [ -155.91562, 19.10733 ], [ -155.91556, 19.10748 ], [ -155.91548, 19.10755 ], [ -155.91546, 19.1076 ], [ -155.9155, 19.10775 ], [ -155.91542, 19.10805 ], [ -155.91545, 19.10813 ], [ -155.91554, 19.10819 ], [ -155.91559, 19.10828 ], [ -155.91565, 19.10833 ], [ -155.91567, 19.10838 ], [ -155.9156, 19.10849 ], [ -155.9156, 19.10857 ], [ -155.91562, 19.10861 ], [ -155.91574, 19.10865 ], [ -155.91584, 19.10884 ], [ -155.91588, 19.10888 ], [ -155.91599, 19.10892 ], [ -155.91611, 19.10901 ], [ -155.91614, 19.10907 ], [ -155.91609, 19.10918 ], [ -155.91615, 19.10929 ], [ -155.9161, 19.10935 ], [ -155.91599, 19.10966 ], [ -155.91597, 19.10984 ], [ -155.91603, 19.10991 ], [ -155.91652, 19.11037 ], [ -155.91658, 19.11044 ], [ -155.91659, 19.11052 ], [ -155.91656, 19.11066 ], [ -155.91658, 19.11072 ], [ -155.91666, 19.11079 ], [ -155.91679, 19.11082 ], [ -155.91685, 19.11087 ], [ -155.91692, 19.11101 ], [ -155.91691, 19.11107 ], [ -155.91685, 19.11113 ], [ -155.91679, 19.11117 ], [ -155.91676, 19.11123 ], [ -155.91677, 19.11127 ], [ -155.91685, 19.11132 ], [ -155.91683, 19.11137 ], [ -155.91671, 19.11143 ], [ -155.9167, 19.1115 ], [ -155.9168, 19.11155 ], [ -155.91683, 19.11159 ], [ -155.91682, 19.11176 ], [ -155.9168, 19.11178 ], [ -155.91684, 19.11204 ], [ -155.91673, 19.11225 ], [ -155.91673, 19.11229 ], [ -155.9167, 19.11233 ], [ -155.91671, 19.11249 ], [ -155.91692, 19.11253 ], [ -155.91695, 19.11256 ], [ -155.91696, 19.11263 ], [ -155.91694, 19.11277 ], [ -155.91703, 19.11284 ], [ -155.91705, 19.113 ], [ -155.91701, 19.11311 ], [ -155.91707, 19.11329 ], [ -155.91714, 19.11336 ], [ -155.91719, 19.11345 ], [ -155.91724, 19.11369 ], [ -155.91735, 19.11373 ], [ -155.91747, 19.11375 ], [ -155.91759, 19.11408 ], [ -155.91764, 19.11412 ], [ -155.91779, 19.11416 ], [ -155.91812, 19.1144 ], [ -155.91823, 19.11452 ], [ -155.91825, 19.11468 ], [ -155.91821, 19.11479 ], [ -155.91826, 19.11493 ], [ -155.91811, 19.11546 ], [ -155.91792, 19.1157 ], [ -155.91791, 19.11576 ], [ -155.91794, 19.11595 ], [ -155.91818, 19.11607 ], [ -155.91823, 19.11612 ], [ -155.91824, 19.11625 ], [ -155.91817, 19.1164 ], [ -155.91814, 19.11643 ], [ -155.91812, 19.11649 ], [ -155.91815, 19.11668 ], [ -155.91818, 19.11671 ], [ -155.91823, 19.11673 ], [ -155.91834, 19.11689 ], [ -155.91829, 19.11704 ], [ -155.91827, 19.11742 ], [ -155.91846, 19.11776 ], [ -155.9186, 19.11821 ], [ -155.91857, 19.11862 ], [ -155.91864, 19.11875 ], [ -155.91869, 19.11902 ], [ -155.91867, 19.11909 ], [ -155.91855, 19.11916 ], [ -155.91853, 19.11928 ], [ -155.91853, 19.11934 ], [ -155.91836, 19.1196 ], [ -155.91833, 19.11981 ], [ -155.91823, 19.11987 ], [ -155.9181, 19.11989 ], [ -155.91807, 19.11995 ], [ -155.91809, 19.12003 ], [ -155.91804, 19.1201 ], [ -155.91793, 19.12013 ], [ -155.91791, 19.12019 ], [ -155.91792, 19.12065 ], [ -155.91791, 19.1207 ], [ -155.91803, 19.12092 ], [ -155.91801, 19.121 ], [ -155.91796, 19.1211 ], [ -155.91797, 19.12113 ], [ -155.91807, 19.12127 ], [ -155.91806, 19.12132 ], [ -155.91801, 19.12139 ], [ -155.91797, 19.12159 ], [ -155.91796, 19.12185 ], [ -155.91796, 19.12199 ], [ -155.91798, 19.12211 ], [ -155.91799, 19.12216 ], [ -155.91805, 19.12225 ], [ -155.91794, 19.12236 ], [ -155.91792, 19.1224 ], [ -155.91795, 19.12249 ], [ -155.918, 19.12253 ], [ -155.9181, 19.12279 ], [ -155.91812, 19.12295 ], [ -155.9181, 19.12311 ], [ -155.91817, 19.12338 ], [ -155.91814, 19.12364 ], [ -155.9181, 19.12377 ], [ -155.91806, 19.12379 ], [ -155.91807, 19.12394 ], [ -155.91805, 19.12406 ], [ -155.91806, 19.12413 ], [ -155.91806, 19.12422 ], [ -155.91802, 19.12425 ], [ -155.91806, 19.12443 ], [ -155.91801, 19.12452 ], [ -155.91799, 19.12461 ], [ -155.91787, 19.12468 ], [ -155.91783, 19.1248 ], [ -155.91772, 19.12488 ], [ -155.91761, 19.12503 ], [ -155.91759, 19.1251 ], [ -155.91761, 19.12513 ], [ -155.91759, 19.12517 ], [ -155.91757, 19.12517 ], [ -155.9176, 19.1254 ], [ -155.91754, 19.12544 ], [ -155.91749, 19.12553 ], [ -155.91747, 19.12573 ], [ -155.91751, 19.12583 ], [ -155.91751, 19.1259 ], [ -155.91748, 19.12593 ], [ -155.91747, 19.12599 ], [ -155.91748, 19.12612 ], [ -155.91737, 19.12622 ], [ -155.91736, 19.12625 ], [ -155.91739, 19.12629 ], [ -155.91739, 19.12636 ], [ -155.91733, 19.12647 ], [ -155.91732, 19.12657 ], [ -155.91711, 19.12671 ], [ -155.91704, 19.12684 ], [ -155.91695, 19.12693 ], [ -155.91685, 19.12699 ], [ -155.91699, 19.12712 ], [ -155.91705, 19.12716 ], [ -155.91709, 19.12724 ], [ -155.91708, 19.12731 ], [ -155.91693, 19.12751 ], [ -155.91691, 19.1276 ], [ -155.91684, 19.12764 ], [ -155.91679, 19.12762 ], [ -155.91661, 19.12766 ], [ -155.91658, 19.12775 ], [ -155.91652, 19.12782 ], [ -155.91652, 19.12793 ], [ -155.91647, 19.12799 ], [ -155.91648, 19.12808 ], [ -155.91655, 19.12812 ], [ -155.91665, 19.12812 ], [ -155.9169, 19.12826 ], [ -155.91695, 19.1283 ], [ -155.91701, 19.12831 ], [ -155.91712, 19.12827 ], [ -155.91719, 19.12827 ], [ -155.91721, 19.12832 ], [ -155.91717, 19.1284 ], [ -155.91706, 19.12847 ], [ -155.91711, 19.12856 ], [ -155.91713, 19.12863 ], [ -155.9171, 19.12873 ], [ -155.91706, 19.12879 ], [ -155.91685, 19.12885 ], [ -155.91676, 19.12883 ], [ -155.9167, 19.12883 ], [ -155.91666, 19.12888 ], [ -155.91665, 19.12897 ], [ -155.91662, 19.12903 ], [ -155.91652, 19.12911 ], [ -155.91652, 19.12915 ], [ -155.91649, 19.12919 ], [ -155.9164, 19.12917 ], [ -155.9163, 19.12908 ], [ -155.91625, 19.12907 ], [ -155.91616, 19.12916 ], [ -155.91608, 19.12915 ], [ -155.91605, 19.12912 ], [ -155.916, 19.12899 ], [ -155.91595, 19.129 ], [ -155.91595, 19.12905 ], [ -155.9159, 19.12914 ], [ -155.91586, 19.12914 ], [ -155.91586, 19.12909 ], [ -155.91582, 19.12899 ], [ -155.91561, 19.12899 ], [ -155.91541, 19.12911 ], [ -155.91524, 19.12913 ], [ -155.91514, 19.12923 ], [ -155.91512, 19.12931 ], [ -155.91513, 19.12957 ], [ -155.9151, 19.12969 ], [ -155.91504, 19.12979 ], [ -155.91509, 19.12985 ], [ -155.91519, 19.12987 ], [ -155.91524, 19.12991 ], [ -155.91538, 19.13018 ], [ -155.91546, 19.13025 ], [ -155.91559, 19.1303 ], [ -155.91565, 19.13035 ], [ -155.91572, 19.13048 ], [ -155.91577, 19.13067 ], [ -155.91588, 19.13074 ], [ -155.91609, 19.13082 ], [ -155.91627, 19.13096 ], [ -155.91634, 19.131 ], [ -155.91648, 19.13102 ], [ -155.91671, 19.13099 ], [ -155.91687, 19.13105 ], [ -155.91699, 19.1311 ], [ -155.91703, 19.13121 ], [ -155.91701, 19.13128 ], [ -155.91693, 19.13141 ], [ -155.91692, 19.13148 ], [ -155.91697, 19.13153 ], [ -155.91713, 19.13156 ], [ -155.91722, 19.13156 ], [ -155.91732, 19.1316 ], [ -155.91743, 19.13174 ], [ -155.91755, 19.1318 ], [ -155.91755, 19.13186 ], [ -155.9175, 19.13193 ], [ -155.91747, 19.13202 ], [ -155.91762, 19.13222 ], [ -155.91761, 19.1323 ], [ -155.91756, 19.13236 ], [ -155.91745, 19.13234 ], [ -155.91737, 19.13239 ], [ -155.9174, 19.13255 ], [ -155.91758, 19.13275 ], [ -155.91762, 19.13283 ], [ -155.91775, 19.13296 ], [ -155.91776, 19.13309 ], [ -155.91769, 19.13315 ], [ -155.91777, 19.13327 ], [ -155.91793, 19.13334 ], [ -155.91804, 19.1335 ], [ -155.91807, 19.13357 ], [ -155.91816, 19.13362 ], [ -155.91821, 19.13363 ], [ -155.91826, 19.1337 ], [ -155.91826, 19.13374 ], [ -155.91826, 19.13383 ], [ -155.91818, 19.13395 ], [ -155.91817, 19.13403 ], [ -155.91824, 19.1342 ], [ -155.91819, 19.13425 ], [ -155.91817, 19.13442 ], [ -155.91818, 19.13452 ], [ -155.91816, 19.13457 ], [ -155.91812, 19.13461 ], [ -155.91809, 19.13486 ], [ -155.91806, 19.13491 ], [ -155.91794, 19.13491 ], [ -155.91783, 19.1349 ], [ -155.91772, 19.13501 ], [ -155.91762, 19.13499 ], [ -155.91755, 19.13506 ], [ -155.91745, 19.13507 ], [ -155.91737, 19.13504 ], [ -155.91728, 19.1351 ], [ -155.91722, 19.13525 ], [ -155.91712, 19.13531 ], [ -155.91685, 19.13534 ], [ -155.91681, 19.13536 ], [ -155.91673, 19.13537 ], [ -155.91655, 19.13526 ], [ -155.91647, 19.13525 ], [ -155.9163, 19.1351 ], [ -155.91623, 19.13493 ], [ -155.91615, 19.13486 ], [ -155.91609, 19.13485 ], [ -155.91597, 19.13495 ], [ -155.91594, 19.135 ], [ -155.91594, 19.13507 ], [ -155.91586, 19.13517 ], [ -155.91597, 19.13556 ], [ -155.91609, 19.13564 ], [ -155.91607, 19.13572 ], [ -155.91597, 19.13584 ], [ -155.91585, 19.13594 ], [ -155.91549, 19.13646 ], [ -155.91539, 19.13667 ], [ -155.91524, 19.13681 ], [ -155.9152, 19.13687 ], [ -155.91507, 19.1369 ], [ -155.91492, 19.13702 ], [ -155.91484, 19.13702 ], [ -155.91468, 19.137 ], [ -155.91446, 19.13704 ], [ -155.91433, 19.13697 ], [ -155.91424, 19.137 ], [ -155.91421, 19.13704 ], [ -155.91413, 19.13702 ], [ -155.91407, 19.13704 ], [ -155.91402, 19.13712 ], [ -155.91404, 19.13719 ], [ -155.91424, 19.13736 ], [ -155.91422, 19.13741 ], [ -155.91425, 19.13743 ], [ -155.91428, 19.1374 ], [ -155.91437, 19.13739 ], [ -155.91436, 19.13749 ], [ -155.91433, 19.13755 ], [ -155.91428, 19.13757 ], [ -155.91425, 19.13761 ], [ -155.91437, 19.13797 ], [ -155.91443, 19.13805 ], [ -155.91469, 19.13811 ], [ -155.91479, 19.13836 ], [ -155.91475, 19.13847 ], [ -155.91463, 19.13861 ], [ -155.9146, 19.13868 ], [ -155.91462, 19.13885 ], [ -155.9147, 19.13892 ], [ -155.91479, 19.13896 ], [ -155.91478, 19.13902 ], [ -155.91484, 19.13917 ], [ -155.91489, 19.13927 ], [ -155.91487, 19.13933 ], [ -155.91472, 19.13933 ], [ -155.9147, 19.13938 ], [ -155.91474, 19.13948 ], [ -155.91466, 19.13959 ], [ -155.91454, 19.13963 ], [ -155.91447, 19.13964 ], [ -155.91437, 19.13968 ], [ -155.91424, 19.13969 ], [ -155.91433, 19.13978 ], [ -155.91436, 19.13985 ], [ -155.9143, 19.13992 ], [ -155.91422, 19.13994 ], [ -155.914, 19.13994 ], [ -155.91392, 19.13994 ], [ -155.91377, 19.14005 ], [ -155.91373, 19.14013 ], [ -155.91374, 19.14021 ], [ -155.91379, 19.1403 ], [ -155.91403, 19.14033 ], [ -155.91402, 19.14039 ], [ -155.9139, 19.14051 ], [ -155.91381, 19.14054 ], [ -155.91374, 19.14048 ], [ -155.91371, 19.14041 ], [ -155.91364, 19.14044 ], [ -155.91361, 19.14059 ], [ -155.91331, 19.14087 ], [ -155.91322, 19.14087 ], [ -155.91311, 19.14084 ], [ -155.91305, 19.14085 ], [ -155.91293, 19.14091 ], [ -155.91278, 19.14094 ], [ -155.91268, 19.14092 ], [ -155.91256, 19.14095 ], [ -155.91248, 19.14094 ], [ -155.91245, 19.14092 ], [ -155.91237, 19.141 ], [ -155.91224, 19.14106 ], [ -155.91223, 19.14109 ], [ -155.91225, 19.14116 ], [ -155.91223, 19.14123 ], [ -155.91205, 19.14126 ], [ -155.91198, 19.14134 ], [ -155.91192, 19.14137 ], [ -155.91187, 19.14148 ], [ -155.9119, 19.14157 ], [ -155.91199, 19.14162 ], [ -155.91199, 19.14169 ], [ -155.91179, 19.14173 ], [ -155.91152, 19.14189 ], [ -155.91142, 19.14197 ], [ -155.91132, 19.142 ], [ -155.9113, 19.14205 ], [ -155.91135, 19.14213 ], [ -155.91133, 19.14218 ], [ -155.91118, 19.14224 ], [ -155.91107, 19.14226 ], [ -155.9109, 19.14222 ], [ -155.91083, 19.14242 ], [ -155.91078, 19.1425 ], [ -155.91078, 19.14258 ], [ -155.91082, 19.14269 ], [ -155.91088, 19.14272 ], [ -155.91101, 19.14272 ], [ -155.91117, 19.14275 ], [ -155.91121, 19.14287 ], [ -155.91131, 19.14295 ], [ -155.91132, 19.14301 ], [ -155.91129, 19.14308 ], [ -155.91129, 19.14317 ], [ -155.91135, 19.14325 ], [ -155.91133, 19.14339 ], [ -155.91128, 19.14344 ], [ -155.91119, 19.14348 ], [ -155.91112, 19.14355 ], [ -155.91107, 19.14371 ], [ -155.91098, 19.14373 ], [ -155.91077, 19.14369 ], [ -155.91074, 19.1437 ], [ -155.91086, 19.14381 ], [ -155.91089, 19.14387 ], [ -155.91088, 19.14397 ], [ -155.91084, 19.14404 ], [ -155.91078, 19.14409 ], [ -155.91062, 19.14418 ], [ -155.9106, 19.14428 ], [ -155.91057, 19.14431 ], [ -155.91047, 19.14428 ], [ -155.91038, 19.14441 ], [ -155.91031, 19.14446 ], [ -155.91044, 19.14467 ], [ -155.91046, 19.14474 ], [ -155.91049, 19.14481 ], [ -155.91053, 19.14484 ], [ -155.91073, 19.14478 ], [ -155.91076, 19.14476 ], [ -155.91085, 19.14474 ], [ -155.91089, 19.14465 ], [ -155.91095, 19.1446 ], [ -155.911, 19.14458 ], [ -155.91107, 19.14473 ], [ -155.91109, 19.1449 ], [ -155.91114, 19.14493 ], [ -155.91126, 19.14493 ], [ -155.91143, 19.14521 ], [ -155.91136, 19.14529 ], [ -155.91134, 19.14534 ], [ -155.9114, 19.14545 ], [ -155.91139, 19.14549 ], [ -155.91132, 19.14553 ], [ -155.91129, 19.14557 ], [ -155.91136, 19.14562 ], [ -155.91152, 19.14564 ], [ -155.91157, 19.14567 ], [ -155.91157, 19.14575 ], [ -155.9115, 19.1458 ], [ -155.91147, 19.14588 ], [ -155.91129, 19.14591 ], [ -155.91115, 19.146 ], [ -155.91117, 19.14605 ], [ -155.9114, 19.14612 ], [ -155.91149, 19.14616 ], [ -155.91152, 19.14625 ], [ -155.91141, 19.14665 ], [ -155.91132, 19.14664 ], [ -155.91124, 19.14661 ], [ -155.91112, 19.14661 ], [ -155.91112, 19.14664 ], [ -155.91128, 19.14675 ], [ -155.91122, 19.14684 ], [ -155.91103, 19.14681 ], [ -155.91098, 19.14684 ], [ -155.91098, 19.14689 ], [ -155.91103, 19.14695 ], [ -155.91108, 19.14715 ], [ -155.91084, 19.1473 ], [ -155.91082, 19.14735 ], [ -155.9109, 19.14748 ], [ -155.91078, 19.14748 ], [ -155.91071, 19.14755 ], [ -155.9107, 19.14761 ], [ -155.91073, 19.14771 ], [ -155.91084, 19.14771 ], [ -155.91092, 19.14776 ], [ -155.91091, 19.14784 ], [ -155.91085, 19.14785 ], [ -155.9107, 19.14782 ], [ -155.91058, 19.14782 ], [ -155.91053, 19.14788 ], [ -155.91047, 19.14793 ], [ -155.91042, 19.14808 ], [ -155.91044, 19.14814 ], [ -155.91049, 19.1482 ], [ -155.91051, 19.14825 ], [ -155.91048, 19.14828 ], [ -155.91031, 19.14828 ], [ -155.91025, 19.1485 ], [ -155.91031, 19.14885 ], [ -155.91024, 19.14896 ], [ -155.91018, 19.14898 ], [ -155.91013, 19.14891 ], [ -155.91011, 19.14884 ], [ -155.91008, 19.1488 ], [ -155.91001, 19.14897 ], [ -155.91001, 19.149 ], [ -155.91004, 19.14905 ], [ -155.91011, 19.14907 ], [ -155.91023, 19.14909 ], [ -155.91023, 19.14917 ], [ -155.91012, 19.1495 ], [ -155.90997, 19.1496 ], [ -155.90996, 19.14965 ], [ -155.91, 19.14966 ], [ -155.91005, 19.14965 ], [ -155.91009, 19.14966 ], [ -155.9101, 19.1498 ], [ -155.91019, 19.14986 ], [ -155.91008, 19.14993 ], [ -155.9101, 19.14999 ], [ -155.91017, 19.15003 ], [ -155.91013, 19.15007 ], [ -155.90991, 19.15016 ], [ -155.90986, 19.15023 ], [ -155.90984, 19.15032 ], [ -155.90987, 19.15042 ], [ -155.9099, 19.15046 ], [ -155.90998, 19.15046 ], [ -155.91001, 19.15052 ], [ -155.91005, 19.15052 ], [ -155.91014, 19.15059 ], [ -155.91015, 19.1507 ], [ -155.91013, 19.15075 ], [ -155.91007, 19.15075 ], [ -155.90996, 19.15071 ], [ -155.90986, 19.1507 ], [ -155.90987, 19.15086 ], [ -155.91004, 19.15123 ], [ -155.91017, 19.1514 ], [ -155.91026, 19.1515 ], [ -155.91052, 19.15166 ], [ -155.9108, 19.15179 ], [ -155.911, 19.15182 ], [ -155.91106, 19.15179 ], [ -155.91106, 19.15175 ], [ -155.91091, 19.15172 ], [ -155.91089, 19.15168 ], [ -155.911, 19.15166 ], [ -155.91177, 19.15172 ], [ -155.9118, 19.15174 ], [ -155.91181, 19.15179 ], [ -155.91179, 19.15184 ], [ -155.9118, 19.15188 ], [ -155.91187, 19.15183 ], [ -155.91193, 19.15183 ], [ -155.91197, 19.15189 ], [ -155.912, 19.15185 ], [ -155.91208, 19.15159 ], [ -155.91211, 19.15156 ], [ -155.91227, 19.15171 ], [ -155.91235, 19.15189 ], [ -155.91239, 19.15194 ], [ -155.91247, 19.15192 ], [ -155.91264, 19.15179 ], [ -155.91268, 19.15179 ], [ -155.91273, 19.15183 ], [ -155.91266, 19.15188 ], [ -155.91266, 19.15192 ], [ -155.91272, 19.15202 ], [ -155.91268, 19.15213 ], [ -155.91273, 19.15214 ], [ -155.91301, 19.15202 ], [ -155.91308, 19.15196 ], [ -155.91311, 19.15199 ], [ -155.9131, 19.15206 ], [ -155.91313, 19.15211 ], [ -155.9131, 19.15215 ], [ -155.91314, 19.15216 ], [ -155.91326, 19.15212 ], [ -155.91328, 19.15213 ], [ -155.91329, 19.15217 ], [ -155.91322, 19.15225 ], [ -155.91323, 19.15229 ], [ -155.9133, 19.1523 ], [ -155.91336, 19.15227 ], [ -155.91343, 19.15227 ], [ -155.91344, 19.1523 ], [ -155.91335, 19.15238 ], [ -155.91335, 19.15241 ], [ -155.91359, 19.15236 ], [ -155.91363, 19.15238 ], [ -155.91363, 19.15242 ], [ -155.91375, 19.15243 ], [ -155.91385, 19.15246 ], [ -155.91392, 19.15252 ], [ -155.91393, 19.1526 ], [ -155.91397, 19.1527 ], [ -155.91405, 19.15272 ], [ -155.91413, 19.15269 ], [ -155.9141, 19.15257 ], [ -155.91413, 19.15251 ], [ -155.91426, 19.15256 ], [ -155.91435, 19.15257 ], [ -155.91439, 19.15253 ], [ -155.91463, 19.15251 ], [ -155.91466, 19.15249 ], [ -155.91469, 19.1524 ], [ -155.91477, 19.15236 ], [ -155.91478, 19.15248 ], [ -155.91475, 19.15253 ], [ -155.91455, 19.1527 ], [ -155.91452, 19.15275 ], [ -155.91455, 19.15287 ], [ -155.91469, 19.15289 ], [ -155.91467, 19.1531 ], [ -155.91473, 19.15313 ], [ -155.91482, 19.15313 ], [ -155.91492, 19.15319 ], [ -155.91504, 19.15317 ], [ -155.91514, 19.15319 ], [ -155.91522, 19.15325 ], [ -155.91516, 19.15329 ], [ -155.91506, 19.15332 ], [ -155.91492, 19.15341 ], [ -155.91491, 19.15344 ], [ -155.91492, 19.15346 ], [ -155.91506, 19.15345 ], [ -155.91509, 19.15347 ], [ -155.91508, 19.1535 ], [ -155.91502, 19.15354 ], [ -155.91498, 19.15363 ], [ -155.91501, 19.15365 ], [ -155.91516, 19.15352 ], [ -155.91522, 19.1535 ], [ -155.91533, 19.15353 ], [ -155.9153, 19.15354 ], [ -155.91526, 19.15366 ], [ -155.91525, 19.15373 ], [ -155.9154, 19.15368 ], [ -155.91544, 19.15369 ], [ -155.91547, 19.15377 ], [ -155.91557, 19.15377 ], [ -155.91568, 19.15387 ], [ -155.91577, 19.15395 ], [ -155.91574, 19.15404 ], [ -155.9158, 19.15411 ], [ -155.91601, 19.15414 ], [ -155.91598, 19.15423 ], [ -155.91575, 19.15435 ], [ -155.91573, 19.15437 ], [ -155.9158, 19.15441 ], [ -155.91584, 19.15447 ], [ -155.91591, 19.15444 ], [ -155.91595, 19.15437 ], [ -155.91613, 19.15426 ], [ -155.91619, 19.1542 ], [ -155.91624, 19.15426 ], [ -155.91615, 19.15438 ], [ -155.91613, 19.15447 ], [ -155.91617, 19.15453 ], [ -155.91636, 19.15454 ], [ -155.91643, 19.15456 ], [ -155.91642, 19.15459 ], [ -155.91635, 19.15465 ], [ -155.91624, 19.15463 ], [ -155.91623, 19.15468 ], [ -155.91626, 19.15472 ], [ -155.91638, 19.15474 ], [ -155.91639, 19.15478 ], [ -155.91635, 19.15482 ], [ -155.91616, 19.15481 ], [ -155.91598, 19.15472 ], [ -155.9159, 19.1547 ], [ -155.91585, 19.15477 ], [ -155.91588, 19.15483 ], [ -155.91596, 19.15487 ], [ -155.91603, 19.15484 ], [ -155.91612, 19.15487 ], [ -155.91613, 19.15492 ], [ -155.91586, 19.15509 ], [ -155.91577, 19.15511 ], [ -155.91567, 19.15508 ], [ -155.91551, 19.15511 ], [ -155.91548, 19.15517 ], [ -155.91552, 19.15522 ], [ -155.91559, 19.15521 ], [ -155.91566, 19.15525 ], [ -155.91601, 19.15523 ], [ -155.91607, 19.15528 ], [ -155.91599, 19.15534 ], [ -155.9159, 19.15536 ], [ -155.91584, 19.15546 ], [ -155.91588, 19.15554 ], [ -155.91588, 19.15562 ], [ -155.91576, 19.15586 ], [ -155.91576, 19.15601 ], [ -155.91579, 19.15608 ], [ -155.91586, 19.15617 ], [ -155.91594, 19.15619 ], [ -155.91597, 19.15627 ], [ -155.91588, 19.15644 ], [ -155.91583, 19.15649 ], [ -155.9157, 19.15642 ], [ -155.9156, 19.15644 ], [ -155.91549, 19.15657 ], [ -155.91543, 19.15671 ], [ -155.91561, 19.15679 ], [ -155.91559, 19.1569 ], [ -155.91556, 19.15694 ], [ -155.91548, 19.15696 ], [ -155.91542, 19.15702 ], [ -155.91532, 19.15702 ], [ -155.91525, 19.15706 ], [ -155.91524, 19.15724 ], [ -155.91522, 19.15729 ], [ -155.91514, 19.1574 ], [ -155.91517, 19.15749 ], [ -155.91521, 19.15753 ], [ -155.91539, 19.15752 ], [ -155.91544, 19.15756 ], [ -155.91547, 19.15766 ], [ -155.91559, 19.15775 ], [ -155.91557, 19.15783 ], [ -155.91544, 19.15784 ], [ -155.9154, 19.15788 ], [ -155.9155, 19.15802 ], [ -155.9155, 19.15832 ], [ -155.91551, 19.15837 ], [ -155.91556, 19.15841 ], [ -155.91561, 19.15843 ], [ -155.91568, 19.15851 ], [ -155.91575, 19.15854 ], [ -155.91577, 19.15857 ], [ -155.91559, 19.15856 ], [ -155.91532, 19.1585 ], [ -155.91527, 19.15853 ], [ -155.91529, 19.15866 ], [ -155.91534, 19.1587 ], [ -155.91542, 19.15871 ], [ -155.91542, 19.15879 ], [ -155.9154, 19.15882 ], [ -155.91539, 19.1589 ], [ -155.91533, 19.15888 ], [ -155.91524, 19.15877 ], [ -155.91521, 19.15876 ], [ -155.91517, 19.15878 ], [ -155.91515, 19.15884 ], [ -155.91528, 19.15911 ], [ -155.91524, 19.15914 ], [ -155.91511, 19.15911 ], [ -155.91496, 19.15917 ], [ -155.91495, 19.15921 ], [ -155.91487, 19.15922 ], [ -155.91477, 19.15934 ], [ -155.91455, 19.15932 ], [ -155.91452, 19.15933 ], [ -155.91455, 19.15943 ], [ -155.91456, 19.15949 ], [ -155.91452, 19.15955 ], [ -155.91446, 19.15955 ], [ -155.91441, 19.15959 ], [ -155.91444, 19.15975 ], [ -155.91441, 19.15979 ], [ -155.91437, 19.15978 ], [ -155.91425, 19.15965 ], [ -155.91418, 19.15966 ], [ -155.91417, 19.15971 ], [ -155.91422, 19.15999 ], [ -155.91417, 19.16006 ], [ -155.91403, 19.16007 ], [ -155.91398, 19.1601 ], [ -155.91394, 19.16028 ], [ -155.91391, 19.16036 ], [ -155.91386, 19.1604 ], [ -155.91377, 19.16058 ], [ -155.91374, 19.16068 ], [ -155.91378, 19.16093 ], [ -155.91365, 19.16105 ], [ -155.91348, 19.16109 ], [ -155.91343, 19.16113 ], [ -155.91341, 19.16126 ], [ -155.91332, 19.16137 ], [ -155.91328, 19.16138 ], [ -155.91325, 19.16136 ], [ -155.91321, 19.16137 ], [ -155.91316, 19.16143 ], [ -155.91313, 19.16157 ], [ -155.91308, 19.1616 ], [ -155.91306, 19.16174 ], [ -155.91307, 19.16179 ], [ -155.91313, 19.16178 ], [ -155.91315, 19.16197 ], [ -155.91312, 19.16202 ], [ -155.91294, 19.16208 ], [ -155.91299, 19.16223 ], [ -155.91288, 19.16229 ], [ -155.91283, 19.16235 ], [ -155.91287, 19.16242 ], [ -155.91288, 19.16252 ], [ -155.91278, 19.16259 ], [ -155.91278, 19.16275 ], [ -155.91278, 19.16289 ], [ -155.91269, 19.1629 ], [ -155.91268, 19.16296 ], [ -155.9127, 19.16302 ], [ -155.91265, 19.1631 ], [ -155.91261, 19.16328 ], [ -155.91264, 19.16341 ], [ -155.91252, 19.16352 ], [ -155.91255, 19.16358 ], [ -155.91264, 19.16365 ], [ -155.91261, 19.16379 ], [ -155.91265, 19.16404 ], [ -155.91236, 19.16411 ], [ -155.91234, 19.16418 ], [ -155.91235, 19.16429 ], [ -155.91241, 19.16446 ], [ -155.91258, 19.16458 ], [ -155.91259, 19.16462 ], [ -155.91251, 19.16469 ], [ -155.91245, 19.1648 ], [ -155.9124, 19.16498 ], [ -155.91233, 19.16502 ], [ -155.91219, 19.1652 ], [ -155.91202, 19.16547 ], [ -155.91203, 19.16565 ], [ -155.912, 19.16572 ], [ -155.91183, 19.16577 ], [ -155.91177, 19.16582 ], [ -155.91171, 19.16601 ], [ -155.91174, 19.16609 ], [ -155.91179, 19.16612 ], [ -155.91178, 19.16618 ], [ -155.91168, 19.16628 ], [ -155.91167, 19.1664 ], [ -155.91149, 19.16648 ], [ -155.91134, 19.16651 ], [ -155.91131, 19.16654 ], [ -155.91126, 19.16673 ], [ -155.91119, 19.16673 ], [ -155.91113, 19.16669 ], [ -155.91101, 19.16699 ], [ -155.91091, 19.16702 ], [ -155.91072, 19.16717 ], [ -155.91064, 19.16729 ], [ -155.91039, 19.16739 ], [ -155.91026, 19.16742 ], [ -155.91016, 19.16748 ], [ -155.91, 19.16745 ], [ -155.90993, 19.16749 ], [ -155.90991, 19.16754 ], [ -155.90995, 19.1677 ], [ -155.90997, 19.1679 ], [ -155.91008, 19.16797 ], [ -155.91007, 19.16807 ], [ -155.91004, 19.16813 ], [ -155.90998, 19.16815 ], [ -155.90985, 19.16813 ], [ -155.90972, 19.16805 ], [ -155.90965, 19.16797 ], [ -155.90961, 19.16786 ], [ -155.90955, 19.1678 ], [ -155.9095, 19.1678 ], [ -155.90946, 19.16784 ], [ -155.90928, 19.16786 ], [ -155.90918, 19.16795 ], [ -155.90915, 19.168 ], [ -155.90903, 19.16808 ], [ -155.90897, 19.16809 ], [ -155.90889, 19.16805 ], [ -155.9088, 19.16805 ], [ -155.9087, 19.16808 ], [ -155.90866, 19.16813 ], [ -155.90864, 19.16821 ], [ -155.90857, 19.16827 ], [ -155.90853, 19.16834 ], [ -155.90853, 19.16843 ], [ -155.90858, 19.16858 ], [ -155.90853, 19.16863 ], [ -155.90845, 19.16867 ], [ -155.90843, 19.16879 ], [ -155.90841, 19.16884 ], [ -155.90832, 19.16886 ], [ -155.90815, 19.16879 ], [ -155.90804, 19.16872 ], [ -155.90793, 19.16845 ], [ -155.90789, 19.16836 ], [ -155.90783, 19.16835 ], [ -155.90772, 19.16845 ], [ -155.90767, 19.16842 ], [ -155.90761, 19.16846 ], [ -155.90758, 19.16859 ], [ -155.90755, 19.16862 ], [ -155.9074, 19.16862 ], [ -155.90738, 19.16854 ], [ -155.90731, 19.16845 ], [ -155.90718, 19.16842 ], [ -155.90709, 19.16843 ], [ -155.90702, 19.16852 ], [ -155.90699, 19.16883 ], [ -155.90699, 19.16892 ], [ -155.90695, 19.16915 ], [ -155.90695, 19.16926 ], [ -155.90698, 19.16934 ], [ -155.90707, 19.16936 ], [ -155.90715, 19.16941 ], [ -155.90716, 19.16953 ], [ -155.9071, 19.16953 ], [ -155.90698, 19.1697 ], [ -155.90695, 19.16979 ], [ -155.90689, 19.16985 ], [ -155.90689, 19.1699 ], [ -155.90694, 19.17 ], [ -155.90694, 19.17009 ], [ -155.9069, 19.1702 ], [ -155.90685, 19.17021 ], [ -155.90682, 19.17025 ], [ -155.90687, 19.17037 ], [ -155.9068, 19.17049 ], [ -155.90686, 19.1707 ], [ -155.90685, 19.17081 ], [ -155.90682, 19.17095 ], [ -155.90676, 19.17106 ], [ -155.90676, 19.17117 ], [ -155.90681, 19.17122 ], [ -155.90684, 19.17128 ], [ -155.90674, 19.17146 ], [ -155.90672, 19.17159 ], [ -155.90674, 19.17171 ], [ -155.9068, 19.17178 ], [ -155.90695, 19.17191 ], [ -155.90703, 19.17205 ], [ -155.90705, 19.17213 ], [ -155.90717, 19.1724 ], [ -155.90725, 19.17249 ], [ -155.90746, 19.17264 ], [ -155.90772, 19.17273 ], [ -155.90808, 19.17258 ], [ -155.90823, 19.17258 ], [ -155.9083, 19.17255 ], [ -155.90837, 19.17248 ], [ -155.90844, 19.17234 ], [ -155.90852, 19.17234 ], [ -155.90862, 19.17239 ], [ -155.90878, 19.17257 ], [ -155.90885, 19.17261 ], [ -155.90894, 19.17262 ], [ -155.90903, 19.17256 ], [ -155.90914, 19.17244 ], [ -155.90918, 19.17243 ], [ -155.90921, 19.17253 ], [ -155.90916, 19.17275 ], [ -155.90926, 19.17295 ], [ -155.9093, 19.17313 ], [ -155.90941, 19.17327 ], [ -155.90939, 19.17355 ], [ -155.90941, 19.17384 ], [ -155.9094, 19.17396 ], [ -155.90934, 19.17406 ], [ -155.90926, 19.1741 ], [ -155.90898, 19.17407 ], [ -155.90885, 19.17403 ], [ -155.90861, 19.17403 ], [ -155.90847, 19.17409 ], [ -155.90837, 19.17415 ], [ -155.90831, 19.17423 ], [ -155.9082, 19.17431 ], [ -155.90789, 19.17443 ], [ -155.90786, 19.17447 ], [ -155.9079, 19.17453 ], [ -155.90797, 19.17454 ], [ -155.90808, 19.17453 ], [ -155.90816, 19.1747 ], [ -155.90812, 19.17472 ], [ -155.90807, 19.1748 ], [ -155.90804, 19.1749 ], [ -155.90804, 19.17506 ], [ -155.90817, 19.1751 ], [ -155.90818, 19.17513 ], [ -155.90812, 19.17516 ], [ -155.90807, 19.17525 ], [ -155.90806, 19.17526 ], [ -155.90797, 19.17526 ], [ -155.90795, 19.17531 ], [ -155.90808, 19.17541 ], [ -155.90812, 19.1755 ], [ -155.9081, 19.17592 ], [ -155.90802, 19.17595 ], [ -155.90794, 19.17597 ], [ -155.9079, 19.17604 ], [ -155.90793, 19.17614 ], [ -155.90799, 19.17621 ], [ -155.908, 19.17628 ], [ -155.90797, 19.17637 ], [ -155.90804, 19.17641 ], [ -155.90815, 19.17643 ], [ -155.90817, 19.17655 ], [ -155.90817, 19.17666 ], [ -155.90821, 19.17672 ], [ -155.90837, 19.17674 ], [ -155.90844, 19.17678 ], [ -155.90841, 19.17684 ], [ -155.90843, 19.17692 ], [ -155.90846, 19.17697 ], [ -155.90849, 19.1771 ], [ -155.90847, 19.17721 ], [ -155.90836, 19.17725 ], [ -155.90834, 19.1773 ], [ -155.9085, 19.17757 ], [ -155.90854, 19.1777 ], [ -155.90853, 19.17777 ], [ -155.90848, 19.17787 ], [ -155.90822, 19.17801 ], [ -155.90815, 19.17808 ], [ -155.90811, 19.17816 ], [ -155.90812, 19.17827 ], [ -155.90817, 19.17843 ], [ -155.90828, 19.17872 ], [ -155.90826, 19.17877 ], [ -155.9082, 19.17879 ], [ -155.90809, 19.17875 ], [ -155.90798, 19.17877 ], [ -155.90798, 19.17886 ], [ -155.90797, 19.17896 ], [ -155.90799, 19.17909 ], [ -155.90806, 19.17919 ], [ -155.90816, 19.17926 ], [ -155.90811, 19.17934 ], [ -155.9081, 19.17942 ], [ -155.90824, 19.17959 ], [ -155.90823, 19.17977 ], [ -155.90819, 19.17984 ], [ -155.90812, 19.17989 ], [ -155.90795, 19.17996 ], [ -155.90793, 19.17999 ], [ -155.90798, 19.18005 ], [ -155.90826, 19.18018 ], [ -155.90832, 19.18025 ], [ -155.90841, 19.18029 ], [ -155.90862, 19.1805 ], [ -155.90877, 19.18047 ], [ -155.90882, 19.18054 ], [ -155.90866, 19.18076 ], [ -155.90852, 19.18074 ], [ -155.90835, 19.18075 ], [ -155.90825, 19.18082 ], [ -155.90818, 19.18093 ], [ -155.90809, 19.18098 ], [ -155.90805, 19.18104 ], [ -155.90809, 19.18121 ], [ -155.90817, 19.18128 ], [ -155.90842, 19.18125 ], [ -155.90852, 19.18127 ], [ -155.90861, 19.18133 ], [ -155.90852, 19.18159 ], [ -155.90849, 19.1818 ], [ -155.90823, 19.18191 ], [ -155.90816, 19.18196 ], [ -155.90813, 19.18203 ], [ -155.90816, 19.1822 ], [ -155.90821, 19.18225 ], [ -155.9083, 19.18239 ], [ -155.90836, 19.18245 ], [ -155.90836, 19.18259 ], [ -155.90821, 19.1828 ], [ -155.90813, 19.18283 ], [ -155.90795, 19.18277 ], [ -155.90775, 19.18274 ], [ -155.90767, 19.18267 ], [ -155.90736, 19.18248 ], [ -155.90726, 19.18244 ], [ -155.90707, 19.18245 ], [ -155.90702, 19.1825 ], [ -155.90694, 19.18281 ], [ -155.90698, 19.18291 ], [ -155.90714, 19.18311 ], [ -155.90713, 19.18318 ], [ -155.90717, 19.18327 ], [ -155.90714, 19.18335 ], [ -155.90707, 19.18341 ], [ -155.90711, 19.18365 ], [ -155.90724, 19.18385 ], [ -155.90724, 19.18392 ], [ -155.90716, 19.18409 ], [ -155.90712, 19.1842 ], [ -155.90715, 19.18428 ], [ -155.90736, 19.18452 ], [ -155.90735, 19.18458 ], [ -155.90731, 19.18462 ], [ -155.9072, 19.18459 ], [ -155.90706, 19.18459 ], [ -155.90688, 19.1847 ], [ -155.90684, 19.18481 ], [ -155.90687, 19.1849 ], [ -155.90693, 19.18494 ], [ -155.90703, 19.18507 ], [ -155.90707, 19.18507 ], [ -155.90713, 19.18503 ], [ -155.90731, 19.18506 ], [ -155.90737, 19.18511 ], [ -155.90735, 19.18524 ], [ -155.90736, 19.18534 ], [ -155.90743, 19.18528 ], [ -155.90751, 19.18535 ], [ -155.90779, 19.18542 ], [ -155.90801, 19.18538 ], [ -155.90808, 19.18542 ], [ -155.90828, 19.18546 ], [ -155.90835, 19.18551 ], [ -155.90832, 19.18554 ], [ -155.9082, 19.18554 ], [ -155.90804, 19.18551 ], [ -155.90798, 19.18555 ], [ -155.90799, 19.18559 ], [ -155.90816, 19.18574 ], [ -155.90823, 19.18591 ], [ -155.90816, 19.18597 ], [ -155.90805, 19.18601 ], [ -155.90802, 19.18607 ], [ -155.90806, 19.18625 ], [ -155.90799, 19.18631 ], [ -155.90785, 19.18638 ], [ -155.90776, 19.18646 ], [ -155.90776, 19.18652 ], [ -155.90785, 19.18668 ], [ -155.90798, 19.18674 ], [ -155.90838, 19.18673 ], [ -155.90839, 19.18679 ], [ -155.90849, 19.18696 ], [ -155.90847, 19.18715 ], [ -155.90839, 19.18726 ], [ -155.90823, 19.18734 ], [ -155.90788, 19.18738 ], [ -155.90752, 19.18738 ], [ -155.90742, 19.18744 ], [ -155.90741, 19.18749 ], [ -155.90744, 19.18754 ], [ -155.90785, 19.1877 ], [ -155.9078, 19.18786 ], [ -155.90765, 19.18801 ], [ -155.90765, 19.1881 ], [ -155.90755, 19.18836 ], [ -155.90773, 19.18842 ], [ -155.9077, 19.18856 ], [ -155.90755, 19.1886 ], [ -155.90747, 19.18868 ], [ -155.90743, 19.1887 ], [ -155.90736, 19.18868 ], [ -155.90718, 19.18873 ], [ -155.90709, 19.18872 ], [ -155.90701, 19.18869 ], [ -155.90701, 19.18873 ], [ -155.90705, 19.1888 ], [ -155.90704, 19.1889 ], [ -155.90713, 19.18903 ], [ -155.90702, 19.18932 ], [ -155.90699, 19.18943 ], [ -155.90704, 19.18948 ], [ -155.90716, 19.18944 ], [ -155.90721, 19.18947 ], [ -155.9072, 19.18952 ], [ -155.90706, 19.18959 ], [ -155.90679, 19.18955 ], [ -155.90663, 19.18959 ], [ -155.90654, 19.18966 ], [ -155.90649, 19.18977 ], [ -155.9065, 19.18988 ], [ -155.90656, 19.19003 ], [ -155.9067, 19.19013 ], [ -155.90705, 19.19021 ], [ -155.90728, 19.19035 ], [ -155.90734, 19.19042 ], [ -155.90751, 19.19049 ], [ -155.9075, 19.19061 ], [ -155.9074, 19.19064 ], [ -155.90735, 19.19063 ], [ -155.90731, 19.1907 ], [ -155.90725, 19.19077 ], [ -155.90729, 19.19094 ], [ -155.90728, 19.19104 ], [ -155.90718, 19.19119 ], [ -155.90711, 19.19128 ], [ -155.90698, 19.19135 ], [ -155.90685, 19.19133 ], [ -155.90667, 19.19134 ], [ -155.90659, 19.19138 ], [ -155.90655, 19.19142 ], [ -155.90651, 19.19155 ], [ -155.90646, 19.19163 ], [ -155.90641, 19.19166 ], [ -155.90633, 19.19161 ], [ -155.90598, 19.19178 ], [ -155.90604, 19.19207 ], [ -155.90601, 19.19225 ], [ -155.90603, 19.19245 ], [ -155.90602, 19.19252 ], [ -155.90611, 19.19256 ], [ -155.90612, 19.19265 ], [ -155.90609, 19.19282 ], [ -155.90616, 19.19287 ], [ -155.90625, 19.19283 ], [ -155.9063, 19.19289 ], [ -155.90627, 19.19299 ], [ -155.90619, 19.19311 ], [ -155.90608, 19.19307 ], [ -155.90604, 19.19309 ], [ -155.90602, 19.1933 ], [ -155.90601, 19.19333 ], [ -155.90608, 19.19342 ], [ -155.90611, 19.19352 ], [ -155.90598, 19.19359 ], [ -155.90591, 19.19362 ], [ -155.90577, 19.19365 ], [ -155.90566, 19.19361 ], [ -155.90562, 19.19362 ], [ -155.90568, 19.19378 ], [ -155.90568, 19.19395 ], [ -155.90569, 19.19417 ], [ -155.90579, 19.19428 ], [ -155.90587, 19.19452 ], [ -155.90594, 19.19455 ], [ -155.90604, 19.19455 ], [ -155.90611, 19.19457 ], [ -155.90621, 19.1947 ], [ -155.90628, 19.19471 ], [ -155.90646, 19.19461 ], [ -155.90649, 19.19461 ], [ -155.90653, 19.19466 ], [ -155.90649, 19.19482 ], [ -155.90651, 19.19487 ], [ -155.90661, 19.19493 ], [ -155.90664, 19.19507 ], [ -155.90682, 19.19513 ], [ -155.9069, 19.19521 ], [ -155.90691, 19.19525 ], [ -155.90685, 19.19529 ], [ -155.90679, 19.1953 ], [ -155.90669, 19.19525 ], [ -155.90663, 19.1953 ], [ -155.90669, 19.1955 ], [ -155.9068, 19.19565 ], [ -155.90687, 19.19571 ], [ -155.90688, 19.19578 ], [ -155.90685, 19.19588 ], [ -155.90673, 19.19599 ], [ -155.90643, 19.1961 ], [ -155.9063, 19.19611 ], [ -155.90613, 19.19606 ], [ -155.90604, 19.19609 ], [ -155.90594, 19.19624 ], [ -155.90583, 19.19635 ], [ -155.90571, 19.19658 ], [ -155.90558, 19.19675 ], [ -155.90537, 19.1972 ], [ -155.90537, 19.19733 ], [ -155.90543, 19.19754 ], [ -155.9054, 19.19798 ], [ -155.90555, 19.19809 ], [ -155.90564, 19.19821 ], [ -155.90572, 19.19827 ], [ -155.90575, 19.19833 ], [ -155.90571, 19.19838 ], [ -155.90554, 19.19838 ], [ -155.90549, 19.19839 ], [ -155.90549, 19.19851 ], [ -155.9055, 19.19857 ], [ -155.90544, 19.19869 ], [ -155.90545, 19.19877 ], [ -155.90542, 19.1988 ], [ -155.90532, 19.19885 ], [ -155.90531, 19.19887 ], [ -155.90541, 19.19891 ], [ -155.9055, 19.19893 ], [ -155.90553, 19.19899 ], [ -155.90549, 19.19912 ], [ -155.9055, 19.19915 ], [ -155.90562, 19.19919 ], [ -155.90566, 19.19924 ], [ -155.90555, 19.19939 ], [ -155.90568, 19.19944 ], [ -155.90577, 19.19959 ], [ -155.90589, 19.19971 ], [ -155.90585, 19.19975 ], [ -155.90579, 19.19974 ], [ -155.90575, 19.19977 ], [ -155.90572, 19.19988 ], [ -155.90593, 19.20002 ], [ -155.90623, 19.20007 ], [ -155.90621, 19.2001 ], [ -155.90597, 19.20016 ], [ -155.90588, 19.20022 ], [ -155.90587, 19.20029 ], [ -155.90588, 19.20036 ], [ -155.90603, 19.20047 ], [ -155.90604, 19.20059 ], [ -155.90606, 19.20068 ], [ -155.9059, 19.20079 ], [ -155.90586, 19.20085 ], [ -155.90607, 19.20096 ], [ -155.90609, 19.20101 ], [ -155.90606, 19.20112 ], [ -155.90599, 19.20117 ], [ -155.90595, 19.20124 ], [ -155.90601, 19.20138 ], [ -155.90601, 19.20147 ], [ -155.90603, 19.20153 ], [ -155.90609, 19.20159 ], [ -155.90611, 19.20166 ], [ -155.90603, 19.20178 ], [ -155.90603, 19.2019 ], [ -155.90599, 19.20199 ], [ -155.90598, 19.20207 ], [ -155.90602, 19.20211 ], [ -155.90613, 19.20213 ], [ -155.90626, 19.20218 ], [ -155.90634, 19.20229 ], [ -155.90634, 19.20233 ], [ -155.90645, 19.20235 ], [ -155.90646, 19.2024 ], [ -155.90644, 19.20243 ], [ -155.90636, 19.20245 ], [ -155.90632, 19.2025 ], [ -155.9063, 19.20259 ], [ -155.90623, 19.2027 ], [ -155.9062, 19.20272 ], [ -155.90596, 19.20265 ], [ -155.90594, 19.2027 ], [ -155.90614, 19.20291 ], [ -155.90613, 19.20295 ], [ -155.90612, 19.20301 ], [ -155.90603, 19.20304 ], [ -155.90597, 19.2031 ], [ -155.90566, 19.2032 ], [ -155.90558, 19.20329 ], [ -155.90553, 19.20331 ], [ -155.90546, 19.20325 ], [ -155.90538, 19.20325 ], [ -155.90512, 19.20329 ], [ -155.90533, 19.20349 ], [ -155.90536, 19.20358 ], [ -155.90533, 19.20366 ], [ -155.90528, 19.20372 ], [ -155.9051, 19.20379 ], [ -155.90477, 19.20391 ], [ -155.90471, 19.20396 ], [ -155.90469, 19.20404 ], [ -155.90472, 19.20413 ], [ -155.90471, 19.20418 ], [ -155.90452, 19.20429 ], [ -155.90439, 19.20434 ], [ -155.90432, 19.20447 ], [ -155.9043, 19.20462 ], [ -155.90427, 19.20466 ], [ -155.90409, 19.2047 ], [ -155.90402, 19.20473 ], [ -155.9039, 19.20488 ], [ -155.90381, 19.20503 ], [ -155.9038, 19.20509 ], [ -155.90383, 19.20519 ], [ -155.90372, 19.20526 ], [ -155.90358, 19.20529 ], [ -155.90345, 19.20536 ], [ -155.90339, 19.20542 ], [ -155.90338, 19.2055 ], [ -155.90339, 19.20552 ], [ -155.90331, 19.20562 ], [ -155.90323, 19.20568 ], [ -155.90322, 19.20573 ], [ -155.90328, 19.20585 ], [ -155.9032, 19.2059 ], [ -155.90312, 19.20599 ], [ -155.90301, 19.206 ], [ -155.9028, 19.20594 ], [ -155.90276, 19.20592 ], [ -155.90272, 19.20596 ], [ -155.90294, 19.20616 ], [ -155.90297, 19.20621 ], [ -155.90288, 19.20628 ], [ -155.90282, 19.20635 ], [ -155.90273, 19.20636 ], [ -155.90259, 19.20634 ], [ -155.90252, 19.20638 ], [ -155.90259, 19.20649 ], [ -155.90262, 19.20657 ], [ -155.90268, 19.20663 ], [ -155.90269, 19.20668 ], [ -155.90257, 19.20671 ], [ -155.90252, 19.20675 ], [ -155.90258, 19.20677 ], [ -155.9026, 19.20682 ], [ -155.90251, 19.20691 ], [ -155.90246, 19.20705 ], [ -155.9024, 19.20711 ], [ -155.90236, 19.20717 ], [ -155.90222, 19.2073 ], [ -155.9022, 19.20749 ], [ -155.90214, 19.20751 ], [ -155.90196, 19.20769 ], [ -155.90175, 19.20779 ], [ -155.90171, 19.20791 ], [ -155.90168, 19.20801 ], [ -155.90164, 19.20811 ], [ -155.90169, 19.20831 ], [ -155.90161, 19.20844 ], [ -155.90152, 19.20848 ], [ -155.90144, 19.20843 ], [ -155.90134, 19.20831 ], [ -155.90124, 19.20842 ], [ -155.90117, 19.20834 ], [ -155.90108, 19.2083 ], [ -155.90092, 19.20829 ], [ -155.90086, 19.20836 ], [ -155.90083, 19.20858 ], [ -155.90076, 19.20871 ], [ -155.90081, 19.20873 ], [ -155.90086, 19.20879 ], [ -155.90084, 19.20884 ], [ -155.90077, 19.20882 ], [ -155.90075, 19.20885 ], [ -155.90076, 19.20894 ], [ -155.90073, 19.20897 ], [ -155.90068, 19.20897 ], [ -155.90058, 19.20893 ], [ -155.9005, 19.20886 ], [ -155.90042, 19.20891 ], [ -155.90042, 19.20904 ], [ -155.90047, 19.2091 ], [ -155.90049, 19.20917 ], [ -155.90041, 19.20913 ], [ -155.90022, 19.20913 ], [ -155.90018, 19.2091 ], [ -155.90017, 19.20902 ], [ -155.90007, 19.20907 ], [ -155.90003, 19.2091 ], [ -155.89992, 19.20916 ], [ -155.89991, 19.20926 ], [ -155.89987, 19.20928 ], [ -155.89982, 19.20927 ], [ -155.89977, 19.20922 ], [ -155.89972, 19.20934 ], [ -155.89971, 19.20942 ], [ -155.89968, 19.20947 ], [ -155.89947, 19.2095 ], [ -155.89929, 19.20955 ], [ -155.89925, 19.2096 ], [ -155.89923, 19.20966 ], [ -155.89927, 19.20991 ], [ -155.89918, 19.21018 ], [ -155.89921, 19.21026 ], [ -155.89936, 19.21033 ], [ -155.89941, 19.21041 ], [ -155.8993, 19.21065 ], [ -155.89926, 19.21068 ], [ -155.89894, 19.21067 ], [ -155.8989, 19.21068 ], [ -155.89887, 19.21071 ], [ -155.89885, 19.21074 ], [ -155.89878, 19.21076 ], [ -155.89874, 19.21078 ], [ -155.89871, 19.21095 ], [ -155.89862, 19.21099 ], [ -155.89866, 19.21105 ], [ -155.89877, 19.21113 ], [ -155.89875, 19.21126 ], [ -155.89867, 19.21143 ], [ -155.89855, 19.21146 ], [ -155.89854, 19.21188 ], [ -155.89864, 19.2121 ], [ -155.8989, 19.2124 ], [ -155.89897, 19.21252 ], [ -155.8991, 19.21263 ], [ -155.89924, 19.21267 ], [ -155.89928, 19.21272 ], [ -155.89921, 19.21275 ], [ -155.89925, 19.21285 ], [ -155.89934, 19.21291 ], [ -155.89938, 19.21301 ], [ -155.89945, 19.21306 ], [ -155.89965, 19.21308 ], [ -155.89971, 19.21315 ], [ -155.89986, 19.21343 ], [ -155.9, 19.21358 ], [ -155.90003, 19.21373 ], [ -155.90001, 19.21388 ], [ -155.89993, 19.21416 ], [ -155.89989, 19.2144 ], [ -155.89989, 19.2145 ], [ -155.89996, 19.21467 ], [ -155.90018, 19.21505 ], [ -155.90024, 19.21506 ], [ -155.90054, 19.21489 ], [ -155.90068, 19.21488 ], [ -155.90073, 19.21497 ], [ -155.90084, 19.21498 ], [ -155.90094, 19.21506 ], [ -155.90103, 19.21518 ], [ -155.90118, 19.21514 ], [ -155.90121, 19.21534 ], [ -155.90117, 19.21539 ], [ -155.9011, 19.21539 ], [ -155.90108, 19.21546 ], [ -155.90113, 19.21557 ], [ -155.90123, 19.21567 ], [ -155.90124, 19.21573 ], [ -155.90115, 19.21581 ], [ -155.90112, 19.21587 ], [ -155.90112, 19.21594 ], [ -155.90128, 19.21602 ], [ -155.90128, 19.21607 ], [ -155.9012, 19.21618 ], [ -155.90121, 19.2163 ], [ -155.90114, 19.21659 ], [ -155.90109, 19.2166 ], [ -155.90093, 19.21667 ], [ -155.9009, 19.21672 ], [ -155.90079, 19.21675 ], [ -155.90061, 19.21672 ], [ -155.90054, 19.21675 ], [ -155.90057, 19.21678 ], [ -155.90074, 19.21683 ], [ -155.90076, 19.21688 ], [ -155.90074, 19.21698 ], [ -155.90078, 19.217 ], [ -155.90086, 19.21699 ], [ -155.90092, 19.21705 ], [ -155.90095, 19.21713 ], [ -155.90106, 19.21718 ], [ -155.9012, 19.21715 ], [ -155.90124, 19.21717 ], [ -155.90125, 19.21722 ], [ -155.90114, 19.21732 ], [ -155.90113, 19.21737 ], [ -155.90117, 19.21743 ], [ -155.90116, 19.21757 ], [ -155.90113, 19.21762 ], [ -155.90101, 19.21769 ], [ -155.90062, 19.21773 ], [ -155.90052, 19.2178 ], [ -155.90049, 19.21786 ], [ -155.90046, 19.21806 ], [ -155.90042, 19.21816 ], [ -155.90043, 19.21829 ], [ -155.9005, 19.21842 ], [ -155.90062, 19.21849 ], [ -155.90062, 19.21855 ], [ -155.9007, 19.21865 ], [ -155.9009, 19.21911 ], [ -155.90103, 19.21935 ], [ -155.90123, 19.21945 ], [ -155.90121, 19.21963 ], [ -155.9013, 19.21981 ], [ -155.90141, 19.21989 ], [ -155.90145, 19.21996 ], [ -155.90153, 19.22006 ], [ -155.90158, 19.2202 ], [ -155.9017, 19.22036 ], [ -155.90169, 19.22047 ], [ -155.90174, 19.22053 ], [ -155.9018, 19.22068 ], [ -155.90184, 19.22099 ], [ -155.90199, 19.22148 ], [ -155.90203, 19.22164 ], [ -155.90198, 19.22181 ], [ -155.90202, 19.22195 ], [ -155.90201, 19.22217 ], [ -155.90213, 19.22243 ], [ -155.90213, 19.22253 ], [ -155.90209, 19.22263 ], [ -155.9021, 19.22277 ], [ -155.90217, 19.22291 ], [ -155.90217, 19.22296 ], [ -155.90214, 19.22302 ], [ -155.90219, 19.22321 ], [ -155.90216, 19.22322 ], [ -155.90214, 19.22329 ], [ -155.90214, 19.22339 ], [ -155.90209, 19.22348 ], [ -155.90215, 19.22366 ], [ -155.90213, 19.22378 ], [ -155.9022, 19.22387 ], [ -155.90225, 19.22398 ], [ -155.90219, 19.22407 ], [ -155.90222, 19.22416 ], [ -155.90215, 19.22443 ], [ -155.90215, 19.22448 ], [ -155.90216, 19.22469 ], [ -155.90203, 19.22483 ], [ -155.90207, 19.22523 ], [ -155.90208, 19.22532 ], [ -155.90202, 19.22549 ], [ -155.90198, 19.22557 ], [ -155.90202, 19.2256 ], [ -155.90212, 19.2256 ], [ -155.90226, 19.22563 ], [ -155.90231, 19.22576 ], [ -155.90256, 19.2259 ], [ -155.90259, 19.22607 ], [ -155.90263, 19.22619 ], [ -155.90261, 19.22625 ], [ -155.9024, 19.22624 ], [ -155.90227, 19.2263 ], [ -155.90224, 19.22655 ], [ -155.90216, 19.22666 ], [ -155.90221, 19.22681 ], [ -155.90223, 19.227 ], [ -155.90231, 19.22717 ], [ -155.90224, 19.22748 ], [ -155.90221, 19.22754 ], [ -155.9021, 19.22761 ], [ -155.90198, 19.22774 ], [ -155.90187, 19.22819 ], [ -155.90162, 19.22872 ], [ -155.90144, 19.2293 ], [ -155.90132, 19.22959 ], [ -155.90127, 19.2298 ], [ -155.90103, 19.23041 ], [ -155.90098, 19.2308 ], [ -155.90095, 19.23093 ], [ -155.90096, 19.23108 ], [ -155.90106, 19.23138 ], [ -155.90103, 19.23165 ], [ -155.90084, 19.23193 ], [ -155.90064, 19.23262 ], [ -155.90062, 19.23285 ], [ -155.90065, 19.23314 ], [ -155.90059, 19.23351 ], [ -155.90051, 19.23406 ], [ -155.90036, 19.23423 ], [ -155.90021, 19.23439 ], [ -155.90008, 19.23462 ], [ -155.90003, 19.23484 ], [ -155.90008, 19.235 ], [ -155.90007, 19.2351 ], [ -155.89981, 19.2353 ], [ -155.89971, 19.23561 ], [ -155.89966, 19.23569 ], [ -155.89948, 19.23589 ], [ -155.89934, 19.23611 ], [ -155.89927, 19.23618 ], [ -155.89913, 19.23643 ], [ -155.89901, 19.23682 ], [ -155.89893, 19.2369 ], [ -155.8987, 19.23708 ], [ -155.89851, 19.2374 ], [ -155.89841, 19.23767 ], [ -155.8984, 19.23782 ], [ -155.89834, 19.23794 ], [ -155.89833, 19.23815 ], [ -155.89816, 19.23844 ], [ -155.89806, 19.23873 ], [ -155.89792, 19.23891 ], [ -155.89775, 19.23901 ], [ -155.89758, 19.23936 ], [ -155.89747, 19.23949 ], [ -155.89731, 19.23987 ], [ -155.89727, 19.24015 ], [ -155.89728, 19.24035 ], [ -155.89731, 19.24055 ], [ -155.89736, 19.24064 ], [ -155.89741, 19.24066 ], [ -155.89753, 19.24065 ], [ -155.89755, 19.24069 ], [ -155.89749, 19.24076 ], [ -155.89738, 19.24086 ], [ -155.89739, 19.24092 ], [ -155.89742, 19.24094 ], [ -155.89743, 19.241 ], [ -155.89772, 19.241 ], [ -155.89787, 19.24132 ], [ -155.89793, 19.2414 ], [ -155.89808, 19.24148 ], [ -155.89809, 19.24156 ], [ -155.89815, 19.24168 ], [ -155.89827, 19.24183 ], [ -155.89836, 19.24203 ], [ -155.89854, 19.24227 ], [ -155.89855, 19.24241 ], [ -155.89862, 19.24244 ], [ -155.89866, 19.24243 ], [ -155.89872, 19.24243 ], [ -155.89872, 19.24248 ], [ -155.89868, 19.24253 ], [ -155.8987, 19.24259 ], [ -155.89877, 19.24259 ], [ -155.89882, 19.24263 ], [ -155.89874, 19.24269 ], [ -155.89874, 19.24276 ], [ -155.89885, 19.24285 ], [ -155.89885, 19.2429 ], [ -155.89883, 19.24296 ], [ -155.89894, 19.2432 ], [ -155.89902, 19.24319 ], [ -155.89906, 19.24328 ], [ -155.89911, 19.24348 ], [ -155.89911, 19.24379 ], [ -155.89913, 19.24381 ], [ -155.89936, 19.24382 ], [ -155.89945, 19.24385 ], [ -155.89943, 19.24388 ], [ -155.8994, 19.24399 ], [ -155.89942, 19.24404 ], [ -155.8995, 19.24403 ], [ -155.89958, 19.24407 ], [ -155.8995, 19.2442 ], [ -155.89938, 19.24433 ], [ -155.8994, 19.24443 ], [ -155.89937, 19.24449 ], [ -155.89936, 19.2447 ], [ -155.89938, 19.24477 ], [ -155.8994, 19.24479 ], [ -155.89946, 19.24476 ], [ -155.8995, 19.24489 ], [ -155.89947, 19.24495 ], [ -155.89943, 19.24498 ], [ -155.89946, 19.24504 ], [ -155.89957, 19.24503 ], [ -155.89972, 19.24507 ], [ -155.8997, 19.24511 ], [ -155.89958, 19.24523 ], [ -155.89958, 19.24525 ], [ -155.89964, 19.24524 ], [ -155.89982, 19.24551 ], [ -155.89983, 19.24554 ], [ -155.89977, 19.24557 ], [ -155.89976, 19.24562 ], [ -155.8998, 19.24566 ], [ -155.90002, 19.24578 ], [ -155.90004, 19.24581 ], [ -155.90002, 19.24584 ], [ -155.90004, 19.24592 ], [ -155.90012, 19.24595 ], [ -155.90015, 19.24602 ], [ -155.90018, 19.24613 ], [ -155.90023, 19.24624 ], [ -155.90035, 19.24638 ], [ -155.90038, 19.24646 ], [ -155.90038, 19.24661 ], [ -155.90032, 19.24677 ], [ -155.90035, 19.24694 ], [ -155.90038, 19.24699 ], [ -155.90039, 19.247 ], [ -155.90058, 19.24712 ], [ -155.90057, 19.24722 ], [ -155.90063, 19.24729 ], [ -155.90061, 19.24736 ], [ -155.9006, 19.24737 ], [ -155.90063, 19.24746 ], [ -155.9006, 19.24753 ], [ -155.90041, 19.24767 ], [ -155.9004, 19.2477 ], [ -155.90054, 19.24784 ], [ -155.90062, 19.2479 ], [ -155.90061, 19.24792 ], [ -155.90042, 19.24799 ], [ -155.90047, 19.24803 ], [ -155.90075, 19.24809 ], [ -155.9008, 19.24811 ], [ -155.90078, 19.24818 ], [ -155.90071, 19.24826 ], [ -155.90051, 19.24821 ], [ -155.90045, 19.24817 ], [ -155.90041, 19.24817 ], [ -155.90036, 19.24822 ], [ -155.90067, 19.24851 ], [ -155.90068, 19.24856 ], [ -155.90047, 19.24848 ], [ -155.90034, 19.24848 ], [ -155.90034, 19.24854 ], [ -155.90034, 19.24875 ], [ -155.90026, 19.24874 ], [ -155.90012, 19.24868 ], [ -155.90008, 19.24869 ], [ -155.90001, 19.24892 ], [ -155.9, 19.24933 ], [ -155.89992, 19.24944 ], [ -155.9, 19.24956 ], [ -155.90003, 19.24968 ], [ -155.90002, 19.24978 ], [ -155.8999, 19.25011 ], [ -155.89985, 19.25021 ], [ -155.89987, 19.2504 ], [ -155.89983, 19.25049 ], [ -155.89973, 19.25059 ], [ -155.8997, 19.25071 ], [ -155.89952, 19.25078 ], [ -155.8995, 19.2508 ], [ -155.89956, 19.25085 ], [ -155.89972, 19.25088 ], [ -155.89975, 19.25092 ], [ -155.89958, 19.25099 ], [ -155.89955, 19.25105 ], [ -155.8996, 19.25129 ], [ -155.89952, 19.25141 ], [ -155.89953, 19.25159 ], [ -155.89959, 19.25162 ], [ -155.89973, 19.25164 ], [ -155.8998, 19.2517 ], [ -155.89967, 19.25184 ], [ -155.89955, 19.25192 ], [ -155.89954, 19.25198 ], [ -155.8996, 19.25202 ], [ -155.89964, 19.25202 ], [ -155.89977, 19.25196 ], [ -155.8998, 19.25213 ], [ -155.89973, 19.25242 ], [ -155.89982, 19.25266 ], [ -155.89985, 19.25278 ], [ -155.89989, 19.25287 ], [ -155.89984, 19.25292 ], [ -155.89958, 19.25299 ], [ -155.89951, 19.25307 ], [ -155.89943, 19.25324 ], [ -155.89922, 19.25338 ], [ -155.89932, 19.25343 ], [ -155.89934, 19.25347 ], [ -155.89931, 19.25354 ], [ -155.8994, 19.25356 ], [ -155.89943, 19.25359 ], [ -155.89943, 19.25362 ], [ -155.89938, 19.25371 ], [ -155.89936, 19.25379 ], [ -155.89945, 19.25403 ], [ -155.89937, 19.25413 ], [ -155.89937, 19.2542 ], [ -155.89958, 19.25431 ], [ -155.8996, 19.25434 ], [ -155.8996, 19.25439 ], [ -155.89951, 19.25447 ], [ -155.89944, 19.25483 ], [ -155.89943, 19.2551 ], [ -155.89945, 19.25515 ], [ -155.89971, 19.25528 ], [ -155.89982, 19.25532 ], [ -155.89982, 19.25535 ], [ -155.89973, 19.25538 ], [ -155.8995, 19.25535 ], [ -155.89938, 19.25546 ], [ -155.89937, 19.2555 ], [ -155.89942, 19.25554 ], [ -155.89957, 19.25558 ], [ -155.89982, 19.25555 ], [ -155.89983, 19.25557 ], [ -155.89977, 19.25564 ], [ -155.89956, 19.25572 ], [ -155.89926, 19.25573 ], [ -155.89898, 19.25575 ], [ -155.89894, 19.25581 ], [ -155.89895, 19.25603 ], [ -155.89893, 19.25606 ], [ -155.89904, 19.25615 ], [ -155.89915, 19.25635 ], [ -155.89915, 19.25643 ], [ -155.89911, 19.25649 ], [ -155.89911, 19.25655 ], [ -155.89914, 19.25662 ], [ -155.89935, 19.25657 ], [ -155.89948, 19.25663 ], [ -155.89953, 19.25663 ], [ -155.89957, 19.25666 ], [ -155.89937, 19.25679 ], [ -155.89931, 19.25683 ], [ -155.89909, 19.25684 ], [ -155.89903, 19.25688 ], [ -155.89904, 19.25693 ], [ -155.89908, 19.25698 ], [ -155.89911, 19.25711 ], [ -155.89898, 19.25734 ], [ -155.89895, 19.25756 ], [ -155.8989, 19.25766 ], [ -155.8989, 19.25778 ], [ -155.89877, 19.25795 ], [ -155.8986, 19.25811 ], [ -155.89843, 19.25834 ], [ -155.8985, 19.25856 ], [ -155.89846, 19.25859 ], [ -155.89838, 19.25854 ], [ -155.89825, 19.25847 ], [ -155.89819, 19.25848 ], [ -155.89791, 19.25899 ], [ -155.89792, 19.25903 ], [ -155.8979, 19.25911 ], [ -155.89796, 19.25932 ], [ -155.89797, 19.25938 ], [ -155.89779, 19.25945 ], [ -155.89773, 19.2595 ], [ -155.89775, 19.25953 ], [ -155.89787, 19.25959 ], [ -155.89781, 19.25966 ], [ -155.89755, 19.25964 ], [ -155.89733, 19.25974 ], [ -155.89733, 19.25976 ], [ -155.89746, 19.25981 ], [ -155.89749, 19.25986 ], [ -155.89733, 19.25992 ], [ -155.89731, 19.25999 ], [ -155.89727, 19.26003 ], [ -155.89727, 19.26011 ], [ -155.89731, 19.26022 ], [ -155.89741, 19.26033 ], [ -155.89737, 19.2604 ], [ -155.89712, 19.26039 ], [ -155.89701, 19.26043 ], [ -155.8969, 19.26056 ], [ -155.89683, 19.26059 ], [ -155.89678, 19.26071 ], [ -155.89677, 19.26077 ], [ -155.89661, 19.26109 ], [ -155.89632, 19.2615 ], [ -155.89631, 19.26156 ], [ -155.89632, 19.26167 ], [ -155.89636, 19.26174 ], [ -155.89643, 19.26181 ], [ -155.89643, 19.26186 ], [ -155.89636, 19.26189 ], [ -155.8962, 19.26186 ], [ -155.89613, 19.26189 ], [ -155.8961, 19.26197 ], [ -155.89612, 19.26203 ], [ -155.89619, 19.2621 ], [ -155.89612, 19.26219 ], [ -155.89603, 19.26223 ], [ -155.89605, 19.26228 ], [ -155.89601, 19.26245 ], [ -155.89593, 19.26253 ], [ -155.89581, 19.26279 ], [ -155.89584, 19.26299 ], [ -155.89584, 19.26306 ], [ -155.89577, 19.26327 ], [ -155.89577, 19.26359 ], [ -155.89574, 19.26365 ], [ -155.8958, 19.26381 ], [ -155.89578, 19.26385 ], [ -155.89565, 19.26387 ], [ -155.8956, 19.26394 ], [ -155.89557, 19.26404 ], [ -155.89558, 19.2644 ], [ -155.89546, 19.2647 ], [ -155.8954, 19.26498 ], [ -155.89519, 19.26532 ], [ -155.89514, 19.26549 ], [ -155.89497, 19.26582 ], [ -155.89484, 19.26596 ], [ -155.89463, 19.26633 ], [ -155.89464, 19.26649 ], [ -155.89446, 19.26676 ], [ -155.89439, 19.26687 ], [ -155.89439, 19.26699 ], [ -155.89441, 19.26709 ], [ -155.89436, 19.26715 ], [ -155.89422, 19.2673 ], [ -155.89418, 19.26736 ], [ -155.89417, 19.26743 ], [ -155.89419, 19.26754 ], [ -155.89405, 19.26772 ], [ -155.89398, 19.26786 ], [ -155.8936, 19.26846 ], [ -155.89354, 19.26854 ], [ -155.89354, 19.26867 ], [ -155.89367, 19.26885 ], [ -155.89353, 19.26899 ], [ -155.89353, 19.26905 ], [ -155.89363, 19.26919 ], [ -155.89363, 19.26926 ], [ -155.89354, 19.26938 ], [ -155.89351, 19.26939 ], [ -155.89349, 19.26945 ], [ -155.89351, 19.26952 ], [ -155.89345, 19.26955 ], [ -155.89349, 19.26963 ], [ -155.89348, 19.2697 ], [ -155.89352, 19.26986 ], [ -155.89348, 19.26998 ], [ -155.89337, 19.2701 ], [ -155.89328, 19.27018 ], [ -155.89324, 19.27029 ], [ -155.89324, 19.27039 ], [ -155.89317, 19.27072 ], [ -155.89305, 19.27093 ], [ -155.89299, 19.27106 ], [ -155.89295, 19.27128 ], [ -155.89293, 19.27135 ], [ -155.89296, 19.27138 ], [ -155.89304, 19.27137 ], [ -155.89311, 19.27132 ], [ -155.89317, 19.27138 ], [ -155.89317, 19.27145 ], [ -155.89324, 19.27153 ], [ -155.89309, 19.27167 ], [ -155.89296, 19.27169 ], [ -155.89245, 19.27169 ], [ -155.89233, 19.27172 ], [ -155.89226, 19.27182 ], [ -155.89227, 19.27187 ], [ -155.89255, 19.27218 ], [ -155.89257, 19.27231 ], [ -155.89255, 19.27234 ], [ -155.89232, 19.2725 ], [ -155.89228, 19.27258 ], [ -155.89233, 19.27277 ], [ -155.89233, 19.27292 ], [ -155.89243, 19.27312 ], [ -155.89242, 19.2732 ], [ -155.89248, 19.27337 ], [ -155.89244, 19.27394 ], [ -155.89239, 19.27407 ], [ -155.89235, 19.27411 ], [ -155.8923, 19.27433 ], [ -155.89222, 19.27442 ], [ -155.89193, 19.27462 ], [ -155.89179, 19.2748 ], [ -155.89161, 19.27533 ], [ -155.8916, 19.27542 ], [ -155.89172, 19.27606 ], [ -155.89169, 19.27622 ], [ -155.89163, 19.27635 ], [ -155.89153, 19.27649 ], [ -155.89133, 19.27668 ], [ -155.8913, 19.27677 ], [ -155.89127, 19.2772 ], [ -155.89138, 19.27746 ], [ -155.89138, 19.27767 ], [ -155.89134, 19.27796 ], [ -155.89142, 19.27857 ], [ -155.89159, 19.27878 ], [ -155.89168, 19.27889 ], [ -155.89181, 19.27895 ], [ -155.89201, 19.279 ], [ -155.89236, 19.27921 ], [ -155.89242, 19.2793 ], [ -155.89239, 19.27936 ], [ -155.89223, 19.27941 ], [ -155.89219, 19.27947 ], [ -155.8922, 19.27965 ], [ -155.89219, 19.27971 ], [ -155.89218, 19.27972 ], [ -155.89204, 19.27981 ], [ -155.89201, 19.28004 ], [ -155.89205, 19.28021 ], [ -155.89204, 19.28028 ], [ -155.89196, 19.28031 ], [ -155.89192, 19.28032 ], [ -155.89183, 19.28039 ], [ -155.89168, 19.28042 ], [ -155.89153, 19.28042 ], [ -155.89139, 19.28051 ], [ -155.89138, 19.28055 ], [ -155.89142, 19.28066 ], [ -155.89141, 19.2807 ], [ -155.89129, 19.2807 ], [ -155.89126, 19.28072 ], [ -155.89127, 19.28086 ], [ -155.89143, 19.28101 ], [ -155.89159, 19.28111 ], [ -155.89162, 19.28116 ], [ -155.89157, 19.28122 ], [ -155.89149, 19.28151 ], [ -155.89157, 19.28169 ], [ -155.8916, 19.28173 ], [ -155.89157, 19.28184 ], [ -155.89157, 19.28202 ], [ -155.89158, 19.28217 ], [ -155.8915, 19.28229 ], [ -155.89135, 19.28277 ], [ -155.89123, 19.2833 ], [ -155.89116, 19.28349 ], [ -155.89115, 19.28359 ], [ -155.8911, 19.2837 ], [ -155.89109, 19.28391 ], [ -155.89118, 19.28412 ], [ -155.89118, 19.28415 ], [ -155.89111, 19.28427 ], [ -155.89106, 19.28431 ], [ -155.89102, 19.28457 ], [ -155.89109, 19.28482 ], [ -155.8912, 19.28491 ], [ -155.89123, 19.28491 ], [ -155.89125, 19.28494 ], [ -155.89125, 19.285 ], [ -155.89118, 19.28509 ], [ -155.89098, 19.28518 ], [ -155.89095, 19.28523 ], [ -155.89095, 19.28537 ], [ -155.89089, 19.28559 ], [ -155.8908, 19.28574 ], [ -155.89077, 19.28579 ], [ -155.89073, 19.28582 ], [ -155.89034, 19.28638 ], [ -155.89025, 19.2865 ], [ -155.88994, 19.28671 ], [ -155.88976, 19.28695 ], [ -155.88968, 19.28712 ], [ -155.88967, 19.28722 ], [ -155.88959, 19.2873 ], [ -155.88949, 19.28747 ], [ -155.88943, 19.28768 ], [ -155.88942, 19.28778 ], [ -155.88926, 19.28788 ], [ -155.88923, 19.28793 ], [ -155.88911, 19.28844 ], [ -155.88902, 19.2885 ], [ -155.88879, 19.28852 ], [ -155.88866, 19.28863 ], [ -155.88863, 19.28871 ], [ -155.88864, 19.289 ], [ -155.88871, 19.28924 ], [ -155.88872, 19.28927 ], [ -155.88877, 19.28945 ], [ -155.88882, 19.28953 ], [ -155.88896, 19.28989 ], [ -155.88911, 19.29 ], [ -155.88935, 19.29048 ], [ -155.88949, 19.29056 ], [ -155.88953, 19.29056 ], [ -155.88958, 19.29062 ], [ -155.88958, 19.29066 ], [ -155.88955, 19.29071 ], [ -155.88946, 19.2913 ], [ -155.88932, 19.2917 ], [ -155.88931, 19.29186 ], [ -155.88934, 19.29202 ], [ -155.88933, 19.2922 ], [ -155.88931, 19.29225 ], [ -155.88936, 19.29231 ], [ -155.88937, 19.29239 ], [ -155.88937, 19.29275 ], [ -155.88934, 19.29286 ], [ -155.88946, 19.2934 ], [ -155.88939, 19.29345 ], [ -155.88936, 19.29347 ], [ -155.88911, 19.29347 ], [ -155.88909, 19.29344 ], [ -155.88897, 19.2934 ], [ -155.8889, 19.29344 ], [ -155.88885, 19.29357 ], [ -155.8888, 19.29361 ], [ -155.8887, 19.2936 ], [ -155.88864, 19.29358 ], [ -155.88855, 19.29364 ], [ -155.88855, 19.29386 ], [ -155.88838, 19.29419 ], [ -155.88832, 19.29427 ], [ -155.88833, 19.29436 ], [ -155.88841, 19.29453 ], [ -155.88842, 19.29458 ], [ -155.88838, 19.29475 ], [ -155.88834, 19.29478 ], [ -155.88815, 19.29544 ], [ -155.88811, 19.29581 ], [ -155.88807, 19.29597 ], [ -155.88809, 19.29607 ], [ -155.88821, 19.29632 ], [ -155.88834, 19.29655 ], [ -155.88838, 19.29685 ], [ -155.88852, 19.29728 ], [ -155.88852, 19.29749 ], [ -155.88857, 19.2976 ], [ -155.88874, 19.29834 ], [ -155.88883, 19.2985 ], [ -155.88889, 19.29858 ], [ -155.8889, 19.29871 ], [ -155.88882, 19.29902 ], [ -155.88888, 19.29919 ], [ -155.88904, 19.29924 ], [ -155.88922, 19.29924 ], [ -155.88939, 19.29929 ], [ -155.88945, 19.29936 ], [ -155.88958, 19.29938 ], [ -155.88967, 19.29942 ], [ -155.88981, 19.29965 ], [ -155.88979, 19.29969 ], [ -155.88971, 19.29974 ], [ -155.88952, 19.29976 ], [ -155.88948, 19.29981 ], [ -155.88948, 19.29994 ], [ -155.88953, 19.30004 ], [ -155.88958, 19.30009 ], [ -155.88962, 19.30021 ], [ -155.88961, 19.30035 ], [ -155.88955, 19.30067 ], [ -155.88948, 19.30115 ], [ -155.88952, 19.30131 ], [ -155.88956, 19.3014 ], [ -155.88963, 19.30146 ], [ -155.88964, 19.30155 ], [ -155.8896, 19.30169 ], [ -155.88962, 19.30177 ], [ -155.88957, 19.30189 ], [ -155.88939, 19.30223 ], [ -155.88927, 19.30265 ], [ -155.88928, 19.30282 ], [ -155.88926, 19.30287 ], [ -155.88919, 19.30291 ], [ -155.88912, 19.30291 ], [ -155.88898, 19.30299 ], [ -155.88869, 19.30322 ], [ -155.88855, 19.30376 ], [ -155.88856, 19.30379 ], [ -155.88865, 19.30381 ], [ -155.88875, 19.30382 ], [ -155.88879, 19.30389 ], [ -155.88874, 19.30397 ], [ -155.88868, 19.30403 ], [ -155.8886, 19.30406 ], [ -155.88852, 19.30414 ], [ -155.88851, 19.30418 ], [ -155.88862, 19.30431 ], [ -155.88862, 19.30442 ], [ -155.8886, 19.30446 ], [ -155.8885, 19.30445 ], [ -155.8881, 19.30431 ], [ -155.88804, 19.3043 ], [ -155.888, 19.30432 ], [ -155.88798, 19.30436 ], [ -155.88798, 19.30447 ], [ -155.88777, 19.30474 ], [ -155.88774, 19.30482 ], [ -155.88774, 19.30488 ], [ -155.88779, 19.30495 ], [ -155.88806, 19.3052 ], [ -155.88806, 19.30528 ], [ -155.88785, 19.30554 ], [ -155.88783, 19.30589 ], [ -155.88787, 19.30619 ], [ -155.88789, 19.30635 ], [ -155.88784, 19.30654 ], [ -155.88774, 19.30663 ], [ -155.8878, 19.30687 ], [ -155.88784, 19.30713 ], [ -155.88788, 19.30721 ], [ -155.88796, 19.30728 ], [ -155.88806, 19.30731 ], [ -155.8882, 19.30744 ], [ -155.88822, 19.30753 ], [ -155.88821, 19.30757 ], [ -155.88819, 19.30769 ], [ -155.888, 19.30777 ], [ -155.88802, 19.30782 ], [ -155.88836, 19.308 ], [ -155.88837, 19.30807 ], [ -155.88832, 19.3081 ], [ -155.88815, 19.3081 ], [ -155.88789, 19.3081 ], [ -155.88785, 19.30812 ], [ -155.88781, 19.30817 ], [ -155.88772, 19.30869 ], [ -155.88782, 19.30882 ], [ -155.88783, 19.30891 ], [ -155.88779, 19.30899 ], [ -155.88768, 19.30913 ], [ -155.88754, 19.30919 ], [ -155.88732, 19.30952 ], [ -155.88735, 19.30968 ], [ -155.8873, 19.30972 ], [ -155.88712, 19.3098 ], [ -155.88709, 19.30983 ], [ -155.88706, 19.3102 ], [ -155.88709, 19.3103 ], [ -155.88718, 19.31038 ], [ -155.8872, 19.31048 ], [ -155.8872, 19.3107 ], [ -155.88731, 19.31079 ], [ -155.88733, 19.31081 ], [ -155.88734, 19.3111 ], [ -155.88737, 19.3112 ], [ -155.88738, 19.31122 ], [ -155.88758, 19.31154 ], [ -155.88764, 19.31161 ], [ -155.8877, 19.31165 ], [ -155.88782, 19.31165 ], [ -155.88788, 19.31171 ], [ -155.88791, 19.31178 ], [ -155.88798, 19.31181 ], [ -155.88819, 19.31184 ], [ -155.88825, 19.31188 ], [ -155.88826, 19.31191 ], [ -155.88821, 19.31197 ], [ -155.88809, 19.31209 ], [ -155.88814, 19.31217 ], [ -155.88833, 19.31236 ], [ -155.88826, 19.31244 ], [ -155.88816, 19.31248 ], [ -155.88811, 19.3125 ], [ -155.88767, 19.31254 ], [ -155.88757, 19.31261 ], [ -155.88756, 19.31268 ], [ -155.88763, 19.31277 ], [ -155.88763, 19.31282 ], [ -155.88757, 19.31293 ], [ -155.88751, 19.31298 ], [ -155.88745, 19.31309 ], [ -155.88744, 19.31317 ], [ -155.88747, 19.31327 ], [ -155.88761, 19.3134 ], [ -155.88772, 19.31348 ], [ -155.88773, 19.31354 ], [ -155.88775, 19.31363 ], [ -155.88787, 19.31372 ], [ -155.88843, 19.31376 ], [ -155.88856, 19.31382 ], [ -155.88869, 19.314 ], [ -155.88871, 19.31414 ], [ -155.88871, 19.3142 ], [ -155.88877, 19.31428 ], [ -155.88884, 19.31434 ], [ -155.88899, 19.31441 ], [ -155.88905, 19.31447 ], [ -155.88907, 19.31454 ], [ -155.88903, 19.31464 ], [ -155.88907, 19.31483 ], [ -155.8891, 19.31501 ], [ -155.88918, 19.3152 ], [ -155.8892, 19.31532 ], [ -155.88931, 19.31542 ], [ -155.88933, 19.3155 ], [ -155.8893, 19.31564 ], [ -155.88939, 19.31611 ], [ -155.88943, 19.31642 ], [ -155.88944, 19.31653 ], [ -155.88955, 19.3169 ], [ -155.88959, 19.31716 ], [ -155.88958, 19.31728 ], [ -155.8896, 19.31736 ], [ -155.89001, 19.31787 ], [ -155.89009, 19.31795 ], [ -155.89026, 19.31814 ], [ -155.89047, 19.31831 ], [ -155.89066, 19.31854 ], [ -155.89068, 19.31859 ], [ -155.89065, 19.31865 ], [ -155.89066, 19.31876 ], [ -155.89073, 19.31882 ], [ -155.89077, 19.31892 ], [ -155.89064, 19.31894 ], [ -155.89054, 19.31904 ], [ -155.8906, 19.31928 ], [ -155.89077, 19.31935 ], [ -155.89078, 19.31943 ], [ -155.89088, 19.31951 ], [ -155.89088, 19.31954 ], [ -155.89082, 19.31959 ], [ -155.89071, 19.31962 ], [ -155.89066, 19.3197 ], [ -155.89063, 19.31987 ], [ -155.8906, 19.31994 ], [ -155.89058, 19.32006 ], [ -155.89048, 19.32008 ], [ -155.89046, 19.32016 ], [ -155.89045, 19.32023 ], [ -155.89037, 19.32028 ], [ -155.89035, 19.32032 ], [ -155.89042, 19.32043 ], [ -155.89046, 19.32053 ], [ -155.89045, 19.3206 ], [ -155.89049, 19.32068 ], [ -155.89052, 19.32083 ], [ -155.89055, 19.32087 ], [ -155.89056, 19.32096 ], [ -155.8905, 19.32103 ], [ -155.89042, 19.32106 ], [ -155.89039, 19.3211 ], [ -155.89039, 19.32123 ], [ -155.89052, 19.32143 ], [ -155.89039, 19.32147 ], [ -155.89035, 19.32149 ], [ -155.8903, 19.32157 ], [ -155.89015, 19.32171 ], [ -155.89, 19.32193 ], [ -155.88992, 19.32229 ], [ -155.88992, 19.32236 ], [ -155.88983, 19.32248 ], [ -155.88983, 19.32256 ], [ -155.88996, 19.32274 ], [ -155.88998, 19.32284 ], [ -155.88989, 19.32296 ], [ -155.88989, 19.32317 ], [ -155.88995, 19.32319 ], [ -155.89017, 19.32319 ], [ -155.8902, 19.32321 ], [ -155.89022, 19.32337 ], [ -155.88999, 19.32344 ], [ -155.88992, 19.32352 ], [ -155.88987, 19.32353 ], [ -155.88978, 19.32365 ], [ -155.88979, 19.32373 ], [ -155.88994, 19.3239 ], [ -155.89, 19.32412 ], [ -155.89005, 19.32413 ], [ -155.89009, 19.32418 ], [ -155.88992, 19.32424 ], [ -155.88989, 19.32425 ], [ -155.88984, 19.32437 ], [ -155.8898, 19.32441 ], [ -155.88975, 19.3244 ], [ -155.88958, 19.3244 ], [ -155.88947, 19.32442 ], [ -155.88922, 19.3243 ], [ -155.88916, 19.32434 ], [ -155.8893, 19.32465 ], [ -155.88953, 19.32483 ], [ -155.88956, 19.3249 ], [ -155.88955, 19.32494 ], [ -155.8894, 19.32499 ], [ -155.88935, 19.32505 ], [ -155.88926, 19.32505 ], [ -155.88916, 19.32498 ], [ -155.8891, 19.32497 ], [ -155.88906, 19.32499 ], [ -155.88906, 19.32505 ], [ -155.8891, 19.32515 ], [ -155.88897, 19.32515 ], [ -155.88892, 19.32514 ], [ -155.88882, 19.32522 ], [ -155.88884, 19.32542 ], [ -155.88898, 19.32557 ], [ -155.88902, 19.32561 ], [ -155.889, 19.32562 ], [ -155.88873, 19.32559 ], [ -155.88836, 19.32546 ], [ -155.88825, 19.32545 ], [ -155.88813, 19.32551 ], [ -155.88802, 19.3256 ], [ -155.88757, 19.32624 ], [ -155.88737, 19.32634 ], [ -155.8872, 19.32668 ], [ -155.88715, 19.32671 ], [ -155.88709, 19.3267 ], [ -155.88682, 19.32676 ], [ -155.88672, 19.32673 ], [ -155.88657, 19.32675 ], [ -155.88647, 19.32681 ], [ -155.88644, 19.32685 ], [ -155.88618, 19.32702 ], [ -155.88596, 19.32719 ], [ -155.88584, 19.32735 ], [ -155.88582, 19.32745 ], [ -155.88567, 19.32759 ], [ -155.88555, 19.3279 ], [ -155.88558, 19.32808 ], [ -155.88562, 19.32815 ], [ -155.88565, 19.32819 ], [ -155.88566, 19.32826 ], [ -155.88559, 19.32835 ], [ -155.88549, 19.32842 ], [ -155.88545, 19.32846 ], [ -155.88544, 19.32853 ], [ -155.88545, 19.32868 ], [ -155.88547, 19.3288 ], [ -155.88555, 19.32898 ], [ -155.88552, 19.32899 ], [ -155.88548, 19.32909 ], [ -155.88542, 19.32911 ], [ -155.88517, 19.32939 ], [ -155.88512, 19.3296 ], [ -155.88518, 19.32993 ], [ -155.88532, 19.33032 ], [ -155.8855, 19.33042 ], [ -155.88556, 19.33053 ], [ -155.88552, 19.3306 ], [ -155.88552, 19.33065 ], [ -155.88555, 19.33071 ], [ -155.88555, 19.33077 ], [ -155.88547, 19.33083 ], [ -155.88548, 19.33086 ], [ -155.88562, 19.33093 ], [ -155.88564, 19.33097 ], [ -155.88563, 19.33099 ], [ -155.88551, 19.33097 ], [ -155.88536, 19.33102 ], [ -155.8854, 19.33115 ], [ -155.88522, 19.33137 ], [ -155.88529, 19.33153 ], [ -155.88528, 19.33159 ], [ -155.88515, 19.33166 ], [ -155.88509, 19.33176 ], [ -155.88503, 19.33182 ], [ -155.88486, 19.33191 ], [ -155.88479, 19.33206 ], [ -155.88457, 19.33214 ], [ -155.88451, 19.33216 ], [ -155.88442, 19.33222 ], [ -155.88425, 19.3324 ], [ -155.88411, 19.33266 ], [ -155.88406, 19.33285 ], [ -155.88407, 19.33301 ], [ -155.88418, 19.33325 ], [ -155.88447, 19.33345 ], [ -155.8845, 19.3335 ], [ -155.88438, 19.33363 ], [ -155.88434, 19.33376 ], [ -155.88433, 19.33383 ], [ -155.88438, 19.33396 ], [ -155.88447, 19.33408 ], [ -155.88451, 19.3341 ], [ -155.88455, 19.33414 ], [ -155.88466, 19.33417 ], [ -155.8847, 19.33423 ], [ -155.88468, 19.33431 ], [ -155.8847, 19.33446 ], [ -155.88479, 19.33465 ], [ -155.88474, 19.33481 ], [ -155.88487, 19.33511 ], [ -155.88486, 19.3352 ], [ -155.8849, 19.33544 ], [ -155.88494, 19.33575 ], [ -155.88491, 19.3359 ], [ -155.88492, 19.33637 ], [ -155.88492, 19.3365 ], [ -155.88491, 19.33668 ], [ -155.88494, 19.33673 ], [ -155.88487, 19.33686 ], [ -155.8848, 19.33709 ], [ -155.8848, 19.3372 ], [ -155.88487, 19.33742 ], [ -155.8851, 19.33779 ], [ -155.88516, 19.33786 ], [ -155.88519, 19.33797 ], [ -155.88514, 19.33806 ], [ -155.88514, 19.33815 ], [ -155.88522, 19.33825 ], [ -155.88526, 19.33829 ], [ -155.88532, 19.3383 ], [ -155.88533, 19.33834 ], [ -155.88528, 19.33842 ], [ -155.88527, 19.33848 ], [ -155.88529, 19.33861 ], [ -155.88528, 19.33876 ], [ -155.88523, 19.33882 ], [ -155.88527, 19.33939 ], [ -155.88538, 19.33979 ], [ -155.88566, 19.34009 ], [ -155.88582, 19.34017 ], [ -155.88593, 19.34027 ], [ -155.88605, 19.34043 ], [ -155.88607, 19.34054 ], [ -155.88605, 19.34063 ], [ -155.88609, 19.34078 ], [ -155.88604, 19.34087 ], [ -155.88609, 19.34095 ], [ -155.88605, 19.34108 ], [ -155.88609, 19.34116 ], [ -155.88604, 19.34128 ], [ -155.88605, 19.34138 ], [ -155.88608, 19.3414 ], [ -155.88597, 19.34172 ], [ -155.88597, 19.34192 ], [ -155.88591, 19.34211 ], [ -155.8859, 19.34234 ], [ -155.88595, 19.34242 ], [ -155.8862, 19.34255 ], [ -155.88624, 19.34262 ], [ -155.88623, 19.34272 ], [ -155.88626, 19.34281 ], [ -155.88626, 19.34287 ], [ -155.8862, 19.34294 ], [ -155.88602, 19.34313 ], [ -155.88602, 19.34335 ], [ -155.88597, 19.34345 ], [ -155.88594, 19.34359 ], [ -155.88597, 19.34374 ], [ -155.88598, 19.34378 ], [ -155.88601, 19.34387 ], [ -155.88594, 19.34407 ], [ -155.88593, 19.34421 ], [ -155.88586, 19.34436 ], [ -155.88582, 19.34453 ], [ -155.88578, 19.34459 ], [ -155.88579, 19.34474 ], [ -155.88585, 19.34484 ], [ -155.88591, 19.34491 ], [ -155.88604, 19.34519 ], [ -155.88602, 19.3452 ], [ -155.88605, 19.34535 ], [ -155.88605, 19.34544 ], [ -155.88618, 19.34553 ], [ -155.88614, 19.34582 ], [ -155.88617, 19.34598 ], [ -155.88642, 19.34611 ], [ -155.88663, 19.34614 ], [ -155.88667, 19.34619 ], [ -155.88666, 19.34631 ], [ -155.88667, 19.34641 ], [ -155.88677, 19.34659 ], [ -155.88694, 19.34667 ], [ -155.88704, 19.3468 ], [ -155.88711, 19.34695 ], [ -155.88711, 19.34707 ], [ -155.88718, 19.34719 ], [ -155.88717, 19.34731 ], [ -155.88726, 19.34747 ], [ -155.88733, 19.3475 ], [ -155.88739, 19.34761 ], [ -155.88736, 19.34771 ], [ -155.88741, 19.3478 ], [ -155.8874, 19.34791 ], [ -155.88728, 19.34812 ], [ -155.8873, 19.34815 ], [ -155.88733, 19.34819 ], [ -155.88726, 19.34834 ], [ -155.88732, 19.34852 ], [ -155.88736, 19.34858 ], [ -155.88744, 19.34859 ], [ -155.88763, 19.34871 ], [ -155.88773, 19.34878 ], [ -155.88794, 19.34909 ], [ -155.88798, 19.34914 ], [ -155.88805, 19.34932 ], [ -155.88802, 19.3494 ], [ -155.888, 19.34942 ], [ -155.88799, 19.34947 ], [ -155.88814, 19.3496 ], [ -155.88816, 19.34962 ], [ -155.88824, 19.34988 ], [ -155.88823, 19.34997 ], [ -155.88833, 19.35001 ], [ -155.88861, 19.34995 ], [ -155.88872, 19.34996 ], [ -155.88883, 19.35002 ], [ -155.88893, 19.35014 ], [ -155.88896, 19.35026 ], [ -155.88885, 19.35049 ], [ -155.88881, 19.35055 ], [ -155.88899, 19.35071 ], [ -155.88901, 19.35077 ], [ -155.88919, 19.35082 ], [ -155.88919, 19.35087 ], [ -155.88915, 19.35097 ], [ -155.88914, 19.35118 ], [ -155.88907, 19.35124 ], [ -155.88903, 19.35135 ], [ -155.88908, 19.35141 ], [ -155.88921, 19.35145 ], [ -155.88919, 19.35151 ], [ -155.88928, 19.35194 ], [ -155.88922, 19.35199 ], [ -155.88911, 19.352 ], [ -155.88907, 19.35202 ], [ -155.88906, 19.35206 ], [ -155.88913, 19.35244 ], [ -155.88917, 19.3525 ], [ -155.88932, 19.3525 ], [ -155.88948, 19.35242 ], [ -155.88955, 19.35247 ], [ -155.88965, 19.35248 ], [ -155.88969, 19.3525 ], [ -155.88969, 19.35254 ], [ -155.88964, 19.35263 ], [ -155.88945, 19.35264 ], [ -155.88932, 19.35269 ], [ -155.88923, 19.35285 ], [ -155.8892, 19.35307 ], [ -155.8892, 19.35311 ], [ -155.88902, 19.3532 ], [ -155.88895, 19.35327 ], [ -155.88892, 19.35336 ], [ -155.88897, 19.35376 ], [ -155.88904, 19.35393 ], [ -155.88923, 19.35406 ], [ -155.88941, 19.35431 ], [ -155.88952, 19.35436 ], [ -155.88959, 19.35437 ], [ -155.88979, 19.35477 ], [ -155.88985, 19.35481 ], [ -155.88995, 19.35483 ], [ -155.89001, 19.35486 ], [ -155.89012, 19.35496 ], [ -155.89013, 19.3551 ], [ -155.89021, 19.35518 ], [ -155.89037, 19.35526 ], [ -155.8905, 19.35542 ], [ -155.89049, 19.35553 ], [ -155.89047, 19.35559 ], [ -155.89051, 19.35564 ], [ -155.89049, 19.3557 ], [ -155.89052, 19.35585 ], [ -155.89082, 19.35628 ], [ -155.89059, 19.35645 ], [ -155.89061, 19.35649 ], [ -155.89071, 19.35656 ], [ -155.89073, 19.35672 ], [ -155.89047, 19.35681 ], [ -155.89029, 19.35685 ], [ -155.89028, 19.35689 ], [ -155.89075, 19.35703 ], [ -155.89076, 19.35706 ], [ -155.89071, 19.35713 ], [ -155.89074, 19.35716 ], [ -155.89086, 19.35721 ], [ -155.89096, 19.35736 ], [ -155.89098, 19.35737 ], [ -155.891, 19.35741 ], [ -155.89083, 19.3575 ], [ -155.89091, 19.35775 ], [ -155.89107, 19.35784 ], [ -155.89104, 19.35788 ], [ -155.89085, 19.35795 ], [ -155.89091, 19.35806 ], [ -155.8909, 19.35814 ], [ -155.89112, 19.35829 ], [ -155.89121, 19.35847 ], [ -155.89115, 19.35859 ], [ -155.89109, 19.35869 ], [ -155.89105, 19.35888 ], [ -155.89094, 19.359 ], [ -155.89063, 19.35918 ], [ -155.89055, 19.35928 ], [ -155.89054, 19.35942 ], [ -155.89068, 19.35961 ], [ -155.89072, 19.35978 ], [ -155.89089, 19.35996 ], [ -155.8909, 19.36003 ], [ -155.89089, 19.36016 ], [ -155.89088, 19.36022 ], [ -155.89085, 19.3603 ], [ -155.89088, 19.36036 ], [ -155.891, 19.36046 ], [ -155.89098, 19.36064 ], [ -155.89109, 19.36084 ], [ -155.89119, 19.36092 ], [ -155.8912, 19.36098 ], [ -155.89113, 19.36107 ], [ -155.891, 19.36119 ], [ -155.89101, 19.36124 ], [ -155.89127, 19.36125 ], [ -155.89134, 19.3613 ], [ -155.89123, 19.36142 ], [ -155.89123, 19.36144 ], [ -155.89131, 19.36156 ], [ -155.89128, 19.36168 ], [ -155.89142, 19.36185 ], [ -155.89137, 19.36195 ], [ -155.89137, 19.36198 ], [ -155.89164, 19.3621 ], [ -155.89186, 19.36209 ], [ -155.89211, 19.36202 ], [ -155.89219, 19.36204 ], [ -155.89222, 19.36208 ], [ -155.8921, 19.36225 ], [ -155.89206, 19.36233 ], [ -155.89208, 19.36243 ], [ -155.89201, 19.36252 ], [ -155.89194, 19.36269 ], [ -155.89199, 19.36282 ], [ -155.89206, 19.36292 ], [ -155.89202, 19.36299 ], [ -155.89203, 19.3632 ], [ -155.89201, 19.36362 ], [ -155.89202, 19.36367 ], [ -155.89213, 19.36372 ], [ -155.89214, 19.36375 ], [ -155.89219, 19.36384 ], [ -155.89224, 19.36396 ], [ -155.89235, 19.36403 ], [ -155.89239, 19.36409 ], [ -155.89252, 19.36422 ], [ -155.89279, 19.36435 ], [ -155.89289, 19.36456 ], [ -155.89312, 19.36474 ], [ -155.89317, 19.3648 ], [ -155.89324, 19.36498 ], [ -155.8933, 19.36503 ], [ -155.89341, 19.36503 ], [ -155.89344, 19.36505 ], [ -155.89346, 19.36511 ], [ -155.89342, 19.36529 ], [ -155.89346, 19.36542 ], [ -155.89351, 19.36545 ], [ -155.89356, 19.36553 ], [ -155.89368, 19.36559 ], [ -155.89373, 19.36564 ], [ -155.89371, 19.36566 ], [ -155.89374, 19.36569 ], [ -155.89375, 19.36574 ], [ -155.89372, 19.36584 ], [ -155.89359, 19.36595 ], [ -155.89359, 19.36598 ], [ -155.89365, 19.36601 ], [ -155.89385, 19.36611 ], [ -155.89384, 19.36621 ], [ -155.89389, 19.36623 ], [ -155.8939, 19.36626 ], [ -155.89388, 19.3663 ], [ -155.89385, 19.36631 ], [ -155.8938, 19.36637 ], [ -155.8938, 19.36641 ], [ -155.89395, 19.36644 ], [ -155.89402, 19.3665 ], [ -155.89396, 19.36658 ], [ -155.89401, 19.36662 ], [ -155.89402, 19.3667 ], [ -155.89405, 19.36686 ], [ -155.89408, 19.36687 ], [ -155.8941, 19.36696 ], [ -155.89408, 19.36698 ], [ -155.89413, 19.36705 ], [ -155.89417, 19.36721 ], [ -155.89419, 19.36724 ], [ -155.8941, 19.36732 ], [ -155.89424, 19.36733 ], [ -155.8945, 19.36749 ], [ -155.8945, 19.36753 ], [ -155.89436, 19.36769 ], [ -155.8944, 19.36769 ], [ -155.89445, 19.36775 ], [ -155.89444, 19.36782 ], [ -155.8945, 19.36787 ], [ -155.89451, 19.36789 ], [ -155.89436, 19.36797 ], [ -155.89437, 19.36798 ], [ -155.89447, 19.368 ], [ -155.89462, 19.36799 ], [ -155.89467, 19.36804 ], [ -155.89467, 19.36809 ], [ -155.8945, 19.36826 ], [ -155.89454, 19.36833 ], [ -155.89467, 19.36845 ], [ -155.89478, 19.36854 ], [ -155.89478, 19.36861 ], [ -155.89487, 19.36881 ], [ -155.89502, 19.36899 ], [ -155.8951, 19.3691 ], [ -155.89559, 19.36935 ], [ -155.89581, 19.3695 ], [ -155.89596, 19.36954 ], [ -155.89613, 19.36956 ], [ -155.89622, 19.3697 ], [ -155.8963, 19.36977 ], [ -155.89638, 19.36977 ], [ -155.89644, 19.36979 ], [ -155.89661, 19.36995 ], [ -155.89662, 19.37 ], [ -155.89671, 19.3701 ], [ -155.89708, 19.37008 ], [ -155.8971, 19.3701 ], [ -155.8973, 19.37019 ], [ -155.89733, 19.3704 ], [ -155.89738, 19.37051 ], [ -155.89737, 19.3706 ], [ -155.89711, 19.37082 ], [ -155.8971, 19.37084 ], [ -155.89715, 19.37092 ], [ -155.89697, 19.37139 ], [ -155.89705, 19.37151 ], [ -155.89701, 19.37153 ], [ -155.89674, 19.37158 ], [ -155.89664, 19.37163 ], [ -155.89649, 19.3716 ], [ -155.89638, 19.37164 ], [ -155.89615, 19.37183 ], [ -155.8961, 19.37199 ], [ -155.89614, 19.37218 ], [ -155.89632, 19.37244 ], [ -155.89638, 19.37252 ], [ -155.89635, 19.37275 ], [ -155.89639, 19.37287 ], [ -155.89665, 19.37311 ], [ -155.89665, 19.37316 ], [ -155.89653, 19.37333 ], [ -155.89658, 19.37342 ], [ -155.89673, 19.37342 ], [ -155.89679, 19.37348 ], [ -155.89686, 19.37361 ], [ -155.89685, 19.37365 ], [ -155.89676, 19.3737 ], [ -155.89674, 19.37377 ], [ -155.89663, 19.37383 ], [ -155.89661, 19.37386 ], [ -155.89658, 19.37401 ], [ -155.89648, 19.37408 ], [ -155.89645, 19.37417 ], [ -155.89655, 19.37443 ], [ -155.89648, 19.37458 ], [ -155.89644, 19.37463 ], [ -155.89612, 19.37478 ], [ -155.89591, 19.3749 ], [ -155.8957, 19.3751 ], [ -155.89548, 19.37545 ], [ -155.89542, 19.37565 ], [ -155.89539, 19.37601 ], [ -155.89547, 19.37638 ], [ -155.8955, 19.37648 ], [ -155.89576, 19.37675 ], [ -155.89601, 19.37699 ], [ -155.89604, 19.37705 ], [ -155.89606, 19.3772 ], [ -155.89608, 19.3774 ], [ -155.89619, 19.37772 ], [ -155.89638, 19.37803 ], [ -155.89648, 19.37813 ], [ -155.89653, 19.37825 ], [ -155.89668, 19.3784 ], [ -155.89687, 19.37876 ], [ -155.89702, 19.37898 ], [ -155.89705, 19.37902 ], [ -155.89706, 19.37888 ], [ -155.89774, 19.37934 ], [ -155.89783, 19.37953 ], [ -155.89827, 19.3796 ], [ -155.89881, 19.37963 ], [ -155.89923, 19.37971 ], [ -155.89975, 19.37965 ], [ -155.89981, 19.37966 ], [ -155.90014, 19.37988 ], [ -155.90015, 19.3799 ], [ -155.90028, 19.38001 ], [ -155.90047, 19.38007 ], [ -155.90054, 19.38018 ], [ -155.90069, 19.3804 ], [ -155.90077, 19.38051 ], [ -155.90075, 19.38062 ], [ -155.90089, 19.38065 ], [ -155.90091, 19.38068 ], [ -155.90092, 19.38079 ], [ -155.90098, 19.38083 ], [ -155.90096, 19.38088 ], [ -155.90102, 19.38103 ], [ -155.90114, 19.38112 ], [ -155.90114, 19.38125 ], [ -155.90121, 19.38141 ], [ -155.90123, 19.38149 ], [ -155.90141, 19.3816 ], [ -155.90142, 19.38169 ], [ -155.90137, 19.38181 ], [ -155.90142, 19.38196 ], [ -155.90148, 19.38202 ], [ -155.90149, 19.38206 ], [ -155.90142, 19.38215 ], [ -155.9013, 19.38225 ], [ -155.90128, 19.38229 ], [ -155.90134, 19.38239 ], [ -155.90145, 19.38247 ], [ -155.90138, 19.38262 ], [ -155.90139, 19.38271 ], [ -155.90135, 19.38284 ], [ -155.90145, 19.38297 ], [ -155.90136, 19.38305 ], [ -155.90134, 19.38312 ], [ -155.90134, 19.38322 ], [ -155.90131, 19.38327 ], [ -155.90131, 19.38339 ], [ -155.90138, 19.3835 ], [ -155.90147, 19.38358 ], [ -155.90152, 19.38366 ], [ -155.90151, 19.38372 ], [ -155.90146, 19.38378 ], [ -155.90132, 19.38385 ], [ -155.90135, 19.38392 ], [ -155.90139, 19.38398 ], [ -155.90154, 19.38403 ], [ -155.90168, 19.38421 ], [ -155.90169, 19.38424 ], [ -155.9016, 19.38437 ], [ -155.90147, 19.38443 ], [ -155.90145, 19.38448 ], [ -155.9016, 19.38467 ], [ -155.90168, 19.38475 ], [ -155.90171, 19.38486 ], [ -155.90169, 19.38494 ], [ -155.90161, 19.38507 ], [ -155.90157, 19.38522 ], [ -155.9016, 19.38545 ], [ -155.90171, 19.3856 ], [ -155.9018, 19.38567 ], [ -155.90197, 19.38597 ], [ -155.90201, 19.38607 ], [ -155.902, 19.38645 ], [ -155.90204, 19.38651 ], [ -155.90217, 19.38659 ], [ -155.90222, 19.38671 ], [ -155.90238, 19.38686 ], [ -155.90264, 19.38703 ], [ -155.90275, 19.38711 ], [ -155.90309, 19.38743 ], [ -155.90315, 19.38754 ], [ -155.90318, 19.38773 ], [ -155.90344, 19.38801 ], [ -155.90381, 19.3883 ], [ -155.90412, 19.38848 ], [ -155.90469, 19.38861 ], [ -155.90486, 19.3886 ], [ -155.90497, 19.38867 ], [ -155.90514, 19.38889 ], [ -155.90526, 19.38892 ], [ -155.90528, 19.38896 ], [ -155.90525, 19.38906 ], [ -155.90527, 19.38912 ], [ -155.90535, 19.3892 ], [ -155.90549, 19.38924 ], [ -155.90561, 19.38927 ], [ -155.90579, 19.38924 ], [ -155.90585, 19.3893 ], [ -155.90587, 19.38943 ], [ -155.90604, 19.38949 ], [ -155.90605, 19.38951 ], [ -155.90601, 19.38958 ], [ -155.90608, 19.3896 ], [ -155.90612, 19.38959 ], [ -155.90625, 19.38973 ], [ -155.90633, 19.38975 ], [ -155.9064, 19.38982 ], [ -155.9064, 19.38987 ], [ -155.90636, 19.38997 ], [ -155.90643, 19.39004 ], [ -155.90648, 19.39015 ], [ -155.90667, 19.39035 ], [ -155.90677, 19.39041 ], [ -155.90679, 19.39045 ], [ -155.90675, 19.39051 ], [ -155.90697, 19.39064 ], [ -155.90718, 19.39085 ], [ -155.90728, 19.39083 ], [ -155.90739, 19.39096 ], [ -155.90747, 19.391 ], [ -155.90741, 19.39119 ], [ -155.90749, 19.39131 ], [ -155.90757, 19.39137 ], [ -155.90762, 19.39154 ], [ -155.90771, 19.39166 ], [ -155.90774, 19.39178 ], [ -155.90782, 19.39205 ], [ -155.90788, 19.39215 ], [ -155.90794, 19.39243 ], [ -155.90804, 19.39255 ], [ -155.90828, 19.39269 ], [ -155.90836, 19.39273 ], [ -155.90864, 19.39301 ], [ -155.90888, 19.39321 ], [ -155.90904, 19.39342 ], [ -155.90917, 19.39366 ], [ -155.90928, 19.39405 ], [ -155.90935, 19.39449 ], [ -155.90949, 19.39494 ], [ -155.90954, 19.39514 ], [ -155.90972, 19.39538 ], [ -155.90989, 19.39538 ], [ -155.90994, 19.39539 ], [ -155.90984, 19.39554 ], [ -155.90986, 19.39559 ], [ -155.90997, 19.39559 ], [ -155.91008, 19.39556 ], [ -155.91012, 19.39558 ], [ -155.91001, 19.39567 ], [ -155.90997, 19.39568 ], [ -155.90993, 19.39575 ], [ -155.90996, 19.39583 ], [ -155.91007, 19.39589 ], [ -155.91021, 19.39593 ], [ -155.91032, 19.39604 ], [ -155.91048, 19.3961 ], [ -155.91053, 19.39625 ], [ -155.91062, 19.39632 ], [ -155.91063, 19.39651 ], [ -155.91066, 19.39655 ], [ -155.91089, 19.39661 ], [ -155.9109, 19.39665 ], [ -155.91089, 19.39668 ], [ -155.91082, 19.39673 ], [ -155.91061, 19.39678 ], [ -155.91053, 19.39683 ], [ -155.91054, 19.39691 ], [ -155.91068, 19.39705 ], [ -155.91067, 19.39723 ], [ -155.9108, 19.39731 ], [ -155.91084, 19.39732 ], [ -155.91086, 19.39736 ], [ -155.91083, 19.39747 ], [ -155.91088, 19.39758 ], [ -155.91066, 19.39773 ], [ -155.91066, 19.39775 ], [ -155.91073, 19.39781 ], [ -155.91093, 19.39781 ], [ -155.91095, 19.39783 ], [ -155.91097, 19.39796 ], [ -155.91113, 19.39801 ], [ -155.91116, 19.39803 ], [ -155.91113, 19.39808 ], [ -155.91104, 19.39813 ], [ -155.91091, 19.39815 ], [ -155.91086, 19.3982 ], [ -155.91086, 19.39822 ], [ -155.91094, 19.39829 ], [ -155.91092, 19.39842 ], [ -155.91103, 19.3985 ], [ -155.91103, 19.39857 ], [ -155.91099, 19.39863 ], [ -155.91099, 19.39868 ], [ -155.91104, 19.3988 ], [ -155.91103, 19.39888 ], [ -155.91099, 19.39895 ], [ -155.91083, 19.3991 ], [ -155.9108, 19.39924 ], [ -155.91076, 19.3993 ], [ -155.91063, 19.39935 ], [ -155.91058, 19.39942 ], [ -155.91041, 19.39992 ], [ -155.91023, 19.40021 ], [ -155.91019, 19.40038 ], [ -155.91008, 19.40054 ], [ -155.90999, 19.40098 ], [ -155.9099, 19.4011 ], [ -155.90963, 19.40117 ], [ -155.90949, 19.40123 ], [ -155.90943, 19.40132 ], [ -155.90942, 19.4014 ], [ -155.9095, 19.40154 ], [ -155.9095, 19.40157 ], [ -155.90934, 19.40155 ], [ -155.90928, 19.40162 ], [ -155.90927, 19.4017 ], [ -155.90917, 19.40174 ], [ -155.90913, 19.40186 ], [ -155.9091, 19.40188 ], [ -155.90892, 19.40191 ], [ -155.90879, 19.402 ], [ -155.90872, 19.40209 ], [ -155.90873, 19.40225 ], [ -155.90876, 19.40234 ], [ -155.90872, 19.40237 ], [ -155.90862, 19.40241 ], [ -155.9085, 19.40276 ], [ -155.90854, 19.40293 ], [ -155.90851, 19.40296 ], [ -155.90837, 19.40303 ], [ -155.90834, 19.40309 ], [ -155.90838, 19.40321 ], [ -155.90843, 19.40328 ], [ -155.90844, 19.40335 ], [ -155.90838, 19.40343 ], [ -155.90816, 19.4036 ], [ -155.90809, 19.40366 ], [ -155.90786, 19.40369 ], [ -155.90787, 19.40373 ], [ -155.90793, 19.40379 ], [ -155.90793, 19.40382 ], [ -155.90789, 19.40383 ], [ -155.90775, 19.40381 ], [ -155.90769, 19.40383 ], [ -155.90765, 19.40393 ], [ -155.90742, 19.40398 ], [ -155.90713, 19.40416 ], [ -155.90713, 19.40424 ], [ -155.90715, 19.40429 ], [ -155.90732, 19.4044 ], [ -155.90733, 19.40442 ], [ -155.9073, 19.40444 ], [ -155.90715, 19.40445 ], [ -155.90711, 19.40445 ], [ -155.90706, 19.40455 ], [ -155.90695, 19.4046 ], [ -155.90692, 19.40469 ], [ -155.9069, 19.40495 ], [ -155.90682, 19.40509 ], [ -155.90661, 19.40532 ], [ -155.90647, 19.40569 ], [ -155.90659, 19.40587 ], [ -155.90658, 19.40613 ], [ -155.90669, 19.40624 ], [ -155.90673, 19.40633 ], [ -155.90677, 19.40661 ], [ -155.90676, 19.40672 ], [ -155.90676, 19.40687 ], [ -155.90665, 19.40719 ], [ -155.90664, 19.40755 ], [ -155.90658, 19.40772 ], [ -155.90653, 19.40779 ], [ -155.90627, 19.40801 ], [ -155.90616, 19.40808 ], [ -155.90616, 19.40816 ], [ -155.90613, 19.40818 ], [ -155.90599, 19.40814 ], [ -155.90584, 19.40821 ], [ -155.9058, 19.40836 ], [ -155.9057, 19.40847 ], [ -155.90561, 19.40847 ], [ -155.90557, 19.40849 ], [ -155.90544, 19.40868 ], [ -155.90539, 19.40873 ], [ -155.90539, 19.40878 ], [ -155.9055, 19.40889 ], [ -155.90557, 19.40897 ], [ -155.90556, 19.40899 ], [ -155.90548, 19.40896 ], [ -155.90541, 19.40901 ], [ -155.90537, 19.4091 ], [ -155.90538, 19.40925 ], [ -155.90544, 19.40933 ], [ -155.90532, 19.40954 ], [ -155.90539, 19.40963 ], [ -155.90533, 19.40978 ], [ -155.90537, 19.40991 ], [ -155.90535, 19.40995 ], [ -155.90514, 19.41003 ], [ -155.90496, 19.41008 ], [ -155.90488, 19.41015 ], [ -155.90486, 19.41031 ], [ -155.90492, 19.4105 ], [ -155.90495, 19.41059 ], [ -155.90505, 19.41077 ], [ -155.90511, 19.41109 ], [ -155.90514, 19.41136 ], [ -155.90515, 19.41143 ], [ -155.90526, 19.41165 ], [ -155.90534, 19.41172 ], [ -155.90554, 19.41168 ], [ -155.90562, 19.41166 ], [ -155.90573, 19.4115 ], [ -155.9058, 19.41151 ], [ -155.90587, 19.41162 ], [ -155.90588, 19.41169 ], [ -155.90596, 19.41184 ], [ -155.90618, 19.41202 ], [ -155.90619, 19.41215 ], [ -155.90623, 19.41222 ], [ -155.90644, 19.41235 ], [ -155.90643, 19.41237 ], [ -155.90609, 19.41241 ], [ -155.9059, 19.41249 ], [ -155.90584, 19.41258 ], [ -155.90585, 19.41268 ], [ -155.90592, 19.41285 ], [ -155.90602, 19.41293 ], [ -155.90627, 19.41306 ], [ -155.90632, 19.41315 ], [ -155.9063, 19.41341 ], [ -155.90627, 19.41345 ], [ -155.9062, 19.41346 ], [ -155.90616, 19.41348 ], [ -155.90614, 19.41351 ], [ -155.90625, 19.41368 ], [ -155.90626, 19.41384 ], [ -155.90627, 19.41402 ], [ -155.90655, 19.41444 ], [ -155.90658, 19.41463 ], [ -155.90659, 19.41479 ], [ -155.90671, 19.41489 ], [ -155.90675, 19.41491 ], [ -155.90685, 19.41503 ], [ -155.90702, 19.41508 ], [ -155.9071, 19.41515 ], [ -155.90718, 19.41529 ], [ -155.90736, 19.41533 ], [ -155.90748, 19.41531 ], [ -155.90753, 19.41528 ], [ -155.90769, 19.41505 ], [ -155.90791, 19.41491 ], [ -155.90795, 19.4149 ], [ -155.90802, 19.415 ], [ -155.90811, 19.41505 ], [ -155.90813, 19.41522 ], [ -155.90821, 19.41525 ], [ -155.90826, 19.41525 ], [ -155.90841, 19.41534 ], [ -155.90851, 19.41539 ], [ -155.90856, 19.41554 ], [ -155.90863, 19.4156 ], [ -155.90871, 19.41558 ], [ -155.90883, 19.4154 ], [ -155.90892, 19.41537 ], [ -155.90893, 19.41544 ], [ -155.90884, 19.41554 ], [ -155.9089, 19.41567 ], [ -155.90907, 19.41588 ], [ -155.90921, 19.41594 ], [ -155.90935, 19.4161 ], [ -155.9094, 19.41617 ], [ -155.90952, 19.41619 ], [ -155.90958, 19.41615 ], [ -155.90962, 19.41595 ], [ -155.90966, 19.41593 ], [ -155.90978, 19.41595 ], [ -155.90991, 19.4159 ], [ -155.90997, 19.41587 ], [ -155.91047, 19.41614 ], [ -155.91056, 19.4163 ], [ -155.9106, 19.41632 ], [ -155.91074, 19.41635 ], [ -155.91092, 19.41652 ], [ -155.91106, 19.41658 ], [ -155.91121, 19.41655 ], [ -155.9113, 19.41661 ], [ -155.91133, 19.41666 ], [ -155.91132, 19.41686 ], [ -155.91141, 19.41702 ], [ -155.91176, 19.41705 ], [ -155.9119, 19.41711 ], [ -155.91204, 19.41723 ], [ -155.9122, 19.41745 ], [ -155.9124, 19.41762 ], [ -155.91245, 19.41764 ], [ -155.91268, 19.41765 ], [ -155.91273, 19.41766 ], [ -155.91271, 19.41792 ], [ -155.91268, 19.41809 ], [ -155.91267, 19.41824 ], [ -155.91276, 19.41846 ], [ -155.91276, 19.41849 ], [ -155.9126, 19.41864 ], [ -155.91261, 19.41885 ], [ -155.91267, 19.41901 ], [ -155.91282, 19.41917 ], [ -155.91289, 19.41921 ], [ -155.91301, 19.41916 ], [ -155.91314, 19.4191 ], [ -155.91326, 19.41912 ], [ -155.91332, 19.41918 ], [ -155.9135, 19.41925 ], [ -155.91368, 19.41928 ], [ -155.91372, 19.4193 ], [ -155.91385, 19.41945 ], [ -155.91398, 19.41951 ], [ -155.9141, 19.41953 ], [ -155.91414, 19.41957 ], [ -155.91414, 19.41967 ], [ -155.91422, 19.41972 ], [ -155.91432, 19.41974 ], [ -155.91435, 19.41978 ], [ -155.91439, 19.42002 ], [ -155.91443, 19.42013 ], [ -155.91439, 19.42016 ], [ -155.91426, 19.42018 ], [ -155.91424, 19.42021 ], [ -155.91424, 19.42025 ], [ -155.91435, 19.42037 ], [ -155.91435, 19.42041 ], [ -155.91425, 19.42046 ], [ -155.91396, 19.42046 ], [ -155.91389, 19.42052 ], [ -155.91386, 19.42066 ], [ -155.91383, 19.4208 ], [ -155.91385, 19.42089 ], [ -155.9138, 19.421 ], [ -155.91368, 19.42109 ], [ -155.91365, 19.42115 ], [ -155.91366, 19.4212 ], [ -155.91375, 19.42123 ], [ -155.91368, 19.42147 ], [ -155.91365, 19.42151 ], [ -155.91335, 19.42159 ], [ -155.91325, 19.42171 ], [ -155.91305, 19.42168 ], [ -155.9129, 19.42164 ], [ -155.91288, 19.4216 ], [ -155.91298, 19.4215 ], [ -155.91297, 19.42146 ], [ -155.91285, 19.42137 ], [ -155.91284, 19.42135 ], [ -155.9128, 19.42137 ], [ -155.91276, 19.42148 ], [ -155.9127, 19.42151 ], [ -155.91259, 19.42142 ], [ -155.91254, 19.42143 ], [ -155.91247, 19.42155 ], [ -155.91228, 19.42158 ], [ -155.91218, 19.42163 ], [ -155.91208, 19.42161 ], [ -155.91204, 19.42158 ], [ -155.91187, 19.42158 ], [ -155.91172, 19.4216 ], [ -155.91165, 19.42157 ], [ -155.9116, 19.42151 ], [ -155.91154, 19.42139 ], [ -155.9115, 19.42136 ], [ -155.91125, 19.4215 ], [ -155.91143, 19.42167 ], [ -155.91146, 19.42182 ], [ -155.91144, 19.42188 ], [ -155.91138, 19.42193 ], [ -155.91136, 19.42205 ], [ -155.91137, 19.42223 ], [ -155.91128, 19.42225 ], [ -155.91121, 19.42233 ], [ -155.91118, 19.42235 ], [ -155.91107, 19.42233 ], [ -155.91098, 19.42236 ], [ -155.91095, 19.4224 ], [ -155.9109, 19.42262 ], [ -155.91091, 19.42269 ], [ -155.91099, 19.42279 ], [ -155.91109, 19.4229 ], [ -155.91113, 19.42291 ], [ -155.91125, 19.42285 ], [ -155.91161, 19.42266 ], [ -155.91171, 19.42264 ], [ -155.91174, 19.42267 ], [ -155.91168, 19.42274 ], [ -155.91161, 19.42309 ], [ -155.91162, 19.42319 ], [ -155.91172, 19.42335 ], [ -155.91172, 19.42338 ], [ -155.91159, 19.4235 ], [ -155.91157, 19.42364 ], [ -155.91153, 19.42378 ], [ -155.91161, 19.42392 ], [ -155.91174, 19.42399 ], [ -155.91184, 19.42411 ], [ -155.91193, 19.42417 ], [ -155.91189, 19.42439 ], [ -155.91191, 19.42457 ], [ -155.91205, 19.42473 ], [ -155.91232, 19.42492 ], [ -155.91245, 19.42498 ], [ -155.91254, 19.42497 ], [ -155.91265, 19.42491 ], [ -155.91273, 19.42493 ], [ -155.91281, 19.42493 ], [ -155.91285, 19.42498 ], [ -155.91296, 19.42498 ], [ -155.91298, 19.42495 ], [ -155.91316, 19.42502 ], [ -155.91327, 19.42501 ], [ -155.91347, 19.42504 ], [ -155.91353, 19.4251 ], [ -155.91367, 19.42512 ], [ -155.9137, 19.42517 ], [ -155.9138, 19.42522 ], [ -155.91379, 19.4253 ], [ -155.91382, 19.42534 ], [ -155.91396, 19.42539 ], [ -155.91408, 19.42535 ], [ -155.91411, 19.42539 ], [ -155.91437, 19.42551 ], [ -155.91463, 19.42551 ], [ -155.91468, 19.4255 ], [ -155.91488, 19.42557 ], [ -155.91514, 19.42557 ], [ -155.91521, 19.42561 ], [ -155.9153, 19.42562 ], [ -155.91551, 19.4257 ], [ -155.91561, 19.4257 ], [ -155.91565, 19.42573 ], [ -155.9161, 19.42578 ], [ -155.91621, 19.42576 ], [ -155.91642, 19.4256 ], [ -155.91655, 19.42564 ], [ -155.91671, 19.4256 ], [ -155.91674, 19.42562 ], [ -155.91672, 19.4257 ], [ -155.91668, 19.42581 ], [ -155.91672, 19.42584 ], [ -155.91702, 19.42576 ], [ -155.91711, 19.42571 ], [ -155.91716, 19.42571 ], [ -155.91709, 19.42589 ], [ -155.91695, 19.42593 ], [ -155.91693, 19.42598 ], [ -155.91694, 19.42602 ], [ -155.91702, 19.42607 ], [ -155.91719, 19.42603 ], [ -155.91731, 19.42606 ], [ -155.91742, 19.42601 ], [ -155.91744, 19.42605 ], [ -155.91731, 19.42619 ], [ -155.91728, 19.42629 ], [ -155.9173, 19.42647 ], [ -155.91734, 19.42657 ], [ -155.91742, 19.42664 ], [ -155.91753, 19.42666 ], [ -155.91756, 19.42665 ], [ -155.91762, 19.42674 ], [ -155.91773, 19.42671 ], [ -155.91786, 19.42688 ], [ -155.91799, 19.42692 ], [ -155.91795, 19.42698 ], [ -155.91797, 19.42705 ], [ -155.91805, 19.42713 ], [ -155.91806, 19.42718 ], [ -155.918, 19.42732 ], [ -155.91802, 19.42741 ], [ -155.91808, 19.42743 ], [ -155.91813, 19.42741 ], [ -155.91821, 19.42726 ], [ -155.91825, 19.42724 ], [ -155.91838, 19.42729 ], [ -155.91851, 19.42727 ], [ -155.91862, 19.42736 ], [ -155.9188, 19.4274 ], [ -155.9189, 19.42747 ], [ -155.9189, 19.42749 ], [ -155.91889, 19.42752 ], [ -155.91872, 19.42753 ], [ -155.91868, 19.42758 ], [ -155.91872, 19.42761 ], [ -155.91883, 19.4276 ], [ -155.91893, 19.42762 ], [ -155.91902, 19.4277 ], [ -155.91916, 19.42778 ], [ -155.91918, 19.42781 ], [ -155.91904, 19.42798 ], [ -155.91902, 19.42802 ], [ -155.91914, 19.42812 ], [ -155.91909, 19.42822 ], [ -155.91912, 19.42826 ], [ -155.91928, 19.42823 ], [ -155.91931, 19.42824 ], [ -155.91933, 19.42832 ], [ -155.91929, 19.42858 ], [ -155.91927, 19.42866 ], [ -155.91932, 19.42867 ], [ -155.91943, 19.4286 ], [ -155.9195, 19.4286 ], [ -155.91957, 19.42865 ], [ -155.91946, 19.42896 ], [ -155.91947, 19.42916 ], [ -155.91954, 19.42939 ], [ -155.91962, 19.42948 ], [ -155.91957, 19.42959 ], [ -155.91959, 19.42963 ], [ -155.9197, 19.42972 ], [ -155.91967, 19.4298 ], [ -155.91969, 19.42985 ], [ -155.91973, 19.42986 ], [ -155.91981, 19.42986 ], [ -155.91982, 19.42988 ], [ -155.91965, 19.43005 ], [ -155.91963, 19.4301 ], [ -155.91969, 19.43024 ], [ -155.91966, 19.43034 ], [ -155.91977, 19.43042 ], [ -155.91992, 19.43044 ], [ -155.92001, 19.43049 ], [ -155.92003, 19.43056 ], [ -155.92014, 19.43066 ], [ -155.92011, 19.43081 ], [ -155.92017, 19.43092 ], [ -155.92018, 19.4311 ], [ -155.92019, 19.43117 ], [ -155.9201, 19.43121 ], [ -155.92013, 19.43126 ], [ -155.92013, 19.43129 ], [ -155.92007, 19.43131 ], [ -155.92001, 19.43137 ], [ -155.92014, 19.43155 ], [ -155.92047, 19.43178 ], [ -155.92054, 19.43183 ], [ -155.92054, 19.43188 ], [ -155.92051, 19.43199 ], [ -155.92052, 19.43202 ], [ -155.92069, 19.43211 ], [ -155.92071, 19.43214 ], [ -155.92067, 19.43217 ], [ -155.9206, 19.43216 ], [ -155.92053, 19.4322 ], [ -155.9205, 19.43233 ], [ -155.92053, 19.43246 ], [ -155.92057, 19.43251 ], [ -155.92062, 19.43254 ], [ -155.92057, 19.43259 ], [ -155.92056, 19.43264 ], [ -155.92059, 19.43273 ], [ -155.92059, 19.43284 ], [ -155.92055, 19.43294 ], [ -155.92057, 19.43309 ], [ -155.92061, 19.43309 ], [ -155.92073, 19.43301 ], [ -155.92078, 19.433 ], [ -155.9209, 19.43302 ], [ -155.92091, 19.4331 ], [ -155.92086, 19.43315 ], [ -155.92073, 19.43317 ], [ -155.92061, 19.43329 ], [ -155.92051, 19.43332 ], [ -155.92046, 19.43336 ], [ -155.92046, 19.4334 ], [ -155.92049, 19.43342 ], [ -155.92077, 19.43342 ], [ -155.92086, 19.43349 ], [ -155.92069, 19.4336 ], [ -155.92067, 19.43372 ], [ -155.92073, 19.43388 ], [ -155.92075, 19.43396 ], [ -155.92072, 19.434 ], [ -155.92068, 19.434 ], [ -155.92064, 19.43404 ], [ -155.92064, 19.43414 ], [ -155.92072, 19.43422 ], [ -155.9207, 19.4343 ], [ -155.92071, 19.43437 ], [ -155.92086, 19.43446 ], [ -155.92086, 19.43458 ], [ -155.92092, 19.43463 ], [ -155.92105, 19.43465 ], [ -155.92108, 19.43468 ], [ -155.92105, 19.43471 ], [ -155.92093, 19.43478 ], [ -155.92092, 19.43482 ], [ -155.92099, 19.43495 ], [ -155.9211, 19.435 ], [ -155.92114, 19.43503 ], [ -155.92117, 19.43523 ], [ -155.9213, 19.43537 ], [ -155.92118, 19.43542 ], [ -155.92114, 19.43546 ], [ -155.92114, 19.43558 ], [ -155.92118, 19.43569 ], [ -155.92125, 19.43572 ], [ -155.92138, 19.43573 ], [ -155.92144, 19.43577 ], [ -155.9215, 19.43578 ], [ -155.92152, 19.43581 ], [ -155.92142, 19.43589 ], [ -155.92145, 19.43597 ], [ -155.92157, 19.43601 ], [ -155.92157, 19.43604 ], [ -155.9215, 19.43607 ], [ -155.92148, 19.43614 ], [ -155.92152, 19.43624 ], [ -155.92164, 19.43628 ], [ -155.92165, 19.4363 ], [ -155.92164, 19.43633 ], [ -155.92154, 19.43634 ], [ -155.92151, 19.43637 ], [ -155.92152, 19.43644 ], [ -155.9216, 19.43651 ], [ -155.92174, 19.43657 ], [ -155.92177, 19.4366 ], [ -155.92177, 19.43663 ], [ -155.92173, 19.43667 ], [ -155.92166, 19.43663 ], [ -155.92149, 19.43667 ], [ -155.92146, 19.43672 ], [ -155.92148, 19.43681 ], [ -155.92166, 19.43698 ], [ -155.92166, 19.43711 ], [ -155.92169, 19.43718 ], [ -155.92179, 19.43723 ], [ -155.92181, 19.43727 ], [ -155.92175, 19.43729 ], [ -155.92152, 19.43727 ], [ -155.92146, 19.43729 ], [ -155.92139, 19.43737 ], [ -155.92138, 19.43746 ], [ -155.9214, 19.43749 ], [ -155.92145, 19.43749 ], [ -155.92147, 19.43753 ], [ -155.92141, 19.43774 ], [ -155.92137, 19.43771 ], [ -155.92135, 19.43771 ], [ -155.92129, 19.43778 ], [ -155.92125, 19.43782 ], [ -155.92126, 19.43786 ], [ -155.92144, 19.43787 ], [ -155.92144, 19.43794 ], [ -155.92144, 19.43803 ], [ -155.92147, 19.43806 ], [ -155.92148, 19.43814 ], [ -155.92158, 19.4382 ], [ -155.92158, 19.43823 ], [ -155.92143, 19.43822 ], [ -155.92136, 19.4382 ], [ -155.92122, 19.43824 ], [ -155.92117, 19.43827 ], [ -155.92117, 19.43831 ], [ -155.92126, 19.43841 ], [ -155.92127, 19.43856 ], [ -155.92128, 19.4386 ], [ -155.92125, 19.4386 ], [ -155.92115, 19.43843 ], [ -155.92111, 19.43841 ], [ -155.92105, 19.43847 ], [ -155.92101, 19.43858 ], [ -155.92101, 19.43865 ], [ -155.92105, 19.4387 ], [ -155.92104, 19.43881 ], [ -155.9209, 19.43894 ], [ -155.9209, 19.43909 ], [ -155.92091, 19.43923 ], [ -155.92088, 19.43923 ], [ -155.92083, 19.43911 ], [ -155.92079, 19.43911 ], [ -155.92077, 19.43915 ], [ -155.92084, 19.43954 ], [ -155.92087, 19.43962 ], [ -155.92084, 19.43977 ], [ -155.92087, 19.4399 ], [ -155.92083, 19.4404 ], [ -155.92087, 19.44048 ], [ -155.92105, 19.4406 ], [ -155.92105, 19.44064 ], [ -155.92086, 19.44064 ], [ -155.92085, 19.4408 ], [ -155.92088, 19.44089 ], [ -155.92094, 19.44097 ], [ -155.92093, 19.44099 ], [ -155.92084, 19.44097 ], [ -155.9208, 19.44099 ], [ -155.92075, 19.44104 ], [ -155.92072, 19.44112 ], [ -155.92072, 19.4412 ], [ -155.92068, 19.4413 ], [ -155.92068, 19.44139 ], [ -155.92083, 19.44153 ], [ -155.92083, 19.44156 ], [ -155.92081, 19.44158 ], [ -155.92064, 19.4416 ], [ -155.92058, 19.44166 ], [ -155.92052, 19.44192 ], [ -155.92043, 19.44205 ], [ -155.92042, 19.44216 ], [ -155.92038, 19.44225 ], [ -155.92026, 19.44231 ], [ -155.92021, 19.44239 ], [ -155.92021, 19.44249 ], [ -155.92039, 19.44264 ], [ -155.92053, 19.44273 ], [ -155.92035, 19.44282 ], [ -155.92035, 19.44286 ], [ -155.92042, 19.44293 ], [ -155.92062, 19.44298 ], [ -155.92064, 19.443 ], [ -155.92063, 19.44303 ], [ -155.92046, 19.44312 ], [ -155.9205, 19.44332 ], [ -155.92053, 19.44339 ], [ -155.92069, 19.44348 ], [ -155.92072, 19.44353 ], [ -155.92068, 19.44356 ], [ -155.92059, 19.44359 ], [ -155.9205, 19.4437 ], [ -155.9205, 19.44373 ], [ -155.92052, 19.44376 ], [ -155.92068, 19.44386 ], [ -155.92079, 19.4439 ], [ -155.92093, 19.44391 ], [ -155.92094, 19.44396 ], [ -155.92061, 19.44395 ], [ -155.92051, 19.444 ], [ -155.92046, 19.44408 ], [ -155.9205, 19.4443 ], [ -155.92046, 19.44456 ], [ -155.92053, 19.4447 ], [ -155.9205, 19.44476 ], [ -155.92047, 19.4448 ], [ -155.92045, 19.44486 ], [ -155.92048, 19.44492 ], [ -155.92056, 19.44498 ], [ -155.9206, 19.44499 ], [ -155.92064, 19.44509 ], [ -155.92068, 19.44539 ], [ -155.9208, 19.44558 ], [ -155.92088, 19.44567 ], [ -155.92094, 19.44603 ], [ -155.92099, 19.44614 ], [ -155.9211, 19.44629 ], [ -155.9211, 19.44641 ], [ -155.92113, 19.4465 ], [ -155.92112, 19.44655 ], [ -155.92103, 19.44666 ], [ -155.92103, 19.4467 ], [ -155.92113, 19.44677 ], [ -155.92125, 19.44675 ], [ -155.92133, 19.44672 ], [ -155.92147, 19.44685 ], [ -155.92157, 19.44687 ], [ -155.92155, 19.44695 ], [ -155.92147, 19.44703 ], [ -155.92147, 19.44709 ], [ -155.92155, 19.4472 ], [ -155.92169, 19.44728 ], [ -155.92191, 19.44733 ], [ -155.92196, 19.44745 ], [ -155.92199, 19.44751 ], [ -155.92223, 19.44747 ], [ -155.92231, 19.44752 ], [ -155.92229, 19.44756 ], [ -155.9222, 19.44757 ], [ -155.92206, 19.44765 ], [ -155.92208, 19.44767 ], [ -155.92223, 19.44768 ], [ -155.92226, 19.4477 ], [ -155.92224, 19.44773 ], [ -155.9222, 19.44775 ], [ -155.92199, 19.44775 ], [ -155.92195, 19.44781 ], [ -155.92201, 19.44798 ], [ -155.92226, 19.44818 ], [ -155.92226, 19.44828 ], [ -155.92232, 19.4486 ], [ -155.92237, 19.44863 ], [ -155.92259, 19.44864 ], [ -155.92262, 19.44866 ], [ -155.92262, 19.44869 ], [ -155.9225, 19.44874 ], [ -155.92238, 19.44873 ], [ -155.92231, 19.44878 ], [ -155.92225, 19.44914 ], [ -155.92231, 19.44938 ], [ -155.92223, 19.44958 ], [ -155.92221, 19.44973 ], [ -155.92213, 19.4498 ], [ -155.92199, 19.45006 ], [ -155.92173, 19.45025 ], [ -155.92161, 19.45029 ], [ -155.92159, 19.45031 ], [ -155.92158, 19.45047 ], [ -155.92154, 19.45053 ], [ -155.92142, 19.45063 ], [ -155.92143, 19.45067 ], [ -155.92148, 19.45069 ], [ -155.92165, 19.45069 ], [ -155.92165, 19.45088 ], [ -155.92168, 19.45098 ], [ -155.92176, 19.45105 ], [ -155.92174, 19.45117 ], [ -155.92168, 19.45128 ], [ -155.92166, 19.45137 ], [ -155.92172, 19.45169 ], [ -155.92179, 19.45174 ], [ -155.92175, 19.45183 ], [ -155.92173, 19.452 ], [ -155.92178, 19.4521 ], [ -155.92188, 19.45219 ], [ -155.9219, 19.45225 ], [ -155.92185, 19.45234 ], [ -155.92177, 19.45236 ], [ -155.9217, 19.45241 ], [ -155.92169, 19.45246 ], [ -155.92176, 19.45252 ], [ -155.92188, 19.45258 ], [ -155.92193, 19.4527 ], [ -155.92187, 19.4527 ], [ -155.92183, 19.45277 ], [ -155.92185, 19.45297 ], [ -155.92191, 19.45317 ], [ -155.92193, 19.45333 ], [ -155.92208, 19.45368 ], [ -155.92209, 19.45384 ], [ -155.92233, 19.45421 ], [ -155.92269, 19.45496 ], [ -155.92287, 19.45517 ], [ -155.92332, 19.45556 ], [ -155.92333, 19.45558 ], [ -155.92316, 19.45557 ], [ -155.92317, 19.45562 ], [ -155.92324, 19.45568 ], [ -155.92338, 19.45573 ], [ -155.92345, 19.45569 ], [ -155.92348, 19.4557 ], [ -155.92358, 19.45586 ], [ -155.92368, 19.45589 ], [ -155.92365, 19.45602 ], [ -155.9236, 19.4561 ], [ -155.92369, 19.45621 ], [ -155.92382, 19.45615 ], [ -155.92393, 19.45617 ], [ -155.92397, 19.45627 ], [ -155.9241, 19.45633 ], [ -155.92413, 19.4565 ], [ -155.92415, 19.45654 ], [ -155.92415, 19.45669 ], [ -155.92421, 19.45672 ], [ -155.92436, 19.45676 ], [ -155.92443, 19.45684 ], [ -155.92444, 19.45691 ], [ -155.92439, 19.45699 ], [ -155.92427, 19.45708 ], [ -155.92429, 19.45718 ], [ -155.92434, 19.45723 ], [ -155.92448, 19.45717 ], [ -155.92482, 19.45725 ], [ -155.92491, 19.45729 ], [ -155.92538, 19.45741 ], [ -155.92551, 19.45754 ], [ -155.92555, 19.45759 ], [ -155.92564, 19.45766 ], [ -155.92568, 19.45765 ], [ -155.92568, 19.4576 ], [ -155.92556, 19.45746 ], [ -155.92554, 19.45741 ], [ -155.92559, 19.45731 ], [ -155.92578, 19.45725 ], [ -155.92583, 19.45724 ], [ -155.92601, 19.45734 ], [ -155.92618, 19.45734 ], [ -155.9263, 19.45738 ], [ -155.92633, 19.4574 ], [ -155.92622, 19.45755 ], [ -155.92632, 19.45767 ], [ -155.92639, 19.45776 ], [ -155.92649, 19.45786 ], [ -155.9266, 19.45787 ], [ -155.92671, 19.45792 ], [ -155.9269, 19.4579 ], [ -155.92704, 19.45793 ], [ -155.92733, 19.45819 ], [ -155.92751, 19.45847 ], [ -155.92756, 19.45853 ], [ -155.92766, 19.45859 ], [ -155.92776, 19.45881 ], [ -155.92781, 19.45886 ], [ -155.92793, 19.45885 ], [ -155.92798, 19.45883 ], [ -155.92802, 19.45889 ], [ -155.92801, 19.45897 ], [ -155.92803, 19.45899 ], [ -155.9282, 19.45893 ], [ -155.92824, 19.45896 ], [ -155.92828, 19.45902 ], [ -155.92828, 19.45927 ], [ -155.9282, 19.4593 ], [ -155.92811, 19.4593 ], [ -155.92806, 19.45947 ], [ -155.92799, 19.45955 ], [ -155.92784, 19.45952 ], [ -155.92772, 19.45948 ], [ -155.92751, 19.45953 ], [ -155.9274, 19.45946 ], [ -155.92725, 19.45953 ], [ -155.92723, 19.45959 ], [ -155.92729, 19.45962 ], [ -155.92754, 19.45964 ], [ -155.92767, 19.45976 ], [ -155.92767, 19.45988 ], [ -155.92776, 19.45999 ], [ -155.92774, 19.46002 ], [ -155.92769, 19.45999 ], [ -155.92762, 19.45989 ], [ -155.92747, 19.45982 ], [ -155.9274, 19.45974 ], [ -155.92735, 19.45975 ], [ -155.92734, 19.45987 ], [ -155.92732, 19.45992 ], [ -155.92729, 19.45993 ], [ -155.92722, 19.45977 ], [ -155.92706, 19.45963 ], [ -155.92699, 19.45965 ], [ -155.92689, 19.45988 ], [ -155.92687, 19.45988 ], [ -155.92686, 19.45973 ], [ -155.92682, 19.45969 ], [ -155.92679, 19.45969 ], [ -155.92668, 19.45975 ], [ -155.92669, 19.4598 ], [ -155.92674, 19.45986 ], [ -155.92664, 19.45985 ], [ -155.9266, 19.45987 ], [ -155.92655, 19.45993 ], [ -155.92655, 19.45998 ], [ -155.92659, 19.46 ], [ -155.92659, 19.46004 ], [ -155.92651, 19.46006 ], [ -155.92632, 19.46003 ], [ -155.92593, 19.4601 ], [ -155.92585, 19.46009 ], [ -155.9256, 19.4602 ], [ -155.92547, 19.46033 ], [ -155.92543, 19.46044 ], [ -155.92543, 19.46054 ], [ -155.92538, 19.46059 ], [ -155.92535, 19.46061 ], [ -155.92533, 19.46066 ], [ -155.92535, 19.46074 ], [ -155.92531, 19.4608 ], [ -155.92521, 19.46084 ], [ -155.92513, 19.46089 ], [ -155.92506, 19.46102 ], [ -155.92508, 19.46105 ], [ -155.92513, 19.46107 ], [ -155.92531, 19.46111 ], [ -155.92536, 19.46118 ], [ -155.92532, 19.4612 ], [ -155.92525, 19.46118 ], [ -155.92515, 19.46118 ], [ -155.92506, 19.46123 ], [ -155.92507, 19.46132 ], [ -155.92498, 19.46141 ], [ -155.92496, 19.46149 ], [ -155.92487, 19.46159 ], [ -155.92488, 19.46166 ], [ -155.92483, 19.46172 ], [ -155.92475, 19.46175 ], [ -155.92473, 19.46182 ], [ -155.92479, 19.46194 ], [ -155.92475, 19.46201 ], [ -155.92469, 19.46211 ], [ -155.9247, 19.46222 ], [ -155.92459, 19.46238 ], [ -155.92458, 19.4625 ], [ -155.92459, 19.46255 ], [ -155.92462, 19.4626 ], [ -155.92455, 19.46275 ], [ -155.9245, 19.46291 ], [ -155.92452, 19.46299 ], [ -155.9245, 19.46303 ], [ -155.92437, 19.46307 ], [ -155.92423, 19.46321 ], [ -155.92423, 19.46338 ], [ -155.9241, 19.46338 ], [ -155.92403, 19.4634 ], [ -155.92398, 19.46351 ], [ -155.92396, 19.46358 ], [ -155.92383, 19.46355 ], [ -155.92378, 19.46356 ], [ -155.92365, 19.46373 ], [ -155.92364, 19.4638 ], [ -155.92371, 19.46398 ], [ -155.92371, 19.46401 ], [ -155.92369, 19.46403 ], [ -155.92365, 19.46404 ], [ -155.92353, 19.46396 ], [ -155.9234, 19.46395 ], [ -155.92336, 19.46399 ], [ -155.92343, 19.46419 ], [ -155.92345, 19.46426 ], [ -155.92342, 19.46429 ], [ -155.9232, 19.46426 ], [ -155.92303, 19.46432 ], [ -155.92299, 19.46438 ], [ -155.92299, 19.46443 ], [ -155.92311, 19.46454 ], [ -155.92311, 19.46456 ], [ -155.92296, 19.46466 ], [ -155.92278, 19.46463 ], [ -155.9227, 19.46472 ], [ -155.92281, 19.46485 ], [ -155.92279, 19.46487 ], [ -155.92275, 19.46488 ], [ -155.9227, 19.46485 ], [ -155.92261, 19.4649 ], [ -155.92257, 19.46495 ], [ -155.92259, 19.46502 ], [ -155.92257, 19.46506 ], [ -155.92248, 19.46504 ], [ -155.9224, 19.46518 ], [ -155.92238, 19.46526 ], [ -155.92249, 19.46541 ], [ -155.92248, 19.4655 ], [ -155.9225, 19.46557 ], [ -155.92261, 19.46579 ], [ -155.92273, 19.46591 ], [ -155.92274, 19.466 ], [ -155.92261, 19.46612 ], [ -155.92251, 19.46628 ], [ -155.92203, 19.46689 ], [ -155.92192, 19.46698 ], [ -155.92193, 19.46701 ], [ -155.92198, 19.46706 ], [ -155.92203, 19.46705 ], [ -155.92203, 19.46708 ], [ -155.92194, 19.46713 ], [ -155.92177, 19.46714 ], [ -155.92173, 19.46718 ], [ -155.92169, 19.46736 ], [ -155.9217, 19.46741 ], [ -155.92173, 19.46744 ], [ -155.92181, 19.46745 ], [ -155.92194, 19.46743 ], [ -155.92196, 19.46745 ], [ -155.92186, 19.46759 ], [ -155.92184, 19.46766 ], [ -155.9218, 19.46766 ], [ -155.92177, 19.46762 ], [ -155.92173, 19.46761 ], [ -155.92169, 19.46763 ], [ -155.92168, 19.46773 ], [ -155.92161, 19.46781 ], [ -155.92158, 19.46788 ], [ -155.92158, 19.46811 ], [ -155.92165, 19.46829 ], [ -155.92177, 19.46836 ], [ -155.92193, 19.46839 ], [ -155.92202, 19.46828 ], [ -155.92208, 19.46827 ], [ -155.92218, 19.46828 ], [ -155.92222, 19.46832 ], [ -155.9222, 19.46838 ], [ -155.92216, 19.46842 ], [ -155.92206, 19.46862 ], [ -155.92188, 19.46887 ], [ -155.92186, 19.46894 ], [ -155.92174, 19.46903 ], [ -155.9216, 19.46906 ], [ -155.92154, 19.46912 ], [ -155.9214, 19.46915 ], [ -155.92125, 19.46911 ], [ -155.92122, 19.46911 ], [ -155.92118, 19.46924 ], [ -155.92116, 19.46936 ], [ -155.92123, 19.46939 ], [ -155.92131, 19.46938 ], [ -155.92135, 19.4694 ], [ -155.92138, 19.46954 ], [ -155.92139, 19.46956 ], [ -155.92143, 19.46956 ], [ -155.9215, 19.46953 ], [ -155.92164, 19.46952 ], [ -155.92183, 19.46956 ], [ -155.92206, 19.46964 ], [ -155.92214, 19.46982 ], [ -155.92228, 19.46985 ], [ -155.92234, 19.46974 ], [ -155.92237, 19.46973 ], [ -155.92253, 19.4698 ], [ -155.92257, 19.46987 ], [ -155.9227, 19.46996 ], [ -155.92277, 19.47006 ], [ -155.92274, 19.47015 ], [ -155.92275, 19.4702 ], [ -155.92281, 19.47029 ], [ -155.92271, 19.47041 ], [ -155.92269, 19.47051 ], [ -155.92259, 19.47061 ], [ -155.92255, 19.4707 ], [ -155.92257, 19.47084 ], [ -155.92254, 19.47088 ], [ -155.92231, 19.47099 ], [ -155.9222, 19.47114 ], [ -155.92223, 19.47117 ], [ -155.92239, 19.47114 ], [ -155.92235, 19.47119 ], [ -155.92222, 19.47126 ], [ -155.92195, 19.47125 ], [ -155.92191, 19.47128 ], [ -155.92188, 19.47136 ], [ -155.92181, 19.47139 ], [ -155.92176, 19.47138 ], [ -155.92164, 19.47124 ], [ -155.92159, 19.47125 ], [ -155.92155, 19.47129 ], [ -155.92143, 19.47125 ], [ -155.92137, 19.47132 ], [ -155.92128, 19.47135 ], [ -155.92125, 19.47138 ], [ -155.92122, 19.47149 ], [ -155.92118, 19.47155 ], [ -155.92115, 19.47154 ], [ -155.92112, 19.47137 ], [ -155.92107, 19.47128 ], [ -155.92095, 19.47119 ], [ -155.92092, 19.47103 ], [ -155.92088, 19.47102 ], [ -155.92077, 19.47118 ], [ -155.92063, 19.4712 ], [ -155.92055, 19.47118 ], [ -155.92049, 19.47123 ], [ -155.92039, 19.47142 ], [ -155.92031, 19.47145 ], [ -155.92016, 19.47142 ], [ -155.92006, 19.47143 ], [ -155.92002, 19.47148 ], [ -155.92002, 19.47155 ], [ -155.91994, 19.47158 ], [ -155.91992, 19.47162 ], [ -155.91984, 19.47165 ], [ -155.91969, 19.47163 ], [ -155.9195, 19.47169 ], [ -155.91928, 19.47165 ], [ -155.9192, 19.47166 ], [ -155.91915, 19.47172 ], [ -155.91918, 19.47186 ], [ -155.91912, 19.47195 ], [ -155.91882, 19.47213 ], [ -155.9187, 19.47227 ], [ -155.91865, 19.47251 ], [ -155.91864, 19.47258 ], [ -155.91873, 19.47268 ], [ -155.91882, 19.47302 ], [ -155.91889, 19.47313 ], [ -155.91896, 19.47318 ], [ -155.91923, 19.47326 ], [ -155.91935, 19.47324 ], [ -155.9194, 19.47322 ], [ -155.91944, 19.47327 ], [ -155.91944, 19.47344 ], [ -155.91955, 19.47358 ], [ -155.91963, 19.47365 ], [ -155.9196, 19.4737 ], [ -155.91961, 19.47386 ], [ -155.91969, 19.47404 ], [ -155.91984, 19.47421 ], [ -155.91987, 19.47435 ], [ -155.91986, 19.4745 ], [ -155.91987, 19.47473 ], [ -155.91988, 19.47485 ], [ -155.91985, 19.475 ], [ -155.91985, 19.47506 ], [ -155.91999, 19.47529 ], [ -155.92, 19.47539 ], [ -155.91995, 19.47545 ], [ -155.91974, 19.47558 ], [ -155.9197, 19.47563 ], [ -155.91967, 19.47618 ], [ -155.91982, 19.47635 ], [ -155.91984, 19.47659 ], [ -155.91989, 19.47665 ], [ -155.91991, 19.47673 ], [ -155.92039, 19.47734 ], [ -155.92058, 19.47762 ], [ -155.92061, 19.4777 ], [ -155.92082, 19.47796 ], [ -155.92104, 19.47816 ], [ -155.92116, 19.47828 ], [ -155.92123, 19.47844 ], [ -155.92142, 19.47861 ], [ -155.92187, 19.4788 ], [ -155.9224, 19.47896 ], [ -155.92262, 19.47902 ], [ -155.92292, 19.4792 ], [ -155.92307, 19.47922 ], [ -155.92327, 19.4793 ], [ -155.92343, 19.47933 ], [ -155.92376, 19.47956 ], [ -155.92431, 19.47986 ], [ -155.92492, 19.48025 ], [ -155.92562, 19.48052 ], [ -155.92624, 19.481 ], [ -155.92703, 19.48142 ], [ -155.92748, 19.48173 ], [ -155.92772, 19.48186 ], [ -155.92796, 19.48193 ], [ -155.92831, 19.48196 ], [ -155.92872, 19.4821 ], [ -155.92895, 19.48219 ], [ -155.92936, 19.48229 ], [ -155.92987, 19.48233 ], [ -155.93017, 19.48232 ], [ -155.93031, 19.48238 ], [ -155.93068, 19.48238 ], [ -155.93081, 19.48242 ], [ -155.93091, 19.4825 ], [ -155.93109, 19.48254 ], [ -155.93136, 19.48254 ], [ -155.9316, 19.48247 ], [ -155.93167, 19.48241 ], [ -155.9317, 19.48229 ], [ -155.93185, 19.48216 ], [ -155.93192, 19.48214 ], [ -155.93194, 19.48216 ], [ -155.93189, 19.48228 ], [ -155.93191, 19.48235 ], [ -155.93194, 19.48237 ], [ -155.93232, 19.48247 ], [ -155.93252, 19.48262 ], [ -155.93278, 19.4827 ], [ -155.93286, 19.48269 ], [ -155.93302, 19.48257 ], [ -155.93303, 19.48255 ], [ -155.93296, 19.48245 ], [ -155.93297, 19.48238 ], [ -155.93301, 19.48232 ], [ -155.93331, 19.48225 ], [ -155.93331, 19.48221 ], [ -155.93326, 19.48219 ], [ -155.93326, 19.48214 ], [ -155.93323, 19.48213 ], [ -155.93308, 19.48221 ], [ -155.93304, 19.48221 ], [ -155.93301, 19.48217 ], [ -155.93301, 19.48212 ], [ -155.93308, 19.48206 ], [ -155.93308, 19.48203 ], [ -155.93301, 19.48193 ], [ -155.93304, 19.48191 ], [ -155.93313, 19.48192 ], [ -155.93322, 19.48184 ], [ -155.93326, 19.48164 ], [ -155.93324, 19.48152 ], [ -155.93329, 19.48141 ], [ -155.93327, 19.48124 ], [ -155.93331, 19.48114 ], [ -155.93331, 19.48101 ], [ -155.9335, 19.48058 ], [ -155.93351, 19.48054 ], [ -155.93369, 19.48038 ], [ -155.93372, 19.48033 ], [ -155.93369, 19.48025 ], [ -155.93366, 19.48023 ], [ -155.93358, 19.48023 ], [ -155.93355, 19.48021 ], [ -155.93358, 19.48016 ], [ -155.93366, 19.48016 ], [ -155.93378, 19.48022 ], [ -155.93386, 19.48021 ], [ -155.93391, 19.48011 ], [ -155.93391, 19.48008 ], [ -155.93383, 19.48 ], [ -155.93384, 19.47985 ], [ -155.93381, 19.47978 ], [ -155.93372, 19.47972 ], [ -155.93366, 19.47959 ], [ -155.93357, 19.47951 ], [ -155.93353, 19.47944 ], [ -155.93355, 19.47931 ], [ -155.93361, 19.47925 ], [ -155.93372, 19.47919 ], [ -155.93371, 19.47917 ], [ -155.93378, 19.4791 ], [ -155.93388, 19.4791 ], [ -155.9339, 19.47907 ], [ -155.93373, 19.47896 ], [ -155.93374, 19.47893 ], [ -155.93382, 19.47891 ], [ -155.93387, 19.47888 ], [ -155.93389, 19.47879 ], [ -155.93383, 19.4787 ], [ -155.93384, 19.47867 ], [ -155.93389, 19.47866 ], [ -155.93396, 19.47871 ], [ -155.93401, 19.47887 ], [ -155.93403, 19.47886 ], [ -155.93407, 19.47879 ], [ -155.93435, 19.47873 ], [ -155.93448, 19.47877 ], [ -155.93464, 19.47875 ], [ -155.93466, 19.47869 ], [ -155.93483, 19.47872 ], [ -155.93497, 19.47868 ], [ -155.935, 19.4787 ], [ -155.93498, 19.47879 ], [ -155.93501, 19.4788 ], [ -155.93525, 19.47873 ], [ -155.93529, 19.47851 ], [ -155.93533, 19.47844 ], [ -155.93535, 19.47844 ], [ -155.93541, 19.47861 ], [ -155.93551, 19.47863 ], [ -155.9357, 19.47856 ], [ -155.93583, 19.47862 ], [ -155.93597, 19.47859 ], [ -155.93606, 19.47866 ], [ -155.93624, 19.47867 ], [ -155.9363, 19.4787 ], [ -155.93639, 19.4787 ], [ -155.9365, 19.47869 ], [ -155.93656, 19.47869 ], [ -155.93669, 19.47874 ], [ -155.93684, 19.47877 ], [ -155.93687, 19.47879 ], [ -155.93693, 19.47888 ], [ -155.93702, 19.47891 ], [ -155.93713, 19.47888 ], [ -155.93716, 19.4789 ], [ -155.9372, 19.479 ], [ -155.93722, 19.47903 ], [ -155.93725, 19.47906 ], [ -155.93732, 19.47915 ], [ -155.93743, 19.47915 ], [ -155.93749, 19.47918 ], [ -155.93746, 19.47925 ], [ -155.93727, 19.47925 ], [ -155.93738, 19.47939 ], [ -155.93743, 19.47953 ], [ -155.9376, 19.47948 ], [ -155.93769, 19.47955 ], [ -155.93771, 19.47963 ], [ -155.93769, 19.47968 ], [ -155.93771, 19.47977 ], [ -155.93778, 19.47985 ], [ -155.93785, 19.47985 ], [ -155.93792, 19.47982 ], [ -155.93797, 19.47984 ], [ -155.93798, 19.47994 ], [ -155.93814, 19.48005 ], [ -155.93836, 19.48 ], [ -155.93838, 19.48001 ], [ -155.93845, 19.48014 ], [ -155.93852, 19.48019 ], [ -155.93855, 19.48024 ], [ -155.93866, 19.48025 ], [ -155.93867, 19.48027 ], [ -155.93859, 19.48031 ], [ -155.93858, 19.48035 ], [ -155.93861, 19.48046 ], [ -155.93868, 19.48055 ], [ -155.93879, 19.48057 ], [ -155.93876, 19.48068 ], [ -155.93881, 19.48075 ], [ -155.93887, 19.4808 ], [ -155.93897, 19.48084 ], [ -155.93895, 19.48094 ], [ -155.93898, 19.48097 ], [ -155.93901, 19.48098 ], [ -155.93905, 19.48095 ], [ -155.93912, 19.48094 ], [ -155.93934, 19.48095 ], [ -155.93941, 19.48104 ], [ -155.93945, 19.48117 ], [ -155.93953, 19.48128 ], [ -155.9398, 19.48138 ], [ -155.93986, 19.48143 ], [ -155.94015, 19.48178 ], [ -155.94018, 19.48182 ], [ -155.94028, 19.48185 ], [ -155.94039, 19.48181 ], [ -155.94044, 19.48183 ], [ -155.94041, 19.48191 ], [ -155.94032, 19.48194 ], [ -155.94026, 19.48203 ], [ -155.94021, 19.48205 ], [ -155.94014, 19.48206 ], [ -155.9401, 19.48209 ], [ -155.94009, 19.48213 ], [ -155.94014, 19.48216 ], [ -155.94021, 19.48215 ], [ -155.94028, 19.48217 ], [ -155.94033, 19.48221 ], [ -155.94039, 19.48223 ], [ -155.94053, 19.48221 ], [ -155.9406, 19.48226 ], [ -155.94065, 19.48236 ], [ -155.94069, 19.48238 ], [ -155.94068, 19.48245 ], [ -155.9406, 19.48261 ], [ -155.94046, 19.48273 ], [ -155.94045, 19.48277 ], [ -155.94056, 19.48282 ], [ -155.94053, 19.48296 ], [ -155.94056, 19.483 ], [ -155.94063, 19.483 ], [ -155.94074, 19.48285 ], [ -155.94076, 19.4828 ], [ -155.94094, 19.48267 ], [ -155.94112, 19.48269 ], [ -155.94114, 19.48271 ], [ -155.94097, 19.48282 ], [ -155.94086, 19.48284 ], [ -155.94084, 19.48288 ], [ -155.94087, 19.48301 ], [ -155.94091, 19.48304 ], [ -155.94104, 19.48308 ], [ -155.94125, 19.4831 ], [ -155.94146, 19.48317 ], [ -155.94154, 19.48316 ], [ -155.94162, 19.48323 ], [ -155.94172, 19.48321 ], [ -155.94187, 19.48328 ], [ -155.94195, 19.48327 ], [ -155.94201, 19.48339 ], [ -155.94207, 19.48346 ], [ -155.94212, 19.48358 ], [ -155.94216, 19.48361 ], [ -155.94228, 19.48367 ], [ -155.9424, 19.48364 ], [ -155.94255, 19.48355 ], [ -155.9426, 19.48358 ], [ -155.94256, 19.48372 ], [ -155.94245, 19.4839 ], [ -155.94245, 19.48395 ], [ -155.9425, 19.48393 ], [ -155.94262, 19.48373 ], [ -155.94273, 19.48365 ], [ -155.94278, 19.48365 ], [ -155.9428, 19.48368 ], [ -155.9428, 19.48375 ], [ -155.94299, 19.48384 ], [ -155.94296, 19.48397 ], [ -155.94307, 19.48398 ], [ -155.94328, 19.48394 ], [ -155.94338, 19.48382 ], [ -155.94344, 19.48379 ], [ -155.94351, 19.4838 ], [ -155.94366, 19.48387 ], [ -155.9437, 19.48385 ], [ -155.94378, 19.48372 ], [ -155.94391, 19.48367 ], [ -155.94396, 19.48369 ], [ -155.94398, 19.48374 ], [ -155.94409, 19.48378 ], [ -155.94422, 19.48377 ], [ -155.94428, 19.4837 ], [ -155.94433, 19.48359 ], [ -155.94438, 19.48358 ], [ -155.94451, 19.48362 ], [ -155.94464, 19.48358 ], [ -155.94474, 19.48352 ], [ -155.94487, 19.48353 ], [ -155.94492, 19.48352 ], [ -155.94499, 19.4833 ], [ -155.94503, 19.48327 ], [ -155.94506, 19.48328 ], [ -155.94525, 19.48358 ], [ -155.94533, 19.48362 ], [ -155.94539, 19.48359 ], [ -155.94549, 19.48346 ], [ -155.94566, 19.48342 ], [ -155.94569, 19.48338 ], [ -155.94576, 19.48337 ], [ -155.94582, 19.4835 ], [ -155.94594, 19.48353 ], [ -155.94604, 19.48352 ], [ -155.9461, 19.48348 ], [ -155.94616, 19.48335 ], [ -155.94622, 19.48335 ], [ -155.94634, 19.48321 ], [ -155.94651, 19.48316 ], [ -155.94647, 19.48333 ], [ -155.94643, 19.4835 ], [ -155.94648, 19.48366 ], [ -155.94657, 19.48375 ], [ -155.94664, 19.48373 ], [ -155.94671, 19.48378 ], [ -155.94686, 19.48382 ], [ -155.94695, 19.48383 ], [ -155.94701, 19.4838 ], [ -155.94709, 19.48364 ], [ -155.94716, 19.48363 ], [ -155.94726, 19.48372 ], [ -155.94732, 19.48372 ], [ -155.94731, 19.48363 ], [ -155.94726, 19.48354 ], [ -155.94726, 19.48351 ], [ -155.94737, 19.48347 ], [ -155.94755, 19.48349 ], [ -155.94769, 19.48349 ], [ -155.94791, 19.48359 ], [ -155.94831, 19.48368 ], [ -155.9485, 19.48378 ], [ -155.94871, 19.48378 ], [ -155.94874, 19.48379 ], [ -155.94864, 19.48386 ], [ -155.94857, 19.4839 ], [ -155.94855, 19.48394 ], [ -155.94859, 19.48402 ], [ -155.94878, 19.4841 ], [ -155.94884, 19.48418 ], [ -155.94883, 19.48428 ], [ -155.94886, 19.48436 ], [ -155.94898, 19.48445 ], [ -155.949, 19.48449 ], [ -155.94896, 19.48467 ], [ -155.949, 19.48472 ], [ -155.94903, 19.48471 ], [ -155.9491, 19.48475 ], [ -155.94908, 19.48485 ], [ -155.94904, 19.48499 ], [ -155.94906, 19.48509 ], [ -155.94922, 19.48525 ], [ -155.94923, 19.48528 ], [ -155.94918, 19.48532 ], [ -155.94921, 19.48538 ], [ -155.94933, 19.48547 ], [ -155.9495, 19.48552 ], [ -155.94965, 19.48571 ], [ -155.94988, 19.48581 ], [ -155.95007, 19.48591 ], [ -155.9501, 19.48597 ], [ -155.95007, 19.48608 ], [ -155.95008, 19.4861 ], [ -155.95011, 19.48611 ], [ -155.95019, 19.48606 ], [ -155.95026, 19.48596 ], [ -155.9503, 19.48596 ], [ -155.95033, 19.48601 ], [ -155.9503, 19.48608 ], [ -155.9502, 19.48621 ], [ -155.95017, 19.48628 ], [ -155.95021, 19.48638 ], [ -155.9503, 19.48642 ], [ -155.95031, 19.48655 ], [ -155.95043, 19.48665 ], [ -155.95061, 19.48693 ], [ -155.95072, 19.48704 ], [ -155.95076, 19.48717 ], [ -155.95073, 19.48725 ], [ -155.95074, 19.48738 ], [ -155.95077, 19.48747 ], [ -155.95076, 19.48755 ], [ -155.95067, 19.48766 ], [ -155.95065, 19.48772 ], [ -155.9504, 19.4879 ], [ -155.95032, 19.48795 ], [ -155.9503, 19.48798 ], [ -155.95033, 19.48813 ], [ -155.95022, 19.48822 ], [ -155.95019, 19.48833 ], [ -155.95023, 19.48861 ], [ -155.95017, 19.48871 ], [ -155.95009, 19.48901 ], [ -155.95013, 19.48923 ], [ -155.95006, 19.48933 ], [ -155.95005, 19.4894 ], [ -155.95011, 19.48949 ], [ -155.95008, 19.48955 ], [ -155.95003, 19.48961 ], [ -155.95007, 19.48971 ], [ -155.95006, 19.48994 ], [ -155.94992, 19.49017 ], [ -155.94992, 19.49029 ], [ -155.95005, 19.49036 ], [ -155.94999, 19.49046 ], [ -155.95, 19.49058 ], [ -155.94996, 19.4906 ], [ -155.94991, 19.49069 ], [ -155.94993, 19.49086 ], [ -155.94994, 19.49092 ], [ -155.94981, 19.491 ], [ -155.94974, 19.49106 ], [ -155.94966, 19.49122 ], [ -155.94965, 19.49128 ], [ -155.94961, 19.49134 ], [ -155.94942, 19.49143 ], [ -155.9492, 19.49179 ], [ -155.9492, 19.4919 ], [ -155.94923, 19.49194 ], [ -155.94923, 19.49204 ], [ -155.94914, 19.49209 ], [ -155.94904, 19.49211 ], [ -155.949, 19.49219 ], [ -155.94897, 19.49228 ], [ -155.94896, 19.49242 ], [ -155.94889, 19.4925 ], [ -155.94872, 19.49257 ], [ -155.94866, 19.49277 ], [ -155.94853, 19.49288 ], [ -155.94849, 19.49291 ], [ -155.94848, 19.49294 ], [ -155.94857, 19.49318 ], [ -155.94856, 19.49344 ], [ -155.94873, 19.49369 ], [ -155.94883, 19.49393 ], [ -155.9488, 19.49406 ], [ -155.94881, 19.49415 ], [ -155.94878, 19.49442 ], [ -155.94866, 19.49477 ], [ -155.9485, 19.49505 ], [ -155.94827, 19.49511 ], [ -155.94823, 19.49516 ], [ -155.94819, 19.49547 ], [ -155.94804, 19.49568 ], [ -155.94794, 19.49597 ], [ -155.94794, 19.49607 ], [ -155.94803, 19.49631 ], [ -155.94816, 19.49648 ], [ -155.94848, 19.49671 ], [ -155.9486, 19.49679 ], [ -155.94883, 19.49679 ], [ -155.94885, 19.49688 ], [ -155.94888, 19.49689 ], [ -155.94908, 19.49686 ], [ -155.94912, 19.49687 ], [ -155.94913, 19.4969 ], [ -155.94909, 19.49697 ], [ -155.94898, 19.4972 ], [ -155.94898, 19.49727 ], [ -155.94909, 19.49738 ], [ -155.94925, 19.4974 ], [ -155.94948, 19.49735 ], [ -155.94968, 19.49737 ], [ -155.94986, 19.49749 ], [ -155.95007, 19.49755 ], [ -155.95012, 19.49759 ], [ -155.9501, 19.49762 ], [ -155.95001, 19.49768 ], [ -155.94989, 19.49784 ], [ -155.94982, 19.49789 ], [ -155.94977, 19.49797 ], [ -155.9498, 19.498 ], [ -155.95, 19.49804 ], [ -155.95008, 19.49808 ], [ -155.94992, 19.4983 ], [ -155.94989, 19.49841 ], [ -155.94991, 19.49847 ], [ -155.95004, 19.49892 ], [ -155.95018, 19.49901 ], [ -155.95025, 19.49901 ], [ -155.95031, 19.49902 ], [ -155.95032, 19.49906 ], [ -155.9503, 19.49913 ], [ -155.95033, 19.49919 ], [ -155.95051, 19.49927 ], [ -155.9505, 19.49934 ], [ -155.95038, 19.49946 ], [ -155.95034, 19.49955 ], [ -155.95035, 19.49978 ], [ -155.95028, 19.49994 ], [ -155.95028, 19.50006 ], [ -155.95035, 19.50026 ], [ -155.9503, 19.50039 ], [ -155.9503, 19.50052 ], [ -155.95046, 19.50083 ], [ -155.95044, 19.501 ], [ -155.95045, 19.50123 ], [ -155.95036, 19.50152 ], [ -155.9504, 19.50171 ], [ -155.95062, 19.502 ], [ -155.95061, 19.50219 ], [ -155.95066, 19.50229 ], [ -155.9507, 19.50231 ], [ -155.95076, 19.50231 ], [ -155.95094, 19.5023 ], [ -155.95116, 19.50234 ], [ -155.95126, 19.50242 ], [ -155.95129, 19.50249 ], [ -155.9513, 19.50268 ], [ -155.95121, 19.5033 ], [ -155.95111, 19.50363 ], [ -155.95112, 19.50374 ], [ -155.95119, 19.50379 ], [ -155.95143, 19.50378 ], [ -155.95154, 19.50372 ], [ -155.95168, 19.5036 ], [ -155.9518, 19.50355 ], [ -155.95187, 19.50354 ], [ -155.95191, 19.50358 ], [ -155.95199, 19.50373 ], [ -155.95202, 19.50385 ], [ -155.95214, 19.50409 ], [ -155.95214, 19.50422 ], [ -155.95217, 19.50427 ], [ -155.95214, 19.50431 ], [ -155.9521, 19.50433 ], [ -155.95194, 19.50434 ], [ -155.95172, 19.5044 ], [ -155.95154, 19.50452 ], [ -155.95133, 19.50473 ], [ -155.95115, 19.50516 ], [ -155.95111, 19.50555 ], [ -155.95102, 19.5058 ], [ -155.95098, 19.50611 ], [ -155.95093, 19.50639 ], [ -155.95094, 19.5066 ], [ -155.95098, 19.50685 ], [ -155.95116, 19.50702 ], [ -155.95125, 19.50704 ], [ -155.95154, 19.50715 ], [ -155.95158, 19.5071 ], [ -155.95172, 19.50707 ], [ -155.95206, 19.50708 ], [ -155.9522, 19.50715 ], [ -155.95233, 19.50714 ], [ -155.9525, 19.50728 ], [ -155.95255, 19.50749 ], [ -155.9526, 19.50757 ], [ -155.95274, 19.50764 ], [ -155.95286, 19.50753 ], [ -155.95289, 19.50753 ], [ -155.95284, 19.50764 ], [ -155.95281, 19.50771 ], [ -155.95292, 19.50784 ], [ -155.95309, 19.50795 ], [ -155.95329, 19.50802 ], [ -155.95333, 19.50814 ], [ -155.95322, 19.50832 ], [ -155.95321, 19.50841 ], [ -155.95325, 19.50846 ], [ -155.95336, 19.5084 ], [ -155.95344, 19.50842 ], [ -155.95346, 19.50847 ], [ -155.9534, 19.50856 ], [ -155.95345, 19.50863 ], [ -155.95367, 19.50876 ], [ -155.95398, 19.50888 ], [ -155.95404, 19.50892 ], [ -155.95418, 19.50909 ], [ -155.9544, 19.50916 ], [ -155.95445, 19.5092 ], [ -155.95445, 19.50928 ], [ -155.9544, 19.50934 ], [ -155.95436, 19.50944 ], [ -155.95439, 19.50952 ], [ -155.95438, 19.5096 ], [ -155.95432, 19.50973 ], [ -155.95434, 19.50978 ], [ -155.9543, 19.50998 ], [ -155.9544, 19.51012 ], [ -155.95446, 19.51026 ], [ -155.95445, 19.51034 ], [ -155.9545, 19.51041 ], [ -155.95464, 19.51042 ], [ -155.95482, 19.51047 ], [ -155.95505, 19.51061 ], [ -155.95516, 19.51062 ], [ -155.9553, 19.51059 ], [ -155.95536, 19.51053 ], [ -155.95542, 19.51053 ], [ -155.95552, 19.51059 ], [ -155.95554, 19.51059 ], [ -155.95555, 19.51066 ], [ -155.95537, 19.51096 ], [ -155.95546, 19.51105 ], [ -155.95563, 19.51127 ], [ -155.95577, 19.51141 ], [ -155.9559, 19.51142 ], [ -155.95602, 19.51151 ], [ -155.95594, 19.51166 ], [ -155.95596, 19.51179 ], [ -155.95605, 19.51193 ], [ -155.95612, 19.51201 ], [ -155.95628, 19.51204 ], [ -155.95632, 19.51208 ], [ -155.95628, 19.51219 ], [ -155.95643, 19.51235 ], [ -155.95652, 19.5124 ], [ -155.95661, 19.5124 ], [ -155.95679, 19.51227 ], [ -155.95683, 19.51228 ], [ -155.95687, 19.51231 ], [ -155.95694, 19.51241 ], [ -155.95694, 19.51253 ], [ -155.95685, 19.51259 ], [ -155.95684, 19.51263 ], [ -155.95689, 19.51269 ], [ -155.95719, 19.5129 ], [ -155.95738, 19.51297 ], [ -155.95761, 19.51299 ], [ -155.95778, 19.51293 ], [ -155.95788, 19.51293 ], [ -155.95812, 19.5131 ], [ -155.9582, 19.51312 ], [ -155.95843, 19.51315 ], [ -155.95868, 19.5133 ], [ -155.95876, 19.51332 ], [ -155.95903, 19.51331 ], [ -155.95911, 19.51335 ], [ -155.9592, 19.5134 ], [ -155.95924, 19.51351 ], [ -155.95935, 19.51362 ], [ -155.95956, 19.51369 ], [ -155.95961, 19.51379 ], [ -155.95961, 19.5139 ], [ -155.95964, 19.51395 ], [ -155.9597, 19.51401 ], [ -155.95971, 19.51421 ], [ -155.95963, 19.51431 ], [ -155.95944, 19.5144 ], [ -155.95941, 19.51448 ], [ -155.95954, 19.51458 ], [ -155.95962, 19.51464 ], [ -155.95962, 19.5147 ], [ -155.95949, 19.51485 ], [ -155.95953, 19.51492 ], [ -155.95953, 19.51499 ], [ -155.95944, 19.51507 ], [ -155.95942, 19.51516 ], [ -155.9595, 19.51523 ], [ -155.95971, 19.51533 ], [ -155.95974, 19.51539 ], [ -155.95962, 19.51558 ], [ -155.95959, 19.51571 ], [ -155.95957, 19.51611 ], [ -155.95952, 19.51623 ], [ -155.95955, 19.51629 ], [ -155.9596, 19.51628 ], [ -155.95967, 19.51625 ], [ -155.95981, 19.51628 ], [ -155.95985, 19.51632 ], [ -155.95986, 19.51635 ], [ -155.95983, 19.51641 ], [ -155.95976, 19.51646 ], [ -155.95974, 19.5165 ], [ -155.95975, 19.51658 ], [ -155.95977, 19.51662 ], [ -155.95989, 19.5167 ], [ -155.95988, 19.5168 ], [ -155.95997, 19.51691 ], [ -155.9601, 19.51697 ], [ -155.96014, 19.51701 ], [ -155.96011, 19.51708 ], [ -155.96014, 19.51716 ], [ -155.96012, 19.51722 ], [ -155.96015, 19.51726 ], [ -155.96021, 19.51729 ], [ -155.96022, 19.51733 ], [ -155.96003, 19.51737 ], [ -155.95999, 19.51742 ], [ -155.95998, 19.51748 ], [ -155.96002, 19.51757 ], [ -155.96012, 19.51762 ], [ -155.96013, 19.51775 ], [ -155.96016, 19.51778 ], [ -155.96027, 19.51781 ], [ -155.9603, 19.51784 ], [ -155.96029, 19.5179 ], [ -155.96013, 19.51803 ], [ -155.96011, 19.51817 ], [ -155.96013, 19.5182 ], [ -155.96025, 19.51835 ], [ -155.96025, 19.51846 ], [ -155.96028, 19.51852 ], [ -155.96038, 19.51852 ], [ -155.9605, 19.51852 ], [ -155.96046, 19.51869 ], [ -155.96043, 19.51873 ], [ -155.96035, 19.51875 ], [ -155.96033, 19.51878 ], [ -155.96033, 19.51881 ], [ -155.96045, 19.51885 ], [ -155.96042, 19.51893 ], [ -155.96027, 19.51908 ], [ -155.96024, 19.51917 ], [ -155.96027, 19.51931 ], [ -155.96045, 19.51949 ], [ -155.96042, 19.51953 ], [ -155.96023, 19.51957 ], [ -155.96017, 19.51959 ], [ -155.96009, 19.51976 ], [ -155.96, 19.51987 ], [ -155.96003, 19.51997 ], [ -155.96, 19.52 ], [ -155.95982, 19.52006 ], [ -155.95974, 19.52013 ], [ -155.9596, 19.52025 ], [ -155.959, 19.52053 ], [ -155.95897, 19.52057 ], [ -155.95905, 19.52068 ], [ -155.95901, 19.52073 ], [ -155.9589, 19.52068 ], [ -155.95881, 19.52067 ], [ -155.95876, 19.52075 ], [ -155.95877, 19.52087 ], [ -155.95866, 19.52097 ], [ -155.95869, 19.52115 ], [ -155.95862, 19.52116 ], [ -155.9585, 19.52123 ], [ -155.95836, 19.52116 ], [ -155.95829, 19.52115 ], [ -155.95819, 19.52118 ], [ -155.95804, 19.52129 ], [ -155.95787, 19.52134 ], [ -155.95781, 19.52146 ], [ -155.95783, 19.52154 ], [ -155.95779, 19.52158 ], [ -155.95776, 19.52165 ], [ -155.95759, 19.52163 ], [ -155.95753, 19.52163 ], [ -155.95746, 19.52169 ], [ -155.95736, 19.52172 ], [ -155.95734, 19.52178 ], [ -155.95727, 19.52183 ], [ -155.95728, 19.52191 ], [ -155.9574, 19.52203 ], [ -155.95741, 19.52211 ], [ -155.95736, 19.52215 ], [ -155.95721, 19.52215 ], [ -155.95714, 19.52217 ], [ -155.95702, 19.52225 ], [ -155.957, 19.52232 ], [ -155.95699, 19.52258 ], [ -155.95692, 19.52272 ], [ -155.95692, 19.52285 ], [ -155.95667, 19.52292 ], [ -155.95663, 19.52297 ], [ -155.95662, 19.52312 ], [ -155.95658, 19.52315 ], [ -155.95647, 19.52318 ], [ -155.95644, 19.52322 ], [ -155.95645, 19.52328 ], [ -155.95644, 19.5233 ], [ -155.95635, 19.52332 ], [ -155.95629, 19.52346 ], [ -155.95636, 19.52361 ], [ -155.95636, 19.52366 ], [ -155.95634, 19.52369 ], [ -155.95624, 19.52374 ], [ -155.95613, 19.52395 ], [ -155.95616, 19.52401 ], [ -155.95626, 19.52407 ], [ -155.95629, 19.52412 ], [ -155.95619, 19.52415 ], [ -155.95606, 19.52427 ], [ -155.95605, 19.52432 ], [ -155.95609, 19.52443 ], [ -155.95607, 19.52452 ], [ -155.95594, 19.52459 ], [ -155.95592, 19.52465 ], [ -155.95602, 19.52482 ], [ -155.956, 19.52485 ], [ -155.95584, 19.52495 ], [ -155.95584, 19.52506 ], [ -155.95598, 19.52516 ], [ -155.95599, 19.5252 ], [ -155.95591, 19.52528 ], [ -155.95591, 19.52538 ], [ -155.95598, 19.52545 ], [ -155.95609, 19.52549 ], [ -155.95613, 19.52557 ], [ -155.95606, 19.52582 ], [ -155.95608, 19.52588 ], [ -155.95605, 19.52602 ], [ -155.95612, 19.5262 ], [ -155.95623, 19.52631 ], [ -155.95629, 19.52638 ], [ -155.95626, 19.52646 ], [ -155.95632, 19.52652 ], [ -155.95632, 19.52655 ], [ -155.95623, 19.5267 ], [ -155.95631, 19.52679 ], [ -155.95648, 19.52686 ], [ -155.95648, 19.52694 ], [ -155.95644, 19.527 ], [ -155.95633, 19.5271 ], [ -155.95624, 19.52721 ], [ -155.95624, 19.52729 ], [ -155.95628, 19.52735 ], [ -155.95643, 19.52745 ], [ -155.9564, 19.5275 ], [ -155.95629, 19.52789 ], [ -155.9563, 19.52794 ], [ -155.95641, 19.52803 ], [ -155.9564, 19.52815 ], [ -155.95636, 19.5283 ], [ -155.95637, 19.5284 ], [ -155.95645, 19.5285 ], [ -155.95645, 19.5287 ], [ -155.9565, 19.5288 ], [ -155.9567, 19.52893 ], [ -155.95669, 19.5291 ], [ -155.9567, 19.52923 ], [ -155.95678, 19.52935 ], [ -155.95688, 19.52943 ], [ -155.95713, 19.52952 ], [ -155.95718, 19.52959 ], [ -155.95714, 19.5297 ], [ -155.95708, 19.52975 ], [ -155.95701, 19.52984 ], [ -155.95694, 19.52986 ], [ -155.95687, 19.5299 ], [ -155.95682, 19.53001 ], [ -155.95665, 19.53009 ], [ -155.95663, 19.53013 ], [ -155.95658, 19.53017 ], [ -155.95644, 19.53016 ], [ -155.95628, 19.53018 ], [ -155.95622, 19.53022 ], [ -155.95618, 19.5303 ], [ -155.9562, 19.53041 ], [ -155.9563, 19.53055 ], [ -155.95639, 19.53076 ], [ -155.95635, 19.53103 ], [ -155.95612, 19.53161 ], [ -155.95612, 19.53172 ], [ -155.95618, 19.53185 ], [ -155.95617, 19.5319 ], [ -155.95614, 19.53192 ], [ -155.95597, 19.53198 ], [ -155.95581, 19.53207 ], [ -155.95571, 19.53224 ], [ -155.95572, 19.53233 ], [ -155.95577, 19.53239 ], [ -155.95607, 19.53243 ], [ -155.95614, 19.53248 ], [ -155.95619, 19.53258 ], [ -155.95621, 19.53282 ], [ -155.95615, 19.53295 ], [ -155.95611, 19.53309 ], [ -155.95625, 19.5332 ], [ -155.95622, 19.53327 ], [ -155.95619, 19.5334 ], [ -155.95625, 19.53354 ], [ -155.95643, 19.53364 ], [ -155.9565, 19.53378 ], [ -155.95662, 19.53385 ], [ -155.95674, 19.53397 ], [ -155.95673, 19.5341 ], [ -155.95679, 19.53419 ], [ -155.95685, 19.53422 ], [ -155.95703, 19.53423 ], [ -155.95707, 19.53429 ], [ -155.95698, 19.53441 ], [ -155.95691, 19.53454 ], [ -155.95694, 19.53466 ], [ -155.95708, 19.53487 ], [ -155.95707, 19.53493 ], [ -155.95712, 19.53512 ], [ -155.95722, 19.53522 ], [ -155.95735, 19.53522 ], [ -155.95742, 19.53527 ], [ -155.95742, 19.53533 ], [ -155.95726, 19.53545 ], [ -155.95726, 19.53557 ], [ -155.9573, 19.53565 ], [ -155.95733, 19.53573 ], [ -155.9572, 19.53585 ], [ -155.95721, 19.53592 ], [ -155.95715, 19.53621 ], [ -155.95711, 19.53626 ], [ -155.9571, 19.5365 ], [ -155.9572, 19.53684 ], [ -155.95714, 19.53692 ], [ -155.95713, 19.53698 ], [ -155.95715, 19.53711 ], [ -155.95724, 19.53718 ], [ -155.95717, 19.53723 ], [ -155.95716, 19.53728 ], [ -155.95723, 19.53745 ], [ -155.95735, 19.53751 ], [ -155.95746, 19.53766 ], [ -155.95758, 19.53786 ], [ -155.95772, 19.53803 ], [ -155.95783, 19.53806 ], [ -155.95786, 19.53814 ], [ -155.95782, 19.53823 ], [ -155.95784, 19.53832 ], [ -155.95811, 19.53849 ], [ -155.95812, 19.53854 ], [ -155.95806, 19.53861 ], [ -155.95806, 19.53865 ], [ -155.95813, 19.53873 ], [ -155.95836, 19.5389 ], [ -155.95849, 19.53896 ], [ -155.95849, 19.53902 ], [ -155.95846, 19.5391 ], [ -155.95849, 19.5392 ], [ -155.95848, 19.53924 ], [ -155.95841, 19.53926 ], [ -155.95837, 19.53932 ], [ -155.95837, 19.53938 ], [ -155.95851, 19.53951 ], [ -155.95859, 19.53966 ], [ -155.95859, 19.53974 ], [ -155.95877, 19.53986 ], [ -155.95887, 19.53997 ], [ -155.95889, 19.54005 ], [ -155.95892, 19.54022 ], [ -155.95895, 19.54031 ], [ -155.95906, 19.5404 ], [ -155.95908, 19.54052 ], [ -155.95911, 19.5406 ], [ -155.95916, 19.54065 ], [ -155.95931, 19.54086 ], [ -155.95929, 19.541 ], [ -155.95925, 19.54114 ], [ -155.95923, 19.54116 ], [ -155.95909, 19.5411 ], [ -155.95898, 19.54108 ], [ -155.95885, 19.54114 ], [ -155.95877, 19.5413 ], [ -155.95873, 19.54131 ], [ -155.95854, 19.54141 ], [ -155.95834, 19.54174 ], [ -155.95834, 19.5418 ], [ -155.9584, 19.54187 ], [ -155.95857, 19.54194 ], [ -155.95859, 19.54199 ], [ -155.95844, 19.54204 ], [ -155.9584, 19.54207 ], [ -155.95838, 19.54212 ], [ -155.95838, 19.54221 ], [ -155.95831, 19.5424 ], [ -155.95825, 19.54246 ], [ -155.95815, 19.54264 ], [ -155.95808, 19.54273 ], [ -155.95791, 19.54284 ], [ -155.95785, 19.5429 ], [ -155.9578, 19.54307 ], [ -155.95779, 19.54328 ], [ -155.95786, 19.54355 ], [ -155.95792, 19.54374 ], [ -155.95801, 19.54383 ], [ -155.95808, 19.54392 ], [ -155.95806, 19.54409 ], [ -155.95814, 19.54425 ], [ -155.95818, 19.54444 ], [ -155.95823, 19.54449 ], [ -155.95828, 19.54467 ], [ -155.95837, 19.54482 ], [ -155.95857, 19.54496 ], [ -155.95862, 19.54514 ], [ -155.95875, 19.54526 ], [ -155.95906, 19.54562 ], [ -155.95959, 19.54602 ], [ -155.95987, 19.54615 ], [ -155.95996, 19.54622 ], [ -155.96005, 19.54625 ], [ -155.96024, 19.5462 ], [ -155.96033, 19.54622 ], [ -155.96033, 19.54625 ], [ -155.96023, 19.54634 ], [ -155.96014, 19.54645 ], [ -155.96026, 19.54646 ], [ -155.9605, 19.54651 ], [ -155.9605, 19.54663 ], [ -155.96053, 19.54665 ], [ -155.96071, 19.54669 ], [ -155.96078, 19.54676 ], [ -155.96075, 19.5468 ], [ -155.96057, 19.54686 ], [ -155.96052, 19.54694 ], [ -155.96053, 19.54702 ], [ -155.96051, 19.54705 ], [ -155.95989, 19.54745 ], [ -155.95981, 19.54753 ], [ -155.95971, 19.54773 ], [ -155.95955, 19.54796 ], [ -155.95931, 19.54809 ], [ -155.95923, 19.54815 ], [ -155.95922, 19.5482 ], [ -155.95926, 19.54825 ], [ -155.95948, 19.5484 ], [ -155.95971, 19.5488 ], [ -155.95979, 19.54888 ], [ -155.96001, 19.54899 ], [ -155.96032, 19.54901 ], [ -155.96035, 19.54904 ], [ -155.9603, 19.54913 ], [ -155.9603, 19.54919 ], [ -155.96049, 19.54924 ], [ -155.96052, 19.54928 ], [ -155.96042, 19.54936 ], [ -155.96037, 19.54943 ], [ -155.96036, 19.54952 ], [ -155.96041, 19.54963 ], [ -155.9605, 19.54968 ], [ -155.96084, 19.54967 ], [ -155.961, 19.54969 ], [ -155.96117, 19.54977 ], [ -155.9612, 19.54983 ], [ -155.96122, 19.54995 ], [ -155.96124, 19.55003 ], [ -155.96128, 19.55007 ], [ -155.96139, 19.55022 ], [ -155.9614, 19.55028 ], [ -155.96136, 19.55036 ], [ -155.9616, 19.55067 ], [ -155.96173, 19.55074 ], [ -155.96199, 19.55078 ], [ -155.96205, 19.55081 ], [ -155.96205, 19.55084 ], [ -155.96195, 19.55101 ], [ -155.96205, 19.55109 ], [ -155.96219, 19.55123 ], [ -155.96225, 19.5514 ], [ -155.9623, 19.55148 ], [ -155.96242, 19.55149 ], [ -155.96256, 19.55152 ], [ -155.96269, 19.55167 ], [ -155.96291, 19.55169 ], [ -155.96317, 19.55156 ], [ -155.96344, 19.55158 ], [ -155.96363, 19.55154 ], [ -155.96369, 19.55155 ], [ -155.96377, 19.55168 ], [ -155.96399, 19.5517 ], [ -155.96421, 19.55164 ], [ -155.96446, 19.55156 ], [ -155.96463, 19.55142 ], [ -155.96473, 19.55136 ], [ -155.9648, 19.55139 ], [ -155.96482, 19.55146 ], [ -155.96488, 19.55151 ], [ -155.96515, 19.55151 ], [ -155.96522, 19.55155 ], [ -155.96544, 19.55161 ], [ -155.96551, 19.5516 ], [ -155.96562, 19.5516 ], [ -155.9657, 19.55166 ], [ -155.96575, 19.55178 ], [ -155.96578, 19.55181 ], [ -155.96603, 19.55193 ], [ -155.96612, 19.55207 ], [ -155.96626, 19.55217 ], [ -155.96644, 19.5522 ], [ -155.96648, 19.5523 ], [ -155.96646, 19.55246 ], [ -155.96648, 19.55254 ], [ -155.96657, 19.55259 ], [ -155.96665, 19.55265 ], [ -155.96667, 19.55278 ], [ -155.96673, 19.55286 ], [ -155.96673, 19.55292 ], [ -155.96669, 19.55299 ], [ -155.96667, 19.55311 ], [ -155.96672, 19.55318 ], [ -155.96686, 19.55322 ], [ -155.96682, 19.55341 ], [ -155.96687, 19.55349 ], [ -155.96684, 19.55355 ], [ -155.96677, 19.55379 ], [ -155.96668, 19.55387 ], [ -155.96661, 19.55404 ], [ -155.96662, 19.55411 ], [ -155.96665, 19.55417 ], [ -155.9668, 19.55425 ], [ -155.9668, 19.55431 ], [ -155.96667, 19.55444 ], [ -155.96666, 19.55457 ], [ -155.96662, 19.55465 ], [ -155.96657, 19.55467 ], [ -155.96651, 19.55474 ], [ -155.96651, 19.55493 ], [ -155.96644, 19.55501 ], [ -155.96643, 19.55512 ], [ -155.96648, 19.55521 ], [ -155.96655, 19.55524 ], [ -155.9666, 19.55529 ], [ -155.96639, 19.55537 ], [ -155.96639, 19.55541 ], [ -155.96644, 19.5555 ], [ -155.96644, 19.55555 ], [ -155.9664, 19.55567 ], [ -155.96626, 19.55583 ], [ -155.96626, 19.5559 ], [ -155.96638, 19.55605 ], [ -155.96621, 19.55618 ], [ -155.96616, 19.55628 ], [ -155.96621, 19.55641 ], [ -155.9662, 19.55648 ], [ -155.96607, 19.55662 ], [ -155.96606, 19.55668 ], [ -155.96602, 19.55683 ], [ -155.96602, 19.5569 ], [ -155.96611, 19.55702 ], [ -155.96613, 19.55712 ], [ -155.96613, 19.55729 ], [ -155.96617, 19.55739 ], [ -155.96617, 19.55749 ], [ -155.96614, 19.55754 ], [ -155.96611, 19.55762 ], [ -155.9662, 19.55778 ], [ -155.96621, 19.55787 ], [ -155.96611, 19.55813 ], [ -155.96612, 19.5582 ], [ -155.96621, 19.55829 ], [ -155.96632, 19.5584 ], [ -155.96641, 19.55848 ], [ -155.96649, 19.55858 ], [ -155.96648, 19.55875 ], [ -155.96645, 19.55886 ], [ -155.96629, 19.55912 ], [ -155.96615, 19.55923 ], [ -155.96613, 19.55928 ], [ -155.96604, 19.55962 ], [ -155.96589, 19.55981 ], [ -155.96571, 19.55995 ], [ -155.96557, 19.56001 ], [ -155.96544, 19.56 ], [ -155.96521, 19.55994 ], [ -155.9651, 19.55993 ], [ -155.96471, 19.56012 ], [ -155.96465, 19.56019 ], [ -155.96453, 19.56023 ], [ -155.96445, 19.56022 ], [ -155.96438, 19.56024 ], [ -155.96429, 19.56029 ], [ -155.96412, 19.56029 ], [ -155.96408, 19.56032 ], [ -155.96394, 19.56045 ], [ -155.96389, 19.56048 ], [ -155.96358, 19.56058 ], [ -155.96343, 19.56073 ], [ -155.96319, 19.56088 ], [ -155.96308, 19.56099 ], [ -155.96239, 19.56133 ], [ -155.96224, 19.56144 ], [ -155.96218, 19.56158 ], [ -155.96227, 19.56186 ], [ -155.96223, 19.56189 ], [ -155.96208, 19.56196 ], [ -155.96205, 19.56199 ], [ -155.96205, 19.56206 ], [ -155.96213, 19.56242 ], [ -155.96225, 19.56245 ], [ -155.96237, 19.56251 ], [ -155.96248, 19.56252 ], [ -155.96253, 19.56255 ], [ -155.96257, 19.56255 ], [ -155.96285, 19.56244 ], [ -155.96292, 19.56243 ], [ -155.96307, 19.56237 ], [ -155.96315, 19.56237 ], [ -155.9633, 19.56241 ], [ -155.96333, 19.56239 ], [ -155.96338, 19.56228 ], [ -155.96355, 19.56218 ], [ -155.96364, 19.56217 ], [ -155.96371, 19.5622 ], [ -155.96379, 19.56237 ], [ -155.96384, 19.5624 ], [ -155.964, 19.5624 ], [ -155.96405, 19.56242 ], [ -155.96407, 19.56248 ], [ -155.96421, 19.56252 ], [ -155.9643, 19.56255 ], [ -155.96436, 19.56265 ], [ -155.96441, 19.56267 ], [ -155.96447, 19.56267 ], [ -155.96451, 19.56265 ], [ -155.96465, 19.56262 ], [ -155.96471, 19.56267 ], [ -155.96476, 19.56266 ], [ -155.96489, 19.56256 ], [ -155.96501, 19.56252 ], [ -155.96508, 19.56254 ], [ -155.96512, 19.56259 ], [ -155.96516, 19.56274 ], [ -155.96521, 19.5628 ], [ -155.96523, 19.56291 ], [ -155.96509, 19.56316 ], [ -155.9649, 19.56334 ], [ -155.96461, 19.56382 ], [ -155.96451, 19.56393 ], [ -155.96449, 19.56397 ], [ -155.96454, 19.56411 ], [ -155.96469, 19.56426 ], [ -155.96491, 19.5644 ], [ -155.96516, 19.56448 ], [ -155.96524, 19.56447 ], [ -155.96529, 19.56444 ], [ -155.96549, 19.56434 ], [ -155.96561, 19.56427 ], [ -155.9658, 19.56402 ], [ -155.96585, 19.564 ], [ -155.9659, 19.56401 ], [ -155.96607, 19.56419 ], [ -155.96616, 19.56425 ], [ -155.96642, 19.56423 ], [ -155.96649, 19.56424 ], [ -155.96659, 19.56429 ], [ -155.96663, 19.56443 ], [ -155.96677, 19.56468 ], [ -155.9667, 19.56498 ], [ -155.96667, 19.56502 ], [ -155.9667, 19.5651 ], [ -155.96681, 19.5651 ], [ -155.96692, 19.56516 ], [ -155.96701, 19.56527 ], [ -155.96707, 19.5655 ], [ -155.96712, 19.56556 ], [ -155.96722, 19.56594 ], [ -155.9674, 19.5662 ], [ -155.96749, 19.56633 ], [ -155.96768, 19.56642 ], [ -155.96771, 19.56648 ], [ -155.96771, 19.56654 ], [ -155.96764, 19.56682 ], [ -155.96769, 19.56701 ], [ -155.96781, 19.56712 ], [ -155.96786, 19.56721 ], [ -155.96787, 19.56743 ], [ -155.9679, 19.56753 ], [ -155.96795, 19.56765 ], [ -155.96803, 19.56773 ], [ -155.96797, 19.56792 ], [ -155.968, 19.56801 ], [ -155.9681, 19.56804 ], [ -155.9682, 19.5681 ], [ -155.96822, 19.56815 ], [ -155.96819, 19.56819 ], [ -155.9681, 19.56825 ], [ -155.96807, 19.56831 ], [ -155.96798, 19.56835 ], [ -155.96797, 19.56843 ], [ -155.96814, 19.56853 ], [ -155.96821, 19.56868 ], [ -155.96818, 19.56879 ], [ -155.96809, 19.56885 ], [ -155.96807, 19.56888 ], [ -155.96815, 19.569 ], [ -155.96814, 19.56905 ], [ -155.9681, 19.56907 ], [ -155.96799, 19.56921 ], [ -155.96789, 19.56922 ], [ -155.96774, 19.56919 ], [ -155.96772, 19.56921 ], [ -155.96773, 19.56931 ], [ -155.9678, 19.56941 ], [ -155.96791, 19.56947 ], [ -155.96792, 19.5695 ], [ -155.96789, 19.56955 ], [ -155.96777, 19.56959 ], [ -155.96774, 19.56963 ], [ -155.96785, 19.56975 ], [ -155.96786, 19.56982 ], [ -155.96782, 19.56984 ], [ -155.96773, 19.56981 ], [ -155.96759, 19.56982 ], [ -155.96759, 19.56985 ], [ -155.96763, 19.56993 ], [ -155.96773, 19.56998 ], [ -155.96774, 19.57007 ], [ -155.96757, 19.57021 ], [ -155.96756, 19.5704 ], [ -155.96747, 19.57046 ], [ -155.96745, 19.57048 ], [ -155.96744, 19.57061 ], [ -155.9675, 19.57079 ], [ -155.96748, 19.5709 ], [ -155.9675, 19.57096 ], [ -155.96749, 19.57101 ], [ -155.96745, 19.57103 ], [ -155.96742, 19.57106 ], [ -155.96744, 19.5712 ], [ -155.96733, 19.57123 ], [ -155.96726, 19.57129 ], [ -155.96724, 19.57135 ], [ -155.9673, 19.57161 ], [ -155.96742, 19.57196 ], [ -155.96758, 19.5721 ], [ -155.96758, 19.57213 ], [ -155.96753, 19.57219 ], [ -155.96752, 19.57223 ], [ -155.96755, 19.57231 ], [ -155.96752, 19.57238 ], [ -155.96756, 19.57242 ], [ -155.96768, 19.57248 ], [ -155.96773, 19.5725 ], [ -155.9678, 19.57253 ], [ -155.96763, 19.57264 ], [ -155.96763, 19.57273 ], [ -155.96758, 19.57277 ], [ -155.96756, 19.57286 ], [ -155.96762, 19.57342 ], [ -155.96769, 19.57357 ], [ -155.9677, 19.57383 ], [ -155.9676, 19.57417 ], [ -155.96749, 19.57428 ], [ -155.96753, 19.57437 ], [ -155.96759, 19.57442 ], [ -155.96769, 19.57446 ], [ -155.96786, 19.5746 ], [ -155.96795, 19.57478 ], [ -155.96802, 19.57487 ], [ -155.96831, 19.57505 ], [ -155.96842, 19.57519 ], [ -155.96848, 19.57529 ], [ -155.96857, 19.57585 ], [ -155.96862, 19.57614 ], [ -155.96842, 19.57652 ], [ -155.96819, 19.57658 ], [ -155.96816, 19.57661 ], [ -155.96817, 19.57668 ], [ -155.96827, 19.57679 ], [ -155.96833, 19.57691 ], [ -155.96834, 19.57706 ], [ -155.96823, 19.57722 ], [ -155.96823, 19.57727 ], [ -155.96827, 19.57733 ], [ -155.96835, 19.57737 ], [ -155.96849, 19.57745 ], [ -155.96852, 19.5775 ], [ -155.96856, 19.57763 ], [ -155.9686, 19.57768 ], [ -155.96882, 19.57779 ], [ -155.96887, 19.57787 ], [ -155.96885, 19.5779 ], [ -155.96862, 19.57799 ], [ -155.96848, 19.5781 ], [ -155.96836, 19.57831 ], [ -155.96818, 19.57842 ], [ -155.96806, 19.5786 ], [ -155.968, 19.57866 ], [ -155.96779, 19.57876 ], [ -155.9676, 19.57872 ], [ -155.96754, 19.57874 ], [ -155.96751, 19.57899 ], [ -155.9673, 19.57909 ], [ -155.96716, 19.57924 ], [ -155.96707, 19.57926 ], [ -155.96702, 19.57933 ], [ -155.96697, 19.57952 ], [ -155.9668, 19.57983 ], [ -155.96668, 19.58004 ], [ -155.96659, 19.58016 ], [ -155.96658, 19.58033 ], [ -155.96649, 19.5804 ], [ -155.96647, 19.5805 ], [ -155.96651, 19.58053 ], [ -155.96657, 19.5808 ], [ -155.96671, 19.58097 ], [ -155.9669, 19.58113 ], [ -155.96706, 19.58128 ], [ -155.96736, 19.58176 ], [ -155.96744, 19.58181 ], [ -155.96758, 19.58195 ], [ -155.96763, 19.58212 ], [ -155.9677, 19.5823 ], [ -155.96793, 19.58268 ], [ -155.96812, 19.58303 ], [ -155.96822, 19.58316 ], [ -155.96846, 19.58326 ], [ -155.96848, 19.58329 ], [ -155.96855, 19.58374 ], [ -155.96867, 19.58395 ], [ -155.96876, 19.58424 ], [ -155.96888, 19.58437 ], [ -155.96917, 19.58451 ], [ -155.96936, 19.58487 ], [ -155.96948, 19.58498 ], [ -155.96973, 19.58515 ], [ -155.96997, 19.58523 ], [ -155.97015, 19.58544 ], [ -155.97037, 19.58559 ], [ -155.97059, 19.58564 ], [ -155.97062, 19.58567 ], [ -155.97064, 19.58575 ], [ -155.97073, 19.58587 ], [ -155.97091, 19.58604 ], [ -155.97096, 19.58612 ], [ -155.97094, 19.58623 ], [ -155.97095, 19.58635 ], [ -155.97102, 19.58644 ], [ -155.97117, 19.58656 ], [ -155.97113, 19.58677 ], [ -155.97116, 19.58698 ], [ -155.97128, 19.58728 ], [ -155.97137, 19.58744 ], [ -155.97186, 19.58783 ], [ -155.97192, 19.58795 ], [ -155.97193, 19.58812 ], [ -155.97183, 19.58853 ], [ -155.97181, 19.58876 ], [ -155.97185, 19.58891 ], [ -155.97196, 19.58902 ], [ -155.97202, 19.58909 ], [ -155.972, 19.58918 ], [ -155.97188, 19.58925 ], [ -155.9718, 19.58933 ], [ -155.97175, 19.58956 ], [ -155.97176, 19.58969 ], [ -155.97189, 19.59003 ], [ -155.97189, 19.59009 ], [ -155.97171, 19.5904 ], [ -155.97165, 19.59056 ], [ -155.97166, 19.59064 ], [ -155.97174, 19.59081 ], [ -155.97183, 19.59087 ], [ -155.97209, 19.59091 ], [ -155.97223, 19.59097 ], [ -155.97224, 19.59104 ], [ -155.97213, 19.59114 ], [ -155.97209, 19.59122 ], [ -155.97207, 19.59147 ], [ -155.97199, 19.59168 ], [ -155.97151, 19.59192 ], [ -155.97132, 19.59203 ], [ -155.97116, 19.59238 ], [ -155.97118, 19.59246 ], [ -155.97131, 19.59257 ], [ -155.97127, 19.59266 ], [ -155.97128, 19.59273 ], [ -155.97145, 19.5928 ], [ -155.97149, 19.59288 ], [ -155.97151, 19.59298 ], [ -155.9714, 19.59324 ], [ -155.9714, 19.5933 ], [ -155.97146, 19.59349 ], [ -155.97162, 19.59362 ], [ -155.97169, 19.59374 ], [ -155.97172, 19.59389 ], [ -155.97174, 19.59402 ], [ -155.97169, 19.59447 ], [ -155.97172, 19.59452 ], [ -155.97191, 19.59468 ], [ -155.9721, 19.59478 ], [ -155.97217, 19.5948 ], [ -155.9724, 19.59491 ], [ -155.97249, 19.59506 ], [ -155.97266, 19.59524 ], [ -155.97279, 19.59533 ], [ -155.97281, 19.59538 ], [ -155.97286, 19.59552 ], [ -155.97294, 19.59567 ], [ -155.97315, 19.59605 ], [ -155.97324, 19.59614 ], [ -155.97338, 19.5962 ], [ -155.97344, 19.59627 ], [ -155.97341, 19.59649 ], [ -155.97341, 19.59651 ], [ -155.97343, 19.59667 ], [ -155.97372, 19.59715 ], [ -155.97391, 19.59764 ], [ -155.97399, 19.59808 ], [ -155.9741, 19.59823 ], [ -155.97428, 19.59834 ], [ -155.97433, 19.59838 ], [ -155.97433, 19.59853 ], [ -155.97443, 19.59864 ], [ -155.97507, 19.59887 ], [ -155.97526, 19.59895 ], [ -155.97538, 19.59898 ], [ -155.97553, 19.59896 ], [ -155.97565, 19.59903 ], [ -155.97572, 19.59911 ], [ -155.97595, 19.59929 ], [ -155.97615, 19.59948 ], [ -155.97624, 19.59953 ], [ -155.97637, 19.59963 ], [ -155.97639, 19.59968 ], [ -155.97641, 19.59998 ], [ -155.97659, 19.60033 ], [ -155.9766, 19.60061 ], [ -155.97653, 19.60104 ], [ -155.97655, 19.60124 ], [ -155.9764, 19.60154 ], [ -155.97636, 19.60174 ], [ -155.97632, 19.60181 ], [ -155.97611, 19.60204 ], [ -155.97565, 19.60238 ], [ -155.97557, 19.60241 ], [ -155.97539, 19.60243 ], [ -155.97512, 19.6024 ], [ -155.97499, 19.60244 ], [ -155.97496, 19.60247 ], [ -155.97492, 19.60268 ], [ -155.97487, 19.60271 ], [ -155.97469, 19.60265 ], [ -155.97458, 19.60269 ], [ -155.97452, 19.60278 ], [ -155.97445, 19.60319 ], [ -155.97447, 19.60342 ], [ -155.97454, 19.60376 ], [ -155.97461, 19.60388 ], [ -155.97471, 19.60401 ], [ -155.9748, 19.6042 ], [ -155.97504, 19.60432 ], [ -155.97511, 19.6044 ], [ -155.97523, 19.60443 ], [ -155.97538, 19.60466 ], [ -155.97544, 19.60476 ], [ -155.97538, 19.60502 ], [ -155.97542, 19.60511 ], [ -155.97557, 19.60532 ], [ -155.97562, 19.60535 ], [ -155.9759, 19.60548 ], [ -155.97611, 19.60553 ], [ -155.9763, 19.60553 ], [ -155.97634, 19.60557 ], [ -155.97632, 19.60581 ], [ -155.97644, 19.60609 ], [ -155.97664, 19.60629 ], [ -155.97675, 19.60647 ], [ -155.97697, 19.60668 ], [ -155.9772, 19.60697 ], [ -155.97727, 19.60714 ], [ -155.97745, 19.60726 ], [ -155.9775, 19.60738 ], [ -155.97758, 19.60746 ], [ -155.97764, 19.60755 ], [ -155.97763, 19.60781 ], [ -155.97772, 19.60808 ], [ -155.97783, 19.60823 ], [ -155.97804, 19.6084 ], [ -155.97836, 19.60849 ], [ -155.97853, 19.6085 ], [ -155.97866, 19.60859 ], [ -155.97878, 19.60872 ], [ -155.97886, 19.60887 ], [ -155.9789, 19.60914 ], [ -155.97894, 19.6092 ], [ -155.97907, 19.60931 ], [ -155.97908, 19.60942 ], [ -155.97911, 19.60956 ], [ -155.97927, 19.60976 ], [ -155.97942, 19.60989 ], [ -155.97966, 19.61003 ], [ -155.98007, 19.61017 ], [ -155.98012, 19.61024 ], [ -155.98014, 19.6105 ], [ -155.98023, 19.61063 ], [ -155.98046, 19.61073 ], [ -155.98065, 19.61089 ], [ -155.98072, 19.61103 ], [ -155.98074, 19.61121 ], [ -155.9808, 19.61138 ], [ -155.98092, 19.61154 ], [ -155.98112, 19.61171 ], [ -155.98126, 19.61175 ], [ -155.98143, 19.61176 ], [ -155.98185, 19.61161 ], [ -155.98213, 19.61159 ], [ -155.98228, 19.61161 ], [ -155.98241, 19.6117 ], [ -155.98244, 19.61177 ], [ -155.98246, 19.61196 ], [ -155.98265, 19.61237 ], [ -155.98276, 19.61242 ], [ -155.98278, 19.61246 ], [ -155.98277, 19.61248 ], [ -155.98266, 19.61262 ], [ -155.9826, 19.61271 ], [ -155.98261, 19.61288 ], [ -155.98255, 19.61305 ], [ -155.98249, 19.61338 ], [ -155.98248, 19.61375 ], [ -155.98255, 19.61402 ], [ -155.98264, 19.61416 ], [ -155.9828, 19.61429 ], [ -155.983, 19.6144 ], [ -155.98351, 19.61462 ], [ -155.98387, 19.61464 ], [ -155.98397, 19.61477 ], [ -155.98402, 19.61499 ], [ -155.98409, 19.61521 ], [ -155.98417, 19.6153 ], [ -155.98438, 19.6155 ], [ -155.98453, 19.61555 ], [ -155.9846, 19.61561 ], [ -155.98466, 19.61585 ], [ -155.98477, 19.616 ], [ -155.98486, 19.61606 ], [ -155.985, 19.61627 ], [ -155.98517, 19.61635 ], [ -155.98542, 19.6166 ], [ -155.98554, 19.61666 ], [ -155.98582, 19.61668 ], [ -155.98587, 19.6167 ], [ -155.98601, 19.61682 ], [ -155.98628, 19.61721 ], [ -155.98636, 19.61737 ], [ -155.98655, 19.6178 ], [ -155.98662, 19.61802 ], [ -155.98654, 19.61833 ], [ -155.98657, 19.61859 ], [ -155.98655, 19.61866 ], [ -155.9864, 19.61887 ], [ -155.98635, 19.61903 ], [ -155.98639, 19.61926 ], [ -155.98643, 19.61936 ], [ -155.98671, 19.61953 ], [ -155.98679, 19.61963 ], [ -155.98676, 19.61983 ], [ -155.98676, 19.61996 ], [ -155.98682, 19.62003 ], [ -155.98714, 19.62018 ], [ -155.98701, 19.62051 ], [ -155.987, 19.62064 ], [ -155.9871, 19.62083 ], [ -155.98709, 19.6209 ], [ -155.98691, 19.62099 ], [ -155.98685, 19.62104 ], [ -155.98685, 19.62121 ], [ -155.98672, 19.62142 ], [ -155.98671, 19.62157 ], [ -155.98665, 19.62173 ], [ -155.98653, 19.62184 ], [ -155.98647, 19.62196 ], [ -155.98643, 19.62208 ], [ -155.98625, 19.62217 ], [ -155.98618, 19.62244 ], [ -155.98606, 19.62265 ], [ -155.98605, 19.62271 ], [ -155.98597, 19.62282 ], [ -155.98586, 19.62315 ], [ -155.98584, 19.62337 ], [ -155.98589, 19.62354 ], [ -155.98588, 19.62362 ], [ -155.98581, 19.62374 ], [ -155.98584, 19.62386 ], [ -155.98589, 19.62392 ], [ -155.98591, 19.62401 ], [ -155.986, 19.62412 ], [ -155.98609, 19.62417 ], [ -155.98628, 19.62421 ], [ -155.98649, 19.62433 ], [ -155.98663, 19.62452 ], [ -155.98674, 19.62472 ], [ -155.9868, 19.62477 ], [ -155.98698, 19.62488 ], [ -155.98713, 19.62489 ], [ -155.98727, 19.62479 ], [ -155.98739, 19.62479 ], [ -155.98742, 19.62486 ], [ -155.98741, 19.62494 ], [ -155.9874, 19.62516 ], [ -155.98758, 19.62533 ], [ -155.98773, 19.62543 ], [ -155.98775, 19.62554 ], [ -155.98781, 19.62566 ], [ -155.98785, 19.62579 ], [ -155.98783, 19.62585 ], [ -155.98776, 19.62607 ], [ -155.98777, 19.62616 ], [ -155.98784, 19.62629 ], [ -155.98791, 19.62635 ], [ -155.98808, 19.62642 ], [ -155.98821, 19.6265 ], [ -155.98823, 19.62661 ], [ -155.9882, 19.62682 ], [ -155.98814, 19.62688 ], [ -155.9881, 19.62698 ], [ -155.98816, 19.6273 ], [ -155.9881, 19.62748 ], [ -155.98813, 19.62768 ], [ -155.98803, 19.62779 ], [ -155.98801, 19.62786 ], [ -155.98803, 19.62812 ], [ -155.98816, 19.62841 ], [ -155.98822, 19.62849 ], [ -155.9883, 19.62853 ], [ -155.98871, 19.62866 ], [ -155.9888, 19.6288 ], [ -155.98886, 19.62899 ], [ -155.98896, 19.62914 ], [ -155.98916, 19.62934 ], [ -155.98932, 19.6295 ], [ -155.98936, 19.62961 ], [ -155.98946, 19.6298 ], [ -155.98952, 19.6301 ], [ -155.98959, 19.63022 ], [ -155.98968, 19.63027 ], [ -155.98989, 19.63033 ], [ -155.98992, 19.63037 ], [ -155.98993, 19.63047 ], [ -155.98999, 19.63064 ], [ -155.99004, 19.63068 ], [ -155.99015, 19.63074 ], [ -155.99026, 19.63081 ], [ -155.99038, 19.6308 ], [ -155.99044, 19.63084 ], [ -155.99052, 19.63095 ], [ -155.99063, 19.63098 ], [ -155.99064, 19.63102 ], [ -155.99062, 19.63113 ], [ -155.99072, 19.63122 ], [ -155.99086, 19.63143 ], [ -155.99098, 19.63152 ], [ -155.99107, 19.63166 ], [ -155.99119, 19.63172 ], [ -155.99119, 19.63173 ], [ -155.99114, 19.63174 ], [ -155.99106, 19.63181 ], [ -155.99101, 19.63184 ], [ -155.99093, 19.63183 ], [ -155.9908, 19.63198 ], [ -155.9908, 19.63206 ], [ -155.99089, 19.63214 ], [ -155.99087, 19.63219 ], [ -155.99077, 19.63225 ], [ -155.99077, 19.63242 ], [ -155.99074, 19.63263 ], [ -155.99064, 19.63278 ], [ -155.99064, 19.63294 ], [ -155.99058, 19.633 ], [ -155.99042, 19.63302 ], [ -155.99019, 19.63298 ], [ -155.99012, 19.63303 ], [ -155.9901, 19.63311 ], [ -155.99021, 19.63322 ], [ -155.99022, 19.63327 ], [ -155.99011, 19.63334 ], [ -155.9901, 19.63337 ], [ -155.9901, 19.63343 ], [ -155.99013, 19.63347 ], [ -155.99015, 19.63356 ], [ -155.99011, 19.63366 ], [ -155.9899, 19.63381 ], [ -155.98987, 19.63388 ], [ -155.9899, 19.63402 ], [ -155.99, 19.6342 ], [ -155.99007, 19.6344 ], [ -155.99017, 19.63461 ], [ -155.99021, 19.63478 ], [ -155.99028, 19.63491 ], [ -155.99052, 19.63512 ], [ -155.99068, 19.63534 ], [ -155.99083, 19.6355 ], [ -155.99094, 19.63556 ], [ -155.9912, 19.63563 ], [ -155.9913, 19.63564 ], [ -155.99135, 19.63567 ], [ -155.99141, 19.63584 ], [ -155.99144, 19.63586 ], [ -155.99158, 19.63588 ], [ -155.9921, 19.63584 ], [ -155.9923, 19.6358 ], [ -155.99241, 19.63581 ], [ -155.9925, 19.63594 ], [ -155.99259, 19.63597 ], [ -155.99263, 19.63599 ], [ -155.99277, 19.63618 ], [ -155.99299, 19.63628 ], [ -155.99307, 19.63635 ], [ -155.99308, 19.63645 ], [ -155.99326, 19.63657 ], [ -155.99328, 19.63667 ], [ -155.99331, 19.63671 ], [ -155.99337, 19.63673 ], [ -155.9934, 19.63671 ], [ -155.99345, 19.6367 ], [ -155.99355, 19.63682 ], [ -155.9937, 19.63679 ], [ -155.99379, 19.63678 ], [ -155.99381, 19.63685 ], [ -155.9937, 19.63712 ], [ -155.99377, 19.63725 ], [ -155.99384, 19.63725 ], [ -155.99394, 19.63731 ], [ -155.99395, 19.63737 ], [ -155.99403, 19.63758 ], [ -155.99408, 19.63788 ], [ -155.99412, 19.63797 ], [ -155.99411, 19.63804 ], [ -155.99434, 19.6383 ], [ -155.9944, 19.63854 ], [ -155.9944, 19.63866 ], [ -155.99435, 19.63871 ], [ -155.99419, 19.63867 ], [ -155.99416, 19.6387 ], [ -155.99419, 19.63882 ], [ -155.99426, 19.63883 ], [ -155.99429, 19.63881 ], [ -155.99434, 19.63871 ], [ -155.99441, 19.63876 ], [ -155.99444, 19.63891 ], [ -155.9946, 19.6391 ], [ -155.99478, 19.63929 ], [ -155.99481, 19.63937 ], [ -155.99477, 19.63948 ], [ -155.99478, 19.63961 ], [ -155.99483, 19.63972 ], [ -155.99514, 19.63991 ], [ -155.99533, 19.63994 ], [ -155.99559, 19.63996 ], [ -155.9958, 19.64003 ], [ -155.99601, 19.64001 ], [ -155.99611, 19.63997 ], [ -155.9963, 19.63996 ], [ -155.99673, 19.63984 ], [ -155.99676, 19.6398 ], [ -155.99647, 19.63898 ], [ -155.9967, 19.63852 ], [ -155.99674, 19.63851 ], [ -155.9969, 19.63858 ], [ -155.99692, 19.63862 ], [ -155.9968, 19.63895 ], [ -155.99689, 19.63908 ], [ -155.99707, 19.6391 ], [ -155.99717, 19.63912 ], [ -155.99721, 19.63922 ], [ -155.99727, 19.63931 ], [ -155.99736, 19.63943 ], [ -155.99743, 19.63942 ], [ -155.99749, 19.63933 ], [ -155.99749, 19.63915 ], [ -155.99746, 19.63905 ], [ -155.99739, 19.63895 ], [ -155.99727, 19.63891 ], [ -155.99721, 19.6389 ], [ -155.99717, 19.6389 ], [ -155.99714, 19.63888 ], [ -155.99713, 19.63888 ], [ -155.99712, 19.63885 ], [ -155.99712, 19.63883 ], [ -155.99711, 19.63881 ], [ -155.99711, 19.63879 ], [ -155.99712, 19.63878 ], [ -155.99716, 19.63875 ], [ -155.99721, 19.63874 ], [ -155.99727, 19.63869 ], [ -155.99753, 19.63851 ], [ -155.99763, 19.63838 ], [ -155.99774, 19.63829 ], [ -155.99776, 19.63825 ], [ -155.99782, 19.63824 ], [ -155.99792, 19.63829 ], [ -155.99805, 19.63851 ], [ -155.99824, 19.63851 ], [ -155.9983, 19.63843 ], [ -155.99834, 19.63845 ], [ -155.99834, 19.63864 ], [ -155.99838, 19.63865 ], [ -155.99844, 19.63855 ], [ -155.99849, 19.63822 ], [ -155.99846, 19.63815 ], [ -155.99833, 19.63809 ], [ -155.99824, 19.63808 ], [ -155.99811, 19.63818 ], [ -155.99793, 19.63817 ], [ -155.99786, 19.63813 ], [ -155.99793, 19.63795 ], [ -155.99804, 19.63789 ], [ -155.99829, 19.63787 ], [ -155.99835, 19.63783 ], [ -155.9984, 19.63772 ], [ -155.99841, 19.63767 ], [ -155.99846, 19.63766 ], [ -155.9985, 19.63771 ], [ -155.9985, 19.63776 ], [ -155.99854, 19.63779 ], [ -155.99857, 19.63779 ], [ -155.99879, 19.63757 ], [ -155.99886, 19.63752 ], [ -155.99929, 19.6376 ], [ -155.99941, 19.63763 ], [ -155.99944, 19.63763 ], [ -155.99949, 19.63758 ], [ -155.99952, 19.63746 ], [ -155.99946, 19.63732 ], [ -155.99942, 19.63724 ], [ -155.99943, 19.63722 ], [ -155.99951, 19.63724 ], [ -155.99961, 19.63735 ], [ -155.99974, 19.6374 ], [ -155.99976, 19.6375 ], [ -155.9998, 19.63747 ], [ -155.99983, 19.6374 ], [ -155.99996, 19.6374 ], [ -156.00004, 19.63732 ], [ -156.00025, 19.63726 ], [ -156.00034, 19.63713 ], [ -156.00035, 19.63705 ], [ -156.0004, 19.63701 ], [ -156.00056, 19.63702 ], [ -156.00058, 19.63704 ], [ -156.00072, 19.63713 ], [ -156.00077, 19.63728 ], [ -156.00084, 19.63729 ], [ -156.00094, 19.63724 ], [ -156.00106, 19.63711 ], [ -156.00119, 19.63704 ], [ -156.0013, 19.63703 ], [ -156.00134, 19.6371 ], [ -156.00124, 19.63729 ], [ -156.00135, 19.63744 ], [ -156.00144, 19.63746 ], [ -156.00165, 19.63744 ], [ -156.00169, 19.63756 ], [ -156.00166, 19.63772 ], [ -156.00169, 19.6378 ], [ -156.00183, 19.63784 ], [ -156.00229, 19.63786 ], [ -156.00248, 19.63792 ], [ -156.00276, 19.6381 ], [ -156.00297, 19.63816 ], [ -156.00315, 19.63815 ], [ -156.00338, 19.63804 ], [ -156.00345, 19.63806 ], [ -156.00351, 19.63819 ], [ -156.00357, 19.63838 ], [ -156.00363, 19.63847 ], [ -156.00372, 19.6385 ], [ -156.00377, 19.63848 ], [ -156.0039, 19.63838 ], [ -156.00393, 19.63837 ], [ -156.00399, 19.63845 ], [ -156.00401, 19.63862 ], [ -156.00417, 19.63872 ], [ -156.00431, 19.63874 ], [ -156.00441, 19.63865 ], [ -156.00446, 19.6387 ], [ -156.00449, 19.63876 ], [ -156.00451, 19.63901 ], [ -156.00454, 19.63906 ], [ -156.00458, 19.63908 ], [ -156.00464, 19.63908 ], [ -156.00476, 19.63901 ], [ -156.0049, 19.63887 ], [ -156.00502, 19.63879 ], [ -156.00514, 19.63879 ], [ -156.00517, 19.63882 ], [ -156.00518, 19.63891 ], [ -156.00512, 19.63912 ], [ -156.00513, 19.63922 ], [ -156.00548, 19.6396 ], [ -156.00551, 19.63964 ], [ -156.00557, 19.6398 ], [ -156.00573, 19.63992 ], [ -156.00578, 19.63998 ], [ -156.00585, 19.64016 ], [ -156.00591, 19.64021 ], [ -156.00613, 19.64031 ], [ -156.00643, 19.64039 ], [ -156.00657, 19.64046 ], [ -156.00664, 19.64056 ], [ -156.0067, 19.64068 ], [ -156.00692, 19.64066 ], [ -156.00705, 19.64075 ], [ -156.00723, 19.64095 ], [ -156.00739, 19.64105 ], [ -156.0077, 19.64118 ], [ -156.00791, 19.64131 ], [ -156.00835, 19.64155 ], [ -156.00875, 19.64188 ], [ -156.00923, 19.64217 ], [ -156.00932, 19.64229 ], [ -156.00948, 19.64264 ], [ -156.00961, 19.64283 ], [ -156.00984, 19.64301 ], [ -156.01054, 19.64325 ], [ -156.01094, 19.64344 ], [ -156.01124, 19.64369 ], [ -156.01153, 19.64379 ], [ -156.01174, 19.64394 ], [ -156.01211, 19.64402 ], [ -156.01233, 19.6441 ], [ -156.01246, 19.64421 ], [ -156.01299, 19.64453 ], [ -156.01332, 19.64462 ], [ -156.01351, 19.64465 ], [ -156.01366, 19.64472 ], [ -156.01378, 19.64484 ], [ -156.01389, 19.64495 ], [ -156.01418, 19.64503 ], [ -156.01429, 19.64511 ], [ -156.01441, 19.64526 ], [ -156.01467, 19.64542 ], [ -156.01485, 19.6455 ], [ -156.01495, 19.64559 ], [ -156.01513, 19.64589 ], [ -156.0154, 19.64618 ], [ -156.01545, 19.64635 ], [ -156.01548, 19.64648 ], [ -156.01569, 19.64658 ], [ -156.0158, 19.64672 ], [ -156.01593, 19.64699 ], [ -156.016, 19.64716 ], [ -156.01603, 19.64721 ], [ -156.01612, 19.64727 ], [ -156.01634, 19.64732 ], [ -156.01663, 19.64752 ], [ -156.01674, 19.64756 ], [ -156.01678, 19.64755 ], [ -156.01696, 19.64734 ], [ -156.0171, 19.64728 ], [ -156.01719, 19.64728 ], [ -156.01721, 19.64733 ], [ -156.0173, 19.64734 ], [ -156.01754, 19.64726 ], [ -156.01765, 19.64726 ], [ -156.01768, 19.64727 ], [ -156.01771, 19.64725 ], [ -156.01779, 19.64723 ], [ -156.01792, 19.64715 ], [ -156.01797, 19.64715 ], [ -156.01819, 19.64725 ], [ -156.01831, 19.64727 ], [ -156.01845, 19.64726 ], [ -156.01865, 19.64726 ], [ -156.01882, 19.64734 ], [ -156.01901, 19.64742 ], [ -156.01929, 19.64741 ], [ -156.01945, 19.64746 ], [ -156.01954, 19.64753 ], [ -156.01961, 19.64776 ], [ -156.01966, 19.6478 ], [ -156.01991, 19.64775 ], [ -156.01996, 19.64777 ], [ -156.01998, 19.64783 ], [ -156.02003, 19.64792 ], [ -156.02018, 19.64797 ], [ -156.02034, 19.64817 ], [ -156.02043, 19.64822 ], [ -156.02069, 19.6482 ], [ -156.02083, 19.64828 ], [ -156.02091, 19.64827 ], [ -156.02105, 19.64823 ], [ -156.02123, 19.64825 ], [ -156.02128, 19.64828 ], [ -156.02135, 19.64829 ], [ -156.02145, 19.64825 ], [ -156.02152, 19.64826 ], [ -156.02161, 19.64826 ], [ -156.02177, 19.64818 ], [ -156.02202, 19.64812 ], [ -156.0222, 19.64818 ], [ -156.02231, 19.6482 ], [ -156.02256, 19.64812 ], [ -156.02288, 19.64795 ], [ -156.02317, 19.64771 ], [ -156.0233, 19.64769 ], [ -156.02333, 19.64774 ], [ -156.02342, 19.64775 ], [ -156.0235, 19.64774 ], [ -156.02369, 19.64747 ], [ -156.02379, 19.64736 ], [ -156.02386, 19.64735 ], [ -156.02393, 19.64736 ], [ -156.024, 19.64734 ], [ -156.02402, 19.64725 ], [ -156.02405, 19.64722 ], [ -156.02412, 19.64722 ], [ -156.02429, 19.64729 ], [ -156.02434, 19.64724 ], [ -156.02434, 19.64714 ], [ -156.02437, 19.64709 ], [ -156.02442, 19.64708 ], [ -156.02448, 19.64711 ], [ -156.02456, 19.64713 ], [ -156.02476, 19.64709 ], [ -156.02496, 19.64707 ], [ -156.02516, 19.64712 ], [ -156.0254, 19.64729 ], [ -156.02549, 19.64727 ], [ -156.02559, 19.64716 ], [ -156.02572, 19.64713 ], [ -156.02584, 19.64706 ], [ -156.02588, 19.64706 ], [ -156.02603, 19.64714 ], [ -156.02622, 19.64716 ], [ -156.02625, 19.64719 ], [ -156.02627, 19.64727 ], [ -156.02633, 19.64733 ], [ -156.02638, 19.64733 ], [ -156.02646, 19.6473 ], [ -156.02655, 19.64731 ], [ -156.02669, 19.64736 ], [ -156.02678, 19.64756 ], [ -156.02698, 19.6477 ], [ -156.02707, 19.64782 ], [ -156.02714, 19.64784 ], [ -156.02738, 19.64774 ], [ -156.02744, 19.64773 ], [ -156.02746, 19.64778 ], [ -156.02736, 19.64786 ], [ -156.02734, 19.64792 ], [ -156.02745, 19.64797 ], [ -156.02754, 19.64809 ], [ -156.02759, 19.6481 ], [ -156.02766, 19.64809 ], [ -156.02783, 19.6481 ], [ -156.02795, 19.64816 ], [ -156.02797, 19.64821 ], [ -156.02796, 19.64823 ], [ -156.02778, 19.64827 ], [ -156.02777, 19.64829 ], [ -156.02785, 19.64835 ], [ -156.02788, 19.6484 ], [ -156.02775, 19.64841 ], [ -156.02773, 19.64844 ], [ -156.02785, 19.64855 ], [ -156.0278, 19.64859 ], [ -156.0278, 19.64862 ], [ -156.02786, 19.64865 ], [ -156.02786, 19.64872 ], [ -156.02788, 19.64873 ], [ -156.02805, 19.64871 ], [ -156.02824, 19.64871 ], [ -156.02829, 19.64877 ], [ -156.02822, 19.64891 ], [ -156.02824, 19.64908 ], [ -156.0283, 19.64914 ], [ -156.02843, 19.64914 ], [ -156.02849, 19.64917 ], [ -156.02854, 19.64923 ], [ -156.02859, 19.64924 ], [ -156.02867, 19.64913 ], [ -156.02872, 19.64912 ], [ -156.0288, 19.64912 ], [ -156.02887, 19.64917 ], [ -156.02889, 19.64926 ], [ -156.02897, 19.64943 ], [ -156.02895, 19.64947 ], [ -156.02886, 19.64958 ], [ -156.02884, 19.64965 ], [ -156.02887, 19.64967 ], [ -156.02896, 19.64965 ], [ -156.02911, 19.64964 ], [ -156.02915, 19.64969 ], [ -156.02911, 19.64977 ], [ -156.02911, 19.64984 ], [ -156.02931, 19.64979 ], [ -156.02933, 19.64981 ], [ -156.02937, 19.64997 ], [ -156.02945, 19.65009 ], [ -156.02955, 19.65022 ], [ -156.0297, 19.65028 ], [ -156.02976, 19.65033 ], [ -156.02985, 19.65054 ], [ -156.02991, 19.65062 ], [ -156.03011, 19.65075 ], [ -156.03012, 19.65081 ], [ -156.03008, 19.65089 ], [ -156.03008, 19.65102 ], [ -156.03011, 19.65107 ], [ -156.03026, 19.65123 ], [ -156.03027, 19.65138 ], [ -156.0303, 19.65139 ], [ -156.03046, 19.65136 ], [ -156.03049, 19.6514 ], [ -156.03048, 19.6515 ], [ -156.03059, 19.65161 ], [ -156.03061, 19.65166 ], [ -156.03057, 19.65181 ], [ -156.03061, 19.65191 ], [ -156.03066, 19.65194 ], [ -156.03077, 19.65191 ], [ -156.03082, 19.65202 ], [ -156.03083, 19.65213 ], [ -156.03076, 19.65217 ], [ -156.03072, 19.65226 ], [ -156.03073, 19.65235 ], [ -156.03105, 19.65253 ], [ -156.03106, 19.65256 ], [ -156.03106, 19.65265 ], [ -156.03109, 19.65268 ], [ -156.03122, 19.65275 ], [ -156.03128, 19.6528 ], [ -156.03131, 19.65286 ], [ -156.03131, 19.65293 ], [ -156.03119, 19.65312 ], [ -156.0312, 19.65323 ], [ -156.03139, 19.65333 ], [ -156.03139, 19.65337 ], [ -156.0313, 19.65345 ], [ -156.03106, 19.6535 ], [ -156.03101, 19.65353 ], [ -156.03099, 19.65356 ], [ -156.03091, 19.65382 ], [ -156.0309, 19.65413 ], [ -156.03096, 19.65418 ], [ -156.03109, 19.6542 ], [ -156.03124, 19.65412 ], [ -156.03134, 19.65412 ], [ -156.03141, 19.65414 ], [ -156.03149, 19.65424 ], [ -156.03166, 19.65444 ], [ -156.03166, 19.65451 ], [ -156.03156, 19.65454 ], [ -156.03148, 19.65451 ], [ -156.03142, 19.65447 ], [ -156.03133, 19.65447 ], [ -156.03127, 19.65458 ], [ -156.03119, 19.65488 ], [ -156.03129, 19.65506 ], [ -156.03128, 19.6553 ], [ -156.03132, 19.65545 ], [ -156.03142, 19.65562 ], [ -156.03161, 19.65583 ], [ -156.03173, 19.65589 ], [ -156.03178, 19.65588 ], [ -156.03201, 19.65574 ], [ -156.03207, 19.65577 ], [ -156.03211, 19.65582 ], [ -156.03225, 19.65593 ], [ -156.03247, 19.65603 ], [ -156.03261, 19.65601 ], [ -156.03272, 19.65607 ], [ -156.03293, 19.65612 ], [ -156.03301, 19.65618 ], [ -156.03294, 19.65622 ], [ -156.03257, 19.65623 ], [ -156.03239, 19.65627 ], [ -156.03228, 19.65637 ], [ -156.03227, 19.65642 ], [ -156.03233, 19.65654 ], [ -156.03232, 19.65671 ], [ -156.03243, 19.65685 ], [ -156.03243, 19.6569 ], [ -156.03241, 19.65695 ], [ -156.03241, 19.6571 ], [ -156.03261, 19.65719 ], [ -156.03267, 19.65723 ], [ -156.03267, 19.65733 ], [ -156.0325, 19.65753 ], [ -156.03249, 19.65759 ], [ -156.03251, 19.65766 ], [ -156.0325, 19.65778 ], [ -156.03242, 19.65792 ], [ -156.03243, 19.65799 ], [ -156.0324, 19.65809 ], [ -156.03222, 19.65813 ], [ -156.0322, 19.65817 ], [ -156.03224, 19.6583 ], [ -156.03218, 19.65844 ], [ -156.03186, 19.65847 ], [ -156.03183, 19.6585 ], [ -156.03185, 19.65857 ], [ -156.03195, 19.65864 ], [ -156.03198, 19.65868 ], [ -156.03181, 19.65868 ], [ -156.03177, 19.65871 ], [ -156.03175, 19.6588 ], [ -156.0317, 19.65884 ], [ -156.03145, 19.65883 ], [ -156.03136, 19.65886 ], [ -156.03132, 19.65889 ], [ -156.03132, 19.65895 ], [ -156.03142, 19.659 ], [ -156.03146, 19.65905 ], [ -156.03146, 19.6591 ], [ -156.03132, 19.65933 ], [ -156.0313, 19.6594 ], [ -156.03135, 19.6595 ], [ -156.03139, 19.65953 ], [ -156.0316, 19.65956 ], [ -156.03163, 19.6596 ], [ -156.03163, 19.65966 ], [ -156.03149, 19.65978 ], [ -156.03149, 19.65984 ], [ -156.03146, 19.65995 ], [ -156.03153, 19.66 ], [ -156.03152, 19.66003 ], [ -156.03128, 19.66016 ], [ -156.0311, 19.66033 ], [ -156.03107, 19.6604 ], [ -156.03108, 19.66045 ], [ -156.03116, 19.66053 ], [ -156.03114, 19.6606 ], [ -156.03103, 19.66064 ], [ -156.031, 19.66071 ], [ -156.03104, 19.66089 ], [ -156.03099, 19.66097 ], [ -156.03091, 19.66125 ], [ -156.03094, 19.66151 ], [ -156.03089, 19.66155 ], [ -156.03089, 19.66158 ], [ -156.031, 19.66168 ], [ -156.03099, 19.66174 ], [ -156.03103, 19.66182 ], [ -156.03102, 19.66186 ], [ -156.03091, 19.66196 ], [ -156.03092, 19.66208 ], [ -156.03105, 19.66214 ], [ -156.03105, 19.66218 ], [ -156.03096, 19.66225 ], [ -156.03098, 19.66238 ], [ -156.03089, 19.66247 ], [ -156.0309, 19.66251 ], [ -156.03102, 19.6626 ], [ -156.03104, 19.66265 ], [ -156.03098, 19.66271 ], [ -156.03096, 19.66278 ], [ -156.031, 19.66281 ], [ -156.03106, 19.66293 ], [ -156.03105, 19.66298 ], [ -156.03093, 19.66305 ], [ -156.03092, 19.6631 ], [ -156.03092, 19.66315 ], [ -156.03102, 19.66332 ], [ -156.03106, 19.66351 ], [ -156.03098, 19.66366 ], [ -156.03093, 19.66372 ], [ -156.0309, 19.66377 ], [ -156.03091, 19.66381 ], [ -156.03102, 19.66382 ], [ -156.0311, 19.66388 ], [ -156.03109, 19.66402 ], [ -156.03117, 19.66413 ], [ -156.03109, 19.66425 ], [ -156.03109, 19.66432 ], [ -156.03116, 19.66447 ], [ -156.03115, 19.66453 ], [ -156.03113, 19.66458 ], [ -156.03097, 19.66461 ], [ -156.03089, 19.66466 ], [ -156.03095, 19.66477 ], [ -156.03093, 19.66489 ], [ -156.03104, 19.66495 ], [ -156.03104, 19.665 ], [ -156.03087, 19.66518 ], [ -156.03086, 19.66521 ], [ -156.03093, 19.66524 ], [ -156.03106, 19.66528 ], [ -156.03107, 19.66533 ], [ -156.03089, 19.66548 ], [ -156.03089, 19.66558 ], [ -156.03087, 19.6657 ], [ -156.03072, 19.66587 ], [ -156.0307, 19.66598 ], [ -156.0306, 19.66621 ], [ -156.0305, 19.66629 ], [ -156.03021, 19.6664 ], [ -156.03015, 19.6665 ], [ -156.03008, 19.66657 ], [ -156.03006, 19.66664 ], [ -156.03009, 19.66673 ], [ -156.03006, 19.66676 ], [ -156.02928, 19.66705 ], [ -156.02916, 19.66715 ], [ -156.02906, 19.66715 ], [ -156.02898, 19.66722 ], [ -156.02863, 19.66729 ], [ -156.02839, 19.66743 ], [ -156.02823, 19.66748 ], [ -156.02816, 19.66749 ], [ -156.02801, 19.66742 ], [ -156.02802, 19.66729 ], [ -156.02799, 19.6672 ], [ -156.02792, 19.66716 ], [ -156.02768, 19.66722 ], [ -156.02755, 19.66732 ], [ -156.02754, 19.66738 ], [ -156.02759, 19.66748 ], [ -156.02758, 19.66762 ], [ -156.02752, 19.66772 ], [ -156.02752, 19.6678 ], [ -156.02741, 19.66785 ], [ -156.0274, 19.66794 ], [ -156.02733, 19.66799 ], [ -156.0273, 19.66804 ], [ -156.0273, 19.66811 ], [ -156.02725, 19.66816 ], [ -156.02712, 19.66843 ], [ -156.02711, 19.66856 ], [ -156.02711, 19.66877 ], [ -156.0271, 19.66899 ], [ -156.02702, 19.66913 ], [ -156.0269, 19.66918 ], [ -156.02665, 19.6693 ], [ -156.02665, 19.66935 ], [ -156.02653, 19.66933 ], [ -156.0265, 19.66923 ], [ -156.0265, 19.6691 ], [ -156.02653, 19.66908 ], [ -156.02633, 19.66817 ], [ -156.0254, 19.66829 ], [ -156.02538, 19.66832 ], [ -156.0255, 19.66894 ], [ -156.02469, 19.66905 ], [ -156.02453, 19.66832 ], [ -156.0236, 19.66857 ], [ -156.02147, 19.66835 ], [ -156.02113, 19.66862 ], [ -156.02109, 19.66924 ], [ -156.02376, 19.66958 ], [ -156.02585, 19.66924 ], [ -156.0259, 19.66932 ], [ -156.02584, 19.66937 ], [ -156.02626, 19.66999 ], [ -156.02693, 19.6697 ], [ -156.02716, 19.6696 ], [ -156.02717, 19.66966 ], [ -156.02733, 19.66973 ], [ -156.02746, 19.66991 ], [ -156.02756, 19.66994 ], [ -156.02772, 19.66988 ], [ -156.02781, 19.66993 ], [ -156.02786, 19.66992 ], [ -156.02789, 19.66995 ], [ -156.02787, 19.66999 ], [ -156.02786, 19.67005 ], [ -156.02792, 19.67025 ], [ -156.02798, 19.6703 ], [ -156.02798, 19.67038 ], [ -156.02787, 19.6706 ], [ -156.02783, 19.67076 ], [ -156.02768, 19.67102 ], [ -156.02768, 19.67107 ], [ -156.02755, 19.67115 ], [ -156.02745, 19.67128 ], [ -156.02741, 19.67132 ], [ -156.02737, 19.67131 ], [ -156.02735, 19.67127 ], [ -156.02738, 19.67114 ], [ -156.02734, 19.67103 ], [ -156.02731, 19.67102 ], [ -156.0272, 19.67105 ], [ -156.0271, 19.67095 ], [ -156.02712, 19.6709 ], [ -156.0271, 19.67086 ], [ -156.02705, 19.67083 ], [ -156.02687, 19.6708 ], [ -156.0268, 19.67072 ], [ -156.0267, 19.67071 ], [ -156.02663, 19.67075 ], [ -156.02655, 19.67074 ], [ -156.0265, 19.67079 ], [ -156.02635, 19.67097 ], [ -156.02635, 19.67104 ], [ -156.02643, 19.67142 ], [ -156.02648, 19.67148 ], [ -156.02664, 19.67152 ], [ -156.02677, 19.67156 ], [ -156.02674, 19.67158 ], [ -156.02654, 19.67162 ], [ -156.02645, 19.67166 ], [ -156.02627, 19.67169 ], [ -156.02624, 19.67167 ], [ -156.02624, 19.67157 ], [ -156.02621, 19.67151 ], [ -156.02613, 19.67144 ], [ -156.02606, 19.67144 ], [ -156.0259, 19.67149 ], [ -156.02588, 19.67154 ], [ -156.02594, 19.67171 ], [ -156.02591, 19.67186 ], [ -156.02595, 19.67203 ], [ -156.02595, 19.67224 ], [ -156.02591, 19.67249 ], [ -156.02606, 19.67275 ], [ -156.02617, 19.6731 ], [ -156.0263, 19.67337 ], [ -156.0263, 19.67352 ], [ -156.02639, 19.67382 ], [ -156.02642, 19.67416 ], [ -156.0265, 19.67463 ], [ -156.02655, 19.67474 ], [ -156.0266, 19.67498 ], [ -156.02663, 19.67538 ], [ -156.02661, 19.67552 ], [ -156.02663, 19.67582 ], [ -156.02681, 19.67616 ], [ -156.02692, 19.67631 ], [ -156.02702, 19.67649 ], [ -156.02725, 19.67677 ], [ -156.02746, 19.67696 ], [ -156.02756, 19.677 ], [ -156.02768, 19.67702 ], [ -156.02806, 19.67704 ], [ -156.02833, 19.67723 ], [ -156.02864, 19.67748 ], [ -156.02918, 19.67791 ], [ -156.02929, 19.67795 ], [ -156.02938, 19.67795 ], [ -156.02963, 19.67775 ], [ -156.0297, 19.67774 ], [ -156.02972, 19.67776 ], [ -156.02979, 19.67797 ], [ -156.02983, 19.67802 ], [ -156.02997, 19.67814 ], [ -156.0302, 19.67825 ], [ -156.03025, 19.67834 ], [ -156.03041, 19.6788 ], [ -156.03059, 19.67917 ], [ -156.03073, 19.67935 ], [ -156.03087, 19.67946 ], [ -156.03095, 19.67948 ], [ -156.03119, 19.67951 ], [ -156.03127, 19.67954 ], [ -156.03153, 19.67974 ], [ -156.03185, 19.67989 ], [ -156.03226, 19.68005 ], [ -156.03236, 19.68013 ], [ -156.0324, 19.68019 ], [ -156.03247, 19.68038 ], [ -156.03247, 19.68058 ], [ -156.03251, 19.6807 ], [ -156.03257, 19.68091 ], [ -156.03274, 19.68121 ], [ -156.03311, 19.68158 ], [ -156.03327, 19.68184 ], [ -156.03349, 19.68226 ], [ -156.03359, 19.68237 ], [ -156.03378, 19.68247 ], [ -156.034, 19.6826 ], [ -156.03408, 19.68268 ], [ -156.03428, 19.68295 ], [ -156.03442, 19.68309 ], [ -156.03455, 19.68316 ], [ -156.03468, 19.68325 ], [ -156.03473, 19.68345 ], [ -156.0347, 19.68347 ], [ -156.03447, 19.68382 ], [ -156.0341, 19.68436 ], [ -156.03397, 19.6845 ], [ -156.0338, 19.68476 ], [ -156.03371, 19.68501 ], [ -156.03366, 19.6854 ], [ -156.03371, 19.68582 ], [ -156.03369, 19.68604 ], [ -156.03359, 19.68635 ], [ -156.03349, 19.68646 ], [ -156.03336, 19.68664 ], [ -156.03331, 19.68678 ], [ -156.03335, 19.687 ], [ -156.0334, 19.68704 ], [ -156.0334, 19.68709 ], [ -156.0336, 19.68737 ], [ -156.03396, 19.68774 ], [ -156.03415, 19.68788 ], [ -156.03424, 19.68792 ], [ -156.03441, 19.68796 ], [ -156.03468, 19.68791 ], [ -156.03482, 19.68794 ], [ -156.03495, 19.68801 ], [ -156.03512, 19.68804 ], [ -156.03531, 19.68799 ], [ -156.03539, 19.68805 ], [ -156.03534, 19.68814 ], [ -156.03533, 19.68821 ], [ -156.03536, 19.6882 ], [ -156.03541, 19.68823 ], [ -156.03533, 19.68842 ], [ -156.03534, 19.68862 ], [ -156.03586, 19.68913 ], [ -156.03607, 19.6893 ], [ -156.03635, 19.6897 ], [ -156.03645, 19.68981 ], [ -156.03679, 19.6901 ], [ -156.03689, 19.69029 ], [ -156.03708, 19.69048 ], [ -156.0372, 19.69067 ], [ -156.03732, 19.69099 ], [ -156.03745, 19.69112 ], [ -156.03756, 19.69115 ], [ -156.03775, 19.69116 ], [ -156.03782, 19.69119 ], [ -156.03789, 19.69122 ], [ -156.03802, 19.69127 ], [ -156.0381, 19.69125 ], [ -156.03826, 19.6912 ], [ -156.03841, 19.69105 ], [ -156.03846, 19.69092 ], [ -156.0385, 19.69088 ], [ -156.0386, 19.69085 ], [ -156.03882, 19.69083 ], [ -156.03915, 19.6907 ], [ -156.03925, 19.69074 ], [ -156.03933, 19.69084 ], [ -156.03936, 19.69102 ], [ -156.03948, 19.69124 ], [ -156.03964, 19.69137 ], [ -156.03964, 19.69151 ], [ -156.03967, 19.69155 ], [ -156.03988, 19.6916 ], [ -156.03997, 19.6917 ], [ -156.04015, 19.69197 ], [ -156.04023, 19.69206 ], [ -156.04037, 19.69215 ], [ -156.04064, 19.69218 ], [ -156.04084, 19.69218 ], [ -156.04101, 19.6921 ], [ -156.04123, 19.69205 ], [ -156.04143, 19.69207 ], [ -156.04164, 19.69216 ], [ -156.04184, 19.69206 ], [ -156.04198, 19.6921 ], [ -156.04216, 19.69214 ], [ -156.04261, 19.69206 ], [ -156.04281, 19.69211 ], [ -156.04324, 19.69212 ], [ -156.04334, 19.69206 ], [ -156.04338, 19.69206 ], [ -156.04349, 19.69214 ], [ -156.04355, 19.69216 ], [ -156.0437, 19.6921 ], [ -156.04389, 19.69207 ], [ -156.04396, 19.69212 ], [ -156.04397, 19.69218 ], [ -156.04389, 19.69226 ], [ -156.04404, 19.69243 ], [ -156.04406, 19.69252 ], [ -156.04409, 19.69254 ], [ -156.04414, 19.69263 ], [ -156.04409, 19.69271 ], [ -156.04417, 19.6928 ], [ -156.04435, 19.69289 ], [ -156.04453, 19.69288 ], [ -156.04463, 19.69287 ], [ -156.04471, 19.69294 ], [ -156.04473, 19.69299 ], [ -156.0447, 19.69312 ], [ -156.04475, 19.69315 ], [ -156.0448, 19.69314 ], [ -156.04488, 19.69316 ], [ -156.04492, 19.69323 ], [ -156.045, 19.6932 ], [ -156.04511, 19.69312 ], [ -156.04517, 19.69313 ], [ -156.04523, 19.69321 ], [ -156.04517, 19.69337 ], [ -156.04519, 19.69351 ], [ -156.04517, 19.69371 ], [ -156.04509, 19.69396 ], [ -156.04502, 19.6942 ], [ -156.04505, 19.69438 ], [ -156.04502, 19.69454 ], [ -156.0451, 19.6947 ], [ -156.04508, 19.69484 ], [ -156.04505, 19.69517 ], [ -156.04509, 19.69534 ], [ -156.04528, 19.69551 ], [ -156.04533, 19.69576 ], [ -156.04537, 19.69582 ], [ -156.0456, 19.69595 ], [ -156.04572, 19.69604 ], [ -156.04589, 19.69621 ], [ -156.0461, 19.69654 ], [ -156.04615, 19.69669 ], [ -156.04636, 19.69705 ], [ -156.04653, 19.6977 ], [ -156.04669, 19.698 ], [ -156.04682, 19.69819 ], [ -156.04712, 19.69849 ], [ -156.0472, 19.6987 ], [ -156.04729, 19.69888 ], [ -156.0474, 19.69894 ], [ -156.04749, 19.69904 ], [ -156.04767, 19.69935 ], [ -156.04795, 19.69956 ], [ -156.04858, 19.69982 ], [ -156.04865, 19.69988 ], [ -156.04868, 19.69992 ], [ -156.04868, 19.69999 ], [ -156.04861, 19.70005 ], [ -156.04865, 19.70009 ], [ -156.04879, 19.70009 ], [ -156.04883, 19.7002 ], [ -156.04891, 19.70021 ], [ -156.04898, 19.70028 ], [ -156.04898, 19.70034 ], [ -156.04909, 19.70048 ], [ -156.04908, 19.70051 ], [ -156.04896, 19.70054 ], [ -156.04889, 19.70056 ], [ -156.04885, 19.70071 ], [ -156.04887, 19.70081 ], [ -156.04889, 19.70092 ], [ -156.04876, 19.70095 ], [ -156.04866, 19.70105 ], [ -156.04863, 19.70117 ], [ -156.04864, 19.70124 ], [ -156.04871, 19.70138 ], [ -156.04877, 19.70141 ], [ -156.04886, 19.70151 ], [ -156.04874, 19.70161 ], [ -156.04866, 19.70173 ], [ -156.04859, 19.70194 ], [ -156.04858, 19.70219 ], [ -156.0485, 19.7023 ], [ -156.04851, 19.70276 ], [ -156.04858, 19.70291 ], [ -156.04867, 19.70301 ], [ -156.04869, 19.70307 ], [ -156.04862, 19.70317 ], [ -156.04858, 19.70327 ], [ -156.04862, 19.70356 ], [ -156.04859, 19.70366 ], [ -156.04841, 19.70394 ], [ -156.04836, 19.70409 ], [ -156.04829, 19.70447 ], [ -156.04833, 19.70474 ], [ -156.04844, 19.70498 ], [ -156.04849, 19.70516 ], [ -156.0485, 19.70534 ], [ -156.0483, 19.70563 ], [ -156.04833, 19.70581 ], [ -156.04824, 19.70605 ], [ -156.04817, 19.70649 ], [ -156.04806, 19.70671 ], [ -156.04808, 19.70681 ], [ -156.04818, 19.70693 ], [ -156.04827, 19.70704 ], [ -156.04823, 19.70719 ], [ -156.04824, 19.70723 ], [ -156.04831, 19.70732 ], [ -156.0483, 19.70744 ], [ -156.04841, 19.70755 ], [ -156.04844, 19.70782 ], [ -156.04835, 19.7079 ], [ -156.04834, 19.70792 ], [ -156.04836, 19.70795 ], [ -156.04851, 19.70801 ], [ -156.04852, 19.70804 ], [ -156.04853, 19.70821 ], [ -156.04851, 19.70823 ], [ -156.04834, 19.70827 ], [ -156.04833, 19.70829 ], [ -156.04835, 19.70833 ], [ -156.04845, 19.70844 ], [ -156.04847, 19.70866 ], [ -156.04852, 19.70872 ], [ -156.04853, 19.70877 ], [ -156.04851, 19.70881 ], [ -156.04848, 19.70891 ], [ -156.04857, 19.709 ], [ -156.04854, 19.70904 ], [ -156.04855, 19.70914 ], [ -156.04861, 19.70921 ], [ -156.04872, 19.7092 ], [ -156.04884, 19.70924 ], [ -156.04887, 19.70928 ], [ -156.04895, 19.7094 ], [ -156.04898, 19.70946 ], [ -156.04897, 19.70951 ], [ -156.04884, 19.7097 ], [ -156.04881, 19.70984 ], [ -156.04888, 19.71002 ], [ -156.04895, 19.71008 ], [ -156.04911, 19.71017 ], [ -156.04914, 19.71021 ], [ -156.04908, 19.71042 ], [ -156.049, 19.71052 ], [ -156.04898, 19.71057 ], [ -156.04899, 19.71063 ], [ -156.04902, 19.71069 ], [ -156.04914, 19.71073 ], [ -156.04931, 19.71108 ], [ -156.04936, 19.7112 ], [ -156.04928, 19.71131 ], [ -156.04924, 19.71134 ], [ -156.0492, 19.7114 ], [ -156.04917, 19.71148 ], [ -156.04919, 19.71163 ], [ -156.04924, 19.71174 ], [ -156.04928, 19.71177 ], [ -156.04934, 19.71177 ], [ -156.04937, 19.7118 ], [ -156.04938, 19.71194 ], [ -156.04943, 19.71203 ], [ -156.0496, 19.71212 ], [ -156.04953, 19.71218 ], [ -156.04931, 19.7122 ], [ -156.04927, 19.71222 ], [ -156.04923, 19.71242 ], [ -156.04909, 19.71249 ], [ -156.04906, 19.71253 ], [ -156.04909, 19.71263 ], [ -156.04906, 19.71286 ], [ -156.04905, 19.7131 ], [ -156.04906, 19.71318 ], [ -156.04921, 19.7133 ], [ -156.04925, 19.71336 ], [ -156.04926, 19.71342 ], [ -156.04924, 19.71345 ], [ -156.04921, 19.71353 ], [ -156.04931, 19.7138 ], [ -156.04931, 19.71402 ], [ -156.04946, 19.71433 ], [ -156.04948, 19.71473 ], [ -156.04955, 19.71481 ], [ -156.04953, 19.71499 ], [ -156.04954, 19.71523 ], [ -156.04962, 19.71547 ], [ -156.04969, 19.7156 ], [ -156.04998, 19.71594 ], [ -156.05009, 19.71602 ], [ -156.05017, 19.71606 ], [ -156.05029, 19.71608 ], [ -156.05059, 19.71591 ], [ -156.05066, 19.7159 ], [ -156.05068, 19.71595 ], [ -156.0507, 19.71616 ], [ -156.05074, 19.7162 ], [ -156.05086, 19.71656 ], [ -156.05103, 19.71674 ], [ -156.05109, 19.71687 ], [ -156.05107, 19.71693 ], [ -156.05096, 19.71705 ], [ -156.05097, 19.71708 ], [ -156.05107, 19.71716 ], [ -156.0511, 19.71722 ], [ -156.05115, 19.71726 ], [ -156.05129, 19.71733 ], [ -156.0513, 19.71737 ], [ -156.05129, 19.71748 ], [ -156.05135, 19.71759 ], [ -156.05155, 19.71771 ], [ -156.05164, 19.71774 ], [ -156.05176, 19.71773 ], [ -156.05188, 19.71778 ], [ -156.05197, 19.71795 ], [ -156.05203, 19.71799 ], [ -156.0523, 19.71805 ], [ -156.05233, 19.71811 ], [ -156.05242, 19.71818 ], [ -156.05258, 19.71822 ], [ -156.05268, 19.71831 ], [ -156.05272, 19.71841 ], [ -156.0528, 19.71848 ], [ -156.05287, 19.71851 ], [ -156.05291, 19.71849 ], [ -156.05293, 19.71835 ], [ -156.05299, 19.71829 ], [ -156.05312, 19.71842 ], [ -156.05327, 19.71846 ], [ -156.05339, 19.71865 ], [ -156.05346, 19.71871 ], [ -156.05358, 19.71875 ], [ -156.05361, 19.71878 ], [ -156.05365, 19.71893 ], [ -156.05368, 19.719 ], [ -156.05395, 19.71924 ], [ -156.0541, 19.71947 ], [ -156.05444, 19.71981 ], [ -156.05463, 19.7199 ], [ -156.0547, 19.7199 ], [ -156.0549, 19.71997 ], [ -156.05492, 19.72007 ], [ -156.05507, 19.72014 ], [ -156.05515, 19.72014 ], [ -156.05529, 19.72009 ], [ -156.05533, 19.7201 ], [ -156.0555, 19.7203 ], [ -156.05581, 19.72057 ], [ -156.0559, 19.72074 ], [ -156.05602, 19.72087 ], [ -156.05609, 19.72091 ], [ -156.05617, 19.72091 ], [ -156.05653, 19.72088 ], [ -156.05654, 19.72091 ], [ -156.05641, 19.72103 ], [ -156.05638, 19.72108 ], [ -156.05644, 19.72121 ], [ -156.05643, 19.72132 ], [ -156.05645, 19.72157 ], [ -156.05657, 19.72165 ], [ -156.05681, 19.72191 ], [ -156.05685, 19.72193 ], [ -156.05692, 19.72192 ], [ -156.05717, 19.72194 ], [ -156.05729, 19.72205 ], [ -156.05743, 19.72231 ], [ -156.05759, 19.7224 ], [ -156.05762, 19.72252 ], [ -156.05757, 19.72263 ], [ -156.05757, 19.72271 ], [ -156.05759, 19.72276 ], [ -156.05777, 19.72307 ], [ -156.05779, 19.72318 ], [ -156.05787, 19.72334 ], [ -156.05819, 19.72363 ], [ -156.05826, 19.72378 ], [ -156.05846, 19.72413 ], [ -156.0586, 19.7243 ], [ -156.05872, 19.72439 ], [ -156.05881, 19.7245 ], [ -156.05881, 19.72455 ], [ -156.05888, 19.72463 ], [ -156.05903, 19.72477 ], [ -156.05906, 19.72486 ], [ -156.05929, 19.72528 ], [ -156.05947, 19.72537 ], [ -156.05952, 19.72543 ], [ -156.05957, 19.72553 ], [ -156.05988, 19.72605 ], [ -156.05993, 19.72618 ], [ -156.05994, 19.72622 ], [ -156.05997, 19.72642 ], [ -156.06001, 19.72655 ], [ -156.0601, 19.72667 ], [ -156.06031, 19.72675 ], [ -156.06042, 19.72676 ], [ -156.061, 19.72689 ], [ -156.06119, 19.72707 ], [ -156.06134, 19.72708 ], [ -156.06157, 19.72726 ], [ -156.06167, 19.72745 ], [ -156.06169, 19.72755 ], [ -156.06167, 19.72765 ], [ -156.06151, 19.72805 ], [ -156.06143, 19.72821 ], [ -156.06132, 19.72829 ], [ -156.06129, 19.72834 ], [ -156.06133, 19.72854 ], [ -156.0613, 19.72861 ], [ -156.06121, 19.72869 ], [ -156.061, 19.7288 ], [ -156.06093, 19.72891 ], [ -156.0609, 19.72901 ], [ -156.06076, 19.72928 ], [ -156.0607, 19.72949 ], [ -156.06072, 19.72967 ], [ -156.0608, 19.72991 ], [ -156.06078, 19.72994 ], [ -156.06048, 19.72997 ], [ -156.06036, 19.73006 ], [ -156.06022, 19.73038 ], [ -156.06005, 19.73063 ], [ -156.05992, 19.73072 ], [ -156.05983, 19.73077 ], [ -156.05968, 19.731 ], [ -156.05956, 19.73104 ], [ -156.0594, 19.73101 ], [ -156.05933, 19.73104 ], [ -156.05917, 19.73115 ], [ -156.05887, 19.73134 ], [ -156.05881, 19.7313 ], [ -156.05881, 19.73118 ], [ -156.05876, 19.73108 ], [ -156.05868, 19.73108 ], [ -156.05839, 19.73134 ], [ -156.0581, 19.73143 ], [ -156.058, 19.73152 ], [ -156.05797, 19.73158 ], [ -156.05797, 19.73164 ], [ -156.058, 19.73169 ], [ -156.05803, 19.73179 ], [ -156.05799, 19.73183 ], [ -156.05782, 19.73182 ], [ -156.05757, 19.73195 ], [ -156.05754, 19.73193 ], [ -156.0575, 19.73181 ], [ -156.05747, 19.7318 ], [ -156.05723, 19.73189 ], [ -156.057, 19.73182 ], [ -156.05686, 19.73186 ], [ -156.05671, 19.73195 ], [ -156.0566, 19.73211 ], [ -156.05617, 19.73268 ], [ -156.05592, 19.73297 ], [ -156.05571, 19.73314 ], [ -156.05532, 19.73362 ], [ -156.05516, 19.7337 ], [ -156.05485, 19.73389 ], [ -156.05469, 19.7341 ], [ -156.05438, 19.73434 ], [ -156.05433, 19.73441 ], [ -156.05428, 19.73455 ], [ -156.05413, 19.73465 ], [ -156.05399, 19.73488 ], [ -156.05383, 19.73493 ], [ -156.05354, 19.7351 ], [ -156.05331, 19.73531 ], [ -156.05309, 19.73567 ], [ -156.05299, 19.7359 ], [ -156.05296, 19.73612 ], [ -156.05298, 19.73633 ], [ -156.05315, 19.73653 ], [ -156.05309, 19.73667 ], [ -156.0531, 19.7367 ], [ -156.05319, 19.73675 ], [ -156.05321, 19.73678 ], [ -156.05319, 19.73691 ], [ -156.05321, 19.73708 ], [ -156.05326, 19.73721 ], [ -156.05333, 19.73732 ], [ -156.05341, 19.73757 ], [ -156.05348, 19.73771 ], [ -156.05367, 19.73783 ], [ -156.05375, 19.738 ], [ -156.05397, 19.73823 ], [ -156.0541, 19.73852 ], [ -156.05422, 19.7386 ], [ -156.05429, 19.73868 ], [ -156.05432, 19.73895 ], [ -156.05444, 19.7392 ], [ -156.05445, 19.73925 ], [ -156.05442, 19.7393 ], [ -156.05418, 19.73956 ], [ -156.05416, 19.73968 ], [ -156.0543, 19.73975 ], [ -156.05421, 19.73987 ], [ -156.05421, 19.73992 ], [ -156.05427, 19.74001 ], [ -156.05428, 19.74012 ], [ -156.05431, 19.74025 ], [ -156.05449, 19.74043 ], [ -156.05445, 19.74049 ], [ -156.05435, 19.74049 ], [ -156.05429, 19.74052 ], [ -156.05429, 19.74057 ], [ -156.05435, 19.74088 ], [ -156.0543, 19.74121 ], [ -156.05427, 19.7416 ], [ -156.0541, 19.7419 ], [ -156.0541, 19.74206 ], [ -156.05395, 19.74241 ], [ -156.05389, 19.74256 ], [ -156.05387, 19.7427 ], [ -156.05389, 19.74287 ], [ -156.05395, 19.74303 ], [ -156.05408, 19.74349 ], [ -156.05417, 19.74368 ], [ -156.0546, 19.74444 ], [ -156.05473, 19.74475 ], [ -156.05478, 19.74479 ], [ -156.05482, 19.7449 ], [ -156.05477, 19.74512 ], [ -156.05483, 19.74551 ], [ -156.05494, 19.74621 ], [ -156.05498, 19.74639 ], [ -156.05503, 19.74641 ], [ -156.05501, 19.74648 ], [ -156.05501, 19.74651 ], [ -156.05494, 19.74657 ], [ -156.05488, 19.74676 ], [ -156.05482, 19.74696 ], [ -156.05481, 19.74706 ], [ -156.05472, 19.74725 ], [ -156.05468, 19.74746 ], [ -156.05457, 19.74762 ], [ -156.05443, 19.74779 ], [ -156.05409, 19.74802 ], [ -156.05382, 19.74814 ], [ -156.05376, 19.74818 ], [ -156.05374, 19.74826 ], [ -156.0537, 19.74827 ], [ -156.05364, 19.74824 ], [ -156.05359, 19.74831 ], [ -156.05349, 19.74831 ], [ -156.05345, 19.74835 ], [ -156.05327, 19.74839 ], [ -156.05274, 19.74866 ], [ -156.05271, 19.74874 ], [ -156.05267, 19.74879 ], [ -156.05262, 19.74879 ], [ -156.05254, 19.74897 ], [ -156.05224, 19.74925 ], [ -156.05173, 19.74957 ], [ -156.05151, 19.74976 ], [ -156.0513, 19.74996 ], [ -156.05113, 19.75011 ], [ -156.05083, 19.7502 ], [ -156.05079, 19.75022 ], [ -156.05074, 19.75033 ], [ -156.0507, 19.75051 ], [ -156.05059, 19.75066 ], [ -156.05061, 19.75071 ], [ -156.05058, 19.75078 ], [ -156.05052, 19.75084 ], [ -156.05053, 19.75096 ], [ -156.05038, 19.75152 ], [ -156.05023, 19.75188 ], [ -156.05017, 19.75215 ], [ -156.04957, 19.75345 ], [ -156.04943, 19.75364 ], [ -156.04933, 19.75386 ], [ -156.04933, 19.75441 ], [ -156.04937, 19.75458 ], [ -156.04943, 19.75466 ], [ -156.04941, 19.75474 ], [ -156.04945, 19.75482 ], [ -156.04945, 19.75488 ], [ -156.04943, 19.75491 ], [ -156.04943, 19.75494 ], [ -156.04947, 19.7554 ], [ -156.04961, 19.75562 ], [ -156.04958, 19.7558 ], [ -156.04962, 19.75595 ], [ -156.04961, 19.756 ], [ -156.04951, 19.75611 ], [ -156.04948, 19.75628 ], [ -156.04943, 19.7564 ], [ -156.04926, 19.75654 ], [ -156.04919, 19.75668 ], [ -156.04915, 19.75689 ], [ -156.0492, 19.75734 ], [ -156.04934, 19.75753 ], [ -156.0493, 19.75784 ], [ -156.04936, 19.75792 ], [ -156.04945, 19.75797 ], [ -156.04946, 19.75804 ], [ -156.04938, 19.75812 ], [ -156.0494, 19.75821 ], [ -156.04936, 19.75826 ], [ -156.0494, 19.75839 ], [ -156.04936, 19.75846 ], [ -156.04929, 19.75855 ], [ -156.04923, 19.75891 ], [ -156.04919, 19.75894 ], [ -156.04922, 19.75904 ], [ -156.04916, 19.75913 ], [ -156.04911, 19.75939 ], [ -156.04919, 19.75965 ], [ -156.0493, 19.75988 ], [ -156.04939, 19.76015 ], [ -156.04947, 19.76032 ], [ -156.04963, 19.76041 ], [ -156.04961, 19.76059 ], [ -156.04962, 19.76066 ], [ -156.0498, 19.76086 ], [ -156.05002, 19.76108 ], [ -156.05025, 19.7612 ], [ -156.05049, 19.76125 ], [ -156.05056, 19.76129 ], [ -156.05049, 19.7614 ], [ -156.05045, 19.76144 ], [ -156.05045, 19.76149 ], [ -156.05047, 19.76153 ], [ -156.05058, 19.76154 ], [ -156.05054, 19.76172 ], [ -156.05067, 19.76173 ], [ -156.05068, 19.76184 ], [ -156.05066, 19.76196 ], [ -156.05064, 19.76197 ], [ -156.05046, 19.76189 ], [ -156.05038, 19.76189 ], [ -156.05032, 19.76211 ], [ -156.0502, 19.76219 ], [ -156.05002, 19.76243 ], [ -156.04993, 19.76259 ], [ -156.04982, 19.7627 ], [ -156.04978, 19.76279 ], [ -156.04982, 19.76298 ], [ -156.04979, 19.76303 ], [ -156.04969, 19.7631 ], [ -156.04967, 19.76321 ], [ -156.04948, 19.76363 ], [ -156.04951, 19.76371 ], [ -156.04962, 19.76376 ], [ -156.04976, 19.76405 ], [ -156.04978, 19.7642 ], [ -156.04973, 19.76422 ], [ -156.04959, 19.76416 ], [ -156.04944, 19.76419 ], [ -156.04937, 19.76414 ], [ -156.04934, 19.76424 ], [ -156.04927, 19.76424 ], [ -156.04922, 19.76432 ], [ -156.04913, 19.76426 ], [ -156.049, 19.76438 ], [ -156.0489, 19.76452 ], [ -156.0489, 19.7646 ], [ -156.04892, 19.76467 ], [ -156.04896, 19.76468 ], [ -156.04895, 19.76472 ], [ -156.04886, 19.76479 ], [ -156.04874, 19.76485 ], [ -156.04876, 19.76494 ], [ -156.04875, 19.76499 ], [ -156.04864, 19.76507 ], [ -156.04868, 19.76516 ], [ -156.04862, 19.76527 ], [ -156.0486, 19.76548 ], [ -156.04869, 19.76582 ], [ -156.04874, 19.76589 ], [ -156.04882, 19.76592 ], [ -156.04912, 19.76594 ], [ -156.04912, 19.76599 ], [ -156.0491, 19.76606 ], [ -156.04898, 19.76614 ], [ -156.04898, 19.76624 ], [ -156.04902, 19.76629 ], [ -156.04911, 19.7663 ], [ -156.04914, 19.76636 ], [ -156.0491, 19.76651 ], [ -156.04919, 19.76661 ], [ -156.04917, 19.7668 ], [ -156.04928, 19.76689 ], [ -156.04942, 19.76696 ], [ -156.04941, 19.76701 ], [ -156.04938, 19.7671 ], [ -156.04939, 19.76721 ], [ -156.04936, 19.76735 ], [ -156.04923, 19.76744 ], [ -156.04923, 19.76753 ], [ -156.04902, 19.76766 ], [ -156.04897, 19.76774 ], [ -156.04884, 19.7678 ], [ -156.04877, 19.76788 ], [ -156.0488, 19.76798 ], [ -156.04898, 19.76818 ], [ -156.04909, 19.76836 ], [ -156.04912, 19.76845 ], [ -156.04909, 19.76879 ], [ -156.04917, 19.76899 ], [ -156.04933, 19.76917 ], [ -156.04947, 19.76926 ], [ -156.04958, 19.76928 ], [ -156.0496, 19.76931 ], [ -156.04946, 19.76956 ], [ -156.04939, 19.7696 ], [ -156.04936, 19.76967 ], [ -156.04922, 19.76984 ], [ -156.04912, 19.77002 ], [ -156.0491, 19.77018 ], [ -156.04913, 19.77026 ], [ -156.04924, 19.77033 ], [ -156.04924, 19.7704 ], [ -156.04919, 19.77049 ], [ -156.04919, 19.7706 ], [ -156.04921, 19.7707 ], [ -156.04931, 19.77074 ], [ -156.04942, 19.77075 ], [ -156.04947, 19.77079 ], [ -156.04947, 19.77086 ], [ -156.04942, 19.77095 ], [ -156.04941, 19.77108 ], [ -156.04945, 19.77121 ], [ -156.04962, 19.77135 ], [ -156.04973, 19.7715 ], [ -156.04981, 19.77197 ], [ -156.04992, 19.77232 ], [ -156.04997, 19.77239 ], [ -156.05013, 19.77247 ], [ -156.05016, 19.7725 ], [ -156.05016, 19.77255 ], [ -156.05013, 19.77259 ], [ -156.05003, 19.77259 ], [ -156.04997, 19.77263 ], [ -156.04998, 19.77266 ], [ -156.04995, 19.77272 ], [ -156.04983, 19.77271 ], [ -156.04974, 19.77273 ], [ -156.04967, 19.77283 ], [ -156.04967, 19.77288 ], [ -156.04959, 19.7729 ], [ -156.04928, 19.77309 ], [ -156.04917, 19.77319 ], [ -156.04907, 19.77317 ], [ -156.04901, 19.77323 ], [ -156.04897, 19.7734 ], [ -156.04878, 19.77351 ], [ -156.04808, 19.77367 ], [ -156.04769, 19.77378 ], [ -156.04735, 19.77402 ], [ -156.04719, 19.7742 ], [ -156.04712, 19.77432 ], [ -156.04713, 19.77446 ], [ -156.04704, 19.7746 ], [ -156.04706, 19.77472 ], [ -156.04695, 19.77473 ], [ -156.04694, 19.77486 ], [ -156.04682, 19.77491 ], [ -156.04681, 19.77493 ], [ -156.04685, 19.77498 ], [ -156.04661, 19.77551 ], [ -156.04662, 19.77585 ], [ -156.04672, 19.77617 ], [ -156.04684, 19.77645 ], [ -156.04692, 19.7768 ], [ -156.04696, 19.7769 ], [ -156.04688, 19.77712 ], [ -156.04702, 19.77717 ], [ -156.04701, 19.77724 ], [ -156.04706, 19.77734 ], [ -156.04705, 19.77737 ], [ -156.04659, 19.7773 ], [ -156.04634, 19.7774 ], [ -156.04603, 19.77772 ], [ -156.04574, 19.77793 ], [ -156.04568, 19.77807 ], [ -156.04564, 19.77844 ], [ -156.04564, 19.77889 ], [ -156.04562, 19.77907 ], [ -156.04552, 19.77914 ], [ -156.0451, 19.7792 ], [ -156.04463, 19.77933 ], [ -156.0443, 19.77949 ], [ -156.0443, 19.77963 ], [ -156.04419, 19.77972 ], [ -156.04419, 19.77977 ], [ -156.0441, 19.77996 ], [ -156.04405, 19.78 ], [ -156.04402, 19.78006 ], [ -156.04359, 19.78014 ], [ -156.04338, 19.78023 ], [ -156.04324, 19.78038 ], [ -156.04316, 19.78052 ], [ -156.04288, 19.78072 ], [ -156.04273, 19.78105 ], [ -156.04261, 19.7812 ], [ -156.04217, 19.78144 ], [ -156.042, 19.7815 ], [ -156.04153, 19.78157 ], [ -156.04137, 19.78164 ], [ -156.04126, 19.78165 ], [ -156.04107, 19.78161 ], [ -156.04088, 19.78163 ], [ -156.04067, 19.7817 ], [ -156.04056, 19.78185 ], [ -156.04027, 19.7822 ], [ -156.04005, 19.78224 ], [ -156.03988, 19.78218 ], [ -156.03987, 19.78206 ], [ -156.03984, 19.78196 ], [ -156.03976, 19.78188 ], [ -156.0397, 19.78167 ], [ -156.03937, 19.78154 ], [ -156.03916, 19.78151 ], [ -156.03902, 19.78146 ], [ -156.03884, 19.78134 ], [ -156.03858, 19.7812 ], [ -156.0384, 19.78118 ], [ -156.03811, 19.78124 ], [ -156.03775, 19.78152 ], [ -156.03752, 19.78195 ], [ -156.03736, 19.78215 ], [ -156.0373, 19.78223 ], [ -156.03716, 19.78237 ], [ -156.03694, 19.78253 ], [ -156.03676, 19.78279 ], [ -156.03668, 19.78305 ], [ -156.03676, 19.78339 ], [ -156.03684, 19.78349 ], [ -156.03696, 19.78359 ], [ -156.03698, 19.7839 ], [ -156.03703, 19.78411 ], [ -156.03713, 19.78418 ], [ -156.03721, 19.78431 ], [ -156.03714, 19.78461 ], [ -156.03715, 19.7847 ], [ -156.0373, 19.78484 ], [ -156.03763, 19.78502 ], [ -156.03769, 19.78512 ], [ -156.03764, 19.78525 ], [ -156.03766, 19.78539 ], [ -156.03791, 19.78569 ], [ -156.03794, 19.78577 ], [ -156.03802, 19.78582 ], [ -156.03807, 19.78588 ], [ -156.0381, 19.78599 ], [ -156.03829, 19.78617 ], [ -156.03853, 19.78633 ], [ -156.03878, 19.78679 ], [ -156.03886, 19.78702 ], [ -156.03882, 19.78716 ], [ -156.03872, 19.78738 ], [ -156.03852, 19.78762 ], [ -156.03828, 19.78796 ], [ -156.03812, 19.7881 ], [ -156.03794, 19.78813 ], [ -156.03771, 19.78821 ], [ -156.03741, 19.7884 ], [ -156.0372, 19.78834 ], [ -156.03667, 19.78844 ], [ -156.03649, 19.78835 ], [ -156.03642, 19.78836 ], [ -156.03641, 19.78846 ], [ -156.03635, 19.78851 ], [ -156.03611, 19.78845 ], [ -156.03601, 19.78847 ], [ -156.03563, 19.78873 ], [ -156.03523, 19.78918 ], [ -156.03477, 19.78961 ], [ -156.0343, 19.7902 ], [ -156.03419, 19.79029 ], [ -156.03403, 19.79035 ], [ -156.0338, 19.79055 ], [ -156.03337, 19.79068 ], [ -156.0332, 19.7907 ], [ -156.03295, 19.79053 ], [ -156.03274, 19.79048 ], [ -156.03222, 19.79048 ], [ -156.03195, 19.79043 ], [ -156.03154, 19.79032 ], [ -156.03063, 19.79034 ], [ -156.03011, 19.79045 ], [ -156.0297, 19.79063 ], [ -156.02963, 19.79079 ], [ -156.02962, 19.79085 ], [ -156.02941, 19.79086 ], [ -156.02912, 19.7909 ], [ -156.02903, 19.79097 ], [ -156.02894, 19.7913 ], [ -156.0289, 19.79132 ], [ -156.02874, 19.79129 ], [ -156.02859, 19.79133 ], [ -156.02849, 19.79141 ], [ -156.02791, 19.79222 ], [ -156.02781, 19.79252 ], [ -156.02778, 19.79254 ], [ -156.02762, 19.79246 ], [ -156.02749, 19.79247 ], [ -156.02717, 19.79254 ], [ -156.02702, 19.7926 ], [ -156.02687, 19.7928 ], [ -156.02665, 19.79268 ], [ -156.02644, 19.79269 ], [ -156.02622, 19.79286 ], [ -156.02614, 19.79299 ], [ -156.02606, 19.79328 ], [ -156.02607, 19.79441 ], [ -156.02595, 19.79503 ], [ -156.02595, 19.79521 ], [ -156.02587, 19.79538 ], [ -156.02587, 19.79546 ], [ -156.02577, 19.79555 ], [ -156.02497, 19.79584 ], [ -156.02465, 19.79589 ], [ -156.02433, 19.79597 ], [ -156.02406, 19.79606 ], [ -156.02386, 19.79607 ], [ -156.02348, 19.79596 ], [ -156.02341, 19.79609 ], [ -156.02295, 19.79608 ], [ -156.0228, 19.7962 ], [ -156.02268, 19.79647 ], [ -156.02258, 19.79646 ], [ -156.02244, 19.79639 ], [ -156.02241, 19.79632 ], [ -156.02238, 19.79599 ], [ -156.02233, 19.79589 ], [ -156.02224, 19.79586 ], [ -156.02205, 19.79587 ], [ -156.02172, 19.79594 ], [ -156.02168, 19.79597 ], [ -156.02169, 19.79612 ], [ -156.02166, 19.79614 ], [ -156.02156, 19.7961 ], [ -156.02147, 19.79618 ], [ -156.02132, 19.79644 ], [ -156.02112, 19.79665 ], [ -156.02098, 19.79676 ], [ -156.02089, 19.7969 ], [ -156.02074, 19.79754 ], [ -156.02069, 19.79766 ], [ -156.02051, 19.79785 ], [ -156.02044, 19.79795 ], [ -156.02042, 19.79808 ], [ -156.02045, 19.79831 ], [ -156.02043, 19.79839 ], [ -156.01948, 19.79886 ], [ -156.01931, 19.79897 ], [ -156.01923, 19.79909 ], [ -156.01903, 19.79915 ], [ -156.01892, 19.79926 ], [ -156.01873, 19.79932 ], [ -156.01872, 19.79954 ], [ -156.01862, 19.79965 ], [ -156.01859, 19.79989 ], [ -156.01852, 19.79989 ], [ -156.01838, 19.79997 ], [ -156.01839, 19.80014 ], [ -156.0183, 19.8002 ], [ -156.01796, 19.80027 ], [ -156.01762, 19.80052 ], [ -156.01744, 19.80081 ], [ -156.01731, 19.80113 ], [ -156.01726, 19.8014 ], [ -156.01726, 19.80169 ], [ -156.01722, 19.80171 ], [ -156.01718, 19.80171 ], [ -156.01713, 19.80164 ], [ -156.01703, 19.80168 ], [ -156.01687, 19.80179 ], [ -156.01674, 19.80172 ], [ -156.01667, 19.80163 ], [ -156.01632, 19.80155 ], [ -156.01608, 19.80141 ], [ -156.01589, 19.8014 ], [ -156.01567, 19.80154 ], [ -156.01548, 19.80159 ], [ -156.01537, 19.80164 ], [ -156.01535, 19.80173 ], [ -156.01527, 19.80177 ], [ -156.01498, 19.80187 ], [ -156.01489, 19.80196 ], [ -156.01491, 19.80215 ], [ -156.01464, 19.80239 ], [ -156.01465, 19.80266 ], [ -156.01445, 19.80277 ], [ -156.01383, 19.80299 ], [ -156.01385, 19.80304 ], [ -156.01389, 19.8031 ], [ -156.01391, 19.80318 ], [ -156.01386, 19.80323 ], [ -156.01384, 19.80334 ], [ -156.01387, 19.80345 ], [ -156.01357, 19.80368 ], [ -156.01358, 19.80374 ], [ -156.01375, 19.80389 ], [ -156.01376, 19.80393 ], [ -156.01378, 19.80412 ], [ -156.01374, 19.80433 ], [ -156.01365, 19.80443 ], [ -156.0136, 19.80452 ], [ -156.01368, 19.80458 ], [ -156.01384, 19.80462 ], [ -156.01391, 19.80467 ], [ -156.01374, 19.80484 ], [ -156.01381, 19.80496 ], [ -156.01392, 19.80504 ], [ -156.01396, 19.8051 ], [ -156.01399, 19.80521 ], [ -156.01372, 19.80547 ], [ -156.01369, 19.80558 ], [ -156.01371, 19.80566 ], [ -156.01356, 19.80589 ], [ -156.01356, 19.80605 ], [ -156.01335, 19.80632 ], [ -156.01327, 19.8064 ], [ -156.01321, 19.80648 ], [ -156.01319, 19.80664 ], [ -156.01296, 19.80688 ], [ -156.01276, 19.80699 ], [ -156.0124, 19.80706 ], [ -156.01214, 19.80713 ], [ -156.01192, 19.80714 ], [ -156.01179, 19.80725 ], [ -156.01161, 19.8072 ], [ -156.01145, 19.80718 ], [ -156.01134, 19.80724 ], [ -156.01121, 19.80743 ], [ -156.01105, 19.8074 ], [ -156.01088, 19.80747 ], [ -156.01067, 19.80762 ], [ -156.0106, 19.80771 ], [ -156.00989, 19.80777 ], [ -156.00976, 19.80787 ], [ -156.00956, 19.80796 ], [ -156.00938, 19.808 ], [ -156.00915, 19.80812 ], [ -156.00898, 19.80835 ], [ -156.00884, 19.80862 ], [ -156.00847, 19.80903 ], [ -156.0084, 19.80956 ], [ -156.0082, 19.80961 ], [ -156.00789, 19.80974 ], [ -156.00767, 19.80972 ], [ -156.00744, 19.80979 ], [ -156.00708, 19.81013 ], [ -156.0069, 19.81042 ], [ -156.00679, 19.81073 ], [ -156.00674, 19.811 ], [ -156.00674, 19.81121 ], [ -156.00697, 19.81178 ], [ -156.00704, 19.81198 ], [ -156.00702, 19.81222 ], [ -156.00707, 19.81243 ], [ -156.00714, 19.81254 ], [ -156.00705, 19.8126 ], [ -156.00687, 19.81265 ], [ -156.00684, 19.81293 ], [ -156.0067, 19.81324 ], [ -156.00658, 19.81339 ], [ -156.00653, 19.81348 ], [ -156.00653, 19.81364 ], [ -156.00623, 19.8138 ], [ -156.0058, 19.81429 ], [ -156.00562, 19.81452 ], [ -156.00533, 19.81448 ], [ -156.00517, 19.81455 ], [ -156.00476, 19.81464 ], [ -156.00422, 19.81462 ], [ -156.00358, 19.81453 ], [ -156.00333, 19.81436 ], [ -156.00303, 19.81426 ], [ -156.00279, 19.81425 ], [ -156.00263, 19.81433 ], [ -156.00256, 19.81446 ], [ -156.00248, 19.81454 ], [ -156.00229, 19.81454 ], [ -156.0021, 19.81447 ], [ -156.00193, 19.81446 ], [ -156.00176, 19.81454 ], [ -156.00157, 19.8147 ], [ -156.00141, 19.8149 ], [ -156.00125, 19.81506 ], [ -156.00122, 19.81515 ], [ -156.00129, 19.81546 ], [ -156.0013, 19.81568 ], [ -156.00119, 19.81592 ], [ -156.00124, 19.81601 ], [ -156.0014, 19.81614 ], [ -156.00151, 19.81635 ], [ -156.00149, 19.81658 ], [ -156.00135, 19.81674 ], [ -156.0013, 19.81686 ], [ -156.00137, 19.81709 ], [ -156.00141, 19.81734 ], [ -156.0014, 19.81749 ], [ -156.00148, 19.81756 ], [ -156.00151, 19.8176 ], [ -156.00146, 19.81773 ], [ -156.00149, 19.8178 ], [ -156.00169, 19.81797 ], [ -156.00169, 19.81829 ], [ -156.00157, 19.81834 ], [ -156.00134, 19.81832 ], [ -156.00118, 19.81834 ], [ -156.00119, 19.81844 ], [ -156.00131, 19.81853 ], [ -156.00137, 19.81893 ], [ -156.00137, 19.81917 ], [ -156.00132, 19.81933 ], [ -156.0012, 19.81945 ], [ -156.00109, 19.81945 ], [ -156.00097, 19.81934 ], [ -156.00057, 19.81908 ], [ -156.00051, 19.81897 ], [ -156.00052, 19.81887 ], [ -156.00013, 19.81867 ], [ -155.99989, 19.81849 ], [ -155.99963, 19.81843 ], [ -155.99946, 19.81846 ], [ -155.99923, 19.81858 ], [ -155.99889, 19.8187 ], [ -155.99863, 19.81884 ], [ -155.99824, 19.81918 ], [ -155.998, 19.81962 ], [ -155.99785, 19.81997 ], [ -155.99758, 19.82054 ], [ -155.99741, 19.82073 ], [ -155.99725, 19.82097 ], [ -155.99721, 19.821 ], [ -155.99717, 19.82103 ], [ -155.99712, 19.82113 ], [ -155.99706, 19.82145 ], [ -155.99691, 19.82197 ], [ -155.99693, 19.82206 ], [ -155.99701, 19.82215 ], [ -155.99715, 19.82223 ], [ -155.99721, 19.82225 ], [ -155.99727, 19.82227 ], [ -155.99748, 19.82237 ], [ -155.9976, 19.82244 ], [ -155.99766, 19.82253 ], [ -155.99768, 19.82266 ], [ -155.99763, 19.82286 ], [ -155.9978, 19.8231 ], [ -155.99788, 19.82319 ], [ -155.99787, 19.82324 ], [ -155.99768, 19.82341 ], [ -155.99736, 19.82392 ], [ -155.99735, 19.824 ], [ -155.99739, 19.82407 ], [ -155.99759, 19.82424 ], [ -155.99771, 19.82441 ], [ -155.99771, 19.82459 ], [ -155.99772, 19.82485 ], [ -155.99771, 19.82503 ], [ -155.99778, 19.82539 ], [ -155.99778, 19.82548 ], [ -155.99772, 19.82552 ], [ -155.99758, 19.82552 ], [ -155.99758, 19.82556 ], [ -155.99761, 19.82564 ], [ -155.99758, 19.82575 ], [ -155.99744, 19.82571 ], [ -155.99739, 19.82574 ], [ -155.99733, 19.82587 ], [ -155.99721, 19.8259 ], [ -155.99715, 19.82592 ], [ -155.99677, 19.82615 ], [ -155.99655, 19.82619 ], [ -155.99641, 19.82641 ], [ -155.99632, 19.82653 ], [ -155.99604, 19.8265 ], [ -155.99573, 19.82659 ], [ -155.99538, 19.82672 ], [ -155.99518, 19.82692 ], [ -155.99504, 19.82713 ], [ -155.99491, 19.82745 ], [ -155.99469, 19.82772 ], [ -155.99443, 19.82784 ], [ -155.99404, 19.82818 ], [ -155.99375, 19.8283 ], [ -155.99319, 19.82862 ], [ -155.99287, 19.82873 ], [ -155.99274, 19.82881 ], [ -155.99268, 19.82908 ], [ -155.99258, 19.82909 ], [ -155.9925, 19.82907 ], [ -155.99228, 19.82915 ], [ -155.99218, 19.82913 ], [ -155.9921, 19.82919 ], [ -155.99196, 19.82941 ], [ -155.99146, 19.82962 ], [ -155.99116, 19.82989 ], [ -155.99083, 19.82994 ], [ -155.9905, 19.83003 ], [ -155.99025, 19.83019 ], [ -155.98997, 19.83032 ], [ -155.98894, 19.83056 ], [ -155.98878, 19.83075 ], [ -155.98866, 19.83099 ], [ -155.98851, 19.83113 ], [ -155.98843, 19.83114 ], [ -155.98785, 19.83094 ], [ -155.98756, 19.83094 ], [ -155.9875, 19.83095 ], [ -155.9874, 19.83097 ], [ -155.98722, 19.8311 ], [ -155.98705, 19.83111 ], [ -155.98667, 19.83108 ], [ -155.98657, 19.83111 ], [ -155.98647, 19.8312 ], [ -155.98638, 19.83134 ], [ -155.98626, 19.83148 ], [ -155.986, 19.83187 ], [ -155.98601, 19.83194 ], [ -155.98402, 19.83326 ], [ -155.96774, 19.84266 ], [ -155.95588, 19.84807 ], [ -155.94782, 19.85275 ], [ -155.94777, 19.85277 ], [ -155.94628, 19.85358 ], [ -155.94628, 19.85358 ], [ -155.94625, 19.85355 ], [ -155.94612, 19.85349 ], [ -155.94604, 19.85351 ], [ -155.94587, 19.85352 ], [ -155.94583, 19.85344 ], [ -155.94581, 19.85332 ], [ -155.94574, 19.85317 ], [ -155.94565, 19.85317 ], [ -155.94546, 19.85342 ], [ -155.94538, 19.8534 ], [ -155.94533, 19.85334 ], [ -155.94548, 19.85298 ], [ -155.94554, 19.85274 ], [ -155.9454, 19.8526 ], [ -155.94506, 19.85248 ], [ -155.94456, 19.85221 ], [ -155.94432, 19.8522 ], [ -155.94428, 19.85221 ], [ -155.94428, 19.85234 ], [ -155.94412, 19.8523 ], [ -155.94402, 19.8523 ], [ -155.94389, 19.85225 ], [ -155.94383, 19.85219 ], [ -155.94366, 19.85191 ], [ -155.94356, 19.85185 ], [ -155.94354, 19.8518 ], [ -155.94354, 19.85167 ], [ -155.94347, 19.85151 ], [ -155.94334, 19.8513 ], [ -155.94303, 19.85097 ], [ -155.94291, 19.85075 ], [ -155.94284, 19.8507 ], [ -155.9427, 19.85075 ], [ -155.94258, 19.85066 ], [ -155.94254, 19.85056 ], [ -155.94251, 19.85036 ], [ -155.94232, 19.85026 ], [ -155.94137, 19.85 ], [ -155.94094, 19.85 ], [ -155.94078, 19.85002 ], [ -155.94055, 19.85014 ], [ -155.94022, 19.85039 ], [ -155.94016, 19.85038 ], [ -155.94, 19.85026 ], [ -155.93959, 19.85015 ], [ -155.93943, 19.85019 ], [ -155.93936, 19.85023 ], [ -155.93929, 19.85021 ], [ -155.93926, 19.85001 ], [ -155.93915, 19.84978 ], [ -155.93887, 19.84961 ], [ -155.93838, 19.84954 ], [ -155.93823, 19.84949 ], [ -155.93768, 19.84938 ], [ -155.93743, 19.84941 ], [ -155.9372, 19.84952 ], [ -155.93697, 19.84959 ], [ -155.93624, 19.84977 ], [ -155.93589, 19.84987 ], [ -155.93572, 19.84996 ], [ -155.93545, 19.85007 ], [ -155.93518, 19.85029 ], [ -155.93499, 19.8506 ], [ -155.9349, 19.85068 ], [ -155.93479, 19.85065 ], [ -155.93456, 19.85069 ], [ -155.93442, 19.85074 ], [ -155.93418, 19.85079 ], [ -155.93363, 19.85106 ], [ -155.93351, 19.8512 ], [ -155.9334, 19.85125 ], [ -155.93319, 19.85128 ], [ -155.93292, 19.85151 ], [ -155.93281, 19.85153 ], [ -155.93263, 19.85152 ], [ -155.9324, 19.85159 ], [ -155.93209, 19.85182 ], [ -155.93163, 19.85189 ], [ -155.93135, 19.85204 ], [ -155.93114, 19.85212 ], [ -155.93095, 19.85225 ], [ -155.93082, 19.85229 ], [ -155.93064, 19.85229 ], [ -155.92982, 19.85243 ], [ -155.9294, 19.85238 ], [ -155.92921, 19.85234 ], [ -155.92902, 19.85225 ], [ -155.92882, 19.85225 ], [ -155.92876, 19.85232 ], [ -155.92873, 19.85257 ], [ -155.92836, 19.8527 ], [ -155.92823, 19.85278 ], [ -155.92809, 19.85289 ], [ -155.92789, 19.85301 ], [ -155.92763, 19.85336 ], [ -155.92744, 19.85346 ], [ -155.92723, 19.85352 ], [ -155.92699, 19.85364 ], [ -155.92691, 19.85383 ], [ -155.92675, 19.85387 ], [ -155.92663, 19.85401 ], [ -155.92645, 19.85426 ], [ -155.92603, 19.85454 ], [ -155.92551, 19.85474 ], [ -155.92488, 19.85505 ], [ -155.9248, 19.85522 ], [ -155.92436, 19.85533 ], [ -155.92398, 19.85561 ], [ -155.92356, 19.85595 ], [ -155.9233, 19.85604 ], [ -155.92296, 19.85606 ], [ -155.92282, 19.85598 ], [ -155.92262, 19.85552 ], [ -155.92255, 19.85541 ], [ -155.92228, 19.8552 ], [ -155.92196, 19.85515 ], [ -155.92155, 19.85516 ], [ -155.92134, 19.85519 ], [ -155.92115, 19.85535 ], [ -155.9211, 19.85551 ], [ -155.92107, 19.85571 ], [ -155.921, 19.85589 ], [ -155.92054, 19.85637 ], [ -155.92043, 19.85662 ], [ -155.92051, 19.85712 ], [ -155.92051, 19.85752 ], [ -155.92058, 19.85764 ], [ -155.92061, 19.85777 ], [ -155.92057, 19.8581 ], [ -155.92059, 19.85834 ], [ -155.92075, 19.85848 ], [ -155.92085, 19.85864 ], [ -155.92087, 19.85892 ], [ -155.92094, 19.85917 ], [ -155.92106, 19.85923 ], [ -155.92124, 19.85924 ], [ -155.92132, 19.8593 ], [ -155.9214, 19.85954 ], [ -155.92182, 19.85984 ], [ -155.92183, 19.86002 ], [ -155.92181, 19.86015 ], [ -155.92184, 19.86031 ], [ -155.92193, 19.86032 ], [ -155.92213, 19.86025 ], [ -155.92221, 19.86038 ], [ -155.92226, 19.86043 ], [ -155.9223, 19.86042 ], [ -155.92232, 19.86036 ], [ -155.92224, 19.86014 ], [ -155.92208, 19.85981 ], [ -155.92183, 19.85946 ], [ -155.92181, 19.85932 ], [ -155.92169, 19.85924 ], [ -155.9216, 19.8591 ], [ -155.92142, 19.85874 ], [ -155.92139, 19.85845 ], [ -155.92131, 19.85827 ], [ -155.92118, 19.8581 ], [ -155.92111, 19.85793 ], [ -155.92122, 19.85773 ], [ -155.92136, 19.85772 ], [ -155.92153, 19.85777 ], [ -155.92161, 19.85768 ], [ -155.92167, 19.85747 ], [ -155.92179, 19.85743 ], [ -155.92196, 19.85752 ], [ -155.92205, 19.85773 ], [ -155.92211, 19.85798 ], [ -155.92211, 19.85822 ], [ -155.92215, 19.8584 ], [ -155.92226, 19.85859 ], [ -155.92232, 19.85908 ], [ -155.92237, 19.85916 ], [ -155.92243, 19.85949 ], [ -155.92253, 19.85967 ], [ -155.92258, 19.85992 ], [ -155.92271, 19.86014 ], [ -155.92274, 19.86029 ], [ -155.92275, 19.86065 ], [ -155.92281, 19.86121 ], [ -155.92274, 19.86147 ], [ -155.92264, 19.86177 ], [ -155.92263, 19.862 ], [ -155.92284, 19.86262 ], [ -155.92298, 19.8629 ], [ -155.92306, 19.86322 ], [ -155.92307, 19.86354 ], [ -155.92314, 19.8638 ], [ -155.92322, 19.86401 ], [ -155.92335, 19.86421 ], [ -155.92357, 19.86441 ], [ -155.92371, 19.86468 ], [ -155.92386, 19.86486 ], [ -155.9147, 19.8688 ], [ -155.8954, 19.87712 ], [ -155.8601, 19.89222 ], [ -155.84567, 19.89796 ], [ -155.83282, 19.90216 ], [ -155.80956, 19.90952 ], [ -155.7958, 19.91706 ], [ -155.78257, 19.92449 ], [ -155.76754, 19.93335 ], [ -155.752, 19.94362 ], [ -155.74155, 19.95905 ], [ -155.73678, 19.96918 ], [ -155.7348, 19.97977 ], [ -155.73538, 19.99063 ], [ -155.73902, 19.99833 ], [ -155.7451, 20.00549 ], [ -155.75115, 20.01034 ], [ -155.76174, 20.01926 ], [ -155.77049, 20.02628 ], [ -155.77796, 20.03333 ], [ -155.78655, 20.04358 ], [ -155.79417, 20.05354 ], [ -155.80411, 20.0686 ], [ -155.81744, 20.08844 ], [ -155.8292, 20.10378 ], [ -155.84076, 20.11992 ], [ -155.85059, 20.13357 ], [ -155.86022, 20.14914 ], [ -155.86832, 20.16151 ], [ -155.87862, 20.17837 ], [ -155.88294, 20.18868 ], [ -155.88646, 20.20201 ], [ -155.88702, 20.21096 ], [ -155.88696, 20.22122 ], [ -155.88674, 20.22817 ], [ -155.88525, 20.23564 ], [ -155.88342, 20.242 ], [ -155.87737, 20.25205 ], [ -155.87362, 20.25864 ], [ -155.86951, 20.26303 ], [ -155.86779, 20.26536 ], [ -155.86762, 20.26532 ], [ -155.86752, 20.26526 ], [ -155.86741, 20.26528 ], [ -155.86732, 20.26532 ], [ -155.86711, 20.26532 ], [ -155.86705, 20.26538 ], [ -155.86703, 20.26547 ], [ -155.86694, 20.26561 ], [ -155.86676, 20.26576 ], [ -155.8668, 20.26589 ], [ -155.8668, 20.26598 ], [ -155.86647, 20.26617 ], [ -155.86639, 20.26629 ], [ -155.8663, 20.26633 ], [ -155.86617, 20.26636 ], [ -155.86609, 20.26641 ], [ -155.86596, 20.26631 ], [ -155.86591, 20.2663 ], [ -155.86567, 20.26637 ], [ -155.86504, 20.2664 ], [ -155.86494, 20.26636 ], [ -155.86482, 20.26621 ], [ -155.8646, 20.26613 ], [ -155.86443, 20.26609 ], [ -155.86433, 20.26617 ], [ -155.86422, 20.26618 ], [ -155.86412, 20.26607 ], [ -155.86393, 20.26608 ], [ -155.86396, 20.26611 ], [ -155.86366, 20.26613 ], [ -155.86343, 20.26603 ], [ -155.86331, 20.26593 ], [ -155.86324, 20.2659 ], [ -155.86294, 20.26587 ], [ -155.8628, 20.26587 ], [ -155.86274, 20.26588 ], [ -155.86264, 20.26597 ], [ -155.86242, 20.26625 ], [ -155.86231, 20.26634 ], [ -155.86221, 20.26632 ], [ -155.86218, 20.2663 ], [ -155.8621, 20.26605 ], [ -155.86204, 20.26602 ], [ -155.86204, 20.26599 ], [ -155.86181, 20.26599 ], [ -155.86144, 20.26607 ], [ -155.86133, 20.26608 ], [ -155.86123, 20.26613 ], [ -155.86119, 20.26608 ], [ -155.86102, 20.266 ], [ -155.86094, 20.26592 ], [ -155.86088, 20.26589 ], [ -155.86068, 20.2659 ], [ -155.86053, 20.26596 ], [ -155.86034, 20.26607 ], [ -155.8601, 20.26629 ], [ -155.85996, 20.26638 ], [ -155.85992, 20.26642 ], [ -155.85963, 20.26647 ], [ -155.85948, 20.26649 ], [ -155.85928, 20.26648 ], [ -155.85869, 20.26655 ], [ -155.85854, 20.26663 ], [ -155.85836, 20.26683 ], [ -155.85832, 20.26689 ], [ -155.85806, 20.26704 ], [ -155.85795, 20.26715 ], [ -155.85787, 20.26719 ], [ -155.85775, 20.26719 ], [ -155.85765, 20.26715 ], [ -155.85754, 20.26708 ], [ -155.85703, 20.267 ], [ -155.85671, 20.26702 ], [ -155.85655, 20.26705 ], [ -155.85628, 20.26732 ], [ -155.8562, 20.26742 ], [ -155.85612, 20.26749 ], [ -155.85586, 20.26744 ], [ -155.85582, 20.26746 ], [ -155.85565, 20.26748 ], [ -155.85551, 20.26741 ], [ -155.85546, 20.26737 ], [ -155.85527, 20.2673 ], [ -155.85512, 20.2673 ], [ -155.85495, 20.26734 ], [ -155.85431, 20.26763 ], [ -155.85417, 20.26771 ], [ -155.85389, 20.26809 ], [ -155.85386, 20.26827 ], [ -155.85379, 20.26838 ], [ -155.85359, 20.26839 ], [ -155.85352, 20.26835 ], [ -155.85323, 20.26837 ], [ -155.85312, 20.26831 ], [ -155.85307, 20.26833 ], [ -155.85302, 20.26838 ], [ -155.85264, 20.26822 ], [ -155.85255, 20.26814 ], [ -155.85214, 20.26767 ], [ -155.85188, 20.26771 ], [ -155.85181, 20.26769 ], [ -155.85177, 20.2678 ], [ -155.85176, 20.26793 ], [ -155.85173, 20.268 ], [ -155.85155, 20.26807 ], [ -155.85122, 20.26808 ], [ -155.85087, 20.26821 ], [ -155.8508, 20.2683 ], [ -155.85074, 20.26834 ], [ -155.85067, 20.26842 ], [ -155.85057, 20.26848 ], [ -155.85049, 20.26848 ], [ -155.85043, 20.26845 ], [ -155.85036, 20.26829 ], [ -155.85037, 20.26823 ], [ -155.85031, 20.26816 ] ] ] ] } },
{ "type": "Feature", "properties": { "objectid": 41, "solar_cal": "450-500", "st_areasha": 60.383581220325077, "st_perimet": 56.824331905070181 }, "geometry": { "type": "MultiPolygon", "coordinates": [ [ [ [ -156.66642, 21.0067 ], [ -156.66638, 21.00667 ], [ -156.66634, 21.00647 ], [ -156.66644, 21.0067 ], [ -156.66642, 21.0067 ] ] ] ] } },
{ "type": "Feature", "properties": { "objectid": 44, "solar_cal": "450-500", "st_areasha": 546355986.83212256, "st_perimet": 332115.92987291847 }, "geometry": { "type": "MultiPolygon", "coordinates": [ [ [ [ -156.64437, 21.01145 ], [ -156.64418, 21.01144 ], [ -156.64404, 21.01145 ], [ -156.64391, 21.01133 ], [ -156.6438, 21.01128 ], [ -156.64374, 21.01127 ], [ -156.64371, 21.01129 ], [ -156.64367, 21.01134 ], [ -156.64366, 21.01141 ], [ -156.64371, 21.01148 ], [ -156.64372, 21.01157 ], [ -156.6437, 21.01162 ], [ -156.6437, 21.01167 ], [ -156.64371, 21.01176 ], [ -156.64366, 21.01179 ], [ -156.64362, 21.01177 ], [ -156.64353, 21.01168 ], [ -156.64348, 21.01159 ], [ -156.64341, 21.01151 ], [ -156.64337, 21.01143 ], [ -156.64332, 21.01136 ], [ -156.64309, 21.01124 ], [ -156.6428, 21.01117 ], [ -156.64261, 21.0112 ], [ -156.64234, 21.01122 ], [ -156.64369, 21.00752 ], [ -156.64741, 20.9918 ], [ -156.6509, 20.97466 ], [ -156.65732, 20.95807 ], [ -156.66316, 20.94585 ], [ -156.667, 20.94036 ], [ -156.66792, 20.93717 ], [ -156.66571, 20.93366 ], [ -156.66113, 20.93211 ], [ -156.6542, 20.92981 ], [ -156.64743, 20.92546 ], [ -156.64264, 20.91974 ], [ -156.6372, 20.91253 ], [ -156.63517, 20.90618 ], [ -156.63209, 20.89644 ], [ -156.62929, 20.88783 ], [ -156.62752, 20.87839 ], [ -156.62667, 20.86875 ], [ -156.62482, 20.8579 ], [ -156.62217, 20.84753 ], [ -156.61635, 20.839 ], [ -156.60765, 20.8319 ], [ -156.59888, 20.82627 ], [ -156.58115, 20.81554 ], [ -156.56795, 20.80817 ], [ -156.56273, 20.8052 ], [ -156.55851, 20.80369 ], [ -156.55004, 20.80165 ], [ -156.54224, 20.80008 ], [ -156.53612, 20.79936 ], [ -156.52731, 20.80174 ], [ -156.52133, 20.80652 ], [ -156.51448, 20.81278 ], [ -156.51062, 20.81945 ], [ -156.50821, 20.82576 ], [ -156.50568, 20.83548 ], [ -156.5045, 20.84446 ], [ -156.50373, 20.84974 ], [ -156.50342, 20.85732 ], [ -156.50257, 20.86359 ], [ -156.49849, 20.8715 ], [ -156.49482, 20.87627 ], [ -156.49172, 20.88127 ], [ -156.48896, 20.88588 ], [ -156.48666, 20.89043 ], [ -156.48411, 20.89518 ], [ -156.48165, 20.89978 ], [ -156.4808, 20.90082 ], [ -156.48077, 20.90073 ], [ -156.48067, 20.90036 ], [ -156.48053, 20.89956 ], [ -156.48031, 20.89912 ], [ -156.47967, 20.89816 ], [ -156.47703, 20.8992 ], [ -156.47438, 20.90025 ], [ -156.47427, 20.90032 ], [ -156.47415, 20.90045 ], [ -156.47403, 20.90044 ], [ -156.47392, 20.90041 ], [ -156.47386, 20.90036 ], [ -156.47386, 20.90026 ], [ -156.47386, 20.90018 ], [ -156.47399, 20.90007 ], [ -156.47407, 20.90006 ], [ -156.47415, 20.90008 ], [ -156.47423, 20.90011 ], [ -156.47556, 20.89961 ], [ -156.47721, 20.8967 ], [ -156.47787, 20.89635 ], [ -156.47854, 20.89609 ], [ -156.47865, 20.89599 ], [ -156.47872, 20.89586 ], [ -156.47871, 20.89571 ], [ -156.47798, 20.89455 ], [ -156.47788, 20.89439 ], [ -156.47727, 20.89386 ], [ -156.47604, 20.89291 ], [ -156.47504, 20.8922 ], [ -156.47351, 20.89116 ], [ -156.47337, 20.8911 ], [ -156.47193, 20.89131 ], [ -156.4706, 20.89165 ], [ -156.46927, 20.8923 ], [ -156.46859, 20.89292 ], [ -156.46756, 20.8941 ], [ -156.46889, 20.89494 ], [ -156.46892, 20.89508 ], [ -156.46878, 20.8952 ], [ -156.46855, 20.89529 ], [ -156.46831, 20.89541 ], [ -156.46616, 20.89414 ], [ -156.46592, 20.89433 ], [ -156.46568, 20.89454 ], [ -156.46546, 20.89466 ], [ -156.46517, 20.89502 ], [ -156.46514, 20.8954 ], [ -156.46515, 20.89586 ], [ -156.46518, 20.89622 ], [ -156.46832, 20.89806 ], [ -156.4683, 20.89814 ], [ -156.46815, 20.89808 ], [ -156.46812, 20.89812 ], [ -156.46795, 20.89837 ], [ -156.46813, 20.89853 ], [ -156.46827, 20.89855 ], [ -156.46833, 20.89855 ], [ -156.46837, 20.89864 ], [ -156.46845, 20.89874 ], [ -156.46854, 20.8988 ], [ -156.4687, 20.89887 ], [ -156.46879, 20.89889 ], [ -156.46889, 20.89883 ], [ -156.469, 20.89888 ], [ -156.46908, 20.8991 ], [ -156.47038, 20.89989 ], [ -156.47126, 20.90036 ], [ -156.47131, 20.90041 ], [ -156.47143, 20.90042 ], [ -156.47157, 20.90046 ], [ -156.4717, 20.90057 ], [ -156.47175, 20.9007 ], [ -156.47175, 20.90072 ], [ -156.47156, 20.90077 ], [ -156.47135, 20.90068 ], [ -156.47092, 20.90041 ], [ -156.46798, 20.89866 ], [ -156.46749, 20.89867 ], [ -156.46703, 20.89867 ], [ -156.46673, 20.89864 ], [ -156.4665, 20.89853 ], [ -156.46642, 20.89839 ], [ -156.46636, 20.89828 ], [ -156.4662, 20.89816 ], [ -156.46604, 20.89806 ], [ -156.46494, 20.89799 ], [ -156.46404, 20.89796 ], [ -156.46376, 20.8979 ], [ -156.46356, 20.89785 ], [ -156.46343, 20.89774 ], [ -156.46299, 20.8973 ], [ -156.46261, 20.89717 ], [ -156.46222, 20.8972 ], [ -156.46192, 20.89721 ], [ -156.46174, 20.89721 ], [ -156.46156, 20.89715 ], [ -156.46127, 20.89708 ], [ -156.46086, 20.89713 ], [ -156.46074, 20.89727 ], [ -156.4607, 20.89736 ], [ -156.46068, 20.89742 ], [ -156.4606, 20.89746 ], [ -156.46059, 20.89739 ], [ -156.46057, 20.89731 ], [ -156.46055, 20.89725 ], [ -156.46036, 20.89715 ], [ -156.46013, 20.89722 ], [ -156.45995, 20.89729 ], [ -156.45965, 20.89742 ], [ -156.45934, 20.89751 ], [ -156.45896, 20.89754 ], [ -156.4584, 20.89746 ], [ -156.45827, 20.89743 ], [ -156.45803, 20.89737 ], [ -156.45779, 20.89732 ], [ -156.45737, 20.89731 ], [ -156.4571, 20.8973 ], [ -156.45551, 20.89705 ], [ -156.45494, 20.89696 ], [ -156.45459, 20.89691 ], [ -156.45429, 20.89685 ], [ -156.45394, 20.89677 ], [ -156.45347, 20.89675 ], [ -156.45308, 20.89678 ], [ -156.45265, 20.89681 ], [ -156.45234, 20.89684 ], [ -156.45192, 20.89686 ], [ -156.45151, 20.89675 ], [ -156.45118, 20.89684 ], [ -156.4509, 20.89692 ], [ -156.45073, 20.89693 ], [ -156.45041, 20.897 ], [ -156.45012, 20.89705 ], [ -156.44978, 20.89711 ], [ -156.44931, 20.89718 ], [ -156.44872, 20.89733 ], [ -156.44844, 20.89742 ], [ -156.44801, 20.89765 ], [ -156.44783, 20.89774 ], [ -156.44753, 20.89794 ], [ -156.44741, 20.89804 ], [ -156.44745, 20.89819 ], [ -156.44759, 20.89838 ], [ -156.44768, 20.89848 ], [ -156.44769, 20.89858 ], [ -156.44724, 20.89891 ], [ -156.44717, 20.89894 ], [ -156.44694, 20.89908 ], [ -156.44672, 20.89923 ], [ -156.44635, 20.89927 ], [ -156.44605, 20.89935 ], [ -156.44582, 20.89941 ], [ -156.4457, 20.89932 ], [ -156.4455, 20.89923 ], [ -156.44522, 20.89917 ], [ -156.44481, 20.89924 ], [ -156.44444, 20.89936 ], [ -156.44398, 20.89947 ], [ -156.44369, 20.89948 ], [ -156.44321, 20.89954 ], [ -156.44282, 20.89964 ], [ -156.44253, 20.89971 ], [ -156.44221, 20.89983 ], [ -156.44183, 20.9 ], [ -156.44138, 20.90017 ], [ -156.44088, 20.90044 ], [ -156.4406, 20.90065 ], [ -156.44044, 20.90079 ], [ -156.44021, 20.90082 ], [ -156.43987, 20.90103 ], [ -156.43965, 20.90117 ], [ -156.43935, 20.90132 ], [ -156.43906, 20.90136 ], [ -156.43879, 20.90145 ], [ -156.43838, 20.90164 ], [ -156.43814, 20.90188 ], [ -156.43805, 20.90202 ], [ -156.43788, 20.90251 ], [ -156.43768, 20.90268 ], [ -156.43737, 20.90294 ], [ -156.43728, 20.90313 ], [ -156.43718, 20.90337 ], [ -156.43711, 20.90339 ], [ -156.43702, 20.90337 ], [ -156.4369, 20.90333 ], [ -156.43676, 20.90324 ], [ -156.43658, 20.90318 ], [ -156.4364, 20.90321 ], [ -156.43617, 20.90324 ], [ -156.43581, 20.90332 ], [ -156.43557, 20.90333 ], [ -156.43531, 20.90337 ], [ -156.43502, 20.90341 ], [ -156.43441, 20.90354 ], [ -156.43397, 20.90368 ], [ -156.43356, 20.90391 ], [ -156.43331, 20.90409 ], [ -156.43315, 20.90431 ], [ -156.43283, 20.90442 ], [ -156.43241, 20.90483 ], [ -156.4322, 20.90509 ], [ -156.43186, 20.90541 ], [ -156.43158, 20.90576 ], [ -156.43125, 20.90634 ], [ -156.43029, 20.90689 ], [ -156.42991, 20.90714 ], [ -156.42957, 20.9074 ], [ -156.42911, 20.90772 ], [ -156.42856, 20.90809 ], [ -156.42812, 20.90838 ], [ -156.42757, 20.90877 ], [ -156.42745, 20.90881 ], [ -156.42726, 20.90887 ], [ -156.42699, 20.90889 ], [ -156.42679, 20.90894 ], [ -156.42649, 20.90908 ], [ -156.42624, 20.90925 ], [ -156.42594, 20.90941 ], [ -156.42576, 20.90952 ], [ -156.42533, 20.90981 ], [ -156.42524, 20.90983 ], [ -156.42485, 20.90989 ], [ -156.4246, 20.90995 ], [ -156.42425, 20.91005 ], [ -156.42386, 20.91016 ], [ -156.42341, 20.91028 ], [ -156.42299, 20.91045 ], [ -156.42252, 20.91037 ], [ -156.42225, 20.91038 ], [ -156.42174, 20.91033 ], [ -156.4215, 20.91014 ], [ -156.42125, 20.90975 ], [ -156.42104, 20.90945 ], [ -156.42061, 20.90902 ], [ -156.42027, 20.90868 ], [ -156.41999, 20.90845 ], [ -156.41972, 20.90828 ], [ -156.41947, 20.90816 ], [ -156.41883, 20.90827 ], [ -156.41856, 20.90823 ], [ -156.41827, 20.9081 ], [ -156.41798, 20.90804 ], [ -156.41778, 20.90799 ], [ -156.41478, 20.90011 ], [ -156.41249, 20.89116 ], [ -156.41175, 20.88369 ], [ -156.40841, 20.87741 ], [ -156.40442, 20.87513 ], [ -156.39661, 20.87302 ], [ -156.38996, 20.87331 ], [ -156.38172, 20.87453 ], [ -156.37666, 20.87592 ], [ -156.36898, 20.8794 ], [ -156.36161, 20.88316 ], [ -156.35749, 20.88618 ], [ -156.35211, 20.89288 ], [ -156.34938, 20.89857 ], [ -156.35016, 20.90367 ], [ -156.35203, 20.90794 ], [ -156.35385, 20.91037 ], [ -156.36175, 20.91356 ], [ -156.36539, 20.9141 ], [ -156.37139, 20.91587 ], [ -156.37572, 20.9179 ], [ -156.37859, 20.91989 ], [ -156.37841, 20.92002 ], [ -156.37817, 20.92015 ], [ -156.37803, 20.9204 ], [ -156.37795, 20.92082 ], [ -156.37799, 20.92093 ], [ -156.37813, 20.9213 ], [ -156.37814, 20.92144 ], [ -156.3781, 20.92171 ], [ -156.37795, 20.92191 ], [ -156.37777, 20.92195 ], [ -156.37757, 20.92199 ], [ -156.37735, 20.92203 ], [ -156.37699, 20.92205 ], [ -156.37683, 20.92223 ], [ -156.37666, 20.92243 ], [ -156.3765, 20.92263 ], [ -156.37627, 20.92291 ], [ -156.37604, 20.92302 ], [ -156.37576, 20.92303 ], [ -156.37564, 20.92297 ], [ -156.37551, 20.92288 ], [ -156.37537, 20.92267 ], [ -156.3752, 20.92252 ], [ -156.37494, 20.92243 ], [ -156.37454, 20.92239 ], [ -156.37434, 20.92248 ], [ -156.37419, 20.92254 ], [ -156.3739, 20.92261 ], [ -156.37365, 20.92265 ], [ -156.37328, 20.92275 ], [ -156.37303, 20.92292 ], [ -156.37279, 20.92325 ], [ -156.37252, 20.92355 ], [ -156.37233, 20.92376 ], [ -156.37205, 20.92391 ], [ -156.37197, 20.92387 ], [ -156.37178, 20.92382 ], [ -156.37156, 20.92384 ], [ -156.37135, 20.9239 ], [ -156.37126, 20.92403 ], [ -156.37134, 20.92443 ], [ -156.37119, 20.92474 ], [ -156.37113, 20.92503 ], [ -156.37114, 20.92519 ], [ -156.37107, 20.92541 ], [ -156.37096, 20.9255 ], [ -156.37069, 20.92551 ], [ -156.37054, 20.92553 ], [ -156.37028, 20.92557 ], [ -156.37007, 20.92572 ], [ -156.36994, 20.92589 ], [ -156.36984, 20.92607 ], [ -156.36982, 20.92616 ], [ -156.36982, 20.92632 ], [ -156.36991, 20.9265 ], [ -156.37003, 20.92661 ], [ -156.37013, 20.9267 ], [ -156.3702, 20.92682 ], [ -156.37023, 20.92697 ], [ -156.37028, 20.92711 ], [ -156.37034, 20.92734 ], [ -156.37039, 20.92752 ], [ -156.37043, 20.9277 ], [ -156.37045, 20.92782 ], [ -156.37046, 20.92797 ], [ -156.37045, 20.92811 ], [ -156.37045, 20.92821 ], [ -156.3705, 20.92836 ], [ -156.37055, 20.92849 ], [ -156.37058, 20.92867 ], [ -156.37057, 20.92884 ], [ -156.37052, 20.92899 ], [ -156.37042, 20.9291 ], [ -156.37026, 20.92919 ], [ -156.37008, 20.92921 ], [ -156.37001, 20.92917 ], [ -156.36987, 20.92916 ], [ -156.36978, 20.92913 ], [ -156.36969, 20.92915 ], [ -156.36963, 20.92919 ], [ -156.36956, 20.92926 ], [ -156.36949, 20.9293 ], [ -156.36933, 20.92935 ], [ -156.36921, 20.9294 ], [ -156.36906, 20.92944 ], [ -156.36891, 20.92954 ], [ -156.36877, 20.92979 ], [ -156.36864, 20.92997 ], [ -156.36854, 20.92991 ], [ -156.36846, 20.92985 ], [ -156.3684, 20.92969 ], [ -156.36826, 20.92952 ], [ -156.36798, 20.92945 ], [ -156.36752, 20.92941 ], [ -156.36727, 20.92952 ], [ -156.36695, 20.92964 ], [ -156.36666, 20.92972 ], [ -156.36641, 20.92972 ], [ -156.36601, 20.92984 ], [ -156.36563, 20.93018 ], [ -156.36558, 20.9302 ], [ -156.36537, 20.93028 ], [ -156.36525, 20.9304 ], [ -156.36511, 20.93052 ], [ -156.36498, 20.93058 ], [ -156.36466, 20.93072 ], [ -156.36439, 20.93078 ], [ -156.36414, 20.93083 ], [ -156.3638, 20.93101 ], [ -156.36354, 20.93111 ], [ -156.36331, 20.93124 ], [ -156.363, 20.93137 ], [ -156.36247, 20.93152 ], [ -156.3621, 20.93171 ], [ -156.36185, 20.93187 ], [ -156.3616, 20.93216 ], [ -156.36154, 20.93237 ], [ -156.36151, 20.93262 ], [ -156.36127, 20.93275 ], [ -156.36095, 20.93313 ], [ -156.36063, 20.93336 ], [ -156.36035, 20.9334 ], [ -156.36, 20.93352 ], [ -156.35997, 20.93353 ], [ -156.35925, 20.93336 ], [ -156.35894, 20.9334 ], [ -156.35847, 20.93331 ], [ -156.35806, 20.9334 ], [ -156.35761, 20.93353 ], [ -156.35726, 20.93364 ], [ -156.35685, 20.93386 ], [ -156.35651, 20.934 ], [ -156.35606, 20.93427 ], [ -156.3558, 20.93448 ], [ -156.35573, 20.93465 ], [ -156.35572, 20.93486 ], [ -156.35589, 20.93504 ], [ -156.35593, 20.93514 ], [ -156.3559, 20.93523 ], [ -156.35435, 20.933 ], [ -156.34645, 20.92341 ], [ -156.33894, 20.9132 ], [ -156.33397, 20.90397 ], [ -156.3315, 20.89786 ], [ -156.33085, 20.88973 ], [ -156.3326, 20.88282 ], [ -156.33687, 20.87591 ], [ -156.34302, 20.86977 ], [ -156.35133, 20.86281 ], [ -156.36002, 20.85737 ], [ -156.36706, 20.85461 ], [ -156.37041, 20.85161 ], [ -156.37349, 20.84766 ], [ -156.37599, 20.84258 ], [ -156.37644, 20.83627 ], [ -156.37538, 20.83037 ], [ -156.3723, 20.8239 ], [ -156.36958, 20.81572 ], [ -156.36507, 20.80866 ], [ -156.3616, 20.80296 ], [ -156.35952, 20.79803 ], [ -156.3587, 20.78933 ], [ -156.35868, 20.78028 ], [ -156.35993, 20.7759 ], [ -156.36909, 20.75903 ], [ -156.38387, 20.73341 ], [ -156.39302, 20.71635 ], [ -156.40059, 20.69842 ], [ -156.40702, 20.67776 ], [ -156.40745, 20.66478 ], [ -156.40783, 20.65368 ], [ -156.4061, 20.64491 ], [ -156.39956, 20.63681 ], [ -156.38876, 20.63197 ], [ -156.37384, 20.62922 ], [ -156.3595, 20.62967 ], [ -156.34172, 20.6311 ], [ -156.32087, 20.63301 ], [ -156.30114, 20.63509 ], [ -156.28381, 20.63878 ], [ -156.277, 20.64043 ], [ -156.2579, 20.64581 ], [ -156.24913, 20.6476 ], [ -156.23844, 20.65129 ], [ -156.23183, 20.6546 ], [ -156.22015, 20.66095 ], [ -156.20848, 20.67 ], [ -156.19379, 20.67684 ], [ -156.18013, 20.67864 ], [ -156.16748, 20.67786 ], [ -156.1593, 20.67475 ], [ -156.15011, 20.66926 ], [ -156.14001, 20.66369 ], [ -156.12876, 20.65847 ], [ -156.11365, 20.65385 ], [ -156.10141, 20.65338 ], [ -156.08983, 20.65541 ], [ -156.07934, 20.65899 ], [ -156.06672, 20.66402 ], [ -156.05701, 20.669 ], [ -156.04955, 20.67502 ], [ -156.04205, 20.67971 ], [ -156.03279, 20.68671 ], [ -156.03052, 20.68841 ], [ -156.02447, 20.6971 ], [ -156.01922, 20.70322 ], [ -156.01627, 20.70896 ], [ -156.00987, 20.72215 ], [ -156.0068, 20.73599 ], [ -156.00602, 20.7461 ], [ -156.00621, 20.75679 ], [ -156.00668, 20.76682 ], [ -156.008, 20.77593 ], [ -156.011, 20.78653 ], [ -156.01578, 20.79524 ], [ -156.01876, 20.79948 ], [ -156.01851, 20.79928 ], [ -156.01819, 20.79899 ], [ -156.01796, 20.79871 ], [ -156.01782, 20.79847 ], [ -156.01772, 20.79837 ], [ -156.01638, 20.79797 ], [ -156.01617, 20.79788 ], [ -156.01605, 20.79775 ], [ -156.01584, 20.7977 ], [ -156.01569, 20.79765 ], [ -156.01556, 20.79761 ], [ -156.01488, 20.79756 ], [ -156.01475, 20.79751 ], [ -156.01465, 20.79742 ], [ -156.01461, 20.79734 ], [ -156.01452, 20.79718 ], [ -156.01445, 20.79717 ], [ -156.01439, 20.79723 ], [ -156.01429, 20.79727 ], [ -156.01424, 20.79731 ], [ -156.01424, 20.7974 ], [ -156.01427, 20.79746 ], [ -156.01442, 20.79763 ], [ -156.01442, 20.79773 ], [ -156.01435, 20.79773 ], [ -156.01422, 20.79759 ], [ -156.01403, 20.79725 ], [ -156.01403, 20.79718 ], [ -156.01407, 20.79711 ], [ -156.01407, 20.79703 ], [ -156.01369, 20.797 ], [ -156.01338, 20.79697 ], [ -156.0132, 20.7969 ], [ -156.01309, 20.79689 ], [ -156.01276, 20.79692 ], [ -156.01263, 20.79689 ], [ -156.01241, 20.79677 ], [ -156.01206, 20.79683 ], [ -156.012, 20.79687 ], [ -156.01196, 20.7971 ], [ -156.01193, 20.79713 ], [ -156.01187, 20.79713 ], [ -156.01186, 20.79703 ], [ -156.01182, 20.79692 ], [ -156.01179, 20.79688 ], [ -156.0117, 20.79686 ], [ -156.01145, 20.79686 ], [ -156.01135, 20.79693 ], [ -156.01131, 20.797 ], [ -156.0113, 20.79715 ], [ -156.01135, 20.79738 ], [ -156.01133, 20.79747 ], [ -156.0113, 20.79748 ], [ -156.01122, 20.79748 ], [ -156.0112, 20.79745 ], [ -156.01121, 20.79731 ], [ -156.01119, 20.79722 ], [ -156.01116, 20.79718 ], [ -156.01111, 20.79717 ], [ -156.01095, 20.79723 ], [ -156.01079, 20.79724 ], [ -156.01072, 20.79728 ], [ -156.0107, 20.79741 ], [ -156.01062, 20.79744 ], [ -156.01058, 20.79741 ], [ -156.01055, 20.79731 ], [ -156.01049, 20.79725 ], [ -156.01045, 20.79722 ], [ -156.01034, 20.79721 ], [ -156.0103, 20.79724 ], [ -156.01025, 20.7973 ], [ -156.01027, 20.79737 ], [ -156.01027, 20.79749 ], [ -156.01006, 20.79753 ], [ -156.01003, 20.7975 ], [ -156.00991, 20.79747 ], [ -156.00986, 20.79744 ], [ -156.0098, 20.79721 ], [ -156.00979, 20.79708 ], [ -156.0097, 20.79687 ], [ -156.00963, 20.79679 ], [ -156.00958, 20.79677 ], [ -156.00948, 20.79676 ], [ -156.00945, 20.79679 ], [ -156.00945, 20.79686 ], [ -156.00946, 20.79692 ], [ -156.00934, 20.79693 ], [ -156.00925, 20.79699 ], [ -156.00916, 20.79701 ], [ -156.00908, 20.79697 ], [ -156.009, 20.79696 ], [ -156.00898, 20.79698 ], [ -156.00896, 20.7971 ], [ -156.00889, 20.7971 ], [ -156.00874, 20.79707 ], [ -156.00872, 20.79709 ], [ -156.00862, 20.79712 ], [ -156.00852, 20.79702 ], [ -156.00834, 20.79699 ], [ -156.00832, 20.79697 ], [ -156.00829, 20.79689 ], [ -156.00815, 20.79675 ], [ -156.00815, 20.79669 ], [ -156.00817, 20.79664 ], [ -156.00815, 20.79657 ], [ -156.00803, 20.79644 ], [ -156.00801, 20.7964 ], [ -156.00811, 20.79634 ], [ -156.00812, 20.7963 ], [ -156.0081, 20.79628 ], [ -156.00772, 20.7962 ], [ -156.0077, 20.79609 ], [ -156.00755, 20.79598 ], [ -156.00756, 20.79596 ], [ -156.00758, 20.79594 ], [ -156.0076, 20.79589 ], [ -156.0075, 20.79585 ], [ -156.00737, 20.79578 ], [ -156.00738, 20.79573 ], [ -156.0074, 20.79567 ], [ -156.00725, 20.79564 ], [ -156.00724, 20.79557 ], [ -156.00726, 20.79553 ], [ -156.00733, 20.7955 ], [ -156.00733, 20.79545 ], [ -156.00728, 20.79541 ], [ -156.00683, 20.79529 ], [ -156.00678, 20.79526 ], [ -156.00677, 20.79523 ], [ -156.0068, 20.79516 ], [ -156.0068, 20.79502 ], [ -156.00691, 20.79496 ], [ -156.00692, 20.79489 ], [ -156.0069, 20.79486 ], [ -156.00681, 20.7948 ], [ -156.00675, 20.7948 ], [ -156.00653, 20.79472 ], [ -156.00648, 20.79466 ], [ -156.00642, 20.79464 ], [ -156.0064, 20.79459 ], [ -156.00611, 20.79428 ], [ -156.00593, 20.7941 ], [ -156.00572, 20.79394 ], [ -156.00556, 20.79389 ], [ -156.00551, 20.79386 ], [ -156.0055, 20.79378 ], [ -156.00547, 20.79376 ], [ -156.00541, 20.79375 ], [ -156.00526, 20.79381 ], [ -156.00508, 20.79386 ], [ -156.00487, 20.79386 ], [ -156.00476, 20.7939 ], [ -156.00459, 20.79392 ], [ -156.00448, 20.7939 ], [ -156.00384, 20.79364 ], [ -156.00377, 20.79364 ], [ -156.0037, 20.79367 ], [ -156.00356, 20.79386 ], [ -156.00346, 20.79388 ], [ -156.00344, 20.79386 ], [ -156.00344, 20.79383 ], [ -156.00347, 20.79375 ], [ -156.0035, 20.79368 ], [ -156.00351, 20.79358 ], [ -156.00344, 20.7935 ], [ -156.00338, 20.79348 ], [ -156.00325, 20.79348 ], [ -156.00313, 20.79359 ], [ -156.00296, 20.79375 ], [ -156.00287, 20.7938 ], [ -156.0028, 20.7938 ], [ -156.00266, 20.79373 ], [ -156.00264, 20.79367 ], [ -156.00267, 20.79358 ], [ -156.00268, 20.79343 ], [ -156.00265, 20.79333 ], [ -156.0026, 20.79329 ], [ -156.00249, 20.79327 ], [ -156.0024, 20.79324 ], [ -156.00239, 20.79315 ], [ -156.00236, 20.79312 ], [ -156.0023, 20.7931 ], [ -156.00219, 20.79308 ], [ -156.002, 20.79313 ], [ -156.00195, 20.79308 ], [ -156.00195, 20.79299 ], [ -156.00195, 20.79283 ], [ -156.00179, 20.79283 ], [ -156.00163, 20.79278 ], [ -156.00155, 20.79278 ], [ -156.00145, 20.79281 ], [ -156.0013, 20.79282 ], [ -156.00116, 20.79272 ], [ -156.00112, 20.79268 ], [ -156.00106, 20.79255 ], [ -156.00102, 20.79244 ], [ -156.00098, 20.79239 ], [ -156.00091, 20.79238 ], [ -156.00087, 20.79245 ], [ -156.0008, 20.79249 ], [ -156.00072, 20.79243 ], [ -156.00068, 20.79227 ], [ -156.00063, 20.79215 ], [ -156.00053, 20.79208 ], [ -156.00053, 20.79204 ], [ -156.00058, 20.79198 ], [ -156.00067, 20.79197 ], [ -156.00074, 20.79195 ], [ -156.00077, 20.79189 ], [ -156.00078, 20.79167 ], [ -156.00063, 20.79161 ], [ -156.00051, 20.79149 ], [ -156.00045, 20.79148 ], [ -156.00042, 20.7915 ], [ -156.00041, 20.79153 ], [ -156.00034, 20.79156 ], [ -156.0003, 20.79151 ], [ -156.0003, 20.79149 ], [ -156.00036, 20.79135 ], [ -156.00035, 20.79134 ], [ -156.0003, 20.79134 ], [ -156.00021, 20.79146 ], [ -156.00013, 20.79148 ], [ -156.00013, 20.79143 ], [ -156.00024, 20.79128 ], [ -156.0003, 20.79118 ], [ -156.00039, 20.79113 ], [ -156.00064, 20.791 ], [ -156.00079, 20.79088 ], [ -156.00082, 20.79083 ], [ -156.00085, 20.79071 ], [ -156.00092, 20.79063 ], [ -156.00093, 20.79057 ], [ -156.00084, 20.79052 ], [ -156.00081, 20.79049 ], [ -156.00084, 20.79045 ], [ -156.00095, 20.79042 ], [ -156.00104, 20.79033 ], [ -156.00109, 20.79025 ], [ -156.00115, 20.79021 ], [ -156.00128, 20.79022 ], [ -156.00138, 20.79022 ], [ -156.0015, 20.7902 ], [ -156.00158, 20.79023 ], [ -156.00181, 20.79043 ], [ -156.0019, 20.79048 ], [ -156.00193, 20.79049 ], [ -156.002, 20.79045 ], [ -156.00205, 20.79035 ], [ -156.00206, 20.79018 ], [ -156.00203, 20.79015 ], [ -156.00193, 20.7901 ], [ -156.00185, 20.78996 ], [ -156.00174, 20.78987 ], [ -156.00171, 20.78983 ], [ -156.0017, 20.78974 ], [ -156.00164, 20.78963 ], [ -156.00176, 20.78961 ], [ -156.00194, 20.78956 ], [ -156.00204, 20.78947 ], [ -156.00211, 20.78931 ], [ -156.00234, 20.7893 ], [ -156.00252, 20.7892 ], [ -156.00258, 20.78919 ], [ -156.0026, 20.78921 ], [ -156.00262, 20.78931 ], [ -156.00269, 20.78938 ], [ -156.00275, 20.78936 ], [ -156.00288, 20.78924 ], [ -156.00318, 20.78908 ], [ -156.00328, 20.78899 ], [ -156.00336, 20.78885 ], [ -156.00343, 20.78863 ], [ -156.00341, 20.78852 ], [ -156.00339, 20.78844 ], [ -156.00336, 20.78839 ], [ -156.00336, 20.78836 ], [ -156.00334, 20.78831 ], [ -156.00326, 20.78821 ], [ -156.00315, 20.78811 ], [ -156.00306, 20.7881 ], [ -156.00299, 20.78816 ], [ -156.00298, 20.78822 ], [ -156.00296, 20.78823 ], [ -156.0029, 20.78818 ], [ -156.00286, 20.7881 ], [ -156.00285, 20.788 ], [ -156.00287, 20.78796 ], [ -156.00288, 20.78785 ], [ -156.00274, 20.78783 ], [ -156.00273, 20.78775 ], [ -156.00269, 20.78768 ], [ -156.00259, 20.7876 ], [ -156.00246, 20.78755 ], [ -156.00238, 20.78755 ], [ -156.00232, 20.78766 ], [ -156.00216, 20.78787 ], [ -156.00204, 20.78796 ], [ -156.00193, 20.78799 ], [ -156.00178, 20.78796 ], [ -156.00167, 20.78796 ], [ -156.00157, 20.78803 ], [ -156.00133, 20.78834 ], [ -156.00125, 20.78837 ], [ -156.0012, 20.78833 ], [ -156.00119, 20.78824 ], [ -156.00122, 20.78813 ], [ -156.00127, 20.78807 ], [ -156.00138, 20.78803 ], [ -156.00142, 20.78798 ], [ -156.00145, 20.78786 ], [ -156.0014, 20.78783 ], [ -156.00131, 20.78785 ], [ -156.00121, 20.78788 ], [ -156.00116, 20.78786 ], [ -156.00091, 20.78786 ], [ -156.00087, 20.78785 ], [ -156.00083, 20.78779 ], [ -156.00082, 20.78771 ], [ -156.00085, 20.78768 ], [ -156.00092, 20.78766 ], [ -156.00092, 20.78757 ], [ -156.00104, 20.78745 ], [ -156.00105, 20.78736 ], [ -156.001, 20.78729 ], [ -156.00077, 20.78728 ], [ -156.00073, 20.78725 ], [ -156.0007, 20.78721 ], [ -156.00073, 20.78719 ], [ -156.00073, 20.78713 ], [ -156.00069, 20.78705 ], [ -156.00071, 20.78696 ], [ -156.0009, 20.7868 ], [ -156.00091, 20.78672 ], [ -156.00084, 20.78651 ], [ -156.00071, 20.78645 ], [ -156.00057, 20.7863 ], [ -156.00037, 20.78612 ], [ -156.00035, 20.78608 ], [ -156.00034, 20.78601 ], [ -156.00031, 20.78597 ], [ -156.00026, 20.78596 ], [ -156.00017, 20.78601 ], [ -156.0, 20.78604 ], [ -155.99987, 20.78605 ], [ -155.99976, 20.78614 ], [ -155.99964, 20.78615 ], [ -155.99959, 20.78612 ], [ -155.99961, 20.78607 ], [ -155.99961, 20.78594 ], [ -155.99957, 20.78593 ], [ -155.9995, 20.78592 ], [ -155.9994, 20.786 ], [ -155.99932, 20.78603 ], [ -155.99931, 20.78599 ], [ -155.99934, 20.78593 ], [ -155.99935, 20.7858 ], [ -155.99929, 20.78576 ], [ -155.99919, 20.78575 ], [ -155.99916, 20.78576 ], [ -155.99911, 20.78585 ], [ -155.99907, 20.78597 ], [ -155.99897, 20.78598 ], [ -155.99882, 20.78594 ], [ -155.9987, 20.78594 ], [ -155.99863, 20.78595 ], [ -155.99863, 20.78585 ], [ -155.99858, 20.7858 ], [ -155.9985, 20.78573 ], [ -155.9985, 20.78556 ], [ -155.99852, 20.78546 ], [ -155.99849, 20.78544 ], [ -155.99838, 20.78544 ], [ -155.9983, 20.78549 ], [ -155.9983, 20.78556 ], [ -155.9983, 20.78562 ], [ -155.99821, 20.78563 ], [ -155.99819, 20.78565 ], [ -155.99819, 20.78587 ], [ -155.99816, 20.78595 ], [ -155.9981, 20.78597 ], [ -155.99806, 20.78593 ], [ -155.99803, 20.78567 ], [ -155.99801, 20.78552 ], [ -155.99798, 20.78543 ], [ -155.99794, 20.78538 ], [ -155.99763, 20.78531 ], [ -155.99746, 20.78529 ], [ -155.99738, 20.78537 ], [ -155.99733, 20.78546 ], [ -155.99729, 20.78566 ], [ -155.99726, 20.7857 ], [ -155.99725, 20.78576 ], [ -155.99722, 20.78579 ], [ -155.99713, 20.78579 ], [ -155.99704, 20.78575 ], [ -155.99702, 20.78569 ], [ -155.99708, 20.78566 ], [ -155.99717, 20.78561 ], [ -155.99718, 20.78545 ], [ -155.99711, 20.78537 ], [ -155.99703, 20.78535 ], [ -155.99701, 20.78538 ], [ -155.99695, 20.78556 ], [ -155.99689, 20.78563 ], [ -155.99678, 20.78566 ], [ -155.99677, 20.78562 ], [ -155.99681, 20.78556 ], [ -155.99673, 20.78547 ], [ -155.99673, 20.78542 ], [ -155.99682, 20.78535 ], [ -155.99683, 20.78526 ], [ -155.99681, 20.78522 ], [ -155.99668, 20.78514 ], [ -155.9967, 20.78503 ], [ -155.99666, 20.78495 ], [ -155.99666, 20.78488 ], [ -155.99671, 20.78485 ], [ -155.99687, 20.78476 ], [ -155.99692, 20.78467 ], [ -155.99694, 20.78456 ], [ -155.99691, 20.7845 ], [ -155.9968, 20.78441 ], [ -155.9968, 20.78434 ], [ -155.99675, 20.78422 ], [ -155.99665, 20.78409 ], [ -155.99655, 20.78401 ], [ -155.9965, 20.78386 ], [ -155.99639, 20.78379 ], [ -155.99628, 20.78377 ], [ -155.99622, 20.78382 ], [ -155.9962, 20.78393 ], [ -155.99615, 20.78396 ], [ -155.99608, 20.78389 ], [ -155.99596, 20.78386 ], [ -155.99591, 20.78384 ], [ -155.99586, 20.78372 ], [ -155.99574, 20.7836 ], [ -155.99547, 20.78339 ], [ -155.99532, 20.78332 ], [ -155.99523, 20.78323 ], [ -155.99523, 20.78299 ], [ -155.99519, 20.78292 ], [ -155.99507, 20.78286 ], [ -155.99494, 20.78286 ], [ -155.99488, 20.7829 ], [ -155.99481, 20.78299 ], [ -155.99477, 20.78317 ], [ -155.9947, 20.7832 ], [ -155.99468, 20.78319 ], [ -155.99467, 20.78311 ], [ -155.99469, 20.78305 ], [ -155.9947, 20.78295 ], [ -155.99472, 20.78289 ], [ -155.99472, 20.78265 ], [ -155.99469, 20.78261 ], [ -155.99456, 20.78254 ], [ -155.99432, 20.78253 ], [ -155.99429, 20.78251 ], [ -155.99424, 20.78246 ], [ -155.99416, 20.78223 ], [ -155.99411, 20.78217 ], [ -155.99405, 20.78215 ], [ -155.99402, 20.78217 ], [ -155.99399, 20.78227 ], [ -155.99381, 20.7823 ], [ -155.99366, 20.78238 ], [ -155.99354, 20.7825 ], [ -155.99349, 20.7826 ], [ -155.99343, 20.78268 ], [ -155.99336, 20.7827 ], [ -155.9933, 20.78264 ], [ -155.9933, 20.78259 ], [ -155.99332, 20.78255 ], [ -155.99336, 20.78237 ], [ -155.99334, 20.7823 ], [ -155.99327, 20.78225 ], [ -155.99308, 20.78225 ], [ -155.993, 20.78215 ], [ -155.993, 20.78209 ], [ -155.99314, 20.78201 ], [ -155.99314, 20.78195 ], [ -155.99299, 20.78191 ], [ -155.99296, 20.78187 ], [ -155.99294, 20.78176 ], [ -155.99289, 20.78166 ], [ -155.99278, 20.78154 ], [ -155.99277, 20.78141 ], [ -155.99271, 20.78121 ], [ -155.99268, 20.78116 ], [ -155.99263, 20.78103 ], [ -155.99254, 20.78087 ], [ -155.99229, 20.78054 ], [ -155.99209, 20.78035 ], [ -155.99197, 20.78026 ], [ -155.99189, 20.78019 ], [ -155.99184, 20.7801 ], [ -155.99177, 20.77976 ], [ -155.99172, 20.77964 ], [ -155.99159, 20.77951 ], [ -155.99154, 20.77936 ], [ -155.99139, 20.77912 ], [ -155.99105, 20.77878 ], [ -155.99098, 20.77873 ], [ -155.99072, 20.77859 ], [ -155.99064, 20.77851 ], [ -155.99049, 20.77843 ], [ -155.99043, 20.77838 ], [ -155.99033, 20.77829 ], [ -155.99029, 20.77819 ], [ -155.99015, 20.7781 ], [ -155.98985, 20.77797 ], [ -155.98967, 20.77788 ], [ -155.98957, 20.77779 ], [ -155.98942, 20.77767 ], [ -155.98934, 20.77763 ], [ -155.98922, 20.7776 ], [ -155.9891, 20.77759 ], [ -155.989, 20.77763 ], [ -155.98899, 20.7775 ], [ -155.98892, 20.77746 ], [ -155.98885, 20.77746 ], [ -155.98876, 20.77749 ], [ -155.98876, 20.77741 ], [ -155.98877, 20.77727 ], [ -155.98874, 20.77718 ], [ -155.98873, 20.77715 ], [ -155.98854, 20.77695 ], [ -155.98848, 20.77685 ], [ -155.98833, 20.77667 ], [ -155.98794, 20.7764 ], [ -155.98742, 20.77601 ], [ -155.98713, 20.77585 ], [ -155.98692, 20.7758 ], [ -155.98689, 20.77577 ], [ -155.98689, 20.77568 ], [ -155.98673, 20.77565 ], [ -155.98643, 20.77565 ], [ -155.98642, 20.77562 ], [ -155.98644, 20.77558 ], [ -155.98655, 20.77555 ], [ -155.98662, 20.77551 ], [ -155.98663, 20.77547 ], [ -155.98654, 20.77538 ], [ -155.98639, 20.77536 ], [ -155.98622, 20.77533 ], [ -155.98619, 20.7753 ], [ -155.98619, 20.77528 ], [ -155.98622, 20.77524 ], [ -155.98641, 20.77516 ], [ -155.98649, 20.77509 ], [ -155.9865, 20.77503 ], [ -155.98647, 20.775 ], [ -155.98633, 20.77495 ], [ -155.98618, 20.77488 ], [ -155.98618, 20.77483 ], [ -155.98619, 20.77479 ], [ -155.98631, 20.77464 ], [ -155.98632, 20.77456 ], [ -155.98611, 20.77448 ], [ -155.98596, 20.77437 ], [ -155.98582, 20.77422 ], [ -155.98565, 20.77399 ], [ -155.9854, 20.77371 ], [ -155.9853, 20.77366 ], [ -155.98505, 20.77361 ], [ -155.98498, 20.77356 ], [ -155.98498, 20.77354 ], [ -155.98506, 20.77345 ], [ -155.98507, 20.77334 ], [ -155.98505, 20.77329 ], [ -155.98498, 20.77321 ], [ -155.9849, 20.77313 ], [ -155.98486, 20.77308 ], [ -155.9849, 20.77303 ], [ -155.98498, 20.77301 ], [ -155.98509, 20.77298 ], [ -155.98511, 20.77288 ], [ -155.98511, 20.77266 ], [ -155.98506, 20.77252 ], [ -155.98512, 20.77247 ], [ -155.98512, 20.77242 ], [ -155.98504, 20.77225 ], [ -155.98502, 20.77217 ], [ -155.98507, 20.77211 ], [ -155.98508, 20.77207 ], [ -155.98506, 20.77205 ], [ -155.98502, 20.77193 ], [ -155.98507, 20.77188 ], [ -155.98513, 20.77173 ], [ -155.98513, 20.77158 ], [ -155.98507, 20.77152 ], [ -155.98507, 20.77148 ], [ -155.98515, 20.77144 ], [ -155.98517, 20.77141 ], [ -155.98514, 20.77131 ], [ -155.98521, 20.77124 ], [ -155.98523, 20.77119 ], [ -155.9852, 20.7711 ], [ -155.9851, 20.7709 ], [ -155.98514, 20.77071 ], [ -155.9851, 20.77055 ], [ -155.98499, 20.77042 ], [ -155.98499, 20.77036 ], [ -155.98502, 20.77032 ], [ -155.98502, 20.77021 ], [ -155.98499, 20.77011 ], [ -155.98495, 20.77003 ], [ -155.98485, 20.76976 ], [ -155.98475, 20.76957 ], [ -155.98463, 20.76938 ], [ -155.98462, 20.76933 ], [ -155.98459, 20.7693 ], [ -155.98453, 20.76918 ], [ -155.98441, 20.76885 ], [ -155.98435, 20.76865 ], [ -155.98433, 20.76831 ], [ -155.98432, 20.76827 ], [ -155.98431, 20.76802 ], [ -155.98422, 20.76794 ], [ -155.98422, 20.7679 ], [ -155.98435, 20.76783 ], [ -155.98436, 20.76778 ], [ -155.98432, 20.76749 ], [ -155.98425, 20.7673 ], [ -155.98408, 20.767 ], [ -155.98389, 20.76677 ], [ -155.98376, 20.76663 ], [ -155.98348, 20.76642 ], [ -155.98329, 20.7663 ], [ -155.98291, 20.76615 ], [ -155.98284, 20.7661 ], [ -155.9826, 20.76597 ], [ -155.98241, 20.76593 ], [ -155.98172, 20.7657 ], [ -155.98143, 20.76565 ], [ -155.98136, 20.7656 ], [ -155.98131, 20.76559 ], [ -155.98126, 20.76566 ], [ -155.98098, 20.76572 ], [ -155.9809, 20.76576 ], [ -155.98084, 20.76581 ], [ -155.98078, 20.76583 ], [ -155.98073, 20.76581 ], [ -155.98062, 20.76576 ], [ -155.9805, 20.76575 ], [ -155.98046, 20.76576 ], [ -155.98042, 20.76583 ], [ -155.98042, 20.76594 ], [ -155.98042, 20.76603 ], [ -155.98038, 20.76607 ], [ -155.98028, 20.76613 ], [ -155.98023, 20.76613 ], [ -155.98021, 20.76604 ], [ -155.98012, 20.76603 ], [ -155.98011, 20.76601 ], [ -155.98001, 20.76601 ], [ -155.97996, 20.76606 ], [ -155.97993, 20.76606 ], [ -155.97993, 20.76595 ], [ -155.97985, 20.76595 ], [ -155.97975, 20.76597 ], [ -155.97973, 20.76596 ], [ -155.97972, 20.76591 ], [ -155.97963, 20.76588 ], [ -155.97961, 20.76586 ], [ -155.9796, 20.7658 ], [ -155.97958, 20.76578 ], [ -155.97942, 20.76574 ], [ -155.97942, 20.76571 ], [ -155.97948, 20.76567 ], [ -155.97952, 20.76561 ], [ -155.97952, 20.7655 ], [ -155.97942, 20.76546 ], [ -155.97936, 20.76543 ], [ -155.97936, 20.7652 ], [ -155.97942, 20.76516 ], [ -155.97945, 20.76515 ], [ -155.97945, 20.76498 ], [ -155.97945, 20.76471 ], [ -155.97948, 20.76467 ], [ -155.9797, 20.76465 ], [ -155.97988, 20.76455 ], [ -155.97994, 20.7645 ], [ -155.98001, 20.76438 ], [ -155.98007, 20.76428 ], [ -155.98008, 20.76418 ], [ -155.98002, 20.76411 ], [ -155.98002, 20.76406 ], [ -155.98007, 20.76399 ], [ -155.98028, 20.764 ], [ -155.98034, 20.76397 ], [ -155.98039, 20.76394 ], [ -155.98043, 20.76381 ], [ -155.98048, 20.7638 ], [ -155.98052, 20.76381 ], [ -155.98055, 20.76378 ], [ -155.98058, 20.76377 ], [ -155.98061, 20.76381 ], [ -155.98065, 20.76382 ], [ -155.98073, 20.76377 ], [ -155.98077, 20.76378 ], [ -155.98074, 20.76391 ], [ -155.98076, 20.76393 ], [ -155.98081, 20.76391 ], [ -155.98088, 20.76391 ], [ -155.98097, 20.76393 ], [ -155.98104, 20.76388 ], [ -155.98115, 20.76389 ], [ -155.98121, 20.76385 ], [ -155.98126, 20.76384 ], [ -155.98137, 20.76379 ], [ -155.98142, 20.76379 ], [ -155.98148, 20.76383 ], [ -155.98145, 20.76395 ], [ -155.98145, 20.7641 ], [ -155.98148, 20.76417 ], [ -155.98156, 20.76425 ], [ -155.98163, 20.76426 ], [ -155.98172, 20.76423 ], [ -155.98193, 20.76412 ], [ -155.98194, 20.76405 ], [ -155.98202, 20.76398 ], [ -155.98203, 20.76388 ], [ -155.98208, 20.76383 ], [ -155.98209, 20.76368 ], [ -155.9822, 20.76362 ], [ -155.98232, 20.76346 ], [ -155.98236, 20.76338 ], [ -155.98245, 20.76325 ], [ -155.98251, 20.76324 ], [ -155.9827, 20.76335 ], [ -155.9828, 20.76345 ], [ -155.98287, 20.76361 ], [ -155.9829, 20.76371 ], [ -155.98287, 20.76393 ], [ -155.98294, 20.76392 ], [ -155.983, 20.76382 ], [ -155.98319, 20.76369 ], [ -155.98326, 20.76359 ], [ -155.98327, 20.7635 ], [ -155.9832, 20.76341 ], [ -155.9832, 20.76335 ], [ -155.98325, 20.76335 ], [ -155.98335, 20.76342 ], [ -155.98355, 20.7635 ], [ -155.98379, 20.76351 ], [ -155.9839, 20.76348 ], [ -155.98399, 20.76343 ], [ -155.98404, 20.76334 ], [ -155.98418, 20.76331 ], [ -155.9843, 20.76322 ], [ -155.98435, 20.76315 ], [ -155.98437, 20.76299 ], [ -155.98439, 20.76296 ], [ -155.98439, 20.76289 ], [ -155.98442, 20.76286 ], [ -155.98455, 20.76286 ], [ -155.98472, 20.7629 ], [ -155.98494, 20.7629 ], [ -155.98503, 20.76288 ], [ -155.98534, 20.76274 ], [ -155.98542, 20.76265 ], [ -155.98544, 20.76252 ], [ -155.98548, 20.76246 ], [ -155.98547, 20.76242 ], [ -155.98547, 20.76232 ], [ -155.98544, 20.76229 ], [ -155.98544, 20.76224 ], [ -155.98549, 20.76223 ], [ -155.98557, 20.76226 ], [ -155.98569, 20.76227 ], [ -155.9858, 20.76223 ], [ -155.98593, 20.76212 ], [ -155.98606, 20.76194 ], [ -155.98617, 20.76169 ], [ -155.98625, 20.76145 ], [ -155.98634, 20.76133 ], [ -155.98637, 20.76132 ], [ -155.98643, 20.76121 ], [ -155.98653, 20.76102 ], [ -155.98663, 20.76081 ], [ -155.98674, 20.76057 ], [ -155.98676, 20.76028 ], [ -155.98679, 20.76021 ], [ -155.98683, 20.75994 ], [ -155.98684, 20.75977 ], [ -155.98678, 20.75971 ], [ -155.98674, 20.75971 ], [ -155.98659, 20.75979 ], [ -155.98649, 20.75982 ], [ -155.98647, 20.75981 ], [ -155.9864, 20.7598 ], [ -155.98633, 20.75983 ], [ -155.98631, 20.75981 ], [ -155.98632, 20.75978 ], [ -155.98635, 20.75975 ], [ -155.98637, 20.7597 ], [ -155.98645, 20.75966 ], [ -155.98645, 20.75962 ], [ -155.98642, 20.7596 ], [ -155.9864, 20.75953 ], [ -155.98626, 20.75953 ], [ -155.98623, 20.7595 ], [ -155.98623, 20.75946 ], [ -155.98634, 20.75936 ], [ -155.98635, 20.75932 ], [ -155.98629, 20.75925 ], [ -155.9862, 20.7592 ], [ -155.98609, 20.7591 ], [ -155.98608, 20.75904 ], [ -155.98611, 20.75896 ], [ -155.98609, 20.75894 ], [ -155.98602, 20.75893 ], [ -155.98593, 20.75897 ], [ -155.98583, 20.75897 ], [ -155.98584, 20.75887 ], [ -155.98581, 20.75886 ], [ -155.9858, 20.75881 ], [ -155.98585, 20.7588 ], [ -155.98585, 20.75874 ], [ -155.98574, 20.75859 ], [ -155.98575, 20.75855 ], [ -155.98575, 20.75848 ], [ -155.98567, 20.75841 ], [ -155.98567, 20.75838 ], [ -155.98569, 20.75835 ], [ -155.98571, 20.7583 ], [ -155.98565, 20.75827 ], [ -155.98555, 20.75826 ], [ -155.98552, 20.75831 ], [ -155.98545, 20.75838 ], [ -155.98531, 20.75839 ], [ -155.98524, 20.75835 ], [ -155.98513, 20.75834 ], [ -155.98511, 20.75832 ], [ -155.98511, 20.75829 ], [ -155.98519, 20.75824 ], [ -155.98519, 20.75818 ], [ -155.98518, 20.758 ], [ -155.98523, 20.75791 ], [ -155.98544, 20.75785 ], [ -155.98545, 20.75776 ], [ -155.98545, 20.75766 ], [ -155.98542, 20.75763 ], [ -155.9854, 20.75754 ], [ -155.98533, 20.75749 ], [ -155.98531, 20.75746 ], [ -155.98529, 20.75741 ], [ -155.98514, 20.75739 ], [ -155.98514, 20.75729 ], [ -155.98508, 20.75724 ], [ -155.98496, 20.75723 ], [ -155.98495, 20.75714 ], [ -155.98491, 20.7571 ], [ -155.98478, 20.75709 ], [ -155.98472, 20.75706 ], [ -155.98474, 20.75703 ], [ -155.98474, 20.75697 ], [ -155.98469, 20.75695 ], [ -155.98468, 20.75692 ], [ -155.98474, 20.75686 ], [ -155.98474, 20.75682 ], [ -155.98464, 20.75676 ], [ -155.98454, 20.75676 ], [ -155.98451, 20.75673 ], [ -155.9845, 20.75668 ], [ -155.98452, 20.75663 ], [ -155.98464, 20.75652 ], [ -155.98465, 20.75647 ], [ -155.98463, 20.75646 ], [ -155.98437, 20.75641 ], [ -155.98436, 20.75637 ], [ -155.98441, 20.75636 ], [ -155.98443, 20.75631 ], [ -155.98435, 20.75628 ], [ -155.98435, 20.75624 ], [ -155.98442, 20.75621 ], [ -155.98444, 20.75617 ], [ -155.98439, 20.75615 ], [ -155.98436, 20.75614 ], [ -155.98426, 20.75623 ], [ -155.98418, 20.75625 ], [ -155.98412, 20.75624 ], [ -155.984, 20.75615 ], [ -155.98403, 20.75611 ], [ -155.98412, 20.7561 ], [ -155.98427, 20.75606 ], [ -155.98433, 20.75601 ], [ -155.98433, 20.75591 ], [ -155.98429, 20.75581 ], [ -155.98414, 20.75562 ], [ -155.98403, 20.7556 ], [ -155.98394, 20.75553 ], [ -155.98395, 20.75546 ], [ -155.98391, 20.75542 ], [ -155.98373, 20.75533 ], [ -155.98352, 20.75528 ], [ -155.98307, 20.75525 ], [ -155.98278, 20.75525 ], [ -155.9826, 20.75527 ], [ -155.9822, 20.75533 ], [ -155.9821, 20.75537 ], [ -155.98206, 20.75543 ], [ -155.98206, 20.75586 ], [ -155.98203, 20.75591 ], [ -155.98183, 20.75595 ], [ -155.98179, 20.75595 ], [ -155.98176, 20.75591 ], [ -155.98166, 20.75583 ], [ -155.98154, 20.75582 ], [ -155.98149, 20.75584 ], [ -155.9814, 20.75591 ], [ -155.98136, 20.75599 ], [ -155.98129, 20.75602 ], [ -155.98112, 20.75597 ], [ -155.98102, 20.75596 ], [ -155.98096, 20.756 ], [ -155.98095, 20.7561 ], [ -155.98088, 20.75617 ], [ -155.98088, 20.75624 ], [ -155.98083, 20.75626 ], [ -155.98072, 20.75626 ], [ -155.9804, 20.75634 ], [ -155.9803, 20.75643 ], [ -155.98027, 20.7565 ], [ -155.98012, 20.75651 ], [ -155.98001, 20.75651 ], [ -155.97993, 20.75644 ], [ -155.97976, 20.75639 ], [ -155.97969, 20.75634 ], [ -155.97967, 20.75623 ], [ -155.97969, 20.75618 ], [ -155.97978, 20.75602 ], [ -155.97979, 20.7559 ], [ -155.97976, 20.75587 ], [ -155.97967, 20.75583 ], [ -155.97946, 20.7558 ], [ -155.97934, 20.75584 ], [ -155.9792, 20.75595 ], [ -155.97917, 20.75599 ], [ -155.9791, 20.75605 ], [ -155.97897, 20.7561 ], [ -155.97895, 20.75608 ], [ -155.97895, 20.75605 ], [ -155.97903, 20.75592 ], [ -155.97924, 20.75571 ], [ -155.97958, 20.75541 ], [ -155.97959, 20.75532 ], [ -155.97955, 20.75527 ], [ -155.9794, 20.75525 ], [ -155.97937, 20.75522 ], [ -155.97933, 20.75509 ], [ -155.97925, 20.75504 ], [ -155.97916, 20.75498 ], [ -155.97916, 20.75496 ], [ -155.97934, 20.75492 ], [ -155.97934, 20.75482 ], [ -155.9792, 20.75477 ], [ -155.97915, 20.75473 ], [ -155.97915, 20.75469 ], [ -155.97928, 20.75458 ], [ -155.97929, 20.75452 ], [ -155.97924, 20.75443 ], [ -155.97928, 20.75432 ], [ -155.97929, 20.75406 ], [ -155.97926, 20.75398 ], [ -155.97919, 20.7539 ], [ -155.97918, 20.75377 ], [ -155.97922, 20.75364 ], [ -155.97923, 20.7534 ], [ -155.97921, 20.75331 ], [ -155.97921, 20.75317 ], [ -155.97934, 20.75316 ], [ -155.97939, 20.75318 ], [ -155.97945, 20.75318 ], [ -155.97953, 20.75311 ], [ -155.97964, 20.75309 ], [ -155.97976, 20.75309 ], [ -155.97982, 20.75304 ], [ -155.97986, 20.75303 ], [ -155.97992, 20.7531 ], [ -155.97995, 20.7531 ], [ -155.97999, 20.75305 ], [ -155.98003, 20.75301 ], [ -155.98008, 20.75301 ], [ -155.98015, 20.75309 ], [ -155.9802, 20.75308 ], [ -155.98048, 20.75307 ], [ -155.98074, 20.75317 ], [ -155.9808, 20.75315 ], [ -155.98088, 20.75306 ], [ -155.98094, 20.75305 ], [ -155.98095, 20.75307 ], [ -155.98098, 20.75316 ], [ -155.98112, 20.75316 ], [ -155.98113, 20.75321 ], [ -155.98117, 20.75325 ], [ -155.98125, 20.75323 ], [ -155.98144, 20.75306 ], [ -155.98149, 20.75295 ], [ -155.98155, 20.75283 ], [ -155.98167, 20.75279 ], [ -155.98167, 20.75274 ], [ -155.98161, 20.75268 ], [ -155.98149, 20.75265 ], [ -155.98145, 20.75262 ], [ -155.98144, 20.75257 ], [ -155.98137, 20.75248 ], [ -155.98128, 20.75247 ], [ -155.98125, 20.75244 ], [ -155.98125, 20.75232 ], [ -155.9812, 20.7522 ], [ -155.98113, 20.75213 ], [ -155.98106, 20.75208 ], [ -155.98107, 20.75201 ], [ -155.98125, 20.75199 ], [ -155.9813, 20.75198 ], [ -155.98139, 20.75199 ], [ -155.98154, 20.75199 ], [ -155.98163, 20.75201 ], [ -155.98172, 20.75202 ], [ -155.98203, 20.75203 ], [ -155.98213, 20.75202 ], [ -155.98218, 20.75198 ], [ -155.9822, 20.75189 ], [ -155.9823, 20.75182 ], [ -155.98234, 20.75182 ], [ -155.98237, 20.75184 ], [ -155.98237, 20.75189 ], [ -155.9824, 20.75193 ], [ -155.98246, 20.75195 ], [ -155.98253, 20.75192 ], [ -155.9827, 20.75177 ], [ -155.98282, 20.7516 ], [ -155.98292, 20.75144 ], [ -155.98292, 20.75135 ], [ -155.98297, 20.75129 ], [ -155.98307, 20.75119 ], [ -155.98308, 20.75111 ], [ -155.98299, 20.75108 ], [ -155.98297, 20.75103 ], [ -155.98297, 20.751 ], [ -155.98308, 20.75098 ], [ -155.98311, 20.75096 ], [ -155.98315, 20.75093 ], [ -155.98327, 20.75092 ], [ -155.98331, 20.7509 ], [ -155.98335, 20.75085 ], [ -155.98336, 20.75078 ], [ -155.98334, 20.75076 ], [ -155.98321, 20.75073 ], [ -155.98315, 20.75068 ], [ -155.98323, 20.7506 ], [ -155.98321, 20.75048 ], [ -155.98318, 20.75033 ], [ -155.98308, 20.75031 ], [ -155.98307, 20.75028 ], [ -155.9831, 20.75023 ], [ -155.9831, 20.75016 ], [ -155.98304, 20.75015 ], [ -155.9829, 20.75019 ], [ -155.98279, 20.75015 ], [ -155.98277, 20.75011 ], [ -155.98279, 20.75008 ], [ -155.9828, 20.75 ], [ -155.98277, 20.74996 ], [ -155.98276, 20.74991 ], [ -155.98264, 20.74984 ], [ -155.98263, 20.74974 ], [ -155.98258, 20.74967 ], [ -155.98258, 20.74958 ], [ -155.98266, 20.74951 ], [ -155.98267, 20.74945 ], [ -155.98256, 20.74936 ], [ -155.98256, 20.74934 ], [ -155.9827, 20.74925 ], [ -155.9827, 20.74914 ], [ -155.98273, 20.74911 ], [ -155.9828, 20.7491 ], [ -155.98286, 20.74906 ], [ -155.98287, 20.74897 ], [ -155.98283, 20.74889 ], [ -155.98283, 20.74883 ], [ -155.9829, 20.74883 ], [ -155.98297, 20.74886 ], [ -155.98302, 20.74886 ], [ -155.98305, 20.7488 ], [ -155.98313, 20.74865 ], [ -155.98322, 20.74859 ], [ -155.9833, 20.74853 ], [ -155.98331, 20.74842 ], [ -155.98329, 20.74838 ], [ -155.98318, 20.74833 ], [ -155.98312, 20.74828 ], [ -155.98312, 20.74824 ], [ -155.98315, 20.7482 ], [ -155.98316, 20.74813 ], [ -155.98307, 20.74797 ], [ -155.98301, 20.74793 ], [ -155.98298, 20.74787 ], [ -155.983, 20.74764 ], [ -155.98298, 20.74758 ], [ -155.98297, 20.74753 ], [ -155.98302, 20.7475 ], [ -155.98302, 20.74744 ], [ -155.98295, 20.74736 ], [ -155.98295, 20.74733 ], [ -155.98306, 20.74719 ], [ -155.98313, 20.74705 ], [ -155.98314, 20.74687 ], [ -155.98312, 20.74678 ], [ -155.98308, 20.7467 ], [ -155.98295, 20.74668 ], [ -155.9829, 20.74664 ], [ -155.98292, 20.74661 ], [ -155.98297, 20.74657 ], [ -155.98298, 20.74651 ], [ -155.98288, 20.74642 ], [ -155.98282, 20.7464 ], [ -155.98274, 20.74636 ], [ -155.98273, 20.74633 ], [ -155.98265, 20.74622 ], [ -155.98267, 20.74619 ], [ -155.98284, 20.74619 ], [ -155.98287, 20.74615 ], [ -155.98298, 20.74616 ], [ -155.9831, 20.74608 ], [ -155.9831, 20.746 ], [ -155.98308, 20.74598 ], [ -155.98298, 20.74595 ], [ -155.98289, 20.74589 ], [ -155.98288, 20.74584 ], [ -155.98292, 20.74584 ], [ -155.98297, 20.74586 ], [ -155.98303, 20.74587 ], [ -155.98305, 20.74586 ], [ -155.98306, 20.74576 ], [ -155.98301, 20.74569 ], [ -155.983, 20.74564 ], [ -155.98309, 20.74563 ], [ -155.98314, 20.74556 ], [ -155.98321, 20.74552 ], [ -155.98324, 20.74548 ], [ -155.98324, 20.74542 ], [ -155.98319, 20.74539 ], [ -155.98319, 20.74534 ], [ -155.98321, 20.74529 ], [ -155.98352, 20.74522 ], [ -155.9835, 20.74514 ], [ -155.9835, 20.74508 ], [ -155.98368, 20.74507 ], [ -155.98369, 20.74499 ], [ -155.98364, 20.74492 ], [ -155.98363, 20.74487 ], [ -155.98369, 20.74482 ], [ -155.98369, 20.74477 ], [ -155.9836, 20.74473 ], [ -155.98359, 20.74456 ], [ -155.98355, 20.74453 ], [ -155.98351, 20.74449 ], [ -155.98351, 20.74437 ], [ -155.98346, 20.74433 ], [ -155.98343, 20.74429 ], [ -155.98351, 20.74425 ], [ -155.98358, 20.74418 ], [ -155.98358, 20.74403 ], [ -155.98348, 20.74399 ], [ -155.98348, 20.74393 ], [ -155.98355, 20.74389 ], [ -155.98355, 20.74366 ], [ -155.98352, 20.7435 ], [ -155.98344, 20.74342 ], [ -155.98342, 20.74337 ], [ -155.98333, 20.74332 ], [ -155.98316, 20.74328 ], [ -155.98311, 20.74326 ], [ -155.98312, 20.74324 ], [ -155.98313, 20.74315 ], [ -155.9831, 20.74313 ], [ -155.983, 20.7431 ], [ -155.98296, 20.74306 ], [ -155.98298, 20.74294 ], [ -155.98312, 20.7429 ], [ -155.98313, 20.7428 ], [ -155.98318, 20.74273 ], [ -155.98319, 20.74266 ], [ -155.98315, 20.74264 ], [ -155.98299, 20.74265 ], [ -155.98297, 20.7426 ], [ -155.98304, 20.74249 ], [ -155.98314, 20.74249 ], [ -155.98322, 20.74246 ], [ -155.98324, 20.74234 ], [ -155.98327, 20.74222 ], [ -155.9833, 20.74219 ], [ -155.9833, 20.74214 ], [ -155.98322, 20.74209 ], [ -155.98308, 20.74207 ], [ -155.98298, 20.74199 ], [ -155.98286, 20.74192 ], [ -155.98279, 20.74187 ], [ -155.98278, 20.74182 ], [ -155.98282, 20.7418 ], [ -155.98288, 20.7418 ], [ -155.98291, 20.74183 ], [ -155.98304, 20.74186 ], [ -155.98304, 20.74181 ], [ -155.98293, 20.74171 ], [ -155.9828, 20.74164 ], [ -155.98276, 20.74159 ], [ -155.98269, 20.74144 ], [ -155.98261, 20.74136 ], [ -155.98248, 20.74131 ], [ -155.98243, 20.74126 ], [ -155.98243, 20.74121 ], [ -155.98254, 20.74119 ], [ -155.98258, 20.74117 ], [ -155.98258, 20.74112 ], [ -155.98246, 20.741 ], [ -155.98245, 20.74095 ], [ -155.98259, 20.74092 ], [ -155.98258, 20.74086 ], [ -155.98243, 20.74073 ], [ -155.98234, 20.74065 ], [ -155.98237, 20.7406 ], [ -155.98246, 20.74058 ], [ -155.98246, 20.74053 ], [ -155.98243, 20.7405 ], [ -155.98234, 20.74049 ], [ -155.98231, 20.74041 ], [ -155.98235, 20.74035 ], [ -155.9824, 20.74037 ], [ -155.98251, 20.74041 ], [ -155.98256, 20.74039 ], [ -155.98261, 20.74032 ], [ -155.98265, 20.7403 ], [ -155.98264, 20.7402 ], [ -155.98262, 20.74014 ], [ -155.98263, 20.74012 ], [ -155.98272, 20.7401 ], [ -155.98278, 20.74 ], [ -155.9828, 20.73998 ], [ -155.9828, 20.73991 ], [ -155.98268, 20.73973 ], [ -155.98268, 20.73966 ], [ -155.98278, 20.73956 ], [ -155.98289, 20.73946 ], [ -155.98292, 20.73935 ], [ -155.98295, 20.73918 ], [ -155.98306, 20.73908 ], [ -155.98306, 20.73895 ], [ -155.983, 20.73891 ], [ -155.98274, 20.73887 ], [ -155.98269, 20.73884 ], [ -155.98272, 20.73879 ], [ -155.98283, 20.73876 ], [ -155.98289, 20.7387 ], [ -155.98296, 20.73871 ], [ -155.98306, 20.73876 ], [ -155.98317, 20.73883 ], [ -155.98325, 20.73885 ], [ -155.98343, 20.73883 ], [ -155.98343, 20.73875 ], [ -155.98329, 20.7385 ], [ -155.98329, 20.7384 ], [ -155.98333, 20.7383 ], [ -155.98334, 20.73811 ], [ -155.9834, 20.73799 ], [ -155.98343, 20.73795 ], [ -155.9834, 20.73778 ], [ -155.98341, 20.73758 ], [ -155.98349, 20.73746 ], [ -155.98348, 20.73736 ], [ -155.98343, 20.73722 ], [ -155.9834, 20.73716 ], [ -155.98334, 20.73716 ], [ -155.98326, 20.7372 ], [ -155.98317, 20.73719 ], [ -155.98313, 20.73716 ], [ -155.98313, 20.73711 ], [ -155.98324, 20.73703 ], [ -155.9833, 20.73692 ], [ -155.98344, 20.73684 ], [ -155.98346, 20.73681 ], [ -155.98347, 20.73674 ], [ -155.98358, 20.73666 ], [ -155.98365, 20.7366 ], [ -155.9837, 20.73656 ], [ -155.98376, 20.73641 ], [ -155.98379, 20.73633 ], [ -155.98383, 20.73629 ], [ -155.98403, 20.73623 ], [ -155.9841, 20.73617 ], [ -155.98413, 20.73612 ], [ -155.98412, 20.73599 ], [ -155.98399, 20.73589 ], [ -155.98393, 20.7358 ], [ -155.98389, 20.73567 ], [ -155.98386, 20.73558 ], [ -155.98378, 20.73552 ], [ -155.98378, 20.73549 ], [ -155.98388, 20.73542 ], [ -155.98398, 20.73535 ], [ -155.98402, 20.73531 ], [ -155.98409, 20.73529 ], [ -155.98412, 20.73525 ], [ -155.98411, 20.73507 ], [ -155.98399, 20.73493 ], [ -155.98387, 20.73482 ], [ -155.98376, 20.73478 ], [ -155.98347, 20.73475 ], [ -155.98347, 20.73473 ], [ -155.98363, 20.73459 ], [ -155.98365, 20.73448 ], [ -155.98363, 20.73438 ], [ -155.98346, 20.73427 ], [ -155.98344, 20.73422 ], [ -155.98346, 20.73414 ], [ -155.98354, 20.73415 ], [ -155.98372, 20.73424 ], [ -155.98381, 20.73421 ], [ -155.98389, 20.73414 ], [ -155.98393, 20.73404 ], [ -155.98401, 20.73396 ], [ -155.98401, 20.7338 ], [ -155.98398, 20.73376 ], [ -155.9839, 20.73374 ], [ -155.98388, 20.73373 ], [ -155.98388, 20.7337 ], [ -155.98398, 20.73362 ], [ -155.98398, 20.73351 ], [ -155.98399, 20.73345 ], [ -155.98399, 20.73326 ], [ -155.98405, 20.73319 ], [ -155.98417, 20.73318 ], [ -155.98432, 20.73318 ], [ -155.98444, 20.73312 ], [ -155.98468, 20.73296 ], [ -155.98474, 20.73294 ], [ -155.98474, 20.73288 ], [ -155.98471, 20.73284 ], [ -155.98472, 20.73279 ], [ -155.98483, 20.73277 ], [ -155.98488, 20.73275 ], [ -155.98495, 20.73276 ], [ -155.98502, 20.73281 ], [ -155.98508, 20.73284 ], [ -155.98529, 20.73279 ], [ -155.98538, 20.7328 ], [ -155.98547, 20.73292 ], [ -155.9855, 20.73296 ], [ -155.98558, 20.73294 ], [ -155.98571, 20.73282 ], [ -155.98586, 20.73274 ], [ -155.98594, 20.73263 ], [ -155.98594, 20.73257 ], [ -155.98583, 20.7325 ], [ -155.98581, 20.73248 ], [ -155.98581, 20.73246 ], [ -155.98589, 20.7324 ], [ -155.98588, 20.73234 ], [ -155.98584, 20.73229 ], [ -155.98584, 20.73214 ], [ -155.9859, 20.73206 ], [ -155.98592, 20.73205 ], [ -155.98592, 20.73185 ], [ -155.98588, 20.73182 ], [ -155.98571, 20.73177 ], [ -155.9857, 20.73175 ], [ -155.98571, 20.7317 ], [ -155.98575, 20.73168 ], [ -155.98574, 20.73164 ], [ -155.98568, 20.73161 ], [ -155.98563, 20.73155 ], [ -155.98563, 20.73151 ], [ -155.98565, 20.73149 ], [ -155.98571, 20.7315 ], [ -155.98586, 20.7316 ], [ -155.98588, 20.73164 ], [ -155.98594, 20.73164 ], [ -155.98596, 20.7314 ], [ -155.98599, 20.73136 ], [ -155.98599, 20.7313 ], [ -155.98592, 20.73122 ], [ -155.98594, 20.73116 ], [ -155.98595, 20.73114 ], [ -155.98597, 20.73094 ], [ -155.9859, 20.73089 ], [ -155.98571, 20.73081 ], [ -155.98568, 20.73077 ], [ -155.98577, 20.73071 ], [ -155.98588, 20.73067 ], [ -155.98587, 20.73059 ], [ -155.9858, 20.73051 ], [ -155.98578, 20.73045 ], [ -155.98571, 20.73038 ], [ -155.98568, 20.73026 ], [ -155.98558, 20.73022 ], [ -155.98554, 20.73018 ], [ -155.98554, 20.73013 ], [ -155.98558, 20.7301 ], [ -155.98557, 20.73 ], [ -155.98557, 20.72988 ], [ -155.98568, 20.72966 ], [ -155.98571, 20.72959 ], [ -155.98576, 20.72955 ], [ -155.98593, 20.72952 ], [ -155.98593, 20.72942 ], [ -155.9858, 20.72905 ], [ -155.98577, 20.72891 ], [ -155.98563, 20.72865 ], [ -155.98541, 20.72842 ], [ -155.98531, 20.72837 ], [ -155.98504, 20.72833 ], [ -155.9848, 20.72829 ], [ -155.98468, 20.72824 ], [ -155.98455, 20.72817 ], [ -155.98446, 20.72809 ], [ -155.98431, 20.7281 ], [ -155.98411, 20.72811 ], [ -155.98404, 20.72806 ], [ -155.98402, 20.72802 ], [ -155.98401, 20.72796 ], [ -155.98388, 20.72786 ], [ -155.98374, 20.72777 ], [ -155.9837, 20.72769 ], [ -155.98368, 20.72758 ], [ -155.98364, 20.72751 ], [ -155.98351, 20.7274 ], [ -155.98329, 20.72728 ], [ -155.98316, 20.72722 ], [ -155.98314, 20.7272 ], [ -155.98312, 20.72711 ], [ -155.98304, 20.72702 ], [ -155.98302, 20.72685 ], [ -155.98293, 20.72663 ], [ -155.98288, 20.72653 ], [ -155.98287, 20.72642 ], [ -155.98293, 20.72635 ], [ -155.98297, 20.72624 ], [ -155.983, 20.72622 ], [ -155.98308, 20.72623 ], [ -155.98336, 20.72634 ], [ -155.98367, 20.72649 ], [ -155.98376, 20.72647 ], [ -155.98392, 20.72636 ], [ -155.98398, 20.72632 ], [ -155.98405, 20.72624 ], [ -155.98414, 20.72604 ], [ -155.98418, 20.72582 ], [ -155.98419, 20.72566 ], [ -155.98422, 20.72548 ], [ -155.98423, 20.72525 ], [ -155.98426, 20.72493 ], [ -155.98424, 20.72426 ], [ -155.9842, 20.7241 ], [ -155.98414, 20.72396 ], [ -155.98406, 20.72387 ], [ -155.98387, 20.72378 ], [ -155.98368, 20.72372 ], [ -155.98366, 20.72369 ], [ -155.98366, 20.72364 ], [ -155.98395, 20.72342 ], [ -155.98417, 20.72334 ], [ -155.98452, 20.72325 ], [ -155.98451, 20.72317 ], [ -155.98444, 20.72304 ], [ -155.98435, 20.72292 ], [ -155.98415, 20.7226 ], [ -155.98411, 20.7225 ], [ -155.98409, 20.72232 ], [ -155.98401, 20.72224 ], [ -155.9839, 20.72216 ], [ -155.98387, 20.7221 ], [ -155.98386, 20.72186 ], [ -155.98387, 20.72181 ], [ -155.98408, 20.72179 ], [ -155.98423, 20.72185 ], [ -155.98441, 20.72183 ], [ -155.98446, 20.72179 ], [ -155.98448, 20.72171 ], [ -155.98444, 20.72157 ], [ -155.98449, 20.72153 ], [ -155.98449, 20.72119 ], [ -155.98438, 20.72099 ], [ -155.98433, 20.72085 ], [ -155.98434, 20.72069 ], [ -155.98428, 20.72063 ], [ -155.98425, 20.7206 ], [ -155.98425, 20.72056 ], [ -155.98433, 20.72051 ], [ -155.98436, 20.72041 ], [ -155.98435, 20.72031 ], [ -155.98434, 20.72027 ], [ -155.98439, 20.72024 ], [ -155.98445, 20.72022 ], [ -155.98448, 20.72018 ], [ -155.98447, 20.72006 ], [ -155.98451, 20.72003 ], [ -155.98451, 20.71998 ], [ -155.98452, 20.71987 ], [ -155.9846, 20.71983 ], [ -155.98461, 20.71978 ], [ -155.98459, 20.71976 ], [ -155.98445, 20.71969 ], [ -155.98442, 20.71965 ], [ -155.98442, 20.71956 ], [ -155.98447, 20.71954 ], [ -155.98448, 20.71941 ], [ -155.98459, 20.71941 ], [ -155.98481, 20.71926 ], [ -155.98496, 20.71924 ], [ -155.98512, 20.71928 ], [ -155.98518, 20.71927 ], [ -155.98526, 20.71924 ], [ -155.98537, 20.71925 ], [ -155.98544, 20.71931 ], [ -155.98545, 20.71936 ], [ -155.98555, 20.71945 ], [ -155.98596, 20.71964 ], [ -155.98634, 20.71976 ], [ -155.98666, 20.71978 ], [ -155.98687, 20.71976 ], [ -155.98699, 20.71972 ], [ -155.98711, 20.71967 ], [ -155.98723, 20.71961 ], [ -155.98741, 20.71943 ], [ -155.9876, 20.71918 ], [ -155.98772, 20.71903 ], [ -155.98782, 20.71887 ], [ -155.98786, 20.71876 ], [ -155.98786, 20.71854 ], [ -155.98771, 20.71844 ], [ -155.98768, 20.71838 ], [ -155.98769, 20.71834 ], [ -155.98765, 20.7183 ], [ -155.98756, 20.71827 ], [ -155.98755, 20.71821 ], [ -155.98758, 20.71819 ], [ -155.98775, 20.71818 ], [ -155.98781, 20.71814 ], [ -155.98784, 20.71809 ], [ -155.98802, 20.71799 ], [ -155.98808, 20.71779 ], [ -155.98808, 20.71766 ], [ -155.98799, 20.71761 ], [ -155.98763, 20.71756 ], [ -155.9875, 20.7175 ], [ -155.98747, 20.71747 ], [ -155.98749, 20.71741 ], [ -155.98766, 20.7174 ], [ -155.98771, 20.71736 ], [ -155.98775, 20.71726 ], [ -155.98775, 20.71711 ], [ -155.98769, 20.71694 ], [ -155.98763, 20.71682 ], [ -155.98763, 20.71672 ], [ -155.98758, 20.71666 ], [ -155.98758, 20.7165 ], [ -155.98766, 20.71649 ], [ -155.98769, 20.71645 ], [ -155.98796, 20.71642 ], [ -155.98807, 20.71636 ], [ -155.98823, 20.7162 ], [ -155.98833, 20.71608 ], [ -155.98841, 20.71597 ], [ -155.98845, 20.71582 ], [ -155.98845, 20.71552 ], [ -155.98842, 20.71541 ], [ -155.98841, 20.71508 ], [ -155.98831, 20.7148 ], [ -155.98821, 20.71456 ], [ -155.9882, 20.71445 ], [ -155.98821, 20.71426 ], [ -155.98828, 20.71396 ], [ -155.98836, 20.71382 ], [ -155.98839, 20.71365 ], [ -155.98841, 20.71344 ], [ -155.98854, 20.71309 ], [ -155.98855, 20.71301 ], [ -155.98838, 20.71293 ], [ -155.98835, 20.71289 ], [ -155.98838, 20.71282 ], [ -155.98839, 20.71271 ], [ -155.98836, 20.71265 ], [ -155.98838, 20.71261 ], [ -155.98842, 20.71252 ], [ -155.98854, 20.71248 ], [ -155.98854, 20.71243 ], [ -155.98847, 20.71239 ], [ -155.98841, 20.71237 ], [ -155.98833, 20.71241 ], [ -155.98829, 20.71238 ], [ -155.98829, 20.71225 ], [ -155.98823, 20.7122 ], [ -155.9882, 20.71215 ], [ -155.98818, 20.71191 ], [ -155.98815, 20.71184 ], [ -155.98814, 20.71164 ], [ -155.9881, 20.71161 ], [ -155.98803, 20.7115 ], [ -155.98803, 20.71137 ], [ -155.98806, 20.7113 ], [ -155.98813, 20.7113 ], [ -155.98817, 20.71129 ], [ -155.98824, 20.71124 ], [ -155.98838, 20.71098 ], [ -155.98854, 20.71084 ], [ -155.98861, 20.71078 ], [ -155.98858, 20.71059 ], [ -155.9886, 20.71055 ], [ -155.98862, 20.71033 ], [ -155.98854, 20.71029 ], [ -155.98854, 20.71022 ], [ -155.98854, 20.71015 ], [ -155.98851, 20.71014 ], [ -155.98838, 20.71007 ], [ -155.98833, 20.70999 ], [ -155.98833, 20.70993 ], [ -155.98837, 20.70989 ], [ -155.98837, 20.70977 ], [ -155.98834, 20.70973 ], [ -155.98821, 20.70968 ], [ -155.98814, 20.70966 ], [ -155.98803, 20.70967 ], [ -155.98803, 20.7096 ], [ -155.98793, 20.70955 ], [ -155.98793, 20.70944 ], [ -155.98787, 20.70943 ], [ -155.98777, 20.70944 ], [ -155.98774, 20.70939 ], [ -155.98773, 20.70927 ], [ -155.98764, 20.70917 ], [ -155.98763, 20.70912 ], [ -155.98779, 20.70913 ], [ -155.98786, 20.70908 ], [ -155.98795, 20.70908 ], [ -155.98805, 20.70911 ], [ -155.9882, 20.70917 ], [ -155.98827, 20.70915 ], [ -155.98829, 20.7091 ], [ -155.98824, 20.70905 ], [ -155.98814, 20.709 ], [ -155.98806, 20.70892 ], [ -155.98806, 20.70886 ], [ -155.98818, 20.70872 ], [ -155.98819, 20.70865 ], [ -155.9881, 20.70858 ], [ -155.98809, 20.70851 ], [ -155.98814, 20.70846 ], [ -155.98833, 20.70844 ], [ -155.98833, 20.70836 ], [ -155.98838, 20.70829 ], [ -155.98839, 20.70824 ], [ -155.98829, 20.70819 ], [ -155.98822, 20.70811 ], [ -155.98822, 20.70803 ], [ -155.98819, 20.70787 ], [ -155.98822, 20.70781 ], [ -155.98836, 20.70777 ], [ -155.98851, 20.70778 ], [ -155.98864, 20.70785 ], [ -155.98865, 20.70791 ], [ -155.98877, 20.70795 ], [ -155.98882, 20.70801 ], [ -155.98898, 20.70803 ], [ -155.98911, 20.7081 ], [ -155.98919, 20.70809 ], [ -155.98933, 20.70798 ], [ -155.98941, 20.70796 ], [ -155.98965, 20.708 ], [ -155.99033, 20.70807 ], [ -155.99087, 20.70815 ], [ -155.99102, 20.70816 ], [ -155.99113, 20.70812 ], [ -155.99117, 20.70804 ], [ -155.99118, 20.70785 ], [ -155.99114, 20.70771 ], [ -155.99105, 20.70766 ], [ -155.99105, 20.70754 ], [ -155.99099, 20.70746 ], [ -155.99098, 20.70742 ], [ -155.99112, 20.7074 ], [ -155.99115, 20.70737 ], [ -155.99121, 20.70721 ], [ -155.9913, 20.70714 ], [ -155.9913, 20.70705 ], [ -155.99129, 20.70704 ], [ -155.99124, 20.70702 ], [ -155.99112, 20.70698 ], [ -155.99103, 20.70681 ], [ -155.99109, 20.70675 ], [ -155.99109, 20.7067 ], [ -155.99091, 20.7066 ], [ -155.99089, 20.70655 ], [ -155.99102, 20.7065 ], [ -155.99103, 20.7064 ], [ -155.9911, 20.70639 ], [ -155.99119, 20.70644 ], [ -155.99126, 20.70643 ], [ -155.99136, 20.70635 ], [ -155.9915, 20.70634 ], [ -155.99157, 20.70625 ], [ -155.99161, 20.70624 ], [ -155.99174, 20.7063 ], [ -155.99179, 20.7063 ], [ -155.99185, 20.70625 ], [ -155.99191, 20.70624 ], [ -155.992, 20.70631 ], [ -155.99215, 20.70636 ], [ -155.9922, 20.70644 ], [ -155.99221, 20.70671 ], [ -155.99226, 20.70674 ], [ -155.99255, 20.70681 ], [ -155.99261, 20.70678 ], [ -155.99261, 20.70672 ], [ -155.99261, 20.70664 ], [ -155.99262, 20.70653 ], [ -155.9926, 20.70651 ], [ -155.9925, 20.70648 ], [ -155.99247, 20.70646 ], [ -155.99246, 20.7064 ], [ -155.99257, 20.70633 ], [ -155.99265, 20.70632 ], [ -155.99273, 20.70637 ], [ -155.99282, 20.70644 ], [ -155.99291, 20.70645 ], [ -155.99297, 20.70642 ], [ -155.993, 20.70634 ], [ -155.99306, 20.70633 ], [ -155.99329, 20.70658 ], [ -155.99333, 20.70668 ], [ -155.99336, 20.70672 ], [ -155.99345, 20.70675 ], [ -155.99361, 20.70669 ], [ -155.99378, 20.70661 ], [ -155.99389, 20.70654 ], [ -155.99392, 20.7065 ], [ -155.99399, 20.70637 ], [ -155.99406, 20.70623 ], [ -155.99409, 20.70612 ], [ -155.99409, 20.70583 ], [ -155.99384, 20.7057 ], [ -155.99379, 20.70563 ], [ -155.99374, 20.7055 ], [ -155.99371, 20.70532 ], [ -155.99367, 20.70515 ], [ -155.99363, 20.70501 ], [ -155.99373, 20.705 ], [ -155.99378, 20.70497 ], [ -155.99379, 20.70491 ], [ -155.99376, 20.70488 ], [ -155.99363, 20.70472 ], [ -155.99355, 20.70466 ], [ -155.99349, 20.70465 ], [ -155.99341, 20.70468 ], [ -155.99337, 20.70466 ], [ -155.99335, 20.70458 ], [ -155.99331, 20.70454 ], [ -155.99325, 20.70452 ], [ -155.9932, 20.70448 ], [ -155.99316, 20.7044 ], [ -155.99318, 20.70434 ], [ -155.99322, 20.7043 ], [ -155.99328, 20.7043 ], [ -155.99342, 20.70436 ], [ -155.99354, 20.70433 ], [ -155.99357, 20.70429 ], [ -155.99361, 20.70424 ], [ -155.99366, 20.70423 ], [ -155.99387, 20.70433 ], [ -155.99396, 20.70433 ], [ -155.994, 20.7043 ], [ -155.99401, 20.70419 ], [ -155.99403, 20.70412 ], [ -155.99418, 20.70408 ], [ -155.99425, 20.70407 ], [ -155.99456, 20.7042 ], [ -155.99491, 20.70424 ], [ -155.99501, 20.70424 ], [ -155.99501, 20.70418 ], [ -155.99495, 20.70409 ], [ -155.99487, 20.70402 ], [ -155.99469, 20.70393 ], [ -155.99466, 20.70387 ], [ -155.99461, 20.7038 ], [ -155.99455, 20.70378 ], [ -155.99452, 20.70375 ], [ -155.99452, 20.7037 ], [ -155.99446, 20.70364 ], [ -155.9943, 20.70362 ], [ -155.99423, 20.7036 ], [ -155.99398, 20.7036 ], [ -155.99396, 20.70358 ], [ -155.99395, 20.70349 ], [ -155.99397, 20.70345 ], [ -155.9943, 20.70347 ], [ -155.99465, 20.70346 ], [ -155.99483, 20.7034 ], [ -155.99505, 20.70342 ], [ -155.99525, 20.7035 ], [ -155.99535, 20.70351 ], [ -155.99554, 20.70342 ], [ -155.99568, 20.70329 ], [ -155.99576, 20.70318 ], [ -155.99596, 20.70301 ], [ -155.99597, 20.70294 ], [ -155.996, 20.7029 ], [ -155.99606, 20.70286 ], [ -155.99611, 20.70285 ], [ -155.99618, 20.7029 ], [ -155.99623, 20.7029 ], [ -155.99627, 20.70285 ], [ -155.99648, 20.70281 ], [ -155.99657, 20.7028 ], [ -155.99662, 20.70284 ], [ -155.9967, 20.70285 ], [ -155.99673, 20.70285 ], [ -155.99679, 20.70278 ], [ -155.997, 20.70255 ], [ -155.99716, 20.70241 ], [ -155.99717, 20.70233 ], [ -155.99723, 20.70227 ], [ -155.99727, 20.70217 ], [ -155.99737, 20.70195 ], [ -155.99745, 20.70177 ], [ -155.99745, 20.70164 ], [ -155.99735, 20.70163 ], [ -155.99728, 20.70158 ], [ -155.99727, 20.70149 ], [ -155.99714, 20.70138 ], [ -155.99711, 20.7013 ], [ -155.99713, 20.70125 ], [ -155.99714, 20.70114 ], [ -155.99706, 20.70098 ], [ -155.99706, 20.70077 ], [ -155.99709, 20.70066 ], [ -155.99715, 20.70055 ], [ -155.99723, 20.70041 ], [ -155.99723, 20.70029 ], [ -155.99715, 20.70025 ], [ -155.997, 20.70024 ], [ -155.99691, 20.70027 ], [ -155.99676, 20.70027 ], [ -155.99673, 20.70024 ], [ -155.99675, 20.70018 ], [ -155.99679, 20.70007 ], [ -155.99686, 20.7 ], [ -155.997, 20.69992 ], [ -155.99714, 20.6999 ], [ -155.99721, 20.69986 ], [ -155.99724, 20.69981 ], [ -155.99733, 20.69975 ], [ -155.99752, 20.69974 ], [ -155.99782, 20.69983 ], [ -155.99803, 20.69983 ], [ -155.99817, 20.69979 ], [ -155.99828, 20.69977 ], [ -155.99832, 20.69974 ], [ -155.99833, 20.69971 ], [ -155.99827, 20.69963 ], [ -155.99821, 20.69948 ], [ -155.99814, 20.69939 ], [ -155.998, 20.69935 ], [ -155.99799, 20.69927 ], [ -155.99788, 20.69922 ], [ -155.9979, 20.69919 ], [ -155.99791, 20.69913 ], [ -155.99784, 20.69911 ], [ -155.99776, 20.69907 ], [ -155.99776, 20.69902 ], [ -155.99781, 20.69898 ], [ -155.99793, 20.69893 ], [ -155.99808, 20.69895 ], [ -155.99824, 20.69903 ], [ -155.99836, 20.69904 ], [ -155.99846, 20.69902 ], [ -155.99854, 20.69891 ], [ -155.99854, 20.69875 ], [ -155.99857, 20.69868 ], [ -155.99857, 20.69853 ], [ -155.99854, 20.69841 ], [ -155.99847, 20.69824 ], [ -155.99843, 20.6982 ], [ -155.99837, 20.69808 ], [ -155.99836, 20.69799 ], [ -155.99839, 20.69792 ], [ -155.9984, 20.69783 ], [ -155.99836, 20.69775 ], [ -155.99839, 20.69758 ], [ -155.99844, 20.6975 ], [ -155.99848, 20.69743 ], [ -155.99851, 20.69738 ], [ -155.99863, 20.69738 ], [ -155.99869, 20.69734 ], [ -155.99876, 20.69728 ], [ -155.99881, 20.6972 ], [ -155.99883, 20.69708 ], [ -155.99883, 20.69695 ], [ -155.99872, 20.69686 ], [ -155.99873, 20.69679 ], [ -155.99874, 20.69672 ], [ -155.99865, 20.69665 ], [ -155.99844, 20.69658 ], [ -155.99842, 20.69656 ], [ -155.99841, 20.69648 ], [ -155.99834, 20.69633 ], [ -155.99834, 20.69628 ], [ -155.99839, 20.69622 ], [ -155.9984, 20.69606 ], [ -155.9985, 20.69598 ], [ -155.99851, 20.69588 ], [ -155.99849, 20.69584 ], [ -155.99841, 20.69578 ], [ -155.99836, 20.69572 ], [ -155.99831, 20.69565 ], [ -155.99826, 20.69564 ], [ -155.99819, 20.6956 ], [ -155.99815, 20.69549 ], [ -155.99815, 20.6954 ], [ -155.99831, 20.69535 ], [ -155.99837, 20.69529 ], [ -155.99838, 20.69525 ], [ -155.99834, 20.6952 ], [ -155.99823, 20.69515 ], [ -155.99809, 20.69515 ], [ -155.99805, 20.69512 ], [ -155.99804, 20.69506 ], [ -155.99812, 20.69502 ], [ -155.99813, 20.69498 ], [ -155.9981, 20.69492 ], [ -155.99812, 20.69489 ], [ -155.99821, 20.6949 ], [ -155.99831, 20.69487 ], [ -155.99837, 20.69485 ], [ -155.99844, 20.69489 ], [ -155.99853, 20.69496 ], [ -155.99861, 20.69501 ], [ -155.99886, 20.69506 ], [ -155.99909, 20.69507 ], [ -155.99923, 20.69505 ], [ -155.99939, 20.69497 ], [ -155.9995, 20.69488 ], [ -155.9996, 20.69486 ], [ -155.99966, 20.69479 ], [ -155.99972, 20.69474 ], [ -155.99995, 20.6947 ], [ -156.00006, 20.69462 ], [ -156.00014, 20.69463 ], [ -156.00022, 20.69466 ], [ -156.00037, 20.69469 ], [ -156.00049, 20.6947 ], [ -156.0007, 20.69465 ], [ -156.00103, 20.69446 ], [ -156.00112, 20.69435 ], [ -156.00113, 20.69418 ], [ -156.0011, 20.69408 ], [ -156.00112, 20.69384 ], [ -156.00109, 20.69376 ], [ -156.00109, 20.6936 ], [ -156.00106, 20.69357 ], [ -156.00098, 20.69349 ], [ -156.00097, 20.69342 ], [ -156.00099, 20.69339 ], [ -156.00104, 20.69338 ], [ -156.00106, 20.69346 ], [ -156.00111, 20.69348 ], [ -156.00118, 20.69349 ], [ -156.00127, 20.69342 ], [ -156.00133, 20.69341 ], [ -156.0014, 20.69346 ], [ -156.00164, 20.69353 ], [ -156.0017, 20.69355 ], [ -156.00181, 20.69349 ], [ -156.00188, 20.69343 ], [ -156.00188, 20.69333 ], [ -156.00178, 20.69322 ], [ -156.00176, 20.69319 ], [ -156.00162, 20.69305 ], [ -156.00157, 20.69293 ], [ -156.0016, 20.69269 ], [ -156.00163, 20.69265 ], [ -156.00171, 20.69265 ], [ -156.00176, 20.69266 ], [ -156.00181, 20.69267 ], [ -156.00185, 20.69265 ], [ -156.00187, 20.69247 ], [ -156.00191, 20.69242 ], [ -156.00196, 20.69242 ], [ -156.00207, 20.69252 ], [ -156.0021, 20.69252 ], [ -156.00209, 20.69248 ], [ -156.0021, 20.69239 ], [ -156.00216, 20.69236 ], [ -156.00221, 20.6924 ], [ -156.0023, 20.69245 ], [ -156.00236, 20.69242 ], [ -156.00246, 20.69235 ], [ -156.00265, 20.69227 ], [ -156.00272, 20.69223 ], [ -156.00273, 20.69217 ], [ -156.0027, 20.69214 ], [ -156.00261, 20.69198 ], [ -156.00259, 20.69188 ], [ -156.00262, 20.6918 ], [ -156.00266, 20.69177 ], [ -156.00273, 20.69177 ], [ -156.00281, 20.69185 ], [ -156.00282, 20.69207 ], [ -156.00285, 20.69208 ], [ -156.00315, 20.69179 ], [ -156.00315, 20.69166 ], [ -156.00314, 20.69156 ], [ -156.0032, 20.69151 ], [ -156.00363, 20.69143 ], [ -156.00368, 20.69141 ], [ -156.00386, 20.69133 ], [ -156.00387, 20.69125 ], [ -156.00391, 20.69121 ], [ -156.00404, 20.69124 ], [ -156.00411, 20.69123 ], [ -156.00414, 20.69114 ], [ -156.00419, 20.69109 ], [ -156.00421, 20.69101 ], [ -156.0041, 20.6909 ], [ -156.00406, 20.69069 ], [ -156.00409, 20.6906 ], [ -156.00416, 20.69051 ], [ -156.00417, 20.69045 ], [ -156.00427, 20.69037 ], [ -156.00428, 20.69027 ], [ -156.00427, 20.69024 ], [ -156.00426, 20.69016 ], [ -156.00427, 20.69011 ], [ -156.00429, 20.69006 ], [ -156.00427, 20.69004 ], [ -156.00418, 20.69002 ], [ -156.00412, 20.68996 ], [ -156.00409, 20.68989 ], [ -156.00407, 20.68981 ], [ -156.00397, 20.68971 ], [ -156.00396, 20.68963 ], [ -156.00397, 20.68963 ], [ -156.00411, 20.68972 ], [ -156.00421, 20.68974 ], [ -156.00427, 20.68979 ], [ -156.0043, 20.68981 ], [ -156.00434, 20.68981 ], [ -156.00437, 20.68974 ], [ -156.00447, 20.68958 ], [ -156.00448, 20.6895 ], [ -156.00446, 20.68946 ], [ -156.00435, 20.68939 ], [ -156.00428, 20.68933 ], [ -156.00427, 20.68926 ], [ -156.00439, 20.68926 ], [ -156.0045, 20.68929 ], [ -156.00455, 20.68929 ], [ -156.00461, 20.68924 ], [ -156.00462, 20.68919 ], [ -156.00455, 20.68912 ], [ -156.00455, 20.68901 ], [ -156.0046, 20.68896 ], [ -156.00463, 20.68896 ], [ -156.00466, 20.68899 ], [ -156.00472, 20.68906 ], [ -156.00476, 20.68908 ], [ -156.00493, 20.68906 ], [ -156.005, 20.68911 ], [ -156.00503, 20.68921 ], [ -156.00511, 20.68923 ], [ -156.00527, 20.68924 ], [ -156.00534, 20.68917 ], [ -156.00539, 20.6891 ], [ -156.00541, 20.68883 ], [ -156.00539, 20.68881 ], [ -156.00539, 20.68878 ], [ -156.00534, 20.68871 ], [ -156.0053, 20.68852 ], [ -156.0053, 20.68841 ], [ -156.00531, 20.68822 ], [ -156.00536, 20.68817 ], [ -156.00546, 20.68817 ], [ -156.00552, 20.68817 ], [ -156.00558, 20.68812 ], [ -156.00564, 20.68802 ], [ -156.00568, 20.68799 ], [ -156.00582, 20.68807 ], [ -156.00597, 20.68805 ], [ -156.0061, 20.68798 ], [ -156.00618, 20.6879 ], [ -156.00621, 20.68782 ], [ -156.00621, 20.68774 ], [ -156.00616, 20.68768 ], [ -156.00602, 20.68756 ], [ -156.00602, 20.68752 ], [ -156.00609, 20.68749 ], [ -156.00623, 20.6875 ], [ -156.00639, 20.68765 ], [ -156.00644, 20.68766 ], [ -156.00655, 20.68768 ], [ -156.00671, 20.68759 ], [ -156.00675, 20.68761 ], [ -156.0068, 20.68766 ], [ -156.00697, 20.68768 ], [ -156.00705, 20.68767 ], [ -156.00711, 20.68764 ], [ -156.00712, 20.6876 ], [ -156.00707, 20.68755 ], [ -156.00707, 20.68747 ], [ -156.00712, 20.68747 ], [ -156.00727, 20.68754 ], [ -156.00736, 20.68756 ], [ -156.00738, 20.68754 ], [ -156.00739, 20.68733 ], [ -156.00737, 20.68729 ], [ -156.00737, 20.68714 ], [ -156.00727, 20.68705 ], [ -156.00708, 20.68694 ], [ -156.00702, 20.68689 ], [ -156.00703, 20.68683 ], [ -156.00721, 20.68682 ], [ -156.00732, 20.68677 ], [ -156.00732, 20.68669 ], [ -156.00737, 20.68668 ], [ -156.00738, 20.6867 ], [ -156.00743, 20.68672 ], [ -156.00751, 20.68671 ], [ -156.00757, 20.68668 ], [ -156.00761, 20.68658 ], [ -156.00761, 20.68649 ], [ -156.00758, 20.68646 ], [ -156.00758, 20.68638 ], [ -156.00762, 20.68637 ], [ -156.00768, 20.68642 ], [ -156.00767, 20.68644 ], [ -156.00767, 20.6865 ], [ -156.00775, 20.68651 ], [ -156.00789, 20.68646 ], [ -156.00793, 20.68642 ], [ -156.00794, 20.68631 ], [ -156.00791, 20.68626 ], [ -156.00791, 20.68616 ], [ -156.00797, 20.68617 ], [ -156.00799, 20.68622 ], [ -156.00802, 20.68623 ], [ -156.00806, 20.68623 ], [ -156.00812, 20.68612 ], [ -156.00824, 20.68608 ], [ -156.00833, 20.686 ], [ -156.00838, 20.68598 ], [ -156.00845, 20.68603 ], [ -156.00847, 20.68607 ], [ -156.00857, 20.68607 ], [ -156.00866, 20.68598 ], [ -156.00876, 20.68586 ], [ -156.00877, 20.68584 ], [ -156.00879, 20.68581 ], [ -156.00879, 20.68574 ], [ -156.00863, 20.68559 ], [ -156.00831, 20.68535 ], [ -156.00828, 20.68525 ], [ -156.0083, 20.68517 ], [ -156.00833, 20.68513 ], [ -156.00849, 20.68506 ], [ -156.00857, 20.68498 ], [ -156.00858, 20.68493 ], [ -156.00863, 20.68491 ], [ -156.00887, 20.68489 ], [ -156.00896, 20.68483 ], [ -156.00897, 20.6848 ], [ -156.00892, 20.68475 ], [ -156.00892, 20.68468 ], [ -156.00914, 20.68457 ], [ -156.00924, 20.68452 ], [ -156.00927, 20.68449 ], [ -156.00927, 20.68436 ], [ -156.00933, 20.68437 ], [ -156.00944, 20.68444 ], [ -156.00954, 20.68444 ], [ -156.00975, 20.68442 ], [ -156.00983, 20.68437 ], [ -156.00984, 20.68429 ], [ -156.00992, 20.68424 ], [ -156.00994, 20.68422 ], [ -156.00994, 20.68418 ], [ -156.01004, 20.68413 ], [ -156.0101, 20.68404 ], [ -156.01018, 20.68404 ], [ -156.0103, 20.6841 ], [ -156.01038, 20.68419 ], [ -156.01041, 20.68424 ], [ -156.01047, 20.68426 ], [ -156.01053, 20.68423 ], [ -156.01055, 20.68408 ], [ -156.01055, 20.68394 ], [ -156.0106, 20.68376 ], [ -156.0107, 20.68363 ], [ -156.01084, 20.68358 ], [ -156.01088, 20.68354 ], [ -156.01085, 20.68348 ], [ -156.01085, 20.68344 ], [ -156.01087, 20.68342 ], [ -156.01107, 20.68339 ], [ -156.0111, 20.68336 ], [ -156.01111, 20.68328 ], [ -156.01115, 20.68322 ], [ -156.01118, 20.68316 ], [ -156.01121, 20.68312 ], [ -156.01144, 20.68303 ], [ -156.01144, 20.68292 ], [ -156.01144, 20.68279 ], [ -156.01152, 20.68262 ], [ -156.01168, 20.68254 ], [ -156.01169, 20.68243 ], [ -156.01175, 20.68239 ], [ -156.01197, 20.68237 ], [ -156.01218, 20.68244 ], [ -156.01227, 20.68252 ], [ -156.0123, 20.6826 ], [ -156.01232, 20.6828 ], [ -156.01235, 20.6829 ], [ -156.01242, 20.6829 ], [ -156.01245, 20.68285 ], [ -156.01247, 20.68276 ], [ -156.01256, 20.68244 ], [ -156.0126, 20.68237 ], [ -156.01263, 20.68227 ], [ -156.01273, 20.68218 ], [ -156.01287, 20.68214 ], [ -156.01308, 20.68207 ], [ -156.01318, 20.68213 ], [ -156.01331, 20.68225 ], [ -156.01353, 20.68238 ], [ -156.01369, 20.68256 ], [ -156.01388, 20.68273 ], [ -156.01402, 20.6828 ], [ -156.01417, 20.68284 ], [ -156.01423, 20.6829 ], [ -156.01438, 20.68293 ], [ -156.01483, 20.68287 ], [ -156.01493, 20.68282 ], [ -156.01514, 20.68267 ], [ -156.01527, 20.68267 ], [ -156.01531, 20.68269 ], [ -156.01544, 20.68282 ], [ -156.01559, 20.68293 ], [ -156.01571, 20.68299 ], [ -156.01579, 20.68308 ], [ -156.01584, 20.68326 ], [ -156.01602, 20.68353 ], [ -156.01611, 20.68359 ], [ -156.01628, 20.68365 ], [ -156.01644, 20.68374 ], [ -156.01675, 20.68387 ], [ -156.01686, 20.68386 ], [ -156.01708, 20.68378 ], [ -156.01732, 20.68377 ], [ -156.01762, 20.68368 ], [ -156.01783, 20.68358 ], [ -156.0179, 20.6836 ], [ -156.01793, 20.68359 ], [ -156.01801, 20.68346 ], [ -156.01821, 20.68336 ], [ -156.01835, 20.68323 ], [ -156.01858, 20.68301 ], [ -156.01865, 20.68294 ], [ -156.01865, 20.68284 ], [ -156.01868, 20.68275 ], [ -156.01883, 20.68261 ], [ -156.01894, 20.68259 ], [ -156.01901, 20.68256 ], [ -156.0191, 20.6824 ], [ -156.01911, 20.68229 ], [ -156.01913, 20.68225 ], [ -156.0192, 20.68223 ], [ -156.01923, 20.68225 ], [ -156.01921, 20.68246 ], [ -156.01923, 20.68247 ], [ -156.01931, 20.68248 ], [ -156.01938, 20.68241 ], [ -156.0195, 20.68227 ], [ -156.01957, 20.68216 ], [ -156.01964, 20.68212 ], [ -156.01967, 20.68209 ], [ -156.01974, 20.6821 ], [ -156.01987, 20.68229 ], [ -156.01998, 20.68233 ], [ -156.02001, 20.68229 ], [ -156.02002, 20.6821 ], [ -156.02001, 20.68203 ], [ -156.01999, 20.68183 ], [ -156.02002, 20.68174 ], [ -156.02008, 20.68166 ], [ -156.02023, 20.68165 ], [ -156.02023, 20.6816 ], [ -156.02028, 20.68155 ], [ -156.02041, 20.68149 ], [ -156.02047, 20.68141 ], [ -156.02047, 20.68132 ], [ -156.02046, 20.68129 ], [ -156.02044, 20.68117 ], [ -156.02054, 20.6811 ], [ -156.02053, 20.68104 ], [ -156.02057, 20.681 ], [ -156.02067, 20.681 ], [ -156.02074, 20.68101 ], [ -156.02084, 20.68102 ], [ -156.02095, 20.68099 ], [ -156.02105, 20.68091 ], [ -156.02106, 20.68077 ], [ -156.02119, 20.68072 ], [ -156.02125, 20.68071 ], [ -156.02135, 20.68077 ], [ -156.02147, 20.68078 ], [ -156.02154, 20.68071 ], [ -156.02156, 20.68065 ], [ -156.0216, 20.68059 ], [ -156.0217, 20.68058 ], [ -156.02176, 20.68053 ], [ -156.02182, 20.68051 ], [ -156.02193, 20.68062 ], [ -156.02198, 20.68061 ], [ -156.02198, 20.68056 ], [ -156.02194, 20.6805 ], [ -156.02192, 20.68035 ], [ -156.02194, 20.68032 ], [ -156.02204, 20.68031 ], [ -156.02226, 20.6804 ], [ -156.02235, 20.68037 ], [ -156.02242, 20.68035 ], [ -156.02265, 20.68045 ], [ -156.02276, 20.68041 ], [ -156.02283, 20.68039 ], [ -156.02286, 20.68041 ], [ -156.023, 20.68059 ], [ -156.02301, 20.68071 ], [ -156.02297, 20.68077 ], [ -156.02296, 20.68083 ], [ -156.02301, 20.68093 ], [ -156.02316, 20.68108 ], [ -156.02325, 20.68111 ], [ -156.02338, 20.68112 ], [ -156.02363, 20.68112 ], [ -156.02373, 20.68105 ], [ -156.02383, 20.68101 ], [ -156.02391, 20.68099 ], [ -156.02396, 20.68101 ], [ -156.02416, 20.68102 ], [ -156.02434, 20.68096 ], [ -156.02443, 20.68089 ], [ -156.02449, 20.6808 ], [ -156.02454, 20.68075 ], [ -156.02461, 20.68075 ], [ -156.02476, 20.68069 ], [ -156.02483, 20.68068 ], [ -156.02486, 20.6807 ], [ -156.02489, 20.68075 ], [ -156.02497, 20.6808 ], [ -156.02551, 20.68085 ], [ -156.0256, 20.6808 ], [ -156.0257, 20.6807 ], [ -156.02583, 20.6805 ], [ -156.02598, 20.68043 ], [ -156.02609, 20.68042 ], [ -156.02621, 20.68042 ], [ -156.02634, 20.68046 ], [ -156.02641, 20.68046 ], [ -156.02651, 20.68039 ], [ -156.02658, 20.68031 ], [ -156.02665, 20.68022 ], [ -156.02693, 20.67999 ], [ -156.0272, 20.67981 ], [ -156.02734, 20.67969 ], [ -156.02738, 20.67959 ], [ -156.02744, 20.67959 ], [ -156.02754, 20.67959 ], [ -156.02757, 20.67958 ], [ -156.02767, 20.67947 ], [ -156.02767, 20.67939 ], [ -156.0277, 20.67936 ], [ -156.02788, 20.67936 ], [ -156.02795, 20.6793 ], [ -156.02797, 20.67927 ], [ -156.02798, 20.67911 ], [ -156.02796, 20.67902 ], [ -156.02785, 20.67881 ], [ -156.0277, 20.67872 ], [ -156.02743, 20.67863 ], [ -156.02733, 20.67855 ], [ -156.0273, 20.67845 ], [ -156.02738, 20.67843 ], [ -156.02738, 20.67836 ], [ -156.02744, 20.67835 ], [ -156.02747, 20.67832 ], [ -156.0274, 20.67827 ], [ -156.02737, 20.67818 ], [ -156.02745, 20.67818 ], [ -156.02763, 20.67827 ], [ -156.02773, 20.67826 ], [ -156.02782, 20.67815 ], [ -156.02792, 20.67804 ], [ -156.02793, 20.67797 ], [ -156.02796, 20.6779 ], [ -156.02803, 20.67789 ], [ -156.02806, 20.67792 ], [ -156.02807, 20.67802 ], [ -156.02804, 20.67807 ], [ -156.02806, 20.67813 ], [ -156.02814, 20.67817 ], [ -156.02827, 20.67813 ], [ -156.02834, 20.67805 ], [ -156.0285, 20.67793 ], [ -156.02851, 20.67787 ], [ -156.02847, 20.67781 ], [ -156.02846, 20.67774 ], [ -156.02851, 20.67773 ], [ -156.02855, 20.67776 ], [ -156.02861, 20.67774 ], [ -156.02865, 20.67773 ], [ -156.02868, 20.67776 ], [ -156.02873, 20.67786 ], [ -156.02878, 20.67787 ], [ -156.02883, 20.67783 ], [ -156.02896, 20.67771 ], [ -156.02917, 20.67753 ], [ -156.0294, 20.67741 ], [ -156.0294, 20.67722 ], [ -156.02944, 20.67718 ], [ -156.02955, 20.67718 ], [ -156.02959, 20.67726 ], [ -156.02966, 20.67729 ], [ -156.02971, 20.67729 ], [ -156.03, 20.67709 ], [ -156.03008, 20.67698 ], [ -156.03009, 20.67686 ], [ -156.03, 20.67675 ], [ -156.02999, 20.67669 ], [ -156.03003, 20.67663 ], [ -156.03003, 20.67656 ], [ -156.03002, 20.67653 ], [ -156.03001, 20.67648 ], [ -156.03003, 20.67644 ], [ -156.03004, 20.67632 ], [ -156.03009, 20.67626 ], [ -156.03015, 20.67622 ], [ -156.03022, 20.67615 ], [ -156.03027, 20.67602 ], [ -156.03035, 20.67592 ], [ -156.03055, 20.67582 ], [ -156.03076, 20.67578 ], [ -156.03098, 20.67578 ], [ -156.03106, 20.67572 ], [ -156.03108, 20.67555 ], [ -156.03115, 20.67539 ], [ -156.03133, 20.6751 ], [ -156.03155, 20.67484 ], [ -156.03176, 20.67464 ], [ -156.03201, 20.67456 ], [ -156.03222, 20.67437 ], [ -156.0323, 20.67431 ], [ -156.03248, 20.67427 ], [ -156.0326, 20.67423 ], [ -156.03293, 20.674 ], [ -156.0331, 20.67386 ], [ -156.03311, 20.67382 ], [ -156.03305, 20.67374 ], [ -156.03309, 20.67371 ], [ -156.03329, 20.67371 ], [ -156.03337, 20.67378 ], [ -156.03352, 20.67378 ], [ -156.03357, 20.67381 ], [ -156.03378, 20.67386 ], [ -156.03388, 20.67385 ], [ -156.03397, 20.67382 ], [ -156.034, 20.67381 ], [ -156.03419, 20.67358 ], [ -156.03421, 20.67347 ], [ -156.03419, 20.67345 ], [ -156.03419, 20.6734 ], [ -156.03427, 20.67336 ], [ -156.03445, 20.67313 ], [ -156.03455, 20.67295 ], [ -156.03456, 20.67278 ], [ -156.03458, 20.67274 ], [ -156.03458, 20.67267 ], [ -156.03457, 20.67259 ], [ -156.03459, 20.67257 ], [ -156.03473, 20.67252 ], [ -156.0348, 20.67244 ], [ -156.03482, 20.67231 ], [ -156.03488, 20.6722 ], [ -156.035, 20.67196 ], [ -156.03508, 20.67185 ], [ -156.03519, 20.67167 ], [ -156.03525, 20.67155 ], [ -156.03532, 20.67148 ], [ -156.03547, 20.67135 ], [ -156.03551, 20.67129 ], [ -156.03559, 20.67112 ], [ -156.03559, 20.67101 ], [ -156.03559, 20.67093 ], [ -156.03561, 20.6709 ], [ -156.03573, 20.67089 ], [ -156.03582, 20.67081 ], [ -156.03586, 20.67075 ], [ -156.03587, 20.67059 ], [ -156.03593, 20.67058 ], [ -156.03597, 20.67059 ], [ -156.03612, 20.67059 ], [ -156.03614, 20.67061 ], [ -156.03613, 20.6707 ], [ -156.03621, 20.67071 ], [ -156.03626, 20.67075 ], [ -156.03629, 20.67088 ], [ -156.03632, 20.67091 ], [ -156.03637, 20.67093 ], [ -156.03649, 20.67091 ], [ -156.03663, 20.67082 ], [ -156.03667, 20.67081 ], [ -156.03669, 20.6707 ], [ -156.03663, 20.67055 ], [ -156.03661, 20.67047 ], [ -156.03654, 20.67027 ], [ -156.03654, 20.67014 ], [ -156.03661, 20.67007 ], [ -156.03669, 20.67002 ], [ -156.03675, 20.67002 ], [ -156.03679, 20.67018 ], [ -156.03683, 20.6702 ], [ -156.03692, 20.67017 ], [ -156.03699, 20.67011 ], [ -156.03705, 20.67012 ], [ -156.03712, 20.67012 ], [ -156.03721, 20.67009 ], [ -156.03724, 20.67006 ], [ -156.03725, 20.66993 ], [ -156.03732, 20.6699 ], [ -156.03737, 20.66984 ], [ -156.03747, 20.66978 ], [ -156.03753, 20.66972 ], [ -156.03767, 20.66965 ], [ -156.0377, 20.66963 ], [ -156.03768, 20.66957 ], [ -156.03767, 20.66956 ], [ -156.03767, 20.6695 ], [ -156.0377, 20.66947 ], [ -156.03775, 20.66946 ], [ -156.03776, 20.66941 ], [ -156.03785, 20.66942 ], [ -156.03791, 20.66947 ], [ -156.03818, 20.66947 ], [ -156.03847, 20.66958 ], [ -156.03865, 20.66971 ], [ -156.03877, 20.6697 ], [ -156.03885, 20.66964 ], [ -156.03915, 20.66944 ], [ -156.03926, 20.66934 ], [ -156.03931, 20.66926 ], [ -156.03942, 20.66901 ], [ -156.03951, 20.66876 ], [ -156.03978, 20.66839 ], [ -156.04005, 20.66791 ], [ -156.04023, 20.66763 ], [ -156.04038, 20.66751 ], [ -156.04067, 20.66734 ], [ -156.04069, 20.66731 ], [ -156.04079, 20.66716 ], [ -156.04085, 20.66696 ], [ -156.04088, 20.66665 ], [ -156.04085, 20.66641 ], [ -156.04086, 20.66608 ], [ -156.04089, 20.66596 ], [ -156.04089, 20.6658 ], [ -156.04091, 20.66566 ], [ -156.04102, 20.66544 ], [ -156.04106, 20.66529 ], [ -156.04117, 20.66491 ], [ -156.04116, 20.66471 ], [ -156.04109, 20.6646 ], [ -156.04107, 20.6645 ], [ -156.04112, 20.66438 ], [ -156.04111, 20.664 ], [ -156.04107, 20.66395 ], [ -156.04092, 20.66388 ], [ -156.04087, 20.66382 ], [ -156.04095, 20.66372 ], [ -156.04106, 20.66367 ], [ -156.04112, 20.66354 ], [ -156.04115, 20.66329 ], [ -156.04111, 20.66297 ], [ -156.04122, 20.66286 ], [ -156.04117, 20.66274 ], [ -156.04106, 20.66248 ], [ -156.04095, 20.66234 ], [ -156.04048, 20.66211 ], [ -156.04045, 20.66208 ], [ -156.04051, 20.66197 ], [ -156.04051, 20.66186 ], [ -156.04046, 20.66182 ], [ -156.0404, 20.66171 ], [ -156.04083, 20.66186 ], [ -156.0409, 20.6618 ], [ -156.04102, 20.66178 ], [ -156.04122, 20.66184 ], [ -156.04127, 20.66183 ], [ -156.04138, 20.66163 ], [ -156.04143, 20.6616 ], [ -156.04145, 20.6615 ], [ -156.04158, 20.66154 ], [ -156.0417, 20.66145 ], [ -156.04173, 20.66139 ], [ -156.04172, 20.66129 ], [ -156.04168, 20.66123 ], [ -156.04159, 20.66116 ], [ -156.04148, 20.66105 ], [ -156.04151, 20.66097 ], [ -156.04148, 20.66089 ], [ -156.0415, 20.66085 ], [ -156.04156, 20.6608 ], [ -156.04158, 20.66074 ], [ -156.0416, 20.66073 ], [ -156.04177, 20.66081 ], [ -156.04181, 20.66081 ], [ -156.04207, 20.66074 ], [ -156.04216, 20.66065 ], [ -156.04216, 20.66058 ], [ -156.0421, 20.66047 ], [ -156.04214, 20.66043 ], [ -156.04217, 20.66038 ], [ -156.04216, 20.6603 ], [ -156.04233, 20.66029 ], [ -156.04243, 20.66023 ], [ -156.04244, 20.6602 ], [ -156.04237, 20.66012 ], [ -156.0423, 20.66009 ], [ -156.04226, 20.66005 ], [ -156.04224, 20.65999 ], [ -156.04237, 20.65994 ], [ -156.04241, 20.65986 ], [ -156.04263, 20.65996 ], [ -156.04273, 20.65989 ], [ -156.04273, 20.65983 ], [ -156.04266, 20.65973 ], [ -156.04264, 20.65968 ], [ -156.04266, 20.65957 ], [ -156.04275, 20.65959 ], [ -156.04286, 20.65956 ], [ -156.04287, 20.65951 ], [ -156.04286, 20.65942 ], [ -156.0429, 20.65935 ], [ -156.04305, 20.65934 ], [ -156.04313, 20.65925 ], [ -156.04313, 20.65919 ], [ -156.0431, 20.65911 ], [ -156.04296, 20.65895 ], [ -156.04291, 20.65885 ], [ -156.04294, 20.65885 ], [ -156.04301, 20.65889 ], [ -156.04317, 20.65902 ], [ -156.04329, 20.65904 ], [ -156.04337, 20.65896 ], [ -156.04342, 20.65898 ], [ -156.04347, 20.65902 ], [ -156.04381, 20.65909 ], [ -156.0439, 20.65909 ], [ -156.04405, 20.65904 ], [ -156.04421, 20.65904 ], [ -156.04434, 20.65901 ], [ -156.04435, 20.65898 ], [ -156.04434, 20.65891 ], [ -156.04429, 20.6587 ], [ -156.04423, 20.65862 ], [ -156.04409, 20.65859 ], [ -156.04407, 20.65856 ], [ -156.04397, 20.65853 ], [ -156.0438, 20.65856 ], [ -156.04376, 20.65855 ], [ -156.04372, 20.6585 ], [ -156.04365, 20.65829 ], [ -156.04365, 20.65823 ], [ -156.0437, 20.65819 ], [ -156.04394, 20.65817 ], [ -156.04412, 20.65821 ], [ -156.04447, 20.65824 ], [ -156.04456, 20.6582 ], [ -156.04474, 20.65823 ], [ -156.04479, 20.65822 ], [ -156.04486, 20.65814 ], [ -156.04485, 20.65806 ], [ -156.0448, 20.65804 ], [ -156.04465, 20.65803 ], [ -156.04438, 20.65795 ], [ -156.04421, 20.65797 ], [ -156.04382, 20.65804 ], [ -156.04375, 20.65802 ], [ -156.04355, 20.6579 ], [ -156.04349, 20.65783 ], [ -156.04352, 20.65778 ], [ -156.04327, 20.65774 ], [ -156.04314, 20.65766 ], [ -156.04313, 20.65762 ], [ -156.04316, 20.6576 ], [ -156.04327, 20.65759 ], [ -156.04366, 20.65765 ], [ -156.0437, 20.65768 ], [ -156.04372, 20.65774 ], [ -156.0439, 20.65775 ], [ -156.04407, 20.6577 ], [ -156.04419, 20.6577 ], [ -156.04443, 20.65777 ], [ -156.04457, 20.6577 ], [ -156.04484, 20.65779 ], [ -156.04512, 20.65782 ], [ -156.04535, 20.6579 ], [ -156.04551, 20.65796 ], [ -156.04553, 20.658 ], [ -156.04548, 20.65821 ], [ -156.04564, 20.65859 ], [ -156.04572, 20.65865 ], [ -156.04581, 20.6587 ], [ -156.04587, 20.65867 ], [ -156.04601, 20.65873 ], [ -156.04624, 20.65873 ], [ -156.0465, 20.65889 ], [ -156.04663, 20.65888 ], [ -156.047, 20.65874 ], [ -156.04721, 20.65862 ], [ -156.04729, 20.65851 ], [ -156.04734, 20.65796 ], [ -156.04723, 20.65766 ], [ -156.04718, 20.65743 ], [ -156.04711, 20.65724 ], [ -156.04702, 20.65717 ], [ -156.04697, 20.65715 ], [ -156.04688, 20.65716 ], [ -156.04668, 20.65722 ], [ -156.04653, 20.65717 ], [ -156.04633, 20.65677 ], [ -156.04629, 20.65663 ], [ -156.04637, 20.65662 ], [ -156.04645, 20.65666 ], [ -156.04654, 20.65663 ], [ -156.04654, 20.65656 ], [ -156.0465, 20.65642 ], [ -156.04663, 20.65646 ], [ -156.04668, 20.65644 ], [ -156.04674, 20.65627 ], [ -156.04671, 20.65616 ], [ -156.04673, 20.65613 ], [ -156.04677, 20.65613 ], [ -156.04679, 20.6561 ], [ -156.04678, 20.65608 ], [ -156.04663, 20.65602 ], [ -156.0466, 20.65598 ], [ -156.0466, 20.65589 ], [ -156.0464, 20.6558 ], [ -156.04624, 20.65564 ], [ -156.04624, 20.65556 ], [ -156.04629, 20.6555 ], [ -156.04635, 20.65541 ], [ -156.04643, 20.6553 ], [ -156.04655, 20.65509 ], [ -156.04667, 20.65487 ], [ -156.04661, 20.65475 ], [ -156.04661, 20.6547 ], [ -156.04664, 20.65466 ], [ -156.04667, 20.65463 ], [ -156.04666, 20.65457 ], [ -156.04658, 20.65448 ], [ -156.04649, 20.65444 ], [ -156.04629, 20.65437 ], [ -156.04625, 20.6543 ], [ -156.04631, 20.65421 ], [ -156.04615, 20.65408 ], [ -156.04591, 20.65396 ], [ -156.04552, 20.65396 ], [ -156.04546, 20.65393 ], [ -156.04541, 20.65372 ], [ -156.04549, 20.65367 ], [ -156.0455, 20.65364 ], [ -156.04541, 20.65356 ], [ -156.04539, 20.65352 ], [ -156.0454, 20.65344 ], [ -156.04545, 20.65343 ], [ -156.04556, 20.65335 ], [ -156.04557, 20.65327 ], [ -156.04566, 20.6532 ], [ -156.0457, 20.65296 ], [ -156.04574, 20.65291 ], [ -156.04578, 20.65289 ], [ -156.0458, 20.6529 ], [ -156.04593, 20.65311 ], [ -156.04596, 20.65313 ], [ -156.04602, 20.65308 ], [ -156.04612, 20.65303 ], [ -156.04617, 20.65298 ], [ -156.04618, 20.65294 ], [ -156.04622, 20.6529 ], [ -156.0464, 20.65297 ], [ -156.04654, 20.65293 ], [ -156.04659, 20.65285 ], [ -156.0466, 20.65279 ], [ -156.04656, 20.65267 ], [ -156.04664, 20.65259 ], [ -156.04665, 20.65251 ], [ -156.04669, 20.65246 ], [ -156.04674, 20.65246 ], [ -156.04686, 20.65253 ], [ -156.04699, 20.65268 ], [ -156.04705, 20.65271 ], [ -156.04714, 20.65269 ], [ -156.04719, 20.65262 ], [ -156.04726, 20.65258 ], [ -156.04733, 20.65249 ], [ -156.04732, 20.65236 ], [ -156.0472, 20.65218 ], [ -156.04708, 20.65202 ], [ -156.04692, 20.65175 ], [ -156.04692, 20.65167 ], [ -156.04698, 20.65168 ], [ -156.0471, 20.65174 ], [ -156.04718, 20.65172 ], [ -156.04743, 20.65176 ], [ -156.04774, 20.65188 ], [ -156.0478, 20.65187 ], [ -156.04789, 20.65182 ], [ -156.04791, 20.65177 ], [ -156.04792, 20.65168 ], [ -156.04798, 20.65165 ], [ -156.04802, 20.65168 ], [ -156.04807, 20.65176 ], [ -156.04819, 20.65182 ], [ -156.0483, 20.65185 ], [ -156.04837, 20.6518 ], [ -156.04847, 20.65174 ], [ -156.04856, 20.65164 ], [ -156.04859, 20.65157 ], [ -156.0486, 20.65143 ], [ -156.04854, 20.65124 ], [ -156.04854, 20.65113 ], [ -156.0486, 20.65108 ], [ -156.04872, 20.65106 ], [ -156.04892, 20.65115 ], [ -156.04904, 20.65125 ], [ -156.04907, 20.65126 ], [ -156.04914, 20.65127 ], [ -156.04917, 20.65126 ], [ -156.04919, 20.65118 ], [ -156.04914, 20.651 ], [ -156.04905, 20.65083 ], [ -156.04905, 20.65075 ], [ -156.04913, 20.65074 ], [ -156.04924, 20.65077 ], [ -156.04933, 20.65084 ], [ -156.04933, 20.65098 ], [ -156.04935, 20.65105 ], [ -156.04938, 20.65109 ], [ -156.04944, 20.65109 ], [ -156.04953, 20.65109 ], [ -156.0496, 20.65109 ], [ -156.04967, 20.65105 ], [ -156.04968, 20.65091 ], [ -156.04958, 20.65081 ], [ -156.04958, 20.65074 ], [ -156.04961, 20.65069 ], [ -156.04981, 20.65063 ], [ -156.04993, 20.65062 ], [ -156.04996, 20.65065 ], [ -156.04996, 20.65078 ], [ -156.05, 20.65101 ], [ -156.05004, 20.65106 ], [ -156.05024, 20.6511 ], [ -156.05035, 20.65107 ], [ -156.05044, 20.65095 ], [ -156.0505, 20.65095 ], [ -156.05057, 20.65099 ], [ -156.05063, 20.65113 ], [ -156.05068, 20.65117 ], [ -156.05073, 20.65115 ], [ -156.05075, 20.65109 ], [ -156.05092, 20.65107 ], [ -156.05095, 20.65102 ], [ -156.05113, 20.65084 ], [ -156.05113, 20.65076 ], [ -156.05112, 20.65067 ], [ -156.05114, 20.65064 ], [ -156.05119, 20.65063 ], [ -156.05127, 20.6507 ], [ -156.05127, 20.65085 ], [ -156.05125, 20.65094 ], [ -156.0513, 20.65102 ], [ -156.05135, 20.65102 ], [ -156.05141, 20.65099 ], [ -156.05148, 20.65098 ], [ -156.05154, 20.65103 ], [ -156.05164, 20.65106 ], [ -156.05169, 20.65112 ], [ -156.05169, 20.65116 ], [ -156.05166, 20.65121 ], [ -156.05166, 20.65133 ], [ -156.0517, 20.65137 ], [ -156.05182, 20.65138 ], [ -156.05192, 20.65133 ], [ -156.05193, 20.65126 ], [ -156.0519, 20.65122 ], [ -156.05189, 20.65111 ], [ -156.05194, 20.6511 ], [ -156.05198, 20.65116 ], [ -156.05205, 20.65116 ], [ -156.05211, 20.65122 ], [ -156.05216, 20.65132 ], [ -156.05243, 20.65137 ], [ -156.05262, 20.65136 ], [ -156.05268, 20.6513 ], [ -156.0527, 20.65127 ], [ -156.05276, 20.65126 ], [ -156.05279, 20.65129 ], [ -156.05286, 20.65133 ], [ -156.05296, 20.6513 ], [ -156.05301, 20.65126 ], [ -156.05313, 20.65118 ], [ -156.05322, 20.65117 ], [ -156.0533, 20.65112 ], [ -156.05338, 20.65098 ], [ -156.05349, 20.65087 ], [ -156.0535, 20.65073 ], [ -156.05347, 20.65067 ], [ -156.05339, 20.6505 ], [ -156.05335, 20.65029 ], [ -156.05339, 20.65022 ], [ -156.0534, 20.65013 ], [ -156.05338, 20.6501 ], [ -156.05338, 20.64999 ], [ -156.05342, 20.64998 ], [ -156.05349, 20.65002 ], [ -156.05353, 20.65002 ], [ -156.05353, 20.64997 ], [ -156.05356, 20.64991 ], [ -156.05368, 20.64991 ], [ -156.05376, 20.64996 ], [ -156.05377, 20.65014 ], [ -156.05386, 20.65019 ], [ -156.05393, 20.65015 ], [ -156.05401, 20.65014 ], [ -156.05406, 20.6502 ], [ -156.05406, 20.65032 ], [ -156.05408, 20.6504 ], [ -156.05411, 20.65042 ], [ -156.05421, 20.65045 ], [ -156.05465, 20.65052 ], [ -156.05479, 20.65058 ], [ -156.05498, 20.65063 ], [ -156.05513, 20.65061 ], [ -156.05534, 20.65052 ], [ -156.05563, 20.65032 ], [ -156.05574, 20.65021 ], [ -156.05583, 20.65004 ], [ -156.05584, 20.64995 ], [ -156.05576, 20.64985 ], [ -156.05567, 20.64981 ], [ -156.05566, 20.64977 ], [ -156.05571, 20.6497 ], [ -156.05573, 20.64954 ], [ -156.05577, 20.64953 ], [ -156.05588, 20.64958 ], [ -156.05594, 20.64956 ], [ -156.05597, 20.64946 ], [ -156.05608, 20.64943 ], [ -156.05613, 20.64936 ], [ -156.05615, 20.64883 ], [ -156.05618, 20.64873 ], [ -156.05623, 20.64871 ], [ -156.05637, 20.64869 ], [ -156.05643, 20.64874 ], [ -156.05644, 20.64884 ], [ -156.05647, 20.64891 ], [ -156.05654, 20.64892 ], [ -156.0566, 20.64889 ], [ -156.0566, 20.64877 ], [ -156.05651, 20.64872 ], [ -156.05652, 20.64868 ], [ -156.05652, 20.64855 ], [ -156.05658, 20.64855 ], [ -156.05661, 20.64856 ], [ -156.05666, 20.64863 ], [ -156.0567, 20.64864 ], [ -156.0568, 20.64864 ], [ -156.05686, 20.64867 ], [ -156.05692, 20.64873 ], [ -156.05698, 20.64881 ], [ -156.05706, 20.64892 ], [ -156.0572, 20.64899 ], [ -156.05728, 20.64898 ], [ -156.05738, 20.64891 ], [ -156.05752, 20.64872 ], [ -156.05757, 20.64864 ], [ -156.05758, 20.64852 ], [ -156.05755, 20.64848 ], [ -156.05753, 20.64842 ], [ -156.05759, 20.6484 ], [ -156.05772, 20.6485 ], [ -156.05778, 20.6485 ], [ -156.05782, 20.64847 ], [ -156.05783, 20.64841 ], [ -156.05779, 20.64836 ], [ -156.05779, 20.64833 ], [ -156.05783, 20.64832 ], [ -156.05789, 20.64837 ], [ -156.05804, 20.64853 ], [ -156.05822, 20.64858 ], [ -156.05862, 20.64859 ], [ -156.0588, 20.64851 ], [ -156.05915, 20.64837 ], [ -156.05946, 20.64836 ], [ -156.05948, 20.64833 ], [ -156.0595, 20.64831 ], [ -156.05967, 20.64817 ], [ -156.05977, 20.64813 ], [ -156.05995, 20.64812 ], [ -156.06008, 20.64803 ], [ -156.06024, 20.64799 ], [ -156.06032, 20.6479 ], [ -156.06037, 20.64788 ], [ -156.06046, 20.64788 ], [ -156.06061, 20.64795 ], [ -156.06074, 20.64798 ], [ -156.06094, 20.64796 ], [ -156.06103, 20.64804 ], [ -156.06121, 20.6481 ], [ -156.06144, 20.64819 ], [ -156.06185, 20.64838 ], [ -156.06207, 20.64843 ], [ -156.06219, 20.64846 ], [ -156.06248, 20.64844 ], [ -156.06298, 20.64828 ], [ -156.06334, 20.64812 ], [ -156.06342, 20.64805 ], [ -156.06346, 20.64799 ], [ -156.06352, 20.64768 ], [ -156.06359, 20.64751 ], [ -156.06361, 20.64744 ], [ -156.06362, 20.64726 ], [ -156.06373, 20.64699 ], [ -156.06385, 20.6468 ], [ -156.06389, 20.64676 ], [ -156.0639, 20.64674 ], [ -156.06398, 20.64664 ], [ -156.06414, 20.64642 ], [ -156.06424, 20.64625 ], [ -156.06426, 20.64615 ], [ -156.06434, 20.64616 ], [ -156.06442, 20.64623 ], [ -156.06452, 20.64625 ], [ -156.06457, 20.64632 ], [ -156.06457, 20.6465 ], [ -156.06461, 20.6466 ], [ -156.06464, 20.64662 ], [ -156.06474, 20.64663 ], [ -156.06481, 20.64665 ], [ -156.06485, 20.6467 ], [ -156.0649, 20.64672 ], [ -156.06501, 20.64671 ], [ -156.06503, 20.64668 ], [ -156.06503, 20.64659 ], [ -156.06505, 20.64657 ], [ -156.06528, 20.64655 ], [ -156.06537, 20.64663 ], [ -156.06573, 20.64678 ], [ -156.06633, 20.64697 ], [ -156.06643, 20.64699 ], [ -156.06656, 20.64705 ], [ -156.06662, 20.64713 ], [ -156.06665, 20.64715 ], [ -156.0667, 20.64713 ], [ -156.06674, 20.64708 ], [ -156.06679, 20.64703 ], [ -156.06686, 20.64702 ], [ -156.06694, 20.64695 ], [ -156.06702, 20.64696 ], [ -156.06734, 20.64703 ], [ -156.06745, 20.64701 ], [ -156.06751, 20.64698 ], [ -156.06759, 20.64699 ], [ -156.06767, 20.64706 ], [ -156.06783, 20.64706 ], [ -156.06809, 20.64703 ], [ -156.06818, 20.64707 ], [ -156.06825, 20.64715 ], [ -156.06834, 20.64713 ], [ -156.06837, 20.64706 ], [ -156.06837, 20.64658 ], [ -156.0684, 20.64656 ], [ -156.06846, 20.64657 ], [ -156.06849, 20.64664 ], [ -156.0685, 20.64677 ], [ -156.06854, 20.64685 ], [ -156.06857, 20.64699 ], [ -156.06863, 20.64714 ], [ -156.0687, 20.64723 ], [ -156.06885, 20.64723 ], [ -156.06894, 20.64721 ], [ -156.06905, 20.64709 ], [ -156.0691, 20.6471 ], [ -156.0692, 20.64718 ], [ -156.06927, 20.6472 ], [ -156.06942, 20.64729 ], [ -156.0696, 20.64726 ], [ -156.06965, 20.64721 ], [ -156.06967, 20.64716 ], [ -156.06979, 20.64707 ], [ -156.06981, 20.64703 ], [ -156.06982, 20.64692 ], [ -156.06988, 20.64693 ], [ -156.06991, 20.64698 ], [ -156.06993, 20.64703 ], [ -156.06997, 20.64707 ], [ -156.07004, 20.64707 ], [ -156.07006, 20.6471 ], [ -156.07009, 20.64717 ], [ -156.07012, 20.64721 ], [ -156.07025, 20.64725 ], [ -156.07028, 20.64729 ], [ -156.07029, 20.64735 ], [ -156.07033, 20.64738 ], [ -156.07039, 20.64739 ], [ -156.07048, 20.64734 ], [ -156.07054, 20.64737 ], [ -156.07057, 20.64745 ], [ -156.07065, 20.64748 ], [ -156.07085, 20.64753 ], [ -156.07099, 20.6475 ], [ -156.07105, 20.64746 ], [ -156.07114, 20.64743 ], [ -156.07133, 20.6473 ], [ -156.07144, 20.6473 ], [ -156.07144, 20.64739 ], [ -156.07142, 20.64744 ], [ -156.07152, 20.64746 ], [ -156.07151, 20.64751 ], [ -156.07149, 20.64757 ], [ -156.07152, 20.64763 ], [ -156.0717, 20.64767 ], [ -156.07175, 20.64773 ], [ -156.07176, 20.64775 ], [ -156.07179, 20.64775 ], [ -156.07194, 20.64773 ], [ -156.07206, 20.64783 ], [ -156.07207, 20.64803 ], [ -156.07213, 20.64807 ], [ -156.0726, 20.64794 ], [ -156.07286, 20.64794 ], [ -156.07302, 20.64801 ], [ -156.07315, 20.64816 ], [ -156.07332, 20.64845 ], [ -156.07345, 20.64867 ], [ -156.07347, 20.64874 ], [ -156.07348, 20.64884 ], [ -156.07355, 20.64892 ], [ -156.07374, 20.649 ], [ -156.07383, 20.64907 ], [ -156.07399, 20.64907 ], [ -156.07412, 20.64925 ], [ -156.07421, 20.64953 ], [ -156.07433, 20.64966 ], [ -156.07447, 20.64976 ], [ -156.07456, 20.64979 ], [ -156.07474, 20.64983 ], [ -156.07509, 20.64998 ], [ -156.07544, 20.65018 ], [ -156.07554, 20.65022 ], [ -156.07563, 20.65027 ], [ -156.0758, 20.65031 ], [ -156.07583, 20.65033 ], [ -156.0759, 20.6504 ], [ -156.07617, 20.65053 ], [ -156.07653, 20.6507 ], [ -156.07668, 20.6507 ], [ -156.07696, 20.6508 ], [ -156.07708, 20.65095 ], [ -156.07713, 20.65097 ], [ -156.0773, 20.65094 ], [ -156.07738, 20.65095 ], [ -156.07745, 20.651 ], [ -156.07753, 20.6511 ], [ -156.07766, 20.65117 ], [ -156.07797, 20.65122 ], [ -156.07825, 20.65122 ], [ -156.07868, 20.65117 ], [ -156.0788, 20.65112 ], [ -156.07887, 20.65111 ], [ -156.07895, 20.65107 ], [ -156.07984, 20.65078 ], [ -156.08002, 20.65066 ], [ -156.08018, 20.65057 ], [ -156.08053, 20.65031 ], [ -156.08055, 20.65031 ], [ -156.08061, 20.65028 ], [ -156.08073, 20.6502 ], [ -156.08086, 20.64999 ], [ -156.08101, 20.64974 ], [ -156.08125, 20.64935 ], [ -156.08161, 20.64895 ], [ -156.0819, 20.64868 ], [ -156.08211, 20.64855 ], [ -156.08223, 20.64846 ], [ -156.08261, 20.64822 ], [ -156.08283, 20.64814 ], [ -156.08343, 20.64807 ], [ -156.08379, 20.648 ], [ -156.08398, 20.64793 ], [ -156.08414, 20.64784 ], [ -156.08422, 20.64775 ], [ -156.08427, 20.64771 ], [ -156.08428, 20.64765 ], [ -156.08432, 20.64753 ], [ -156.08441, 20.64725 ], [ -156.08453, 20.64697 ], [ -156.08466, 20.64682 ], [ -156.08486, 20.64674 ], [ -156.08511, 20.64668 ], [ -156.08545, 20.6466 ], [ -156.08564, 20.64649 ], [ -156.08588, 20.64627 ], [ -156.08594, 20.64624 ], [ -156.08594, 20.64622 ], [ -156.08638, 20.6458 ], [ -156.08652, 20.64562 ], [ -156.08659, 20.64549 ], [ -156.0866, 20.64538 ], [ -156.08658, 20.64534 ], [ -156.08637, 20.64516 ], [ -156.08625, 20.64499 ], [ -156.08624, 20.64484 ], [ -156.08625, 20.64478 ], [ -156.08632, 20.64472 ], [ -156.0864, 20.6447 ], [ -156.08649, 20.64477 ], [ -156.08658, 20.64487 ], [ -156.08667, 20.64491 ], [ -156.08688, 20.64491 ], [ -156.087, 20.64482 ], [ -156.08707, 20.64471 ], [ -156.08724, 20.64454 ], [ -156.08742, 20.6444 ], [ -156.08753, 20.64434 ], [ -156.08804, 20.64424 ], [ -156.08818, 20.64419 ], [ -156.08827, 20.64408 ], [ -156.08832, 20.64391 ], [ -156.08839, 20.64374 ], [ -156.08846, 20.64368 ], [ -156.08855, 20.64368 ], [ -156.08863, 20.64369 ], [ -156.08873, 20.64366 ], [ -156.0888, 20.64364 ], [ -156.08921, 20.64378 ], [ -156.08955, 20.64386 ], [ -156.0897, 20.64387 ], [ -156.08982, 20.64381 ], [ -156.09015, 20.64368 ], [ -156.09021, 20.64359 ], [ -156.09027, 20.64353 ], [ -156.09032, 20.64352 ], [ -156.09043, 20.64357 ], [ -156.0907, 20.64357 ], [ -156.09094, 20.64348 ], [ -156.09105, 20.64338 ], [ -156.09116, 20.64325 ], [ -156.09131, 20.64312 ], [ -156.09154, 20.64304 ], [ -156.09178, 20.64293 ], [ -156.09186, 20.64284 ], [ -156.09197, 20.64274 ], [ -156.09227, 20.64269 ], [ -156.0926, 20.64254 ], [ -156.09286, 20.64248 ], [ -156.09289, 20.64244 ], [ -156.09294, 20.64235 ], [ -156.09295, 20.64226 ], [ -156.09309, 20.64225 ], [ -156.09315, 20.64228 ], [ -156.09316, 20.64239 ], [ -156.09323, 20.64246 ], [ -156.09337, 20.64251 ], [ -156.09348, 20.64251 ], [ -156.09361, 20.64242 ], [ -156.09368, 20.64233 ], [ -156.09368, 20.64217 ], [ -156.09367, 20.64197 ], [ -156.09373, 20.6417 ], [ -156.09377, 20.64158 ], [ -156.09379, 20.64144 ], [ -156.09376, 20.64124 ], [ -156.09367, 20.64101 ], [ -156.09367, 20.6409 ], [ -156.09368, 20.64083 ], [ -156.09375, 20.64076 ], [ -156.09381, 20.64076 ], [ -156.09385, 20.64077 ], [ -156.09394, 20.64085 ], [ -156.09406, 20.64104 ], [ -156.09421, 20.64141 ], [ -156.0943, 20.64151 ], [ -156.09437, 20.64154 ], [ -156.09444, 20.64156 ], [ -156.09454, 20.64156 ], [ -156.09478, 20.64152 ], [ -156.09499, 20.6415 ], [ -156.09515, 20.64152 ], [ -156.09602, 20.64154 ], [ -156.09628, 20.64154 ], [ -156.09651, 20.64152 ], [ -156.09673, 20.64151 ], [ -156.09702, 20.64154 ], [ -156.09726, 20.64161 ], [ -156.0977, 20.64184 ], [ -156.09809, 20.64204 ], [ -156.09858, 20.64218 ], [ -156.09916, 20.64219 ], [ -156.09918, 20.64218 ], [ -156.09956, 20.64209 ], [ -156.09988, 20.64197 ], [ -156.09996, 20.6419 ], [ -156.10003, 20.6418 ], [ -156.10007, 20.64163 ], [ -156.10006, 20.64148 ], [ -156.10006, 20.64132 ], [ -156.10013, 20.64127 ], [ -156.10022, 20.64124 ], [ -156.1003, 20.64126 ], [ -156.10035, 20.64131 ], [ -156.10033, 20.6414 ], [ -156.10033, 20.64155 ], [ -156.10038, 20.6416 ], [ -156.10055, 20.6416 ], [ -156.10103, 20.64145 ], [ -156.10131, 20.64133 ], [ -156.10143, 20.64121 ], [ -156.10149, 20.6411 ], [ -156.10165, 20.641 ], [ -156.10189, 20.64095 ], [ -156.10208, 20.64092 ], [ -156.10235, 20.64079 ], [ -156.10257, 20.64063 ], [ -156.10273, 20.64049 ], [ -156.10282, 20.64041 ], [ -156.10291, 20.6404 ], [ -156.10342, 20.6404 ], [ -156.10399, 20.64036 ], [ -156.10419, 20.64031 ], [ -156.10427, 20.64027 ], [ -156.10433, 20.64028 ], [ -156.10443, 20.64035 ], [ -156.10466, 20.64035 ], [ -156.10479, 20.64024 ], [ -156.10487, 20.64022 ], [ -156.10492, 20.64027 ], [ -156.10494, 20.64044 ], [ -156.10497, 20.64045 ], [ -156.10537, 20.64042 ], [ -156.10562, 20.64038 ], [ -156.10577, 20.64027 ], [ -156.10577, 20.64017 ], [ -156.10567, 20.64003 ], [ -156.10567, 20.6399 ], [ -156.10575, 20.63983 ], [ -156.10585, 20.6398 ], [ -156.10592, 20.63981 ], [ -156.106, 20.63987 ], [ -156.106, 20.64002 ], [ -156.10597, 20.6401 ], [ -156.10596, 20.64018 ], [ -156.1062, 20.64037 ], [ -156.10626, 20.64048 ], [ -156.10628, 20.6406 ], [ -156.10629, 20.64082 ], [ -156.10633, 20.64096 ], [ -156.10641, 20.64105 ], [ -156.10645, 20.64107 ], [ -156.10674, 20.64107 ], [ -156.10684, 20.64112 ], [ -156.10689, 20.64117 ], [ -156.10733, 20.64117 ], [ -156.10758, 20.64112 ], [ -156.10773, 20.64106 ], [ -156.10784, 20.64098 ], [ -156.10785, 20.64086 ], [ -156.10791, 20.64077 ], [ -156.10799, 20.64064 ], [ -156.10806, 20.64056 ], [ -156.10847, 20.64038 ], [ -156.10855, 20.64036 ], [ -156.10858, 20.64039 ], [ -156.10858, 20.64048 ], [ -156.10866, 20.64049 ], [ -156.10882, 20.64041 ], [ -156.10885, 20.64038 ], [ -156.10888, 20.64034 ], [ -156.10892, 20.64027 ], [ -156.10892, 20.64016 ], [ -156.10889, 20.64007 ], [ -156.10878, 20.63984 ], [ -156.10877, 20.63974 ], [ -156.10886, 20.63963 ], [ -156.10889, 20.63952 ], [ -156.10897, 20.63951 ], [ -156.10909, 20.6394 ], [ -156.10916, 20.63936 ], [ -156.10921, 20.6394 ], [ -156.10921, 20.63957 ], [ -156.10923, 20.63967 ], [ -156.10928, 20.63978 ], [ -156.1094, 20.63984 ], [ -156.10988, 20.63989 ], [ -156.1105, 20.63986 ], [ -156.11059, 20.63985 ], [ -156.11078, 20.63979 ], [ -156.11086, 20.63969 ], [ -156.11096, 20.63956 ], [ -156.11109, 20.63933 ], [ -156.11125, 20.63901 ], [ -156.11133, 20.6388 ], [ -156.11134, 20.63864 ], [ -156.11131, 20.63852 ], [ -156.11124, 20.63839 ], [ -156.11121, 20.63831 ], [ -156.11109, 20.63806 ], [ -156.11096, 20.63788 ], [ -156.11091, 20.63783 ], [ -156.11082, 20.63773 ], [ -156.1107, 20.63748 ], [ -156.11069, 20.63725 ], [ -156.11071, 20.63714 ], [ -156.11082, 20.63702 ], [ -156.1111, 20.63668 ], [ -156.11128, 20.63645 ], [ -156.11152, 20.63605 ], [ -156.11183, 20.63562 ], [ -156.11207, 20.63532 ], [ -156.11221, 20.63515 ], [ -156.11235, 20.63503 ], [ -156.11248, 20.63491 ], [ -156.11259, 20.63483 ], [ -156.11293, 20.63458 ], [ -156.11299, 20.63456 ], [ -156.11304, 20.6345 ], [ -156.11331, 20.63432 ], [ -156.11356, 20.63417 ], [ -156.11363, 20.63412 ], [ -156.11401, 20.63374 ], [ -156.11409, 20.63365 ], [ -156.11444, 20.63333 ], [ -156.11461, 20.63322 ], [ -156.11539, 20.63292 ], [ -156.11579, 20.63269 ], [ -156.11624, 20.63234 ], [ -156.11688, 20.63178 ], [ -156.11731, 20.63143 ], [ -156.11749, 20.63132 ], [ -156.11776, 20.63109 ], [ -156.11802, 20.63084 ], [ -156.11818, 20.6307 ], [ -156.11829, 20.63058 ], [ -156.11849, 20.63052 ], [ -156.11876, 20.63047 ], [ -156.11887, 20.63042 ], [ -156.11902, 20.63027 ], [ -156.1191, 20.63011 ], [ -156.11915, 20.63008 ], [ -156.11921, 20.63011 ], [ -156.11928, 20.63021 ], [ -156.1196, 20.63018 ], [ -156.11969, 20.63011 ], [ -156.11981, 20.63001 ], [ -156.11984, 20.63002 ], [ -156.11989, 20.63012 ], [ -156.11992, 20.63021 ], [ -156.12, 20.63025 ], [ -156.1201, 20.63025 ], [ -156.12023, 20.63021 ], [ -156.12033, 20.63019 ], [ -156.12039, 20.63027 ], [ -156.1204, 20.63031 ], [ -156.12046, 20.63037 ], [ -156.1208, 20.63043 ], [ -156.12095, 20.63051 ], [ -156.12106, 20.63059 ], [ -156.12136, 20.63077 ], [ -156.12168, 20.63087 ], [ -156.12201, 20.63087 ], [ -156.12227, 20.63083 ], [ -156.12265, 20.6307 ], [ -156.12326, 20.63044 ], [ -156.12386, 20.63006 ], [ -156.12421, 20.6298 ], [ -156.12467, 20.62938 ], [ -156.12483, 20.62918 ], [ -156.125, 20.6289 ], [ -156.12506, 20.62881 ], [ -156.12513, 20.62869 ], [ -156.12513, 20.62859 ], [ -156.12518, 20.6285 ], [ -156.12513, 20.62844 ], [ -156.12501, 20.62836 ], [ -156.12497, 20.6283 ], [ -156.12497, 20.62818 ], [ -156.12502, 20.62813 ], [ -156.12495, 20.62794 ], [ -156.12496, 20.6278 ], [ -156.12498, 20.62778 ], [ -156.12511, 20.62774 ], [ -156.12517, 20.62774 ], [ -156.1254, 20.62781 ], [ -156.12548, 20.62779 ], [ -156.12557, 20.62771 ], [ -156.12564, 20.62768 ], [ -156.1257, 20.62761 ], [ -156.12571, 20.62753 ], [ -156.12598, 20.62738 ], [ -156.12611, 20.62731 ], [ -156.1261, 20.62726 ], [ -156.12597, 20.62715 ], [ -156.1259, 20.6271 ], [ -156.12589, 20.62701 ], [ -156.12598, 20.62697 ], [ -156.12619, 20.62697 ], [ -156.12628, 20.62693 ], [ -156.12641, 20.62678 ], [ -156.12642, 20.62669 ], [ -156.12638, 20.62664 ], [ -156.12634, 20.62653 ], [ -156.12631, 20.62649 ], [ -156.12637, 20.62642 ], [ -156.12658, 20.62661 ], [ -156.12664, 20.62662 ], [ -156.12671, 20.6266 ], [ -156.12676, 20.62655 ], [ -156.12678, 20.62647 ], [ -156.12698, 20.62631 ], [ -156.12704, 20.62628 ], [ -156.12704, 20.62622 ], [ -156.12701, 20.6262 ], [ -156.12701, 20.62609 ], [ -156.12704, 20.62608 ], [ -156.12708, 20.62609 ], [ -156.1272, 20.62616 ], [ -156.12725, 20.62616 ], [ -156.12731, 20.62608 ], [ -156.12731, 20.626 ], [ -156.12727, 20.62593 ], [ -156.12728, 20.6258 ], [ -156.1273, 20.62576 ], [ -156.12729, 20.62554 ], [ -156.12734, 20.62541 ], [ -156.12738, 20.62504 ], [ -156.12739, 20.62471 ], [ -156.12739, 20.62453 ], [ -156.12734, 20.62443 ], [ -156.12721, 20.62432 ], [ -156.12708, 20.62423 ], [ -156.12708, 20.62415 ], [ -156.12719, 20.62405 ], [ -156.12737, 20.62392 ], [ -156.12758, 20.62364 ], [ -156.12766, 20.62343 ], [ -156.1277, 20.6234 ], [ -156.1278, 20.62335 ], [ -156.12789, 20.62318 ], [ -156.12795, 20.6231 ], [ -156.12801, 20.6231 ], [ -156.12819, 20.6232 ], [ -156.12828, 20.62322 ], [ -156.12859, 20.62319 ], [ -156.12874, 20.62315 ], [ -156.12888, 20.62316 ], [ -156.129, 20.62322 ], [ -156.12907, 20.62328 ], [ -156.12933, 20.62325 ], [ -156.12953, 20.62319 ], [ -156.1298, 20.62317 ], [ -156.12986, 20.62318 ], [ -156.13007, 20.62312 ], [ -156.13028, 20.62323 ], [ -156.13086, 20.6236 ], [ -156.13138, 20.62386 ], [ -156.13195, 20.62404 ], [ -156.13241, 20.62422 ], [ -156.13256, 20.62425 ], [ -156.13278, 20.62423 ], [ -156.13281, 20.6242 ], [ -156.1328, 20.62411 ], [ -156.13278, 20.62409 ], [ -156.13278, 20.62397 ], [ -156.13282, 20.62393 ], [ -156.13288, 20.62395 ], [ -156.13314, 20.62419 ], [ -156.13322, 20.62421 ], [ -156.13341, 20.62416 ], [ -156.13359, 20.624 ], [ -156.13361, 20.62397 ], [ -156.1336, 20.62388 ], [ -156.13348, 20.62371 ], [ -156.13346, 20.62361 ], [ -156.13344, 20.6235 ], [ -156.13346, 20.62336 ], [ -156.13353, 20.62338 ], [ -156.1336, 20.62344 ], [ -156.13362, 20.62353 ], [ -156.13362, 20.62356 ], [ -156.13368, 20.6236 ], [ -156.13374, 20.62359 ], [ -156.1337, 20.62349 ], [ -156.13371, 20.62343 ], [ -156.13374, 20.62343 ], [ -156.13379, 20.62349 ], [ -156.13389, 20.62351 ], [ -156.13392, 20.62353 ], [ -156.13392, 20.62365 ], [ -156.13398, 20.6237 ], [ -156.13415, 20.62378 ], [ -156.13422, 20.62386 ], [ -156.13431, 20.62389 ], [ -156.13436, 20.62387 ], [ -156.13438, 20.62382 ], [ -156.13438, 20.62373 ], [ -156.13425, 20.6235 ], [ -156.13427, 20.62346 ], [ -156.1343, 20.62346 ], [ -156.13436, 20.62352 ], [ -156.13435, 20.62353 ], [ -156.13444, 20.62364 ], [ -156.13448, 20.62368 ], [ -156.13468, 20.62377 ], [ -156.13482, 20.62377 ], [ -156.13486, 20.62371 ], [ -156.13492, 20.6235 ], [ -156.13495, 20.62345 ], [ -156.13503, 20.62342 ], [ -156.13513, 20.62347 ], [ -156.13522, 20.62345 ], [ -156.13526, 20.62339 ], [ -156.13528, 20.62327 ], [ -156.13532, 20.62318 ], [ -156.1353, 20.62301 ], [ -156.13525, 20.62287 ], [ -156.13522, 20.6227 ], [ -156.13507, 20.62231 ], [ -156.13489, 20.62199 ], [ -156.13481, 20.62171 ], [ -156.13471, 20.62152 ], [ -156.13462, 20.6214 ], [ -156.13459, 20.62131 ], [ -156.1346, 20.6212 ], [ -156.13469, 20.62113 ], [ -156.13474, 20.62113 ], [ -156.13485, 20.62117 ], [ -156.13499, 20.62115 ], [ -156.13507, 20.62104 ], [ -156.13514, 20.62092 ], [ -156.13534, 20.62073 ], [ -156.13541, 20.62066 ], [ -156.13544, 20.62061 ], [ -156.13557, 20.62051 ], [ -156.13566, 20.6204 ], [ -156.13583, 20.62024 ], [ -156.13585, 20.62017 ], [ -156.13579, 20.6201 ], [ -156.13554, 20.62 ], [ -156.13555, 20.61991 ], [ -156.13562, 20.61982 ], [ -156.13574, 20.61977 ], [ -156.1358, 20.61982 ], [ -156.13585, 20.6199 ], [ -156.13595, 20.61999 ], [ -156.13623, 20.62007 ], [ -156.13635, 20.62011 ], [ -156.13645, 20.62021 ], [ -156.13653, 20.62034 ], [ -156.13659, 20.62053 ], [ -156.13665, 20.62073 ], [ -156.13666, 20.62111 ], [ -156.13666, 20.62129 ], [ -156.13668, 20.62135 ], [ -156.13679, 20.62143 ], [ -156.13689, 20.62148 ], [ -156.1371, 20.62155 ], [ -156.13739, 20.62168 ], [ -156.13768, 20.62171 ], [ -156.13844, 20.62169 ], [ -156.13908, 20.62155 ], [ -156.13933, 20.62145 ], [ -156.13948, 20.62134 ], [ -156.13953, 20.62126 ], [ -156.13959, 20.62105 ], [ -156.13959, 20.62093 ], [ -156.13971, 20.6208 ], [ -156.13971, 20.62069 ], [ -156.13968, 20.6206 ], [ -156.13963, 20.62052 ], [ -156.13963, 20.62038 ], [ -156.13969, 20.62038 ], [ -156.13977, 20.62044 ], [ -156.13984, 20.62043 ], [ -156.13995, 20.62032 ], [ -156.13999, 20.62029 ], [ -156.14019, 20.62024 ], [ -156.14023, 20.62019 ], [ -156.14023, 20.62009 ], [ -156.14021, 20.62006 ], [ -156.14014, 20.61972 ], [ -156.14007, 20.61968 ], [ -156.13999, 20.61968 ], [ -156.13978, 20.61971 ], [ -156.13967, 20.61971 ], [ -156.13959, 20.61968 ], [ -156.1395, 20.61956 ], [ -156.13943, 20.61934 ], [ -156.1394, 20.6193 ], [ -156.13935, 20.61917 ], [ -156.13928, 20.61905 ], [ -156.13928, 20.61902 ], [ -156.13925, 20.61898 ], [ -156.13921, 20.61884 ], [ -156.13922, 20.61882 ], [ -156.13931, 20.61885 ], [ -156.13946, 20.61885 ], [ -156.13949, 20.61888 ], [ -156.13942, 20.61899 ], [ -156.13943, 20.61909 ], [ -156.13955, 20.61924 ], [ -156.13963, 20.61928 ], [ -156.13983, 20.61926 ], [ -156.13992, 20.61921 ], [ -156.14, 20.61911 ], [ -156.14002, 20.61905 ], [ -156.14001, 20.61895 ], [ -156.13995, 20.61885 ], [ -156.13977, 20.61869 ], [ -156.13974, 20.61862 ], [ -156.13975, 20.61847 ], [ -156.13986, 20.61832 ], [ -156.13996, 20.61823 ], [ -156.14021, 20.61815 ], [ -156.14026, 20.61815 ], [ -156.14032, 20.61818 ], [ -156.14042, 20.6183 ], [ -156.14049, 20.61844 ], [ -156.14052, 20.61855 ], [ -156.14064, 20.6188 ], [ -156.14076, 20.61897 ], [ -156.1408, 20.61909 ], [ -156.14081, 20.61944 ], [ -156.14086, 20.61972 ], [ -156.14089, 20.61977 ], [ -156.14102, 20.61989 ], [ -156.14123, 20.62004 ], [ -156.14139, 20.62022 ], [ -156.14153, 20.62044 ], [ -156.14162, 20.6206 ], [ -156.14166, 20.62072 ], [ -156.1417, 20.62079 ], [ -156.14179, 20.62089 ], [ -156.14187, 20.62093 ], [ -156.14199, 20.62107 ], [ -156.14212, 20.6213 ], [ -156.1422, 20.62156 ], [ -156.14225, 20.62172 ], [ -156.14237, 20.62192 ], [ -156.14265, 20.62225 ], [ -156.14293, 20.62266 ], [ -156.14309, 20.62289 ], [ -156.14313, 20.62297 ], [ -156.14323, 20.62306 ], [ -156.14347, 20.62321 ], [ -156.14356, 20.62333 ], [ -156.14365, 20.62356 ], [ -156.14392, 20.62384 ], [ -156.14404, 20.62402 ], [ -156.14417, 20.62426 ], [ -156.1442, 20.62437 ], [ -156.14426, 20.62447 ], [ -156.14438, 20.62462 ], [ -156.14444, 20.62472 ], [ -156.14458, 20.62506 ], [ -156.14468, 20.62529 ], [ -156.14476, 20.62539 ], [ -156.14495, 20.62555 ], [ -156.14516, 20.62566 ], [ -156.14541, 20.62572 ], [ -156.14576, 20.62569 ], [ -156.14599, 20.62564 ], [ -156.14689, 20.62532 ], [ -156.14703, 20.62528 ], [ -156.14713, 20.62529 ], [ -156.14732, 20.62538 ], [ -156.14744, 20.62547 ], [ -156.14752, 20.62549 ], [ -156.14766, 20.62559 ], [ -156.14773, 20.62561 ], [ -156.14826, 20.62555 ], [ -156.14873, 20.62556 ], [ -156.14931, 20.62562 ], [ -156.15001, 20.62575 ], [ -156.15037, 20.62579 ], [ -156.15066, 20.62579 ], [ -156.15096, 20.62584 ], [ -156.15136, 20.62581 ], [ -156.15216, 20.62582 ], [ -156.15262, 20.62589 ], [ -156.15288, 20.62594 ], [ -156.1532, 20.62605 ], [ -156.15366, 20.62625 ], [ -156.15396, 20.62631 ], [ -156.15411, 20.62633 ], [ -156.15438, 20.62633 ], [ -156.15464, 20.62629 ], [ -156.1549, 20.62618 ], [ -156.15525, 20.62593 ], [ -156.15547, 20.62573 ], [ -156.15549, 20.62573 ], [ -156.1555, 20.62569 ], [ -156.15568, 20.62551 ], [ -156.15578, 20.62543 ], [ -156.15598, 20.62537 ], [ -156.15641, 20.62522 ], [ -156.1571, 20.62488 ], [ -156.15726, 20.62477 ], [ -156.15746, 20.62459 ], [ -156.15749, 20.62454 ], [ -156.15754, 20.62448 ], [ -156.15772, 20.62446 ], [ -156.15778, 20.62444 ], [ -156.15797, 20.62434 ], [ -156.15839, 20.62413 ], [ -156.15881, 20.62403 ], [ -156.15908, 20.62391 ], [ -156.15927, 20.62377 ], [ -156.15938, 20.62368 ], [ -156.15969, 20.62358 ], [ -156.15998, 20.62347 ], [ -156.16011, 20.62339 ], [ -156.16057, 20.62315 ], [ -156.16102, 20.62298 ], [ -156.16175, 20.62264 ], [ -156.16222, 20.62241 ], [ -156.16244, 20.62226 ], [ -156.16253, 20.62218 ], [ -156.16256, 20.62211 ], [ -156.16259, 20.62191 ], [ -156.16266, 20.62179 ], [ -156.16268, 20.62165 ], [ -156.16272, 20.62161 ], [ -156.16287, 20.62161 ], [ -156.16293, 20.62157 ], [ -156.16294, 20.62147 ], [ -156.1629, 20.62137 ], [ -156.16289, 20.62121 ], [ -156.16293, 20.62111 ], [ -156.16296, 20.62095 ], [ -156.16296, 20.62082 ], [ -156.16299, 20.62069 ], [ -156.16306, 20.62061 ], [ -156.16317, 20.62058 ], [ -156.16329, 20.6206 ], [ -156.16338, 20.62067 ], [ -156.16347, 20.62084 ], [ -156.16351, 20.62088 ], [ -156.16357, 20.62089 ], [ -156.16361, 20.62087 ], [ -156.16371, 20.62076 ], [ -156.16384, 20.62073 ], [ -156.1639, 20.62067 ], [ -156.16395, 20.62066 ], [ -156.16402, 20.6207 ], [ -156.16408, 20.62077 ], [ -156.16409, 20.62102 ], [ -156.16412, 20.62105 ], [ -156.16417, 20.62105 ], [ -156.1642, 20.62103 ], [ -156.16435, 20.6208 ], [ -156.16448, 20.62078 ], [ -156.16459, 20.62078 ], [ -156.16471, 20.62083 ], [ -156.16481, 20.62091 ], [ -156.16481, 20.6211 ], [ -156.16496, 20.62111 ], [ -156.16502, 20.62112 ], [ -156.16512, 20.62123 ], [ -156.16518, 20.62136 ], [ -156.16518, 20.62152 ], [ -156.16517, 20.6216 ], [ -156.16521, 20.62176 ], [ -156.16525, 20.62195 ], [ -156.16529, 20.62205 ], [ -156.1653, 20.62216 ], [ -156.16528, 20.6222 ], [ -156.1652, 20.6225 ], [ -156.16519, 20.62264 ], [ -156.16516, 20.62276 ], [ -156.165, 20.62291 ], [ -156.16495, 20.62301 ], [ -156.16493, 20.62317 ], [ -156.16496, 20.62323 ], [ -156.16502, 20.62334 ], [ -156.16517, 20.62353 ], [ -156.16548, 20.62383 ], [ -156.16568, 20.62395 ], [ -156.16602, 20.62411 ], [ -156.16627, 20.62416 ], [ -156.16657, 20.62417 ], [ -156.16673, 20.62415 ], [ -156.16693, 20.62407 ], [ -156.16705, 20.62399 ], [ -156.16715, 20.62389 ], [ -156.1672, 20.62378 ], [ -156.16721, 20.62367 ], [ -156.16725, 20.62359 ], [ -156.1676, 20.62331 ], [ -156.16773, 20.62327 ], [ -156.16793, 20.62325 ], [ -156.16798, 20.6233 ], [ -156.16802, 20.62339 ], [ -156.16812, 20.62345 ], [ -156.16839, 20.62362 ], [ -156.16849, 20.62361 ], [ -156.16854, 20.62351 ], [ -156.16853, 20.62338 ], [ -156.1685, 20.62331 ], [ -156.16851, 20.62314 ], [ -156.16866, 20.623 ], [ -156.16873, 20.62289 ], [ -156.16877, 20.62282 ], [ -156.16884, 20.62276 ], [ -156.16897, 20.62276 ], [ -156.16914, 20.62282 ], [ -156.16933, 20.62298 ], [ -156.16938, 20.62301 ], [ -156.16957, 20.62299 ], [ -156.16961, 20.62294 ], [ -156.16957, 20.62286 ], [ -156.16945, 20.62272 ], [ -156.16942, 20.62266 ], [ -156.16943, 20.62255 ], [ -156.16948, 20.6225 ], [ -156.16959, 20.62243 ], [ -156.17011, 20.62218 ], [ -156.17024, 20.62221 ], [ -156.17033, 20.62219 ], [ -156.17035, 20.62218 ], [ -156.17033, 20.62212 ], [ -156.17025, 20.62199 ], [ -156.17017, 20.6217 ], [ -156.17012, 20.62157 ], [ -156.17012, 20.62127 ], [ -156.17015, 20.62123 ], [ -156.17018, 20.62113 ], [ -156.17029, 20.62107 ], [ -156.17039, 20.62105 ], [ -156.17052, 20.62109 ], [ -156.1706, 20.62108 ], [ -156.17057, 20.62089 ], [ -156.1706, 20.62084 ], [ -156.17087, 20.6209 ], [ -156.17142, 20.62113 ], [ -156.17151, 20.62112 ], [ -156.17154, 20.62109 ], [ -156.17154, 20.62105 ], [ -156.17137, 20.62089 ], [ -156.17137, 20.62083 ], [ -156.17141, 20.62081 ], [ -156.1715, 20.62082 ], [ -156.17171, 20.62092 ], [ -156.1719, 20.62103 ], [ -156.17196, 20.62105 ], [ -156.17203, 20.62105 ], [ -156.17203, 20.62098 ], [ -156.17199, 20.62091 ], [ -156.17201, 20.62081 ], [ -156.17211, 20.62081 ], [ -156.17243, 20.62096 ], [ -156.17264, 20.62102 ], [ -156.17267, 20.62106 ], [ -156.17267, 20.62119 ], [ -156.1727, 20.62124 ], [ -156.17278, 20.62132 ], [ -156.17278, 20.62146 ], [ -156.17274, 20.6216 ], [ -156.17275, 20.62177 ], [ -156.17285, 20.62193 ], [ -156.17289, 20.62215 ], [ -156.1729, 20.62233 ], [ -156.17292, 20.62237 ], [ -156.17296, 20.62241 ], [ -156.17303, 20.6224 ], [ -156.17312, 20.62231 ], [ -156.17323, 20.62206 ], [ -156.17327, 20.62189 ], [ -156.17333, 20.62178 ], [ -156.17347, 20.62166 ], [ -156.17375, 20.62157 ], [ -156.174, 20.62152 ], [ -156.1741, 20.62153 ], [ -156.1743, 20.62158 ], [ -156.17437, 20.62162 ], [ -156.17445, 20.62169 ], [ -156.17454, 20.62167 ], [ -156.17462, 20.62161 ], [ -156.17468, 20.62152 ], [ -156.17482, 20.6214 ], [ -156.17492, 20.62137 ], [ -156.17494, 20.62139 ], [ -156.17496, 20.62161 ], [ -156.17506, 20.6217 ], [ -156.17526, 20.62178 ], [ -156.17551, 20.62183 ], [ -156.1756, 20.62188 ], [ -156.17566, 20.62195 ], [ -156.17593, 20.62197 ], [ -156.17648, 20.62217 ], [ -156.17669, 20.6223 ], [ -156.17693, 20.62256 ], [ -156.17729, 20.62284 ], [ -156.17733, 20.62291 ], [ -156.17725, 20.62308 ], [ -156.17725, 20.62313 ], [ -156.17746, 20.62323 ], [ -156.17756, 20.62328 ], [ -156.17778, 20.62348 ], [ -156.17784, 20.6236 ], [ -156.17787, 20.62374 ], [ -156.1778, 20.62388 ], [ -156.1776, 20.62415 ], [ -156.17731, 20.62444 ], [ -156.17724, 20.62457 ], [ -156.17724, 20.62461 ], [ -156.1773, 20.62463 ], [ -156.17763, 20.62473 ], [ -156.17777, 20.6248 ], [ -156.17787, 20.62491 ], [ -156.1779, 20.62501 ], [ -156.17793, 20.62513 ], [ -156.17791, 20.62543 ], [ -156.17788, 20.62564 ], [ -156.17784, 20.62594 ], [ -156.17778, 20.62612 ], [ -156.17775, 20.62632 ], [ -156.17773, 20.6265 ], [ -156.1778, 20.62657 ], [ -156.1783, 20.62685 ], [ -156.17873, 20.627 ], [ -156.17922, 20.62712 ], [ -156.17978, 20.62715 ], [ -156.18017, 20.62713 ], [ -156.18034, 20.62709 ], [ -156.18041, 20.62702 ], [ -156.18047, 20.6269 ], [ -156.1806, 20.62676 ], [ -156.18068, 20.62672 ], [ -156.18087, 20.62671 ], [ -156.18095, 20.62661 ], [ -156.18099, 20.62655 ], [ -156.18108, 20.62653 ], [ -156.18119, 20.62656 ], [ -156.18235, 20.62649 ], [ -156.18335, 20.62646 ], [ -156.18366, 20.62641 ], [ -156.18438, 20.62638 ], [ -156.18458, 20.62642 ], [ -156.18556, 20.62661 ], [ -156.18605, 20.62672 ], [ -156.18678, 20.62694 ], [ -156.18707, 20.62699 ], [ -156.18714, 20.62707 ], [ -156.18718, 20.62727 ], [ -156.18723, 20.62736 ], [ -156.1874, 20.62743 ], [ -156.18744, 20.62751 ], [ -156.18747, 20.62766 ], [ -156.18751, 20.62779 ], [ -156.18756, 20.62786 ], [ -156.18772, 20.628 ], [ -156.18803, 20.62811 ], [ -156.18814, 20.62813 ], [ -156.18882, 20.62829 ], [ -156.18935, 20.62842 ], [ -156.18962, 20.62846 ], [ -156.19001, 20.6285 ], [ -156.19025, 20.62854 ], [ -156.19199, 20.62849 ], [ -156.19264, 20.62841 ], [ -156.1936, 20.62832 ], [ -156.19364, 20.6283 ], [ -156.1939, 20.62818 ], [ -156.19406, 20.62815 ], [ -156.19456, 20.62814 ], [ -156.19467, 20.62811 ], [ -156.19506, 20.62796 ], [ -156.19593, 20.62773 ], [ -156.19645, 20.6275 ], [ -156.1965, 20.62749 ], [ -156.19706, 20.62733 ], [ -156.19769, 20.62717 ], [ -156.19792, 20.62707 ], [ -156.19797, 20.62697 ], [ -156.198, 20.62694 ], [ -156.19807, 20.62693 ], [ -156.1982, 20.62703 ], [ -156.19826, 20.62702 ], [ -156.19845, 20.62694 ], [ -156.19851, 20.62681 ], [ -156.19858, 20.62679 ], [ -156.19863, 20.62678 ], [ -156.1988, 20.62692 ], [ -156.1989, 20.62698 ], [ -156.19912, 20.62705 ], [ -156.19915, 20.62711 ], [ -156.19917, 20.62717 ], [ -156.19921, 20.62724 ], [ -156.19932, 20.62728 ], [ -156.19948, 20.62729 ], [ -156.20003, 20.62724 ], [ -156.20045, 20.62718 ], [ -156.20082, 20.62707 ], [ -156.20107, 20.62697 ], [ -156.20136, 20.62687 ], [ -156.20173, 20.62673 ], [ -156.20218, 20.62655 ], [ -156.20266, 20.62633 ], [ -156.20291, 20.62619 ], [ -156.20295, 20.62613 ], [ -156.20296, 20.62596 ], [ -156.203, 20.62592 ], [ -156.20309, 20.62591 ], [ -156.20312, 20.62593 ], [ -156.20326, 20.62607 ], [ -156.20333, 20.62607 ], [ -156.20355, 20.62591 ], [ -156.2036, 20.62583 ], [ -156.20361, 20.62554 ], [ -156.20364, 20.62547 ], [ -156.20375, 20.62542 ], [ -156.2039, 20.62539 ], [ -156.20403, 20.62533 ], [ -156.20421, 20.62517 ], [ -156.20436, 20.62502 ], [ -156.20447, 20.62496 ], [ -156.20466, 20.62494 ], [ -156.20495, 20.62493 ], [ -156.2052, 20.62487 ], [ -156.2053, 20.62485 ], [ -156.20538, 20.62487 ], [ -156.20552, 20.62486 ], [ -156.20565, 20.62478 ], [ -156.20571, 20.62476 ], [ -156.20579, 20.62477 ], [ -156.20595, 20.62477 ], [ -156.20619, 20.62469 ], [ -156.20641, 20.62457 ], [ -156.20646, 20.62452 ], [ -156.20648, 20.62446 ], [ -156.20651, 20.62442 ], [ -156.20657, 20.62443 ], [ -156.20661, 20.62449 ], [ -156.20665, 20.62463 ], [ -156.20667, 20.62474 ], [ -156.20673, 20.6249 ], [ -156.2068, 20.62499 ], [ -156.20696, 20.62507 ], [ -156.20761, 20.6251 ], [ -156.2079, 20.62508 ], [ -156.20811, 20.62502 ], [ -156.20859, 20.62496 ], [ -156.20887, 20.62491 ], [ -156.20911, 20.6248 ], [ -156.20948, 20.62463 ], [ -156.20976, 20.62459 ], [ -156.20988, 20.62457 ], [ -156.20991, 20.62457 ], [ -156.20993, 20.62455 ], [ -156.21001, 20.62453 ], [ -156.21031, 20.62441 ], [ -156.2107, 20.62431 ], [ -156.21084, 20.62423 ], [ -156.2109, 20.62409 ], [ -156.21094, 20.62404 ], [ -156.21101, 20.62403 ], [ -156.2112, 20.62422 ], [ -156.21127, 20.62425 ], [ -156.21141, 20.62426 ], [ -156.21172, 20.6242 ], [ -156.21188, 20.62414 ], [ -156.21192, 20.62409 ], [ -156.21192, 20.62403 ], [ -156.21187, 20.62385 ], [ -156.21185, 20.62367 ], [ -156.21188, 20.62364 ], [ -156.21195, 20.62363 ], [ -156.21198, 20.62366 ], [ -156.21208, 20.62385 ], [ -156.21216, 20.62391 ], [ -156.21227, 20.62391 ], [ -156.21232, 20.62386 ], [ -156.21242, 20.62369 ], [ -156.21254, 20.62356 ], [ -156.21281, 20.62348 ], [ -156.21306, 20.62335 ], [ -156.21325, 20.62321 ], [ -156.21343, 20.62304 ], [ -156.21354, 20.62289 ], [ -156.21363, 20.62274 ], [ -156.21367, 20.62262 ], [ -156.21366, 20.6225 ], [ -156.21359, 20.62237 ], [ -156.21332, 20.62201 ], [ -156.21332, 20.62196 ], [ -156.21343, 20.62197 ], [ -156.21349, 20.62199 ], [ -156.21364, 20.62214 ], [ -156.21378, 20.62227 ], [ -156.21399, 20.62241 ], [ -156.21411, 20.62241 ], [ -156.21421, 20.62234 ], [ -156.21426, 20.62234 ], [ -156.21429, 20.62237 ], [ -156.21437, 20.62244 ], [ -156.2146, 20.62254 ], [ -156.21478, 20.62257 ], [ -156.21525, 20.62255 ], [ -156.21543, 20.62251 ], [ -156.21571, 20.62241 ], [ -156.21604, 20.62231 ], [ -156.21613, 20.62226 ], [ -156.21616, 20.62215 ], [ -156.21619, 20.62213 ], [ -156.21624, 20.62216 ], [ -156.21641, 20.62214 ], [ -156.2165, 20.62209 ], [ -156.2165, 20.622 ], [ -156.21647, 20.62195 ], [ -156.21647, 20.62175 ], [ -156.21653, 20.62174 ], [ -156.21668, 20.62188 ], [ -156.2168, 20.62194 ], [ -156.21692, 20.62195 ], [ -156.21702, 20.6219 ], [ -156.21714, 20.62178 ], [ -156.21723, 20.62168 ], [ -156.21732, 20.62159 ], [ -156.2175, 20.62158 ], [ -156.21759, 20.62159 ], [ -156.21769, 20.6215 ], [ -156.21776, 20.62137 ], [ -156.2179, 20.62112 ], [ -156.218, 20.62083 ], [ -156.21801, 20.62059 ], [ -156.21805, 20.62053 ], [ -156.21812, 20.62053 ], [ -156.21835, 20.6207 ], [ -156.21847, 20.62074 ], [ -156.21868, 20.62075 ], [ -156.21873, 20.6207 ], [ -156.21871, 20.62051 ], [ -156.21871, 20.62029 ], [ -156.21883, 20.62016 ], [ -156.21892, 20.62 ], [ -156.21896, 20.61996 ], [ -156.21909, 20.61994 ], [ -156.21942, 20.61993 ], [ -156.21947, 20.61991 ], [ -156.21959, 20.61983 ], [ -156.21965, 20.61981 ], [ -156.2198, 20.61987 ], [ -156.21993, 20.6199 ], [ -156.22027, 20.61986 ], [ -156.22062, 20.61978 ], [ -156.22086, 20.61989 ], [ -156.22107, 20.61987 ], [ -156.22161, 20.61968 ], [ -156.22217, 20.61959 ], [ -156.22223, 20.61958 ], [ -156.22223, 20.61955 ], [ -156.22231, 20.61948 ], [ -156.22273, 20.61906 ], [ -156.22316, 20.61865 ], [ -156.22344, 20.61838 ], [ -156.22361, 20.61822 ], [ -156.22366, 20.61812 ], [ -156.2237, 20.61796 ], [ -156.22382, 20.61772 ], [ -156.22395, 20.61742 ], [ -156.22403, 20.61723 ], [ -156.22403, 20.61713 ], [ -156.224, 20.61707 ], [ -156.22398, 20.61702 ], [ -156.22388, 20.61685 ], [ -156.22386, 20.61676 ], [ -156.22388, 20.61674 ], [ -156.22394, 20.61674 ], [ -156.22417, 20.61679 ], [ -156.22429, 20.61681 ], [ -156.22437, 20.61677 ], [ -156.22448, 20.61667 ], [ -156.22447, 20.61658 ], [ -156.22443, 20.61646 ], [ -156.22434, 20.61621 ], [ -156.22434, 20.61601 ], [ -156.22438, 20.61598 ], [ -156.22455, 20.61601 ], [ -156.2247, 20.61601 ], [ -156.22488, 20.61591 ], [ -156.22514, 20.61575 ], [ -156.22519, 20.61575 ], [ -156.22527, 20.61578 ], [ -156.2254, 20.61579 ], [ -156.22549, 20.61575 ], [ -156.22557, 20.61574 ], [ -156.22564, 20.61581 ], [ -156.22574, 20.61581 ], [ -156.22598, 20.61575 ], [ -156.22604, 20.61573 ], [ -156.226, 20.61565 ], [ -156.226, 20.6156 ], [ -156.22604, 20.61557 ], [ -156.22613, 20.61556 ], [ -156.2263, 20.61562 ], [ -156.2264, 20.61564 ], [ -156.22648, 20.61557 ], [ -156.22654, 20.6154 ], [ -156.22662, 20.61535 ], [ -156.22687, 20.61535 ], [ -156.22694, 20.61533 ], [ -156.227, 20.61531 ], [ -156.227, 20.61528 ], [ -156.22712, 20.61519 ], [ -156.22737, 20.61488 ], [ -156.22753, 20.61471 ], [ -156.22757, 20.61461 ], [ -156.22732, 20.61415 ], [ -156.22733, 20.61408 ], [ -156.22742, 20.61409 ], [ -156.2275, 20.6141 ], [ -156.22761, 20.61408 ], [ -156.22781, 20.61381 ], [ -156.22785, 20.6138 ], [ -156.228, 20.61381 ], [ -156.22808, 20.61384 ], [ -156.22813, 20.61391 ], [ -156.22816, 20.61398 ], [ -156.22818, 20.61414 ], [ -156.2282, 20.61416 ], [ -156.22826, 20.61414 ], [ -156.22837, 20.61394 ], [ -156.22842, 20.61375 ], [ -156.22845, 20.6137 ], [ -156.22853, 20.61371 ], [ -156.22864, 20.61372 ], [ -156.22876, 20.61371 ], [ -156.22881, 20.61368 ], [ -156.22883, 20.61363 ], [ -156.22883, 20.61358 ], [ -156.22874, 20.6135 ], [ -156.22869, 20.61348 ], [ -156.22863, 20.61341 ], [ -156.22863, 20.61329 ], [ -156.2287, 20.61325 ], [ -156.22877, 20.61325 ], [ -156.2288, 20.61326 ], [ -156.22896, 20.61342 ], [ -156.22909, 20.61343 ], [ -156.22911, 20.61339 ], [ -156.22909, 20.61335 ], [ -156.22909, 20.61322 ], [ -156.22911, 20.6132 ], [ -156.22916, 20.6132 ], [ -156.22921, 20.61325 ], [ -156.22922, 20.61344 ], [ -156.22933, 20.61353 ], [ -156.22942, 20.61356 ], [ -156.22949, 20.61353 ], [ -156.22955, 20.61345 ], [ -156.22961, 20.61337 ], [ -156.22972, 20.61328 ], [ -156.22984, 20.61322 ], [ -156.23016, 20.61317 ], [ -156.23029, 20.61301 ], [ -156.23036, 20.61297 ], [ -156.23045, 20.61298 ], [ -156.23062, 20.61304 ], [ -156.23078, 20.61302 ], [ -156.23081, 20.61296 ], [ -156.23072, 20.61285 ], [ -156.23063, 20.61277 ], [ -156.23064, 20.61266 ], [ -156.23071, 20.61257 ], [ -156.23074, 20.61248 ], [ -156.23075, 20.61241 ], [ -156.23093, 20.61228 ], [ -156.23098, 20.61228 ], [ -156.23105, 20.61234 ], [ -156.23115, 20.61234 ], [ -156.23143, 20.61231 ], [ -156.23178, 20.61238 ], [ -156.23218, 20.61239 ], [ -156.23227, 20.61237 ], [ -156.23254, 20.61256 ], [ -156.23262, 20.61261 ], [ -156.23268, 20.61259 ], [ -156.23272, 20.61249 ], [ -156.23279, 20.61244 ], [ -156.23283, 20.61249 ], [ -156.23286, 20.61267 ], [ -156.2329, 20.61271 ], [ -156.23313, 20.61275 ], [ -156.23336, 20.6127 ], [ -156.23343, 20.61266 ], [ -156.23345, 20.61253 ], [ -156.23345, 20.61228 ], [ -156.23342, 20.61214 ], [ -156.23341, 20.61203 ], [ -156.23339, 20.61198 ], [ -156.2334, 20.6118 ], [ -156.23345, 20.61175 ], [ -156.23351, 20.61174 ], [ -156.23376, 20.61187 ], [ -156.23394, 20.61185 ], [ -156.2341, 20.61172 ], [ -156.23445, 20.61155 ], [ -156.2346, 20.61148 ], [ -156.23466, 20.61134 ], [ -156.2348, 20.61121 ], [ -156.23494, 20.611 ], [ -156.23512, 20.61086 ], [ -156.23523, 20.61081 ], [ -156.2353, 20.61081 ], [ -156.23553, 20.61089 ], [ -156.23578, 20.61104 ], [ -156.23605, 20.61112 ], [ -156.23638, 20.61118 ], [ -156.23655, 20.61126 ], [ -156.23664, 20.61131 ], [ -156.23674, 20.6113 ], [ -156.23681, 20.61119 ], [ -156.23684, 20.6111 ], [ -156.23684, 20.61108 ], [ -156.23689, 20.61108 ], [ -156.23698, 20.61113 ], [ -156.23703, 20.61119 ], [ -156.23711, 20.61122 ], [ -156.2372, 20.6112 ], [ -156.23719, 20.61109 ], [ -156.23717, 20.61103 ], [ -156.23718, 20.61092 ], [ -156.2372, 20.6109 ], [ -156.23724, 20.61091 ], [ -156.23729, 20.61098 ], [ -156.23732, 20.61107 ], [ -156.23749, 20.61113 ], [ -156.2376, 20.61117 ], [ -156.23768, 20.61127 ], [ -156.23774, 20.6114 ], [ -156.23783, 20.61147 ], [ -156.23795, 20.61151 ], [ -156.23805, 20.61149 ], [ -156.23811, 20.61141 ], [ -156.23812, 20.61131 ], [ -156.23813, 20.61129 ], [ -156.23818, 20.6113 ], [ -156.23822, 20.6113 ], [ -156.23833, 20.61142 ], [ -156.23837, 20.61144 ], [ -156.23848, 20.61141 ], [ -156.23853, 20.61137 ], [ -156.23859, 20.61128 ], [ -156.23866, 20.61129 ], [ -156.23872, 20.61134 ], [ -156.23888, 20.61131 ], [ -156.23911, 20.6112 ], [ -156.23921, 20.61112 ], [ -156.23924, 20.61107 ], [ -156.23923, 20.61092 ], [ -156.2392, 20.61074 ], [ -156.23921, 20.61059 ], [ -156.23924, 20.61055 ], [ -156.23941, 20.6105 ], [ -156.23944, 20.61047 ], [ -156.23946, 20.61043 ], [ -156.23945, 20.61035 ], [ -156.23943, 20.61033 ], [ -156.23929, 20.61026 ], [ -156.23928, 20.61021 ], [ -156.23929, 20.61006 ], [ -156.23935, 20.60998 ], [ -156.23947, 20.60992 ], [ -156.2396, 20.60992 ], [ -156.2399, 20.60999 ], [ -156.24005, 20.60997 ], [ -156.2401, 20.60988 ], [ -156.24012, 20.60981 ], [ -156.24013, 20.60962 ], [ -156.24017, 20.60958 ], [ -156.24022, 20.60957 ], [ -156.24034, 20.60968 ], [ -156.2405, 20.60967 ], [ -156.24089, 20.60953 ], [ -156.24104, 20.60961 ], [ -156.24115, 20.60959 ], [ -156.24123, 20.60952 ], [ -156.24124, 20.60947 ], [ -156.24122, 20.60933 ], [ -156.24123, 20.60912 ], [ -156.24129, 20.60899 ], [ -156.24136, 20.60889 ], [ -156.24144, 20.60881 ], [ -156.24151, 20.60882 ], [ -156.24154, 20.60883 ], [ -156.24166, 20.60894 ], [ -156.24187, 20.609 ], [ -156.24203, 20.60908 ], [ -156.24217, 20.6091 ], [ -156.2423, 20.60908 ], [ -156.24237, 20.60902 ], [ -156.24241, 20.60883 ], [ -156.24247, 20.60878 ], [ -156.2425, 20.60878 ], [ -156.24256, 20.60887 ], [ -156.24264, 20.60895 ], [ -156.24268, 20.60897 ], [ -156.24282, 20.60893 ], [ -156.24292, 20.60887 ], [ -156.24317, 20.6086 ], [ -156.2432, 20.60857 ], [ -156.24344, 20.60852 ], [ -156.24352, 20.60847 ], [ -156.24356, 20.60835 ], [ -156.24358, 20.60832 ], [ -156.24375, 20.60831 ], [ -156.24381, 20.60828 ], [ -156.24386, 20.60821 ], [ -156.24382, 20.60809 ], [ -156.24382, 20.60802 ], [ -156.24389, 20.608 ], [ -156.24406, 20.60799 ], [ -156.24414, 20.60798 ], [ -156.24425, 20.60793 ], [ -156.24433, 20.60784 ], [ -156.24443, 20.60761 ], [ -156.24452, 20.60752 ], [ -156.24462, 20.60738 ], [ -156.24465, 20.60732 ], [ -156.24462, 20.60725 ], [ -156.24463, 20.60711 ], [ -156.24466, 20.60704 ], [ -156.24462, 20.60698 ], [ -156.24447, 20.60683 ], [ -156.24444, 20.60677 ], [ -156.24446, 20.60669 ], [ -156.24453, 20.6067 ], [ -156.24459, 20.60673 ], [ -156.24468, 20.60681 ], [ -156.24474, 20.60681 ], [ -156.24471, 20.60672 ], [ -156.24473, 20.60661 ], [ -156.24478, 20.60664 ], [ -156.24494, 20.6068 ], [ -156.24498, 20.60681 ], [ -156.24539, 20.60677 ], [ -156.24547, 20.60674 ], [ -156.24553, 20.60666 ], [ -156.24556, 20.60661 ], [ -156.24558, 20.60642 ], [ -156.24571, 20.6062 ], [ -156.24583, 20.60599 ], [ -156.24599, 20.60584 ], [ -156.24602, 20.60579 ], [ -156.24604, 20.60562 ], [ -156.24606, 20.60559 ], [ -156.24619, 20.60555 ], [ -156.24629, 20.60545 ], [ -156.24632, 20.60542 ], [ -156.2464, 20.60542 ], [ -156.24668, 20.60544 ], [ -156.24693, 20.6055 ], [ -156.24715, 20.60558 ], [ -156.24726, 20.60566 ], [ -156.24729, 20.60574 ], [ -156.24728, 20.60584 ], [ -156.24724, 20.60591 ], [ -156.24711, 20.60604 ], [ -156.2471, 20.60612 ], [ -156.2471, 20.60626 ], [ -156.24713, 20.60631 ], [ -156.24719, 20.60635 ], [ -156.24738, 20.6064 ], [ -156.24772, 20.60642 ], [ -156.24781, 20.60645 ], [ -156.24792, 20.60644 ], [ -156.24816, 20.60624 ], [ -156.24824, 20.60621 ], [ -156.24847, 20.60621 ], [ -156.24852, 20.60618 ], [ -156.24852, 20.60603 ], [ -156.24858, 20.60599 ], [ -156.24868, 20.606 ], [ -156.24885, 20.60604 ], [ -156.24892, 20.60611 ], [ -156.24898, 20.60619 ], [ -156.24901, 20.60621 ], [ -156.24918, 20.60615 ], [ -156.24935, 20.60602 ], [ -156.2494, 20.606 ], [ -156.24947, 20.606 ], [ -156.24952, 20.60603 ], [ -156.24966, 20.60603 ], [ -156.24978, 20.60603 ], [ -156.24978, 20.60593 ], [ -156.24976, 20.60589 ], [ -156.24976, 20.60575 ], [ -156.24981, 20.60572 ], [ -156.24988, 20.60579 ], [ -156.24996, 20.60594 ], [ -156.24998, 20.60599 ], [ -156.24999, 20.60601 ], [ -156.25008, 20.60599 ], [ -156.25025, 20.60587 ], [ -156.2504, 20.60573 ], [ -156.25043, 20.60565 ], [ -156.25042, 20.60555 ], [ -156.25022, 20.60524 ], [ -156.25018, 20.60512 ], [ -156.25019, 20.60497 ], [ -156.2503, 20.60487 ], [ -156.2504, 20.60485 ], [ -156.25053, 20.60487 ], [ -156.25073, 20.60484 ], [ -156.25096, 20.60472 ], [ -156.2511, 20.60462 ], [ -156.25123, 20.60461 ], [ -156.25128, 20.60453 ], [ -156.25134, 20.60447 ], [ -156.25134, 20.6044 ], [ -156.25129, 20.6043 ], [ -156.2513, 20.60416 ], [ -156.25137, 20.60413 ], [ -156.25146, 20.60414 ], [ -156.25158, 20.60416 ], [ -156.2517, 20.60416 ], [ -156.25181, 20.6041 ], [ -156.25188, 20.60401 ], [ -156.25195, 20.60392 ], [ -156.252, 20.60392 ], [ -156.25218, 20.60399 ], [ -156.25236, 20.60396 ], [ -156.25253, 20.60389 ], [ -156.25268, 20.60377 ], [ -156.25285, 20.60357 ], [ -156.253, 20.6035 ], [ -156.25303, 20.60338 ], [ -156.25313, 20.6033 ], [ -156.25334, 20.60321 ], [ -156.25342, 20.60321 ], [ -156.25352, 20.60325 ], [ -156.25361, 20.60324 ], [ -156.2537, 20.60311 ], [ -156.25379, 20.60302 ], [ -156.25385, 20.60302 ], [ -156.25389, 20.60305 ], [ -156.25397, 20.60314 ], [ -156.25407, 20.60312 ], [ -156.25423, 20.60299 ], [ -156.25431, 20.60288 ], [ -156.25431, 20.60275 ], [ -156.2544, 20.6027 ], [ -156.2545, 20.60267 ], [ -156.25461, 20.60258 ], [ -156.25469, 20.60259 ], [ -156.25482, 20.60265 ], [ -156.25488, 20.60263 ], [ -156.2549, 20.60261 ], [ -156.2549, 20.60238 ], [ -156.25496, 20.60233 ], [ -156.25504, 20.60231 ], [ -156.25513, 20.60223 ], [ -156.25527, 20.6022 ], [ -156.25532, 20.60215 ], [ -156.2554, 20.60215 ], [ -156.25565, 20.60227 ], [ -156.25576, 20.60222 ], [ -156.25587, 20.60198 ], [ -156.25591, 20.60182 ], [ -156.25596, 20.60175 ], [ -156.25603, 20.60173 ], [ -156.25625, 20.60177 ], [ -156.25637, 20.60174 ], [ -156.25641, 20.6017 ], [ -156.25643, 20.60151 ], [ -156.25669, 20.60143 ], [ -156.25679, 20.60135 ], [ -156.25686, 20.6012 ], [ -156.25686, 20.60106 ], [ -156.25686, 20.60099 ], [ -156.25688, 20.60097 ], [ -156.25695, 20.60098 ], [ -156.2571, 20.60102 ], [ -156.25719, 20.601 ], [ -156.25715, 20.60085 ], [ -156.25711, 20.60079 ], [ -156.2571, 20.60072 ], [ -156.25714, 20.60069 ], [ -156.25724, 20.6007 ], [ -156.2576, 20.6008 ], [ -156.25782, 20.60088 ], [ -156.25794, 20.60087 ], [ -156.258, 20.60081 ], [ -156.25803, 20.60075 ], [ -156.25804, 20.60054 ], [ -156.25811, 20.60029 ], [ -156.25818, 20.60021 ], [ -156.25846, 20.60006 ], [ -156.25853, 20.59999 ], [ -156.25851, 20.5999 ], [ -156.25843, 20.59974 ], [ -156.25845, 20.59967 ], [ -156.25849, 20.59968 ], [ -156.25861, 20.59978 ], [ -156.25869, 20.59985 ], [ -156.2588, 20.59986 ], [ -156.25891, 20.5998 ], [ -156.25904, 20.59971 ], [ -156.25919, 20.59972 ], [ -156.25932, 20.59976 ], [ -156.25935, 20.59978 ], [ -156.25946, 20.59975 ], [ -156.2595, 20.59973 ], [ -156.25958, 20.59974 ], [ -156.25971, 20.59981 ], [ -156.25992, 20.59996 ], [ -156.26, 20.6 ], [ -156.26009, 20.59998 ], [ -156.26009, 20.5999 ], [ -156.26006, 20.59976 ], [ -156.26006, 20.59964 ], [ -156.26012, 20.5996 ], [ -156.26017, 20.59961 ], [ -156.26023, 20.59968 ], [ -156.26025, 20.59973 ], [ -156.26026, 20.59982 ], [ -156.26027, 20.59986 ], [ -156.26032, 20.5999 ], [ -156.26048, 20.59985 ], [ -156.2606, 20.59976 ], [ -156.26078, 20.59946 ], [ -156.26088, 20.59932 ], [ -156.26098, 20.59925 ], [ -156.26102, 20.59921 ], [ -156.261, 20.59913 ], [ -156.26095, 20.59903 ], [ -156.26096, 20.59891 ], [ -156.26112, 20.59898 ], [ -156.26123, 20.59905 ], [ -156.26129, 20.59905 ], [ -156.26127, 20.59896 ], [ -156.26123, 20.59888 ], [ -156.26124, 20.59875 ], [ -156.2613, 20.59868 ], [ -156.26133, 20.59859 ], [ -156.26133, 20.59846 ], [ -156.26143, 20.59843 ], [ -156.26167, 20.59841 ], [ -156.26176, 20.59838 ], [ -156.26188, 20.59826 ], [ -156.26196, 20.59821 ], [ -156.26224, 20.59811 ], [ -156.2623, 20.59809 ], [ -156.26236, 20.5981 ], [ -156.26264, 20.59822 ], [ -156.26275, 20.59834 ], [ -156.26282, 20.59833 ], [ -156.26289, 20.59824 ], [ -156.26291, 20.5982 ], [ -156.26297, 20.59821 ], [ -156.26307, 20.59831 ], [ -156.26311, 20.59841 ], [ -156.26313, 20.59851 ], [ -156.26315, 20.59857 ], [ -156.26321, 20.59863 ], [ -156.26341, 20.59872 ], [ -156.26351, 20.59872 ], [ -156.26372, 20.59857 ], [ -156.26379, 20.59858 ], [ -156.2639, 20.59869 ], [ -156.26393, 20.59873 ], [ -156.26399, 20.59876 ], [ -156.26451, 20.59874 ], [ -156.26463, 20.59869 ], [ -156.26484, 20.59853 ], [ -156.26494, 20.59849 ], [ -156.26507, 20.59851 ], [ -156.2652, 20.59854 ], [ -156.26528, 20.59853 ], [ -156.26536, 20.59842 ], [ -156.26537, 20.5984 ], [ -156.26547, 20.59832 ], [ -156.2656, 20.5983 ], [ -156.26572, 20.59834 ], [ -156.26606, 20.59832 ], [ -156.26615, 20.59828 ], [ -156.26615, 20.59826 ], [ -156.26675, 20.59833 ], [ -156.26676, 20.59834 ], [ -156.26685, 20.59835 ], [ -156.26909, 20.59864 ], [ -156.27435, 20.59971 ], [ -156.27946, 20.60079 ], [ -156.29, 20.60132 ], [ -156.30067, 20.60128 ], [ -156.31538, 20.59983 ], [ -156.329, 20.59925 ], [ -156.33991, 20.59859 ], [ -156.35096, 20.5975 ], [ -156.36042, 20.59559 ], [ -156.37061, 20.59428 ], [ -156.37803, 20.59313 ], [ -156.40052, 20.59254 ], [ -156.40278, 20.59278 ], [ -156.41042, 20.59417 ], [ -156.41636, 20.59725 ], [ -156.41635, 20.59735 ], [ -156.41641, 20.59739 ], [ -156.41656, 20.59744 ], [ -156.41667, 20.59741 ], [ -156.41725, 20.59772 ], [ -156.42155, 20.60056 ], [ -156.42703, 20.60608 ], [ -156.42944, 20.61375 ], [ -156.4309, 20.62376 ], [ -156.4304, 20.6322 ], [ -156.42806, 20.64495 ], [ -156.42619, 20.65877 ], [ -156.42495, 20.67576 ], [ -156.42344, 20.68787 ], [ -156.42434, 20.69757 ], [ -156.42575, 20.71179 ], [ -156.43014, 20.7198 ], [ -156.43741, 20.7266 ], [ -156.44336, 20.73074 ], [ -156.45295, 20.7356 ], [ -156.45674, 20.73718 ], [ -156.45676, 20.73734 ], [ -156.45684, 20.73779 ], [ -156.45682, 20.73814 ], [ -156.4568, 20.73845 ], [ -156.45673, 20.73898 ], [ -156.45672, 20.73939 ], [ -156.45674, 20.73986 ], [ -156.4568, 20.74008 ], [ -156.4569, 20.74051 ], [ -156.45704, 20.74095 ], [ -156.45705, 20.741 ], [ -156.45703, 20.74132 ], [ -156.45708, 20.74153 ], [ -156.45714, 20.74175 ], [ -156.45722, 20.74211 ], [ -156.45739, 20.74281 ], [ -156.45756, 20.74348 ], [ -156.45764, 20.74384 ], [ -156.45767, 20.74406 ], [ -156.45779, 20.74433 ], [ -156.45803, 20.74483 ], [ -156.45803, 20.74492 ], [ -156.45805, 20.7452 ], [ -156.45805, 20.74533 ], [ -156.45807, 20.74545 ], [ -156.45802, 20.74551 ], [ -156.45778, 20.74554 ], [ -156.45757, 20.74561 ], [ -156.45759, 20.74589 ], [ -156.4576, 20.74635 ], [ -156.4576, 20.74645 ], [ -156.45761, 20.7466 ], [ -156.45761, 20.74664 ], [ -156.45769, 20.74692 ], [ -156.45781, 20.74711 ], [ -156.45791, 20.74768 ], [ -156.45802, 20.74805 ], [ -156.45818, 20.74837 ], [ -156.45832, 20.74877 ], [ -156.45835, 20.74886 ], [ -156.4585, 20.74918 ], [ -156.45857, 20.74934 ], [ -156.45877, 20.74973 ], [ -156.45891, 20.74988 ], [ -156.45929, 20.7505 ], [ -156.45946, 20.75085 ], [ -156.45964, 20.75129 ], [ -156.45971, 20.75154 ], [ -156.45976, 20.75174 ], [ -156.4598, 20.75191 ], [ -156.45988, 20.75207 ], [ -156.46013, 20.75221 ], [ -156.46022, 20.7523 ], [ -156.46025, 20.75237 ], [ -156.46008, 20.75259 ], [ -156.45999, 20.75268 ], [ -156.45993, 20.75285 ], [ -156.45988, 20.75365 ], [ -156.45979, 20.75409 ], [ -156.45975, 20.75436 ], [ -156.45969, 20.755 ], [ -156.45971, 20.75557 ], [ -156.45982, 20.75602 ], [ -156.45993, 20.75644 ], [ -156.46002, 20.75682 ], [ -156.46006, 20.75716 ], [ -156.46001, 20.75737 ], [ -156.45998, 20.75767 ], [ -156.45997, 20.75802 ], [ -156.45991, 20.75833 ], [ -156.4599, 20.75894 ], [ -156.45994, 20.75908 ], [ -156.46001, 20.7594 ], [ -156.46003, 20.75987 ], [ -156.45999, 20.76028 ], [ -156.45998, 20.76045 ], [ -156.45989, 20.76075 ], [ -156.45983, 20.76087 ], [ -156.45968, 20.76106 ], [ -156.45954, 20.76118 ], [ -156.45942, 20.76137 ], [ -156.45933, 20.76161 ], [ -156.45914, 20.76207 ], [ -156.45912, 20.76232 ], [ -156.45914, 20.76236 ], [ -156.45916, 20.76238 ], [ -156.45928, 20.76243 ], [ -156.45945, 20.76254 ], [ -156.45947, 20.76269 ], [ -156.45946, 20.76289 ], [ -156.45944, 20.76316 ], [ -156.45943, 20.76338 ], [ -156.45942, 20.76362 ], [ -156.45939, 20.7638 ], [ -156.45936, 20.76388 ], [ -156.45937, 20.76405 ], [ -156.4594, 20.76423 ], [ -156.45944, 20.76434 ], [ -156.45947, 20.76446 ], [ -156.4595, 20.76455 ], [ -156.45944, 20.76479 ], [ -156.4594, 20.76489 ], [ -156.45943, 20.76531 ], [ -156.45939, 20.76555 ], [ -156.45933, 20.76592 ], [ -156.45932, 20.76626 ], [ -156.45931, 20.76671 ], [ -156.45923, 20.7672 ], [ -156.45922, 20.7676 ], [ -156.45921, 20.76808 ], [ -156.45921, 20.76829 ], [ -156.45922, 20.76853 ], [ -156.45931, 20.76907 ], [ -156.45938, 20.76968 ], [ -156.45942, 20.76975 ], [ -156.45949, 20.77001 ], [ -156.45969, 20.77039 ], [ -156.45978, 20.7707 ], [ -156.45984, 20.77117 ], [ -156.45993, 20.77153 ], [ -156.46, 20.77171 ], [ -156.46014, 20.77202 ], [ -156.46027, 20.7723 ], [ -156.46039, 20.7725 ], [ -156.46044, 20.77258 ], [ -156.46051, 20.77278 ], [ -156.46057, 20.77313 ], [ -156.46064, 20.77345 ], [ -156.46071, 20.77364 ], [ -156.46074, 20.77395 ], [ -156.46077, 20.77435 ], [ -156.46077, 20.77471 ], [ -156.4608, 20.7749 ], [ -156.46083, 20.77537 ], [ -156.46086, 20.77562 ], [ -156.46098, 20.77609 ], [ -156.46102, 20.7764 ], [ -156.4611, 20.77681 ], [ -156.46111, 20.77694 ], [ -156.46109, 20.7774 ], [ -156.46114, 20.77784 ], [ -156.46118, 20.77824 ], [ -156.46129, 20.77853 ], [ -156.46143, 20.7789 ], [ -156.46156, 20.77919 ], [ -156.46173, 20.77955 ], [ -156.4619, 20.77981 ], [ -156.46214, 20.78011 ], [ -156.46241, 20.78042 ], [ -156.46274, 20.78076 ], [ -156.46291, 20.78087 ], [ -156.46298, 20.78092 ], [ -156.46303, 20.78091 ], [ -156.46311, 20.78092 ], [ -156.46314, 20.781 ], [ -156.4631, 20.78111 ], [ -156.46315, 20.78122 ], [ -156.46326, 20.78135 ], [ -156.46347, 20.78157 ], [ -156.46392, 20.78197 ], [ -156.46432, 20.78229 ], [ -156.46446, 20.7824 ], [ -156.46484, 20.78272 ], [ -156.46529, 20.78309 ], [ -156.46548, 20.78327 ], [ -156.46609, 20.78375 ], [ -156.46624, 20.78382 ], [ -156.46666, 20.78409 ], [ -156.46669, 20.7841 ], [ -156.46702, 20.78432 ], [ -156.46728, 20.78441 ], [ -156.46766, 20.78458 ], [ -156.46792, 20.78476 ], [ -156.4681, 20.78493 ], [ -156.46832, 20.78523 ], [ -156.46846, 20.78545 ], [ -156.46896, 20.78599 ], [ -156.46933, 20.78633 ], [ -156.46969, 20.78665 ], [ -156.47018, 20.78706 ], [ -156.47056, 20.78739 ], [ -156.47085, 20.7876 ], [ -156.47106, 20.78776 ], [ -156.4712, 20.78794 ], [ -156.47133, 20.78801 ], [ -156.47145, 20.78809 ], [ -156.47186, 20.78839 ], [ -156.47231, 20.78869 ], [ -156.4724, 20.78877 ], [ -156.47272, 20.78899 ], [ -156.47299, 20.78914 ], [ -156.47333, 20.78929 ], [ -156.47381, 20.78949 ], [ -156.47422, 20.78964 ], [ -156.47483, 20.78977 ], [ -156.47532, 20.78989 ], [ -156.4759, 20.79008 ], [ -156.47621, 20.79023 ], [ -156.47669, 20.79047 ], [ -156.47701, 20.79067 ], [ -156.47742, 20.79088 ], [ -156.47774, 20.79108 ], [ -156.47793, 20.7912 ], [ -156.47814, 20.79126 ], [ -156.4783, 20.79135 ], [ -156.4791, 20.79172 ], [ -156.4797, 20.79209 ], [ -156.48081, 20.79258 ], [ -156.48093, 20.79266 ], [ -156.48172, 20.7931 ], [ -156.48249, 20.79349 ], [ -156.48326, 20.79381 ], [ -156.48371, 20.79403 ], [ -156.48407, 20.79415 ], [ -156.48419, 20.79419 ], [ -156.4846, 20.79441 ], [ -156.48518, 20.7946 ], [ -156.4857, 20.79481 ], [ -156.48581, 20.79486 ], [ -156.48619, 20.79492 ], [ -156.48644, 20.79502 ], [ -156.4867, 20.79512 ], [ -156.48711, 20.79516 ], [ -156.48808, 20.7954 ], [ -156.48845, 20.79546 ], [ -156.48864, 20.79548 ], [ -156.48896, 20.79545 ], [ -156.48949, 20.79543 ], [ -156.48976, 20.79539 ], [ -156.48996, 20.7954 ], [ -156.49012, 20.79547 ], [ -156.49022, 20.7955 ], [ -156.49076, 20.79557 ], [ -156.49122, 20.79571 ], [ -156.49145, 20.7958 ], [ -156.49175, 20.79592 ], [ -156.49209, 20.79598 ], [ -156.49267, 20.79617 ], [ -156.49308, 20.79622 ], [ -156.49335, 20.79628 ], [ -156.49374, 20.79635 ], [ -156.49409, 20.79647 ], [ -156.49446, 20.79658 ], [ -156.495, 20.79661 ], [ -156.49558, 20.79668 ], [ -156.49618, 20.79677 ], [ -156.49659, 20.79678 ], [ -156.49861, 20.79664 ], [ -156.49934, 20.79658 ], [ -156.50002, 20.79639 ], [ -156.50043, 20.79629 ], [ -156.50083, 20.79617 ], [ -156.50109, 20.79613 ], [ -156.50181, 20.79614 ], [ -156.50228, 20.79617 ], [ -156.5027, 20.79622 ], [ -156.50294, 20.79622 ], [ -156.50348, 20.79607 ], [ -156.50389, 20.79583 ], [ -156.50427, 20.79565 ], [ -156.5047, 20.79543 ], [ -156.50505, 20.79529 ], [ -156.50521, 20.79517 ], [ -156.50534, 20.79513 ], [ -156.50567, 20.79516 ], [ -156.50585, 20.79517 ], [ -156.5061, 20.79515 ], [ -156.50619, 20.79512 ], [ -156.50629, 20.79502 ], [ -156.5065, 20.79467 ], [ -156.50671, 20.79436 ], [ -156.50691, 20.79419 ], [ -156.50709, 20.79407 ], [ -156.50741, 20.79381 ], [ -156.50753, 20.79368 ], [ -156.50795, 20.79341 ], [ -156.50825, 20.79313 ], [ -156.50844, 20.79289 ], [ -156.50856, 20.79269 ], [ -156.50879, 20.79245 ], [ -156.50904, 20.79216 ], [ -156.50925, 20.79205 ], [ -156.50966, 20.79194 ], [ -156.50978, 20.79192 ], [ -156.50993, 20.79194 ], [ -156.51004, 20.79207 ], [ -156.51004, 20.79211 ], [ -156.51007, 20.79215 ], [ -156.51019, 20.79213 ], [ -156.51045, 20.79202 ], [ -156.51086, 20.79183 ], [ -156.51134, 20.79164 ], [ -156.51144, 20.79183 ], [ -156.51176, 20.79172 ], [ -156.51211, 20.79155 ], [ -156.51231, 20.7913 ], [ -156.51258, 20.79107 ], [ -156.51305, 20.79092 ], [ -156.51342, 20.79081 ], [ -156.51363, 20.79075 ], [ -156.5135, 20.79013 ], [ -156.51099, 20.79024 ], [ -156.51093, 20.79021 ], [ -156.51088, 20.79008 ], [ -156.51093, 20.79002 ], [ -156.51107, 20.78997 ], [ -156.51385, 20.78982 ], [ -156.51391, 20.78963 ], [ -156.51395, 20.78954 ], [ -156.51405, 20.78938 ], [ -156.51411, 20.78918 ], [ -156.51422, 20.7889 ], [ -156.51438, 20.78872 ], [ -156.51454, 20.78858 ], [ -156.51465, 20.78857 ], [ -156.51478, 20.78852 ], [ -156.51497, 20.78851 ], [ -156.51512, 20.7884 ], [ -156.51527, 20.78816 ], [ -156.51528, 20.78795 ], [ -156.51541, 20.78765 ], [ -156.51559, 20.78739 ], [ -156.5156, 20.78712 ], [ -156.51528, 20.78671 ], [ -156.51508, 20.78653 ], [ -156.51507, 20.78633 ], [ -156.51518, 20.786 ], [ -156.51532, 20.78565 ], [ -156.51548, 20.78547 ], [ -156.51565, 20.78537 ], [ -156.51584, 20.78529 ], [ -156.51591, 20.78533 ], [ -156.51593, 20.78542 ], [ -156.51593, 20.78555 ], [ -156.51599, 20.78556 ], [ -156.51611, 20.78539 ], [ -156.51622, 20.78527 ], [ -156.51652, 20.78496 ], [ -156.51658, 20.7849 ], [ -156.51665, 20.78472 ], [ -156.51669, 20.78463 ], [ -156.51668, 20.78446 ], [ -156.51667, 20.78424 ], [ -156.51666, 20.78417 ], [ -156.51668, 20.78404 ], [ -156.51679, 20.78398 ], [ -156.51704, 20.78381 ], [ -156.51717, 20.78368 ], [ -156.51724, 20.78357 ], [ -156.51731, 20.78346 ], [ -156.51735, 20.78333 ], [ -156.51755, 20.78316 ], [ -156.51767, 20.78308 ], [ -156.51769, 20.78302 ], [ -156.51772, 20.78291 ], [ -156.51771, 20.78287 ], [ -156.51769, 20.78283 ], [ -156.5177, 20.78268 ], [ -156.51781, 20.78257 ], [ -156.51783, 20.78254 ], [ -156.51785, 20.78243 ], [ -156.51785, 20.78236 ], [ -156.51792, 20.7823 ], [ -156.51802, 20.78237 ], [ -156.5181, 20.78237 ], [ -156.51816, 20.78232 ], [ -156.51822, 20.7822 ], [ -156.51823, 20.78204 ], [ -156.51843, 20.78172 ], [ -156.51851, 20.78163 ], [ -156.5186, 20.7815 ], [ -156.51864, 20.78142 ], [ -156.51868, 20.78126 ], [ -156.51882, 20.78117 ], [ -156.51892, 20.7811 ], [ -156.51908, 20.78111 ], [ -156.51917, 20.78114 ], [ -156.51924, 20.78116 ], [ -156.51932, 20.78111 ], [ -156.51942, 20.78096 ], [ -156.5195, 20.78086 ], [ -156.51974, 20.78077 ], [ -156.52002, 20.78065 ], [ -156.52016, 20.78049 ], [ -156.52043, 20.78027 ], [ -156.52068, 20.78009 ], [ -156.52089, 20.77996 ], [ -156.52112, 20.77987 ], [ -156.52135, 20.77974 ], [ -156.52153, 20.77961 ], [ -156.52164, 20.77951 ], [ -156.52178, 20.77934 ], [ -156.52184, 20.77923 ], [ -156.52187, 20.77909 ], [ -156.52191, 20.77895 ], [ -156.52209, 20.7788 ], [ -156.52218, 20.77876 ], [ -156.52237, 20.77862 ], [ -156.52252, 20.77849 ], [ -156.5227, 20.77819 ], [ -156.52265, 20.77791 ], [ -156.52253, 20.77765 ], [ -156.52239, 20.77747 ], [ -156.52226, 20.77729 ], [ -156.52227, 20.77712 ], [ -156.52243, 20.77686 ], [ -156.5226, 20.7768 ], [ -156.52273, 20.7768 ], [ -156.52291, 20.7768 ], [ -156.52325, 20.77682 ], [ -156.52352, 20.77685 ], [ -156.52372, 20.77689 ], [ -156.52382, 20.77696 ], [ -156.5239, 20.77708 ], [ -156.52396, 20.7772 ], [ -156.52402, 20.77725 ], [ -156.52412, 20.77735 ], [ -156.52418, 20.77759 ], [ -156.52424, 20.7777 ], [ -156.52433, 20.77786 ], [ -156.52448, 20.77792 ], [ -156.52462, 20.77793 ], [ -156.5249, 20.77796 ], [ -156.52505, 20.77792 ], [ -156.52522, 20.77782 ], [ -156.52532, 20.7777 ], [ -156.52538, 20.77745 ], [ -156.52544, 20.77723 ], [ -156.52546, 20.77706 ], [ -156.52561, 20.77686 ], [ -156.52574, 20.77677 ], [ -156.52589, 20.77674 ], [ -156.52598, 20.77675 ], [ -156.52613, 20.77678 ], [ -156.52632, 20.77686 ], [ -156.52648, 20.77688 ], [ -156.52657, 20.77685 ], [ -156.52663, 20.77681 ], [ -156.52679, 20.77673 ], [ -156.52692, 20.7767 ], [ -156.52711, 20.77665 ], [ -156.52738, 20.77654 ], [ -156.52767, 20.77651 ], [ -156.52794, 20.77649 ], [ -156.52811, 20.77657 ], [ -156.52831, 20.7767 ], [ -156.52845, 20.77676 ], [ -156.52856, 20.77678 ], [ -156.52875, 20.77668 ], [ -156.52897, 20.77652 ], [ -156.52906, 20.77633 ], [ -156.5292, 20.776 ], [ -156.52921, 20.77575 ], [ -156.52933, 20.77552 ], [ -156.52947, 20.77546 ], [ -156.52965, 20.77533 ], [ -156.52988, 20.77524 ], [ -156.53019, 20.77522 ], [ -156.53034, 20.77515 ], [ -156.53048, 20.77499 ], [ -156.53064, 20.77466 ], [ -156.53072, 20.77446 ], [ -156.53084, 20.77437 ], [ -156.531, 20.77439 ], [ -156.53111, 20.77449 ], [ -156.53118, 20.77469 ], [ -156.5312, 20.77495 ], [ -156.5312, 20.77513 ], [ -156.53139, 20.7753 ], [ -156.53162, 20.77545 ], [ -156.53204, 20.77555 ], [ -156.53225, 20.77554 ], [ -156.53248, 20.77561 ], [ -156.53262, 20.77557 ], [ -156.53287, 20.77541 ], [ -156.53315, 20.77529 ], [ -156.53351, 20.77524 ], [ -156.53388, 20.77517 ], [ -156.53412, 20.77514 ], [ -156.53437, 20.7752 ], [ -156.53457, 20.77521 ], [ -156.53482, 20.77526 ], [ -156.53498, 20.7752 ], [ -156.53514, 20.77513 ], [ -156.53526, 20.77494 ], [ -156.53543, 20.77484 ], [ -156.53561, 20.77475 ], [ -156.53574, 20.77461 ], [ -156.53586, 20.7744 ], [ -156.5363, 20.77422 ], [ -156.53643, 20.77415 ], [ -156.53657, 20.77405 ], [ -156.53672, 20.77403 ], [ -156.5368, 20.77407 ], [ -156.53693, 20.77422 ], [ -156.53701, 20.77434 ], [ -156.53716, 20.77449 ], [ -156.53732, 20.77454 ], [ -156.53756, 20.77459 ], [ -156.53793, 20.77467 ], [ -156.53829, 20.77485 ], [ -156.53858, 20.77496 ], [ -156.5388, 20.77509 ], [ -156.539, 20.77518 ], [ -156.53909, 20.77533 ], [ -156.53928, 20.77556 ], [ -156.53931, 20.77572 ], [ -156.5393, 20.77586 ], [ -156.53935, 20.77602 ], [ -156.53987, 20.77612 ], [ -156.53999, 20.77621 ], [ -156.54007, 20.77634 ], [ -156.54011, 20.77649 ], [ -156.54029, 20.77671 ], [ -156.54036, 20.77688 ], [ -156.54043, 20.77702 ], [ -156.54054, 20.77716 ], [ -156.54106, 20.77727 ], [ -156.54115, 20.77734 ], [ -156.54119, 20.77756 ], [ -156.54124, 20.77789 ], [ -156.54134, 20.77809 ], [ -156.54142, 20.7782 ], [ -156.5417, 20.77827 ], [ -156.54188, 20.77845 ], [ -156.54191, 20.7787 ], [ -156.54212, 20.77884 ], [ -156.54232, 20.77893 ], [ -156.54256, 20.77896 ], [ -156.54286, 20.77902 ], [ -156.54304, 20.77916 ], [ -156.54308, 20.77939 ], [ -156.54315, 20.77942 ], [ -156.54333, 20.77948 ], [ -156.54353, 20.77953 ], [ -156.54361, 20.77967 ], [ -156.54365, 20.7799 ], [ -156.54367, 20.78015 ], [ -156.54383, 20.78026 ], [ -156.54415, 20.78041 ], [ -156.54438, 20.78055 ], [ -156.54449, 20.78049 ], [ -156.54464, 20.78052 ], [ -156.5447, 20.78044 ], [ -156.5448, 20.78031 ], [ -156.54497, 20.78027 ], [ -156.54521, 20.78028 ], [ -156.54547, 20.78028 ], [ -156.5457, 20.7803 ], [ -156.54593, 20.78051 ], [ -156.54603, 20.78055 ], [ -156.54608, 20.78056 ], [ -156.54642, 20.78063 ], [ -156.54663, 20.7807 ], [ -156.5468, 20.78089 ], [ -156.54697, 20.78092 ], [ -156.5471, 20.78091 ], [ -156.54727, 20.78099 ], [ -156.54736, 20.78117 ], [ -156.54728, 20.78153 ], [ -156.54727, 20.78176 ], [ -156.54734, 20.78187 ], [ -156.54742, 20.78191 ], [ -156.54755, 20.78188 ], [ -156.54762, 20.78181 ], [ -156.54783, 20.78179 ], [ -156.54793, 20.78179 ], [ -156.54814, 20.7818 ], [ -156.54834, 20.78177 ], [ -156.54852, 20.7818 ], [ -156.54857, 20.78206 ], [ -156.54865, 20.78214 ], [ -156.54885, 20.78228 ], [ -156.54903, 20.78238 ], [ -156.54911, 20.78256 ], [ -156.54919, 20.78291 ], [ -156.54924, 20.78307 ], [ -156.54943, 20.78321 ], [ -156.54952, 20.78334 ], [ -156.5497, 20.78337 ], [ -156.54983, 20.78331 ], [ -156.54995, 20.78325 ], [ -156.55005, 20.78323 ], [ -156.55032, 20.78319 ], [ -156.55044, 20.7833 ], [ -156.55055, 20.78354 ], [ -156.55063, 20.78412 ], [ -156.55066, 20.78436 ], [ -156.55077, 20.78442 ], [ -156.55087, 20.78449 ], [ -156.55102, 20.78452 ], [ -156.55112, 20.78447 ], [ -156.55125, 20.78422 ], [ -156.55142, 20.78402 ], [ -156.55154, 20.78396 ], [ -156.55168, 20.78392 ], [ -156.55188, 20.78389 ], [ -156.55201, 20.78392 ], [ -156.55219, 20.78406 ], [ -156.55239, 20.7841 ], [ -156.55253, 20.78413 ], [ -156.55266, 20.78429 ], [ -156.55263, 20.7845 ], [ -156.55263, 20.78463 ], [ -156.55275, 20.78478 ], [ -156.55293, 20.78495 ], [ -156.5531, 20.78499 ], [ -156.55342, 20.78493 ], [ -156.55352, 20.78501 ], [ -156.55356, 20.78512 ], [ -156.55378, 20.78531 ], [ -156.55393, 20.78529 ], [ -156.5541, 20.78528 ], [ -156.5542, 20.78519 ], [ -156.55436, 20.78511 ], [ -156.55451, 20.78516 ], [ -156.55451, 20.7852 ], [ -156.55458, 20.78529 ], [ -156.55475, 20.78546 ], [ -156.55495, 20.78559 ], [ -156.55511, 20.78565 ], [ -156.55527, 20.78572 ], [ -156.55547, 20.78575 ], [ -156.55563, 20.78577 ], [ -156.55583, 20.78589 ], [ -156.55582, 20.78607 ], [ -156.55578, 20.78623 ], [ -156.55569, 20.78644 ], [ -156.55576, 20.78664 ], [ -156.55585, 20.78681 ], [ -156.55585, 20.78699 ], [ -156.5559, 20.78717 ], [ -156.55606, 20.78721 ], [ -156.5563, 20.7873 ], [ -156.55646, 20.78725 ], [ -156.55665, 20.78713 ], [ -156.55678, 20.78696 ], [ -156.55685, 20.78683 ], [ -156.55702, 20.78672 ], [ -156.55722, 20.78679 ], [ -156.55735, 20.78682 ], [ -156.55739, 20.78699 ], [ -156.55736, 20.78717 ], [ -156.55742, 20.78752 ], [ -156.55742, 20.78783 ], [ -156.55751, 20.788 ], [ -156.55759, 20.78809 ], [ -156.55781, 20.78811 ], [ -156.55802, 20.78819 ], [ -156.55809, 20.7882 ], [ -156.55823, 20.78821 ], [ -156.5583, 20.78812 ], [ -156.55843, 20.788 ], [ -156.5586, 20.78794 ], [ -156.55869, 20.78787 ], [ -156.55883, 20.78779 ], [ -156.55897, 20.78776 ], [ -156.55911, 20.78796 ], [ -156.55918, 20.78803 ], [ -156.55939, 20.78804 ], [ -156.5596, 20.78815 ], [ -156.55969, 20.78828 ], [ -156.55977, 20.78841 ], [ -156.55974, 20.78852 ], [ -156.55976, 20.78863 ], [ -156.55992, 20.78876 ], [ -156.56011, 20.78879 ], [ -156.56023, 20.78874 ], [ -156.56034, 20.78867 ], [ -156.56048, 20.78864 ], [ -156.56063, 20.78872 ], [ -156.56073, 20.78882 ], [ -156.56069, 20.78893 ], [ -156.56071, 20.78908 ], [ -156.56079, 20.78922 ], [ -156.56095, 20.78942 ], [ -156.56106, 20.78963 ], [ -156.56121, 20.78981 ], [ -156.56134, 20.78999 ], [ -156.56144, 20.79003 ], [ -156.56189, 20.79004 ], [ -156.56223, 20.79011 ], [ -156.56244, 20.79008 ], [ -156.56258, 20.78999 ], [ -156.56269, 20.78995 ], [ -156.56281, 20.78998 ], [ -156.56298, 20.7901 ], [ -156.56327, 20.79056 ], [ -156.56342, 20.79071 ], [ -156.56369, 20.79089 ], [ -156.56421, 20.79116 ], [ -156.5644, 20.79133 ], [ -156.56451, 20.79141 ], [ -156.5647, 20.79158 ], [ -156.5649, 20.7917 ], [ -156.56508, 20.79176 ], [ -156.56548, 20.79183 ], [ -156.56579, 20.79208 ], [ -156.56608, 20.79223 ], [ -156.56639, 20.79236 ], [ -156.56682, 20.79247 ], [ -156.56698, 20.7925 ], [ -156.5673, 20.79256 ], [ -156.56732, 20.79256 ], [ -156.56769, 20.79258 ], [ -156.56797, 20.79257 ], [ -156.56827, 20.79251 ], [ -156.5685, 20.79255 ], [ -156.56895, 20.79265 ], [ -156.56926, 20.79267 ], [ -156.5698, 20.79271 ], [ -156.57023, 20.79274 ], [ -156.57041, 20.79278 ], [ -156.57055, 20.79282 ], [ -156.5708, 20.79281 ], [ -156.57127, 20.79281 ], [ -156.57156, 20.79281 ], [ -156.57209, 20.79293 ], [ -156.57236, 20.79298 ], [ -156.57257, 20.79299 ], [ -156.57285, 20.79303 ], [ -156.57321, 20.79305 ], [ -156.57352, 20.79308 ], [ -156.57384, 20.79312 ], [ -156.57423, 20.79316 ], [ -156.57459, 20.79329 ], [ -156.57495, 20.79343 ], [ -156.57553, 20.79356 ], [ -156.57606, 20.79363 ], [ -156.57635, 20.79368 ], [ -156.57649, 20.79371 ], [ -156.57721, 20.7938 ], [ -156.57772, 20.79385 ], [ -156.578, 20.79383 ], [ -156.57817, 20.79379 ], [ -156.5785, 20.79378 ], [ -156.57876, 20.79384 ], [ -156.57886, 20.79386 ], [ -156.5791, 20.79393 ], [ -156.5795, 20.79406 ], [ -156.5798, 20.79415 ], [ -156.5801, 20.79422 ], [ -156.58018, 20.79425 ], [ -156.5803, 20.79448 ], [ -156.58196, 20.79832 ], [ -156.58448, 20.80405 ], [ -156.58852, 20.81002 ], [ -156.59354, 20.81298 ], [ -156.59845, 20.81562 ], [ -156.60846, 20.82274 ], [ -156.61543, 20.82679 ], [ -156.62374, 20.83243 ], [ -156.62931, 20.83519 ], [ -156.6414, 20.84017 ], [ -156.6492, 20.84151 ], [ -156.65305, 20.84257 ], [ -156.65326, 20.84285 ], [ -156.65344, 20.84315 ], [ -156.65346, 20.84323 ], [ -156.65349, 20.84325 ], [ -156.65355, 20.84337 ], [ -156.65367, 20.84362 ], [ -156.65376, 20.84397 ], [ -156.65377, 20.84407 ], [ -156.65388, 20.84444 ], [ -156.65401, 20.84473 ], [ -156.65414, 20.84494 ], [ -156.6543, 20.84514 ], [ -156.65443, 20.84534 ], [ -156.65454, 20.84552 ], [ -156.65456, 20.84555 ], [ -156.65456, 20.84559 ], [ -156.65466, 20.84571 ], [ -156.65472, 20.84582 ], [ -156.655, 20.8461 ], [ -156.65507, 20.84628 ], [ -156.65511, 20.84634 ], [ -156.65526, 20.84648 ], [ -156.65547, 20.84658 ], [ -156.65555, 20.84666 ], [ -156.65558, 20.84674 ], [ -156.65559, 20.84681 ], [ -156.65565, 20.84693 ], [ -156.65583, 20.8471 ], [ -156.65615, 20.8474 ], [ -156.65632, 20.84759 ], [ -156.65653, 20.84781 ], [ -156.65668, 20.84796 ], [ -156.6567, 20.84802 ], [ -156.65691, 20.84824 ], [ -156.65701, 20.84847 ], [ -156.65708, 20.84867 ], [ -156.65713, 20.84874 ], [ -156.65723, 20.84888 ], [ -156.65738, 20.84899 ], [ -156.65795, 20.84937 ], [ -156.65825, 20.84964 ], [ -156.65832, 20.84973 ], [ -156.65864, 20.85005 ], [ -156.65873, 20.85013 ], [ -156.659, 20.85038 ], [ -156.65921, 20.85052 ], [ -156.65948, 20.85067 ], [ -156.65979, 20.85087 ], [ -156.65997, 20.851 ], [ -156.66072, 20.85169 ], [ -156.66091, 20.85187 ], [ -156.66126, 20.85209 ], [ -156.66164, 20.85244 ], [ -156.66201, 20.85282 ], [ -156.66226, 20.85314 ], [ -156.66248, 20.85335 ], [ -156.66264, 20.85357 ], [ -156.66269, 20.85365 ], [ -156.66296, 20.85391 ], [ -156.66315, 20.85404 ], [ -156.66331, 20.8542 ], [ -156.6634, 20.85434 ], [ -156.66349, 20.85443 ], [ -156.66366, 20.85454 ], [ -156.66405, 20.85487 ], [ -156.66409, 20.85492 ], [ -156.66418, 20.85501 ], [ -156.6644, 20.85521 ], [ -156.66532, 20.85604 ], [ -156.66552, 20.8562 ], [ -156.66569, 20.85638 ], [ -156.66605, 20.85663 ], [ -156.66658, 20.85708 ], [ -156.66686, 20.85741 ], [ -156.66703, 20.8576 ], [ -156.66744, 20.85786 ], [ -156.66768, 20.85798 ], [ -156.66773, 20.85801 ], [ -156.66782, 20.85804 ], [ -156.66806, 20.8581 ], [ -156.66822, 20.85816 ], [ -156.66853, 20.85824 ], [ -156.66894, 20.85842 ], [ -156.66915, 20.85855 ], [ -156.66931, 20.85869 ], [ -156.66937, 20.85873 ], [ -156.66951, 20.85887 ], [ -156.66965, 20.85914 ], [ -156.66966, 20.85919 ], [ -156.66988, 20.85945 ], [ -156.66992, 20.85952 ], [ -156.66995, 20.85963 ], [ -156.67, 20.85973 ], [ -156.67003, 20.85992 ], [ -156.67008, 20.86009 ], [ -156.67013, 20.8602 ], [ -156.67019, 20.86046 ], [ -156.67019, 20.86065 ], [ -156.67017, 20.86085 ], [ -156.67021, 20.861 ], [ -156.67032, 20.86124 ], [ -156.67035, 20.8613 ], [ -156.67037, 20.86135 ], [ -156.67043, 20.86145 ], [ -156.67081, 20.86187 ], [ -156.67088, 20.86192 ], [ -156.67113, 20.86216 ], [ -156.67127, 20.86238 ], [ -156.67137, 20.86251 ], [ -156.67155, 20.8626 ], [ -156.67171, 20.86268 ], [ -156.67185, 20.86273 ], [ -156.67215, 20.86296 ], [ -156.67249, 20.86329 ], [ -156.67256, 20.86342 ], [ -156.67264, 20.86356 ], [ -156.67268, 20.86366 ], [ -156.67286, 20.86387 ], [ -156.67308, 20.86416 ], [ -156.67311, 20.86422 ], [ -156.67328, 20.86444 ], [ -156.6735, 20.86467 ], [ -156.67364, 20.86488 ], [ -156.67369, 20.86495 ], [ -156.6742, 20.86543 ], [ -156.6744, 20.86567 ], [ -156.67446, 20.86575 ], [ -156.67471, 20.86602 ], [ -156.67492, 20.86619 ], [ -156.67515, 20.86646 ], [ -156.67534, 20.86668 ], [ -156.67557, 20.867 ], [ -156.67568, 20.86718 ], [ -156.67585, 20.86737 ], [ -156.67603, 20.86754 ], [ -156.67616, 20.8677 ], [ -156.67626, 20.8678 ], [ -156.67641, 20.86799 ], [ -156.67659, 20.86819 ], [ -156.67674, 20.86837 ], [ -156.67684, 20.86854 ], [ -156.67702, 20.86876 ], [ -156.67705, 20.86882 ], [ -156.67715, 20.86893 ], [ -156.67724, 20.86906 ], [ -156.67738, 20.86932 ], [ -156.67745, 20.86941 ], [ -156.67756, 20.86965 ], [ -156.6779, 20.86948 ], [ -156.67796, 20.86946 ], [ -156.67801, 20.86947 ], [ -156.67809, 20.86951 ], [ -156.67915, 20.87112 ], [ -156.67932, 20.87104 ], [ -156.67943, 20.87122 ], [ -156.67916, 20.87135 ], [ -156.67927, 20.87151 ], [ -156.67911, 20.87159 ], [ -156.67865, 20.87086 ], [ -156.67875, 20.87081 ], [ -156.67799, 20.86962 ], [ -156.67753, 20.86986 ], [ -156.67859, 20.87175 ], [ -156.67879, 20.87164 ], [ -156.67885, 20.87174 ], [ -156.67891, 20.87183 ], [ -156.67862, 20.87201 ], [ -156.67862, 20.87205 ], [ -156.67881, 20.87232 ], [ -156.6789, 20.87252 ], [ -156.6789, 20.87267 ], [ -156.67885, 20.87273 ], [ -156.67836, 20.87305 ], [ -156.67836, 20.87311 ], [ -156.67864, 20.87342 ], [ -156.67873, 20.87353 ], [ -156.67882, 20.87365 ], [ -156.67893, 20.87384 ], [ -156.67918, 20.87409 ], [ -156.67946, 20.8743 ], [ -156.6796, 20.87442 ], [ -156.67966, 20.87452 ], [ -156.67976, 20.87461 ], [ -156.67984, 20.87473 ], [ -156.67997, 20.87483 ], [ -156.68017, 20.87502 ], [ -156.68021, 20.87508 ], [ -156.68032, 20.8752 ], [ -156.68033, 20.87525 ], [ -156.68041, 20.87535 ], [ -156.68056, 20.87554 ], [ -156.68065, 20.87565 ], [ -156.68083, 20.87589 ], [ -156.6809, 20.87594 ], [ -156.68103, 20.876 ], [ -156.68118, 20.87612 ], [ -156.68127, 20.87624 ], [ -156.68137, 20.87636 ], [ -156.68147, 20.8766 ], [ -156.68148, 20.87679 ], [ -156.68152, 20.87691 ], [ -156.68158, 20.87702 ], [ -156.68176, 20.87725 ], [ -156.68204, 20.8775 ], [ -156.68219, 20.8777 ], [ -156.6824, 20.87798 ], [ -156.68253, 20.87814 ], [ -156.68272, 20.8783 ], [ -156.68294, 20.87844 ], [ -156.68306, 20.87854 ], [ -156.68321, 20.87865 ], [ -156.68333, 20.87877 ], [ -156.68348, 20.87888 ], [ -156.68372, 20.87908 ], [ -156.68383, 20.87916 ], [ -156.68391, 20.87923 ], [ -156.68402, 20.87929 ], [ -156.68421, 20.87944 ], [ -156.6845, 20.87961 ], [ -156.68484, 20.87989 ], [ -156.68502, 20.88001 ], [ -156.6852, 20.8801 ], [ -156.68556, 20.88035 ], [ -156.68568, 20.88047 ], [ -156.68582, 20.88057 ], [ -156.68604, 20.88074 ], [ -156.68653, 20.88108 ], [ -156.68679, 20.88125 ], [ -156.68734, 20.88167 ], [ -156.68753, 20.88186 ], [ -156.68765, 20.88204 ], [ -156.68778, 20.88231 ], [ -156.68782, 20.88245 ], [ -156.68784, 20.88257 ], [ -156.68788, 20.88287 ], [ -156.68783, 20.88308 ], [ -156.68773, 20.88345 ], [ -156.68742, 20.88407 ], [ -156.68728, 20.88429 ], [ -156.68697, 20.88464 ], [ -156.68689, 20.88475 ], [ -156.68682, 20.88481 ], [ -156.6881, 20.88624 ], [ -156.68819, 20.88628 ], [ -156.68866, 20.88682 ], [ -156.68853, 20.88692 ], [ -156.6867, 20.88493 ], [ -156.68669, 20.88495 ], [ -156.68662, 20.88515 ], [ -156.68635, 20.88553 ], [ -156.68633, 20.88555 ], [ -156.68629, 20.88556 ], [ -156.68624, 20.88563 ], [ -156.68615, 20.88577 ], [ -156.68597, 20.88602 ], [ -156.68591, 20.88613 ], [ -156.68579, 20.88638 ], [ -156.68562, 20.88669 ], [ -156.68545, 20.88699 ], [ -156.68542, 20.88708 ], [ -156.68539, 20.88713 ], [ -156.68539, 20.88716 ], [ -156.68529, 20.88734 ], [ -156.68524, 20.88751 ], [ -156.68519, 20.88781 ], [ -156.68515, 20.88823 ], [ -156.68516, 20.88884 ], [ -156.68519, 20.88901 ], [ -156.68521, 20.88927 ], [ -156.68525, 20.88939 ], [ -156.68531, 20.8896 ], [ -156.68535, 20.88966 ], [ -156.68539, 20.88981 ], [ -156.68542, 20.88993 ], [ -156.68548, 20.89006 ], [ -156.68554, 20.89033 ], [ -156.68558, 20.89042 ], [ -156.68564, 20.89061 ], [ -156.68568, 20.89094 ], [ -156.68569, 20.89113 ], [ -156.68566, 20.89127 ], [ -156.68566, 20.89144 ], [ -156.68563, 20.89157 ], [ -156.68562, 20.89203 ], [ -156.68557, 20.8923 ], [ -156.68556, 20.89243 ], [ -156.68553, 20.89259 ], [ -156.68549, 20.89269 ], [ -156.68548, 20.89278 ], [ -156.68546, 20.89285 ], [ -156.68542, 20.89297 ], [ -156.68539, 20.8931 ], [ -156.68532, 20.89322 ], [ -156.68524, 20.89361 ], [ -156.68522, 20.89383 ], [ -156.68517, 20.89411 ], [ -156.68515, 20.89436 ], [ -156.68511, 20.89464 ], [ -156.68509, 20.8947 ], [ -156.68507, 20.89497 ], [ -156.6851, 20.89517 ], [ -156.68514, 20.89531 ], [ -156.68515, 20.89545 ], [ -156.6852, 20.89564 ], [ -156.68532, 20.89593 ], [ -156.68535, 20.89597 ], [ -156.68542, 20.89615 ], [ -156.68547, 20.89636 ], [ -156.68548, 20.89651 ], [ -156.68544, 20.89662 ], [ -156.68533, 20.89676 ], [ -156.68524, 20.8969 ], [ -156.68517, 20.89708 ], [ -156.68517, 20.89739 ], [ -156.68519, 20.89746 ], [ -156.6852, 20.89767 ], [ -156.68517, 20.89781 ], [ -156.68516, 20.89806 ], [ -156.68517, 20.89811 ], [ -156.68518, 20.8982 ], [ -156.68522, 20.89834 ], [ -156.68523, 20.89852 ], [ -156.6852, 20.89859 ], [ -156.68515, 20.89879 ], [ -156.68514, 20.89915 ], [ -156.68513, 20.89947 ], [ -156.68511, 20.89964 ], [ -156.68507, 20.89977 ], [ -156.68499, 20.89994 ], [ -156.68498, 20.90005 ], [ -156.68496, 20.90009 ], [ -156.68495, 20.9004 ], [ -156.68489, 20.90072 ], [ -156.68489, 20.90094 ], [ -156.68491, 20.90126 ], [ -156.68495, 20.90141 ], [ -156.68495, 20.90155 ], [ -156.68499, 20.90168 ], [ -156.68506, 20.90199 ], [ -156.6851, 20.90212 ], [ -156.68513, 20.90223 ], [ -156.68516, 20.90232 ], [ -156.68524, 20.9025 ], [ -156.68532, 20.90274 ], [ -156.68535, 20.90281 ], [ -156.68537, 20.90293 ], [ -156.68544, 20.90303 ], [ -156.68558, 20.90333 ], [ -156.68572, 20.90368 ], [ -156.68586, 20.90394 ], [ -156.68604, 20.90419 ], [ -156.68612, 20.90434 ], [ -156.68624, 20.9045 ], [ -156.68635, 20.90469 ], [ -156.6865, 20.90484 ], [ -156.68662, 20.90498 ], [ -156.6869, 20.90537 ], [ -156.68694, 20.90545 ], [ -156.68701, 20.90553 ], [ -156.68717, 20.90581 ], [ -156.68731, 20.90605 ], [ -156.68736, 20.90619 ], [ -156.68739, 20.90624 ], [ -156.6875, 20.90654 ], [ -156.68759, 20.90671 ], [ -156.68768, 20.90694 ], [ -156.68777, 20.90715 ], [ -156.68789, 20.90742 ], [ -156.68797, 20.90754 ], [ -156.68803, 20.90768 ], [ -156.68806, 20.90773 ], [ -156.68811, 20.90785 ], [ -156.68817, 20.90811 ], [ -156.68823, 20.90832 ], [ -156.68837, 20.90858 ], [ -156.68856, 20.90892 ], [ -156.6888, 20.90927 ], [ -156.68899, 20.90945 ], [ -156.68922, 20.90964 ], [ -156.68945, 20.90984 ], [ -156.68968, 20.91003 ], [ -156.68989, 20.91022 ], [ -156.69021, 20.91041 ], [ -156.69031, 20.91052 ], [ -156.69032, 20.91068 ], [ -156.69034, 20.91072 ], [ -156.69045, 20.9107 ], [ -156.69052, 20.91069 ], [ -156.69065, 20.91074 ], [ -156.69084, 20.9109 ], [ -156.69103, 20.91103 ], [ -156.69126, 20.91111 ], [ -156.69175, 20.91139 ], [ -156.69206, 20.91153 ], [ -156.69233, 20.91167 ], [ -156.69281, 20.91203 ], [ -156.69297, 20.91218 ], [ -156.69314, 20.91235 ], [ -156.69355, 20.91259 ], [ -156.694, 20.9128 ], [ -156.69444, 20.913 ], [ -156.69461, 20.91311 ], [ -156.69475, 20.91323 ], [ -156.69485, 20.91346 ], [ -156.69529, 20.91387 ], [ -156.69544, 20.91403 ], [ -156.69551, 20.91415 ], [ -156.69561, 20.91436 ], [ -156.69566, 20.91442 ], [ -156.69584, 20.91455 ], [ -156.69602, 20.91472 ], [ -156.69613, 20.91485 ], [ -156.69621, 20.91505 ], [ -156.69632, 20.91522 ], [ -156.69659, 20.91574 ], [ -156.69674, 20.91613 ], [ -156.69686, 20.9165 ], [ -156.69714, 20.91688 ], [ -156.69721, 20.91704 ], [ -156.69722, 20.91727 ], [ -156.6972, 20.91738 ], [ -156.69714, 20.91754 ], [ -156.69706, 20.91766 ], [ -156.69697, 20.91783 ], [ -156.69697, 20.91803 ], [ -156.69697, 20.91833 ], [ -156.69677, 20.91869 ], [ -156.69673, 20.91882 ], [ -156.69666, 20.91916 ], [ -156.69661, 20.91932 ], [ -156.69658, 20.91948 ], [ -156.69651, 20.91973 ], [ -156.69641, 20.9201 ], [ -156.6964, 20.92025 ], [ -156.69635, 20.92051 ], [ -156.6963, 20.92068 ], [ -156.69625, 20.9209 ], [ -156.69624, 20.92101 ], [ -156.69622, 20.92107 ], [ -156.69619, 20.92118 ], [ -156.69613, 20.92139 ], [ -156.69612, 20.92145 ], [ -156.69606, 20.92163 ], [ -156.69604, 20.92198 ], [ -156.69594, 20.92227 ], [ -156.69579, 20.92251 ], [ -156.69565, 20.92279 ], [ -156.69559, 20.92302 ], [ -156.69555, 20.92325 ], [ -156.69553, 20.92356 ], [ -156.69551, 20.92363 ], [ -156.69547, 20.92384 ], [ -156.69544, 20.92391 ], [ -156.6954, 20.92419 ], [ -156.69537, 20.92429 ], [ -156.69535, 20.92444 ], [ -156.69528, 20.92475 ], [ -156.69528, 20.92511 ], [ -156.69529, 20.92521 ], [ -156.69531, 20.92535 ], [ -156.69535, 20.92547 ], [ -156.69536, 20.92553 ], [ -156.69539, 20.92559 ], [ -156.69544, 20.9259 ], [ -156.69554, 20.92615 ], [ -156.69559, 20.92625 ], [ -156.69568, 20.92642 ], [ -156.69579, 20.92658 ], [ -156.69593, 20.92672 ], [ -156.69599, 20.92675 ], [ -156.69611, 20.92678 ], [ -156.69621, 20.92678 ], [ -156.69649, 20.92668 ], [ -156.69678, 20.9265 ], [ -156.6969, 20.92646 ], [ -156.69695, 20.92651 ], [ -156.69694, 20.92654 ], [ -156.69687, 20.9266 ], [ -156.69669, 20.92671 ], [ -156.69663, 20.92678 ], [ -156.69662, 20.92691 ], [ -156.69666, 20.92702 ], [ -156.69672, 20.92709 ], [ -156.69687, 20.92716 ], [ -156.69696, 20.92717 ], [ -156.69699, 20.92714 ], [ -156.69702, 20.92699 ], [ -156.69707, 20.92698 ], [ -156.69714, 20.92703 ], [ -156.69716, 20.92709 ], [ -156.69714, 20.92731 ], [ -156.69708, 20.92742 ], [ -156.69695, 20.92747 ], [ -156.69676, 20.92756 ], [ -156.69657, 20.92778 ], [ -156.69651, 20.92786 ], [ -156.69645, 20.92795 ], [ -156.69633, 20.92805 ], [ -156.69605, 20.92831 ], [ -156.69598, 20.92838 ], [ -156.69584, 20.92859 ], [ -156.6957, 20.92868 ], [ -156.69553, 20.92869 ], [ -156.69498, 20.92848 ], [ -156.69494, 20.92853 ], [ -156.69493, 20.9286 ], [ -156.69554, 20.92881 ], [ -156.69562, 20.92887 ], [ -156.69563, 20.92891 ], [ -156.69555, 20.92897 ], [ -156.69545, 20.92896 ], [ -156.6952, 20.92885 ], [ -156.69494, 20.92879 ], [ -156.69477, 20.92881 ], [ -156.69465, 20.9289 ], [ -156.69439, 20.92921 ], [ -156.69428, 20.9294 ], [ -156.69408, 20.9297 ], [ -156.69404, 20.92979 ], [ -156.69402, 20.92991 ], [ -156.69398, 20.93003 ], [ -156.69395, 20.93025 ], [ -156.6939, 20.93042 ], [ -156.69389, 20.93071 ], [ -156.69386, 20.9308 ], [ -156.69376, 20.93102 ], [ -156.69362, 20.93117 ], [ -156.69354, 20.9313 ], [ -156.6935, 20.93143 ], [ -156.69346, 20.9315 ], [ -156.69345, 20.93156 ], [ -156.69338, 20.93174 ], [ -156.69328, 20.93214 ], [ -156.69325, 20.93241 ], [ -156.69319, 20.93258 ], [ -156.69318, 20.93313 ], [ -156.69316, 20.93327 ], [ -156.69313, 20.93337 ], [ -156.6931, 20.93353 ], [ -156.69308, 20.934 ], [ -156.69305, 20.93416 ], [ -156.69302, 20.93451 ], [ -156.69302, 20.93486 ], [ -156.693, 20.93556 ], [ -156.69301, 20.93621 ], [ -156.69303, 20.93631 ], [ -156.69303, 20.93666 ], [ -156.69303, 20.93694 ], [ -156.69303, 20.93732 ], [ -156.69302, 20.93838 ], [ -156.69298, 20.93868 ], [ -156.69294, 20.93882 ], [ -156.6929, 20.93907 ], [ -156.69282, 20.93941 ], [ -156.6928, 20.93967 ], [ -156.69278, 20.93971 ], [ -156.69275, 20.94001 ], [ -156.69275, 20.94043 ], [ -156.69269, 20.94056 ], [ -156.69263, 20.94078 ], [ -156.6926, 20.94097 ], [ -156.69258, 20.94139 ], [ -156.69256, 20.94145 ], [ -156.69256, 20.94201 ], [ -156.69254, 20.94215 ], [ -156.6925, 20.94264 ], [ -156.69245, 20.94283 ], [ -156.69243, 20.94339 ], [ -156.69245, 20.94376 ], [ -156.69249, 20.94394 ], [ -156.69249, 20.94436 ], [ -156.69244, 20.94456 ], [ -156.69242, 20.94514 ], [ -156.69242, 20.94541 ], [ -156.69241, 20.94553 ], [ -156.69239, 20.94582 ], [ -156.69238, 20.94591 ], [ -156.69237, 20.9463 ], [ -156.69234, 20.94649 ], [ -156.69232, 20.94668 ], [ -156.69031, 20.94802 ], [ -156.68492, 20.95203 ], [ -156.6775, 20.95945 ], [ -156.67073, 20.96505 ], [ -156.66573, 20.97242 ], [ -156.66212, 20.98084 ], [ -156.66189, 20.98758 ], [ -156.6615, 20.99365 ], [ -156.66305, 20.99911 ], [ -156.66531, 21.00427 ], [ -156.66632, 21.00645 ], [ -156.66623, 21.00631 ], [ -156.66609, 21.00619 ], [ -156.66579, 21.00599 ], [ -156.66564, 21.00588 ], [ -156.6656, 21.00589 ], [ -156.66555, 21.00593 ], [ -156.66551, 21.00598 ], [ -156.66542, 21.00602 ], [ -156.66534, 21.00601 ], [ -156.66527, 21.00599 ], [ -156.6652, 21.0059 ], [ -156.66512, 21.00574 ], [ -156.66496, 21.00553 ], [ -156.66477, 21.00538 ], [ -156.66455, 21.00525 ], [ -156.66447, 21.00516 ], [ -156.66434, 21.00487 ], [ -156.66419, 21.00465 ], [ -156.6641, 21.00458 ], [ -156.66402, 21.00459 ], [ -156.66395, 21.0046 ], [ -156.66371, 21.0047 ], [ -156.66367, 21.0047 ], [ -156.66364, 21.00467 ], [ -156.66368, 21.00452 ], [ -156.66361, 21.00444 ], [ -156.66359, 21.0043 ], [ -156.6635, 21.00419 ], [ -156.66341, 21.00419 ], [ -156.66337, 21.00423 ], [ -156.66332, 21.00437 ], [ -156.66329, 21.00439 ], [ -156.66323, 21.00438 ], [ -156.66316, 21.00434 ], [ -156.66295, 21.00412 ], [ -156.66284, 21.00398 ], [ -156.66277, 21.00393 ], [ -156.66268, 21.00396 ], [ -156.66249, 21.00414 ], [ -156.66237, 21.00415 ], [ -156.66226, 21.00411 ], [ -156.66215, 21.00411 ], [ -156.66209, 21.00415 ], [ -156.66201, 21.00424 ], [ -156.66184, 21.00425 ], [ -156.66181, 21.00431 ], [ -156.66177, 21.00454 ], [ -156.66172, 21.00456 ], [ -156.66164, 21.00444 ], [ -156.66153, 21.00433 ], [ -156.66137, 21.00423 ], [ -156.66118, 21.00418 ], [ -156.66098, 21.00419 ], [ -156.66034, 21.00422 ], [ -156.65984, 21.00433 ], [ -156.65939, 21.00432 ], [ -156.65914, 21.0044 ], [ -156.65896, 21.00445 ], [ -156.65817, 21.00447 ], [ -156.65796, 21.00447 ], [ -156.65781, 21.00451 ], [ -156.65776, 21.00457 ], [ -156.65772, 21.00484 ], [ -156.65762, 21.00502 ], [ -156.65753, 21.0051 ], [ -156.65742, 21.00516 ], [ -156.65733, 21.00516 ], [ -156.65727, 21.00512 ], [ -156.65722, 21.00505 ], [ -156.65715, 21.00498 ], [ -156.65706, 21.00499 ], [ -156.65701, 21.00505 ], [ -156.65697, 21.00512 ], [ -156.65691, 21.00516 ], [ -156.65686, 21.00512 ], [ -156.65679, 21.00506 ], [ -156.65671, 21.00506 ], [ -156.65664, 21.00512 ], [ -156.65655, 21.00524 ], [ -156.65637, 21.00527 ], [ -156.65634, 21.00532 ], [ -156.65635, 21.00554 ], [ -156.6564, 21.00579 ], [ -156.65642, 21.00597 ], [ -156.65642, 21.00668 ], [ -156.65646, 21.00684 ], [ -156.65649, 21.00706 ], [ -156.65651, 21.00712 ], [ -156.65652, 21.0077 ], [ -156.65659, 21.00782 ], [ -156.65688, 21.00813 ], [ -156.65696, 21.00826 ], [ -156.65698, 21.00836 ], [ -156.65697, 21.00852 ], [ -156.6569, 21.0086 ], [ -156.65667, 21.00866 ], [ -156.6566, 21.00865 ], [ -156.65652, 21.00863 ], [ -156.65649, 21.0086 ], [ -156.65644, 21.00847 ], [ -156.65643, 21.00831 ], [ -156.65637, 21.00814 ], [ -156.65622, 21.00787 ], [ -156.65615, 21.00782 ], [ -156.65606, 21.00782 ], [ -156.65606, 21.00788 ], [ -156.65612, 21.00797 ], [ -156.65612, 21.00809 ], [ -156.65606, 21.00814 ], [ -156.65599, 21.00818 ], [ -156.65591, 21.00812 ], [ -156.65589, 21.00804 ], [ -156.65585, 21.00796 ], [ -156.65585, 21.00785 ], [ -156.65576, 21.00776 ], [ -156.65574, 21.00756 ], [ -156.65567, 21.00751 ], [ -156.65564, 21.00745 ], [ -156.65562, 21.0073 ], [ -156.65559, 21.00724 ], [ -156.65558, 21.0071 ], [ -156.65556, 21.00695 ], [ -156.65552, 21.00692 ], [ -156.65546, 21.00693 ], [ -156.65541, 21.00701 ], [ -156.65534, 21.007 ], [ -156.65525, 21.00692 ], [ -156.65519, 21.00683 ], [ -156.65515, 21.00665 ], [ -156.65514, 21.00618 ], [ -156.65511, 21.00607 ], [ -156.65498, 21.0059 ], [ -156.65483, 21.00582 ], [ -156.65446, 21.00571 ], [ -156.65419, 21.00558 ], [ -156.65408, 21.0055 ], [ -156.65399, 21.00538 ], [ -156.65396, 21.0053 ], [ -156.65395, 21.00485 ], [ -156.65384, 21.00474 ], [ -156.65379, 21.00472 ], [ -156.65357, 21.00465 ], [ -156.65312, 21.00464 ], [ -156.65256, 21.00471 ], [ -156.65191, 21.00487 ], [ -156.65123, 21.00506 ], [ -156.65031, 21.00529 ], [ -156.65, 21.00539 ], [ -156.64976, 21.00556 ], [ -156.64963, 21.00567 ], [ -156.6496, 21.00583 ], [ -156.64952, 21.0059 ], [ -156.64932, 21.00598 ], [ -156.64921, 21.00608 ], [ -156.64911, 21.00619 ], [ -156.64905, 21.00632 ], [ -156.64897, 21.00654 ], [ -156.64893, 21.00683 ], [ -156.64888, 21.00691 ], [ -156.64871, 21.00709 ], [ -156.6486, 21.00719 ], [ -156.64857, 21.00729 ], [ -156.64841, 21.00743 ], [ -156.64813, 21.00758 ], [ -156.64791, 21.00771 ], [ -156.64781, 21.00783 ], [ -156.6477, 21.00806 ], [ -156.64754, 21.00826 ], [ -156.64727, 21.00851 ], [ -156.64715, 21.00872 ], [ -156.64712, 21.00879 ], [ -156.64704, 21.00878 ], [ -156.64687, 21.00871 ], [ -156.64671, 21.00871 ], [ -156.64652, 21.00881 ], [ -156.64643, 21.00892 ], [ -156.6464, 21.009 ], [ -156.64639, 21.00931 ], [ -156.64637, 21.00941 ], [ -156.64633, 21.00949 ], [ -156.64608, 21.00954 ], [ -156.646, 21.0096 ], [ -156.646, 21.0098 ], [ -156.64598, 21.00987 ], [ -156.64588, 21.01002 ], [ -156.64588, 21.0102 ], [ -156.64589, 21.01025 ], [ -156.64599, 21.0103 ], [ -156.64619, 21.01037 ], [ -156.64631, 21.0104 ], [ -156.6466, 21.01068 ], [ -156.6467, 21.01081 ], [ -156.64674, 21.011 ], [ -156.64677, 21.01104 ], [ -156.64678, 21.01116 ], [ -156.64675, 21.0112 ], [ -156.6466, 21.01123 ], [ -156.64637, 21.01118 ], [ -156.64624, 21.01118 ], [ -156.64619, 21.01123 ], [ -156.64618, 21.01145 ], [ -156.64616, 21.01149 ], [ -156.64609, 21.01154 ], [ -156.64585, 21.01132 ], [ -156.6458, 21.0113 ], [ -156.6456, 21.01143 ], [ -156.64532, 21.01158 ], [ -156.64527, 21.01171 ], [ -156.64527, 21.0119 ], [ -156.64528, 21.01208 ], [ -156.64528, 21.01221 ], [ -156.64522, 21.01223 ], [ -156.64515, 21.01218 ], [ -156.64485, 21.01189 ], [ -156.64479, 21.01175 ], [ -156.64477, 21.01161 ], [ -156.64475, 21.01159 ], [ -156.64437, 21.01145 ] ] ] ] } },
{ "type": "Feature", "properties": { "objectid": 45, "solar_cal": "450-500", "st_areasha": 701.54757496347406, "st_perimet": 123.52869577382987 }, "geometry": { "type": "MultiPolygon", "coordinates": [ [ [ [ -156.64146, 21.01405 ], [ -156.64134, 21.01403 ], [ -156.64132, 21.01403 ], [ -156.64145, 21.01367 ], [ -156.64151, 21.01373 ], [ -156.64152, 21.01385 ], [ -156.64154, 21.01392 ], [ -156.64163, 21.01402 ], [ -156.64163, 21.01406 ], [ -156.64153, 21.01407 ], [ -156.64146, 21.01405 ] ] ] ] } },
{ "type": "Feature", "properties": { "objectid": 47, "solar_cal": "450-500", "st_areasha": 787994.35240161174, "st_perimet": 8146.6428330298177 }, "geometry": { "type": "MultiPolygon", "coordinates": [ [ [ [ -156.63032, 21.02534 ], [ -156.63028, 21.02519 ], [ -156.63026, 21.02517 ], [ -156.63019, 21.02495 ], [ -156.63017, 21.02486 ], [ -156.63014, 21.0248 ], [ -156.63013, 21.02456 ], [ -156.63009, 21.0244 ], [ -156.63007, 21.02412 ], [ -156.63003, 21.02402 ], [ -156.62996, 21.02393 ], [ -156.62984, 21.02384 ], [ -156.62956, 21.0237 ], [ -156.62928, 21.02365 ], [ -156.62908, 21.02359 ], [ -156.62907, 21.02356 ], [ -156.62898, 21.02347 ], [ -156.62875, 21.0234 ], [ -156.62859, 21.02332 ], [ -156.62851, 21.02324 ], [ -156.6284, 21.0232 ], [ -156.62837, 21.02311 ], [ -156.62827, 21.02301 ], [ -156.62799, 21.02288 ], [ -156.62796, 21.02284 ], [ -156.62787, 21.02273 ], [ -156.62781, 21.02268 ], [ -156.62763, 21.02259 ], [ -156.62721, 21.02252 ], [ -156.62697, 21.02253 ], [ -156.62654, 21.02239 ], [ -156.62651, 21.02237 ], [ -156.62634, 21.02235 ], [ -156.62539, 21.02226 ], [ -156.62458, 21.02224 ], [ -156.62399, 21.02224 ], [ -156.6238, 21.02228 ], [ -156.62361, 21.02235 ], [ -156.6235, 21.02245 ], [ -156.62342, 21.02246 ], [ -156.62334, 21.02243 ], [ -156.62328, 21.02248 ], [ -156.6232, 21.0225 ], [ -156.62312, 21.02244 ], [ -156.62298, 21.0224 ], [ -156.62284, 21.02239 ], [ -156.62229, 21.02244 ], [ -156.62206, 21.02248 ], [ -156.62191, 21.02254 ], [ -156.62167, 21.02262 ], [ -156.62134, 21.02263 ], [ -156.62117, 21.02266 ], [ -156.62096, 21.02277 ], [ -156.62088, 21.02286 ], [ -156.62077, 21.0231 ], [ -156.62076, 21.02316 ], [ -156.62069, 21.0233 ], [ -156.6206, 21.02342 ], [ -156.62056, 21.02347 ], [ -156.62058, 21.02353 ], [ -156.62058, 21.02366 ], [ -156.62053, 21.02369 ], [ -156.62045, 21.02369 ], [ -156.62034, 21.02369 ], [ -156.62023, 21.02373 ], [ -156.62002, 21.02383 ], [ -156.61983, 21.02393 ], [ -156.61973, 21.02389 ], [ -156.61966, 21.02388 ], [ -156.6196, 21.02388 ], [ -156.61953, 21.02392 ], [ -156.61937, 21.02396 ], [ -156.61929, 21.02393 ], [ -156.61917, 21.02386 ], [ -156.61904, 21.02381 ], [ -156.61899, 21.0238 ], [ -156.6189, 21.02384 ], [ -156.61888, 21.02393 ], [ -156.61882, 21.0241 ], [ -156.61875, 21.02419 ], [ -156.61875, 21.02433 ], [ -156.61871, 21.02435 ], [ -156.61858, 21.02424 ], [ -156.61847, 21.02419 ], [ -156.61833, 21.0242 ], [ -156.61794, 21.02422 ], [ -156.61777, 21.02428 ], [ -156.61758, 21.02433 ], [ -156.61742, 21.02432 ], [ -156.61724, 21.02429 ], [ -156.61703, 21.0243 ], [ -156.61688, 21.02432 ], [ -156.61686, 21.02436 ], [ -156.61684, 21.02441 ], [ -156.61676, 21.02444 ], [ -156.61675, 21.02451 ], [ -156.6167, 21.02455 ], [ -156.61671, 21.02468 ], [ -156.61673, 21.02471 ], [ -156.61672, 21.02478 ], [ -156.61668, 21.0248 ], [ -156.61658, 21.02479 ], [ -156.61641, 21.02472 ], [ -156.61614, 21.02454 ], [ -156.61595, 21.02438 ], [ -156.6158, 21.02429 ], [ -156.61535, 21.02417 ], [ -156.61508, 21.02408 ], [ -156.61489, 21.02399 ], [ -156.61458, 21.02388 ], [ -156.61418, 21.02371 ], [ -156.61387, 21.0235 ], [ -156.61368, 21.02339 ], [ -156.61339, 21.02333 ], [ -156.61279, 21.02325 ], [ -156.61263, 21.02319 ], [ -156.61244, 21.0231 ], [ -156.61204, 21.02272 ], [ -156.61199, 21.02264 ], [ -156.61185, 21.02251 ], [ -156.61586, 21.02261 ], [ -156.62044, 21.02202 ], [ -156.62665, 21.02184 ], [ -156.63366, 21.02158 ], [ -156.63682, 21.02084 ], [ -156.6401, 21.01698 ], [ -156.6401, 21.01703 ], [ -156.64006, 21.01714 ], [ -156.64001, 21.01722 ], [ -156.64, 21.0173 ], [ -156.64003, 21.01738 ], [ -156.64012, 21.01775 ], [ -156.6402, 21.01795 ], [ -156.64032, 21.01807 ], [ -156.64059, 21.01817 ], [ -156.64064, 21.01821 ], [ -156.64064, 21.01826 ], [ -156.64062, 21.01829 ], [ -156.64061, 21.01834 ], [ -156.64084, 21.01849 ], [ -156.64103, 21.01863 ], [ -156.64113, 21.01874 ], [ -156.64124, 21.01895 ], [ -156.64132, 21.01917 ], [ -156.64132, 21.0195 ], [ -156.6413, 21.01962 ], [ -156.64127, 21.01971 ], [ -156.64116, 21.01984 ], [ -156.64099, 21.01999 ], [ -156.64098, 21.02007 ], [ -156.64102, 21.02017 ], [ -156.64106, 21.02025 ], [ -156.64115, 21.02046 ], [ -156.64124, 21.02071 ], [ -156.64126, 21.0209 ], [ -156.64126, 21.02117 ], [ -156.64127, 21.02138 ], [ -156.64126, 21.0216 ], [ -156.64113, 21.02182 ], [ -156.64113, 21.02199 ], [ -156.64129, 21.02221 ], [ -156.64129, 21.02229 ], [ -156.64122, 21.02235 ], [ -156.64111, 21.02246 ], [ -156.6411, 21.02253 ], [ -156.64106, 21.02254 ], [ -156.64094, 21.02248 ], [ -156.6408, 21.02248 ], [ -156.64075, 21.02256 ], [ -156.64075, 21.02266 ], [ -156.64084, 21.02277 ], [ -156.64106, 21.02288 ], [ -156.6411, 21.02306 ], [ -156.64115, 21.02312 ], [ -156.64116, 21.02317 ], [ -156.6411, 21.02322 ], [ -156.64109, 21.02329 ], [ -156.64113, 21.02334 ], [ -156.64119, 21.02346 ], [ -156.64124, 21.02371 ], [ -156.64125, 21.02392 ], [ -156.64123, 21.02396 ], [ -156.64116, 21.02406 ], [ -156.64105, 21.02409 ], [ -156.64099, 21.02407 ], [ -156.64091, 21.02402 ], [ -156.64087, 21.02395 ], [ -156.64085, 21.02386 ], [ -156.64082, 21.02379 ], [ -156.64076, 21.02372 ], [ -156.64071, 21.0237 ], [ -156.64055, 21.02378 ], [ -156.64041, 21.02381 ], [ -156.6401, 21.02381 ], [ -156.64008, 21.02387 ], [ -156.64011, 21.02395 ], [ -156.64012, 21.02409 ], [ -156.64004, 21.02416 ], [ -156.64, 21.02422 ], [ -156.63999, 21.02429 ], [ -156.64008, 21.02444 ], [ -156.64009, 21.02454 ], [ -156.64003, 21.02456 ], [ -156.63997, 21.02456 ], [ -156.63988, 21.02447 ], [ -156.63973, 21.02442 ], [ -156.63969, 21.02441 ], [ -156.63961, 21.02449 ], [ -156.63957, 21.02455 ], [ -156.63954, 21.0248 ], [ -156.63935, 21.02503 ], [ -156.63926, 21.02511 ], [ -156.63918, 21.02515 ], [ -156.63907, 21.02515 ], [ -156.639, 21.02509 ], [ -156.63895, 21.02498 ], [ -156.63894, 21.02475 ], [ -156.63892, 21.02473 ], [ -156.63874, 21.02471 ], [ -156.63864, 21.02465 ], [ -156.63855, 21.02464 ], [ -156.63845, 21.02467 ], [ -156.63838, 21.02465 ], [ -156.63826, 21.02453 ], [ -156.63807, 21.02436 ], [ -156.63793, 21.02429 ], [ -156.63776, 21.02422 ], [ -156.63755, 21.02412 ], [ -156.63733, 21.02412 ], [ -156.63726, 21.02413 ], [ -156.63699, 21.02424 ], [ -156.63685, 21.02425 ], [ -156.63661, 21.02432 ], [ -156.63656, 21.02437 ], [ -156.63654, 21.02461 ], [ -156.63647, 21.02469 ], [ -156.63619, 21.0247 ], [ -156.6361, 21.02477 ], [ -156.63606, 21.02484 ], [ -156.63591, 21.02498 ], [ -156.63565, 21.02513 ], [ -156.63548, 21.02517 ], [ -156.63539, 21.02517 ], [ -156.63527, 21.02516 ], [ -156.63515, 21.02525 ], [ -156.63497, 21.02531 ], [ -156.63463, 21.02536 ], [ -156.63449, 21.02533 ], [ -156.63421, 21.0252 ], [ -156.6341, 21.02519 ], [ -156.63398, 21.02527 ], [ -156.63386, 21.0253 ], [ -156.63385, 21.02529 ], [ -156.63383, 21.02522 ], [ -156.63376, 21.02515 ], [ -156.63361, 21.02512 ], [ -156.6334, 21.02512 ], [ -156.63317, 21.02519 ], [ -156.63296, 21.0253 ], [ -156.63286, 21.02533 ], [ -156.63283, 21.0253 ], [ -156.63283, 21.02528 ], [ -156.63289, 21.02519 ], [ -156.63289, 21.02509 ], [ -156.6328, 21.02502 ], [ -156.63272, 21.02493 ], [ -156.63272, 21.02474 ], [ -156.6327, 21.02469 ], [ -156.63262, 21.02461 ], [ -156.63244, 21.02456 ], [ -156.63223, 21.02455 ], [ -156.63205, 21.02464 ], [ -156.63197, 21.02461 ], [ -156.6319, 21.0246 ], [ -156.63184, 21.02463 ], [ -156.63177, 21.02469 ], [ -156.63175, 21.02479 ], [ -156.63178, 21.02483 ], [ -156.63178, 21.02494 ], [ -156.63172, 21.02496 ], [ -156.63166, 21.02493 ], [ -156.6316, 21.02487 ], [ -156.63159, 21.02459 ], [ -156.63154, 21.02451 ], [ -156.63148, 21.02447 ], [ -156.63133, 21.02441 ], [ -156.63118, 21.02441 ], [ -156.63102, 21.02448 ], [ -156.63092, 21.02459 ], [ -156.63084, 21.02473 ], [ -156.63078, 21.02495 ], [ -156.6306, 21.02504 ], [ -156.63049, 21.02514 ], [ -156.63045, 21.02524 ], [ -156.63043, 21.02543 ], [ -156.63038, 21.02544 ], [ -156.63032, 21.02534 ] ] ] ] } },
{ "type": "Feature", "properties": { "objectid": 48, "solar_cal": "450-500", "st_areasha": 3605033.4156267825, "st_perimet": 15790.403975055044 }, "geometry": { "type": "MultiPolygon", "coordinates": [ [ [ [ -156.60176, 21.03135 ], [ -156.6016, 21.03131 ], [ -156.60133, 21.0313 ], [ -156.60109, 21.03134 ], [ -156.60102, 21.03127 ], [ -156.60088, 21.03114 ], [ -156.60072, 21.03106 ], [ -156.60063, 21.03103 ], [ -156.60015, 21.03103 ], [ -156.6001, 21.03101 ], [ -156.59984, 21.03084 ], [ -156.59938, 21.03058 ], [ -156.59922, 21.03052 ], [ -156.59813, 21.03049 ], [ -156.59798, 21.03055 ], [ -156.5978, 21.03053 ], [ -156.5975, 21.03047 ], [ -156.59732, 21.03047 ], [ -156.59704, 21.03061 ], [ -156.59683, 21.03071 ], [ -156.59672, 21.03079 ], [ -156.59656, 21.03087 ], [ -156.59636, 21.0309 ], [ -156.59627, 21.03087 ], [ -156.59587, 21.03078 ], [ -156.5957, 21.03072 ], [ -156.59554, 21.03059 ], [ -156.59537, 21.03051 ], [ -156.59507, 21.03049 ], [ -156.59484, 21.03043 ], [ -156.59459, 21.03034 ], [ -156.59446, 21.03033 ], [ -156.59437, 21.0303 ], [ -156.5941, 21.03023 ], [ -156.59397, 21.03021 ], [ -156.59382, 21.03025 ], [ -156.59361, 21.03037 ], [ -156.5935, 21.03048 ], [ -156.59334, 21.03065 ], [ -156.59323, 21.03079 ], [ -156.59316, 21.03081 ], [ -156.59314, 21.03079 ], [ -156.59321, 21.03058 ], [ -156.59322, 21.03027 ], [ -156.59316, 21.03013 ], [ -156.59316, 21.03002 ], [ -156.59328, 21.02988 ], [ -156.59336, 21.02976 ], [ -156.59337, 21.02956 ], [ -156.59333, 21.02948 ], [ -156.59319, 21.02934 ], [ -156.59304, 21.02923 ], [ -156.5925, 21.02899 ], [ -156.59211, 21.02898 ], [ -156.59197, 21.02896 ], [ -156.59176, 21.02888 ], [ -156.59166, 21.02888 ], [ -156.59163, 21.0289 ], [ -156.59162, 21.02898 ], [ -156.5916, 21.02917 ], [ -156.59159, 21.02924 ], [ -156.59154, 21.02947 ], [ -156.59152, 21.02949 ], [ -156.59136, 21.02955 ], [ -156.5912, 21.02955 ], [ -156.59106, 21.02956 ], [ -156.59072, 21.02965 ], [ -156.5907, 21.02964 ], [ -156.5907, 21.02959 ], [ -156.59075, 21.02948 ], [ -156.59079, 21.02936 ], [ -156.59076, 21.0293 ], [ -156.59067, 21.02929 ], [ -156.59036, 21.02936 ], [ -156.58993, 21.02937 ], [ -156.58967, 21.02943 ], [ -156.58934, 21.02958 ], [ -156.5892, 21.02969 ], [ -156.58914, 21.02976 ], [ -156.58892, 21.03004 ], [ -156.58884, 21.03019 ], [ -156.5888, 21.03029 ], [ -156.58879, 21.03051 ], [ -156.58876, 21.03058 ], [ -156.58869, 21.03065 ], [ -156.58868, 21.03078 ], [ -156.58867, 21.03082 ], [ -156.58857, 21.03085 ], [ -156.58853, 21.03083 ], [ -156.58852, 21.03072 ], [ -156.58858, 21.03063 ], [ -156.5886, 21.03058 ], [ -156.58857, 21.03054 ], [ -156.58845, 21.03052 ], [ -156.58844, 21.03051 ], [ -156.58845, 21.03043 ], [ -156.58845, 21.03037 ], [ -156.5884, 21.03036 ], [ -156.58826, 21.03041 ], [ -156.58824, 21.03039 ], [ -156.58821, 21.03035 ], [ -156.58821, 21.03025 ], [ -156.58821, 21.03009 ], [ -156.58814, 21.03002 ], [ -156.58806, 21.03 ], [ -156.58803, 21.02996 ], [ -156.58813, 21.02977 ], [ -156.58834, 21.02948 ], [ -156.58834, 21.02902 ], [ -156.58826, 21.02887 ], [ -156.58826, 21.02879 ], [ -156.58841, 21.02872 ], [ -156.58851, 21.02863 ], [ -156.58853, 21.02854 ], [ -156.58853, 21.02836 ], [ -156.5884, 21.02832 ], [ -156.58835, 21.02824 ], [ -156.58835, 21.02812 ], [ -156.58841, 21.028 ], [ -156.58842, 21.0279 ], [ -156.58839, 21.02787 ], [ -156.58823, 21.02781 ], [ -156.5882, 21.02777 ], [ -156.5882, 21.02769 ], [ -156.58833, 21.02754 ], [ -156.58838, 21.02746 ], [ -156.58838, 21.02727 ], [ -156.58834, 21.02722 ], [ -156.58826, 21.02716 ], [ -156.58823, 21.02711 ], [ -156.58822, 21.02696 ], [ -156.58814, 21.02682 ], [ -156.58816, 21.02676 ], [ -156.58835, 21.02651 ], [ -156.5884, 21.02642 ], [ -156.58853, 21.02628 ], [ -156.58874, 21.02618 ], [ -156.58881, 21.02611 ], [ -156.58884, 21.02605 ], [ -156.58883, 21.02588 ], [ -156.5888, 21.02536 ], [ -156.58877, 21.02533 ], [ -156.58861, 21.02528 ], [ -156.58856, 21.02521 ], [ -156.58854, 21.02507 ], [ -156.58856, 21.02497 ], [ -156.58856, 21.02466 ], [ -156.58851, 21.02446 ], [ -156.58843, 21.02435 ], [ -156.58822, 21.02422 ], [ -156.58806, 21.0241 ], [ -156.58797, 21.02399 ], [ -156.5879, 21.02386 ], [ -156.58781, 21.02379 ], [ -156.58777, 21.02373 ], [ -156.58776, 21.02365 ], [ -156.58781, 21.02356 ], [ -156.58781, 21.02346 ], [ -156.58776, 21.02327 ], [ -156.58775, 21.02292 ], [ -156.5877, 21.0228 ], [ -156.58758, 21.02265 ], [ -156.58742, 21.0224 ], [ -156.5873, 21.02224 ], [ -156.58724, 21.02219 ], [ -156.58716, 21.02218 ], [ -156.58715, 21.02221 ], [ -156.58706, 21.02225 ], [ -156.58698, 21.02227 ], [ -156.58685, 21.02227 ], [ -156.58648, 21.02218 ], [ -156.58633, 21.02212 ], [ -156.58628, 21.02208 ], [ -156.586, 21.02203 ], [ -156.58577, 21.02194 ], [ -156.58557, 21.02182 ], [ -156.58531, 21.0216 ], [ -156.58501, 21.02141 ], [ -156.58492, 21.02141 ], [ -156.58476, 21.02146 ], [ -156.58457, 21.02162 ], [ -156.5845, 21.02168 ], [ -156.58444, 21.02168 ], [ -156.58442, 21.02152 ], [ -156.58435, 21.0214 ], [ -156.58435, 21.02133 ], [ -156.58445, 21.02124 ], [ -156.58483, 21.02116 ], [ -156.58499, 21.02106 ], [ -156.58512, 21.02096 ], [ -156.58536, 21.02083 ], [ -156.58542, 21.02075 ], [ -156.58541, 21.0206 ], [ -156.58536, 21.02054 ], [ -156.58529, 21.02049 ], [ -156.58521, 21.0205 ], [ -156.58504, 21.02061 ], [ -156.58498, 21.02062 ], [ -156.58495, 21.02059 ], [ -156.58499, 21.02047 ], [ -156.58499, 21.02035 ], [ -156.5849, 21.02027 ], [ -156.58487, 21.02024 ], [ -156.5849, 21.02011 ], [ -156.58489, 21.01992 ], [ -156.58485, 21.01983 ], [ -156.58461, 21.01957 ], [ -156.58438, 21.01937 ], [ -156.58411, 21.01922 ], [ -156.58406, 21.01917 ], [ -156.58392, 21.01908 ], [ -156.58383, 21.01892 ], [ -156.58382, 21.01888 ], [ -156.5837, 21.01876 ], [ -156.58346, 21.0186 ], [ -156.58333, 21.01849 ], [ -156.58308, 21.01834 ], [ -156.58281, 21.01828 ], [ -156.58257, 21.01805 ], [ -156.58239, 21.01781 ], [ -156.58211, 21.01755 ], [ -156.58198, 21.01745 ], [ -156.58162, 21.01728 ], [ -156.5813, 21.01713 ], [ -156.58101, 21.01684 ], [ -156.58079, 21.01673 ], [ -156.58052, 21.01664 ], [ -156.58034, 21.01663 ], [ -156.57993, 21.01654 ], [ -156.57963, 21.01651 ], [ -156.5796, 21.01656 ], [ -156.57954, 21.01675 ], [ -156.57945, 21.0168 ], [ -156.57899, 21.01683 ], [ -156.57874, 21.01685 ], [ -156.5784, 21.01689 ], [ -156.57799, 21.01679 ], [ -156.57777, 21.01679 ], [ -156.57769, 21.01685 ], [ -156.57762, 21.01694 ], [ -156.57745, 21.01728 ], [ -156.57721, 21.01746 ], [ -156.57677, 21.01759 ], [ -156.57623, 21.01761 ], [ -156.57569, 21.01777 ], [ -156.57533, 21.01769 ], [ -156.57491, 21.01754 ], [ -156.57442, 21.01754 ], [ -156.57427, 21.01759 ], [ -156.57414, 21.01768 ], [ -156.5741, 21.01773 ], [ -156.57376, 21.01778 ], [ -156.57341, 21.01788 ], [ -156.57326, 21.01796 ], [ -156.57296, 21.01802 ], [ -156.57256, 21.01805 ], [ -156.57212, 21.01797 ], [ -156.57195, 21.0179 ], [ -156.57175, 21.01777 ], [ -156.57147, 21.01755 ], [ -156.57113, 21.01734 ], [ -156.57064, 21.01699 ], [ -156.57033, 21.01667 ], [ -156.57005, 21.01632 ], [ -156.56976, 21.01612 ], [ -156.56947, 21.016 ], [ -156.56916, 21.01591 ], [ -156.56899, 21.01576 ], [ -156.56895, 21.01567 ], [ -156.56891, 21.01528 ], [ -156.56879, 21.01495 ], [ -156.56867, 21.01474 ], [ -156.56858, 21.01449 ], [ -156.5685, 21.01434 ], [ -156.56815, 21.01408 ], [ -156.56793, 21.01388 ], [ -156.5678, 21.01368 ], [ -156.56767, 21.01337 ], [ -156.56746, 21.01322 ], [ -156.5673, 21.0129 ], [ -156.56717, 21.01271 ], [ -156.56696, 21.01252 ], [ -156.56665, 21.01215 ], [ -156.56638, 21.01198 ], [ -156.56612, 21.0119 ], [ -156.56593, 21.0118 ], [ -156.56576, 21.01177 ], [ -156.56555, 21.01182 ], [ -156.56535, 21.01193 ], [ -156.56507, 21.01219 ], [ -156.56492, 21.01224 ], [ -156.56481, 21.01221 ], [ -156.56461, 21.01209 ], [ -156.56425, 21.01201 ], [ -156.5639, 21.01188 ], [ -156.56356, 21.01183 ], [ -156.56313, 21.01175 ], [ -156.5628, 21.01179 ], [ -156.56242, 21.01181 ], [ -156.56226, 21.01178 ], [ -156.56198, 21.01177 ], [ -156.56177, 21.01186 ], [ -156.56146, 21.01217 ], [ -156.56131, 21.01228 ], [ -156.56102, 21.01259 ], [ -156.56084, 21.01273 ], [ -156.56047, 21.01291 ], [ -156.56026, 21.01297 ], [ -156.56011, 21.01298 ], [ -156.55993, 21.01293 ], [ -156.55979, 21.01282 ], [ -156.55974, 21.01275 ], [ -156.55971, 21.01262 ], [ -156.55966, 21.01263 ], [ -156.55962, 21.01267 ], [ -156.55947, 21.01275 ], [ -156.55943, 21.01272 ], [ -156.55941, 21.01263 ], [ -156.55946, 21.01243 ], [ -156.5594, 21.01238 ], [ -156.55929, 21.01233 ], [ -156.5592, 21.01238 ], [ -156.55912, 21.0125 ], [ -156.55902, 21.01254 ], [ -156.55885, 21.01226 ], [ -156.55884, 21.01191 ], [ -156.5588, 21.0118 ], [ -156.55862, 21.01158 ], [ -156.55847, 21.01127 ], [ -156.55836, 21.0113 ], [ -156.55821, 21.01154 ], [ -156.55822, 21.01162 ], [ -156.55818, 21.01172 ], [ -156.55807, 21.01187 ], [ -156.55784, 21.01196 ], [ -156.55749, 21.01195 ], [ -156.55742, 21.01189 ], [ -156.5574, 21.01181 ], [ -156.5575, 21.0115 ], [ -156.5576, 21.01129 ], [ -156.55768, 21.01117 ], [ -156.55774, 21.01102 ], [ -156.55774, 21.01083 ], [ -156.5577, 21.01056 ], [ -156.55756, 21.01017 ], [ -156.55749, 21.0101 ], [ -156.55732, 21.01005 ], [ -156.55726, 21.01001 ], [ -156.55723, 21.00989 ], [ -156.55709, 21.00988 ], [ -156.55687, 21.00999 ], [ -156.55672, 21.01001 ], [ -156.55656, 21.00994 ], [ -156.55641, 21.00989 ], [ -156.5563, 21.00993 ], [ -156.55622, 21.01001 ], [ -156.55606, 21.01025 ], [ -156.55594, 21.01023 ], [ -156.55592, 21.01014 ], [ -156.55592, 21.00988 ], [ -156.55594, 21.00974 ], [ -156.55599, 21.0097 ], [ -156.55603, 21.00959 ], [ -156.556, 21.00949 ], [ -156.55593, 21.0094 ], [ -156.55585, 21.00932 ], [ -156.55582, 21.00915 ], [ -156.55587, 21.00909 ], [ -156.5559, 21.009 ], [ -156.55586, 21.00893 ], [ -156.55571, 21.00873 ], [ -156.55561, 21.00869 ], [ -156.5555, 21.00869 ], [ -156.55536, 21.00875 ], [ -156.55528, 21.00882 ], [ -156.55512, 21.00901 ], [ -156.55502, 21.00903 ], [ -156.55499, 21.009 ], [ -156.55499, 21.00883 ], [ -156.55502, 21.00873 ], [ -156.55501, 21.00861 ], [ -156.55492, 21.00867 ], [ -156.55481, 21.00864 ], [ -156.55478, 21.00861 ], [ -156.55474, 21.00843 ], [ -156.55458, 21.00827 ], [ -156.5546, 21.00823 ], [ -156.55466, 21.00817 ], [ -156.56045, 21.00959 ], [ -156.56888, 21.01168 ], [ -156.58117, 21.01444 ], [ -156.59409, 21.01836 ], [ -156.60392, 21.0215 ], [ -156.60905, 21.02223 ], [ -156.60906, 21.02229 ], [ -156.60917, 21.02246 ], [ -156.60928, 21.02263 ], [ -156.6093, 21.02273 ], [ -156.60927, 21.02283 ], [ -156.60925, 21.02293 ], [ -156.60923, 21.02305 ], [ -156.60923, 21.02337 ], [ -156.60924, 21.02353 ], [ -156.6092, 21.02362 ], [ -156.6092, 21.0237 ], [ -156.60921, 21.02388 ], [ -156.60918, 21.02399 ], [ -156.6091, 21.02408 ], [ -156.60881, 21.0242 ], [ -156.60872, 21.02427 ], [ -156.60867, 21.02433 ], [ -156.6086, 21.02453 ], [ -156.60855, 21.02457 ], [ -156.60812, 21.02469 ], [ -156.60803, 21.02475 ], [ -156.60799, 21.02486 ], [ -156.60797, 21.02511 ], [ -156.60789, 21.02529 ], [ -156.60761, 21.02574 ], [ -156.60759, 21.02592 ], [ -156.60756, 21.02601 ], [ -156.60751, 21.02606 ], [ -156.60743, 21.02608 ], [ -156.60724, 21.02599 ], [ -156.60717, 21.02598 ], [ -156.60713, 21.02602 ], [ -156.60697, 21.0263 ], [ -156.60679, 21.02654 ], [ -156.60659, 21.02672 ], [ -156.60636, 21.02683 ], [ -156.6061, 21.02699 ], [ -156.60601, 21.0271 ], [ -156.60594, 21.0273 ], [ -156.60585, 21.02745 ], [ -156.60578, 21.02751 ], [ -156.60572, 21.0276 ], [ -156.60569, 21.02778 ], [ -156.60565, 21.02785 ], [ -156.60553, 21.02793 ], [ -156.60517, 21.02799 ], [ -156.60499, 21.02807 ], [ -156.60479, 21.02813 ], [ -156.60454, 21.02807 ], [ -156.60446, 21.02806 ], [ -156.6044, 21.02812 ], [ -156.60424, 21.02834 ], [ -156.60424, 21.02844 ], [ -156.60428, 21.02851 ], [ -156.60448, 21.02869 ], [ -156.60454, 21.02879 ], [ -156.60458, 21.0289 ], [ -156.6048, 21.02911 ], [ -156.60481, 21.02917 ], [ -156.60475, 21.02918 ], [ -156.60469, 21.02917 ], [ -156.60454, 21.0291 ], [ -156.60448, 21.0291 ], [ -156.60443, 21.02916 ], [ -156.60436, 21.0292 ], [ -156.60418, 21.02923 ], [ -156.60415, 21.02924 ], [ -156.60411, 21.02933 ], [ -156.60411, 21.02949 ], [ -156.60419, 21.02959 ], [ -156.6042, 21.02965 ], [ -156.60415, 21.0297 ], [ -156.60421, 21.02978 ], [ -156.60434, 21.02991 ], [ -156.60439, 21.02993 ], [ -156.6045, 21.03004 ], [ -156.6045, 21.03008 ], [ -156.60445, 21.03009 ], [ -156.60425, 21.03 ], [ -156.60418, 21.02999 ], [ -156.60414, 21.03005 ], [ -156.60412, 21.03026 ], [ -156.60408, 21.03039 ], [ -156.60397, 21.03049 ], [ -156.60377, 21.0306 ], [ -156.60345, 21.03069 ], [ -156.60331, 21.03073 ], [ -156.60325, 21.03082 ], [ -156.60323, 21.03091 ], [ -156.60325, 21.03103 ], [ -156.60332, 21.03113 ], [ -156.60333, 21.0312 ], [ -156.6033, 21.03124 ], [ -156.60283, 21.03125 ], [ -156.60278, 21.03127 ], [ -156.60266, 21.03134 ], [ -156.60252, 21.0314 ], [ -156.60201, 21.03142 ], [ -156.60191, 21.03142 ], [ -156.60176, 21.03135 ] ] ] ] } },
{ "type": "Feature", "properties": { "objectid": 51, "solar_cal": "450-500", "st_areasha": 5760244.7833123682, "st_perimet": 17082.598472900441 }, "geometry": { "type": "MultiPolygon", "coordinates": [ [ [ [ -156.71582, 21.16053 ], [ -156.7149, 21.16009 ], [ -156.7145, 21.15995 ], [ -156.71402, 21.1599 ], [ -156.71322, 21.16007 ], [ -156.71294, 21.16 ], [ -156.71267, 21.15991 ], [ -156.71239, 21.15986 ], [ -156.71171, 21.15969 ], [ -156.71144, 21.15949 ], [ -156.71039, 21.15863 ], [ -156.71014, 21.15845 ], [ -156.70997, 21.15821 ], [ -156.70986, 21.15752 ], [ -156.70984, 21.15709 ], [ -156.70992, 21.15675 ], [ -156.71009, 21.15657 ], [ -156.71079, 21.15623 ], [ -156.71115, 21.15608 ], [ -156.71139, 21.15589 ], [ -156.71149, 21.15568 ], [ -156.71161, 21.15533 ], [ -156.71181, 21.15489 ], [ -156.71194, 21.15456 ], [ -156.7119, 21.1543 ], [ -156.71173, 21.15376 ], [ -156.71158, 21.15345 ], [ -156.711, 21.15278 ], [ -156.71087, 21.15277 ], [ -156.71075, 21.15272 ], [ -156.71079, 21.15242 ], [ -156.71087, 21.15215 ], [ -156.71114, 21.15168 ], [ -156.7112, 21.15127 ], [ -156.71128, 21.15108 ], [ -156.71133, 21.15073 ], [ -156.71144, 21.15052 ], [ -156.71145, 21.15034 ], [ -156.71145, 21.14939 ], [ -156.7114, 21.14918 ], [ -156.71123, 21.14912 ], [ -156.71105, 21.14898 ], [ -156.71099, 21.14873 ], [ -156.71106, 21.1484 ], [ -156.71125, 21.14806 ], [ -156.71154, 21.14771 ], [ -156.71194, 21.14744 ], [ -156.71239, 21.14709 ], [ -156.71281, 21.1469 ], [ -156.71339, 21.14646 ], [ -156.7135, 21.14633 ], [ -156.71326, 21.14614 ], [ -156.71325, 21.14606 ], [ -156.71332, 21.14602 ], [ -156.71349, 21.14601 ], [ -156.71368, 21.14596 ], [ -156.71377, 21.14585 ], [ -156.71385, 21.14568 ], [ -156.71388, 21.14551 ], [ -156.71378, 21.14531 ], [ -156.71363, 21.1451 ], [ -156.71338, 21.14495 ], [ -156.71312, 21.14482 ], [ -156.71287, 21.14464 ], [ -156.71284, 21.14439 ], [ -156.71297, 21.14417 ], [ -156.7131, 21.14401 ], [ -156.71329, 21.14384 ], [ -156.71361, 21.14362 ], [ -156.71388, 21.14354 ], [ -156.71423, 21.14349 ], [ -156.71461, 21.14331 ], [ -156.71486, 21.14315 ], [ -156.71495, 21.14302 ], [ -156.71504, 21.14256 ], [ -156.71524, 21.14217 ], [ -156.71534, 21.14206 ], [ -156.71516, 21.14182 ], [ -156.71521, 21.14175 ], [ -156.71537, 21.14169 ], [ -156.71548, 21.14156 ], [ -156.71551, 21.14147 ], [ -156.71583, 21.14134 ], [ -156.71606, 21.14112 ], [ -156.71637, 21.14105 ], [ -156.71656, 21.14078 ], [ -156.71675, 21.14069 ], [ -156.71684, 21.14049 ], [ -156.71728, 21.1402 ], [ -156.71735, 21.14005 ], [ -156.71735, 21.1399 ], [ -156.71739, 21.13977 ], [ -156.71716, 21.13952 ], [ -156.71717, 21.13914 ], [ -156.71732, 21.13895 ], [ -156.71766, 21.13884 ], [ -156.71785, 21.13868 ], [ -156.71806, 21.13859 ], [ -156.71817, 21.13849 ], [ -156.71818, 21.13824 ], [ -156.71812, 21.13806 ], [ -156.71808, 21.13798 ], [ -156.71811, 21.13788 ], [ -156.71826, 21.13771 ], [ -156.71845, 21.13756 ], [ -156.71858, 21.13739 ], [ -156.71867, 21.13722 ], [ -156.7188, 21.13671 ], [ -156.71894, 21.13649 ], [ -156.7191, 21.13636 ], [ -156.7193, 21.13625 ], [ -156.71936, 21.1361 ], [ -156.71932, 21.13585 ], [ -156.71933, 21.13555 ], [ -156.7195, 21.13524 ], [ -156.7197, 21.1349 ], [ -156.71991, 21.13462 ], [ -156.72023, 21.13439 ], [ -156.72048, 21.13428 ], [ -156.72093, 21.13396 ], [ -156.72119, 21.13366 ], [ -156.72138, 21.13321 ], [ -156.72167, 21.13277 ], [ -156.72226, 21.13171 ], [ -156.72278, 21.13087 ], [ -156.72288, 21.13054 ], [ -156.7228, 21.13018 ], [ -156.72281, 21.13003 ], [ -156.7229, 21.12979 ], [ -156.72311, 21.12959 ], [ -156.7239, 21.12923 ], [ -156.72432, 21.12897 ], [ -156.72517, 21.12839 ], [ -156.72574, 21.12779 ], [ -156.72617, 21.12742 ], [ -156.7263, 21.12734 ], [ -156.72649, 21.12727 ], [ -156.72676, 21.12711 ], [ -156.72687, 21.12691 ], [ -156.72692, 21.12672 ], [ -156.72708, 21.12649 ], [ -156.72748, 21.12609 ], [ -156.72767, 21.126 ], [ -156.72784, 21.12596 ], [ -156.728, 21.12598 ], [ -156.72876, 21.12633 ], [ -156.72907, 21.12639 ], [ -156.72913, 21.12634 ], [ -156.72918, 21.12618 ], [ -156.72936, 21.12593 ], [ -156.72942, 21.12581 ], [ -156.72945, 21.12569 ], [ -156.72938, 21.12557 ], [ -156.72912, 21.12541 ], [ -156.72898, 21.12529 ], [ -156.72898, 21.12513 ], [ -156.72904, 21.125 ], [ -156.72923, 21.12472 ], [ -156.72959, 21.12427 ], [ -156.72976, 21.12415 ], [ -156.72992, 21.12412 ], [ -156.73042, 21.12409 ], [ -156.73063, 21.12402 ], [ -156.73085, 21.12388 ], [ -156.73095, 21.12376 ], [ -156.73097, 21.12361 ], [ -156.73094, 21.12353 ], [ -156.73077, 21.12339 ], [ -156.73075, 21.12333 ], [ -156.73077, 21.12291 ], [ -156.73071, 21.12261 ], [ -156.73088, 21.12252 ], [ -156.73107, 21.12239 ], [ -156.73112, 21.12227 ], [ -156.73112, 21.1222 ], [ -156.73105, 21.12207 ], [ -156.73109, 21.12194 ], [ -156.73119, 21.1218 ], [ -156.73135, 21.12166 ], [ -156.73156, 21.12141 ], [ -156.73168, 21.12136 ], [ -156.73192, 21.12136 ], [ -156.73207, 21.12128 ], [ -156.73214, 21.1209 ], [ -156.73229, 21.12076 ], [ -156.73237, 21.12061 ], [ -156.73237, 21.12033 ], [ -156.73233, 21.12009 ], [ -156.73249, 21.11991 ], [ -156.73269, 21.11979 ], [ -156.73308, 21.11942 ], [ -156.73335, 21.11872 ], [ -156.73379, 21.1182 ], [ -156.73394, 21.11786 ], [ -156.73414, 21.1176 ], [ -156.73429, 21.11749 ], [ -156.73451, 21.11725 ], [ -156.73462, 21.11699 ], [ -156.73464, 21.11675 ], [ -156.73464, 21.11622 ], [ -156.73478, 21.11614 ], [ -156.73502, 21.11615 ], [ -156.73522, 21.11613 ], [ -156.73552, 21.11588 ], [ -156.73576, 21.11578 ], [ -156.73587, 21.1157 ], [ -156.73593, 21.11553 ], [ -156.73583, 21.11535 ], [ -156.73572, 21.11522 ], [ -156.73571, 21.11497 ], [ -156.73588, 21.11483 ], [ -156.73614, 21.11485 ], [ -156.73631, 21.11482 ], [ -156.73681, 21.11445 ], [ -156.73695, 21.11439 ], [ -156.73714, 21.11446 ], [ -156.73744, 21.11467 ], [ -156.73762, 21.11466 ], [ -156.73778, 21.11457 ], [ -156.73788, 21.11445 ], [ -156.73794, 21.11391 ], [ -156.73805, 21.11368 ], [ -156.73821, 21.11365 ], [ -156.7386, 21.11382 ], [ -156.73882, 21.11396 ], [ -156.73918, 21.11423 ], [ -156.73947, 21.1144 ], [ -156.73973, 21.11444 ], [ -156.73997, 21.11436 ], [ -156.74024, 21.11431 ], [ -156.74041, 21.11426 ], [ -156.7404, 21.11413 ], [ -156.74029, 21.11402 ], [ -156.74016, 21.11395 ], [ -156.73991, 21.11391 ], [ -156.73987, 21.11381 ], [ -156.73991, 21.11366 ], [ -156.73991, 21.11351 ], [ -156.73986, 21.11336 ], [ -156.73969, 21.11316 ], [ -156.73961, 21.11297 ], [ -156.73948, 21.11249 ], [ -156.73928, 21.11213 ], [ -156.73925, 21.11182 ], [ -156.73933, 21.11149 ], [ -156.73948, 21.11134 ], [ -156.73976, 21.11125 ], [ -156.73999, 21.11127 ], [ -156.74037, 21.1115 ], [ -156.74046, 21.11152 ], [ -156.74059, 21.11158 ], [ -156.74072, 21.11158 ], [ -156.74102, 21.11142 ], [ -156.74116, 21.11124 ], [ -156.7413, 21.11101 ], [ -156.74151, 21.1109 ], [ -156.74181, 21.1108 ], [ -156.74211, 21.11082 ], [ -156.74244, 21.11081 ], [ -156.74275, 21.11076 ], [ -156.74305, 21.11081 ], [ -156.74328, 21.11093 ], [ -156.74354, 21.11101 ], [ -156.74385, 21.11118 ], [ -156.74419, 21.11119 ], [ -156.74452, 21.11124 ], [ -156.74464, 21.11117 ], [ -156.74474, 21.11095 ], [ -156.74488, 21.11077 ], [ -156.745, 21.11057 ], [ -156.74503, 21.11042 ], [ -156.74503, 21.11036 ], [ -156.74489, 21.11008 ], [ -156.74461, 21.10974 ], [ -156.74454, 21.10955 ], [ -156.74448, 21.10911 ], [ -156.74431, 21.10852 ], [ -156.74428, 21.10828 ], [ -156.74437, 21.10776 ], [ -156.74429, 21.10772 ], [ -156.74398, 21.10777 ], [ -156.74389, 21.10762 ], [ -156.74406, 21.10747 ], [ -156.74442, 21.10731 ], [ -156.7447, 21.10697 ], [ -156.74487, 21.1069 ], [ -156.74495, 21.107 ], [ -156.74508, 21.10709 ], [ -156.74523, 21.10707 ], [ -156.74542, 21.10694 ], [ -156.74555, 21.10671 ], [ -156.74602, 21.10566 ], [ -156.7462, 21.1055 ], [ -156.74651, 21.10532 ], [ -156.74682, 21.10521 ], [ -156.74745, 21.10505 ], [ -156.7478, 21.10489 ], [ -156.74811, 21.1048 ], [ -156.74821, 21.10475 ], [ -156.74733, 21.1063 ], [ -156.74357, 21.11373 ], [ -156.73869, 21.12114 ], [ -156.73402, 21.12938 ], [ -156.73164, 21.13509 ], [ -156.72947, 21.14012 ], [ -156.7261, 21.14784 ], [ -156.72375, 21.15262 ], [ -156.72042, 21.15688 ], [ -156.71658, 21.16025 ], [ -156.71628, 21.16061 ], [ -156.71582, 21.16053 ] ] ] ] } },
{ "type": "Feature", "properties": { "objectid": 55, "solar_cal": "450-500", "st_areasha": 160103825.13500482, "st_perimet": 144164.01598741126 }, "geometry": { "type": "MultiPolygon", "coordinates": [ [ [ [ -157.18915, 21.20445 ], [ -157.18892, 21.20427 ], [ -157.18861, 21.20406 ], [ -157.18821, 21.20384 ], [ -157.18764, 21.20357 ], [ -157.1872, 21.20345 ], [ -157.18677, 21.20332 ], [ -157.18655, 21.20323 ], [ -157.18623, 21.2031 ], [ -157.18602, 21.20306 ], [ -157.18549, 21.20293 ], [ -157.18532, 21.20295 ], [ -157.18512, 21.203 ], [ -157.18496, 21.20303 ], [ -157.18449, 21.20293 ], [ -157.18421, 21.20293 ], [ -157.18411, 21.20297 ], [ -157.18403, 21.20305 ], [ -157.18395, 21.20318 ], [ -157.18386, 21.20321 ], [ -157.18383, 21.20318 ], [ -157.18374, 21.20295 ], [ -157.18369, 21.20288 ], [ -157.18359, 21.2028 ], [ -157.18327, 21.20267 ], [ -157.18248, 21.20252 ], [ -157.18225, 21.20251 ], [ -157.18187, 21.20253 ], [ -157.18165, 21.20259 ], [ -157.18142, 21.20278 ], [ -157.18072, 21.20324 ], [ -157.18063, 21.20325 ], [ -157.18055, 21.20323 ], [ -157.18033, 21.2032 ], [ -157.18027, 21.20324 ], [ -157.18017, 21.20336 ], [ -157.18007, 21.20341 ], [ -157.17992, 21.20343 ], [ -157.17943, 21.20337 ], [ -157.17931, 21.20337 ], [ -157.17914, 21.20342 ], [ -157.1789, 21.20342 ], [ -157.17849, 21.20327 ], [ -157.17823, 21.20336 ], [ -157.17763, 21.20325 ], [ -157.17745, 21.20326 ], [ -157.17728, 21.20323 ], [ -157.17712, 21.20312 ], [ -157.17699, 21.20316 ], [ -157.17693, 21.20315 ], [ -157.17672, 21.20305 ], [ -157.17643, 21.20313 ], [ -157.17638, 21.20312 ], [ -157.17621, 21.20299 ], [ -157.17608, 21.20294 ], [ -157.17568, 21.20294 ], [ -157.17541, 21.20288 ], [ -157.17506, 21.20264 ], [ -157.17479, 21.20262 ], [ -157.17419, 21.20214 ], [ -157.17407, 21.20207 ], [ -157.17372, 21.20197 ], [ -157.17348, 21.20187 ], [ -157.17279, 21.20145 ], [ -157.17263, 21.2014 ], [ -157.1722, 21.20135 ], [ -157.17105, 21.20132 ], [ -157.171, 21.2013 ], [ -157.17085, 21.20109 ], [ -157.17078, 21.20106 ], [ -157.17066, 21.20106 ], [ -157.17011, 21.20114 ], [ -157.16961, 21.20116 ], [ -157.1694, 21.20123 ], [ -157.16925, 21.20127 ], [ -157.16903, 21.20123 ], [ -157.16872, 21.20107 ], [ -157.16813, 21.20105 ], [ -157.16779, 21.20114 ], [ -157.16766, 21.20115 ], [ -157.16717, 21.20102 ], [ -157.16706, 21.20101 ], [ -157.16696, 21.20103 ], [ -157.16678, 21.20112 ], [ -157.16656, 21.20112 ], [ -157.16632, 21.20122 ], [ -157.16624, 21.20122 ], [ -157.16585, 21.20106 ], [ -157.16573, 21.20104 ], [ -157.16552, 21.2011 ], [ -157.16527, 21.20124 ], [ -157.16521, 21.20124 ], [ -157.16516, 21.20122 ], [ -157.16503, 21.20111 ], [ -157.16495, 21.20105 ], [ -157.16484, 21.20102 ], [ -157.16472, 21.20103 ], [ -157.16404, 21.20123 ], [ -157.16392, 21.20128 ], [ -157.16375, 21.20126 ], [ -157.16363, 21.20128 ], [ -157.16327, 21.20142 ], [ -157.16303, 21.20146 ], [ -157.1627, 21.20158 ], [ -157.16242, 21.2016 ], [ -157.16216, 21.20177 ], [ -157.16202, 21.20179 ], [ -157.16169, 21.20177 ], [ -157.16153, 21.20179 ], [ -157.16124, 21.20189 ], [ -157.16053, 21.20203 ], [ -157.15978, 21.20216 ], [ -157.15961, 21.20216 ], [ -157.15928, 21.20211 ], [ -157.15914, 21.20212 ], [ -157.15887, 21.20219 ], [ -157.15869, 21.20217 ], [ -157.15857, 21.2021 ], [ -157.15843, 21.20203 ], [ -157.15825, 21.20201 ], [ -157.15789, 21.20203 ], [ -157.15779, 21.20203 ], [ -157.15771, 21.202 ], [ -157.15765, 21.20195 ], [ -157.15766, 21.20171 ], [ -157.15762, 21.20167 ], [ -157.15714, 21.20159 ], [ -157.15713, 21.20151 ], [ -157.15716, 21.20137 ], [ -157.15711, 21.20127 ], [ -157.15687, 21.20118 ], [ -157.15684, 21.20105 ], [ -157.15687, 21.20095 ], [ -157.15685, 21.20089 ], [ -157.15675, 21.2008 ], [ -157.15675, 21.20068 ], [ -157.1568, 21.20044 ], [ -157.15676, 21.20036 ], [ -157.15678, 21.20031 ], [ -157.15687, 21.20021 ], [ -157.15689, 21.20015 ], [ -157.15686, 21.2001 ], [ -157.15679, 21.20003 ], [ -157.15673, 21.19989 ], [ -157.15681, 21.19979 ], [ -157.15691, 21.19974 ], [ -157.15713, 21.19955 ], [ -157.15718, 21.19937 ], [ -157.15717, 21.19924 ], [ -157.15708, 21.19906 ], [ -157.15682, 21.19874 ], [ -157.15626, 21.19826 ], [ -157.15602, 21.19814 ], [ -157.15549, 21.19791 ], [ -157.15521, 21.19784 ], [ -157.15501, 21.19781 ], [ -157.15461, 21.1978 ], [ -157.15382, 21.19775 ], [ -157.15365, 21.19775 ], [ -157.15302, 21.19793 ], [ -157.15279, 21.19803 ], [ -157.15229, 21.19829 ], [ -157.15217, 21.19842 ], [ -157.15212, 21.19853 ], [ -157.15212, 21.19899 ], [ -157.15207, 21.19905 ], [ -157.15202, 21.19908 ], [ -157.15198, 21.19908 ], [ -157.15174, 21.19879 ], [ -157.15167, 21.19879 ], [ -157.15133, 21.19896 ], [ -157.15129, 21.19896 ], [ -157.15126, 21.19891 ], [ -157.15125, 21.19885 ], [ -157.15127, 21.19879 ], [ -157.15141, 21.19864 ], [ -157.15142, 21.19859 ], [ -157.1514, 21.19855 ], [ -157.15134, 21.19854 ], [ -157.15126, 21.19855 ], [ -157.15105, 21.19871 ], [ -157.151, 21.19878 ], [ -157.15091, 21.19905 ], [ -157.15086, 21.19908 ], [ -157.15075, 21.199 ], [ -157.15063, 21.19897 ], [ -157.15057, 21.19891 ], [ -157.1505, 21.19888 ], [ -157.15044, 21.1989 ], [ -157.15037, 21.19895 ], [ -157.15028, 21.19899 ], [ -157.15022, 21.199 ], [ -157.15014, 21.19894 ], [ -157.15013, 21.19883 ], [ -157.1501, 21.19877 ], [ -157.15004, 21.19872 ], [ -157.14998, 21.19863 ], [ -157.14998, 21.19857 ], [ -157.1499, 21.19841 ], [ -157.14984, 21.19839 ], [ -157.14979, 21.19835 ], [ -157.14981, 21.19812 ], [ -157.14979, 21.19807 ], [ -157.14971, 21.19797 ], [ -157.1497, 21.19781 ], [ -157.14962, 21.19776 ], [ -157.14958, 21.19769 ], [ -157.14954, 21.1975 ], [ -157.14951, 21.19746 ], [ -157.14942, 21.1974 ], [ -157.1491, 21.19736 ], [ -157.14904, 21.1974 ], [ -157.14895, 21.19752 ], [ -157.14889, 21.19753 ], [ -157.14882, 21.19751 ], [ -157.14879, 21.19745 ], [ -157.14882, 21.19737 ], [ -157.14882, 21.19723 ], [ -157.14877, 21.19719 ], [ -157.14853, 21.19714 ], [ -157.14828, 21.19713 ], [ -157.14802, 21.19731 ], [ -157.14795, 21.19732 ], [ -157.14776, 21.19725 ], [ -157.14751, 21.19732 ], [ -157.1468, 21.19761 ], [ -157.14664, 21.1976 ], [ -157.14613, 21.19767 ], [ -157.14607, 21.19767 ], [ -157.14603, 21.19755 ], [ -157.14598, 21.1975 ], [ -157.14588, 21.19746 ], [ -157.14576, 21.19744 ], [ -157.14568, 21.19746 ], [ -157.14546, 21.1976 ], [ -157.14538, 21.19761 ], [ -157.14535, 21.19759 ], [ -157.14524, 21.19739 ], [ -157.14517, 21.19737 ], [ -157.14496, 21.19735 ], [ -157.14491, 21.19733 ], [ -157.14477, 21.19702 ], [ -157.14467, 21.19695 ], [ -157.14441, 21.19683 ], [ -157.14434, 21.19682 ], [ -157.14421, 21.19685 ], [ -157.14398, 21.19687 ], [ -157.14326, 21.19702 ], [ -157.14316, 21.19712 ], [ -157.14315, 21.19719 ], [ -157.14326, 21.19763 ], [ -157.14321, 21.19777 ], [ -157.14305, 21.19794 ], [ -157.14304, 21.198 ], [ -157.14304, 21.19824 ], [ -157.143, 21.19834 ], [ -157.14304, 21.19847 ], [ -157.14315, 21.19858 ], [ -157.14335, 21.199 ], [ -157.14334, 21.19915 ], [ -157.1433, 21.19921 ], [ -157.1431, 21.19936 ], [ -157.14299, 21.19953 ], [ -157.14293, 21.19956 ], [ -157.14286, 21.19956 ], [ -157.14282, 21.19954 ], [ -157.14272, 21.19939 ], [ -157.14264, 21.19934 ], [ -157.14252, 21.19933 ], [ -157.14241, 21.19933 ], [ -157.14224, 21.19947 ], [ -157.142, 21.19933 ], [ -157.14183, 21.19928 ], [ -157.14173, 21.1992 ], [ -157.1417, 21.19906 ], [ -157.14164, 21.19899 ], [ -157.14157, 21.19899 ], [ -157.1413, 21.19919 ], [ -157.14101, 21.19919 ], [ -157.14095, 21.19924 ], [ -157.14069, 21.19966 ], [ -157.14053, 21.19979 ], [ -157.14047, 21.19979 ], [ -157.14044, 21.19976 ], [ -157.14043, 21.19953 ], [ -157.14039, 21.19946 ], [ -157.14034, 21.19946 ], [ -157.14011, 21.19964 ], [ -157.14006, 21.19965 ], [ -157.14002, 21.19963 ], [ -157.14, 21.19946 ], [ -157.13995, 21.19944 ], [ -157.13991, 21.19945 ], [ -157.13975, 21.19947 ], [ -157.13944, 21.19933 ], [ -157.13927, 21.19937 ], [ -157.13921, 21.19936 ], [ -157.13899, 21.1993 ], [ -157.13881, 21.19936 ], [ -157.13855, 21.19936 ], [ -157.13841, 21.19933 ], [ -157.13829, 21.19934 ], [ -157.13805, 21.1994 ], [ -157.13745, 21.19931 ], [ -157.13725, 21.19937 ], [ -157.13713, 21.19935 ], [ -157.13704, 21.19913 ], [ -157.13701, 21.19909 ], [ -157.13689, 21.19905 ], [ -157.13665, 21.19899 ], [ -157.13651, 21.19914 ], [ -157.13643, 21.19915 ], [ -157.13637, 21.19918 ], [ -157.13624, 21.19922 ], [ -157.1362, 21.19926 ], [ -157.13616, 21.19947 ], [ -157.1361, 21.19952 ], [ -157.13604, 21.19947 ], [ -157.13602, 21.19915 ], [ -157.13595, 21.199 ], [ -157.13599, 21.19884 ], [ -157.13598, 21.19875 ], [ -157.13594, 21.19868 ], [ -157.13571, 21.19852 ], [ -157.13557, 21.19832 ], [ -157.13546, 21.19832 ], [ -157.13536, 21.19848 ], [ -157.13512, 21.19878 ], [ -157.13509, 21.19878 ], [ -157.13498, 21.1987 ], [ -157.13478, 21.19862 ], [ -157.13461, 21.19861 ], [ -157.13433, 21.19852 ], [ -157.13426, 21.19852 ], [ -157.13413, 21.19875 ], [ -157.13408, 21.19879 ], [ -157.13395, 21.1988 ], [ -157.1339, 21.19874 ], [ -157.1339, 21.19863 ], [ -157.13388, 21.1986 ], [ -157.13363, 21.19847 ], [ -157.13361, 21.19844 ], [ -157.13364, 21.19837 ], [ -157.13363, 21.1983 ], [ -157.13359, 21.19824 ], [ -157.13354, 21.19823 ], [ -157.13333, 21.19831 ], [ -157.13325, 21.19828 ], [ -157.13323, 21.19825 ], [ -157.13322, 21.19801 ], [ -157.13317, 21.19794 ], [ -157.13311, 21.19794 ], [ -157.13304, 21.19797 ], [ -157.13276, 21.19822 ], [ -157.13264, 21.19828 ], [ -157.13259, 21.19828 ], [ -157.13242, 21.19806 ], [ -157.13234, 21.19803 ], [ -157.13218, 21.19802 ], [ -157.13205, 21.19805 ], [ -157.13198, 21.19809 ], [ -157.13191, 21.19815 ], [ -157.13184, 21.19832 ], [ -157.1318, 21.19855 ], [ -157.13173, 21.19864 ], [ -157.13159, 21.19864 ], [ -157.13148, 21.19848 ], [ -157.13142, 21.19846 ], [ -157.13114, 21.1985 ], [ -157.13104, 21.19846 ], [ -157.13098, 21.19846 ], [ -157.1308, 21.19858 ], [ -157.13045, 21.19899 ], [ -157.13035, 21.19909 ], [ -157.13011, 21.19925 ], [ -157.12994, 21.19945 ], [ -157.12982, 21.19953 ], [ -157.12971, 21.19955 ], [ -157.12952, 21.19943 ], [ -157.12945, 21.19943 ], [ -157.12933, 21.1995 ], [ -157.12914, 21.19943 ], [ -157.12901, 21.19943 ], [ -157.12898, 21.1994 ], [ -157.12889, 21.19918 ], [ -157.12884, 21.19915 ], [ -157.12879, 21.19916 ], [ -157.12869, 21.19933 ], [ -157.12865, 21.19934 ], [ -157.1286, 21.19931 ], [ -157.12854, 21.19922 ], [ -157.12854, 21.19905 ], [ -157.12851, 21.19892 ], [ -157.12845, 21.19884 ], [ -157.12847, 21.1987 ], [ -157.12845, 21.19867 ], [ -157.12832, 21.19863 ], [ -157.12813, 21.19864 ], [ -157.1281, 21.19868 ], [ -157.12805, 21.1988 ], [ -157.12801, 21.19901 ], [ -157.12794, 21.19911 ], [ -157.12791, 21.19909 ], [ -157.1279, 21.19904 ], [ -157.12793, 21.19881 ], [ -157.12791, 21.19871 ], [ -157.12789, 21.19871 ], [ -157.12776, 21.19889 ], [ -157.12766, 21.19896 ], [ -157.12761, 21.19897 ], [ -157.12756, 21.19894 ], [ -157.1275, 21.19885 ], [ -157.12748, 21.19873 ], [ -157.12744, 21.19871 ], [ -157.12717, 21.19867 ], [ -157.12703, 21.19839 ], [ -157.12695, 21.19834 ], [ -157.12683, 21.19831 ], [ -157.12679, 21.19835 ], [ -157.12662, 21.19843 ], [ -157.1264, 21.19842 ], [ -157.12631, 21.19844 ], [ -157.12625, 21.19849 ], [ -157.126, 21.19888 ], [ -157.12597, 21.19889 ], [ -157.12588, 21.19884 ], [ -157.12576, 21.19857 ], [ -157.12564, 21.1984 ], [ -157.1256, 21.19837 ], [ -157.1253, 21.19844 ], [ -157.12517, 21.19835 ], [ -157.12475, 21.19818 ], [ -157.12453, 21.19807 ], [ -157.12405, 21.19778 ], [ -157.12372, 21.19732 ], [ -157.12364, 21.19728 ], [ -157.12343, 21.19725 ], [ -157.1233, 21.19721 ], [ -157.12325, 21.19715 ], [ -157.12302, 21.19697 ], [ -157.12291, 21.19693 ], [ -157.12265, 21.19688 ], [ -157.12242, 21.19675 ], [ -157.1222, 21.19677 ], [ -157.12209, 21.19675 ], [ -157.12189, 21.19671 ], [ -157.12179, 21.19674 ], [ -157.12172, 21.19672 ], [ -157.12166, 21.19672 ], [ -157.12147, 21.19683 ], [ -157.1214, 21.19684 ], [ -157.12131, 21.19678 ], [ -157.12124, 21.19677 ], [ -157.12117, 21.19679 ], [ -157.1211, 21.19686 ], [ -157.12094, 21.19707 ], [ -157.12087, 21.1971 ], [ -157.12079, 21.19707 ], [ -157.12076, 21.19683 ], [ -157.12072, 21.19676 ], [ -157.12057, 21.19672 ], [ -157.12022, 21.19659 ], [ -157.12012, 21.19658 ], [ -157.11988, 21.19664 ], [ -157.11983, 21.1967 ], [ -157.11979, 21.19699 ], [ -157.11976, 21.19704 ], [ -157.11971, 21.19705 ], [ -157.11965, 21.19703 ], [ -157.11957, 21.19692 ], [ -157.1195, 21.19692 ], [ -157.11906, 21.19705 ], [ -157.11898, 21.19709 ], [ -157.11885, 21.1972 ], [ -157.11881, 21.19734 ], [ -157.11872, 21.19751 ], [ -157.11867, 21.19764 ], [ -157.11867, 21.19771 ], [ -157.11862, 21.19776 ], [ -157.11859, 21.19774 ], [ -157.11851, 21.19746 ], [ -157.11862, 21.19734 ], [ -157.11862, 21.19727 ], [ -157.11848, 21.19726 ], [ -157.11837, 21.19707 ], [ -157.11833, 21.19688 ], [ -157.11827, 21.19681 ], [ -157.11821, 21.19677 ], [ -157.11793, 21.19678 ], [ -157.11774, 21.19675 ], [ -157.11742, 21.19643 ], [ -157.11719, 21.19634 ], [ -157.11689, 21.19635 ], [ -157.11652, 21.19627 ], [ -157.11639, 21.1963 ], [ -157.11622, 21.19668 ], [ -157.11616, 21.1967 ], [ -157.11605, 21.19665 ], [ -157.11596, 21.19665 ], [ -157.11594, 21.19662 ], [ -157.11593, 21.19651 ], [ -157.11591, 21.19647 ], [ -157.11574, 21.19649 ], [ -157.1157, 21.19637 ], [ -157.11569, 21.1962 ], [ -157.11565, 21.19615 ], [ -157.11556, 21.19609 ], [ -157.11537, 21.19589 ], [ -157.11509, 21.19581 ], [ -157.115, 21.1956 ], [ -157.11497, 21.19559 ], [ -157.11483, 21.19561 ], [ -157.11478, 21.1956 ], [ -157.11443, 21.19545 ], [ -157.11419, 21.19561 ], [ -157.11411, 21.19559 ], [ -157.11393, 21.19523 ], [ -157.11384, 21.19524 ], [ -157.11341, 21.1952 ], [ -157.11307, 21.19514 ], [ -157.11285, 21.19514 ], [ -157.1128, 21.19517 ], [ -157.11272, 21.19525 ], [ -157.1126, 21.19549 ], [ -157.11253, 21.19551 ], [ -157.11248, 21.19549 ], [ -157.11249, 21.19537 ], [ -157.11246, 21.19534 ], [ -157.11232, 21.19535 ], [ -157.11229, 21.19534 ], [ -157.1123, 21.1953 ], [ -157.11237, 21.19525 ], [ -157.11248, 21.1952 ], [ -157.11248, 21.19513 ], [ -157.11242, 21.19508 ], [ -157.11213, 21.19499 ], [ -157.11209, 21.19501 ], [ -157.11214, 21.19522 ], [ -157.11214, 21.19533 ], [ -157.11212, 21.19542 ], [ -157.11208, 21.19545 ], [ -157.11203, 21.19543 ], [ -157.11192, 21.19523 ], [ -157.11197, 21.19506 ], [ -157.11187, 21.19478 ], [ -157.1118, 21.19469 ], [ -157.11162, 21.19458 ], [ -157.11144, 21.1946 ], [ -157.11139, 21.19458 ], [ -157.11135, 21.19455 ], [ -157.11126, 21.19441 ], [ -157.11093, 21.19435 ], [ -157.11066, 21.19435 ], [ -157.11031, 21.19447 ], [ -157.11019, 21.19448 ], [ -157.10993, 21.19446 ], [ -157.10986, 21.19447 ], [ -157.10978, 21.19453 ], [ -157.10947, 21.19456 ], [ -157.10934, 21.19469 ], [ -157.10927, 21.19472 ], [ -157.10909, 21.19475 ], [ -157.10884, 21.19492 ], [ -157.10874, 21.19495 ], [ -157.10868, 21.19494 ], [ -157.10866, 21.19492 ], [ -157.1086, 21.19475 ], [ -157.10854, 21.1947 ], [ -157.10845, 21.19469 ], [ -157.1078, 21.19489 ], [ -157.10751, 21.19498 ], [ -157.10717, 21.19519 ], [ -157.10709, 21.19521 ], [ -157.10699, 21.19508 ], [ -157.10686, 21.19507 ], [ -157.10684, 21.19498 ], [ -157.10681, 21.19495 ], [ -157.10663, 21.19497 ], [ -157.1065, 21.19502 ], [ -157.10645, 21.19512 ], [ -157.10639, 21.19524 ], [ -157.10633, 21.19528 ], [ -157.10628, 21.19529 ], [ -157.1062, 21.19524 ], [ -157.10617, 21.19513 ], [ -157.10607, 21.19509 ], [ -157.10599, 21.19505 ], [ -157.10593, 21.19493 ], [ -157.10587, 21.1949 ], [ -157.10575, 21.19488 ], [ -157.10564, 21.19477 ], [ -157.10557, 21.19475 ], [ -157.10548, 21.19474 ], [ -157.10528, 21.1948 ], [ -157.10514, 21.19474 ], [ -157.10503, 21.19473 ], [ -157.10485, 21.19486 ], [ -157.10471, 21.19487 ], [ -157.10457, 21.19492 ], [ -157.1044, 21.1949 ], [ -157.10436, 21.19492 ], [ -157.10432, 21.19498 ], [ -157.10425, 21.19502 ], [ -157.104, 21.19496 ], [ -157.10381, 21.19495 ], [ -157.1037, 21.195 ], [ -157.10345, 21.19516 ], [ -157.10321, 21.19537 ], [ -157.10293, 21.19544 ], [ -157.10281, 21.19558 ], [ -157.10274, 21.19562 ], [ -157.10248, 21.19567 ], [ -157.1023, 21.19579 ], [ -157.10221, 21.19595 ], [ -157.1021, 21.19603 ], [ -157.10183, 21.19602 ], [ -157.10176, 21.19618 ], [ -157.10169, 21.1962 ], [ -157.10164, 21.19616 ], [ -157.10163, 21.19605 ], [ -157.10161, 21.19597 ], [ -157.10156, 21.19596 ], [ -157.10125, 21.19602 ], [ -157.10108, 21.196 ], [ -157.10101, 21.19593 ], [ -157.10092, 21.19593 ], [ -157.10087, 21.1958 ], [ -157.10076, 21.19579 ], [ -157.10073, 21.19572 ], [ -157.10066, 21.19568 ], [ -157.10062, 21.19557 ], [ -157.10059, 21.19554 ], [ -157.10051, 21.19553 ], [ -157.10043, 21.19551 ], [ -157.10019, 21.19535 ], [ -157.10015, 21.19539 ], [ -157.10011, 21.19548 ], [ -157.10007, 21.19552 ], [ -157.09997, 21.1955 ], [ -157.09989, 21.19536 ], [ -157.09977, 21.19532 ], [ -157.09972, 21.19525 ], [ -157.09976, 21.19517 ], [ -157.10515, 21.18887 ], [ -157.1136, 21.18236 ], [ -157.11975, 21.17858 ], [ -157.12817, 21.17512 ], [ -157.13899, 21.17203 ], [ -157.1466, 21.171 ], [ -157.15745, 21.17059 ], [ -157.17081, 21.17019 ], [ -157.1784, 21.17017 ], [ -157.1885, 21.16993 ], [ -157.19734, 21.1692 ], [ -157.20915, 21.16571 ], [ -157.22326, 21.159 ], [ -157.23162, 21.15378 ], [ -157.2411, 21.14692 ], [ -157.25135, 21.13901 ], [ -157.26055, 21.13168 ], [ -157.26568, 21.12717 ], [ -157.27122, 21.12017 ], [ -157.27403, 21.11635 ], [ -157.27465, 21.11309 ], [ -157.27403, 21.11031 ], [ -157.27207, 21.10796 ], [ -157.26827, 21.1063 ], [ -157.26208, 21.10571 ], [ -157.25667, 21.10541 ], [ -157.25149, 21.10581 ], [ -157.24221, 21.10875 ], [ -157.22744, 21.11249 ], [ -157.21537, 21.11468 ], [ -157.20373, 21.11711 ], [ -157.19582, 21.11865 ], [ -157.18432, 21.11964 ], [ -157.1762, 21.12103 ], [ -157.16343, 21.12551 ], [ -157.15152, 21.13116 ], [ -157.14141, 21.13749 ], [ -157.12923, 21.14378 ], [ -157.11421, 21.14931 ], [ -157.09609, 21.1508 ], [ -157.08087, 21.15083 ], [ -157.06031, 21.14792 ], [ -157.0465, 21.14511 ], [ -157.03578, 21.14058 ], [ -157.03017, 21.13851 ], [ -157.02392, 21.1349 ], [ -157.01695, 21.13193 ], [ -157.01162, 21.12885 ], [ -157.00094, 21.12283 ], [ -156.98657, 21.11539 ], [ -156.97558, 21.10831 ], [ -156.96346, 21.09925 ], [ -156.95532, 21.09274 ], [ -156.94407, 21.08264 ], [ -156.93704, 21.07523 ], [ -156.92993, 21.06869 ], [ -156.92241, 21.06279 ], [ -156.91657, 21.05841 ], [ -156.91386, 21.05669 ], [ -156.91409, 21.05665 ], [ -156.91451, 21.05671 ], [ -156.91484, 21.05672 ], [ -156.91499, 21.05684 ], [ -156.9151, 21.05697 ], [ -156.91527, 21.0571 ], [ -156.9158, 21.05727 ], [ -156.91609, 21.05742 ], [ -156.91668, 21.05775 ], [ -156.91797, 21.05861 ], [ -156.91828, 21.05872 ], [ -156.91842, 21.05874 ], [ -156.91865, 21.05873 ], [ -156.91887, 21.0588 ], [ -156.9191, 21.059 ], [ -156.91941, 21.05917 ], [ -156.92031, 21.0594 ], [ -156.92068, 21.05945 ], [ -156.92102, 21.05947 ], [ -156.92143, 21.05945 ], [ -156.9219, 21.05946 ], [ -156.92222, 21.05952 ], [ -156.92264, 21.05951 ], [ -156.92344, 21.05932 ], [ -156.92376, 21.05932 ], [ -156.92424, 21.0595 ], [ -156.92447, 21.05956 ], [ -156.92473, 21.05955 ], [ -156.92504, 21.05962 ], [ -156.92532, 21.05975 ], [ -156.92552, 21.05982 ], [ -156.92581, 21.05983 ], [ -156.92605, 21.05989 ], [ -156.92627, 21.05991 ], [ -156.92653, 21.05989 ], [ -156.92691, 21.05997 ], [ -156.92744, 21.05994 ], [ -156.92783, 21.05999 ], [ -156.92819, 21.06002 ], [ -156.92897, 21.05989 ], [ -156.92924, 21.05998 ], [ -156.93016, 21.06022 ], [ -156.93058, 21.06038 ], [ -156.93185, 21.0605 ], [ -156.93237, 21.06066 ], [ -156.9329, 21.06078 ], [ -156.93336, 21.06081 ], [ -156.93455, 21.06083 ], [ -156.93477, 21.06078 ], [ -156.93501, 21.06082 ], [ -156.9358, 21.06119 ], [ -156.93599, 21.06126 ], [ -156.93639, 21.06141 ], [ -156.93711, 21.06158 ], [ -156.93762, 21.06174 ], [ -156.93877, 21.06201 ], [ -156.93974, 21.06229 ], [ -156.94033, 21.06243 ], [ -156.94091, 21.06248 ], [ -156.94191, 21.06272 ], [ -156.94244, 21.06283 ], [ -156.943, 21.06292 ], [ -156.94435, 21.06307 ], [ -156.94467, 21.06307 ], [ -156.94545, 21.06312 ], [ -156.94644, 21.06333 ], [ -156.9472, 21.06338 ], [ -156.94722, 21.06337 ], [ -156.94742, 21.06339 ], [ -156.94783, 21.06332 ], [ -156.94814, 21.06336 ], [ -156.94861, 21.06351 ], [ -156.94895, 21.06358 ], [ -156.9496, 21.06357 ], [ -156.9499, 21.06364 ], [ -156.95012, 21.06376 ], [ -156.95042, 21.06413 ], [ -156.95086, 21.06462 ], [ -156.95122, 21.06491 ], [ -156.95181, 21.06524 ], [ -156.95233, 21.06548 ], [ -156.95274, 21.06564 ], [ -156.95381, 21.06612 ], [ -156.95426, 21.06623 ], [ -156.95478, 21.0663 ], [ -156.95529, 21.06639 ], [ -156.95572, 21.06643 ], [ -156.9561, 21.06637 ], [ -156.9566, 21.06631 ], [ -156.95707, 21.06632 ], [ -156.95743, 21.06644 ], [ -156.9579, 21.06656 ], [ -156.95859, 21.06664 ], [ -156.95942, 21.06681 ], [ -156.95986, 21.067 ], [ -156.96033, 21.06707 ], [ -156.96115, 21.06708 ], [ -156.9616, 21.06763 ], [ -156.96186, 21.06779 ], [ -156.96422, 21.06833 ], [ -156.96473, 21.06844 ], [ -156.96515, 21.06841 ], [ -156.96576, 21.06813 ], [ -156.9661, 21.06796 ], [ -156.96669, 21.0674 ], [ -156.96683, 21.06725 ], [ -156.96688, 21.06739 ], [ -156.96682, 21.06764 ], [ -156.96654, 21.06821 ], [ -156.96639, 21.06866 ], [ -156.96646, 21.06885 ], [ -156.96716, 21.06936 ], [ -156.96811, 21.06983 ], [ -156.9688, 21.07003 ], [ -156.96969, 21.07018 ], [ -156.97084, 21.07014 ], [ -156.97188, 21.07013 ], [ -156.97269, 21.07035 ], [ -156.97321, 21.07047 ], [ -156.97324, 21.07047 ], [ -156.97358, 21.07048 ], [ -156.97396, 21.07043 ], [ -156.97496, 21.07036 ], [ -156.97535, 21.07042 ], [ -156.97579, 21.0706 ], [ -156.98002, 21.07701 ], [ -156.98664, 21.08524 ], [ -156.99572, 21.09353 ], [ -157.00555, 21.10165 ], [ -157.01433, 21.10827 ], [ -157.02609, 21.11598 ], [ -157.03222, 21.11875 ], [ -157.03771, 21.12164 ], [ -157.04459, 21.12415 ], [ -157.05312, 21.12748 ], [ -157.0628, 21.13025 ], [ -157.07575, 21.13215 ], [ -157.08905, 21.13208 ], [ -157.09893, 21.13069 ], [ -157.11101, 21.12841 ], [ -157.12195, 21.12436 ], [ -157.13372, 21.11876 ], [ -157.14492, 21.11397 ], [ -157.15653, 21.10882 ], [ -157.16781, 21.10653 ], [ -157.1797, 21.10384 ], [ -157.18841, 21.10204 ], [ -157.20063, 21.09977 ], [ -157.20866, 21.09759 ], [ -157.21691, 21.09463 ], [ -157.22672, 21.09031 ], [ -157.22984, 21.08854 ], [ -157.23009, 21.08854 ], [ -157.23079, 21.0884 ], [ -157.23115, 21.08836 ], [ -157.23164, 21.08839 ], [ -157.23205, 21.08847 ], [ -157.2333, 21.08831 ], [ -157.2339, 21.08807 ], [ -157.23436, 21.08803 ], [ -157.23463, 21.08794 ], [ -157.23549, 21.08796 ], [ -157.23688, 21.08781 ], [ -157.23746, 21.08785 ], [ -157.23845, 21.08794 ], [ -157.23884, 21.08794 ], [ -157.23999, 21.08787 ], [ -157.24068, 21.08794 ], [ -157.24118, 21.08799 ], [ -157.24142, 21.08803 ], [ -157.24238, 21.08805 ], [ -157.24263, 21.08803 ], [ -157.24284, 21.08799 ], [ -157.24305, 21.0879 ], [ -157.24319, 21.08781 ], [ -157.24333, 21.08768 ], [ -157.2434, 21.08759 ], [ -157.24322, 21.08736 ], [ -157.24321, 21.08732 ], [ -157.24325, 21.08728 ], [ -157.24373, 21.08701 ], [ -157.24381, 21.08693 ], [ -157.24409, 21.0868 ], [ -157.24444, 21.08655 ], [ -157.24464, 21.08645 ], [ -157.24471, 21.08633 ], [ -157.24494, 21.08614 ], [ -157.24511, 21.08607 ], [ -157.24523, 21.08593 ], [ -157.24547, 21.08583 ], [ -157.24591, 21.08572 ], [ -157.24599, 21.08569 ], [ -157.24603, 21.08563 ], [ -157.24604, 21.08553 ], [ -157.24611, 21.08545 ], [ -157.24623, 21.08541 ], [ -157.24663, 21.08547 ], [ -157.24678, 21.08545 ], [ -157.24695, 21.0854 ], [ -157.2471, 21.08526 ], [ -157.2472, 21.08524 ], [ -157.24727, 21.08524 ], [ -157.24742, 21.08519 ], [ -157.24758, 21.08505 ], [ -157.24781, 21.08499 ], [ -157.24799, 21.08485 ], [ -157.24823, 21.08483 ], [ -157.24834, 21.08476 ], [ -157.24838, 21.08468 ], [ -157.2485, 21.08456 ], [ -157.24863, 21.08453 ], [ -157.24873, 21.08466 ], [ -157.24877, 21.08474 ], [ -157.24874, 21.08491 ], [ -157.24869, 21.08499 ], [ -157.24829, 21.08534 ], [ -157.24806, 21.08549 ], [ -157.24773, 21.08574 ], [ -157.24764, 21.08588 ], [ -157.24746, 21.08613 ], [ -157.24742, 21.08616 ], [ -157.2473, 21.08618 ], [ -157.2472, 21.08626 ], [ -157.247, 21.0865 ], [ -157.24671, 21.08663 ], [ -157.24672, 21.0867 ], [ -157.2468, 21.08679 ], [ -157.2469, 21.08685 ], [ -157.24698, 21.08686 ], [ -157.2472, 21.08682 ], [ -157.24728, 21.08684 ], [ -157.24745, 21.08683 ], [ -157.24759, 21.0868 ], [ -157.24787, 21.08678 ], [ -157.2486, 21.08664 ], [ -157.24879, 21.0867 ], [ -157.24909, 21.08665 ], [ -157.24927, 21.08668 ], [ -157.24949, 21.08661 ], [ -157.24961, 21.0866 ], [ -157.24999, 21.08672 ], [ -157.25016, 21.08661 ], [ -157.25027, 21.08661 ], [ -157.25038, 21.08664 ], [ -157.25067, 21.08681 ], [ -157.25079, 21.08682 ], [ -157.25088, 21.08677 ], [ -157.25093, 21.08668 ], [ -157.25095, 21.08659 ], [ -157.25092, 21.08649 ], [ -157.25083, 21.08639 ], [ -157.25029, 21.086 ], [ -157.25008, 21.08579 ], [ -157.24995, 21.08563 ], [ -157.24989, 21.08548 ], [ -157.24977, 21.08495 ], [ -157.24961, 21.08453 ], [ -157.24957, 21.08434 ], [ -157.24958, 21.08432 ], [ -157.24962, 21.08431 ], [ -157.24969, 21.0843 ], [ -157.24975, 21.0843 ], [ -157.2498, 21.08431 ], [ -157.24986, 21.08432 ], [ -157.24988, 21.08434 ], [ -157.24995, 21.08445 ], [ -157.25008, 21.085 ], [ -157.2502, 21.08531 ], [ -157.25033, 21.08543 ], [ -157.25085, 21.08582 ], [ -157.25148, 21.08629 ], [ -157.25173, 21.08644 ], [ -157.25174, 21.08658 ], [ -157.25166, 21.08664 ], [ -157.25153, 21.08666 ], [ -157.25142, 21.08663 ], [ -157.25129, 21.08664 ], [ -157.2511, 21.08673 ], [ -157.25101, 21.08683 ], [ -157.25098, 21.08693 ], [ -157.251, 21.087 ], [ -157.25108, 21.08716 ], [ -157.25133, 21.0874 ], [ -157.25157, 21.08743 ], [ -157.25219, 21.08761 ], [ -157.25251, 21.08766 ], [ -157.253, 21.08762 ], [ -157.25316, 21.08765 ], [ -157.25395, 21.0877 ], [ -157.25445, 21.08761 ], [ -157.25458, 21.08763 ], [ -157.25479, 21.08769 ], [ -157.25528, 21.08788 ], [ -157.25619, 21.08823 ], [ -157.2564, 21.08828 ], [ -157.2568, 21.08829 ], [ -157.25752, 21.08825 ], [ -157.25762, 21.08827 ], [ -157.25795, 21.0884 ], [ -157.25805, 21.0884 ], [ -157.25828, 21.0885 ], [ -157.2584, 21.08847 ], [ -157.25851, 21.08848 ], [ -157.25862, 21.08851 ], [ -157.25877, 21.0886 ], [ -157.25888, 21.08864 ], [ -157.25908, 21.08863 ], [ -157.25939, 21.0888 ], [ -157.25974, 21.08886 ], [ -157.25997, 21.08885 ], [ -157.26058, 21.08882 ], [ -157.26089, 21.08887 ], [ -157.26142, 21.08911 ], [ -157.26154, 21.08914 ], [ -157.26171, 21.08913 ], [ -157.26209, 21.0891 ], [ -157.26248, 21.08923 ], [ -157.2626, 21.08913 ], [ -157.26269, 21.08913 ], [ -157.26277, 21.08917 ], [ -157.26283, 21.08917 ], [ -157.26323, 21.08901 ], [ -157.26353, 21.08894 ], [ -157.26364, 21.08894 ], [ -157.26369, 21.08897 ], [ -157.26374, 21.08906 ], [ -157.26382, 21.08911 ], [ -157.26399, 21.08907 ], [ -157.26409, 21.08917 ], [ -157.26415, 21.0892 ], [ -157.26453, 21.08918 ], [ -157.26494, 21.08917 ], [ -157.26514, 21.08925 ], [ -157.26609, 21.08968 ], [ -157.26641, 21.08976 ], [ -157.26714, 21.08998 ], [ -157.26763, 21.09011 ], [ -157.26787, 21.09019 ], [ -157.26808, 21.09022 ], [ -157.2691, 21.09026 ], [ -157.26922, 21.0903 ], [ -157.26947, 21.09042 ], [ -157.26961, 21.09044 ], [ -157.27003, 21.09043 ], [ -157.27028, 21.09046 ], [ -157.27076, 21.09055 ], [ -157.27149, 21.09078 ], [ -157.27233, 21.09079 ], [ -157.27262, 21.09084 ], [ -157.27283, 21.09093 ], [ -157.273, 21.09098 ], [ -157.27316, 21.09099 ], [ -157.27359, 21.09093 ], [ -157.27394, 21.09091 ], [ -157.27551, 21.09129 ], [ -157.27559, 21.09127 ], [ -157.27595, 21.09109 ], [ -157.27603, 21.09109 ], [ -157.27611, 21.09115 ], [ -157.27621, 21.09116 ], [ -157.27646, 21.09114 ], [ -157.27676, 21.09104 ], [ -157.27698, 21.09083 ], [ -157.27705, 21.0908 ], [ -157.27733, 21.09088 ], [ -157.2774, 21.09093 ], [ -157.27742, 21.091 ], [ -157.27742, 21.09109 ], [ -157.27743, 21.09116 ], [ -157.27775, 21.09135 ], [ -157.27792, 21.09155 ], [ -157.27817, 21.09164 ], [ -157.27831, 21.09162 ], [ -157.27866, 21.09169 ], [ -157.27875, 21.09173 ], [ -157.27885, 21.09187 ], [ -157.27894, 21.09191 ], [ -157.27947, 21.09198 ], [ -157.27964, 21.09203 ], [ -157.28003, 21.09214 ], [ -157.28026, 21.09216 ], [ -157.28051, 21.09216 ], [ -157.28118, 21.09224 ], [ -157.28187, 21.09238 ], [ -157.28202, 21.09245 ], [ -157.28231, 21.09263 ], [ -157.28249, 21.0927 ], [ -157.28409, 21.09296 ], [ -157.28441, 21.09288 ], [ -157.28455, 21.09273 ], [ -157.28485, 21.09259 ], [ -157.28495, 21.09256 ], [ -157.28512, 21.09269 ], [ -157.28518, 21.09268 ], [ -157.28524, 21.09263 ], [ -157.28524, 21.09241 ], [ -157.28528, 21.09235 ], [ -157.28532, 21.09232 ], [ -157.28536, 21.09233 ], [ -157.28545, 21.09239 ], [ -157.28553, 21.0924 ], [ -157.28559, 21.09236 ], [ -157.28559, 21.0923 ], [ -157.28565, 21.09214 ], [ -157.28569, 21.09213 ], [ -157.28574, 21.09216 ], [ -157.28577, 21.09227 ], [ -157.28585, 21.09249 ], [ -157.28596, 21.09254 ], [ -157.28601, 21.0927 ], [ -157.28617, 21.09287 ], [ -157.28628, 21.09293 ], [ -157.28645, 21.093 ], [ -157.28709, 21.09318 ], [ -157.2873, 21.09332 ], [ -157.28786, 21.0935 ], [ -157.28829, 21.09358 ], [ -157.28851, 21.09359 ], [ -157.28887, 21.0935 ], [ -157.28912, 21.09348 ], [ -157.28923, 21.09345 ], [ -157.28931, 21.09347 ], [ -157.28943, 21.09352 ], [ -157.28972, 21.09352 ], [ -157.28983, 21.0935 ], [ -157.28999, 21.0934 ], [ -157.29007, 21.09338 ], [ -157.29059, 21.09349 ], [ -157.29106, 21.09353 ], [ -157.29171, 21.09362 ], [ -157.29181, 21.09362 ], [ -157.29191, 21.09359 ], [ -157.29217, 21.09346 ], [ -157.29244, 21.09343 ], [ -157.29251, 21.09357 ], [ -157.29254, 21.09371 ], [ -157.29261, 21.09374 ], [ -157.29287, 21.09371 ], [ -157.29307, 21.09373 ], [ -157.29339, 21.09386 ], [ -157.29343, 21.09387 ], [ -157.29353, 21.09381 ], [ -157.29377, 21.09369 ], [ -157.29406, 21.09377 ], [ -157.2943, 21.09369 ], [ -157.29444, 21.0937 ], [ -157.2945, 21.09374 ], [ -157.29461, 21.09377 ], [ -157.29473, 21.09376 ], [ -157.29496, 21.0937 ], [ -157.29525, 21.09359 ], [ -157.2954, 21.0934 ], [ -157.29548, 21.09341 ], [ -157.29565, 21.09326 ], [ -157.2959, 21.09329 ], [ -157.29609, 21.09325 ], [ -157.2962, 21.09326 ], [ -157.2964, 21.09333 ], [ -157.29649, 21.09333 ], [ -157.29681, 21.09324 ], [ -157.29736, 21.09323 ], [ -157.29753, 21.09321 ], [ -157.29815, 21.09315 ], [ -157.29833, 21.09318 ], [ -157.29867, 21.09331 ], [ -157.29892, 21.09338 ], [ -157.29915, 21.09358 ], [ -157.29938, 21.09372 ], [ -157.29995, 21.09391 ], [ -157.30018, 21.09396 ], [ -157.30044, 21.09395 ], [ -157.30075, 21.09405 ], [ -157.30118, 21.09411 ], [ -157.30124, 21.09418 ], [ -157.30138, 21.09441 ], [ -157.30165, 21.09455 ], [ -157.30187, 21.09484 ], [ -157.30196, 21.09492 ], [ -157.3021, 21.09501 ], [ -157.30241, 21.09514 ], [ -157.30319, 21.09526 ], [ -157.30333, 21.09523 ], [ -157.304, 21.09516 ], [ -157.30412, 21.09518 ], [ -157.30437, 21.09528 ], [ -157.3046, 21.09514 ], [ -157.30468, 21.09513 ], [ -157.30475, 21.09517 ], [ -157.30483, 21.09525 ], [ -157.30493, 21.09572 ], [ -157.30505, 21.09605 ], [ -157.30511, 21.0963 ], [ -157.30532, 21.09628 ], [ -157.30536, 21.09631 ], [ -157.30539, 21.09634 ], [ -157.30535, 21.09652 ], [ -157.30543, 21.09662 ], [ -157.30562, 21.0967 ], [ -157.30573, 21.09671 ], [ -157.3059, 21.0967 ], [ -157.30613, 21.09677 ], [ -157.30632, 21.09692 ], [ -157.30647, 21.0971 ], [ -157.30661, 21.09718 ], [ -157.30687, 21.09722 ], [ -157.30731, 21.09744 ], [ -157.3074, 21.09747 ], [ -157.30764, 21.09742 ], [ -157.3077, 21.09745 ], [ -157.30776, 21.09752 ], [ -157.30785, 21.09767 ], [ -157.30821, 21.09806 ], [ -157.30827, 21.09816 ], [ -157.30856, 21.09854 ], [ -157.30856, 21.0986 ], [ -157.30849, 21.09864 ], [ -157.30843, 21.09871 ], [ -157.30845, 21.09874 ], [ -157.30868, 21.09879 ], [ -157.30878, 21.09887 ], [ -157.30906, 21.09935 ], [ -157.30909, 21.09945 ], [ -157.30906, 21.09969 ], [ -157.30909, 21.09982 ], [ -157.30922, 21.09994 ], [ -157.30946, 21.10022 ], [ -157.30949, 21.10031 ], [ -157.30953, 21.10037 ], [ -157.30971, 21.10047 ], [ -157.30981, 21.10063 ], [ -157.30991, 21.10071 ], [ -157.31009, 21.10077 ], [ -157.31027, 21.10085 ], [ -157.31062, 21.10115 ], [ -157.31067, 21.10124 ], [ -157.31072, 21.10147 ], [ -157.31074, 21.10169 ], [ -157.31087, 21.10189 ], [ -157.31087, 21.10201 ], [ -157.31083, 21.1021 ], [ -157.31076, 21.1022 ], [ -157.31061, 21.10234 ], [ -157.31056, 21.10233 ], [ -157.31043, 21.10242 ], [ -157.31021, 21.10248 ], [ -157.31004, 21.1026 ], [ -157.3096, 21.10292 ], [ -157.30904, 21.10326 ], [ -157.30794, 21.10438 ], [ -157.30779, 21.1046 ], [ -157.30752, 21.10473 ], [ -157.30741, 21.10497 ], [ -157.30734, 21.10521 ], [ -157.30736, 21.10529 ], [ -157.30726, 21.10581 ], [ -157.30719, 21.10593 ], [ -157.30691, 21.10626 ], [ -157.30683, 21.10643 ], [ -157.30678, 21.10667 ], [ -157.30681, 21.10709 ], [ -157.30679, 21.10719 ], [ -157.3067, 21.10741 ], [ -157.30661, 21.10769 ], [ -157.30664, 21.10784 ], [ -157.30665, 21.10799 ], [ -157.30662, 21.10803 ], [ -157.30582, 21.10874 ], [ -157.30566, 21.10884 ], [ -157.30535, 21.10893 ], [ -157.30529, 21.10897 ], [ -157.30487, 21.10947 ], [ -157.30479, 21.10961 ], [ -157.30473, 21.1098 ], [ -157.30468, 21.10987 ], [ -157.30446, 21.11008 ], [ -157.30441, 21.11039 ], [ -157.30437, 21.11046 ], [ -157.3037, 21.11112 ], [ -157.30353, 21.11131 ], [ -157.30327, 21.11171 ], [ -157.30291, 21.11211 ], [ -157.30273, 21.1124 ], [ -157.30232, 21.11318 ], [ -157.30215, 21.1134 ], [ -157.30201, 21.11346 ], [ -157.30187, 21.11356 ], [ -157.30165, 21.11382 ], [ -157.30121, 21.11425 ], [ -157.30096, 21.11452 ], [ -157.30052, 21.11532 ], [ -157.30028, 21.11602 ], [ -157.29986, 21.11773 ], [ -157.29927, 21.11898 ], [ -157.29921, 21.11951 ], [ -157.29916, 21.11967 ], [ -157.29894, 21.11997 ], [ -157.29884, 21.12017 ], [ -157.29877, 21.12043 ], [ -157.29871, 21.12054 ], [ -157.29874, 21.12075 ], [ -157.29884, 21.12091 ], [ -157.29917, 21.12121 ], [ -157.2993, 21.12147 ], [ -157.29944, 21.12157 ], [ -157.29958, 21.12174 ], [ -157.29973, 21.12175 ], [ -157.29987, 21.12183 ], [ -157.29996, 21.12191 ], [ -157.29996, 21.12193 ], [ -157.3, 21.12195 ], [ -157.30018, 21.12215 ], [ -157.30019, 21.12219 ], [ -157.30016, 21.12234 ], [ -157.3001, 21.12238 ], [ -157.30009, 21.12245 ], [ -157.30022, 21.12311 ], [ -157.30028, 21.1232 ], [ -157.30027, 21.12334 ], [ -157.30031, 21.12349 ], [ -157.30054, 21.12401 ], [ -157.30052, 21.12406 ], [ -157.30044, 21.12415 ], [ -157.30034, 21.1243 ], [ -157.30034, 21.12463 ], [ -157.30029, 21.12475 ], [ -157.30013, 21.12486 ], [ -157.2996, 21.12499 ], [ -157.29958, 21.12504 ], [ -157.29932, 21.1251 ], [ -157.29909, 21.12512 ], [ -157.299, 21.1252 ], [ -157.29895, 21.1253 ], [ -157.29885, 21.12568 ], [ -157.2989, 21.12584 ], [ -157.29879, 21.12613 ], [ -157.29883, 21.1263 ], [ -157.2988, 21.12637 ], [ -157.29882, 21.12642 ], [ -157.29891, 21.12653 ], [ -157.2989, 21.12657 ], [ -157.29874, 21.12676 ], [ -157.29873, 21.12686 ], [ -157.29889, 21.12744 ], [ -157.29885, 21.12748 ], [ -157.29877, 21.12752 ], [ -157.29868, 21.12754 ], [ -157.2986, 21.12752 ], [ -157.29855, 21.12754 ], [ -157.29854, 21.12761 ], [ -157.29856, 21.12769 ], [ -157.29861, 21.12775 ], [ -157.29861, 21.12787 ], [ -157.29853, 21.12797 ], [ -157.29842, 21.12809 ], [ -157.29831, 21.12814 ], [ -157.29805, 21.12807 ], [ -157.29787, 21.12795 ], [ -157.29773, 21.12792 ], [ -157.29763, 21.12793 ], [ -157.29754, 21.12799 ], [ -157.29743, 21.12818 ], [ -157.29698, 21.12877 ], [ -157.29681, 21.12913 ], [ -157.29653, 21.12953 ], [ -157.29633, 21.12987 ], [ -157.29627, 21.13004 ], [ -157.2963, 21.13016 ], [ -157.29638, 21.13032 ], [ -157.29649, 21.13034 ], [ -157.29661, 21.13041 ], [ -157.29681, 21.13072 ], [ -157.29684, 21.13085 ], [ -157.29679, 21.13124 ], [ -157.29682, 21.13135 ], [ -157.29682, 21.13152 ], [ -157.29688, 21.13157 ], [ -157.29681, 21.13189 ], [ -157.29689, 21.13216 ], [ -157.2969, 21.13228 ], [ -157.29675, 21.13251 ], [ -157.29671, 21.13262 ], [ -157.29674, 21.1331 ], [ -157.29679, 21.13319 ], [ -157.29681, 21.13333 ], [ -157.2968, 21.13344 ], [ -157.29671, 21.1335 ], [ -157.29655, 21.13351 ], [ -157.29607, 21.1335 ], [ -157.29552, 21.13382 ], [ -157.29547, 21.13389 ], [ -157.29543, 21.13399 ], [ -157.29538, 21.13403 ], [ -157.29531, 21.13403 ], [ -157.29523, 21.13402 ], [ -157.29507, 21.13391 ], [ -157.29491, 21.13401 ], [ -157.29485, 21.13411 ], [ -157.2948, 21.13426 ], [ -157.29475, 21.13433 ], [ -157.29465, 21.13438 ], [ -157.29438, 21.13444 ], [ -157.29428, 21.13459 ], [ -157.29411, 21.13465 ], [ -157.29401, 21.13486 ], [ -157.29385, 21.13503 ], [ -157.29348, 21.1353 ], [ -157.29289, 21.13568 ], [ -157.29275, 21.13584 ], [ -157.29265, 21.13586 ], [ -157.29248, 21.13587 ], [ -157.29226, 21.13591 ], [ -157.29216, 21.13596 ], [ -157.292, 21.13623 ], [ -157.2919, 21.1363 ], [ -157.29174, 21.1363 ], [ -157.2915, 21.1362 ], [ -157.29122, 21.13613 ], [ -157.29114, 21.13615 ], [ -157.29106, 21.13625 ], [ -157.291, 21.13638 ], [ -157.29099, 21.13661 ], [ -157.29112, 21.13688 ], [ -157.291, 21.13697 ], [ -157.29068, 21.13704 ], [ -157.29043, 21.13693 ], [ -157.2903, 21.13695 ], [ -157.29013, 21.13703 ], [ -157.2898, 21.13731 ], [ -157.28953, 21.13771 ], [ -157.28954, 21.13785 ], [ -157.2896, 21.13802 ], [ -157.28967, 21.13814 ], [ -157.29031, 21.13837 ], [ -157.29044, 21.13847 ], [ -157.29054, 21.13862 ], [ -157.29071, 21.13893 ], [ -157.29082, 21.13902 ], [ -157.29087, 21.13916 ], [ -157.29089, 21.13968 ], [ -157.29095, 21.13989 ], [ -157.29095, 21.14007 ], [ -157.29089, 21.14072 ], [ -157.29082, 21.14085 ], [ -157.29073, 21.14092 ], [ -157.29058, 21.14101 ], [ -157.29037, 21.14106 ], [ -157.2902, 21.14106 ], [ -157.28992, 21.14089 ], [ -157.28979, 21.14086 ], [ -157.28965, 21.14087 ], [ -157.28952, 21.14091 ], [ -157.28941, 21.141 ], [ -157.28927, 21.14132 ], [ -157.28923, 21.14149 ], [ -157.2893, 21.14169 ], [ -157.28941, 21.14179 ], [ -157.28959, 21.14187 ], [ -157.29007, 21.14193 ], [ -157.29025, 21.14197 ], [ -157.29041, 21.14206 ], [ -157.29094, 21.14249 ], [ -157.29099, 21.14258 ], [ -157.29105, 21.14289 ], [ -157.291, 21.14319 ], [ -157.29092, 21.14332 ], [ -157.29083, 21.14339 ], [ -157.29067, 21.14344 ], [ -157.29036, 21.14357 ], [ -157.28998, 21.14387 ], [ -157.28982, 21.14381 ], [ -157.28969, 21.1438 ], [ -157.2896, 21.14385 ], [ -157.28949, 21.14394 ], [ -157.28938, 21.14405 ], [ -157.28928, 21.14421 ], [ -157.28922, 21.14436 ], [ -157.28921, 21.14479 ], [ -157.28906, 21.14499 ], [ -157.28904, 21.14508 ], [ -157.28908, 21.14519 ], [ -157.28903, 21.14528 ], [ -157.28908, 21.14542 ], [ -157.28909, 21.14574 ], [ -157.28902, 21.14595 ], [ -157.28895, 21.14601 ], [ -157.28863, 21.14618 ], [ -157.28858, 21.14626 ], [ -157.28857, 21.14675 ], [ -157.28854, 21.14683 ], [ -157.28844, 21.14687 ], [ -157.2883, 21.1467 ], [ -157.28825, 21.14673 ], [ -157.28822, 21.14685 ], [ -157.28821, 21.1472 ], [ -157.28817, 21.14722 ], [ -157.28811, 21.14719 ], [ -157.28805, 21.14698 ], [ -157.288, 21.1469 ], [ -157.28796, 21.14687 ], [ -157.28783, 21.14686 ], [ -157.28773, 21.14688 ], [ -157.28768, 21.14696 ], [ -157.28764, 21.14709 ], [ -157.28751, 21.14721 ], [ -157.28737, 21.14729 ], [ -157.28729, 21.14731 ], [ -157.28702, 21.14731 ], [ -157.28694, 21.14735 ], [ -157.28685, 21.14745 ], [ -157.28682, 21.14754 ], [ -157.28688, 21.14782 ], [ -157.28687, 21.14795 ], [ -157.28679, 21.14812 ], [ -157.28656, 21.14834 ], [ -157.28655, 21.14838 ], [ -157.2866, 21.14849 ], [ -157.28658, 21.14852 ], [ -157.28647, 21.14849 ], [ -157.28632, 21.1486 ], [ -157.28616, 21.14863 ], [ -157.28609, 21.14872 ], [ -157.28601, 21.14877 ], [ -157.28576, 21.14874 ], [ -157.28561, 21.1488 ], [ -157.28543, 21.14908 ], [ -157.28525, 21.14909 ], [ -157.28522, 21.14912 ], [ -157.28521, 21.14927 ], [ -157.28518, 21.14935 ], [ -157.28512, 21.14941 ], [ -157.28485, 21.14946 ], [ -157.28468, 21.14955 ], [ -157.2846, 21.14964 ], [ -157.28455, 21.14978 ], [ -157.28443, 21.14995 ], [ -157.28433, 21.15016 ], [ -157.28424, 21.15032 ], [ -157.28416, 21.15041 ], [ -157.28391, 21.15056 ], [ -157.28339, 21.15098 ], [ -157.28333, 21.15107 ], [ -157.28333, 21.15134 ], [ -157.28324, 21.15162 ], [ -157.28325, 21.15167 ], [ -157.28342, 21.15188 ], [ -157.28348, 21.15207 ], [ -157.2835, 21.15216 ], [ -157.28347, 21.1522 ], [ -157.28339, 21.15224 ], [ -157.28335, 21.1523 ], [ -157.28339, 21.15251 ], [ -157.28334, 21.15255 ], [ -157.28315, 21.1525 ], [ -157.28304, 21.15272 ], [ -157.28284, 21.15291 ], [ -157.28285, 21.15295 ], [ -157.28292, 21.15301 ], [ -157.28294, 21.15307 ], [ -157.28286, 21.15317 ], [ -157.28287, 21.15331 ], [ -157.28279, 21.1534 ], [ -157.28239, 21.15354 ], [ -157.28232, 21.1537 ], [ -157.28203, 21.15388 ], [ -157.28192, 21.15391 ], [ -157.28161, 21.15385 ], [ -157.28154, 21.15385 ], [ -157.28145, 21.15389 ], [ -157.28139, 21.15403 ], [ -157.28141, 21.1541 ], [ -157.28156, 21.15422 ], [ -157.28158, 21.1543 ], [ -157.28149, 21.1545 ], [ -157.28148, 21.15459 ], [ -157.28142, 21.15473 ], [ -157.28136, 21.15476 ], [ -157.2811, 21.15476 ], [ -157.28098, 21.15484 ], [ -157.28086, 21.15484 ], [ -157.28081, 21.15488 ], [ -157.28081, 21.15492 ], [ -157.2808, 21.15496 ], [ -157.28073, 21.155 ], [ -157.28064, 21.15498 ], [ -157.2805, 21.1549 ], [ -157.2804, 21.15478 ], [ -157.28009, 21.1547 ], [ -157.27996, 21.15452 ], [ -157.27974, 21.15443 ], [ -157.27951, 21.15437 ], [ -157.27922, 21.15418 ], [ -157.2791, 21.15425 ], [ -157.27887, 21.15451 ], [ -157.27886, 21.15461 ], [ -157.27897, 21.15495 ], [ -157.27899, 21.15507 ], [ -157.27892, 21.1552 ], [ -157.27893, 21.15532 ], [ -157.27916, 21.15556 ], [ -157.2792, 21.15563 ], [ -157.27915, 21.15577 ], [ -157.27922, 21.15587 ], [ -157.27922, 21.15591 ], [ -157.27913, 21.15601 ], [ -157.27902, 21.15606 ], [ -157.27897, 21.15612 ], [ -157.2789, 21.15616 ], [ -157.27874, 21.15623 ], [ -157.27868, 21.15628 ], [ -157.27868, 21.15633 ], [ -157.27878, 21.15646 ], [ -157.27877, 21.15652 ], [ -157.27858, 21.15655 ], [ -157.27854, 21.15662 ], [ -157.2785, 21.15663 ], [ -157.27832, 21.15648 ], [ -157.27823, 21.15647 ], [ -157.27814, 21.1565 ], [ -157.27806, 21.15659 ], [ -157.27798, 21.15694 ], [ -157.27798, 21.15702 ], [ -157.2781, 21.15718 ], [ -157.27805, 21.15735 ], [ -157.27797, 21.1574 ], [ -157.27773, 21.15747 ], [ -157.27769, 21.15759 ], [ -157.27774, 21.1579 ], [ -157.27766, 21.15804 ], [ -157.27769, 21.15816 ], [ -157.27763, 21.15827 ], [ -157.27751, 21.15835 ], [ -157.27744, 21.15845 ], [ -157.27737, 21.15848 ], [ -157.27727, 21.15847 ], [ -157.2771, 21.15833 ], [ -157.27691, 21.15825 ], [ -157.27687, 21.1581 ], [ -157.2768, 21.15808 ], [ -157.27672, 21.1581 ], [ -157.27645, 21.1583 ], [ -157.27636, 21.15834 ], [ -157.27626, 21.15835 ], [ -157.27604, 21.15826 ], [ -157.2759, 21.15813 ], [ -157.27584, 21.1581 ], [ -157.27575, 21.15812 ], [ -157.27554, 21.15822 ], [ -157.27544, 21.15823 ], [ -157.2753, 21.15822 ], [ -157.27524, 21.15825 ], [ -157.27519, 21.15832 ], [ -157.2752, 21.15839 ], [ -157.27527, 21.15854 ], [ -157.27513, 21.15872 ], [ -157.27508, 21.15884 ], [ -157.27506, 21.15893 ], [ -157.27501, 21.15899 ], [ -157.27484, 21.159 ], [ -157.27479, 21.15906 ], [ -157.27475, 21.15913 ], [ -157.27458, 21.15925 ], [ -157.27456, 21.15932 ], [ -157.27452, 21.15937 ], [ -157.27433, 21.15936 ], [ -157.27423, 21.1594 ], [ -157.27403, 21.1596 ], [ -157.27392, 21.15965 ], [ -157.27368, 21.15981 ], [ -157.27359, 21.15982 ], [ -157.2734, 21.15977 ], [ -157.27334, 21.15978 ], [ -157.2731, 21.15997 ], [ -157.27303, 21.15998 ], [ -157.27294, 21.15992 ], [ -157.27293, 21.1598 ], [ -157.2729, 21.15976 ], [ -157.27281, 21.1597 ], [ -157.2728, 21.15955 ], [ -157.27276, 21.15953 ], [ -157.27263, 21.15954 ], [ -157.27244, 21.1596 ], [ -157.27217, 21.15963 ], [ -157.27212, 21.1596 ], [ -157.27211, 21.15956 ], [ -157.27212, 21.15951 ], [ -157.27221, 21.15945 ], [ -157.27222, 21.15941 ], [ -157.2722, 21.15937 ], [ -157.27216, 21.15935 ], [ -157.27201, 21.15936 ], [ -157.27194, 21.15929 ], [ -157.27187, 21.15927 ], [ -157.27181, 21.15929 ], [ -157.27175, 21.15937 ], [ -157.27157, 21.15944 ], [ -157.27131, 21.15963 ], [ -157.27092, 21.15979 ], [ -157.27056, 21.15999 ], [ -157.26982, 21.16048 ], [ -157.26947, 21.16085 ], [ -157.26889, 21.16135 ], [ -157.26835, 21.16166 ], [ -157.268, 21.16194 ], [ -157.26759, 21.16244 ], [ -157.26743, 21.16257 ], [ -157.26653, 21.16315 ], [ -157.26624, 21.16341 ], [ -157.2661, 21.1636 ], [ -157.26563, 21.16415 ], [ -157.2655, 21.16424 ], [ -157.26492, 21.16453 ], [ -157.26463, 21.16476 ], [ -157.26423, 21.16515 ], [ -157.26375, 21.16566 ], [ -157.26355, 21.16593 ], [ -157.26342, 21.16605 ], [ -157.26316, 21.16621 ], [ -157.26277, 21.16656 ], [ -157.2621, 21.16704 ], [ -157.26157, 21.16756 ], [ -157.26125, 21.16783 ], [ -157.26032, 21.16868 ], [ -157.2599, 21.16903 ], [ -157.25925, 21.16953 ], [ -157.25907, 21.16963 ], [ -157.25887, 21.16983 ], [ -157.25839, 21.17022 ], [ -157.25769, 21.17102 ], [ -157.25719, 21.17156 ], [ -157.25664, 21.17206 ], [ -157.25632, 21.17228 ], [ -157.25599, 21.17269 ], [ -157.25559, 21.17304 ], [ -157.25314, 21.17378 ], [ -157.24969, 21.17564 ], [ -157.24605, 21.17755 ], [ -157.23979, 21.18143 ], [ -157.23294, 21.18558 ], [ -157.22387, 21.19129 ], [ -157.21843, 21.19441 ], [ -157.21293, 21.19752 ], [ -157.2065, 21.20034 ], [ -157.20095, 21.2017 ], [ -157.19355, 21.20375 ], [ -157.18933, 21.20453 ], [ -157.18915, 21.20445 ] ] ] ] } },
{ "type": "Feature", "properties": { "objectid": 58, "solar_cal": "450-500", "st_areasha": 2158051.4171468648, "st_perimet": 6381.9140293936798 }, "geometry": { "type": "MultiPolygon", "coordinates": [ [ [ [ -157.69611, 21.27025 ], [ -157.69596, 21.2702 ], [ -157.69603, 21.26982 ], [ -157.69601, 21.26975 ], [ -157.69602, 21.26967 ], [ -157.69597, 21.26958 ], [ -157.69597, 21.26921 ], [ -157.69601, 21.26875 ], [ -157.69604, 21.26856 ], [ -157.69612, 21.26821 ], [ -157.69615, 21.26804 ], [ -157.69599, 21.26802 ], [ -157.6958, 21.26801 ], [ -157.69557, 21.26809 ], [ -157.69531, 21.26821 ], [ -157.69513, 21.26829 ], [ -157.6949, 21.26832 ], [ -157.69485, 21.2683 ], [ -157.69478, 21.26824 ], [ -157.69481, 21.26813 ], [ -157.69501, 21.26791 ], [ -157.69521, 21.26755 ], [ -157.69521, 21.26744 ], [ -157.69514, 21.26734 ], [ -157.69488, 21.26713 ], [ -157.69481, 21.26705 ], [ -157.69469, 21.2668 ], [ -157.69457, 21.26668 ], [ -157.69444, 21.26642 ], [ -157.69442, 21.26639 ], [ -157.69442, 21.26636 ], [ -157.69433, 21.26623 ], [ -157.69417, 21.26609 ], [ -157.69392, 21.26597 ], [ -157.69292, 21.26567 ], [ -157.69233, 21.2655 ], [ -157.69222, 21.26543 ], [ -157.69204, 21.26526 ], [ -157.69192, 21.26502 ], [ -157.69191, 21.26496 ], [ -157.69189, 21.26495 ], [ -157.69188, 21.26489 ], [ -157.69187, 21.26449 ], [ -157.69194, 21.26427 ], [ -157.69193, 21.26418 ], [ -157.69195, 21.26413 ], [ -157.69191, 21.26399 ], [ -157.69181, 21.26378 ], [ -157.69181, 21.26361 ], [ -157.69183, 21.26359 ], [ -157.69188, 21.26356 ], [ -157.69202, 21.26347 ], [ -157.69258, 21.26334 ], [ -157.69281, 21.26326 ], [ -157.69292, 21.26314 ], [ -157.693, 21.26306 ], [ -157.69306, 21.263 ], [ -157.69315, 21.26285 ], [ -157.69322, 21.26279 ], [ -157.69332, 21.26274 ], [ -157.69354, 21.26271 ], [ -157.69388, 21.2628 ], [ -157.69397, 21.2628 ], [ -157.6941, 21.26275 ], [ -157.69466, 21.26234 ], [ -157.69491, 21.26222 ], [ -157.69571, 21.26191 ], [ -157.69592, 21.26175 ], [ -157.69618, 21.26173 ], [ -157.69685, 21.26148 ], [ -157.69735, 21.26133 ], [ -157.69745, 21.26131 ], [ -157.69748, 21.26128 ], [ -157.6975, 21.26116 ], [ -157.69754, 21.26113 ], [ -157.69768, 21.26109 ], [ -157.69785, 21.26102 ], [ -157.69817, 21.26094 ], [ -157.69838, 21.26085 ], [ -157.69858, 21.26071 ], [ -157.69879, 21.26058 ], [ -157.69926, 21.26049 ], [ -157.69938, 21.26041 ], [ -157.6996, 21.2603 ], [ -157.6998, 21.26019 ], [ -157.70067, 21.25995 ], [ -157.70132, 21.25984 ], [ -157.70189, 21.25979 ], [ -157.70218, 21.25977 ], [ -157.70265, 21.25962 ], [ -157.70289, 21.2596 ], [ -157.70296, 21.25956 ], [ -157.70308, 21.25951 ], [ -157.70329, 21.25943 ], [ -157.7035, 21.25941 ], [ -157.70363, 21.25944 ], [ -157.70369, 21.25945 ], [ -157.70386, 21.25937 ], [ -157.70463, 21.2594 ], [ -157.70473, 21.25944 ], [ -157.70488, 21.25947 ], [ -157.70506, 21.25947 ], [ -157.70535, 21.25936 ], [ -157.70552, 21.25935 ], [ -157.70563, 21.25938 ], [ -157.7057, 21.25939 ], [ -157.70572, 21.25935 ], [ -157.70577, 21.25933 ], [ -157.70586, 21.25933 ], [ -157.70596, 21.25941 ], [ -157.70603, 21.25943 ], [ -157.70615, 21.25947 ], [ -157.70633, 21.25943 ], [ -157.70643, 21.25938 ], [ -157.70674, 21.25931 ], [ -157.7069, 21.25928 ], [ -157.70706, 21.25913 ], [ -157.7071, 21.25911 ], [ -157.7072, 21.25912 ], [ -157.70733, 21.25915 ], [ -157.70765, 21.25949 ], [ -157.70779, 21.25946 ], [ -157.7079, 21.25935 ], [ -157.70805, 21.25925 ], [ -157.70815, 21.25927 ], [ -157.70827, 21.25933 ], [ -157.70833, 21.25938 ], [ -157.70846, 21.25942 ], [ -157.70853, 21.25942 ], [ -157.70863, 21.25947 ], [ -157.7088, 21.25955 ], [ -157.7089, 21.25961 ], [ -157.70897, 21.25963 ], [ -157.70929, 21.25958 ], [ -157.70939, 21.25959 ], [ -157.70953, 21.25958 ], [ -157.70966, 21.25967 ], [ -157.70979, 21.25983 ], [ -157.70981, 21.25989 ], [ -157.70982, 21.26 ], [ -157.70988, 21.26005 ], [ -157.71009, 21.26011 ], [ -157.71019, 21.26013 ], [ -157.71035, 21.26026 ], [ -157.71048, 21.26043 ], [ -157.71061, 21.26051 ], [ -157.71079, 21.26059 ], [ -157.71093, 21.26069 ], [ -157.71096, 21.26076 ], [ -157.71104, 21.26083 ], [ -157.7112, 21.26092 ], [ -157.71126, 21.26099 ], [ -157.71127, 21.26105 ], [ -157.71135, 21.2613 ], [ -157.71142, 21.26144 ], [ -157.71144, 21.26146 ], [ -157.71147, 21.26153 ], [ -157.71153, 21.2617 ], [ -157.71152, 21.26178 ], [ -157.71157, 21.26187 ], [ -157.71165, 21.26193 ], [ -157.71169, 21.26201 ], [ -157.71167, 21.26209 ], [ -157.71162, 21.26219 ], [ -157.71145, 21.26226 ], [ -157.71142, 21.26232 ], [ -157.71137, 21.26253 ], [ -157.71138, 21.26259 ], [ -157.71145, 21.26263 ], [ -157.71159, 21.2627 ], [ -157.71162, 21.26273 ], [ -157.71169, 21.2629 ], [ -157.71172, 21.26305 ], [ -157.71172, 21.26308 ], [ -157.71174, 21.2632 ], [ -157.71176, 21.26327 ], [ -157.71174, 21.26342 ], [ -157.71171, 21.26351 ], [ -157.71159, 21.26375 ], [ -157.71154, 21.26383 ], [ -157.71148, 21.26392 ], [ -157.71145, 21.26399 ], [ -157.71139, 21.26405 ], [ -157.71128, 21.26429 ], [ -157.71103, 21.26471 ], [ -157.71096, 21.26496 ], [ -157.71083, 21.26532 ], [ -157.71081, 21.2654 ], [ -157.71076, 21.26553 ], [ -157.71069, 21.26561 ], [ -157.71052, 21.2658 ], [ -157.71043, 21.26595 ], [ -157.7104, 21.26603 ], [ -157.71035, 21.26611 ], [ -157.71027, 21.26643 ], [ -157.71025, 21.26655 ], [ -157.71018, 21.2667 ], [ -157.71013, 21.26683 ], [ -157.70981, 21.26719 ], [ -157.70973, 21.26734 ], [ -157.70965, 21.26754 ], [ -157.70959, 21.26763 ], [ -157.70938, 21.26793 ], [ -157.70928, 21.26806 ], [ -157.70914, 21.26843 ], [ -157.70911, 21.26846 ], [ -157.70899, 21.26868 ], [ -157.70895, 21.26874 ], [ -157.70886, 21.26881 ], [ -157.70876, 21.26898 ], [ -157.70875, 21.26906 ], [ -157.7087, 21.26932 ], [ -157.70871, 21.26947 ], [ -157.70874, 21.26968 ], [ -157.70864, 21.26987 ], [ -157.70863, 21.26998 ], [ -157.70863, 21.2701 ], [ -157.70865, 21.27024 ], [ -157.70874, 21.27043 ], [ -157.70874, 21.27045 ], [ -157.70873, 21.27047 ], [ -157.70874, 21.27049 ], [ -157.70884, 21.27096 ], [ -157.70887, 21.27123 ], [ -157.70888, 21.27131 ], [ -157.70893, 21.27172 ], [ -157.70892, 21.27187 ], [ -157.70891, 21.27212 ], [ -157.70893, 21.27236 ], [ -157.70899, 21.27248 ], [ -157.709, 21.27262 ], [ -157.70905, 21.27275 ], [ -157.70907, 21.27288 ], [ -157.70911, 21.273 ], [ -157.70912, 21.27334 ], [ -157.70907, 21.27375 ], [ -157.70903, 21.27385 ], [ -157.709, 21.27396 ], [ -157.69611, 21.27025 ] ] ] ] } },
{ "type": "Feature", "properties": { "objectid": 63, "solar_cal": "450-500", "st_areasha": 943890.13097180985, "st_perimet": 5139.5132014282535 }, "geometry": { "type": "MultiPolygon", "coordinates": [ [ [ [ -157.88119, 21.31327 ], [ -157.88145, 21.31231 ], [ -157.88145, 21.31225 ], [ -157.88142, 21.31222 ], [ -157.88138, 21.31222 ], [ -157.88092, 21.31321 ], [ -157.88011, 21.31308 ], [ -157.8803, 21.31254 ], [ -157.88037, 21.31235 ], [ -157.88053, 21.3119 ], [ -157.88068, 21.31179 ], [ -157.88075, 21.31165 ], [ -157.88074, 21.31154 ], [ -157.88065, 21.31144 ], [ -157.8804, 21.31134 ], [ -157.88035, 21.31135 ], [ -157.88028, 21.31155 ], [ -157.88017, 21.31151 ], [ -157.88042, 21.31081 ], [ -157.88033, 21.31076 ], [ -157.88019, 21.31075 ], [ -157.87937, 21.31269 ], [ -157.87719, 21.31134 ], [ -157.87306, 21.30869 ], [ -157.87373, 21.30776 ], [ -157.87376, 21.30771 ], [ -157.87352, 21.30756 ], [ -157.87362, 21.30748 ], [ -157.87351, 21.30742 ], [ -157.87342, 21.30752 ], [ -157.87318, 21.30739 ], [ -157.87311, 21.30743 ], [ -157.87282, 21.30723 ], [ -157.87601, 21.30734 ], [ -157.88365, 21.30653 ], [ -157.88654, 21.30618 ], [ -157.88952, 21.312 ], [ -157.88957, 21.31229 ], [ -157.88953, 21.31243 ], [ -157.88929, 21.31265 ], [ -157.88833, 21.31316 ], [ -157.88785, 21.31349 ], [ -157.88748, 21.31363 ], [ -157.8871, 21.31373 ], [ -157.88658, 21.31382 ], [ -157.8861, 21.31388 ], [ -157.88592, 21.31387 ], [ -157.8859, 21.31409 ], [ -157.88119, 21.31327 ] ] ] ] } },
{ "type": "Feature", "properties": { "objectid": 73, "solar_cal": "450-500", "st_areasha": 234593593.36965835, "st_perimet": 171324.28052776595 }, "geometry": { "type": "MultiPolygon", "coordinates": [ [ [ [ -158.22369, 21.52849 ], [ -158.21668, 21.51748 ], [ -158.20771, 21.50493 ], [ -158.19847, 21.49526 ], [ -158.1907, 21.48869 ], [ -158.17953, 21.48338 ], [ -158.17072, 21.48017 ], [ -158.16034, 21.47749 ], [ -158.15015, 21.47215 ], [ -158.14358, 21.46624 ], [ -158.13774, 21.45992 ], [ -158.12983, 21.44899 ], [ -158.12182, 21.43658 ], [ -158.11524, 21.42431 ], [ -158.10143, 21.40152 ], [ -158.09158, 21.38987 ], [ -158.08567, 21.38579 ], [ -158.07829, 21.38299 ], [ -158.06907, 21.38278 ], [ -158.06158, 21.38453 ], [ -158.05438, 21.3891 ], [ -158.04752, 21.39494 ], [ -158.04329, 21.39923 ], [ -158.03512, 21.40904 ], [ -158.02498, 21.42084 ], [ -158.01488, 21.43234 ], [ -158.00281, 21.44069 ], [ -157.99704, 21.44321 ], [ -157.99175, 21.44439 ], [ -157.98642, 21.44375 ], [ -157.98115, 21.4417 ], [ -157.97312, 21.43742 ], [ -157.96761, 21.43187 ], [ -157.9614, 21.42537 ], [ -157.95572, 21.42133 ], [ -157.94747, 21.41759 ], [ -157.93674, 21.41555 ], [ -157.92945, 21.41316 ], [ -157.92356, 21.40768 ], [ -157.91618, 21.39706 ], [ -157.91532, 21.39403 ], [ -157.91323, 21.37926 ], [ -157.91223, 21.36803 ], [ -157.90852, 21.35637 ], [ -157.89731, 21.34674 ], [ -157.88502, 21.34284 ], [ -157.87088, 21.33851 ], [ -157.85989, 21.33414 ], [ -157.84725, 21.3271 ], [ -157.83773, 21.32023 ], [ -157.82306, 21.31377 ], [ -157.80291, 21.30728 ], [ -157.77954, 21.29929 ], [ -157.75874, 21.29146 ], [ -157.73452, 21.28272 ], [ -157.73236, 21.28194 ], [ -157.73285, 21.28192 ], [ -157.7331, 21.28185 ], [ -157.73336, 21.28167 ], [ -157.7335, 21.28159 ], [ -157.73352, 21.28156 ], [ -157.73351, 21.28153 ], [ -157.73345, 21.28139 ], [ -157.73343, 21.28133 ], [ -157.73338, 21.28122 ], [ -157.73335, 21.28119 ], [ -157.73335, 21.28117 ], [ -157.73334, 21.28115 ], [ -157.73332, 21.28108 ], [ -157.73331, 21.28105 ], [ -157.7333, 21.2809 ], [ -157.73341, 21.2806 ], [ -157.73344, 21.28045 ], [ -157.73346, 21.28036 ], [ -157.7336, 21.28013 ], [ -157.73371, 21.28004 ], [ -157.73384, 21.27996 ], [ -157.73414, 21.27986 ], [ -157.73436, 21.27981 ], [ -157.73463, 21.27975 ], [ -157.73502, 21.27972 ], [ -157.73521, 21.27975 ], [ -157.73549, 21.27979 ], [ -157.73577, 21.27996 ], [ -157.73593, 21.28013 ], [ -157.736, 21.28023 ], [ -157.73622, 21.28039 ], [ -157.73631, 21.28047 ], [ -157.73644, 21.28047 ], [ -157.73673, 21.28041 ], [ -157.73687, 21.2803 ], [ -157.73719, 21.28023 ], [ -157.73757, 21.28004 ], [ -157.73769, 21.2799 ], [ -157.73778, 21.27981 ], [ -157.73783, 21.27982 ], [ -157.73788, 21.27984 ], [ -157.73805, 21.28002 ], [ -157.7381, 21.28009 ], [ -157.73836, 21.28007 ], [ -157.73841, 21.28 ], [ -157.7385, 21.28 ], [ -157.73869, 21.27997 ], [ -157.73905, 21.27993 ], [ -157.73921, 21.27997 ], [ -157.73996, 21.27991 ], [ -157.74052, 21.27993 ], [ -157.74195, 21.27993 ], [ -157.74226, 21.28 ], [ -157.74246, 21.28001 ], [ -157.74286, 21.27997 ], [ -157.74334, 21.27981 ], [ -157.74361, 21.27973 ], [ -157.74367, 21.27971 ], [ -157.74369, 21.2797 ], [ -157.74384, 21.27959 ], [ -157.74395, 21.27948 ], [ -157.74401, 21.27945 ], [ -157.74412, 21.27924 ], [ -157.74416, 21.27913 ], [ -157.7442, 21.27902 ], [ -157.74425, 21.27897 ], [ -157.74432, 21.27893 ], [ -157.74445, 21.27888 ], [ -157.7446, 21.27882 ], [ -157.74483, 21.27875 ], [ -157.74501, 21.27871 ], [ -157.7452, 21.27867 ], [ -157.74534, 21.27864 ], [ -157.74549, 21.27859 ], [ -157.74557, 21.27857 ], [ -157.74567, 21.27854 ], [ -157.74643, 21.27829 ], [ -157.74668, 21.2782 ], [ -157.7471, 21.27793 ], [ -157.7473, 21.27786 ], [ -157.74763, 21.27763 ], [ -157.74788, 21.27754 ], [ -157.74814, 21.27746 ], [ -157.7491, 21.27717 ], [ -157.74978, 21.277 ], [ -157.75, 21.27695 ], [ -157.75022, 21.27691 ], [ -157.75026, 21.27687 ], [ -157.75033, 21.27686 ], [ -157.75074, 21.27694 ], [ -157.75129, 21.27704 ], [ -157.75163, 21.27705 ], [ -157.75186, 21.27701 ], [ -157.75265, 21.2767 ], [ -157.75441, 21.27619 ], [ -157.75456, 21.27611 ], [ -157.75459, 21.27604 ], [ -157.75455, 21.27586 ], [ -157.75453, 21.27581 ], [ -157.75449, 21.27573 ], [ -157.75448, 21.27566 ], [ -157.75444, 21.27556 ], [ -157.75444, 21.27548 ], [ -157.75446, 21.27539 ], [ -157.75442, 21.27514 ], [ -157.75444, 21.27507 ], [ -157.75446, 21.27496 ], [ -157.75449, 21.27491 ], [ -157.7545, 21.27483 ], [ -157.75468, 21.27446 ], [ -157.75471, 21.27441 ], [ -157.75478, 21.27434 ], [ -157.75478, 21.27432 ], [ -157.75489, 21.27417 ], [ -157.75495, 21.27413 ], [ -157.7552, 21.27403 ], [ -157.75537, 21.27394 ], [ -157.7559, 21.27377 ], [ -157.75636, 21.27365 ], [ -157.75674, 21.27357 ], [ -157.75715, 21.27346 ], [ -157.75744, 21.27347 ], [ -157.75759, 21.27348 ], [ -157.7579, 21.27351 ], [ -157.75827, 21.27367 ], [ -157.75845, 21.27378 ], [ -157.75873, 21.27395 ], [ -157.75874, 21.27399 ], [ -157.75883, 21.27412 ], [ -157.75887, 21.27427 ], [ -157.75889, 21.27429 ], [ -157.75901, 21.2745 ], [ -157.75902, 21.27453 ], [ -157.75903, 21.27456 ], [ -157.75904, 21.27458 ], [ -157.7591, 21.27465 ], [ -157.75911, 21.27468 ], [ -157.75913, 21.2747 ], [ -157.75915, 21.27479 ], [ -157.75914, 21.27483 ], [ -157.75916, 21.27492 ], [ -157.75917, 21.27496 ], [ -157.75918, 21.27498 ], [ -157.7593, 21.27535 ], [ -157.75932, 21.27554 ], [ -157.75933, 21.27558 ], [ -157.75939, 21.27575 ], [ -157.75941, 21.27579 ], [ -157.75943, 21.27586 ], [ -157.75945, 21.27593 ], [ -157.7595, 21.27597 ], [ -157.75956, 21.27602 ], [ -157.75959, 21.27603 ], [ -157.75964, 21.27606 ], [ -157.75976, 21.27606 ], [ -157.76024, 21.27603 ], [ -157.76041, 21.27606 ], [ -157.76061, 21.27612 ], [ -157.76067, 21.27612 ], [ -157.76087, 21.27617 ], [ -157.76133, 21.27616 ], [ -157.76229, 21.27596 ], [ -157.76248, 21.27592 ], [ -157.76289, 21.27572 ], [ -157.76342, 21.27559 ], [ -157.7639, 21.27536 ], [ -157.76471, 21.27503 ], [ -157.76498, 21.27486 ], [ -157.76521, 21.27472 ], [ -157.76582, 21.27442 ], [ -157.76617, 21.27427 ], [ -157.76638, 21.27418 ], [ -157.76683, 21.2739 ], [ -157.76696, 21.27381 ], [ -157.76779, 21.2733 ], [ -157.76827, 21.27294 ], [ -157.76878, 21.27262 ], [ -157.76894, 21.27257 ], [ -157.76936, 21.2725 ], [ -157.76971, 21.27248 ], [ -157.77004, 21.27243 ], [ -157.77021, 21.27245 ], [ -157.77052, 21.27245 ], [ -157.77096, 21.27226 ], [ -157.77135, 21.27219 ], [ -157.77175, 21.27202 ], [ -157.772, 21.27195 ], [ -157.77226, 21.27184 ], [ -157.7723, 21.27186 ], [ -157.77249, 21.27187 ], [ -157.7733, 21.2715 ], [ -157.77392, 21.27127 ], [ -157.77482, 21.27094 ], [ -157.77514, 21.27072 ], [ -157.77542, 21.27056 ], [ -157.77566, 21.2704 ], [ -157.77592, 21.27021 ], [ -157.77657, 21.26966 ], [ -157.77676, 21.26951 ], [ -157.77676, 21.26946 ], [ -157.77681, 21.26944 ], [ -157.77685, 21.26943 ], [ -157.77688, 21.26943 ], [ -157.77693, 21.26944 ], [ -157.77702, 21.2695 ], [ -157.7771, 21.26942 ], [ -157.77706, 21.26937 ], [ -157.77703, 21.26932 ], [ -157.77703, 21.2693 ], [ -157.777, 21.26926 ], [ -157.77701, 21.2692 ], [ -157.77705, 21.26914 ], [ -157.77712, 21.26913 ], [ -157.77748, 21.26873 ], [ -157.77776, 21.2684 ], [ -157.77799, 21.2681 ], [ -157.77801, 21.26807 ], [ -157.77801, 21.26806 ], [ -157.77805, 21.26801 ], [ -157.77856, 21.26726 ], [ -157.77873, 21.26704 ], [ -157.77946, 21.26588 ], [ -157.77992, 21.26532 ], [ -157.7804, 21.26488 ], [ -157.78102, 21.26442 ], [ -157.78178, 21.26398 ], [ -157.78192, 21.26387 ], [ -157.7852, 21.26783 ], [ -157.79095, 21.27563 ], [ -157.80347, 21.28716 ], [ -157.81561, 21.295 ], [ -157.83616, 21.30364 ], [ -157.85054, 21.30604 ], [ -157.86427, 21.30696 ], [ -157.86647, 21.30702 ], [ -157.86651, 21.30731 ], [ -157.86478, 21.30873 ], [ -157.8644, 21.3091 ], [ -157.86439, 21.30923 ], [ -157.86441, 21.30925 ], [ -157.86449, 21.30925 ], [ -157.86452, 21.30936 ], [ -157.86456, 21.30934 ], [ -157.86459, 21.30943 ], [ -157.86471, 21.30943 ], [ -157.8648, 21.3096 ], [ -157.86446, 21.30976 ], [ -157.86466, 21.31031 ], [ -157.86551, 21.31003 ], [ -157.8656, 21.31045 ], [ -157.86488, 21.31071 ], [ -157.86501, 21.31109 ], [ -157.86542, 21.31096 ], [ -157.86559, 21.31104 ], [ -157.86539, 21.31222 ], [ -157.86526, 21.31225 ], [ -157.86529, 21.3125 ], [ -157.8653, 21.31273 ], [ -157.86535, 21.31301 ], [ -157.86545, 21.3134 ], [ -157.8655, 21.3135 ], [ -157.86579, 21.31387 ], [ -157.86676, 21.31406 ], [ -157.8669, 21.31329 ], [ -157.86704, 21.3133 ], [ -157.86752, 21.31034 ], [ -157.86899, 21.30999 ], [ -157.86988, 21.31244 ], [ -157.87049, 21.31222 ], [ -157.87001, 21.31064 ], [ -157.86949, 21.30979 ], [ -157.8696, 21.30976 ], [ -157.87133, 21.31079 ], [ -157.8716, 21.31041 ], [ -157.86952, 21.30903 ], [ -157.86962, 21.30867 ], [ -157.86964, 21.30861 ], [ -157.87007, 21.30891 ], [ -157.87016, 21.30882 ], [ -157.87332, 21.31085 ], [ -157.87325, 21.31096 ], [ -157.87362, 21.31122 ], [ -157.87369, 21.31111 ], [ -157.87777, 21.31373 ], [ -157.87763, 21.31395 ], [ -157.87766, 21.314 ], [ -157.8776, 21.31408 ], [ -157.87767, 21.31416 ], [ -157.87764, 21.31429 ], [ -157.87752, 21.31426 ], [ -157.87743, 21.31442 ], [ -157.87754, 21.31447 ], [ -157.87733, 21.31482 ], [ -157.87725, 21.31474 ], [ -157.87717, 21.31486 ], [ -157.87724, 21.31489 ], [ -157.87706, 21.31516 ], [ -157.87719, 21.31526 ], [ -157.87623, 21.31705 ], [ -157.87681, 21.31734 ], [ -157.87759, 21.31594 ], [ -157.87771, 21.31601 ], [ -157.87722, 21.31702 ], [ -157.87786, 21.31735 ], [ -157.87855, 21.31618 ], [ -157.87949, 21.31665 ], [ -157.87816, 21.31889 ], [ -157.87816, 21.31899 ], [ -157.87805, 21.31908 ], [ -157.8779, 21.31896 ], [ -157.87784, 21.31903 ], [ -157.87783, 21.31912 ], [ -157.87738, 21.31957 ], [ -157.87731, 21.31969 ], [ -157.8773, 21.31986 ], [ -157.87755, 21.32003 ], [ -157.87798, 21.31993 ], [ -157.87839, 21.31972 ], [ -157.87873, 21.31944 ], [ -157.87909, 21.31926 ], [ -157.88049, 21.31684 ], [ -157.88071, 21.31697 ], [ -157.88046, 21.31971 ], [ -157.88119, 21.31976 ], [ -157.88139, 21.31713 ], [ -157.88216, 21.31718 ], [ -157.88194, 21.31985 ], [ -157.88223, 21.31987 ], [ -157.88266, 21.31993 ], [ -157.88268, 21.31963 ], [ -157.88288, 21.31705 ], [ -157.88308, 21.31703 ], [ -157.88306, 21.31717 ], [ -157.88323, 21.31718 ], [ -157.8833, 21.31687 ], [ -157.88489, 21.31625 ], [ -157.88558, 21.31616 ], [ -157.88539, 21.31719 ], [ -157.88577, 21.31723 ], [ -157.88586, 21.31724 ], [ -157.88594, 21.31725 ], [ -157.88606, 21.31726 ], [ -157.88615, 21.31728 ], [ -157.88615, 21.31724 ], [ -157.88629, 21.31579 ], [ -157.88654, 21.31568 ], [ -157.88661, 21.31581 ], [ -157.88817, 21.3152 ], [ -157.8887, 21.31493 ], [ -157.88899, 21.31494 ], [ -157.88913, 21.31486 ], [ -157.88939, 21.31487 ], [ -157.88959, 21.31476 ], [ -157.88982, 21.31481 ], [ -157.89078, 21.31454 ], [ -157.89111, 21.31524 ], [ -157.89097, 21.3153 ], [ -157.89105, 21.31545 ], [ -157.8908, 21.31556 ], [ -157.89105, 21.31602 ], [ -157.8911, 21.31612 ], [ -157.89099, 21.31617 ], [ -157.89128, 21.31664 ], [ -157.89132, 21.31672 ], [ -157.89108, 21.31685 ], [ -157.8913, 21.3173 ], [ -157.89149, 21.31768 ], [ -157.8915, 21.31772 ], [ -157.89141, 21.31778 ], [ -157.89157, 21.31808 ], [ -157.89172, 21.31839 ], [ -157.89186, 21.31867 ], [ -157.892, 21.31894 ], [ -157.89216, 21.31926 ], [ -157.89231, 21.31956 ], [ -157.89231, 21.31957 ], [ -157.89188, 21.31978 ], [ -157.89179, 21.31966 ], [ -157.89156, 21.3199 ], [ -157.89163, 21.31997 ], [ -157.89147, 21.32014 ], [ -157.89136, 21.32006 ], [ -157.89123, 21.32023 ], [ -157.89131, 21.3204 ], [ -157.89126, 21.32045 ], [ -157.8913, 21.32054 ], [ -157.89145, 21.32047 ], [ -157.89149, 21.32047 ], [ -157.8918, 21.32049 ], [ -157.89189, 21.32065 ], [ -157.89202, 21.32062 ], [ -157.89193, 21.32044 ], [ -157.89243, 21.32031 ], [ -157.89253, 21.32048 ], [ -157.89266, 21.32071 ], [ -157.8926, 21.32077 ], [ -157.8935, 21.3225 ], [ -157.89339, 21.32253 ], [ -157.89377, 21.32325 ], [ -157.89386, 21.32322 ], [ -157.89449, 21.32431 ], [ -157.89433, 21.32437 ], [ -157.89464, 21.32485 ], [ -157.89466, 21.32498 ], [ -157.89483, 21.32528 ], [ -157.89482, 21.32539 ], [ -157.89469, 21.32566 ], [ -157.89407, 21.32611 ], [ -157.89363, 21.32636 ], [ -157.89353, 21.32632 ], [ -157.89342, 21.32617 ], [ -157.89325, 21.3263 ], [ -157.89303, 21.32651 ], [ -157.89303, 21.32661 ], [ -157.89292, 21.32673 ], [ -157.89293, 21.32678 ], [ -157.89303, 21.32684 ], [ -157.89322, 21.32682 ], [ -157.89333, 21.32685 ], [ -157.89333, 21.32695 ], [ -157.89325, 21.32724 ], [ -157.89329, 21.32736 ], [ -157.89328, 21.32748 ], [ -157.89309, 21.32771 ], [ -157.89299, 21.32793 ], [ -157.89268, 21.32778 ], [ -157.89258, 21.32781 ], [ -157.8926, 21.32798 ], [ -157.89265, 21.32806 ], [ -157.89265, 21.32817 ], [ -157.89248, 21.32841 ], [ -157.89217, 21.32868 ], [ -157.89169, 21.32894 ], [ -157.89145, 21.32917 ], [ -157.89131, 21.32968 ], [ -157.89117, 21.33002 ], [ -157.89073, 21.33067 ], [ -157.89051, 21.3309 ], [ -157.89012, 21.33127 ], [ -157.89006, 21.3314 ], [ -157.89001, 21.33159 ], [ -157.89, 21.33181 ], [ -157.89021, 21.33191 ], [ -157.89052, 21.33164 ], [ -157.89065, 21.3314 ], [ -157.89085, 21.33111 ], [ -157.8911, 21.33096 ], [ -157.89135, 21.33085 ], [ -157.89173, 21.33083 ], [ -157.89208, 21.3309 ], [ -157.89237, 21.33108 ], [ -157.89254, 21.33134 ], [ -157.89264, 21.33173 ], [ -157.89265, 21.33235 ], [ -157.89277, 21.33259 ], [ -157.89304, 21.33285 ], [ -157.89325, 21.33318 ], [ -157.89334, 21.33356 ], [ -157.89387, 21.33366 ], [ -157.89406, 21.33329 ], [ -157.89415, 21.33301 ], [ -157.894, 21.33278 ], [ -157.89362, 21.33235 ], [ -157.89349, 21.33211 ], [ -157.89345, 21.33186 ], [ -157.8935, 21.3314 ], [ -157.89374, 21.33118 ], [ -157.89426, 21.33094 ], [ -157.89444, 21.33079 ], [ -157.89449, 21.33071 ], [ -157.89457, 21.3307 ], [ -157.89536, 21.33067 ], [ -157.89585, 21.33063 ], [ -157.89622, 21.33052 ], [ -157.89644, 21.33036 ], [ -157.89703, 21.32983 ], [ -157.89724, 21.3296 ], [ -157.89724, 21.32946 ], [ -157.8974, 21.32931 ], [ -157.89759, 21.32909 ], [ -157.89771, 21.32905 ], [ -157.89794, 21.32912 ], [ -157.89822, 21.32926 ], [ -157.89835, 21.32941 ], [ -157.89844, 21.32965 ], [ -157.8986, 21.3298 ], [ -157.89875, 21.32982 ], [ -157.89907, 21.32978 ], [ -157.89934, 21.32954 ], [ -157.8994, 21.3294 ], [ -157.89941, 21.32923 ], [ -157.89928, 21.32901 ], [ -157.8989, 21.32867 ], [ -157.89889, 21.32844 ], [ -157.89866, 21.32812 ], [ -157.89861, 21.32789 ], [ -157.89873, 21.32781 ], [ -157.89888, 21.32763 ], [ -157.8989, 21.32744 ], [ -157.90185, 21.32539 ], [ -157.90222, 21.32513 ], [ -157.90254, 21.32479 ], [ -157.90289, 21.32448 ], [ -157.90325, 21.32423 ], [ -157.90342, 21.32409 ], [ -157.90394, 21.32375 ], [ -157.90478, 21.3232 ], [ -157.90509, 21.32294 ], [ -157.90543, 21.32272 ], [ -157.90613, 21.32236 ], [ -157.90635, 21.32222 ], [ -157.90645, 21.32218 ], [ -157.90659, 21.32218 ], [ -157.9066, 21.32232 ], [ -157.9065, 21.32239 ], [ -157.90631, 21.32256 ], [ -157.90628, 21.32261 ], [ -157.9063, 21.32265 ], [ -157.90641, 21.32271 ], [ -157.90684, 21.32274 ], [ -157.90718, 21.32296 ], [ -157.9075, 21.32287 ], [ -157.90773, 21.32275 ], [ -157.90794, 21.32255 ], [ -157.90799, 21.32235 ], [ -157.90808, 21.32208 ], [ -157.90825, 21.32191 ], [ -157.90861, 21.32178 ], [ -157.9084, 21.32126 ], [ -157.90837, 21.32092 ], [ -157.90851, 21.32075 ], [ -157.90899, 21.32044 ], [ -157.90928, 21.32019 ], [ -157.90949, 21.32013 ], [ -157.90977, 21.3204 ], [ -157.90987, 21.32036 ], [ -157.9099, 21.32031 ], [ -157.90996, 21.32005 ], [ -157.91025, 21.31993 ], [ -157.91048, 21.31991 ], [ -157.91074, 21.31997 ], [ -157.91095, 21.32005 ], [ -157.91111, 21.32016 ], [ -157.91125, 21.32021 ], [ -157.91142, 21.32015 ], [ -157.91148, 21.32005 ], [ -157.91146, 21.31995 ], [ -157.9113, 21.31984 ], [ -157.91087, 21.31974 ], [ -157.91066, 21.31959 ], [ -157.91064, 21.31938 ], [ -157.91072, 21.31924 ], [ -157.91095, 21.31899 ], [ -157.9111, 21.31879 ], [ -157.91142, 21.31865 ], [ -157.91165, 21.31847 ], [ -157.91187, 21.31839 ], [ -157.91231, 21.31829 ], [ -157.91261, 21.31826 ], [ -157.91288, 21.31828 ], [ -157.91316, 21.3184 ], [ -157.91336, 21.31855 ], [ -157.9135, 21.31872 ], [ -157.91363, 21.31871 ], [ -157.9138, 21.31849 ], [ -157.91386, 21.31836 ], [ -157.91388, 21.31816 ], [ -157.91381, 21.31809 ], [ -157.91369, 21.31811 ], [ -157.91338, 21.31816 ], [ -157.91313, 21.31812 ], [ -157.91288, 21.31799 ], [ -157.91271, 21.31797 ], [ -157.91261, 21.31792 ], [ -157.91256, 21.31778 ], [ -157.91275, 21.31771 ], [ -157.91356, 21.3171 ], [ -157.91386, 21.31679 ], [ -157.91472, 21.31626 ], [ -157.91928, 21.31306 ], [ -157.91943, 21.31287 ], [ -157.91957, 21.3125 ], [ -157.91961, 21.31216 ], [ -157.91956, 21.3118 ], [ -157.91941, 21.31145 ], [ -157.9193, 21.31125 ], [ -157.9191, 21.31101 ], [ -157.91893, 21.31086 ], [ -157.91863, 21.31067 ], [ -157.91839, 21.31061 ], [ -157.91792, 21.31052 ], [ -157.91743, 21.3105 ], [ -157.90809, 21.31046 ], [ -157.90788, 21.31039 ], [ -157.90761, 21.31034 ], [ -157.9073, 21.3102 ], [ -157.90686, 21.3099 ], [ -157.90654, 21.30955 ], [ -157.90636, 21.30931 ], [ -157.90625, 21.30908 ], [ -157.90621, 21.30892 ], [ -157.90618, 21.30672 ], [ -157.90615, 21.3051 ], [ -157.90622, 21.3049 ], [ -157.90635, 21.30466 ], [ -157.90652, 21.30444 ], [ -157.90671, 21.30427 ], [ -157.90678, 21.30423 ], [ -157.90706, 21.30413 ], [ -157.90749, 21.30403 ], [ -157.92854, 21.30408 ], [ -157.93105, 21.30378 ], [ -157.95016, 21.30383 ], [ -157.95016, 21.30389 ], [ -157.94873, 21.30388 ], [ -157.94868, 21.30583 ], [ -157.94872, 21.30587 ], [ -157.94936, 21.30622 ], [ -157.9494, 21.30627 ], [ -157.94942, 21.30639 ], [ -157.94941, 21.30728 ], [ -157.94929, 21.30743 ], [ -157.94873, 21.3078 ], [ -157.94871, 21.30955 ], [ -157.94868, 21.30957 ], [ -157.94862, 21.30959 ], [ -157.94614, 21.30958 ], [ -157.94614, 21.30995 ], [ -157.94694, 21.31631 ], [ -157.94718, 21.31634 ], [ -157.94724, 21.31634 ], [ -157.94782, 21.31644 ], [ -157.94826, 21.31662 ], [ -157.94885, 21.3167 ], [ -157.94888, 21.3167 ], [ -157.94664, 21.32363 ], [ -157.94411, 21.33233 ], [ -157.94078, 21.34094 ], [ -157.93648, 21.3516 ], [ -157.93397, 21.35887 ], [ -157.93164, 21.36582 ], [ -157.93133, 21.37619 ], [ -157.93429, 21.38579 ], [ -157.94191, 21.39608 ], [ -157.95056, 21.40095 ], [ -157.96081, 21.4035 ], [ -157.97277, 21.40394 ], [ -157.98204, 21.4016 ], [ -157.99035, 21.39805 ], [ -157.99791, 21.39429 ], [ -158.00489, 21.3886 ], [ -158.01155, 21.38221 ], [ -158.01519, 21.37841 ], [ -158.01524, 21.37847 ], [ -158.01568, 21.3782 ], [ -158.01582, 21.3781 ], [ -158.01597, 21.378 ], [ -158.01612, 21.37788 ], [ -158.01653, 21.37742 ], [ -158.01666, 21.37722 ], [ -158.01678, 21.3769 ], [ -158.0169, 21.37671 ], [ -158.01696, 21.37657 ], [ -158.01743, 21.37609 ], [ -158.0193, 21.37413 ], [ -158.0212, 21.37215 ], [ -158.02161, 21.37173 ], [ -158.02525, 21.36724 ], [ -158.02798, 21.36254 ], [ -158.03787, 21.35134 ], [ -158.04532, 21.34384 ], [ -158.05162, 21.3387 ], [ -158.05895, 21.33439 ], [ -158.06729, 21.33097 ], [ -158.07595, 21.32892 ], [ -158.08578, 21.32863 ], [ -158.0955, 21.33049 ], [ -158.10303, 21.3337 ], [ -158.11128, 21.33893 ], [ -158.12198, 21.35049 ], [ -158.12961, 21.3631 ], [ -158.13705, 21.37759 ], [ -158.14342, 21.39176 ], [ -158.14713, 21.4031 ], [ -158.15019, 21.41627 ], [ -158.152, 21.42645 ], [ -158.15505, 21.43575 ], [ -158.16206, 21.44692 ], [ -158.17041, 21.45383 ], [ -158.18067, 21.45886 ], [ -158.19368, 21.46361 ], [ -158.19736, 21.4653 ], [ -158.20589, 21.47338 ], [ -158.21103, 21.4778 ], [ -158.21529, 21.48085 ], [ -158.22641, 21.48618 ], [ -158.23035, 21.48829 ], [ -158.23037, 21.48845 ], [ -158.2303, 21.48856 ], [ -158.23024, 21.48864 ], [ -158.22997, 21.48891 ], [ -158.22995, 21.48897 ], [ -158.22997, 21.4891 ], [ -158.22999, 21.48925 ], [ -158.23001, 21.48931 ], [ -158.23007, 21.48935 ], [ -158.23011, 21.48942 ], [ -158.2301, 21.48948 ], [ -158.23011, 21.4896 ], [ -158.23021, 21.48982 ], [ -158.23034, 21.4902 ], [ -158.23035, 21.49029 ], [ -158.23043, 21.49055 ], [ -158.23048, 21.49077 ], [ -158.23051, 21.49099 ], [ -158.23049, 21.49138 ], [ -158.23048, 21.4916 ], [ -158.23034, 21.49192 ], [ -158.23031, 21.49207 ], [ -158.23021, 21.49243 ], [ -158.23017, 21.49253 ], [ -158.22995, 21.49327 ], [ -158.22996, 21.49382 ], [ -158.22994, 21.49387 ], [ -158.22991, 21.4946 ], [ -158.22994, 21.49468 ], [ -158.22998, 21.49505 ], [ -158.23, 21.4954 ], [ -158.23, 21.49565 ], [ -158.23009, 21.49588 ], [ -158.23018, 21.49619 ], [ -158.23021, 21.49628 ], [ -158.23018, 21.49642 ], [ -158.23016, 21.49655 ], [ -158.23014, 21.49673 ], [ -158.23015, 21.49684 ], [ -158.23013, 21.49687 ], [ -158.23012, 21.49712 ], [ -158.2301, 21.49715 ], [ -158.23007, 21.49735 ], [ -158.23006, 21.49741 ], [ -158.23002, 21.49757 ], [ -158.23, 21.49773 ], [ -158.23001, 21.49787 ], [ -158.23001, 21.49813 ], [ -158.23006, 21.49822 ], [ -158.23006, 21.49832 ], [ -158.23007, 21.49855 ], [ -158.23011, 21.49868 ], [ -158.23012, 21.49875 ], [ -158.23014, 21.49886 ], [ -158.2302, 21.4989 ], [ -158.2302, 21.49893 ], [ -158.23025, 21.49901 ], [ -158.23036, 21.49914 ], [ -158.23043, 21.49926 ], [ -158.23054, 21.49964 ], [ -158.23065, 21.50005 ], [ -158.23066, 21.50026 ], [ -158.23065, 21.50029 ], [ -158.23063, 21.50043 ], [ -158.23059, 21.50052 ], [ -158.23056, 21.50055 ], [ -158.23037, 21.50064 ], [ -158.23025, 21.50073 ], [ -158.23023, 21.50078 ], [ -158.23022, 21.50089 ], [ -158.23023, 21.50114 ], [ -158.23021, 21.50152 ], [ -158.23022, 21.50176 ], [ -158.23023, 21.50202 ], [ -158.23022, 21.5021 ], [ -158.23022, 21.50235 ], [ -158.23022, 21.50254 ], [ -158.23021, 21.50273 ], [ -158.23019, 21.50283 ], [ -158.23016, 21.50296 ], [ -158.23017, 21.50307 ], [ -158.23021, 21.5032 ], [ -158.23022, 21.50339 ], [ -158.23016, 21.50368 ], [ -158.23002, 21.50403 ], [ -158.22999, 21.50413 ], [ -158.2299, 21.50439 ], [ -158.22982, 21.50495 ], [ -158.22978, 21.50507 ], [ -158.2296, 21.50565 ], [ -158.2296, 21.50584 ], [ -158.2296, 21.50588 ], [ -158.22963, 21.50604 ], [ -158.22963, 21.50614 ], [ -158.22963, 21.50631 ], [ -158.22963, 21.50641 ], [ -158.22965, 21.50646 ], [ -158.22966, 21.50714 ], [ -158.22967, 21.50723 ], [ -158.22967, 21.5074 ], [ -158.22966, 21.50746 ], [ -158.22966, 21.50754 ], [ -158.22963, 21.50779 ], [ -158.22965, 21.50792 ], [ -158.22963, 21.50823 ], [ -158.2296, 21.50834 ], [ -158.22951, 21.50843 ], [ -158.22933, 21.50856 ], [ -158.22926, 21.50872 ], [ -158.22927, 21.5088 ], [ -158.22924, 21.50908 ], [ -158.22926, 21.50923 ], [ -158.2293, 21.50932 ], [ -158.22937, 21.50942 ], [ -158.22938, 21.5095 ], [ -158.22937, 21.50967 ], [ -158.22936, 21.50975 ], [ -158.22937, 21.51004 ], [ -158.2294, 21.51008 ], [ -158.2294, 21.51013 ], [ -158.22943, 21.51017 ], [ -158.2295, 21.5103 ], [ -158.22966, 21.51053 ], [ -158.2297, 21.51064 ], [ -158.22972, 21.51066 ], [ -158.22972, 21.51075 ], [ -158.22967, 21.51082 ], [ -158.22953, 21.51091 ], [ -158.22943, 21.51112 ], [ -158.22925, 21.51138 ], [ -158.22921, 21.51145 ], [ -158.22918, 21.51149 ], [ -158.22906, 21.51174 ], [ -158.22903, 21.51186 ], [ -158.22894, 21.51213 ], [ -158.22885, 21.5123 ], [ -158.22879, 21.51246 ], [ -158.22874, 21.51272 ], [ -158.22872, 21.51292 ], [ -158.22873, 21.51295 ], [ -158.22874, 21.51303 ], [ -158.22883, 21.51327 ], [ -158.22883, 21.51357 ], [ -158.22881, 21.51363 ], [ -158.2288, 21.51376 ], [ -158.22876, 21.51384 ], [ -158.22873, 21.5141 ], [ -158.22876, 21.51415 ], [ -158.22876, 21.51417 ], [ -158.22884, 21.51425 ], [ -158.22899, 21.51444 ], [ -158.22903, 21.51451 ], [ -158.22903, 21.51456 ], [ -158.2291, 21.51468 ], [ -158.22926, 21.51481 ], [ -158.22947, 21.51496 ], [ -158.22979, 21.51514 ], [ -158.22985, 21.51517 ], [ -158.22989, 21.51526 ], [ -158.22993, 21.5153 ], [ -158.23, 21.51551 ], [ -158.23002, 21.5156 ], [ -158.23006, 21.51574 ], [ -158.23008, 21.51583 ], [ -158.2301, 21.51589 ], [ -158.23012, 21.51614 ], [ -158.23015, 21.51618 ], [ -158.23015, 21.51628 ], [ -158.23012, 21.51632 ], [ -158.23003, 21.51639 ], [ -158.22985, 21.51646 ], [ -158.22975, 21.51649 ], [ -158.22967, 21.51654 ], [ -158.22961, 21.5166 ], [ -158.22957, 21.51665 ], [ -158.22955, 21.51673 ], [ -158.22955, 21.5168 ], [ -158.22963, 21.51691 ], [ -158.22965, 21.51697 ], [ -158.22958, 21.51703 ], [ -158.22952, 21.5171 ], [ -158.22948, 21.51715 ], [ -158.22949, 21.51753 ], [ -158.22945, 21.51762 ], [ -158.22925, 21.51781 ], [ -158.22923, 21.51789 ], [ -158.22922, 21.51809 ], [ -158.22916, 21.51835 ], [ -158.22914, 21.51843 ], [ -158.22915, 21.5186 ], [ -158.22912, 21.51868 ], [ -158.229, 21.51901 ], [ -158.22895, 21.51941 ], [ -158.22886, 21.51952 ], [ -158.22873, 21.51963 ], [ -158.22875, 21.51967 ], [ -158.22873, 21.52009 ], [ -158.22872, 21.52024 ], [ -158.22868, 21.5204 ], [ -158.22859, 21.52058 ], [ -158.22843, 21.52071 ], [ -158.22843, 21.52074 ], [ -158.2285, 21.52082 ], [ -158.22859, 21.52091 ], [ -158.22861, 21.52095 ], [ -158.22861, 21.5212 ], [ -158.22858, 21.52126 ], [ -158.22851, 21.52135 ], [ -158.22851, 21.52142 ], [ -158.22855, 21.52149 ], [ -158.22855, 21.52152 ], [ -158.22856, 21.52155 ], [ -158.22853, 21.52162 ], [ -158.22843, 21.52172 ], [ -158.22841, 21.5218 ], [ -158.22846, 21.52188 ], [ -158.22854, 21.52197 ], [ -158.22858, 21.52203 ], [ -158.22858, 21.52211 ], [ -158.22858, 21.52226 ], [ -158.22856, 21.52233 ], [ -158.22857, 21.52244 ], [ -158.22861, 21.52251 ], [ -158.22861, 21.52258 ], [ -158.22855, 21.52262 ], [ -158.22851, 21.52271 ], [ -158.22855, 21.52279 ], [ -158.22879, 21.52296 ], [ -158.22882, 21.52302 ], [ -158.22879, 21.52312 ], [ -158.22876, 21.52315 ], [ -158.22875, 21.52322 ], [ -158.22882, 21.5233 ], [ -158.22881, 21.52345 ], [ -158.22878, 21.52351 ], [ -158.22879, 21.52366 ], [ -158.22881, 21.52375 ], [ -158.22886, 21.52382 ], [ -158.22902, 21.52389 ], [ -158.2294, 21.52404 ], [ -158.22948, 21.52409 ], [ -158.22953, 21.52422 ], [ -158.22956, 21.52463 ], [ -158.22959, 21.52479 ], [ -158.22962, 21.52498 ], [ -158.22966, 21.52512 ], [ -158.22976, 21.52521 ], [ -158.22983, 21.52521 ], [ -158.23027, 21.5252 ], [ -158.23036, 21.52523 ], [ -158.23035, 21.52527 ], [ -158.23005, 21.52539 ], [ -158.22989, 21.52552 ], [ -158.22982, 21.52561 ], [ -158.22977, 21.52573 ], [ -158.22969, 21.52592 ], [ -158.22968, 21.5262 ], [ -158.22967, 21.52639 ], [ -158.22962, 21.52646 ], [ -158.22955, 21.5265 ], [ -158.22944, 21.52666 ], [ -158.22941, 21.52673 ], [ -158.2294, 21.52687 ], [ -158.22935, 21.52693 ], [ -158.22931, 21.52694 ], [ -158.22922, 21.52694 ], [ -158.22911, 21.52689 ], [ -158.22905, 21.52691 ], [ -158.22902, 21.52695 ], [ -158.22913, 21.52705 ], [ -158.22918, 21.52708 ], [ -158.22929, 21.52718 ], [ -158.22935, 21.52731 ], [ -158.22941, 21.52741 ], [ -158.22939, 21.52773 ], [ -158.22935, 21.52792 ], [ -158.22934, 21.52824 ], [ -158.22936, 21.52838 ], [ -158.22942, 21.52868 ], [ -158.22944, 21.52884 ], [ -158.22944, 21.52891 ], [ -158.22945, 21.52898 ], [ -158.22943, 21.52941 ], [ -158.2294, 21.52962 ], [ -158.22935, 21.52969 ], [ -158.22934, 21.52972 ], [ -158.22947, 21.52982 ], [ -158.22952, 21.52992 ], [ -158.22953, 21.53 ], [ -158.22955, 21.53064 ], [ -158.22956, 21.53069 ], [ -158.22958, 21.53087 ], [ -158.22961, 21.53148 ], [ -158.22962, 21.53151 ], [ -158.22963, 21.53157 ], [ -158.2297, 21.5317 ], [ -158.22973, 21.53174 ], [ -158.22977, 21.53191 ], [ -158.22977, 21.53199 ], [ -158.22979, 21.53202 ], [ -158.22981, 21.53229 ], [ -158.22982, 21.53257 ], [ -158.22987, 21.53275 ], [ -158.22995, 21.5329 ], [ -158.23014, 21.53337 ], [ -158.23015, 21.53341 ], [ -158.23017, 21.53346 ], [ -158.23019, 21.53355 ], [ -158.23017, 21.53365 ], [ -158.23011, 21.53375 ], [ -158.23011, 21.53383 ], [ -158.23028, 21.53386 ], [ -158.23037, 21.53393 ], [ -158.23053, 21.53449 ], [ -158.23056, 21.53456 ], [ -158.23058, 21.53472 ], [ -158.23061, 21.5348 ], [ -158.23065, 21.53495 ], [ -158.23071, 21.535 ], [ -158.23074, 21.53506 ], [ -158.23079, 21.53519 ], [ -158.22799, 21.53359 ], [ -158.22369, 21.52849 ] ] ] ] } },
{ "type": "Feature", "properties": { "objectid": 80, "solar_cal": "450-500", "st_areasha": 179263359.56974399, "st_perimet": 121244.3408223305 }, "geometry": { "type": "MultiPolygon", "coordinates": [ [ [ [ -157.98369, 21.71245 ], [ -157.9835, 21.71241 ], [ -157.98344, 21.71235 ], [ -157.98338, 21.71224 ], [ -157.98338, 21.71207 ], [ -157.98332, 21.71197 ], [ -157.98321, 21.71186 ], [ -157.9832, 21.71176 ], [ -157.98327, 21.71168 ], [ -157.98335, 21.71166 ], [ -157.9834, 21.71164 ], [ -157.98346, 21.71169 ], [ -157.98366, 21.71174 ], [ -157.9837, 21.71174 ], [ -157.9837, 21.71167 ], [ -157.98368, 21.71161 ], [ -157.98365, 21.71156 ], [ -157.98361, 21.71149 ], [ -157.98361, 21.71133 ], [ -157.98364, 21.71121 ], [ -157.98366, 21.71117 ], [ -157.98367, 21.71109 ], [ -157.98365, 21.71101 ], [ -157.98357, 21.71086 ], [ -157.98348, 21.71074 ], [ -157.98331, 21.71059 ], [ -157.98319, 21.71055 ], [ -157.98294, 21.71046 ], [ -157.98254, 21.71037 ], [ -157.98217, 21.71038 ], [ -157.98185, 21.71045 ], [ -157.9817, 21.71052 ], [ -157.98141, 21.7106 ], [ -157.98135, 21.71059 ], [ -157.98106, 21.71048 ], [ -157.98076, 21.71043 ], [ -157.98071, 21.71039 ], [ -157.98061, 21.71033 ], [ -157.98052, 21.7102 ], [ -157.98034, 21.71002 ], [ -157.98025, 21.70999 ], [ -157.98023, 21.70994 ], [ -157.98013, 21.70984 ], [ -157.97997, 21.70974 ], [ -157.97983, 21.70967 ], [ -157.97972, 21.7096 ], [ -157.97957, 21.70949 ], [ -157.9794, 21.70941 ], [ -157.97916, 21.70935 ], [ -157.97908, 21.70934 ], [ -157.97882, 21.70932 ], [ -157.97854, 21.70929 ], [ -157.97806, 21.70924 ], [ -157.9774, 21.70927 ], [ -157.97723, 21.70927 ], [ -157.97722, 21.70926 ], [ -157.97663, 21.70931 ], [ -157.9763, 21.70935 ], [ -157.97624, 21.70939 ], [ -157.97608, 21.70945 ], [ -157.97604, 21.70947 ], [ -157.97594, 21.70951 ], [ -157.9753, 21.70985 ], [ -157.97504, 21.70993 ], [ -157.97473, 21.70999 ], [ -157.97448, 21.71004 ], [ -157.97433, 21.71008 ], [ -157.97408, 21.71003 ], [ -157.97369, 21.70987 ], [ -157.97347, 21.70985 ], [ -157.97319, 21.70976 ], [ -157.97296, 21.70971 ], [ -157.97282, 21.70968 ], [ -157.97248, 21.70971 ], [ -157.97212, 21.70978 ], [ -157.97179, 21.7098 ], [ -157.97172, 21.70982 ], [ -157.97154, 21.70978 ], [ -157.97096, 21.70957 ], [ -157.97082, 21.70957 ], [ -157.97075, 21.70957 ], [ -157.97033, 21.70951 ], [ -157.97019, 21.70943 ], [ -157.96999, 21.7094 ], [ -157.96981, 21.70936 ], [ -157.9698, 21.70933 ], [ -157.96963, 21.70924 ], [ -157.96934, 21.70906 ], [ -157.96926, 21.709 ], [ -157.96918, 21.70902 ], [ -157.96904, 21.70915 ], [ -157.96891, 21.7092 ], [ -157.96884, 21.70921 ], [ -157.96878, 21.70917 ], [ -157.96857, 21.70907 ], [ -157.9685, 21.70906 ], [ -157.96824, 21.70918 ], [ -157.96812, 21.70924 ], [ -157.96789, 21.70933 ], [ -157.96783, 21.70939 ], [ -157.96781, 21.70945 ], [ -157.96779, 21.70953 ], [ -157.96781, 21.70958 ], [ -157.96788, 21.70965 ], [ -157.96788, 21.70967 ], [ -157.96786, 21.70974 ], [ -157.96777, 21.70976 ], [ -157.96767, 21.7097 ], [ -157.96756, 21.70965 ], [ -157.96742, 21.70962 ], [ -157.9672, 21.70959 ], [ -157.96689, 21.70939 ], [ -157.96683, 21.70934 ], [ -157.96677, 21.7093 ], [ -157.96663, 21.70928 ], [ -157.96636, 21.70935 ], [ -157.9663, 21.70944 ], [ -157.96623, 21.70949 ], [ -157.96613, 21.70948 ], [ -157.96605, 21.70943 ], [ -157.96601, 21.70937 ], [ -157.96602, 21.70927 ], [ -157.9661, 21.70912 ], [ -157.96608, 21.70897 ], [ -157.96607, 21.7089 ], [ -157.96604, 21.70886 ], [ -157.96586, 21.70865 ], [ -157.96584, 21.70864 ], [ -157.96581, 21.70862 ], [ -157.96558, 21.70851 ], [ -157.96555, 21.70848 ], [ -157.96555, 21.70846 ], [ -157.9656, 21.70838 ], [ -157.96573, 21.70832 ], [ -157.9658, 21.70825 ], [ -157.96582, 21.70822 ], [ -157.96583, 21.70817 ], [ -157.9658, 21.708 ], [ -157.96575, 21.70792 ], [ -157.96569, 21.70781 ], [ -157.96569, 21.70779 ], [ -157.96555, 21.7077 ], [ -157.96529, 21.70756 ], [ -157.96525, 21.70746 ], [ -157.96524, 21.70736 ], [ -157.96519, 21.70724 ], [ -157.96515, 21.70718 ], [ -157.96504, 21.70708 ], [ -157.96463, 21.70688 ], [ -157.96435, 21.70673 ], [ -157.96424, 21.70664 ], [ -157.9642, 21.70661 ], [ -157.96419, 21.70659 ], [ -157.96413, 21.70652 ], [ -157.96395, 21.70626 ], [ -157.9639, 21.70613 ], [ -157.96389, 21.70573 ], [ -157.96386, 21.7056 ], [ -157.96385, 21.7055 ], [ -157.96383, 21.70522 ], [ -157.96382, 21.7051 ], [ -157.9638, 21.70508 ], [ -157.96376, 21.7048 ], [ -157.96372, 21.70469 ], [ -157.96367, 21.70462 ], [ -157.96366, 21.70459 ], [ -157.96355, 21.70444 ], [ -157.96344, 21.70432 ], [ -157.96331, 21.70418 ], [ -157.963, 21.70397 ], [ -157.96287, 21.70393 ], [ -157.96251, 21.70381 ], [ -157.96235, 21.70375 ], [ -157.96207, 21.70356 ], [ -157.96182, 21.70339 ], [ -157.96171, 21.70332 ], [ -157.96157, 21.70321 ], [ -157.96145, 21.70316 ], [ -157.96144, 21.70314 ], [ -157.96133, 21.70306 ], [ -157.96106, 21.70296 ], [ -157.96089, 21.70289 ], [ -157.96082, 21.70288 ], [ -157.9606, 21.70275 ], [ -157.96045, 21.70269 ], [ -157.96038, 21.70269 ], [ -157.96013, 21.70256 ], [ -157.96006, 21.70254 ], [ -157.95991, 21.70254 ], [ -157.95981, 21.70255 ], [ -157.95971, 21.70244 ], [ -157.95964, 21.7024 ], [ -157.95962, 21.70238 ], [ -157.95957, 21.70236 ], [ -157.95933, 21.7024 ], [ -157.95924, 21.70238 ], [ -157.95889, 21.70219 ], [ -157.95862, 21.70189 ], [ -157.95845, 21.70176 ], [ -157.95841, 21.7017 ], [ -157.95836, 21.70159 ], [ -157.95814, 21.70139 ], [ -157.95806, 21.70137 ], [ -157.95804, 21.70131 ], [ -157.95788, 21.7011 ], [ -157.95784, 21.701 ], [ -157.95768, 21.70068 ], [ -157.95765, 21.70061 ], [ -157.9576, 21.70052 ], [ -157.9576, 21.7005 ], [ -157.95758, 21.70047 ], [ -157.95758, 21.70044 ], [ -157.95755, 21.70041 ], [ -157.95756, 21.70039 ], [ -157.95754, 21.70035 ], [ -157.95751, 21.70028 ], [ -157.95748, 21.70021 ], [ -157.95748, 21.70019 ], [ -157.95743, 21.70011 ], [ -157.95737, 21.69995 ], [ -157.95733, 21.69986 ], [ -157.95732, 21.69984 ], [ -157.95732, 21.69981 ], [ -157.95723, 21.6996 ], [ -157.95722, 21.69957 ], [ -157.9572, 21.69955 ], [ -157.95717, 21.69951 ], [ -157.95708, 21.69935 ], [ -157.95701, 21.69917 ], [ -157.95689, 21.69903 ], [ -157.95681, 21.69898 ], [ -157.95673, 21.6989 ], [ -157.95663, 21.69869 ], [ -157.9566, 21.69862 ], [ -157.9566, 21.6986 ], [ -157.95657, 21.69855 ], [ -157.95657, 21.69853 ], [ -157.95652, 21.69847 ], [ -157.95652, 21.69845 ], [ -157.95631, 21.69825 ], [ -157.95601, 21.69792 ], [ -157.95601, 21.69789 ], [ -157.95599, 21.69787 ], [ -157.95594, 21.69772 ], [ -157.95587, 21.69763 ], [ -157.95572, 21.69743 ], [ -157.95572, 21.69742 ], [ -157.95541, 21.69714 ], [ -157.95528, 21.69702 ], [ -157.95495, 21.69678 ], [ -157.95479, 21.69669 ], [ -157.95459, 21.69653 ], [ -157.95408, 21.69606 ], [ -157.95373, 21.69573 ], [ -157.9534, 21.69541 ], [ -157.95286, 21.69498 ], [ -157.95253, 21.69476 ], [ -157.9524, 21.69469 ], [ -157.95224, 21.69459 ], [ -157.95217, 21.69457 ], [ -157.95215, 21.69454 ], [ -157.95205, 21.69446 ], [ -157.95196, 21.69441 ], [ -157.95182, 21.69431 ], [ -157.95176, 21.69425 ], [ -157.95163, 21.69413 ], [ -157.95158, 21.69412 ], [ -157.95155, 21.69407 ], [ -157.95136, 21.69391 ], [ -157.95126, 21.69384 ], [ -157.95109, 21.69375 ], [ -157.95106, 21.69375 ], [ -157.95106, 21.69372 ], [ -157.95092, 21.6936 ], [ -157.95086, 21.69356 ], [ -157.95085, 21.6935 ], [ -157.95074, 21.6934 ], [ -157.95052, 21.69319 ], [ -157.95038, 21.69305 ], [ -157.95037, 21.69302 ], [ -157.95006, 21.69268 ], [ -157.94999, 21.69254 ], [ -157.94998, 21.69247 ], [ -157.94995, 21.69245 ], [ -157.94991, 21.6923 ], [ -157.94973, 21.69236 ], [ -157.94958, 21.6923 ], [ -157.94956, 21.69226 ], [ -157.94953, 21.69224 ], [ -157.94953, 21.69221 ], [ -157.94952, 21.6922 ], [ -157.94951, 21.69216 ], [ -157.94947, 21.69206 ], [ -157.94943, 21.69199 ], [ -157.94939, 21.69194 ], [ -157.94934, 21.69191 ], [ -157.94933, 21.69188 ], [ -157.94929, 21.69181 ], [ -157.94914, 21.69166 ], [ -157.94895, 21.69134 ], [ -157.9489, 21.69124 ], [ -157.94887, 21.69116 ], [ -157.94884, 21.69113 ], [ -157.9488, 21.69099 ], [ -157.94877, 21.69084 ], [ -157.94875, 21.69073 ], [ -157.94884, 21.69035 ], [ -157.94846, 21.68533 ], [ -157.94589, 21.67978 ], [ -157.94276, 21.67579 ], [ -157.93719, 21.6718 ], [ -157.93674, 21.67144 ], [ -157.93677, 21.67138 ], [ -157.9368, 21.67129 ], [ -157.93682, 21.67129 ], [ -157.93682, 21.67125 ], [ -157.93685, 21.67113 ], [ -157.93687, 21.67098 ], [ -157.93691, 21.67068 ], [ -157.93695, 21.67047 ], [ -157.93696, 21.67036 ], [ -157.93698, 21.67031 ], [ -157.93698, 21.67017 ], [ -157.93703, 21.66985 ], [ -157.93703, 21.66957 ], [ -157.93702, 21.66939 ], [ -157.93697, 21.66923 ], [ -157.93696, 21.66906 ], [ -157.93694, 21.66891 ], [ -157.93694, 21.66877 ], [ -157.93692, 21.66876 ], [ -157.93691, 21.66865 ], [ -157.9368, 21.66811 ], [ -157.93679, 21.66809 ], [ -157.93678, 21.66801 ], [ -157.93676, 21.66796 ], [ -157.93674, 21.66788 ], [ -157.93666, 21.66767 ], [ -157.93665, 21.66763 ], [ -157.9366, 21.66758 ], [ -157.93658, 21.6675 ], [ -157.93652, 21.6674 ], [ -157.93652, 21.66731 ], [ -157.93649, 21.66726 ], [ -157.93639, 21.66701 ], [ -157.93637, 21.66697 ], [ -157.93635, 21.66696 ], [ -157.93629, 21.66678 ], [ -157.93626, 21.66674 ], [ -157.93626, 21.66669 ], [ -157.93623, 21.66664 ], [ -157.93622, 21.66657 ], [ -157.93622, 21.66656 ], [ -157.93615, 21.66636 ], [ -157.93613, 21.66628 ], [ -157.93611, 21.66627 ], [ -157.9361, 21.66622 ], [ -157.93609, 21.6662 ], [ -157.93609, 21.66618 ], [ -157.93606, 21.66615 ], [ -157.93605, 21.66604 ], [ -157.93603, 21.66603 ], [ -157.93603, 21.666 ], [ -157.93592, 21.66569 ], [ -157.9359, 21.66565 ], [ -157.93583, 21.66553 ], [ -157.93583, 21.66551 ], [ -157.93563, 21.66533 ], [ -157.93552, 21.66517 ], [ -157.93522, 21.6649 ], [ -157.93507, 21.66466 ], [ -157.93496, 21.66452 ], [ -157.9349, 21.66448 ], [ -157.93483, 21.66443 ], [ -157.93465, 21.66432 ], [ -157.93451, 21.66419 ], [ -157.93443, 21.6641 ], [ -157.93441, 21.66403 ], [ -157.93401, 21.66363 ], [ -157.93373, 21.66348 ], [ -157.93364, 21.66342 ], [ -157.93298, 21.66298 ], [ -157.93289, 21.66291 ], [ -157.9328, 21.66287 ], [ -157.93262, 21.66274 ], [ -157.93234, 21.66257 ], [ -157.93214, 21.66244 ], [ -157.93186, 21.66231 ], [ -157.9316, 21.66221 ], [ -157.93133, 21.66216 ], [ -157.93119, 21.66216 ], [ -157.93107, 21.66218 ], [ -157.93079, 21.66219 ], [ -157.93058, 21.66212 ], [ -157.93018, 21.66203 ], [ -157.92989, 21.66197 ], [ -157.92937, 21.66183 ], [ -157.92911, 21.66173 ], [ -157.92882, 21.66154 ], [ -157.92876, 21.66149 ], [ -157.92866, 21.66144 ], [ -157.92856, 21.66142 ], [ -157.92808, 21.66137 ], [ -157.92805, 21.66137 ], [ -157.92783, 21.66131 ], [ -157.92755, 21.66124 ], [ -157.92738, 21.66116 ], [ -157.92719, 21.66101 ], [ -157.92709, 21.66089 ], [ -157.92711, 21.66072 ], [ -157.92715, 21.66069 ], [ -157.92718, 21.66054 ], [ -157.92724, 21.66036 ], [ -157.92726, 21.66031 ], [ -157.92726, 21.66004 ], [ -157.9273, 21.65994 ], [ -157.92734, 21.65986 ], [ -157.92735, 21.65971 ], [ -157.92733, 21.65968 ], [ -157.92735, 21.65965 ], [ -157.92738, 21.65902 ], [ -157.92736, 21.65898 ], [ -157.92738, 21.65897 ], [ -157.92742, 21.65888 ], [ -157.92746, 21.65882 ], [ -157.92755, 21.65871 ], [ -157.92763, 21.65857 ], [ -157.92764, 21.6585 ], [ -157.92762, 21.65823 ], [ -157.92761, 21.65821 ], [ -157.9276, 21.65791 ], [ -157.92766, 21.65779 ], [ -157.92773, 21.65761 ], [ -157.92792, 21.65731 ], [ -157.92793, 21.65725 ], [ -157.92795, 21.65724 ], [ -157.92806, 21.65712 ], [ -157.92818, 21.65693 ], [ -157.92819, 21.6569 ], [ -157.92821, 21.65683 ], [ -157.92844, 21.6564 ], [ -157.92847, 21.65637 ], [ -157.92848, 21.65633 ], [ -157.92857, 21.6562 ], [ -157.92861, 21.65611 ], [ -157.9286, 21.65602 ], [ -157.92867, 21.65596 ], [ -157.9287, 21.65587 ], [ -157.92872, 21.65584 ], [ -157.92874, 21.65582 ], [ -157.92874, 21.65571 ], [ -157.92876, 21.65569 ], [ -157.92877, 21.65529 ], [ -157.92873, 21.65516 ], [ -157.92869, 21.65495 ], [ -157.92868, 21.65489 ], [ -157.9286, 21.65465 ], [ -157.92857, 21.65445 ], [ -157.92853, 21.65438 ], [ -157.9285, 21.65428 ], [ -157.92848, 21.65427 ], [ -157.92848, 21.65424 ], [ -157.9284, 21.65403 ], [ -157.92835, 21.65399 ], [ -157.92827, 21.65383 ], [ -157.92825, 21.65378 ], [ -157.92823, 21.65375 ], [ -157.92823, 21.65372 ], [ -157.92805, 21.65338 ], [ -157.92801, 21.65333 ], [ -157.92801, 21.65331 ], [ -157.92794, 21.65318 ], [ -157.92792, 21.65316 ], [ -157.92792, 21.65314 ], [ -157.92789, 21.65311 ], [ -157.92786, 21.65302 ], [ -157.92774, 21.65282 ], [ -157.92754, 21.65256 ], [ -157.92732, 21.65229 ], [ -157.92713, 21.65211 ], [ -157.92711, 21.6521 ], [ -157.92709, 21.65208 ], [ -157.92688, 21.65196 ], [ -157.92653, 21.6518 ], [ -157.92647, 21.6518 ], [ -157.92646, 21.65177 ], [ -157.92582, 21.65149 ], [ -157.92564, 21.65139 ], [ -157.92527, 21.65112 ], [ -157.92486, 21.65099 ], [ -157.92476, 21.65096 ], [ -157.92458, 21.65089 ], [ -157.92393, 21.65048 ], [ -157.9238, 21.65037 ], [ -157.92373, 21.65034 ], [ -157.92371, 21.6503 ], [ -157.92357, 21.65018 ], [ -157.92357, 21.65016 ], [ -157.92352, 21.65012 ], [ -157.92347, 21.65 ], [ -157.92334, 21.64987 ], [ -157.92334, 21.64986 ], [ -157.92333, 21.64985 ], [ -157.92328, 21.64977 ], [ -157.92324, 21.64973 ], [ -157.9232, 21.64964 ], [ -157.9229, 21.64924 ], [ -157.92263, 21.64893 ], [ -157.92261, 21.64888 ], [ -157.92257, 21.64879 ], [ -157.92255, 21.64869 ], [ -157.92235, 21.64849 ], [ -157.92236, 21.64845 ], [ -157.92234, 21.64841 ], [ -157.92232, 21.64838 ], [ -157.92232, 21.64835 ], [ -157.92231, 21.64834 ], [ -157.92229, 21.64826 ], [ -157.92222, 21.6482 ], [ -157.92205, 21.64818 ], [ -157.92197, 21.6482 ], [ -157.92175, 21.64829 ], [ -157.92154, 21.6484 ], [ -157.92115, 21.64854 ], [ -157.92097, 21.64858 ], [ -157.92096, 21.64861 ], [ -157.92085, 21.6486 ], [ -157.92029, 21.64873 ], [ -157.91986, 21.64883 ], [ -157.91942, 21.6489 ], [ -157.9186, 21.64895 ], [ -157.91807, 21.64898 ], [ -157.91771, 21.64897 ], [ -157.9167, 21.64894 ], [ -157.91625, 21.64895 ], [ -157.91592, 21.6489 ], [ -157.91563, 21.64894 ], [ -157.91545, 21.64899 ], [ -157.91544, 21.649 ], [ -157.91511, 21.64901 ], [ -157.91452, 21.64898 ], [ -157.91417, 21.64893 ], [ -157.91405, 21.64889 ], [ -157.91402, 21.64884 ], [ -157.91402, 21.64876 ], [ -157.91409, 21.64867 ], [ -157.9141, 21.6486 ], [ -157.91405, 21.64857 ], [ -157.91395, 21.64856 ], [ -157.91382, 21.64846 ], [ -157.91375, 21.64843 ], [ -157.91372, 21.64846 ], [ -157.91359, 21.64851 ], [ -157.91352, 21.64842 ], [ -157.91348, 21.64839 ], [ -157.91334, 21.64839 ], [ -157.91328, 21.64842 ], [ -157.91309, 21.64847 ], [ -157.91264, 21.64851 ], [ -157.91242, 21.6485 ], [ -157.91221, 21.64846 ], [ -157.91219, 21.64844 ], [ -157.91222, 21.6484 ], [ -157.91243, 21.64831 ], [ -157.91258, 21.64819 ], [ -157.91264, 21.64816 ], [ -157.91289, 21.6481 ], [ -157.91328, 21.64802 ], [ -157.91376, 21.64799 ], [ -157.91391, 21.64798 ], [ -157.91414, 21.64795 ], [ -157.9142, 21.64794 ], [ -157.91432, 21.64788 ], [ -157.91448, 21.64788 ], [ -157.9145, 21.64787 ], [ -157.9147, 21.64788 ], [ -157.91526, 21.64776 ], [ -157.9158, 21.64768 ], [ -157.91592, 21.64765 ], [ -157.91629, 21.64758 ], [ -157.91663, 21.64755 ], [ -157.91746, 21.64753 ], [ -157.91756, 21.64749 ], [ -157.91765, 21.64743 ], [ -157.91768, 21.64738 ], [ -157.91772, 21.64738 ], [ -157.91801, 21.64705 ], [ -157.91804, 21.64702 ], [ -157.91818, 21.6467 ], [ -157.91826, 21.64653 ], [ -157.91833, 21.64627 ], [ -157.91833, 21.64623 ], [ -157.91836, 21.64616 ], [ -157.91834, 21.64604 ], [ -157.91839, 21.64596 ], [ -157.91839, 21.6459 ], [ -157.91843, 21.64578 ], [ -157.91843, 21.6457 ], [ -157.91846, 21.64566 ], [ -157.91847, 21.64554 ], [ -157.91849, 21.64547 ], [ -157.91854, 21.64533 ], [ -157.91853, 21.64526 ], [ -157.91858, 21.64516 ], [ -157.91861, 21.64501 ], [ -157.91865, 21.64488 ], [ -157.91876, 21.64463 ], [ -157.91881, 21.64454 ], [ -157.91884, 21.64438 ], [ -157.91889, 21.64429 ], [ -157.91892, 21.64406 ], [ -157.92645, 21.64983 ], [ -157.93552, 21.65582 ], [ -157.94383, 21.6602 ], [ -157.9555, 21.66515 ], [ -157.96534, 21.66791 ], [ -157.97768, 21.66908 ], [ -157.98809, 21.66782 ], [ -157.99842, 21.66506 ], [ -158.01319, 21.65579 ], [ -158.0219, 21.64516 ], [ -158.02807, 21.63033 ], [ -158.03039, 21.61579 ], [ -158.03105, 21.59934 ], [ -158.02904, 21.58409 ], [ -158.02448, 21.57138 ], [ -158.01949, 21.56322 ], [ -158.01059, 21.55275 ], [ -158.00296, 21.54384 ], [ -157.99527, 21.53461 ], [ -157.99155, 21.52882 ], [ -157.98952, 21.52375 ], [ -157.98834, 21.51125 ], [ -157.98631, 21.48485 ], [ -157.98639, 21.47445 ], [ -157.98793, 21.46935 ], [ -157.99102, 21.46509 ], [ -157.99521, 21.46261 ], [ -158.00173, 21.46173 ], [ -158.01322, 21.45995 ], [ -158.03081, 21.45502 ], [ -158.03685, 21.45264 ], [ -158.04572, 21.45196 ], [ -158.04836, 21.45745 ], [ -158.04712, 21.46191 ], [ -158.04475, 21.46599 ], [ -158.04084, 21.47042 ], [ -158.0341, 21.47457 ], [ -158.02662, 21.47887 ], [ -158.01968, 21.48542 ], [ -158.01393, 21.49345 ], [ -158.01197, 21.50365 ], [ -158.01184, 21.51127 ], [ -158.0131, 21.51678 ], [ -158.01622, 21.52173 ], [ -158.02416, 21.529 ], [ -158.03518, 21.53619 ], [ -158.04837, 21.54181 ], [ -158.06509, 21.54908 ], [ -158.08254, 21.55372 ], [ -158.09913, 21.55809 ], [ -158.11342, 21.56081 ], [ -158.13931, 21.56387 ], [ -158.15965, 21.5677 ], [ -158.17705, 21.57113 ], [ -158.1917, 21.57603 ], [ -158.19744, 21.57968 ], [ -158.19957, 21.58274 ], [ -158.19917, 21.58268 ], [ -158.19887, 21.58257 ], [ -158.1986, 21.58241 ], [ -158.19834, 21.58225 ], [ -158.19817, 21.5822 ], [ -158.19789, 21.58213 ], [ -158.19758, 21.58211 ], [ -158.19665, 21.58211 ], [ -158.19661, 21.58211 ], [ -158.19644, 21.58211 ], [ -158.19629, 21.58205 ], [ -158.19615, 21.58192 ], [ -158.19585, 21.58171 ], [ -158.19556, 21.58159 ], [ -158.19533, 21.58155 ], [ -158.1952, 21.58155 ], [ -158.19495, 21.58159 ], [ -158.19456, 21.58173 ], [ -158.19443, 21.58177 ], [ -158.1944, 21.58177 ], [ -158.19422, 21.58182 ], [ -158.1937, 21.58196 ], [ -158.1933, 21.58213 ], [ -158.19289, 21.58235 ], [ -158.19223, 21.58287 ], [ -158.1921, 21.5829 ], [ -158.19187, 21.58286 ], [ -158.19135, 21.58285 ], [ -158.19084, 21.58292 ], [ -158.19067, 21.58292 ], [ -158.19056, 21.58287 ], [ -158.19052, 21.58285 ], [ -158.19034, 21.5828 ], [ -158.19025, 21.58282 ], [ -158.19, 21.58294 ], [ -158.18993, 21.58296 ], [ -158.18986, 21.58288 ], [ -158.18977, 21.58283 ], [ -158.18958, 21.5828 ], [ -158.18927, 21.58271 ], [ -158.18885, 21.58265 ], [ -158.18865, 21.58268 ], [ -158.18838, 21.58277 ], [ -158.18821, 21.58278 ], [ -158.18813, 21.58276 ], [ -158.188, 21.58271 ], [ -158.18752, 21.58258 ], [ -158.18707, 21.58248 ], [ -158.18686, 21.58238 ], [ -158.1868, 21.58233 ], [ -158.18661, 21.58224 ], [ -158.18646, 21.58213 ], [ -158.18628, 21.58204 ], [ -158.18604, 21.58196 ], [ -158.18582, 21.58187 ], [ -158.18563, 21.58184 ], [ -158.18547, 21.58183 ], [ -158.1851, 21.58188 ], [ -158.18492, 21.58188 ], [ -158.18452, 21.58176 ], [ -158.18355, 21.5818 ], [ -158.18352, 21.58179 ], [ -158.18335, 21.58178 ], [ -158.18288, 21.58164 ], [ -158.18261, 21.58148 ], [ -158.18219, 21.58129 ], [ -158.18198, 21.58123 ], [ -158.18189, 21.58118 ], [ -158.18186, 21.58115 ], [ -158.18177, 21.58108 ], [ -158.18166, 21.58104 ], [ -158.18146, 21.58092 ], [ -158.1812, 21.58082 ], [ -158.18076, 21.58071 ], [ -158.18061, 21.58067 ], [ -158.18, 21.58049 ], [ -158.17966, 21.58042 ], [ -158.17933, 21.58039 ], [ -158.17923, 21.58037 ], [ -158.17877, 21.58035 ], [ -158.17837, 21.58035 ], [ -158.17797, 21.58046 ], [ -158.17749, 21.58053 ], [ -158.17711, 21.58062 ], [ -158.17687, 21.58067 ], [ -158.17667, 21.58069 ], [ -158.17663, 21.58065 ], [ -158.17656, 21.58062 ], [ -158.1765, 21.58066 ], [ -158.17644, 21.58082 ], [ -158.17636, 21.58088 ], [ -158.17557, 21.58115 ], [ -158.17542, 21.58123 ], [ -158.17494, 21.58152 ], [ -158.17464, 21.58163 ], [ -158.17438, 21.5817 ], [ -158.17384, 21.58176 ], [ -158.17357, 21.58171 ], [ -158.17332, 21.58164 ], [ -158.17262, 21.58129 ], [ -158.17231, 21.58108 ], [ -158.17204, 21.58095 ], [ -158.17159, 21.58066 ], [ -158.17122, 21.58046 ], [ -158.17098, 21.58023 ], [ -158.17087, 21.58016 ], [ -158.17072, 21.58009 ], [ -158.17032, 21.57999 ], [ -158.1698, 21.5798 ], [ -158.16955, 21.57973 ], [ -158.16936, 21.57965 ], [ -158.16916, 21.57946 ], [ -158.16883, 21.57924 ], [ -158.1685, 21.57908 ], [ -158.16826, 21.57898 ], [ -158.16803, 21.57894 ], [ -158.16785, 21.57893 ], [ -158.16773, 21.57896 ], [ -158.1674, 21.57907 ], [ -158.16716, 21.57918 ], [ -158.16706, 21.57925 ], [ -158.16672, 21.57954 ], [ -158.16659, 21.57962 ], [ -158.16641, 21.57967 ], [ -158.16582, 21.57969 ], [ -158.16567, 21.57971 ], [ -158.16544, 21.57978 ], [ -158.16515, 21.57995 ], [ -158.16485, 21.58016 ], [ -158.16472, 21.58029 ], [ -158.16456, 21.58039 ], [ -158.16427, 21.5805 ], [ -158.16378, 21.58066 ], [ -158.16374, 21.58067 ], [ -158.16372, 21.58068 ], [ -158.16335, 21.58078 ], [ -158.16295, 21.58085 ], [ -158.16275, 21.58084 ], [ -158.16214, 21.58075 ], [ -158.16186, 21.58069 ], [ -158.16026, 21.58015 ], [ -158.15896, 21.57992 ], [ -158.1588, 21.5799 ], [ -158.15839, 21.57992 ], [ -158.15804, 21.58003 ], [ -158.15722, 21.58027 ], [ -158.15667, 21.58049 ], [ -158.15632, 21.58066 ], [ -158.15614, 21.58077 ], [ -158.15603, 21.58083 ], [ -158.15568, 21.58092 ], [ -158.15525, 21.58098 ], [ -158.15508, 21.58099 ], [ -158.15473, 21.58099 ], [ -158.15449, 21.58096 ], [ -158.154, 21.58085 ], [ -158.15367, 21.58085 ], [ -158.15344, 21.58083 ], [ -158.15334, 21.58082 ], [ -158.15287, 21.58068 ], [ -158.15274, 21.58065 ], [ -158.15238, 21.58071 ], [ -158.15193, 21.58079 ], [ -158.15175, 21.5808 ], [ -158.1514, 21.58081 ], [ -158.15109, 21.58088 ], [ -158.15066, 21.58097 ], [ -158.15011, 21.58115 ], [ -158.14978, 21.58123 ], [ -158.14906, 21.58126 ], [ -158.14873, 21.58135 ], [ -158.14816, 21.58153 ], [ -158.14793, 21.58163 ], [ -158.14724, 21.58186 ], [ -158.14609, 21.58211 ], [ -158.14534, 21.58231 ], [ -158.14438, 21.58263 ], [ -158.14388, 21.58288 ], [ -158.14372, 21.58294 ], [ -158.14357, 21.58299 ], [ -158.14341, 21.58303 ], [ -158.14323, 21.58305 ], [ -158.14305, 21.58305 ], [ -158.14279, 21.58303 ], [ -158.14254, 21.58301 ], [ -158.14217, 21.58298 ], [ -158.1419, 21.58303 ], [ -158.14164, 21.58306 ], [ -158.14129, 21.58315 ], [ -158.14118, 21.58317 ], [ -158.1409, 21.58327 ], [ -158.14032, 21.58343 ], [ -158.13926, 21.58385 ], [ -158.13874, 21.58402 ], [ -158.13827, 21.5841 ], [ -158.13797, 21.58415 ], [ -158.13778, 21.58417 ], [ -158.13753, 21.58416 ], [ -158.13706, 21.58417 ], [ -158.13648, 21.58414 ], [ -158.13619, 21.5841 ], [ -158.13591, 21.58402 ], [ -158.13573, 21.58396 ], [ -158.1351, 21.58377 ], [ -158.13486, 21.58374 ], [ -158.13464, 21.58366 ], [ -158.13435, 21.58348 ], [ -158.13402, 21.58325 ], [ -158.13381, 21.58313 ], [ -158.13373, 21.58307 ], [ -158.13363, 21.583 ], [ -158.13357, 21.58297 ], [ -158.13348, 21.58296 ], [ -158.13338, 21.58296 ], [ -158.13329, 21.58293 ], [ -158.13311, 21.58282 ], [ -158.13301, 21.58277 ], [ -158.13257, 21.5826 ], [ -158.132, 21.58242 ], [ -158.13177, 21.58238 ], [ -158.13144, 21.58235 ], [ -158.13121, 21.58236 ], [ -158.13095, 21.58238 ], [ -158.13068, 21.58238 ], [ -158.13041, 21.58232 ], [ -158.13018, 21.58225 ], [ -158.12996, 21.5822 ], [ -158.12959, 21.58215 ], [ -158.12912, 21.58211 ], [ -158.12885, 21.58211 ], [ -158.12856, 21.58211 ], [ -158.12831, 21.58214 ], [ -158.12805, 21.58219 ], [ -158.12773, 21.58229 ], [ -158.12745, 21.58237 ], [ -158.12718, 21.58249 ], [ -158.12693, 21.58258 ], [ -158.12669, 21.5827 ], [ -158.12643, 21.58275 ], [ -158.12627, 21.58276 ], [ -158.12601, 21.58273 ], [ -158.12579, 21.58274 ], [ -158.12549, 21.58276 ], [ -158.12514, 21.58285 ], [ -158.12484, 21.58295 ], [ -158.1245, 21.58301 ], [ -158.12413, 21.58306 ], [ -158.12378, 21.58314 ], [ -158.12347, 21.58322 ], [ -158.12329, 21.58331 ], [ -158.12311, 21.58343 ], [ -158.12292, 21.58359 ], [ -158.1228, 21.58374 ], [ -158.12271, 21.58387 ], [ -158.12269, 21.58391 ], [ -158.12266, 21.58401 ], [ -158.12266, 21.58411 ], [ -158.12268, 21.58416 ], [ -158.12275, 21.58422 ], [ -158.12279, 21.58427 ], [ -158.12282, 21.58433 ], [ -158.12285, 21.58438 ], [ -158.12285, 21.58442 ], [ -158.12282, 21.58446 ], [ -158.12279, 21.5845 ], [ -158.12278, 21.58452 ], [ -158.12274, 21.58454 ], [ -158.12271, 21.58456 ], [ -158.12266, 21.58458 ], [ -158.12263, 21.58457 ], [ -158.12259, 21.58456 ], [ -158.12256, 21.58456 ], [ -158.12252, 21.58455 ], [ -158.12249, 21.58455 ], [ -158.12242, 21.58456 ], [ -158.12239, 21.58459 ], [ -158.12238, 21.58462 ], [ -158.12235, 21.58466 ], [ -158.12232, 21.5847 ], [ -158.12228, 21.58474 ], [ -158.12224, 21.58474 ], [ -158.12219, 21.58473 ], [ -158.12215, 21.58472 ], [ -158.12211, 21.58472 ], [ -158.12206, 21.58473 ], [ -158.12202, 21.58477 ], [ -158.12199, 21.58481 ], [ -158.12196, 21.58482 ], [ -158.12192, 21.58481 ], [ -158.12189, 21.5848 ], [ -158.1218, 21.58476 ], [ -158.12172, 21.58471 ], [ -158.1216, 21.58461 ], [ -158.12149, 21.58453 ], [ -158.12142, 21.58446 ], [ -158.12138, 21.58441 ], [ -158.12135, 21.58437 ], [ -158.1213, 21.58429 ], [ -158.12122, 21.58411 ], [ -158.1212, 21.58392 ], [ -158.12122, 21.58371 ], [ -158.12121, 21.58354 ], [ -158.12113, 21.58339 ], [ -158.12105, 21.58325 ], [ -158.12096, 21.58312 ], [ -158.12095, 21.58297 ], [ -158.12095, 21.58282 ], [ -158.12092, 21.5826 ], [ -158.12092, 21.58251 ], [ -158.1209, 21.58245 ], [ -158.12088, 21.58237 ], [ -158.12083, 21.58226 ], [ -158.12077, 21.58213 ], [ -158.12069, 21.582 ], [ -158.12061, 21.58187 ], [ -158.12056, 21.58179 ], [ -158.12049, 21.58166 ], [ -158.12039, 21.58148 ], [ -158.11916, 21.58205 ], [ -158.11867, 21.58226 ], [ -158.11795, 21.58264 ], [ -158.11688, 21.58348 ], [ -158.11658, 21.58383 ], [ -158.11635, 21.58407 ], [ -158.11631, 21.58411 ], [ -158.1165, 21.58447 ], [ -158.11673, 21.58486 ], [ -158.11695, 21.58503 ], [ -158.11727, 21.58527 ], [ -158.11774, 21.58576 ], [ -158.11787, 21.58595 ], [ -158.11793, 21.58609 ], [ -158.11803, 21.58624 ], [ -158.11817, 21.58635 ], [ -158.1183, 21.58642 ], [ -158.11849, 21.58655 ], [ -158.11871, 21.58669 ], [ -158.11887, 21.58684 ], [ -158.11906, 21.58702 ], [ -158.11926, 21.58724 ], [ -158.11942, 21.5874 ], [ -158.11959, 21.58754 ], [ -158.11976, 21.58763 ], [ -158.11986, 21.58765 ], [ -158.11992, 21.58769 ], [ -158.11993, 21.58774 ], [ -158.1199, 21.5878 ], [ -158.11969, 21.58805 ], [ -158.11949, 21.58831 ], [ -158.11934, 21.5885 ], [ -158.11923, 21.58873 ], [ -158.11916, 21.58891 ], [ -158.11907, 21.58906 ], [ -158.11899, 21.58921 ], [ -158.11888, 21.5893 ], [ -158.11874, 21.58938 ], [ -158.11851, 21.58937 ], [ -158.11798, 21.58935 ], [ -158.11731, 21.58926 ], [ -158.1167, 21.58921 ], [ -158.11609, 21.58926 ], [ -158.11591, 21.58928 ], [ -158.11543, 21.58929 ], [ -158.11493, 21.58922 ], [ -158.11451, 21.58912 ], [ -158.11413, 21.58902 ], [ -158.11394, 21.58897 ], [ -158.11355, 21.58893 ], [ -158.11331, 21.58893 ], [ -158.11303, 21.58898 ], [ -158.11286, 21.58906 ], [ -158.11244, 21.58929 ], [ -158.11218, 21.58957 ], [ -158.11201, 21.58975 ], [ -158.11184, 21.58991 ], [ -158.11167, 21.59009 ], [ -158.11151, 21.59019 ], [ -158.1113, 21.59031 ], [ -158.11115, 21.59041 ], [ -158.11099, 21.59062 ], [ -158.11081, 21.59092 ], [ -158.11077, 21.59098 ], [ -158.11052, 21.59136 ], [ -158.11031, 21.59168 ], [ -158.11025, 21.5918 ], [ -158.11004, 21.59217 ], [ -158.10995, 21.59238 ], [ -158.10974, 21.59266 ], [ -158.10961, 21.59286 ], [ -158.10953, 21.59302 ], [ -158.10952, 21.59306 ], [ -158.10954, 21.59311 ], [ -158.1096, 21.59318 ], [ -158.10968, 21.59326 ], [ -158.10975, 21.5933 ], [ -158.10979, 21.59338 ], [ -158.10977, 21.59346 ], [ -158.10964, 21.59354 ], [ -158.10942, 21.59361 ], [ -158.10923, 21.59366 ], [ -158.10891, 21.59375 ], [ -158.10873, 21.59382 ], [ -158.10849, 21.59398 ], [ -158.10834, 21.59407 ], [ -158.10803, 21.59438 ], [ -158.1078, 21.59455 ], [ -158.10763, 21.59467 ], [ -158.10743, 21.59473 ], [ -158.10719, 21.59478 ], [ -158.10706, 21.5948 ], [ -158.10691, 21.59475 ], [ -158.10657, 21.59482 ], [ -158.10651, 21.59466 ], [ -158.10641, 21.59456 ], [ -158.10628, 21.59449 ], [ -158.10622, 21.59436 ], [ -158.10622, 21.59419 ], [ -158.10622, 21.59399 ], [ -158.10627, 21.59389 ], [ -158.10646, 21.59379 ], [ -158.10659, 21.59373 ], [ -158.10659, 21.59365 ], [ -158.10647, 21.59333 ], [ -158.1064, 21.59311 ], [ -158.10632, 21.59302 ], [ -158.10588, 21.59282 ], [ -158.10554, 21.59268 ], [ -158.1053, 21.59278 ], [ -158.10467, 21.59303 ], [ -158.10414, 21.59323 ], [ -158.10386, 21.59336 ], [ -158.10411, 21.59368 ], [ -158.10456, 21.59351 ], [ -158.10529, 21.59319 ], [ -158.10554, 21.59311 ], [ -158.10575, 21.5932 ], [ -158.1058, 21.59323 ], [ -158.10587, 21.59342 ], [ -158.10582, 21.59347 ], [ -158.10515, 21.59371 ], [ -158.10456, 21.59399 ], [ -158.10465, 21.59423 ], [ -158.10484, 21.59471 ], [ -158.10496, 21.595 ], [ -158.10543, 21.59483 ], [ -158.10562, 21.5948 ], [ -158.10573, 21.59504 ], [ -158.10507, 21.59526 ], [ -158.10482, 21.59535 ], [ -158.10472, 21.59509 ], [ -158.10445, 21.59456 ], [ -158.1043, 21.59434 ], [ -158.10398, 21.59449 ], [ -158.10389, 21.59473 ], [ -158.10374, 21.59482 ], [ -158.10358, 21.59499 ], [ -158.10343, 21.59518 ], [ -158.10334, 21.59539 ], [ -158.10331, 21.59555 ], [ -158.10335, 21.59573 ], [ -158.10345, 21.5959 ], [ -158.10358, 21.59602 ], [ -158.10374, 21.59608 ], [ -158.10388, 21.59615 ], [ -158.10394, 21.59621 ], [ -158.10394, 21.59631 ], [ -158.10384, 21.59643 ], [ -158.10377, 21.59656 ], [ -158.10378, 21.59668 ], [ -158.10378, 21.59692 ], [ -158.10369, 21.59711 ], [ -158.10362, 21.59726 ], [ -158.10359, 21.59736 ], [ -158.10363, 21.5976 ], [ -158.10365, 21.59784 ], [ -158.10368, 21.59793 ], [ -158.10374, 21.59809 ], [ -158.10376, 21.59822 ], [ -158.10378, 21.59831 ], [ -158.1038, 21.5984 ], [ -158.10381, 21.5985 ], [ -158.10381, 21.59862 ], [ -158.10381, 21.59873 ], [ -158.10383, 21.59888 ], [ -158.10384, 21.59895 ], [ -158.10386, 21.59902 ], [ -158.1039, 21.59912 ], [ -158.10397, 21.5992 ], [ -158.10405, 21.59925 ], [ -158.10408, 21.59929 ], [ -158.1041, 21.59933 ], [ -158.1041, 21.5994 ], [ -158.1041, 21.59947 ], [ -158.10411, 21.5996 ], [ -158.10411, 21.59973 ], [ -158.10414, 21.59987 ], [ -158.10417, 21.59998 ], [ -158.10421, 21.6001 ], [ -158.10428, 21.6002 ], [ -158.10436, 21.60027 ], [ -158.10448, 21.60032 ], [ -158.10461, 21.60033 ], [ -158.10475, 21.60032 ], [ -158.10501, 21.60034 ], [ -158.10505, 21.60035 ], [ -158.10517, 21.60043 ], [ -158.10523, 21.60063 ], [ -158.10522, 21.60077 ], [ -158.10513, 21.60097 ], [ -158.10501, 21.60113 ], [ -158.105, 21.60127 ], [ -158.10507, 21.60142 ], [ -158.10515, 21.60157 ], [ -158.10524, 21.60168 ], [ -158.1054, 21.60178 ], [ -158.10556, 21.60183 ], [ -158.10574, 21.60179 ], [ -158.10587, 21.60175 ], [ -158.10597, 21.60175 ], [ -158.10603, 21.60178 ], [ -158.10606, 21.6018 ], [ -158.1061, 21.60183 ], [ -158.10614, 21.60181 ], [ -158.1062, 21.60179 ], [ -158.10629, 21.60174 ], [ -158.10636, 21.60171 ], [ -158.1064, 21.6017 ], [ -158.10648, 21.60171 ], [ -158.10656, 21.60174 ], [ -158.10662, 21.60176 ], [ -158.10666, 21.60182 ], [ -158.1067, 21.60188 ], [ -158.10671, 21.60199 ], [ -158.10669, 21.60209 ], [ -158.10669, 21.60221 ], [ -158.10671, 21.60231 ], [ -158.10675, 21.6024 ], [ -158.1068, 21.60247 ], [ -158.10682, 21.6025 ], [ -158.10685, 21.60253 ], [ -158.10693, 21.60254 ], [ -158.10708, 21.60256 ], [ -158.1072, 21.60255 ], [ -158.10726, 21.60254 ], [ -158.10733, 21.60253 ], [ -158.10747, 21.60254 ], [ -158.10758, 21.60256 ], [ -158.10766, 21.60263 ], [ -158.10772, 21.60268 ], [ -158.10775, 21.60277 ], [ -158.10775, 21.60288 ], [ -158.10773, 21.60299 ], [ -158.10758, 21.60312 ], [ -158.10745, 21.60321 ], [ -158.10728, 21.6033 ], [ -158.10717, 21.60337 ], [ -158.10704, 21.60345 ], [ -158.10698, 21.60352 ], [ -158.10692, 21.60361 ], [ -158.10688, 21.60368 ], [ -158.10685, 21.60376 ], [ -158.1068, 21.60379 ], [ -158.10667, 21.60381 ], [ -158.10653, 21.60386 ], [ -158.10623, 21.60393 ], [ -158.10587, 21.60401 ], [ -158.10559, 21.60417 ], [ -158.10539, 21.60434 ], [ -158.1052, 21.60454 ], [ -158.10495, 21.60471 ], [ -158.10469, 21.60481 ], [ -158.10428, 21.60502 ], [ -158.10388, 21.60521 ], [ -158.10358, 21.60545 ], [ -158.10322, 21.60581 ], [ -158.10299, 21.60612 ], [ -158.10284, 21.60633 ], [ -158.10263, 21.60657 ], [ -158.1025, 21.60684 ], [ -158.10242, 21.60699 ], [ -158.10229, 21.6071 ], [ -158.10196, 21.60736 ], [ -158.10162, 21.60758 ], [ -158.10119, 21.60781 ], [ -158.10086, 21.60806 ], [ -158.1006, 21.60829 ], [ -158.10046, 21.60851 ], [ -158.10027, 21.60868 ], [ -158.10009, 21.60878 ], [ -158.0999, 21.6088 ], [ -158.0996, 21.60879 ], [ -158.09928, 21.60883 ], [ -158.09902, 21.60891 ], [ -158.09872, 21.609 ], [ -158.09844, 21.60911 ], [ -158.09824, 21.60917 ], [ -158.09814, 21.60922 ], [ -158.09741, 21.60969 ], [ -158.09699, 21.60997 ], [ -158.09656, 21.61031 ], [ -158.09634, 21.61052 ], [ -158.09616, 21.61074 ], [ -158.09605, 21.61108 ], [ -158.09602, 21.61129 ], [ -158.09594, 21.61145 ], [ -158.09577, 21.61164 ], [ -158.09563, 21.61183 ], [ -158.09554, 21.61208 ], [ -158.09547, 21.61236 ], [ -158.09541, 21.61258 ], [ -158.09534, 21.61285 ], [ -158.09517, 21.61305 ], [ -158.09505, 21.61325 ], [ -158.09487, 21.61342 ], [ -158.0946, 21.61352 ], [ -158.09435, 21.61361 ], [ -158.09415, 21.6136 ], [ -158.09373, 21.61367 ], [ -158.0933, 21.61378 ], [ -158.09289, 21.61396 ], [ -158.09232, 21.61417 ], [ -158.09192, 21.6144 ], [ -158.09144, 21.61469 ], [ -158.09107, 21.61486 ], [ -158.09074, 21.61497 ], [ -158.09045, 21.61507 ], [ -158.09018, 21.61521 ], [ -158.08987, 21.61549 ], [ -158.08958, 21.6158 ], [ -158.0893, 21.61614 ], [ -158.0891, 21.61639 ], [ -158.08882, 21.6166 ], [ -158.08822, 21.61695 ], [ -158.08785, 21.61716 ], [ -158.08752, 21.61735 ], [ -158.08738, 21.61745 ], [ -158.08657, 21.61812 ], [ -158.08604, 21.61863 ], [ -158.08582, 21.61888 ], [ -158.0858, 21.61889 ], [ -158.08572, 21.61899 ], [ -158.08566, 21.61908 ], [ -158.08563, 21.61913 ], [ -158.0856, 21.6192 ], [ -158.08557, 21.61925 ], [ -158.08556, 21.61932 ], [ -158.08556, 21.61936 ], [ -158.08557, 21.6194 ], [ -158.08559, 21.61948 ], [ -158.08566, 21.61955 ], [ -158.08572, 21.61959 ], [ -158.08577, 21.61962 ], [ -158.08583, 21.61966 ], [ -158.08586, 21.61969 ], [ -158.08588, 21.61973 ], [ -158.08589, 21.61976 ], [ -158.08588, 21.61981 ], [ -158.08586, 21.61983 ], [ -158.08582, 21.61985 ], [ -158.08579, 21.61986 ], [ -158.08575, 21.61986 ], [ -158.08572, 21.61986 ], [ -158.08566, 21.61986 ], [ -158.08554, 21.61987 ], [ -158.08547, 21.61991 ], [ -158.08541, 21.62004 ], [ -158.0854, 21.62021 ], [ -158.0854, 21.62038 ], [ -158.08537, 21.62048 ], [ -158.08522, 21.62056 ], [ -158.08504, 21.62066 ], [ -158.08489, 21.62078 ], [ -158.08479, 21.62083 ], [ -158.0847, 21.62089 ], [ -158.08473, 21.62096 ], [ -158.08478, 21.6211 ], [ -158.08472, 21.62116 ], [ -158.0846, 21.62117 ], [ -158.08454, 21.62113 ], [ -158.08441, 21.62107 ], [ -158.08435, 21.62104 ], [ -158.0842, 21.62101 ], [ -158.08392, 21.62109 ], [ -158.08375, 21.62118 ], [ -158.08361, 21.62126 ], [ -158.08352, 21.62131 ], [ -158.08339, 21.62132 ], [ -158.08311, 21.62143 ], [ -158.08286, 21.62153 ], [ -158.08258, 21.62157 ], [ -158.08245, 21.62159 ], [ -158.08228, 21.62173 ], [ -158.0822, 21.62184 ], [ -158.08216, 21.62191 ], [ -158.08211, 21.62202 ], [ -158.08207, 21.62206 ], [ -158.08188, 21.6223 ], [ -158.08181, 21.62236 ], [ -158.08167, 21.62256 ], [ -158.08165, 21.6226 ], [ -158.08157, 21.6228 ], [ -158.08156, 21.62284 ], [ -158.08155, 21.62296 ], [ -158.08149, 21.62316 ], [ -158.08148, 21.62321 ], [ -158.08127, 21.62361 ], [ -158.08119, 21.62371 ], [ -158.0811, 21.62382 ], [ -158.08084, 21.62394 ], [ -158.08063, 21.62401 ], [ -158.08021, 21.624 ], [ -158.0802, 21.62399 ], [ -158.07978, 21.62405 ], [ -158.07946, 21.62416 ], [ -158.07922, 21.62424 ], [ -158.07877, 21.62439 ], [ -158.07844, 21.62455 ], [ -158.07812, 21.62467 ], [ -158.07806, 21.62476 ], [ -158.07804, 21.6248 ], [ -158.07803, 21.62485 ], [ -158.078, 21.62493 ], [ -158.07795, 21.62498 ], [ -158.07783, 21.62498 ], [ -158.07763, 21.62499 ], [ -158.07744, 21.62504 ], [ -158.07729, 21.6251 ], [ -158.07708, 21.62525 ], [ -158.07681, 21.62546 ], [ -158.07647, 21.6258 ], [ -158.07636, 21.62594 ], [ -158.07603, 21.62625 ], [ -158.07577, 21.62651 ], [ -158.07573, 21.62662 ], [ -158.0757, 21.62674 ], [ -158.07562, 21.62694 ], [ -158.0756, 21.627 ], [ -158.07551, 21.62712 ], [ -158.07542, 21.62719 ], [ -158.07533, 21.62733 ], [ -158.07529, 21.62736 ], [ -158.07497, 21.62748 ], [ -158.07496, 21.6275 ], [ -158.07488, 21.6275 ], [ -158.07462, 21.62765 ], [ -158.07427, 21.62792 ], [ -158.0741, 21.62808 ], [ -158.07402, 21.62815 ], [ -158.074, 21.6282 ], [ -158.07397, 21.62838 ], [ -158.074, 21.62852 ], [ -158.07394, 21.62867 ], [ -158.07392, 21.62869 ], [ -158.0739, 21.62873 ], [ -158.07378, 21.62878 ], [ -158.07364, 21.62886 ], [ -158.07358, 21.62894 ], [ -158.07353, 21.62904 ], [ -158.07342, 21.62928 ], [ -158.07337, 21.62944 ], [ -158.07331, 21.62952 ], [ -158.07309, 21.62968 ], [ -158.07301, 21.62978 ], [ -158.07299, 21.62983 ], [ -158.073, 21.62994 ], [ -158.073, 21.62998 ], [ -158.07308, 21.63008 ], [ -158.07308, 21.63013 ], [ -158.07302, 21.6302 ], [ -158.07294, 21.63027 ], [ -158.07288, 21.63027 ], [ -158.07276, 21.63022 ], [ -158.07263, 21.63022 ], [ -158.07254, 21.63027 ], [ -158.07245, 21.63038 ], [ -158.07231, 21.63056 ], [ -158.07218, 21.63075 ], [ -158.07208, 21.63086 ], [ -158.07195, 21.63101 ], [ -158.0719, 21.63107 ], [ -158.07181, 21.63122 ], [ -158.07162, 21.63155 ], [ -158.07162, 21.63156 ], [ -158.0716, 21.63157 ], [ -158.07153, 21.63171 ], [ -158.07134, 21.63214 ], [ -158.07135, 21.63224 ], [ -158.07135, 21.63259 ], [ -158.07136, 21.6328 ], [ -158.07145, 21.63292 ], [ -158.07154, 21.63299 ], [ -158.07164, 21.63304 ], [ -158.07193, 21.63311 ], [ -158.07209, 21.63319 ], [ -158.07216, 21.63329 ], [ -158.07216, 21.63331 ], [ -158.07218, 21.63332 ], [ -158.07218, 21.63346 ], [ -158.07216, 21.63347 ], [ -158.07211, 21.6335 ], [ -158.07198, 21.63338 ], [ -158.07192, 21.63338 ], [ -158.07189, 21.63353 ], [ -158.07185, 21.63356 ], [ -158.07182, 21.63356 ], [ -158.07154, 21.6334 ], [ -158.0715, 21.63337 ], [ -158.07148, 21.63327 ], [ -158.07145, 21.6332 ], [ -158.07135, 21.63315 ], [ -158.07117, 21.63308 ], [ -158.07091, 21.6331 ], [ -158.07078, 21.63317 ], [ -158.07063, 21.63327 ], [ -158.07058, 21.63332 ], [ -158.07058, 21.63337 ], [ -158.0707, 21.63346 ], [ -158.0707, 21.63351 ], [ -158.07061, 21.63359 ], [ -158.07058, 21.63365 ], [ -158.07053, 21.63367 ], [ -158.07047, 21.6336 ], [ -158.07042, 21.63356 ], [ -158.07031, 21.63358 ], [ -158.07023, 21.63363 ], [ -158.07019, 21.63367 ], [ -158.07011, 21.63375 ], [ -158.07004, 21.63379 ], [ -158.06997, 21.63383 ], [ -158.06987, 21.63395 ], [ -158.06983, 21.63403 ], [ -158.0697, 21.63416 ], [ -158.0697, 21.63433 ], [ -158.06971, 21.63435 ], [ -158.06972, 21.63439 ], [ -158.06974, 21.63443 ], [ -158.06979, 21.6345 ], [ -158.06978, 21.63455 ], [ -158.06967, 21.63464 ], [ -158.06953, 21.63485 ], [ -158.06951, 21.63492 ], [ -158.06942, 21.63512 ], [ -158.06942, 21.63524 ], [ -158.06938, 21.63529 ], [ -158.06929, 21.63532 ], [ -158.06926, 21.63536 ], [ -158.06925, 21.63544 ], [ -158.06922, 21.63554 ], [ -158.0692, 21.63559 ], [ -158.06912, 21.63566 ], [ -158.06905, 21.63573 ], [ -158.06902, 21.63577 ], [ -158.069, 21.63582 ], [ -158.06892, 21.63591 ], [ -158.06881, 21.63597 ], [ -158.06882, 21.63605 ], [ -158.06887, 21.63621 ], [ -158.06885, 21.6363 ], [ -158.06884, 21.6364 ], [ -158.0689, 21.63651 ], [ -158.06886, 21.63658 ], [ -158.06881, 21.63661 ], [ -158.06882, 21.63671 ], [ -158.06884, 21.63678 ], [ -158.06879, 21.63685 ], [ -158.06879, 21.6369 ], [ -158.06886, 21.63698 ], [ -158.06884, 21.63713 ], [ -158.06889, 21.63734 ], [ -158.06887, 21.63758 ], [ -158.06882, 21.63773 ], [ -158.06881, 21.63784 ], [ -158.06882, 21.63786 ], [ -158.06879, 21.6379 ], [ -158.06873, 21.63798 ], [ -158.06863, 21.63803 ], [ -158.06841, 21.63811 ], [ -158.06834, 21.63816 ], [ -158.06832, 21.63823 ], [ -158.06832, 21.63833 ], [ -158.06826, 21.63839 ], [ -158.06816, 21.63839 ], [ -158.06806, 21.63836 ], [ -158.06789, 21.63826 ], [ -158.06765, 21.63822 ], [ -158.06756, 21.6382 ], [ -158.06733, 21.63822 ], [ -158.06699, 21.63828 ], [ -158.06657, 21.63845 ], [ -158.06651, 21.6385 ], [ -158.0664, 21.63879 ], [ -158.06635, 21.63881 ], [ -158.06619, 21.6387 ], [ -158.0661, 21.63866 ], [ -158.06598, 21.63868 ], [ -158.06581, 21.63875 ], [ -158.06538, 21.63909 ], [ -158.06498, 21.63947 ], [ -158.06448, 21.64009 ], [ -158.06407, 21.64035 ], [ -158.06388, 21.64051 ], [ -158.06376, 21.64069 ], [ -158.06366, 21.64077 ], [ -158.0636, 21.64079 ], [ -158.06342, 21.64106 ], [ -158.06342, 21.6411 ], [ -158.06335, 21.64119 ], [ -158.06311, 21.64137 ], [ -158.06303, 21.64152 ], [ -158.06303, 21.64163 ], [ -158.06302, 21.64174 ], [ -158.06286, 21.64212 ], [ -158.0628, 21.64217 ], [ -158.06281, 21.64223 ], [ -158.06293, 21.64232 ], [ -158.06343, 21.64267 ], [ -158.06383, 21.64291 ], [ -158.06405, 21.64301 ], [ -158.0642, 21.643 ], [ -158.06452, 21.64301 ], [ -158.06469, 21.64307 ], [ -158.06478, 21.64314 ], [ -158.06486, 21.64321 ], [ -158.06489, 21.6433 ], [ -158.06488, 21.64343 ], [ -158.06484, 21.64364 ], [ -158.06481, 21.64375 ], [ -158.06478, 21.6443 ], [ -158.06464, 21.64463 ], [ -158.06457, 21.64471 ], [ -158.06451, 21.64484 ], [ -158.06448, 21.64497 ], [ -158.06449, 21.64511 ], [ -158.06453, 21.64516 ], [ -158.06456, 21.64537 ], [ -158.06462, 21.64544 ], [ -158.06462, 21.64547 ], [ -158.06469, 21.64555 ], [ -158.06469, 21.64559 ], [ -158.06452, 21.64561 ], [ -158.06447, 21.64562 ], [ -158.06439, 21.64559 ], [ -158.06411, 21.64537 ], [ -158.06393, 21.64538 ], [ -158.06377, 21.64549 ], [ -158.06367, 21.64561 ], [ -158.06359, 21.64578 ], [ -158.06358, 21.64586 ], [ -158.06357, 21.64589 ], [ -158.06344, 21.6463 ], [ -158.06338, 21.64643 ], [ -158.06313, 21.6471 ], [ -158.06317, 21.64742 ], [ -158.06311, 21.6477 ], [ -158.06308, 21.64789 ], [ -158.06311, 21.64805 ], [ -158.0632, 21.64821 ], [ -158.06335, 21.64832 ], [ -158.06341, 21.6484 ], [ -158.06339, 21.64844 ], [ -158.06325, 21.64856 ], [ -158.06323, 21.64867 ], [ -158.06326, 21.64877 ], [ -158.06331, 21.64878 ], [ -158.06334, 21.64878 ], [ -158.0634, 21.64873 ], [ -158.06345, 21.64861 ], [ -158.06349, 21.64857 ], [ -158.06358, 21.64855 ], [ -158.06377, 21.6486 ], [ -158.06382, 21.64868 ], [ -158.06379, 21.64872 ], [ -158.06362, 21.64877 ], [ -158.0636, 21.64882 ], [ -158.06363, 21.6489 ], [ -158.06357, 21.649 ], [ -158.06355, 21.6491 ], [ -158.0636, 21.64913 ], [ -158.0636, 21.64916 ], [ -158.06357, 21.64918 ], [ -158.06347, 21.64919 ], [ -158.06344, 21.64922 ], [ -158.06348, 21.64927 ], [ -158.06357, 21.64933 ], [ -158.06384, 21.64952 ], [ -158.06392, 21.6496 ], [ -158.0639, 21.6498 ], [ -158.06384, 21.64998 ], [ -158.06385, 21.65017 ], [ -158.06389, 21.6503 ], [ -158.06376, 21.65047 ], [ -158.06365, 21.65074 ], [ -158.0636, 21.65081 ], [ -158.06357, 21.65081 ], [ -158.0635, 21.65076 ], [ -158.06353, 21.65063 ], [ -158.06368, 21.65029 ], [ -158.06366, 21.64998 ], [ -158.0636, 21.64991 ], [ -158.06357, 21.64983 ], [ -158.06364, 21.64971 ], [ -158.06373, 21.6497 ], [ -158.06378, 21.64964 ], [ -158.06375, 21.64958 ], [ -158.06364, 21.6495 ], [ -158.06345, 21.64942 ], [ -158.0634, 21.64937 ], [ -158.06334, 21.64935 ], [ -158.06332, 21.64938 ], [ -158.0633, 21.64947 ], [ -158.06334, 21.64958 ], [ -158.06332, 21.64965 ], [ -158.06321, 21.64972 ], [ -158.06294, 21.64975 ], [ -158.06283, 21.64993 ], [ -158.06283, 21.65005 ], [ -158.06285, 21.65021 ], [ -158.06278, 21.65034 ], [ -158.0626, 21.65053 ], [ -158.06256, 21.65061 ], [ -158.06248, 21.65073 ], [ -158.0624, 21.65087 ], [ -158.06237, 21.6509 ], [ -158.06214, 21.65099 ], [ -158.06195, 21.65095 ], [ -158.06188, 21.65101 ], [ -158.06183, 21.65111 ], [ -158.06183, 21.65116 ], [ -158.06178, 21.65122 ], [ -158.06179, 21.65131 ], [ -158.06175, 21.65142 ], [ -158.06172, 21.65156 ], [ -158.06176, 21.65169 ], [ -158.06183, 21.65173 ], [ -158.06196, 21.65176 ], [ -158.06227, 21.6518 ], [ -158.06235, 21.65185 ], [ -158.06236, 21.6519 ], [ -158.06231, 21.65196 ], [ -158.06224, 21.65199 ], [ -158.06222, 21.65204 ], [ -158.06227, 21.65215 ], [ -158.06248, 21.65223 ], [ -158.06261, 21.65229 ], [ -158.06264, 21.65235 ], [ -158.06265, 21.65244 ], [ -158.06255, 21.65255 ], [ -158.06254, 21.65259 ], [ -158.06252, 21.65294 ], [ -158.06248, 21.65299 ], [ -158.06231, 21.65308 ], [ -158.06231, 21.65312 ], [ -158.06231, 21.65352 ], [ -158.06235, 21.65356 ], [ -158.06274, 21.65389 ], [ -158.06285, 21.65402 ], [ -158.06289, 21.65414 ], [ -158.06292, 21.65446 ], [ -158.0631, 21.65477 ], [ -158.0631, 21.65488 ], [ -158.06305, 21.65504 ], [ -158.06297, 21.65514 ], [ -158.06287, 21.65516 ], [ -158.06272, 21.65528 ], [ -158.06259, 21.65543 ], [ -158.06251, 21.65546 ], [ -158.06246, 21.65545 ], [ -158.06235, 21.65531 ], [ -158.06231, 21.65527 ], [ -158.06222, 21.65527 ], [ -158.06193, 21.65544 ], [ -158.06192, 21.65544 ], [ -158.06162, 21.65539 ], [ -158.0614, 21.65541 ], [ -158.06123, 21.65545 ], [ -158.06112, 21.65567 ], [ -158.06082, 21.65598 ], [ -158.06057, 21.65626 ], [ -158.06053, 21.65636 ], [ -158.05981, 21.65694 ], [ -158.05957, 21.65718 ], [ -158.05933, 21.6574 ], [ -158.05918, 21.65762 ], [ -158.05914, 21.6577 ], [ -158.05891, 21.65835 ], [ -158.05876, 21.65874 ], [ -158.05866, 21.65889 ], [ -158.05845, 21.65905 ], [ -158.05839, 21.6591 ], [ -158.05809, 21.65935 ], [ -158.05806, 21.65942 ], [ -158.05781, 21.65973 ], [ -158.05737, 21.66019 ], [ -158.05718, 21.66038 ], [ -158.05676, 21.6606 ], [ -158.05652, 21.66076 ], [ -158.05632, 21.66088 ], [ -158.05617, 21.66101 ], [ -158.05587, 21.66119 ], [ -158.05575, 21.66123 ], [ -158.05545, 21.66137 ], [ -158.05533, 21.66146 ], [ -158.05476, 21.66198 ], [ -158.0545, 21.66229 ], [ -158.05438, 21.66247 ], [ -158.05425, 21.66261 ], [ -158.05417, 21.66273 ], [ -158.05383, 21.66303 ], [ -158.05303, 21.66386 ], [ -158.05286, 21.66412 ], [ -158.05279, 21.66428 ], [ -158.05276, 21.66446 ], [ -158.05268, 21.66461 ], [ -158.05208, 21.66508 ], [ -158.05149, 21.66577 ], [ -158.05132, 21.6659 ], [ -158.05107, 21.66603 ], [ -158.05047, 21.6664 ], [ -158.05018, 21.66661 ], [ -158.05007, 21.66678 ], [ -158.04986, 21.66698 ], [ -158.04963, 21.66714 ], [ -158.04911, 21.66737 ], [ -158.04891, 21.66749 ], [ -158.04871, 21.66775 ], [ -158.04853, 21.66789 ], [ -158.04787, 21.66843 ], [ -158.04749, 21.66873 ], [ -158.04713, 21.6691 ], [ -158.04702, 21.66926 ], [ -158.04692, 21.66953 ], [ -158.04692, 21.66972 ], [ -158.04687, 21.66997 ], [ -158.0468, 21.67005 ], [ -158.04676, 21.67017 ], [ -158.04645, 21.67046 ], [ -158.04626, 21.67063 ], [ -158.04622, 21.67068 ], [ -158.04571, 21.671 ], [ -158.04552, 21.67114 ], [ -158.04529, 21.67121 ], [ -158.04503, 21.67133 ], [ -158.04489, 21.6715 ], [ -158.04478, 21.67153 ], [ -158.04421, 21.67202 ], [ -158.04399, 21.67212 ], [ -158.04374, 21.67229 ], [ -158.04361, 21.67246 ], [ -158.04336, 21.67266 ], [ -158.04331, 21.67276 ], [ -158.04318, 21.67282 ], [ -158.04271, 21.67311 ], [ -158.04235, 21.67325 ], [ -158.0411, 21.67384 ], [ -158.04081, 21.67401 ], [ -158.04069, 21.67405 ], [ -158.04046, 21.67425 ], [ -158.0403, 21.67457 ], [ -158.04019, 21.67498 ], [ -158.04014, 21.67511 ], [ -158.04005, 21.67523 ], [ -158.03996, 21.67536 ], [ -158.03974, 21.67549 ], [ -158.03959, 21.67565 ], [ -158.03944, 21.67586 ], [ -158.03921, 21.67636 ], [ -158.03905, 21.67694 ], [ -158.03909, 21.67718 ], [ -158.03915, 21.67748 ], [ -158.03913, 21.6777 ], [ -158.03904, 21.67787 ], [ -158.03903, 21.67801 ], [ -158.03913, 21.67833 ], [ -158.03919, 21.6785 ], [ -158.03919, 21.67876 ], [ -158.03917, 21.67886 ], [ -158.03897, 21.67925 ], [ -158.03884, 21.67962 ], [ -158.03884, 21.67965 ], [ -158.03872, 21.6798 ], [ -158.03858, 21.67992 ], [ -158.03849, 21.68007 ], [ -158.03838, 21.6803 ], [ -158.03833, 21.68035 ], [ -158.03821, 21.68044 ], [ -158.03804, 21.68071 ], [ -158.03794, 21.6808 ], [ -158.03774, 21.68089 ], [ -158.03755, 21.681 ], [ -158.03743, 21.68103 ], [ -158.03706, 21.68102 ], [ -158.03638, 21.68098 ], [ -158.03627, 21.681 ], [ -158.0362, 21.68098 ], [ -158.0352, 21.68109 ], [ -158.03461, 21.68114 ], [ -158.03429, 21.6812 ], [ -158.03404, 21.68127 ], [ -158.03354, 21.68147 ], [ -158.03319, 21.68165 ], [ -158.0331, 21.68174 ], [ -158.03301, 21.68181 ], [ -158.0329, 21.68193 ], [ -158.03248, 21.68235 ], [ -158.03235, 21.68247 ], [ -158.03232, 21.68257 ], [ -158.03225, 21.6826 ], [ -158.03211, 21.68281 ], [ -158.03204, 21.68294 ], [ -158.03199, 21.68308 ], [ -158.03189, 21.68325 ], [ -158.03184, 21.68329 ], [ -158.03163, 21.68358 ], [ -158.03154, 21.68373 ], [ -158.03153, 21.68375 ], [ -158.03147, 21.68382 ], [ -158.03141, 21.6839 ], [ -158.03121, 21.68408 ], [ -158.03124, 21.68441 ], [ -158.03127, 21.68464 ], [ -158.0313, 21.68474 ], [ -158.03127, 21.68484 ], [ -158.03126, 21.68493 ], [ -158.03124, 21.68499 ], [ -158.03119, 21.68514 ], [ -158.03112, 21.68527 ], [ -158.03106, 21.68535 ], [ -158.0309, 21.68564 ], [ -158.03081, 21.68578 ], [ -158.03057, 21.686 ], [ -158.03035, 21.68622 ], [ -158.02996, 21.68657 ], [ -158.02977, 21.68674 ], [ -158.02943, 21.68695 ], [ -158.02923, 21.68707 ], [ -158.02844, 21.68749 ], [ -158.02781, 21.68778 ], [ -158.02755, 21.68788 ], [ -158.02724, 21.688 ], [ -158.02663, 21.68826 ], [ -158.02621, 21.68839 ], [ -158.02594, 21.6885 ], [ -158.02562, 21.68864 ], [ -158.02552, 21.68865 ], [ -158.02538, 21.68869 ], [ -158.02508, 21.68886 ], [ -158.02484, 21.68904 ], [ -158.02477, 21.68908 ], [ -158.02468, 21.68915 ], [ -158.02467, 21.68921 ], [ -158.02457, 21.68924 ], [ -158.02446, 21.68939 ], [ -158.02437, 21.68946 ], [ -158.02406, 21.68975 ], [ -158.02356, 21.6902 ], [ -158.02282, 21.69081 ], [ -158.02258, 21.6909 ], [ -158.02248, 21.69094 ], [ -158.02233, 21.691 ], [ -158.02224, 21.69103 ], [ -158.02191, 21.6911 ], [ -158.02179, 21.69114 ], [ -158.02177, 21.69116 ], [ -158.02175, 21.69123 ], [ -158.02177, 21.6914 ], [ -158.02177, 21.69142 ], [ -158.02179, 21.69155 ], [ -158.02176, 21.69163 ], [ -158.02163, 21.69184 ], [ -158.02161, 21.69189 ], [ -158.02156, 21.69195 ], [ -158.02154, 21.692 ], [ -158.02153, 21.692 ], [ -158.02149, 21.69205 ], [ -158.02129, 21.69244 ], [ -158.02128, 21.69247 ], [ -158.02121, 21.69252 ], [ -158.02113, 21.69258 ], [ -158.02088, 21.69266 ], [ -158.02085, 21.69268 ], [ -158.02048, 21.69276 ], [ -158.02016, 21.69291 ], [ -158.01993, 21.69304 ], [ -158.01989, 21.69308 ], [ -158.01959, 21.69335 ], [ -158.01916, 21.69377 ], [ -158.01883, 21.69391 ], [ -158.01852, 21.69406 ], [ -158.0185, 21.69408 ], [ -158.01829, 21.69415 ], [ -158.01766, 21.69452 ], [ -158.01742, 21.6947 ], [ -158.01692, 21.69508 ], [ -158.01658, 21.69548 ], [ -158.01639, 21.69573 ], [ -158.0163, 21.69583 ], [ -158.01591, 21.69636 ], [ -158.01584, 21.69647 ], [ -158.01543, 21.69699 ], [ -158.01525, 21.69719 ], [ -158.01506, 21.69738 ], [ -158.01488, 21.69752 ], [ -158.01459, 21.69768 ], [ -158.01447, 21.69775 ], [ -158.01431, 21.6979 ], [ -158.01422, 21.69795 ], [ -158.01402, 21.69806 ], [ -158.01392, 21.69813 ], [ -158.0137, 21.69832 ], [ -158.01364, 21.69835 ], [ -158.01353, 21.69834 ], [ -158.01337, 21.69829 ], [ -158.01332, 21.69829 ], [ -158.01317, 21.69827 ], [ -158.01305, 21.69821 ], [ -158.01298, 21.69815 ], [ -158.01297, 21.69801 ], [ -158.01302, 21.69785 ], [ -158.01302, 21.69771 ], [ -158.01286, 21.69751 ], [ -158.01285, 21.69747 ], [ -158.01282, 21.69743 ], [ -158.01278, 21.69739 ], [ -158.01266, 21.69723 ], [ -158.01265, 21.69717 ], [ -158.01266, 21.69704 ], [ -158.01271, 21.69699 ], [ -158.01276, 21.69694 ], [ -158.01281, 21.6969 ], [ -158.01314, 21.69682 ], [ -158.01316, 21.69679 ], [ -158.01317, 21.69673 ], [ -158.01315, 21.69658 ], [ -158.01304, 21.69644 ], [ -158.01289, 21.69629 ], [ -158.01268, 21.69611 ], [ -158.01242, 21.69596 ], [ -158.01224, 21.69593 ], [ -158.01209, 21.69592 ], [ -158.01152, 21.69588 ], [ -158.01116, 21.6959 ], [ -158.01084, 21.69588 ], [ -158.01058, 21.69598 ], [ -158.01057, 21.69601 ], [ -158.01038, 21.69606 ], [ -158.01019, 21.6961 ], [ -158.00977, 21.69631 ], [ -158.00966, 21.69637 ], [ -158.00954, 21.69648 ], [ -158.00944, 21.69656 ], [ -158.00923, 21.6967 ], [ -158.0092, 21.69674 ], [ -158.00901, 21.69693 ], [ -158.00883, 21.69712 ], [ -158.00865, 21.69733 ], [ -158.00834, 21.69762 ], [ -158.00816, 21.69788 ], [ -158.00816, 21.69792 ], [ -158.00814, 21.69795 ], [ -158.00808, 21.69811 ], [ -158.00807, 21.69821 ], [ -158.00806, 21.69844 ], [ -158.00806, 21.69864 ], [ -158.00812, 21.69897 ], [ -158.00818, 21.69904 ], [ -158.00829, 21.69917 ], [ -158.00847, 21.69924 ], [ -158.00872, 21.69924 ], [ -158.00895, 21.69918 ], [ -158.00901, 21.69922 ], [ -158.00908, 21.69938 ], [ -158.00916, 21.69945 ], [ -158.00931, 21.69949 ], [ -158.00937, 21.69955 ], [ -158.00939, 21.69959 ], [ -158.00937, 21.69997 ], [ -158.00941, 21.7 ], [ -158.00944, 21.70015 ], [ -158.00943, 21.70033 ], [ -158.00941, 21.70036 ], [ -158.00941, 21.70039 ], [ -158.00923, 21.70089 ], [ -158.00919, 21.70092 ], [ -158.00914, 21.70091 ], [ -158.00908, 21.70086 ], [ -158.00901, 21.70068 ], [ -158.00901, 21.70064 ], [ -158.00899, 21.70063 ], [ -158.00898, 21.70055 ], [ -158.00897, 21.70046 ], [ -158.00892, 21.70032 ], [ -158.00886, 21.70023 ], [ -158.00878, 21.70016 ], [ -158.00866, 21.70013 ], [ -158.00818, 21.70011 ], [ -158.00813, 21.70011 ], [ -158.00723, 21.70024 ], [ -158.00676, 21.70035 ], [ -158.00661, 21.70037 ], [ -158.00637, 21.70035 ], [ -158.0062, 21.70036 ], [ -158.00578, 21.7002 ], [ -158.00556, 21.70008 ], [ -158.00549, 21.70008 ], [ -158.00544, 21.70005 ], [ -158.00535, 21.70005 ], [ -158.00523, 21.70009 ], [ -158.00515, 21.70009 ], [ -158.00503, 21.70002 ], [ -158.00491, 21.69999 ], [ -158.00475, 21.69999 ], [ -158.00459, 21.70003 ], [ -158.00452, 21.70001 ], [ -158.00445, 21.69997 ], [ -158.00436, 21.69995 ], [ -158.00424, 21.69997 ], [ -158.00407, 21.70006 ], [ -158.00395, 21.70011 ], [ -158.0039, 21.70011 ], [ -158.00386, 21.70008 ], [ -158.00383, 21.70004 ], [ -158.00376, 21.69991 ], [ -158.00376, 21.69984 ], [ -158.00372, 21.69976 ], [ -158.00372, 21.69968 ], [ -158.00377, 21.69956 ], [ -158.00377, 21.69947 ], [ -158.00375, 21.69942 ], [ -158.00362, 21.69941 ], [ -158.00347, 21.69941 ], [ -158.00281, 21.69942 ], [ -158.00251, 21.69949 ], [ -158.00219, 21.6996 ], [ -158.00219, 21.69962 ], [ -158.00209, 21.69964 ], [ -158.00182, 21.69972 ], [ -158.00148, 21.69992 ], [ -158.00117, 21.69992 ], [ -158.00103, 21.69994 ], [ -158.00083, 21.69999 ], [ -158.0008, 21.70001 ], [ -158.00073, 21.70007 ], [ -158.00064, 21.70026 ], [ -158.00053, 21.70045 ], [ -158.00043, 21.7006 ], [ -158.0003, 21.70073 ], [ -158.00011, 21.70085 ], [ -158.00006, 21.70092 ], [ -157.99996, 21.70113 ], [ -157.99994, 21.70115 ], [ -157.99986, 21.70126 ], [ -157.99968, 21.70144 ], [ -157.99947, 21.70163 ], [ -157.99937, 21.70184 ], [ -157.99936, 21.70189 ], [ -157.9992, 21.70216 ], [ -157.99896, 21.70244 ], [ -157.9988, 21.70277 ], [ -157.99876, 21.70288 ], [ -157.99868, 21.70302 ], [ -157.9986, 21.70334 ], [ -157.99857, 21.70351 ], [ -157.99852, 21.70371 ], [ -157.9985, 21.70375 ], [ -157.9985, 21.70393 ], [ -157.9985, 21.70399 ], [ -157.99852, 21.70416 ], [ -157.99855, 21.70418 ], [ -157.99856, 21.70426 ], [ -157.99861, 21.7043 ], [ -157.9989, 21.7044 ], [ -157.99917, 21.7045 ], [ -157.99937, 21.70456 ], [ -157.99951, 21.70465 ], [ -157.99956, 21.70475 ], [ -157.99958, 21.70488 ], [ -157.99962, 21.70501 ], [ -157.99964, 21.70509 ], [ -157.99965, 21.70528 ], [ -157.99963, 21.70535 ], [ -157.9996, 21.70546 ], [ -157.99951, 21.70565 ], [ -157.99947, 21.70573 ], [ -157.99949, 21.70577 ], [ -157.99947, 21.70584 ], [ -157.99945, 21.70588 ], [ -157.99943, 21.70605 ], [ -157.99947, 21.70623 ], [ -157.9995, 21.70628 ], [ -157.9995, 21.70633 ], [ -157.99952, 21.70647 ], [ -157.99957, 21.70668 ], [ -157.99957, 21.70676 ], [ -157.9996, 21.70682 ], [ -157.99961, 21.70689 ], [ -157.99962, 21.7069 ], [ -157.99962, 21.70707 ], [ -157.99959, 21.70711 ], [ -157.99956, 21.70715 ], [ -157.99951, 21.70718 ], [ -157.9994, 21.70718 ], [ -157.99927, 21.70711 ], [ -157.99907, 21.70703 ], [ -157.99898, 21.70697 ], [ -157.99887, 21.70688 ], [ -157.99878, 21.70678 ], [ -157.99875, 21.70666 ], [ -157.9987, 21.7066 ], [ -157.99836, 21.70645 ], [ -157.9983, 21.70639 ], [ -157.9983, 21.70636 ], [ -157.99828, 21.70635 ], [ -157.99826, 21.70625 ], [ -157.99825, 21.70611 ], [ -157.99822, 21.70598 ], [ -157.99818, 21.70592 ], [ -157.99818, 21.70591 ], [ -157.99796, 21.70573 ], [ -157.99789, 21.70568 ], [ -157.99789, 21.70562 ], [ -157.99787, 21.7055 ], [ -157.99784, 21.70538 ], [ -157.99783, 21.70535 ], [ -157.99779, 21.70531 ], [ -157.99774, 21.7053 ], [ -157.99765, 21.7053 ], [ -157.99749, 21.70534 ], [ -157.99737, 21.70544 ], [ -157.99729, 21.7055 ], [ -157.99724, 21.70553 ], [ -157.99705, 21.70572 ], [ -157.9969, 21.70589 ], [ -157.99683, 21.70599 ], [ -157.9967, 21.70612 ], [ -157.99667, 21.70618 ], [ -157.99665, 21.70626 ], [ -157.99663, 21.70657 ], [ -157.99667, 21.70676 ], [ -157.99669, 21.70677 ], [ -157.9967, 21.70683 ], [ -157.99675, 21.70696 ], [ -157.99674, 21.70702 ], [ -157.99669, 21.70701 ], [ -157.99654, 21.70697 ], [ -157.99645, 21.70688 ], [ -157.9964, 21.7068 ], [ -157.99638, 21.70655 ], [ -157.99639, 21.7065 ], [ -157.9964, 21.70646 ], [ -157.99642, 21.70633 ], [ -157.99646, 21.70628 ], [ -157.99644, 21.70615 ], [ -157.9964, 21.70608 ], [ -157.9964, 21.70606 ], [ -157.99635, 21.706 ], [ -157.99626, 21.70592 ], [ -157.99601, 21.70579 ], [ -157.99567, 21.70568 ], [ -157.99534, 21.70565 ], [ -157.99477, 21.70552 ], [ -157.99425, 21.70548 ], [ -157.99383, 21.70549 ], [ -157.9936, 21.70551 ], [ -157.99329, 21.70562 ], [ -157.99317, 21.70562 ], [ -157.99304, 21.70554 ], [ -157.99268, 21.70525 ], [ -157.99225, 21.70496 ], [ -157.99201, 21.70487 ], [ -157.99194, 21.70486 ], [ -157.99191, 21.70484 ], [ -157.99175, 21.70479 ], [ -157.99151, 21.70475 ], [ -157.991, 21.70474 ], [ -157.99045, 21.70474 ], [ -157.9903, 21.70474 ], [ -157.99006, 21.70474 ], [ -157.98981, 21.70484 ], [ -157.98967, 21.70494 ], [ -157.9896, 21.70496 ], [ -157.98959, 21.70498 ], [ -157.98946, 21.70504 ], [ -157.98891, 21.70546 ], [ -157.98867, 21.70564 ], [ -157.98855, 21.70583 ], [ -157.98847, 21.70597 ], [ -157.98845, 21.70598 ], [ -157.98834, 21.70615 ], [ -157.98803, 21.7065 ], [ -157.98789, 21.70666 ], [ -157.9876, 21.70683 ], [ -157.98727, 21.70696 ], [ -157.98707, 21.70714 ], [ -157.98692, 21.70729 ], [ -157.98673, 21.70752 ], [ -157.98651, 21.7077 ], [ -157.98623, 21.70786 ], [ -157.98609, 21.70797 ], [ -157.98591, 21.70808 ], [ -157.9859, 21.70812 ], [ -157.98581, 21.70818 ], [ -157.9858, 21.70821 ], [ -157.98578, 21.70825 ], [ -157.98537, 21.70842 ], [ -157.98535, 21.70845 ], [ -157.98533, 21.70865 ], [ -157.98524, 21.7088 ], [ -157.98518, 21.70882 ], [ -157.98505, 21.70889 ], [ -157.98465, 21.70909 ], [ -157.98452, 21.7092 ], [ -157.98444, 21.70929 ], [ -157.98441, 21.70938 ], [ -157.98435, 21.70942 ], [ -157.9842, 21.70972 ], [ -157.98415, 21.70992 ], [ -157.98415, 21.71031 ], [ -157.98417, 21.7104 ], [ -157.98423, 21.71049 ], [ -157.98437, 21.71068 ], [ -157.98436, 21.71069 ], [ -157.98441, 21.71075 ], [ -157.98442, 21.71079 ], [ -157.98444, 21.71082 ], [ -157.98448, 21.71091 ], [ -157.98447, 21.71104 ], [ -157.98435, 21.71118 ], [ -157.98428, 21.71121 ], [ -157.98408, 21.71138 ], [ -157.98408, 21.71146 ], [ -157.98412, 21.7115 ], [ -157.98415, 21.71152 ], [ -157.98416, 21.71155 ], [ -157.98419, 21.71159 ], [ -157.98419, 21.71161 ], [ -157.98422, 21.71166 ], [ -157.98426, 21.71174 ], [ -157.98428, 21.71191 ], [ -157.98424, 21.712 ], [ -157.98424, 21.71209 ], [ -157.98425, 21.71216 ], [ -157.98429, 21.71224 ], [ -157.98431, 21.71228 ], [ -157.98433, 21.71231 ], [ -157.98436, 21.71237 ], [ -157.98434, 21.71244 ], [ -157.98431, 21.71246 ], [ -157.98399, 21.71247 ], [ -157.98369, 21.71245 ] ] ] ] } },
{ "type": "Feature", "properties": { "objectid": 85, "solar_cal": "450-500", "st_areasha": 12632267.819953008, "st_perimet": 20704.871193415456 }, "geometry": { "type": "MultiPolygon", "coordinates": [ [ [ [ -159.33856, 22.02278 ], [ -159.33845, 22.02238 ], [ -159.33837, 22.02168 ], [ -159.33834, 22.02131 ], [ -159.33823, 22.02091 ], [ -159.3382, 22.02046 ], [ -159.33818, 22.02041 ], [ -159.33808, 22.0199 ], [ -159.33807, 22.0196 ], [ -159.33802, 22.01944 ], [ -159.338, 22.01916 ], [ -159.33803, 22.01888 ], [ -159.33814, 22.01856 ], [ -159.33816, 22.01841 ], [ -159.33842, 22.01792 ], [ -159.33845, 22.01761 ], [ -159.33841, 22.0172 ], [ -159.33829, 22.01672 ], [ -159.33807, 22.01636 ], [ -159.3376, 22.01588 ], [ -159.33747, 22.01572 ], [ -159.33735, 22.01547 ], [ -159.3373, 22.01526 ], [ -159.33731, 22.0146 ], [ -159.33731, 22.01425 ], [ -159.33718, 22.01364 ], [ -159.33707, 22.01344 ], [ -159.33704, 22.01328 ], [ -159.33715, 22.01288 ], [ -159.33726, 22.0127 ], [ -159.33725, 22.01263 ], [ -159.33721, 22.0125 ], [ -159.33701, 22.01226 ], [ -159.33681, 22.01186 ], [ -159.33668, 22.01157 ], [ -159.33659, 22.01143 ], [ -159.33649, 22.0112 ], [ -159.33641, 22.01091 ], [ -159.33643, 22.01079 ], [ -159.3364, 22.01049 ], [ -159.33629, 22.01024 ], [ -159.33617, 22.01 ], [ -159.33606, 22.00922 ], [ -159.33591, 22.00875 ], [ -159.33586, 22.00833 ], [ -159.33578, 22.00798 ], [ -159.33578, 22.00772 ], [ -159.33581, 22.00747 ], [ -159.33587, 22.00724 ], [ -159.33584, 22.00669 ], [ -159.33581, 22.00644 ], [ -159.33572, 22.00612 ], [ -159.3357, 22.00602 ], [ -159.33566, 22.00592 ], [ -159.33543, 22.00479 ], [ -159.33536, 22.00411 ], [ -159.33529, 22.00392 ], [ -159.33496, 22.0036 ], [ -159.33449, 22.0033 ], [ -159.33417, 22.00318 ], [ -159.33411, 22.00302 ], [ -159.33406, 22.00287 ], [ -159.334, 22.00278 ], [ -159.33365, 22.00253 ], [ -159.33351, 22.00243 ], [ -159.33346, 22.00239 ], [ -159.33339, 22.00225 ], [ -159.33331, 22.00193 ], [ -159.33315, 22.00159 ], [ -159.33313, 22.00146 ], [ -159.33318, 22.00115 ], [ -159.33316, 22.00098 ], [ -159.33305, 22.00072 ], [ -159.33304, 22.00062 ], [ -159.33296, 22.00052 ], [ -159.3329, 22.00043 ], [ -159.33261, 21.99975 ], [ -159.33255, 21.99936 ], [ -159.33255, 21.99874 ], [ -159.33262, 21.99844 ], [ -159.3328, 21.99787 ], [ -159.33285, 21.99782 ], [ -159.33292, 21.99779 ], [ -159.33305, 21.99776 ], [ -159.33351, 21.99755 ], [ -159.33388, 21.9974 ], [ -159.33431, 21.99718 ], [ -159.33465, 21.99684 ], [ -159.33482, 21.99661 ], [ -159.33495, 21.99648 ], [ -159.33502, 21.99635 ], [ -159.33527, 21.99604 ], [ -159.33538, 21.99593 ], [ -159.33576, 21.99543 ], [ -159.33595, 21.99526 ], [ -159.3362, 21.99497 ], [ -159.33627, 21.99493 ], [ -159.33631, 21.99488 ], [ -159.33646, 21.99484 ], [ -159.33671, 21.99492 ], [ -159.33694, 21.99506 ], [ -159.33717, 21.99511 ], [ -159.33752, 21.99517 ], [ -159.33787, 21.99514 ], [ -159.33817, 21.99511 ], [ -159.3384, 21.99511 ], [ -159.33866, 21.99515 ], [ -159.33877, 21.99515 ], [ -159.33893, 21.99507 ], [ -159.33907, 21.99505 ], [ -159.33918, 21.99509 ], [ -159.33927, 21.99515 ], [ -159.33935, 21.99524 ], [ -159.33947, 21.99528 ], [ -159.3396, 21.99527 ], [ -159.34026, 21.99513 ], [ -159.34048, 21.99505 ], [ -159.3408, 21.99486 ], [ -159.34108, 21.99465 ], [ -159.34117, 21.99455 ], [ -159.34126, 21.99436 ], [ -159.34137, 21.99368 ], [ -159.34139, 21.99329 ], [ -159.34134, 21.99298 ], [ -159.34123, 21.99268 ], [ -159.34108, 21.99241 ], [ -159.34097, 21.99193 ], [ -159.34082, 21.99159 ], [ -159.34062, 21.99132 ], [ -159.34056, 21.99126 ], [ -159.34005, 21.99102 ], [ -159.34, 21.99092 ], [ -159.33972, 21.99083 ], [ -159.33931, 21.99103 ], [ -159.33908, 21.99114 ], [ -159.33888, 21.99128 ], [ -159.33852, 21.99144 ], [ -159.3383, 21.99149 ], [ -159.33813, 21.99147 ], [ -159.338, 21.99138 ], [ -159.33761, 21.99122 ], [ -159.33735, 21.99106 ], [ -159.33699, 21.99093 ], [ -159.33663, 21.99087 ], [ -159.33631, 21.99085 ], [ -159.33566, 21.99095 ], [ -159.33542, 21.99092 ], [ -159.33422, 21.99114 ], [ -159.334, 21.99117 ], [ -159.33387, 21.99122 ], [ -159.33357, 21.99123 ], [ -159.33329, 21.9913 ], [ -159.33305, 21.99147 ], [ -159.33278, 21.99169 ], [ -159.33264, 21.99181 ], [ -159.33228, 21.99209 ], [ -159.33226, 21.99215 ], [ -159.33224, 21.99239 ], [ -159.33235, 21.99239 ], [ -159.33244, 21.99234 ], [ -159.33238, 21.99225 ], [ -159.33242, 21.9922 ], [ -159.33248, 21.99224 ], [ -159.33256, 21.99218 ], [ -159.33247, 21.99207 ], [ -159.33257, 21.99199 ], [ -159.33272, 21.99212 ], [ -159.33295, 21.99194 ], [ -159.33313, 21.99216 ], [ -159.33269, 21.99249 ], [ -159.33219, 21.99263 ], [ -159.3321, 21.99265 ], [ -159.33191, 21.99305 ], [ -159.3319, 21.99313 ], [ -159.33204, 21.99339 ], [ -159.33241, 21.99384 ], [ -159.33244, 21.99388 ], [ -159.3324, 21.99392 ], [ -159.33234, 21.99392 ], [ -159.33216, 21.99375 ], [ -159.33188, 21.99345 ], [ -159.33168, 21.99325 ], [ -159.33135, 21.9931 ], [ -159.33125, 21.993 ], [ -159.33107, 21.99232 ], [ -159.33104, 21.99211 ], [ -159.33095, 21.99198 ], [ -159.33058, 21.99178 ], [ -159.33026, 21.99166 ], [ -159.33018, 21.99162 ], [ -159.33008, 21.99151 ], [ -159.33004, 21.99128 ], [ -159.33003, 21.99109 ], [ -159.33013, 21.99054 ], [ -159.33024, 21.99037 ], [ -159.33038, 21.99023 ], [ -159.33061, 21.99004 ], [ -159.33077, 21.98978 ], [ -159.33093, 21.98958 ], [ -159.33118, 21.98941 ], [ -159.33157, 21.98927 ], [ -159.33165, 21.98923 ], [ -159.33193, 21.98913 ], [ -159.33213, 21.98913 ], [ -159.33234, 21.98915 ], [ -159.33249, 21.98912 ], [ -159.33266, 21.98906 ], [ -159.33324, 21.98909 ], [ -159.33329, 21.98907 ], [ -159.3333, 21.98902 ], [ -159.33323, 21.98895 ], [ -159.33312, 21.98889 ], [ -159.33292, 21.98869 ], [ -159.33285, 21.98855 ], [ -159.33284, 21.98781 ], [ -159.33294, 21.98765 ], [ -159.33324, 21.98697 ], [ -159.3335, 21.9867 ], [ -159.3336, 21.98646 ], [ -159.33366, 21.98621 ], [ -159.33369, 21.986 ], [ -159.3337, 21.98558 ], [ -159.33376, 21.98503 ], [ -159.33379, 21.98445 ], [ -159.3337, 21.98399 ], [ -159.33357, 21.98367 ], [ -159.33343, 21.98339 ], [ -159.33334, 21.98313 ], [ -159.3333, 21.98288 ], [ -159.3332, 21.98266 ], [ -159.33314, 21.98242 ], [ -159.33311, 21.98212 ], [ -159.33312, 21.98168 ], [ -159.33318, 21.98118 ], [ -159.33343, 21.98039 ], [ -159.3334, 21.98024 ], [ -159.3334, 21.97979 ], [ -159.33343, 21.97955 ], [ -159.33345, 21.97918 ], [ -159.33342, 21.97889 ], [ -159.33337, 21.97872 ], [ -159.33335, 21.97857 ], [ -159.33329, 21.97837 ], [ -159.33315, 21.97806 ], [ -159.33301, 21.97783 ], [ -159.33288, 21.97763 ], [ -159.33276, 21.97731 ], [ -159.33263, 21.97677 ], [ -159.33237, 21.97601 ], [ -159.33225, 21.97553 ], [ -159.33205, 21.9749 ], [ -159.33178, 21.97414 ], [ -159.33159, 21.97384 ], [ -159.33142, 21.97328 ], [ -159.33122, 21.97279 ], [ -159.33074, 21.97132 ], [ -159.33067, 21.97098 ], [ -159.33054, 21.97065 ], [ -159.33047, 21.9703 ], [ -159.33046, 21.97003 ], [ -159.33052, 21.96933 ], [ -159.33057, 21.96918 ], [ -159.33092, 21.96888 ], [ -159.33094, 21.96878 ], [ -159.33087, 21.96869 ], [ -159.33074, 21.9686 ], [ -159.33066, 21.96849 ], [ -159.33048, 21.96806 ], [ -159.33042, 21.96786 ], [ -159.33017, 21.96715 ], [ -159.33009, 21.96637 ], [ -159.33011, 21.96613 ], [ -159.33004, 21.96585 ], [ -159.32996, 21.9657 ], [ -159.32998, 21.9654 ], [ -159.33006, 21.96506 ], [ -159.33008, 21.96486 ], [ -159.33015, 21.96465 ], [ -159.33025, 21.96458 ], [ -159.33032, 21.96449 ], [ -159.33035, 21.96425 ], [ -159.33033, 21.96407 ], [ -159.33035, 21.96384 ], [ -159.33035, 21.96323 ], [ -159.3304, 21.96297 ], [ -159.33028, 21.96277 ], [ -159.33022, 21.9626 ], [ -159.33022, 21.96247 ], [ -159.33028, 21.96219 ], [ -159.33027, 21.96203 ], [ -159.33019, 21.96189 ], [ -159.33011, 21.96179 ], [ -159.32988, 21.96166 ], [ -159.32983, 21.96156 ], [ -159.32982, 21.96148 ], [ -159.3299, 21.9612 ], [ -159.32998, 21.96107 ], [ -159.33025, 21.9609 ], [ -159.3304, 21.96078 ], [ -159.33051, 21.96063 ], [ -159.33063, 21.96041 ], [ -159.33066, 21.96005 ], [ -159.33071, 21.95986 ], [ -159.33092, 21.95934 ], [ -159.33125, 21.9589 ], [ -159.33133, 21.95868 ], [ -159.33141, 21.95852 ], [ -159.33187, 21.95784 ], [ -159.33199, 21.95777 ], [ -159.33251, 21.95757 ], [ -159.33285, 21.95721 ], [ -159.33297, 21.95719 ], [ -159.33338, 21.9571 ], [ -159.33359, 21.95699 ], [ -159.33395, 21.95684 ], [ -159.33399, 21.95677 ], [ -159.33406, 21.95674 ], [ -159.33485, 21.95609 ], [ -159.33505, 21.95584 ], [ -159.33509, 21.9556 ], [ -159.33509, 21.95543 ], [ -159.33516, 21.95519 ], [ -159.33535, 21.95478 ], [ -159.33542, 21.95464 ], [ -159.3355, 21.95457 ], [ -159.33559, 21.95453 ], [ -159.33575, 21.95452 ], [ -159.33587, 21.95454 ], [ -159.33612, 21.95464 ], [ -159.33621, 21.95473 ], [ -159.33636, 21.95501 ], [ -159.33638, 21.95514 ], [ -159.33638, 21.95521 ], [ -159.33667, 21.95609 ], [ -159.33674, 21.95621 ], [ -159.3368, 21.95629 ], [ -159.33747, 21.9569 ], [ -159.33755, 21.95702 ], [ -159.33755, 21.95713 ], [ -159.33763, 21.95747 ], [ -159.33808, 21.95783 ], [ -159.3382, 21.95785 ], [ -159.33838, 21.95785 ], [ -159.33858, 21.95787 ], [ -159.33889, 21.95787 ], [ -159.33941, 21.95812 ], [ -159.33952, 21.95825 ], [ -159.33966, 21.95847 ], [ -159.33978, 21.95852 ], [ -159.34006, 21.95848 ], [ -159.34042, 21.95832 ], [ -159.34071, 21.95838 ], [ -159.34091, 21.95848 ], [ -159.34111, 21.95851 ], [ -159.34189, 21.95854 ], [ -159.34207, 21.95845 ], [ -159.34231, 21.95823 ], [ -159.34281, 21.95814 ], [ -159.34304, 21.95814 ], [ -159.34321, 21.95808 ], [ -159.34335, 21.95796 ], [ -159.34641, 21.95967 ], [ -159.35012, 21.96182 ], [ -159.35326, 21.96414 ], [ -159.35641, 21.96724 ], [ -159.35837, 21.96985 ], [ -159.36012, 21.97311 ], [ -159.36082, 21.97666 ], [ -159.35981, 21.98243 ], [ -159.3573, 21.98793 ], [ -159.35399, 21.99278 ], [ -159.35074, 21.99672 ], [ -159.34798, 22.00069 ], [ -159.34439, 22.00636 ], [ -159.34132, 22.01287 ], [ -159.33944, 22.01866 ], [ -159.33859, 22.02324 ], [ -159.33856, 22.02278 ] ] ] ] } },
{ "type": "Feature", "properties": { "objectid": 87, "solar_cal": "450-500", "st_areasha": 122874163.46236704, "st_perimet": 108448.67405213571 }, "geometry": { "type": "MultiPolygon", "coordinates": [ [ [ [ -159.76065, 22.07932 ], [ -159.75859, 22.07135 ], [ -159.75716, 22.06314 ], [ -159.75503, 22.05409 ], [ -159.75381, 22.04536 ], [ -159.75252, 22.03767 ], [ -159.75102, 22.0289 ], [ -159.74833, 22.02132 ], [ -159.74581, 22.01813 ], [ -159.74349, 22.01513 ], [ -159.73984, 22.0113 ], [ -159.73668, 22.00808 ], [ -159.72984, 22.00092 ], [ -159.72382, 21.99591 ], [ -159.71768, 21.99081 ], [ -159.71285, 21.98781 ], [ -159.70686, 21.98437 ], [ -159.70179, 21.98177 ], [ -159.69553, 21.97911 ], [ -159.68797, 21.97608 ], [ -159.68195, 21.97378 ], [ -159.67058, 21.96949 ], [ -159.66345, 21.96729 ], [ -159.65575, 21.96495 ], [ -159.65387, 21.96401 ], [ -159.64886, 21.96206 ], [ -159.64498, 21.96118 ], [ -159.64026, 21.95858 ], [ -159.6321, 21.95289 ], [ -159.62485, 21.94657 ], [ -159.62048, 21.94339 ], [ -159.61547, 21.94003 ], [ -159.60904, 21.9375 ], [ -159.59799, 21.9333 ], [ -159.58932, 21.93106 ], [ -159.58101, 21.93061 ], [ -159.57374, 21.93146 ], [ -159.56494, 21.93261 ], [ -159.55698, 21.93369 ], [ -159.55146, 21.93304 ], [ -159.5451, 21.93125 ], [ -159.54052, 21.92829 ], [ -159.53299, 21.92242 ], [ -159.5254, 21.91526 ], [ -159.51389, 21.90536 ], [ -159.50927, 21.90249 ], [ -159.50399, 21.89992 ], [ -159.49851, 21.89835 ], [ -159.49351, 21.89787 ], [ -159.48677, 21.89663 ], [ -159.48374, 21.89734 ], [ -159.47696, 21.89868 ], [ -159.46778, 21.90155 ], [ -159.46094, 21.90468 ], [ -159.45536, 21.90644 ], [ -159.44817, 21.90768 ], [ -159.43937, 21.90898 ], [ -159.42987, 21.90852 ], [ -159.42075, 21.90829 ], [ -159.41223, 21.90757 ], [ -159.40797, 21.90607 ], [ -159.40112, 21.90408 ], [ -159.3976, 21.90274 ], [ -159.39766, 21.90259 ], [ -159.3977, 21.90237 ], [ -159.39769, 21.90227 ], [ -159.39795, 21.90207 ], [ -159.39806, 21.90204 ], [ -159.39831, 21.90201 ], [ -159.39841, 21.90198 ], [ -159.39851, 21.90191 ], [ -159.39863, 21.9017 ], [ -159.39871, 21.90162 ], [ -159.39887, 21.90152 ], [ -159.39902, 21.90145 ], [ -159.39917, 21.90142 ], [ -159.39928, 21.90134 ], [ -159.39931, 21.90125 ], [ -159.3993, 21.90116 ], [ -159.39936, 21.90107 ], [ -159.39937, 21.90092 ], [ -159.39941, 21.90083 ], [ -159.39951, 21.90082 ], [ -159.39979, 21.90098 ], [ -159.39992, 21.90095 ], [ -159.40026, 21.90104 ], [ -159.40044, 21.90091 ], [ -159.40071, 21.90057 ], [ -159.40098, 21.90025 ], [ -159.40112, 21.90022 ], [ -159.40126, 21.90024 ], [ -159.40136, 21.90021 ], [ -159.40151, 21.90011 ], [ -159.40182, 21.89984 ], [ -159.40194, 21.89961 ], [ -159.40209, 21.89949 ], [ -159.40221, 21.89935 ], [ -159.40229, 21.8993 ], [ -159.40256, 21.89932 ], [ -159.40285, 21.89921 ], [ -159.40314, 21.89925 ], [ -159.40336, 21.89922 ], [ -159.40349, 21.8991 ], [ -159.40374, 21.89867 ], [ -159.40383, 21.89833 ], [ -159.40379, 21.89818 ], [ -159.40347, 21.89776 ], [ -159.4034, 21.89762 ], [ -159.40353, 21.89725 ], [ -159.40369, 21.89708 ], [ -159.40398, 21.89688 ], [ -159.40408, 21.89677 ], [ -159.4041, 21.89667 ], [ -159.40415, 21.89656 ], [ -159.40432, 21.89648 ], [ -159.40436, 21.89635 ], [ -159.40436, 21.89624 ], [ -159.40441, 21.89616 ], [ -159.40462, 21.89615 ], [ -159.40477, 21.896 ], [ -159.40497, 21.89587 ], [ -159.40507, 21.89578 ], [ -159.40515, 21.89567 ], [ -159.40513, 21.8955 ], [ -159.40515, 21.89528 ], [ -159.40522, 21.89519 ], [ -159.40534, 21.89511 ], [ -159.40554, 21.89491 ], [ -159.4055, 21.89474 ], [ -159.4055, 21.89465 ], [ -159.40533, 21.89454 ], [ -159.40525, 21.89441 ], [ -159.40509, 21.89431 ], [ -159.40502, 21.89422 ], [ -159.4049, 21.89397 ], [ -159.40476, 21.89393 ], [ -159.40439, 21.89389 ], [ -159.40432, 21.89379 ], [ -159.4043, 21.89367 ], [ -159.40435, 21.89355 ], [ -159.40443, 21.89347 ], [ -159.4047, 21.89334 ], [ -159.40491, 21.89316 ], [ -159.40505, 21.89309 ], [ -159.40532, 21.89306 ], [ -159.40555, 21.89298 ], [ -159.40574, 21.89293 ], [ -159.40583, 21.89297 ], [ -159.40593, 21.89307 ], [ -159.40607, 21.89315 ], [ -159.40618, 21.89314 ], [ -159.40641, 21.89296 ], [ -159.40639, 21.89283 ], [ -159.40634, 21.89273 ], [ -159.40635, 21.89261 ], [ -159.40643, 21.89261 ], [ -159.40669, 21.89263 ], [ -159.40673, 21.89261 ], [ -159.40684, 21.89259 ], [ -159.40709, 21.89249 ], [ -159.40723, 21.89238 ], [ -159.40731, 21.89242 ], [ -159.40741, 21.89251 ], [ -159.40772, 21.89268 ], [ -159.40776, 21.89276 ], [ -159.40786, 21.89282 ], [ -159.40826, 21.89285 ], [ -159.40841, 21.89291 ], [ -159.40863, 21.89303 ], [ -159.40899, 21.89308 ], [ -159.40914, 21.89306 ], [ -159.40957, 21.89293 ], [ -159.40998, 21.89293 ], [ -159.41013, 21.89288 ], [ -159.41036, 21.89263 ], [ -159.41055, 21.89256 ], [ -159.4108, 21.89231 ], [ -159.41083, 21.89223 ], [ -159.41081, 21.89213 ], [ -159.41062, 21.89157 ], [ -159.41033, 21.89123 ], [ -159.41024, 21.89104 ], [ -159.41015, 21.89074 ], [ -159.41006, 21.89055 ], [ -159.41007, 21.8901 ], [ -159.41025, 21.88986 ], [ -159.41033, 21.8898 ], [ -159.41117, 21.88956 ], [ -159.41141, 21.88943 ], [ -159.4117, 21.88923 ], [ -159.41191, 21.88913 ], [ -159.41207, 21.88913 ], [ -159.41249, 21.8891 ], [ -159.41329, 21.88916 ], [ -159.41369, 21.88921 ], [ -159.41386, 21.88915 ], [ -159.41392, 21.88914 ], [ -159.41423, 21.88907 ], [ -159.4146, 21.88893 ], [ -159.41477, 21.88867 ], [ -159.4149, 21.88859 ], [ -159.41501, 21.88858 ], [ -159.41515, 21.8886 ], [ -159.41542, 21.8887 ], [ -159.41557, 21.88869 ], [ -159.41594, 21.88846 ], [ -159.41612, 21.8884 ], [ -159.41665, 21.88831 ], [ -159.41691, 21.88823 ], [ -159.41706, 21.88817 ], [ -159.4175, 21.88781 ], [ -159.41793, 21.88745 ], [ -159.41818, 21.88719 ], [ -159.41833, 21.88699 ], [ -159.4184, 21.88681 ], [ -159.41838, 21.88666 ], [ -159.41821, 21.88609 ], [ -159.41814, 21.88568 ], [ -159.41801, 21.8853 ], [ -159.41804, 21.88511 ], [ -159.41816, 21.88496 ], [ -159.4182, 21.88488 ], [ -159.4182, 21.88476 ], [ -159.41842, 21.88405 ], [ -159.41848, 21.88391 ], [ -159.41856, 21.88379 ], [ -159.41862, 21.88355 ], [ -159.41848, 21.88337 ], [ -159.41845, 21.883 ], [ -159.41864, 21.88289 ], [ -159.41894, 21.88223 ], [ -159.41898, 21.88218 ], [ -159.41937, 21.88205 ], [ -159.41975, 21.88182 ], [ -159.41987, 21.88178 ], [ -159.42027, 21.8818 ], [ -159.42045, 21.88176 ], [ -159.42102, 21.88159 ], [ -159.42155, 21.88139 ], [ -159.42224, 21.88143 ], [ -159.4232, 21.88146 ], [ -159.42368, 21.88139 ], [ -159.42399, 21.88142 ], [ -159.42439, 21.88151 ], [ -159.42459, 21.88149 ], [ -159.42464, 21.88144 ], [ -159.4247, 21.88142 ], [ -159.42481, 21.88143 ], [ -159.42491, 21.8814 ], [ -159.42521, 21.88146 ], [ -159.43046, 21.88245 ], [ -159.43734, 21.8831 ], [ -159.4416, 21.88323 ], [ -159.4475, 21.88333 ], [ -159.45599, 21.88314 ], [ -159.46056, 21.88298 ], [ -159.46817, 21.88164 ], [ -159.47201, 21.88105 ], [ -159.47335, 21.88088 ], [ -159.4735, 21.88098 ], [ -159.47374, 21.88104 ], [ -159.47399, 21.88108 ], [ -159.47417, 21.88097 ], [ -159.47426, 21.88077 ], [ -159.47535, 21.88064 ], [ -159.47546, 21.88071 ], [ -159.4755, 21.88078 ], [ -159.47564, 21.88089 ], [ -159.47572, 21.88098 ], [ -159.47573, 21.88106 ], [ -159.47583, 21.88117 ], [ -159.47588, 21.88127 ], [ -159.47586, 21.88135 ], [ -159.47587, 21.88148 ], [ -159.47595, 21.88157 ], [ -159.47616, 21.88163 ], [ -159.47662, 21.88169 ], [ -159.47691, 21.88169 ], [ -159.47711, 21.88165 ], [ -159.47731, 21.88165 ], [ -159.47749, 21.88161 ], [ -159.4776, 21.88162 ], [ -159.47773, 21.88173 ], [ -159.47794, 21.8818 ], [ -159.47827, 21.88177 ], [ -159.47842, 21.88174 ], [ -159.47849, 21.88176 ], [ -159.47871, 21.88222 ], [ -159.47881, 21.88229 ], [ -159.47904, 21.88233 ], [ -159.47918, 21.88233 ], [ -159.47944, 21.88222 ], [ -159.4796, 21.88212 ], [ -159.47969, 21.88195 ], [ -159.47979, 21.88183 ], [ -159.48001, 21.88179 ], [ -159.48018, 21.88172 ], [ -159.48032, 21.88169 ], [ -159.48052, 21.88175 ], [ -159.48072, 21.88176 ], [ -159.48087, 21.8818 ], [ -159.48134, 21.88173 ], [ -159.48153, 21.88182 ], [ -159.48156, 21.88188 ], [ -159.48143, 21.88192 ], [ -159.48139, 21.88201 ], [ -159.4815, 21.88203 ], [ -159.48195, 21.88193 ], [ -159.48208, 21.88185 ], [ -159.48214, 21.88166 ], [ -159.48215, 21.88134 ], [ -159.48225, 21.88117 ], [ -159.48238, 21.881 ], [ -159.48252, 21.88097 ], [ -159.48258, 21.88125 ], [ -159.48255, 21.88145 ], [ -159.48258, 21.88158 ], [ -159.48248, 21.88171 ], [ -159.48258, 21.88192 ], [ -159.48289, 21.8824 ], [ -159.48303, 21.88256 ], [ -159.48325, 21.88271 ], [ -159.48342, 21.88285 ], [ -159.4836, 21.8829 ], [ -159.48375, 21.88287 ], [ -159.48386, 21.88281 ], [ -159.48391, 21.88284 ], [ -159.48397, 21.8829 ], [ -159.48406, 21.88291 ], [ -159.4843, 21.88307 ], [ -159.4844, 21.88317 ], [ -159.48447, 21.88317 ], [ -159.48458, 21.88326 ], [ -159.48466, 21.88348 ], [ -159.4848, 21.88353 ], [ -159.48532, 21.88354 ], [ -159.48549, 21.88351 ], [ -159.48589, 21.88355 ], [ -159.48607, 21.88352 ], [ -159.48619, 21.88343 ], [ -159.48642, 21.88322 ], [ -159.4867, 21.88327 ], [ -159.4868, 21.88337 ], [ -159.4869, 21.88343 ], [ -159.48709, 21.88347 ], [ -159.48736, 21.88365 ], [ -159.48749, 21.88368 ], [ -159.48768, 21.88362 ], [ -159.48796, 21.88348 ], [ -159.48812, 21.88342 ], [ -159.48833, 21.88339 ], [ -159.48844, 21.88346 ], [ -159.48809, 21.88375 ], [ -159.48795, 21.88389 ], [ -159.48792, 21.88398 ], [ -159.488, 21.884 ], [ -159.48821, 21.88396 ], [ -159.48839, 21.88397 ], [ -159.48874, 21.88401 ], [ -159.48882, 21.88407 ], [ -159.4883, 21.88419 ], [ -159.48751, 21.88433 ], [ -159.4873, 21.88448 ], [ -159.48725, 21.88468 ], [ -159.48724, 21.88489 ], [ -159.48732, 21.88505 ], [ -159.48743, 21.88522 ], [ -159.48774, 21.88554 ], [ -159.48786, 21.88572 ], [ -159.48794, 21.88578 ], [ -159.48807, 21.88579 ], [ -159.48839, 21.8856 ], [ -159.48871, 21.88542 ], [ -159.48878, 21.88536 ], [ -159.48892, 21.8853 ], [ -159.48912, 21.88532 ], [ -159.48927, 21.88541 ], [ -159.48933, 21.88552 ], [ -159.48941, 21.8856 ], [ -159.48951, 21.88565 ], [ -159.48965, 21.88567 ], [ -159.48983, 21.88582 ], [ -159.48992, 21.88582 ], [ -159.49008, 21.88573 ], [ -159.49031, 21.88563 ], [ -159.49055, 21.88564 ], [ -159.4908, 21.88584 ], [ -159.49106, 21.88593 ], [ -159.49126, 21.88593 ], [ -159.49163, 21.88571 ], [ -159.49178, 21.8857 ], [ -159.49185, 21.88559 ], [ -159.49181, 21.88537 ], [ -159.49166, 21.88512 ], [ -159.49175, 21.88509 ], [ -159.49185, 21.88511 ], [ -159.49208, 21.88508 ], [ -159.49226, 21.88498 ], [ -159.49256, 21.88498 ], [ -159.49257, 21.88486 ], [ -159.49255, 21.88467 ], [ -159.49265, 21.88463 ], [ -159.4927, 21.88447 ], [ -159.4928, 21.88444 ], [ -159.49301, 21.88444 ], [ -159.49307, 21.88449 ], [ -159.49319, 21.88455 ], [ -159.49363, 21.88452 ], [ -159.49371, 21.88466 ], [ -159.49379, 21.88466 ], [ -159.49383, 21.88456 ], [ -159.4939, 21.8845 ], [ -159.49407, 21.8845 ], [ -159.4942, 21.88453 ], [ -159.49439, 21.88463 ], [ -159.49465, 21.88505 ], [ -159.49473, 21.88509 ], [ -159.49485, 21.88504 ], [ -159.49493, 21.88484 ], [ -159.49503, 21.88476 ], [ -159.49511, 21.88471 ], [ -159.49532, 21.88475 ], [ -159.4954, 21.88482 ], [ -159.49549, 21.88483 ], [ -159.49556, 21.88479 ], [ -159.49561, 21.88488 ], [ -159.49569, 21.88495 ], [ -159.49578, 21.88484 ], [ -159.49588, 21.88464 ], [ -159.49594, 21.88465 ], [ -159.49601, 21.8849 ], [ -159.49609, 21.88494 ], [ -159.49627, 21.88481 ], [ -159.4964, 21.88474 ], [ -159.49668, 21.88479 ], [ -159.49688, 21.88488 ], [ -159.49693, 21.88507 ], [ -159.49711, 21.88531 ], [ -159.49727, 21.88535 ], [ -159.49748, 21.88523 ], [ -159.49758, 21.88507 ], [ -159.49768, 21.885 ], [ -159.49792, 21.88494 ], [ -159.49794, 21.88486 ], [ -159.49802, 21.88476 ], [ -159.49808, 21.88445 ], [ -159.4982, 21.8845 ], [ -159.49828, 21.88479 ], [ -159.49837, 21.88484 ], [ -159.49872, 21.88478 ], [ -159.49892, 21.88462 ], [ -159.4995, 21.88434 ], [ -159.49961, 21.8843 ], [ -159.49981, 21.88419 ], [ -159.49989, 21.8841 ], [ -159.49997, 21.88406 ], [ -159.49999, 21.88422 ], [ -159.50004, 21.88436 ], [ -159.50018, 21.88453 ], [ -159.50031, 21.88463 ], [ -159.50043, 21.88478 ], [ -159.50058, 21.8848 ], [ -159.50066, 21.88467 ], [ -159.50086, 21.88458 ], [ -159.50092, 21.88471 ], [ -159.50102, 21.88474 ], [ -159.50119, 21.88471 ], [ -159.50135, 21.88463 ], [ -159.50145, 21.88475 ], [ -159.50146, 21.88493 ], [ -159.50151, 21.88511 ], [ -159.50159, 21.88521 ], [ -159.50172, 21.88553 ], [ -159.50182, 21.88571 ], [ -159.50182, 21.88586 ], [ -159.50186, 21.88613 ], [ -159.50189, 21.88646 ], [ -159.50187, 21.88673 ], [ -159.5018, 21.88736 ], [ -159.50172, 21.88765 ], [ -159.50173, 21.88775 ], [ -159.50185, 21.88785 ], [ -159.50258, 21.88813 ], [ -159.50349, 21.88825 ], [ -159.50364, 21.88824 ], [ -159.50373, 21.88821 ], [ -159.50378, 21.88817 ], [ -159.50386, 21.88802 ], [ -159.50399, 21.8879 ], [ -159.50408, 21.88776 ], [ -159.50412, 21.88757 ], [ -159.50421, 21.88748 ], [ -159.50424, 21.88738 ], [ -159.50423, 21.88723 ], [ -159.50446, 21.88707 ], [ -159.50456, 21.88692 ], [ -159.50478, 21.88672 ], [ -159.50488, 21.88668 ], [ -159.50506, 21.8867 ], [ -159.50529, 21.88685 ], [ -159.50538, 21.88681 ], [ -159.50546, 21.88668 ], [ -159.50557, 21.88657 ], [ -159.50574, 21.88649 ], [ -159.50591, 21.88649 ], [ -159.50609, 21.88662 ], [ -159.50622, 21.88663 ], [ -159.50634, 21.88672 ], [ -159.5064, 21.88686 ], [ -159.5065, 21.88691 ], [ -159.50665, 21.88674 ], [ -159.50675, 21.88673 ], [ -159.50686, 21.8868 ], [ -159.5076, 21.88688 ], [ -159.50777, 21.88692 ], [ -159.50798, 21.88688 ], [ -159.50814, 21.88683 ], [ -159.50827, 21.88692 ], [ -159.50861, 21.88682 ], [ -159.50873, 21.88672 ], [ -159.50881, 21.8866 ], [ -159.5092, 21.88643 ], [ -159.50932, 21.88644 ], [ -159.50941, 21.88655 ], [ -159.50968, 21.88663 ], [ -159.50991, 21.88683 ], [ -159.50994, 21.88695 ], [ -159.51005, 21.88695 ], [ -159.51015, 21.88688 ], [ -159.51035, 21.88691 ], [ -159.51059, 21.88723 ], [ -159.51091, 21.88758 ], [ -159.51118, 21.88779 ], [ -159.51133, 21.88785 ], [ -159.51152, 21.88789 ], [ -159.51217, 21.88811 ], [ -159.51243, 21.88812 ], [ -159.51276, 21.88811 ], [ -159.51296, 21.88807 ], [ -159.51321, 21.888 ], [ -159.51381, 21.88797 ], [ -159.5144, 21.88789 ], [ -159.51491, 21.88792 ], [ -159.51589, 21.88766 ], [ -159.51624, 21.88755 ], [ -159.51647, 21.88744 ], [ -159.51649, 21.88724 ], [ -159.51637, 21.88689 ], [ -159.51637, 21.8868 ], [ -159.5167, 21.88692 ], [ -159.51685, 21.88691 ], [ -159.51705, 21.887 ], [ -159.51733, 21.88697 ], [ -159.51773, 21.88686 ], [ -159.51787, 21.8868 ], [ -159.51793, 21.88661 ], [ -159.51796, 21.88669 ], [ -159.51822, 21.88683 ], [ -159.51833, 21.88695 ], [ -159.51855, 21.88706 ], [ -159.51881, 21.88712 ], [ -159.51916, 21.8871 ], [ -159.51991, 21.88682 ], [ -159.52043, 21.88665 ], [ -159.52122, 21.88627 ], [ -159.52179, 21.88608 ], [ -159.52225, 21.88596 ], [ -159.52259, 21.88585 ], [ -159.52295, 21.88579 ], [ -159.52327, 21.88559 ], [ -159.52374, 21.88538 ], [ -159.52488, 21.88495 ], [ -159.52545, 21.88481 ], [ -159.5257, 21.8847 ], [ -159.52599, 21.88447 ], [ -159.52605, 21.88415 ], [ -159.52607, 21.88385 ], [ -159.52601, 21.88353 ], [ -159.52603, 21.88327 ], [ -159.52612, 21.88304 ], [ -159.52623, 21.88287 ], [ -159.52635, 21.88282 ], [ -159.52655, 21.88268 ], [ -159.5266, 21.88277 ], [ -159.5267, 21.88285 ], [ -159.52688, 21.88309 ], [ -159.52689, 21.88323 ], [ -159.52709, 21.88337 ], [ -159.52711, 21.88349 ], [ -159.52725, 21.88359 ], [ -159.52747, 21.88363 ], [ -159.52779, 21.8835 ], [ -159.52795, 21.88337 ], [ -159.52807, 21.88324 ], [ -159.52817, 21.88323 ], [ -159.52817, 21.88342 ], [ -159.52816, 21.88359 ], [ -159.52822, 21.88366 ], [ -159.52811, 21.88378 ], [ -159.52808, 21.88388 ], [ -159.52824, 21.88392 ], [ -159.52859, 21.88393 ], [ -159.52874, 21.88397 ], [ -159.52889, 21.88405 ], [ -159.52908, 21.88433 ], [ -159.52915, 21.8844 ], [ -159.5292, 21.88447 ], [ -159.52911, 21.88448 ], [ -159.52899, 21.88445 ], [ -159.52894, 21.88446 ], [ -159.5291, 21.88507 ], [ -159.52916, 21.88526 ], [ -159.52918, 21.88543 ], [ -159.52924, 21.88561 ], [ -159.52943, 21.88572 ], [ -159.5296, 21.88576 ], [ -159.52994, 21.88563 ], [ -159.53005, 21.88568 ], [ -159.53012, 21.886 ], [ -159.53022, 21.886 ], [ -159.53031, 21.88591 ], [ -159.53042, 21.88586 ], [ -159.53054, 21.88586 ], [ -159.53062, 21.88581 ], [ -159.53079, 21.88574 ], [ -159.53089, 21.88567 ], [ -159.53098, 21.88567 ], [ -159.53114, 21.88585 ], [ -159.53108, 21.88615 ], [ -159.53107, 21.88633 ], [ -159.53113, 21.88648 ], [ -159.53123, 21.88659 ], [ -159.53158, 21.88685 ], [ -159.53175, 21.88688 ], [ -159.53205, 21.88689 ], [ -159.53263, 21.88697 ], [ -159.53318, 21.88709 ], [ -159.53396, 21.88698 ], [ -159.53415, 21.88698 ], [ -159.53437, 21.8871 ], [ -159.53461, 21.88704 ], [ -159.53492, 21.887 ], [ -159.53528, 21.88698 ], [ -159.53552, 21.88688 ], [ -159.53566, 21.88676 ], [ -159.53588, 21.88668 ], [ -159.53597, 21.88656 ], [ -159.53607, 21.8865 ], [ -159.53623, 21.88656 ], [ -159.53631, 21.88663 ], [ -159.53645, 21.88662 ], [ -159.53654, 21.88654 ], [ -159.5368, 21.88642 ], [ -159.53692, 21.88644 ], [ -159.5372, 21.88671 ], [ -159.53739, 21.88694 ], [ -159.53745, 21.88734 ], [ -159.53756, 21.88744 ], [ -159.53768, 21.88747 ], [ -159.53803, 21.88746 ], [ -159.53835, 21.88751 ], [ -159.5385, 21.8875 ], [ -159.53869, 21.88729 ], [ -159.5388, 21.88729 ], [ -159.53887, 21.88729 ], [ -159.53893, 21.88729 ], [ -159.53902, 21.88721 ], [ -159.53909, 21.88727 ], [ -159.53903, 21.88734 ], [ -159.53903, 21.88746 ], [ -159.5391, 21.88751 ], [ -159.53949, 21.88762 ], [ -159.53962, 21.88759 ], [ -159.53968, 21.88755 ], [ -159.53975, 21.88745 ], [ -159.5399, 21.88738 ], [ -159.54014, 21.88735 ], [ -159.5403, 21.88735 ], [ -159.54054, 21.88725 ], [ -159.54065, 21.88719 ], [ -159.54074, 21.8872 ], [ -159.54084, 21.88722 ], [ -159.54098, 21.8872 ], [ -159.54104, 21.88725 ], [ -159.54106, 21.88729 ], [ -159.54124, 21.88727 ], [ -159.54134, 21.88719 ], [ -159.54146, 21.88724 ], [ -159.54154, 21.8873 ], [ -159.54173, 21.88735 ], [ -159.5418, 21.88734 ], [ -159.54183, 21.88724 ], [ -159.54181, 21.88711 ], [ -159.54184, 21.88707 ], [ -159.54199, 21.88708 ], [ -159.54205, 21.88706 ], [ -159.54211, 21.88703 ], [ -159.54216, 21.88705 ], [ -159.54221, 21.88722 ], [ -159.54236, 21.88729 ], [ -159.54238, 21.88746 ], [ -159.54244, 21.88749 ], [ -159.54268, 21.88757 ], [ -159.54278, 21.88754 ], [ -159.5428, 21.88743 ], [ -159.54291, 21.88743 ], [ -159.54312, 21.88749 ], [ -159.54322, 21.8876 ], [ -159.54335, 21.88765 ], [ -159.54334, 21.88769 ], [ -159.54324, 21.88774 ], [ -159.54328, 21.88783 ], [ -159.54337, 21.88791 ], [ -159.54325, 21.88799 ], [ -159.54324, 21.88805 ], [ -159.54328, 21.88817 ], [ -159.54349, 21.88832 ], [ -159.54357, 21.88832 ], [ -159.5437, 21.88827 ], [ -159.54377, 21.8881 ], [ -159.54391, 21.88805 ], [ -159.54411, 21.88809 ], [ -159.54432, 21.88803 ], [ -159.54437, 21.88803 ], [ -159.54446, 21.88812 ], [ -159.54472, 21.88812 ], [ -159.54482, 21.88821 ], [ -159.54524, 21.88822 ], [ -159.54598, 21.88819 ], [ -159.54622, 21.88804 ], [ -159.5463, 21.88797 ], [ -159.54645, 21.88798 ], [ -159.5465, 21.88802 ], [ -159.54673, 21.88805 ], [ -159.54688, 21.88821 ], [ -159.54709, 21.88821 ], [ -159.54716, 21.88817 ], [ -159.54717, 21.88812 ], [ -159.54721, 21.88808 ], [ -159.54734, 21.88811 ], [ -159.54747, 21.88817 ], [ -159.54754, 21.8883 ], [ -159.54772, 21.88832 ], [ -159.54781, 21.88831 ], [ -159.548, 21.8883 ], [ -159.54841, 21.8882 ], [ -159.54848, 21.88814 ], [ -159.54852, 21.88798 ], [ -159.54855, 21.88793 ], [ -159.54873, 21.88796 ], [ -159.54885, 21.88793 ], [ -159.54898, 21.88786 ], [ -159.54915, 21.88768 ], [ -159.54934, 21.88758 ], [ -159.54954, 21.88758 ], [ -159.54963, 21.88762 ], [ -159.5498, 21.88761 ], [ -159.54999, 21.88753 ], [ -159.5501, 21.88758 ], [ -159.5502, 21.88754 ], [ -159.55033, 21.88748 ], [ -159.55045, 21.88746 ], [ -159.55068, 21.88737 ], [ -159.55082, 21.88734 ], [ -159.55096, 21.88726 ], [ -159.5511, 21.88727 ], [ -159.55136, 21.88729 ], [ -159.55171, 21.88726 ], [ -159.5518, 21.8873 ], [ -159.55196, 21.88753 ], [ -159.55222, 21.8877 ], [ -159.55242, 21.88781 ], [ -159.55255, 21.88797 ], [ -159.55271, 21.88821 ], [ -159.55291, 21.88833 ], [ -159.55319, 21.8884 ], [ -159.55343, 21.88849 ], [ -159.55381, 21.88867 ], [ -159.55416, 21.88897 ], [ -159.55424, 21.88903 ], [ -159.55465, 21.88911 ], [ -159.55473, 21.88909 ], [ -159.55479, 21.88902 ], [ -159.55483, 21.8889 ], [ -159.55494, 21.88879 ], [ -159.55507, 21.88875 ], [ -159.55513, 21.88874 ], [ -159.55527, 21.88862 ], [ -159.55532, 21.88864 ], [ -159.55536, 21.88884 ], [ -159.55541, 21.88901 ], [ -159.55548, 21.88908 ], [ -159.55617, 21.88929 ], [ -159.55639, 21.88927 ], [ -159.55657, 21.88925 ], [ -159.55685, 21.88923 ], [ -159.55716, 21.88928 ], [ -159.55739, 21.88927 ], [ -159.55756, 21.88929 ], [ -159.55773, 21.88922 ], [ -159.55788, 21.88913 ], [ -159.55796, 21.88916 ], [ -159.55796, 21.88929 ], [ -159.55801, 21.88929 ], [ -159.55806, 21.88925 ], [ -159.55813, 21.88928 ], [ -159.55814, 21.88935 ], [ -159.55834, 21.88933 ], [ -159.55841, 21.88935 ], [ -159.55846, 21.8894 ], [ -159.55837, 21.88946 ], [ -159.55854, 21.88952 ], [ -159.5586, 21.88947 ], [ -159.5588, 21.88929 ], [ -159.55888, 21.88927 ], [ -159.55899, 21.88929 ], [ -159.55909, 21.88937 ], [ -159.55913, 21.88947 ], [ -159.55912, 21.88964 ], [ -159.55916, 21.88971 ], [ -159.55933, 21.88975 ], [ -159.5595, 21.88976 ], [ -159.5597, 21.88977 ], [ -159.55992, 21.88984 ], [ -159.56001, 21.88993 ], [ -159.56013, 21.89002 ], [ -159.56036, 21.89014 ], [ -159.56048, 21.89015 ], [ -159.56062, 21.8901 ], [ -159.56558, 21.89428 ], [ -159.5724, 21.89829 ], [ -159.57915, 21.90223 ], [ -159.58321, 21.90412 ], [ -159.58632, 21.90522 ], [ -159.59139, 21.90704 ], [ -159.59593, 21.90795 ], [ -159.60033, 21.90821 ], [ -159.61067, 21.90901 ], [ -159.61532, 21.9093 ], [ -159.6228, 21.91037 ], [ -159.62965, 21.91203 ], [ -159.63145, 21.91263 ], [ -159.63143, 21.91284 ], [ -159.63154, 21.91305 ], [ -159.63164, 21.91314 ], [ -159.63172, 21.91319 ], [ -159.63193, 21.91321 ], [ -159.63217, 21.91323 ], [ -159.63244, 21.91325 ], [ -159.63257, 21.91324 ], [ -159.6327, 21.91319 ], [ -159.63286, 21.9132 ], [ -159.63296, 21.91322 ], [ -159.63313, 21.91311 ], [ -159.63323, 21.91312 ], [ -159.63335, 21.91316 ], [ -159.63354, 21.91305 ], [ -159.63362, 21.91305 ], [ -159.6337, 21.91311 ], [ -159.6338, 21.91327 ], [ -159.63396, 21.91331 ], [ -159.63397, 21.91339 ], [ -159.63403, 21.91342 ], [ -159.63411, 21.91343 ], [ -159.63417, 21.91347 ], [ -159.63422, 21.91353 ], [ -159.63441, 21.91362 ], [ -159.63456, 21.91384 ], [ -159.63463, 21.91394 ], [ -159.63495, 21.91416 ], [ -159.63505, 21.9143 ], [ -159.63509, 21.91437 ], [ -159.63517, 21.9145 ], [ -159.63533, 21.91467 ], [ -159.63544, 21.91476 ], [ -159.63563, 21.91504 ], [ -159.63599, 21.91562 ], [ -159.63621, 21.91616 ], [ -159.63626, 21.91626 ], [ -159.6362, 21.91642 ], [ -159.63612, 21.91655 ], [ -159.63603, 21.91671 ], [ -159.63603, 21.91682 ], [ -159.63635, 21.91706 ], [ -159.63664, 21.91739 ], [ -159.63708, 21.91784 ], [ -159.63736, 21.91811 ], [ -159.63769, 21.91859 ], [ -159.63793, 21.91904 ], [ -159.63794, 21.91924 ], [ -159.63786, 21.9194 ], [ -159.63769, 21.91962 ], [ -159.63759, 21.91988 ], [ -159.63757, 21.92002 ], [ -159.63763, 21.92026 ], [ -159.63775, 21.92053 ], [ -159.63784, 21.92065 ], [ -159.63789, 21.9208 ], [ -159.63782, 21.92141 ], [ -159.63794, 21.92172 ], [ -159.63815, 21.92201 ], [ -159.63844, 21.92215 ], [ -159.63851, 21.92223 ], [ -159.6387, 21.9223 ], [ -159.63896, 21.92241 ], [ -159.6394, 21.92271 ], [ -159.63957, 21.92285 ], [ -159.63977, 21.92294 ], [ -159.63996, 21.92295 ], [ -159.64011, 21.92301 ], [ -159.6402, 21.92314 ], [ -159.64024, 21.92333 ], [ -159.64021, 21.9237 ], [ -159.64025, 21.92394 ], [ -159.64037, 21.92418 ], [ -159.64049, 21.92432 ], [ -159.64076, 21.92445 ], [ -159.64148, 21.92452 ], [ -159.6418, 21.92462 ], [ -159.64233, 21.9248 ], [ -159.64249, 21.92489 ], [ -159.64268, 21.92501 ], [ -159.64288, 21.92527 ], [ -159.64297, 21.9254 ], [ -159.64306, 21.92568 ], [ -159.64316, 21.92622 ], [ -159.64324, 21.92638 ], [ -159.64341, 21.92659 ], [ -159.64359, 21.92677 ], [ -159.64411, 21.92703 ], [ -159.64436, 21.9272 ], [ -159.64455, 21.92738 ], [ -159.6449, 21.92785 ], [ -159.64502, 21.92824 ], [ -159.64507, 21.92867 ], [ -159.64506, 21.92907 ], [ -159.64515, 21.92931 ], [ -159.6452, 21.92948 ], [ -159.64525, 21.92969 ], [ -159.64529, 21.92979 ], [ -159.64537, 21.92985 ], [ -159.6454, 21.93001 ], [ -159.64543, 21.93019 ], [ -159.6455, 21.93032 ], [ -159.64564, 21.93047 ], [ -159.64576, 21.93056 ], [ -159.64601, 21.93088 ], [ -159.64621, 21.93103 ], [ -159.64637, 21.9311 ], [ -159.6469, 21.93122 ], [ -159.64732, 21.93125 ], [ -159.64761, 21.93132 ], [ -159.64813, 21.93135 ], [ -159.64849, 21.9314 ], [ -159.64861, 21.93144 ], [ -159.64878, 21.93163 ], [ -159.64885, 21.93198 ], [ -159.64902, 21.93219 ], [ -159.64908, 21.93232 ], [ -159.64912, 21.93272 ], [ -159.64927, 21.93292 ], [ -159.64945, 21.93328 ], [ -159.64955, 21.93346 ], [ -159.64962, 21.93367 ], [ -159.64961, 21.93389 ], [ -159.64964, 21.93402 ], [ -159.64991, 21.93434 ], [ -159.65, 21.93453 ], [ -159.65006, 21.93476 ], [ -159.65004, 21.9349 ], [ -159.64996, 21.93505 ], [ -159.64989, 21.93513 ], [ -159.64973, 21.93546 ], [ -159.64968, 21.93564 ], [ -159.64973, 21.93572 ], [ -159.64986, 21.9359 ], [ -159.64982, 21.93611 ], [ -159.64964, 21.93659 ], [ -159.64959, 21.9369 ], [ -159.64952, 21.93717 ], [ -159.64936, 21.93793 ], [ -159.64933, 21.93848 ], [ -159.64933, 21.93856 ], [ -159.64932, 21.93873 ], [ -159.64947, 21.9389 ], [ -159.64975, 21.93905 ], [ -159.64991, 21.93919 ], [ -159.6502, 21.93963 ], [ -159.65048, 21.93987 ], [ -159.65068, 21.93999 ], [ -159.65087, 21.94025 ], [ -159.65105, 21.94043 ], [ -159.65132, 21.9406 ], [ -159.65174, 21.94097 ], [ -159.65198, 21.9411 ], [ -159.65232, 21.94119 ], [ -159.65256, 21.9413 ], [ -159.65278, 21.94138 ], [ -159.65316, 21.94142 ], [ -159.6534, 21.94141 ], [ -159.65354, 21.94139 ], [ -159.65367, 21.94139 ], [ -159.65391, 21.94135 ], [ -159.65443, 21.94135 ], [ -159.65486, 21.94134 ], [ -159.65527, 21.94143 ], [ -159.65558, 21.94145 ], [ -159.65617, 21.94159 ], [ -159.65652, 21.94168 ], [ -159.65707, 21.94191 ], [ -159.65768, 21.94221 ], [ -159.65772, 21.94225 ], [ -159.65809, 21.94238 ], [ -159.65844, 21.94241 ], [ -159.65879, 21.94244 ], [ -159.65902, 21.94244 ], [ -159.65924, 21.94248 ], [ -159.65946, 21.94251 ], [ -159.65977, 21.94247 ], [ -159.65995, 21.9425 ], [ -159.66023, 21.94249 ], [ -159.66045, 21.94253 ], [ -159.66088, 21.94278 ], [ -159.66109, 21.943 ], [ -159.66111, 21.94304 ], [ -159.66121, 21.94315 ], [ -159.66125, 21.94328 ], [ -159.66127, 21.94365 ], [ -159.66119, 21.94399 ], [ -159.6612, 21.94416 ], [ -159.66134, 21.94459 ], [ -159.66144, 21.94526 ], [ -159.6615, 21.94544 ], [ -159.66161, 21.94561 ], [ -159.66191, 21.94612 ], [ -159.66208, 21.9463 ], [ -159.66224, 21.9465 ], [ -159.66243, 21.94668 ], [ -159.66278, 21.94689 ], [ -159.66299, 21.94709 ], [ -159.66344, 21.94717 ], [ -159.66349, 21.94721 ], [ -159.66345, 21.94736 ], [ -159.66363, 21.94746 ], [ -159.66387, 21.94766 ], [ -159.66392, 21.94771 ], [ -159.66417, 21.94801 ], [ -159.66429, 21.94821 ], [ -159.66455, 21.94844 ], [ -159.66465, 21.94847 ], [ -159.66471, 21.94844 ], [ -159.66482, 21.94843 ], [ -159.66485, 21.94849 ], [ -159.66481, 21.94861 ], [ -159.66478, 21.94869 ], [ -159.66489, 21.94873 ], [ -159.66507, 21.94865 ], [ -159.66514, 21.9487 ], [ -159.66518, 21.94888 ], [ -159.66525, 21.94897 ], [ -159.66541, 21.94904 ], [ -159.66551, 21.94912 ], [ -159.66561, 21.94933 ], [ -159.66564, 21.94946 ], [ -159.6656, 21.94971 ], [ -159.66561, 21.94978 ], [ -159.66574, 21.94984 ], [ -159.6658, 21.94991 ], [ -159.66579, 21.95035 ], [ -159.66581, 21.95047 ], [ -159.6659, 21.95081 ], [ -159.66587, 21.95088 ], [ -159.66585, 21.95117 ], [ -159.6658, 21.95127 ], [ -159.66586, 21.95177 ], [ -159.66597, 21.95179 ], [ -159.66616, 21.95188 ], [ -159.66654, 21.95218 ], [ -159.66663, 21.95228 ], [ -159.66689, 21.95253 ], [ -159.66724, 21.95277 ], [ -159.66769, 21.95299 ], [ -159.66781, 21.95308 ], [ -159.66835, 21.95338 ], [ -159.66861, 21.95356 ], [ -159.66885, 21.9537 ], [ -159.66908, 21.9538 ], [ -159.66921, 21.95388 ], [ -159.66935, 21.95392 ], [ -159.66995, 21.95413 ], [ -159.67034, 21.9543 ], [ -159.67049, 21.95439 ], [ -159.67059, 21.95372 ], [ -159.67067, 21.95374 ], [ -159.67062, 21.95444 ], [ -159.67088, 21.95455 ], [ -159.67107, 21.95465 ], [ -159.67126, 21.9547 ], [ -159.67147, 21.95479 ], [ -159.67279, 21.95514 ], [ -159.67315, 21.95529 ], [ -159.67397, 21.95553 ], [ -159.67472, 21.95572 ], [ -159.67499, 21.95581 ], [ -159.67522, 21.95586 ], [ -159.67551, 21.95597 ], [ -159.67567, 21.956 ], [ -159.67659, 21.9563 ], [ -159.67683, 21.95641 ], [ -159.67758, 21.95668 ], [ -159.67866, 21.95687 ], [ -159.67891, 21.95691 ], [ -159.67933, 21.95702 ], [ -159.67954, 21.95706 ], [ -159.68017, 21.9572 ], [ -159.68069, 21.95736 ], [ -159.68085, 21.9574 ], [ -159.68123, 21.9575 ], [ -159.68166, 21.95759 ], [ -159.68306, 21.95773 ], [ -159.68339, 21.95777 ], [ -159.68359, 21.95777 ], [ -159.68418, 21.95783 ], [ -159.6847, 21.95783 ], [ -159.68632, 21.95795 ], [ -159.68752, 21.95806 ], [ -159.68851, 21.95827 ], [ -159.68903, 21.95835 ], [ -159.68973, 21.95852 ], [ -159.69045, 21.95855 ], [ -159.69075, 21.9581 ], [ -159.69083, 21.95804 ], [ -159.69095, 21.958 ], [ -159.69116, 21.95802 ], [ -159.69102, 21.95824 ], [ -159.69095, 21.95848 ], [ -159.69098, 21.95872 ], [ -159.69109, 21.95892 ], [ -159.69138, 21.95913 ], [ -159.69172, 21.95929 ], [ -159.69227, 21.95943 ], [ -159.69266, 21.95948 ], [ -159.69283, 21.9595 ], [ -159.69295, 21.95951 ], [ -159.69322, 21.95953 ], [ -159.69358, 21.95951 ], [ -159.69374, 21.95948 ], [ -159.69405, 21.95952 ], [ -159.69435, 21.95955 ], [ -159.69451, 21.95951 ], [ -159.69494, 21.95946 ], [ -159.6952, 21.95949 ], [ -159.69551, 21.95954 ], [ -159.69557, 21.95958 ], [ -159.69623, 21.9598 ], [ -159.69635, 21.95982 ], [ -159.69666, 21.95986 ], [ -159.69712, 21.95988 ], [ -159.69762, 21.95979 ], [ -159.69788, 21.95978 ], [ -159.6981, 21.95983 ], [ -159.69854, 21.95987 ], [ -159.69876, 21.95984 ], [ -159.69925, 21.9599 ], [ -159.69955, 21.95999 ], [ -159.69998, 21.96008 ], [ -159.70047, 21.96014 ], [ -159.70092, 21.96021 ], [ -159.70119, 21.96021 ], [ -159.70148, 21.96028 ], [ -159.70171, 21.9603 ], [ -159.70234, 21.96038 ], [ -159.70258, 21.96038 ], [ -159.70359, 21.96033 ], [ -159.70459, 21.96025 ], [ -159.70487, 21.96025 ], [ -159.70508, 21.96029 ], [ -159.70554, 21.96043 ], [ -159.70615, 21.96064 ], [ -159.70634, 21.96067 ], [ -159.70663, 21.96074 ], [ -159.70739, 21.9611 ], [ -159.70766, 21.96126 ], [ -159.70842, 21.96163 ], [ -159.70878, 21.9619 ], [ -159.7092, 21.96214 ], [ -159.70929, 21.96222 ], [ -159.70963, 21.96239 ], [ -159.71, 21.96251 ], [ -159.71022, 21.9626 ], [ -159.71076, 21.96291 ], [ -159.71092, 21.96312 ], [ -159.71102, 21.96318 ], [ -159.71119, 21.96336 ], [ -159.71133, 21.96367 ], [ -159.7114, 21.96406 ], [ -159.71147, 21.96415 ], [ -159.71173, 21.9644 ], [ -159.71209, 21.96454 ], [ -159.71226, 21.96466 ], [ -159.71248, 21.96496 ], [ -159.7126, 21.96504 ], [ -159.71268, 21.96508 ], [ -159.71279, 21.9652 ], [ -159.7129, 21.96528 ], [ -159.71355, 21.96587 ], [ -159.71419, 21.96644 ], [ -159.71463, 21.96675 ], [ -159.71545, 21.9672 ], [ -159.71566, 21.96727 ], [ -159.71592, 21.96733 ], [ -159.71609, 21.9674 ], [ -159.71648, 21.96749 ], [ -159.71696, 21.96764 ], [ -159.71738, 21.9677 ], [ -159.71773, 21.9678 ], [ -159.71838, 21.96793 ], [ -159.71871, 21.96799 ], [ -159.71914, 21.96807 ], [ -159.71936, 21.96814 ], [ -159.71984, 21.96826 ], [ -159.72023, 21.96835 ], [ -159.7206, 21.96848 ], [ -159.72124, 21.96864 ], [ -159.72135, 21.96869 ], [ -159.72172, 21.96881 ], [ -159.72188, 21.96887 ], [ -159.72205, 21.96891 ], [ -159.72282, 21.96917 ], [ -159.72335, 21.9693 ], [ -159.72371, 21.96943 ], [ -159.72523, 21.96982 ], [ -159.72543, 21.96986 ], [ -159.72556, 21.9699 ], [ -159.72611, 21.96999 ], [ -159.72622, 21.97003 ], [ -159.72669, 21.97011 ], [ -159.72707, 21.97022 ], [ -159.72751, 21.97031 ], [ -159.72786, 21.97041 ], [ -159.72862, 21.97166 ], [ -159.7342, 21.97918 ], [ -159.73926, 21.98552 ], [ -159.74371, 21.99034 ], [ -159.74921, 21.99414 ], [ -159.75384, 21.99775 ], [ -159.75973, 22.00315 ], [ -159.76461, 22.00845 ], [ -159.77089, 22.01577 ], [ -159.77451, 22.02098 ], [ -159.77666, 22.02485 ], [ -159.77817, 22.02781 ], [ -159.7799, 22.03064 ], [ -159.78313, 22.03614 ], [ -159.78468, 22.03891 ], [ -159.78567, 22.04124 ], [ -159.78575, 22.04143 ], [ -159.78582, 22.04198 ], [ -159.78581, 22.04223 ], [ -159.78572, 22.04264 ], [ -159.78542, 22.04353 ], [ -159.78535, 22.04368 ], [ -159.78511, 22.04438 ], [ -159.78494, 22.04471 ], [ -159.78486, 22.04491 ], [ -159.78479, 22.0452 ], [ -159.78467, 22.04553 ], [ -159.78451, 22.04575 ], [ -159.78439, 22.04611 ], [ -159.78423, 22.04648 ], [ -159.78406, 22.04701 ], [ -159.78402, 22.04725 ], [ -159.78385, 22.04785 ], [ -159.78385, 22.04803 ], [ -159.78386, 22.04851 ], [ -159.78397, 22.04895 ], [ -159.78433, 22.04944 ], [ -159.78442, 22.04953 ], [ -159.78448, 22.04962 ], [ -159.78465, 22.05001 ], [ -159.78479, 22.0505 ], [ -159.7848, 22.05075 ], [ -159.78473, 22.05112 ], [ -159.78468, 22.05128 ], [ -159.78458, 22.05157 ], [ -159.78457, 22.05183 ], [ -159.78457, 22.05222 ], [ -159.78449, 22.05257 ], [ -159.78429, 22.05295 ], [ -159.78423, 22.0532 ], [ -159.78423, 22.05348 ], [ -159.78418, 22.05376 ], [ -159.78411, 22.05389 ], [ -159.78398, 22.05418 ], [ -159.7839, 22.05457 ], [ -159.78381, 22.05522 ], [ -159.78376, 22.05562 ], [ -159.78368, 22.05599 ], [ -159.7836, 22.05626 ], [ -159.78331, 22.05687 ], [ -159.78317, 22.05709 ], [ -159.78308, 22.05735 ], [ -159.78305, 22.05789 ], [ -159.78301, 22.05807 ], [ -159.78305, 22.05842 ], [ -159.78296, 22.05874 ], [ -159.78303, 22.05886 ], [ -159.78321, 22.05907 ], [ -159.7833, 22.05927 ], [ -159.78336, 22.05954 ], [ -159.78342, 22.05966 ], [ -159.78347, 22.05983 ], [ -159.78348, 22.06005 ], [ -159.78353, 22.06022 ], [ -159.78366, 22.0605 ], [ -159.78373, 22.06075 ], [ -159.78374, 22.06105 ], [ -159.78373, 22.06132 ], [ -159.78381, 22.06165 ], [ -159.78408, 22.06229 ], [ -159.78417, 22.06298 ], [ -159.78414, 22.06378 ], [ -159.78404, 22.06412 ], [ -159.78366, 22.06507 ], [ -159.78338, 22.06546 ], [ -159.78306, 22.06581 ], [ -159.78225, 22.06657 ], [ -159.78193, 22.0668 ], [ -159.78143, 22.06709 ], [ -159.78111, 22.06725 ], [ -159.78094, 22.06748 ], [ -159.78042, 22.06806 ], [ -159.78017, 22.06827 ], [ -159.77952, 22.06902 ], [ -159.77909, 22.06931 ], [ -159.77866, 22.06945 ], [ -159.77816, 22.06958 ], [ -159.77763, 22.06963 ], [ -159.77726, 22.06964 ], [ -159.77664, 22.06984 ], [ -159.77627, 22.07005 ], [ -159.77576, 22.07044 ], [ -159.77512, 22.071 ], [ -159.77471, 22.07129 ], [ -159.77375, 22.07194 ], [ -159.77324, 22.07231 ], [ -159.77284, 22.07258 ], [ -159.77201, 22.07326 ], [ -159.77151, 22.07378 ], [ -159.7705, 22.07469 ], [ -159.76967, 22.07532 ], [ -159.76939, 22.07559 ], [ -159.76905, 22.07607 ], [ -159.76872, 22.0766 ], [ -159.7684, 22.07707 ], [ -159.76795, 22.07765 ], [ -159.76727, 22.0784 ], [ -159.76699, 22.0787 ], [ -159.76636, 22.07922 ], [ -159.766, 22.07962 ], [ -159.76571, 22.07996 ], [ -159.76516, 22.08053 ], [ -159.76457, 22.08104 ], [ -159.76423, 22.08136 ], [ -159.76391, 22.08158 ], [ -159.76326, 22.08197 ], [ -159.76216, 22.0828 ], [ -159.76172, 22.08319 ], [ -159.76161, 22.08331 ], [ -159.76065, 22.07932 ] ] ] ] } },
{ "type": "Feature", "properties": { "objectid": 90, "solar_cal": "450-500", "st_areasha": 9098712.9467358366, "st_perimet": 19752.986584213806 }, "geometry": { "type": "MultiPolygon", "coordinates": [ [ [ [ -159.29603, 22.14809 ], [ -159.29586, 22.14798 ], [ -159.29578, 22.14779 ], [ -159.29561, 22.14766 ], [ -159.29557, 22.14759 ], [ -159.29557, 22.1475 ], [ -159.29538, 22.14729 ], [ -159.29528, 22.14701 ], [ -159.29497, 22.14663 ], [ -159.29491, 22.14647 ], [ -159.29489, 22.14596 ], [ -159.29487, 22.14576 ], [ -159.29482, 22.14564 ], [ -159.29466, 22.14549 ], [ -159.29437, 22.14527 ], [ -159.29438, 22.14515 ], [ -159.29438, 22.14496 ], [ -159.29434, 22.14483 ], [ -159.29417, 22.1446 ], [ -159.29419, 22.14416 ], [ -159.2941, 22.14386 ], [ -159.29393, 22.14359 ], [ -159.29376, 22.14336 ], [ -159.29362, 22.14327 ], [ -159.29341, 22.14326 ], [ -159.29327, 22.14334 ], [ -159.2932, 22.14335 ], [ -159.29316, 22.1433 ], [ -159.29316, 22.1432 ], [ -159.29323, 22.14312 ], [ -159.2933, 22.14308 ], [ -159.29356, 22.14308 ], [ -159.29365, 22.14304 ], [ -159.29369, 22.14285 ], [ -159.29373, 22.14249 ], [ -159.29362, 22.14234 ], [ -159.2936, 22.14226 ], [ -159.29361, 22.14217 ], [ -159.29365, 22.14206 ], [ -159.29358, 22.14189 ], [ -159.29343, 22.14169 ], [ -159.29339, 22.1416 ], [ -159.29311, 22.14138 ], [ -159.29308, 22.14132 ], [ -159.2931, 22.14121 ], [ -159.29327, 22.14091 ], [ -159.29339, 22.14028 ], [ -159.29338, 22.14012 ], [ -159.29319, 22.13972 ], [ -159.29316, 22.13962 ], [ -159.29325, 22.13948 ], [ -159.29332, 22.13892 ], [ -159.29329, 22.13878 ], [ -159.29314, 22.13848 ], [ -159.293, 22.13831 ], [ -159.29305, 22.13825 ], [ -159.2933, 22.13818 ], [ -159.29351, 22.13809 ], [ -159.29364, 22.13795 ], [ -159.29383, 22.13767 ], [ -159.29393, 22.13756 ], [ -159.29402, 22.13734 ], [ -159.29406, 22.13716 ], [ -159.2942, 22.13698 ], [ -159.29426, 22.13677 ], [ -159.29425, 22.13653 ], [ -159.29417, 22.13638 ], [ -159.2941, 22.13625 ], [ -159.2941, 22.1359 ], [ -159.29415, 22.13563 ], [ -159.2942, 22.13547 ], [ -159.2942, 22.13536 ], [ -159.29417, 22.13525 ], [ -159.29412, 22.13521 ], [ -159.29402, 22.13518 ], [ -159.29396, 22.13511 ], [ -159.29394, 22.13482 ], [ -159.29381, 22.13476 ], [ -159.2938, 22.13465 ], [ -159.29374, 22.13462 ], [ -159.29361, 22.13463 ], [ -159.2934, 22.13439 ], [ -159.29329, 22.13431 ], [ -159.29348, 22.1342 ], [ -159.29357, 22.13408 ], [ -159.29362, 22.134 ], [ -159.29371, 22.13398 ], [ -159.29394, 22.13403 ], [ -159.29432, 22.13393 ], [ -159.29442, 22.13382 ], [ -159.29452, 22.13375 ], [ -159.2946, 22.13374 ], [ -159.2948, 22.1335 ], [ -159.29486, 22.13333 ], [ -159.29486, 22.13312 ], [ -159.29479, 22.13301 ], [ -159.29481, 22.13281 ], [ -159.29475, 22.13267 ], [ -159.29457, 22.13249 ], [ -159.29437, 22.13228 ], [ -159.29437, 22.13221 ], [ -159.29437, 22.13213 ], [ -159.29448, 22.132 ], [ -159.29448, 22.13184 ], [ -159.29441, 22.13175 ], [ -159.29443, 22.13161 ], [ -159.2946, 22.13111 ], [ -159.29459, 22.13103 ], [ -159.29445, 22.13071 ], [ -159.29447, 22.1306 ], [ -159.29452, 22.13049 ], [ -159.2945, 22.13027 ], [ -159.29449, 22.13015 ], [ -159.29452, 22.12998 ], [ -159.29448, 22.12982 ], [ -159.29437, 22.12962 ], [ -159.29427, 22.12953 ], [ -159.29401, 22.12949 ], [ -159.29388, 22.12953 ], [ -159.29359, 22.12969 ], [ -159.29335, 22.12973 ], [ -159.29321, 22.12967 ], [ -159.29316, 22.12962 ], [ -159.29313, 22.12951 ], [ -159.29298, 22.12941 ], [ -159.29296, 22.12926 ], [ -159.29299, 22.12911 ], [ -159.29288, 22.12879 ], [ -159.29283, 22.12864 ], [ -159.29271, 22.12854 ], [ -159.29267, 22.12848 ], [ -159.29275, 22.12823 ], [ -159.29266, 22.1282 ], [ -159.29251, 22.1281 ], [ -159.29247, 22.12795 ], [ -159.2925, 22.12784 ], [ -159.29254, 22.1278 ], [ -159.29255, 22.1277 ], [ -159.29248, 22.12756 ], [ -159.29242, 22.12736 ], [ -159.29247, 22.12721 ], [ -159.2926, 22.12704 ], [ -159.29272, 22.12697 ], [ -159.29278, 22.12687 ], [ -159.29284, 22.12658 ], [ -159.2928, 22.12641 ], [ -159.29272, 22.12618 ], [ -159.2927, 22.12606 ], [ -159.29274, 22.12598 ], [ -159.29283, 22.12589 ], [ -159.29283, 22.1258 ], [ -159.29281, 22.12575 ], [ -159.29291, 22.12562 ], [ -159.29295, 22.12545 ], [ -159.29283, 22.1252 ], [ -159.29286, 22.12512 ], [ -159.29296, 22.12502 ], [ -159.29298, 22.12494 ], [ -159.29294, 22.12482 ], [ -159.29296, 22.12476 ], [ -159.29304, 22.12467 ], [ -159.29318, 22.12464 ], [ -159.29349, 22.12465 ], [ -159.29358, 22.12467 ], [ -159.29385, 22.12456 ], [ -159.29394, 22.1244 ], [ -159.29396, 22.12422 ], [ -159.29407, 22.12399 ], [ -159.2941, 22.12379 ], [ -159.29405, 22.12356 ], [ -159.29392, 22.12325 ], [ -159.29381, 22.12311 ], [ -159.29361, 22.12301 ], [ -159.29352, 22.12293 ], [ -159.29333, 22.12288 ], [ -159.29323, 22.12296 ], [ -159.29311, 22.12301 ], [ -159.29301, 22.123 ], [ -159.29303, 22.12283 ], [ -159.29321, 22.12247 ], [ -159.29323, 22.12223 ], [ -159.29326, 22.12219 ], [ -159.29355, 22.12211 ], [ -159.29391, 22.12208 ], [ -159.29406, 22.12225 ], [ -159.2942, 22.1224 ], [ -159.29445, 22.1225 ], [ -159.29478, 22.12248 ], [ -159.29523, 22.1223 ], [ -159.29555, 22.12207 ], [ -159.2958, 22.12175 ], [ -159.29588, 22.12162 ], [ -159.2959, 22.12131 ], [ -159.29582, 22.12112 ], [ -159.2958, 22.1209 ], [ -159.29567, 22.1206 ], [ -159.29559, 22.12051 ], [ -159.29527, 22.12055 ], [ -159.29502, 22.12044 ], [ -159.29466, 22.12037 ], [ -159.29457, 22.12029 ], [ -159.2945, 22.12019 ], [ -159.29431, 22.12004 ], [ -159.29423, 22.11995 ], [ -159.2942, 22.11989 ], [ -159.29441, 22.11955 ], [ -159.2946, 22.11936 ], [ -159.29473, 22.11929 ], [ -159.29493, 22.11929 ], [ -159.29517, 22.1194 ], [ -159.29532, 22.1194 ], [ -159.29538, 22.11934 ], [ -159.29552, 22.11907 ], [ -159.29562, 22.1189 ], [ -159.29557, 22.1188 ], [ -159.29547, 22.11874 ], [ -159.29528, 22.11853 ], [ -159.29525, 22.1184 ], [ -159.29525, 22.11815 ], [ -159.2953, 22.11772 ], [ -159.29529, 22.11764 ], [ -159.29535, 22.11745 ], [ -159.29547, 22.11733 ], [ -159.29558, 22.11722 ], [ -159.29575, 22.11693 ], [ -159.29584, 22.11669 ], [ -159.29596, 22.11655 ], [ -159.29612, 22.11642 ], [ -159.29633, 22.11633 ], [ -159.29638, 22.11633 ], [ -159.29645, 22.11621 ], [ -159.29661, 22.11558 ], [ -159.29671, 22.11507 ], [ -159.2967, 22.11483 ], [ -159.29667, 22.11469 ], [ -159.29663, 22.11437 ], [ -159.29658, 22.11406 ], [ -159.29652, 22.1137 ], [ -159.29651, 22.1136 ], [ -159.29652, 22.11342 ], [ -159.29644, 22.11317 ], [ -159.29628, 22.11267 ], [ -159.29607, 22.11227 ], [ -159.29596, 22.1122 ], [ -159.29566, 22.11217 ], [ -159.29558, 22.1121 ], [ -159.2954, 22.11182 ], [ -159.29516, 22.11144 ], [ -159.29489, 22.11123 ], [ -159.29468, 22.111 ], [ -159.29462, 22.11088 ], [ -159.29458, 22.1107 ], [ -159.2946, 22.1105 ], [ -159.2946, 22.1104 ], [ -159.29467, 22.11019 ], [ -159.29477, 22.11014 ], [ -159.29507, 22.10979 ], [ -159.29517, 22.10963 ], [ -159.29543, 22.10899 ], [ -159.29563, 22.10863 ], [ -159.29568, 22.10838 ], [ -159.29578, 22.10807 ], [ -159.29582, 22.10802 ], [ -159.29592, 22.10795 ], [ -159.29615, 22.10786 ], [ -159.29651, 22.10764 ], [ -159.29662, 22.10753 ], [ -159.29689, 22.10701 ], [ -159.29685, 22.10691 ], [ -159.29649, 22.10686 ], [ -159.29638, 22.10679 ], [ -159.29643, 22.10667 ], [ -159.29652, 22.10657 ], [ -159.29654, 22.10642 ], [ -159.2965, 22.10627 ], [ -159.29638, 22.10609 ], [ -159.29634, 22.10592 ], [ -159.29639, 22.10584 ], [ -159.29645, 22.10561 ], [ -159.29654, 22.10534 ], [ -159.29662, 22.10511 ], [ -159.29664, 22.10496 ], [ -159.29666, 22.10486 ], [ -159.2969, 22.10471 ], [ -159.29708, 22.10463 ], [ -159.29719, 22.1046 ], [ -159.29723, 22.10457 ], [ -159.29732, 22.10422 ], [ -159.29733, 22.10408 ], [ -159.29742, 22.10387 ], [ -159.29748, 22.10379 ], [ -159.29754, 22.1036 ], [ -159.29777, 22.10329 ], [ -159.29794, 22.10316 ], [ -159.29799, 22.10308 ], [ -159.29822, 22.1029 ], [ -159.29837, 22.10273 ], [ -159.29845, 22.10267 ], [ -159.29856, 22.10253 ], [ -159.2987, 22.10242 ], [ -159.29898, 22.10227 ], [ -159.29907, 22.1022 ], [ -159.29963, 22.10195 ], [ -159.30001, 22.10163 ], [ -159.30041, 22.10125 ], [ -159.30073, 22.10103 ], [ -159.30092, 22.10093 ], [ -159.30114, 22.10082 ], [ -159.30135, 22.10067 ], [ -159.30144, 22.1006 ], [ -159.30155, 22.10036 ], [ -159.30167, 22.10018 ], [ -159.30173, 22.10008 ], [ -159.3019, 22.0999 ], [ -159.30193, 22.09983 ], [ -159.3019, 22.09953 ], [ -159.30183, 22.09911 ], [ -159.30183, 22.09876 ], [ -159.30193, 22.09857 ], [ -159.30205, 22.0985 ], [ -159.30213, 22.09852 ], [ -159.30219, 22.09859 ], [ -159.30206, 22.09873 ], [ -159.30203, 22.0988 ], [ -159.30202, 22.09895 ], [ -159.30207, 22.0993 ], [ -159.30214, 22.09959 ], [ -159.30219, 22.09969 ], [ -159.30226, 22.09976 ], [ -159.30237, 22.0998 ], [ -159.30246, 22.0998 ], [ -159.3026, 22.09972 ], [ -159.30274, 22.09964 ], [ -159.30286, 22.09962 ], [ -159.30293, 22.09959 ], [ -159.30299, 22.09952 ], [ -159.30329, 22.09937 ], [ -159.30346, 22.09925 ], [ -159.30384, 22.09905 ], [ -159.30427, 22.0987 ], [ -159.30456, 22.09829 ], [ -159.30478, 22.09812 ], [ -159.30491, 22.09786 ], [ -159.30496, 22.09767 ], [ -159.30515, 22.09709 ], [ -159.30534, 22.09638 ], [ -159.30546, 22.096 ], [ -159.30546, 22.09593 ], [ -159.30553, 22.09581 ], [ -159.3056, 22.09571 ], [ -159.30577, 22.09505 ], [ -159.30584, 22.09475 ], [ -159.30602, 22.09411 ], [ -159.30611, 22.09392 ], [ -159.30622, 22.09381 ], [ -159.30634, 22.09376 ], [ -159.30641, 22.09327 ], [ -159.30636, 22.09323 ], [ -159.30635, 22.09308 ], [ -159.30637, 22.09284 ], [ -159.30629, 22.09218 ], [ -159.30631, 22.09188 ], [ -159.30633, 22.09147 ], [ -159.30629, 22.09133 ], [ -159.30621, 22.09116 ], [ -159.30588, 22.09072 ], [ -159.30574, 22.09061 ], [ -159.30545, 22.09052 ], [ -159.30523, 22.0905 ], [ -159.30499, 22.09046 ], [ -159.30484, 22.09041 ], [ -159.30464, 22.09029 ], [ -159.30461, 22.0902 ], [ -159.30474, 22.09001 ], [ -159.30497, 22.08986 ], [ -159.30501, 22.08979 ], [ -159.30502, 22.0897 ], [ -159.30519, 22.08956 ], [ -159.30549, 22.08944 ], [ -159.30555, 22.08936 ], [ -159.30567, 22.08927 ], [ -159.30576, 22.08917 ], [ -159.30587, 22.0891 ], [ -159.30601, 22.08878 ], [ -159.30617, 22.08836 ], [ -159.30623, 22.08824 ], [ -159.30659, 22.08807 ], [ -159.30683, 22.08801 ], [ -159.30724, 22.08781 ], [ -159.30787, 22.0874 ], [ -159.30808, 22.08711 ], [ -159.30824, 22.08684 ], [ -159.30834, 22.08665 ], [ -159.30837, 22.0866 ], [ -159.30837, 22.08654 ], [ -159.30838, 22.08644 ], [ -159.30837, 22.08622 ], [ -159.30831, 22.08609 ], [ -159.30798, 22.08603 ], [ -159.30784, 22.08595 ], [ -159.30776, 22.0859 ], [ -159.30756, 22.08586 ], [ -159.3075, 22.08576 ], [ -159.30752, 22.08571 ], [ -159.30766, 22.08554 ], [ -159.30791, 22.08546 ], [ -159.30802, 22.08549 ], [ -159.30829, 22.08559 ], [ -159.30854, 22.08558 ], [ -159.30902, 22.08529 ], [ -159.30909, 22.0852 ], [ -159.30918, 22.08499 ], [ -159.30924, 22.08476 ], [ -159.30928, 22.08469 ], [ -159.30937, 22.08459 ], [ -159.30963, 22.08443 ], [ -159.30985, 22.08433 ], [ -159.31002, 22.0842 ], [ -159.31013, 22.08402 ], [ -159.3103, 22.08383 ], [ -159.31044, 22.08368 ], [ -159.31064, 22.08342 ], [ -159.31085, 22.08332 ], [ -159.31099, 22.08326 ], [ -159.31145, 22.08291 ], [ -159.31156, 22.08276 ], [ -159.31162, 22.08269 ], [ -159.31167, 22.08251 ], [ -159.31174, 22.08225 ], [ -159.31194, 22.0817 ], [ -159.31204, 22.08157 ], [ -159.3123, 22.08097 ], [ -159.31237, 22.08085 ], [ -159.31246, 22.08072 ], [ -159.31249, 22.08065 ], [ -159.31264, 22.0804 ], [ -159.31272, 22.08018 ], [ -159.31279, 22.08009 ], [ -159.31291, 22.07986 ], [ -159.31324, 22.07938 ], [ -159.3134, 22.07907 ], [ -159.31359, 22.07879 ], [ -159.31376, 22.0786 ], [ -159.31388, 22.07844 ], [ -159.31394, 22.07839 ], [ -159.31399, 22.07829 ], [ -159.31417, 22.07803 ], [ -159.31432, 22.07783 ], [ -159.31437, 22.07779 ], [ -159.31443, 22.0777 ], [ -159.31467, 22.07749 ], [ -159.31483, 22.07735 ], [ -159.31493, 22.07725 ], [ -159.31516, 22.07703 ], [ -159.31528, 22.07688 ], [ -159.31534, 22.07682 ], [ -159.31557, 22.07739 ], [ -159.31588, 22.08081 ], [ -159.3168, 22.08622 ], [ -159.31732, 22.09139 ], [ -159.31642, 22.0952 ], [ -159.31562, 22.10008 ], [ -159.31485, 22.10448 ], [ -159.31356, 22.10984 ], [ -159.31181, 22.11505 ], [ -159.30944, 22.12045 ], [ -159.30636, 22.12568 ], [ -159.30402, 22.13007 ], [ -159.30287, 22.1343 ], [ -159.30221, 22.13996 ], [ -159.30207, 22.14498 ], [ -159.30211, 22.14657 ], [ -159.30199, 22.14653 ], [ -159.30134, 22.14643 ], [ -159.30077, 22.14624 ], [ -159.30072, 22.14621 ], [ -159.30036, 22.14613 ], [ -159.30002, 22.14612 ], [ -159.29974, 22.14617 ], [ -159.29914, 22.14619 ], [ -159.29841, 22.14625 ], [ -159.29808, 22.14623 ], [ -159.29791, 22.14626 ], [ -159.29782, 22.14633 ], [ -159.29781, 22.1465 ], [ -159.29776, 22.14675 ], [ -159.29758, 22.14705 ], [ -159.29737, 22.14735 ], [ -159.2972, 22.14764 ], [ -159.29705, 22.14785 ], [ -159.29687, 22.14798 ], [ -159.29676, 22.14798 ], [ -159.29659, 22.14796 ], [ -159.2963, 22.14805 ], [ -159.2962, 22.14809 ], [ -159.29603, 22.14809 ] ] ] ] } }
]
}
