{
"type": "FeatureCollection",
"name": "Solar_Insolation_400-450",
"crs": { "type": "name", "properties": { "name": "urn:ogc:def:crs:OGC:1.3:CRS84" } },
"xy_coordinate_resolution": 1e-05,
"features": [
{ "type": "Feature", "properties": { "objectid": 1, "solar_cal": "400-450", "st_areasha": 306.31794582565857, "st_perimet": 90.64705849721831 }, "geometry": { "type": "MultiPolygon", "coordinates": [ [ [ [ -155.55327, 19.06945 ], [ -155.55328, 19.06939 ], [ -155.55333, 19.06936 ], [ -155.55355, 19.06941 ], [ -155.55363, 19.06941 ], [ -155.55329, 19.06952 ], [ -155.55327, 19.06945 ] ] ] ] } },
{ "type": "Feature", "properties": { "objectid": 20, "solar_cal": "400-450", "st_areasha": 47533635.768205933, "st_perimet": 65086.453458180418 }, "geometry": { "type": "MultiPolygon", "coordinates": [ [ [ [ -155.24457, 19.99437 ], [ -155.2442, 19.99429 ], [ -155.24396, 19.99429 ], [ -155.24368, 19.99422 ], [ -155.24351, 19.99413 ], [ -155.24346, 19.99404 ], [ -155.24328, 19.99402 ], [ -155.24318, 19.99398 ], [ -155.24312, 19.99383 ], [ -155.24308, 19.99381 ], [ -155.2428, 19.99384 ], [ -155.24271, 19.99381 ], [ -155.24257, 19.9936 ], [ -155.24251, 19.99357 ], [ -155.24233, 19.99364 ], [ -155.24215, 19.99381 ], [ -155.2421, 19.99386 ], [ -155.24204, 19.99381 ], [ -155.24195, 19.99367 ], [ -155.24185, 19.99361 ], [ -155.24177, 19.99361 ], [ -155.2416, 19.99373 ], [ -155.24153, 19.99382 ], [ -155.24137, 19.9939 ], [ -155.24121, 19.99389 ], [ -155.24102, 19.99402 ], [ -155.24074, 19.9939 ], [ -155.24067, 19.99389 ], [ -155.24065, 19.99388 ], [ -155.24052, 19.99382 ], [ -155.24043, 19.99381 ], [ -155.24028, 19.9939 ], [ -155.24019, 19.99399 ], [ -155.24017, 19.99399 ], [ -155.2401, 19.9939 ], [ -155.24002, 19.99387 ], [ -155.2399, 19.9939 ], [ -155.23979, 19.99395 ], [ -155.23973, 19.99393 ], [ -155.23972, 19.99387 ], [ -155.23978, 19.99371 ], [ -155.23976, 19.99364 ], [ -155.2397, 19.99356 ], [ -155.23969, 19.99354 ], [ -155.23977, 19.99345 ], [ -155.23981, 19.99338 ], [ -155.23977, 19.9932 ], [ -155.23982, 19.99303 ], [ -155.23982, 19.99292 ], [ -155.23985, 19.99288 ], [ -155.23987, 19.9928 ], [ -155.23986, 19.99263 ], [ -155.23985, 19.99257 ], [ -155.23978, 19.99239 ], [ -155.23982, 19.99224 ], [ -155.23997, 19.99207 ], [ -155.24001, 19.99194 ], [ -155.24004, 19.99192 ], [ -155.24019, 19.992 ], [ -155.24033, 19.99202 ], [ -155.24039, 19.99201 ], [ -155.24047, 19.99186 ], [ -155.24045, 19.99155 ], [ -155.2405, 19.99135 ], [ -155.24057, 19.9913 ], [ -155.24064, 19.99122 ], [ -155.24076, 19.99112 ], [ -155.24081, 19.99102 ], [ -155.24079, 19.9909 ], [ -155.24063, 19.99067 ], [ -155.24052, 19.99059 ], [ -155.24046, 19.99052 ], [ -155.24039, 19.9903 ], [ -155.24034, 19.99021 ], [ -155.24032, 19.99016 ], [ -155.24008, 19.98987 ], [ -155.23994, 19.98971 ], [ -155.23982, 19.98958 ], [ -155.23972, 19.98942 ], [ -155.23963, 19.9893 ], [ -155.23959, 19.9892 ], [ -155.23962, 19.98904 ], [ -155.23953, 19.98882 ], [ -155.23927, 19.98842 ], [ -155.2391, 19.9882 ], [ -155.23892, 19.98792 ], [ -155.23859, 19.98753 ], [ -155.23793, 19.98715 ], [ -155.23748, 19.98704 ], [ -155.23721, 19.98704 ], [ -155.23712, 19.98702 ], [ -155.23684, 19.98689 ], [ -155.23639, 19.98684 ], [ -155.23623, 19.98681 ], [ -155.23591, 19.98666 ], [ -155.23575, 19.98655 ], [ -155.2356, 19.9865 ], [ -155.23547, 19.98655 ], [ -155.23537, 19.98651 ], [ -155.23516, 19.98634 ], [ -155.23511, 19.98633 ], [ -155.23502, 19.98635 ], [ -155.23486, 19.98628 ], [ -155.23461, 19.98636 ], [ -155.23453, 19.98636 ], [ -155.23444, 19.98616 ], [ -155.23395, 19.98588 ], [ -155.23333, 19.98576 ], [ -155.23314, 19.98569 ], [ -155.23282, 19.98545 ], [ -155.2327, 19.9854 ], [ -155.23241, 19.98534 ], [ -155.23182, 19.98524 ], [ -155.23136, 19.98512 ], [ -155.23101, 19.98497 ], [ -155.23059, 19.98476 ], [ -155.23053, 19.98472 ], [ -155.23037, 19.98463 ], [ -155.22959, 19.98388 ], [ -155.22943, 19.98375 ], [ -155.22917, 19.9835 ], [ -155.22893, 19.98329 ], [ -155.22885, 19.98318 ], [ -155.22843, 19.98303 ], [ -155.22839, 19.983 ], [ -155.22814, 19.98286 ], [ -155.22796, 19.98279 ], [ -155.22752, 19.98249 ], [ -155.22716, 19.98229 ], [ -155.22703, 19.98219 ], [ -155.22678, 19.98208 ], [ -155.22648, 19.98187 ], [ -155.22623, 19.98174 ], [ -155.2261, 19.98162 ], [ -155.22573, 19.98137 ], [ -155.2256, 19.98125 ], [ -155.22541, 19.98115 ], [ -155.22534, 19.98108 ], [ -155.22517, 19.98096 ], [ -155.2251, 19.98093 ], [ -155.22492, 19.98093 ], [ -155.22454, 19.98089 ], [ -155.22389, 19.98089 ], [ -155.22348, 19.98081 ], [ -155.22337, 19.98077 ], [ -155.22289, 19.98065 ], [ -155.22269, 19.98054 ], [ -155.22263, 19.98039 ], [ -155.22242, 19.98008 ], [ -155.22239, 19.97997 ], [ -155.22231, 19.97973 ], [ -155.22223, 19.97967 ], [ -155.22212, 19.97962 ], [ -155.22211, 19.97959 ], [ -155.2219, 19.97951 ], [ -155.22158, 19.9793 ], [ -155.22132, 19.97906 ], [ -155.22106, 19.97902 ], [ -155.22084, 19.97894 ], [ -155.22061, 19.9788 ], [ -155.22012, 19.97873 ], [ -155.21988, 19.97864 ], [ -155.21969, 19.9785 ], [ -155.21954, 19.97836 ], [ -155.21936, 19.97805 ], [ -155.21924, 19.97776 ], [ -155.2191, 19.97764 ], [ -155.21902, 19.97761 ], [ -155.21892, 19.97769 ], [ -155.21887, 19.97776 ], [ -155.21886, 19.97792 ], [ -155.21881, 19.97797 ], [ -155.21854, 19.97804 ], [ -155.21851, 19.97798 ], [ -155.21871, 19.97761 ], [ -155.21878, 19.97753 ], [ -155.21878, 19.97747 ], [ -155.21875, 19.97742 ], [ -155.2183, 19.97725 ], [ -155.21822, 19.9772 ], [ -155.21794, 19.97711 ], [ -155.21712, 19.97688 ], [ -155.21669, 19.97674 ], [ -155.21646, 19.97669 ], [ -155.21626, 19.97668 ], [ -155.21586, 19.97661 ], [ -155.2154, 19.97638 ], [ -155.21517, 19.97622 ], [ -155.21475, 19.97602 ], [ -155.21415, 19.9758 ], [ -155.21381, 19.97574 ], [ -155.21377, 19.97571 ], [ -155.21372, 19.97554 ], [ -155.21359, 19.97546 ], [ -155.21347, 19.97532 ], [ -155.21336, 19.97527 ], [ -155.21331, 19.97513 ], [ -155.21334, 19.97502 ], [ -155.21333, 19.97495 ], [ -155.21323, 19.97484 ], [ -155.21319, 19.97483 ], [ -155.21316, 19.97475 ], [ -155.2131, 19.97474 ], [ -155.21302, 19.97482 ], [ -155.21295, 19.97485 ], [ -155.21287, 19.9748 ], [ -155.21267, 19.9748 ], [ -155.21253, 19.9748 ], [ -155.21249, 19.97478 ], [ -155.21221, 19.97478 ], [ -155.21216, 19.97475 ], [ -155.21221, 19.97464 ], [ -155.21214, 19.97438 ], [ -155.21182, 19.97415 ], [ -155.21177, 19.97407 ], [ -155.21174, 19.97395 ], [ -155.21159, 19.97382 ], [ -155.21146, 19.97374 ], [ -155.21139, 19.97365 ], [ -155.21103, 19.97339 ], [ -155.21086, 19.97335 ], [ -155.21071, 19.97327 ], [ -155.21057, 19.97308 ], [ -155.21041, 19.97297 ], [ -155.21025, 19.97279 ], [ -155.21011, 19.97268 ], [ -155.21006, 19.97268 ], [ -155.20999, 19.97277 ], [ -155.20993, 19.97277 ], [ -155.20993, 19.97273 ], [ -155.2099, 19.97269 ], [ -155.20989, 19.97257 ], [ -155.20982, 19.97252 ], [ -155.20979, 19.97253 ], [ -155.20974, 19.97264 ], [ -155.20972, 19.97265 ], [ -155.20969, 19.97262 ], [ -155.20962, 19.97241 ], [ -155.20934, 19.97235 ], [ -155.20923, 19.9723 ], [ -155.20913, 19.97216 ], [ -155.20911, 19.97209 ], [ -155.20897, 19.97196 ], [ -155.20883, 19.97188 ], [ -155.20853, 19.97168 ], [ -155.20847, 19.97161 ], [ -155.20834, 19.97152 ], [ -155.2083, 19.97151 ], [ -155.20826, 19.97148 ], [ -155.20829, 19.97145 ], [ -155.20828, 19.97142 ], [ -155.2083, 19.97135 ], [ -155.20825, 19.97127 ], [ -155.20796, 19.97118 ], [ -155.20767, 19.97115 ], [ -155.20763, 19.97113 ], [ -155.20759, 19.97105 ], [ -155.20747, 19.97097 ], [ -155.20743, 19.97093 ], [ -155.20735, 19.97089 ], [ -155.20729, 19.97074 ], [ -155.2073, 19.97046 ], [ -155.207, 19.97048 ], [ -155.20695, 19.97051 ], [ -155.20689, 19.97049 ], [ -155.2068, 19.97039 ], [ -155.20655, 19.97038 ], [ -155.20649, 19.97037 ], [ -155.20644, 19.9703 ], [ -155.20636, 19.97026 ], [ -155.20616, 19.97002 ], [ -155.20618, 19.96989 ], [ -155.20616, 19.96984 ], [ -155.20606, 19.9698 ], [ -155.20587, 19.96975 ], [ -155.20578, 19.96969 ], [ -155.20572, 19.96963 ], [ -155.20563, 19.96949 ], [ -155.20545, 19.9695 ], [ -155.2054, 19.96948 ], [ -155.20545, 19.96929 ], [ -155.20537, 19.96916 ], [ -155.20516, 19.96893 ], [ -155.20464, 19.96855 ], [ -155.20451, 19.96844 ], [ -155.20436, 19.96844 ], [ -155.20426, 19.96847 ], [ -155.20416, 19.96847 ], [ -155.20405, 19.96838 ], [ -155.20401, 19.96833 ], [ -155.20403, 19.96817 ], [ -155.20402, 19.96812 ], [ -155.20412, 19.968 ], [ -155.20414, 19.96797 ], [ -155.20412, 19.96791 ], [ -155.20387, 19.96777 ], [ -155.2036, 19.9677 ], [ -155.20354, 19.96773 ], [ -155.20347, 19.96769 ], [ -155.20344, 19.96763 ], [ -155.20323, 19.96747 ], [ -155.20312, 19.96736 ], [ -155.20312, 19.96733 ], [ -155.20288, 19.96699 ], [ -155.20279, 19.96688 ], [ -155.20263, 19.96685 ], [ -155.20236, 19.9667 ], [ -155.20223, 19.96671 ], [ -155.20217, 19.96672 ], [ -155.20203, 19.96672 ], [ -155.20192, 19.96665 ], [ -155.20177, 19.96643 ], [ -155.20169, 19.96622 ], [ -155.20169, 19.96605 ], [ -155.20164, 19.96585 ], [ -155.20167, 19.96577 ], [ -155.20165, 19.96564 ], [ -155.20156, 19.96547 ], [ -155.20157, 19.96526 ], [ -155.20153, 19.96505 ], [ -155.20167, 19.96478 ], [ -155.20171, 19.96466 ], [ -155.20171, 19.96451 ], [ -155.20163, 19.96433 ], [ -155.20157, 19.96432 ], [ -155.20132, 19.96412 ], [ -155.20103, 19.9638 ], [ -155.20088, 19.96367 ], [ -155.20075, 19.96348 ], [ -155.20065, 19.96323 ], [ -155.2005, 19.96306 ], [ -155.20027, 19.96294 ], [ -155.19992, 19.96283 ], [ -155.19984, 19.96271 ], [ -155.19977, 19.9626 ], [ -155.19964, 19.96242 ], [ -155.19941, 19.96221 ], [ -155.1992, 19.96228 ], [ -155.19906, 19.96201 ], [ -155.19868, 19.96187 ], [ -155.1986, 19.96186 ], [ -155.1985, 19.9618 ], [ -155.19854, 19.96163 ], [ -155.19859, 19.96155 ], [ -155.19869, 19.96147 ], [ -155.19869, 19.96142 ], [ -155.19841, 19.96118 ], [ -155.19804, 19.9608 ], [ -155.19789, 19.9606 ], [ -155.19777, 19.96044 ], [ -155.19744, 19.96043 ], [ -155.19738, 19.96048 ], [ -155.19729, 19.9605 ], [ -155.19712, 19.9606 ], [ -155.19705, 19.96061 ], [ -155.19698, 19.96057 ], [ -155.19693, 19.96051 ], [ -155.19693, 19.96046 ], [ -155.19685, 19.96032 ], [ -155.19689, 19.96015 ], [ -155.19687, 19.96012 ], [ -155.19694, 19.96002 ], [ -155.19692, 19.95989 ], [ -155.19687, 19.95977 ], [ -155.1969, 19.9597 ], [ -155.19704, 19.95956 ], [ -155.19707, 19.95946 ], [ -155.19709, 19.95929 ], [ -155.19703, 19.9591 ], [ -155.19683, 19.95897 ], [ -155.19667, 19.95887 ], [ -155.19664, 19.95873 ], [ -155.19675, 19.95819 ], [ -155.19675, 19.95815 ], [ -155.19672, 19.958 ], [ -155.1965, 19.95768 ], [ -155.19637, 19.95741 ], [ -155.19637, 19.95701 ], [ -155.19637, 19.95681 ], [ -155.19627, 19.95646 ], [ -155.19618, 19.95619 ], [ -155.1962, 19.95614 ], [ -155.19618, 19.95599 ], [ -155.19605, 19.95572 ], [ -155.19598, 19.95561 ], [ -155.19576, 19.95537 ], [ -155.19562, 19.95521 ], [ -155.19556, 19.95517 ], [ -155.19549, 19.95513 ], [ -155.19528, 19.95507 ], [ -155.19479, 19.95501 ], [ -155.19467, 19.955 ], [ -155.19444, 19.95496 ], [ -155.19427, 19.95499 ], [ -155.19412, 19.95507 ], [ -155.19387, 19.95511 ], [ -155.19378, 19.95515 ], [ -155.19371, 19.95526 ], [ -155.1936, 19.95532 ], [ -155.19347, 19.95534 ], [ -155.19345, 19.95535 ], [ -155.19329, 19.95541 ], [ -155.19307, 19.95543 ], [ -155.193, 19.95546 ], [ -155.19275, 19.95545 ], [ -155.19254, 19.95542 ], [ -155.19227, 19.95543 ], [ -155.19217, 19.95542 ], [ -155.19205, 19.95534 ], [ -155.19185, 19.95532 ], [ -155.19178, 19.95535 ], [ -155.19172, 19.95534 ], [ -155.19145, 19.9551 ], [ -155.19095, 19.95489 ], [ -155.19032, 19.95464 ], [ -155.19005, 19.95453 ], [ -155.18993, 19.95455 ], [ -155.18986, 19.95458 ], [ -155.18982, 19.95468 ], [ -155.18978, 19.95471 ], [ -155.18968, 19.95468 ], [ -155.18954, 19.95451 ], [ -155.18953, 19.95449 ], [ -155.18908, 19.95445 ], [ -155.18878, 19.95439 ], [ -155.18852, 19.95443 ], [ -155.18836, 19.95429 ], [ -155.18823, 19.9542 ], [ -155.18789, 19.95407 ], [ -155.1876, 19.95406 ], [ -155.18746, 19.95408 ], [ -155.18737, 19.95414 ], [ -155.1873, 19.95415 ], [ -155.18724, 19.95411 ], [ -155.1871, 19.95389 ], [ -155.18705, 19.95385 ], [ -155.18677, 19.95375 ], [ -155.18669, 19.9537 ], [ -155.18605, 19.95345 ], [ -155.1858, 19.95334 ], [ -155.18564, 19.95327 ], [ -155.18546, 19.95324 ], [ -155.18533, 19.95318 ], [ -155.18528, 19.95313 ], [ -155.18515, 19.953 ], [ -155.18496, 19.95294 ], [ -155.18482, 19.95283 ], [ -155.18441, 19.9527 ], [ -155.18412, 19.95248 ], [ -155.18391, 19.9524 ], [ -155.18372, 19.95237 ], [ -155.18363, 19.95222 ], [ -155.1835, 19.95211 ], [ -155.18339, 19.95206 ], [ -155.1832, 19.95184 ], [ -155.18316, 19.95173 ], [ -155.18301, 19.95159 ], [ -155.18275, 19.95148 ], [ -155.1826, 19.9514 ], [ -155.18249, 19.95138 ], [ -155.18227, 19.9513 ], [ -155.18198, 19.95116 ], [ -155.18179, 19.95105 ], [ -155.18158, 19.95091 ], [ -155.18139, 19.95072 ], [ -155.18137, 19.95068 ], [ -155.1813, 19.95061 ], [ -155.18118, 19.9505 ], [ -155.18104, 19.95042 ], [ -155.18094, 19.95031 ], [ -155.18057, 19.95018 ], [ -155.18021, 19.95013 ], [ -155.18008, 19.95011 ], [ -155.17999, 19.95005 ], [ -155.17991, 19.94995 ], [ -155.17972, 19.9498 ], [ -155.17951, 19.9496 ], [ -155.17938, 19.94947 ], [ -155.17926, 19.94937 ], [ -155.17917, 19.94927 ], [ -155.17883, 19.94897 ], [ -155.17873, 19.94885 ], [ -155.17859, 19.94876 ], [ -155.17839, 19.94867 ], [ -155.17823, 19.94867 ], [ -155.178, 19.9488 ], [ -155.17793, 19.94885 ], [ -155.17781, 19.94877 ], [ -155.17778, 19.94872 ], [ -155.17782, 19.94838 ], [ -155.17787, 19.94819 ], [ -155.17788, 19.9481 ], [ -155.17779, 19.94786 ], [ -155.1777, 19.94778 ], [ -155.1776, 19.94775 ], [ -155.17745, 19.9478 ], [ -155.17739, 19.94786 ], [ -155.17735, 19.94786 ], [ -155.17725, 19.94779 ], [ -155.17732, 19.94739 ], [ -155.17731, 19.94721 ], [ -155.17719, 19.94682 ], [ -155.17715, 19.94667 ], [ -155.17711, 19.94647 ], [ -155.17703, 19.94631 ], [ -155.17678, 19.94606 ], [ -155.17637, 19.94583 ], [ -155.17602, 19.94575 ], [ -155.17577, 19.94574 ], [ -155.17567, 19.94575 ], [ -155.17559, 19.94567 ], [ -155.17548, 19.94547 ], [ -155.1754, 19.94523 ], [ -155.17533, 19.94511 ], [ -155.17527, 19.94485 ], [ -155.17525, 19.94484 ], [ -155.17519, 19.9448 ], [ -155.1751, 19.94473 ], [ -155.17503, 19.94471 ], [ -155.17499, 19.94467 ], [ -155.17495, 19.94455 ], [ -155.17477, 19.94444 ], [ -155.17464, 19.94439 ], [ -155.1744, 19.94439 ], [ -155.17428, 19.94431 ], [ -155.17412, 19.94429 ], [ -155.174, 19.9442 ], [ -155.17398, 19.94417 ], [ -155.17384, 19.94412 ], [ -155.17311, 19.94406 ], [ -155.17277, 19.94395 ], [ -155.17273, 19.9439 ], [ -155.17268, 19.94374 ], [ -155.17259, 19.94366 ], [ -155.17255, 19.94352 ], [ -155.1725, 19.94343 ], [ -155.17257, 19.94326 ], [ -155.17255, 19.94311 ], [ -155.1725, 19.94302 ], [ -155.17241, 19.94294 ], [ -155.17229, 19.94287 ], [ -155.17207, 19.94267 ], [ -155.17198, 19.94257 ], [ -155.17184, 19.94236 ], [ -155.17167, 19.94216 ], [ -155.1716, 19.94204 ], [ -155.17145, 19.94191 ], [ -155.17125, 19.94189 ], [ -155.17109, 19.94184 ], [ -155.17092, 19.94168 ], [ -155.1708, 19.94159 ], [ -155.17077, 19.94147 ], [ -155.17078, 19.94142 ], [ -155.17076, 19.94135 ], [ -155.1707, 19.94128 ], [ -155.1706, 19.94122 ], [ -155.17043, 19.94121 ], [ -155.17031, 19.94121 ], [ -155.17013, 19.94111 ], [ -155.16994, 19.94089 ], [ -155.16986, 19.94085 ], [ -155.16964, 19.94083 ], [ -155.1696, 19.94082 ], [ -155.16942, 19.94079 ], [ -155.16925, 19.94074 ], [ -155.16923, 19.94066 ], [ -155.16911, 19.94058 ], [ -155.16886, 19.94028 ], [ -155.16876, 19.94026 ], [ -155.16857, 19.94011 ], [ -155.16843, 19.94007 ], [ -155.1682, 19.93996 ], [ -155.16807, 19.93997 ], [ -155.16796, 19.94003 ], [ -155.16786, 19.9401 ], [ -155.16768, 19.94005 ], [ -155.16763, 19.93998 ], [ -155.16779, 19.93985 ], [ -155.16785, 19.93983 ], [ -155.1679, 19.93974 ], [ -155.16788, 19.93921 ], [ -155.16786, 19.93914 ], [ -155.16768, 19.93903 ], [ -155.16736, 19.93899 ], [ -155.16729, 19.93896 ], [ -155.16717, 19.93867 ], [ -155.16699, 19.93847 ], [ -155.16678, 19.93835 ], [ -155.16629, 19.93798 ], [ -155.16574, 19.93765 ], [ -155.16567, 19.93763 ], [ -155.1656, 19.93756 ], [ -155.16559, 19.93743 ], [ -155.16554, 19.93737 ], [ -155.16531, 19.93729 ], [ -155.16491, 19.9371 ], [ -155.16476, 19.93708 ], [ -155.16419, 19.93675 ], [ -155.16341, 19.93643 ], [ -155.16331, 19.93641 ], [ -155.16293, 19.93608 ], [ -155.16288, 19.93604 ], [ -155.16283, 19.93593 ], [ -155.16283, 19.93587 ], [ -155.16281, 19.93581 ], [ -155.16265, 19.93573 ], [ -155.16243, 19.93543 ], [ -155.16232, 19.9351 ], [ -155.16202, 19.93489 ], [ -155.16194, 19.93482 ], [ -155.16178, 19.93472 ], [ -155.16172, 19.93465 ], [ -155.16165, 19.93464 ], [ -155.16162, 19.93461 ], [ -155.1616, 19.93452 ], [ -155.16131, 19.93431 ], [ -155.16119, 19.93424 ], [ -155.16113, 19.93424 ], [ -155.16106, 19.93415 ], [ -155.16108, 19.93397 ], [ -155.16112, 19.93389 ], [ -155.16112, 19.93382 ], [ -155.16099, 19.93375 ], [ -155.16063, 19.9338 ], [ -155.16037, 19.93367 ], [ -155.16032, 19.93365 ], [ -155.1602, 19.93353 ], [ -155.16011, 19.93339 ], [ -155.15996, 19.93327 ], [ -155.15993, 19.93313 ], [ -155.15994, 19.93307 ], [ -155.15986, 19.933 ], [ -155.15974, 19.93292 ], [ -155.15966, 19.93291 ], [ -155.15959, 19.93293 ], [ -155.15955, 19.93292 ], [ -155.15945, 19.9328 ], [ -155.1593, 19.93257 ], [ -155.15916, 19.93249 ], [ -155.15901, 19.93244 ], [ -155.15847, 19.93232 ], [ -155.15832, 19.93234 ], [ -155.15823, 19.93242 ], [ -155.15819, 19.93243 ], [ -155.15807, 19.93235 ], [ -155.15793, 19.93237 ], [ -155.15783, 19.93237 ], [ -155.15764, 19.93227 ], [ -155.15752, 19.93221 ], [ -155.1575, 19.93217 ], [ -155.15755, 19.93201 ], [ -155.15757, 19.93198 ], [ -155.15762, 19.93182 ], [ -155.15764, 19.93168 ], [ -155.1577, 19.93157 ], [ -155.15778, 19.93124 ], [ -155.15783, 19.93114 ], [ -155.1578, 19.93103 ], [ -155.15771, 19.93091 ], [ -155.15758, 19.93082 ], [ -155.15728, 19.93056 ], [ -155.15719, 19.93045 ], [ -155.15704, 19.93036 ], [ -155.15699, 19.93028 ], [ -155.15694, 19.9301 ], [ -155.15666, 19.92974 ], [ -155.15655, 19.92959 ], [ -155.15634, 19.92932 ], [ -155.15615, 19.92924 ], [ -155.15606, 19.92914 ], [ -155.15601, 19.92902 ], [ -155.15595, 19.92898 ], [ -155.15583, 19.92896 ], [ -155.15566, 19.92895 ], [ -155.15564, 19.92889 ], [ -155.15563, 19.92861 ], [ -155.15558, 19.92853 ], [ -155.15552, 19.92846 ], [ -155.15545, 19.92831 ], [ -155.15534, 19.92835 ], [ -155.15531, 19.92838 ], [ -155.15519, 19.92837 ], [ -155.15514, 19.92836 ], [ -155.15492, 19.92839 ], [ -155.15464, 19.92823 ], [ -155.15459, 19.92816 ], [ -155.15458, 19.92806 ], [ -155.15455, 19.92799 ], [ -155.15445, 19.92795 ], [ -155.15429, 19.92793 ], [ -155.15416, 19.92794 ], [ -155.15402, 19.92807 ], [ -155.15392, 19.92809 ], [ -155.15379, 19.92794 ], [ -155.15373, 19.92791 ], [ -155.15364, 19.92793 ], [ -155.1536, 19.92797 ], [ -155.15351, 19.92798 ], [ -155.15353, 19.92784 ], [ -155.1535, 19.9278 ], [ -155.1534, 19.92782 ], [ -155.15335, 19.92784 ], [ -155.15322, 19.92783 ], [ -155.1532, 19.92781 ], [ -155.15322, 19.92775 ], [ -155.1534, 19.92757 ], [ -155.15344, 19.92749 ], [ -155.1534, 19.92746 ], [ -155.15321, 19.92744 ], [ -155.15304, 19.92752 ], [ -155.15287, 19.92755 ], [ -155.15271, 19.92743 ], [ -155.15277, 19.92731 ], [ -155.1531, 19.92705 ], [ -155.15325, 19.92687 ], [ -155.15332, 19.92669 ], [ -155.15331, 19.92658 ], [ -155.15302, 19.92626 ], [ -155.15296, 19.92616 ], [ -155.15286, 19.92604 ], [ -155.15269, 19.92594 ], [ -155.15243, 19.92567 ], [ -155.15242, 19.92557 ], [ -155.15233, 19.92537 ], [ -155.15195, 19.92509 ], [ -155.15183, 19.92499 ], [ -155.15173, 19.92494 ], [ -155.15159, 19.92482 ], [ -155.15142, 19.92478 ], [ -155.15133, 19.92478 ], [ -155.1513, 19.92472 ], [ -155.15134, 19.92457 ], [ -155.15125, 19.92436 ], [ -155.15125, 19.92422 ], [ -155.1511, 19.92425 ], [ -155.15105, 19.9242 ], [ -155.15103, 19.92412 ], [ -155.15107, 19.92405 ], [ -155.15108, 19.92395 ], [ -155.15097, 19.92383 ], [ -155.15082, 19.92383 ], [ -155.15078, 19.92384 ], [ -155.15068, 19.92382 ], [ -155.15066, 19.92365 ], [ -155.15059, 19.92354 ], [ -155.15038, 19.92335 ], [ -155.15016, 19.92328 ], [ -155.14987, 19.92328 ], [ -155.14981, 19.92326 ], [ -155.14949, 19.92298 ], [ -155.14945, 19.92288 ], [ -155.14943, 19.92259 ], [ -155.1494, 19.92246 ], [ -155.14931, 19.92238 ], [ -155.14892, 19.92209 ], [ -155.14848, 19.92174 ], [ -155.14836, 19.92167 ], [ -155.14805, 19.9216 ], [ -155.14795, 19.92153 ], [ -155.14794, 19.92133 ], [ -155.14791, 19.92125 ], [ -155.14779, 19.92112 ], [ -155.14763, 19.9211 ], [ -155.14758, 19.92105 ], [ -155.14762, 19.92094 ], [ -155.14756, 19.92087 ], [ -155.14747, 19.92086 ], [ -155.1474, 19.9208 ], [ -155.14731, 19.9208 ], [ -155.1472, 19.92076 ], [ -155.14706, 19.92057 ], [ -155.14668, 19.92024 ], [ -155.14653, 19.92014 ], [ -155.14645, 19.92005 ], [ -155.1464, 19.91991 ], [ -155.14627, 19.9198 ], [ -155.14584, 19.91953 ], [ -155.14541, 19.9193 ], [ -155.14529, 19.91924 ], [ -155.14502, 19.91917 ], [ -155.14487, 19.91912 ], [ -155.14481, 19.91906 ], [ -155.14471, 19.91883 ], [ -155.14462, 19.91872 ], [ -155.14445, 19.91869 ], [ -155.14425, 19.91876 ], [ -155.14396, 19.91853 ], [ -155.14385, 19.91843 ], [ -155.14377, 19.91841 ], [ -155.1437, 19.91838 ], [ -155.14361, 19.9183 ], [ -155.1435, 19.91824 ], [ -155.14325, 19.91817 ], [ -155.14323, 19.91815 ], [ -155.14271, 19.91791 ], [ -155.14252, 19.91786 ], [ -155.14235, 19.91786 ], [ -155.14228, 19.91787 ], [ -155.14218, 19.91779 ], [ -155.14207, 19.91768 ], [ -155.14183, 19.91769 ], [ -155.1417, 19.91773 ], [ -155.14162, 19.9177 ], [ -155.14155, 19.91759 ], [ -155.14151, 19.91749 ], [ -155.14123, 19.91723 ], [ -155.14106, 19.91712 ], [ -155.14084, 19.91714 ], [ -155.14081, 19.91704 ], [ -155.14082, 19.9169 ], [ -155.14076, 19.91682 ], [ -155.14055, 19.91662 ], [ -155.14042, 19.91647 ], [ -155.14041, 19.91644 ], [ -155.14026, 19.91617 ], [ -155.14023, 19.91597 ], [ -155.13999, 19.91589 ], [ -155.13976, 19.91577 ], [ -155.13965, 19.91574 ], [ -155.13957, 19.91561 ], [ -155.13951, 19.91557 ], [ -155.13945, 19.91554 ], [ -155.1394, 19.91549 ], [ -155.13926, 19.91526 ], [ -155.13917, 19.91519 ], [ -155.13909, 19.91515 ], [ -155.13888, 19.91511 ], [ -155.13878, 19.91509 ], [ -155.13849, 19.91516 ], [ -155.13821, 19.91513 ], [ -155.13815, 19.91501 ], [ -155.13803, 19.91489 ], [ -155.13798, 19.91482 ], [ -155.13797, 19.91476 ], [ -155.13811, 19.91464 ], [ -155.13816, 19.91456 ], [ -155.13814, 19.91422 ], [ -155.13807, 19.91396 ], [ -155.13801, 19.91388 ], [ -155.13785, 19.91373 ], [ -155.13776, 19.91356 ], [ -155.13768, 19.91351 ], [ -155.13759, 19.91341 ], [ -155.13755, 19.91339 ], [ -155.13753, 19.91332 ], [ -155.13738, 19.9131 ], [ -155.13729, 19.91304 ], [ -155.13725, 19.9129 ], [ -155.13714, 19.91269 ], [ -155.13698, 19.91252 ], [ -155.13691, 19.91248 ], [ -155.13685, 19.91248 ], [ -155.13674, 19.91239 ], [ -155.13651, 19.91209 ], [ -155.13646, 19.91191 ], [ -155.13629, 19.91158 ], [ -155.13625, 19.91146 ], [ -155.13613, 19.91138 ], [ -155.13606, 19.91117 ], [ -155.13593, 19.91101 ], [ -155.13589, 19.9107 ], [ -155.13578, 19.91045 ], [ -155.13574, 19.91032 ], [ -155.13555, 19.91013 ], [ -155.13548, 19.91004 ], [ -155.13532, 19.90992 ], [ -155.1349, 19.90994 ], [ -155.13477, 19.90999 ], [ -155.13463, 19.91017 ], [ -155.13457, 19.91021 ], [ -155.13452, 19.9102 ], [ -155.1344, 19.91009 ], [ -155.13438, 19.90999 ], [ -155.13441, 19.90988 ], [ -155.13448, 19.90978 ], [ -155.1345, 19.90967 ], [ -155.13447, 19.90943 ], [ -155.13452, 19.90934 ], [ -155.13452, 19.90921 ], [ -155.13447, 19.909 ], [ -155.13447, 19.90884 ], [ -155.13429, 19.90851 ], [ -155.1343, 19.90838 ], [ -155.13441, 19.90821 ], [ -155.13461, 19.90816 ], [ -155.13479, 19.90818 ], [ -155.13489, 19.90818 ], [ -155.135, 19.90814 ], [ -155.13507, 19.908 ], [ -155.13512, 19.90777 ], [ -155.13509, 19.90768 ], [ -155.13501, 19.90765 ], [ -155.13431, 19.90788 ], [ -155.13414, 19.90792 ], [ -155.13406, 19.90787 ], [ -155.13392, 19.90773 ], [ -155.13367, 19.90762 ], [ -155.13367, 19.90753 ], [ -155.13371, 19.90747 ], [ -155.13366, 19.90738 ], [ -155.13341, 19.90726 ], [ -155.13334, 19.90719 ], [ -155.1333, 19.90708 ], [ -155.13333, 19.90689 ], [ -155.1333, 19.90679 ], [ -155.13315, 19.90668 ], [ -155.13308, 19.90664 ], [ -155.1329, 19.90663 ], [ -155.13274, 19.90643 ], [ -155.13252, 19.90643 ], [ -155.13242, 19.9063 ], [ -155.1323, 19.90609 ], [ -155.13183, 19.90594 ], [ -155.13163, 19.90593 ], [ -155.13154, 19.90591 ], [ -155.13144, 19.90584 ], [ -155.13125, 19.9058 ], [ -155.13113, 19.90579 ], [ -155.13086, 19.90556 ], [ -155.13074, 19.90556 ], [ -155.13067, 19.90553 ], [ -155.1306, 19.90553 ], [ -155.13054, 19.90557 ], [ -155.1304, 19.90555 ], [ -155.13035, 19.90549 ], [ -155.13041, 19.90542 ], [ -155.13041, 19.90538 ], [ -155.13029, 19.90523 ], [ -155.12974, 19.90493 ], [ -155.12961, 19.90482 ], [ -155.1295, 19.90477 ], [ -155.12939, 19.90473 ], [ -155.12932, 19.90458 ], [ -155.12921, 19.90442 ], [ -155.12888, 19.90422 ], [ -155.12848, 19.90382 ], [ -155.12843, 19.90379 ], [ -155.12838, 19.90373 ], [ -155.12842, 19.90355 ], [ -155.12825, 19.90297 ], [ -155.12817, 19.90275 ], [ -155.12818, 19.90247 ], [ -155.12811, 19.90235 ], [ -155.12801, 19.90198 ], [ -155.12802, 19.90194 ], [ -155.12819, 19.90179 ], [ -155.12826, 19.90166 ], [ -155.12828, 19.90156 ], [ -155.12836, 19.90132 ], [ -155.1286, 19.90104 ], [ -155.12875, 19.90092 ], [ -155.12877, 19.90073 ], [ -155.12874, 19.90043 ], [ -155.1287, 19.90032 ], [ -155.12851, 19.90009 ], [ -155.12832, 19.89997 ], [ -155.12823, 19.89993 ], [ -155.12809, 19.89995 ], [ -155.12803, 19.89998 ], [ -155.12771, 19.90007 ], [ -155.12753, 19.90015 ], [ -155.12734, 19.90022 ], [ -155.12725, 19.90027 ], [ -155.1268, 19.90042 ], [ -155.12672, 19.90046 ], [ -155.12632, 19.90053 ], [ -155.12613, 19.90055 ], [ -155.12595, 19.90065 ], [ -155.12583, 19.90067 ], [ -155.12572, 19.90073 ], [ -155.12551, 19.90077 ], [ -155.12541, 19.90075 ], [ -155.1253, 19.90082 ], [ -155.12524, 19.90083 ], [ -155.12516, 19.90081 ], [ -155.12507, 19.90077 ], [ -155.12487, 19.90078 ], [ -155.12483, 19.90075 ], [ -155.12481, 19.9007 ], [ -155.12491, 19.90058 ], [ -155.125, 19.90047 ], [ -155.12499, 19.90039 ], [ -155.12509, 19.90027 ], [ -155.12519, 19.90021 ], [ -155.12524, 19.90005 ], [ -155.12525, 19.89998 ], [ -155.1252, 19.89984 ], [ -155.1252, 19.89969 ], [ -155.12523, 19.89958 ], [ -155.12523, 19.8995 ], [ -155.12508, 19.89938 ], [ -155.1249, 19.8993 ], [ -155.12476, 19.89932 ], [ -155.12463, 19.89937 ], [ -155.12449, 19.89936 ], [ -155.12442, 19.89927 ], [ -155.12405, 19.89913 ], [ -155.12401, 19.89901 ], [ -155.12398, 19.89898 ], [ -155.12383, 19.89895 ], [ -155.12368, 19.89898 ], [ -155.12358, 19.89901 ], [ -155.12349, 19.89889 ], [ -155.12329, 19.89856 ], [ -155.12328, 19.89851 ], [ -155.1233, 19.89848 ], [ -155.12376, 19.89835 ], [ -155.12401, 19.89829 ], [ -155.12405, 19.89821 ], [ -155.12403, 19.89811 ], [ -155.12396, 19.89799 ], [ -155.12384, 19.89798 ], [ -155.12381, 19.89796 ], [ -155.12392, 19.89787 ], [ -155.12394, 19.8978 ], [ -155.12392, 19.89776 ], [ -155.12378, 19.89775 ], [ -155.12377, 19.8977 ], [ -155.12367, 19.89763 ], [ -155.12363, 19.89758 ], [ -155.12349, 19.89753 ], [ -155.12357, 19.89744 ], [ -155.12357, 19.89738 ], [ -155.12352, 19.89728 ], [ -155.12345, 19.89723 ], [ -155.12345, 19.89721 ], [ -155.12355, 19.89715 ], [ -155.12356, 19.8971 ], [ -155.12338, 19.897 ], [ -155.12332, 19.89692 ], [ -155.12329, 19.89692 ], [ -155.12323, 19.89709 ], [ -155.1232, 19.89714 ], [ -155.12312, 19.89709 ], [ -155.12309, 19.89693 ], [ -155.1231, 19.89682 ], [ -155.12307, 19.89677 ], [ -155.12295, 19.89675 ], [ -155.12292, 19.89673 ], [ -155.12289, 19.89659 ], [ -155.12274, 19.89641 ], [ -155.12272, 19.89633 ], [ -155.12276, 19.89592 ], [ -155.12268, 19.89583 ], [ -155.12238, 19.89572 ], [ -155.12231, 19.89563 ], [ -155.12232, 19.89551 ], [ -155.12248, 19.89538 ], [ -155.12249, 19.89527 ], [ -155.12241, 19.89524 ], [ -155.12232, 19.89523 ], [ -155.12229, 19.89518 ], [ -155.12226, 19.89512 ], [ -155.12223, 19.8951 ], [ -155.12212, 19.89509 ], [ -155.12206, 19.89505 ], [ -155.12204, 19.89502 ], [ -155.1219, 19.89488 ], [ -155.12187, 19.89482 ], [ -155.12187, 19.89473 ], [ -155.12185, 19.89471 ], [ -155.12181, 19.8947 ], [ -155.12178, 19.89472 ], [ -155.12175, 19.89476 ], [ -155.12169, 19.89479 ], [ -155.12161, 19.89464 ], [ -155.12164, 19.89456 ], [ -155.12174, 19.89446 ], [ -155.1219, 19.89439 ], [ -155.12205, 19.89433 ], [ -155.12212, 19.89416 ], [ -155.12214, 19.89403 ], [ -155.12217, 19.89393 ], [ -155.12211, 19.89374 ], [ -155.12197, 19.89333 ], [ -155.12193, 19.89324 ], [ -155.12172, 19.89301 ], [ -155.12174, 19.89294 ], [ -155.12173, 19.89283 ], [ -155.1216, 19.89266 ], [ -155.12155, 19.89252 ], [ -155.12138, 19.89227 ], [ -155.12139, 19.89221 ], [ -155.12129, 19.89195 ], [ -155.12125, 19.8919 ], [ -155.12115, 19.89186 ], [ -155.12112, 19.89179 ], [ -155.12115, 19.89167 ], [ -155.12114, 19.89156 ], [ -155.12101, 19.89131 ], [ -155.12088, 19.89097 ], [ -155.12082, 19.89095 ], [ -155.12078, 19.89092 ], [ -155.1208, 19.89078 ], [ -155.12078, 19.89071 ], [ -155.12068, 19.89067 ], [ -155.12071, 19.89055 ], [ -155.12069, 19.89048 ], [ -155.1204, 19.89007 ], [ -155.1202, 19.88977 ], [ -155.12012, 19.88972 ], [ -155.1199, 19.88939 ], [ -155.11979, 19.88927 ], [ -155.11977, 19.88924 ], [ -155.11955, 19.88898 ], [ -155.11938, 19.88889 ], [ -155.1193, 19.88887 ], [ -155.11914, 19.88877 ], [ -155.11898, 19.88856 ], [ -155.11894, 19.88841 ], [ -155.11895, 19.88833 ], [ -155.11891, 19.88788 ], [ -155.11895, 19.8878 ], [ -155.11899, 19.88766 ], [ -155.11899, 19.88743 ], [ -155.11919, 19.88734 ], [ -155.11919, 19.88721 ], [ -155.11915, 19.88717 ], [ -155.11892, 19.88705 ], [ -155.11894, 19.88692 ], [ -155.11899, 19.88684 ], [ -155.11914, 19.88678 ], [ -155.11917, 19.88669 ], [ -155.11919, 19.88656 ], [ -155.11926, 19.88644 ], [ -155.11946, 19.88628 ], [ -155.11972, 19.88617 ], [ -155.11973, 19.88612 ], [ -155.11967, 19.88579 ], [ -155.1197, 19.88562 ], [ -155.11967, 19.88559 ], [ -155.11937, 19.88545 ], [ -155.11934, 19.88542 ], [ -155.11932, 19.88523 ], [ -155.11925, 19.8851 ], [ -155.11926, 19.88496 ], [ -155.11912, 19.88466 ], [ -155.11911, 19.88454 ], [ -155.1192, 19.88441 ], [ -155.1192, 19.88433 ], [ -155.11896, 19.88409 ], [ -155.11893, 19.884 ], [ -155.11899, 19.88386 ], [ -155.11896, 19.88331 ], [ -155.11898, 19.88319 ], [ -155.11922, 19.88296 ], [ -155.11935, 19.88291 ], [ -155.11945, 19.88284 ], [ -155.11971, 19.88279 ], [ -155.11959, 19.88267 ], [ -155.11985, 19.88233 ], [ -155.12009, 19.88213 ], [ -155.11996, 19.88218 ], [ -155.11968, 19.8824 ], [ -155.11956, 19.88257 ], [ -155.1194, 19.88273 ], [ -155.11902, 19.8829 ], [ -155.11871, 19.88302 ], [ -155.11866, 19.88303 ], [ -155.11856, 19.88299 ], [ -155.11832, 19.88277 ], [ -155.11814, 19.88259 ], [ -155.11793, 19.88247 ], [ -155.11774, 19.88246 ], [ -155.11754, 19.88245 ], [ -155.11743, 19.88241 ], [ -155.1173, 19.88232 ], [ -155.11714, 19.88205 ], [ -155.11689, 19.88181 ], [ -155.11675, 19.88172 ], [ -155.11663, 19.88157 ], [ -155.11661, 19.8815 ], [ -155.11647, 19.88142 ], [ -155.11616, 19.88128 ], [ -155.11597, 19.88115 ], [ -155.11589, 19.88112 ], [ -155.11512, 19.88105 ], [ -155.11494, 19.88101 ], [ -155.11485, 19.88104 ], [ -155.11474, 19.88118 ], [ -155.11469, 19.88119 ], [ -155.11456, 19.88108 ], [ -155.11444, 19.88101 ], [ -155.11441, 19.88087 ], [ -155.11427, 19.88073 ], [ -155.11414, 19.88063 ], [ -155.11409, 19.88061 ], [ -155.114, 19.88063 ], [ -155.11388, 19.88068 ], [ -155.11372, 19.88054 ], [ -155.11356, 19.88047 ], [ -155.11333, 19.88048 ], [ -155.11308, 19.88058 ], [ -155.11295, 19.8806 ], [ -155.11272, 19.88068 ], [ -155.11269, 19.88064 ], [ -155.11265, 19.88044 ], [ -155.11261, 19.88035 ], [ -155.11253, 19.88031 ], [ -155.11241, 19.88029 ], [ -155.11228, 19.88031 ], [ -155.11224, 19.88035 ], [ -155.11219, 19.88055 ], [ -155.11212, 19.88061 ], [ -155.11194, 19.88061 ], [ -155.11183, 19.88059 ], [ -155.11182, 19.8805 ], [ -155.11168, 19.88023 ], [ -155.11169, 19.88015 ], [ -155.11173, 19.8801 ], [ -155.11172, 19.88007 ], [ -155.11161, 19.87996 ], [ -155.11142, 19.87982 ], [ -155.11135, 19.87979 ], [ -155.11124, 19.87984 ], [ -155.11103, 19.87978 ], [ -155.1109, 19.87943 ], [ -155.11084, 19.87939 ], [ -155.11053, 19.87926 ], [ -155.11043, 19.87934 ], [ -155.11026, 19.87939 ], [ -155.1102, 19.87936 ], [ -155.10994, 19.87911 ], [ -155.10968, 19.8787 ], [ -155.10952, 19.87837 ], [ -155.10949, 19.87822 ], [ -155.10952, 19.87806 ], [ -155.1096, 19.87793 ], [ -155.10973, 19.87765 ], [ -155.10986, 19.87739 ], [ -155.11007, 19.87719 ], [ -155.11015, 19.87682 ], [ -155.11025, 19.87656 ], [ -155.11039, 19.87637 ], [ -155.11038, 19.87632 ], [ -155.11025, 19.87618 ], [ -155.11023, 19.87608 ], [ -155.1101, 19.87592 ], [ -155.10988, 19.8757 ], [ -155.10982, 19.87561 ], [ -155.10975, 19.87537 ], [ -155.10971, 19.87533 ], [ -155.10962, 19.87531 ], [ -155.10941, 19.87536 ], [ -155.10911, 19.87537 ], [ -155.10906, 19.87534 ], [ -155.10893, 19.87516 ], [ -155.10888, 19.87514 ], [ -155.10886, 19.87515 ], [ -155.10884, 19.8752 ], [ -155.10874, 19.87529 ], [ -155.10871, 19.8754 ], [ -155.10865, 19.87541 ], [ -155.10861, 19.87538 ], [ -155.1086, 19.87531 ], [ -155.10869, 19.87516 ], [ -155.10872, 19.87496 ], [ -155.10869, 19.8749 ], [ -155.10832, 19.8748 ], [ -155.10832, 19.87476 ], [ -155.10825, 19.87473 ], [ -155.10822, 19.87466 ], [ -155.10821, 19.87461 ], [ -155.10801, 19.87447 ], [ -155.1079, 19.87429 ], [ -155.10786, 19.8742 ], [ -155.10778, 19.87418 ], [ -155.10754, 19.87416 ], [ -155.10743, 19.87397 ], [ -155.10734, 19.87387 ], [ -155.10737, 19.87373 ], [ -155.10735, 19.87364 ], [ -155.10729, 19.8736 ], [ -155.10719, 19.87357 ], [ -155.10716, 19.87354 ], [ -155.10716, 19.87346 ], [ -155.10711, 19.87342 ], [ -155.10693, 19.87338 ], [ -155.10688, 19.87333 ], [ -155.10684, 19.87326 ], [ -155.10682, 19.87303 ], [ -155.10669, 19.87274 ], [ -155.10662, 19.87266 ], [ -155.10648, 19.8724 ], [ -155.10651, 19.87227 ], [ -155.10649, 19.87216 ], [ -155.10637, 19.87206 ], [ -155.10634, 19.87196 ], [ -155.10626, 19.87167 ], [ -155.10628, 19.87159 ], [ -155.10614, 19.87142 ], [ -155.10591, 19.87115 ], [ -155.10572, 19.87086 ], [ -155.10543, 19.87041 ], [ -155.1053, 19.87015 ], [ -155.1052, 19.87 ], [ -155.10515, 19.86998 ], [ -155.10497, 19.86977 ], [ -155.10491, 19.86974 ], [ -155.10462, 19.86965 ], [ -155.10427, 19.86967 ], [ -155.10398, 19.86964 ], [ -155.10391, 19.86967 ], [ -155.10373, 19.86976 ], [ -155.10361, 19.86977 ], [ -155.10346, 19.86971 ], [ -155.10342, 19.86974 ], [ -155.10341, 19.8698 ], [ -155.10335, 19.86996 ], [ -155.10317, 19.87006 ], [ -155.10309, 19.87007 ], [ -155.10305, 19.87005 ], [ -155.1028, 19.86997 ], [ -155.10268, 19.86998 ], [ -155.10261, 19.87001 ], [ -155.10258, 19.86999 ], [ -155.10255, 19.86995 ], [ -155.10255, 19.86987 ], [ -155.10259, 19.86974 ], [ -155.10282, 19.86946 ], [ -155.10285, 19.86931 ], [ -155.10275, 19.86928 ], [ -155.1026, 19.86928 ], [ -155.10245, 19.8692 ], [ -155.10272, 19.86904 ], [ -155.10269, 19.86889 ], [ -155.10245, 19.86883 ], [ -155.1024, 19.86876 ], [ -155.10228, 19.86873 ], [ -155.10224, 19.86867 ], [ -155.10222, 19.8686 ], [ -155.10219, 19.86857 ], [ -155.10181, 19.86849 ], [ -155.10156, 19.86845 ], [ -155.10153, 19.86842 ], [ -155.10149, 19.86831 ], [ -155.10136, 19.86808 ], [ -155.10128, 19.86804 ], [ -155.10104, 19.86789 ], [ -155.10076, 19.86781 ], [ -155.10069, 19.86782 ], [ -155.10052, 19.86775 ], [ -155.10031, 19.86771 ], [ -155.10012, 19.86763 ], [ -155.09985, 19.8676 ], [ -155.09966, 19.86765 ], [ -155.09954, 19.86766 ], [ -155.09938, 19.8676 ], [ -155.09933, 19.86761 ], [ -155.09925, 19.8677 ], [ -155.09874, 19.86799 ], [ -155.09864, 19.86807 ], [ -155.09859, 19.86836 ], [ -155.09854, 19.86847 ], [ -155.09825, 19.86853 ], [ -155.09809, 19.86859 ], [ -155.09793, 19.86871 ], [ -155.09778, 19.86888 ], [ -155.09765, 19.86887 ], [ -155.09751, 19.86892 ], [ -155.09742, 19.8689 ], [ -155.09733, 19.86891 ], [ -155.09726, 19.86896 ], [ -155.09712, 19.86902 ], [ -155.09704, 19.86899 ], [ -155.0968, 19.86881 ], [ -155.09671, 19.86878 ], [ -155.09658, 19.86868 ], [ -155.09637, 19.86845 ], [ -155.09637, 19.86813 ], [ -155.0964, 19.86807 ], [ -155.09704, 19.86798 ], [ -155.09722, 19.86799 ], [ -155.09729, 19.86795 ], [ -155.09736, 19.86788 ], [ -155.09749, 19.86777 ], [ -155.09765, 19.8677 ], [ -155.0979, 19.8676 ], [ -155.09799, 19.86753 ], [ -155.09803, 19.86748 ], [ -155.09801, 19.8674 ], [ -155.09776, 19.86722 ], [ -155.09773, 19.86714 ], [ -155.09776, 19.86705 ], [ -155.09782, 19.867 ], [ -155.09784, 19.86695 ], [ -155.09784, 19.8669 ], [ -155.09779, 19.86687 ], [ -155.0978, 19.86674 ], [ -155.09777, 19.86668 ], [ -155.09771, 19.86667 ], [ -155.09762, 19.8667 ], [ -155.09756, 19.86663 ], [ -155.09752, 19.86662 ], [ -155.09741, 19.86669 ], [ -155.09735, 19.86664 ], [ -155.09735, 19.86652 ], [ -155.09742, 19.86637 ], [ -155.09734, 19.86625 ], [ -155.09727, 19.8661 ], [ -155.09722, 19.86607 ], [ -155.09715, 19.86608 ], [ -155.09698, 19.86612 ], [ -155.09694, 19.86608 ], [ -155.09694, 19.86601 ], [ -155.09691, 19.86598 ], [ -155.0966, 19.86593 ], [ -155.09657, 19.86583 ], [ -155.09662, 19.86577 ], [ -155.0966, 19.8657 ], [ -155.09658, 19.86566 ], [ -155.09654, 19.86565 ], [ -155.09647, 19.86571 ], [ -155.09643, 19.86575 ], [ -155.09633, 19.86579 ], [ -155.09624, 19.86577 ], [ -155.09619, 19.86572 ], [ -155.09614, 19.8656 ], [ -155.09628, 19.86524 ], [ -155.09628, 19.8652 ], [ -155.09613, 19.86519 ], [ -155.09591, 19.86526 ], [ -155.09586, 19.86523 ], [ -155.09586, 19.86516 ], [ -155.09592, 19.86501 ], [ -155.09591, 19.86498 ], [ -155.09587, 19.86497 ], [ -155.09552, 19.86508 ], [ -155.09546, 19.86509 ], [ -155.09535, 19.86508 ], [ -155.09506, 19.86504 ], [ -155.09493, 19.86507 ], [ -155.09432, 19.86524 ], [ -155.0939, 19.86514 ], [ -155.09373, 19.86507 ], [ -155.09362, 19.86483 ], [ -155.0935, 19.86478 ], [ -155.09328, 19.86467 ], [ -155.09318, 19.86469 ], [ -155.09305, 19.86483 ], [ -155.09302, 19.86492 ], [ -155.09304, 19.86503 ], [ -155.09298, 19.8651 ], [ -155.09297, 19.86517 ], [ -155.09301, 19.86527 ], [ -155.09296, 19.86529 ], [ -155.09291, 19.86528 ], [ -155.09279, 19.86515 ], [ -155.09254, 19.86503 ], [ -155.09223, 19.86498 ], [ -155.09218, 19.86496 ], [ -155.09218, 19.86489 ], [ -155.09226, 19.86474 ], [ -155.09221, 19.86471 ], [ -155.09208, 19.86472 ], [ -155.092, 19.86479 ], [ -155.09192, 19.86474 ], [ -155.09191, 19.86459 ], [ -155.09201, 19.8644 ], [ -155.09198, 19.86434 ], [ -155.09192, 19.86428 ], [ -155.09189, 19.86417 ], [ -155.09178, 19.86417 ], [ -155.0917, 19.86402 ], [ -155.09169, 19.8639 ], [ -155.09172, 19.86381 ], [ -155.09171, 19.86374 ], [ -155.09165, 19.86369 ], [ -155.09158, 19.86366 ], [ -155.09134, 19.86345 ], [ -155.09128, 19.86343 ], [ -155.09113, 19.86346 ], [ -155.09101, 19.86338 ], [ -155.09087, 19.86324 ], [ -155.09073, 19.86324 ], [ -155.0906, 19.86319 ], [ -155.09053, 19.86315 ], [ -155.09049, 19.86306 ], [ -155.0905, 19.86299 ], [ -155.09055, 19.86294 ], [ -155.09056, 19.86289 ], [ -155.09045, 19.86287 ], [ -155.0903, 19.8629 ], [ -155.09025, 19.8628 ], [ -155.09027, 19.86272 ], [ -155.09024, 19.86266 ], [ -155.09014, 19.86259 ], [ -155.09005, 19.86259 ], [ -155.09004, 19.86233 ], [ -155.09008, 19.86208 ], [ -155.09004, 19.86196 ], [ -155.08996, 19.86189 ], [ -155.08988, 19.86185 ], [ -155.08973, 19.86185 ], [ -155.08966, 19.86177 ], [ -155.08967, 19.86166 ], [ -155.08971, 19.86157 ], [ -155.08988, 19.86137 ], [ -155.08992, 19.86125 ], [ -155.08992, 19.86116 ], [ -155.08986, 19.86108 ], [ -155.08968, 19.86104 ], [ -155.08942, 19.86114 ], [ -155.08936, 19.86114 ], [ -155.08918, 19.86101 ], [ -155.08915, 19.86093 ], [ -155.08924, 19.86081 ], [ -155.08912, 19.86069 ], [ -155.08899, 19.86052 ], [ -155.08899, 19.86044 ], [ -155.08876, 19.86034 ], [ -155.0887, 19.86029 ], [ -155.08867, 19.86019 ], [ -155.08861, 19.8601 ], [ -155.08846, 19.85996 ], [ -155.08829, 19.85988 ], [ -155.08821, 19.85978 ], [ -155.08811, 19.85973 ], [ -155.08796, 19.85972 ], [ -155.08793, 19.85968 ], [ -155.08785, 19.85955 ], [ -155.08787, 19.85948 ], [ -155.08791, 19.85941 ], [ -155.08798, 19.85936 ], [ -155.08816, 19.85936 ], [ -155.08828, 19.85932 ], [ -155.08833, 19.85929 ], [ -155.08835, 19.85923 ], [ -155.08823, 19.85912 ], [ -155.08817, 19.85909 ], [ -155.0881, 19.85903 ], [ -155.08808, 19.85897 ], [ -155.08814, 19.85896 ], [ -155.08826, 19.85899 ], [ -155.08833, 19.85898 ], [ -155.08858, 19.85886 ], [ -155.08873, 19.85852 ], [ -155.08893, 19.85819 ], [ -155.08906, 19.85792 ], [ -155.08899, 19.85747 ], [ -155.08902, 19.85727 ], [ -155.08889, 19.85679 ], [ -155.08883, 19.85671 ], [ -155.08866, 19.8566 ], [ -155.08826, 19.85637 ], [ -155.08808, 19.85609 ], [ -155.08801, 19.85607 ], [ -155.08797, 19.8561 ], [ -155.08782, 19.85641 ], [ -155.08777, 19.85641 ], [ -155.08762, 19.85635 ], [ -155.08753, 19.85628 ], [ -155.08753, 19.85617 ], [ -155.08763, 19.85599 ], [ -155.08766, 19.85577 ], [ -155.08776, 19.85565 ], [ -155.08794, 19.85554 ], [ -155.08802, 19.85547 ], [ -155.08803, 19.85535 ], [ -155.08801, 19.85527 ], [ -155.08803, 19.85522 ], [ -155.08817, 19.85519 ], [ -155.08817, 19.85516 ], [ -155.08816, 19.85511 ], [ -155.08808, 19.85505 ], [ -155.08797, 19.85488 ], [ -155.08781, 19.85487 ], [ -155.08778, 19.85483 ], [ -155.0878, 19.85475 ], [ -155.08786, 19.85466 ], [ -155.08789, 19.85444 ], [ -155.08785, 19.85434 ], [ -155.08787, 19.85416 ], [ -155.08781, 19.85411 ], [ -155.08771, 19.85409 ], [ -155.0876, 19.85404 ], [ -155.08758, 19.854 ], [ -155.08759, 19.85391 ], [ -155.08769, 19.85383 ], [ -155.08791, 19.85376 ], [ -155.08791, 19.85358 ], [ -155.08783, 19.85354 ], [ -155.08761, 19.85346 ], [ -155.08759, 19.85341 ], [ -155.08752, 19.85334 ], [ -155.08741, 19.85331 ], [ -155.08737, 19.85325 ], [ -155.08739, 19.8532 ], [ -155.08734, 19.85306 ], [ -155.08726, 19.85293 ], [ -155.08698, 19.85292 ], [ -155.08688, 19.85289 ], [ -155.08677, 19.85283 ], [ -155.08663, 19.85279 ], [ -155.08649, 19.85277 ], [ -155.08618, 19.85284 ], [ -155.0861, 19.8529 ], [ -155.08599, 19.85293 ], [ -155.0859, 19.85289 ], [ -155.08527, 19.85269 ], [ -155.08506, 19.85272 ], [ -155.08486, 19.85272 ], [ -155.0846, 19.85264 ], [ -155.08437, 19.85261 ], [ -155.08412, 19.85257 ], [ -155.08392, 19.85247 ], [ -155.0838, 19.85245 ], [ -155.08354, 19.85246 ], [ -155.08347, 19.85251 ], [ -155.08333, 19.85267 ], [ -155.08322, 19.85264 ], [ -155.08318, 19.8526 ], [ -155.08315, 19.85253 ], [ -155.08315, 19.8524 ], [ -155.08329, 19.85231 ], [ -155.08339, 19.85228 ], [ -155.0835, 19.85217 ], [ -155.08373, 19.85184 ], [ -155.08386, 19.85167 ], [ -155.08383, 19.85163 ], [ -155.08376, 19.85159 ], [ -155.08352, 19.85146 ], [ -155.0834, 19.85129 ], [ -155.08327, 19.85109 ], [ -155.08328, 19.85094 ], [ -155.08344, 19.85071 ], [ -155.08353, 19.85064 ], [ -155.08363, 19.8506 ], [ -155.08379, 19.8505 ], [ -155.08397, 19.85014 ], [ -155.08398, 19.85004 ], [ -155.08403, 19.84994 ], [ -155.08407, 19.84972 ], [ -155.08408, 19.84932 ], [ -155.08403, 19.8491 ], [ -155.08389, 19.84885 ], [ -155.08378, 19.84873 ], [ -155.08363, 19.84869 ], [ -155.08325, 19.84861 ], [ -155.08311, 19.84857 ], [ -155.08295, 19.84844 ], [ -155.08282, 19.84828 ], [ -155.08275, 19.84822 ], [ -155.08257, 19.84817 ], [ -155.08233, 19.8482 ], [ -155.08212, 19.84816 ], [ -155.08198, 19.84808 ], [ -155.08198, 19.84801 ], [ -155.08203, 19.84792 ], [ -155.08208, 19.84788 ], [ -155.08207, 19.84779 ], [ -155.08204, 19.84771 ], [ -155.08209, 19.84765 ], [ -155.08208, 19.8476 ], [ -155.08195, 19.84749 ], [ -155.0819, 19.84748 ], [ -155.08177, 19.84752 ], [ -155.0817, 19.84751 ], [ -155.08166, 19.84747 ], [ -155.0817, 19.84729 ], [ -155.08181, 19.84717 ], [ -155.0818, 19.84712 ], [ -155.08163, 19.84702 ], [ -155.08159, 19.84695 ], [ -155.08159, 19.84677 ], [ -155.08154, 19.84648 ], [ -155.08156, 19.84634 ], [ -155.08169, 19.84617 ], [ -155.08177, 19.84612 ], [ -155.08184, 19.84603 ], [ -155.08206, 19.84567 ], [ -155.08216, 19.84552 ], [ -155.08247, 19.84525 ], [ -155.08255, 19.84513 ], [ -155.08281, 19.84494 ], [ -155.08288, 19.84484 ], [ -155.08316, 19.84465 ], [ -155.08329, 19.84465 ], [ -155.08357, 19.84445 ], [ -155.08361, 19.84444 ], [ -155.08362, 19.84452 ], [ -155.08372, 19.84464 ], [ -155.08376, 19.84466 ], [ -155.0838, 19.84462 ], [ -155.08391, 19.84466 ], [ -155.08415, 19.84424 ], [ -155.08423, 19.84416 ], [ -155.08429, 19.84405 ], [ -155.0843, 19.84369 ], [ -155.08442, 19.8433 ], [ -155.08463, 19.84285 ], [ -155.08469, 19.84277 ], [ -155.0847, 19.84271 ], [ -155.08465, 19.84261 ], [ -155.08465, 19.84254 ], [ -155.08469, 19.84249 ], [ -155.08468, 19.84244 ], [ -155.08447, 19.84229 ], [ -155.08433, 19.84222 ], [ -155.08426, 19.84212 ], [ -155.08427, 19.84208 ], [ -155.08426, 19.84206 ], [ -155.08402, 19.84195 ], [ -155.08399, 19.84192 ], [ -155.08399, 19.84188 ], [ -155.08404, 19.84187 ], [ -155.08417, 19.84189 ], [ -155.08437, 19.84178 ], [ -155.08441, 19.84172 ], [ -155.08441, 19.84165 ], [ -155.08435, 19.84157 ], [ -155.08437, 19.8415 ], [ -155.0844, 19.84145 ], [ -155.0844, 19.84136 ], [ -155.08436, 19.84122 ], [ -155.08427, 19.8411 ], [ -155.08388, 19.84094 ], [ -155.08382, 19.84087 ], [ -155.08389, 19.84072 ], [ -155.08387, 19.84061 ], [ -155.08392, 19.8405 ], [ -155.0841, 19.84022 ], [ -155.08423, 19.83993 ], [ -155.08427, 19.8397 ], [ -155.08426, 19.83955 ], [ -155.08419, 19.83941 ], [ -155.08407, 19.83939 ], [ -155.08375, 19.83941 ], [ -155.08347, 19.83935 ], [ -155.08342, 19.8393 ], [ -155.08346, 19.83926 ], [ -155.08356, 19.83922 ], [ -155.08376, 19.83915 ], [ -155.08356, 19.83869 ], [ -155.08351, 19.83866 ], [ -155.0831, 19.83864 ], [ -155.08302, 19.83864 ], [ -155.08302, 19.83862 ], [ -155.08309, 19.83856 ], [ -155.0831, 19.83847 ], [ -155.08333, 19.83849 ], [ -155.08335, 19.83841 ], [ -155.08299, 19.83768 ], [ -155.08294, 19.83761 ], [ -155.08291, 19.83762 ], [ -155.08274, 19.83759 ], [ -155.0827, 19.83754 ], [ -155.08271, 19.83742 ], [ -155.08282, 19.83733 ], [ -155.08297, 19.83728 ], [ -155.08314, 19.83715 ], [ -155.08313, 19.83711 ], [ -155.08286, 19.83698 ], [ -155.08278, 19.83692 ], [ -155.08274, 19.83685 ], [ -155.08275, 19.83681 ], [ -155.08278, 19.83678 ], [ -155.08299, 19.8367 ], [ -155.08329, 19.83665 ], [ -155.08339, 19.83655 ], [ -155.08334, 19.83621 ], [ -155.08329, 19.83617 ], [ -155.08318, 19.83612 ], [ -155.08299, 19.83612 ], [ -155.08292, 19.83613 ], [ -155.08286, 19.8362 ], [ -155.08277, 19.83621 ], [ -155.08264, 19.83617 ], [ -155.08238, 19.836 ], [ -155.08228, 19.83595 ], [ -155.08228, 19.8359 ], [ -155.08232, 19.83585 ], [ -155.0825, 19.83576 ], [ -155.08259, 19.83568 ], [ -155.08268, 19.83565 ], [ -155.08279, 19.83565 ], [ -155.08285, 19.83559 ], [ -155.08288, 19.83551 ], [ -155.08285, 19.83535 ], [ -155.08294, 19.83511 ], [ -155.08307, 19.83496 ], [ -155.08318, 19.83472 ], [ -155.08331, 19.83458 ], [ -155.08344, 19.83448 ], [ -155.08357, 19.83442 ], [ -155.08363, 19.83437 ], [ -155.08367, 19.83428 ], [ -155.0837, 19.83386 ], [ -155.08374, 19.83363 ], [ -155.08372, 19.8333 ], [ -155.08364, 19.83304 ], [ -155.08363, 19.83293 ], [ -155.08369, 19.83264 ], [ -155.08366, 19.83246 ], [ -155.08373, 19.83219 ], [ -155.08379, 19.8321 ], [ -155.08382, 19.83199 ], [ -155.08382, 19.83185 ], [ -155.08369, 19.83153 ], [ -155.08371, 19.83145 ], [ -155.08376, 19.83142 ], [ -155.08388, 19.83143 ], [ -155.08397, 19.8314 ], [ -155.08408, 19.83134 ], [ -155.08418, 19.83119 ], [ -155.08422, 19.8311 ], [ -155.0842, 19.83107 ], [ -155.08402, 19.83102 ], [ -155.08403, 19.83096 ], [ -155.08407, 19.83089 ], [ -155.08411, 19.83084 ], [ -155.08433, 19.83077 ], [ -155.08447, 19.83072 ], [ -155.08459, 19.8306 ], [ -155.08461, 19.83056 ], [ -155.08463, 19.83041 ], [ -155.0846, 19.83035 ], [ -155.08449, 19.83024 ], [ -155.08451, 19.83021 ], [ -155.0847, 19.8301 ], [ -155.08484, 19.82995 ], [ -155.08486, 19.82974 ], [ -155.08479, 19.82962 ], [ -155.08482, 19.82946 ], [ -155.08486, 19.82938 ], [ -155.08497, 19.82925 ], [ -155.08508, 19.82889 ], [ -155.08523, 19.82876 ], [ -155.08526, 19.8286 ], [ -155.08526, 19.8284 ], [ -155.08534, 19.82825 ], [ -155.08535, 19.828 ], [ -155.08538, 19.82791 ], [ -155.08547, 19.82777 ], [ -155.08549, 19.82769 ], [ -155.08549, 19.82755 ], [ -155.08563, 19.82689 ], [ -155.08565, 19.82674 ], [ -155.08559, 19.82671 ], [ -155.08543, 19.82668 ], [ -155.08536, 19.82662 ], [ -155.08527, 19.82647 ], [ -155.0851, 19.82635 ], [ -155.08517, 19.82626 ], [ -155.08521, 19.82613 ], [ -155.08527, 19.82607 ], [ -155.08535, 19.82606 ], [ -155.08552, 19.82617 ], [ -155.08567, 19.82604 ], [ -155.08589, 19.82594 ], [ -155.08593, 19.82587 ], [ -155.08603, 19.82581 ], [ -155.08628, 19.82573 ], [ -155.08653, 19.8255 ], [ -155.08664, 19.82544 ], [ -155.08673, 19.82534 ], [ -155.08671, 19.82528 ], [ -155.0866, 19.82523 ], [ -155.08661, 19.82518 ], [ -155.08661, 19.82506 ], [ -155.08657, 19.82502 ], [ -155.08663, 19.82488 ], [ -155.08646, 19.82458 ], [ -155.08639, 19.82442 ], [ -155.08638, 19.82439 ], [ -155.08636, 19.82422 ], [ -155.0862, 19.82383 ], [ -155.08615, 19.82377 ], [ -155.08632, 19.82366 ], [ -155.0864, 19.82361 ], [ -155.08656, 19.82342 ], [ -155.08672, 19.82331 ], [ -155.08677, 19.82318 ], [ -155.08692, 19.82307 ], [ -155.08703, 19.82284 ], [ -155.08726, 19.82276 ], [ -155.08722, 19.82253 ], [ -155.08742, 19.82231 ], [ -155.08754, 19.82213 ], [ -155.08753, 19.82189 ], [ -155.08771, 19.82156 ], [ -155.08794, 19.82142 ], [ -155.088, 19.82119 ], [ -155.08824, 19.821 ], [ -155.08839, 19.82081 ], [ -155.08843, 19.82072 ], [ -155.08847, 19.82066 ], [ -155.0885, 19.82058 ], [ -155.08869, 19.82046 ], [ -155.08876, 19.82039 ], [ -155.0888, 19.8203 ], [ -155.08885, 19.82026 ], [ -155.08896, 19.82023 ], [ -155.0892, 19.82021 ], [ -155.09007, 19.82049 ], [ -155.09017, 19.82053 ], [ -155.09025, 19.82054 ], [ -155.09067, 19.82049 ], [ -155.09077, 19.82052 ], [ -155.09099, 19.82054 ], [ -155.09117, 19.82064 ], [ -155.09126, 19.82071 ], [ -155.09148, 19.82067 ], [ -155.09167, 19.82058 ], [ -155.09154, 19.82044 ], [ -155.09132, 19.8204 ], [ -155.09119, 19.82034 ], [ -155.09105, 19.82031 ], [ -155.09091, 19.82032 ], [ -155.09067, 19.82042 ], [ -155.09041, 19.82034 ], [ -155.09024, 19.82032 ], [ -155.09005, 19.82029 ], [ -155.08961, 19.82009 ], [ -155.08948, 19.82005 ], [ -155.08927, 19.82005 ], [ -155.08907, 19.82011 ], [ -155.08888, 19.82013 ], [ -155.08872, 19.82014 ], [ -155.08858, 19.8201 ], [ -155.0885, 19.82003 ], [ -155.08829, 19.82001 ], [ -155.08821, 19.81996 ], [ -155.08813, 19.81985 ], [ -155.08812, 19.81973 ], [ -155.08823, 19.81962 ], [ -155.08831, 19.81948 ], [ -155.08821, 19.8193 ], [ -155.0881, 19.81914 ], [ -155.08803, 19.81901 ], [ -155.08803, 19.81863 ], [ -155.08799, 19.81855 ], [ -155.08789, 19.81846 ], [ -155.08784, 19.81835 ], [ -155.08778, 19.81804 ], [ -155.08783, 19.81794 ], [ -155.08811, 19.81774 ], [ -155.08824, 19.81765 ], [ -155.08845, 19.81734 ], [ -155.08851, 19.81731 ], [ -155.08854, 19.81727 ], [ -155.08855, 19.81722 ], [ -155.0885, 19.81704 ], [ -155.0885, 19.81693 ], [ -155.08864, 19.81673 ], [ -155.08875, 19.81669 ], [ -155.08879, 19.81662 ], [ -155.08891, 19.81651 ], [ -155.08888, 19.81639 ], [ -155.08889, 19.81633 ], [ -155.08904, 19.81623 ], [ -155.08908, 19.81615 ], [ -155.08906, 19.81598 ], [ -155.08912, 19.81577 ], [ -155.08918, 19.8157 ], [ -155.08918, 19.81562 ], [ -155.08935, 19.8154 ], [ -155.08949, 19.8153 ], [ -155.08961, 19.81513 ], [ -155.08983, 19.815 ], [ -155.0901, 19.81482 ], [ -155.09013, 19.81478 ], [ -155.09014, 19.81469 ], [ -155.09011, 19.81433 ], [ -155.09, 19.81394 ], [ -155.09, 19.81378 ], [ -155.09002, 19.81363 ], [ -155.09013, 19.81344 ], [ -155.09025, 19.81334 ], [ -155.09071, 19.81318 ], [ -155.0908, 19.8131 ], [ -155.09086, 19.81292 ], [ -155.09093, 19.81252 ], [ -155.09106, 19.81244 ], [ -155.09122, 19.81237 ], [ -155.09139, 19.81228 ], [ -155.09151, 19.81215 ], [ -155.09156, 19.81194 ], [ -155.09154, 19.81161 ], [ -155.09145, 19.81135 ], [ -155.09139, 19.81122 ], [ -155.09133, 19.81116 ], [ -155.0912, 19.81112 ], [ -155.09109, 19.8111 ], [ -155.09097, 19.81112 ], [ -155.09079, 19.81121 ], [ -155.09063, 19.81117 ], [ -155.09053, 19.81102 ], [ -155.0905, 19.81094 ], [ -155.09032, 19.81088 ], [ -155.09014, 19.81088 ], [ -155.08994, 19.81084 ], [ -155.08962, 19.81062 ], [ -155.08955, 19.8106 ], [ -155.08933, 19.81061 ], [ -155.08928, 19.81064 ], [ -155.08922, 19.81063 ], [ -155.08914, 19.81047 ], [ -155.08912, 19.81041 ], [ -155.08915, 19.81035 ], [ -155.08931, 19.8103 ], [ -155.0894, 19.81016 ], [ -155.08951, 19.81011 ], [ -155.08972, 19.81025 ], [ -155.08989, 19.81037 ], [ -155.08997, 19.81039 ], [ -155.09019, 19.81032 ], [ -155.09034, 19.8103 ], [ -155.09046, 19.81036 ], [ -155.09053, 19.81042 ], [ -155.09067, 19.81044 ], [ -155.09075, 19.81042 ], [ -155.09121, 19.81041 ], [ -155.09152, 19.81044 ], [ -155.09176, 19.81043 ], [ -155.0924, 19.8105 ], [ -155.09243, 19.81046 ], [ -155.09243, 19.81038 ], [ -155.09254, 19.81043 ], [ -155.09268, 19.81054 ], [ -155.0927, 19.81062 ], [ -155.09277, 19.81069 ], [ -155.093, 19.81077 ], [ -155.09312, 19.81078 ], [ -155.09572, 19.81295 ], [ -155.10759, 19.82701 ], [ -155.11402, 19.84001 ], [ -155.12279, 19.86296 ], [ -155.12824, 19.87497 ], [ -155.13627, 19.88806 ], [ -155.14532, 19.89652 ], [ -155.15214, 19.906 ], [ -155.16098, 19.91486 ], [ -155.17495, 19.92447 ], [ -155.18497, 19.93352 ], [ -155.19358, 19.94118 ], [ -155.22151, 19.95819 ], [ -155.22959, 19.96574 ], [ -155.23837, 19.97782 ], [ -155.24254, 19.98804 ], [ -155.24503, 19.99435 ], [ -155.24478, 19.99437 ], [ -155.24457, 19.99437 ] ] ] ] } },
{ "type": "Feature", "properties": { "objectid": 22, "solar_cal": "400-450", "st_areasha": 23682630.346380323, "st_perimet": 51364.566109005165 }, "geometry": { "type": "MultiPolygon", "coordinates": [ [ [ [ -155.55655, 20.12867 ], [ -155.55658, 20.12837 ], [ -155.55654, 20.12833 ], [ -155.55636, 20.12839 ], [ -155.5563, 20.12847 ], [ -155.55625, 20.12842 ], [ -155.55623, 20.12843 ], [ -155.55611, 20.12857 ], [ -155.55604, 20.12861 ], [ -155.55596, 20.12856 ], [ -155.55574, 20.12822 ], [ -155.55567, 20.12815 ], [ -155.55546, 20.12803 ], [ -155.55541, 20.12798 ], [ -155.55528, 20.12792 ], [ -155.55483, 20.12777 ], [ -155.55363, 20.12762 ], [ -155.5534, 20.12754 ], [ -155.55303, 20.12753 ], [ -155.55264, 20.12744 ], [ -155.55243, 20.12736 ], [ -155.55223, 20.1272 ], [ -155.55185, 20.12718 ], [ -155.55172, 20.12721 ], [ -155.55155, 20.12723 ], [ -155.55144, 20.12727 ], [ -155.55129, 20.1273 ], [ -155.55124, 20.12733 ], [ -155.55115, 20.12735 ], [ -155.55109, 20.12737 ], [ -155.55086, 20.12746 ], [ -155.55076, 20.12752 ], [ -155.5507, 20.12749 ], [ -155.5506, 20.12723 ], [ -155.55052, 20.12701 ], [ -155.5504, 20.12693 ], [ -155.54999, 20.12689 ], [ -155.54987, 20.12681 ], [ -155.54957, 20.12661 ], [ -155.54945, 20.12663 ], [ -155.54941, 20.12677 ], [ -155.54934, 20.12687 ], [ -155.54929, 20.12688 ], [ -155.54908, 20.12682 ], [ -155.54897, 20.12673 ], [ -155.54893, 20.12661 ], [ -155.54895, 20.12653 ], [ -155.54905, 20.12637 ], [ -155.54901, 20.12622 ], [ -155.54896, 20.12608 ], [ -155.54885, 20.12571 ], [ -155.54869, 20.12542 ], [ -155.54843, 20.12516 ], [ -155.54828, 20.1251 ], [ -155.54781, 20.12506 ], [ -155.54769, 20.12498 ], [ -155.5476, 20.12478 ], [ -155.54749, 20.12461 ], [ -155.54738, 20.12455 ], [ -155.54714, 20.12437 ], [ -155.54698, 20.1243 ], [ -155.54667, 20.12425 ], [ -155.54635, 20.1243 ], [ -155.54598, 20.12429 ], [ -155.54578, 20.12425 ], [ -155.54569, 20.1242 ], [ -155.54557, 20.12409 ], [ -155.54552, 20.12397 ], [ -155.54542, 20.12386 ], [ -155.5452, 20.1237 ], [ -155.54514, 20.12368 ], [ -155.54459, 20.12362 ], [ -155.54398, 20.12354 ], [ -155.54368, 20.12347 ], [ -155.54357, 20.1234 ], [ -155.54338, 20.12319 ], [ -155.54323, 20.12305 ], [ -155.54299, 20.12294 ], [ -155.54272, 20.12286 ], [ -155.54255, 20.12288 ], [ -155.54231, 20.12298 ], [ -155.54223, 20.12306 ], [ -155.5421, 20.12315 ], [ -155.54198, 20.12318 ], [ -155.54173, 20.12292 ], [ -155.54165, 20.12288 ], [ -155.54156, 20.12284 ], [ -155.5414, 20.12282 ], [ -155.54126, 20.12286 ], [ -155.54119, 20.12283 ], [ -155.54097, 20.12225 ], [ -155.54086, 20.12211 ], [ -155.54081, 20.12209 ], [ -155.54068, 20.12207 ], [ -155.54038, 20.12213 ], [ -155.54027, 20.1221 ], [ -155.54014, 20.12202 ], [ -155.54004, 20.12193 ], [ -155.53997, 20.12191 ], [ -155.53973, 20.12188 ], [ -155.53923, 20.12177 ], [ -155.53913, 20.12173 ], [ -155.53902, 20.12167 ], [ -155.53892, 20.12153 ], [ -155.5389, 20.12146 ], [ -155.53872, 20.12127 ], [ -155.53843, 20.12105 ], [ -155.53811, 20.12102 ], [ -155.53808, 20.12097 ], [ -155.53814, 20.12079 ], [ -155.53812, 20.12066 ], [ -155.53793, 20.12031 ], [ -155.53754, 20.11985 ], [ -155.53735, 20.11968 ], [ -155.53726, 20.11954 ], [ -155.53714, 20.11942 ], [ -155.5368, 20.11927 ], [ -155.5366, 20.11923 ], [ -155.53646, 20.11926 ], [ -155.53632, 20.11929 ], [ -155.53618, 20.11929 ], [ -155.53608, 20.11923 ], [ -155.53579, 20.11918 ], [ -155.5353, 20.11926 ], [ -155.53485, 20.11934 ], [ -155.53452, 20.11936 ], [ -155.5342, 20.11932 ], [ -155.53398, 20.1193 ], [ -155.53357, 20.11939 ], [ -155.53345, 20.11936 ], [ -155.53308, 20.11936 ], [ -155.53279, 20.1193 ], [ -155.5327, 20.11928 ], [ -155.53242, 20.11928 ], [ -155.53227, 20.11935 ], [ -155.53213, 20.11944 ], [ -155.53207, 20.1196 ], [ -155.53201, 20.1197 ], [ -155.53192, 20.11976 ], [ -155.5319, 20.11982 ], [ -155.53193, 20.11987 ], [ -155.53213, 20.11995 ], [ -155.53217, 20.12004 ], [ -155.53217, 20.12012 ], [ -155.53195, 20.12038 ], [ -155.53172, 20.12063 ], [ -155.53157, 20.12072 ], [ -155.53144, 20.12069 ], [ -155.53131, 20.12048 ], [ -155.53129, 20.12021 ], [ -155.53123, 20.12015 ], [ -155.53099, 20.12002 ], [ -155.53087, 20.11973 ], [ -155.53071, 20.11966 ], [ -155.53061, 20.11968 ], [ -155.53049, 20.11968 ], [ -155.53032, 20.11959 ], [ -155.53016, 20.11956 ], [ -155.53005, 20.11959 ], [ -155.52997, 20.11957 ], [ -155.52973, 20.11956 ], [ -155.52959, 20.11947 ], [ -155.5295, 20.11946 ], [ -155.52939, 20.11956 ], [ -155.52922, 20.11961 ], [ -155.52917, 20.11955 ], [ -155.52918, 20.11946 ], [ -155.52918, 20.11928 ], [ -155.52913, 20.11927 ], [ -155.52901, 20.11932 ], [ -155.52869, 20.11937 ], [ -155.52846, 20.11932 ], [ -155.52839, 20.11926 ], [ -155.52831, 20.11914 ], [ -155.52833, 20.11897 ], [ -155.52842, 20.11879 ], [ -155.52841, 20.11874 ], [ -155.52839, 20.11874 ], [ -155.52818, 20.11863 ], [ -155.52799, 20.11844 ], [ -155.52797, 20.11837 ], [ -155.52796, 20.1182 ], [ -155.52789, 20.11805 ], [ -155.52769, 20.11787 ], [ -155.52744, 20.1178 ], [ -155.5273, 20.11781 ], [ -155.52687, 20.11796 ], [ -155.52658, 20.11795 ], [ -155.52623, 20.11789 ], [ -155.52572, 20.11774 ], [ -155.52553, 20.1177 ], [ -155.52543, 20.11772 ], [ -155.52515, 20.11767 ], [ -155.52474, 20.11748 ], [ -155.52464, 20.11747 ], [ -155.52427, 20.11739 ], [ -155.52416, 20.1174 ], [ -155.52407, 20.11739 ], [ -155.52381, 20.11733 ], [ -155.52352, 20.11729 ], [ -155.52329, 20.11731 ], [ -155.52297, 20.11724 ], [ -155.52288, 20.11719 ], [ -155.52256, 20.11719 ], [ -155.52251, 20.11716 ], [ -155.5224, 20.11714 ], [ -155.52178, 20.11727 ], [ -155.5216, 20.11726 ], [ -155.52115, 20.11702 ], [ -155.52092, 20.11684 ], [ -155.52083, 20.1168 ], [ -155.52077, 20.11675 ], [ -155.52077, 20.11667 ], [ -155.52085, 20.1164 ], [ -155.52083, 20.11631 ], [ -155.52055, 20.11609 ], [ -155.52041, 20.11597 ], [ -155.5202, 20.11568 ], [ -155.51979, 20.11551 ], [ -155.51951, 20.1153 ], [ -155.51923, 20.1152 ], [ -155.51911, 20.1151 ], [ -155.51907, 20.115 ], [ -155.51898, 20.11499 ], [ -155.51872, 20.11483 ], [ -155.51861, 20.11473 ], [ -155.51857, 20.11473 ], [ -155.5185, 20.11484 ], [ -155.51827, 20.11502 ], [ -155.51821, 20.11502 ], [ -155.51817, 20.115 ], [ -155.51797, 20.11474 ], [ -155.51789, 20.1147 ], [ -155.51769, 20.11487 ], [ -155.51753, 20.11494 ], [ -155.51745, 20.11492 ], [ -155.51735, 20.11482 ], [ -155.51723, 20.11454 ], [ -155.51718, 20.11447 ], [ -155.51715, 20.11451 ], [ -155.51706, 20.11459 ], [ -155.517, 20.11458 ], [ -155.51696, 20.11453 ], [ -155.51685, 20.11434 ], [ -155.51685, 20.11424 ], [ -155.51679, 20.1142 ], [ -155.51661, 20.11428 ], [ -155.51649, 20.11418 ], [ -155.51633, 20.11422 ], [ -155.51622, 20.11419 ], [ -155.51616, 20.11414 ], [ -155.5162, 20.11398 ], [ -155.51619, 20.11388 ], [ -155.51616, 20.11384 ], [ -155.51605, 20.11379 ], [ -155.51584, 20.11364 ], [ -155.51581, 20.11358 ], [ -155.51582, 20.1134 ], [ -155.51582, 20.11322 ], [ -155.51576, 20.11312 ], [ -155.51551, 20.11305 ], [ -155.51542, 20.11285 ], [ -155.51528, 20.11279 ], [ -155.51498, 20.11255 ], [ -155.51478, 20.11241 ], [ -155.51459, 20.11231 ], [ -155.51446, 20.11215 ], [ -155.51422, 20.11209 ], [ -155.51396, 20.112 ], [ -155.51386, 20.1119 ], [ -155.51373, 20.11183 ], [ -155.5133, 20.11183 ], [ -155.51316, 20.11193 ], [ -155.51299, 20.11192 ], [ -155.51291, 20.11186 ], [ -155.51252, 20.11174 ], [ -155.51229, 20.11175 ], [ -155.51156, 20.1119 ], [ -155.51123, 20.11184 ], [ -155.51104, 20.11176 ], [ -155.51088, 20.11173 ], [ -155.51059, 20.11176 ], [ -155.51028, 20.1117 ], [ -155.50969, 20.11168 ], [ -155.50935, 20.11173 ], [ -155.50922, 20.11176 ], [ -155.50906, 20.11173 ], [ -155.50883, 20.11159 ], [ -155.50858, 20.11156 ], [ -155.50827, 20.11145 ], [ -155.50811, 20.11145 ], [ -155.50801, 20.1115 ], [ -155.50783, 20.11161 ], [ -155.50777, 20.11168 ], [ -155.50763, 20.11194 ], [ -155.50756, 20.11204 ], [ -155.50729, 20.11227 ], [ -155.50721, 20.11244 ], [ -155.5071, 20.113 ], [ -155.50701, 20.11322 ], [ -155.50697, 20.11324 ], [ -155.5068, 20.11331 ], [ -155.50645, 20.11332 ], [ -155.5061, 20.11318 ], [ -155.50598, 20.11303 ], [ -155.50592, 20.11299 ], [ -155.50583, 20.11289 ], [ -155.50571, 20.11263 ], [ -155.50556, 20.11251 ], [ -155.50546, 20.11249 ], [ -155.50541, 20.11255 ], [ -155.50534, 20.11271 ], [ -155.50525, 20.11288 ], [ -155.50522, 20.11289 ], [ -155.50511, 20.1129 ], [ -155.50499, 20.11286 ], [ -155.50489, 20.11279 ], [ -155.50481, 20.11248 ], [ -155.50466, 20.11226 ], [ -155.50445, 20.11199 ], [ -155.50414, 20.11179 ], [ -155.50388, 20.11168 ], [ -155.50378, 20.11168 ], [ -155.50361, 20.11179 ], [ -155.50357, 20.11179 ], [ -155.50346, 20.1117 ], [ -155.50339, 20.11158 ], [ -155.50329, 20.11153 ], [ -155.50296, 20.11144 ], [ -155.50285, 20.11138 ], [ -155.50259, 20.11128 ], [ -155.50237, 20.11131 ], [ -155.50216, 20.11122 ], [ -155.50185, 20.11114 ], [ -155.50146, 20.11112 ], [ -155.50145, 20.1111 ], [ -155.50131, 20.1111 ], [ -155.50125, 20.11114 ], [ -155.50118, 20.1112 ], [ -155.501, 20.11138 ], [ -155.50089, 20.11139 ], [ -155.50083, 20.11143 ], [ -155.50069, 20.1115 ], [ -155.50058, 20.11147 ], [ -155.50042, 20.11132 ], [ -155.50028, 20.11101 ], [ -155.50019, 20.11096 ], [ -155.5001, 20.11096 ], [ -155.49998, 20.11094 ], [ -155.49988, 20.11086 ], [ -155.49979, 20.11086 ], [ -155.49965, 20.11101 ], [ -155.49953, 20.11106 ], [ -155.4995, 20.11108 ], [ -155.49943, 20.11107 ], [ -155.4992, 20.11111 ], [ -155.49904, 20.11113 ], [ -155.49896, 20.11126 ], [ -155.49883, 20.11142 ], [ -155.49868, 20.11146 ], [ -155.49839, 20.11142 ], [ -155.49825, 20.11144 ], [ -155.49809, 20.11152 ], [ -155.49797, 20.11148 ], [ -155.49793, 20.11149 ], [ -155.49786, 20.11162 ], [ -155.49778, 20.11173 ], [ -155.49757, 20.11176 ], [ -155.49749, 20.11185 ], [ -155.49741, 20.11188 ], [ -155.4973, 20.11189 ], [ -155.49723, 20.11186 ], [ -155.49711, 20.11187 ], [ -155.49706, 20.11191 ], [ -155.49688, 20.1121 ], [ -155.4968, 20.11215 ], [ -155.49673, 20.11219 ], [ -155.49667, 20.11223 ], [ -155.49664, 20.11227 ], [ -155.49666, 20.11236 ], [ -155.49666, 20.11241 ], [ -155.49663, 20.11247 ], [ -155.49658, 20.1125 ], [ -155.49649, 20.1125 ], [ -155.49636, 20.11247 ], [ -155.49631, 20.11249 ], [ -155.49625, 20.11252 ], [ -155.49613, 20.11251 ], [ -155.49608, 20.11241 ], [ -155.49608, 20.11236 ], [ -155.49615, 20.11213 ], [ -155.49613, 20.11208 ], [ -155.49605, 20.11201 ], [ -155.49596, 20.11193 ], [ -155.4958, 20.11181 ], [ -155.49575, 20.11176 ], [ -155.49569, 20.11155 ], [ -155.49566, 20.11147 ], [ -155.49561, 20.11142 ], [ -155.49545, 20.11135 ], [ -155.49539, 20.11128 ], [ -155.49534, 20.11117 ], [ -155.49525, 20.11111 ], [ -155.49505, 20.11109 ], [ -155.49497, 20.11106 ], [ -155.4949, 20.111 ], [ -155.49483, 20.11093 ], [ -155.49468, 20.11075 ], [ -155.49458, 20.11066 ], [ -155.4944, 20.11053 ], [ -155.49425, 20.1104 ], [ -155.49415, 20.11026 ], [ -155.49401, 20.11014 ], [ -155.49384, 20.11 ], [ -155.49347, 20.1098 ], [ -155.4932, 20.10966 ], [ -155.49298, 20.10951 ], [ -155.49289, 20.10939 ], [ -155.49279, 20.10932 ], [ -155.49266, 20.10918 ], [ -155.49256, 20.10904 ], [ -155.4925, 20.109 ], [ -155.49245, 20.10902 ], [ -155.49242, 20.10904 ], [ -155.49237, 20.10911 ], [ -155.49235, 20.10916 ], [ -155.49229, 20.10919 ], [ -155.4922, 20.10916 ], [ -155.49204, 20.10908 ], [ -155.49188, 20.10893 ], [ -155.49181, 20.10884 ], [ -155.49176, 20.10874 ], [ -155.49163, 20.10865 ], [ -155.49157, 20.1086 ], [ -155.49149, 20.10842 ], [ -155.49144, 20.10837 ], [ -155.49136, 20.10832 ], [ -155.49097, 20.10826 ], [ -155.49092, 20.10824 ], [ -155.49087, 20.1082 ], [ -155.49079, 20.10808 ], [ -155.49073, 20.10803 ], [ -155.49062, 20.10802 ], [ -155.49053, 20.108 ], [ -155.49047, 20.10798 ], [ -155.49041, 20.1079 ], [ -155.49034, 20.10785 ], [ -155.49009, 20.10773 ], [ -155.48971, 20.10762 ], [ -155.48942, 20.10753 ], [ -155.48918, 20.10748 ], [ -155.48894, 20.10745 ], [ -155.48885, 20.10747 ], [ -155.48874, 20.10748 ], [ -155.48851, 20.10742 ], [ -155.48842, 20.10738 ], [ -155.48826, 20.10733 ], [ -155.48822, 20.10734 ], [ -155.48816, 20.10732 ], [ -155.48812, 20.10729 ], [ -155.48802, 20.10716 ], [ -155.48797, 20.10713 ], [ -155.48779, 20.10708 ], [ -155.4877, 20.10702 ], [ -155.4876, 20.10693 ], [ -155.48739, 20.1068 ], [ -155.4871, 20.1067 ], [ -155.48693, 20.10667 ], [ -155.48681, 20.10662 ], [ -155.48674, 20.10658 ], [ -155.48637, 20.1064 ], [ -155.48628, 20.10635 ], [ -155.48601, 20.10622 ], [ -155.48591, 20.10619 ], [ -155.48577, 20.10622 ], [ -155.48561, 20.10626 ], [ -155.48548, 20.10631 ], [ -155.48541, 20.10635 ], [ -155.48538, 20.1064 ], [ -155.48541, 20.10658 ], [ -155.48541, 20.10662 ], [ -155.48539, 20.10665 ], [ -155.48533, 20.10671 ], [ -155.4852, 20.10668 ], [ -155.48517, 20.1066 ], [ -155.48518, 20.10657 ], [ -155.48519, 20.10648 ], [ -155.48516, 20.10644 ], [ -155.48506, 20.1064 ], [ -155.48484, 20.10638 ], [ -155.48474, 20.10635 ], [ -155.4846, 20.10636 ], [ -155.48438, 20.10635 ], [ -155.48423, 20.10636 ], [ -155.48407, 20.10634 ], [ -155.48383, 20.10626 ], [ -155.48363, 20.10622 ], [ -155.48346, 20.10622 ], [ -155.48326, 20.10621 ], [ -155.48313, 20.10622 ], [ -155.48273, 20.10622 ], [ -155.48256, 20.10616 ], [ -155.48228, 20.10616 ], [ -155.48219, 20.10614 ], [ -155.48209, 20.1061 ], [ -155.482, 20.10608 ], [ -155.4816, 20.10604 ], [ -155.48127, 20.10594 ], [ -155.48104, 20.10588 ], [ -155.48076, 20.10582 ], [ -155.48047, 20.10582 ], [ -155.48036, 20.10581 ], [ -155.48024, 20.10577 ], [ -155.48015, 20.10573 ], [ -155.47999, 20.10562 ], [ -155.47991, 20.10554 ], [ -155.47984, 20.10552 ], [ -155.47981, 20.1055 ], [ -155.4798, 20.10546 ], [ -155.47969, 20.10533 ], [ -155.47967, 20.10528 ], [ -155.47967, 20.10523 ], [ -155.47971, 20.10502 ], [ -155.47969, 20.10498 ], [ -155.47963, 20.10494 ], [ -155.4795, 20.1049 ], [ -155.47949, 20.10485 ], [ -155.47948, 20.10469 ], [ -155.47941, 20.10463 ], [ -155.47932, 20.10459 ], [ -155.47909, 20.10455 ], [ -155.47902, 20.10456 ], [ -155.47885, 20.1046 ], [ -155.47875, 20.1046 ], [ -155.47864, 20.1046 ], [ -155.47853, 20.10457 ], [ -155.47848, 20.10453 ], [ -155.47844, 20.10447 ], [ -155.47816, 20.10432 ], [ -155.47812, 20.10429 ], [ -155.47807, 20.10427 ], [ -155.47801, 20.10428 ], [ -155.47791, 20.10426 ], [ -155.47771, 20.10415 ], [ -155.47763, 20.10414 ], [ -155.47747, 20.1042 ], [ -155.4774, 20.10423 ], [ -155.47729, 20.10437 ], [ -155.47724, 20.1044 ], [ -155.47713, 20.10441 ], [ -155.47696, 20.10439 ], [ -155.47688, 20.10436 ], [ -155.47681, 20.10432 ], [ -155.47675, 20.10425 ], [ -155.47658, 20.10416 ], [ -155.47645, 20.1042 ], [ -155.47634, 20.10418 ], [ -155.47624, 20.10414 ], [ -155.47617, 20.10416 ], [ -155.47612, 20.10417 ], [ -155.47605, 20.10411 ], [ -155.476, 20.10411 ], [ -155.47596, 20.10414 ], [ -155.47592, 20.10418 ], [ -155.47587, 20.10421 ], [ -155.47578, 20.10422 ], [ -155.47567, 20.10414 ], [ -155.47559, 20.10412 ], [ -155.4755, 20.10412 ], [ -155.47543, 20.10415 ], [ -155.47533, 20.10413 ], [ -155.47527, 20.10409 ], [ -155.47523, 20.10403 ], [ -155.47513, 20.10386 ], [ -155.47505, 20.10374 ], [ -155.47482, 20.10354 ], [ -155.47472, 20.10343 ], [ -155.47462, 20.10331 ], [ -155.47456, 20.10319 ], [ -155.47439, 20.10314 ], [ -155.47427, 20.10312 ], [ -155.4742, 20.10309 ], [ -155.47405, 20.10297 ], [ -155.47397, 20.10295 ], [ -155.4738, 20.10299 ], [ -155.47357, 20.10301 ], [ -155.47346, 20.10302 ], [ -155.47337, 20.10299 ], [ -155.47327, 20.10303 ], [ -155.47316, 20.10309 ], [ -155.47308, 20.10316 ], [ -155.47301, 20.10323 ], [ -155.47298, 20.10331 ], [ -155.47293, 20.1034 ], [ -155.4729, 20.10343 ], [ -155.47269, 20.10334 ], [ -155.4726, 20.10333 ], [ -155.47258, 20.10334 ], [ -155.47251, 20.10335 ], [ -155.47247, 20.10333 ], [ -155.47241, 20.1033 ], [ -155.47234, 20.10315 ], [ -155.4723, 20.10291 ], [ -155.47223, 20.10277 ], [ -155.47219, 20.10271 ], [ -155.47214, 20.10249 ], [ -155.4721, 20.1024 ], [ -155.47194, 20.1023 ], [ -155.47184, 20.10228 ], [ -155.47177, 20.10223 ], [ -155.47166, 20.10201 ], [ -155.47157, 20.10188 ], [ -155.4715, 20.10179 ], [ -155.47142, 20.10175 ], [ -155.47129, 20.10173 ], [ -155.47114, 20.10169 ], [ -155.47107, 20.10164 ], [ -155.47103, 20.10161 ], [ -155.47098, 20.10137 ], [ -155.47105, 20.10129 ], [ -155.47108, 20.10121 ], [ -155.47104, 20.10118 ], [ -155.47098, 20.10117 ], [ -155.47085, 20.10121 ], [ -155.47074, 20.10112 ], [ -155.47055, 20.10093 ], [ -155.47049, 20.10086 ], [ -155.47041, 20.1008 ], [ -155.47036, 20.1008 ], [ -155.47031, 20.1009 ], [ -155.47017, 20.10098 ], [ -155.47007, 20.10092 ], [ -155.46999, 20.10088 ], [ -155.46992, 20.10078 ], [ -155.46974, 20.10072 ], [ -155.46966, 20.10073 ], [ -155.46959, 20.10075 ], [ -155.46949, 20.10084 ], [ -155.46944, 20.10084 ], [ -155.46943, 20.1008 ], [ -155.46944, 20.10077 ], [ -155.46942, 20.10074 ], [ -155.46936, 20.10071 ], [ -155.46923, 20.10074 ], [ -155.46917, 20.10077 ], [ -155.46914, 20.10086 ], [ -155.46914, 20.1009 ], [ -155.46907, 20.10099 ], [ -155.46901, 20.10105 ], [ -155.46896, 20.10113 ], [ -155.46891, 20.10119 ], [ -155.46886, 20.10119 ], [ -155.46878, 20.10107 ], [ -155.46873, 20.10104 ], [ -155.46868, 20.10103 ], [ -155.46865, 20.10099 ], [ -155.46861, 20.10096 ], [ -155.46853, 20.10096 ], [ -155.46849, 20.10092 ], [ -155.46846, 20.10087 ], [ -155.46841, 20.10084 ], [ -155.46834, 20.10083 ], [ -155.46825, 20.10074 ], [ -155.46813, 20.10067 ], [ -155.46805, 20.10065 ], [ -155.46798, 20.10067 ], [ -155.46794, 20.10066 ], [ -155.46785, 20.10071 ], [ -155.46774, 20.10089 ], [ -155.46769, 20.10088 ], [ -155.46765, 20.1008 ], [ -155.46765, 20.10069 ], [ -155.46742, 20.10065 ], [ -155.46733, 20.10066 ], [ -155.46726, 20.1007 ], [ -155.46715, 20.10068 ], [ -155.46708, 20.10065 ], [ -155.46701, 20.10066 ], [ -155.46696, 20.1007 ], [ -155.46691, 20.10086 ], [ -155.46688, 20.10089 ], [ -155.46677, 20.10089 ], [ -155.46671, 20.10094 ], [ -155.4667, 20.10099 ], [ -155.46671, 20.10113 ], [ -155.46669, 20.10118 ], [ -155.46665, 20.10121 ], [ -155.46662, 20.10121 ], [ -155.4666, 20.10116 ], [ -155.46659, 20.10093 ], [ -155.46656, 20.10082 ], [ -155.46651, 20.10076 ], [ -155.46646, 20.10073 ], [ -155.46644, 20.1007 ], [ -155.46644, 20.10066 ], [ -155.46638, 20.1006 ], [ -155.46631, 20.10059 ], [ -155.46616, 20.10061 ], [ -155.46611, 20.10063 ], [ -155.46606, 20.10072 ], [ -155.466, 20.10075 ], [ -155.46591, 20.10078 ], [ -155.46586, 20.10081 ], [ -155.46584, 20.10084 ], [ -155.46581, 20.10089 ], [ -155.4657, 20.10096 ], [ -155.46567, 20.101 ], [ -155.46564, 20.10108 ], [ -155.46553, 20.10124 ], [ -155.46544, 20.10128 ], [ -155.46537, 20.10127 ], [ -155.46519, 20.10115 ], [ -155.46512, 20.10112 ], [ -155.46498, 20.10109 ], [ -155.4649, 20.10103 ], [ -155.46487, 20.10098 ], [ -155.46486, 20.10091 ], [ -155.46491, 20.1008 ], [ -155.4649, 20.10076 ], [ -155.46484, 20.1007 ], [ -155.46483, 20.10066 ], [ -155.46484, 20.10056 ], [ -155.46478, 20.10052 ], [ -155.4647, 20.10052 ], [ -155.4646, 20.10054 ], [ -155.46439, 20.10063 ], [ -155.4643, 20.10066 ], [ -155.46414, 20.10067 ], [ -155.46407, 20.10071 ], [ -155.46394, 20.10088 ], [ -155.46384, 20.10098 ], [ -155.46376, 20.10103 ], [ -155.46368, 20.10103 ], [ -155.46355, 20.10098 ], [ -155.46342, 20.10088 ], [ -155.46319, 20.10082 ], [ -155.46313, 20.10078 ], [ -155.46307, 20.10072 ], [ -155.46307, 20.10068 ], [ -155.46315, 20.10052 ], [ -155.46316, 20.10047 ], [ -155.46311, 20.10042 ], [ -155.46304, 20.10037 ], [ -155.46296, 20.10034 ], [ -155.46279, 20.1003 ], [ -155.46271, 20.10026 ], [ -155.46253, 20.10015 ], [ -155.46248, 20.10013 ], [ -155.46245, 20.10013 ], [ -155.46241, 20.10014 ], [ -155.46236, 20.10019 ], [ -155.4623, 20.10028 ], [ -155.4623, 20.10035 ], [ -155.46227, 20.10044 ], [ -155.46224, 20.1005 ], [ -155.46215, 20.10055 ], [ -155.46208, 20.10056 ], [ -155.46191, 20.10049 ], [ -155.46186, 20.10045 ], [ -155.46182, 20.1004 ], [ -155.46182, 20.10034 ], [ -155.46184, 20.10026 ], [ -155.46193, 20.10008 ], [ -155.46196, 20.09999 ], [ -155.46195, 20.09988 ], [ -155.46192, 20.0998 ], [ -155.46187, 20.09972 ], [ -155.46179, 20.09967 ], [ -155.46176, 20.09963 ], [ -155.46174, 20.09957 ], [ -155.46169, 20.09953 ], [ -155.46164, 20.09953 ], [ -155.46157, 20.09955 ], [ -155.46151, 20.0996 ], [ -155.46142, 20.09971 ], [ -155.46138, 20.09979 ], [ -155.46129, 20.09986 ], [ -155.46121, 20.09986 ], [ -155.46113, 20.09982 ], [ -155.46108, 20.09979 ], [ -155.46104, 20.09975 ], [ -155.46101, 20.09969 ], [ -155.46097, 20.09965 ], [ -155.46092, 20.09966 ], [ -155.46084, 20.09974 ], [ -155.46074, 20.09985 ], [ -155.46067, 20.09987 ], [ -155.46057, 20.09986 ], [ -155.4604, 20.09979 ], [ -155.46038, 20.09975 ], [ -155.46033, 20.09961 ], [ -155.4603, 20.09958 ], [ -155.46025, 20.09955 ], [ -155.46019, 20.09955 ], [ -155.46, 20.09966 ], [ -155.45988, 20.09969 ], [ -155.45975, 20.09971 ], [ -155.45964, 20.09974 ], [ -155.45946, 20.09965 ], [ -155.45934, 20.09963 ], [ -155.45918, 20.09962 ], [ -155.45876, 20.09951 ], [ -155.45851, 20.09947 ], [ -155.45838, 20.09948 ], [ -155.4583, 20.09946 ], [ -155.45823, 20.09945 ], [ -155.45795, 20.0993 ], [ -155.45783, 20.09932 ], [ -155.45774, 20.09931 ], [ -155.45767, 20.09929 ], [ -155.45758, 20.09924 ], [ -155.45728, 20.09907 ], [ -155.45711, 20.09898 ], [ -155.45695, 20.09891 ], [ -155.4568, 20.09883 ], [ -155.45655, 20.09872 ], [ -155.45645, 20.09869 ], [ -155.45627, 20.09866 ], [ -155.45617, 20.09867 ], [ -155.45612, 20.09869 ], [ -155.45605, 20.09863 ], [ -155.45599, 20.0986 ], [ -155.45593, 20.09859 ], [ -155.45572, 20.09861 ], [ -155.45569, 20.09856 ], [ -155.45554, 20.09839 ], [ -155.4554, 20.09831 ], [ -155.45535, 20.09826 ], [ -155.45525, 20.09816 ], [ -155.4552, 20.09809 ], [ -155.45511, 20.09803 ], [ -155.45506, 20.09797 ], [ -155.45501, 20.0979 ], [ -155.45488, 20.09778 ], [ -155.45478, 20.09764 ], [ -155.45466, 20.09753 ], [ -155.45454, 20.09738 ], [ -155.45445, 20.09728 ], [ -155.45428, 20.09713 ], [ -155.45421, 20.09705 ], [ -155.45403, 20.09678 ], [ -155.45366, 20.09642 ], [ -155.4536, 20.09633 ], [ -155.45348, 20.09612 ], [ -155.45342, 20.09608 ], [ -155.45328, 20.09595 ], [ -155.45311, 20.09586 ], [ -155.45306, 20.09582 ], [ -155.45295, 20.09562 ], [ -155.45289, 20.09556 ], [ -155.45271, 20.09544 ], [ -155.45262, 20.0954 ], [ -155.45237, 20.09532 ], [ -155.45227, 20.09531 ], [ -155.45216, 20.09536 ], [ -155.45211, 20.09536 ], [ -155.45206, 20.09538 ], [ -155.45203, 20.09546 ], [ -155.452, 20.09548 ], [ -155.45194, 20.09547 ], [ -155.4519, 20.09542 ], [ -155.45187, 20.09526 ], [ -155.45179, 20.09523 ], [ -155.45176, 20.09507 ], [ -155.45163, 20.09503 ], [ -155.45158, 20.09498 ], [ -155.45154, 20.09481 ], [ -155.45148, 20.09476 ], [ -155.45135, 20.09467 ], [ -155.45131, 20.09457 ], [ -155.45106, 20.09444 ], [ -155.45102, 20.0944 ], [ -155.451, 20.09433 ], [ -155.45096, 20.09429 ], [ -155.45091, 20.09425 ], [ -155.45088, 20.09419 ], [ -155.45084, 20.09416 ], [ -155.45077, 20.09414 ], [ -155.45073, 20.0941 ], [ -155.45069, 20.09402 ], [ -155.45057, 20.09392 ], [ -155.4505, 20.09388 ], [ -155.45039, 20.09378 ], [ -155.45017, 20.09365 ], [ -155.45005, 20.0936 ], [ -155.4499, 20.09356 ], [ -155.44969, 20.09353 ], [ -155.44957, 20.09349 ], [ -155.44946, 20.09348 ], [ -155.44933, 20.09349 ], [ -155.44923, 20.09348 ], [ -155.44916, 20.09347 ], [ -155.44901, 20.09349 ], [ -155.44898, 20.09351 ], [ -155.44889, 20.0935 ], [ -155.44875, 20.09354 ], [ -155.44862, 20.09355 ], [ -155.44853, 20.09361 ], [ -155.44853, 20.09363 ], [ -155.4485, 20.09366 ], [ -155.4484, 20.09366 ], [ -155.44837, 20.09373 ], [ -155.44829, 20.09375 ], [ -155.44826, 20.09379 ], [ -155.44821, 20.09382 ], [ -155.4481, 20.09379 ], [ -155.44805, 20.09381 ], [ -155.44801, 20.09381 ], [ -155.44795, 20.09379 ], [ -155.44788, 20.0938 ], [ -155.44773, 20.09387 ], [ -155.44766, 20.09385 ], [ -155.44752, 20.09383 ], [ -155.44746, 20.09379 ], [ -155.4474, 20.09378 ], [ -155.4472, 20.09388 ], [ -155.44713, 20.09388 ], [ -155.44705, 20.09384 ], [ -155.44695, 20.09382 ], [ -155.44673, 20.09379 ], [ -155.44657, 20.09367 ], [ -155.44648, 20.09365 ], [ -155.44642, 20.09361 ], [ -155.44637, 20.09355 ], [ -155.44629, 20.09355 ], [ -155.44617, 20.09358 ], [ -155.44602, 20.09355 ], [ -155.44587, 20.09349 ], [ -155.44576, 20.09347 ], [ -155.44562, 20.09343 ], [ -155.44553, 20.09339 ], [ -155.44546, 20.09334 ], [ -155.44534, 20.0933 ], [ -155.44507, 20.09328 ], [ -155.44497, 20.09328 ], [ -155.44486, 20.09334 ], [ -155.44479, 20.09334 ], [ -155.44475, 20.09332 ], [ -155.44468, 20.09332 ], [ -155.44456, 20.0934 ], [ -155.44439, 20.09337 ], [ -155.44426, 20.09333 ], [ -155.44416, 20.09332 ], [ -155.44393, 20.09335 ], [ -155.44386, 20.09333 ], [ -155.44379, 20.0933 ], [ -155.44365, 20.09315 ], [ -155.44361, 20.09312 ], [ -155.4433, 20.093 ], [ -155.44324, 20.09296 ], [ -155.44315, 20.09293 ], [ -155.44306, 20.09293 ], [ -155.44296, 20.09297 ], [ -155.44291, 20.09296 ], [ -155.44288, 20.09293 ], [ -155.44281, 20.0929 ], [ -155.44276, 20.0929 ], [ -155.44267, 20.09295 ], [ -155.44257, 20.0929 ], [ -155.44244, 20.09285 ], [ -155.44239, 20.09281 ], [ -155.44228, 20.09272 ], [ -155.44221, 20.09268 ], [ -155.44204, 20.09265 ], [ -155.44174, 20.09252 ], [ -155.44164, 20.09252 ], [ -155.44154, 20.09253 ], [ -155.44147, 20.09249 ], [ -155.4414, 20.09251 ], [ -155.44135, 20.09254 ], [ -155.44122, 20.09265 ], [ -155.44118, 20.09267 ], [ -155.44116, 20.09264 ], [ -155.44116, 20.09259 ], [ -155.44122, 20.09239 ], [ -155.44122, 20.09234 ], [ -155.44119, 20.09229 ], [ -155.44114, 20.09222 ], [ -155.44109, 20.09216 ], [ -155.44107, 20.09211 ], [ -155.44096, 20.09205 ], [ -155.44088, 20.092 ], [ -155.4408, 20.0919 ], [ -155.44074, 20.09179 ], [ -155.4407, 20.09177 ], [ -155.44064, 20.09176 ], [ -155.44054, 20.0917 ], [ -155.44048, 20.09168 ], [ -155.44045, 20.09169 ], [ -155.44043, 20.09171 ], [ -155.4404, 20.09169 ], [ -155.44023, 20.09164 ], [ -155.44016, 20.09166 ], [ -155.44008, 20.09171 ], [ -155.44, 20.09172 ], [ -155.43996, 20.09174 ], [ -155.43993, 20.09179 ], [ -155.43993, 20.09183 ], [ -155.43996, 20.09188 ], [ -155.44, 20.09193 ], [ -155.44013, 20.09199 ], [ -155.44019, 20.09206 ], [ -155.44019, 20.09214 ], [ -155.44017, 20.09218 ], [ -155.44013, 20.09223 ], [ -155.44008, 20.09226 ], [ -155.44001, 20.09228 ], [ -155.43999, 20.09225 ], [ -155.43998, 20.0922 ], [ -155.43999, 20.09209 ], [ -155.43997, 20.09202 ], [ -155.43993, 20.09199 ], [ -155.43979, 20.09195 ], [ -155.43969, 20.09198 ], [ -155.43966, 20.09198 ], [ -155.43964, 20.09196 ], [ -155.43972, 20.09183 ], [ -155.43977, 20.09163 ], [ -155.43976, 20.09158 ], [ -155.43972, 20.09154 ], [ -155.43964, 20.09152 ], [ -155.43954, 20.09156 ], [ -155.43948, 20.09156 ], [ -155.4394, 20.09154 ], [ -155.43933, 20.09149 ], [ -155.43926, 20.09139 ], [ -155.43915, 20.09136 ], [ -155.43905, 20.09134 ], [ -155.43897, 20.09135 ], [ -155.43891, 20.09147 ], [ -155.43891, 20.0915 ], [ -155.43886, 20.09155 ], [ -155.43869, 20.09159 ], [ -155.43865, 20.09162 ], [ -155.43864, 20.0917 ], [ -155.43869, 20.09179 ], [ -155.43868, 20.09182 ], [ -155.43858, 20.0919 ], [ -155.43847, 20.09192 ], [ -155.43837, 20.0919 ], [ -155.43833, 20.09187 ], [ -155.43824, 20.09186 ], [ -155.43816, 20.09186 ], [ -155.43814, 20.09189 ], [ -155.43816, 20.09198 ], [ -155.43812, 20.09211 ], [ -155.43812, 20.09215 ], [ -155.43808, 20.0922 ], [ -155.43802, 20.09223 ], [ -155.43797, 20.09222 ], [ -155.43779, 20.09216 ], [ -155.43769, 20.09214 ], [ -155.4376, 20.09221 ], [ -155.43749, 20.09221 ], [ -155.43738, 20.09227 ], [ -155.43735, 20.09225 ], [ -155.43735, 20.09222 ], [ -155.43737, 20.09218 ], [ -155.43744, 20.09205 ], [ -155.43751, 20.09203 ], [ -155.43762, 20.09197 ], [ -155.4377, 20.0919 ], [ -155.43773, 20.09186 ], [ -155.43772, 20.0918 ], [ -155.43769, 20.09174 ], [ -155.43769, 20.0916 ], [ -155.43758, 20.09152 ], [ -155.43754, 20.09144 ], [ -155.43752, 20.09129 ], [ -155.43748, 20.09125 ], [ -155.43739, 20.0912 ], [ -155.43736, 20.09115 ], [ -155.43734, 20.09109 ], [ -155.43733, 20.09086 ], [ -155.43731, 20.09076 ], [ -155.43716, 20.09041 ], [ -155.4371, 20.09029 ], [ -155.43703, 20.09009 ], [ -155.43688, 20.08997 ], [ -155.43687, 20.08989 ], [ -155.43681, 20.08977 ], [ -155.43678, 20.08964 ], [ -155.43671, 20.08949 ], [ -155.43667, 20.08942 ], [ -155.43661, 20.08935 ], [ -155.43653, 20.08929 ], [ -155.43643, 20.08921 ], [ -155.43633, 20.08918 ], [ -155.43604, 20.08912 ], [ -155.43599, 20.08913 ], [ -155.43593, 20.08914 ], [ -155.43588, 20.08914 ], [ -155.43572, 20.08908 ], [ -155.43566, 20.08909 ], [ -155.43552, 20.0892 ], [ -155.43542, 20.08921 ], [ -155.43528, 20.08922 ], [ -155.43505, 20.08916 ], [ -155.43495, 20.08915 ], [ -155.43488, 20.08914 ], [ -155.43466, 20.08908 ], [ -155.43456, 20.08908 ], [ -155.43443, 20.0891 ], [ -155.43424, 20.08908 ], [ -155.43417, 20.08908 ], [ -155.43406, 20.08913 ], [ -155.43392, 20.0891 ], [ -155.43372, 20.08906 ], [ -155.43364, 20.08906 ], [ -155.43339, 20.08908 ], [ -155.43332, 20.08907 ], [ -155.43327, 20.08899 ], [ -155.43332, 20.08884 ], [ -155.4333, 20.08879 ], [ -155.43327, 20.08876 ], [ -155.43327, 20.08861 ], [ -155.43323, 20.08852 ], [ -155.43317, 20.08846 ], [ -155.4329, 20.0883 ], [ -155.43287, 20.08824 ], [ -155.43281, 20.08822 ], [ -155.43277, 20.08823 ], [ -155.43267, 20.08821 ], [ -155.4326, 20.08821 ], [ -155.43248, 20.08819 ], [ -155.4324, 20.08821 ], [ -155.43229, 20.08814 ], [ -155.43224, 20.08815 ], [ -155.43219, 20.08813 ], [ -155.43203, 20.08799 ], [ -155.43194, 20.08799 ], [ -155.43175, 20.08793 ], [ -155.43167, 20.08789 ], [ -155.43158, 20.08783 ], [ -155.43137, 20.08772 ], [ -155.43122, 20.08771 ], [ -155.43118, 20.08769 ], [ -155.4311, 20.08767 ], [ -155.43103, 20.08773 ], [ -155.43101, 20.08777 ], [ -155.4309, 20.08776 ], [ -155.43076, 20.08771 ], [ -155.4307, 20.08771 ], [ -155.43066, 20.08781 ], [ -155.43059, 20.08778 ], [ -155.43054, 20.08779 ], [ -155.43036, 20.08789 ], [ -155.43034, 20.08794 ], [ -155.4303, 20.08798 ], [ -155.43026, 20.08798 ], [ -155.43022, 20.08796 ], [ -155.43014, 20.0879 ], [ -155.4301, 20.08778 ], [ -155.43004, 20.08763 ], [ -155.43005, 20.08756 ], [ -155.42995, 20.08747 ], [ -155.4299, 20.08746 ], [ -155.42982, 20.08739 ], [ -155.42967, 20.08748 ], [ -155.42967, 20.08751 ], [ -155.42972, 20.08774 ], [ -155.42973, 20.08781 ], [ -155.4297, 20.08783 ], [ -155.42964, 20.08778 ], [ -155.42952, 20.08762 ], [ -155.42948, 20.0876 ], [ -155.42943, 20.08761 ], [ -155.42939, 20.0876 ], [ -155.42932, 20.08753 ], [ -155.42923, 20.08747 ], [ -155.42908, 20.08746 ], [ -155.42903, 20.08746 ], [ -155.42896, 20.08745 ], [ -155.42893, 20.08739 ], [ -155.42892, 20.08733 ], [ -155.42897, 20.08718 ], [ -155.42896, 20.08708 ], [ -155.42893, 20.08696 ], [ -155.42889, 20.08685 ], [ -155.42885, 20.08678 ], [ -155.42879, 20.08676 ], [ -155.42872, 20.08678 ], [ -155.42867, 20.08679 ], [ -155.42863, 20.08677 ], [ -155.42855, 20.08677 ], [ -155.42853, 20.08676 ], [ -155.42852, 20.08673 ], [ -155.42853, 20.08669 ], [ -155.42857, 20.08664 ], [ -155.42858, 20.0866 ], [ -155.42855, 20.08656 ], [ -155.42849, 20.08657 ], [ -155.42846, 20.08659 ], [ -155.42841, 20.0866 ], [ -155.42839, 20.08657 ], [ -155.42834, 20.08655 ], [ -155.42829, 20.08656 ], [ -155.42827, 20.08656 ], [ -155.42828, 20.08646 ], [ -155.42828, 20.08641 ], [ -155.42826, 20.08638 ], [ -155.42821, 20.08634 ], [ -155.42792, 20.08622 ], [ -155.42789, 20.08619 ], [ -155.42784, 20.08613 ], [ -155.42778, 20.08612 ], [ -155.42769, 20.08614 ], [ -155.42763, 20.08614 ], [ -155.42756, 20.0861 ], [ -155.42748, 20.08607 ], [ -155.42735, 20.08605 ], [ -155.42731, 20.0861 ], [ -155.42726, 20.08611 ], [ -155.4272, 20.08609 ], [ -155.42719, 20.08602 ], [ -155.42708, 20.08577 ], [ -155.42702, 20.08572 ], [ -155.42696, 20.08571 ], [ -155.42688, 20.08565 ], [ -155.42675, 20.08564 ], [ -155.42673, 20.08557 ], [ -155.42657, 20.08543 ], [ -155.42642, 20.08533 ], [ -155.42625, 20.08521 ], [ -155.4261, 20.08513 ], [ -155.426, 20.08507 ], [ -155.42592, 20.08504 ], [ -155.42586, 20.08504 ], [ -155.42581, 20.08502 ], [ -155.42572, 20.08493 ], [ -155.42566, 20.0849 ], [ -155.42558, 20.08492 ], [ -155.42553, 20.08493 ], [ -155.42537, 20.08477 ], [ -155.42521, 20.08471 ], [ -155.42513, 20.0847 ], [ -155.425, 20.08462 ], [ -155.42491, 20.08458 ], [ -155.42485, 20.08458 ], [ -155.42479, 20.08459 ], [ -155.42465, 20.0845 ], [ -155.42457, 20.0845 ], [ -155.42445, 20.08442 ], [ -155.4244, 20.0844 ], [ -155.42434, 20.08441 ], [ -155.42412, 20.08432 ], [ -155.42403, 20.08425 ], [ -155.42398, 20.08422 ], [ -155.42343, 20.08416 ], [ -155.42325, 20.08411 ], [ -155.42317, 20.08408 ], [ -155.42296, 20.08403 ], [ -155.42284, 20.08403 ], [ -155.42265, 20.08409 ], [ -155.42255, 20.08414 ], [ -155.42248, 20.08415 ], [ -155.42234, 20.08411 ], [ -155.4223, 20.08413 ], [ -155.42225, 20.08416 ], [ -155.42219, 20.08422 ], [ -155.42217, 20.08424 ], [ -155.42213, 20.08422 ], [ -155.42207, 20.08419 ], [ -155.42194, 20.0841 ], [ -155.4219, 20.08404 ], [ -155.4219, 20.08396 ], [ -155.42184, 20.08379 ], [ -155.42179, 20.08374 ], [ -155.4217, 20.0837 ], [ -155.4216, 20.08368 ], [ -155.42151, 20.08368 ], [ -155.42139, 20.08363 ], [ -155.42126, 20.08347 ], [ -155.42119, 20.08341 ], [ -155.42108, 20.08332 ], [ -155.42079, 20.08316 ], [ -155.42069, 20.08313 ], [ -155.42061, 20.08313 ], [ -155.42054, 20.08314 ], [ -155.42038, 20.08321 ], [ -155.42035, 20.08326 ], [ -155.42032, 20.08333 ], [ -155.42029, 20.08338 ], [ -155.42023, 20.0834 ], [ -155.42015, 20.08336 ], [ -155.42009, 20.08329 ], [ -155.42009, 20.08324 ], [ -155.4201, 20.08318 ], [ -155.42019, 20.08298 ], [ -155.42017, 20.08289 ], [ -155.42013, 20.08282 ], [ -155.42004, 20.08274 ], [ -155.41996, 20.0827 ], [ -155.41983, 20.08266 ], [ -155.41968, 20.08265 ], [ -155.41929, 20.08267 ], [ -155.41911, 20.08268 ], [ -155.4189, 20.08271 ], [ -155.41849, 20.08274 ], [ -155.41818, 20.08273 ], [ -155.4181, 20.0827 ], [ -155.41803, 20.08267 ], [ -155.41798, 20.08263 ], [ -155.41782, 20.08252 ], [ -155.41776, 20.08244 ], [ -155.41773, 20.08237 ], [ -155.41764, 20.08228 ], [ -155.41753, 20.08228 ], [ -155.41728, 20.08231 ], [ -155.41707, 20.08236 ], [ -155.41684, 20.08247 ], [ -155.41676, 20.08244 ], [ -155.41667, 20.08238 ], [ -155.41659, 20.08241 ], [ -155.41654, 20.08244 ], [ -155.41649, 20.08246 ], [ -155.41644, 20.08243 ], [ -155.41641, 20.08238 ], [ -155.41641, 20.08234 ], [ -155.41642, 20.08226 ], [ -155.41645, 20.08216 ], [ -155.41649, 20.08207 ], [ -155.41654, 20.08193 ], [ -155.4165, 20.08186 ], [ -155.41645, 20.08181 ], [ -155.4163, 20.08175 ], [ -155.41628, 20.08172 ], [ -155.41628, 20.08163 ], [ -155.41626, 20.08148 ], [ -155.41623, 20.08138 ], [ -155.41588, 20.08095 ], [ -155.4158, 20.0809 ], [ -155.4157, 20.08087 ], [ -155.41561, 20.08086 ], [ -155.41551, 20.08089 ], [ -155.41541, 20.08093 ], [ -155.41532, 20.08099 ], [ -155.4152, 20.08107 ], [ -155.41499, 20.08125 ], [ -155.41493, 20.08126 ], [ -155.41485, 20.08124 ], [ -155.41479, 20.08118 ], [ -155.41475, 20.08107 ], [ -155.41469, 20.08099 ], [ -155.4146, 20.08091 ], [ -155.4145, 20.08086 ], [ -155.4144, 20.08085 ], [ -155.4143, 20.08085 ], [ -155.41408, 20.08085 ], [ -155.414, 20.0808 ], [ -155.41384, 20.08064 ], [ -155.41377, 20.08052 ], [ -155.41362, 20.08031 ], [ -155.41346, 20.08018 ], [ -155.41328, 20.08011 ], [ -155.41319, 20.0801 ], [ -155.41315, 20.08005 ], [ -155.41314, 20.07999 ], [ -155.41316, 20.07988 ], [ -155.41311, 20.07983 ], [ -155.413, 20.07977 ], [ -155.41293, 20.07972 ], [ -155.41281, 20.07958 ], [ -155.41274, 20.07937 ], [ -155.41274, 20.07927 ], [ -155.41278, 20.07903 ], [ -155.41278, 20.07893 ], [ -155.41274, 20.07881 ], [ -155.41266, 20.07876 ], [ -155.4126, 20.07867 ], [ -155.41259, 20.07861 ], [ -155.4126, 20.07845 ], [ -155.41256, 20.07833 ], [ -155.41252, 20.07827 ], [ -155.41235, 20.07816 ], [ -155.41229, 20.0781 ], [ -155.41221, 20.07805 ], [ -155.41188, 20.0779 ], [ -155.41168, 20.07785 ], [ -155.41157, 20.07783 ], [ -155.4114, 20.07778 ], [ -155.41111, 20.07773 ], [ -155.41098, 20.07769 ], [ -155.41083, 20.07761 ], [ -155.41065, 20.07755 ], [ -155.41055, 20.07749 ], [ -155.41012, 20.07738 ], [ -155.41007, 20.07732 ], [ -155.40995, 20.07724 ], [ -155.40983, 20.07718 ], [ -155.40974, 20.07714 ], [ -155.40959, 20.07712 ], [ -155.40942, 20.07711 ], [ -155.40896, 20.07714 ], [ -155.40879, 20.07717 ], [ -155.40851, 20.07717 ], [ -155.40769, 20.07717 ], [ -155.40735, 20.07718 ], [ -155.40708, 20.07717 ], [ -155.40697, 20.07711 ], [ -155.40691, 20.07707 ], [ -155.40682, 20.07703 ], [ -155.40672, 20.077 ], [ -155.40631, 20.07691 ], [ -155.4059, 20.07677 ], [ -155.40585, 20.07678 ], [ -155.40583, 20.0768 ], [ -155.40582, 20.07685 ], [ -155.40581, 20.07693 ], [ -155.40578, 20.07702 ], [ -155.40569, 20.07708 ], [ -155.40562, 20.07707 ], [ -155.40561, 20.07705 ], [ -155.40558, 20.07694 ], [ -155.40556, 20.07689 ], [ -155.40546, 20.07683 ], [ -155.40543, 20.07679 ], [ -155.40539, 20.0767 ], [ -155.40536, 20.07666 ], [ -155.40527, 20.07665 ], [ -155.40515, 20.07669 ], [ -155.405, 20.07659 ], [ -155.4049, 20.07654 ], [ -155.40475, 20.07653 ], [ -155.4047, 20.07655 ], [ -155.40462, 20.07665 ], [ -155.40458, 20.0767 ], [ -155.40453, 20.07673 ], [ -155.40447, 20.07673 ], [ -155.40442, 20.07668 ], [ -155.40424, 20.07668 ], [ -155.40422, 20.07663 ], [ -155.40423, 20.07659 ], [ -155.40431, 20.0765 ], [ -155.40435, 20.07638 ], [ -155.40437, 20.07634 ], [ -155.40435, 20.07628 ], [ -155.40428, 20.07621 ], [ -155.40413, 20.07612 ], [ -155.40372, 20.07592 ], [ -155.40353, 20.07587 ], [ -155.40344, 20.07585 ], [ -155.40322, 20.07587 ], [ -155.40312, 20.07587 ], [ -155.40296, 20.07585 ], [ -155.40268, 20.0758 ], [ -155.40251, 20.07576 ], [ -155.40243, 20.07572 ], [ -155.40235, 20.0757 ], [ -155.40227, 20.07571 ], [ -155.40212, 20.07575 ], [ -155.40205, 20.07579 ], [ -155.402, 20.07579 ], [ -155.40199, 20.07571 ], [ -155.40201, 20.07565 ], [ -155.40201, 20.07557 ], [ -155.40198, 20.07553 ], [ -155.40191, 20.07548 ], [ -155.40184, 20.07546 ], [ -155.40178, 20.07543 ], [ -155.40172, 20.07537 ], [ -155.40154, 20.07505 ], [ -155.40149, 20.07501 ], [ -155.40141, 20.07497 ], [ -155.40072, 20.07452 ], [ -155.40056, 20.07442 ], [ -155.40042, 20.07432 ], [ -155.40024, 20.07414 ], [ -155.40012, 20.07397 ], [ -155.40008, 20.07389 ], [ -155.39992, 20.07345 ], [ -155.39976, 20.07324 ], [ -155.39972, 20.07317 ], [ -155.39971, 20.0731 ], [ -155.3997, 20.07294 ], [ -155.39955, 20.07265 ], [ -155.39949, 20.07249 ], [ -155.39947, 20.07231 ], [ -155.39947, 20.07223 ], [ -155.39953, 20.07188 ], [ -155.39949, 20.07175 ], [ -155.39944, 20.07166 ], [ -155.39932, 20.07146 ], [ -155.39918, 20.07123 ], [ -155.39898, 20.07092 ], [ -155.39883, 20.07073 ], [ -155.39877, 20.07068 ], [ -155.3987, 20.07063 ], [ -155.39847, 20.07037 ], [ -155.39828, 20.07032 ], [ -155.39812, 20.07023 ], [ -155.39802, 20.0702 ], [ -155.39747, 20.07016 ], [ -155.39733, 20.07016 ], [ -155.39721, 20.0701 ], [ -155.39711, 20.07003 ], [ -155.39702, 20.06995 ], [ -155.39692, 20.06978 ], [ -155.39683, 20.06961 ], [ -155.39676, 20.06949 ], [ -155.39671, 20.06935 ], [ -155.39671, 20.06929 ], [ -155.3967, 20.06922 ], [ -155.39664, 20.06909 ], [ -155.39659, 20.06901 ], [ -155.3965, 20.06894 ], [ -155.39642, 20.06889 ], [ -155.39625, 20.06873 ], [ -155.39618, 20.0687 ], [ -155.39607, 20.06869 ], [ -155.396, 20.06869 ], [ -155.39593, 20.06868 ], [ -155.39584, 20.06863 ], [ -155.3957, 20.06857 ], [ -155.39559, 20.06855 ], [ -155.3954, 20.06855 ], [ -155.39502, 20.06857 ], [ -155.39489, 20.06854 ], [ -155.39481, 20.06849 ], [ -155.39466, 20.06833 ], [ -155.39445, 20.06805 ], [ -155.39433, 20.06797 ], [ -155.39425, 20.0679 ], [ -155.39421, 20.06785 ], [ -155.39407, 20.0676 ], [ -155.394, 20.06749 ], [ -155.3939, 20.06741 ], [ -155.39363, 20.06726 ], [ -155.39349, 20.06723 ], [ -155.39344, 20.06724 ], [ -155.39336, 20.06724 ], [ -155.39328, 20.06721 ], [ -155.39301, 20.06704 ], [ -155.39277, 20.06689 ], [ -155.39268, 20.06684 ], [ -155.39258, 20.0668 ], [ -155.3923, 20.06673 ], [ -155.39217, 20.06672 ], [ -155.39171, 20.06662 ], [ -155.39141, 20.0666 ], [ -155.39121, 20.06647 ], [ -155.39095, 20.06623 ], [ -155.39089, 20.06616 ], [ -155.39074, 20.06606 ], [ -155.3907, 20.06599 ], [ -155.39065, 20.06593 ], [ -155.39058, 20.06587 ], [ -155.39049, 20.06582 ], [ -155.39033, 20.0658 ], [ -155.39027, 20.06582 ], [ -155.39011, 20.06603 ], [ -155.39008, 20.06603 ], [ -155.39006, 20.066 ], [ -155.39004, 20.06577 ], [ -155.39001, 20.06572 ], [ -155.38996, 20.06568 ], [ -155.38987, 20.06564 ], [ -155.38967, 20.06561 ], [ -155.38953, 20.06556 ], [ -155.38948, 20.06554 ], [ -155.38944, 20.06551 ], [ -155.38937, 20.06549 ], [ -155.3893, 20.06549 ], [ -155.38921, 20.06555 ], [ -155.38912, 20.06557 ], [ -155.38909, 20.06556 ], [ -155.38907, 20.0655 ], [ -155.38907, 20.06546 ], [ -155.38901, 20.06545 ], [ -155.38888, 20.06545 ], [ -155.38881, 20.06542 ], [ -155.38876, 20.06541 ], [ -155.38871, 20.06542 ], [ -155.38854, 20.06547 ], [ -155.38846, 20.06544 ], [ -155.38844, 20.06542 ], [ -155.38844, 20.06535 ], [ -155.38841, 20.06517 ], [ -155.38833, 20.06498 ], [ -155.38821, 20.0649 ], [ -155.38804, 20.06483 ], [ -155.38795, 20.06474 ], [ -155.3877, 20.06465 ], [ -155.3876, 20.06455 ], [ -155.38746, 20.06443 ], [ -155.38737, 20.06437 ], [ -155.38705, 20.06427 ], [ -155.38693, 20.06424 ], [ -155.38672, 20.06419 ], [ -155.3865, 20.06416 ], [ -155.3863, 20.06415 ], [ -155.38622, 20.06412 ], [ -155.38617, 20.06408 ], [ -155.38608, 20.06404 ], [ -155.38595, 20.06401 ], [ -155.38566, 20.064 ], [ -155.3852, 20.06401 ], [ -155.38483, 20.06408 ], [ -155.3846, 20.06413 ], [ -155.38436, 20.06422 ], [ -155.38428, 20.06429 ], [ -155.38419, 20.06433 ], [ -155.3841, 20.06441 ], [ -155.38403, 20.06445 ], [ -155.38372, 20.06449 ], [ -155.38332, 20.06448 ], [ -155.38322, 20.06446 ], [ -155.38317, 20.06443 ], [ -155.38313, 20.0644 ], [ -155.38309, 20.06432 ], [ -155.38305, 20.06422 ], [ -155.38299, 20.06414 ], [ -155.38291, 20.0641 ], [ -155.38279, 20.0641 ], [ -155.38267, 20.06411 ], [ -155.38259, 20.06409 ], [ -155.3824, 20.06395 ], [ -155.38233, 20.06392 ], [ -155.38224, 20.06389 ], [ -155.38213, 20.06389 ], [ -155.38199, 20.06386 ], [ -155.38181, 20.06381 ], [ -155.38171, 20.06374 ], [ -155.38153, 20.06371 ], [ -155.38143, 20.06372 ], [ -155.38118, 20.0637 ], [ -155.38111, 20.06368 ], [ -155.38103, 20.06361 ], [ -155.38094, 20.06351 ], [ -155.38082, 20.06351 ], [ -155.38067, 20.06347 ], [ -155.38066, 20.06342 ], [ -155.38051, 20.06324 ], [ -155.38034, 20.06311 ], [ -155.38023, 20.06305 ], [ -155.38014, 20.06301 ], [ -155.37997, 20.06294 ], [ -155.37992, 20.06291 ], [ -155.3798, 20.06282 ], [ -155.37969, 20.06269 ], [ -155.37949, 20.06253 ], [ -155.37933, 20.06249 ], [ -155.37927, 20.06249 ], [ -155.37901, 20.06252 ], [ -155.37884, 20.06252 ], [ -155.37863, 20.06252 ], [ -155.3785, 20.06252 ], [ -155.37814, 20.06249 ], [ -155.3779, 20.06249 ], [ -155.37767, 20.06252 ], [ -155.37757, 20.06252 ], [ -155.37748, 20.06252 ], [ -155.37734, 20.06249 ], [ -155.37726, 20.06245 ], [ -155.37714, 20.06236 ], [ -155.37709, 20.0623 ], [ -155.37703, 20.06224 ], [ -155.37691, 20.06209 ], [ -155.37683, 20.06201 ], [ -155.37669, 20.06191 ], [ -155.37652, 20.06188 ], [ -155.37641, 20.06189 ], [ -155.37618, 20.06194 ], [ -155.37613, 20.06195 ], [ -155.37611, 20.0619 ], [ -155.3761, 20.06182 ], [ -155.37605, 20.06169 ], [ -155.37602, 20.06163 ], [ -155.37601, 20.06159 ], [ -155.37602, 20.06152 ], [ -155.37604, 20.06146 ], [ -155.37605, 20.06143 ], [ -155.37602, 20.06135 ], [ -155.37597, 20.0613 ], [ -155.37582, 20.06125 ], [ -155.37536, 20.06119 ], [ -155.37531, 20.06118 ], [ -155.37524, 20.06112 ], [ -155.37522, 20.06109 ], [ -155.37518, 20.06086 ], [ -155.37515, 20.0608 ], [ -155.3751, 20.06076 ], [ -155.37488, 20.06069 ], [ -155.37482, 20.06064 ], [ -155.37476, 20.0606 ], [ -155.37467, 20.06048 ], [ -155.3745, 20.06034 ], [ -155.37444, 20.06028 ], [ -155.37432, 20.06022 ], [ -155.37426, 20.06016 ], [ -155.37409, 20.05985 ], [ -155.37404, 20.05971 ], [ -155.37402, 20.05963 ], [ -155.37395, 20.05945 ], [ -155.37388, 20.05928 ], [ -155.37383, 20.05919 ], [ -155.37379, 20.05912 ], [ -155.37364, 20.05898 ], [ -155.37355, 20.05892 ], [ -155.37351, 20.05889 ], [ -155.37319, 20.05876 ], [ -155.3731, 20.05875 ], [ -155.37291, 20.05864 ], [ -155.37276, 20.05853 ], [ -155.37253, 20.0583 ], [ -155.37242, 20.05815 ], [ -155.37234, 20.058 ], [ -155.37827, 20.05848 ], [ -155.39081, 20.06256 ], [ -155.40616, 20.06903 ], [ -155.4228, 20.07608 ], [ -155.4358, 20.08227 ], [ -155.45232, 20.08842 ], [ -155.46582, 20.09148 ], [ -155.47555, 20.09288 ], [ -155.48892, 20.09413 ], [ -155.50798, 20.09783 ], [ -155.51901, 20.10011 ], [ -155.53512, 20.10726 ], [ -155.55292, 20.11248 ], [ -155.56407, 20.11546 ], [ -155.57631, 20.11953 ], [ -155.57825, 20.12049 ], [ -155.57824, 20.1205 ], [ -155.5779, 20.1206 ], [ -155.57733, 20.12086 ], [ -155.57683, 20.12105 ], [ -155.57621, 20.12135 ], [ -155.5756, 20.12171 ], [ -155.57534, 20.12194 ], [ -155.57529, 20.12198 ], [ -155.57504, 20.12225 ], [ -155.57479, 20.12251 ], [ -155.57465, 20.12266 ], [ -155.57443, 20.12291 ], [ -155.57422, 20.1233 ], [ -155.57405, 20.12347 ], [ -155.57384, 20.12357 ], [ -155.57378, 20.1236 ], [ -155.57362, 20.12361 ], [ -155.57335, 20.12355 ], [ -155.57303, 20.12356 ], [ -155.57273, 20.12362 ], [ -155.57263, 20.12366 ], [ -155.57228, 20.1239 ], [ -155.57196, 20.12421 ], [ -155.57173, 20.12435 ], [ -155.57159, 20.12445 ], [ -155.57149, 20.12468 ], [ -155.57129, 20.12486 ], [ -155.57113, 20.12503 ], [ -155.57082, 20.12523 ], [ -155.57049, 20.12536 ], [ -155.57001, 20.12544 ], [ -155.56934, 20.12556 ], [ -155.56896, 20.12566 ], [ -155.56869, 20.12573 ], [ -155.5682, 20.12591 ], [ -155.56806, 20.12597 ], [ -155.56773, 20.12611 ], [ -155.56743, 20.12626 ], [ -155.56707, 20.12639 ], [ -155.56679, 20.1265 ], [ -155.5663, 20.12667 ], [ -155.56601, 20.12679 ], [ -155.56533, 20.12717 ], [ -155.56504, 20.12725 ], [ -155.56493, 20.12725 ], [ -155.56471, 20.12722 ], [ -155.56429, 20.12704 ], [ -155.56397, 20.127 ], [ -155.56358, 20.12706 ], [ -155.56289, 20.12729 ], [ -155.56256, 20.12747 ], [ -155.56219, 20.12762 ], [ -155.56207, 20.1276 ], [ -155.56145, 20.12735 ], [ -155.56117, 20.12732 ], [ -155.56091, 20.12739 ], [ -155.56058, 20.12757 ], [ -155.56042, 20.12747 ], [ -155.56021, 20.1274 ], [ -155.55992, 20.12741 ], [ -155.55955, 20.1275 ], [ -155.55934, 20.12762 ], [ -155.55909, 20.12785 ], [ -155.55878, 20.12797 ], [ -155.55877, 20.12797 ], [ -155.55837, 20.12805 ], [ -155.55814, 20.12801 ], [ -155.55789, 20.12805 ], [ -155.55764, 20.12808 ], [ -155.55756, 20.12804 ], [ -155.55751, 20.12805 ], [ -155.55738, 20.12816 ], [ -155.5573, 20.12816 ], [ -155.55723, 20.1281 ], [ -155.55712, 20.12808 ], [ -155.55693, 20.12809 ], [ -155.55684, 20.12818 ], [ -155.55686, 20.12827 ], [ -155.55685, 20.12831 ], [ -155.55674, 20.12831 ], [ -155.55666, 20.12841 ], [ -155.55658, 20.12869 ], [ -155.55655, 20.12867 ] ] ] ] } },
{ "type": "Feature", "properties": { "objectid": 26, "solar_cal": "400-450", "st_areasha": 3235754295.1995935, "st_perimet": 1046560.1358523235 }, "geometry": { "type": "MultiPolygon", "coordinates": [ [ [ [ -155.75478, 20.23519 ], [ -155.75313, 20.23502 ], [ -155.75315, 20.23494 ], [ -155.75312, 20.23473 ], [ -155.75301, 20.23455 ], [ -155.75297, 20.23443 ], [ -155.75297, 20.23433 ], [ -155.75301, 20.23424 ], [ -155.75303, 20.23407 ], [ -155.75294, 20.23397 ], [ -155.75294, 20.2335 ], [ -155.75307, 20.23324 ], [ -155.7532, 20.23308 ], [ -155.75323, 20.23298 ], [ -155.75318, 20.23284 ], [ -155.75295, 20.23265 ], [ -155.75282, 20.23258 ], [ -155.7527, 20.23234 ], [ -155.75277, 20.2323 ], [ -155.75269, 20.2322 ], [ -155.75261, 20.23218 ], [ -155.75245, 20.23207 ], [ -155.75242, 20.23197 ], [ -155.75248, 20.2319 ], [ -155.75246, 20.23184 ], [ -155.75235, 20.23173 ], [ -155.75227, 20.2317 ], [ -155.75215, 20.23163 ], [ -155.75211, 20.23156 ], [ -155.7521, 20.23144 ], [ -155.75207, 20.23138 ], [ -155.75197, 20.23135 ], [ -155.75188, 20.23136 ], [ -155.75178, 20.23133 ], [ -155.75175, 20.23131 ], [ -155.75177, 20.23118 ], [ -155.75189, 20.23108 ], [ -155.75198, 20.23103 ], [ -155.75216, 20.23096 ], [ -155.75221, 20.23092 ], [ -155.75232, 20.23089 ], [ -155.75269, 20.23091 ], [ -155.75295, 20.23087 ], [ -155.75308, 20.23075 ], [ -155.75306, 20.23066 ], [ -155.75309, 20.23061 ], [ -155.75307, 20.2303 ], [ -155.7528, 20.22992 ], [ -155.75228, 20.22931 ], [ -155.75228, 20.2293 ], [ -155.75226, 20.22929 ], [ -155.75219, 20.22926 ], [ -155.7521, 20.22928 ], [ -155.75187, 20.2295 ], [ -155.75165, 20.2297 ], [ -155.75144, 20.22983 ], [ -155.75101, 20.22996 ], [ -155.75082, 20.22997 ], [ -155.75073, 20.23001 ], [ -155.75069, 20.23006 ], [ -155.75064, 20.23025 ], [ -155.7506, 20.23032 ], [ -155.75052, 20.23038 ], [ -155.75045, 20.2303 ], [ -155.75037, 20.23035 ], [ -155.75027, 20.23045 ], [ -155.75011, 20.23052 ], [ -155.7498, 20.23037 ], [ -155.7495, 20.23016 ], [ -155.74939, 20.23005 ], [ -155.74935, 20.22996 ], [ -155.74935, 20.22989 ], [ -155.74926, 20.22983 ], [ -155.74897, 20.23 ], [ -155.7488, 20.23003 ], [ -155.74852, 20.23002 ], [ -155.74844, 20.22997 ], [ -155.74835, 20.22977 ], [ -155.74833, 20.22962 ], [ -155.74826, 20.22947 ], [ -155.74825, 20.22935 ], [ -155.74841, 20.22924 ], [ -155.74856, 20.22894 ], [ -155.74864, 20.22851 ], [ -155.74862, 20.22833 ], [ -155.74872, 20.22803 ], [ -155.74865, 20.22786 ], [ -155.74864, 20.22766 ], [ -155.74871, 20.22739 ], [ -155.74856, 20.22703 ], [ -155.7484, 20.2269 ], [ -155.74811, 20.22678 ], [ -155.74739, 20.22679 ], [ -155.74727, 20.2268 ], [ -155.74722, 20.22681 ], [ -155.74712, 20.22676 ], [ -155.74706, 20.22679 ], [ -155.74704, 20.22681 ], [ -155.74701, 20.22686 ], [ -155.74698, 20.22693 ], [ -155.74697, 20.22702 ], [ -155.74694, 20.22709 ], [ -155.74692, 20.22713 ], [ -155.74688, 20.22719 ], [ -155.74682, 20.22724 ], [ -155.74678, 20.22728 ], [ -155.74673, 20.22729 ], [ -155.74669, 20.22731 ], [ -155.74661, 20.22734 ], [ -155.74655, 20.22735 ], [ -155.74649, 20.22735 ], [ -155.74637, 20.22737 ], [ -155.74621, 20.22734 ], [ -155.74612, 20.22734 ], [ -155.74602, 20.22739 ], [ -155.746, 20.22741 ], [ -155.74596, 20.22744 ], [ -155.74588, 20.2275 ], [ -155.74573, 20.22764 ], [ -155.7456, 20.22787 ], [ -155.7456, 20.22792 ], [ -155.74558, 20.22797 ], [ -155.74556, 20.2281 ], [ -155.74554, 20.22815 ], [ -155.74551, 20.22819 ], [ -155.74547, 20.22824 ], [ -155.74542, 20.22832 ], [ -155.74537, 20.2284 ], [ -155.74532, 20.22843 ], [ -155.74525, 20.22846 ], [ -155.74515, 20.22849 ], [ -155.74507, 20.22853 ], [ -155.74496, 20.22857 ], [ -155.74483, 20.22862 ], [ -155.74473, 20.22865 ], [ -155.74467, 20.22873 ], [ -155.74458, 20.22887 ], [ -155.74452, 20.229 ], [ -155.74445, 20.22913 ], [ -155.74439, 20.2292 ], [ -155.74432, 20.22925 ], [ -155.74427, 20.22927 ], [ -155.74422, 20.22926 ], [ -155.74417, 20.22923 ], [ -155.74408, 20.22915 ], [ -155.74402, 20.22909 ], [ -155.74395, 20.22902 ], [ -155.74386, 20.22892 ], [ -155.74378, 20.22882 ], [ -155.74368, 20.22866 ], [ -155.74367, 20.22866 ], [ -155.74361, 20.22859 ], [ -155.74353, 20.22855 ], [ -155.74342, 20.2285 ], [ -155.74328, 20.22844 ], [ -155.74324, 20.2284 ], [ -155.74315, 20.22826 ], [ -155.74307, 20.22803 ], [ -155.74303, 20.22791 ], [ -155.743, 20.22786 ], [ -155.74294, 20.22782 ], [ -155.7428, 20.22778 ], [ -155.74269, 20.22773 ], [ -155.74245, 20.22771 ], [ -155.74238, 20.22769 ], [ -155.74232, 20.2276 ], [ -155.74224, 20.22752 ], [ -155.74209, 20.22729 ], [ -155.74207, 20.22721 ], [ -155.742, 20.22712 ], [ -155.74189, 20.22701 ], [ -155.74174, 20.22689 ], [ -155.74154, 20.22676 ], [ -155.74132, 20.22655 ], [ -155.74114, 20.22636 ], [ -155.74099, 20.22618 ], [ -155.74079, 20.22597 ], [ -155.74031, 20.22551 ], [ -155.73985, 20.22512 ], [ -155.73978, 20.22508 ], [ -155.73971, 20.22505 ], [ -155.73964, 20.22503 ], [ -155.73958, 20.22501 ], [ -155.73953, 20.22497 ], [ -155.73947, 20.2249 ], [ -155.73945, 20.22481 ], [ -155.73947, 20.22474 ], [ -155.73949, 20.22469 ], [ -155.73952, 20.22465 ], [ -155.7396, 20.22459 ], [ -155.73967, 20.22451 ], [ -155.73972, 20.22445 ], [ -155.7398, 20.22419 ], [ -155.73979, 20.22411 ], [ -155.73971, 20.22371 ], [ -155.73965, 20.22355 ], [ -155.73957, 20.22338 ], [ -155.73939, 20.22317 ], [ -155.73921, 20.22298 ], [ -155.73899, 20.22287 ], [ -155.73897, 20.22284 ], [ -155.73895, 20.22279 ], [ -155.73895, 20.22274 ], [ -155.73898, 20.22263 ], [ -155.73901, 20.22249 ], [ -155.739, 20.22244 ], [ -155.73898, 20.22241 ], [ -155.73892, 20.22236 ], [ -155.73885, 20.22229 ], [ -155.73869, 20.22211 ], [ -155.73863, 20.22207 ], [ -155.73858, 20.22208 ], [ -155.73846, 20.22213 ], [ -155.73828, 20.22214 ], [ -155.73824, 20.22213 ], [ -155.73821, 20.22211 ], [ -155.73817, 20.22207 ], [ -155.73811, 20.22203 ], [ -155.73806, 20.222 ], [ -155.738, 20.22193 ], [ -155.73799, 20.22187 ], [ -155.73792, 20.22168 ], [ -155.7379, 20.22165 ], [ -155.73786, 20.2216 ], [ -155.73781, 20.22157 ], [ -155.73778, 20.22155 ], [ -155.73772, 20.2215 ], [ -155.73764, 20.22144 ], [ -155.73743, 20.22135 ], [ -155.73718, 20.22126 ], [ -155.73713, 20.22122 ], [ -155.73712, 20.22119 ], [ -155.7371, 20.22116 ], [ -155.73708, 20.22112 ], [ -155.73708, 20.22099 ], [ -155.73707, 20.22093 ], [ -155.73702, 20.22089 ], [ -155.73697, 20.22087 ], [ -155.73691, 20.22084 ], [ -155.73687, 20.2208 ], [ -155.73685, 20.22075 ], [ -155.73685, 20.22063 ], [ -155.73683, 20.22055 ], [ -155.73681, 20.22049 ], [ -155.73678, 20.22045 ], [ -155.73673, 20.22043 ], [ -155.73669, 20.2204 ], [ -155.73664, 20.22037 ], [ -155.73658, 20.22038 ], [ -155.73652, 20.22038 ], [ -155.73646, 20.2204 ], [ -155.73641, 20.22044 ], [ -155.73635, 20.22047 ], [ -155.73631, 20.22053 ], [ -155.73623, 20.22061 ], [ -155.73617, 20.22066 ], [ -155.73609, 20.2207 ], [ -155.73601, 20.22072 ], [ -155.73593, 20.22075 ], [ -155.73586, 20.22079 ], [ -155.73575, 20.22087 ], [ -155.73564, 20.22095 ], [ -155.73556, 20.22097 ], [ -155.73548, 20.22096 ], [ -155.73543, 20.22094 ], [ -155.73535, 20.22092 ], [ -155.7353, 20.22087 ], [ -155.73525, 20.22082 ], [ -155.7352, 20.22072 ], [ -155.73513, 20.2205 ], [ -155.73506, 20.22039 ], [ -155.735, 20.22029 ], [ -155.73489, 20.22015 ], [ -155.73472, 20.21999 ], [ -155.73458, 20.21991 ], [ -155.73437, 20.2198 ], [ -155.73422, 20.21974 ], [ -155.73402, 20.21963 ], [ -155.7339, 20.21957 ], [ -155.7338, 20.21955 ], [ -155.73372, 20.21954 ], [ -155.73363, 20.21954 ], [ -155.73347, 20.21953 ], [ -155.73338, 20.21952 ], [ -155.73329, 20.21946 ], [ -155.73326, 20.21944 ], [ -155.73322, 20.21939 ], [ -155.7332, 20.21931 ], [ -155.73325, 20.21921 ], [ -155.73337, 20.21907 ], [ -155.73337, 20.21894 ], [ -155.73337, 20.21889 ], [ -155.73342, 20.21887 ], [ -155.73346, 20.21887 ], [ -155.7335, 20.21888 ], [ -155.73361, 20.21893 ], [ -155.73369, 20.21895 ], [ -155.73375, 20.21894 ], [ -155.73378, 20.21893 ], [ -155.73381, 20.21888 ], [ -155.73382, 20.21876 ], [ -155.73377, 20.21845 ], [ -155.73368, 20.21829 ], [ -155.73359, 20.21826 ], [ -155.73352, 20.21827 ], [ -155.73347, 20.21827 ], [ -155.73333, 20.21831 ], [ -155.73319, 20.21839 ], [ -155.73305, 20.21852 ], [ -155.73288, 20.21865 ], [ -155.73272, 20.21879 ], [ -155.73266, 20.21885 ], [ -155.73258, 20.21903 ], [ -155.73249, 20.21921 ], [ -155.73239, 20.21943 ], [ -155.73236, 20.21952 ], [ -155.73224, 20.21964 ], [ -155.7321, 20.21973 ], [ -155.73203, 20.21979 ], [ -155.73199, 20.21981 ], [ -155.73196, 20.21983 ], [ -155.73191, 20.21984 ], [ -155.73186, 20.21984 ], [ -155.73182, 20.21984 ], [ -155.73176, 20.21981 ], [ -155.73168, 20.21974 ], [ -155.73164, 20.21972 ], [ -155.7316, 20.21972 ], [ -155.73157, 20.21974 ], [ -155.73153, 20.21978 ], [ -155.73148, 20.21986 ], [ -155.73142, 20.21996 ], [ -155.73136, 20.22002 ], [ -155.73131, 20.22004 ], [ -155.73125, 20.22005 ], [ -155.73117, 20.22004 ], [ -155.73108, 20.21998 ], [ -155.73101, 20.21995 ], [ -155.73097, 20.2199 ], [ -155.73093, 20.21985 ], [ -155.73091, 20.21982 ], [ -155.73087, 20.21976 ], [ -155.73082, 20.21967 ], [ -155.73076, 20.21956 ], [ -155.73074, 20.21951 ], [ -155.73072, 20.21944 ], [ -155.73073, 20.21936 ], [ -155.73072, 20.21931 ], [ -155.73067, 20.21922 ], [ -155.73066, 20.21916 ], [ -155.73066, 20.21909 ], [ -155.7307, 20.21888 ], [ -155.73072, 20.21879 ], [ -155.73073, 20.21868 ], [ -155.73072, 20.21853 ], [ -155.73069, 20.21838 ], [ -155.73065, 20.21828 ], [ -155.7306, 20.21818 ], [ -155.73056, 20.21805 ], [ -155.73058, 20.21789 ], [ -155.73059, 20.21783 ], [ -155.73057, 20.21779 ], [ -155.73055, 20.21775 ], [ -155.73052, 20.21772 ], [ -155.73049, 20.21767 ], [ -155.73048, 20.21762 ], [ -155.73046, 20.21755 ], [ -155.73046, 20.21702 ], [ -155.73051, 20.21695 ], [ -155.73052, 20.21691 ], [ -155.73055, 20.21689 ], [ -155.73056, 20.21688 ], [ -155.7306, 20.21687 ], [ -155.73064, 20.21688 ], [ -155.73071, 20.21691 ], [ -155.73078, 20.21691 ], [ -155.73086, 20.21688 ], [ -155.73087, 20.21683 ], [ -155.73088, 20.21679 ], [ -155.73087, 20.21677 ], [ -155.73088, 20.21668 ], [ -155.73084, 20.2166 ], [ -155.73079, 20.21647 ], [ -155.73073, 20.21633 ], [ -155.73071, 20.21622 ], [ -155.73071, 20.21614 ], [ -155.73073, 20.21607 ], [ -155.73078, 20.21598 ], [ -155.73085, 20.21582 ], [ -155.73089, 20.21572 ], [ -155.73091, 20.21565 ], [ -155.7309, 20.21556 ], [ -155.7309, 20.2155 ], [ -155.73102, 20.21535 ], [ -155.73108, 20.21526 ], [ -155.73111, 20.21516 ], [ -155.73113, 20.21501 ], [ -155.73118, 20.21492 ], [ -155.73123, 20.21488 ], [ -155.7313, 20.21482 ], [ -155.73135, 20.2148 ], [ -155.73138, 20.21474 ], [ -155.73142, 20.21469 ], [ -155.73142, 20.21467 ], [ -155.74404, 20.21681 ], [ -155.75541, 20.21928 ], [ -155.76979, 20.22281 ], [ -155.77997, 20.22429 ], [ -155.79151, 20.22384 ], [ -155.8087, 20.222 ], [ -155.82506, 20.21493 ], [ -155.83167, 20.20639 ], [ -155.83296, 20.19953 ], [ -155.83253, 20.19239 ], [ -155.82942, 20.18408 ], [ -155.82167, 20.17332 ], [ -155.81241, 20.16137 ], [ -155.80197, 20.14873 ], [ -155.79111, 20.1374 ], [ -155.78241, 20.12635 ], [ -155.77247, 20.11139 ], [ -155.7606, 20.09595 ], [ -155.74512, 20.08197 ], [ -155.72748, 20.066 ], [ -155.70735, 20.05479 ], [ -155.69048, 20.04757 ], [ -155.66763, 20.03981 ], [ -155.63954, 20.03182 ], [ -155.62263, 20.02952 ], [ -155.58022, 20.03558 ], [ -155.57626, 20.03533 ], [ -155.56412, 20.02924 ], [ -155.55393, 20.01789 ], [ -155.54651, 20.00571 ], [ -155.54001, 19.99805 ], [ -155.53042, 19.99122 ], [ -155.51775, 19.98584 ], [ -155.4948, 19.98511 ], [ -155.47229, 19.98669 ], [ -155.45523, 19.98789 ], [ -155.44391, 19.98762 ], [ -155.43492, 19.98521 ], [ -155.4243, 19.98071 ], [ -155.41269, 19.9737 ], [ -155.39543, 19.96746 ], [ -155.37796, 19.96142 ], [ -155.36657, 19.9544 ], [ -155.35785, 19.94847 ], [ -155.34837, 19.94053 ], [ -155.33789, 19.92928 ], [ -155.32951, 19.91549 ], [ -155.32499, 19.90327 ], [ -155.32149, 19.88641 ], [ -155.31973, 19.87335 ], [ -155.31912, 19.85777 ], [ -155.32071, 19.82919 ], [ -155.32622, 19.7905 ], [ -155.33225, 19.77766 ], [ -155.34369, 19.7543 ], [ -155.35004, 19.74205 ], [ -155.35326, 19.72643 ], [ -155.35498, 19.70991 ], [ -155.35439, 19.69674 ], [ -155.35119, 19.67877 ], [ -155.34666, 19.66514 ], [ -155.34228, 19.65564 ], [ -155.33282, 19.63985 ], [ -155.32256, 19.62759 ], [ -155.30758, 19.61268 ], [ -155.29082, 19.59959 ], [ -155.27955, 19.59187 ], [ -155.2699, 19.58644 ], [ -155.26412, 19.58369 ], [ -155.25648, 19.57634 ], [ -155.24691, 19.55914 ], [ -155.2411, 19.53557 ], [ -155.24442, 19.51894 ], [ -155.24682, 19.49688 ], [ -155.24942, 19.48247 ], [ -155.24893, 19.4682 ], [ -155.24927, 19.4519 ], [ -155.24754, 19.44015 ], [ -155.24262, 19.42854 ], [ -155.23829, 19.42235 ], [ -155.23626, 19.41262 ], [ -155.23138, 19.40472 ], [ -155.22545, 19.39755 ], [ -155.20967, 19.38414 ], [ -155.20142, 19.37851 ], [ -155.19007, 19.37199 ], [ -155.16905, 19.36498 ], [ -155.14991, 19.36398 ], [ -155.13673, 19.36432 ], [ -155.09823, 19.37146 ], [ -155.08253, 19.37383 ], [ -155.05399, 19.37925 ], [ -155.03209, 19.38861 ], [ -155.01206, 19.39413 ], [ -154.98855, 19.40321 ], [ -154.96774, 19.41539 ], [ -154.94451, 19.4309 ], [ -154.90985, 19.45265 ], [ -154.89387, 19.46034 ], [ -154.87898, 19.47092 ], [ -154.87116, 19.47592 ], [ -154.86656, 19.4836 ], [ -154.86283, 19.4948 ], [ -154.86387, 19.50273 ], [ -154.87013, 19.51303 ], [ -154.88099, 19.5251 ], [ -154.89771, 19.53892 ], [ -154.91551, 19.55323 ], [ -154.93537, 19.57195 ], [ -154.95789, 19.58974 ], [ -154.97046, 19.60219 ], [ -154.99702, 19.62858 ], [ -155.00786, 19.64809 ], [ -155.01343, 19.66271 ], [ -155.01823, 19.67353 ], [ -155.02763, 19.68741 ], [ -155.03509, 19.6981 ], [ -155.04761, 19.70441 ], [ -155.05796, 19.70622 ], [ -155.07097, 19.7078 ], [ -155.08456, 19.7132 ], [ -155.09443, 19.72075 ], [ -155.10276, 19.73253 ], [ -155.10353, 19.74509 ], [ -155.09907, 19.7562 ], [ -155.09053, 19.76757 ], [ -155.09034, 19.76735 ], [ -155.09009, 19.7672 ], [ -155.08976, 19.76688 ], [ -155.08962, 19.76667 ], [ -155.0896, 19.76643 ], [ -155.08955, 19.76634 ], [ -155.08944, 19.76622 ], [ -155.08921, 19.76584 ], [ -155.08909, 19.76572 ], [ -155.08884, 19.76562 ], [ -155.08871, 19.76558 ], [ -155.08864, 19.76552 ], [ -155.08863, 19.76545 ], [ -155.08873, 19.76529 ], [ -155.08892, 19.7652 ], [ -155.08894, 19.76513 ], [ -155.08893, 19.76507 ], [ -155.0888, 19.76486 ], [ -155.08876, 19.76467 ], [ -155.08878, 19.76465 ], [ -155.08889, 19.76464 ], [ -155.08912, 19.76454 ], [ -155.08926, 19.76434 ], [ -155.08932, 19.76395 ], [ -155.08937, 19.76385 ], [ -155.08936, 19.76376 ], [ -155.08929, 19.76358 ], [ -155.08897, 19.76351 ], [ -155.0887, 19.76337 ], [ -155.08856, 19.76332 ], [ -155.08854, 19.76331 ], [ -155.0887, 19.76316 ], [ -155.08882, 19.76311 ], [ -155.08883, 19.76302 ], [ -155.08882, 19.76297 ], [ -155.08876, 19.7629 ], [ -155.08847, 19.76277 ], [ -155.08851, 19.76273 ], [ -155.08871, 19.76265 ], [ -155.08877, 19.76259 ], [ -155.08886, 19.76257 ], [ -155.08891, 19.76259 ], [ -155.08904, 19.76259 ], [ -155.08912, 19.76262 ], [ -155.08919, 19.76269 ], [ -155.08924, 19.7627 ], [ -155.08927, 19.76247 ], [ -155.08938, 19.76225 ], [ -155.08953, 19.76193 ], [ -155.08971, 19.76124 ], [ -155.08951, 19.76106 ], [ -155.08942, 19.76083 ], [ -155.08946, 19.7607 ], [ -155.08959, 19.76051 ], [ -155.08968, 19.76046 ], [ -155.08977, 19.76044 ], [ -155.08983, 19.76038 ], [ -155.09004, 19.76032 ], [ -155.09011, 19.76026 ], [ -155.09001, 19.76015 ], [ -155.09002, 19.76011 ], [ -155.09014, 19.76007 ], [ -155.0902, 19.76001 ], [ -155.09024, 19.75979 ], [ -155.09029, 19.75967 ], [ -155.0902, 19.75924 ], [ -155.09019, 19.75918 ], [ -155.09029, 19.75903 ], [ -155.09029, 19.75898 ], [ -155.09008, 19.7588 ], [ -155.09006, 19.75876 ], [ -155.09011, 19.75869 ], [ -155.0902, 19.75863 ], [ -155.09041, 19.75857 ], [ -155.09046, 19.75852 ], [ -155.0905, 19.75837 ], [ -155.09048, 19.75826 ], [ -155.09041, 19.75815 ], [ -155.09037, 19.75783 ], [ -155.09036, 19.75762 ], [ -155.09022, 19.75725 ], [ -155.09007, 19.75696 ], [ -155.09022, 19.75689 ], [ -155.09032, 19.75681 ], [ -155.09062, 19.75675 ], [ -155.09085, 19.75678 ], [ -155.09096, 19.75682 ], [ -155.09127, 19.75684 ], [ -155.09198, 19.75683 ], [ -155.09223, 19.75687 ], [ -155.09249, 19.75703 ], [ -155.09283, 19.75715 ], [ -155.09339, 19.75723 ], [ -155.09372, 19.75725 ], [ -155.09387, 19.75721 ], [ -155.09382, 19.75717 ], [ -155.09367, 19.75713 ], [ -155.09321, 19.75696 ], [ -155.0929, 19.75687 ], [ -155.09252, 19.75672 ], [ -155.09241, 19.75661 ], [ -155.09226, 19.75642 ], [ -155.09205, 19.75626 ], [ -155.09196, 19.75626 ], [ -155.09165, 19.75619 ], [ -155.09137, 19.756 ], [ -155.09122, 19.75584 ], [ -155.09084, 19.75537 ], [ -155.09077, 19.75521 ], [ -155.09076, 19.75505 ], [ -155.09078, 19.75486 ], [ -155.09077, 19.75461 ], [ -155.09073, 19.75445 ], [ -155.09061, 19.75419 ], [ -155.09049, 19.75372 ], [ -155.0903, 19.75338 ], [ -155.09021, 19.753 ], [ -155.09019, 19.75278 ], [ -155.08997, 19.75252 ], [ -155.08986, 19.75226 ], [ -155.08987, 19.75218 ], [ -155.08993, 19.75207 ], [ -155.09013, 19.7519 ], [ -155.09023, 19.75177 ], [ -155.09032, 19.75174 ], [ -155.09066, 19.75121 ], [ -155.09077, 19.75097 ], [ -155.0908, 19.7508 ], [ -155.09073, 19.75008 ], [ -155.09074, 19.74999 ], [ -155.09081, 19.74988 ], [ -155.09095, 19.74962 ], [ -155.09098, 19.74948 ], [ -155.09094, 19.74926 ], [ -155.09096, 19.74917 ], [ -155.09106, 19.74905 ], [ -155.09114, 19.74888 ], [ -155.09118, 19.74874 ], [ -155.09113, 19.74861 ], [ -155.09097, 19.74836 ], [ -155.09073, 19.74828 ], [ -155.09073, 19.74822 ], [ -155.09079, 19.74809 ], [ -155.09073, 19.74797 ], [ -155.09063, 19.74786 ], [ -155.09048, 19.74755 ], [ -155.09046, 19.74742 ], [ -155.09039, 19.74738 ], [ -155.09016, 19.74696 ], [ -155.09016, 19.74693 ], [ -155.09014, 19.74682 ], [ -155.09018, 19.74667 ], [ -155.09013, 19.74659 ], [ -155.08999, 19.74654 ], [ -155.08997, 19.74648 ], [ -155.09, 19.74628 ], [ -155.09005, 19.74617 ], [ -155.08994, 19.74603 ], [ -155.08993, 19.7459 ], [ -155.09012, 19.74567 ], [ -155.09015, 19.74554 ], [ -155.09011, 19.74535 ], [ -155.09009, 19.74532 ], [ -155.09006, 19.74517 ], [ -155.09007, 19.74464 ], [ -155.09011, 19.74449 ], [ -155.09008, 19.74439 ], [ -155.09001, 19.74427 ], [ -155.0899, 19.74379 ], [ -155.08989, 19.7436 ], [ -155.08974, 19.7433 ], [ -155.08974, 19.74303 ], [ -155.08976, 19.74281 ], [ -155.08973, 19.74255 ], [ -155.08971, 19.74242 ], [ -155.08976, 19.74217 ], [ -155.0899, 19.74191 ], [ -155.08998, 19.74181 ], [ -155.09021, 19.74165 ], [ -155.09029, 19.74149 ], [ -155.09028, 19.74134 ], [ -155.09012, 19.74104 ], [ -155.09033, 19.74076 ], [ -155.09045, 19.74065 ], [ -155.09056, 19.74041 ], [ -155.09048, 19.74015 ], [ -155.09054, 19.73998 ], [ -155.09061, 19.7394 ], [ -155.09057, 19.73922 ], [ -155.09046, 19.73901 ], [ -155.09042, 19.73872 ], [ -155.0904, 19.73869 ], [ -155.09032, 19.73851 ], [ -155.09011, 19.73832 ], [ -155.08994, 19.73824 ], [ -155.08947, 19.73822 ], [ -155.08943, 19.73814 ], [ -155.08947, 19.73807 ], [ -155.08958, 19.73797 ], [ -155.08984, 19.73785 ], [ -155.08996, 19.73771 ], [ -155.09, 19.73766 ], [ -155.09015, 19.73759 ], [ -155.09025, 19.73739 ], [ -155.09046, 19.73709 ], [ -155.09059, 19.73664 ], [ -155.09077, 19.73623 ], [ -155.09079, 19.73611 ], [ -155.09066, 19.73576 ], [ -155.09061, 19.73561 ], [ -155.09064, 19.73542 ], [ -155.09058, 19.73529 ], [ -155.09066, 19.73513 ], [ -155.09073, 19.73484 ], [ -155.09074, 19.73467 ], [ -155.09053, 19.73439 ], [ -155.09048, 19.73434 ], [ -155.09041, 19.73413 ], [ -155.0904, 19.73412 ], [ -155.09034, 19.73403 ], [ -155.09008, 19.73386 ], [ -155.08921, 19.73339 ], [ -155.08904, 19.73319 ], [ -155.08897, 19.73293 ], [ -155.08891, 19.73285 ], [ -155.08867, 19.7329 ], [ -155.08862, 19.73284 ], [ -155.08856, 19.7327 ], [ -155.0885, 19.73259 ], [ -155.08843, 19.73242 ], [ -155.08824, 19.73211 ], [ -155.08812, 19.73178 ], [ -155.08805, 19.73148 ], [ -155.08811, 19.73133 ], [ -155.08809, 19.73128 ], [ -155.08798, 19.73118 ], [ -155.08788, 19.731 ], [ -155.0878, 19.73071 ], [ -155.08774, 19.73029 ], [ -155.08785, 19.72985 ], [ -155.08784, 19.72957 ], [ -155.08782, 19.72919 ], [ -155.08771, 19.72912 ], [ -155.08764, 19.72894 ], [ -155.08765, 19.72891 ], [ -155.08733, 19.72839 ], [ -155.08707, 19.72797 ], [ -155.08696, 19.72797 ], [ -155.08686, 19.72791 ], [ -155.08676, 19.72779 ], [ -155.08667, 19.72786 ], [ -155.08644, 19.72795 ], [ -155.08641, 19.72795 ], [ -155.08639, 19.72786 ], [ -155.08645, 19.72779 ], [ -155.08665, 19.72767 ], [ -155.08664, 19.72757 ], [ -155.08653, 19.72742 ], [ -155.08622, 19.72711 ], [ -155.08616, 19.72697 ], [ -155.08621, 19.7268 ], [ -155.08619, 19.72673 ], [ -155.08605, 19.72656 ], [ -155.08599, 19.72648 ], [ -155.08579, 19.72629 ], [ -155.08538, 19.72576 ], [ -155.08507, 19.72541 ], [ -155.08499, 19.72531 ], [ -155.08479, 19.72515 ], [ -155.08478, 19.72512 ], [ -155.08467, 19.72506 ], [ -155.08451, 19.72494 ], [ -155.08412, 19.72467 ], [ -155.08383, 19.72453 ], [ -155.08351, 19.72441 ], [ -155.08302, 19.72422 ], [ -155.08283, 19.72419 ], [ -155.08282, 19.72418 ], [ -155.08273, 19.72411 ], [ -155.08267, 19.724 ], [ -155.08254, 19.72394 ], [ -155.08176, 19.72382 ], [ -155.0813, 19.72374 ], [ -155.0805, 19.7237 ], [ -155.08039, 19.72365 ], [ -155.08035, 19.72359 ], [ -155.08031, 19.72356 ], [ -155.07956, 19.72345 ], [ -155.07929, 19.72339 ], [ -155.07768, 19.72309 ], [ -155.0769, 19.72299 ], [ -155.0767, 19.72298 ], [ -155.07643, 19.723 ], [ -155.0763, 19.72304 ], [ -155.07616, 19.723 ], [ -155.07585, 19.72304 ], [ -155.07484, 19.72308 ], [ -155.07471, 19.72307 ], [ -155.07407, 19.72313 ], [ -155.07386, 19.72316 ], [ -155.07379, 19.72314 ], [ -155.07344, 19.7232 ], [ -155.07339, 19.72324 ], [ -155.0733, 19.72317 ], [ -155.07248, 19.72332 ], [ -155.07215, 19.72334 ], [ -155.07157, 19.72344 ], [ -155.07146, 19.7235 ], [ -155.07133, 19.7235 ], [ -155.07118, 19.72353 ], [ -155.07115, 19.72353 ], [ -155.07107, 19.72358 ], [ -155.07099, 19.7236 ], [ -155.07075, 19.72388 ], [ -155.07082, 19.72405 ], [ -155.07081, 19.72438 ], [ -155.07076, 19.72458 ], [ -155.07078, 19.72469 ], [ -155.07087, 19.72487 ], [ -155.07114, 19.72514 ], [ -155.07118, 19.72537 ], [ -155.07133, 19.72553 ], [ -155.07137, 19.72575 ], [ -155.07134, 19.72581 ], [ -155.07117, 19.7258 ], [ -155.07103, 19.72588 ], [ -155.07083, 19.72612 ], [ -155.0708, 19.7262 ], [ -155.07071, 19.72615 ], [ -155.07039, 19.72623 ], [ -155.07026, 19.72623 ], [ -155.07007, 19.72614 ], [ -155.07003, 19.72616 ], [ -155.06993, 19.72632 ], [ -155.07004, 19.72646 ], [ -155.07005, 19.7265 ], [ -155.07003, 19.72652 ], [ -155.0698, 19.72653 ], [ -155.06969, 19.72654 ], [ -155.06964, 19.7266 ], [ -155.06942, 19.72712 ], [ -155.06935, 19.72724 ], [ -155.06935, 19.72727 ], [ -155.06943, 19.72734 ], [ -155.06946, 19.72742 ], [ -155.0694, 19.72749 ], [ -155.06922, 19.7275 ], [ -155.06916, 19.72767 ], [ -155.06913, 19.7277 ], [ -155.06876, 19.72771 ], [ -155.06865, 19.72769 ], [ -155.06849, 19.72778 ], [ -155.06825, 19.72777 ], [ -155.06808, 19.72776 ], [ -155.06803, 19.72779 ], [ -155.06803, 19.72792 ], [ -155.06818, 19.72813 ], [ -155.06821, 19.72823 ], [ -155.06818, 19.72838 ], [ -155.06808, 19.72853 ], [ -155.06805, 19.72855 ], [ -155.06803, 19.7286 ], [ -155.06789, 19.72864 ], [ -155.06775, 19.72866 ], [ -155.06766, 19.72869 ], [ -155.06762, 19.72862 ], [ -155.06763, 19.72854 ], [ -155.06772, 19.72844 ], [ -155.06776, 19.72842 ], [ -155.06778, 19.72836 ], [ -155.06775, 19.72832 ], [ -155.06763, 19.72823 ], [ -155.06758, 19.72825 ], [ -155.06743, 19.72813 ], [ -155.06735, 19.72815 ], [ -155.06723, 19.72821 ], [ -155.06716, 19.72831 ], [ -155.06714, 19.72838 ], [ -155.06706, 19.72842 ], [ -155.06701, 19.72844 ], [ -155.06703, 19.72854 ], [ -155.06689, 19.72868 ], [ -155.06699, 19.72878 ], [ -155.06697, 19.72889 ], [ -155.06687, 19.72906 ], [ -155.06621, 19.72941 ], [ -155.06618, 19.72949 ], [ -155.06619, 19.72978 ], [ -155.06617, 19.72981 ], [ -155.06611, 19.72981 ], [ -155.06607, 19.72981 ], [ -155.06593, 19.72995 ], [ -155.06585, 19.72999 ], [ -155.06576, 19.72994 ], [ -155.06566, 19.72986 ], [ -155.06562, 19.72985 ], [ -155.0656, 19.72988 ], [ -155.0656, 19.73006 ], [ -155.06558, 19.73016 ], [ -155.06554, 19.73021 ], [ -155.0655, 19.73021 ], [ -155.06534, 19.73008 ], [ -155.06532, 19.73013 ], [ -155.06532, 19.73023 ], [ -155.06528, 19.73025 ], [ -155.06519, 19.73023 ], [ -155.06513, 19.73022 ], [ -155.06508, 19.73026 ], [ -155.06507, 19.73038 ], [ -155.06503, 19.73039 ], [ -155.06486, 19.73027 ], [ -155.0647, 19.73038 ], [ -155.06466, 19.73039 ], [ -155.06462, 19.73034 ], [ -155.06464, 19.73013 ], [ -155.06463, 19.73011 ], [ -155.06452, 19.7301 ], [ -155.06443, 19.7301 ], [ -155.0644, 19.73008 ], [ -155.0644, 19.72998 ], [ -155.06434, 19.7299 ], [ -155.06428, 19.72988 ], [ -155.06408, 19.72996 ], [ -155.064, 19.72995 ], [ -155.06392, 19.72983 ], [ -155.06382, 19.72983 ], [ -155.06375, 19.72977 ], [ -155.06372, 19.72971 ], [ -155.06376, 19.72948 ], [ -155.06372, 19.72939 ], [ -155.0636, 19.72932 ], [ -155.06347, 19.7293 ], [ -155.06341, 19.72926 ], [ -155.06335, 19.729 ], [ -155.06334, 19.72891 ], [ -155.06331, 19.72886 ], [ -155.06316, 19.72878 ], [ -155.06308, 19.72859 ], [ -155.06301, 19.72853 ], [ -155.06298, 19.72835 ], [ -155.06297, 19.72821 ], [ -155.06288, 19.72811 ], [ -155.06276, 19.72803 ], [ -155.06269, 19.72786 ], [ -155.06264, 19.72786 ], [ -155.06252, 19.72778 ], [ -155.06247, 19.72779 ], [ -155.06243, 19.72786 ], [ -155.06233, 19.72786 ], [ -155.06228, 19.72781 ], [ -155.06232, 19.72766 ], [ -155.0622, 19.72754 ], [ -155.06212, 19.72723 ], [ -155.06215, 19.72699 ], [ -155.06219, 19.72685 ], [ -155.06218, 19.72669 ], [ -155.0621, 19.72656 ], [ -155.06209, 19.72649 ], [ -155.06215, 19.72643 ], [ -155.06221, 19.72642 ], [ -155.06229, 19.72649 ], [ -155.06236, 19.72658 ], [ -155.06246, 19.72656 ], [ -155.06253, 19.72648 ], [ -155.06275, 19.72593 ], [ -155.06279, 19.72572 ], [ -155.06278, 19.72551 ], [ -155.06266, 19.72518 ], [ -155.06268, 19.72512 ], [ -155.06272, 19.72504 ], [ -155.06271, 19.72462 ], [ -155.06271, 19.72438 ], [ -155.06243, 19.72398 ], [ -155.06236, 19.72387 ], [ -155.06221, 19.72373 ], [ -155.06209, 19.72375 ], [ -155.06201, 19.72385 ], [ -155.06198, 19.72406 ], [ -155.06196, 19.72416 ], [ -155.06184, 19.7243 ], [ -155.06168, 19.72436 ], [ -155.06165, 19.72443 ], [ -155.06172, 19.72452 ], [ -155.06182, 19.7246 ], [ -155.06186, 19.72461 ], [ -155.06187, 19.72459 ], [ -155.06184, 19.72447 ], [ -155.06193, 19.7244 ], [ -155.06202, 19.72438 ], [ -155.06215, 19.72448 ], [ -155.06239, 19.72448 ], [ -155.06248, 19.72456 ], [ -155.06248, 19.72474 ], [ -155.0624, 19.72482 ], [ -155.06228, 19.72489 ], [ -155.06224, 19.72497 ], [ -155.06205, 19.72503 ], [ -155.06197, 19.72508 ], [ -155.06193, 19.72523 ], [ -155.06193, 19.72544 ], [ -155.06189, 19.72552 ], [ -155.06163, 19.72567 ], [ -155.06142, 19.72566 ], [ -155.06128, 19.72573 ], [ -155.06102, 19.72568 ], [ -155.06092, 19.72565 ], [ -155.06084, 19.72571 ], [ -155.06074, 19.72581 ], [ -155.06056, 19.7259 ], [ -155.06056, 19.72594 ], [ -155.06068, 19.72605 ], [ -155.06068, 19.72617 ], [ -155.06065, 19.72627 ], [ -155.06047, 19.72635 ], [ -155.06045, 19.72642 ], [ -155.0603, 19.72649 ], [ -155.06011, 19.72648 ], [ -155.05999, 19.72646 ], [ -155.05989, 19.72651 ], [ -155.05976, 19.72662 ], [ -155.05984, 19.72675 ], [ -155.05992, 19.72696 ], [ -155.05989, 19.72706 ], [ -155.05975, 19.72728 ], [ -155.05971, 19.72746 ], [ -155.05967, 19.72751 ], [ -155.05955, 19.7275 ], [ -155.05943, 19.72749 ], [ -155.05916, 19.72759 ], [ -155.05887, 19.72773 ], [ -155.05842, 19.72785 ], [ -155.05822, 19.72789 ], [ -155.05807, 19.72799 ], [ -155.05794, 19.7281 ], [ -155.05776, 19.72818 ], [ -155.05746, 19.72823 ], [ -155.05719, 19.72836 ], [ -155.05679, 19.72868 ], [ -155.05663, 19.72871 ], [ -155.05658, 19.72871 ], [ -155.05648, 19.72865 ], [ -155.05631, 19.72867 ], [ -155.05612, 19.72869 ], [ -155.05605, 19.7287 ], [ -155.05528, 19.72923 ], [ -155.05655, 19.73048 ], [ -155.05619, 19.7305 ], [ -155.05608, 19.7305 ], [ -155.05606, 19.73051 ], [ -155.0544, 19.72998 ], [ -155.05434, 19.72997 ], [ -155.0543, 19.73001 ], [ -155.05428, 19.73006 ], [ -155.05425, 19.73357 ], [ -155.05409, 19.73357 ], [ -155.05408, 19.73334 ], [ -155.05332, 19.733 ], [ -155.05333, 19.73129 ], [ -155.05205, 19.73127 ], [ -155.05194, 19.7313 ], [ -155.05182, 19.7314 ], [ -155.05169, 19.73156 ], [ -155.05157, 19.73179 ], [ -155.0514, 19.73224 ], [ -155.05136, 19.73234 ], [ -155.05141, 19.7324 ], [ -155.05167, 19.73255 ], [ -155.05171, 19.7326 ], [ -155.05168, 19.73273 ], [ -155.05167, 19.73274 ], [ -155.05424, 19.73429 ], [ -155.0545, 19.73454 ], [ -155.06031, 19.74068 ], [ -155.06049, 19.74083 ], [ -155.06335, 19.74293 ], [ -155.06379, 19.74301 ], [ -155.06394, 19.74307 ], [ -155.06644, 19.74363 ], [ -155.0666, 19.74366 ], [ -155.06695, 19.74368 ], [ -155.06833, 19.74354 ], [ -155.07294, 19.743 ], [ -155.07512, 19.74273 ], [ -155.07515, 19.74282 ], [ -155.07054, 19.74338 ], [ -155.06886, 19.74355 ], [ -155.06687, 19.74379 ], [ -155.06661, 19.74378 ], [ -155.06627, 19.74368 ], [ -155.06327, 19.74301 ], [ -155.06308, 19.74285 ], [ -155.06036, 19.74089 ], [ -155.05431, 19.73446 ], [ -155.05162, 19.73282 ], [ -155.05157, 19.73284 ], [ -155.05128, 19.7327 ], [ -155.05096, 19.73254 ], [ -155.05048, 19.73223 ], [ -155.05029, 19.73213 ], [ -155.04988, 19.7322 ], [ -155.0495, 19.73215 ], [ -155.04939, 19.73213 ], [ -155.04925, 19.73223 ], [ -155.04905, 19.7323 ], [ -155.04884, 19.73228 ], [ -155.04872, 19.73235 ], [ -155.04866, 19.73235 ], [ -155.04867, 19.73228 ], [ -155.04861, 19.73223 ], [ -155.04854, 19.73223 ], [ -155.04846, 19.73212 ], [ -155.04842, 19.73212 ], [ -155.04841, 19.73219 ], [ -155.04833, 19.7323 ], [ -155.04832, 19.7323 ], [ -155.0483, 19.73225 ], [ -155.04829, 19.73215 ], [ -155.04824, 19.73206 ], [ -155.04822, 19.73208 ], [ -155.0482, 19.73218 ], [ -155.04815, 19.73218 ], [ -155.04813, 19.73217 ], [ -155.04811, 19.73212 ], [ -155.04808, 19.73209 ], [ -155.04805, 19.73212 ], [ -155.04804, 19.73227 ], [ -155.04799, 19.73227 ], [ -155.04797, 19.73225 ], [ -155.0479, 19.73229 ], [ -155.04786, 19.73226 ], [ -155.04771, 19.73201 ], [ -155.04762, 19.73192 ], [ -155.04753, 19.73189 ], [ -155.04755, 19.73212 ], [ -155.04754, 19.73215 ], [ -155.04747, 19.73215 ], [ -155.04744, 19.73208 ], [ -155.04742, 19.73199 ], [ -155.04737, 19.73194 ], [ -155.04731, 19.73193 ], [ -155.04727, 19.73197 ], [ -155.04721, 19.73196 ], [ -155.04719, 19.73193 ], [ -155.0472, 19.73177 ], [ -155.04716, 19.73168 ], [ -155.04707, 19.73174 ], [ -155.04698, 19.73172 ], [ -155.04689, 19.73166 ], [ -155.04684, 19.73158 ], [ -155.04673, 19.73155 ], [ -155.04633, 19.73153 ], [ -155.04627, 19.73156 ], [ -155.04621, 19.73168 ], [ -155.04617, 19.73189 ], [ -155.04612, 19.73194 ], [ -155.04598, 19.73202 ], [ -155.04583, 19.73198 ], [ -155.04576, 19.73202 ], [ -155.04573, 19.73207 ], [ -155.04553, 19.73208 ], [ -155.04525, 19.73197 ], [ -155.04518, 19.73195 ], [ -155.04516, 19.73199 ], [ -155.04521, 19.73205 ], [ -155.04538, 19.73221 ], [ -155.0454, 19.73229 ], [ -155.0453, 19.73247 ], [ -155.04534, 19.7326 ], [ -155.04541, 19.73269 ], [ -155.04545, 19.73271 ], [ -155.04547, 19.73265 ], [ -155.04546, 19.7325 ], [ -155.04552, 19.73227 ], [ -155.04558, 19.73224 ], [ -155.04565, 19.73226 ], [ -155.04569, 19.73231 ], [ -155.04593, 19.73231 ], [ -155.04605, 19.73238 ], [ -155.0461, 19.73245 ], [ -155.04609, 19.73264 ], [ -155.04604, 19.7327 ], [ -155.0459, 19.73273 ], [ -155.0459, 19.73286 ], [ -155.04591, 19.73291 ], [ -155.04588, 19.73294 ], [ -155.04581, 19.73294 ], [ -155.04571, 19.73287 ], [ -155.04506, 19.73305 ], [ -155.04499, 19.73304 ], [ -155.04492, 19.73312 ], [ -155.04486, 19.73316 ], [ -155.04487, 19.7333 ], [ -155.04476, 19.73329 ], [ -155.0447, 19.73329 ], [ -155.04466, 19.73345 ], [ -155.04461, 19.73358 ], [ -155.04454, 19.7338 ], [ -155.04451, 19.73383 ], [ -155.04444, 19.73379 ], [ -155.04433, 19.73372 ], [ -155.04427, 19.73374 ], [ -155.04425, 19.73383 ], [ -155.04449, 19.73438 ], [ -155.04448, 19.73443 ], [ -155.04442, 19.73444 ], [ -155.04433, 19.73437 ], [ -155.04431, 19.7344 ], [ -155.04441, 19.73456 ], [ -155.04456, 19.73471 ], [ -155.04457, 19.73491 ], [ -155.0445, 19.73495 ], [ -155.04447, 19.73493 ], [ -155.04434, 19.73467 ], [ -155.04422, 19.7345 ], [ -155.04414, 19.73448 ], [ -155.04404, 19.73451 ], [ -155.04392, 19.73449 ], [ -155.04373, 19.7344 ], [ -155.04371, 19.73441 ], [ -155.04365, 19.73461 ], [ -155.04359, 19.73469 ], [ -155.04351, 19.73475 ], [ -155.04342, 19.73478 ], [ -155.04327, 19.73477 ], [ -155.04317, 19.73473 ], [ -155.04301, 19.73456 ], [ -155.04277, 19.73444 ], [ -155.04264, 19.73441 ], [ -155.04261, 19.73443 ], [ -155.04264, 19.73451 ], [ -155.04268, 19.73454 ], [ -155.04263, 19.73458 ], [ -155.04269, 19.73467 ], [ -155.04272, 19.73469 ], [ -155.04269, 19.7349 ], [ -155.0427, 19.73507 ], [ -155.04266, 19.7354 ], [ -155.04265, 19.73574 ], [ -155.04271, 19.73601 ], [ -155.04264, 19.73616 ], [ -155.04255, 19.73626 ], [ -155.04248, 19.73649 ], [ -155.04251, 19.73669 ], [ -155.04258, 19.73673 ], [ -155.0427, 19.73674 ], [ -155.0428, 19.7369 ], [ -155.04287, 19.73696 ], [ -155.04285, 19.73708 ], [ -155.04288, 19.73717 ], [ -155.04298, 19.7373 ], [ -155.04298, 19.73738 ], [ -155.04296, 19.7375 ], [ -155.04292, 19.73754 ], [ -155.04286, 19.7375 ], [ -155.04279, 19.73743 ], [ -155.04271, 19.73741 ], [ -155.04267, 19.73743 ], [ -155.04273, 19.73761 ], [ -155.0427, 19.73764 ], [ -155.0426, 19.73763 ], [ -155.04247, 19.73758 ], [ -155.04243, 19.7376 ], [ -155.04246, 19.73775 ], [ -155.04244, 19.73783 ], [ -155.04238, 19.73791 ], [ -155.0423, 19.73789 ], [ -155.04216, 19.7378 ], [ -155.04211, 19.73781 ], [ -155.04205, 19.73791 ], [ -155.0419, 19.73797 ], [ -155.04186, 19.73802 ], [ -155.04185, 19.73809 ], [ -155.04191, 19.73824 ], [ -155.04198, 19.73839 ], [ -155.04193, 19.73849 ], [ -155.04184, 19.73852 ], [ -155.04174, 19.7385 ], [ -155.04164, 19.73841 ], [ -155.04158, 19.73831 ], [ -155.04144, 19.73822 ], [ -155.04141, 19.73792 ], [ -155.04137, 19.73787 ], [ -155.04123, 19.73779 ], [ -155.0411, 19.73779 ], [ -155.04106, 19.73782 ], [ -155.04105, 19.73799 ], [ -155.04098, 19.73804 ], [ -155.04092, 19.73796 ], [ -155.04091, 19.73788 ], [ -155.04087, 19.73785 ], [ -155.04065, 19.73792 ], [ -155.04058, 19.73792 ], [ -155.04052, 19.73783 ], [ -155.0405, 19.73776 ], [ -155.04047, 19.73774 ], [ -155.0404, 19.73775 ], [ -155.04034, 19.73779 ], [ -155.04019, 19.73774 ], [ -155.04011, 19.73773 ], [ -155.04008, 19.73776 ], [ -155.04004, 19.73794 ], [ -155.03985, 19.73812 ], [ -155.03983, 19.73816 ], [ -155.03984, 19.73822 ], [ -155.03992, 19.73827 ], [ -155.04005, 19.73824 ], [ -155.04012, 19.73821 ], [ -155.04034, 19.73799 ], [ -155.04037, 19.73798 ], [ -155.04042, 19.73803 ], [ -155.04037, 19.73821 ], [ -155.04038, 19.73824 ], [ -155.04042, 19.73828 ], [ -155.04045, 19.73835 ], [ -155.04043, 19.73841 ], [ -155.0402, 19.73853 ], [ -155.04013, 19.73873 ], [ -155.04026, 19.7389 ], [ -155.04027, 19.73896 ], [ -155.04022, 19.73905 ], [ -155.04016, 19.73907 ], [ -155.03999, 19.739 ], [ -155.03991, 19.73894 ], [ -155.03987, 19.73867 ], [ -155.03984, 19.73858 ], [ -155.03977, 19.73856 ], [ -155.03966, 19.73859 ], [ -155.0396, 19.73854 ], [ -155.03961, 19.73842 ], [ -155.03954, 19.73838 ], [ -155.03936, 19.73842 ], [ -155.03926, 19.73852 ], [ -155.03908, 19.73879 ], [ -155.03905, 19.73878 ], [ -155.03898, 19.73861 ], [ -155.03898, 19.73845 ], [ -155.03907, 19.73816 ], [ -155.03905, 19.73811 ], [ -155.03886, 19.73818 ], [ -155.0388, 19.73816 ], [ -155.0387, 19.73804 ], [ -155.03865, 19.73804 ], [ -155.03861, 19.73808 ], [ -155.0386, 19.73825 ], [ -155.03853, 19.7382 ], [ -155.03842, 19.73803 ], [ -155.03838, 19.73801 ], [ -155.03824, 19.73805 ], [ -155.0381, 19.73814 ], [ -155.03807, 19.73815 ], [ -155.03796, 19.73807 ], [ -155.03798, 19.73792 ], [ -155.038, 19.7379 ], [ -155.03795, 19.73784 ], [ -155.03776, 19.73784 ], [ -155.03773, 19.73783 ], [ -155.03756, 19.73766 ], [ -155.03748, 19.73762 ], [ -155.03734, 19.73765 ], [ -155.0368, 19.73782 ], [ -155.03658, 19.73786 ], [ -155.03648, 19.73792 ], [ -155.036, 19.73795 ], [ -155.03597, 19.73779 ], [ -155.03594, 19.73777 ], [ -155.03582, 19.73794 ], [ -155.03577, 19.73794 ], [ -155.03566, 19.73783 ], [ -155.03556, 19.73777 ], [ -155.03552, 19.73777 ], [ -155.03549, 19.73782 ], [ -155.03548, 19.73793 ], [ -155.03544, 19.73798 ], [ -155.03539, 19.73801 ], [ -155.03539, 19.73813 ], [ -155.0354, 19.73816 ], [ -155.0353, 19.73839 ], [ -155.03526, 19.73847 ], [ -155.03512, 19.73851 ], [ -155.03509, 19.73843 ], [ -155.03513, 19.73835 ], [ -155.03512, 19.73831 ], [ -155.03491, 19.73806 ], [ -155.03481, 19.738 ], [ -155.03474, 19.738 ], [ -155.03463, 19.73817 ], [ -155.03456, 19.73819 ], [ -155.03439, 19.73802 ], [ -155.03435, 19.73794 ], [ -155.03435, 19.7378 ], [ -155.03435, 19.73774 ], [ -155.03423, 19.73763 ], [ -155.03411, 19.73758 ], [ -155.0341, 19.73751 ], [ -155.03415, 19.73748 ], [ -155.0342, 19.73731 ], [ -155.03419, 19.7372 ], [ -155.03414, 19.73713 ], [ -155.03408, 19.73713 ], [ -155.03402, 19.73718 ], [ -155.03396, 19.73732 ], [ -155.03375, 19.73745 ], [ -155.0336, 19.73745 ], [ -155.03354, 19.73739 ], [ -155.03346, 19.73719 ], [ -155.03341, 19.73715 ], [ -155.03327, 19.73714 ], [ -155.03309, 19.7372 ], [ -155.03302, 19.73719 ], [ -155.03297, 19.73703 ], [ -155.03297, 19.73689 ], [ -155.03295, 19.73685 ], [ -155.03277, 19.73687 ], [ -155.03271, 19.73686 ], [ -155.03259, 19.7367 ], [ -155.03255, 19.73673 ], [ -155.03253, 19.7368 ], [ -155.03248, 19.73682 ], [ -155.03235, 19.73671 ], [ -155.0323, 19.73672 ], [ -155.03227, 19.73675 ], [ -155.0323, 19.73685 ], [ -155.03223, 19.73701 ], [ -155.0323, 19.7372 ], [ -155.03228, 19.73737 ], [ -155.03223, 19.73746 ], [ -155.03213, 19.73779 ], [ -155.03208, 19.7381 ], [ -155.032, 19.73812 ], [ -155.03193, 19.73807 ], [ -155.03194, 19.73767 ], [ -155.03191, 19.73764 ], [ -155.03178, 19.73774 ], [ -155.03174, 19.73774 ], [ -155.0317, 19.73768 ], [ -155.03169, 19.73761 ], [ -155.0316, 19.7375 ], [ -155.03161, 19.73746 ], [ -155.03169, 19.73741 ], [ -155.03153, 19.7372 ], [ -155.03152, 19.73702 ], [ -155.03159, 19.73678 ], [ -155.03158, 19.73667 ], [ -155.03156, 19.73664 ], [ -155.03151, 19.73664 ], [ -155.03146, 19.73665 ], [ -155.0313, 19.73658 ], [ -155.03122, 19.73658 ], [ -155.03104, 19.73664 ], [ -155.03091, 19.73671 ], [ -155.03084, 19.73672 ], [ -155.03085, 19.73664 ], [ -155.03101, 19.73653 ], [ -155.03102, 19.73636 ], [ -155.03098, 19.73629 ], [ -155.03094, 19.73629 ], [ -155.03087, 19.73636 ], [ -155.03083, 19.73646 ], [ -155.03078, 19.73648 ], [ -155.03075, 19.73647 ], [ -155.03073, 19.73639 ], [ -155.03074, 19.73631 ], [ -155.03083, 19.73619 ], [ -155.03105, 19.73601 ], [ -155.03131, 19.73583 ], [ -155.03137, 19.73561 ], [ -155.03138, 19.7355 ], [ -155.0314, 19.73539 ], [ -155.03127, 19.73528 ], [ -155.0312, 19.73513 ], [ -155.0312, 19.73508 ], [ -155.03125, 19.73503 ], [ -155.03137, 19.73505 ], [ -155.03151, 19.73512 ], [ -155.0318, 19.73506 ], [ -155.03184, 19.73501 ], [ -155.03189, 19.73478 ], [ -155.03167, 19.73452 ], [ -155.03158, 19.73441 ], [ -155.03159, 19.73431 ], [ -155.03164, 19.7342 ], [ -155.03164, 19.73419 ], [ -155.03153, 19.73416 ], [ -155.03137, 19.73416 ], [ -155.03084, 19.73426 ], [ -155.03073, 19.73431 ], [ -155.03067, 19.73436 ], [ -155.03064, 19.73447 ], [ -155.03062, 19.7345 ], [ -155.03035, 19.73459 ], [ -155.03031, 19.73461 ], [ -155.03025, 19.73482 ], [ -155.03014, 19.73494 ], [ -155.03005, 19.73498 ], [ -155.02998, 19.73493 ], [ -155.02999, 19.7348 ], [ -155.03002, 19.73471 ], [ -155.03, 19.73466 ], [ -155.02991, 19.73455 ], [ -155.02987, 19.7344 ], [ -155.02983, 19.73425 ], [ -155.02976, 19.73414 ], [ -155.0296, 19.73399 ], [ -155.0294, 19.73395 ], [ -155.02934, 19.734 ], [ -155.0293, 19.73405 ], [ -155.02924, 19.73409 ], [ -155.02916, 19.73407 ], [ -155.0291, 19.73403 ], [ -155.0291, 19.73392 ], [ -155.02931, 19.73374 ], [ -155.0293, 19.73368 ], [ -155.02919, 19.73357 ], [ -155.02898, 19.73342 ], [ -155.02881, 19.73332 ], [ -155.02871, 19.73331 ], [ -155.02843, 19.73334 ], [ -155.02839, 19.73336 ], [ -155.02824, 19.73335 ], [ -155.02822, 19.73329 ], [ -155.02827, 19.73323 ], [ -155.02834, 19.73321 ], [ -155.02831, 19.73318 ], [ -155.02814, 19.73316 ], [ -155.02808, 19.73317 ], [ -155.02805, 19.7332 ], [ -155.02805, 19.73331 ], [ -155.02815, 19.73345 ], [ -155.02826, 19.7335 ], [ -155.02835, 19.7337 ], [ -155.0282, 19.73379 ], [ -155.02813, 19.7339 ], [ -155.02812, 19.734 ], [ -155.02804, 19.73408 ], [ -155.02798, 19.73411 ], [ -155.02753, 19.73421 ], [ -155.02738, 19.7343 ], [ -155.02725, 19.73442 ], [ -155.02724, 19.7345 ], [ -155.0273, 19.73458 ], [ -155.02726, 19.73468 ], [ -155.02726, 19.73474 ], [ -155.02735, 19.73506 ], [ -155.02735, 19.73509 ], [ -155.02725, 19.73516 ], [ -155.0271, 19.7352 ], [ -155.02701, 19.73536 ], [ -155.02699, 19.7355 ], [ -155.02696, 19.73551 ], [ -155.02686, 19.7354 ], [ -155.0267, 19.73538 ], [ -155.02663, 19.73543 ], [ -155.0266, 19.73552 ], [ -155.02652, 19.73555 ], [ -155.02642, 19.73551 ], [ -155.02631, 19.73556 ], [ -155.02618, 19.73568 ], [ -155.02611, 19.7357 ], [ -155.02603, 19.73563 ], [ -155.02574, 19.73532 ], [ -155.02555, 19.7353 ], [ -155.02523, 19.73529 ], [ -155.0249, 19.73521 ], [ -155.0246, 19.73522 ], [ -155.02441, 19.73509 ], [ -155.02421, 19.73511 ], [ -155.02416, 19.73507 ], [ -155.02416, 19.73502 ], [ -155.02419, 19.7349 ], [ -155.02416, 19.73481 ], [ -155.02405, 19.7348 ], [ -155.02397, 19.73474 ], [ -155.02393, 19.73467 ], [ -155.02395, 19.73462 ], [ -155.02391, 19.73455 ], [ -155.02387, 19.73452 ], [ -155.02388, 19.73444 ], [ -155.02396, 19.73426 ], [ -155.02403, 19.73418 ], [ -155.02399, 19.73408 ], [ -155.02391, 19.73406 ], [ -155.0238, 19.73387 ], [ -155.02364, 19.73371 ], [ -155.02357, 19.73367 ], [ -155.02343, 19.73366 ], [ -155.02328, 19.7337 ], [ -155.02322, 19.73377 ], [ -155.02321, 19.73386 ], [ -155.02317, 19.73389 ], [ -155.02316, 19.73399 ], [ -155.02306, 19.73405 ], [ -155.02295, 19.73407 ], [ -155.02288, 19.73397 ], [ -155.02279, 19.73389 ], [ -155.02274, 19.73378 ], [ -155.02264, 19.73374 ], [ -155.02255, 19.73374 ], [ -155.02256, 19.73369 ], [ -155.02267, 19.73361 ], [ -155.02278, 19.73354 ], [ -155.02275, 19.73351 ], [ -155.02257, 19.73349 ], [ -155.02254, 19.73336 ], [ -155.02248, 19.73328 ], [ -155.02244, 19.73314 ], [ -155.02237, 19.73309 ], [ -155.02227, 19.73312 ], [ -155.02213, 19.73321 ], [ -155.0221, 19.73322 ], [ -155.02206, 19.7332 ], [ -155.02199, 19.73312 ], [ -155.02197, 19.73311 ], [ -155.0219, 19.73293 ], [ -155.02171, 19.73281 ], [ -155.02139, 19.73247 ], [ -155.02134, 19.73242 ], [ -155.02143, 19.73231 ], [ -155.02148, 19.73232 ], [ -155.02163, 19.73244 ], [ -155.02169, 19.73246 ], [ -155.02177, 19.73237 ], [ -155.02181, 19.73236 ], [ -155.02214, 19.73234 ], [ -155.02228, 19.73228 ], [ -155.02231, 19.73222 ], [ -155.02231, 19.73218 ], [ -155.02227, 19.73216 ], [ -155.02219, 19.73216 ], [ -155.02212, 19.73221 ], [ -155.02207, 19.73219 ], [ -155.02184, 19.73223 ], [ -155.02174, 19.73227 ], [ -155.02162, 19.73226 ], [ -155.02144, 19.73219 ], [ -155.02137, 19.7322 ], [ -155.02129, 19.73227 ], [ -155.0212, 19.73239 ], [ -155.02116, 19.73241 ], [ -155.02104, 19.73236 ], [ -155.02093, 19.73228 ], [ -155.02079, 19.7323 ], [ -155.02076, 19.73237 ], [ -155.02074, 19.73248 ], [ -155.02067, 19.73254 ], [ -155.02063, 19.73246 ], [ -155.02065, 19.73241 ], [ -155.02062, 19.73235 ], [ -155.02053, 19.73232 ], [ -155.02046, 19.7324 ], [ -155.02038, 19.73243 ], [ -155.02005, 19.73247 ], [ -155.01992, 19.7325 ], [ -155.01979, 19.73259 ], [ -155.01968, 19.73284 ], [ -155.01958, 19.73293 ], [ -155.01951, 19.73296 ], [ -155.01949, 19.73302 ], [ -155.0195, 19.73308 ], [ -155.0193, 19.7331 ], [ -155.01923, 19.73313 ], [ -155.01909, 19.73311 ], [ -155.01895, 19.73314 ], [ -155.01885, 19.73322 ], [ -155.01885, 19.73326 ], [ -155.01866, 19.73326 ], [ -155.01855, 19.73329 ], [ -155.0185, 19.73328 ], [ -155.01831, 19.73311 ], [ -155.01824, 19.73304 ], [ -155.01817, 19.73303 ], [ -155.01806, 19.73304 ], [ -155.01791, 19.73316 ], [ -155.01768, 19.7333 ], [ -155.01762, 19.73333 ], [ -155.01759, 19.73342 ], [ -155.01761, 19.7336 ], [ -155.01764, 19.73379 ], [ -155.01763, 19.73388 ], [ -155.01755, 19.73396 ], [ -155.01717, 19.73415 ], [ -155.01702, 19.73424 ], [ -155.0169, 19.73434 ], [ -155.01685, 19.73435 ], [ -155.01659, 19.73433 ], [ -155.01621, 19.73438 ], [ -155.01607, 19.73443 ], [ -155.01594, 19.73461 ], [ -155.01581, 19.73472 ], [ -155.01563, 19.73481 ], [ -155.01558, 19.73482 ], [ -155.01534, 19.73475 ], [ -155.0151, 19.7347 ], [ -155.01501, 19.73465 ], [ -155.01497, 19.73458 ], [ -155.0149, 19.73453 ], [ -155.01479, 19.73447 ], [ -155.01457, 19.73444 ], [ -155.01447, 19.73446 ], [ -155.01432, 19.73467 ], [ -155.01422, 19.73472 ], [ -155.01415, 19.7347 ], [ -155.01413, 19.73465 ], [ -155.01413, 19.73463 ], [ -155.01382, 19.73453 ], [ -155.01372, 19.73455 ], [ -155.01366, 19.73462 ], [ -155.01364, 19.73474 ], [ -155.0137, 19.73487 ], [ -155.01379, 19.73493 ], [ -155.0139, 19.73493 ], [ -155.01408, 19.73488 ], [ -155.01411, 19.7349 ], [ -155.01411, 19.73494 ], [ -155.01404, 19.735 ], [ -155.01377, 19.73508 ], [ -155.01372, 19.73513 ], [ -155.0137, 19.7352 ], [ -155.01373, 19.73532 ], [ -155.01384, 19.73551 ], [ -155.01391, 19.73563 ], [ -155.01392, 19.73567 ], [ -155.01389, 19.73572 ], [ -155.01364, 19.73584 ], [ -155.01356, 19.73592 ], [ -155.01347, 19.73633 ], [ -155.01347, 19.73653 ], [ -155.01349, 19.73673 ], [ -155.01351, 19.73691 ], [ -155.01355, 19.73701 ], [ -155.01353, 19.73715 ], [ -155.0136, 19.73729 ], [ -155.01373, 19.73742 ], [ -155.01378, 19.73751 ], [ -155.01374, 19.73757 ], [ -155.01361, 19.73761 ], [ -155.01358, 19.73757 ], [ -155.01355, 19.73752 ], [ -155.01349, 19.73746 ], [ -155.01338, 19.73745 ], [ -155.01331, 19.73741 ], [ -155.01321, 19.7374 ], [ -155.01297, 19.73748 ], [ -155.01289, 19.73742 ], [ -155.01275, 19.73736 ], [ -155.01279, 19.73725 ], [ -155.01276, 19.73715 ], [ -155.01279, 19.73703 ], [ -155.01278, 19.73699 ], [ -155.01271, 19.73698 ], [ -155.01261, 19.73706 ], [ -155.0125, 19.7371 ], [ -155.01246, 19.73718 ], [ -155.01241, 19.73719 ], [ -155.01228, 19.73714 ], [ -155.01219, 19.73707 ], [ -155.01216, 19.73697 ], [ -155.01208, 19.73692 ], [ -155.01202, 19.73695 ], [ -155.01199, 19.737 ], [ -155.01208, 19.73722 ], [ -155.01201, 19.73727 ], [ -155.01195, 19.73728 ], [ -155.01192, 19.73722 ], [ -155.01189, 19.73716 ], [ -155.01182, 19.73714 ], [ -155.01162, 19.73723 ], [ -155.01154, 19.7372 ], [ -155.01145, 19.73715 ], [ -155.01131, 19.73713 ], [ -155.01124, 19.73706 ], [ -155.01124, 19.73696 ], [ -155.01127, 19.73691 ], [ -155.01145, 19.73686 ], [ -155.01149, 19.73683 ], [ -155.01151, 19.73665 ], [ -155.01146, 19.73651 ], [ -155.01139, 19.7365 ], [ -155.01128, 19.73677 ], [ -155.01126, 19.73677 ], [ -155.0111, 19.7369 ], [ -155.01104, 19.73687 ], [ -155.01103, 19.73682 ], [ -155.01115, 19.73666 ], [ -155.0112, 19.73661 ], [ -155.01123, 19.7365 ], [ -155.01111, 19.73634 ], [ -155.01104, 19.73615 ], [ -155.01099, 19.73606 ], [ -155.01087, 19.73602 ], [ -155.01077, 19.73607 ], [ -155.01069, 19.73617 ], [ -155.0106, 19.73614 ], [ -155.01043, 19.73601 ], [ -155.0104, 19.73596 ], [ -155.01043, 19.7356 ], [ -155.01046, 19.73543 ], [ -155.01035, 19.73531 ], [ -155.01031, 19.73522 ], [ -155.0102, 19.73516 ], [ -155.00997, 19.73509 ], [ -155.00953, 19.73503 ], [ -155.00946, 19.73502 ], [ -155.00933, 19.73509 ], [ -155.00918, 19.73518 ], [ -155.00908, 19.73519 ], [ -155.00877, 19.7352 ], [ -155.00832, 19.7354 ], [ -155.00819, 19.73538 ], [ -155.00786, 19.73531 ], [ -155.00712, 19.73529 ], [ -155.00705, 19.73531 ], [ -155.00704, 19.73533 ], [ -155.00687, 19.73553 ], [ -155.00669, 19.73563 ], [ -155.00665, 19.73568 ], [ -155.00657, 19.73566 ], [ -155.00651, 19.73564 ], [ -155.00631, 19.73563 ], [ -155.00614, 19.73558 ], [ -155.00606, 19.73561 ], [ -155.00589, 19.73576 ], [ -155.00566, 19.73603 ], [ -155.00563, 19.73611 ], [ -155.00564, 19.73616 ], [ -155.00573, 19.73625 ], [ -155.0058, 19.73627 ], [ -155.0058, 19.7363 ], [ -155.00573, 19.7363 ], [ -155.00557, 19.73629 ], [ -155.00553, 19.73624 ], [ -155.0055, 19.73614 ], [ -155.00544, 19.73611 ], [ -155.00528, 19.73618 ], [ -155.00504, 19.73606 ], [ -155.00497, 19.73605 ], [ -155.00486, 19.73609 ], [ -155.00471, 19.73605 ], [ -155.00457, 19.73613 ], [ -155.0044, 19.73606 ], [ -155.00409, 19.73606 ], [ -155.00404, 19.73608 ], [ -155.004, 19.73615 ], [ -155.00394, 19.73635 ], [ -155.0039, 19.73636 ], [ -155.00383, 19.73628 ], [ -155.00376, 19.73629 ], [ -155.00364, 19.73633 ], [ -155.00351, 19.73634 ], [ -155.00353, 19.73613 ], [ -155.00349, 19.73601 ], [ -155.00345, 19.73602 ], [ -155.00343, 19.73609 ], [ -155.0034, 19.73607 ], [ -155.00337, 19.73595 ], [ -155.00343, 19.73584 ], [ -155.00339, 19.73582 ], [ -155.00331, 19.73587 ], [ -155.00321, 19.736 ], [ -155.00308, 19.73604 ], [ -155.00304, 19.73602 ], [ -155.00301, 19.73595 ], [ -155.00305, 19.73585 ], [ -155.00308, 19.73579 ], [ -155.00296, 19.73576 ], [ -155.00284, 19.73586 ], [ -155.00279, 19.7358 ], [ -155.00277, 19.73576 ], [ -155.00279, 19.73563 ], [ -155.00276, 19.73554 ], [ -155.00272, 19.73552 ], [ -155.00264, 19.73555 ], [ -155.00261, 19.73542 ], [ -155.00242, 19.73545 ], [ -155.00234, 19.73541 ], [ -155.00227, 19.73532 ], [ -155.00227, 19.73525 ], [ -155.00232, 19.73513 ], [ -155.00227, 19.73509 ], [ -155.00214, 19.7351 ], [ -155.00211, 19.73509 ], [ -155.00208, 19.7349 ], [ -155.00205, 19.73482 ], [ -155.00197, 19.73477 ], [ -155.00182, 19.73478 ], [ -155.00176, 19.73481 ], [ -155.00166, 19.73478 ], [ -155.00142, 19.73475 ], [ -155.00127, 19.73462 ], [ -155.00126, 19.73449 ], [ -155.0013, 19.7344 ], [ -155.00132, 19.73428 ], [ -155.00128, 19.73422 ], [ -155.00119, 19.73429 ], [ -155.00116, 19.73429 ], [ -155.00116, 19.73422 ], [ -155.0012, 19.73414 ], [ -155.00128, 19.7341 ], [ -155.00149, 19.73413 ], [ -155.00151, 19.7341 ], [ -155.00151, 19.73406 ], [ -155.0014, 19.73401 ], [ -155.00127, 19.73405 ], [ -155.00114, 19.7341 ], [ -155.00092, 19.73406 ], [ -155.00093, 19.73401 ], [ -155.00101, 19.73399 ], [ -155.00106, 19.73399 ], [ -155.00108, 19.73395 ], [ -155.00103, 19.73389 ], [ -155.00088, 19.73381 ], [ -155.00087, 19.73375 ], [ -155.00093, 19.7336 ], [ -155.0009, 19.73349 ], [ -155.00087, 19.73349 ], [ -155.0008, 19.73356 ], [ -155.00068, 19.73355 ], [ -155.00062, 19.73349 ], [ -155.00063, 19.73343 ], [ -155.00071, 19.7334 ], [ -155.00082, 19.73325 ], [ -155.00082, 19.73321 ], [ -155.00057, 19.73323 ], [ -155.00052, 19.73321 ], [ -155.00046, 19.7329 ], [ -155.00063, 19.73275 ], [ -155.00063, 19.73273 ], [ -155.0004, 19.73255 ], [ -155.00036, 19.73241 ], [ -155.00047, 19.73187 ], [ -155.00057, 19.73164 ], [ -155.00058, 19.73151 ], [ -155.00057, 19.73148 ], [ -155.00047, 19.73141 ], [ -155.00037, 19.73128 ], [ -155.00024, 19.73116 ], [ -155.00011, 19.73097 ], [ -154.99999, 19.73091 ], [ -154.99973, 19.73089 ], [ -154.99959, 19.73083 ], [ -154.99936, 19.73065 ], [ -154.99928, 19.7305 ], [ -154.99928, 19.73041 ], [ -154.99917, 19.73034 ], [ -154.99914, 19.73026 ], [ -154.99903, 19.73026 ], [ -154.99896, 19.73012 ], [ -154.99903, 19.73005 ], [ -154.99903, 19.73002 ], [ -154.999, 19.73 ], [ -154.9988, 19.73005 ], [ -154.99868, 19.73 ], [ -154.99854, 19.72984 ], [ -154.99852, 19.72975 ], [ -154.9986, 19.7296 ], [ -154.99857, 19.72952 ], [ -154.99854, 19.72951 ], [ -154.99843, 19.72957 ], [ -154.99832, 19.72957 ], [ -154.99818, 19.72951 ], [ -154.99817, 19.72942 ], [ -154.99817, 19.72931 ], [ -154.99814, 19.72928 ], [ -154.99811, 19.72927 ], [ -154.99807, 19.72932 ], [ -154.99804, 19.72937 ], [ -154.99799, 19.72938 ], [ -154.99792, 19.72926 ], [ -154.99796, 19.72913 ], [ -154.99789, 19.729 ], [ -154.99788, 19.72891 ], [ -154.99774, 19.72882 ], [ -154.99759, 19.72875 ], [ -154.99757, 19.72871 ], [ -154.99759, 19.72857 ], [ -154.99768, 19.72832 ], [ -154.99767, 19.7282 ], [ -154.9976, 19.72808 ], [ -154.99746, 19.728 ], [ -154.99723, 19.72794 ], [ -154.99714, 19.72789 ], [ -154.99711, 19.72789 ], [ -154.99707, 19.72789 ], [ -154.99703, 19.72785 ], [ -154.99699, 19.72781 ], [ -154.99692, 19.72783 ], [ -154.99685, 19.7278 ], [ -154.99685, 19.72778 ], [ -154.99682, 19.7277 ], [ -154.99676, 19.72769 ], [ -154.99667, 19.72774 ], [ -154.9966, 19.72777 ], [ -154.99639, 19.72755 ], [ -154.99622, 19.72742 ], [ -154.99612, 19.7274 ], [ -154.99601, 19.72738 ], [ -154.996, 19.72734 ], [ -154.99603, 19.72728 ], [ -154.99613, 19.72723 ], [ -154.99621, 19.72727 ], [ -154.99626, 19.72725 ], [ -154.99628, 19.72723 ], [ -154.99622, 19.72713 ], [ -154.99621, 19.72703 ], [ -154.99611, 19.72706 ], [ -154.99606, 19.72701 ], [ -154.99602, 19.72688 ], [ -154.99605, 19.72681 ], [ -154.99609, 19.72664 ], [ -154.99607, 19.72657 ], [ -154.99591, 19.72646 ], [ -154.99594, 19.7264 ], [ -154.99594, 19.72632 ], [ -154.99592, 19.72628 ], [ -154.99591, 19.72623 ], [ -154.99599, 19.72618 ], [ -154.99609, 19.72619 ], [ -154.99612, 19.72615 ], [ -154.99609, 19.72611 ], [ -154.9957, 19.726 ], [ -154.99561, 19.72594 ], [ -154.99548, 19.72596 ], [ -154.99527, 19.72605 ], [ -154.99515, 19.72602 ], [ -154.99509, 19.72605 ], [ -154.99501, 19.72604 ], [ -154.99499, 19.72601 ], [ -154.99511, 19.72593 ], [ -154.99514, 19.72586 ], [ -154.99508, 19.72584 ], [ -154.99507, 19.72581 ], [ -154.9951, 19.72568 ], [ -154.99501, 19.72562 ], [ -154.99493, 19.7255 ], [ -154.99485, 19.72543 ], [ -154.9947, 19.72554 ], [ -154.99464, 19.72565 ], [ -154.99456, 19.7257 ], [ -154.99451, 19.72568 ], [ -154.99449, 19.72563 ], [ -154.99449, 19.72554 ], [ -154.99453, 19.7255 ], [ -154.99454, 19.72546 ], [ -154.9945, 19.72541 ], [ -154.99451, 19.72538 ], [ -154.99464, 19.72532 ], [ -154.99463, 19.72529 ], [ -154.99449, 19.72523 ], [ -154.99445, 19.72521 ], [ -154.99434, 19.72502 ], [ -154.99451, 19.72491 ], [ -154.9945, 19.72487 ], [ -154.99442, 19.72482 ], [ -154.99433, 19.72484 ], [ -154.99427, 19.72485 ], [ -154.99425, 19.72479 ], [ -154.99414, 19.7248 ], [ -154.99405, 19.72476 ], [ -154.99401, 19.7247 ], [ -154.99408, 19.72458 ], [ -154.99406, 19.72451 ], [ -154.99414, 19.72442 ], [ -154.99411, 19.7244 ], [ -154.99408, 19.72433 ], [ -154.99413, 19.72426 ], [ -154.99407, 19.72419 ], [ -154.99392, 19.72412 ], [ -154.99387, 19.72407 ], [ -154.99379, 19.72404 ], [ -154.99363, 19.72411 ], [ -154.99357, 19.72411 ], [ -154.99356, 19.72406 ], [ -154.99363, 19.72395 ], [ -154.99358, 19.72391 ], [ -154.99353, 19.7239 ], [ -154.99344, 19.72387 ], [ -154.99342, 19.7238 ], [ -154.99328, 19.7238 ], [ -154.99323, 19.72375 ], [ -154.99331, 19.7237 ], [ -154.99347, 19.72365 ], [ -154.99349, 19.72361 ], [ -154.9933, 19.72345 ], [ -154.99324, 19.72346 ], [ -154.99322, 19.72343 ], [ -154.99304, 19.72344 ], [ -154.99298, 19.7234 ], [ -154.99308, 19.72334 ], [ -154.99312, 19.7233 ], [ -154.99311, 19.72326 ], [ -154.99304, 19.72323 ], [ -154.99289, 19.72328 ], [ -154.99283, 19.72325 ], [ -154.99267, 19.72321 ], [ -154.99265, 19.72313 ], [ -154.9927, 19.72306 ], [ -154.9928, 19.72302 ], [ -154.99294, 19.72294 ], [ -154.99293, 19.72289 ], [ -154.99273, 19.72283 ], [ -154.99258, 19.7227 ], [ -154.99257, 19.72264 ], [ -154.99258, 19.72261 ], [ -154.99261, 19.72257 ], [ -154.99276, 19.72239 ], [ -154.99275, 19.72235 ], [ -154.99268, 19.7223 ], [ -154.99257, 19.72232 ], [ -154.99253, 19.72227 ], [ -154.99258, 19.72219 ], [ -154.99258, 19.72215 ], [ -154.99254, 19.72209 ], [ -154.99241, 19.72207 ], [ -154.99239, 19.72203 ], [ -154.99243, 19.72196 ], [ -154.99263, 19.72188 ], [ -154.9927, 19.72182 ], [ -154.99268, 19.72176 ], [ -154.99251, 19.72171 ], [ -154.99246, 19.72164 ], [ -154.99247, 19.72159 ], [ -154.99256, 19.72154 ], [ -154.99268, 19.72156 ], [ -154.9928, 19.72154 ], [ -154.99283, 19.72149 ], [ -154.99279, 19.72141 ], [ -154.99279, 19.72134 ], [ -154.99279, 19.72126 ], [ -154.99266, 19.72126 ], [ -154.99257, 19.7212 ], [ -154.99255, 19.72116 ], [ -154.99258, 19.72106 ], [ -154.99272, 19.72101 ], [ -154.99275, 19.72098 ], [ -154.99271, 19.72091 ], [ -154.99267, 19.72085 ], [ -154.99273, 19.72077 ], [ -154.99272, 19.7207 ], [ -154.99265, 19.72065 ], [ -154.99256, 19.7206 ], [ -154.99255, 19.72054 ], [ -154.9925, 19.72051 ], [ -154.99234, 19.72052 ], [ -154.99229, 19.72045 ], [ -154.99215, 19.72036 ], [ -154.99216, 19.72029 ], [ -154.99211, 19.72022 ], [ -154.99213, 19.72016 ], [ -154.99241, 19.71994 ], [ -154.99242, 19.71989 ], [ -154.99237, 19.71978 ], [ -154.99242, 19.71972 ], [ -154.99238, 19.71967 ], [ -154.99229, 19.71967 ], [ -154.99217, 19.71964 ], [ -154.99212, 19.71955 ], [ -154.99217, 19.71945 ], [ -154.99216, 19.71938 ], [ -154.99207, 19.71929 ], [ -154.99204, 19.71916 ], [ -154.9921, 19.71899 ], [ -154.99209, 19.71884 ], [ -154.9918, 19.71851 ], [ -154.99173, 19.71842 ], [ -154.99177, 19.71837 ], [ -154.99177, 19.71834 ], [ -154.99174, 19.71832 ], [ -154.99156, 19.71825 ], [ -154.99149, 19.71822 ], [ -154.99145, 19.71818 ], [ -154.99144, 19.71808 ], [ -154.99132, 19.71798 ], [ -154.99131, 19.71793 ], [ -154.99126, 19.71787 ], [ -154.99113, 19.71783 ], [ -154.99106, 19.71777 ], [ -154.99096, 19.71781 ], [ -154.99088, 19.7178 ], [ -154.9908, 19.71767 ], [ -154.9908, 19.71765 ], [ -154.99091, 19.71757 ], [ -154.99091, 19.71755 ], [ -154.99098, 19.71749 ], [ -154.99107, 19.71742 ], [ -154.991, 19.7174 ], [ -154.99087, 19.71742 ], [ -154.99073, 19.71741 ], [ -154.9907, 19.71736 ], [ -154.99083, 19.71714 ], [ -154.99084, 19.71707 ], [ -154.99077, 19.71694 ], [ -154.99079, 19.71687 ], [ -154.99094, 19.71683 ], [ -154.99096, 19.71678 ], [ -154.99092, 19.71668 ], [ -154.99084, 19.71662 ], [ -154.99067, 19.71665 ], [ -154.99059, 19.71663 ], [ -154.99052, 19.71652 ], [ -154.99055, 19.71644 ], [ -154.99051, 19.71641 ], [ -154.99048, 19.71643 ], [ -154.99048, 19.71635 ], [ -154.99049, 19.71627 ], [ -154.99056, 19.71621 ], [ -154.9907, 19.71607 ], [ -154.99075, 19.71596 ], [ -154.99068, 19.71592 ], [ -154.99048, 19.71597 ], [ -154.99041, 19.71593 ], [ -154.99035, 19.71589 ], [ -154.99019, 19.7159 ], [ -154.99013, 19.71588 ], [ -154.99019, 19.71582 ], [ -154.99028, 19.71582 ], [ -154.99041, 19.71582 ], [ -154.99049, 19.71574 ], [ -154.99064, 19.71569 ], [ -154.99066, 19.71562 ], [ -154.99059, 19.71553 ], [ -154.99057, 19.71545 ], [ -154.99045, 19.71544 ], [ -154.99037, 19.71551 ], [ -154.99025, 19.71557 ], [ -154.9902, 19.71556 ], [ -154.99019, 19.71552 ], [ -154.99023, 19.71547 ], [ -154.99027, 19.71536 ], [ -154.99038, 19.71524 ], [ -154.99041, 19.71509 ], [ -154.99026, 19.71507 ], [ -154.99007, 19.71511 ], [ -154.99006, 19.71509 ], [ -154.99007, 19.71501 ], [ -154.99024, 19.71482 ], [ -154.99021, 19.71477 ], [ -154.9902, 19.71461 ], [ -154.99013, 19.71455 ], [ -154.99004, 19.71455 ], [ -154.98998, 19.7145 ], [ -154.98984, 19.71452 ], [ -154.9898, 19.71442 ], [ -154.98987, 19.71428 ], [ -154.99005, 19.71408 ], [ -154.99, 19.71399 ], [ -154.98999, 19.71394 ], [ -154.98992, 19.7139 ], [ -154.98989, 19.71378 ], [ -154.98985, 19.71371 ], [ -154.98977, 19.7137 ], [ -154.98975, 19.71367 ], [ -154.98981, 19.71366 ], [ -154.98981, 19.71348 ], [ -154.98977, 19.71347 ], [ -154.98965, 19.71346 ], [ -154.98965, 19.71344 ], [ -154.98967, 19.71339 ], [ -154.98966, 19.71335 ], [ -154.98962, 19.71322 ], [ -154.9897, 19.71317 ], [ -154.98961, 19.71302 ], [ -154.98953, 19.71305 ], [ -154.98943, 19.71301 ], [ -154.98939, 19.71296 ], [ -154.9894, 19.71288 ], [ -154.98935, 19.71282 ], [ -154.98929, 19.71275 ], [ -154.98933, 19.71261 ], [ -154.98929, 19.71246 ], [ -154.9892, 19.71228 ], [ -154.98903, 19.71212 ], [ -154.98897, 19.71203 ], [ -154.98899, 19.71189 ], [ -154.98895, 19.71181 ], [ -154.98881, 19.71175 ], [ -154.98875, 19.71179 ], [ -154.98867, 19.71196 ], [ -154.98864, 19.71197 ], [ -154.98858, 19.71193 ], [ -154.98868, 19.71177 ], [ -154.98865, 19.71169 ], [ -154.98872, 19.71156 ], [ -154.98877, 19.71148 ], [ -154.98867, 19.71136 ], [ -154.98869, 19.7113 ], [ -154.98862, 19.71117 ], [ -154.98862, 19.71113 ], [ -154.98861, 19.71103 ], [ -154.9885, 19.71089 ], [ -154.98845, 19.71088 ], [ -154.98834, 19.71095 ], [ -154.98821, 19.71097 ], [ -154.98814, 19.71094 ], [ -154.98817, 19.71084 ], [ -154.98814, 19.71078 ], [ -154.98807, 19.71074 ], [ -154.9881, 19.71068 ], [ -154.98823, 19.71064 ], [ -154.9883, 19.71058 ], [ -154.98845, 19.71061 ], [ -154.98842, 19.71052 ], [ -154.98829, 19.71046 ], [ -154.98814, 19.71044 ], [ -154.98813, 19.71041 ], [ -154.98815, 19.71034 ], [ -154.98821, 19.71031 ], [ -154.98829, 19.71033 ], [ -154.9883, 19.71031 ], [ -154.98828, 19.71024 ], [ -154.98823, 19.71021 ], [ -154.98826, 19.71009 ], [ -154.98822, 19.71003 ], [ -154.98817, 19.71004 ], [ -154.98811, 19.7101 ], [ -154.98804, 19.71013 ], [ -154.98798, 19.71012 ], [ -154.9879, 19.71006 ], [ -154.98776, 19.71005 ], [ -154.98769, 19.71003 ], [ -154.98767, 19.70996 ], [ -154.98773, 19.70986 ], [ -154.98774, 19.70979 ], [ -154.98783, 19.70969 ], [ -154.98799, 19.70966 ], [ -154.98802, 19.70959 ], [ -154.98796, 19.70947 ], [ -154.98785, 19.70938 ], [ -154.98782, 19.70934 ], [ -154.9878, 19.70921 ], [ -154.98777, 19.70911 ], [ -154.98771, 19.70904 ], [ -154.98753, 19.7088 ], [ -154.98743, 19.7087 ], [ -154.98737, 19.70863 ], [ -154.98734, 19.70853 ], [ -154.98725, 19.70844 ], [ -154.98725, 19.70835 ], [ -154.98723, 19.70831 ], [ -154.98712, 19.70825 ], [ -154.98705, 19.70817 ], [ -154.98705, 19.70814 ], [ -154.98705, 19.70809 ], [ -154.98697, 19.70796 ], [ -154.98686, 19.70796 ], [ -154.98678, 19.70791 ], [ -154.98669, 19.70779 ], [ -154.98682, 19.70767 ], [ -154.98677, 19.70757 ], [ -154.98674, 19.70756 ], [ -154.98655, 19.70755 ], [ -154.98641, 19.7075 ], [ -154.98628, 19.70753 ], [ -154.98623, 19.70762 ], [ -154.98615, 19.70772 ], [ -154.98604, 19.70775 ], [ -154.986, 19.70774 ], [ -154.98597, 19.70768 ], [ -154.98598, 19.70761 ], [ -154.98604, 19.70756 ], [ -154.98612, 19.70756 ], [ -154.98614, 19.70754 ], [ -154.98615, 19.70745 ], [ -154.98619, 19.70746 ], [ -154.98623, 19.70743 ], [ -154.98623, 19.7074 ], [ -154.98621, 19.70732 ], [ -154.98614, 19.70722 ], [ -154.98622, 19.70713 ], [ -154.9862, 19.70703 ], [ -154.98611, 19.70693 ], [ -154.98606, 19.70679 ], [ -154.98599, 19.70676 ], [ -154.98585, 19.70682 ], [ -154.98571, 19.70694 ], [ -154.98565, 19.70697 ], [ -154.98554, 19.70698 ], [ -154.9855, 19.70693 ], [ -154.98546, 19.70676 ], [ -154.98543, 19.70672 ], [ -154.98533, 19.70671 ], [ -154.9853, 19.70665 ], [ -154.98525, 19.70665 ], [ -154.98516, 19.70663 ], [ -154.98515, 19.70656 ], [ -154.98522, 19.70643 ], [ -154.9852, 19.70641 ], [ -154.98514, 19.70635 ], [ -154.98505, 19.70631 ], [ -154.98495, 19.70617 ], [ -154.9849, 19.70615 ], [ -154.98488, 19.70605 ], [ -154.98497, 19.70597 ], [ -154.9849, 19.70586 ], [ -154.98486, 19.70585 ], [ -154.98482, 19.70587 ], [ -154.98473, 19.70589 ], [ -154.9847, 19.70583 ], [ -154.98472, 19.70581 ], [ -154.98472, 19.7057 ], [ -154.98465, 19.70561 ], [ -154.98455, 19.70559 ], [ -154.9845, 19.70553 ], [ -154.98448, 19.70549 ], [ -154.9845, 19.70541 ], [ -154.9845, 19.70528 ], [ -154.98451, 19.70524 ], [ -154.98454, 19.70516 ], [ -154.98451, 19.7051 ], [ -154.98443, 19.70506 ], [ -154.98438, 19.70501 ], [ -154.9844, 19.70498 ], [ -154.98439, 19.70491 ], [ -154.98433, 19.70487 ], [ -154.98429, 19.70479 ], [ -154.9843, 19.70472 ], [ -154.98424, 19.70469 ], [ -154.98416, 19.70458 ], [ -154.98419, 19.70449 ], [ -154.9844, 19.70429 ], [ -154.98437, 19.70413 ], [ -154.9843, 19.70409 ], [ -154.98417, 19.70412 ], [ -154.98409, 19.70408 ], [ -154.98406, 19.70401 ], [ -154.98409, 19.70395 ], [ -154.98421, 19.70388 ], [ -154.98437, 19.70386 ], [ -154.98438, 19.70383 ], [ -154.98433, 19.70381 ], [ -154.98415, 19.70383 ], [ -154.98413, 19.70381 ], [ -154.98401, 19.70383 ], [ -154.98394, 19.70382 ], [ -154.98394, 19.70379 ], [ -154.98406, 19.70372 ], [ -154.98408, 19.70365 ], [ -154.98415, 19.70357 ], [ -154.98416, 19.70349 ], [ -154.98421, 19.70331 ], [ -154.98419, 19.70327 ], [ -154.98402, 19.70319 ], [ -154.98389, 19.70312 ], [ -154.98389, 19.70306 ], [ -154.98397, 19.70306 ], [ -154.98399, 19.70303 ], [ -154.98397, 19.70299 ], [ -154.98397, 19.70296 ], [ -154.98404, 19.70293 ], [ -154.98405, 19.70291 ], [ -154.98414, 19.70287 ], [ -154.98422, 19.70289 ], [ -154.98424, 19.70284 ], [ -154.98421, 19.70281 ], [ -154.98413, 19.70278 ], [ -154.98403, 19.70282 ], [ -154.98393, 19.70288 ], [ -154.9838, 19.70286 ], [ -154.98378, 19.70282 ], [ -154.98381, 19.70277 ], [ -154.98393, 19.70274 ], [ -154.98404, 19.70269 ], [ -154.98408, 19.70262 ], [ -154.98406, 19.70254 ], [ -154.98418, 19.70249 ], [ -154.98419, 19.70244 ], [ -154.98412, 19.70246 ], [ -154.98406, 19.7024 ], [ -154.98405, 19.70235 ], [ -154.98409, 19.70229 ], [ -154.98412, 19.70221 ], [ -154.98409, 19.70219 ], [ -154.98401, 19.70221 ], [ -154.9839, 19.70218 ], [ -154.98378, 19.70209 ], [ -154.98365, 19.70177 ], [ -154.98362, 19.70159 ], [ -154.98364, 19.70154 ], [ -154.98382, 19.70141 ], [ -154.98385, 19.70129 ], [ -154.98378, 19.70123 ], [ -154.98376, 19.70116 ], [ -154.9838, 19.70108 ], [ -154.98374, 19.70106 ], [ -154.98364, 19.70108 ], [ -154.98348, 19.70104 ], [ -154.9834, 19.70108 ], [ -154.98326, 19.70109 ], [ -154.98312, 19.70096 ], [ -154.9831, 19.7009 ], [ -154.98313, 19.70076 ], [ -154.98301, 19.70064 ], [ -154.98295, 19.70053 ], [ -154.98306, 19.70045 ], [ -154.98296, 19.70038 ], [ -154.98298, 19.7003 ], [ -154.98288, 19.70027 ], [ -154.98269, 19.70034 ], [ -154.98268, 19.70027 ], [ -154.98271, 19.70022 ], [ -154.9829, 19.70013 ], [ -154.98293, 19.70004 ], [ -154.98289, 19.69999 ], [ -154.9828, 19.7 ], [ -154.98263, 19.69992 ], [ -154.98259, 19.69985 ], [ -154.98264, 19.69979 ], [ -154.98273, 19.69978 ], [ -154.98284, 19.69974 ], [ -154.98285, 19.69969 ], [ -154.98296, 19.69962 ], [ -154.98296, 19.69952 ], [ -154.98282, 19.69953 ], [ -154.98263, 19.6997 ], [ -154.9825, 19.69976 ], [ -154.98239, 19.69988 ], [ -154.98232, 19.69985 ], [ -154.98222, 19.69984 ], [ -154.98213, 19.69982 ], [ -154.98213, 19.69979 ], [ -154.9823, 19.69969 ], [ -154.98245, 19.69966 ], [ -154.98246, 19.69962 ], [ -154.98245, 19.6996 ], [ -154.98239, 19.69959 ], [ -154.98232, 19.69958 ], [ -154.98229, 19.69954 ], [ -154.98244, 19.69937 ], [ -154.98242, 19.69928 ], [ -154.98234, 19.69918 ], [ -154.98234, 19.69913 ], [ -154.98241, 19.69907 ], [ -154.98267, 19.69917 ], [ -154.98273, 19.69915 ], [ -154.98277, 19.69908 ], [ -154.98275, 19.69899 ], [ -154.98263, 19.69885 ], [ -154.9826, 19.69876 ], [ -154.98265, 19.69866 ], [ -154.98264, 19.69858 ], [ -154.98256, 19.6985 ], [ -154.98252, 19.69842 ], [ -154.98256, 19.69837 ], [ -154.98252, 19.69829 ], [ -154.98248, 19.69827 ], [ -154.98234, 19.69834 ], [ -154.98229, 19.69829 ], [ -154.98236, 19.69818 ], [ -154.98239, 19.69812 ], [ -154.98235, 19.69801 ], [ -154.98234, 19.69787 ], [ -154.98241, 19.69772 ], [ -154.98242, 19.69767 ], [ -154.98227, 19.69758 ], [ -154.98218, 19.69746 ], [ -154.98218, 19.69739 ], [ -154.98217, 19.69738 ], [ -154.98229, 19.69724 ], [ -154.98223, 19.69721 ], [ -154.9821, 19.69719 ], [ -154.98211, 19.69706 ], [ -154.98221, 19.69695 ], [ -154.98224, 19.69688 ], [ -154.98221, 19.69672 ], [ -154.98218, 19.69668 ], [ -154.98209, 19.69663 ], [ -154.98211, 19.69656 ], [ -154.9822, 19.69647 ], [ -154.98224, 19.69638 ], [ -154.98218, 19.69628 ], [ -154.9822, 19.69624 ], [ -154.98232, 19.69616 ], [ -154.98229, 19.69604 ], [ -154.98237, 19.69589 ], [ -154.98232, 19.69578 ], [ -154.98229, 19.69577 ], [ -154.98205, 19.69572 ], [ -154.98195, 19.69566 ], [ -154.98195, 19.69562 ], [ -154.98192, 19.69556 ], [ -154.98183, 19.69557 ], [ -154.98174, 19.69555 ], [ -154.98175, 19.69546 ], [ -154.98184, 19.69538 ], [ -154.98181, 19.6953 ], [ -154.98189, 19.69523 ], [ -154.98186, 19.69519 ], [ -154.98176, 19.69508 ], [ -154.98174, 19.69504 ], [ -154.98177, 19.69497 ], [ -154.98183, 19.69495 ], [ -154.98184, 19.69489 ], [ -154.9818, 19.69487 ], [ -154.98177, 19.69484 ], [ -154.98163, 19.69481 ], [ -154.98165, 19.69476 ], [ -154.98173, 19.69469 ], [ -154.98183, 19.69467 ], [ -154.98197, 19.69468 ], [ -154.982, 19.69465 ], [ -154.98218, 19.69465 ], [ -154.98221, 19.69464 ], [ -154.98216, 19.69442 ], [ -154.98206, 19.69436 ], [ -154.98206, 19.69429 ], [ -154.982, 19.69422 ], [ -154.98196, 19.69411 ], [ -154.98193, 19.69399 ], [ -154.98188, 19.69397 ], [ -154.98179, 19.69389 ], [ -154.98176, 19.6938 ], [ -154.9818, 19.69362 ], [ -154.98182, 19.69344 ], [ -154.98178, 19.69334 ], [ -154.98169, 19.69336 ], [ -154.98156, 19.69332 ], [ -154.98143, 19.69323 ], [ -154.98143, 19.6932 ], [ -154.9815, 19.69313 ], [ -154.98157, 19.69312 ], [ -154.98162, 19.69314 ], [ -154.98166, 19.69322 ], [ -154.98173, 19.69324 ], [ -154.98176, 19.69311 ], [ -154.98186, 19.69304 ], [ -154.98202, 19.693 ], [ -154.98212, 19.69296 ], [ -154.98212, 19.69286 ], [ -154.98207, 19.69268 ], [ -154.98195, 19.69247 ], [ -154.98184, 19.69234 ], [ -154.98179, 19.69223 ], [ -154.98171, 19.69213 ], [ -154.98162, 19.69211 ], [ -154.98154, 19.69214 ], [ -154.98137, 19.69231 ], [ -154.98129, 19.69231 ], [ -154.98108, 19.69216 ], [ -154.98098, 19.69216 ], [ -154.9809, 19.69219 ], [ -154.98088, 19.69224 ], [ -154.98089, 19.69232 ], [ -154.98089, 19.69254 ], [ -154.98083, 19.69258 ], [ -154.98074, 19.69255 ], [ -154.98061, 19.69248 ], [ -154.98059, 19.6923 ], [ -154.98056, 19.69226 ], [ -154.98041, 19.69225 ], [ -154.98046, 19.69219 ], [ -154.98048, 19.69213 ], [ -154.98044, 19.69208 ], [ -154.98037, 19.69204 ], [ -154.98022, 19.6919 ], [ -154.98022, 19.69181 ], [ -154.98016, 19.69177 ], [ -154.98016, 19.69168 ], [ -154.98028, 19.6916 ], [ -154.98029, 19.69156 ], [ -154.98023, 19.69147 ], [ -154.98018, 19.69141 ], [ -154.98019, 19.69134 ], [ -154.98013, 19.69127 ], [ -154.98018, 19.6912 ], [ -154.98019, 19.69112 ], [ -154.98017, 19.69109 ], [ -154.9801, 19.6911 ], [ -154.97995, 19.69114 ], [ -154.9799, 19.69109 ], [ -154.9799, 19.69101 ], [ -154.97986, 19.69092 ], [ -154.9798, 19.69083 ], [ -154.97982, 19.69068 ], [ -154.97978, 19.69042 ], [ -154.97971, 19.69037 ], [ -154.9797, 19.69034 ], [ -154.9797, 19.69028 ], [ -154.97969, 19.69015 ], [ -154.97962, 19.69015 ], [ -154.97958, 19.69022 ], [ -154.9795, 19.69033 ], [ -154.97944, 19.69033 ], [ -154.97928, 19.69024 ], [ -154.97913, 19.69005 ], [ -154.97913, 19.69001 ], [ -154.97917, 19.68997 ], [ -154.97932, 19.68984 ], [ -154.97937, 19.68973 ], [ -154.97932, 19.68968 ], [ -154.97909, 19.68973 ], [ -154.97901, 19.68973 ], [ -154.97902, 19.68961 ], [ -154.97889, 19.68952 ], [ -154.97889, 19.68947 ], [ -154.97883, 19.6894 ], [ -154.97883, 19.68936 ], [ -154.97894, 19.68929 ], [ -154.97895, 19.68924 ], [ -154.97882, 19.68915 ], [ -154.9787, 19.689 ], [ -154.97872, 19.68894 ], [ -154.97888, 19.68894 ], [ -154.97894, 19.68889 ], [ -154.97894, 19.68883 ], [ -154.97873, 19.68883 ], [ -154.97866, 19.68876 ], [ -154.97861, 19.68875 ], [ -154.97859, 19.68867 ], [ -154.97861, 19.68862 ], [ -154.97866, 19.68859 ], [ -154.97865, 19.68848 ], [ -154.97875, 19.6884 ], [ -154.97879, 19.68835 ], [ -154.97877, 19.68828 ], [ -154.97873, 19.68827 ], [ -154.97876, 19.68815 ], [ -154.97874, 19.68811 ], [ -154.97869, 19.68808 ], [ -154.97859, 19.68807 ], [ -154.97858, 19.68805 ], [ -154.97851, 19.68801 ], [ -154.97852, 19.68788 ], [ -154.97849, 19.68778 ], [ -154.97837, 19.68767 ], [ -154.97828, 19.68762 ], [ -154.97827, 19.68755 ], [ -154.9783, 19.68747 ], [ -154.97848, 19.68745 ], [ -154.97849, 19.6874 ], [ -154.97846, 19.68736 ], [ -154.9784, 19.68737 ], [ -154.97836, 19.68733 ], [ -154.97839, 19.68718 ], [ -154.97845, 19.68717 ], [ -154.97846, 19.68715 ], [ -154.97842, 19.68707 ], [ -154.97844, 19.687 ], [ -154.9785, 19.68701 ], [ -154.97853, 19.68693 ], [ -154.97848, 19.6868 ], [ -154.97847, 19.6867 ], [ -154.97848, 19.68663 ], [ -154.97858, 19.68649 ], [ -154.97871, 19.68648 ], [ -154.97874, 19.68646 ], [ -154.97869, 19.68638 ], [ -154.97861, 19.68637 ], [ -154.97852, 19.68634 ], [ -154.97851, 19.68632 ], [ -154.97854, 19.68627 ], [ -154.97865, 19.68626 ], [ -154.9787, 19.68617 ], [ -154.97866, 19.68614 ], [ -154.97862, 19.68609 ], [ -154.9788, 19.68598 ], [ -154.97873, 19.68589 ], [ -154.97867, 19.68582 ], [ -154.97874, 19.68576 ], [ -154.97866, 19.68558 ], [ -154.97862, 19.68551 ], [ -154.97862, 19.68547 ], [ -154.97868, 19.68545 ], [ -154.97874, 19.68547 ], [ -154.97881, 19.68547 ], [ -154.97883, 19.6854 ], [ -154.97877, 19.68539 ], [ -154.97877, 19.68533 ], [ -154.97891, 19.68517 ], [ -154.97886, 19.68507 ], [ -154.97888, 19.68502 ], [ -154.97888, 19.68497 ], [ -154.97885, 19.68491 ], [ -154.97883, 19.6849 ], [ -154.97875, 19.685 ], [ -154.9786, 19.685 ], [ -154.97854, 19.68496 ], [ -154.97858, 19.68492 ], [ -154.97876, 19.68482 ], [ -154.97876, 19.68478 ], [ -154.97864, 19.68472 ], [ -154.97859, 19.68463 ], [ -154.97861, 19.68458 ], [ -154.97862, 19.68451 ], [ -154.97859, 19.68451 ], [ -154.97859, 19.68442 ], [ -154.97865, 19.68437 ], [ -154.97876, 19.68424 ], [ -154.97875, 19.68419 ], [ -154.97873, 19.68413 ], [ -154.97891, 19.68404 ], [ -154.97891, 19.68396 ], [ -154.97882, 19.68387 ], [ -154.97883, 19.68384 ], [ -154.97903, 19.68372 ], [ -154.97909, 19.68362 ], [ -154.97905, 19.68353 ], [ -154.97899, 19.68331 ], [ -154.97914, 19.6832 ], [ -154.9791, 19.68308 ], [ -154.9791, 19.683 ], [ -154.97916, 19.68297 ], [ -154.97924, 19.68292 ], [ -154.9793, 19.68285 ], [ -154.9792, 19.68268 ], [ -154.97923, 19.68263 ], [ -154.97909, 19.68264 ], [ -154.97906, 19.68256 ], [ -154.97906, 19.68247 ], [ -154.97916, 19.68239 ], [ -154.97914, 19.68234 ], [ -154.97944, 19.68212 ], [ -154.97943, 19.68202 ], [ -154.97934, 19.68193 ], [ -154.97933, 19.6819 ], [ -154.97942, 19.68185 ], [ -154.97944, 19.68181 ], [ -154.97942, 19.68179 ], [ -154.97942, 19.68172 ], [ -154.97949, 19.68169 ], [ -154.97967, 19.68164 ], [ -154.97972, 19.6816 ], [ -154.97971, 19.68155 ], [ -154.97938, 19.68154 ], [ -154.97932, 19.6815 ], [ -154.97945, 19.68141 ], [ -154.97945, 19.68135 ], [ -154.97949, 19.68129 ], [ -154.97965, 19.68126 ], [ -154.9797, 19.68118 ], [ -154.97969, 19.68111 ], [ -154.97971, 19.68107 ], [ -154.97972, 19.68103 ], [ -154.97974, 19.68099 ], [ -154.97986, 19.6809 ], [ -154.97988, 19.68082 ], [ -154.97981, 19.68074 ], [ -154.97979, 19.68055 ], [ -154.97987, 19.68036 ], [ -154.97984, 19.68031 ], [ -154.97971, 19.68027 ], [ -154.9797, 19.6802 ], [ -154.97975, 19.68014 ], [ -154.97977, 19.68004 ], [ -154.97974, 19.68001 ], [ -154.97962, 19.68 ], [ -154.97959, 19.67997 ], [ -154.97966, 19.67987 ], [ -154.97971, 19.6798 ], [ -154.97968, 19.6797 ], [ -154.97958, 19.67959 ], [ -154.97961, 19.67955 ], [ -154.97968, 19.67959 ], [ -154.97978, 19.67958 ], [ -154.97977, 19.67949 ], [ -154.97969, 19.67937 ], [ -154.97973, 19.67931 ], [ -154.97974, 19.67923 ], [ -154.97968, 19.67914 ], [ -154.97978, 19.67902 ], [ -154.97981, 19.67894 ], [ -154.97986, 19.67884 ], [ -154.97993, 19.67882 ], [ -154.97994, 19.67875 ], [ -154.97991, 19.67865 ], [ -154.98018, 19.67855 ], [ -154.98019, 19.67849 ], [ -154.98013, 19.67845 ], [ -154.97996, 19.67847 ], [ -154.97981, 19.67845 ], [ -154.97976, 19.67839 ], [ -154.97981, 19.67835 ], [ -154.97991, 19.67828 ], [ -154.97998, 19.67819 ], [ -154.97997, 19.67812 ], [ -154.97999, 19.67809 ], [ -154.98007, 19.678 ], [ -154.98009, 19.67786 ], [ -154.98014, 19.67778 ], [ -154.98018, 19.67775 ], [ -154.98021, 19.67768 ], [ -154.98014, 19.67752 ], [ -154.98015, 19.67745 ], [ -154.98025, 19.67736 ], [ -154.98025, 19.67732 ], [ -154.98029, 19.67729 ], [ -154.98037, 19.67727 ], [ -154.98044, 19.67721 ], [ -154.98043, 19.67716 ], [ -154.98033, 19.67708 ], [ -154.98031, 19.67703 ], [ -154.98042, 19.67694 ], [ -154.98044, 19.67688 ], [ -154.98038, 19.67683 ], [ -154.98037, 19.67679 ], [ -154.98042, 19.67675 ], [ -154.98038, 19.67669 ], [ -154.98039, 19.67664 ], [ -154.98044, 19.67661 ], [ -154.98056, 19.67659 ], [ -154.98057, 19.67657 ], [ -154.98058, 19.67654 ], [ -154.98047, 19.67645 ], [ -154.9805, 19.67639 ], [ -154.98058, 19.6763 ], [ -154.98054, 19.67617 ], [ -154.98057, 19.67612 ], [ -154.98069, 19.67607 ], [ -154.98084, 19.67605 ], [ -154.98087, 19.67596 ], [ -154.98082, 19.67594 ], [ -154.98083, 19.6759 ], [ -154.9809, 19.67582 ], [ -154.98088, 19.67577 ], [ -154.98095, 19.67563 ], [ -154.98097, 19.67553 ], [ -154.981, 19.67549 ], [ -154.98107, 19.67547 ], [ -154.98112, 19.67543 ], [ -154.98108, 19.67523 ], [ -154.98114, 19.67516 ], [ -154.9813, 19.67511 ], [ -154.98133, 19.67497 ], [ -154.98139, 19.67484 ], [ -154.98145, 19.67472 ], [ -154.98161, 19.67462 ], [ -154.98174, 19.67461 ], [ -154.98175, 19.67456 ], [ -154.98171, 19.67449 ], [ -154.98171, 19.67441 ], [ -154.98177, 19.67435 ], [ -154.98194, 19.67416 ], [ -154.98204, 19.6741 ], [ -154.9821, 19.67399 ], [ -154.98209, 19.67385 ], [ -154.98227, 19.67364 ], [ -154.98228, 19.67358 ], [ -154.98226, 19.6735 ], [ -154.98227, 19.67339 ], [ -154.98236, 19.67332 ], [ -154.98253, 19.67326 ], [ -154.98257, 19.6732 ], [ -154.98258, 19.67309 ], [ -154.98272, 19.67292 ], [ -154.9828, 19.67277 ], [ -154.98313, 19.67231 ], [ -154.98315, 19.67221 ], [ -154.98311, 19.67215 ], [ -154.98316, 19.67209 ], [ -154.98316, 19.67202 ], [ -154.98303, 19.67182 ], [ -154.98304, 19.67177 ], [ -154.98302, 19.67175 ], [ -154.98302, 19.67168 ], [ -154.98306, 19.67161 ], [ -154.98306, 19.67142 ], [ -154.98304, 19.67129 ], [ -154.983, 19.67125 ], [ -154.98278, 19.67127 ], [ -154.98266, 19.67118 ], [ -154.98268, 19.67112 ], [ -154.98275, 19.67106 ], [ -154.98291, 19.67096 ], [ -154.98292, 19.6709 ], [ -154.98285, 19.67083 ], [ -154.98278, 19.67066 ], [ -154.98258, 19.67049 ], [ -154.98256, 19.67038 ], [ -154.98251, 19.6703 ], [ -154.98241, 19.67011 ], [ -154.98242, 19.67004 ], [ -154.98247, 19.67 ], [ -154.98251, 19.66991 ], [ -154.98247, 19.66986 ], [ -154.98231, 19.66979 ], [ -154.9823, 19.66969 ], [ -154.98222, 19.66961 ], [ -154.98226, 19.66948 ], [ -154.98223, 19.66944 ], [ -154.98214, 19.66943 ], [ -154.98211, 19.66934 ], [ -154.98203, 19.66918 ], [ -154.98185, 19.66901 ], [ -154.98181, 19.66891 ], [ -154.98184, 19.66886 ], [ -154.98195, 19.6688 ], [ -154.98199, 19.66869 ], [ -154.98196, 19.66859 ], [ -154.98199, 19.66854 ], [ -154.98198, 19.66845 ], [ -154.98199, 19.66815 ], [ -154.98201, 19.66787 ], [ -154.98203, 19.66783 ], [ -154.9822, 19.66763 ], [ -154.98235, 19.66747 ], [ -154.98241, 19.6673 ], [ -154.98239, 19.6672 ], [ -154.98247, 19.66701 ], [ -154.98252, 19.66688 ], [ -154.9825, 19.66681 ], [ -154.98242, 19.66673 ], [ -154.98246, 19.66669 ], [ -154.98243, 19.66664 ], [ -154.98234, 19.66662 ], [ -154.9823, 19.66659 ], [ -154.98231, 19.66645 ], [ -154.98223, 19.6663 ], [ -154.98222, 19.66621 ], [ -154.98225, 19.66619 ], [ -154.98242, 19.66615 ], [ -154.98245, 19.66608 ], [ -154.98239, 19.66599 ], [ -154.98236, 19.666 ], [ -154.98228, 19.66594 ], [ -154.98229, 19.66589 ], [ -154.98239, 19.66581 ], [ -154.98239, 19.66578 ], [ -154.98234, 19.66569 ], [ -154.98224, 19.66565 ], [ -154.98216, 19.66559 ], [ -154.98206, 19.66539 ], [ -154.98204, 19.66528 ], [ -154.98207, 19.66521 ], [ -154.98213, 19.66517 ], [ -154.98216, 19.66509 ], [ -154.98206, 19.66465 ], [ -154.98197, 19.6643 ], [ -154.98217, 19.66424 ], [ -154.98225, 19.6642 ], [ -154.98225, 19.66418 ], [ -154.98222, 19.66412 ], [ -154.98225, 19.66406 ], [ -154.98221, 19.66388 ], [ -154.98227, 19.66384 ], [ -154.98223, 19.66381 ], [ -154.98224, 19.66378 ], [ -154.98227, 19.66375 ], [ -154.98228, 19.66371 ], [ -154.98219, 19.66359 ], [ -154.98216, 19.66338 ], [ -154.98212, 19.66336 ], [ -154.98206, 19.66324 ], [ -154.98208, 19.66318 ], [ -154.98222, 19.66318 ], [ -154.98223, 19.66315 ], [ -154.98226, 19.66308 ], [ -154.98235, 19.66306 ], [ -154.98233, 19.66298 ], [ -154.98225, 19.66296 ], [ -154.98227, 19.66286 ], [ -154.98233, 19.66275 ], [ -154.98227, 19.6625 ], [ -154.9823, 19.66242 ], [ -154.98249, 19.66231 ], [ -154.98247, 19.6622 ], [ -154.98247, 19.662 ], [ -154.9825, 19.66189 ], [ -154.98256, 19.66181 ], [ -154.9826, 19.66176 ], [ -154.98261, 19.6615 ], [ -154.98258, 19.66137 ], [ -154.98251, 19.6613 ], [ -154.98254, 19.66124 ], [ -154.9826, 19.66118 ], [ -154.98265, 19.66113 ], [ -154.98266, 19.66106 ], [ -154.98262, 19.66095 ], [ -154.98273, 19.66088 ], [ -154.98276, 19.66081 ], [ -154.98273, 19.66071 ], [ -154.98272, 19.66061 ], [ -154.98276, 19.66053 ], [ -154.98277, 19.66041 ], [ -154.98274, 19.66031 ], [ -154.98272, 19.66015 ], [ -154.98278, 19.65993 ], [ -154.98276, 19.65989 ], [ -154.98273, 19.65988 ], [ -154.98261, 19.65989 ], [ -154.98261, 19.65986 ], [ -154.98264, 19.65977 ], [ -154.98269, 19.65975 ], [ -154.98271, 19.65969 ], [ -154.98266, 19.65963 ], [ -154.98266, 19.65954 ], [ -154.98271, 19.65953 ], [ -154.98275, 19.65949 ], [ -154.9827, 19.65945 ], [ -154.98272, 19.65939 ], [ -154.98279, 19.65935 ], [ -154.98275, 19.65925 ], [ -154.98289, 19.65911 ], [ -154.9829, 19.65888 ], [ -154.98293, 19.65862 ], [ -154.98289, 19.65841 ], [ -154.98283, 19.65839 ], [ -154.98274, 19.65832 ], [ -154.98273, 19.65827 ], [ -154.98292, 19.65821 ], [ -154.98291, 19.65817 ], [ -154.98283, 19.65811 ], [ -154.98278, 19.65797 ], [ -154.98274, 19.65788 ], [ -154.98266, 19.65766 ], [ -154.9827, 19.65749 ], [ -154.98262, 19.65747 ], [ -154.98253, 19.65746 ], [ -154.98243, 19.65734 ], [ -154.98245, 19.65713 ], [ -154.98243, 19.65703 ], [ -154.9824, 19.65699 ], [ -154.98233, 19.65691 ], [ -154.98227, 19.65691 ], [ -154.9822, 19.6569 ], [ -154.98216, 19.65683 ], [ -154.98208, 19.65683 ], [ -154.982, 19.65675 ], [ -154.982, 19.65669 ], [ -154.98193, 19.65664 ], [ -154.98187, 19.65664 ], [ -154.98173, 19.65648 ], [ -154.98152, 19.65638 ], [ -154.98134, 19.65632 ], [ -154.98114, 19.65616 ], [ -154.98116, 19.65612 ], [ -154.98114, 19.65603 ], [ -154.9811, 19.65602 ], [ -154.98103, 19.65594 ], [ -154.98109, 19.65589 ], [ -154.98107, 19.65586 ], [ -154.981, 19.65586 ], [ -154.98097, 19.65585 ], [ -154.98094, 19.65579 ], [ -154.98093, 19.65567 ], [ -154.98087, 19.65565 ], [ -154.98081, 19.65561 ], [ -154.98083, 19.6555 ], [ -154.98072, 19.65541 ], [ -154.98072, 19.65535 ], [ -154.98062, 19.65529 ], [ -154.98061, 19.65526 ], [ -154.98059, 19.65513 ], [ -154.98063, 19.65497 ], [ -154.98062, 19.65489 ], [ -154.98053, 19.65482 ], [ -154.98054, 19.65477 ], [ -154.98043, 19.6547 ], [ -154.98032, 19.65463 ], [ -154.9803, 19.65453 ], [ -154.98029, 19.65443 ], [ -154.98023, 19.65435 ], [ -154.9801, 19.65433 ], [ -154.98006, 19.65429 ], [ -154.98005, 19.6542 ], [ -154.97992, 19.65415 ], [ -154.97983, 19.65406 ], [ -154.9798, 19.654 ], [ -154.97982, 19.65392 ], [ -154.97979, 19.65387 ], [ -154.97964, 19.65379 ], [ -154.97962, 19.65374 ], [ -154.97973, 19.6537 ], [ -154.97976, 19.65363 ], [ -154.97962, 19.65356 ], [ -154.9795, 19.65338 ], [ -154.97951, 19.65337 ], [ -154.97945, 19.65329 ], [ -154.97936, 19.65316 ], [ -154.97929, 19.65312 ], [ -154.97912, 19.65312 ], [ -154.97898, 19.65305 ], [ -154.97896, 19.65298 ], [ -154.979, 19.6529 ], [ -154.97907, 19.65285 ], [ -154.97911, 19.65279 ], [ -154.97909, 19.65276 ], [ -154.9791, 19.6527 ], [ -154.97921, 19.65263 ], [ -154.97915, 19.65254 ], [ -154.97917, 19.65253 ], [ -154.9792, 19.65246 ], [ -154.97914, 19.65241 ], [ -154.97913, 19.65231 ], [ -154.97919, 19.65228 ], [ -154.97918, 19.65218 ], [ -154.97915, 19.65216 ], [ -154.97906, 19.65214 ], [ -154.97897, 19.65208 ], [ -154.97902, 19.65201 ], [ -154.97905, 19.65195 ], [ -154.97902, 19.65185 ], [ -154.97905, 19.6518 ], [ -154.97911, 19.65179 ], [ -154.9792, 19.65175 ], [ -154.97923, 19.65165 ], [ -154.97918, 19.65159 ], [ -154.9792, 19.65155 ], [ -154.97942, 19.65137 ], [ -154.97952, 19.65122 ], [ -154.97951, 19.65113 ], [ -154.97958, 19.65105 ], [ -154.97955, 19.6509 ], [ -154.97956, 19.65085 ], [ -154.9796, 19.65068 ], [ -154.97976, 19.65052 ], [ -154.9798, 19.65038 ], [ -154.97979, 19.65033 ], [ -154.97982, 19.65015 ], [ -154.97993, 19.64998 ], [ -154.9799, 19.64982 ], [ -154.97994, 19.64966 ], [ -154.98003, 19.64957 ], [ -154.98016, 19.64951 ], [ -154.98031, 19.64938 ], [ -154.98042, 19.64937 ], [ -154.98053, 19.64926 ], [ -154.98059, 19.64926 ], [ -154.98069, 19.64926 ], [ -154.98075, 19.64918 ], [ -154.98089, 19.64913 ], [ -154.98096, 19.649 ], [ -154.98103, 19.64896 ], [ -154.98113, 19.64899 ], [ -154.98119, 19.64895 ], [ -154.98124, 19.64887 ], [ -154.98146, 19.64884 ], [ -154.98148, 19.64878 ], [ -154.98154, 19.64867 ], [ -154.98158, 19.64859 ], [ -154.98166, 19.64854 ], [ -154.98176, 19.64845 ], [ -154.98177, 19.64837 ], [ -154.98172, 19.64833 ], [ -154.98166, 19.64817 ], [ -154.9817, 19.64808 ], [ -154.9817, 19.64791 ], [ -154.98165, 19.6478 ], [ -154.98173, 19.64766 ], [ -154.98173, 19.64756 ], [ -154.98164, 19.64746 ], [ -154.98164, 19.64722 ], [ -154.98171, 19.64713 ], [ -154.98169, 19.64708 ], [ -154.98166, 19.64696 ], [ -154.98168, 19.64685 ], [ -154.98161, 19.64674 ], [ -154.98161, 19.6466 ], [ -154.98159, 19.64656 ], [ -154.98145, 19.64649 ], [ -154.98144, 19.64643 ], [ -154.98152, 19.64636 ], [ -154.9815, 19.64636 ], [ -154.98151, 19.64632 ], [ -154.98148, 19.64628 ], [ -154.98151, 19.64621 ], [ -154.98154, 19.64618 ], [ -154.98156, 19.64613 ], [ -154.98159, 19.64607 ], [ -154.98157, 19.646 ], [ -154.98163, 19.64588 ], [ -154.98161, 19.64583 ], [ -154.98156, 19.64577 ], [ -154.98156, 19.64566 ], [ -154.98154, 19.64557 ], [ -154.98158, 19.64545 ], [ -154.9816, 19.64533 ], [ -154.98156, 19.6453 ], [ -154.98157, 19.64521 ], [ -154.98157, 19.64511 ], [ -154.98145, 19.64501 ], [ -154.98142, 19.64493 ], [ -154.98132, 19.64484 ], [ -154.98118, 19.64483 ], [ -154.98117, 19.64473 ], [ -154.98121, 19.64469 ], [ -154.98133, 19.64468 ], [ -154.98139, 19.64462 ], [ -154.9815, 19.64459 ], [ -154.98171, 19.64451 ], [ -154.98197, 19.64427 ], [ -154.98206, 19.64424 ], [ -154.98223, 19.64428 ], [ -154.98232, 19.64428 ], [ -154.98262, 19.64433 ], [ -154.98272, 19.64427 ], [ -154.98275, 19.6442 ], [ -154.98278, 19.64365 ], [ -154.98272, 19.64352 ], [ -154.98254, 19.64327 ], [ -154.9825, 19.64326 ], [ -154.98239, 19.6432 ], [ -154.98229, 19.64318 ], [ -154.98219, 19.6432 ], [ -154.98207, 19.6432 ], [ -154.98197, 19.64316 ], [ -154.98186, 19.64302 ], [ -154.98186, 19.64294 ], [ -154.98185, 19.64289 ], [ -154.9818, 19.6428 ], [ -154.98168, 19.64278 ], [ -154.98157, 19.64271 ], [ -154.98147, 19.64248 ], [ -154.98136, 19.64222 ], [ -154.98135, 19.64199 ], [ -154.9813, 19.64196 ], [ -154.98116, 19.64196 ], [ -154.9811, 19.64185 ], [ -154.98127, 19.64174 ], [ -154.98127, 19.6417 ], [ -154.98124, 19.64168 ], [ -154.98114, 19.64168 ], [ -154.98113, 19.64166 ], [ -154.98119, 19.64156 ], [ -154.98118, 19.64152 ], [ -154.98112, 19.64146 ], [ -154.98113, 19.6413 ], [ -154.98113, 19.64122 ], [ -154.98107, 19.64116 ], [ -154.98104, 19.64116 ], [ -154.98089, 19.64111 ], [ -154.98087, 19.64104 ], [ -154.98093, 19.641 ], [ -154.98094, 19.64093 ], [ -154.98089, 19.64085 ], [ -154.9809, 19.64084 ], [ -154.98099, 19.64077 ], [ -154.98098, 19.64071 ], [ -154.98093, 19.64067 ], [ -154.98092, 19.64061 ], [ -154.98101, 19.64048 ], [ -154.981, 19.64041 ], [ -154.98093, 19.64029 ], [ -154.98088, 19.63991 ], [ -154.98096, 19.63985 ], [ -154.981, 19.63978 ], [ -154.981, 19.63956 ], [ -154.98098, 19.63931 ], [ -154.98103, 19.63913 ], [ -154.98106, 19.63894 ], [ -154.9811, 19.6388 ], [ -154.9811, 19.63869 ], [ -154.98106, 19.63861 ], [ -154.981, 19.63859 ], [ -154.98093, 19.63853 ], [ -154.98091, 19.63844 ], [ -154.98089, 19.63844 ], [ -154.98084, 19.63837 ], [ -154.98086, 19.63831 ], [ -154.98084, 19.63824 ], [ -154.98079, 19.6382 ], [ -154.98075, 19.63813 ], [ -154.98068, 19.63809 ], [ -154.98057, 19.63812 ], [ -154.98055, 19.6381 ], [ -154.98054, 19.638 ], [ -154.98039, 19.63784 ], [ -154.98043, 19.63774 ], [ -154.9804, 19.63771 ], [ -154.98036, 19.63771 ], [ -154.98033, 19.63767 ], [ -154.98032, 19.63757 ], [ -154.98035, 19.63744 ], [ -154.98033, 19.63739 ], [ -154.9803, 19.63738 ], [ -154.98009, 19.63738 ], [ -154.97993, 19.63731 ], [ -154.97985, 19.63722 ], [ -154.97985, 19.63709 ], [ -154.97975, 19.63702 ], [ -154.97962, 19.63698 ], [ -154.97952, 19.63688 ], [ -154.9795, 19.63675 ], [ -154.97937, 19.63668 ], [ -154.97922, 19.63654 ], [ -154.97923, 19.6365 ], [ -154.97925, 19.63644 ], [ -154.97922, 19.63642 ], [ -154.97922, 19.63636 ], [ -154.97928, 19.63634 ], [ -154.97939, 19.63627 ], [ -154.97939, 19.63622 ], [ -154.97925, 19.63618 ], [ -154.97919, 19.63612 ], [ -154.97901, 19.6361 ], [ -154.97893, 19.63604 ], [ -154.97891, 19.63591 ], [ -154.97885, 19.63579 ], [ -154.97879, 19.63572 ], [ -154.97873, 19.63572 ], [ -154.97864, 19.63576 ], [ -154.97858, 19.63577 ], [ -154.9784, 19.63564 ], [ -154.9784, 19.63554 ], [ -154.97839, 19.63546 ], [ -154.97833, 19.63543 ], [ -154.97818, 19.63543 ], [ -154.97815, 19.63535 ], [ -154.97804, 19.63535 ], [ -154.97792, 19.63523 ], [ -154.97786, 19.6351 ], [ -154.97776, 19.63503 ], [ -154.97769, 19.63504 ], [ -154.97766, 19.63501 ], [ -154.97763, 19.63496 ], [ -154.97767, 19.63493 ], [ -154.97762, 19.63492 ], [ -154.97763, 19.63483 ], [ -154.97755, 19.63477 ], [ -154.97746, 19.63479 ], [ -154.9774, 19.63475 ], [ -154.97724, 19.63468 ], [ -154.97725, 19.63464 ], [ -154.97723, 19.63456 ], [ -154.97712, 19.63449 ], [ -154.97699, 19.63449 ], [ -154.97681, 19.63447 ], [ -154.97675, 19.6344 ], [ -154.97681, 19.63433 ], [ -154.97684, 19.63425 ], [ -154.97682, 19.63421 ], [ -154.97679, 19.63422 ], [ -154.97671, 19.63426 ], [ -154.97666, 19.63427 ], [ -154.97665, 19.63423 ], [ -154.97667, 19.63416 ], [ -154.97663, 19.63412 ], [ -154.97661, 19.63411 ], [ -154.97654, 19.63407 ], [ -154.97655, 19.63399 ], [ -154.97655, 19.63392 ], [ -154.97642, 19.63381 ], [ -154.9764, 19.63371 ], [ -154.97639, 19.63355 ], [ -154.97626, 19.63345 ], [ -154.97626, 19.6334 ], [ -154.97618, 19.63335 ], [ -154.97608, 19.63335 ], [ -154.97603, 19.63331 ], [ -154.97597, 19.63318 ], [ -154.97581, 19.63301 ], [ -154.9757, 19.63297 ], [ -154.97546, 19.63283 ], [ -154.97517, 19.63275 ], [ -154.97512, 19.6327 ], [ -154.97511, 19.63257 ], [ -154.97499, 19.63239 ], [ -154.97474, 19.63229 ], [ -154.97447, 19.63223 ], [ -154.97423, 19.63215 ], [ -154.97399, 19.63217 ], [ -154.97387, 19.6321 ], [ -154.97375, 19.63207 ], [ -154.97368, 19.63209 ], [ -154.97353, 19.63211 ], [ -154.97336, 19.63206 ], [ -154.97325, 19.63208 ], [ -154.97321, 19.63206 ], [ -154.97319, 19.63194 ], [ -154.97314, 19.63191 ], [ -154.97315, 19.63178 ], [ -154.97308, 19.63164 ], [ -154.97296, 19.63135 ], [ -154.9729, 19.63128 ], [ -154.97264, 19.63122 ], [ -154.9725, 19.63113 ], [ -154.97224, 19.63087 ], [ -154.9722, 19.63089 ], [ -154.97212, 19.63087 ], [ -154.97206, 19.6309 ], [ -154.97205, 19.631 ], [ -154.97201, 19.63106 ], [ -154.97193, 19.63108 ], [ -154.97177, 19.63091 ], [ -154.97172, 19.6308 ], [ -154.97193, 19.63068 ], [ -154.97197, 19.63062 ], [ -154.97195, 19.63056 ], [ -154.97184, 19.63049 ], [ -154.97168, 19.6306 ], [ -154.9716, 19.63053 ], [ -154.9717, 19.63036 ], [ -154.9717, 19.63029 ], [ -154.97161, 19.63017 ], [ -154.97152, 19.63011 ], [ -154.97147, 19.63013 ], [ -154.97143, 19.63028 ], [ -154.97138, 19.63031 ], [ -154.97134, 19.63039 ], [ -154.97121, 19.63048 ], [ -154.9711, 19.63043 ], [ -154.97106, 19.63036 ], [ -154.97105, 19.63023 ], [ -154.97099, 19.63018 ], [ -154.97091, 19.63021 ], [ -154.97085, 19.6302 ], [ -154.9708, 19.63016 ], [ -154.9708, 19.63011 ], [ -154.97074, 19.63007 ], [ -154.97057, 19.63001 ], [ -154.97055, 19.62999 ], [ -154.97048, 19.62998 ], [ -154.97031, 19.63004 ], [ -154.97016, 19.62995 ], [ -154.97005, 19.62996 ], [ -154.96999, 19.62993 ], [ -154.96992, 19.62985 ], [ -154.96991, 19.62975 ], [ -154.96984, 19.62968 ], [ -154.96959, 19.62961 ], [ -154.96951, 19.62953 ], [ -154.9695, 19.62946 ], [ -154.96945, 19.62941 ], [ -154.96925, 19.62941 ], [ -154.96919, 19.62943 ], [ -154.96912, 19.62942 ], [ -154.9691, 19.62939 ], [ -154.96902, 19.62938 ], [ -154.96896, 19.6294 ], [ -154.96885, 19.62956 ], [ -154.96881, 19.62954 ], [ -154.96878, 19.62946 ], [ -154.96874, 19.62947 ], [ -154.96859, 19.62947 ], [ -154.96845, 19.62936 ], [ -154.96825, 19.6291 ], [ -154.96826, 19.62903 ], [ -154.9684, 19.62889 ], [ -154.9684, 19.62883 ], [ -154.9682, 19.62882 ], [ -154.96775, 19.62877 ], [ -154.9677, 19.62879 ], [ -154.96735, 19.62906 ], [ -154.96719, 19.62916 ], [ -154.9671, 19.62914 ], [ -154.96704, 19.62906 ], [ -154.96706, 19.62897 ], [ -154.96703, 19.62886 ], [ -154.96699, 19.62876 ], [ -154.96673, 19.62859 ], [ -154.96654, 19.62855 ], [ -154.96637, 19.62846 ], [ -154.9663, 19.62836 ], [ -154.96627, 19.62836 ], [ -154.96619, 19.62839 ], [ -154.96612, 19.6284 ], [ -154.96593, 19.62835 ], [ -154.96589, 19.6283 ], [ -154.96583, 19.62828 ], [ -154.96569, 19.6283 ], [ -154.96553, 19.62828 ], [ -154.96522, 19.62828 ], [ -154.96515, 19.62821 ], [ -154.96517, 19.62815 ], [ -154.96512, 19.62811 ], [ -154.96487, 19.62811 ], [ -154.96483, 19.62807 ], [ -154.96468, 19.628 ], [ -154.96461, 19.62794 ], [ -154.96457, 19.62781 ], [ -154.9645, 19.62773 ], [ -154.96434, 19.62771 ], [ -154.96414, 19.62763 ], [ -154.96401, 19.6275 ], [ -154.96391, 19.62741 ], [ -154.96385, 19.62742 ], [ -154.96375, 19.62744 ], [ -154.96368, 19.62733 ], [ -154.96364, 19.62733 ], [ -154.96359, 19.62731 ], [ -154.96357, 19.62723 ], [ -154.96351, 19.62716 ], [ -154.96337, 19.62716 ], [ -154.96319, 19.62705 ], [ -154.96304, 19.62701 ], [ -154.96303, 19.62695 ], [ -154.96298, 19.6269 ], [ -154.96289, 19.62688 ], [ -154.96286, 19.62675 ], [ -154.96282, 19.62671 ], [ -154.96265, 19.6267 ], [ -154.96256, 19.62655 ], [ -154.96254, 19.62655 ], [ -154.96246, 19.62655 ], [ -154.96236, 19.6265 ], [ -154.96234, 19.62642 ], [ -154.9623, 19.62637 ], [ -154.96222, 19.62629 ], [ -154.96224, 19.62624 ], [ -154.96216, 19.62611 ], [ -154.9622, 19.62604 ], [ -154.96218, 19.62593 ], [ -154.96196, 19.62585 ], [ -154.96184, 19.62573 ], [ -154.96187, 19.62566 ], [ -154.96186, 19.62557 ], [ -154.96172, 19.62549 ], [ -154.96172, 19.62545 ], [ -154.96164, 19.6253 ], [ -154.96148, 19.62517 ], [ -154.9615, 19.62516 ], [ -154.9615, 19.6251 ], [ -154.96146, 19.625 ], [ -154.96133, 19.62489 ], [ -154.96132, 19.62483 ], [ -154.9612, 19.6247 ], [ -154.96121, 19.62464 ], [ -154.96117, 19.62456 ], [ -154.96107, 19.62454 ], [ -154.9607, 19.62431 ], [ -154.96075, 19.6242 ], [ -154.96073, 19.62414 ], [ -154.96067, 19.62411 ], [ -154.9606, 19.62404 ], [ -154.9606, 19.62392 ], [ -154.96046, 19.62381 ], [ -154.96012, 19.62368 ], [ -154.95998, 19.62362 ], [ -154.95978, 19.62342 ], [ -154.95962, 19.6233 ], [ -154.95925, 19.62326 ], [ -154.95918, 19.62321 ], [ -154.95905, 19.62309 ], [ -154.95885, 19.62298 ], [ -154.95866, 19.62292 ], [ -154.95825, 19.62283 ], [ -154.95796, 19.62286 ], [ -154.95772, 19.62298 ], [ -154.9576, 19.62302 ], [ -154.95744, 19.62296 ], [ -154.95724, 19.6229 ], [ -154.95718, 19.6229 ], [ -154.957, 19.62303 ], [ -154.9569, 19.62301 ], [ -154.95676, 19.62302 ], [ -154.95645, 19.62314 ], [ -154.95598, 19.62353 ], [ -154.95585, 19.62359 ], [ -154.95526, 19.62399 ], [ -154.95511, 19.62403 ], [ -154.9549, 19.624 ], [ -154.95485, 19.62403 ], [ -154.95473, 19.62419 ], [ -154.95457, 19.62433 ], [ -154.9544, 19.62442 ], [ -154.95431, 19.62444 ], [ -154.95423, 19.62441 ], [ -154.95411, 19.62441 ], [ -154.95394, 19.62437 ], [ -154.95358, 19.6243 ], [ -154.95337, 19.62429 ], [ -154.95328, 19.62434 ], [ -154.95307, 19.62443 ], [ -154.95284, 19.62447 ], [ -154.9527, 19.62451 ], [ -154.95254, 19.62444 ], [ -154.95245, 19.62426 ], [ -154.9523, 19.62412 ], [ -154.95215, 19.62409 ], [ -154.95194, 19.62399 ], [ -154.95171, 19.624 ], [ -154.95144, 19.62392 ], [ -154.95109, 19.62398 ], [ -154.95091, 19.62394 ], [ -154.95077, 19.62394 ], [ -154.95045, 19.62387 ], [ -154.95033, 19.62388 ], [ -154.95023, 19.62388 ], [ -154.95018, 19.62391 ], [ -154.94982, 19.62415 ], [ -154.94939, 19.62415 ], [ -154.9493, 19.62409 ], [ -154.94927, 19.62401 ], [ -154.94929, 19.62387 ], [ -154.94921, 19.62379 ], [ -154.94914, 19.62372 ], [ -154.94918, 19.62362 ], [ -154.94916, 19.62356 ], [ -154.94893, 19.62356 ], [ -154.94882, 19.62351 ], [ -154.94871, 19.62336 ], [ -154.94862, 19.6233 ], [ -154.94838, 19.62333 ], [ -154.94812, 19.6233 ], [ -154.94793, 19.62329 ], [ -154.94779, 19.62336 ], [ -154.94767, 19.62337 ], [ -154.94763, 19.62331 ], [ -154.94757, 19.62331 ], [ -154.94751, 19.62327 ], [ -154.94754, 19.6232 ], [ -154.9475, 19.62317 ], [ -154.94737, 19.62314 ], [ -154.94714, 19.6231 ], [ -154.94703, 19.62319 ], [ -154.94696, 19.62321 ], [ -154.94691, 19.62315 ], [ -154.94688, 19.62295 ], [ -154.94684, 19.6229 ], [ -154.94668, 19.62284 ], [ -154.94659, 19.62277 ], [ -154.94648, 19.62264 ], [ -154.94645, 19.62254 ], [ -154.94638, 19.62242 ], [ -154.94622, 19.62234 ], [ -154.94616, 19.62227 ], [ -154.94615, 19.6222 ], [ -154.94603, 19.62208 ], [ -154.94592, 19.62198 ], [ -154.94583, 19.62185 ], [ -154.94581, 19.62176 ], [ -154.94575, 19.6217 ], [ -154.94572, 19.62169 ], [ -154.94562, 19.62171 ], [ -154.94557, 19.62169 ], [ -154.94555, 19.6216 ], [ -154.94557, 19.62151 ], [ -154.94548, 19.62142 ], [ -154.94533, 19.62137 ], [ -154.94525, 19.62127 ], [ -154.94528, 19.62111 ], [ -154.94517, 19.62103 ], [ -154.94515, 19.62094 ], [ -154.94522, 19.62085 ], [ -154.94518, 19.62069 ], [ -154.94518, 19.62054 ], [ -154.94515, 19.62044 ], [ -154.94517, 19.62039 ], [ -154.9451, 19.62016 ], [ -154.94505, 19.62004 ], [ -154.94505, 19.6197 ], [ -154.94503, 19.6196 ], [ -154.94514, 19.61925 ], [ -154.94515, 19.61916 ], [ -154.94504, 19.61896 ], [ -154.94504, 19.61885 ], [ -154.94496, 19.61875 ], [ -154.94496, 19.61869 ], [ -154.94501, 19.61867 ], [ -154.945, 19.61855 ], [ -154.94505, 19.61842 ], [ -154.94525, 19.61832 ], [ -154.94531, 19.61825 ], [ -154.94539, 19.61809 ], [ -154.94544, 19.61805 ], [ -154.94557, 19.61805 ], [ -154.94569, 19.61794 ], [ -154.94571, 19.61784 ], [ -154.94574, 19.6177 ], [ -154.94579, 19.61762 ], [ -154.94585, 19.61748 ], [ -154.9459, 19.61746 ], [ -154.94589, 19.6174 ], [ -154.94587, 19.61737 ], [ -154.94589, 19.61731 ], [ -154.94599, 19.61713 ], [ -154.94597, 19.61697 ], [ -154.94604, 19.6168 ], [ -154.94619, 19.61659 ], [ -154.94622, 19.61647 ], [ -154.94626, 19.6162 ], [ -154.94631, 19.61612 ], [ -154.9464, 19.61607 ], [ -154.9464, 19.61591 ], [ -154.94652, 19.61567 ], [ -154.94658, 19.61551 ], [ -154.94663, 19.61548 ], [ -154.94663, 19.61533 ], [ -154.94662, 19.6153 ], [ -154.94666, 19.61525 ], [ -154.94664, 19.61516 ], [ -154.94662, 19.6151 ], [ -154.94664, 19.61504 ], [ -154.94676, 19.61498 ], [ -154.9468, 19.6149 ], [ -154.94675, 19.61476 ], [ -154.94678, 19.61472 ], [ -154.94683, 19.6147 ], [ -154.9468, 19.61469 ], [ -154.94694, 19.61454 ], [ -154.94695, 19.61435 ], [ -154.94702, 19.61427 ], [ -154.94703, 19.6142 ], [ -154.94722, 19.61398 ], [ -154.94725, 19.61393 ], [ -154.94726, 19.6138 ], [ -154.94742, 19.61353 ], [ -154.9477, 19.61325 ], [ -154.94773, 19.61317 ], [ -154.94783, 19.61313 ], [ -154.94784, 19.61308 ], [ -154.94781, 19.61287 ], [ -154.94788, 19.61276 ], [ -154.94796, 19.61267 ], [ -154.94797, 19.61258 ], [ -154.94814, 19.61242 ], [ -154.94815, 19.61236 ], [ -154.94813, 19.6123 ], [ -154.94816, 19.61225 ], [ -154.94822, 19.61222 ], [ -154.94828, 19.61202 ], [ -154.94826, 19.6119 ], [ -154.9483, 19.61182 ], [ -154.9483, 19.61179 ], [ -154.94826, 19.61169 ], [ -154.94834, 19.61144 ], [ -154.94834, 19.6114 ], [ -154.9483, 19.61132 ], [ -154.94833, 19.61123 ], [ -154.94836, 19.61117 ], [ -154.9483, 19.61107 ], [ -154.9483, 19.61102 ], [ -154.94838, 19.61088 ], [ -154.94841, 19.61077 ], [ -154.94826, 19.61053 ], [ -154.94819, 19.61042 ], [ -154.94821, 19.61027 ], [ -154.9482, 19.61017 ], [ -154.94814, 19.61007 ], [ -154.94813, 19.61004 ], [ -154.94819, 19.60996 ], [ -154.94815, 19.60979 ], [ -154.94796, 19.60961 ], [ -154.94789, 19.60958 ], [ -154.94778, 19.60935 ], [ -154.94767, 19.60911 ], [ -154.94769, 19.60901 ], [ -154.9477, 19.60893 ], [ -154.94764, 19.60874 ], [ -154.94765, 19.60859 ], [ -154.94768, 19.60858 ], [ -154.9477, 19.60848 ], [ -154.94773, 19.60837 ], [ -154.9478, 19.60827 ], [ -154.9478, 19.60815 ], [ -154.94774, 19.60801 ], [ -154.94764, 19.60792 ], [ -154.94758, 19.6078 ], [ -154.94756, 19.60771 ], [ -154.94746, 19.60759 ], [ -154.9474, 19.60748 ], [ -154.94746, 19.60721 ], [ -154.94743, 19.60706 ], [ -154.94748, 19.60679 ], [ -154.94746, 19.60655 ], [ -154.94738, 19.60642 ], [ -154.94716, 19.60625 ], [ -154.94708, 19.6062 ], [ -154.94689, 19.60612 ], [ -154.94678, 19.60597 ], [ -154.94677, 19.60587 ], [ -154.94659, 19.6054 ], [ -154.94653, 19.60518 ], [ -154.94644, 19.60509 ], [ -154.94645, 19.60496 ], [ -154.94635, 19.60487 ], [ -154.94636, 19.60468 ], [ -154.94632, 19.6044 ], [ -154.94623, 19.60427 ], [ -154.9462, 19.60425 ], [ -154.94623, 19.6042 ], [ -154.94623, 19.60418 ], [ -154.946, 19.60404 ], [ -154.946, 19.60398 ], [ -154.94602, 19.6039 ], [ -154.946, 19.60387 ], [ -154.94585, 19.6038 ], [ -154.94581, 19.60372 ], [ -154.94585, 19.60351 ], [ -154.94583, 19.60345 ], [ -154.94562, 19.60333 ], [ -154.94552, 19.60323 ], [ -154.94539, 19.60309 ], [ -154.94534, 19.60301 ], [ -154.94528, 19.60297 ], [ -154.94524, 19.60297 ], [ -154.9452, 19.6029 ], [ -154.94516, 19.60267 ], [ -154.9451, 19.60256 ], [ -154.94502, 19.60246 ], [ -154.94499, 19.60231 ], [ -154.94493, 19.60224 ], [ -154.94481, 19.60217 ], [ -154.9448, 19.60213 ], [ -154.94475, 19.6021 ], [ -154.94462, 19.60196 ], [ -154.94442, 19.60182 ], [ -154.9443, 19.60177 ], [ -154.94424, 19.6017 ], [ -154.94422, 19.60167 ], [ -154.9442, 19.60158 ], [ -154.94406, 19.6015 ], [ -154.94397, 19.60144 ], [ -154.94395, 19.6013 ], [ -154.9438, 19.60129 ], [ -154.94367, 19.60132 ], [ -154.94359, 19.60127 ], [ -154.94345, 19.60114 ], [ -154.9434, 19.60101 ], [ -154.94337, 19.60083 ], [ -154.94331, 19.60075 ], [ -154.94312, 19.60066 ], [ -154.94299, 19.60066 ], [ -154.94279, 19.60056 ], [ -154.94236, 19.6004 ], [ -154.94219, 19.60028 ], [ -154.94201, 19.60025 ], [ -154.94185, 19.60023 ], [ -154.94152, 19.60006 ], [ -154.9413, 19.59992 ], [ -154.94126, 19.59993 ], [ -154.94103, 19.59974 ], [ -154.94089, 19.59966 ], [ -154.94087, 19.59963 ], [ -154.94067, 19.59954 ], [ -154.94047, 19.59942 ], [ -154.9404, 19.59932 ], [ -154.94033, 19.5992 ], [ -154.94026, 19.59913 ], [ -154.94017, 19.59909 ], [ -154.94015, 19.59907 ], [ -154.93992, 19.599 ], [ -154.93984, 19.59895 ], [ -154.93976, 19.59886 ], [ -154.93966, 19.59886 ], [ -154.93949, 19.5989 ], [ -154.93938, 19.59885 ], [ -154.93933, 19.59877 ], [ -154.9393, 19.59875 ], [ -154.93929, 19.5987 ], [ -154.93921, 19.59864 ], [ -154.93918, 19.59859 ], [ -154.93904, 19.59857 ], [ -154.939, 19.59852 ], [ -154.93888, 19.59818 ], [ -154.93869, 19.59812 ], [ -154.93846, 19.59814 ], [ -154.93833, 19.59812 ], [ -154.93814, 19.59805 ], [ -154.938, 19.59803 ], [ -154.93773, 19.59785 ], [ -154.93761, 19.59775 ], [ -154.93698, 19.59753 ], [ -154.93677, 19.59743 ], [ -154.93675, 19.5974 ], [ -154.93662, 19.59733 ], [ -154.93654, 19.59725 ], [ -154.93632, 19.59715 ], [ -154.93601, 19.59705 ], [ -154.93593, 19.59692 ], [ -154.93592, 19.59686 ], [ -154.93579, 19.59673 ], [ -154.93568, 19.59657 ], [ -154.93554, 19.59647 ], [ -154.93503, 19.59634 ], [ -154.93488, 19.59628 ], [ -154.93466, 19.59626 ], [ -154.93453, 19.59626 ], [ -154.93444, 19.59621 ], [ -154.9342, 19.59621 ], [ -154.93405, 19.59621 ], [ -154.93389, 19.59616 ], [ -154.93384, 19.59614 ], [ -154.93355, 19.59614 ], [ -154.9334, 19.59611 ], [ -154.93334, 19.59602 ], [ -154.93312, 19.59583 ], [ -154.93302, 19.59579 ], [ -154.93282, 19.59568 ], [ -154.93227, 19.59548 ], [ -154.93207, 19.59549 ], [ -154.93201, 19.59552 ], [ -154.93193, 19.59562 ], [ -154.93186, 19.59561 ], [ -154.9318, 19.59559 ], [ -154.93182, 19.59538 ], [ -154.93184, 19.59536 ], [ -154.93187, 19.59535 ], [ -154.93187, 19.5953 ], [ -154.93179, 19.59524 ], [ -154.93176, 19.59516 ], [ -154.93177, 19.59506 ], [ -154.93165, 19.595 ], [ -154.93155, 19.59499 ], [ -154.93151, 19.59505 ], [ -154.93156, 19.59522 ], [ -154.93148, 19.59527 ], [ -154.93139, 19.59526 ], [ -154.93124, 19.59532 ], [ -154.93113, 19.59527 ], [ -154.93109, 19.59518 ], [ -154.9311, 19.59512 ], [ -154.93112, 19.59509 ], [ -154.93111, 19.5949 ], [ -154.93112, 19.59482 ], [ -154.93127, 19.5947 ], [ -154.93133, 19.59466 ], [ -154.93135, 19.59451 ], [ -154.93134, 19.59435 ], [ -154.93133, 19.5943 ], [ -154.93129, 19.59423 ], [ -154.93114, 19.5941 ], [ -154.93105, 19.59392 ], [ -154.93099, 19.59382 ], [ -154.93085, 19.59373 ], [ -154.93065, 19.59365 ], [ -154.93051, 19.59367 ], [ -154.93045, 19.59375 ], [ -154.93035, 19.59377 ], [ -154.93029, 19.59376 ], [ -154.93025, 19.5938 ], [ -154.93021, 19.59385 ], [ -154.93018, 19.59385 ], [ -154.93018, 19.5938 ], [ -154.93007, 19.59373 ], [ -154.93002, 19.59372 ], [ -154.93004, 19.59363 ], [ -154.9301, 19.59348 ], [ -154.93006, 19.59332 ], [ -154.93005, 19.59324 ], [ -154.93007, 19.59313 ], [ -154.92998, 19.59304 ], [ -154.92986, 19.59299 ], [ -154.9298, 19.59289 ], [ -154.92979, 19.59286 ], [ -154.92962, 19.59285 ], [ -154.92959, 19.59273 ], [ -154.9295, 19.59271 ], [ -154.92943, 19.59274 ], [ -154.92938, 19.5927 ], [ -154.92941, 19.59261 ], [ -154.92944, 19.59259 ], [ -154.92942, 19.59253 ], [ -154.92934, 19.59248 ], [ -154.92927, 19.59234 ], [ -154.92925, 19.59222 ], [ -154.92921, 19.59218 ], [ -154.92909, 19.59211 ], [ -154.92904, 19.592 ], [ -154.9289, 19.5919 ], [ -154.92877, 19.59187 ], [ -154.92861, 19.59187 ], [ -154.92829, 19.59163 ], [ -154.92824, 19.59155 ], [ -154.92818, 19.59144 ], [ -154.92811, 19.59138 ], [ -154.92797, 19.59133 ], [ -154.9278, 19.59129 ], [ -154.92768, 19.59124 ], [ -154.92763, 19.59124 ], [ -154.92757, 19.59134 ], [ -154.92757, 19.5914 ], [ -154.92755, 19.59142 ], [ -154.92734, 19.59134 ], [ -154.92698, 19.59119 ], [ -154.9267, 19.5911 ], [ -154.92662, 19.59104 ], [ -154.92655, 19.59082 ], [ -154.92645, 19.59068 ], [ -154.92635, 19.5906 ], [ -154.92621, 19.59049 ], [ -154.92605, 19.59037 ], [ -154.92599, 19.59038 ], [ -154.92585, 19.5905 ], [ -154.92578, 19.59052 ], [ -154.92576, 19.59049 ], [ -154.92567, 19.59045 ], [ -154.92549, 19.59018 ], [ -154.92542, 19.58995 ], [ -154.92544, 19.58989 ], [ -154.92559, 19.58984 ], [ -154.92562, 19.58979 ], [ -154.92548, 19.58966 ], [ -154.92546, 19.5896 ], [ -154.92551, 19.58948 ], [ -154.92553, 19.58925 ], [ -154.9255, 19.58916 ], [ -154.92544, 19.58905 ], [ -154.92547, 19.589 ], [ -154.92518, 19.58883 ], [ -154.92509, 19.58873 ], [ -154.92502, 19.58867 ], [ -154.92498, 19.58862 ], [ -154.92501, 19.5885 ], [ -154.92506, 19.58842 ], [ -154.92496, 19.58824 ], [ -154.92478, 19.58818 ], [ -154.92469, 19.58809 ], [ -154.92463, 19.58802 ], [ -154.92452, 19.58796 ], [ -154.92455, 19.58791 ], [ -154.92458, 19.5879 ], [ -154.92458, 19.5878 ], [ -154.92454, 19.58768 ], [ -154.92445, 19.58765 ], [ -154.92441, 19.58765 ], [ -154.9244, 19.58759 ], [ -154.9244, 19.58754 ], [ -154.92435, 19.58749 ], [ -154.92423, 19.58747 ], [ -154.9242, 19.5874 ], [ -154.92421, 19.58734 ], [ -154.92417, 19.58719 ], [ -154.924, 19.5871 ], [ -154.92376, 19.58704 ], [ -154.92368, 19.58699 ], [ -154.92362, 19.58692 ], [ -154.92362, 19.58679 ], [ -154.92362, 19.5867 ], [ -154.92355, 19.58659 ], [ -154.92351, 19.58658 ], [ -154.92345, 19.58634 ], [ -154.92348, 19.58623 ], [ -154.92341, 19.58611 ], [ -154.92322, 19.58594 ], [ -154.9232, 19.58585 ], [ -154.9232, 19.58582 ], [ -154.92315, 19.58578 ], [ -154.92314, 19.58572 ], [ -154.92318, 19.58563 ], [ -154.92314, 19.58559 ], [ -154.92297, 19.58558 ], [ -154.92285, 19.58554 ], [ -154.92279, 19.58547 ], [ -154.9228, 19.58541 ], [ -154.92285, 19.58533 ], [ -154.92275, 19.58502 ], [ -154.92265, 19.58485 ], [ -154.92258, 19.58465 ], [ -154.92231, 19.58449 ], [ -154.92221, 19.58433 ], [ -154.92216, 19.58425 ], [ -154.92212, 19.58417 ], [ -154.92206, 19.58409 ], [ -154.92202, 19.58405 ], [ -154.92196, 19.58402 ], [ -154.92195, 19.58395 ], [ -154.9219, 19.58393 ], [ -154.92181, 19.5839 ], [ -154.92178, 19.58381 ], [ -154.9218, 19.58367 ], [ -154.9218, 19.5836 ], [ -154.92177, 19.58354 ], [ -154.9218, 19.58343 ], [ -154.92173, 19.58312 ], [ -154.92173, 19.58303 ], [ -154.92167, 19.58291 ], [ -154.92154, 19.58275 ], [ -154.92133, 19.58262 ], [ -154.92124, 19.58263 ], [ -154.92117, 19.58266 ], [ -154.92105, 19.58264 ], [ -154.92098, 19.58257 ], [ -154.92094, 19.58244 ], [ -154.92084, 19.58236 ], [ -154.92074, 19.58233 ], [ -154.92065, 19.58213 ], [ -154.92059, 19.58207 ], [ -154.92043, 19.58196 ], [ -154.92039, 19.58187 ], [ -154.9204, 19.58181 ], [ -154.92032, 19.58175 ], [ -154.92028, 19.58173 ], [ -154.92028, 19.58164 ], [ -154.9203, 19.58161 ], [ -154.92023, 19.58154 ], [ -154.92016, 19.58145 ], [ -154.92007, 19.58142 ], [ -154.91994, 19.58144 ], [ -154.91974, 19.58138 ], [ -154.91969, 19.58133 ], [ -154.91964, 19.58125 ], [ -154.9194, 19.58112 ], [ -154.91921, 19.58111 ], [ -154.91915, 19.5811 ], [ -154.91905, 19.58099 ], [ -154.91895, 19.58092 ], [ -154.91885, 19.58088 ], [ -154.91869, 19.58086 ], [ -154.91846, 19.58091 ], [ -154.9182, 19.58102 ], [ -154.91813, 19.58109 ], [ -154.91798, 19.5811 ], [ -154.91788, 19.58111 ], [ -154.91779, 19.58109 ], [ -154.91776, 19.581 ], [ -154.91771, 19.58092 ], [ -154.91757, 19.5809 ], [ -154.91734, 19.58092 ], [ -154.91715, 19.58088 ], [ -154.91691, 19.58089 ], [ -154.91672, 19.5808 ], [ -154.91669, 19.58076 ], [ -154.91653, 19.58071 ], [ -154.9163, 19.58066 ], [ -154.91615, 19.58062 ], [ -154.91598, 19.58062 ], [ -154.91593, 19.58059 ], [ -154.91582, 19.58059 ], [ -154.91558, 19.58052 ], [ -154.91523, 19.58039 ], [ -154.91515, 19.58032 ], [ -154.91508, 19.58021 ], [ -154.91479, 19.58002 ], [ -154.91464, 19.58 ], [ -154.91459, 19.57996 ], [ -154.91445, 19.57996 ], [ -154.9144, 19.57997 ], [ -154.91433, 19.57994 ], [ -154.91429, 19.5799 ], [ -154.91419, 19.57988 ], [ -154.91413, 19.5799 ], [ -154.91397, 19.57985 ], [ -154.91387, 19.57987 ], [ -154.91364, 19.57976 ], [ -154.9135, 19.57975 ], [ -154.91348, 19.57966 ], [ -154.91347, 19.57961 ], [ -154.91339, 19.57955 ], [ -154.91328, 19.57953 ], [ -154.91322, 19.57946 ], [ -154.9131, 19.57941 ], [ -154.91272, 19.57934 ], [ -154.91227, 19.5792 ], [ -154.91207, 19.5791 ], [ -154.91206, 19.57908 ], [ -154.9118, 19.57901 ], [ -154.91166, 19.57892 ], [ -154.91165, 19.57889 ], [ -154.91162, 19.57888 ], [ -154.91157, 19.5788 ], [ -154.91148, 19.57871 ], [ -154.91152, 19.5786 ], [ -154.91144, 19.57849 ], [ -154.91141, 19.57848 ], [ -154.91128, 19.57827 ], [ -154.9111, 19.57797 ], [ -154.91102, 19.5778 ], [ -154.91097, 19.5776 ], [ -154.91091, 19.57748 ], [ -154.91085, 19.57747 ], [ -154.91083, 19.57744 ], [ -154.91084, 19.57734 ], [ -154.91073, 19.57719 ], [ -154.91069, 19.57702 ], [ -154.91071, 19.57689 ], [ -154.91059, 19.5767 ], [ -154.91058, 19.57661 ], [ -154.91049, 19.57657 ], [ -154.91036, 19.5765 ], [ -154.91028, 19.57632 ], [ -154.91016, 19.57622 ], [ -154.91007, 19.57618 ], [ -154.91002, 19.576 ], [ -154.90994, 19.57589 ], [ -154.90988, 19.57579 ], [ -154.90986, 19.57566 ], [ -154.90983, 19.57564 ], [ -154.90978, 19.57549 ], [ -154.90967, 19.57529 ], [ -154.90958, 19.57507 ], [ -154.90955, 19.57501 ], [ -154.90948, 19.57476 ], [ -154.90937, 19.5746 ], [ -154.90929, 19.57454 ], [ -154.90926, 19.57442 ], [ -154.90904, 19.57427 ], [ -154.90902, 19.57418 ], [ -154.90898, 19.57414 ], [ -154.90893, 19.57411 ], [ -154.90887, 19.57408 ], [ -154.90886, 19.57404 ], [ -154.90883, 19.57404 ], [ -154.90878, 19.57389 ], [ -154.90866, 19.57381 ], [ -154.90861, 19.57373 ], [ -154.9085, 19.57366 ], [ -154.90847, 19.57357 ], [ -154.90825, 19.57342 ], [ -154.90817, 19.57337 ], [ -154.90812, 19.57333 ], [ -154.90811, 19.57328 ], [ -154.90802, 19.57321 ], [ -154.90797, 19.57313 ], [ -154.90791, 19.57305 ], [ -154.90789, 19.57294 ], [ -154.90776, 19.57289 ], [ -154.90775, 19.57282 ], [ -154.90771, 19.57277 ], [ -154.90762, 19.57272 ], [ -154.90757, 19.57259 ], [ -154.90754, 19.57258 ], [ -154.90751, 19.57248 ], [ -154.90737, 19.57235 ], [ -154.90724, 19.57229 ], [ -154.90721, 19.57214 ], [ -154.90718, 19.57212 ], [ -154.90717, 19.57199 ], [ -154.90715, 19.57197 ], [ -154.90704, 19.57196 ], [ -154.90698, 19.57182 ], [ -154.90692, 19.57181 ], [ -154.90682, 19.57174 ], [ -154.90675, 19.57162 ], [ -154.90674, 19.57139 ], [ -154.90666, 19.57133 ], [ -154.90654, 19.57123 ], [ -154.90651, 19.57122 ], [ -154.90649, 19.57119 ], [ -154.90646, 19.57118 ], [ -154.90645, 19.57114 ], [ -154.90641, 19.57113 ], [ -154.9064, 19.5711 ], [ -154.90622, 19.57098 ], [ -154.90611, 19.57085 ], [ -154.90603, 19.5708 ], [ -154.90603, 19.57071 ], [ -154.90604, 19.57063 ], [ -154.90603, 19.57061 ], [ -154.90587, 19.57055 ], [ -154.90583, 19.57052 ], [ -154.90582, 19.57048 ], [ -154.90563, 19.5704 ], [ -154.90557, 19.57028 ], [ -154.90559, 19.57026 ], [ -154.90551, 19.57021 ], [ -154.9054, 19.57017 ], [ -154.90535, 19.57013 ], [ -154.90527, 19.57008 ], [ -154.90516, 19.56998 ], [ -154.90513, 19.56998 ], [ -154.90506, 19.56991 ], [ -154.90495, 19.56984 ], [ -154.90499, 19.56976 ], [ -154.90498, 19.5697 ], [ -154.90489, 19.56969 ], [ -154.90478, 19.56965 ], [ -154.90475, 19.56966 ], [ -154.90469, 19.56979 ], [ -154.90468, 19.56986 ], [ -154.90459, 19.56987 ], [ -154.90452, 19.56985 ], [ -154.90451, 19.56978 ], [ -154.90455, 19.56969 ], [ -154.90443, 19.56965 ], [ -154.90435, 19.56964 ], [ -154.9043, 19.5695 ], [ -154.90419, 19.56941 ], [ -154.90412, 19.56934 ], [ -154.90412, 19.56915 ], [ -154.90406, 19.56912 ], [ -154.90389, 19.56914 ], [ -154.90385, 19.56913 ], [ -154.90385, 19.56898 ], [ -154.90387, 19.56889 ], [ -154.9038, 19.56886 ], [ -154.90365, 19.56886 ], [ -154.90358, 19.5688 ], [ -154.90351, 19.56866 ], [ -154.90337, 19.56863 ], [ -154.90324, 19.5686 ], [ -154.90309, 19.56852 ], [ -154.90308, 19.56849 ], [ -154.90286, 19.56839 ], [ -154.9028, 19.56837 ], [ -154.90277, 19.5684 ], [ -154.90274, 19.56839 ], [ -154.90268, 19.56842 ], [ -154.90262, 19.56842 ], [ -154.90262, 19.5683 ], [ -154.90247, 19.56822 ], [ -154.90178, 19.56803 ], [ -154.90172, 19.568 ], [ -154.90152, 19.56797 ], [ -154.90122, 19.568 ], [ -154.9011, 19.56798 ], [ -154.90103, 19.56791 ], [ -154.90096, 19.5677 ], [ -154.90089, 19.56764 ], [ -154.90079, 19.56761 ], [ -154.90061, 19.56763 ], [ -154.90054, 19.56763 ], [ -154.90045, 19.56746 ], [ -154.90033, 19.56745 ], [ -154.90027, 19.56745 ], [ -154.90019, 19.56741 ], [ -154.90007, 19.56748 ], [ -154.90003, 19.56752 ], [ -154.89986, 19.56757 ], [ -154.89978, 19.56752 ], [ -154.89969, 19.56739 ], [ -154.8996, 19.56736 ], [ -154.89952, 19.5674 ], [ -154.89945, 19.56734 ], [ -154.89945, 19.56731 ], [ -154.89933, 19.56724 ], [ -154.89907, 19.5672 ], [ -154.89877, 19.56709 ], [ -154.89849, 19.56708 ], [ -154.89842, 19.56706 ], [ -154.89827, 19.56693 ], [ -154.89814, 19.56691 ], [ -154.89807, 19.56692 ], [ -154.89791, 19.56681 ], [ -154.89776, 19.56678 ], [ -154.89767, 19.5668 ], [ -154.89756, 19.56669 ], [ -154.89755, 19.56657 ], [ -154.89744, 19.56645 ], [ -154.89728, 19.56632 ], [ -154.89713, 19.56628 ], [ -154.89695, 19.56626 ], [ -154.89681, 19.56613 ], [ -154.89662, 19.56607 ], [ -154.89648, 19.56611 ], [ -154.89633, 19.56607 ], [ -154.89608, 19.56609 ], [ -154.89589, 19.56601 ], [ -154.89565, 19.56583 ], [ -154.89514, 19.56566 ], [ -154.89496, 19.56551 ], [ -154.89487, 19.56542 ], [ -154.89446, 19.5652 ], [ -154.89428, 19.56516 ], [ -154.89415, 19.56506 ], [ -154.89409, 19.56503 ], [ -154.89404, 19.56499 ], [ -154.89399, 19.56494 ], [ -154.89395, 19.56494 ], [ -154.89392, 19.56489 ], [ -154.89352, 19.56471 ], [ -154.89335, 19.56451 ], [ -154.89321, 19.56437 ], [ -154.89295, 19.56424 ], [ -154.89275, 19.56411 ], [ -154.89243, 19.56402 ], [ -154.89234, 19.56391 ], [ -154.89229, 19.56383 ], [ -154.89232, 19.56378 ], [ -154.89232, 19.56373 ], [ -154.89225, 19.5637 ], [ -154.8922, 19.56367 ], [ -154.89196, 19.56365 ], [ -154.89173, 19.56356 ], [ -154.89167, 19.56353 ], [ -154.89156, 19.56342 ], [ -154.89139, 19.56323 ], [ -154.89136, 19.56321 ], [ -154.89131, 19.56312 ], [ -154.8913, 19.56301 ], [ -154.89124, 19.563 ], [ -154.8911, 19.56301 ], [ -154.89104, 19.56299 ], [ -154.89089, 19.56292 ], [ -154.8906, 19.56292 ], [ -154.89054, 19.5629 ], [ -154.89024, 19.56255 ], [ -154.89011, 19.56251 ], [ -154.89008, 19.56242 ], [ -154.89003, 19.56233 ], [ -154.88992, 19.56227 ], [ -154.88972, 19.56229 ], [ -154.88961, 19.56224 ], [ -154.88936, 19.56221 ], [ -154.88929, 19.56221 ], [ -154.88927, 19.56216 ], [ -154.88926, 19.56209 ], [ -154.88918, 19.56207 ], [ -154.88918, 19.56217 ], [ -154.88914, 19.56218 ], [ -154.8891, 19.56214 ], [ -154.88904, 19.56203 ], [ -154.88902, 19.56193 ], [ -154.88893, 19.5619 ], [ -154.88886, 19.56191 ], [ -154.8888, 19.56183 ], [ -154.88883, 19.56172 ], [ -154.88871, 19.56168 ], [ -154.88866, 19.5616 ], [ -154.88869, 19.56146 ], [ -154.88868, 19.56141 ], [ -154.88859, 19.56138 ], [ -154.88852, 19.56122 ], [ -154.88848, 19.56117 ], [ -154.88842, 19.56105 ], [ -154.88834, 19.56092 ], [ -154.88814, 19.56084 ], [ -154.88798, 19.56083 ], [ -154.88795, 19.56085 ], [ -154.88794, 19.56093 ], [ -154.88772, 19.56099 ], [ -154.88768, 19.56099 ], [ -154.88767, 19.56093 ], [ -154.88772, 19.56089 ], [ -154.88769, 19.5608 ], [ -154.88776, 19.56073 ], [ -154.88774, 19.56067 ], [ -154.88765, 19.56066 ], [ -154.88758, 19.56068 ], [ -154.88753, 19.5606 ], [ -154.88755, 19.56028 ], [ -154.88751, 19.56012 ], [ -154.88741, 19.56 ], [ -154.88702, 19.55985 ], [ -154.88698, 19.55977 ], [ -154.88687, 19.5597 ], [ -154.88681, 19.55958 ], [ -154.88667, 19.55954 ], [ -154.88655, 19.55953 ], [ -154.88646, 19.55949 ], [ -154.88637, 19.55944 ], [ -154.88636, 19.55941 ], [ -154.88631, 19.55939 ], [ -154.88609, 19.55906 ], [ -154.88603, 19.55903 ], [ -154.88597, 19.55895 ], [ -154.88586, 19.55889 ], [ -154.88579, 19.55886 ], [ -154.8857, 19.55875 ], [ -154.88556, 19.55867 ], [ -154.88549, 19.55854 ], [ -154.88547, 19.55845 ], [ -154.88544, 19.55839 ], [ -154.88522, 19.55826 ], [ -154.88509, 19.55816 ], [ -154.88502, 19.55799 ], [ -154.8848, 19.55794 ], [ -154.8847, 19.55781 ], [ -154.88465, 19.55771 ], [ -154.88459, 19.55752 ], [ -154.88446, 19.55742 ], [ -154.88414, 19.55731 ], [ -154.88401, 19.55733 ], [ -154.88396, 19.5573 ], [ -154.88389, 19.55716 ], [ -154.88386, 19.55698 ], [ -154.88379, 19.55698 ], [ -154.88371, 19.55688 ], [ -154.88366, 19.55675 ], [ -154.88358, 19.55666 ], [ -154.88332, 19.55653 ], [ -154.88296, 19.55642 ], [ -154.88283, 19.5564 ], [ -154.88272, 19.55632 ], [ -154.88261, 19.55622 ], [ -154.8824, 19.55613 ], [ -154.88226, 19.55612 ], [ -154.88216, 19.5562 ], [ -154.88209, 19.5562 ], [ -154.88195, 19.55606 ], [ -154.88185, 19.55604 ], [ -154.88175, 19.55603 ], [ -154.8817, 19.556 ], [ -154.88167, 19.55591 ], [ -154.88163, 19.55585 ], [ -154.8816, 19.55579 ], [ -154.88147, 19.55573 ], [ -154.88091, 19.55561 ], [ -154.88067, 19.55561 ], [ -154.88049, 19.55564 ], [ -154.88036, 19.55578 ], [ -154.88016, 19.55581 ], [ -154.88009, 19.55581 ], [ -154.87995, 19.55589 ], [ -154.87985, 19.55586 ], [ -154.8798, 19.55589 ], [ -154.87976, 19.55593 ], [ -154.87967, 19.55585 ], [ -154.87954, 19.55568 ], [ -154.87945, 19.5556 ], [ -154.87916, 19.55555 ], [ -154.87898, 19.55553 ], [ -154.87866, 19.55548 ], [ -154.87844, 19.55549 ], [ -154.87838, 19.55552 ], [ -154.87833, 19.55556 ], [ -154.87821, 19.55555 ], [ -154.87817, 19.55554 ], [ -154.87801, 19.55562 ], [ -154.87791, 19.55562 ], [ -154.87786, 19.55559 ], [ -154.87785, 19.55556 ], [ -154.87782, 19.55555 ], [ -154.87778, 19.5555 ], [ -154.87769, 19.55549 ], [ -154.87764, 19.55551 ], [ -154.8776, 19.55547 ], [ -154.87753, 19.55546 ], [ -154.8775, 19.55551 ], [ -154.8775, 19.55554 ], [ -154.87742, 19.55558 ], [ -154.87733, 19.55565 ], [ -154.87731, 19.55565 ], [ -154.87724, 19.55558 ], [ -154.87707, 19.55555 ], [ -154.87699, 19.55549 ], [ -154.8769, 19.55549 ], [ -154.87677, 19.55549 ], [ -154.87671, 19.5555 ], [ -154.87668, 19.55548 ], [ -154.8767, 19.55542 ], [ -154.87661, 19.55535 ], [ -154.87632, 19.55525 ], [ -154.87622, 19.55529 ], [ -154.87608, 19.55527 ], [ -154.87599, 19.55524 ], [ -154.87588, 19.55537 ], [ -154.87581, 19.55539 ], [ -154.87573, 19.5553 ], [ -154.8757, 19.55526 ], [ -154.87566, 19.55526 ], [ -154.87558, 19.55515 ], [ -154.87546, 19.55509 ], [ -154.875, 19.55501 ], [ -154.87498, 19.55499 ], [ -154.87488, 19.55498 ], [ -154.87482, 19.55495 ], [ -154.87476, 19.55487 ], [ -154.8746, 19.55488 ], [ -154.87462, 19.5547 ], [ -154.87451, 19.55469 ], [ -154.87448, 19.55457 ], [ -154.87439, 19.55456 ], [ -154.87431, 19.55455 ], [ -154.87429, 19.5545 ], [ -154.87424, 19.55447 ], [ -154.87424, 19.55445 ], [ -154.87414, 19.55437 ], [ -154.874, 19.55429 ], [ -154.87395, 19.55424 ], [ -154.87395, 19.55422 ], [ -154.87391, 19.55421 ], [ -154.87385, 19.55413 ], [ -154.87366, 19.55406 ], [ -154.87351, 19.55404 ], [ -154.87344, 19.55405 ], [ -154.87342, 19.55403 ], [ -154.87337, 19.55405 ], [ -154.87331, 19.5541 ], [ -154.87326, 19.55408 ], [ -154.87325, 19.55405 ], [ -154.87321, 19.55404 ], [ -154.87314, 19.55397 ], [ -154.87306, 19.55392 ], [ -154.87281, 19.5539 ], [ -154.87269, 19.55391 ], [ -154.87266, 19.55382 ], [ -154.87259, 19.55366 ], [ -154.8725, 19.55365 ], [ -154.8724, 19.55367 ], [ -154.87234, 19.55378 ], [ -154.87226, 19.55374 ], [ -154.8723, 19.55361 ], [ -154.87226, 19.55352 ], [ -154.87222, 19.55352 ], [ -154.87222, 19.55368 ], [ -154.87216, 19.55354 ], [ -154.87211, 19.55337 ], [ -154.87209, 19.55323 ], [ -154.87203, 19.55316 ], [ -154.87199, 19.55307 ], [ -154.87196, 19.55306 ], [ -154.8719, 19.55298 ], [ -154.87178, 19.55293 ], [ -154.8717, 19.55282 ], [ -154.87152, 19.55267 ], [ -154.87139, 19.55262 ], [ -154.87131, 19.55249 ], [ -154.87128, 19.55232 ], [ -154.87109, 19.55215 ], [ -154.87092, 19.55207 ], [ -154.87086, 19.55196 ], [ -154.87073, 19.55187 ], [ -154.87069, 19.55182 ], [ -154.87042, 19.55175 ], [ -154.87025, 19.55175 ], [ -154.8702, 19.55172 ], [ -154.87, 19.55159 ], [ -154.86985, 19.55147 ], [ -154.86971, 19.55139 ], [ -154.86952, 19.55121 ], [ -154.86949, 19.55115 ], [ -154.86931, 19.55099 ], [ -154.86924, 19.55088 ], [ -154.86912, 19.55077 ], [ -154.86907, 19.55073 ], [ -154.86896, 19.55055 ], [ -154.8687, 19.55042 ], [ -154.86855, 19.55025 ], [ -154.86841, 19.55 ], [ -154.86829, 19.54989 ], [ -154.86812, 19.54966 ], [ -154.86797, 19.54924 ], [ -154.86784, 19.54909 ], [ -154.86767, 19.54898 ], [ -154.86764, 19.54894 ], [ -154.86749, 19.54886 ], [ -154.86725, 19.54864 ], [ -154.86701, 19.54838 ], [ -154.86686, 19.54832 ], [ -154.86659, 19.54828 ], [ -154.86637, 19.54831 ], [ -154.8662, 19.54822 ], [ -154.866, 19.54822 ], [ -154.86586, 19.54814 ], [ -154.86576, 19.54804 ], [ -154.86567, 19.54802 ], [ -154.86529, 19.54809 ], [ -154.86505, 19.54816 ], [ -154.86482, 19.54814 ], [ -154.86471, 19.5482 ], [ -154.86454, 19.54815 ], [ -154.8645, 19.54829 ], [ -154.86434, 19.5483 ], [ -154.86419, 19.5483 ], [ -154.86411, 19.54836 ], [ -154.86399, 19.54833 ], [ -154.8639, 19.54832 ], [ -154.86351, 19.54835 ], [ -154.86318, 19.54824 ], [ -154.86281, 19.54821 ], [ -154.86233, 19.54811 ], [ -154.86217, 19.54814 ], [ -154.86202, 19.54811 ], [ -154.8619, 19.54807 ], [ -154.86159, 19.54818 ], [ -154.8615, 19.54816 ], [ -154.86149, 19.54813 ], [ -154.8614, 19.5481 ], [ -154.86136, 19.54799 ], [ -154.86127, 19.54795 ], [ -154.86122, 19.548 ], [ -154.86115, 19.5481 ], [ -154.86109, 19.54811 ], [ -154.86103, 19.54808 ], [ -154.86095, 19.54798 ], [ -154.86088, 19.54787 ], [ -154.86081, 19.5478 ], [ -154.86075, 19.54779 ], [ -154.86073, 19.54782 ], [ -154.86072, 19.54787 ], [ -154.86067, 19.5479 ], [ -154.86061, 19.5479 ], [ -154.86049, 19.54781 ], [ -154.86042, 19.54791 ], [ -154.86039, 19.54792 ], [ -154.86035, 19.54784 ], [ -154.86032, 19.54779 ], [ -154.86015, 19.54787 ], [ -154.86012, 19.54788 ], [ -154.86015, 19.54779 ], [ -154.86022, 19.54771 ], [ -154.86022, 19.54762 ], [ -154.86013, 19.54763 ], [ -154.86003, 19.54779 ], [ -154.86001, 19.54791 ], [ -154.85993, 19.54795 ], [ -154.8599, 19.54794 ], [ -154.85989, 19.54777 ], [ -154.85995, 19.54762 ], [ -154.85994, 19.5476 ], [ -154.85988, 19.54759 ], [ -154.85985, 19.54763 ], [ -154.85985, 19.54776 ], [ -154.85978, 19.54778 ], [ -154.85975, 19.54778 ], [ -154.85974, 19.5476 ], [ -154.85963, 19.54753 ], [ -154.85958, 19.5474 ], [ -154.85959, 19.54737 ], [ -154.85968, 19.54732 ], [ -154.85969, 19.54726 ], [ -154.8596, 19.54723 ], [ -154.85957, 19.54723 ], [ -154.85948, 19.54729 ], [ -154.85945, 19.5473 ], [ -154.85943, 19.54727 ], [ -154.85948, 19.54712 ], [ -154.85943, 19.5471 ], [ -154.85932, 19.54716 ], [ -154.85929, 19.54721 ], [ -154.8592, 19.54723 ], [ -154.85909, 19.54704 ], [ -154.85911, 19.54696 ], [ -154.85903, 19.54682 ], [ -154.85887, 19.54682 ], [ -154.85873, 19.54683 ], [ -154.85866, 19.54689 ], [ -154.85857, 19.54692 ], [ -154.85845, 19.54692 ], [ -154.85836, 19.54682 ], [ -154.85825, 19.54687 ], [ -154.85814, 19.54681 ], [ -154.85811, 19.54668 ], [ -154.85805, 19.54665 ], [ -154.85801, 19.54674 ], [ -154.85793, 19.5467 ], [ -154.8579, 19.54665 ], [ -154.85778, 19.54665 ], [ -154.85761, 19.54673 ], [ -154.85757, 19.54677 ], [ -154.85757, 19.54684 ], [ -154.8577, 19.54698 ], [ -154.85771, 19.54704 ], [ -154.85761, 19.54705 ], [ -154.85747, 19.54697 ], [ -154.85743, 19.54693 ], [ -154.85736, 19.54694 ], [ -154.85733, 19.54705 ], [ -154.85725, 19.54709 ], [ -154.85719, 19.54708 ], [ -154.85714, 19.5469 ], [ -154.85714, 19.54687 ], [ -154.85709, 19.54685 ], [ -154.85706, 19.5469 ], [ -154.85705, 19.54699 ], [ -154.85693, 19.54701 ], [ -154.85689, 19.54693 ], [ -154.85686, 19.54684 ], [ -154.85687, 19.54678 ], [ -154.85696, 19.54666 ], [ -154.85696, 19.54662 ], [ -154.85688, 19.54656 ], [ -154.85678, 19.54657 ], [ -154.85674, 19.54662 ], [ -154.85674, 19.54674 ], [ -154.85666, 19.54683 ], [ -154.85659, 19.54693 ], [ -154.85651, 19.54698 ], [ -154.85646, 19.54696 ], [ -154.85644, 19.54687 ], [ -154.85649, 19.54658 ], [ -154.85639, 19.54642 ], [ -154.85625, 19.5463 ], [ -154.85617, 19.54628 ], [ -154.85613, 19.54628 ], [ -154.85609, 19.54633 ], [ -154.856, 19.54657 ], [ -154.85595, 19.5466 ], [ -154.85586, 19.54657 ], [ -154.85587, 19.54647 ], [ -154.85575, 19.54643 ], [ -154.85573, 19.54634 ], [ -154.85553, 19.54634 ], [ -154.85544, 19.54636 ], [ -154.85541, 19.54631 ], [ -154.85541, 19.54626 ], [ -154.85532, 19.54624 ], [ -154.85516, 19.54635 ], [ -154.85503, 19.54636 ], [ -154.85489, 19.54629 ], [ -154.85469, 19.54629 ], [ -154.85459, 19.54623 ], [ -154.85454, 19.54626 ], [ -154.8545, 19.54634 ], [ -154.85441, 19.54637 ], [ -154.85434, 19.54637 ], [ -154.85426, 19.54613 ], [ -154.85397, 19.54615 ], [ -154.8539, 19.54613 ], [ -154.85386, 19.54608 ], [ -154.85378, 19.54603 ], [ -154.85362, 19.54604 ], [ -154.85338, 19.54597 ], [ -154.85336, 19.54606 ], [ -154.85337, 19.54625 ], [ -154.85335, 19.5463 ], [ -154.85319, 19.54633 ], [ -154.85317, 19.54629 ], [ -154.85317, 19.54625 ], [ -154.85312, 19.54622 ], [ -154.85297, 19.54624 ], [ -154.85287, 19.54629 ], [ -154.85276, 19.54624 ], [ -154.85271, 19.5462 ], [ -154.85269, 19.54605 ], [ -154.85266, 19.54603 ], [ -154.85266, 19.54599 ], [ -154.85255, 19.54598 ], [ -154.85239, 19.54608 ], [ -154.85235, 19.54609 ], [ -154.85232, 19.54604 ], [ -154.85232, 19.54594 ], [ -154.85225, 19.54581 ], [ -154.85217, 19.54578 ], [ -154.85213, 19.54579 ], [ -154.85188, 19.54582 ], [ -154.85178, 19.54587 ], [ -154.85174, 19.54599 ], [ -154.85179, 19.54629 ], [ -154.85172, 19.54636 ], [ -154.8516, 19.54632 ], [ -154.8515, 19.54626 ], [ -154.85147, 19.54617 ], [ -154.85118, 19.54607 ], [ -154.85116, 19.54605 ], [ -154.851, 19.54601 ], [ -154.85091, 19.54611 ], [ -154.85078, 19.54632 ], [ -154.85067, 19.5464 ], [ -154.85045, 19.54642 ], [ -154.85028, 19.54643 ], [ -154.84998, 19.54645 ], [ -154.84987, 19.54642 ], [ -154.84986, 19.54633 ], [ -154.84996, 19.54622 ], [ -154.85001, 19.54619 ], [ -154.85003, 19.54617 ], [ -154.84995, 19.54611 ], [ -154.8498, 19.54606 ], [ -154.84975, 19.54602 ], [ -154.84977, 19.54594 ], [ -154.8498, 19.54583 ], [ -154.84986, 19.54575 ], [ -154.84987, 19.54562 ], [ -154.84975, 19.5455 ], [ -154.84964, 19.54544 ], [ -154.84963, 19.54541 ], [ -154.84954, 19.54541 ], [ -154.84942, 19.54545 ], [ -154.84933, 19.54545 ], [ -154.84922, 19.54551 ], [ -154.84915, 19.54551 ], [ -154.84894, 19.54519 ], [ -154.84892, 19.54509 ], [ -154.84899, 19.54499 ], [ -154.84898, 19.54486 ], [ -154.8489, 19.54482 ], [ -154.84873, 19.54481 ], [ -154.84867, 19.54477 ], [ -154.84866, 19.54455 ], [ -154.84871, 19.5442 ], [ -154.84867, 19.54406 ], [ -154.84863, 19.54401 ], [ -154.84845, 19.54399 ], [ -154.84824, 19.54399 ], [ -154.84806, 19.54385 ], [ -154.8479, 19.54375 ], [ -154.84776, 19.54362 ], [ -154.84769, 19.54348 ], [ -154.84758, 19.54342 ], [ -154.84752, 19.54339 ], [ -154.84754, 19.54333 ], [ -154.84762, 19.54315 ], [ -154.84761, 19.54298 ], [ -154.8475, 19.54282 ], [ -154.84729, 19.54259 ], [ -154.84708, 19.54244 ], [ -154.84694, 19.54236 ], [ -154.84679, 19.54232 ], [ -154.84649, 19.5423 ], [ -154.8464, 19.54232 ], [ -154.84628, 19.54237 ], [ -154.84615, 19.54235 ], [ -154.84614, 19.54223 ], [ -154.84605, 19.54219 ], [ -154.84597, 19.54209 ], [ -154.84583, 19.542 ], [ -154.84582, 19.54205 ], [ -154.84586, 19.54217 ], [ -154.84585, 19.54219 ], [ -154.84579, 19.54219 ], [ -154.84559, 19.54203 ], [ -154.84547, 19.54198 ], [ -154.84533, 19.542 ], [ -154.84503, 19.54213 ], [ -154.84488, 19.54211 ], [ -154.84476, 19.54204 ], [ -154.84456, 19.54207 ], [ -154.84451, 19.54204 ], [ -154.8445, 19.54198 ], [ -154.84443, 19.54191 ], [ -154.84437, 19.54191 ], [ -154.84435, 19.54203 ], [ -154.84429, 19.54205 ], [ -154.84418, 19.54202 ], [ -154.84414, 19.54194 ], [ -154.84411, 19.54193 ], [ -154.84409, 19.5419 ], [ -154.84386, 19.54191 ], [ -154.84366, 19.54174 ], [ -154.84363, 19.54169 ], [ -154.84329, 19.54151 ], [ -154.84325, 19.54146 ], [ -154.84324, 19.54139 ], [ -154.8432, 19.54134 ], [ -154.8432, 19.54131 ], [ -154.84323, 19.5413 ], [ -154.84323, 19.54126 ], [ -154.84315, 19.54122 ], [ -154.84309, 19.54124 ], [ -154.84307, 19.54133 ], [ -154.84306, 19.54139 ], [ -154.84301, 19.54142 ], [ -154.84296, 19.54139 ], [ -154.84291, 19.54134 ], [ -154.84289, 19.54126 ], [ -154.84291, 19.54114 ], [ -154.84288, 19.54109 ], [ -154.84277, 19.54106 ], [ -154.84272, 19.54112 ], [ -154.84263, 19.54112 ], [ -154.8426, 19.54111 ], [ -154.84258, 19.54097 ], [ -154.84265, 19.54087 ], [ -154.84269, 19.54082 ], [ -154.84264, 19.54079 ], [ -154.84252, 19.54078 ], [ -154.84248, 19.54077 ], [ -154.84248, 19.54068 ], [ -154.8425, 19.54063 ], [ -154.84256, 19.54061 ], [ -154.84257, 19.54059 ], [ -154.84252, 19.54055 ], [ -154.8423, 19.54056 ], [ -154.84227, 19.54057 ], [ -154.84224, 19.54064 ], [ -154.84203, 19.54064 ], [ -154.84187, 19.54055 ], [ -154.8418, 19.54048 ], [ -154.84177, 19.54041 ], [ -154.84159, 19.54029 ], [ -154.8413, 19.54024 ], [ -154.8412, 19.54023 ], [ -154.84114, 19.54022 ], [ -154.84107, 19.54023 ], [ -154.84103, 19.54027 ], [ -154.84094, 19.54028 ], [ -154.8409, 19.54023 ], [ -154.84091, 19.54009 ], [ -154.84092, 19.54003 ], [ -154.84092, 19.54001 ], [ -154.84083, 19.53999 ], [ -154.84077, 19.53991 ], [ -154.84055, 19.53972 ], [ -154.84032, 19.53956 ], [ -154.84024, 19.53948 ], [ -154.84014, 19.53937 ], [ -154.83992, 19.53918 ], [ -154.83974, 19.53911 ], [ -154.83955, 19.53909 ], [ -154.83951, 19.53905 ], [ -154.83946, 19.53897 ], [ -154.83935, 19.53892 ], [ -154.83904, 19.53893 ], [ -154.83887, 19.53888 ], [ -154.83885, 19.53885 ], [ -154.83875, 19.53882 ], [ -154.83875, 19.53879 ], [ -154.83862, 19.53876 ], [ -154.83856, 19.53868 ], [ -154.83855, 19.53862 ], [ -154.83858, 19.53858 ], [ -154.83858, 19.53854 ], [ -154.83852, 19.53846 ], [ -154.83851, 19.53838 ], [ -154.8384, 19.53827 ], [ -154.83839, 19.53822 ], [ -154.83832, 19.53815 ], [ -154.83826, 19.53812 ], [ -154.83828, 19.538 ], [ -154.83825, 19.53795 ], [ -154.83816, 19.53791 ], [ -154.83817, 19.53782 ], [ -154.83816, 19.5378 ], [ -154.83809, 19.53774 ], [ -154.83804, 19.53765 ], [ -154.8379, 19.53754 ], [ -154.83785, 19.53749 ], [ -154.83776, 19.53747 ], [ -154.83767, 19.53739 ], [ -154.83739, 19.53722 ], [ -154.83726, 19.53712 ], [ -154.83719, 19.53702 ], [ -154.83697, 19.53679 ], [ -154.8367, 19.53666 ], [ -154.83657, 19.53659 ], [ -154.83638, 19.53643 ], [ -154.83626, 19.53628 ], [ -154.8361, 19.53617 ], [ -154.83588, 19.53613 ], [ -154.83563, 19.53605 ], [ -154.83556, 19.53594 ], [ -154.83547, 19.53591 ], [ -154.83518, 19.53577 ], [ -154.83509, 19.53574 ], [ -154.83498, 19.53567 ], [ -154.83483, 19.53564 ], [ -154.8347, 19.53561 ], [ -154.83447, 19.53548 ], [ -154.83404, 19.53537 ], [ -154.83377, 19.53526 ], [ -154.83327, 19.53517 ], [ -154.83314, 19.53514 ], [ -154.83268, 19.5351 ], [ -154.83233, 19.5351 ], [ -154.83215, 19.53514 ], [ -154.83166, 19.53513 ], [ -154.83157, 19.53514 ], [ -154.83126, 19.53508 ], [ -154.83115, 19.53504 ], [ -154.83109, 19.53504 ], [ -154.83101, 19.535 ], [ -154.83078, 19.53497 ], [ -154.83047, 19.53495 ], [ -154.83009, 19.53487 ], [ -154.82966, 19.53491 ], [ -154.82916, 19.5349 ], [ -154.82887, 19.5349 ], [ -154.82808, 19.53493 ], [ -154.82769, 19.53491 ], [ -154.82737, 19.53502 ], [ -154.82726, 19.53502 ], [ -154.82697, 19.53499 ], [ -154.82674, 19.53496 ], [ -154.82627, 19.53502 ], [ -154.82581, 19.53501 ], [ -154.82548, 19.53495 ], [ -154.82478, 19.53488 ], [ -154.82435, 19.53476 ], [ -154.82432, 19.53474 ], [ -154.8241, 19.53472 ], [ -154.82398, 19.53457 ], [ -154.82378, 19.53447 ], [ -154.82367, 19.53445 ], [ -154.82355, 19.53434 ], [ -154.82346, 19.53426 ], [ -154.82338, 19.53421 ], [ -154.82327, 19.53414 ], [ -154.82314, 19.53408 ], [ -154.8228, 19.53402 ], [ -154.8227, 19.53394 ], [ -154.8226, 19.53382 ], [ -154.8224, 19.53375 ], [ -154.82228, 19.53357 ], [ -154.82191, 19.53336 ], [ -154.82168, 19.53315 ], [ -154.82165, 19.53309 ], [ -154.82155, 19.53306 ], [ -154.82147, 19.53295 ], [ -154.82138, 19.53291 ], [ -154.82129, 19.53282 ], [ -154.82117, 19.53277 ], [ -154.82099, 19.53264 ], [ -154.82082, 19.53256 ], [ -154.82068, 19.53249 ], [ -154.8206, 19.53244 ], [ -154.82055, 19.53235 ], [ -154.82034, 19.5322 ], [ -154.82016, 19.53212 ], [ -154.82003, 19.53211 ], [ -154.81968, 19.53193 ], [ -154.81903, 19.53177 ], [ -154.81861, 19.53171 ], [ -154.81829, 19.5316 ], [ -154.818, 19.53147 ], [ -154.81788, 19.53137 ], [ -154.81765, 19.53119 ], [ -154.81748, 19.5311 ], [ -154.81742, 19.531 ], [ -154.81732, 19.53097 ], [ -154.8173, 19.53095 ], [ -154.81732, 19.5309 ], [ -154.81727, 19.53081 ], [ -154.81714, 19.53072 ], [ -154.81708, 19.53069 ], [ -154.81671, 19.5303 ], [ -154.81666, 19.53023 ], [ -154.81648, 19.53 ], [ -154.81623, 19.52981 ], [ -154.81615, 19.5297 ], [ -154.81592, 19.52961 ], [ -154.81557, 19.52952 ], [ -154.81519, 19.52936 ], [ -154.8151, 19.52935 ], [ -154.81507, 19.52935 ], [ -154.81502, 19.5294 ], [ -154.81496, 19.5294 ], [ -154.81481, 19.52927 ], [ -154.8144, 19.52911 ], [ -154.81438, 19.52909 ], [ -154.81423, 19.5291 ], [ -154.81412, 19.52904 ], [ -154.81408, 19.5289 ], [ -154.81411, 19.52882 ], [ -154.81406, 19.52878 ], [ -154.81397, 19.52877 ], [ -154.81387, 19.52877 ], [ -154.81387, 19.52868 ], [ -154.81379, 19.52862 ], [ -154.81372, 19.52863 ], [ -154.81367, 19.52871 ], [ -154.81358, 19.5287 ], [ -154.81347, 19.52854 ], [ -154.81344, 19.52852 ], [ -154.81342, 19.52847 ], [ -154.81325, 19.52839 ], [ -154.81318, 19.52837 ], [ -154.81315, 19.52828 ], [ -154.81257, 19.528 ], [ -154.81248, 19.52791 ], [ -154.81239, 19.52778 ], [ -154.81213, 19.52762 ], [ -154.81202, 19.5275 ], [ -154.81188, 19.52741 ], [ -154.81181, 19.52732 ], [ -154.81175, 19.52717 ], [ -154.81161, 19.52708 ], [ -154.81156, 19.52704 ], [ -154.81155, 19.52699 ], [ -154.81145, 19.52686 ], [ -154.81136, 19.52681 ], [ -154.81132, 19.52669 ], [ -154.8112, 19.52649 ], [ -154.81099, 19.52631 ], [ -154.81073, 19.5262 ], [ -154.81064, 19.52611 ], [ -154.81058, 19.52585 ], [ -154.81045, 19.52571 ], [ -154.81037, 19.52552 ], [ -154.81025, 19.52542 ], [ -154.81022, 19.52537 ], [ -154.81026, 19.52532 ], [ -154.81031, 19.52529 ], [ -154.81029, 19.52498 ], [ -154.81025, 19.5248 ], [ -154.81019, 19.52474 ], [ -154.81012, 19.52467 ], [ -154.81007, 19.52458 ], [ -154.81004, 19.52446 ], [ -154.80987, 19.52424 ], [ -154.80991, 19.52394 ], [ -154.80987, 19.52373 ], [ -154.80981, 19.52359 ], [ -154.8098, 19.52347 ], [ -154.80972, 19.52327 ], [ -154.80967, 19.52287 ], [ -154.80959, 19.5227 ], [ -154.80952, 19.5226 ], [ -154.80949, 19.52258 ], [ -154.80943, 19.52238 ], [ -154.8094, 19.52226 ], [ -154.80905, 19.52188 ], [ -154.80901, 19.52186 ], [ -154.80895, 19.52177 ], [ -154.80891, 19.52176 ], [ -154.80876, 19.52155 ], [ -154.80863, 19.52137 ], [ -154.8085, 19.5213 ], [ -154.80839, 19.52119 ], [ -154.80817, 19.52109 ], [ -154.80811, 19.52106 ], [ -154.80801, 19.52094 ], [ -154.80776, 19.52091 ], [ -154.80771, 19.52083 ], [ -154.80766, 19.52075 ], [ -154.80751, 19.52063 ], [ -154.80748, 19.52057 ], [ -154.80739, 19.52051 ], [ -154.8072, 19.52023 ], [ -154.80717, 19.52022 ], [ -154.80712, 19.52013 ], [ -154.80708, 19.52011 ], [ -154.80694, 19.51989 ], [ -154.80691, 19.51978 ], [ -154.80679, 19.51968 ], [ -154.80676, 19.51959 ], [ -154.80681, 19.51951 ], [ -154.80688, 19.51944 ], [ -154.80699, 19.51922 ], [ -154.80701, 19.51898 ], [ -154.80699, 19.51886 ], [ -154.80689, 19.51873 ], [ -154.80686, 19.51868 ], [ -154.80685, 19.5185 ], [ -154.80672, 19.51825 ], [ -154.80662, 19.51809 ], [ -154.80663, 19.51784 ], [ -154.80671, 19.5173 ], [ -154.80677, 19.51712 ], [ -154.80679, 19.5168 ], [ -154.80664, 19.51611 ], [ -154.80664, 19.51602 ], [ -154.80675, 19.51586 ], [ -154.80688, 19.51547 ], [ -154.807, 19.51525 ], [ -154.80725, 19.51504 ], [ -154.80727, 19.51501 ], [ -154.80733, 19.51481 ], [ -154.80755, 19.51461 ], [ -154.80767, 19.5145 ], [ -154.80775, 19.51439 ], [ -154.80776, 19.51425 ], [ -154.80774, 19.51416 ], [ -154.80779, 19.51405 ], [ -154.8079, 19.51399 ], [ -154.80797, 19.51396 ], [ -154.80803, 19.51395 ], [ -154.80812, 19.51385 ], [ -154.80824, 19.51371 ], [ -154.80829, 19.51367 ], [ -154.80847, 19.51362 ], [ -154.80851, 19.5136 ], [ -154.80852, 19.51374 ], [ -154.80859, 19.5138 ], [ -154.80879, 19.51377 ], [ -154.80891, 19.51374 ], [ -154.80899, 19.51369 ], [ -154.80896, 19.51368 ], [ -154.80894, 19.51366 ], [ -154.80901, 19.51365 ], [ -154.8091, 19.51357 ], [ -154.80921, 19.51352 ], [ -154.80923, 19.51349 ], [ -154.80933, 19.51344 ], [ -154.8094, 19.51337 ], [ -154.80952, 19.51324 ], [ -154.80959, 19.51311 ], [ -154.80967, 19.5131 ], [ -154.80984, 19.51314 ], [ -154.80994, 19.51315 ], [ -154.8102, 19.51301 ], [ -154.81029, 19.51296 ], [ -154.81039, 19.51283 ], [ -154.81042, 19.51281 ], [ -154.81046, 19.51281 ], [ -154.81061, 19.51265 ], [ -154.81064, 19.51263 ], [ -154.81082, 19.51237 ], [ -154.81096, 19.51207 ], [ -154.81107, 19.5117 ], [ -154.81115, 19.51152 ], [ -154.81127, 19.51137 ], [ -154.81133, 19.51126 ], [ -154.81138, 19.51098 ], [ -154.81141, 19.51073 ], [ -154.81146, 19.51041 ], [ -154.81142, 19.51024 ], [ -154.81135, 19.51012 ], [ -154.81141, 19.50992 ], [ -154.81148, 19.50973 ], [ -154.8115, 19.50959 ], [ -154.81147, 19.50941 ], [ -154.81153, 19.50925 ], [ -154.81155, 19.50905 ], [ -154.81151, 19.5086 ], [ -154.81149, 19.5084 ], [ -154.8115, 19.50828 ], [ -154.81151, 19.50821 ], [ -154.81144, 19.50794 ], [ -154.81132, 19.50775 ], [ -154.81129, 19.50773 ], [ -154.81113, 19.50751 ], [ -154.81111, 19.50739 ], [ -154.81111, 19.50724 ], [ -154.81107, 19.50715 ], [ -154.81104, 19.50706 ], [ -154.81104, 19.50703 ], [ -154.81102, 19.50701 ], [ -154.81108, 19.50698 ], [ -154.81112, 19.50686 ], [ -154.81115, 19.50655 ], [ -154.81116, 19.50647 ], [ -154.81117, 19.50636 ], [ -154.81112, 19.50624 ], [ -154.81101, 19.50613 ], [ -154.81101, 19.50605 ], [ -154.81107, 19.50603 ], [ -154.81111, 19.50603 ], [ -154.81114, 19.50598 ], [ -154.81114, 19.5059 ], [ -154.8113, 19.50579 ], [ -154.81129, 19.50564 ], [ -154.81131, 19.50551 ], [ -154.81132, 19.50542 ], [ -154.81131, 19.50536 ], [ -154.81141, 19.50522 ], [ -154.81147, 19.50515 ], [ -154.81167, 19.50498 ], [ -154.81179, 19.50476 ], [ -154.81185, 19.50468 ], [ -154.81183, 19.50458 ], [ -154.81186, 19.50442 ], [ -154.81186, 19.50415 ], [ -154.81179, 19.50394 ], [ -154.81176, 19.50389 ], [ -154.81171, 19.50385 ], [ -154.81171, 19.50373 ], [ -154.81176, 19.50365 ], [ -154.81173, 19.50351 ], [ -154.81172, 19.50338 ], [ -154.81175, 19.50318 ], [ -154.81175, 19.50306 ], [ -154.81175, 19.5029 ], [ -154.81182, 19.50277 ], [ -154.81192, 19.50268 ], [ -154.81201, 19.50263 ], [ -154.81219, 19.5024 ], [ -154.81222, 19.50222 ], [ -154.81224, 19.50207 ], [ -154.81232, 19.50196 ], [ -154.81253, 19.50182 ], [ -154.81258, 19.50177 ], [ -154.81307, 19.50171 ], [ -154.81319, 19.50169 ], [ -154.81334, 19.50168 ], [ -154.81349, 19.50164 ], [ -154.8136, 19.50158 ], [ -154.81383, 19.50157 ], [ -154.81391, 19.50153 ], [ -154.81401, 19.50144 ], [ -154.81408, 19.50134 ], [ -154.8141, 19.50133 ], [ -154.81421, 19.50115 ], [ -154.81437, 19.50096 ], [ -154.81448, 19.50089 ], [ -154.81453, 19.50078 ], [ -154.81451, 19.50053 ], [ -154.81453, 19.50051 ], [ -154.81469, 19.50048 ], [ -154.81491, 19.50053 ], [ -154.81499, 19.50063 ], [ -154.81502, 19.5008 ], [ -154.81509, 19.50085 ], [ -154.81524, 19.50076 ], [ -154.8153, 19.50076 ], [ -154.81532, 19.50079 ], [ -154.81529, 19.50096 ], [ -154.81525, 19.50107 ], [ -154.81529, 19.50122 ], [ -154.81542, 19.50131 ], [ -154.81566, 19.50132 ], [ -154.81582, 19.50139 ], [ -154.81585, 19.50141 ], [ -154.81597, 19.50141 ], [ -154.81617, 19.5013 ], [ -154.81623, 19.50128 ], [ -154.81626, 19.5013 ], [ -154.81622, 19.50137 ], [ -154.81615, 19.50148 ], [ -154.81615, 19.50151 ], [ -154.81643, 19.50186 ], [ -154.81654, 19.50192 ], [ -154.8166, 19.50195 ], [ -154.81661, 19.50203 ], [ -154.81648, 19.50213 ], [ -154.81647, 19.50221 ], [ -154.81649, 19.50223 ], [ -154.81658, 19.50221 ], [ -154.81665, 19.50214 ], [ -154.81671, 19.50211 ], [ -154.81677, 19.50211 ], [ -154.8168, 19.50216 ], [ -154.81678, 19.50231 ], [ -154.81677, 19.50237 ], [ -154.81679, 19.50239 ], [ -154.81694, 19.50236 ], [ -154.817, 19.50239 ], [ -154.81705, 19.50234 ], [ -154.81706, 19.50231 ], [ -154.817, 19.50229 ], [ -154.81697, 19.5022 ], [ -154.81708, 19.50215 ], [ -154.81708, 19.50209 ], [ -154.81707, 19.50203 ], [ -154.81708, 19.502 ], [ -154.81714, 19.50197 ], [ -154.81699, 19.50195 ], [ -154.81696, 19.50196 ], [ -154.81697, 19.50204 ], [ -154.81692, 19.50208 ], [ -154.81683, 19.50199 ], [ -154.81679, 19.50191 ], [ -154.81659, 19.50164 ], [ -154.81656, 19.50155 ], [ -154.81658, 19.5015 ], [ -154.81679, 19.50144 ], [ -154.81682, 19.50145 ], [ -154.81682, 19.50148 ], [ -154.81674, 19.50153 ], [ -154.81671, 19.50159 ], [ -154.81685, 19.50183 ], [ -154.81697, 19.50185 ], [ -154.81705, 19.50186 ], [ -154.81711, 19.50189 ], [ -154.81717, 19.50187 ], [ -154.81719, 19.50181 ], [ -154.81708, 19.50177 ], [ -154.81701, 19.50167 ], [ -154.81692, 19.50168 ], [ -154.81687, 19.50163 ], [ -154.81686, 19.50155 ], [ -154.81686, 19.50151 ], [ -154.81704, 19.50146 ], [ -154.8171, 19.50147 ], [ -154.81718, 19.50131 ], [ -154.81721, 19.50123 ], [ -154.81722, 19.50116 ], [ -154.8173, 19.50113 ], [ -154.81742, 19.50111 ], [ -154.81768, 19.50099 ], [ -154.81784, 19.50084 ], [ -154.81786, 19.50081 ], [ -154.81783, 19.50079 ], [ -154.81769, 19.50083 ], [ -154.81763, 19.50079 ], [ -154.81768, 19.50071 ], [ -154.81813, 19.50041 ], [ -154.81829, 19.50038 ], [ -154.81839, 19.50038 ], [ -154.81845, 19.50041 ], [ -154.81851, 19.50039 ], [ -154.81858, 19.50012 ], [ -154.81854, 19.50004 ], [ -154.81846, 19.49993 ], [ -154.81845, 19.49973 ], [ -154.81846, 19.4997 ], [ -154.81861, 19.49967 ], [ -154.81882, 19.4997 ], [ -154.81891, 19.49966 ], [ -154.81891, 19.49955 ], [ -154.81896, 19.49948 ], [ -154.81895, 19.49942 ], [ -154.81883, 19.49937 ], [ -154.81885, 19.49924 ], [ -154.81889, 19.49919 ], [ -154.81895, 19.49917 ], [ -154.81914, 19.49918 ], [ -154.81923, 19.49915 ], [ -154.81929, 19.49918 ], [ -154.81938, 19.49927 ], [ -154.81949, 19.49932 ], [ -154.81968, 19.49934 ], [ -154.81978, 19.49936 ], [ -154.82021, 19.49966 ], [ -154.8203, 19.49969 ], [ -154.82045, 19.49965 ], [ -154.82062, 19.49956 ], [ -154.82071, 19.49947 ], [ -154.82068, 19.49942 ], [ -154.82056, 19.49941 ], [ -154.82035, 19.49949 ], [ -154.82029, 19.49945 ], [ -154.82022, 19.49935 ], [ -154.82017, 19.49931 ], [ -154.82016, 19.49922 ], [ -154.82014, 19.49916 ], [ -154.82016, 19.49913 ], [ -154.82029, 19.49913 ], [ -154.82033, 19.49908 ], [ -154.82032, 19.49903 ], [ -154.8202, 19.49886 ], [ -154.82017, 19.49871 ], [ -154.82027, 19.49855 ], [ -154.8204, 19.49846 ], [ -154.82054, 19.49838 ], [ -154.82053, 19.49833 ], [ -154.8205, 19.49832 ], [ -154.8205, 19.49827 ], [ -154.82061, 19.49812 ], [ -154.82056, 19.49807 ], [ -154.82038, 19.49806 ], [ -154.82029, 19.49802 ], [ -154.82019, 19.49785 ], [ -154.8201, 19.49782 ], [ -154.81988, 19.49785 ], [ -154.81983, 19.49782 ], [ -154.81968, 19.49788 ], [ -154.81956, 19.49784 ], [ -154.81953, 19.49783 ], [ -154.8195, 19.49783 ], [ -154.81944, 19.49774 ], [ -154.81944, 19.49762 ], [ -154.81931, 19.49742 ], [ -154.81925, 19.49731 ], [ -154.81919, 19.49725 ], [ -154.81917, 19.49715 ], [ -154.81917, 19.4971 ], [ -154.8191, 19.497 ], [ -154.81909, 19.49699 ], [ -154.81892, 19.4969 ], [ -154.81875, 19.49686 ], [ -154.8187, 19.49677 ], [ -154.81862, 19.49673 ], [ -154.81849, 19.49655 ], [ -154.81853, 19.4964 ], [ -154.81847, 19.49624 ], [ -154.81843, 19.49619 ], [ -154.81837, 19.49616 ], [ -154.81834, 19.49608 ], [ -154.81829, 19.49604 ], [ -154.81828, 19.49598 ], [ -154.81823, 19.49594 ], [ -154.81807, 19.49593 ], [ -154.81797, 19.49586 ], [ -154.81792, 19.49581 ], [ -154.81778, 19.49578 ], [ -154.81774, 19.4958 ], [ -154.8177, 19.4959 ], [ -154.81772, 19.49599 ], [ -154.81788, 19.49608 ], [ -154.81793, 19.49616 ], [ -154.81794, 19.49619 ], [ -154.81777, 19.49619 ], [ -154.81762, 19.49617 ], [ -154.81756, 19.49619 ], [ -154.81744, 19.49616 ], [ -154.81739, 19.49612 ], [ -154.81724, 19.49611 ], [ -154.81721, 19.49612 ], [ -154.81719, 19.49603 ], [ -154.81719, 19.49594 ], [ -154.8171, 19.49589 ], [ -154.81684, 19.49586 ], [ -154.81677, 19.49581 ], [ -154.81668, 19.49572 ], [ -154.81662, 19.4957 ], [ -154.81645, 19.49581 ], [ -154.81634, 19.49588 ], [ -154.81621, 19.49596 ], [ -154.81604, 19.49597 ], [ -154.81599, 19.49602 ], [ -154.81596, 19.49613 ], [ -154.81593, 19.49618 ], [ -154.81562, 19.49636 ], [ -154.8155, 19.49639 ], [ -154.81535, 19.49636 ], [ -154.81529, 19.49629 ], [ -154.81529, 19.4962 ], [ -154.81528, 19.49603 ], [ -154.81521, 19.4959 ], [ -154.81513, 19.49584 ], [ -154.81513, 19.49562 ], [ -154.81501, 19.49547 ], [ -154.81499, 19.49546 ], [ -154.81498, 19.49537 ], [ -154.81501, 19.49523 ], [ -154.81523, 19.49507 ], [ -154.81526, 19.49502 ], [ -154.81543, 19.49496 ], [ -154.81558, 19.49483 ], [ -154.81568, 19.4947 ], [ -154.81591, 19.49457 ], [ -154.81608, 19.49447 ], [ -154.81619, 19.49441 ], [ -154.81647, 19.49419 ], [ -154.81656, 19.49409 ], [ -154.81679, 19.4937 ], [ -154.81685, 19.49354 ], [ -154.81691, 19.49343 ], [ -154.81702, 19.49332 ], [ -154.81739, 19.493 ], [ -154.81757, 19.49281 ], [ -154.81763, 19.49271 ], [ -154.81765, 19.49249 ], [ -154.8176, 19.49227 ], [ -154.81749, 19.49205 ], [ -154.81746, 19.492 ], [ -154.81739, 19.49193 ], [ -154.81733, 19.49193 ], [ -154.81717, 19.49178 ], [ -154.81706, 19.49158 ], [ -154.81702, 19.49154 ], [ -154.81684, 19.49146 ], [ -154.8166, 19.49145 ], [ -154.81654, 19.49142 ], [ -154.81654, 19.49136 ], [ -154.81645, 19.49114 ], [ -154.8164, 19.49112 ], [ -154.81638, 19.49106 ], [ -154.81641, 19.49095 ], [ -154.81638, 19.49092 ], [ -154.81642, 19.49086 ], [ -154.8164, 19.49074 ], [ -154.81652, 19.49045 ], [ -154.8167, 19.49019 ], [ -154.81674, 19.49003 ], [ -154.81669, 19.48969 ], [ -154.81667, 19.4896 ], [ -154.81667, 19.48937 ], [ -154.81677, 19.48922 ], [ -154.81694, 19.48907 ], [ -154.81697, 19.48906 ], [ -154.81712, 19.4889 ], [ -154.81724, 19.48874 ], [ -154.81731, 19.48867 ], [ -154.81739, 19.48853 ], [ -154.81753, 19.48828 ], [ -154.81754, 19.48799 ], [ -154.81765, 19.48793 ], [ -154.81774, 19.48788 ], [ -154.81778, 19.48778 ], [ -154.81775, 19.48766 ], [ -154.81778, 19.48761 ], [ -154.81783, 19.48758 ], [ -154.8179, 19.48741 ], [ -154.81796, 19.48733 ], [ -154.8181, 19.48727 ], [ -154.81821, 19.48716 ], [ -154.81832, 19.4871 ], [ -154.8184, 19.48702 ], [ -154.81844, 19.48688 ], [ -154.81843, 19.48682 ], [ -154.81867, 19.48661 ], [ -154.81879, 19.4866 ], [ -154.8189, 19.48667 ], [ -154.81908, 19.48658 ], [ -154.81921, 19.4863 ], [ -154.81922, 19.48619 ], [ -154.81928, 19.48608 ], [ -154.81925, 19.48579 ], [ -154.81928, 19.48566 ], [ -154.81923, 19.48542 ], [ -154.81928, 19.48513 ], [ -154.81928, 19.48507 ], [ -154.81919, 19.48496 ], [ -154.81916, 19.48491 ], [ -154.81918, 19.48467 ], [ -154.81926, 19.48448 ], [ -154.81929, 19.48439 ], [ -154.81927, 19.48433 ], [ -154.8192, 19.48428 ], [ -154.81916, 19.48416 ], [ -154.81915, 19.48411 ], [ -154.81914, 19.48396 ], [ -154.81912, 19.48384 ], [ -154.81914, 19.48375 ], [ -154.81914, 19.48367 ], [ -154.81919, 19.48353 ], [ -154.81927, 19.48336 ], [ -154.81936, 19.48293 ], [ -154.81933, 19.4828 ], [ -154.81926, 19.4827 ], [ -154.81928, 19.48254 ], [ -154.8193, 19.48216 ], [ -154.81939, 19.48201 ], [ -154.81944, 19.48193 ], [ -154.81946, 19.48177 ], [ -154.81941, 19.48144 ], [ -154.81942, 19.48131 ], [ -154.81958, 19.48106 ], [ -154.81966, 19.48077 ], [ -154.81981, 19.48049 ], [ -154.81984, 19.4803 ], [ -154.8198, 19.48013 ], [ -154.81974, 19.47999 ], [ -154.81976, 19.4799 ], [ -154.81985, 19.4798 ], [ -154.81996, 19.47969 ], [ -154.81998, 19.47963 ], [ -154.82005, 19.47955 ], [ -154.82015, 19.47948 ], [ -154.82024, 19.47936 ], [ -154.82027, 19.47925 ], [ -154.82035, 19.47905 ], [ -154.82032, 19.47894 ], [ -154.8203, 19.47885 ], [ -154.82034, 19.47881 ], [ -154.82042, 19.47885 ], [ -154.82048, 19.47883 ], [ -154.8205, 19.47879 ], [ -154.82049, 19.47866 ], [ -154.82046, 19.47866 ], [ -154.82038, 19.47859 ], [ -154.82037, 19.47852 ], [ -154.82042, 19.47845 ], [ -154.82044, 19.47833 ], [ -154.82047, 19.47825 ], [ -154.82059, 19.4782 ], [ -154.82062, 19.47812 ], [ -154.82063, 19.47798 ], [ -154.82066, 19.47798 ], [ -154.82068, 19.47795 ], [ -154.82079, 19.47791 ], [ -154.8209, 19.47776 ], [ -154.82095, 19.47764 ], [ -154.82103, 19.47755 ], [ -154.821, 19.47743 ], [ -154.82101, 19.47735 ], [ -154.82102, 19.47733 ], [ -154.82111, 19.47717 ], [ -154.82118, 19.47712 ], [ -154.82133, 19.47703 ], [ -154.82155, 19.47699 ], [ -154.82159, 19.47694 ], [ -154.82168, 19.47693 ], [ -154.82179, 19.47686 ], [ -154.8218, 19.47683 ], [ -154.82183, 19.47678 ], [ -154.82182, 19.47666 ], [ -154.8218, 19.47664 ], [ -154.82178, 19.47651 ], [ -154.82183, 19.47635 ], [ -154.82186, 19.47633 ], [ -154.8219, 19.47624 ], [ -154.82194, 19.4762 ], [ -154.82216, 19.47615 ], [ -154.82223, 19.4761 ], [ -154.82233, 19.47594 ], [ -154.82234, 19.47587 ], [ -154.82237, 19.47586 ], [ -154.82238, 19.47579 ], [ -154.82236, 19.47559 ], [ -154.82241, 19.47547 ], [ -154.82244, 19.47546 ], [ -154.82247, 19.4753 ], [ -154.82255, 19.47515 ], [ -154.82258, 19.47513 ], [ -154.82259, 19.47509 ], [ -154.82263, 19.47505 ], [ -154.82295, 19.47504 ], [ -154.82315, 19.475 ], [ -154.82319, 19.47495 ], [ -154.82323, 19.47484 ], [ -154.82327, 19.47481 ], [ -154.82327, 19.47455 ], [ -154.82336, 19.47447 ], [ -154.8235, 19.47441 ], [ -154.82358, 19.47441 ], [ -154.82372, 19.47436 ], [ -154.82381, 19.47428 ], [ -154.82408, 19.47413 ], [ -154.82411, 19.47408 ], [ -154.82416, 19.47401 ], [ -154.82417, 19.47376 ], [ -154.82445, 19.47375 ], [ -154.82462, 19.4737 ], [ -154.8248, 19.47362 ], [ -154.82482, 19.47358 ], [ -154.82492, 19.47352 ], [ -154.82491, 19.47348 ], [ -154.82494, 19.47343 ], [ -154.82497, 19.47333 ], [ -154.82499, 19.47306 ], [ -154.82511, 19.47292 ], [ -154.82518, 19.47288 ], [ -154.82519, 19.47286 ], [ -154.82529, 19.47283 ], [ -154.82546, 19.47271 ], [ -154.82555, 19.47268 ], [ -154.82564, 19.47262 ], [ -154.82565, 19.4726 ], [ -154.82582, 19.4725 ], [ -154.82585, 19.47245 ], [ -154.826, 19.47232 ], [ -154.82602, 19.47226 ], [ -154.826, 19.47217 ], [ -154.82597, 19.47216 ], [ -154.82596, 19.47213 ], [ -154.82593, 19.47211 ], [ -154.82591, 19.47206 ], [ -154.82594, 19.47194 ], [ -154.82601, 19.47187 ], [ -154.82601, 19.47184 ], [ -154.8261, 19.47172 ], [ -154.8262, 19.47172 ], [ -154.82628, 19.4717 ], [ -154.8263, 19.47164 ], [ -154.82633, 19.4716 ], [ -154.82648, 19.4716 ], [ -154.82658, 19.47159 ], [ -154.82662, 19.47154 ], [ -154.82681, 19.4714 ], [ -154.82683, 19.47135 ], [ -154.8268, 19.47131 ], [ -154.82677, 19.47125 ], [ -154.82679, 19.47123 ], [ -154.82684, 19.47122 ], [ -154.82691, 19.47127 ], [ -154.82694, 19.47138 ], [ -154.82696, 19.47139 ], [ -154.82706, 19.47141 ], [ -154.8271, 19.4713 ], [ -154.82713, 19.4711 ], [ -154.82705, 19.47101 ], [ -154.82703, 19.47095 ], [ -154.82708, 19.47091 ], [ -154.8272, 19.47087 ], [ -154.8273, 19.47082 ], [ -154.82735, 19.47075 ], [ -154.82735, 19.47066 ], [ -154.82741, 19.47056 ], [ -154.82747, 19.47055 ], [ -154.82749, 19.47058 ], [ -154.82755, 19.47058 ], [ -154.82764, 19.47053 ], [ -154.82785, 19.47054 ], [ -154.828, 19.47044 ], [ -154.82802, 19.47039 ], [ -154.82812, 19.47032 ], [ -154.8282, 19.47029 ], [ -154.82832, 19.47032 ], [ -154.82847, 19.47033 ], [ -154.82856, 19.47036 ], [ -154.82866, 19.4705 ], [ -154.82889, 19.47057 ], [ -154.82894, 19.47063 ], [ -154.829, 19.47064 ], [ -154.82916, 19.47062 ], [ -154.82927, 19.47061 ], [ -154.82941, 19.47047 ], [ -154.82947, 19.47045 ], [ -154.82954, 19.4704 ], [ -154.82952, 19.47034 ], [ -154.82947, 19.47033 ], [ -154.82943, 19.47029 ], [ -154.82943, 19.47026 ], [ -154.82946, 19.47012 ], [ -154.82951, 19.47003 ], [ -154.82959, 19.46998 ], [ -154.82971, 19.46994 ], [ -154.82979, 19.46988 ], [ -154.82986, 19.46987 ], [ -154.82988, 19.46988 ], [ -154.82997, 19.46989 ], [ -154.83019, 19.46995 ], [ -154.83027, 19.46991 ], [ -154.83046, 19.46992 ], [ -154.83069, 19.4699 ], [ -154.83083, 19.46979 ], [ -154.83089, 19.46977 ], [ -154.83089, 19.46974 ], [ -154.83098, 19.46956 ], [ -154.83101, 19.46939 ], [ -154.83104, 19.46935 ], [ -154.83105, 19.46931 ], [ -154.8311, 19.46927 ], [ -154.83116, 19.46913 ], [ -154.83118, 19.46895 ], [ -154.83112, 19.46885 ], [ -154.83109, 19.46866 ], [ -154.83109, 19.4685 ], [ -154.83112, 19.4685 ], [ -154.83113, 19.46847 ], [ -154.83146, 19.46849 ], [ -154.83158, 19.46844 ], [ -154.83163, 19.46842 ], [ -154.83176, 19.46834 ], [ -154.83186, 19.46827 ], [ -154.83201, 19.46816 ], [ -154.83208, 19.46802 ], [ -154.83211, 19.46791 ], [ -154.8322, 19.46774 ], [ -154.83229, 19.46762 ], [ -154.83232, 19.46729 ], [ -154.83233, 19.46718 ], [ -154.83245, 19.46707 ], [ -154.83251, 19.46694 ], [ -154.83251, 19.46681 ], [ -154.83261, 19.46652 ], [ -154.83276, 19.4662 ], [ -154.83279, 19.46619 ], [ -154.83283, 19.46612 ], [ -154.83287, 19.46608 ], [ -154.83304, 19.46585 ], [ -154.83327, 19.46539 ], [ -154.83342, 19.4653 ], [ -154.83354, 19.46523 ], [ -154.83363, 19.46514 ], [ -154.8336, 19.46505 ], [ -154.83361, 19.46496 ], [ -154.83368, 19.46484 ], [ -154.83379, 19.4647 ], [ -154.83391, 19.46445 ], [ -154.83389, 19.46427 ], [ -154.83396, 19.4642 ], [ -154.83409, 19.46411 ], [ -154.8342, 19.46405 ], [ -154.83426, 19.46395 ], [ -154.83427, 19.46388 ], [ -154.83433, 19.46387 ], [ -154.8344, 19.46386 ], [ -154.83447, 19.46372 ], [ -154.83447, 19.46361 ], [ -154.83446, 19.46324 ], [ -154.83459, 19.46294 ], [ -154.83475, 19.46274 ], [ -154.83488, 19.46264 ], [ -154.83492, 19.46256 ], [ -154.8353, 19.46241 ], [ -154.83546, 19.46232 ], [ -154.83551, 19.4622 ], [ -154.83564, 19.46202 ], [ -154.83576, 19.46182 ], [ -154.83586, 19.4615 ], [ -154.83582, 19.46119 ], [ -154.83575, 19.46088 ], [ -154.83576, 19.4608 ], [ -154.8361, 19.4606 ], [ -154.83623, 19.4605 ], [ -154.83648, 19.46051 ], [ -154.83659, 19.46049 ], [ -154.83668, 19.46045 ], [ -154.83675, 19.46038 ], [ -154.83683, 19.46033 ], [ -154.83689, 19.46031 ], [ -154.83699, 19.46021 ], [ -154.83723, 19.46003 ], [ -154.83727, 19.46002 ], [ -154.83733, 19.45995 ], [ -154.83756, 19.4598 ], [ -154.83757, 19.45978 ], [ -154.83777, 19.45968 ], [ -154.83812, 19.45962 ], [ -154.83829, 19.45956 ], [ -154.83855, 19.45938 ], [ -154.83871, 19.45921 ], [ -154.83884, 19.45907 ], [ -154.83892, 19.459 ], [ -154.83923, 19.45896 ], [ -154.83978, 19.45891 ], [ -154.84, 19.45881 ], [ -154.84013, 19.45875 ], [ -154.84015, 19.45872 ], [ -154.84021, 19.45869 ], [ -154.84041, 19.45851 ], [ -154.84042, 19.45837 ], [ -154.84043, 19.45807 ], [ -154.84053, 19.45791 ], [ -154.84073, 19.45776 ], [ -154.84085, 19.45774 ], [ -154.84099, 19.45767 ], [ -154.84128, 19.45757 ], [ -154.84144, 19.45739 ], [ -154.84145, 19.45736 ], [ -154.84145, 19.45733 ], [ -154.84168, 19.4572 ], [ -154.84186, 19.45712 ], [ -154.84211, 19.45718 ], [ -154.84225, 19.45726 ], [ -154.84234, 19.45736 ], [ -154.84237, 19.45741 ], [ -154.84244, 19.45758 ], [ -154.84246, 19.45764 ], [ -154.84264, 19.45778 ], [ -154.84272, 19.45782 ], [ -154.84282, 19.45782 ], [ -154.84294, 19.45774 ], [ -154.84307, 19.45774 ], [ -154.84325, 19.45778 ], [ -154.84335, 19.45777 ], [ -154.84347, 19.45758 ], [ -154.84357, 19.45746 ], [ -154.84354, 19.45722 ], [ -154.84353, 19.45707 ], [ -154.84353, 19.45702 ], [ -154.84357, 19.45697 ], [ -154.8438, 19.45682 ], [ -154.844, 19.45663 ], [ -154.84413, 19.45644 ], [ -154.84423, 19.45616 ], [ -154.84419, 19.45585 ], [ -154.84417, 19.45564 ], [ -154.8441, 19.45542 ], [ -154.8439, 19.45527 ], [ -154.84379, 19.45519 ], [ -154.84373, 19.45506 ], [ -154.84377, 19.45502 ], [ -154.84404, 19.45502 ], [ -154.84412, 19.45497 ], [ -154.84421, 19.45481 ], [ -154.8442, 19.45469 ], [ -154.84423, 19.45468 ], [ -154.84429, 19.45469 ], [ -154.84439, 19.45463 ], [ -154.84476, 19.45474 ], [ -154.84489, 19.45472 ], [ -154.84503, 19.45466 ], [ -154.84508, 19.45463 ], [ -154.84514, 19.4546 ], [ -154.84522, 19.45439 ], [ -154.84522, 19.45427 ], [ -154.8455, 19.45399 ], [ -154.84557, 19.45393 ], [ -154.84563, 19.45385 ], [ -154.84587, 19.45363 ], [ -154.84594, 19.45349 ], [ -154.84613, 19.45337 ], [ -154.8462, 19.4533 ], [ -154.84623, 19.45325 ], [ -154.84636, 19.45315 ], [ -154.84658, 19.45287 ], [ -154.84662, 19.45279 ], [ -154.8467, 19.45269 ], [ -154.84683, 19.45244 ], [ -154.84687, 19.45208 ], [ -154.84695, 19.45188 ], [ -154.84709, 19.45168 ], [ -154.84731, 19.45153 ], [ -154.84749, 19.4515 ], [ -154.84754, 19.45145 ], [ -154.84767, 19.45119 ], [ -154.84768, 19.45113 ], [ -154.84766, 19.45105 ], [ -154.84773, 19.45076 ], [ -154.84778, 19.45056 ], [ -154.84789, 19.45042 ], [ -154.84805, 19.45031 ], [ -154.84809, 19.4502 ], [ -154.84811, 19.45001 ], [ -154.84818, 19.45 ], [ -154.84822, 19.45008 ], [ -154.84825, 19.45013 ], [ -154.8483, 19.45015 ], [ -154.84839, 19.45015 ], [ -154.84854, 19.45006 ], [ -154.84861, 19.45003 ], [ -154.84874, 19.44993 ], [ -154.84876, 19.44988 ], [ -154.84888, 19.44982 ], [ -154.8489, 19.4497 ], [ -154.84891, 19.44966 ], [ -154.84889, 19.44947 ], [ -154.8489, 19.44944 ], [ -154.84905, 19.44946 ], [ -154.84927, 19.44914 ], [ -154.84936, 19.44911 ], [ -154.84944, 19.44913 ], [ -154.84953, 19.44907 ], [ -154.84958, 19.44899 ], [ -154.84985, 19.44894 ], [ -154.84993, 19.44888 ], [ -154.84995, 19.44877 ], [ -154.85007, 19.44873 ], [ -154.8501, 19.44867 ], [ -154.85012, 19.44861 ], [ -154.85029, 19.44859 ], [ -154.8504, 19.44848 ], [ -154.85052, 19.44846 ], [ -154.85062, 19.44834 ], [ -154.8508, 19.44827 ], [ -154.85095, 19.44807 ], [ -154.8511, 19.44795 ], [ -154.85131, 19.44788 ], [ -154.85134, 19.44783 ], [ -154.85154, 19.44776 ], [ -154.85162, 19.44767 ], [ -154.85181, 19.44762 ], [ -154.85215, 19.4474 ], [ -154.85224, 19.44736 ], [ -154.85242, 19.44724 ], [ -154.85251, 19.44711 ], [ -154.85267, 19.44701 ], [ -154.85282, 19.44684 ], [ -154.85291, 19.44668 ], [ -154.85303, 19.44658 ], [ -154.85311, 19.44654 ], [ -154.8532, 19.44644 ], [ -154.85326, 19.44641 ], [ -154.85345, 19.44639 ], [ -154.85353, 19.44635 ], [ -154.85359, 19.44628 ], [ -154.8537, 19.44607 ], [ -154.85375, 19.44603 ], [ -154.85377, 19.44595 ], [ -154.85392, 19.44582 ], [ -154.85404, 19.44573 ], [ -154.85425, 19.44565 ], [ -154.85437, 19.44559 ], [ -154.85443, 19.44562 ], [ -154.85449, 19.44564 ], [ -154.85452, 19.44563 ], [ -154.85454, 19.44558 ], [ -154.85467, 19.44555 ], [ -154.85476, 19.44546 ], [ -154.85479, 19.44523 ], [ -154.85508, 19.4449 ], [ -154.8551, 19.44472 ], [ -154.85514, 19.44467 ], [ -154.85525, 19.44461 ], [ -154.85533, 19.44453 ], [ -154.85539, 19.44444 ], [ -154.85543, 19.44432 ], [ -154.85564, 19.44413 ], [ -154.85573, 19.44398 ], [ -154.85588, 19.44385 ], [ -154.85598, 19.44377 ], [ -154.85609, 19.44362 ], [ -154.85626, 19.44353 ], [ -154.85653, 19.44346 ], [ -154.85662, 19.4434 ], [ -154.85666, 19.44334 ], [ -154.85677, 19.44323 ], [ -154.85708, 19.44289 ], [ -154.85716, 19.44281 ], [ -154.85727, 19.44263 ], [ -154.85741, 19.44254 ], [ -154.85748, 19.44247 ], [ -154.85754, 19.44247 ], [ -154.85771, 19.44233 ], [ -154.85782, 19.44214 ], [ -154.85793, 19.44208 ], [ -154.85794, 19.44206 ], [ -154.85812, 19.44199 ], [ -154.8583, 19.44191 ], [ -154.85841, 19.4418 ], [ -154.85844, 19.44169 ], [ -154.85857, 19.44159 ], [ -154.85865, 19.44146 ], [ -154.85873, 19.44142 ], [ -154.85883, 19.44139 ], [ -154.85885, 19.44133 ], [ -154.85888, 19.44132 ], [ -154.85898, 19.44109 ], [ -154.8592, 19.4409 ], [ -154.8593, 19.44077 ], [ -154.85936, 19.4407 ], [ -154.85959, 19.44061 ], [ -154.85962, 19.44058 ], [ -154.8598, 19.44051 ], [ -154.85995, 19.44045 ], [ -154.86003, 19.44032 ], [ -154.86024, 19.44025 ], [ -154.86029, 19.44022 ], [ -154.86041, 19.44018 ], [ -154.86054, 19.44004 ], [ -154.86072, 19.44004 ], [ -154.86124, 19.43978 ], [ -154.86151, 19.43965 ], [ -154.86161, 19.43953 ], [ -154.86166, 19.43944 ], [ -154.86186, 19.43935 ], [ -154.86189, 19.43926 ], [ -154.86184, 19.43911 ], [ -154.86189, 19.43908 ], [ -154.86209, 19.43916 ], [ -154.86229, 19.43917 ], [ -154.8624, 19.43906 ], [ -154.8624, 19.43891 ], [ -154.86235, 19.43882 ], [ -154.86236, 19.4388 ], [ -154.86245, 19.43878 ], [ -154.8626, 19.43883 ], [ -154.86266, 19.43882 ], [ -154.86272, 19.43871 ], [ -154.86276, 19.43867 ], [ -154.86289, 19.43868 ], [ -154.86301, 19.4387 ], [ -154.86308, 19.4386 ], [ -154.86306, 19.43851 ], [ -154.863, 19.4384 ], [ -154.86304, 19.43836 ], [ -154.86313, 19.43836 ], [ -154.86316, 19.43831 ], [ -154.86308, 19.43827 ], [ -154.86306, 19.43824 ], [ -154.86316, 19.43821 ], [ -154.86322, 19.43814 ], [ -154.86333, 19.43816 ], [ -154.8635, 19.43807 ], [ -154.86352, 19.43797 ], [ -154.86352, 19.43791 ], [ -154.86359, 19.4378 ], [ -154.86361, 19.43772 ], [ -154.86367, 19.43769 ], [ -154.8638, 19.43767 ], [ -154.86391, 19.4376 ], [ -154.86393, 19.43749 ], [ -154.86393, 19.43735 ], [ -154.86395, 19.43732 ], [ -154.86411, 19.43718 ], [ -154.86419, 19.43708 ], [ -154.86425, 19.43706 ], [ -154.8643, 19.43688 ], [ -154.86429, 19.43672 ], [ -154.86439, 19.43649 ], [ -154.8645, 19.43633 ], [ -154.86458, 19.43629 ], [ -154.86479, 19.43624 ], [ -154.86485, 19.4362 ], [ -154.86489, 19.43616 ], [ -154.86504, 19.43611 ], [ -154.86507, 19.43602 ], [ -154.8651, 19.43594 ], [ -154.86524, 19.43588 ], [ -154.8653, 19.43584 ], [ -154.86541, 19.43573 ], [ -154.86559, 19.43535 ], [ -154.86564, 19.43527 ], [ -154.86573, 19.43524 ], [ -154.86596, 19.43521 ], [ -154.86615, 19.43514 ], [ -154.86631, 19.43507 ], [ -154.8664, 19.43505 ], [ -154.86642, 19.43501 ], [ -154.86666, 19.4349 ], [ -154.86681, 19.43488 ], [ -154.86698, 19.43481 ], [ -154.86725, 19.4347 ], [ -154.86736, 19.43464 ], [ -154.86741, 19.43459 ], [ -154.86754, 19.43456 ], [ -154.86767, 19.43455 ], [ -154.86782, 19.43443 ], [ -154.86789, 19.43434 ], [ -154.868, 19.43428 ], [ -154.86815, 19.43416 ], [ -154.86843, 19.43414 ], [ -154.86852, 19.43412 ], [ -154.86859, 19.43406 ], [ -154.86878, 19.43403 ], [ -154.86887, 19.43394 ], [ -154.86893, 19.43382 ], [ -154.86899, 19.43379 ], [ -154.86908, 19.43377 ], [ -154.86918, 19.4337 ], [ -154.86923, 19.43359 ], [ -154.86932, 19.43356 ], [ -154.86939, 19.4335 ], [ -154.86949, 19.43349 ], [ -154.86956, 19.43341 ], [ -154.8696, 19.43338 ], [ -154.86966, 19.43324 ], [ -154.86986, 19.43314 ], [ -154.8701, 19.43315 ], [ -154.87015, 19.43303 ], [ -154.87027, 19.433 ], [ -154.87043, 19.43301 ], [ -154.87057, 19.43308 ], [ -154.87062, 19.43305 ], [ -154.87062, 19.43297 ], [ -154.87057, 19.43289 ], [ -154.87061, 19.43275 ], [ -154.87071, 19.43263 ], [ -154.87085, 19.43256 ], [ -154.87089, 19.43253 ], [ -154.87093, 19.43261 ], [ -154.87098, 19.43278 ], [ -154.87118, 19.43287 ], [ -154.87123, 19.43302 ], [ -154.87126, 19.43302 ], [ -154.87138, 19.43303 ], [ -154.87144, 19.43301 ], [ -154.87145, 19.43298 ], [ -154.87154, 19.43297 ], [ -154.87169, 19.43294 ], [ -154.87176, 19.43288 ], [ -154.87182, 19.43278 ], [ -154.87187, 19.43258 ], [ -154.87197, 19.43255 ], [ -154.87222, 19.43255 ], [ -154.87228, 19.43255 ], [ -154.8723, 19.43251 ], [ -154.87225, 19.43241 ], [ -154.87228, 19.43236 ], [ -154.87238, 19.43244 ], [ -154.87241, 19.43243 ], [ -154.87243, 19.43229 ], [ -154.87246, 19.43227 ], [ -154.87264, 19.43244 ], [ -154.87291, 19.43242 ], [ -154.87297, 19.43244 ], [ -154.87308, 19.43253 ], [ -154.87336, 19.43252 ], [ -154.87345, 19.43248 ], [ -154.87355, 19.43243 ], [ -154.87367, 19.43232 ], [ -154.8737, 19.4322 ], [ -154.87357, 19.43213 ], [ -154.87357, 19.4321 ], [ -154.87361, 19.43188 ], [ -154.87369, 19.43179 ], [ -154.87387, 19.43165 ], [ -154.87401, 19.43165 ], [ -154.87413, 19.43155 ], [ -154.87426, 19.43156 ], [ -154.87445, 19.43142 ], [ -154.87461, 19.43142 ], [ -154.87466, 19.43136 ], [ -154.8748, 19.43136 ], [ -154.87488, 19.43125 ], [ -154.87492, 19.43122 ], [ -154.87518, 19.43124 ], [ -154.87531, 19.43115 ], [ -154.87564, 19.43085 ], [ -154.87585, 19.43061 ], [ -154.87601, 19.43052 ], [ -154.87613, 19.4304 ], [ -154.87624, 19.43021 ], [ -154.87633, 19.42994 ], [ -154.87636, 19.42971 ], [ -154.87629, 19.42938 ], [ -154.87635, 19.42928 ], [ -154.8765, 19.42921 ], [ -154.87658, 19.42896 ], [ -154.87673, 19.42876 ], [ -154.87671, 19.42865 ], [ -154.87672, 19.42863 ], [ -154.87681, 19.4286 ], [ -154.87678, 19.4285 ], [ -154.87685, 19.42827 ], [ -154.87687, 19.42825 ], [ -154.87698, 19.42829 ], [ -154.87703, 19.42826 ], [ -154.87726, 19.42833 ], [ -154.87742, 19.42819 ], [ -154.87747, 19.4281 ], [ -154.8775, 19.42798 ], [ -154.87749, 19.42793 ], [ -154.87752, 19.42782 ], [ -154.87747, 19.42775 ], [ -154.87736, 19.42766 ], [ -154.87748, 19.42731 ], [ -154.8775, 19.42721 ], [ -154.87739, 19.42711 ], [ -154.87737, 19.42703 ], [ -154.87741, 19.42695 ], [ -154.8775, 19.42694 ], [ -154.87758, 19.42682 ], [ -154.87765, 19.42662 ], [ -154.87772, 19.42658 ], [ -154.87788, 19.42654 ], [ -154.87795, 19.42645 ], [ -154.87809, 19.42637 ], [ -154.87825, 19.42633 ], [ -154.87834, 19.42612 ], [ -154.87827, 19.42597 ], [ -154.87827, 19.42594 ], [ -154.87851, 19.42573 ], [ -154.87855, 19.42562 ], [ -154.87855, 19.42558 ], [ -154.8785, 19.42547 ], [ -154.87859, 19.4254 ], [ -154.87912, 19.42545 ], [ -154.8792, 19.42547 ], [ -154.87934, 19.4256 ], [ -154.87952, 19.42563 ], [ -154.87982, 19.42562 ], [ -154.87993, 19.42557 ], [ -154.87995, 19.42542 ], [ -154.88002, 19.42527 ], [ -154.88018, 19.42524 ], [ -154.88024, 19.4252 ], [ -154.88029, 19.4251 ], [ -154.88036, 19.42509 ], [ -154.88046, 19.42512 ], [ -154.88051, 19.42516 ], [ -154.88067, 19.42513 ], [ -154.88088, 19.42524 ], [ -154.88108, 19.42521 ], [ -154.8812, 19.42512 ], [ -154.88122, 19.42507 ], [ -154.88122, 19.42494 ], [ -154.88123, 19.42492 ], [ -154.88136, 19.42491 ], [ -154.88144, 19.42498 ], [ -154.8815, 19.425 ], [ -154.88193, 19.42494 ], [ -154.88204, 19.42485 ], [ -154.88213, 19.42491 ], [ -154.88219, 19.42498 ], [ -154.8824, 19.42494 ], [ -154.88275, 19.42472 ], [ -154.88286, 19.42481 ], [ -154.88292, 19.42482 ], [ -154.8832, 19.4244 ], [ -154.88338, 19.42431 ], [ -154.88352, 19.42415 ], [ -154.88381, 19.42401 ], [ -154.88387, 19.42392 ], [ -154.88402, 19.4239 ], [ -154.88418, 19.42381 ], [ -154.88431, 19.4237 ], [ -154.88441, 19.4237 ], [ -154.88474, 19.42338 ], [ -154.88484, 19.42338 ], [ -154.885, 19.42344 ], [ -154.88508, 19.42337 ], [ -154.88522, 19.42336 ], [ -154.88531, 19.42334 ], [ -154.88546, 19.42318 ], [ -154.88569, 19.42284 ], [ -154.88588, 19.42259 ], [ -154.88606, 19.42248 ], [ -154.88612, 19.42233 ], [ -154.88622, 19.42223 ], [ -154.88629, 19.42203 ], [ -154.88633, 19.422 ], [ -154.88647, 19.42196 ], [ -154.8865, 19.42179 ], [ -154.88641, 19.42164 ], [ -154.88637, 19.42161 ], [ -154.88628, 19.42141 ], [ -154.88629, 19.42109 ], [ -154.88627, 19.42103 ], [ -154.88633, 19.42074 ], [ -154.88631, 19.4205 ], [ -154.88626, 19.42035 ], [ -154.88627, 19.42014 ], [ -154.88643, 19.42004 ], [ -154.8867, 19.41994 ], [ -154.88674, 19.41991 ], [ -154.88662, 19.41978 ], [ -154.88658, 19.4197 ], [ -154.88648, 19.41967 ], [ -154.88646, 19.41965 ], [ -154.8865, 19.41961 ], [ -154.88664, 19.41956 ], [ -154.88677, 19.41958 ], [ -154.88688, 19.41912 ], [ -154.88678, 19.41906 ], [ -154.88672, 19.41894 ], [ -154.88687, 19.41884 ], [ -154.88699, 19.41889 ], [ -154.88702, 19.41885 ], [ -154.887, 19.41873 ], [ -154.8868, 19.41871 ], [ -154.88678, 19.41868 ], [ -154.8868, 19.41864 ], [ -154.88698, 19.41865 ], [ -154.88713, 19.41852 ], [ -154.88713, 19.41846 ], [ -154.88704, 19.41847 ], [ -154.88701, 19.41846 ], [ -154.88701, 19.41832 ], [ -154.88719, 19.41821 ], [ -154.88722, 19.41808 ], [ -154.88709, 19.41804 ], [ -154.88712, 19.41794 ], [ -154.88707, 19.41782 ], [ -154.88716, 19.41785 ], [ -154.88755, 19.41811 ], [ -154.8876, 19.41811 ], [ -154.88767, 19.41806 ], [ -154.88767, 19.41797 ], [ -154.88744, 19.41774 ], [ -154.8874, 19.41765 ], [ -154.88742, 19.41764 ], [ -154.88762, 19.41767 ], [ -154.88777, 19.41781 ], [ -154.88781, 19.41779 ], [ -154.88783, 19.41768 ], [ -154.88781, 19.4176 ], [ -154.88778, 19.41756 ], [ -154.88767, 19.4175 ], [ -154.88759, 19.41742 ], [ -154.88756, 19.41736 ], [ -154.88756, 19.41733 ], [ -154.88787, 19.41734 ], [ -154.88807, 19.41712 ], [ -154.8881, 19.41708 ], [ -154.8881, 19.41694 ], [ -154.88819, 19.41685 ], [ -154.88826, 19.41682 ], [ -154.88839, 19.41688 ], [ -154.88841, 19.41686 ], [ -154.88842, 19.41676 ], [ -154.88843, 19.41675 ], [ -154.88858, 19.41683 ], [ -154.88867, 19.41679 ], [ -154.88864, 19.41667 ], [ -154.88855, 19.41657 ], [ -154.88855, 19.41654 ], [ -154.88867, 19.41651 ], [ -154.8887, 19.41646 ], [ -154.88864, 19.41642 ], [ -154.88847, 19.41645 ], [ -154.88832, 19.41639 ], [ -154.88818, 19.41625 ], [ -154.88818, 19.41622 ], [ -154.88825, 19.41617 ], [ -154.88832, 19.41604 ], [ -154.88843, 19.41597 ], [ -154.88843, 19.4158 ], [ -154.88849, 19.41577 ], [ -154.88858, 19.41577 ], [ -154.88876, 19.41589 ], [ -154.88889, 19.41591 ], [ -154.88894, 19.41591 ], [ -154.88919, 19.41558 ], [ -154.88935, 19.41557 ], [ -154.88946, 19.41538 ], [ -154.88949, 19.41529 ], [ -154.88959, 19.41524 ], [ -154.88986, 19.41518 ], [ -154.88992, 19.41511 ], [ -154.88989, 19.415 ], [ -154.89, 19.415 ], [ -154.89014, 19.41509 ], [ -154.89018, 19.41509 ], [ -154.8902, 19.41494 ], [ -154.89008, 19.41487 ], [ -154.89007, 19.41485 ], [ -154.89026, 19.41478 ], [ -154.89052, 19.4149 ], [ -154.89061, 19.4149 ], [ -154.89063, 19.41475 ], [ -154.89067, 19.41469 ], [ -154.89085, 19.41466 ], [ -154.89102, 19.41467 ], [ -154.89106, 19.41464 ], [ -154.89102, 19.41449 ], [ -154.89108, 19.41441 ], [ -154.89125, 19.41433 ], [ -154.89132, 19.41431 ], [ -154.89135, 19.41405 ], [ -154.89166, 19.41429 ], [ -154.89172, 19.41429 ], [ -154.89172, 19.41421 ], [ -154.89185, 19.41419 ], [ -154.89182, 19.41406 ], [ -154.89197, 19.41404 ], [ -154.89206, 19.41407 ], [ -154.89214, 19.41417 ], [ -154.89239, 19.41418 ], [ -154.89251, 19.41426 ], [ -154.89267, 19.41428 ], [ -154.89275, 19.41418 ], [ -154.89286, 19.41418 ], [ -154.89294, 19.41405 ], [ -154.89306, 19.41409 ], [ -154.89319, 19.41402 ], [ -154.89318, 19.41383 ], [ -154.89334, 19.41382 ], [ -154.89359, 19.41371 ], [ -154.89366, 19.41363 ], [ -154.89388, 19.41354 ], [ -154.89408, 19.41354 ], [ -154.89421, 19.41345 ], [ -154.89455, 19.41333 ], [ -154.89474, 19.41331 ], [ -154.89483, 19.4132 ], [ -154.8949, 19.41321 ], [ -154.89505, 19.41332 ], [ -154.89514, 19.41333 ], [ -154.89564, 19.41319 ], [ -154.89581, 19.41316 ], [ -154.89594, 19.41305 ], [ -154.89616, 19.41278 ], [ -154.89626, 19.4127 ], [ -154.8964, 19.41266 ], [ -154.89653, 19.41245 ], [ -154.89652, 19.41242 ], [ -154.89643, 19.41238 ], [ -154.89618, 19.4122 ], [ -154.89618, 19.41214 ], [ -154.89622, 19.41209 ], [ -154.89631, 19.41206 ], [ -154.89644, 19.41206 ], [ -154.89654, 19.41197 ], [ -154.89676, 19.41178 ], [ -154.89678, 19.41169 ], [ -154.89691, 19.41166 ], [ -154.89704, 19.41154 ], [ -154.89713, 19.41152 ], [ -154.89723, 19.41144 ], [ -154.89735, 19.41143 ], [ -154.89733, 19.41125 ], [ -154.8974, 19.41121 ], [ -154.89753, 19.41128 ], [ -154.89769, 19.41123 ], [ -154.89774, 19.41123 ], [ -154.89782, 19.41128 ], [ -154.89799, 19.41118 ], [ -154.89813, 19.41107 ], [ -154.8982, 19.41108 ], [ -154.89829, 19.41105 ], [ -154.89841, 19.41098 ], [ -154.89846, 19.41091 ], [ -154.89854, 19.41091 ], [ -154.89875, 19.41062 ], [ -154.89905, 19.41052 ], [ -154.89909, 19.41047 ], [ -154.89909, 19.41042 ], [ -154.89903, 19.41033 ], [ -154.89918, 19.41014 ], [ -154.89929, 19.41019 ], [ -154.89937, 19.41009 ], [ -154.89934, 19.40992 ], [ -154.8994, 19.40991 ], [ -154.89953, 19.41003 ], [ -154.89966, 19.41001 ], [ -154.89986, 19.41004 ], [ -154.89992, 19.41009 ], [ -154.89997, 19.41025 ], [ -154.90008, 19.41028 ], [ -154.90023, 19.41024 ], [ -154.90028, 19.41022 ], [ -154.90031, 19.41008 ], [ -154.90036, 19.41003 ], [ -154.90055, 19.40999 ], [ -154.90065, 19.40988 ], [ -154.90067, 19.40979 ], [ -154.9008, 19.40972 ], [ -154.90095, 19.4097 ], [ -154.901, 19.40962 ], [ -154.90109, 19.4096 ], [ -154.90119, 19.4095 ], [ -154.90131, 19.4095 ], [ -154.90152, 19.40945 ], [ -154.90162, 19.40942 ], [ -154.90179, 19.4093 ], [ -154.90188, 19.4092 ], [ -154.90197, 19.40925 ], [ -154.90211, 19.40923 ], [ -154.90213, 19.40918 ], [ -154.90227, 19.40909 ], [ -154.90236, 19.4091 ], [ -154.90246, 19.40905 ], [ -154.90252, 19.40908 ], [ -154.90258, 19.40913 ], [ -154.90267, 19.40911 ], [ -154.90272, 19.40904 ], [ -154.9028, 19.40902 ], [ -154.90287, 19.40904 ], [ -154.90293, 19.40909 ], [ -154.90316, 19.40911 ], [ -154.90321, 19.40913 ], [ -154.90325, 19.4092 ], [ -154.90348, 19.40914 ], [ -154.90382, 19.40908 ], [ -154.90403, 19.40886 ], [ -154.90432, 19.40876 ], [ -154.90437, 19.40866 ], [ -154.90448, 19.40859 ], [ -154.90447, 19.40834 ], [ -154.9045, 19.40831 ], [ -154.90475, 19.40828 ], [ -154.90496, 19.40818 ], [ -154.905, 19.40807 ], [ -154.90516, 19.40801 ], [ -154.9053, 19.4078 ], [ -154.90543, 19.40781 ], [ -154.90551, 19.40771 ], [ -154.90575, 19.40761 ], [ -154.90598, 19.40761 ], [ -154.90605, 19.40757 ], [ -154.90611, 19.40756 ], [ -154.90616, 19.4076 ], [ -154.90626, 19.40753 ], [ -154.90658, 19.40742 ], [ -154.90655, 19.40734 ], [ -154.90657, 19.40729 ], [ -154.90662, 19.40729 ], [ -154.90676, 19.40737 ], [ -154.90686, 19.40739 ], [ -154.90708, 19.4073 ], [ -154.90723, 19.40732 ], [ -154.90728, 19.4073 ], [ -154.90753, 19.40713 ], [ -154.90769, 19.40712 ], [ -154.90773, 19.40709 ], [ -154.90778, 19.40696 ], [ -154.90796, 19.40681 ], [ -154.90807, 19.40677 ], [ -154.90818, 19.40667 ], [ -154.90829, 19.40663 ], [ -154.90833, 19.40653 ], [ -154.90831, 19.40647 ], [ -154.90832, 19.4064 ], [ -154.90838, 19.40639 ], [ -154.90846, 19.40629 ], [ -154.9086, 19.40628 ], [ -154.9087, 19.40623 ], [ -154.90876, 19.40616 ], [ -154.90878, 19.40605 ], [ -154.90889, 19.40611 ], [ -154.90895, 19.4061 ], [ -154.90906, 19.40605 ], [ -154.90913, 19.40595 ], [ -154.90911, 19.40583 ], [ -154.90912, 19.40575 ], [ -154.90923, 19.40568 ], [ -154.90936, 19.40572 ], [ -154.90943, 19.40572 ], [ -154.90963, 19.40563 ], [ -154.90971, 19.40565 ], [ -154.90986, 19.40557 ], [ -154.90999, 19.40554 ], [ -154.91006, 19.40538 ], [ -154.91032, 19.40536 ], [ -154.91043, 19.40518 ], [ -154.91053, 19.40516 ], [ -154.91086, 19.40498 ], [ -154.91098, 19.40494 ], [ -154.91111, 19.4048 ], [ -154.91134, 19.4047 ], [ -154.91162, 19.40455 ], [ -154.91175, 19.40453 ], [ -154.91212, 19.40427 ], [ -154.91216, 19.40403 ], [ -154.91239, 19.40386 ], [ -154.91248, 19.4039 ], [ -154.91259, 19.40381 ], [ -154.91276, 19.40379 ], [ -154.91302, 19.40369 ], [ -154.91312, 19.40361 ], [ -154.91327, 19.4036 ], [ -154.91373, 19.4033 ], [ -154.91382, 19.40315 ], [ -154.91425, 19.40286 ], [ -154.91432, 19.40277 ], [ -154.91442, 19.4027 ], [ -154.91445, 19.40255 ], [ -154.91458, 19.40241 ], [ -154.91467, 19.40233 ], [ -154.91524, 19.40194 ], [ -154.91533, 19.40184 ], [ -154.91535, 19.40157 ], [ -154.91565, 19.40126 ], [ -154.91578, 19.40113 ], [ -154.91605, 19.40103 ], [ -154.91616, 19.40092 ], [ -154.91624, 19.40081 ], [ -154.91655, 19.40065 ], [ -154.91664, 19.40063 ], [ -154.91674, 19.40045 ], [ -154.91675, 19.40039 ], [ -154.9168, 19.40034 ], [ -154.91679, 19.40021 ], [ -154.91695, 19.40021 ], [ -154.91706, 19.40006 ], [ -154.91731, 19.39986 ], [ -154.91729, 19.39978 ], [ -154.91739, 19.39974 ], [ -154.91737, 19.39966 ], [ -154.91749, 19.39956 ], [ -154.91751, 19.39941 ], [ -154.91745, 19.39933 ], [ -154.91743, 19.39921 ], [ -154.91746, 19.39915 ], [ -154.91759, 19.3991 ], [ -154.91768, 19.39899 ], [ -154.91781, 19.39901 ], [ -154.91788, 19.39885 ], [ -154.91797, 19.39882 ], [ -154.918, 19.39879 ], [ -154.91797, 19.39869 ], [ -154.91803, 19.39865 ], [ -154.91818, 19.39869 ], [ -154.91824, 19.39868 ], [ -154.91827, 19.3986 ], [ -154.91821, 19.39851 ], [ -154.91821, 19.39842 ], [ -154.91834, 19.39847 ], [ -154.91838, 19.39845 ], [ -154.91834, 19.39831 ], [ -154.91839, 19.39829 ], [ -154.91849, 19.39838 ], [ -154.91862, 19.39836 ], [ -154.91875, 19.3985 ], [ -154.91882, 19.39843 ], [ -154.91882, 19.39833 ], [ -154.91891, 19.39832 ], [ -154.91912, 19.39808 ], [ -154.91927, 19.39794 ], [ -154.91932, 19.39787 ], [ -154.91937, 19.39784 ], [ -154.91947, 19.39786 ], [ -154.91956, 19.39787 ], [ -154.91981, 19.3978 ], [ -154.91991, 19.3978 ], [ -154.92023, 19.3979 ], [ -154.92051, 19.39775 ], [ -154.9207, 19.39764 ], [ -154.92076, 19.39763 ], [ -154.92091, 19.39749 ], [ -154.921, 19.39752 ], [ -154.92125, 19.39736 ], [ -154.9214, 19.39731 ], [ -154.92157, 19.39719 ], [ -154.92158, 19.39716 ], [ -154.9216, 19.3969 ], [ -154.92162, 19.39685 ], [ -154.92167, 19.39682 ], [ -154.92175, 19.39688 ], [ -154.92187, 19.39678 ], [ -154.92186, 19.39673 ], [ -154.92178, 19.3966 ], [ -154.92178, 19.39656 ], [ -154.92183, 19.39654 ], [ -154.92197, 19.3966 ], [ -154.92221, 19.39651 ], [ -154.92225, 19.39646 ], [ -154.92241, 19.39643 ], [ -154.92265, 19.39625 ], [ -154.92301, 19.39603 ], [ -154.92302, 19.396 ], [ -154.92295, 19.3959 ], [ -154.92303, 19.39578 ], [ -154.92323, 19.39583 ], [ -154.92331, 19.39582 ], [ -154.92342, 19.39576 ], [ -154.92348, 19.39571 ], [ -154.92355, 19.39558 ], [ -154.92361, 19.39555 ], [ -154.92361, 19.39548 ], [ -154.92364, 19.39546 ], [ -154.92372, 19.39552 ], [ -154.92379, 19.39549 ], [ -154.92391, 19.39549 ], [ -154.92406, 19.39538 ], [ -154.92421, 19.39523 ], [ -154.92429, 19.39523 ], [ -154.92454, 19.39507 ], [ -154.92458, 19.39501 ], [ -154.9246, 19.39491 ], [ -154.92471, 19.39491 ], [ -154.92474, 19.39486 ], [ -154.92501, 19.39487 ], [ -154.92524, 19.39504 ], [ -154.92534, 19.39509 ], [ -154.92551, 19.39501 ], [ -154.92588, 19.39482 ], [ -154.92603, 19.39476 ], [ -154.92608, 19.3947 ], [ -154.92609, 19.39458 ], [ -154.92623, 19.39458 ], [ -154.92655, 19.39466 ], [ -154.92678, 19.39457 ], [ -154.92685, 19.39467 ], [ -154.92696, 19.39473 ], [ -154.92697, 19.3948 ], [ -154.92689, 19.39489 ], [ -154.92688, 19.39495 ], [ -154.9269, 19.39503 ], [ -154.92722, 19.39517 ], [ -154.92742, 19.39519 ], [ -154.92774, 19.39517 ], [ -154.92799, 19.39509 ], [ -154.9281, 19.39499 ], [ -154.92825, 19.39498 ], [ -154.92858, 19.39484 ], [ -154.92892, 19.39459 ], [ -154.92895, 19.39454 ], [ -154.92894, 19.39444 ], [ -154.92959, 19.39389 ], [ -154.9299, 19.39344 ], [ -154.93006, 19.39326 ], [ -154.93009, 19.3932 ], [ -154.93011, 19.39298 ], [ -154.93014, 19.39292 ], [ -154.93037, 19.39266 ], [ -154.9304, 19.39264 ], [ -154.9304, 19.39249 ], [ -154.93054, 19.39222 ], [ -154.93051, 19.39217 ], [ -154.93057, 19.39207 ], [ -154.93058, 19.39202 ], [ -154.93053, 19.39194 ], [ -154.93061, 19.39181 ], [ -154.9307, 19.39177 ], [ -154.93073, 19.39173 ], [ -154.93072, 19.39149 ], [ -154.93066, 19.39139 ], [ -154.93071, 19.3913 ], [ -154.93068, 19.39122 ], [ -154.93057, 19.39112 ], [ -154.93065, 19.39092 ], [ -154.93083, 19.3908 ], [ -154.93085, 19.39076 ], [ -154.93094, 19.3907 ], [ -154.93103, 19.39057 ], [ -154.93115, 19.3903 ], [ -154.93124, 19.39001 ], [ -154.9313, 19.38998 ], [ -154.93148, 19.38992 ], [ -154.93154, 19.38975 ], [ -154.93156, 19.38958 ], [ -154.93154, 19.38933 ], [ -154.93156, 19.38918 ], [ -154.9317, 19.38892 ], [ -154.93181, 19.38878 ], [ -154.93183, 19.38863 ], [ -154.93185, 19.38858 ], [ -154.93196, 19.38843 ], [ -154.93194, 19.38807 ], [ -154.93196, 19.388 ], [ -154.93213, 19.38778 ], [ -154.93225, 19.38757 ], [ -154.93234, 19.38751 ], [ -154.93253, 19.38744 ], [ -154.93267, 19.38736 ], [ -154.93267, 19.38723 ], [ -154.93274, 19.38715 ], [ -154.93281, 19.38695 ], [ -154.93279, 19.38681 ], [ -154.9329, 19.38661 ], [ -154.93291, 19.38648 ], [ -154.93296, 19.38643 ], [ -154.93299, 19.38634 ], [ -154.93304, 19.38629 ], [ -154.93316, 19.38623 ], [ -154.93319, 19.38615 ], [ -154.93319, 19.38608 ], [ -154.93332, 19.38602 ], [ -154.93339, 19.38587 ], [ -154.93359, 19.3856 ], [ -154.93357, 19.38551 ], [ -154.9337, 19.38532 ], [ -154.93386, 19.38526 ], [ -154.93382, 19.38517 ], [ -154.93384, 19.385 ], [ -154.9338, 19.38484 ], [ -154.93394, 19.38473 ], [ -154.93392, 19.38457 ], [ -154.93386, 19.38448 ], [ -154.93385, 19.38441 ], [ -154.93391, 19.38429 ], [ -154.93403, 19.38419 ], [ -154.93407, 19.3841 ], [ -154.9341, 19.38399 ], [ -154.93416, 19.38394 ], [ -154.93422, 19.38385 ], [ -154.93423, 19.38373 ], [ -154.9343, 19.38369 ], [ -154.93441, 19.38351 ], [ -154.93456, 19.38348 ], [ -154.93469, 19.38336 ], [ -154.93484, 19.38345 ], [ -154.93493, 19.38335 ], [ -154.93532, 19.38316 ], [ -154.93539, 19.3831 ], [ -154.9354, 19.38304 ], [ -154.93568, 19.38286 ], [ -154.93589, 19.38279 ], [ -154.93605, 19.38263 ], [ -154.93611, 19.38253 ], [ -154.93618, 19.3825 ], [ -154.93626, 19.38249 ], [ -154.93633, 19.38237 ], [ -154.9364, 19.38238 ], [ -154.93654, 19.38223 ], [ -154.9367, 19.38221 ], [ -154.93676, 19.38216 ], [ -154.93679, 19.38209 ], [ -154.93686, 19.38208 ], [ -154.93697, 19.38207 ], [ -154.93697, 19.38194 ], [ -154.93709, 19.38183 ], [ -154.93722, 19.38188 ], [ -154.93727, 19.38187 ], [ -154.93735, 19.38172 ], [ -154.93751, 19.38166 ], [ -154.93758, 19.38168 ], [ -154.93776, 19.38154 ], [ -154.93804, 19.38141 ], [ -154.93847, 19.38116 ], [ -154.93856, 19.38116 ], [ -154.93862, 19.38109 ], [ -154.9388, 19.38099 ], [ -154.93887, 19.38088 ], [ -154.93889, 19.38078 ], [ -154.93893, 19.3807 ], [ -154.93907, 19.38064 ], [ -154.93946, 19.38061 ], [ -154.93952, 19.38056 ], [ -154.93958, 19.38044 ], [ -154.93969, 19.38036 ], [ -154.93976, 19.38028 ], [ -154.93977, 19.38021 ], [ -154.93983, 19.38017 ], [ -154.93982, 19.37994 ], [ -154.93988, 19.37989 ], [ -154.94013, 19.37988 ], [ -154.94044, 19.37957 ], [ -154.94062, 19.37945 ], [ -154.94069, 19.37928 ], [ -154.94081, 19.37921 ], [ -154.94097, 19.37916 ], [ -154.94105, 19.37906 ], [ -154.94106, 19.37893 ], [ -154.94147, 19.37872 ], [ -154.94152, 19.37867 ], [ -154.94149, 19.37853 ], [ -154.94157, 19.37852 ], [ -154.94176, 19.37834 ], [ -154.94192, 19.37833 ], [ -154.94226, 19.37813 ], [ -154.94234, 19.37794 ], [ -154.94248, 19.37782 ], [ -154.94251, 19.37764 ], [ -154.94269, 19.37737 ], [ -154.94278, 19.3773 ], [ -154.94287, 19.37716 ], [ -154.9429, 19.37702 ], [ -154.94316, 19.37697 ], [ -154.94358, 19.37673 ], [ -154.94373, 19.37661 ], [ -154.94386, 19.37656 ], [ -154.94411, 19.37635 ], [ -154.94438, 19.37624 ], [ -154.9452, 19.37533 ], [ -154.94534, 19.37514 ], [ -154.9454, 19.37511 ], [ -154.94549, 19.37511 ], [ -154.94566, 19.37506 ], [ -154.9458, 19.37503 ], [ -154.94628, 19.37473 ], [ -154.94634, 19.37463 ], [ -154.94655, 19.3745 ], [ -154.94661, 19.37446 ], [ -154.94684, 19.37426 ], [ -154.94715, 19.37402 ], [ -154.94735, 19.37395 ], [ -154.94769, 19.37389 ], [ -154.9479, 19.37375 ], [ -154.94804, 19.37352 ], [ -154.9481, 19.37345 ], [ -154.9483, 19.37334 ], [ -154.94859, 19.37301 ], [ -154.94867, 19.37282 ], [ -154.94877, 19.37277 ], [ -154.94884, 19.37272 ], [ -154.94889, 19.37263 ], [ -154.94906, 19.37254 ], [ -154.94919, 19.37236 ], [ -154.94944, 19.37219 ], [ -154.94971, 19.37199 ], [ -154.94988, 19.3719 ], [ -154.94999, 19.37185 ], [ -154.95016, 19.37178 ], [ -154.95022, 19.37173 ], [ -154.95027, 19.37166 ], [ -154.95035, 19.37159 ], [ -154.95054, 19.37154 ], [ -154.95061, 19.37148 ], [ -154.95067, 19.37143 ], [ -154.95076, 19.37131 ], [ -154.95089, 19.37117 ], [ -154.951, 19.37109 ], [ -154.95107, 19.37099 ], [ -154.95122, 19.37088 ], [ -154.95136, 19.37076 ], [ -154.95153, 19.37059 ], [ -154.95177, 19.37037 ], [ -154.9518, 19.37024 ], [ -154.95184, 19.37019 ], [ -154.95193, 19.37014 ], [ -154.95207, 19.37008 ], [ -154.95224, 19.37002 ], [ -154.95238, 19.36992 ], [ -154.95244, 19.36983 ], [ -154.95268, 19.36972 ], [ -154.95274, 19.36963 ], [ -154.95285, 19.36951 ], [ -154.95296, 19.36941 ], [ -154.95306, 19.36927 ], [ -154.95313, 19.36919 ], [ -154.95341, 19.36907 ], [ -154.95354, 19.36902 ], [ -154.9537, 19.36905 ], [ -154.95383, 19.36898 ], [ -154.95408, 19.36892 ], [ -154.95427, 19.36886 ], [ -154.95447, 19.36881 ], [ -154.9547, 19.3687 ], [ -154.95485, 19.36854 ], [ -154.95511, 19.36835 ], [ -154.95521, 19.36825 ], [ -154.95522, 19.36813 ], [ -154.95534, 19.36811 ], [ -154.95537, 19.36805 ], [ -154.95542, 19.36799 ], [ -154.95546, 19.36795 ], [ -154.9556, 19.36783 ], [ -154.9557, 19.36772 ], [ -154.95573, 19.36756 ], [ -154.95582, 19.36754 ], [ -154.95591, 19.36761 ], [ -154.95596, 19.36758 ], [ -154.9561, 19.36745 ], [ -154.9562, 19.36743 ], [ -154.95619, 19.36738 ], [ -154.9561, 19.36731 ], [ -154.95604, 19.36728 ], [ -154.95609, 19.36715 ], [ -154.95613, 19.36711 ], [ -154.95618, 19.36714 ], [ -154.95622, 19.3671 ], [ -154.95631, 19.36711 ], [ -154.9563, 19.36702 ], [ -154.95632, 19.367 ], [ -154.9564, 19.36701 ], [ -154.95646, 19.3669 ], [ -154.9566, 19.36691 ], [ -154.95661, 19.36682 ], [ -154.95661, 19.36678 ], [ -154.95669, 19.36669 ], [ -154.95679, 19.3667 ], [ -154.95682, 19.36664 ], [ -154.95683, 19.36645 ], [ -154.95696, 19.36618 ], [ -154.957, 19.36602 ], [ -154.95703, 19.36596 ], [ -154.95706, 19.36586 ], [ -154.95735, 19.36581 ], [ -154.95747, 19.36591 ], [ -154.95751, 19.36593 ], [ -154.95763, 19.36592 ], [ -154.95776, 19.36584 ], [ -154.95783, 19.36583 ], [ -154.95787, 19.36585 ], [ -154.95795, 19.36579 ], [ -154.95798, 19.3657 ], [ -154.95809, 19.36564 ], [ -154.95813, 19.36555 ], [ -154.95819, 19.36552 ], [ -154.95831, 19.36551 ], [ -154.95852, 19.36537 ], [ -154.95875, 19.36536 ], [ -154.95888, 19.3653 ], [ -154.959, 19.36522 ], [ -154.95906, 19.36518 ], [ -154.95923, 19.36513 ], [ -154.9593, 19.36505 ], [ -154.95937, 19.3649 ], [ -154.9597, 19.36445 ], [ -154.95973, 19.36439 ], [ -154.95981, 19.36431 ], [ -154.9598, 19.36428 ], [ -154.9599, 19.36414 ], [ -154.96006, 19.364 ], [ -154.96006, 19.36388 ], [ -154.96009, 19.36377 ], [ -154.96006, 19.36371 ], [ -154.96007, 19.36366 ], [ -154.96011, 19.36368 ], [ -154.96015, 19.36366 ], [ -154.96029, 19.36366 ], [ -154.96033, 19.36348 ], [ -154.96058, 19.36326 ], [ -154.96066, 19.36318 ], [ -154.96085, 19.36306 ], [ -154.96102, 19.36289 ], [ -154.96109, 19.36278 ], [ -154.96129, 19.36273 ], [ -154.96154, 19.36273 ], [ -154.96168, 19.36268 ], [ -154.96178, 19.36261 ], [ -154.96217, 19.36257 ], [ -154.96227, 19.36255 ], [ -154.96244, 19.36262 ], [ -154.96283, 19.36261 ], [ -154.96314, 19.36254 ], [ -154.96351, 19.36253 ], [ -154.96361, 19.3625 ], [ -154.96369, 19.36243 ], [ -154.96377, 19.36236 ], [ -154.96384, 19.36232 ], [ -154.96409, 19.3623 ], [ -154.96442, 19.36214 ], [ -154.96474, 19.36209 ], [ -154.96488, 19.36205 ], [ -154.96511, 19.36206 ], [ -154.96531, 19.36205 ], [ -154.96544, 19.36208 ], [ -154.96568, 19.36218 ], [ -154.96583, 19.36217 ], [ -154.9659, 19.36213 ], [ -154.9661, 19.3622 ], [ -154.96625, 19.36217 ], [ -154.96639, 19.36216 ], [ -154.96646, 19.36218 ], [ -154.96669, 19.36215 ], [ -154.96685, 19.36214 ], [ -154.96705, 19.36225 ], [ -154.96714, 19.36227 ], [ -154.96722, 19.36227 ], [ -154.96771, 19.36214 ], [ -154.9679, 19.36212 ], [ -154.96798, 19.3621 ], [ -154.96803, 19.36197 ], [ -154.96842, 19.36179 ], [ -154.96862, 19.36163 ], [ -154.96868, 19.36149 ], [ -154.96905, 19.36128 ], [ -154.9692, 19.36118 ], [ -154.96953, 19.36088 ], [ -154.96984, 19.36052 ], [ -154.9699, 19.36042 ], [ -154.97008, 19.35976 ], [ -154.97005, 19.35969 ], [ -154.96991, 19.3595 ], [ -154.96987, 19.35945 ], [ -154.96979, 19.3593 ], [ -154.96967, 19.35918 ], [ -154.96962, 19.35916 ], [ -154.96958, 19.35908 ], [ -154.96958, 19.35904 ], [ -154.96945, 19.35893 ], [ -154.96938, 19.3587 ], [ -154.96926, 19.35862 ], [ -154.96922, 19.35853 ], [ -154.96921, 19.35843 ], [ -154.96924, 19.35832 ], [ -154.96943, 19.358 ], [ -154.96951, 19.35797 ], [ -154.96959, 19.35797 ], [ -154.96972, 19.35789 ], [ -154.96986, 19.35765 ], [ -154.96987, 19.3573 ], [ -154.9699, 19.35725 ], [ -154.97016, 19.35709 ], [ -154.9702, 19.35705 ], [ -154.97022, 19.35697 ], [ -154.97021, 19.35692 ], [ -154.97024, 19.35681 ], [ -154.97031, 19.35675 ], [ -154.9706, 19.35663 ], [ -154.97095, 19.35659 ], [ -154.97108, 19.35647 ], [ -154.97115, 19.35642 ], [ -154.97123, 19.35632 ], [ -154.97144, 19.35627 ], [ -154.97155, 19.35621 ], [ -154.97162, 19.35627 ], [ -154.97174, 19.35623 ], [ -154.97179, 19.35618 ], [ -154.97171, 19.35606 ], [ -154.97173, 19.35604 ], [ -154.97177, 19.35603 ], [ -154.97186, 19.35612 ], [ -154.9719, 19.35611 ], [ -154.97213, 19.35597 ], [ -154.97226, 19.35582 ], [ -154.97229, 19.35568 ], [ -154.97231, 19.35555 ], [ -154.97233, 19.35551 ], [ -154.97249, 19.35532 ], [ -154.97257, 19.3552 ], [ -154.9727, 19.35511 ], [ -154.97286, 19.35486 ], [ -154.97294, 19.35468 ], [ -154.97303, 19.35455 ], [ -154.97311, 19.35451 ], [ -154.97333, 19.35446 ], [ -154.97343, 19.35439 ], [ -154.97348, 19.35422 ], [ -154.97361, 19.35393 ], [ -154.97378, 19.35359 ], [ -154.97385, 19.35336 ], [ -154.97387, 19.35317 ], [ -154.97391, 19.35307 ], [ -154.97394, 19.35287 ], [ -154.97401, 19.35279 ], [ -154.97402, 19.35263 ], [ -154.97398, 19.35248 ], [ -154.97399, 19.3523 ], [ -154.97401, 19.35224 ], [ -154.97394, 19.35196 ], [ -154.97388, 19.35189 ], [ -154.97377, 19.35186 ], [ -154.97373, 19.3518 ], [ -154.97375, 19.35162 ], [ -154.97382, 19.35148 ], [ -154.97391, 19.35133 ], [ -154.97419, 19.3512 ], [ -154.97427, 19.35114 ], [ -154.97438, 19.35109 ], [ -154.97462, 19.35092 ], [ -154.97478, 19.35087 ], [ -154.97489, 19.35073 ], [ -154.97503, 19.35062 ], [ -154.97501, 19.35058 ], [ -154.97487, 19.35067 ], [ -154.97473, 19.35069 ], [ -154.97455, 19.35078 ], [ -154.97455, 19.35064 ], [ -154.97459, 19.35055 ], [ -154.97459, 19.35045 ], [ -154.97479, 19.35033 ], [ -154.97494, 19.35025 ], [ -154.97503, 19.35011 ], [ -154.97519, 19.34973 ], [ -154.97522, 19.34957 ], [ -154.97522, 19.34946 ], [ -154.97516, 19.34935 ], [ -154.97499, 19.34921 ], [ -154.97494, 19.34908 ], [ -154.97485, 19.349 ], [ -154.97495, 19.34884 ], [ -154.97506, 19.34879 ], [ -154.97512, 19.34871 ], [ -154.97516, 19.34862 ], [ -154.97525, 19.34854 ], [ -154.97529, 19.34854 ], [ -154.97535, 19.34845 ], [ -154.97561, 19.34827 ], [ -154.97574, 19.34811 ], [ -154.97595, 19.34793 ], [ -154.97615, 19.34781 ], [ -154.97638, 19.34755 ], [ -154.97652, 19.3474 ], [ -154.97668, 19.34731 ], [ -154.97695, 19.34709 ], [ -154.97732, 19.34695 ], [ -154.97746, 19.34688 ], [ -154.97792, 19.34639 ], [ -154.97797, 19.34636 ], [ -154.97804, 19.34635 ], [ -154.97825, 19.34619 ], [ -154.97852, 19.34609 ], [ -154.97858, 19.34608 ], [ -154.97881, 19.34594 ], [ -154.97909, 19.34583 ], [ -154.9792, 19.34582 ], [ -154.9793, 19.34583 ], [ -154.97961, 19.34575 ], [ -154.97989, 19.3456 ], [ -154.98022, 19.34559 ], [ -154.98042, 19.34556 ], [ -154.98059, 19.34545 ], [ -154.98069, 19.34529 ], [ -154.98078, 19.34524 ], [ -154.98086, 19.3451 ], [ -154.981, 19.34506 ], [ -154.98136, 19.34494 ], [ -154.98184, 19.34478 ], [ -154.9822, 19.34464 ], [ -154.98246, 19.34462 ], [ -154.9826, 19.3446 ], [ -154.98284, 19.34454 ], [ -154.98316, 19.3445 ], [ -154.9831, 19.34419 ], [ -154.98311, 19.34416 ], [ -154.98316, 19.34417 ], [ -154.98319, 19.34421 ], [ -154.98326, 19.34443 ], [ -154.98331, 19.34448 ], [ -154.98345, 19.34447 ], [ -154.98354, 19.34444 ], [ -154.98358, 19.34445 ], [ -154.98366, 19.34439 ], [ -154.98385, 19.34433 ], [ -154.98394, 19.34431 ], [ -154.98396, 19.34429 ], [ -154.98398, 19.34423 ], [ -154.98403, 19.34423 ], [ -154.98413, 19.34434 ], [ -154.98432, 19.34429 ], [ -154.98442, 19.34423 ], [ -154.98439, 19.34416 ], [ -154.98437, 19.34411 ], [ -154.98441, 19.34401 ], [ -154.98449, 19.34403 ], [ -154.98453, 19.34408 ], [ -154.98462, 19.34412 ], [ -154.98466, 19.34409 ], [ -154.98472, 19.34396 ], [ -154.98483, 19.34393 ], [ -154.98488, 19.34392 ], [ -154.98514, 19.34378 ], [ -154.98522, 19.34376 ], [ -154.98535, 19.3438 ], [ -154.98564, 19.34378 ], [ -154.98568, 19.34376 ], [ -154.98572, 19.3437 ], [ -154.98578, 19.34369 ], [ -154.98583, 19.34375 ], [ -154.98597, 19.34379 ], [ -154.98606, 19.34386 ], [ -154.98612, 19.34385 ], [ -154.98626, 19.34372 ], [ -154.98633, 19.3436 ], [ -154.98632, 19.34345 ], [ -154.9863, 19.34337 ], [ -154.98637, 19.34328 ], [ -154.98648, 19.34326 ], [ -154.98662, 19.34318 ], [ -154.98677, 19.34299 ], [ -154.98673, 19.34279 ], [ -154.98678, 19.34273 ], [ -154.98682, 19.3426 ], [ -154.98689, 19.34259 ], [ -154.98694, 19.34251 ], [ -154.98695, 19.3424 ], [ -154.98704, 19.34232 ], [ -154.98742, 19.34214 ], [ -154.98756, 19.34191 ], [ -154.98774, 19.34175 ], [ -154.98787, 19.34169 ], [ -154.98801, 19.34167 ], [ -154.9883, 19.34154 ], [ -154.98847, 19.34151 ], [ -154.98879, 19.34127 ], [ -154.98892, 19.34126 ], [ -154.98903, 19.34127 ], [ -154.98909, 19.34124 ], [ -154.98929, 19.34106 ], [ -154.98949, 19.3409 ], [ -154.98995, 19.34066 ], [ -154.99018, 19.34059 ], [ -154.99028, 19.34054 ], [ -154.99087, 19.34043 ], [ -154.99107, 19.34029 ], [ -154.99131, 19.34028 ], [ -154.99143, 19.34025 ], [ -154.99152, 19.34017 ], [ -154.99153, 19.34013 ], [ -154.99165, 19.34006 ], [ -154.99175, 19.34006 ], [ -154.9919, 19.33999 ], [ -154.99194, 19.34 ], [ -154.99202, 19.34008 ], [ -154.9921, 19.34013 ], [ -154.99222, 19.34025 ], [ -154.99229, 19.34023 ], [ -154.99243, 19.34009 ], [ -154.9924, 19.33999 ], [ -154.99245, 19.33987 ], [ -154.99259, 19.33982 ], [ -154.99275, 19.33984 ], [ -154.99282, 19.33995 ], [ -154.99291, 19.34016 ], [ -154.993, 19.34019 ], [ -154.99318, 19.34013 ], [ -154.99327, 19.34006 ], [ -154.99329, 19.34 ], [ -154.99323, 19.33984 ], [ -154.99333, 19.33985 ], [ -154.99336, 19.33983 ], [ -154.99338, 19.3398 ], [ -154.99335, 19.33976 ], [ -154.99337, 19.33971 ], [ -154.99355, 19.33974 ], [ -154.99359, 19.33974 ], [ -154.99366, 19.33967 ], [ -154.9937, 19.33967 ], [ -154.99377, 19.33969 ], [ -154.9938, 19.33967 ], [ -154.99377, 19.33956 ], [ -154.99374, 19.33945 ], [ -154.99382, 19.33941 ], [ -154.99389, 19.3394 ], [ -154.99399, 19.33942 ], [ -154.99406, 19.33946 ], [ -154.99414, 19.33956 ], [ -154.99418, 19.33956 ], [ -154.99421, 19.33947 ], [ -154.99419, 19.33938 ], [ -154.9941, 19.33932 ], [ -154.99408, 19.3393 ], [ -154.99411, 19.33924 ], [ -154.99417, 19.33923 ], [ -154.99439, 19.3393 ], [ -154.99446, 19.33931 ], [ -154.99454, 19.33916 ], [ -154.99469, 19.33912 ], [ -154.99471, 19.33909 ], [ -154.99472, 19.33903 ], [ -154.99484, 19.33899 ], [ -154.99494, 19.33888 ], [ -154.99509, 19.3388 ], [ -154.99515, 19.3387 ], [ -154.99519, 19.33865 ], [ -154.9954, 19.33859 ], [ -154.99547, 19.33853 ], [ -154.99549, 19.33848 ], [ -154.99556, 19.33845 ], [ -154.9956, 19.33848 ], [ -154.99601, 19.33842 ], [ -154.99625, 19.33832 ], [ -154.99657, 19.33831 ], [ -154.99665, 19.33829 ], [ -154.99688, 19.33815 ], [ -154.99696, 19.33814 ], [ -154.99718, 19.33817 ], [ -154.99721, 19.33815 ], [ -154.99731, 19.33809 ], [ -154.99742, 19.33808 ], [ -154.99749, 19.33814 ], [ -154.99772, 19.3381 ], [ -154.99777, 19.3381 ], [ -154.99787, 19.33821 ], [ -154.99796, 19.33818 ], [ -154.99802, 19.33813 ], [ -154.99808, 19.33798 ], [ -154.99822, 19.3379 ], [ -154.99839, 19.33785 ], [ -154.99859, 19.33782 ], [ -154.99894, 19.3378 ], [ -154.99904, 19.33776 ], [ -154.99921, 19.33763 ], [ -154.99925, 19.33763 ], [ -154.99931, 19.33766 ], [ -154.99938, 19.33757 ], [ -154.99952, 19.33748 ], [ -154.99955, 19.33743 ], [ -154.99935, 19.337 ], [ -154.99932, 19.33685 ], [ -154.99934, 19.33683 ], [ -154.99937, 19.33681 ], [ -154.99945, 19.33687 ], [ -154.99951, 19.33695 ], [ -154.99953, 19.33709 ], [ -154.9996, 19.33726 ], [ -154.99973, 19.33733 ], [ -154.99979, 19.33743 ], [ -154.99985, 19.33744 ], [ -155.00001, 19.33737 ], [ -155.00009, 19.33717 ], [ -155.00033, 19.33709 ], [ -155.0006, 19.33708 ], [ -155.00064, 19.33706 ], [ -155.00053, 19.33684 ], [ -155.00055, 19.33679 ], [ -155.00069, 19.33673 ], [ -155.00081, 19.33675 ], [ -155.00086, 19.33679 ], [ -155.00089, 19.33687 ], [ -155.00092, 19.33689 ], [ -155.00096, 19.33689 ], [ -155.0012, 19.33653 ], [ -155.00123, 19.33649 ], [ -155.00129, 19.33647 ], [ -155.00136, 19.33649 ], [ -155.00151, 19.33641 ], [ -155.00162, 19.3363 ], [ -155.00169, 19.33628 ], [ -155.00184, 19.3363 ], [ -155.00196, 19.33637 ], [ -155.00212, 19.33641 ], [ -155.0023, 19.33639 ], [ -155.00241, 19.3363 ], [ -155.00242, 19.33615 ], [ -155.00242, 19.33612 ], [ -155.00247, 19.33612 ], [ -155.00252, 19.33614 ], [ -155.00264, 19.33607 ], [ -155.00282, 19.3361 ], [ -155.00294, 19.33599 ], [ -155.00301, 19.33597 ], [ -155.00304, 19.33595 ], [ -155.00304, 19.33585 ], [ -155.00309, 19.3358 ], [ -155.00319, 19.33581 ], [ -155.00334, 19.33589 ], [ -155.00343, 19.33566 ], [ -155.00344, 19.33554 ], [ -155.00352, 19.33551 ], [ -155.00364, 19.33552 ], [ -155.00389, 19.33541 ], [ -155.00391, 19.33537 ], [ -155.00386, 19.33524 ], [ -155.00394, 19.33518 ], [ -155.00406, 19.33514 ], [ -155.00417, 19.33508 ], [ -155.0043, 19.33507 ], [ -155.00436, 19.33499 ], [ -155.00439, 19.33492 ], [ -155.00448, 19.33488 ], [ -155.00455, 19.33482 ], [ -155.00474, 19.3348 ], [ -155.0048, 19.33483 ], [ -155.00497, 19.33481 ], [ -155.00505, 19.33481 ], [ -155.0051, 19.33478 ], [ -155.0052, 19.33476 ], [ -155.00532, 19.33486 ], [ -155.00547, 19.33485 ], [ -155.00561, 19.3348 ], [ -155.00576, 19.3348 ], [ -155.00592, 19.33472 ], [ -155.00601, 19.3347 ], [ -155.0061, 19.33462 ], [ -155.00621, 19.3346 ], [ -155.00625, 19.33462 ], [ -155.00628, 19.33467 ], [ -155.00626, 19.33475 ], [ -155.0063, 19.33476 ], [ -155.00651, 19.33463 ], [ -155.00661, 19.33469 ], [ -155.0068, 19.33451 ], [ -155.00691, 19.33448 ], [ -155.00695, 19.33451 ], [ -155.00716, 19.33443 ], [ -155.00728, 19.33439 ], [ -155.00733, 19.33426 ], [ -155.00738, 19.33426 ], [ -155.00745, 19.33418 ], [ -155.00746, 19.33404 ], [ -155.00757, 19.33407 ], [ -155.00773, 19.33398 ], [ -155.00788, 19.33397 ], [ -155.00798, 19.33403 ], [ -155.00802, 19.33407 ], [ -155.00818, 19.33413 ], [ -155.00853, 19.33407 ], [ -155.00865, 19.3341 ], [ -155.00869, 19.33407 ], [ -155.00872, 19.3341 ], [ -155.00891, 19.33416 ], [ -155.0093, 19.33415 ], [ -155.00947, 19.33396 ], [ -155.0098, 19.33393 ], [ -155.00989, 19.33396 ], [ -155.01012, 19.33391 ], [ -155.01019, 19.33392 ], [ -155.0103, 19.33398 ], [ -155.0105, 19.33396 ], [ -155.01054, 19.334 ], [ -155.01082, 19.33384 ], [ -155.011, 19.33382 ], [ -155.01104, 19.3338 ], [ -155.01118, 19.33357 ], [ -155.01133, 19.33354 ], [ -155.01153, 19.33362 ], [ -155.01177, 19.33355 ], [ -155.0119, 19.33352 ], [ -155.01208, 19.3334 ], [ -155.01216, 19.33345 ], [ -155.01219, 19.33344 ], [ -155.01224, 19.33333 ], [ -155.01227, 19.33325 ], [ -155.01222, 19.33311 ], [ -155.01223, 19.33308 ], [ -155.01255, 19.33303 ], [ -155.01259, 19.33305 ], [ -155.01265, 19.33315 ], [ -155.01273, 19.33314 ], [ -155.01278, 19.33311 ], [ -155.01288, 19.33313 ], [ -155.01306, 19.3331 ], [ -155.01325, 19.33318 ], [ -155.01334, 19.33319 ], [ -155.01339, 19.33325 ], [ -155.01357, 19.33328 ], [ -155.01382, 19.33327 ], [ -155.01408, 19.33319 ], [ -155.01416, 19.33315 ], [ -155.01428, 19.33301 ], [ -155.01438, 19.33285 ], [ -155.01444, 19.33281 ], [ -155.01458, 19.3328 ], [ -155.01471, 19.33269 ], [ -155.01485, 19.33254 ], [ -155.01501, 19.33225 ], [ -155.01514, 19.33211 ], [ -155.01517, 19.33205 ], [ -155.01523, 19.33201 ], [ -155.01533, 19.332 ], [ -155.01538, 19.33204 ], [ -155.01541, 19.3321 ], [ -155.01539, 19.33225 ], [ -155.01542, 19.33229 ], [ -155.01547, 19.33225 ], [ -155.01559, 19.33205 ], [ -155.01569, 19.33202 ], [ -155.01579, 19.33184 ], [ -155.01577, 19.33175 ], [ -155.0157, 19.33174 ], [ -155.01543, 19.33189 ], [ -155.01538, 19.3319 ], [ -155.0153, 19.33185 ], [ -155.01527, 19.33167 ], [ -155.01521, 19.33158 ], [ -155.01522, 19.33153 ], [ -155.01528, 19.33142 ], [ -155.0155, 19.33058 ], [ -155.01556, 19.33046 ], [ -155.01563, 19.32997 ], [ -155.01562, 19.32987 ], [ -155.0156, 19.32985 ], [ -155.01549, 19.32982 ], [ -155.01547, 19.32979 ], [ -155.01547, 19.32968 ], [ -155.01543, 19.32963 ], [ -155.01558, 19.32959 ], [ -155.01567, 19.32947 ], [ -155.01573, 19.32947 ], [ -155.01578, 19.32943 ], [ -155.01579, 19.32941 ], [ -155.01593, 19.32935 ], [ -155.01599, 19.32932 ], [ -155.01605, 19.32913 ], [ -155.01616, 19.32911 ], [ -155.01621, 19.32913 ], [ -155.0163, 19.32912 ], [ -155.01642, 19.32903 ], [ -155.01644, 19.32894 ], [ -155.01647, 19.32891 ], [ -155.01668, 19.32884 ], [ -155.01689, 19.32863 ], [ -155.017, 19.32869 ], [ -155.0171, 19.32863 ], [ -155.01721, 19.32865 ], [ -155.01725, 19.32864 ], [ -155.01727, 19.3286 ], [ -155.01736, 19.32857 ], [ -155.01751, 19.32866 ], [ -155.01759, 19.32864 ], [ -155.01771, 19.32855 ], [ -155.0178, 19.32853 ], [ -155.01808, 19.32841 ], [ -155.01827, 19.32839 ], [ -155.01834, 19.32834 ], [ -155.0185, 19.32837 ], [ -155.01852, 19.32835 ], [ -155.01853, 19.32828 ], [ -155.01859, 19.32825 ], [ -155.01863, 19.32827 ], [ -155.01866, 19.32823 ], [ -155.01866, 19.32813 ], [ -155.01868, 19.32811 ], [ -155.01888, 19.3281 ], [ -155.01915, 19.32803 ], [ -155.01937, 19.32803 ], [ -155.01954, 19.32806 ], [ -155.01962, 19.32803 ], [ -155.01966, 19.32804 ], [ -155.0197, 19.32808 ], [ -155.01969, 19.3281 ], [ -155.0197, 19.32812 ], [ -155.01976, 19.32811 ], [ -155.01993, 19.32802 ], [ -155.01998, 19.32802 ], [ -155.02003, 19.32806 ], [ -155.02006, 19.32805 ], [ -155.02017, 19.32791 ], [ -155.0203, 19.328 ], [ -155.02055, 19.32792 ], [ -155.02067, 19.32792 ], [ -155.02079, 19.32798 ], [ -155.02085, 19.32798 ], [ -155.02102, 19.32794 ], [ -155.02105, 19.32783 ], [ -155.02111, 19.32782 ], [ -155.02116, 19.32783 ], [ -155.02129, 19.32772 ], [ -155.02151, 19.32771 ], [ -155.02154, 19.32769 ], [ -155.02163, 19.32754 ], [ -155.02173, 19.32752 ], [ -155.02172, 19.3275 ], [ -155.02179, 19.3275 ], [ -155.02182, 19.32752 ], [ -155.02187, 19.32729 ], [ -155.02192, 19.32729 ], [ -155.022, 19.32732 ], [ -155.02217, 19.32732 ], [ -155.02222, 19.32735 ], [ -155.02229, 19.32736 ], [ -155.02243, 19.32728 ], [ -155.02249, 19.3272 ], [ -155.02252, 19.32713 ], [ -155.02273, 19.32702 ], [ -155.02283, 19.32699 ], [ -155.0229, 19.32698 ], [ -155.02302, 19.32687 ], [ -155.02316, 19.32684 ], [ -155.02328, 19.32668 ], [ -155.02334, 19.32668 ], [ -155.02351, 19.32651 ], [ -155.02362, 19.32648 ], [ -155.02362, 19.32651 ], [ -155.02371, 19.32654 ], [ -155.02382, 19.32654 ], [ -155.024, 19.32675 ], [ -155.02411, 19.3268 ], [ -155.02419, 19.32675 ], [ -155.02425, 19.32678 ], [ -155.02452, 19.3266 ], [ -155.02459, 19.32653 ], [ -155.02473, 19.3265 ], [ -155.02471, 19.32653 ], [ -155.02479, 19.32659 ], [ -155.02486, 19.32658 ], [ -155.02495, 19.32638 ], [ -155.02503, 19.32638 ], [ -155.02506, 19.32635 ], [ -155.02505, 19.32632 ], [ -155.02512, 19.32621 ], [ -155.0252, 19.3262 ], [ -155.02529, 19.32627 ], [ -155.02532, 19.32625 ], [ -155.02541, 19.32604 ], [ -155.02552, 19.32601 ], [ -155.02554, 19.32593 ], [ -155.02564, 19.32588 ], [ -155.02582, 19.32587 ], [ -155.02609, 19.32575 ], [ -155.02614, 19.32571 ], [ -155.02618, 19.32558 ], [ -155.02617, 19.32555 ], [ -155.02619, 19.32552 ], [ -155.02638, 19.32555 ], [ -155.02656, 19.32553 ], [ -155.0266, 19.3255 ], [ -155.02657, 19.32539 ], [ -155.02671, 19.32523 ], [ -155.02674, 19.32511 ], [ -155.02679, 19.32513 ], [ -155.02685, 19.32509 ], [ -155.02697, 19.32488 ], [ -155.02696, 19.32477 ], [ -155.027, 19.32475 ], [ -155.02714, 19.3248 ], [ -155.02721, 19.32475 ], [ -155.02735, 19.32463 ], [ -155.02742, 19.32459 ], [ -155.02746, 19.32459 ], [ -155.02758, 19.32447 ], [ -155.02766, 19.32444 ], [ -155.02767, 19.32434 ], [ -155.02772, 19.32429 ], [ -155.0279, 19.32431 ], [ -155.02816, 19.3242 ], [ -155.02827, 19.32412 ], [ -155.02857, 19.32407 ], [ -155.02868, 19.3241 ], [ -155.02875, 19.32407 ], [ -155.02878, 19.324 ], [ -155.02885, 19.32397 ], [ -155.02906, 19.32399 ], [ -155.02928, 19.32389 ], [ -155.02942, 19.3239 ], [ -155.02954, 19.32382 ], [ -155.02975, 19.3238 ], [ -155.02979, 19.32378 ], [ -155.0299, 19.3238 ], [ -155.02995, 19.32383 ], [ -155.03, 19.32365 ], [ -155.02998, 19.32362 ], [ -155.03006, 19.32356 ], [ -155.03011, 19.3235 ], [ -155.03016, 19.32349 ], [ -155.03021, 19.32355 ], [ -155.03024, 19.32363 ], [ -155.03037, 19.32369 ], [ -155.03065, 19.32362 ], [ -155.03071, 19.32358 ], [ -155.03083, 19.32358 ], [ -155.03096, 19.32353 ], [ -155.03102, 19.32356 ], [ -155.03109, 19.32356 ], [ -155.0312, 19.32352 ], [ -155.03124, 19.32351 ], [ -155.03139, 19.32338 ], [ -155.03155, 19.32332 ], [ -155.03171, 19.32333 ], [ -155.03179, 19.32334 ], [ -155.03187, 19.32331 ], [ -155.03198, 19.3233 ], [ -155.03207, 19.32327 ], [ -155.03244, 19.32325 ], [ -155.03262, 19.32327 ], [ -155.03289, 19.32321 ], [ -155.03305, 19.32314 ], [ -155.0334, 19.32308 ], [ -155.03353, 19.32302 ], [ -155.03364, 19.32302 ], [ -155.03386, 19.32306 ], [ -155.03399, 19.32296 ], [ -155.03407, 19.32289 ], [ -155.03418, 19.3229 ], [ -155.0343, 19.32282 ], [ -155.03439, 19.32273 ], [ -155.03454, 19.32271 ], [ -155.03483, 19.32279 ], [ -155.0351, 19.3228 ], [ -155.03522, 19.32279 ], [ -155.0354, 19.32272 ], [ -155.03558, 19.3227 ], [ -155.0359, 19.32261 ], [ -155.03605, 19.32251 ], [ -155.0361, 19.32243 ], [ -155.03618, 19.32235 ], [ -155.0363, 19.3223 ], [ -155.03645, 19.3222 ], [ -155.03654, 19.32205 ], [ -155.0366, 19.322 ], [ -155.03675, 19.32194 ], [ -155.03683, 19.32194 ], [ -155.0369, 19.32192 ], [ -155.03705, 19.32183 ], [ -155.03734, 19.32185 ], [ -155.03743, 19.32182 ], [ -155.03772, 19.32162 ], [ -155.0378, 19.3216 ], [ -155.03805, 19.32161 ], [ -155.03826, 19.32154 ], [ -155.03834, 19.32154 ], [ -155.0385, 19.32147 ], [ -155.0386, 19.32147 ], [ -155.03867, 19.32145 ], [ -155.03868, 19.32138 ], [ -155.03874, 19.32131 ], [ -155.03897, 19.32131 ], [ -155.03913, 19.32124 ], [ -155.0393, 19.32112 ], [ -155.03944, 19.32109 ], [ -155.03947, 19.32113 ], [ -155.03957, 19.3211 ], [ -155.03979, 19.32089 ], [ -155.03989, 19.32084 ], [ -155.04007, 19.32075 ], [ -155.04009, 19.32068 ], [ -155.04011, 19.32059 ], [ -155.04022, 19.32056 ], [ -155.04045, 19.32054 ], [ -155.0405, 19.32053 ], [ -155.04054, 19.32047 ], [ -155.0406, 19.32046 ], [ -155.04074, 19.32045 ], [ -155.04113, 19.32029 ], [ -155.04176, 19.31999 ], [ -155.04197, 19.31992 ], [ -155.04239, 19.31965 ], [ -155.04274, 19.31935 ], [ -155.04282, 19.31922 ], [ -155.04296, 19.31913 ], [ -155.04304, 19.31909 ], [ -155.0431, 19.3191 ], [ -155.04342, 19.31886 ], [ -155.04364, 19.31889 ], [ -155.04382, 19.31885 ], [ -155.04389, 19.31887 ], [ -155.0441, 19.31866 ], [ -155.04433, 19.3185 ], [ -155.04437, 19.31846 ], [ -155.0445, 19.31841 ], [ -155.04455, 19.31836 ], [ -155.04459, 19.31835 ], [ -155.04469, 19.31836 ], [ -155.04488, 19.31822 ], [ -155.04506, 19.31816 ], [ -155.04524, 19.31817 ], [ -155.04538, 19.31809 ], [ -155.04552, 19.31808 ], [ -155.04556, 19.31804 ], [ -155.04567, 19.31802 ], [ -155.04583, 19.31801 ], [ -155.04595, 19.31792 ], [ -155.04618, 19.3178 ], [ -155.04633, 19.31777 ], [ -155.04662, 19.31788 ], [ -155.04667, 19.31786 ], [ -155.04684, 19.31787 ], [ -155.04701, 19.31782 ], [ -155.04708, 19.31792 ], [ -155.04713, 19.31795 ], [ -155.04732, 19.31791 ], [ -155.04744, 19.31797 ], [ -155.04751, 19.31797 ], [ -155.0476, 19.31794 ], [ -155.04767, 19.31798 ], [ -155.04773, 19.31794 ], [ -155.04781, 19.31784 ], [ -155.04807, 19.31774 ], [ -155.04822, 19.31766 ], [ -155.04828, 19.31765 ], [ -155.04834, 19.31769 ], [ -155.0484, 19.31769 ], [ -155.04857, 19.31758 ], [ -155.04872, 19.31757 ], [ -155.04895, 19.31746 ], [ -155.04907, 19.31747 ], [ -155.04915, 19.31752 ], [ -155.04925, 19.31754 ], [ -155.04931, 19.31754 ], [ -155.04947, 19.3174 ], [ -155.04963, 19.31743 ], [ -155.04974, 19.31737 ], [ -155.04998, 19.31734 ], [ -155.05013, 19.3172 ], [ -155.05021, 19.31715 ], [ -155.05029, 19.31712 ], [ -155.0506, 19.31711 ], [ -155.05074, 19.317 ], [ -155.05086, 19.31699 ], [ -155.05094, 19.31707 ], [ -155.05107, 19.31706 ], [ -155.05111, 19.31707 ], [ -155.05117, 19.31714 ], [ -155.05147, 19.31712 ], [ -155.05162, 19.31725 ], [ -155.05185, 19.31728 ], [ -155.05207, 19.31732 ], [ -155.05237, 19.3174 ], [ -155.05253, 19.31741 ], [ -155.05263, 19.3175 ], [ -155.05281, 19.31754 ], [ -155.05309, 19.31754 ], [ -155.05325, 19.31759 ], [ -155.05329, 19.31764 ], [ -155.05337, 19.31767 ], [ -155.05365, 19.31771 ], [ -155.05373, 19.31768 ], [ -155.05378, 19.31755 ], [ -155.05386, 19.31751 ], [ -155.05389, 19.31752 ], [ -155.05391, 19.3176 ], [ -155.05399, 19.31768 ], [ -155.05405, 19.31772 ], [ -155.05412, 19.31773 ], [ -155.05416, 19.3177 ], [ -155.05421, 19.31759 ], [ -155.05428, 19.31756 ], [ -155.05444, 19.31757 ], [ -155.05447, 19.31755 ], [ -155.05453, 19.31743 ], [ -155.05478, 19.31728 ], [ -155.05485, 19.31723 ], [ -155.05486, 19.31719 ], [ -155.05509, 19.3171 ], [ -155.05514, 19.31709 ], [ -155.05518, 19.31704 ], [ -155.05523, 19.31691 ], [ -155.05532, 19.31686 ], [ -155.05536, 19.31686 ], [ -155.05541, 19.3169 ], [ -155.05549, 19.31703 ], [ -155.05554, 19.31706 ], [ -155.0556, 19.31706 ], [ -155.05564, 19.31701 ], [ -155.05567, 19.31691 ], [ -155.05566, 19.31688 ], [ -155.05582, 19.31684 ], [ -155.05584, 19.3168 ], [ -155.05583, 19.31673 ], [ -155.05585, 19.31669 ], [ -155.05589, 19.31666 ], [ -155.05601, 19.31664 ], [ -155.0561, 19.3166 ], [ -155.05613, 19.31648 ], [ -155.05623, 19.31638 ], [ -155.05632, 19.31631 ], [ -155.05638, 19.31619 ], [ -155.05643, 19.31613 ], [ -155.05653, 19.31612 ], [ -155.0566, 19.31612 ], [ -155.05666, 19.31599 ], [ -155.05669, 19.31587 ], [ -155.05674, 19.31583 ], [ -155.05679, 19.31561 ], [ -155.05694, 19.31555 ], [ -155.05702, 19.31554 ], [ -155.05714, 19.31543 ], [ -155.05726, 19.31527 ], [ -155.05733, 19.3152 ], [ -155.05756, 19.31515 ], [ -155.0577, 19.31503 ], [ -155.0578, 19.31504 ], [ -155.05782, 19.31502 ], [ -155.05774, 19.31488 ], [ -155.05775, 19.31481 ], [ -155.05784, 19.31483 ], [ -155.05808, 19.31479 ], [ -155.05812, 19.31475 ], [ -155.05811, 19.31467 ], [ -155.05821, 19.31457 ], [ -155.05815, 19.31448 ], [ -155.05815, 19.31445 ], [ -155.05823, 19.31439 ], [ -155.05826, 19.31433 ], [ -155.05825, 19.31421 ], [ -155.05827, 19.31418 ], [ -155.05838, 19.31418 ], [ -155.05842, 19.31414 ], [ -155.05849, 19.31396 ], [ -155.05847, 19.31383 ], [ -155.05851, 19.31378 ], [ -155.05859, 19.31357 ], [ -155.05866, 19.31354 ], [ -155.05873, 19.31355 ], [ -155.05882, 19.31359 ], [ -155.0589, 19.31355 ], [ -155.05907, 19.31354 ], [ -155.05919, 19.31359 ], [ -155.05934, 19.3135 ], [ -155.05944, 19.31348 ], [ -155.05952, 19.31353 ], [ -155.05959, 19.31349 ], [ -155.05971, 19.3135 ], [ -155.05983, 19.31345 ], [ -155.05985, 19.31335 ], [ -155.05992, 19.3133 ], [ -155.06003, 19.31326 ], [ -155.06007, 19.31315 ], [ -155.06018, 19.31309 ], [ -155.06025, 19.31315 ], [ -155.06039, 19.31317 ], [ -155.06044, 19.31311 ], [ -155.06049, 19.31313 ], [ -155.06065, 19.31324 ], [ -155.06084, 19.31324 ], [ -155.06094, 19.3133 ], [ -155.06124, 19.31323 ], [ -155.06138, 19.3132 ], [ -155.06163, 19.31319 ], [ -155.06172, 19.31314 ], [ -155.06174, 19.31308 ], [ -155.06177, 19.31303 ], [ -155.06182, 19.31303 ], [ -155.06207, 19.3132 ], [ -155.06221, 19.31325 ], [ -155.06242, 19.31314 ], [ -155.06247, 19.31314 ], [ -155.0625, 19.31317 ], [ -155.06253, 19.31333 ], [ -155.06257, 19.31336 ], [ -155.06275, 19.31333 ], [ -155.06286, 19.3133 ], [ -155.06291, 19.31322 ], [ -155.063, 19.31301 ], [ -155.06305, 19.31298 ], [ -155.06318, 19.31301 ], [ -155.06323, 19.31299 ], [ -155.0633, 19.313 ], [ -155.0634, 19.31311 ], [ -155.06356, 19.31312 ], [ -155.06357, 19.31304 ], [ -155.0636, 19.313 ], [ -155.06365, 19.31299 ], [ -155.06372, 19.31301 ], [ -155.06376, 19.31305 ], [ -155.06381, 19.31307 ], [ -155.06396, 19.31306 ], [ -155.064, 19.31299 ], [ -155.06413, 19.31298 ], [ -155.0643, 19.313 ], [ -155.06445, 19.31306 ], [ -155.06453, 19.31304 ], [ -155.06459, 19.31299 ], [ -155.06463, 19.31282 ], [ -155.06468, 19.3128 ], [ -155.06473, 19.31281 ], [ -155.06487, 19.31297 ], [ -155.06492, 19.313 ], [ -155.06496, 19.31307 ], [ -155.06501, 19.31308 ], [ -155.06506, 19.31305 ], [ -155.06511, 19.31298 ], [ -155.06515, 19.31295 ], [ -155.06529, 19.31304 ], [ -155.06545, 19.31299 ], [ -155.06562, 19.31304 ], [ -155.06583, 19.31298 ], [ -155.06599, 19.31309 ], [ -155.06615, 19.31308 ], [ -155.06626, 19.31304 ], [ -155.06634, 19.3131 ], [ -155.0664, 19.31321 ], [ -155.06644, 19.31321 ], [ -155.06649, 19.31315 ], [ -155.06664, 19.31295 ], [ -155.06667, 19.31293 ], [ -155.06673, 19.31291 ], [ -155.06682, 19.31296 ], [ -155.06712, 19.31299 ], [ -155.06718, 19.31301 ], [ -155.06732, 19.313 ], [ -155.06734, 19.31303 ], [ -155.06757, 19.31306 ], [ -155.06771, 19.31304 ], [ -155.06779, 19.31309 ], [ -155.06799, 19.31307 ], [ -155.06807, 19.31303 ], [ -155.0682, 19.31294 ], [ -155.06826, 19.31296 ], [ -155.06859, 19.31286 ], [ -155.06881, 19.31286 ], [ -155.06888, 19.31283 ], [ -155.06893, 19.31277 ], [ -155.06892, 19.31269 ], [ -155.06904, 19.31261 ], [ -155.06909, 19.31255 ], [ -155.06914, 19.31252 ], [ -155.06918, 19.31255 ], [ -155.0692, 19.31259 ], [ -155.06925, 19.31263 ], [ -155.06931, 19.31261 ], [ -155.0695, 19.31251 ], [ -155.06957, 19.31249 ], [ -155.06966, 19.31251 ], [ -155.06973, 19.3125 ], [ -155.06994, 19.31228 ], [ -155.07014, 19.31223 ], [ -155.07031, 19.31214 ], [ -155.07041, 19.31206 ], [ -155.0706, 19.31206 ], [ -155.07066, 19.31203 ], [ -155.07084, 19.31202 ], [ -155.071, 19.3119 ], [ -155.07114, 19.31192 ], [ -155.07123, 19.31191 ], [ -155.07164, 19.31167 ], [ -155.0717, 19.31159 ], [ -155.07179, 19.31159 ], [ -155.07186, 19.31156 ], [ -155.072, 19.31146 ], [ -155.0721, 19.31134 ], [ -155.07217, 19.3113 ], [ -155.07219, 19.31112 ], [ -155.07234, 19.31097 ], [ -155.07243, 19.3108 ], [ -155.0725, 19.31066 ], [ -155.07261, 19.31065 ], [ -155.07265, 19.31061 ], [ -155.07269, 19.31049 ], [ -155.07273, 19.31039 ], [ -155.07276, 19.3102 ], [ -155.07288, 19.31022 ], [ -155.07295, 19.3102 ], [ -155.07314, 19.30986 ], [ -155.07325, 19.3097 ], [ -155.07343, 19.30959 ], [ -155.07352, 19.30952 ], [ -155.07357, 19.30944 ], [ -155.07382, 19.30925 ], [ -155.07388, 19.30905 ], [ -155.07392, 19.30902 ], [ -155.074, 19.30899 ], [ -155.07407, 19.30893 ], [ -155.07406, 19.30887 ], [ -155.07409, 19.30883 ], [ -155.07415, 19.30886 ], [ -155.07423, 19.30878 ], [ -155.07428, 19.30877 ], [ -155.07434, 19.30878 ], [ -155.07462, 19.3085 ], [ -155.07499, 19.30825 ], [ -155.07515, 19.30809 ], [ -155.07522, 19.30806 ], [ -155.07528, 19.30796 ], [ -155.07535, 19.30791 ], [ -155.07557, 19.30786 ], [ -155.07561, 19.30783 ], [ -155.07566, 19.30776 ], [ -155.07573, 19.30769 ], [ -155.07605, 19.30757 ], [ -155.07611, 19.30744 ], [ -155.07615, 19.30741 ], [ -155.07629, 19.30735 ], [ -155.07648, 19.30726 ], [ -155.07658, 19.30728 ], [ -155.07674, 19.30721 ], [ -155.07689, 19.30719 ], [ -155.07695, 19.30715 ], [ -155.07699, 19.3071 ], [ -155.07703, 19.30695 ], [ -155.07715, 19.3069 ], [ -155.0774, 19.30683 ], [ -155.07753, 19.30679 ], [ -155.078, 19.30672 ], [ -155.07817, 19.30674 ], [ -155.07824, 19.3067 ], [ -155.07835, 19.30654 ], [ -155.0784, 19.30651 ], [ -155.0785, 19.3065 ], [ -155.0786, 19.30646 ], [ -155.07864, 19.30635 ], [ -155.07876, 19.3063 ], [ -155.0788, 19.30626 ], [ -155.0791, 19.30624 ], [ -155.07931, 19.30617 ], [ -155.0794, 19.30612 ], [ -155.07955, 19.30595 ], [ -155.07961, 19.30586 ], [ -155.07968, 19.30564 ], [ -155.07987, 19.3056 ], [ -155.07999, 19.30552 ], [ -155.08003, 19.30547 ], [ -155.08006, 19.30539 ], [ -155.08015, 19.30534 ], [ -155.08018, 19.3053 ], [ -155.08018, 19.30512 ], [ -155.08026, 19.30506 ], [ -155.08042, 19.30505 ], [ -155.0806, 19.30494 ], [ -155.08084, 19.3046 ], [ -155.08086, 19.30447 ], [ -155.08086, 19.30425 ], [ -155.08096, 19.30416 ], [ -155.08101, 19.30417 ], [ -155.08105, 19.30413 ], [ -155.08107, 19.30403 ], [ -155.08109, 19.30401 ], [ -155.08122, 19.30402 ], [ -155.08131, 19.30395 ], [ -155.0815, 19.30378 ], [ -155.08159, 19.30352 ], [ -155.0816, 19.30345 ], [ -155.08167, 19.30339 ], [ -155.0818, 19.30335 ], [ -155.08187, 19.30328 ], [ -155.08195, 19.30315 ], [ -155.08207, 19.30308 ], [ -155.0821, 19.30301 ], [ -155.08207, 19.30295 ], [ -155.08222, 19.30287 ], [ -155.08222, 19.30283 ], [ -155.08218, 19.30278 ], [ -155.08219, 19.30272 ], [ -155.0823, 19.30267 ], [ -155.08234, 19.30258 ], [ -155.08241, 19.30258 ], [ -155.08251, 19.30252 ], [ -155.08249, 19.30246 ], [ -155.08257, 19.30239 ], [ -155.0827, 19.30237 ], [ -155.08283, 19.30228 ], [ -155.08288, 19.30211 ], [ -155.08297, 19.30202 ], [ -155.08319, 19.30193 ], [ -155.08324, 19.30181 ], [ -155.08328, 19.30178 ], [ -155.08331, 19.30178 ], [ -155.08337, 19.3017 ], [ -155.08334, 19.30163 ], [ -155.08337, 19.30151 ], [ -155.08343, 19.30151 ], [ -155.08356, 19.30139 ], [ -155.0836, 19.3013 ], [ -155.08369, 19.3013 ], [ -155.08374, 19.30133 ], [ -155.08387, 19.30125 ], [ -155.084, 19.30124 ], [ -155.08416, 19.30126 ], [ -155.0843, 19.30119 ], [ -155.0844, 19.30108 ], [ -155.08442, 19.30098 ], [ -155.08442, 19.30093 ], [ -155.08447, 19.30092 ], [ -155.08459, 19.30082 ], [ -155.08485, 19.3007 ], [ -155.08483, 19.30059 ], [ -155.08492, 19.30057 ], [ -155.08497, 19.30054 ], [ -155.085, 19.30037 ], [ -155.08507, 19.30031 ], [ -155.08515, 19.30033 ], [ -155.08543, 19.30028 ], [ -155.08557, 19.30024 ], [ -155.08561, 19.30019 ], [ -155.08561, 19.30011 ], [ -155.08559, 19.30004 ], [ -155.08563, 19.29997 ], [ -155.08576, 19.29985 ], [ -155.08598, 19.29981 ], [ -155.08602, 19.29978 ], [ -155.08608, 19.29967 ], [ -155.08615, 19.29963 ], [ -155.08628, 19.29962 ], [ -155.08633, 19.29962 ], [ -155.08642, 19.29952 ], [ -155.08644, 19.29945 ], [ -155.08643, 19.29934 ], [ -155.08654, 19.29923 ], [ -155.08679, 19.29911 ], [ -155.08683, 19.29904 ], [ -155.08712, 19.29882 ], [ -155.0872, 19.29874 ], [ -155.0873, 19.29872 ], [ -155.08731, 19.29869 ], [ -155.08744, 19.29869 ], [ -155.08758, 19.29856 ], [ -155.08764, 19.29847 ], [ -155.08767, 19.2984 ], [ -155.08766, 19.29831 ], [ -155.08771, 19.29822 ], [ -155.08772, 19.29817 ], [ -155.0879, 19.29794 ], [ -155.08799, 19.29791 ], [ -155.08803, 19.29786 ], [ -155.08817, 19.29777 ], [ -155.08837, 19.29772 ], [ -155.08844, 19.29765 ], [ -155.08852, 19.29763 ], [ -155.0887, 19.29766 ], [ -155.08885, 19.29763 ], [ -155.08894, 19.29768 ], [ -155.08937, 19.29759 ], [ -155.08955, 19.29753 ], [ -155.08961, 19.29754 ], [ -155.08973, 19.29762 ], [ -155.0901, 19.29765 ], [ -155.09015, 19.29761 ], [ -155.09019, 19.29755 ], [ -155.09029, 19.29753 ], [ -155.09048, 19.29754 ], [ -155.09051, 19.29753 ], [ -155.09077, 19.2973 ], [ -155.09096, 19.29729 ], [ -155.09115, 19.29697 ], [ -155.09129, 19.29685 ], [ -155.09136, 19.29678 ], [ -155.0914, 19.29677 ], [ -155.09144, 19.29679 ], [ -155.09165, 19.29671 ], [ -155.09176, 19.29662 ], [ -155.09183, 19.29661 ], [ -155.09192, 19.29666 ], [ -155.09206, 19.2966 ], [ -155.09225, 19.29659 ], [ -155.09231, 19.29656 ], [ -155.09237, 19.29656 ], [ -155.09247, 19.2965 ], [ -155.09252, 19.29648 ], [ -155.09255, 19.29651 ], [ -155.09259, 19.29651 ], [ -155.09262, 19.29648 ], [ -155.09274, 19.29646 ], [ -155.09279, 19.29641 ], [ -155.09286, 19.29627 ], [ -155.093, 19.29617 ], [ -155.0932, 19.29619 ], [ -155.09332, 19.29622 ], [ -155.0934, 19.2962 ], [ -155.09351, 19.29621 ], [ -155.09366, 19.29616 ], [ -155.09382, 19.29619 ], [ -155.09393, 19.29613 ], [ -155.09403, 19.29604 ], [ -155.09419, 19.29602 ], [ -155.09426, 19.29603 ], [ -155.09445, 19.29597 ], [ -155.09464, 19.29601 ], [ -155.09484, 19.29596 ], [ -155.09516, 19.29584 ], [ -155.09538, 19.29581 ], [ -155.09564, 19.29567 ], [ -155.09584, 19.29567 ], [ -155.09615, 19.29558 ], [ -155.09637, 19.2955 ], [ -155.09649, 19.29552 ], [ -155.09666, 19.29541 ], [ -155.09673, 19.2954 ], [ -155.09687, 19.29543 ], [ -155.09693, 19.29544 ], [ -155.09703, 19.29537 ], [ -155.0971, 19.29536 ], [ -155.09723, 19.29524 ], [ -155.09731, 19.29527 ], [ -155.09734, 19.29526 ], [ -155.0974, 19.29511 ], [ -155.09754, 19.29493 ], [ -155.09761, 19.29479 ], [ -155.09765, 19.29476 ], [ -155.0977, 19.29477 ], [ -155.09778, 19.29474 ], [ -155.09798, 19.29457 ], [ -155.09819, 19.29447 ], [ -155.09831, 19.29437 ], [ -155.09847, 19.29436 ], [ -155.09852, 19.29439 ], [ -155.09866, 19.29438 ], [ -155.09872, 19.29431 ], [ -155.0988, 19.29431 ], [ -155.09898, 19.29408 ], [ -155.09916, 19.294 ], [ -155.09926, 19.29387 ], [ -155.09936, 19.29386 ], [ -155.09943, 19.2938 ], [ -155.09952, 19.29379 ], [ -155.09958, 19.29372 ], [ -155.09965, 19.2937 ], [ -155.09979, 19.29367 ], [ -155.09991, 19.29362 ], [ -155.10005, 19.29361 ], [ -155.10023, 19.29354 ], [ -155.10033, 19.29349 ], [ -155.10053, 19.29332 ], [ -155.10061, 19.29329 ], [ -155.10081, 19.29332 ], [ -155.10091, 19.29331 ], [ -155.10097, 19.29328 ], [ -155.1012, 19.29323 ], [ -155.10129, 19.29316 ], [ -155.10137, 19.29311 ], [ -155.10143, 19.29305 ], [ -155.10161, 19.29268 ], [ -155.10169, 19.2926 ], [ -155.10209, 19.29238 ], [ -155.10227, 19.29233 ], [ -155.1028, 19.29207 ], [ -155.10295, 19.292 ], [ -155.103, 19.29194 ], [ -155.10313, 19.29192 ], [ -155.10327, 19.29178 ], [ -155.10353, 19.29168 ], [ -155.10367, 19.29156 ], [ -155.10374, 19.29145 ], [ -155.10384, 19.29139 ], [ -155.10411, 19.2913 ], [ -155.1042, 19.29118 ], [ -155.10425, 19.29115 ], [ -155.1043, 19.29115 ], [ -155.1044, 19.29101 ], [ -155.10462, 19.29088 ], [ -155.1047, 19.29084 ], [ -155.10479, 19.29075 ], [ -155.10483, 19.29059 ], [ -155.10494, 19.29043 ], [ -155.10532, 19.29017 ], [ -155.10544, 19.29015 ], [ -155.10577, 19.28988 ], [ -155.10586, 19.2898 ], [ -155.10611, 19.28976 ], [ -155.10627, 19.28968 ], [ -155.10642, 19.28956 ], [ -155.10659, 19.28955 ], [ -155.10666, 19.28951 ], [ -155.1068, 19.28939 ], [ -155.10696, 19.28935 ], [ -155.107, 19.28923 ], [ -155.10716, 19.28909 ], [ -155.10724, 19.28901 ], [ -155.10738, 19.28898 ], [ -155.10744, 19.28892 ], [ -155.10749, 19.28884 ], [ -155.10753, 19.28881 ], [ -155.10768, 19.28878 ], [ -155.10772, 19.28869 ], [ -155.10783, 19.28862 ], [ -155.10801, 19.28858 ], [ -155.10825, 19.28847 ], [ -155.10847, 19.28828 ], [ -155.10855, 19.28817 ], [ -155.10856, 19.2881 ], [ -155.10859, 19.28807 ], [ -155.10873, 19.28804 ], [ -155.10879, 19.28804 ], [ -155.10884, 19.28799 ], [ -155.10916, 19.28786 ], [ -155.10928, 19.28783 ], [ -155.10934, 19.28779 ], [ -155.10939, 19.28773 ], [ -155.10977, 19.28762 ], [ -155.1099, 19.28762 ], [ -155.10999, 19.2875 ], [ -155.11004, 19.28748 ], [ -155.11024, 19.28747 ], [ -155.11037, 19.28738 ], [ -155.11047, 19.28728 ], [ -155.11076, 19.28714 ], [ -155.1108, 19.28709 ], [ -155.11083, 19.28702 ], [ -155.1109, 19.28693 ], [ -155.11119, 19.2868 ], [ -155.11127, 19.28674 ], [ -155.11146, 19.28665 ], [ -155.11179, 19.28641 ], [ -155.11198, 19.28631 ], [ -155.1121, 19.2862 ], [ -155.11228, 19.28617 ], [ -155.11256, 19.28599 ], [ -155.11271, 19.28593 ], [ -155.11284, 19.28582 ], [ -155.11299, 19.28582 ], [ -155.11321, 19.28574 ], [ -155.11329, 19.28572 ], [ -155.11342, 19.28559 ], [ -155.11344, 19.28548 ], [ -155.11339, 19.28543 ], [ -155.1134, 19.28541 ], [ -155.11334, 19.2853 ], [ -155.11334, 19.28526 ], [ -155.11407, 19.28496 ], [ -155.11418, 19.28481 ], [ -155.11428, 19.2845 ], [ -155.1143, 19.28441 ], [ -155.11439, 19.28431 ], [ -155.11474, 19.28419 ], [ -155.11485, 19.28414 ], [ -155.11491, 19.28409 ], [ -155.1151, 19.28371 ], [ -155.11513, 19.28359 ], [ -155.11524, 19.28344 ], [ -155.11538, 19.28334 ], [ -155.11558, 19.28315 ], [ -155.11563, 19.28304 ], [ -155.11563, 19.28297 ], [ -155.11553, 19.28291 ], [ -155.1155, 19.28281 ], [ -155.11553, 19.28277 ], [ -155.11591, 19.28257 ], [ -155.11612, 19.28234 ], [ -155.11616, 19.28227 ], [ -155.11627, 19.28223 ], [ -155.11639, 19.28226 ], [ -155.11657, 19.28218 ], [ -155.11679, 19.28196 ], [ -155.11687, 19.28197 ], [ -155.11696, 19.28191 ], [ -155.11698, 19.28184 ], [ -155.11729, 19.2815 ], [ -155.11733, 19.28141 ], [ -155.11742, 19.28134 ], [ -155.11748, 19.28131 ], [ -155.11782, 19.28126 ], [ -155.11817, 19.28095 ], [ -155.11829, 19.28077 ], [ -155.11832, 19.28066 ], [ -155.11833, 19.28055 ], [ -155.1183, 19.2805 ], [ -155.1184, 19.28047 ], [ -155.11845, 19.2804 ], [ -155.1185, 19.28039 ], [ -155.11854, 19.28044 ], [ -155.11858, 19.28044 ], [ -155.11878, 19.2803 ], [ -155.11881, 19.28026 ], [ -155.12474, 19.27987 ], [ -155.13675, 19.28084 ], [ -155.15168, 19.28521 ], [ -155.17057, 19.29336 ], [ -155.19748, 19.30523 ], [ -155.22071, 19.31905 ], [ -155.23229, 19.32818 ], [ -155.24608, 19.33476 ], [ -155.2574, 19.33946 ], [ -155.27605, 19.34368 ], [ -155.28798, 19.34595 ], [ -155.30457, 19.34647 ], [ -155.31813, 19.3435 ], [ -155.32539, 19.33727 ], [ -155.33703, 19.32446 ], [ -155.34498, 19.30546 ], [ -155.34815, 19.28721 ], [ -155.35427, 19.26742 ], [ -155.36482, 19.24496 ], [ -155.372, 19.22395 ], [ -155.37808, 19.2095 ], [ -155.38426, 19.19899 ], [ -155.38439, 19.19899 ], [ -155.38454, 19.19893 ], [ -155.38466, 19.19895 ], [ -155.38479, 19.19887 ], [ -155.38526, 19.19878 ], [ -155.38609, 19.19867 ], [ -155.38667, 19.1985 ], [ -155.38733, 19.19823 ], [ -155.38775, 19.19815 ], [ -155.38798, 19.1981 ], [ -155.38805, 19.19803 ], [ -155.38809, 19.19792 ], [ -155.38826, 19.19783 ], [ -155.38841, 19.19777 ], [ -155.38882, 19.19752 ], [ -155.389, 19.19748 ], [ -155.38921, 19.19751 ], [ -155.38942, 19.19747 ], [ -155.38957, 19.19742 ], [ -155.39045, 19.19687 ], [ -155.39088, 19.19664 ], [ -155.39103, 19.19652 ], [ -155.39123, 19.19627 ], [ -155.39144, 19.19596 ], [ -155.3916, 19.19585 ], [ -155.39179, 19.19573 ], [ -155.39183, 19.19559 ], [ -155.39191, 19.19555 ], [ -155.39219, 19.19559 ], [ -155.39237, 19.19554 ], [ -155.39248, 19.19548 ], [ -155.39271, 19.19526 ], [ -155.39285, 19.19519 ], [ -155.39299, 19.19512 ], [ -155.39314, 19.19505 ], [ -155.39373, 19.19485 ], [ -155.39409, 19.19466 ], [ -155.39428, 19.19453 ], [ -155.3944, 19.19443 ], [ -155.39455, 19.1942 ], [ -155.39461, 19.19397 ], [ -155.39472, 19.19391 ], [ -155.39472, 19.19383 ], [ -155.39472, 19.19375 ], [ -155.39486, 19.19367 ], [ -155.39488, 19.19362 ], [ -155.39481, 19.19352 ], [ -155.39481, 19.19343 ], [ -155.39495, 19.19334 ], [ -155.39516, 19.1933 ], [ -155.39522, 19.19326 ], [ -155.39526, 19.19303 ], [ -155.39523, 19.19292 ], [ -155.39513, 19.1928 ], [ -155.39512, 19.19273 ], [ -155.39519, 19.19267 ], [ -155.39522, 19.19266 ], [ -155.39522, 19.1926 ], [ -155.39516, 19.19253 ], [ -155.39516, 19.1925 ], [ -155.39521, 19.19247 ], [ -155.39537, 19.19246 ], [ -155.39545, 19.19239 ], [ -155.39581, 19.19203 ], [ -155.39594, 19.19181 ], [ -155.39597, 19.19164 ], [ -155.39597, 19.19161 ], [ -155.39603, 19.19151 ], [ -155.39605, 19.19138 ], [ -155.39624, 19.19127 ], [ -155.39639, 19.19116 ], [ -155.39664, 19.19102 ], [ -155.39676, 19.19087 ], [ -155.39692, 19.19075 ], [ -155.39694, 19.19074 ], [ -155.39701, 19.19072 ], [ -155.39706, 19.19065 ], [ -155.39711, 19.19057 ], [ -155.39717, 19.19049 ], [ -155.39721, 19.19044 ], [ -155.39723, 19.19038 ], [ -155.39725, 19.19035 ], [ -155.39727, 19.19027 ], [ -155.39724, 19.19024 ], [ -155.39722, 19.1902 ], [ -155.3972, 19.19016 ], [ -155.3972, 19.19013 ], [ -155.39724, 19.19012 ], [ -155.39728, 19.1901 ], [ -155.39731, 19.19007 ], [ -155.39734, 19.19003 ], [ -155.39735, 19.19 ], [ -155.39733, 19.18997 ], [ -155.39733, 19.18991 ], [ -155.39738, 19.1899 ], [ -155.39748, 19.1899 ], [ -155.39756, 19.18989 ], [ -155.3976, 19.18986 ], [ -155.39763, 19.18983 ], [ -155.3978, 19.1899 ], [ -155.39793, 19.18987 ], [ -155.39795, 19.18984 ], [ -155.3979, 19.18974 ], [ -155.39796, 19.1897 ], [ -155.39799, 19.1897 ], [ -155.39802, 19.18967 ], [ -155.39802, 19.1896 ], [ -155.39808, 19.18959 ], [ -155.39813, 19.18946 ], [ -155.39817, 19.18944 ], [ -155.3982, 19.18938 ], [ -155.39838, 19.18942 ], [ -155.39852, 19.18938 ], [ -155.39857, 19.18933 ], [ -155.39858, 19.18926 ], [ -155.39869, 19.18918 ], [ -155.39869, 19.18907 ], [ -155.39868, 19.18897 ], [ -155.39879, 19.18876 ], [ -155.39876, 19.18862 ], [ -155.39875, 19.18855 ], [ -155.39894, 19.1885 ], [ -155.39913, 19.18833 ], [ -155.39931, 19.18837 ], [ -155.39934, 19.18831 ], [ -155.39935, 19.18824 ], [ -155.39938, 19.18821 ], [ -155.39945, 19.18821 ], [ -155.39948, 19.18819 ], [ -155.3995, 19.18806 ], [ -155.39957, 19.18802 ], [ -155.39976, 19.18801 ], [ -155.39998, 19.18795 ], [ -155.40029, 19.18795 ], [ -155.40057, 19.18787 ], [ -155.40072, 19.18777 ], [ -155.40081, 19.18761 ], [ -155.40084, 19.18755 ], [ -155.40099, 19.18754 ], [ -155.40109, 19.18751 ], [ -155.40116, 19.18749 ], [ -155.40128, 19.18736 ], [ -155.40136, 19.18735 ], [ -155.40143, 19.18736 ], [ -155.40157, 19.18724 ], [ -155.40174, 19.18729 ], [ -155.40181, 19.18734 ], [ -155.40193, 19.18735 ], [ -155.40202, 19.18729 ], [ -155.40213, 19.18715 ], [ -155.40225, 19.18712 ], [ -155.4023, 19.18708 ], [ -155.40241, 19.1871 ], [ -155.40251, 19.1872 ], [ -155.40255, 19.18725 ], [ -155.40259, 19.18727 ], [ -155.40269, 19.18722 ], [ -155.4028, 19.18725 ], [ -155.40283, 19.18723 ], [ -155.40287, 19.1871 ], [ -155.40289, 19.18708 ], [ -155.40305, 19.1871 ], [ -155.40323, 19.18718 ], [ -155.40329, 19.18721 ], [ -155.40339, 19.18727 ], [ -155.40351, 19.18728 ], [ -155.4036, 19.18736 ], [ -155.40373, 19.18737 ], [ -155.40388, 19.18737 ], [ -155.40391, 19.18739 ], [ -155.40396, 19.18739 ], [ -155.40399, 19.18742 ], [ -155.40456, 19.18742 ], [ -155.40476, 19.1873 ], [ -155.40483, 19.18727 ], [ -155.40509, 19.18732 ], [ -155.40532, 19.18732 ], [ -155.40543, 19.1873 ], [ -155.40559, 19.18736 ], [ -155.40568, 19.18743 ], [ -155.40579, 19.18747 ], [ -155.40612, 19.18741 ], [ -155.40631, 19.18741 ], [ -155.40641, 19.18738 ], [ -155.40656, 19.18737 ], [ -155.40667, 19.18738 ], [ -155.4068, 19.1873 ], [ -155.40693, 19.18713 ], [ -155.4073, 19.18708 ], [ -155.40737, 19.18705 ], [ -155.40751, 19.187 ], [ -155.40764, 19.18694 ], [ -155.40781, 19.18685 ], [ -155.40795, 19.18678 ], [ -155.40814, 19.18677 ], [ -155.40818, 19.18676 ], [ -155.40824, 19.18665 ], [ -155.40858, 19.18651 ], [ -155.40891, 19.1863 ], [ -155.409, 19.18618 ], [ -155.40903, 19.18602 ], [ -155.40904, 19.18594 ], [ -155.40921, 19.18586 ], [ -155.4093, 19.18578 ], [ -155.40951, 19.18571 ], [ -155.4096, 19.18564 ], [ -155.40971, 19.18563 ], [ -155.40981, 19.18565 ], [ -155.40993, 19.18556 ], [ -155.41008, 19.18554 ], [ -155.4102, 19.18546 ], [ -155.41038, 19.18539 ], [ -155.41052, 19.18537 ], [ -155.41062, 19.18528 ], [ -155.41101, 19.18526 ], [ -155.41127, 19.18511 ], [ -155.4115, 19.18513 ], [ -155.41159, 19.18506 ], [ -155.41174, 19.18491 ], [ -155.41179, 19.18486 ], [ -155.41181, 19.18469 ], [ -155.41182, 19.18462 ], [ -155.41186, 19.18462 ], [ -155.41197, 19.18471 ], [ -155.41212, 19.18473 ], [ -155.41215, 19.1847 ], [ -155.41207, 19.18459 ], [ -155.41208, 19.18452 ], [ -155.41219, 19.18449 ], [ -155.41239, 19.1845 ], [ -155.41256, 19.18459 ], [ -155.41275, 19.1847 ], [ -155.41294, 19.18466 ], [ -155.41303, 19.18472 ], [ -155.41313, 19.18471 ], [ -155.41316, 19.18469 ], [ -155.41328, 19.18471 ], [ -155.41335, 19.18479 ], [ -155.41347, 19.18479 ], [ -155.41357, 19.18484 ], [ -155.41387, 19.18485 ], [ -155.41399, 19.18485 ], [ -155.41409, 19.18484 ], [ -155.41423, 19.1849 ], [ -155.41434, 19.18475 ], [ -155.41441, 19.18475 ], [ -155.41451, 19.18482 ], [ -155.41459, 19.18482 ], [ -155.41467, 19.18475 ], [ -155.41485, 19.18456 ], [ -155.41491, 19.18451 ], [ -155.41508, 19.18433 ], [ -155.41513, 19.18417 ], [ -155.41513, 19.1841 ], [ -155.41523, 19.18399 ], [ -155.41535, 19.1839 ], [ -155.4155, 19.18374 ], [ -155.41555, 19.18361 ], [ -155.41555, 19.18354 ], [ -155.41565, 19.18343 ], [ -155.41576, 19.18301 ], [ -155.41598, 19.18278 ], [ -155.41617, 19.18266 ], [ -155.41621, 19.18253 ], [ -155.4163, 19.18246 ], [ -155.41642, 19.18231 ], [ -155.4165, 19.18225 ], [ -155.41648, 19.18218 ], [ -155.41639, 19.18211 ], [ -155.41638, 19.18207 ], [ -155.41644, 19.18199 ], [ -155.41647, 19.18178 ], [ -155.41647, 19.18175 ], [ -155.41657, 19.18157 ], [ -155.41659, 19.1815 ], [ -155.41665, 19.18147 ], [ -155.41683, 19.18145 ], [ -155.41695, 19.18135 ], [ -155.4171, 19.18114 ], [ -155.41727, 19.181 ], [ -155.41735, 19.18101 ], [ -155.41749, 19.18105 ], [ -155.41755, 19.181 ], [ -155.41756, 19.18094 ], [ -155.41756, 19.1809 ], [ -155.41751, 19.18085 ], [ -155.41751, 19.18074 ], [ -155.41759, 19.18062 ], [ -155.41767, 19.18055 ], [ -155.41783, 19.18045 ], [ -155.41792, 19.18038 ], [ -155.41811, 19.18038 ], [ -155.41838, 19.18026 ], [ -155.41851, 19.18019 ], [ -155.41858, 19.18018 ], [ -155.41872, 19.18001 ], [ -155.41876, 19.17995 ], [ -155.41919, 19.17968 ], [ -155.41928, 19.17962 ], [ -155.41937, 19.17946 ], [ -155.41944, 19.1793 ], [ -155.4197, 19.1792 ], [ -155.42017, 19.1791 ], [ -155.42029, 19.17901 ], [ -155.42051, 19.179 ], [ -155.42069, 19.17884 ], [ -155.42083, 19.17865 ], [ -155.42099, 19.17846 ], [ -155.42103, 19.17844 ], [ -155.42106, 19.17841 ], [ -155.42166, 19.17801 ], [ -155.42181, 19.17794 ], [ -155.42204, 19.17793 ], [ -155.42207, 19.17789 ], [ -155.42211, 19.17789 ], [ -155.42226, 19.17773 ], [ -155.42236, 19.17758 ], [ -155.42248, 19.1775 ], [ -155.42262, 19.17746 ], [ -155.4227, 19.1773 ], [ -155.42272, 19.1772 ], [ -155.42279, 19.1772 ], [ -155.42296, 19.17736 ], [ -155.4231, 19.17733 ], [ -155.42333, 19.17718 ], [ -155.4234, 19.17706 ], [ -155.42348, 19.17699 ], [ -155.42349, 19.17695 ], [ -155.42353, 19.17694 ], [ -155.42355, 19.17691 ], [ -155.42366, 19.17686 ], [ -155.42373, 19.1768 ], [ -155.42376, 19.1768 ], [ -155.42379, 19.17676 ], [ -155.42386, 19.17673 ], [ -155.42388, 19.17669 ], [ -155.42397, 19.17662 ], [ -155.42401, 19.17661 ], [ -155.42406, 19.17654 ], [ -155.42416, 19.17649 ], [ -155.42425, 19.17632 ], [ -155.42426, 19.17625 ], [ -155.42429, 19.17623 ], [ -155.42437, 19.17602 ], [ -155.4246, 19.17584 ], [ -155.42471, 19.17564 ], [ -155.42473, 19.17557 ], [ -155.42483, 19.17552 ], [ -155.42492, 19.1754 ], [ -155.42497, 19.17523 ], [ -155.42502, 19.17518 ], [ -155.4252, 19.17513 ], [ -155.42534, 19.175 ], [ -155.42548, 19.17483 ], [ -155.4255, 19.17479 ], [ -155.42553, 19.17477 ], [ -155.42562, 19.17466 ], [ -155.42581, 19.17443 ], [ -155.42594, 19.17429 ], [ -155.42603, 19.17406 ], [ -155.42602, 19.17389 ], [ -155.42595, 19.17372 ], [ -155.42606, 19.17365 ], [ -155.42612, 19.17361 ], [ -155.42621, 19.17353 ], [ -155.42633, 19.17333 ], [ -155.42641, 19.17325 ], [ -155.42642, 19.17302 ], [ -155.42647, 19.17288 ], [ -155.42646, 19.17267 ], [ -155.42643, 19.17249 ], [ -155.42651, 19.17232 ], [ -155.4266, 19.17219 ], [ -155.42668, 19.172 ], [ -155.42669, 19.17182 ], [ -155.42678, 19.1717 ], [ -155.42676, 19.17156 ], [ -155.42689, 19.17134 ], [ -155.42692, 19.17132 ], [ -155.42693, 19.17128 ], [ -155.42696, 19.17126 ], [ -155.42713, 19.17105 ], [ -155.42723, 19.17073 ], [ -155.4273, 19.17065 ], [ -155.42742, 19.17052 ], [ -155.42762, 19.17012 ], [ -155.42773, 19.16989 ], [ -155.42789, 19.16985 ], [ -155.42803, 19.16973 ], [ -155.42822, 19.16965 ], [ -155.42825, 19.16959 ], [ -155.42825, 19.16943 ], [ -155.42833, 19.16942 ], [ -155.42848, 19.16942 ], [ -155.42863, 19.1693 ], [ -155.4287, 19.16922 ], [ -155.42876, 19.16901 ], [ -155.42879, 19.16887 ], [ -155.42891, 19.16874 ], [ -155.42899, 19.16865 ], [ -155.42904, 19.16851 ], [ -155.42909, 19.16846 ], [ -155.42916, 19.16843 ], [ -155.42932, 19.16827 ], [ -155.42943, 19.16802 ], [ -155.42948, 19.16796 ], [ -155.42964, 19.16781 ], [ -155.42965, 19.16764 ], [ -155.42965, 19.16757 ], [ -155.42971, 19.16753 ], [ -155.42995, 19.16747 ], [ -155.43002, 19.16738 ], [ -155.43007, 19.16719 ], [ -155.43026, 19.16697 ], [ -155.4303, 19.16692 ], [ -155.43051, 19.16687 ], [ -155.43065, 19.16679 ], [ -155.43144, 19.16674 ], [ -155.4316, 19.16665 ], [ -155.43179, 19.16659 ], [ -155.43195, 19.16647 ], [ -155.43213, 19.16639 ], [ -155.4322, 19.16636 ], [ -155.43222, 19.16632 ], [ -155.43228, 19.16627 ], [ -155.43244, 19.16595 ], [ -155.43256, 19.16577 ], [ -155.43275, 19.1654 ], [ -155.43282, 19.16507 ], [ -155.43295, 19.16481 ], [ -155.43303, 19.1647 ], [ -155.43344, 19.16428 ], [ -155.43363, 19.16418 ], [ -155.43398, 19.16408 ], [ -155.43408, 19.16402 ], [ -155.43408, 19.16395 ], [ -155.43405, 19.16385 ], [ -155.43406, 19.16381 ], [ -155.43416, 19.16385 ], [ -155.43422, 19.16388 ], [ -155.43437, 19.16387 ], [ -155.43443, 19.16383 ], [ -155.43452, 19.16372 ], [ -155.43458, 19.16369 ], [ -155.43469, 19.16368 ], [ -155.43489, 19.16351 ], [ -155.43503, 19.16348 ], [ -155.43508, 19.16344 ], [ -155.43519, 19.16331 ], [ -155.43526, 19.16331 ], [ -155.43536, 19.16336 ], [ -155.4354, 19.16331 ], [ -155.43539, 19.16313 ], [ -155.43546, 19.16294 ], [ -155.43578, 19.16275 ], [ -155.43589, 19.16262 ], [ -155.43601, 19.16245 ], [ -155.43612, 19.16236 ], [ -155.43618, 19.16227 ], [ -155.43633, 19.16218 ], [ -155.43643, 19.16212 ], [ -155.43655, 19.16205 ], [ -155.43689, 19.16201 ], [ -155.43709, 19.16184 ], [ -155.43713, 19.16179 ], [ -155.43728, 19.16175 ], [ -155.43743, 19.16165 ], [ -155.43762, 19.16164 ], [ -155.43775, 19.16156 ], [ -155.43782, 19.16144 ], [ -155.43789, 19.16123 ], [ -155.43792, 19.16117 ], [ -155.43794, 19.1611 ], [ -155.4382, 19.16095 ], [ -155.43851, 19.16083 ], [ -155.43862, 19.1608 ], [ -155.43872, 19.16074 ], [ -155.43878, 19.16072 ], [ -155.439, 19.16079 ], [ -155.43915, 19.16074 ], [ -155.43922, 19.16066 ], [ -155.43922, 19.16052 ], [ -155.43924, 19.16048 ], [ -155.43937, 19.16044 ], [ -155.43952, 19.16026 ], [ -155.43959, 19.16018 ], [ -155.43976, 19.16009 ], [ -155.43997, 19.16002 ], [ -155.44005, 19.1599 ], [ -155.44008, 19.15984 ], [ -155.44024, 19.15969 ], [ -155.44057, 19.15951 ], [ -155.44071, 19.15945 ], [ -155.44086, 19.15929 ], [ -155.44101, 19.15922 ], [ -155.44108, 19.15909 ], [ -155.44138, 19.15894 ], [ -155.44141, 19.15891 ], [ -155.44145, 19.15882 ], [ -155.44152, 19.15879 ], [ -155.44163, 19.15877 ], [ -155.44178, 19.15866 ], [ -155.44193, 19.15854 ], [ -155.44234, 19.15836 ], [ -155.44253, 19.15833 ], [ -155.44268, 19.15823 ], [ -155.44289, 19.15812 ], [ -155.44297, 19.15797 ], [ -155.44311, 19.15783 ], [ -155.44313, 19.15773 ], [ -155.4432, 19.15765 ], [ -155.44326, 19.15751 ], [ -155.44323, 19.15744 ], [ -155.44318, 19.15739 ], [ -155.4432, 19.15737 ], [ -155.4433, 19.15742 ], [ -155.44334, 19.1574 ], [ -155.44338, 19.15731 ], [ -155.44362, 19.15718 ], [ -155.44366, 19.15709 ], [ -155.44367, 19.15699 ], [ -155.4437, 19.15698 ], [ -155.44371, 19.15694 ], [ -155.44366, 19.15688 ], [ -155.44367, 19.15685 ], [ -155.4437, 19.15683 ], [ -155.44379, 19.15688 ], [ -155.44382, 19.15683 ], [ -155.44382, 19.1567 ], [ -155.44385, 19.15667 ], [ -155.44389, 19.15672 ], [ -155.44393, 19.15682 ], [ -155.44404, 19.15684 ], [ -155.44415, 19.15675 ], [ -155.44423, 19.15659 ], [ -155.44424, 19.15653 ], [ -155.44415, 19.15645 ], [ -155.44415, 19.15642 ], [ -155.44425, 19.15632 ], [ -155.44429, 19.15622 ], [ -155.44438, 19.15611 ], [ -155.44441, 19.15601 ], [ -155.44438, 19.1559 ], [ -155.44432, 19.15578 ], [ -155.44433, 19.15568 ], [ -155.44461, 19.1554 ], [ -155.44476, 19.15536 ], [ -155.44478, 19.1553 ], [ -155.4448, 19.15524 ], [ -155.44494, 19.15512 ], [ -155.44505, 19.15502 ], [ -155.44513, 19.15465 ], [ -155.44513, 19.15444 ], [ -155.44523, 19.15407 ], [ -155.44535, 19.15389 ], [ -155.44542, 19.15377 ], [ -155.44528, 19.15376 ], [ -155.44526, 19.15373 ], [ -155.4453, 19.15353 ], [ -155.44523, 19.15345 ], [ -155.44522, 19.15341 ], [ -155.44525, 19.15339 ], [ -155.44556, 19.15338 ], [ -155.44573, 19.1533 ], [ -155.44579, 19.15317 ], [ -155.44589, 19.15296 ], [ -155.44603, 19.1527 ], [ -155.44604, 19.15259 ], [ -155.4459, 19.15247 ], [ -155.44592, 19.15237 ], [ -155.44601, 19.15226 ], [ -155.44612, 19.15224 ], [ -155.44616, 19.15218 ], [ -155.44619, 19.15213 ], [ -155.4463, 19.15216 ], [ -155.44633, 19.15214 ], [ -155.44633, 19.152 ], [ -155.44631, 19.1519 ], [ -155.44637, 19.15193 ], [ -155.44655, 19.15212 ], [ -155.44665, 19.15217 ], [ -155.44676, 19.15216 ], [ -155.44688, 19.15208 ], [ -155.44703, 19.15211 ], [ -155.44715, 19.15203 ], [ -155.4474, 19.15201 ], [ -155.44805, 19.15184 ], [ -155.44823, 19.15182 ], [ -155.44834, 19.15168 ], [ -155.44845, 19.15158 ], [ -155.44842, 19.15152 ], [ -155.44846, 19.15142 ], [ -155.44865, 19.1511 ], [ -155.44874, 19.15074 ], [ -155.44891, 19.1506 ], [ -155.44895, 19.15054 ], [ -155.44897, 19.15047 ], [ -155.44897, 19.15041 ], [ -155.44909, 19.15023 ], [ -155.44916, 19.15014 ], [ -155.44928, 19.15007 ], [ -155.4494, 19.1499 ], [ -155.44946, 19.14977 ], [ -155.44954, 19.14979 ], [ -155.44964, 19.14982 ], [ -155.44967, 19.14979 ], [ -155.44964, 19.14969 ], [ -155.4498, 19.14966 ], [ -155.44991, 19.14967 ], [ -155.45011, 19.14984 ], [ -155.45018, 19.14985 ], [ -155.45025, 19.14982 ], [ -155.4503, 19.14973 ], [ -155.45028, 19.14962 ], [ -155.45026, 19.14948 ], [ -155.45024, 19.14941 ], [ -155.45031, 19.14919 ], [ -155.45033, 19.14912 ], [ -155.4503, 19.14911 ], [ -155.45015, 19.14912 ], [ -155.45006, 19.14905 ], [ -155.44997, 19.14906 ], [ -155.44986, 19.14911 ], [ -155.44982, 19.1491 ], [ -155.4498, 19.14907 ], [ -155.44986, 19.14899 ], [ -155.44999, 19.14892 ], [ -155.45014, 19.1489 ], [ -155.45032, 19.14894 ], [ -155.45039, 19.14898 ], [ -155.45045, 19.14894 ], [ -155.4505, 19.14894 ], [ -155.45065, 19.14884 ], [ -155.45076, 19.14879 ], [ -155.45084, 19.14871 ], [ -155.45094, 19.14873 ], [ -155.45101, 19.14875 ], [ -155.45105, 19.1487 ], [ -155.4511, 19.14856 ], [ -155.4512, 19.14851 ], [ -155.45134, 19.14849 ], [ -155.45157, 19.14837 ], [ -155.45176, 19.14831 ], [ -155.45179, 19.14824 ], [ -155.4519, 19.14821 ], [ -155.45221, 19.14801 ], [ -155.45238, 19.14793 ], [ -155.45251, 19.14786 ], [ -155.4526, 19.14781 ], [ -155.45289, 19.14763 ], [ -155.45321, 19.14751 ], [ -155.45328, 19.14753 ], [ -155.45342, 19.14758 ], [ -155.45351, 19.14752 ], [ -155.45359, 19.14739 ], [ -155.45384, 19.14718 ], [ -155.45398, 19.14706 ], [ -155.45409, 19.14707 ], [ -155.45412, 19.14707 ], [ -155.45423, 19.14704 ], [ -155.4543, 19.14704 ], [ -155.45439, 19.14697 ], [ -155.45454, 19.14697 ], [ -155.45457, 19.14695 ], [ -155.45463, 19.1469 ], [ -155.45516, 19.14683 ], [ -155.45527, 19.14679 ], [ -155.45531, 19.14681 ], [ -155.45537, 19.14676 ], [ -155.45548, 19.14676 ], [ -155.45565, 19.1467 ], [ -155.45577, 19.1467 ], [ -155.45588, 19.14666 ], [ -155.45603, 19.14665 ], [ -155.45607, 19.1466 ], [ -155.45608, 19.14652 ], [ -155.45614, 19.14649 ], [ -155.45622, 19.14649 ], [ -155.45651, 19.14631 ], [ -155.45655, 19.14621 ], [ -155.45657, 19.1461 ], [ -155.45661, 19.14605 ], [ -155.45675, 19.14602 ], [ -155.45699, 19.14603 ], [ -155.45708, 19.1461 ], [ -155.45713, 19.14615 ], [ -155.45728, 19.14616 ], [ -155.45748, 19.14612 ], [ -155.45752, 19.14611 ], [ -155.45753, 19.14601 ], [ -155.45765, 19.14592 ], [ -155.45771, 19.14583 ], [ -155.45785, 19.14579 ], [ -155.45801, 19.14572 ], [ -155.45811, 19.14567 ], [ -155.45814, 19.14566 ], [ -155.45832, 19.14565 ], [ -155.45858, 19.14555 ], [ -155.45872, 19.14552 ], [ -155.45891, 19.14539 ], [ -155.459, 19.14534 ], [ -155.45921, 19.14531 ], [ -155.45926, 19.14526 ], [ -155.45931, 19.14502 ], [ -155.45941, 19.14499 ], [ -155.45947, 19.14496 ], [ -155.45969, 19.14499 ], [ -155.45993, 19.1449 ], [ -155.46027, 19.14484 ], [ -155.46042, 19.14484 ], [ -155.46082, 19.14476 ], [ -155.46097, 19.14477 ], [ -155.46111, 19.14468 ], [ -155.4612, 19.14462 ], [ -155.46131, 19.14463 ], [ -155.46138, 19.14459 ], [ -155.46154, 19.14461 ], [ -155.46167, 19.14455 ], [ -155.46176, 19.14454 ], [ -155.46182, 19.14445 ], [ -155.46188, 19.14436 ], [ -155.46205, 19.1443 ], [ -155.46202, 19.1442 ], [ -155.46206, 19.14414 ], [ -155.46235, 19.14406 ], [ -155.46262, 19.1439 ], [ -155.46265, 19.14389 ], [ -155.46275, 19.14394 ], [ -155.46282, 19.14395 ], [ -155.46286, 19.14396 ], [ -155.46294, 19.1439 ], [ -155.46305, 19.14395 ], [ -155.46313, 19.14394 ], [ -155.46322, 19.14387 ], [ -155.46332, 19.14391 ], [ -155.46341, 19.14397 ], [ -155.46345, 19.14391 ], [ -155.46345, 19.14377 ], [ -155.46348, 19.14375 ], [ -155.46355, 19.14376 ], [ -155.46377, 19.14395 ], [ -155.46383, 19.14399 ], [ -155.46392, 19.14411 ], [ -155.46399, 19.1441 ], [ -155.46406, 19.1439 ], [ -155.4641, 19.1439 ], [ -155.46415, 19.14394 ], [ -155.4643, 19.14395 ], [ -155.46438, 19.14395 ], [ -155.46447, 19.14425 ], [ -155.46454, 19.14426 ], [ -155.46458, 19.14425 ], [ -155.4648, 19.14427 ], [ -155.46491, 19.14423 ], [ -155.46494, 19.14418 ], [ -155.46504, 19.14415 ], [ -155.46517, 19.14404 ], [ -155.46524, 19.14403 ], [ -155.46536, 19.1441 ], [ -155.46536, 19.14421 ], [ -155.46525, 19.14438 ], [ -155.46525, 19.14448 ], [ -155.46535, 19.14464 ], [ -155.46546, 19.14473 ], [ -155.46567, 19.14479 ], [ -155.46578, 19.14477 ], [ -155.4661, 19.14469 ], [ -155.46633, 19.1447 ], [ -155.46651, 19.14476 ], [ -155.46668, 19.14471 ], [ -155.46671, 19.14469 ], [ -155.4667, 19.14462 ], [ -155.46666, 19.14453 ], [ -155.46666, 19.1445 ], [ -155.46677, 19.14453 ], [ -155.4669, 19.14447 ], [ -155.46701, 19.14451 ], [ -155.46707, 19.14454 ], [ -155.46712, 19.14455 ], [ -155.46714, 19.14448 ], [ -155.46726, 19.1444 ], [ -155.4673, 19.14439 ], [ -155.46752, 19.14454 ], [ -155.4676, 19.14456 ], [ -155.46777, 19.14465 ], [ -155.46806, 19.14475 ], [ -155.46845, 19.14477 ], [ -155.46852, 19.14475 ], [ -155.46857, 19.1447 ], [ -155.46879, 19.14468 ], [ -155.46888, 19.14461 ], [ -155.46904, 19.14461 ], [ -155.46918, 19.14455 ], [ -155.46925, 19.14451 ], [ -155.46939, 19.14454 ], [ -155.46945, 19.14457 ], [ -155.46956, 19.14452 ], [ -155.46963, 19.14454 ], [ -155.46973, 19.1445 ], [ -155.46985, 19.14449 ], [ -155.46992, 19.14446 ], [ -155.46997, 19.14437 ], [ -155.47, 19.1443 ], [ -155.47011, 19.1443 ], [ -155.47014, 19.14427 ], [ -155.47021, 19.14426 ], [ -155.4703, 19.14433 ], [ -155.4705, 19.14425 ], [ -155.47071, 19.14428 ], [ -155.47095, 19.14424 ], [ -155.47108, 19.14423 ], [ -155.47115, 19.14431 ], [ -155.47123, 19.1443 ], [ -155.47136, 19.14419 ], [ -155.47142, 19.1441 ], [ -155.47156, 19.14401 ], [ -155.47158, 19.14394 ], [ -155.47167, 19.14391 ], [ -155.47189, 19.14395 ], [ -155.47215, 19.14387 ], [ -155.47239, 19.14374 ], [ -155.47241, 19.14371 ], [ -155.47255, 19.14371 ], [ -155.47262, 19.14372 ], [ -155.47282, 19.14356 ], [ -155.47298, 19.14353 ], [ -155.47302, 19.14353 ], [ -155.4731, 19.14346 ], [ -155.47323, 19.14349 ], [ -155.47343, 19.14339 ], [ -155.47345, 19.14336 ], [ -155.47357, 19.14331 ], [ -155.47368, 19.14321 ], [ -155.4738, 19.14324 ], [ -155.47385, 19.14319 ], [ -155.47392, 19.14319 ], [ -155.47398, 19.14314 ], [ -155.47409, 19.14315 ], [ -155.47424, 19.14303 ], [ -155.47431, 19.14295 ], [ -155.47454, 19.14282 ], [ -155.4746, 19.14279 ], [ -155.47471, 19.14265 ], [ -155.47478, 19.14262 ], [ -155.47498, 19.14259 ], [ -155.47511, 19.1425 ], [ -155.47531, 19.14249 ], [ -155.47547, 19.14238 ], [ -155.47573, 19.14231 ], [ -155.47596, 19.14231 ], [ -155.4761, 19.14219 ], [ -155.47622, 19.14217 ], [ -155.4763, 19.14217 ], [ -155.47644, 19.1421 ], [ -155.47661, 19.14208 ], [ -155.47672, 19.14208 ], [ -155.47681, 19.14201 ], [ -155.47688, 19.142 ], [ -155.47697, 19.14193 ], [ -155.47705, 19.1418 ], [ -155.47708, 19.14173 ], [ -155.47712, 19.14172 ], [ -155.47717, 19.14164 ], [ -155.47728, 19.14163 ], [ -155.47745, 19.14161 ], [ -155.47766, 19.14148 ], [ -155.46825, 19.15335 ], [ -155.46158, 19.16229 ], [ -155.4456, 19.18271 ], [ -155.43516, 19.19652 ], [ -155.42725, 19.21694 ], [ -155.42339, 19.23842 ], [ -155.41907, 19.25748 ], [ -155.41205, 19.27376 ], [ -155.40049, 19.29141 ], [ -155.39416, 19.30346 ], [ -155.38245, 19.31839 ], [ -155.36578, 19.34525 ], [ -155.36663, 19.36163 ], [ -155.37042, 19.37587 ], [ -155.38423, 19.38295 ], [ -155.39956, 19.38488 ], [ -155.41263, 19.38422 ], [ -155.43031, 19.37847 ], [ -155.4577, 19.36656 ], [ -155.46948, 19.35716 ], [ -155.48876, 19.34354 ], [ -155.50122, 19.3298 ], [ -155.51558, 19.31462 ], [ -155.52977, 19.30287 ], [ -155.54325, 19.29404 ], [ -155.55544, 19.28383 ], [ -155.57298, 19.26841 ], [ -155.58727, 19.25735 ], [ -155.59608, 19.24878 ], [ -155.60634, 19.23788 ], [ -155.61726, 19.22103 ], [ -155.62511, 19.21308 ], [ -155.63713, 19.19933 ], [ -155.64698, 19.1825 ], [ -155.65237, 19.17347 ], [ -155.66035, 19.15978 ], [ -155.6707, 19.14102 ], [ -155.6725, 19.13385 ], [ -155.6769, 19.11537 ], [ -155.67881, 19.10066 ], [ -155.67535, 19.08913 ], [ -155.66937, 19.07975 ], [ -155.66237, 19.0725 ], [ -155.65548, 19.06616 ], [ -155.64468, 19.06047 ], [ -155.63411, 19.05669 ], [ -155.61994, 19.0599 ], [ -155.60451, 19.06494 ], [ -155.58733, 19.06598 ], [ -155.57037, 19.06781 ], [ -155.55447, 19.06913 ], [ -155.55379, 19.06935 ], [ -155.55395, 19.06921 ], [ -155.5541, 19.06905 ], [ -155.55411, 19.06892 ], [ -155.55409, 19.06882 ], [ -155.55403, 19.0687 ], [ -155.554, 19.06858 ], [ -155.55389, 19.06841 ], [ -155.55386, 19.06806 ], [ -155.55363, 19.06774 ], [ -155.55349, 19.06765 ], [ -155.55341, 19.06757 ], [ -155.55329, 19.06736 ], [ -155.55322, 19.06729 ], [ -155.55315, 19.06726 ], [ -155.55278, 19.06732 ], [ -155.55272, 19.0673 ], [ -155.55269, 19.0671 ], [ -155.55263, 19.06691 ], [ -155.55271, 19.06669 ], [ -155.55277, 19.06651 ], [ -155.55279, 19.0665 ], [ -155.5529, 19.06655 ], [ -155.55294, 19.06652 ], [ -155.55303, 19.06642 ], [ -155.55326, 19.06635 ], [ -155.55326, 19.06628 ], [ -155.55319, 19.06623 ], [ -155.55316, 19.06615 ], [ -155.5532, 19.0661 ], [ -155.55324, 19.06601 ], [ -155.55327, 19.06588 ], [ -155.55324, 19.06576 ], [ -155.55318, 19.06572 ], [ -155.55315, 19.06555 ], [ -155.5531, 19.06546 ], [ -155.55302, 19.06542 ], [ -155.55299, 19.06537 ], [ -155.55296, 19.06527 ], [ -155.55289, 19.06512 ], [ -155.55282, 19.06506 ], [ -155.55275, 19.06504 ], [ -155.55274, 19.06501 ], [ -155.55291, 19.06489 ], [ -155.55294, 19.06485 ], [ -155.55289, 19.0648 ], [ -155.55292, 19.06474 ], [ -155.55308, 19.06461 ], [ -155.55309, 19.06452 ], [ -155.55306, 19.06429 ], [ -155.55317, 19.0642 ], [ -155.55319, 19.06415 ], [ -155.5532, 19.06394 ], [ -155.55315, 19.06388 ], [ -155.55297, 19.0638 ], [ -155.5528, 19.06367 ], [ -155.55275, 19.06358 ], [ -155.55276, 19.06328 ], [ -155.55281, 19.06321 ], [ -155.55294, 19.06313 ], [ -155.553, 19.06303 ], [ -155.553, 19.06291 ], [ -155.55303, 19.06287 ], [ -155.55318, 19.06281 ], [ -155.55322, 19.06274 ], [ -155.55316, 19.06252 ], [ -155.5532, 19.06243 ], [ -155.55347, 19.06219 ], [ -155.55347, 19.06197 ], [ -155.5535, 19.06191 ], [ -155.55368, 19.06176 ], [ -155.55373, 19.06129 ], [ -155.55362, 19.06121 ], [ -155.55355, 19.06119 ], [ -155.55354, 19.061 ], [ -155.55349, 19.0609 ], [ -155.55341, 19.06079 ], [ -155.55327, 19.06054 ], [ -155.55275, 19.05998 ], [ -155.55264, 19.05988 ], [ -155.55264, 19.05978 ], [ -155.55257, 19.05954 ], [ -155.55258, 19.05945 ], [ -155.55261, 19.05937 ], [ -155.5526, 19.05931 ], [ -155.55254, 19.05923 ], [ -155.55268, 19.05926 ], [ -155.55271, 19.05925 ], [ -155.55274, 19.05919 ], [ -155.55278, 19.05917 ], [ -155.55284, 19.05917 ], [ -155.55294, 19.05911 ], [ -155.5529, 19.05904 ], [ -155.55292, 19.05893 ], [ -155.55307, 19.05869 ], [ -155.55313, 19.05865 ], [ -155.55316, 19.05835 ], [ -155.55323, 19.05828 ], [ -155.55326, 19.05818 ], [ -155.5533, 19.05811 ], [ -155.55348, 19.05799 ], [ -155.55346, 19.05779 ], [ -155.5535, 19.05766 ], [ -155.55362, 19.05741 ], [ -155.55361, 19.05728 ], [ -155.55352, 19.05718 ], [ -155.5534, 19.05693 ], [ -155.55339, 19.05684 ], [ -155.55333, 19.0567 ], [ -155.55312, 19.05643 ], [ -155.55301, 19.05624 ], [ -155.55282, 19.05576 ], [ -155.55275, 19.05554 ], [ -155.55269, 19.05544 ], [ -155.55241, 19.05526 ], [ -155.55231, 19.05512 ], [ -155.55228, 19.05499 ], [ -155.55222, 19.05491 ], [ -155.5522, 19.05479 ], [ -155.55219, 19.05448 ], [ -155.55217, 19.05402 ], [ -155.5522, 19.05367 ], [ -155.55218, 19.05334 ], [ -155.55227, 19.05306 ], [ -155.55223, 19.05293 ], [ -155.55207, 19.0528 ], [ -155.55191, 19.05258 ], [ -155.5518, 19.0525 ], [ -155.55184, 19.05228 ], [ -155.55172, 19.0518 ], [ -155.55174, 19.05174 ], [ -155.55217, 19.05149 ], [ -155.55232, 19.05145 ], [ -155.55252, 19.05141 ], [ -155.55268, 19.05134 ], [ -155.55268, 19.05125 ], [ -155.55262, 19.05116 ], [ -155.55257, 19.05111 ], [ -155.55258, 19.05106 ], [ -155.55277, 19.05098 ], [ -155.5531, 19.05068 ], [ -155.55366, 19.04989 ], [ -155.55374, 19.04975 ], [ -155.55373, 19.04972 ], [ -155.55364, 19.04917 ], [ -155.55356, 19.04907 ], [ -155.55349, 19.04902 ], [ -155.55348, 19.04892 ], [ -155.55349, 19.04882 ], [ -155.55346, 19.04857 ], [ -155.55355, 19.04826 ], [ -155.55352, 19.04814 ], [ -155.55345, 19.04807 ], [ -155.55342, 19.04799 ], [ -155.55337, 19.04773 ], [ -155.5532, 19.0475 ], [ -155.55323, 19.04743 ], [ -155.5535, 19.04697 ], [ -155.55378, 19.04669 ], [ -155.55376, 19.04655 ], [ -155.55369, 19.04642 ], [ -155.55365, 19.0464 ], [ -155.55365, 19.04635 ], [ -155.55375, 19.04622 ], [ -155.55387, 19.04608 ], [ -155.5539, 19.04588 ], [ -155.55388, 19.04553 ], [ -155.5539, 19.04547 ], [ -155.554, 19.04539 ], [ -155.55401, 19.04522 ], [ -155.55395, 19.04512 ], [ -155.55397, 19.04506 ], [ -155.55401, 19.045 ], [ -155.55423, 19.04459 ], [ -155.5546, 19.04406 ], [ -155.55462, 19.0439 ], [ -155.5546, 19.04381 ], [ -155.55462, 19.04371 ], [ -155.55467, 19.04369 ], [ -155.55483, 19.04366 ], [ -155.55492, 19.04359 ], [ -155.555, 19.04345 ], [ -155.55508, 19.04335 ], [ -155.55512, 19.04324 ], [ -155.55514, 19.04309 ], [ -155.55519, 19.04302 ], [ -155.55532, 19.04296 ], [ -155.55569, 19.0426 ], [ -155.55575, 19.04247 ], [ -155.55576, 19.04223 ], [ -155.55584, 19.04208 ], [ -155.55588, 19.04196 ], [ -155.55592, 19.04188 ], [ -155.556, 19.04187 ], [ -155.55613, 19.04178 ], [ -155.55646, 19.04134 ], [ -155.55653, 19.04122 ], [ -155.55651, 19.0411 ], [ -155.55654, 19.041 ], [ -155.55673, 19.04067 ], [ -155.557, 19.04029 ], [ -155.55703, 19.04019 ], [ -155.55704, 19.04007 ], [ -155.55708, 19.03994 ], [ -155.55723, 19.03977 ], [ -155.55735, 19.03961 ], [ -155.55746, 19.03924 ], [ -155.55759, 19.03906 ], [ -155.55765, 19.03885 ], [ -155.55776, 19.03867 ], [ -155.55778, 19.03861 ], [ -155.55784, 19.03837 ], [ -155.55789, 19.03806 ], [ -155.55797, 19.038 ], [ -155.5582, 19.03793 ], [ -155.5583, 19.03785 ], [ -155.55842, 19.03754 ], [ -155.55848, 19.03748 ], [ -155.55864, 19.0374 ], [ -155.55875, 19.03723 ], [ -155.55885, 19.03711 ], [ -155.55889, 19.03696 ], [ -155.55902, 19.0368 ], [ -155.55918, 19.03648 ], [ -155.55947, 19.0363 ], [ -155.55956, 19.03608 ], [ -155.55955, 19.03601 ], [ -155.55962, 19.03593 ], [ -155.55969, 19.03587 ], [ -155.55975, 19.03577 ], [ -155.55997, 19.03525 ], [ -155.55999, 19.03511 ], [ -155.55998, 19.03504 ], [ -155.5601, 19.03487 ], [ -155.56023, 19.03465 ], [ -155.56022, 19.03451 ], [ -155.56025, 19.0344 ], [ -155.56035, 19.03434 ], [ -155.56045, 19.0343 ], [ -155.56052, 19.03421 ], [ -155.56058, 19.03405 ], [ -155.56058, 19.0339 ], [ -155.56064, 19.03374 ], [ -155.56138, 19.03294 ], [ -155.56138, 19.03277 ], [ -155.56134, 19.03261 ], [ -155.56138, 19.03261 ], [ -155.56148, 19.03257 ], [ -155.56155, 19.03252 ], [ -155.5618, 19.03205 ], [ -155.56184, 19.03195 ], [ -155.56205, 19.03172 ], [ -155.56212, 19.0316 ], [ -155.56221, 19.03126 ], [ -155.56225, 19.03118 ], [ -155.56231, 19.03113 ], [ -155.56238, 19.03109 ], [ -155.56245, 19.0311 ], [ -155.56258, 19.03103 ], [ -155.56271, 19.03082 ], [ -155.56308, 19.03058 ], [ -155.56315, 19.03041 ], [ -155.56321, 19.03018 ], [ -155.56326, 19.03011 ], [ -155.56337, 19.03004 ], [ -155.56347, 19.02986 ], [ -155.56374, 19.02954 ], [ -155.56395, 19.02943 ], [ -155.56425, 19.02922 ], [ -155.56432, 19.02914 ], [ -155.56477, 19.02897 ], [ -155.56514, 19.02873 ], [ -155.56534, 19.02843 ], [ -155.56554, 19.02837 ], [ -155.56568, 19.02829 ], [ -155.56628, 19.02776 ], [ -155.56638, 19.02762 ], [ -155.56668, 19.02732 ], [ -155.56704, 19.02701 ], [ -155.56719, 19.02692 ], [ -155.56719, 19.02691 ], [ -155.56764, 19.02663 ], [ -155.56807, 19.02646 ], [ -155.56845, 19.02627 ], [ -155.56871, 19.02609 ], [ -155.56888, 19.02605 ], [ -155.56902, 19.02596 ], [ -155.56926, 19.02586 ], [ -155.56991, 19.02572 ], [ -155.57, 19.02566 ], [ -155.57005, 19.02565 ], [ -155.57011, 19.02573 ], [ -155.57017, 19.02573 ], [ -155.57035, 19.02569 ], [ -155.57101, 19.0256 ], [ -155.57114, 19.02555 ], [ -155.57121, 19.02549 ], [ -155.57128, 19.02537 ], [ -155.57133, 19.02535 ], [ -155.57149, 19.0254 ], [ -155.57196, 19.02526 ], [ -155.57231, 19.02521 ], [ -155.57246, 19.02514 ], [ -155.57267, 19.02507 ], [ -155.57293, 19.02497 ], [ -155.57346, 19.02467 ], [ -155.57373, 19.02447 ], [ -155.57391, 19.02424 ], [ -155.574, 19.02402 ], [ -155.57406, 19.02381 ], [ -155.57407, 19.02359 ], [ -155.57416, 19.02353 ], [ -155.57431, 19.02348 ], [ -155.57437, 19.02352 ], [ -155.57455, 19.02349 ], [ -155.57473, 19.02338 ], [ -155.5752, 19.02318 ], [ -155.57553, 19.02303 ], [ -155.57557, 19.02293 ], [ -155.57557, 19.02284 ], [ -155.57549, 19.02277 ], [ -155.57565, 19.02276 ], [ -155.57577, 19.02265 ], [ -155.57598, 19.0226 ], [ -155.5761, 19.02248 ], [ -155.57627, 19.02244 ], [ -155.57634, 19.0224 ], [ -155.57637, 19.02234 ], [ -155.57636, 19.02229 ], [ -155.57661, 19.02221 ], [ -155.57668, 19.02213 ], [ -155.57671, 19.02197 ], [ -155.57677, 19.02182 ], [ -155.57694, 19.0217 ], [ -155.57699, 19.02159 ], [ -155.57699, 19.02151 ], [ -155.57723, 19.02113 ], [ -155.57727, 19.02102 ], [ -155.57732, 19.02077 ], [ -155.57727, 19.02075 ], [ -155.57715, 19.02066 ], [ -155.57715, 19.02062 ], [ -155.57724, 19.02061 ], [ -155.57741, 19.02056 ], [ -155.57749, 19.02048 ], [ -155.57753, 19.02039 ], [ -155.5776, 19.02004 ], [ -155.57767, 19.02004 ], [ -155.57802, 19.01997 ], [ -155.57818, 19.0199 ], [ -155.57829, 19.01981 ], [ -155.57844, 19.0195 ], [ -155.57867, 19.01951 ], [ -155.57887, 19.01931 ], [ -155.57896, 19.01931 ], [ -155.57904, 19.01934 ], [ -155.57914, 19.01933 ], [ -155.57916, 19.01926 ], [ -155.57916, 19.01918 ], [ -155.57914, 19.01912 ], [ -155.57914, 19.01908 ], [ -155.57918, 19.01904 ], [ -155.57955, 19.01878 ], [ -155.57984, 19.0187 ], [ -155.57998, 19.01846 ], [ -155.58, 19.01827 ], [ -155.58, 19.01805 ], [ -155.5799, 19.01781 ], [ -155.57983, 19.01746 ], [ -155.57975, 19.01732 ], [ -155.57987, 19.01732 ], [ -155.57984, 19.01709 ], [ -155.57988, 19.01707 ], [ -155.57998, 19.01711 ], [ -155.58006, 19.01707 ], [ -155.5802, 19.01687 ], [ -155.58029, 19.01672 ], [ -155.58028, 19.01662 ], [ -155.58025, 19.01652 ], [ -155.58044, 19.01623 ], [ -155.58049, 19.01604 ], [ -155.58039, 19.01579 ], [ -155.5804, 19.01574 ], [ -155.58049, 19.01563 ], [ -155.58061, 19.01527 ], [ -155.58075, 19.01521 ], [ -155.58078, 19.01518 ], [ -155.58102, 19.01506 ], [ -155.58106, 19.01501 ], [ -155.58116, 19.0147 ], [ -155.58128, 19.01449 ], [ -155.58154, 19.01425 ], [ -155.58157, 19.01419 ], [ -155.58156, 19.014 ], [ -155.58158, 19.01385 ], [ -155.58167, 19.01348 ], [ -155.58154, 19.01343 ], [ -155.58152, 19.01337 ], [ -155.58157, 19.01329 ], [ -155.58165, 19.01322 ], [ -155.58167, 19.01319 ], [ -155.58163, 19.0131 ], [ -155.58169, 19.01304 ], [ -155.58179, 19.01285 ], [ -155.58188, 19.01263 ], [ -155.58181, 19.01243 ], [ -155.58206, 19.01184 ], [ -155.58206, 19.01176 ], [ -155.58198, 19.01165 ], [ -155.58199, 19.01161 ], [ -155.5821, 19.01152 ], [ -155.58219, 19.0114 ], [ -155.58222, 19.01138 ], [ -155.58234, 19.01123 ], [ -155.58236, 19.01113 ], [ -155.58231, 19.01089 ], [ -155.58236, 19.01084 ], [ -155.58243, 19.01073 ], [ -155.58247, 19.01047 ], [ -155.58259, 19.01015 ], [ -155.5826, 19.01002 ], [ -155.58257, 19.00987 ], [ -155.58289, 19.00974 ], [ -155.58299, 19.00966 ], [ -155.58302, 19.00955 ], [ -155.58293, 19.00943 ], [ -155.58288, 19.00921 ], [ -155.5828, 19.0091 ], [ -155.58284, 19.00903 ], [ -155.58298, 19.00865 ], [ -155.58309, 19.0086 ], [ -155.58314, 19.00857 ], [ -155.58316, 19.00852 ], [ -155.58316, 19.00841 ], [ -155.58324, 19.00839 ], [ -155.58335, 19.00835 ], [ -155.58338, 19.00831 ], [ -155.5834, 19.00816 ], [ -155.58346, 19.00791 ], [ -155.58338, 19.00766 ], [ -155.58342, 19.00744 ], [ -155.5834, 19.00739 ], [ -155.58334, 19.00694 ], [ -155.58335, 19.00685 ], [ -155.58342, 19.00679 ], [ -155.58353, 19.00672 ], [ -155.58363, 19.00669 ], [ -155.58376, 19.00653 ], [ -155.58385, 19.00647 ], [ -155.58408, 19.00638 ], [ -155.58416, 19.00625 ], [ -155.58416, 19.00602 ], [ -155.58423, 19.00594 ], [ -155.58438, 19.00581 ], [ -155.58438, 19.00573 ], [ -155.58434, 19.00566 ], [ -155.58434, 19.0056 ], [ -155.58437, 19.00552 ], [ -155.58434, 19.00541 ], [ -155.58438, 19.00522 ], [ -155.58431, 19.00513 ], [ -155.58433, 19.00503 ], [ -155.58431, 19.00493 ], [ -155.58419, 19.0048 ], [ -155.58416, 19.00474 ], [ -155.58435, 19.00475 ], [ -155.58441, 19.00472 ], [ -155.58448, 19.00465 ], [ -155.58452, 19.00455 ], [ -155.5847, 19.00435 ], [ -155.58488, 19.00422 ], [ -155.585, 19.00402 ], [ -155.585, 19.00392 ], [ -155.58503, 19.00383 ], [ -155.5853, 19.00367 ], [ -155.58554, 19.00354 ], [ -155.58567, 19.00345 ], [ -155.58576, 19.00341 ], [ -155.58603, 19.00326 ], [ -155.5863, 19.00315 ], [ -155.58647, 19.00303 ], [ -155.58662, 19.00298 ], [ -155.58674, 19.00289 ], [ -155.58682, 19.00279 ], [ -155.5869, 19.00259 ], [ -155.58698, 19.00209 ], [ -155.58707, 19.00171 ], [ -155.58716, 19.00153 ], [ -155.58733, 19.0014 ], [ -155.58736, 19.00129 ], [ -155.58745, 19.00117 ], [ -155.58754, 19.00109 ], [ -155.58782, 19.00095 ], [ -155.58785, 19.00073 ], [ -155.58792, 19.00064 ], [ -155.58799, 19.00058 ], [ -155.58814, 19.00053 ], [ -155.58823, 19.00055 ], [ -155.58828, 19.00053 ], [ -155.58835, 19.00044 ], [ -155.58836, 19.00036 ], [ -155.58833, 19.00032 ], [ -155.58835, 19.00027 ], [ -155.58862, 19.00027 ], [ -155.58872, 19.00017 ], [ -155.58879, 19.00015 ], [ -155.58892, 19.00018 ], [ -155.58898, 19.00015 ], [ -155.58916, 18.99989 ], [ -155.58936, 18.99972 ], [ -155.58949, 18.99949 ], [ -155.58969, 18.99943 ], [ -155.58974, 18.99937 ], [ -155.58978, 18.99926 ], [ -155.59022, 18.99908 ], [ -155.5903, 18.99896 ], [ -155.59049, 18.99888 ], [ -155.59052, 18.99877 ], [ -155.59052, 18.99859 ], [ -155.59056, 18.99854 ], [ -155.59066, 18.99844 ], [ -155.59087, 18.99835 ], [ -155.5909, 18.99831 ], [ -155.59091, 18.99788 ], [ -155.59097, 18.9978 ], [ -155.59118, 18.9975 ], [ -155.59123, 18.99747 ], [ -155.59127, 18.99742 ], [ -155.59131, 18.99729 ], [ -155.59136, 18.9972 ], [ -155.59144, 18.99714 ], [ -155.59147, 18.99712 ], [ -155.59182, 18.99706 ], [ -155.5919, 18.997 ], [ -155.59193, 18.99693 ], [ -155.59206, 18.99678 ], [ -155.59217, 18.99672 ], [ -155.59225, 18.99661 ], [ -155.59233, 18.99651 ], [ -155.5923, 18.99627 ], [ -155.59237, 18.99615 ], [ -155.59244, 18.99611 ], [ -155.59269, 18.99613 ], [ -155.59285, 18.99601 ], [ -155.59295, 18.99599 ], [ -155.59309, 18.99587 ], [ -155.59323, 18.99578 ], [ -155.59325, 18.99575 ], [ -155.59318, 18.99558 ], [ -155.59306, 18.99539 ], [ -155.59309, 18.99534 ], [ -155.59331, 18.99524 ], [ -155.59333, 18.9952 ], [ -155.59335, 18.99504 ], [ -155.59332, 18.99489 ], [ -155.59335, 18.99482 ], [ -155.5934, 18.99486 ], [ -155.5936, 18.99518 ], [ -155.59365, 18.9952 ], [ -155.59374, 18.99505 ], [ -155.59384, 18.99469 ], [ -155.59384, 18.99464 ], [ -155.59394, 18.99457 ], [ -155.59391, 18.99446 ], [ -155.59385, 18.99438 ], [ -155.59385, 18.9943 ], [ -155.59388, 18.99417 ], [ -155.59382, 18.99391 ], [ -155.59363, 18.99374 ], [ -155.5936, 18.99369 ], [ -155.5936, 18.99352 ], [ -155.59356, 18.9934 ], [ -155.59361, 18.99318 ], [ -155.59356, 18.99308 ], [ -155.59356, 18.99302 ], [ -155.59365, 18.99287 ], [ -155.59372, 18.99281 ], [ -155.5938, 18.99282 ], [ -155.59386, 18.99287 ], [ -155.59399, 18.99285 ], [ -155.59404, 18.99283 ], [ -155.5941, 18.99262 ], [ -155.59409, 18.99253 ], [ -155.59405, 18.99247 ], [ -155.59387, 18.99233 ], [ -155.59376, 18.99227 ], [ -155.59368, 18.99213 ], [ -155.59364, 18.99195 ], [ -155.59936, 18.99407 ], [ -155.62358, 19.0038 ], [ -155.65741, 19.00927 ], [ -155.69159, 19.01705 ], [ -155.71555, 19.02286 ], [ -155.72806, 19.02862 ], [ -155.74796, 19.0396 ], [ -155.76192, 19.05007 ], [ -155.77744, 19.06515 ], [ -155.79074, 19.08076 ], [ -155.80114, 19.09429 ], [ -155.81168, 19.10944 ], [ -155.8233, 19.12627 ], [ -155.84003, 19.14978 ], [ -155.85277, 19.17003 ], [ -155.85607, 19.19051 ], [ -155.85842, 19.21131 ], [ -155.85957, 19.23031 ], [ -155.85892, 19.25709 ], [ -155.85978, 19.27782 ], [ -155.8611, 19.30789 ], [ -155.86368, 19.32959 ], [ -155.8759, 19.36333 ], [ -155.8795, 19.36861 ], [ -155.8885, 19.3866 ], [ -155.89508, 19.40572 ], [ -155.90205, 19.42917 ], [ -155.90529, 19.44583 ], [ -155.91214, 19.46183 ], [ -155.92225, 19.48171 ], [ -155.93101, 19.50382 ], [ -155.93637, 19.52599 ], [ -155.94002, 19.54093 ], [ -155.94379, 19.55677 ], [ -155.94636, 19.57103 ], [ -155.95045, 19.59382 ], [ -155.95203, 19.60607 ], [ -155.95385, 19.62003 ], [ -155.95643, 19.64133 ], [ -155.95952, 19.66132 ], [ -155.96271, 19.67445 ], [ -155.97006, 19.69367 ], [ -155.97774, 19.71388 ], [ -155.98234, 19.73485 ], [ -155.9807, 19.75269 ], [ -155.97156, 19.77467 ], [ -155.9557, 19.7898 ], [ -155.94198, 19.79916 ], [ -155.92081, 19.80933 ], [ -155.89078, 19.81912 ], [ -155.87231, 19.82512 ], [ -155.84606, 19.83173 ], [ -155.82088, 19.83853 ], [ -155.79678, 19.8461 ], [ -155.7697, 19.85462 ], [ -155.74508, 19.86311 ], [ -155.7194, 19.87311 ], [ -155.69622, 19.8862 ], [ -155.68452, 19.89631 ], [ -155.67358, 19.90712 ], [ -155.66275, 19.91883 ], [ -155.65636, 19.92747 ], [ -155.65444, 19.93514 ], [ -155.65286, 19.94472 ], [ -155.65235, 19.95368 ], [ -155.65163, 19.96405 ], [ -155.6522, 19.97431 ], [ -155.65393, 19.98364 ], [ -155.65651, 19.99256 ], [ -155.66372, 20.00465 ], [ -155.67057, 20.01301 ], [ -155.68349, 20.02099 ], [ -155.6994, 20.02873 ], [ -155.72041, 20.0345 ], [ -155.74061, 20.04248 ], [ -155.75731, 20.05313 ], [ -155.77434, 20.07111 ], [ -155.78697, 20.08715 ], [ -155.7958, 20.0996 ], [ -155.80543, 20.11507 ], [ -155.81838, 20.1312 ], [ -155.82788, 20.14445 ], [ -155.83975, 20.15938 ], [ -155.84865, 20.16892 ], [ -155.85563, 20.17778 ], [ -155.86016, 20.18789 ], [ -155.86199, 20.19571 ], [ -155.86246, 20.20587 ], [ -155.86077, 20.21434 ], [ -155.85541, 20.22066 ], [ -155.84895, 20.22497 ], [ -155.83234, 20.22983 ], [ -155.81421, 20.23319 ], [ -155.79626, 20.23434 ], [ -155.77938, 20.23567 ], [ -155.76753, 20.23673 ], [ -155.75478, 20.23519 ] ], [ [ -155.85308, 19.4487 ], [ -155.85142, 19.45769 ], [ -155.85399, 19.46611 ], [ -155.85862, 19.4765 ], [ -155.86779, 19.49076 ], [ -155.87781, 19.50521 ], [ -155.88489, 19.52232 ], [ -155.89026, 19.53935 ], [ -155.88941, 19.55959 ], [ -155.88077, 19.58628 ], [ -155.87349, 19.59746 ], [ -155.86349, 19.6117 ], [ -155.8496, 19.62306 ], [ -155.83445, 19.63586 ], [ -155.82164, 19.64781 ], [ -155.81388, 19.66342 ], [ -155.80717, 19.68455 ], [ -155.79804, 19.69413 ], [ -155.78768, 19.70665 ], [ -155.77251, 19.72618 ], [ -155.76389, 19.7417 ], [ -155.7599, 19.75292 ], [ -155.7611, 19.76256 ], [ -155.76803, 19.76972 ], [ -155.7752, 19.77153 ], [ -155.78445, 19.7698 ], [ -155.79856, 19.76507 ], [ -155.81245, 19.75944 ], [ -155.82271, 19.75417 ], [ -155.83382, 19.74848 ], [ -155.84676, 19.74377 ], [ -155.85929, 19.74067 ], [ -155.87405, 19.73694 ], [ -155.88598, 19.73606 ], [ -155.89406, 19.73484 ], [ -155.90695, 19.73425 ], [ -155.91704, 19.73169 ], [ -155.92634, 19.72682 ], [ -155.93307, 19.72048 ], [ -155.9371, 19.70563 ], [ -155.94114, 19.69208 ], [ -155.94165, 19.68332 ], [ -155.94114, 19.67145 ], [ -155.93851, 19.66012 ], [ -155.93822, 19.6418 ], [ -155.93649, 19.63368 ], [ -155.93485, 19.62465 ], [ -155.93355, 19.60977 ], [ -155.93366, 19.58954 ], [ -155.9274, 19.57121 ], [ -155.92324, 19.55738 ], [ -155.91931, 19.53802 ], [ -155.91422, 19.51887 ], [ -155.90827, 19.49923 ], [ -155.90191, 19.48765 ], [ -155.89224, 19.47501 ], [ -155.88366, 19.46416 ], [ -155.87779, 19.4568 ], [ -155.87204, 19.44974 ], [ -155.86252, 19.44666 ], [ -155.85308, 19.4487 ] ], [ [ -155.50705, 19.93236 ], [ -155.52032, 19.92677 ], [ -155.53479, 19.91583 ], [ -155.55193, 19.90465 ], [ -155.56684, 19.89511 ], [ -155.58177, 19.88657 ], [ -155.59882, 19.877 ], [ -155.61424, 19.86574 ], [ -155.62221, 19.85598 ], [ -155.63247, 19.84156 ], [ -155.6349, 19.82432 ], [ -155.62863, 19.80247 ], [ -155.62286, 19.78675 ], [ -155.61541, 19.77175 ], [ -155.60682, 19.75174 ], [ -155.59866, 19.72407 ], [ -155.59664, 19.70086 ], [ -155.59785, 19.68082 ], [ -155.60614, 19.66381 ], [ -155.61632, 19.65241 ], [ -155.63549, 19.64441 ], [ -155.65811, 19.63928 ], [ -155.66743, 19.63694 ], [ -155.71166, 19.6323 ], [ -155.7433, 19.62563 ], [ -155.76096, 19.61684 ], [ -155.77898, 19.60321 ], [ -155.79114, 19.59076 ], [ -155.80216, 19.57984 ], [ -155.80918, 19.56495 ], [ -155.81325, 19.55231 ], [ -155.81188, 19.53924 ], [ -155.80824, 19.5239 ], [ -155.80185, 19.50296 ], [ -155.7984, 19.47865 ], [ -155.79467, 19.45727 ], [ -155.78966, 19.43601 ], [ -155.78492, 19.41795 ], [ -155.78237, 19.39706 ], [ -155.78257, 19.37472 ], [ -155.78517, 19.34318 ], [ -155.78754, 19.31728 ], [ -155.79085, 19.29711 ], [ -155.79263, 19.27424 ], [ -155.79112, 19.25182 ], [ -155.77794, 19.22413 ], [ -155.76769, 19.20687 ], [ -155.75955, 19.19541 ], [ -155.75095, 19.18889 ], [ -155.74084, 19.18752 ], [ -155.72036, 19.19646 ], [ -155.70285, 19.2122 ], [ -155.68503, 19.22885 ], [ -155.65325, 19.25011 ], [ -155.61126, 19.27875 ], [ -155.57575, 19.3086 ], [ -155.55774, 19.32111 ], [ -155.5377, 19.33253 ], [ -155.53246, 19.33783 ], [ -155.48427, 19.37516 ], [ -155.43835, 19.41748 ], [ -155.40245, 19.44578 ], [ -155.3635, 19.47854 ], [ -155.33966, 19.50386 ], [ -155.32506, 19.52827 ], [ -155.32623, 19.54546 ], [ -155.33408, 19.56066 ], [ -155.34198, 19.57183 ], [ -155.35496, 19.5836 ], [ -155.36807, 19.594 ], [ -155.40353, 19.61269 ], [ -155.42637, 19.62549 ], [ -155.44266, 19.63335 ], [ -155.45361, 19.6483 ], [ -155.45533, 19.66589 ], [ -155.45151, 19.68394 ], [ -155.43754, 19.70815 ], [ -155.42087, 19.72958 ], [ -155.40342, 19.74829 ], [ -155.39075, 19.76695 ], [ -155.38303, 19.78001 ], [ -155.37386, 19.78897 ], [ -155.36368, 19.80216 ], [ -155.35731, 19.8133 ], [ -155.35279, 19.82713 ], [ -155.35159, 19.84233 ], [ -155.35241, 19.85791 ], [ -155.35705, 19.87134 ], [ -155.36419, 19.88826 ], [ -155.37096, 19.90096 ], [ -155.37996, 19.91343 ], [ -155.39071, 19.92005 ], [ -155.40443, 19.92522 ], [ -155.42966, 19.92935 ], [ -155.44974, 19.93143 ], [ -155.49352, 19.93423 ], [ -155.50705, 19.93236 ] ] ] ] } },
{ "type": "Feature", "properties": { "objectid": 38, "solar_cal": "400-450", "st_areasha": 371956722.02770257, "st_perimet": 210512.5948848346 }, "geometry": { "type": "MultiPolygon", "coordinates": [ [ [ [ -156.32157, 20.94721 ], [ -156.32135, 20.94703 ], [ -156.32124, 20.94692 ], [ -156.32118, 20.94682 ], [ -156.32112, 20.94661 ], [ -156.32109, 20.94654 ], [ -156.32089, 20.94629 ], [ -156.32079, 20.94609 ], [ -156.32066, 20.94598 ], [ -156.32049, 20.94582 ], [ -156.32044, 20.94573 ], [ -156.32034, 20.94558 ], [ -156.32023, 20.94558 ], [ -156.32021, 20.94549 ], [ -156.32018, 20.94546 ], [ -156.32012, 20.94545 ], [ -156.3201, 20.94554 ], [ -156.32006, 20.94557 ], [ -156.32, 20.9455 ], [ -156.31984, 20.94543 ], [ -156.31975, 20.94534 ], [ -156.31968, 20.94523 ], [ -156.3196, 20.94507 ], [ -156.31956, 20.94492 ], [ -156.31956, 20.9447 ], [ -156.31958, 20.94464 ], [ -156.31958, 20.94446 ], [ -156.3196, 20.94414 ], [ -156.31958, 20.94406 ], [ -156.31955, 20.94402 ], [ -156.3195, 20.94401 ], [ -156.31945, 20.94401 ], [ -156.31933, 20.94411 ], [ -156.31928, 20.9442 ], [ -156.31926, 20.94433 ], [ -156.31922, 20.9444 ], [ -156.31907, 20.94452 ], [ -156.31896, 20.94452 ], [ -156.31896, 20.94431 ], [ -156.31893, 20.94419 ], [ -156.31895, 20.94408 ], [ -156.31899, 20.94401 ], [ -156.31905, 20.9439 ], [ -156.31914, 20.94377 ], [ -156.31925, 20.94363 ], [ -156.31929, 20.94356 ], [ -156.31931, 20.94349 ], [ -156.31934, 20.9434 ], [ -156.31935, 20.94325 ], [ -156.31931, 20.94311 ], [ -156.31922, 20.94296 ], [ -156.31902, 20.94277 ], [ -156.31902, 20.94273 ], [ -156.31892, 20.94256 ], [ -156.31875, 20.94241 ], [ -156.31857, 20.94232 ], [ -156.31829, 20.94228 ], [ -156.31822, 20.94226 ], [ -156.31795, 20.94227 ], [ -156.31775, 20.94234 ], [ -156.31761, 20.94241 ], [ -156.31749, 20.94252 ], [ -156.31747, 20.94259 ], [ -156.31748, 20.94277 ], [ -156.31752, 20.94293 ], [ -156.31751, 20.94309 ], [ -156.31747, 20.94318 ], [ -156.31726, 20.94343 ], [ -156.31719, 20.94356 ], [ -156.31717, 20.94371 ], [ -156.31721, 20.94386 ], [ -156.31742, 20.94407 ], [ -156.31741, 20.94412 ], [ -156.31733, 20.94426 ], [ -156.31727, 20.94451 ], [ -156.31721, 20.94459 ], [ -156.31713, 20.94459 ], [ -156.31707, 20.9445 ], [ -156.31709, 20.94429 ], [ -156.3171, 20.94417 ], [ -156.31707, 20.9441 ], [ -156.31703, 20.94406 ], [ -156.31699, 20.94408 ], [ -156.31681, 20.94422 ], [ -156.31665, 20.94429 ], [ -156.31651, 20.94429 ], [ -156.31625, 20.94423 ], [ -156.31614, 20.94424 ], [ -156.31604, 20.94429 ], [ -156.31597, 20.94439 ], [ -156.31592, 20.94449 ], [ -156.31589, 20.9446 ], [ -156.31585, 20.94487 ], [ -156.31581, 20.94494 ], [ -156.31577, 20.94497 ], [ -156.31571, 20.94496 ], [ -156.31567, 20.94493 ], [ -156.31561, 20.94478 ], [ -156.31558, 20.94462 ], [ -156.31553, 20.94446 ], [ -156.31545, 20.94436 ], [ -156.31537, 20.94436 ], [ -156.31531, 20.94439 ], [ -156.31522, 20.94449 ], [ -156.31514, 20.94457 ], [ -156.31504, 20.94463 ], [ -156.31502, 20.9447 ], [ -156.31502, 20.94481 ], [ -156.31502, 20.94505 ], [ -156.31495, 20.94513 ], [ -156.31491, 20.94515 ], [ -156.31485, 20.94514 ], [ -156.31474, 20.94507 ], [ -156.31468, 20.94498 ], [ -156.31466, 20.94481 ], [ -156.31451, 20.94468 ], [ -156.31442, 20.94457 ], [ -156.31438, 20.94439 ], [ -156.31433, 20.9443 ], [ -156.31411, 20.94412 ], [ -156.31374, 20.94391 ], [ -156.31331, 20.9438 ], [ -156.3129, 20.94371 ], [ -156.31282, 20.94367 ], [ -156.31267, 20.94367 ], [ -156.31262, 20.9436 ], [ -156.31258, 20.94343 ], [ -156.31243, 20.94318 ], [ -156.31233, 20.94296 ], [ -156.31226, 20.94286 ], [ -156.31213, 20.94276 ], [ -156.31198, 20.94267 ], [ -156.31186, 20.94245 ], [ -156.31182, 20.94242 ], [ -156.31167, 20.94235 ], [ -156.3115, 20.94217 ], [ -156.31123, 20.94179 ], [ -156.31111, 20.94175 ], [ -156.31098, 20.9417 ], [ -156.31048, 20.94162 ], [ -156.31027, 20.94152 ], [ -156.31002, 20.94134 ], [ -156.30983, 20.94119 ], [ -156.3097, 20.94113 ], [ -156.30955, 20.9411 ], [ -156.30946, 20.94103 ], [ -156.30929, 20.94086 ], [ -156.30907, 20.94073 ], [ -156.30849, 20.94042 ], [ -156.30811, 20.94016 ], [ -156.30774, 20.94 ], [ -156.30708, 20.93977 ], [ -156.30675, 20.93964 ], [ -156.30649, 20.93952 ], [ -156.30635, 20.9395 ], [ -156.30603, 20.93963 ], [ -156.30591, 20.93962 ], [ -156.3058, 20.93961 ], [ -156.30567, 20.93962 ], [ -156.30543, 20.93968 ], [ -156.30525, 20.93974 ], [ -156.30514, 20.93973 ], [ -156.30505, 20.93971 ], [ -156.30498, 20.93969 ], [ -156.30492, 20.93964 ], [ -156.30478, 20.93941 ], [ -156.30471, 20.93934 ], [ -156.30466, 20.93931 ], [ -156.30459, 20.93932 ], [ -156.30451, 20.93936 ], [ -156.30437, 20.9395 ], [ -156.30431, 20.93957 ], [ -156.30425, 20.9396 ], [ -156.30398, 20.93965 ], [ -156.30379, 20.93979 ], [ -156.30354, 20.93986 ], [ -156.30335, 20.93999 ], [ -156.30316, 20.94016 ], [ -156.30304, 20.94031 ], [ -156.30284, 20.94047 ], [ -156.3028, 20.94068 ], [ -156.30269, 20.94081 ], [ -156.30251, 20.94093 ], [ -156.30248, 20.94099 ], [ -156.30247, 20.94107 ], [ -156.30241, 20.94111 ], [ -156.30189, 20.94114 ], [ -156.30148, 20.94123 ], [ -156.30118, 20.94137 ], [ -156.30113, 20.94137 ], [ -156.30109, 20.94137 ], [ -156.30091, 20.94133 ], [ -156.30073, 20.94127 ], [ -156.30047, 20.94127 ], [ -156.30037, 20.94127 ], [ -156.30025, 20.94124 ], [ -156.29995, 20.94104 ], [ -156.29972, 20.94093 ], [ -156.29947, 20.9409 ], [ -156.29916, 20.94091 ], [ -156.29903, 20.94092 ], [ -156.29869, 20.94095 ], [ -156.29857, 20.94101 ], [ -156.29853, 20.94103 ], [ -156.29844, 20.94113 ], [ -156.29834, 20.94128 ], [ -156.29817, 20.94158 ], [ -156.29805, 20.94178 ], [ -156.29791, 20.94197 ], [ -156.2978, 20.94207 ], [ -156.29764, 20.94216 ], [ -156.29747, 20.94218 ], [ -156.2973, 20.94214 ], [ -156.29709, 20.94215 ], [ -156.29681, 20.94222 ], [ -156.29656, 20.94235 ], [ -156.29637, 20.94252 ], [ -156.2963, 20.94265 ], [ -156.29626, 20.94274 ], [ -156.29625, 20.94301 ], [ -156.2961, 20.94298 ], [ -156.29568, 20.9428 ], [ -156.29562, 20.94277 ], [ -156.29538, 20.94253 ], [ -156.29521, 20.94237 ], [ -156.29495, 20.9422 ], [ -156.29475, 20.94209 ], [ -156.29445, 20.94198 ], [ -156.29414, 20.94188 ], [ -156.29402, 20.94183 ], [ -156.29392, 20.94184 ], [ -156.29374, 20.94188 ], [ -156.29363, 20.94185 ], [ -156.2936, 20.94181 ], [ -156.29358, 20.94174 ], [ -156.29355, 20.94168 ], [ -156.29327, 20.94154 ], [ -156.29312, 20.9415 ], [ -156.29301, 20.94151 ], [ -156.29289, 20.94155 ], [ -156.29283, 20.9416 ], [ -156.29271, 20.94172 ], [ -156.29261, 20.94177 ], [ -156.29248, 20.94184 ], [ -156.29241, 20.94194 ], [ -156.29237, 20.94206 ], [ -156.29224, 20.94223 ], [ -156.29216, 20.94233 ], [ -156.29202, 20.9424 ], [ -156.29179, 20.94248 ], [ -156.29153, 20.94259 ], [ -156.29141, 20.94268 ], [ -156.29105, 20.94281 ], [ -156.2907, 20.94286 ], [ -156.29051, 20.94285 ], [ -156.29025, 20.94274 ], [ -156.29008, 20.94271 ], [ -156.28992, 20.9427 ], [ -156.28965, 20.94277 ], [ -156.2893, 20.94296 ], [ -156.28897, 20.94311 ], [ -156.28881, 20.94315 ], [ -156.28807, 20.94323 ], [ -156.28786, 20.94333 ], [ -156.28777, 20.94343 ], [ -156.28769, 20.94356 ], [ -156.28763, 20.94378 ], [ -156.28756, 20.94392 ], [ -156.2875, 20.94397 ], [ -156.28738, 20.944 ], [ -156.28726, 20.94398 ], [ -156.28711, 20.94398 ], [ -156.287, 20.94401 ], [ -156.28686, 20.94411 ], [ -156.2868, 20.94416 ], [ -156.28664, 20.94422 ], [ -156.28633, 20.94423 ], [ -156.28623, 20.9443 ], [ -156.28615, 20.94434 ], [ -156.28609, 20.94433 ], [ -156.28606, 20.94431 ], [ -156.28605, 20.94419 ], [ -156.286, 20.94418 ], [ -156.28594, 20.94429 ], [ -156.28589, 20.94433 ], [ -156.28586, 20.94432 ], [ -156.28578, 20.94423 ], [ -156.28572, 20.94416 ], [ -156.28561, 20.94415 ], [ -156.28543, 20.9442 ], [ -156.28521, 20.94415 ], [ -156.28512, 20.94415 ], [ -156.28514, 20.93896 ], [ -156.2855, 20.92673 ], [ -156.28556, 20.91674 ], [ -156.28527, 20.9068 ], [ -156.28498, 20.89899 ], [ -156.28628, 20.89005 ], [ -156.2909, 20.88062 ], [ -156.29595, 20.87465 ], [ -156.30276, 20.86664 ], [ -156.30817, 20.86094 ], [ -156.31655, 20.85503 ], [ -156.32372, 20.85132 ], [ -156.32977, 20.84722 ], [ -156.33294, 20.84293 ], [ -156.33524, 20.83777 ], [ -156.33627, 20.83272 ], [ -156.33661, 20.82575 ], [ -156.3348, 20.81983 ], [ -156.33233, 20.81382 ], [ -156.32697, 20.80469 ], [ -156.32013, 20.79503 ], [ -156.31172, 20.78479 ], [ -156.3027, 20.77655 ], [ -156.29203, 20.77062 ], [ -156.28257, 20.76726 ], [ -156.27108, 20.763 ], [ -156.26393, 20.76088 ], [ -156.25711, 20.76216 ], [ -156.24135, 20.76277 ], [ -156.23084, 20.76351 ], [ -156.21973, 20.76223 ], [ -156.20988, 20.75906 ], [ -156.20188, 20.75535 ], [ -156.19513, 20.75113 ], [ -156.18974, 20.74484 ], [ -156.18257, 20.73727 ], [ -156.17412, 20.7292 ], [ -156.16629, 20.72197 ], [ -156.15852, 20.71498 ], [ -156.15123, 20.70675 ], [ -156.14276, 20.69763 ], [ -156.13357, 20.68982 ], [ -156.12222, 20.68029 ], [ -156.10992, 20.67561 ], [ -156.099, 20.67555 ], [ -156.08999, 20.68013 ], [ -156.07934, 20.68551 ], [ -156.0717, 20.69073 ], [ -156.06303, 20.70118 ], [ -156.05953, 20.70475 ], [ -156.04818, 20.71932 ], [ -156.03941, 20.73019 ], [ -156.03408, 20.73944 ], [ -156.03267, 20.74638 ], [ -156.03241, 20.755 ], [ -156.03305, 20.76314 ], [ -156.03379, 20.77141 ], [ -156.03475, 20.7829 ], [ -156.03776, 20.79567 ], [ -156.04237, 20.8054 ], [ -156.04234, 20.80542 ], [ -156.04219, 20.80537 ], [ -156.04201, 20.80534 ], [ -156.04198, 20.80522 ], [ -156.04188, 20.80512 ], [ -156.04172, 20.80506 ], [ -156.04147, 20.80503 ], [ -156.04133, 20.80504 ], [ -156.04092, 20.80512 ], [ -156.04075, 20.80511 ], [ -156.04072, 20.80515 ], [ -156.04071, 20.80522 ], [ -156.04062, 20.80522 ], [ -156.04051, 20.80518 ], [ -156.04041, 20.80506 ], [ -156.04032, 20.80507 ], [ -156.04009, 20.80526 ], [ -156.03986, 20.80533 ], [ -156.03975, 20.80543 ], [ -156.03968, 20.80559 ], [ -156.03966, 20.8057 ], [ -156.03964, 20.80612 ], [ -156.03961, 20.80641 ], [ -156.03955, 20.80655 ], [ -156.03948, 20.80661 ], [ -156.0393, 20.80671 ], [ -156.03896, 20.80686 ], [ -156.03887, 20.80692 ], [ -156.03873, 20.80703 ], [ -156.03865, 20.80707 ], [ -156.03851, 20.807 ], [ -156.03849, 20.80698 ], [ -156.03831, 20.80686 ], [ -156.03817, 20.80684 ], [ -156.03802, 20.80685 ], [ -156.0379, 20.80687 ], [ -156.03779, 20.80681 ], [ -156.03772, 20.80672 ], [ -156.03768, 20.80662 ], [ -156.0375, 20.80643 ], [ -156.03728, 20.80626 ], [ -156.03669, 20.80599 ], [ -156.03636, 20.8058 ], [ -156.03615, 20.80567 ], [ -156.03614, 20.80564 ], [ -156.03607, 20.80562 ], [ -156.03574, 20.80563 ], [ -156.03549, 20.80566 ], [ -156.03534, 20.80567 ], [ -156.03507, 20.80559 ], [ -156.0348, 20.80554 ], [ -156.0344, 20.80545 ], [ -156.03421, 20.80543 ], [ -156.034, 20.80542 ], [ -156.03377, 20.80537 ], [ -156.03334, 20.80518 ], [ -156.03307, 20.80517 ], [ -156.03294, 20.80518 ], [ -156.03246, 20.80522 ], [ -156.03209, 20.8052 ], [ -156.03154, 20.80516 ], [ -156.03109, 20.80508 ], [ -156.03016, 20.80483 ], [ -156.02892, 20.80443 ], [ -156.02836, 20.80413 ], [ -156.02788, 20.80382 ], [ -156.02772, 20.80376 ], [ -156.02742, 20.80373 ], [ -156.0272, 20.80366 ], [ -156.02661, 20.80347 ], [ -156.02633, 20.80336 ], [ -156.02582, 20.80312 ], [ -156.02529, 20.80285 ], [ -156.0249, 20.80271 ], [ -156.02469, 20.80255 ], [ -156.02433, 20.80239 ], [ -156.02398, 20.80221 ], [ -156.02358, 20.80202 ], [ -156.02356, 20.80201 ], [ -156.02332, 20.80194 ], [ -156.02259, 20.80183 ], [ -156.02227, 20.80173 ], [ -156.02217, 20.80168 ], [ -156.02189, 20.80143 ], [ -156.02167, 20.80125 ], [ -156.02125, 20.80099 ], [ -156.02098, 20.80089 ], [ -156.0209, 20.80084 ], [ -156.02089, 20.8007 ], [ -156.02086, 20.80066 ], [ -156.02055, 20.80054 ], [ -156.02032, 20.80042 ], [ -156.01989, 20.80009 ], [ -156.01965, 20.79982 ], [ -156.01946, 20.79968 ], [ -156.0193, 20.79962 ], [ -156.01894, 20.79956 ], [ -156.01876, 20.79948 ], [ -156.01578, 20.79524 ], [ -156.011, 20.78653 ], [ -156.008, 20.77593 ], [ -156.00668, 20.76682 ], [ -156.00621, 20.75679 ], [ -156.00602, 20.7461 ], [ -156.0068, 20.73599 ], [ -156.00987, 20.72215 ], [ -156.01627, 20.70896 ], [ -156.01922, 20.70322 ], [ -156.02447, 20.6971 ], [ -156.03052, 20.68841 ], [ -156.03279, 20.68671 ], [ -156.04205, 20.67971 ], [ -156.04955, 20.67502 ], [ -156.05701, 20.669 ], [ -156.06672, 20.66402 ], [ -156.07934, 20.65899 ], [ -156.08983, 20.65541 ], [ -156.10141, 20.65338 ], [ -156.11365, 20.65385 ], [ -156.12876, 20.65847 ], [ -156.14001, 20.66369 ], [ -156.15011, 20.66926 ], [ -156.1593, 20.67475 ], [ -156.16748, 20.67786 ], [ -156.18013, 20.67864 ], [ -156.19379, 20.67684 ], [ -156.20848, 20.67 ], [ -156.22015, 20.66095 ], [ -156.23183, 20.6546 ], [ -156.23844, 20.65129 ], [ -156.24913, 20.6476 ], [ -156.2579, 20.64581 ], [ -156.277, 20.64043 ], [ -156.28381, 20.63878 ], [ -156.30114, 20.63509 ], [ -156.32087, 20.63301 ], [ -156.34172, 20.6311 ], [ -156.3595, 20.62967 ], [ -156.37384, 20.62922 ], [ -156.38876, 20.63197 ], [ -156.39956, 20.63681 ], [ -156.4061, 20.64491 ], [ -156.40783, 20.65368 ], [ -156.40745, 20.66478 ], [ -156.40702, 20.67776 ], [ -156.40059, 20.69842 ], [ -156.39302, 20.71635 ], [ -156.38387, 20.73341 ], [ -156.36909, 20.75903 ], [ -156.35993, 20.7759 ], [ -156.35868, 20.78028 ], [ -156.3587, 20.78933 ], [ -156.35952, 20.79803 ], [ -156.3616, 20.80296 ], [ -156.36507, 20.80866 ], [ -156.36958, 20.81572 ], [ -156.3723, 20.8239 ], [ -156.37538, 20.83037 ], [ -156.37644, 20.83627 ], [ -156.37599, 20.84258 ], [ -156.37349, 20.84766 ], [ -156.37041, 20.85161 ], [ -156.36706, 20.85461 ], [ -156.36002, 20.85737 ], [ -156.35133, 20.86281 ], [ -156.34302, 20.86977 ], [ -156.33687, 20.87591 ], [ -156.3326, 20.88282 ], [ -156.33085, 20.88973 ], [ -156.3315, 20.89786 ], [ -156.33397, 20.90397 ], [ -156.33894, 20.9132 ], [ -156.34645, 20.92341 ], [ -156.35435, 20.933 ], [ -156.3559, 20.93523 ], [ -156.35581, 20.93544 ], [ -156.35571, 20.93559 ], [ -156.35561, 20.93577 ], [ -156.35558, 20.93626 ], [ -156.35543, 20.93635 ], [ -156.35523, 20.93625 ], [ -156.35504, 20.93625 ], [ -156.35478, 20.93632 ], [ -156.35459, 20.93628 ], [ -156.35438, 20.93629 ], [ -156.35409, 20.93644 ], [ -156.35368, 20.93648 ], [ -156.35345, 20.93638 ], [ -156.35325, 20.93625 ], [ -156.35297, 20.93603 ], [ -156.35266, 20.93579 ], [ -156.35228, 20.93577 ], [ -156.35206, 20.93582 ], [ -156.35172, 20.93609 ], [ -156.3516, 20.93614 ], [ -156.35123, 20.93626 ], [ -156.3509, 20.93639 ], [ -156.35054, 20.93661 ], [ -156.3504, 20.9368 ], [ -156.35035, 20.93722 ], [ -156.35001, 20.9376 ], [ -156.3498, 20.93788 ], [ -156.34977, 20.93814 ], [ -156.34982, 20.93826 ], [ -156.3498, 20.93845 ], [ -156.34979, 20.93873 ], [ -156.34979, 20.93876 ], [ -156.3497, 20.93876 ], [ -156.34954, 20.93868 ], [ -156.34932, 20.93857 ], [ -156.34923, 20.93849 ], [ -156.34896, 20.93827 ], [ -156.34873, 20.93809 ], [ -156.34838, 20.93825 ], [ -156.34818, 20.93827 ], [ -156.34792, 20.93823 ], [ -156.3477, 20.93814 ], [ -156.34734, 20.93797 ], [ -156.34707, 20.93786 ], [ -156.34688, 20.93782 ], [ -156.34664, 20.93782 ], [ -156.34645, 20.93785 ], [ -156.34622, 20.93793 ], [ -156.34593, 20.93803 ], [ -156.34576, 20.93806 ], [ -156.34561, 20.93805 ], [ -156.34544, 20.93803 ], [ -156.34522, 20.93808 ], [ -156.34507, 20.93814 ], [ -156.34481, 20.93831 ], [ -156.3446, 20.93838 ], [ -156.34437, 20.93842 ], [ -156.34424, 20.93843 ], [ -156.34406, 20.93843 ], [ -156.34382, 20.93842 ], [ -156.34356, 20.93839 ], [ -156.34337, 20.93847 ], [ -156.34325, 20.93845 ], [ -156.34298, 20.93845 ], [ -156.34277, 20.93842 ], [ -156.34258, 20.93834 ], [ -156.34246, 20.93827 ], [ -156.34224, 20.93822 ], [ -156.34216, 20.93811 ], [ -156.34205, 20.93803 ], [ -156.3419, 20.93793 ], [ -156.34166, 20.9378 ], [ -156.34147, 20.93775 ], [ -156.34125, 20.93765 ], [ -156.34116, 20.93747 ], [ -156.34104, 20.9373 ], [ -156.34093, 20.93718 ], [ -156.34071, 20.93696 ], [ -156.34059, 20.93686 ], [ -156.3405, 20.93673 ], [ -156.34039, 20.93657 ], [ -156.34027, 20.93642 ], [ -156.34006, 20.93617 ], [ -156.33985, 20.93598 ], [ -156.33965, 20.93571 ], [ -156.33949, 20.93552 ], [ -156.33908, 20.93605 ], [ -156.33918, 20.93637 ], [ -156.3393, 20.9368 ], [ -156.33944, 20.9372 ], [ -156.3395, 20.93755 ], [ -156.33954, 20.93791 ], [ -156.33957, 20.93815 ], [ -156.33951, 20.93853 ], [ -156.33936, 20.93868 ], [ -156.33909, 20.93867 ], [ -156.33893, 20.93867 ], [ -156.33874, 20.93865 ], [ -156.3386, 20.93864 ], [ -156.33838, 20.93862 ], [ -156.33822, 20.9386 ], [ -156.33801, 20.93858 ], [ -156.33778, 20.93854 ], [ -156.33753, 20.93851 ], [ -156.33724, 20.93852 ], [ -156.33697, 20.93859 ], [ -156.33671, 20.93867 ], [ -156.33652, 20.93876 ], [ -156.33615, 20.93891 ], [ -156.33597, 20.93906 ], [ -156.3357, 20.93924 ], [ -156.33556, 20.93934 ], [ -156.33533, 20.93942 ], [ -156.33512, 20.9395 ], [ -156.33497, 20.93958 ], [ -156.33482, 20.93968 ], [ -156.33463, 20.93976 ], [ -156.33436, 20.93992 ], [ -156.33417, 20.94006 ], [ -156.33393, 20.94027 ], [ -156.33373, 20.94046 ], [ -156.33368, 20.94058 ], [ -156.33369, 20.94071 ], [ -156.33375, 20.9411 ], [ -156.33379, 20.94147 ], [ -156.33378, 20.94176 ], [ -156.33363, 20.94195 ], [ -156.33349, 20.94212 ], [ -156.33339, 20.94234 ], [ -156.33341, 20.94245 ], [ -156.33344, 20.94265 ], [ -156.33341, 20.94294 ], [ -156.33338, 20.94296 ], [ -156.33335, 20.94299 ], [ -156.33332, 20.94301 ], [ -156.33326, 20.94299 ], [ -156.33323, 20.94299 ], [ -156.33319, 20.94298 ], [ -156.33312, 20.94297 ], [ -156.33309, 20.94295 ], [ -156.33307, 20.94294 ], [ -156.33301, 20.94289 ], [ -156.33295, 20.94285 ], [ -156.33291, 20.94277 ], [ -156.33278, 20.9427 ], [ -156.33258, 20.94258 ], [ -156.33238, 20.94247 ], [ -156.33219, 20.94237 ], [ -156.33191, 20.94227 ], [ -156.33166, 20.94229 ], [ -156.3313, 20.94236 ], [ -156.33052, 20.94268 ], [ -156.33034, 20.94283 ], [ -156.33031, 20.94291 ], [ -156.33022, 20.94307 ], [ -156.3301, 20.94318 ], [ -156.3299, 20.94327 ], [ -156.32972, 20.94345 ], [ -156.32963, 20.94361 ], [ -156.32959, 20.9438 ], [ -156.3296, 20.944 ], [ -156.32966, 20.94413 ], [ -156.32966, 20.94421 ], [ -156.32956, 20.94432 ], [ -156.32954, 20.94437 ], [ -156.32954, 20.94443 ], [ -156.32966, 20.94451 ], [ -156.32966, 20.94457 ], [ -156.32957, 20.94466 ], [ -156.32956, 20.94472 ], [ -156.32958, 20.9448 ], [ -156.3296, 20.94485 ], [ -156.32955, 20.94491 ], [ -156.32947, 20.94491 ], [ -156.32942, 20.94486 ], [ -156.32939, 20.94482 ], [ -156.32936, 20.94484 ], [ -156.32935, 20.94509 ], [ -156.3293, 20.94516 ], [ -156.32922, 20.94523 ], [ -156.32911, 20.94522 ], [ -156.329, 20.94512 ], [ -156.32894, 20.94497 ], [ -156.32877, 20.94475 ], [ -156.32873, 20.94467 ], [ -156.32873, 20.94455 ], [ -156.32885, 20.94431 ], [ -156.32888, 20.9442 ], [ -156.32885, 20.94413 ], [ -156.32877, 20.9441 ], [ -156.32867, 20.94411 ], [ -156.32854, 20.94415 ], [ -156.32833, 20.94424 ], [ -156.32825, 20.94426 ], [ -156.32815, 20.94425 ], [ -156.32796, 20.94421 ], [ -156.32789, 20.9442 ], [ -156.32777, 20.9442 ], [ -156.32739, 20.94427 ], [ -156.32727, 20.94429 ], [ -156.32717, 20.94436 ], [ -156.32716, 20.94441 ], [ -156.32708, 20.94443 ], [ -156.32701, 20.94436 ], [ -156.32699, 20.94428 ], [ -156.32703, 20.94416 ], [ -156.3271, 20.94406 ], [ -156.32708, 20.944 ], [ -156.32699, 20.94386 ], [ -156.32695, 20.94386 ], [ -156.32687, 20.94391 ], [ -156.3267, 20.944 ], [ -156.32662, 20.94399 ], [ -156.3266, 20.94386 ], [ -156.3265, 20.94377 ], [ -156.32646, 20.94359 ], [ -156.3264, 20.94347 ], [ -156.32633, 20.9434 ], [ -156.32615, 20.94334 ], [ -156.32587, 20.94331 ], [ -156.3256, 20.9433 ], [ -156.32536, 20.94335 ], [ -156.32519, 20.94345 ], [ -156.32503, 20.94362 ], [ -156.32479, 20.94393 ], [ -156.32441, 20.94442 ], [ -156.32421, 20.94454 ], [ -156.32416, 20.94461 ], [ -156.32415, 20.94477 ], [ -156.32413, 20.9448 ], [ -156.32393, 20.94499 ], [ -156.32379, 20.9451 ], [ -156.32352, 20.94519 ], [ -156.3234, 20.94526 ], [ -156.32331, 20.94537 ], [ -156.3233, 20.94553 ], [ -156.32327, 20.94555 ], [ -156.32327, 20.94557 ], [ -156.32325, 20.94558 ], [ -156.32307, 20.94558 ], [ -156.32286, 20.94546 ], [ -156.32268, 20.94543 ], [ -156.32262, 20.94544 ], [ -156.32251, 20.94554 ], [ -156.32241, 20.94574 ], [ -156.32234, 20.94588 ], [ -156.32233, 20.94594 ], [ -156.32235, 20.94595 ], [ -156.32242, 20.94597 ], [ -156.32262, 20.94594 ], [ -156.32267, 20.94599 ], [ -156.32268, 20.94614 ], [ -156.3228, 20.9462 ], [ -156.32281, 20.94629 ], [ -156.32274, 20.94636 ], [ -156.32273, 20.9465 ], [ -156.3227, 20.94655 ], [ -156.32262, 20.94657 ], [ -156.32259, 20.94656 ], [ -156.32259, 20.9465 ], [ -156.32256, 20.94647 ], [ -156.32243, 20.94646 ], [ -156.32239, 20.94637 ], [ -156.32232, 20.94635 ], [ -156.3222, 20.94635 ], [ -156.32211, 20.94637 ], [ -156.32193, 20.94639 ], [ -156.32154, 20.94633 ], [ -156.32142, 20.94633 ], [ -156.32127, 20.94637 ], [ -156.3211, 20.94631 ], [ -156.32101, 20.94628 ], [ -156.321, 20.94633 ], [ -156.32109, 20.94644 ], [ -156.32119, 20.94661 ], [ -156.32133, 20.94677 ], [ -156.32144, 20.94687 ], [ -156.32167, 20.947 ], [ -156.3218, 20.94712 ], [ -156.32181, 20.94723 ], [ -156.32178, 20.94725 ], [ -156.3217, 20.94727 ], [ -156.32157, 20.94721 ] ], [ [ -156.25283, 20.74567 ], [ -156.26469, 20.74419 ], [ -156.28606, 20.74251 ], [ -156.29068, 20.7418 ], [ -156.30066, 20.74007 ], [ -156.31184, 20.73585 ], [ -156.31789, 20.7316 ], [ -156.32434, 20.72375 ], [ -156.3309, 20.71375 ], [ -156.33665, 20.70397 ], [ -156.34107, 20.69502 ], [ -156.34579, 20.68198 ], [ -156.34524, 20.67417 ], [ -156.34016, 20.66628 ], [ -156.33104, 20.65975 ], [ -156.31619, 20.65974 ], [ -156.29766, 20.66197 ], [ -156.28148, 20.6654 ], [ -156.26072, 20.67119 ], [ -156.25444, 20.67369 ], [ -156.24927, 20.67654 ], [ -156.24418, 20.67849 ], [ -156.23755, 20.68119 ], [ -156.22693, 20.6835 ], [ -156.22096, 20.68661 ], [ -156.21675, 20.69167 ], [ -156.20929, 20.70418 ], [ -156.20524, 20.71426 ], [ -156.20358, 20.72476 ], [ -156.2058, 20.73135 ], [ -156.2124, 20.73798 ], [ -156.21784, 20.74204 ], [ -156.23078, 20.74613 ], [ -156.24088, 20.74715 ], [ -156.25283, 20.74567 ] ] ] ] } },
{ "type": "Feature", "properties": { "objectid": 46, "solar_cal": "400-450", "st_areasha": 86362419.806091309, "st_perimet": 120822.91832871648 }, "geometry": { "type": "MultiPolygon", "coordinates": [ [ [ [ -156.61185, 21.02251 ], [ -156.61179, 21.02246 ], [ -156.61168, 21.02237 ], [ -156.61137, 21.02222 ], [ -156.61125, 21.0221 ], [ -156.61114, 21.02195 ], [ -156.61108, 21.02186 ], [ -156.6107, 21.0215 ], [ -156.61063, 21.02139 ], [ -156.61051, 21.02129 ], [ -156.61025, 21.02115 ], [ -156.6099, 21.02115 ], [ -156.60967, 21.0212 ], [ -156.60934, 21.02132 ], [ -156.60912, 21.02142 ], [ -156.60901, 21.02154 ], [ -156.60897, 21.02162 ], [ -156.60897, 21.02169 ], [ -156.60897, 21.02193 ], [ -156.609, 21.02206 ], [ -156.60905, 21.02223 ], [ -156.60392, 21.0215 ], [ -156.59409, 21.01836 ], [ -156.58117, 21.01444 ], [ -156.56888, 21.01168 ], [ -156.56045, 21.00959 ], [ -156.55466, 21.00817 ], [ -156.55484, 21.008 ], [ -156.55515, 21.00788 ], [ -156.5552, 21.00782 ], [ -156.55518, 21.00772 ], [ -156.55514, 21.00764 ], [ -156.55506, 21.00757 ], [ -156.55502, 21.00741 ], [ -156.55506, 21.00735 ], [ -156.55515, 21.00726 ], [ -156.55518, 21.00693 ], [ -156.55506, 21.00674 ], [ -156.55505, 21.00667 ], [ -156.55514, 21.00648 ], [ -156.55532, 21.00629 ], [ -156.55536, 21.00612 ], [ -156.55552, 21.00603 ], [ -156.55559, 21.00594 ], [ -156.55556, 21.00587 ], [ -156.55549, 21.00582 ], [ -156.55531, 21.00577 ], [ -156.55514, 21.00577 ], [ -156.55509, 21.00574 ], [ -156.555, 21.00561 ], [ -156.55496, 21.0055 ], [ -156.55481, 21.00532 ], [ -156.55471, 21.00528 ], [ -156.55441, 21.00522 ], [ -156.55434, 21.00516 ], [ -156.55443, 21.00504 ], [ -156.55453, 21.00502 ], [ -156.55464, 21.00496 ], [ -156.55469, 21.00489 ], [ -156.55479, 21.00477 ], [ -156.55481, 21.00469 ], [ -156.55478, 21.00449 ], [ -156.55472, 21.00446 ], [ -156.55464, 21.00446 ], [ -156.55438, 21.00454 ], [ -156.55426, 21.0045 ], [ -156.55428, 21.00439 ], [ -156.55434, 21.00433 ], [ -156.55458, 21.00415 ], [ -156.55457, 21.00409 ], [ -156.55443, 21.00392 ], [ -156.55436, 21.00378 ], [ -156.55433, 21.00359 ], [ -156.55436, 21.00334 ], [ -156.55432, 21.00326 ], [ -156.55422, 21.00317 ], [ -156.55413, 21.00311 ], [ -156.55393, 21.00306 ], [ -156.55363, 21.00302 ], [ -156.55362, 21.00291 ], [ -156.55365, 21.00282 ], [ -156.55369, 21.00267 ], [ -156.55362, 21.00248 ], [ -156.55335, 21.00211 ], [ -156.55321, 21.00171 ], [ -156.55322, 21.00158 ], [ -156.55317, 21.00144 ], [ -156.55297, 21.0011 ], [ -156.55286, 21.00083 ], [ -156.55277, 21.00038 ], [ -156.55272, 21.00025 ], [ -156.5527, 21.00008 ], [ -156.55273, 20.9999 ], [ -156.55272, 20.99974 ], [ -156.55268, 20.99959 ], [ -156.55245, 20.99922 ], [ -156.55237, 20.9991 ], [ -156.55221, 20.99899 ], [ -156.55192, 20.99887 ], [ -156.55144, 20.99875 ], [ -156.55137, 20.99869 ], [ -156.55121, 20.99828 ], [ -156.55115, 20.99817 ], [ -156.55102, 20.99806 ], [ -156.55086, 20.99798 ], [ -156.55054, 20.99792 ], [ -156.54986, 20.99802 ], [ -156.5497, 20.99802 ], [ -156.54965, 20.99799 ], [ -156.54945, 20.99798 ], [ -156.54937, 20.99809 ], [ -156.54928, 20.99869 ], [ -156.5492, 20.99887 ], [ -156.5491, 20.99901 ], [ -156.54897, 20.99911 ], [ -156.54859, 20.99922 ], [ -156.54826, 20.99937 ], [ -156.54807, 20.9995 ], [ -156.54789, 20.99966 ], [ -156.54783, 20.9998 ], [ -156.5477, 21.00015 ], [ -156.54758, 21.00081 ], [ -156.54751, 21.00093 ], [ -156.54738, 21.00106 ], [ -156.54729, 21.00119 ], [ -156.54724, 21.00129 ], [ -156.54724, 21.00139 ], [ -156.54718, 21.00155 ], [ -156.5471, 21.00165 ], [ -156.54681, 21.00173 ], [ -156.54655, 21.00187 ], [ -156.5463, 21.0021 ], [ -156.54617, 21.00219 ], [ -156.54601, 21.00227 ], [ -156.5458, 21.00235 ], [ -156.54552, 21.00229 ], [ -156.54539, 21.00223 ], [ -156.54521, 21.00211 ], [ -156.54488, 21.00195 ], [ -156.54473, 21.00195 ], [ -156.54451, 21.00183 ], [ -156.54423, 21.00181 ], [ -156.54365, 21.00192 ], [ -156.54347, 21.00187 ], [ -156.54347, 21.00171 ], [ -156.54361, 21.00151 ], [ -156.54392, 21.00117 ], [ -156.54414, 21.00099 ], [ -156.54413, 21.00086 ], [ -156.54406, 21.00077 ], [ -156.54396, 21.0007 ], [ -156.54368, 21.00058 ], [ -156.5436, 21.00049 ], [ -156.54365, 21.00023 ], [ -156.54365, 21.0001 ], [ -156.54368, 20.99994 ], [ -156.54378, 20.99983 ], [ -156.54381, 20.99969 ], [ -156.54382, 20.99957 ], [ -156.54375, 20.9994 ], [ -156.54366, 20.9993 ], [ -156.54356, 20.99923 ], [ -156.54311, 20.99905 ], [ -156.54277, 20.99884 ], [ -156.54259, 20.99876 ], [ -156.54242, 20.99879 ], [ -156.54229, 20.99876 ], [ -156.5423, 20.99869 ], [ -156.54244, 20.99844 ], [ -156.54254, 20.9982 ], [ -156.54261, 20.99795 ], [ -156.54263, 20.99779 ], [ -156.54259, 20.99767 ], [ -156.54249, 20.99751 ], [ -156.5425, 20.99741 ], [ -156.54248, 20.99722 ], [ -156.54259, 20.99685 ], [ -156.54258, 20.99675 ], [ -156.54253, 20.9966 ], [ -156.54253, 20.99632 ], [ -156.54258, 20.99577 ], [ -156.54255, 20.99555 ], [ -156.5425, 20.99542 ], [ -156.54241, 20.99532 ], [ -156.5422, 20.99516 ], [ -156.54216, 20.99502 ], [ -156.54216, 20.99468 ], [ -156.54213, 20.99452 ], [ -156.54206, 20.99437 ], [ -156.54194, 20.99428 ], [ -156.54184, 20.99446 ], [ -156.54169, 20.9945 ], [ -156.54166, 20.99441 ], [ -156.54172, 20.9942 ], [ -156.5417, 20.99411 ], [ -156.54153, 20.994 ], [ -156.54137, 20.99395 ], [ -156.54131, 20.99386 ], [ -156.54113, 20.99308 ], [ -156.541, 20.99277 ], [ -156.54098, 20.99257 ], [ -156.54113, 20.99235 ], [ -156.54117, 20.99221 ], [ -156.54114, 20.99215 ], [ -156.54094, 20.99214 ], [ -156.54052, 20.99223 ], [ -156.54029, 20.99223 ], [ -156.53995, 20.99216 ], [ -156.53989, 20.9921 ], [ -156.53987, 20.99204 ], [ -156.53979, 20.992 ], [ -156.53978, 20.9919 ], [ -156.53989, 20.99183 ], [ -156.54007, 20.9918 ], [ -156.54023, 20.99174 ], [ -156.54035, 20.99161 ], [ -156.5403, 20.99146 ], [ -156.5402, 20.99136 ], [ -156.54029, 20.99113 ], [ -156.54032, 20.99094 ], [ -156.54027, 20.99051 ], [ -156.54022, 20.99037 ], [ -156.54005, 20.99019 ], [ -156.53976, 20.99003 ], [ -156.53965, 20.98985 ], [ -156.53961, 20.98969 ], [ -156.53959, 20.98945 ], [ -156.53952, 20.98932 ], [ -156.53925, 20.98908 ], [ -156.53896, 20.98895 ], [ -156.53884, 20.98893 ], [ -156.53839, 20.98896 ], [ -156.53805, 20.9891 ], [ -156.53787, 20.98911 ], [ -156.5376, 20.98906 ], [ -156.53745, 20.98896 ], [ -156.5374, 20.98886 ], [ -156.53725, 20.98842 ], [ -156.53726, 20.98814 ], [ -156.53723, 20.98802 ], [ -156.53725, 20.9875 ], [ -156.53725, 20.98684 ], [ -156.53716, 20.98674 ], [ -156.5371, 20.98671 ], [ -156.53701, 20.98657 ], [ -156.53702, 20.98634 ], [ -156.53723, 20.98583 ], [ -156.53717, 20.98581 ], [ -156.537, 20.98591 ], [ -156.53692, 20.98593 ], [ -156.53682, 20.98591 ], [ -156.53673, 20.98593 ], [ -156.53663, 20.98598 ], [ -156.53645, 20.98618 ], [ -156.5363, 20.98637 ], [ -156.53622, 20.98636 ], [ -156.53617, 20.98629 ], [ -156.53618, 20.98614 ], [ -156.53622, 20.98602 ], [ -156.53635, 20.98584 ], [ -156.53641, 20.98571 ], [ -156.53632, 20.98564 ], [ -156.53618, 20.98558 ], [ -156.53604, 20.98555 ], [ -156.53601, 20.98526 ], [ -156.53583, 20.98504 ], [ -156.53577, 20.98494 ], [ -156.53566, 20.98486 ], [ -156.53552, 20.98481 ], [ -156.53538, 20.98479 ], [ -156.53472, 20.98477 ], [ -156.53424, 20.98467 ], [ -156.53407, 20.98469 ], [ -156.53388, 20.98475 ], [ -156.53377, 20.98482 ], [ -156.53364, 20.98482 ], [ -156.53358, 20.98467 ], [ -156.53351, 20.98459 ], [ -156.53342, 20.98457 ], [ -156.53276, 20.98459 ], [ -156.53231, 20.98451 ], [ -156.53205, 20.98448 ], [ -156.53178, 20.98449 ], [ -156.53142, 20.98453 ], [ -156.53091, 20.98468 ], [ -156.53069, 20.98471 ], [ -156.53049, 20.98468 ], [ -156.53006, 20.98456 ], [ -156.5298, 20.98453 ], [ -156.52954, 20.98452 ], [ -156.5294, 20.98456 ], [ -156.52926, 20.98465 ], [ -156.52918, 20.98474 ], [ -156.52908, 20.9848 ], [ -156.52876, 20.98517 ], [ -156.52868, 20.98524 ], [ -156.52857, 20.98526 ], [ -156.52842, 20.98513 ], [ -156.5283, 20.98514 ], [ -156.52822, 20.98519 ], [ -156.52813, 20.98518 ], [ -156.52803, 20.98522 ], [ -156.52796, 20.98531 ], [ -156.52775, 20.9855 ], [ -156.52739, 20.98572 ], [ -156.52728, 20.98572 ], [ -156.52698, 20.98554 ], [ -156.52692, 20.98545 ], [ -156.52681, 20.98544 ], [ -156.52667, 20.98548 ], [ -156.52648, 20.98562 ], [ -156.52639, 20.98564 ], [ -156.52625, 20.9856 ], [ -156.52613, 20.98551 ], [ -156.52585, 20.98519 ], [ -156.52583, 20.98512 ], [ -156.52585, 20.985 ], [ -156.52599, 20.98473 ], [ -156.52609, 20.98461 ], [ -156.52612, 20.98454 ], [ -156.52608, 20.9845 ], [ -156.52596, 20.98442 ], [ -156.52596, 20.98434 ], [ -156.52619, 20.98425 ], [ -156.52653, 20.98421 ], [ -156.52668, 20.98418 ], [ -156.52675, 20.9841 ], [ -156.52675, 20.98401 ], [ -156.52646, 20.98376 ], [ -156.52637, 20.9836 ], [ -156.52635, 20.9835 ], [ -156.52637, 20.98338 ], [ -156.52644, 20.98324 ], [ -156.52654, 20.98316 ], [ -156.52674, 20.98308 ], [ -156.5268, 20.98298 ], [ -156.52683, 20.98286 ], [ -156.52695, 20.98272 ], [ -156.52692, 20.98254 ], [ -156.52687, 20.9825 ], [ -156.52669, 20.9825 ], [ -156.52637, 20.98257 ], [ -156.52633, 20.98253 ], [ -156.52646, 20.98236 ], [ -156.52642, 20.98231 ], [ -156.5264, 20.98219 ], [ -156.52657, 20.98219 ], [ -156.52671, 20.98213 ], [ -156.52679, 20.98196 ], [ -156.5268, 20.98183 ], [ -156.52674, 20.98156 ], [ -156.52668, 20.98144 ], [ -156.52646, 20.98116 ], [ -156.52639, 20.98112 ], [ -156.52624, 20.98111 ], [ -156.52606, 20.98118 ], [ -156.52598, 20.98126 ], [ -156.52581, 20.98137 ], [ -156.52563, 20.98131 ], [ -156.52549, 20.98135 ], [ -156.52535, 20.98163 ], [ -156.5253, 20.98165 ], [ -156.5252, 20.9816 ], [ -156.52521, 20.98139 ], [ -156.52518, 20.98131 ], [ -156.52508, 20.98126 ], [ -156.5251, 20.98114 ], [ -156.52535, 20.98108 ], [ -156.52551, 20.981 ], [ -156.5257, 20.98082 ], [ -156.526, 20.98065 ], [ -156.5261, 20.98064 ], [ -156.52633, 20.98064 ], [ -156.52644, 20.98069 ], [ -156.52654, 20.98088 ], [ -156.52668, 20.98089 ], [ -156.52685, 20.98085 ], [ -156.52697, 20.98077 ], [ -156.52711, 20.98055 ], [ -156.52717, 20.98032 ], [ -156.52717, 20.98024 ], [ -156.52711, 20.98016 ], [ -156.52692, 20.97999 ], [ -156.52695, 20.97987 ], [ -156.52692, 20.97978 ], [ -156.52685, 20.97969 ], [ -156.52675, 20.97964 ], [ -156.5266, 20.97958 ], [ -156.52648, 20.97957 ], [ -156.52624, 20.9796 ], [ -156.52608, 20.9796 ], [ -156.52593, 20.97955 ], [ -156.52546, 20.9795 ], [ -156.52532, 20.97947 ], [ -156.52474, 20.97927 ], [ -156.52459, 20.97919 ], [ -156.52435, 20.97901 ], [ -156.52422, 20.97886 ], [ -156.52414, 20.97872 ], [ -156.52411, 20.97859 ], [ -156.52411, 20.97852 ], [ -156.52428, 20.97811 ], [ -156.52443, 20.97784 ], [ -156.52462, 20.9776 ], [ -156.52474, 20.97756 ], [ -156.52554, 20.97775 ], [ -156.52571, 20.97774 ], [ -156.52588, 20.9777 ], [ -156.52604, 20.97762 ], [ -156.5262, 20.97741 ], [ -156.5263, 20.97717 ], [ -156.52633, 20.97692 ], [ -156.52631, 20.97651 ], [ -156.52626, 20.97621 ], [ -156.52627, 20.97606 ], [ -156.52631, 20.97591 ], [ -156.52637, 20.97579 ], [ -156.52648, 20.97569 ], [ -156.52656, 20.97563 ], [ -156.52674, 20.9755 ], [ -156.52694, 20.97529 ], [ -156.52698, 20.97519 ], [ -156.52697, 20.97513 ], [ -156.52688, 20.97498 ], [ -156.52699, 20.9748 ], [ -156.52702, 20.97469 ], [ -156.52698, 20.97409 ], [ -156.52694, 20.97396 ], [ -156.5325, 20.97487 ], [ -156.54247, 20.97797 ], [ -156.54994, 20.98193 ], [ -156.55472, 20.98499 ], [ -156.56099, 20.98945 ], [ -156.56707, 20.99443 ], [ -156.5725, 20.99758 ], [ -156.57986, 21.00082 ], [ -156.58627, 21.00276 ], [ -156.59131, 21.00449 ], [ -156.59846, 21.00575 ], [ -156.60397, 21.00605 ], [ -156.61024, 21.00634 ], [ -156.61439, 21.00496 ], [ -156.62084, 21.00259 ], [ -156.62546, 20.99983 ], [ -156.6289, 20.99615 ], [ -156.63137, 20.99031 ], [ -156.6332, 20.98686 ], [ -156.63515, 20.98213 ], [ -156.63597, 20.97713 ], [ -156.63638, 20.97153 ], [ -156.63791, 20.96629 ], [ -156.63985, 20.96151 ], [ -156.64254, 20.95452 ], [ -156.64392, 20.94923 ], [ -156.64561, 20.94445 ], [ -156.64641, 20.94041 ], [ -156.64481, 20.9369 ], [ -156.6415, 20.93223 ], [ -156.63638, 20.92733 ], [ -156.63116, 20.92062 ], [ -156.62712, 20.91479 ], [ -156.62212, 20.90496 ], [ -156.61761, 20.89454 ], [ -156.61721, 20.8927 ], [ -156.61495, 20.88366 ], [ -156.61416, 20.87463 ], [ -156.61274, 20.86452 ], [ -156.6112, 20.85593 ], [ -156.60964, 20.85042 ], [ -156.60728, 20.84688 ], [ -156.60426, 20.84325 ], [ -156.59774, 20.83677 ], [ -156.58886, 20.83086 ], [ -156.57994, 20.82727 ], [ -156.57242, 20.82498 ], [ -156.5649, 20.82268 ], [ -156.56093, 20.82107 ], [ -156.5556, 20.81996 ], [ -156.54805, 20.82022 ], [ -156.54073, 20.822 ], [ -156.53237, 20.82436 ], [ -156.52764, 20.82656 ], [ -156.5248, 20.8296 ], [ -156.52113, 20.83608 ], [ -156.51757, 20.84483 ], [ -156.5144, 20.85305 ], [ -156.51187, 20.86258 ], [ -156.5098, 20.87045 ], [ -156.508, 20.87674 ], [ -156.50447, 20.88269 ], [ -156.50137, 20.88778 ], [ -156.50059, 20.89074 ], [ -156.50311, 20.89675 ], [ -156.50648, 20.90221 ], [ -156.50922, 20.90694 ], [ -156.51072, 20.91245 ], [ -156.50892, 20.91703 ], [ -156.50698, 20.92196 ], [ -156.50357, 20.92654 ], [ -156.50049, 20.93068 ], [ -156.49921, 20.93263 ], [ -156.49919, 20.93262 ], [ -156.49896, 20.93249 ], [ -156.49852, 20.9324 ], [ -156.49815, 20.93235 ], [ -156.49789, 20.93224 ], [ -156.49748, 20.93201 ], [ -156.49731, 20.93187 ], [ -156.49694, 20.93157 ], [ -156.49664, 20.93126 ], [ -156.49642, 20.93088 ], [ -156.49627, 20.93044 ], [ -156.49609, 20.92964 ], [ -156.49593, 20.92909 ], [ -156.49578, 20.92865 ], [ -156.49561, 20.92825 ], [ -156.49544, 20.9279 ], [ -156.49524, 20.92765 ], [ -156.49498, 20.92739 ], [ -156.49472, 20.92714 ], [ -156.49461, 20.92703 ], [ -156.49451, 20.92682 ], [ -156.49439, 20.92666 ], [ -156.49424, 20.9265 ], [ -156.49403, 20.92638 ], [ -156.49379, 20.9262 ], [ -156.49357, 20.92588 ], [ -156.49332, 20.92536 ], [ -156.49314, 20.92498 ], [ -156.49302, 20.92479 ], [ -156.49297, 20.9246 ], [ -156.49295, 20.92443 ], [ -156.49293, 20.92423 ], [ -156.49263, 20.92341 ], [ -156.49259, 20.92317 ], [ -156.49252, 20.92281 ], [ -156.49243, 20.92204 ], [ -156.49239, 20.92188 ], [ -156.49233, 20.92168 ], [ -156.49229, 20.92134 ], [ -156.49229, 20.92085 ], [ -156.49227, 20.92 ], [ -156.49222, 20.91964 ], [ -156.49217, 20.91927 ], [ -156.49208, 20.91895 ], [ -156.49201, 20.91878 ], [ -156.49183, 20.91866 ], [ -156.49163, 20.91853 ], [ -156.49159, 20.91842 ], [ -156.49133, 20.91812 ], [ -156.49135, 20.91803 ], [ -156.49142, 20.91791 ], [ -156.49162, 20.91757 ], [ -156.49167, 20.9174 ], [ -156.49171, 20.9172 ], [ -156.49179, 20.91699 ], [ -156.49189, 20.91665 ], [ -156.49192, 20.91625 ], [ -156.49189, 20.91589 ], [ -156.49179, 20.91538 ], [ -156.49152, 20.91475 ], [ -156.49119, 20.91413 ], [ -156.49099, 20.91385 ], [ -156.49074, 20.91337 ], [ -156.49046, 20.91286 ], [ -156.49039, 20.91272 ], [ -156.49005, 20.9122 ], [ -156.4896, 20.91154 ], [ -156.48917, 20.91097 ], [ -156.48883, 20.91065 ], [ -156.48838, 20.91039 ], [ -156.48792, 20.91014 ], [ -156.48735, 20.91001 ], [ -156.48693, 20.90992 ], [ -156.4866, 20.90994 ], [ -156.4863, 20.91002 ], [ -156.48607, 20.91015 ], [ -156.48583, 20.91046 ], [ -156.48553, 20.91085 ], [ -156.48546, 20.91091 ], [ -156.48537, 20.91092 ], [ -156.48533, 20.91086 ], [ -156.48529, 20.91081 ], [ -156.48527, 20.91076 ], [ -156.48523, 20.91067 ], [ -156.48521, 20.91063 ], [ -156.48513, 20.91063 ], [ -156.48507, 20.91068 ], [ -156.48498, 20.91073 ], [ -156.48489, 20.91074 ], [ -156.48481, 20.91069 ], [ -156.48475, 20.91063 ], [ -156.4848, 20.91052 ], [ -156.48484, 20.91041 ], [ -156.48489, 20.91033 ], [ -156.48489, 20.91027 ], [ -156.4849, 20.91016 ], [ -156.48483, 20.91017 ], [ -156.48475, 20.91025 ], [ -156.48464, 20.91029 ], [ -156.48454, 20.91032 ], [ -156.48443, 20.91035 ], [ -156.48437, 20.91026 ], [ -156.48431, 20.91014 ], [ -156.48417, 20.90991 ], [ -156.48359, 20.90922 ], [ -156.48336, 20.90888 ], [ -156.48288, 20.90797 ], [ -156.48249, 20.90705 ], [ -156.4824, 20.90685 ], [ -156.48232, 20.90676 ], [ -156.48212, 20.9065 ], [ -156.482, 20.90629 ], [ -156.48171, 20.906 ], [ -156.48151, 20.90577 ], [ -156.48132, 20.90548 ], [ -156.48119, 20.90521 ], [ -156.48113, 20.90487 ], [ -156.48109, 20.90445 ], [ -156.48108, 20.90415 ], [ -156.48109, 20.90392 ], [ -156.48105, 20.90365 ], [ -156.48102, 20.90348 ], [ -156.48092, 20.90317 ], [ -156.48085, 20.90285 ], [ -156.48073, 20.90252 ], [ -156.48071, 20.90224 ], [ -156.4807, 20.90196 ], [ -156.4808, 20.90125 ], [ -156.48084, 20.90099 ], [ -156.4808, 20.90082 ], [ -156.48165, 20.89978 ], [ -156.48411, 20.89518 ], [ -156.48666, 20.89043 ], [ -156.48896, 20.88588 ], [ -156.49172, 20.88127 ], [ -156.49482, 20.87627 ], [ -156.49849, 20.8715 ], [ -156.50257, 20.86359 ], [ -156.50342, 20.85732 ], [ -156.50373, 20.84974 ], [ -156.5045, 20.84446 ], [ -156.50568, 20.83548 ], [ -156.50821, 20.82576 ], [ -156.51062, 20.81945 ], [ -156.51448, 20.81278 ], [ -156.52133, 20.80652 ], [ -156.52731, 20.80174 ], [ -156.53612, 20.79936 ], [ -156.54224, 20.80008 ], [ -156.55004, 20.80165 ], [ -156.55851, 20.80369 ], [ -156.56273, 20.8052 ], [ -156.56795, 20.80817 ], [ -156.58115, 20.81554 ], [ -156.59888, 20.82627 ], [ -156.60765, 20.8319 ], [ -156.61635, 20.839 ], [ -156.62217, 20.84753 ], [ -156.62482, 20.8579 ], [ -156.62667, 20.86875 ], [ -156.62752, 20.87839 ], [ -156.62929, 20.88783 ], [ -156.63209, 20.89644 ], [ -156.63517, 20.90618 ], [ -156.6372, 20.91253 ], [ -156.64264, 20.91974 ], [ -156.64743, 20.92546 ], [ -156.6542, 20.92981 ], [ -156.66113, 20.93211 ], [ -156.66571, 20.93366 ], [ -156.66792, 20.93717 ], [ -156.667, 20.94036 ], [ -156.66316, 20.94585 ], [ -156.65732, 20.95807 ], [ -156.6509, 20.97466 ], [ -156.64741, 20.9918 ], [ -156.64369, 21.00752 ], [ -156.64234, 21.01122 ], [ -156.64232, 21.01122 ], [ -156.64186, 21.01144 ], [ -156.64171, 21.01157 ], [ -156.64166, 21.01168 ], [ -156.64158, 21.01189 ], [ -156.64153, 21.01213 ], [ -156.64148, 21.01226 ], [ -156.64139, 21.01254 ], [ -156.64139, 21.01295 ], [ -156.64135, 21.01301 ], [ -156.64111, 21.01313 ], [ -156.64105, 21.0132 ], [ -156.64105, 21.01324 ], [ -156.6412, 21.01336 ], [ -156.64129, 21.01346 ], [ -156.64131, 21.01358 ], [ -156.64133, 21.01361 ], [ -156.64145, 21.01367 ], [ -156.64132, 21.01403 ], [ -156.64129, 21.01403 ], [ -156.64119, 21.014 ], [ -156.6411, 21.01387 ], [ -156.64098, 21.01361 ], [ -156.64083, 21.01345 ], [ -156.64078, 21.01342 ], [ -156.64055, 21.01341 ], [ -156.64025, 21.01347 ], [ -156.63995, 21.01331 ], [ -156.63968, 21.01326 ], [ -156.63932, 21.01326 ], [ -156.63915, 21.01329 ], [ -156.63902, 21.01323 ], [ -156.63885, 21.01309 ], [ -156.63881, 21.01306 ], [ -156.63862, 21.013 ], [ -156.63846, 21.01301 ], [ -156.63819, 21.01314 ], [ -156.63795, 21.01334 ], [ -156.63785, 21.01351 ], [ -156.63775, 21.01377 ], [ -156.63775, 21.01415 ], [ -156.63781, 21.01443 ], [ -156.63783, 21.01454 ], [ -156.63789, 21.0147 ], [ -156.63797, 21.01488 ], [ -156.63818, 21.01519 ], [ -156.63826, 21.0153 ], [ -156.63829, 21.01534 ], [ -156.63848, 21.01562 ], [ -156.63864, 21.01592 ], [ -156.63878, 21.01614 ], [ -156.63904, 21.01638 ], [ -156.63931, 21.01651 ], [ -156.63973, 21.01671 ], [ -156.63998, 21.01682 ], [ -156.64009, 21.01692 ], [ -156.6401, 21.01698 ], [ -156.63682, 21.02084 ], [ -156.63366, 21.02158 ], [ -156.62665, 21.02184 ], [ -156.62044, 21.02202 ], [ -156.61586, 21.02261 ], [ -156.61185, 21.02251 ] ] ] ] } },
{ "type": "Feature", "properties": { "objectid": 53, "solar_cal": "400-450", "st_areasha": 183712764.38556275, "st_perimet": 158050.68838465735 }, "geometry": { "type": "MultiPolygon", "coordinates": [ [ [ [ -157.09338, 21.1951 ], [ -157.09295, 21.19499 ], [ -157.09286, 21.19495 ], [ -157.0927, 21.19478 ], [ -157.09261, 21.19474 ], [ -157.0925, 21.19474 ], [ -157.09228, 21.19478 ], [ -157.09213, 21.19493 ], [ -157.09205, 21.19492 ], [ -157.09198, 21.19486 ], [ -157.0919, 21.19474 ], [ -157.09189, 21.19468 ], [ -157.09185, 21.19461 ], [ -157.09179, 21.19459 ], [ -157.0917, 21.19458 ], [ -157.09149, 21.19452 ], [ -157.09134, 21.19435 ], [ -157.09095, 21.19397 ], [ -157.0907, 21.19377 ], [ -157.09059, 21.19374 ], [ -157.09045, 21.19374 ], [ -157.09035, 21.19372 ], [ -157.09009, 21.19363 ], [ -157.08999, 21.19363 ], [ -157.08989, 21.19367 ], [ -157.08977, 21.19368 ], [ -157.08968, 21.19362 ], [ -157.0897, 21.19352 ], [ -157.08963, 21.19344 ], [ -157.08949, 21.19342 ], [ -157.08884, 21.19341 ], [ -157.08852, 21.19337 ], [ -157.08836, 21.1933 ], [ -157.08807, 21.19308 ], [ -157.08766, 21.19291 ], [ -157.08748, 21.19275 ], [ -157.08726, 21.19248 ], [ -157.08709, 21.19234 ], [ -157.08685, 21.1922 ], [ -157.08657, 21.19215 ], [ -157.08614, 21.19219 ], [ -157.08608, 21.19217 ], [ -157.08602, 21.19209 ], [ -157.08597, 21.19206 ], [ -157.08572, 21.19201 ], [ -157.08571, 21.19197 ], [ -157.08556, 21.19177 ], [ -157.08512, 21.19166 ], [ -157.08505, 21.19163 ], [ -157.08502, 21.19156 ], [ -157.08495, 21.19149 ], [ -157.08488, 21.19146 ], [ -157.08476, 21.19146 ], [ -157.08452, 21.1915 ], [ -157.08444, 21.19149 ], [ -157.08431, 21.19143 ], [ -157.08418, 21.19142 ], [ -157.08406, 21.19151 ], [ -157.08401, 21.19151 ], [ -157.08392, 21.19147 ], [ -157.08378, 21.19148 ], [ -157.08373, 21.19151 ], [ -157.08364, 21.19166 ], [ -157.08358, 21.19167 ], [ -157.08348, 21.19145 ], [ -157.08344, 21.19143 ], [ -157.08339, 21.19145 ], [ -157.08333, 21.19152 ], [ -157.08326, 21.19157 ], [ -157.08319, 21.19157 ], [ -157.08316, 21.19151 ], [ -157.08316, 21.19144 ], [ -157.08323, 21.19133 ], [ -157.08323, 21.19129 ], [ -157.08309, 21.19123 ], [ -157.08257, 21.19095 ], [ -157.08233, 21.19093 ], [ -157.08193, 21.19076 ], [ -157.08151, 21.1905 ], [ -157.0814, 21.19045 ], [ -157.08132, 21.19043 ], [ -157.08117, 21.19046 ], [ -157.08072, 21.19016 ], [ -157.08057, 21.19013 ], [ -157.08026, 21.19012 ], [ -157.07994, 21.19 ], [ -157.07964, 21.19002 ], [ -157.07925, 21.19 ], [ -157.07901, 21.19005 ], [ -157.07882, 21.19015 ], [ -157.07874, 21.19017 ], [ -157.07847, 21.19013 ], [ -157.07839, 21.19016 ], [ -157.07824, 21.19026 ], [ -157.07815, 21.19024 ], [ -157.07789, 21.19003 ], [ -157.07755, 21.18983 ], [ -157.07676, 21.18949 ], [ -157.07654, 21.18954 ], [ -157.07649, 21.1895 ], [ -157.07648, 21.18943 ], [ -157.07643, 21.18939 ], [ -157.07623, 21.18938 ], [ -157.07618, 21.18933 ], [ -157.07603, 21.18939 ], [ -157.07593, 21.18936 ], [ -157.07586, 21.18924 ], [ -157.0758, 21.18919 ], [ -157.07557, 21.1892 ], [ -157.07549, 21.18918 ], [ -157.07541, 21.18909 ], [ -157.07531, 21.18907 ], [ -157.07528, 21.18902 ], [ -157.07516, 21.18891 ], [ -157.07379, 21.18862 ], [ -157.07362, 21.18867 ], [ -157.07347, 21.18879 ], [ -157.07338, 21.18882 ], [ -157.07326, 21.18883 ], [ -157.07291, 21.1888 ], [ -157.0726, 21.18881 ], [ -157.07246, 21.18878 ], [ -157.07221, 21.18864 ], [ -157.0722, 21.18863 ], [ -157.07212, 21.18862 ], [ -157.07181, 21.18877 ], [ -157.07175, 21.18878 ], [ -157.07159, 21.18872 ], [ -157.07151, 21.18871 ], [ -157.07142, 21.18875 ], [ -157.07138, 21.18881 ], [ -157.07125, 21.18915 ], [ -157.07114, 21.18917 ], [ -157.07109, 21.18912 ], [ -157.07103, 21.1889 ], [ -157.071, 21.18887 ], [ -157.07087, 21.18883 ], [ -157.07059, 21.18883 ], [ -157.07051, 21.18884 ], [ -157.07038, 21.189 ], [ -157.07025, 21.18909 ], [ -157.07011, 21.18909 ], [ -157.07003, 21.18907 ], [ -157.06998, 21.18901 ], [ -157.06992, 21.18884 ], [ -157.06987, 21.1888 ], [ -157.06977, 21.18879 ], [ -157.06935, 21.18883 ], [ -157.0691, 21.18884 ], [ -157.06856, 21.1887 ], [ -157.06783, 21.18858 ], [ -157.0677, 21.18858 ], [ -157.06749, 21.18863 ], [ -157.06724, 21.18863 ], [ -157.06682, 21.18875 ], [ -157.06675, 21.18875 ], [ -157.06664, 21.1887 ], [ -157.06646, 21.18849 ], [ -157.06619, 21.18841 ], [ -157.06607, 21.18823 ], [ -157.06599, 21.18819 ], [ -157.06587, 21.18825 ], [ -157.06557, 21.18813 ], [ -157.06541, 21.188 ], [ -157.06508, 21.18786 ], [ -157.06487, 21.18786 ], [ -157.06467, 21.18772 ], [ -157.06442, 21.18773 ], [ -157.06437, 21.18769 ], [ -157.06437, 21.18765 ], [ -157.06444, 21.18754 ], [ -157.06443, 21.18748 ], [ -157.06438, 21.18745 ], [ -157.06429, 21.18743 ], [ -157.06372, 21.18746 ], [ -157.06354, 21.18734 ], [ -157.06343, 21.18734 ], [ -157.06341, 21.18731 ], [ -157.06342, 21.18724 ], [ -157.06345, 21.18712 ], [ -157.06344, 21.18708 ], [ -157.06341, 21.18706 ], [ -157.06306, 21.18706 ], [ -157.06301, 21.18703 ], [ -157.06304, 21.18691 ], [ -157.06303, 21.18684 ], [ -157.063, 21.1868 ], [ -157.06279, 21.18674 ], [ -157.06251, 21.18662 ], [ -157.06147, 21.18588 ], [ -157.06137, 21.18588 ], [ -157.06113, 21.18593 ], [ -157.06106, 21.1859 ], [ -157.06089, 21.1859 ], [ -157.06079, 21.18579 ], [ -157.06069, 21.18572 ], [ -157.06056, 21.18569 ], [ -157.06034, 21.1857 ], [ -157.06016, 21.18579 ], [ -157.06005, 21.1858 ], [ -157.05986, 21.18578 ], [ -157.05953, 21.18581 ], [ -157.05902, 21.18598 ], [ -157.05882, 21.18599 ], [ -157.05793, 21.18595 ], [ -157.05751, 21.18592 ], [ -157.05722, 21.1858 ], [ -157.05681, 21.1857 ], [ -157.0565, 21.18556 ], [ -157.05637, 21.18553 ], [ -157.05626, 21.18554 ], [ -157.05601, 21.1855 ], [ -157.05588, 21.18551 ], [ -157.05528, 21.18568 ], [ -157.05517, 21.18582 ], [ -157.05511, 21.18582 ], [ -157.05496, 21.18564 ], [ -157.05488, 21.18559 ], [ -157.0548, 21.18559 ], [ -157.05425, 21.18572 ], [ -157.05397, 21.18572 ], [ -157.05374, 21.18568 ], [ -157.0536, 21.18571 ], [ -157.05321, 21.18575 ], [ -157.05152, 21.18583 ], [ -157.05101, 21.18582 ], [ -157.0498, 21.18585 ], [ -157.04932, 21.18593 ], [ -157.04902, 21.18612 ], [ -157.0489, 21.18617 ], [ -157.04842, 21.18632 ], [ -157.04825, 21.18642 ], [ -157.04789, 21.18658 ], [ -157.04774, 21.18666 ], [ -157.04755, 21.18681 ], [ -157.04699, 21.18694 ], [ -157.04634, 21.18713 ], [ -157.04563, 21.18746 ], [ -157.04532, 21.18751 ], [ -157.04522, 21.1876 ], [ -157.0449, 21.18779 ], [ -157.04455, 21.18793 ], [ -157.04439, 21.18807 ], [ -157.0443, 21.18809 ], [ -157.04408, 21.18808 ], [ -157.044, 21.18816 ], [ -157.04393, 21.1882 ], [ -157.04377, 21.18821 ], [ -157.04363, 21.18831 ], [ -157.04334, 21.18831 ], [ -157.04292, 21.18832 ], [ -157.04224, 21.18829 ], [ -157.0419, 21.18832 ], [ -157.04123, 21.18849 ], [ -157.04055, 21.18846 ], [ -157.04007, 21.18837 ], [ -157.03993, 21.18832 ], [ -157.0396, 21.18807 ], [ -157.03946, 21.18799 ], [ -157.03931, 21.18797 ], [ -157.03862, 21.1879 ], [ -157.03807, 21.18774 ], [ -157.03796, 21.18775 ], [ -157.03768, 21.18789 ], [ -157.0376, 21.18791 ], [ -157.03756, 21.18789 ], [ -157.03758, 21.18778 ], [ -157.03755, 21.18776 ], [ -157.03737, 21.18777 ], [ -157.03714, 21.18771 ], [ -157.03705, 21.18771 ], [ -157.03689, 21.18778 ], [ -157.03654, 21.18785 ], [ -157.0359, 21.18773 ], [ -157.03576, 21.18767 ], [ -157.03561, 21.18763 ], [ -157.03531, 21.18761 ], [ -157.03481, 21.18748 ], [ -157.03411, 21.18723 ], [ -157.0329, 21.18693 ], [ -157.03258, 21.18682 ], [ -157.03245, 21.18682 ], [ -157.03214, 21.18676 ], [ -157.03169, 21.18653 ], [ -157.03145, 21.18646 ], [ -157.03127, 21.18642 ], [ -157.03104, 21.18642 ], [ -157.03071, 21.18636 ], [ -157.03032, 21.18637 ], [ -157.02997, 21.18634 ], [ -157.02963, 21.18626 ], [ -157.02911, 21.18615 ], [ -157.02704, 21.18609 ], [ -157.02677, 21.18611 ], [ -157.02627, 21.18608 ], [ -157.02595, 21.18599 ], [ -157.02525, 21.18561 ], [ -157.02497, 21.1855 ], [ -157.02472, 21.1853 ], [ -157.02463, 21.18527 ], [ -157.02451, 21.18527 ], [ -157.02437, 21.18522 ], [ -157.02419, 21.18507 ], [ -157.02387, 21.18508 ], [ -157.0273, 21.18194 ], [ -157.03308, 21.17732 ], [ -157.03942, 21.17247 ], [ -157.04274, 21.16784 ], [ -157.04315, 21.16369 ], [ -157.04079, 21.15981 ], [ -157.03869, 21.15727 ], [ -157.03419, 21.15417 ], [ -157.02797, 21.15273 ], [ -157.01821, 21.15126 ], [ -157.00878, 21.14846 ], [ -157.0055, 21.14764 ], [ -156.99938, 21.1446 ], [ -156.9914, 21.14261 ], [ -156.98767, 21.1405 ], [ -156.98142, 21.13657 ], [ -156.9697, 21.12909 ], [ -156.96141, 21.12414 ], [ -156.95365, 21.1181 ], [ -156.94745, 21.11255 ], [ -156.93866, 21.1044 ], [ -156.93097, 21.0973 ], [ -156.92497, 21.09167 ], [ -156.91586, 21.08443 ], [ -156.90749, 21.07911 ], [ -156.89749, 21.07426 ], [ -156.88857, 21.07091 ], [ -156.88006, 21.06891 ], [ -156.87193, 21.06737 ], [ -156.86115, 21.06735 ], [ -156.85135, 21.06739 ], [ -156.84042, 21.06764 ], [ -156.82786, 21.06974 ], [ -156.814, 21.07425 ], [ -156.79944, 21.08097 ], [ -156.78606, 21.08933 ], [ -156.77467, 21.09699 ], [ -156.76664, 21.10428 ], [ -156.76052, 21.10995 ], [ -156.75528, 21.11605 ], [ -156.75124, 21.12463 ], [ -156.74998, 21.13097 ], [ -156.75008, 21.13952 ], [ -156.7494, 21.1461 ], [ -156.75037, 21.15352 ], [ -156.75255, 21.15998 ], [ -156.75504, 21.16775 ], [ -156.75753, 21.17471 ], [ -156.75734, 21.17473 ], [ -156.75704, 21.17469 ], [ -156.75666, 21.1746 ], [ -156.75626, 21.17462 ], [ -156.75587, 21.17479 ], [ -156.75552, 21.17483 ], [ -156.75478, 21.1747 ], [ -156.75453, 21.17463 ], [ -156.75427, 21.17459 ], [ -156.75396, 21.17461 ], [ -156.75355, 21.17459 ], [ -156.75324, 21.17454 ], [ -156.75269, 21.17448 ], [ -156.75246, 21.17451 ], [ -156.75218, 21.17458 ], [ -156.75187, 21.17461 ], [ -156.75113, 21.17452 ], [ -156.75025, 21.17452 ], [ -156.74975, 21.17442 ], [ -156.74951, 21.17435 ], [ -156.74921, 21.17431 ], [ -156.74878, 21.17429 ], [ -156.74837, 21.17435 ], [ -156.74793, 21.17432 ], [ -156.74733, 21.17419 ], [ -156.74697, 21.17414 ], [ -156.74672, 21.17417 ], [ -156.74582, 21.17422 ], [ -156.74525, 21.17415 ], [ -156.74464, 21.17391 ], [ -156.74398, 21.17367 ], [ -156.74339, 21.17351 ], [ -156.74263, 21.17343 ], [ -156.74125, 21.17344 ], [ -156.74106, 21.1734 ], [ -156.74068, 21.17325 ], [ -156.74041, 21.17326 ], [ -156.74022, 21.17321 ], [ -156.73964, 21.17292 ], [ -156.73915, 21.17256 ], [ -156.73889, 21.17244 ], [ -156.73852, 21.17222 ], [ -156.73785, 21.17177 ], [ -156.7375, 21.17137 ], [ -156.73694, 21.17046 ], [ -156.73652, 21.16978 ], [ -156.73611, 21.16905 ], [ -156.73593, 21.16879 ], [ -156.7358, 21.16848 ], [ -156.73578, 21.1682 ], [ -156.73585, 21.16799 ], [ -156.73597, 21.16745 ], [ -156.73603, 21.16694 ], [ -156.73599, 21.16644 ], [ -156.73601, 21.16598 ], [ -156.736, 21.16499 ], [ -156.73603, 21.16431 ], [ -156.73616, 21.16377 ], [ -156.73618, 21.16338 ], [ -156.73608, 21.16254 ], [ -156.73602, 21.16151 ], [ -156.73605, 21.16128 ], [ -156.73605, 21.16068 ], [ -156.73618, 21.16042 ], [ -156.73636, 21.16038 ], [ -156.73654, 21.16049 ], [ -156.73672, 21.16065 ], [ -156.73688, 21.16069 ], [ -156.73703, 21.16063 ], [ -156.73717, 21.1605 ], [ -156.73729, 21.16034 ], [ -156.73736, 21.16015 ], [ -156.73739, 21.15993 ], [ -156.73748, 21.15946 ], [ -156.73748, 21.15917 ], [ -156.7374, 21.159 ], [ -156.73718, 21.1588 ], [ -156.73697, 21.15889 ], [ -156.73693, 21.15902 ], [ -156.73687, 21.15905 ], [ -156.73652, 21.15906 ], [ -156.73595, 21.15889 ], [ -156.73581, 21.15871 ], [ -156.73572, 21.15851 ], [ -156.73559, 21.15798 ], [ -156.73538, 21.15783 ], [ -156.73517, 21.15776 ], [ -156.73469, 21.15783 ], [ -156.73448, 21.15794 ], [ -156.7343, 21.15823 ], [ -156.73412, 21.1587 ], [ -156.73391, 21.15888 ], [ -156.73354, 21.15897 ], [ -156.73324, 21.159 ], [ -156.73291, 21.15912 ], [ -156.73257, 21.15936 ], [ -156.73225, 21.15942 ], [ -156.732, 21.15942 ], [ -156.73177, 21.1593 ], [ -156.73152, 21.15911 ], [ -156.73124, 21.15883 ], [ -156.73065, 21.15847 ], [ -156.73048, 21.15834 ], [ -156.72982, 21.15798 ], [ -156.72936, 21.15778 ], [ -156.72904, 21.15768 ], [ -156.72871, 21.15762 ], [ -156.72838, 21.15765 ], [ -156.72782, 21.15785 ], [ -156.72759, 21.15789 ], [ -156.72728, 21.15787 ], [ -156.72631, 21.15806 ], [ -156.72536, 21.15833 ], [ -156.72485, 21.15843 ], [ -156.72445, 21.1586 ], [ -156.72341, 21.15913 ], [ -156.72221, 21.15932 ], [ -156.72186, 21.15943 ], [ -156.72127, 21.15965 ], [ -156.72093, 21.15972 ], [ -156.72017, 21.15988 ], [ -156.71995, 21.15997 ], [ -156.71935, 21.16021 ], [ -156.71747, 21.16047 ], [ -156.71718, 21.16057 ], [ -156.71684, 21.16064 ], [ -156.71649, 21.16064 ], [ -156.71628, 21.16061 ], [ -156.71658, 21.16025 ], [ -156.72042, 21.15688 ], [ -156.72375, 21.15262 ], [ -156.7261, 21.14784 ], [ -156.72947, 21.14012 ], [ -156.73164, 21.13509 ], [ -156.73402, 21.12938 ], [ -156.73869, 21.12114 ], [ -156.74357, 21.11373 ], [ -156.74733, 21.1063 ], [ -156.74821, 21.10475 ], [ -156.74834, 21.10468 ], [ -156.74873, 21.10414 ], [ -156.74901, 21.10387 ], [ -156.74931, 21.10371 ], [ -156.74969, 21.10357 ], [ -156.74982, 21.10337 ], [ -156.75012, 21.10325 ], [ -156.75031, 21.10302 ], [ -156.75089, 21.10229 ], [ -156.75114, 21.10202 ], [ -156.75128, 21.10191 ], [ -156.75138, 21.10184 ], [ -156.75165, 21.10174 ], [ -156.75207, 21.10155 ], [ -156.75232, 21.10136 ], [ -156.75257, 21.10121 ], [ -156.75271, 21.10106 ], [ -156.75283, 21.10086 ], [ -156.75314, 21.10064 ], [ -156.75343, 21.10026 ], [ -156.75394, 21.10004 ], [ -156.75449, 21.09971 ], [ -156.75503, 21.09937 ], [ -156.75518, 21.09913 ], [ -156.75536, 21.09896 ], [ -156.75553, 21.09876 ], [ -156.7558, 21.09853 ], [ -156.75614, 21.09835 ], [ -156.75634, 21.09815 ], [ -156.75724, 21.09739 ], [ -156.75751, 21.09722 ], [ -156.75762, 21.09706 ], [ -156.75774, 21.09684 ], [ -156.75792, 21.09665 ], [ -156.75809, 21.09655 ], [ -156.75835, 21.09645 ], [ -156.75859, 21.09625 ], [ -156.75903, 21.09604 ], [ -156.75944, 21.09576 ], [ -156.75989, 21.09548 ], [ -156.76019, 21.09536 ], [ -156.76092, 21.09521 ], [ -156.7611, 21.09513 ], [ -156.76126, 21.09501 ], [ -156.76155, 21.0949 ], [ -156.76178, 21.09477 ], [ -156.76233, 21.09433 ], [ -156.7627, 21.09399 ], [ -156.76279, 21.09394 ], [ -156.76312, 21.09383 ], [ -156.76337, 21.09364 ], [ -156.76375, 21.09326 ], [ -156.76386, 21.09309 ], [ -156.76389, 21.09301 ], [ -156.7642, 21.09277 ], [ -156.76434, 21.09259 ], [ -156.76446, 21.09254 ], [ -156.76469, 21.09253 ], [ -156.76493, 21.09247 ], [ -156.76517, 21.09238 ], [ -156.76561, 21.09218 ], [ -156.76584, 21.09204 ], [ -156.76631, 21.0918 ], [ -156.76708, 21.09116 ], [ -156.76722, 21.09096 ], [ -156.76739, 21.0908 ], [ -156.76762, 21.09063 ], [ -156.76771, 21.09051 ], [ -156.76779, 21.09036 ], [ -156.7679, 21.09025 ], [ -156.76796, 21.09022 ], [ -156.76809, 21.0902 ], [ -156.769, 21.08989 ], [ -156.76953, 21.08975 ], [ -156.76977, 21.08965 ], [ -156.76997, 21.0895 ], [ -156.77032, 21.0891 ], [ -156.77049, 21.08885 ], [ -156.77064, 21.08848 ], [ -156.77097, 21.08754 ], [ -156.77137, 21.08691 ], [ -156.7715, 21.08678 ], [ -156.77176, 21.08686 ], [ -156.77194, 21.08672 ], [ -156.77206, 21.08666 ], [ -156.77225, 21.08669 ], [ -156.77274, 21.0867 ], [ -156.77292, 21.08666 ], [ -156.77302, 21.08655 ], [ -156.77315, 21.08649 ], [ -156.77322, 21.08649 ], [ -156.77308, 21.08618 ], [ -156.77313, 21.08607 ], [ -156.77368, 21.08564 ], [ -156.77409, 21.08535 ], [ -156.77429, 21.08512 ], [ -156.77453, 21.08477 ], [ -156.77468, 21.08428 ], [ -156.7747, 21.08388 ], [ -156.77477, 21.0834 ], [ -156.77494, 21.08308 ], [ -156.77517, 21.08267 ], [ -156.77537, 21.0825 ], [ -156.77633, 21.08256 ], [ -156.77687, 21.08257 ], [ -156.77745, 21.08265 ], [ -156.77865, 21.08269 ], [ -156.77903, 21.08273 ], [ -156.77933, 21.08271 ], [ -156.77988, 21.0826 ], [ -156.78015, 21.08248 ], [ -156.78055, 21.08235 ], [ -156.78081, 21.08219 ], [ -156.78125, 21.08198 ], [ -156.78134, 21.082 ], [ -156.78145, 21.08205 ], [ -156.78157, 21.08217 ], [ -156.78157, 21.0824 ], [ -156.78166, 21.08244 ], [ -156.78194, 21.08238 ], [ -156.78233, 21.08223 ], [ -156.78235, 21.08212 ], [ -156.7823, 21.08196 ], [ -156.78232, 21.08177 ], [ -156.78245, 21.08159 ], [ -156.78273, 21.08147 ], [ -156.783, 21.08147 ], [ -156.78311, 21.08133 ], [ -156.78317, 21.08129 ], [ -156.78344, 21.08122 ], [ -156.7836, 21.08122 ], [ -156.78377, 21.08126 ], [ -156.78395, 21.08125 ], [ -156.78409, 21.08113 ], [ -156.78419, 21.08097 ], [ -156.78427, 21.08076 ], [ -156.7843, 21.08061 ], [ -156.78427, 21.08047 ], [ -156.78418, 21.08033 ], [ -156.78404, 21.08022 ], [ -156.78389, 21.0802 ], [ -156.78349, 21.08031 ], [ -156.78342, 21.08027 ], [ -156.78342, 21.08018 ], [ -156.78344, 21.08015 ], [ -156.78355, 21.08007 ], [ -156.78376, 21.07997 ], [ -156.78398, 21.07996 ], [ -156.78421, 21.07999 ], [ -156.78438, 21.08005 ], [ -156.78445, 21.08004 ], [ -156.78453, 21.07991 ], [ -156.78512, 21.07988 ], [ -156.78527, 21.07983 ], [ -156.78544, 21.07963 ], [ -156.7856, 21.07953 ], [ -156.786, 21.07965 ], [ -156.7861, 21.07958 ], [ -156.78622, 21.07943 ], [ -156.78635, 21.07933 ], [ -156.78647, 21.07935 ], [ -156.78666, 21.07928 ], [ -156.78696, 21.07909 ], [ -156.78715, 21.07903 ], [ -156.78743, 21.07886 ], [ -156.78796, 21.07872 ], [ -156.78816, 21.07846 ], [ -156.78835, 21.07809 ], [ -156.78856, 21.07761 ], [ -156.7888, 21.0768 ], [ -156.7889, 21.07653 ], [ -156.78888, 21.07601 ], [ -156.78881, 21.07555 ], [ -156.78883, 21.07515 ], [ -156.78895, 21.07489 ], [ -156.78926, 21.07451 ], [ -156.79029, 21.07347 ], [ -156.7907, 21.07301 ], [ -156.79091, 21.07282 ], [ -156.79102, 21.07271 ], [ -156.79129, 21.07253 ], [ -156.79149, 21.07244 ], [ -156.79169, 21.07244 ], [ -156.79219, 21.07265 ], [ -156.79232, 21.07278 ], [ -156.7925, 21.07292 ], [ -156.79319, 21.07272 ], [ -156.79362, 21.07251 ], [ -156.79409, 21.07233 ], [ -156.79445, 21.07213 ], [ -156.79475, 21.0717 ], [ -156.79501, 21.07151 ], [ -156.79603, 21.07111 ], [ -156.79627, 21.07097 ], [ -156.79649, 21.07075 ], [ -156.79662, 21.07012 ], [ -156.79669, 21.07001 ], [ -156.79683, 21.0699 ], [ -156.79697, 21.06972 ], [ -156.79704, 21.06953 ], [ -156.79705, 21.06938 ], [ -156.7971, 21.06928 ], [ -156.79719, 21.06927 ], [ -156.79749, 21.06956 ], [ -156.79757, 21.06959 ], [ -156.79771, 21.06978 ], [ -156.79777, 21.07023 ], [ -156.79771, 21.07041 ], [ -156.79753, 21.07074 ], [ -156.79745, 21.07104 ], [ -156.79763, 21.07106 ], [ -156.79781, 21.07102 ], [ -156.79795, 21.07096 ], [ -156.79809, 21.07098 ], [ -156.79806, 21.07115 ], [ -156.79795, 21.0714 ], [ -156.79792, 21.07171 ], [ -156.79804, 21.07182 ], [ -156.7982, 21.07181 ], [ -156.79833, 21.07173 ], [ -156.7985, 21.07151 ], [ -156.79867, 21.07114 ], [ -156.79876, 21.07111 ], [ -156.79907, 21.07122 ], [ -156.79934, 21.07125 ], [ -156.79952, 21.07121 ], [ -156.79956, 21.07113 ], [ -156.79954, 21.07092 ], [ -156.79942, 21.07078 ], [ -156.79922, 21.07069 ], [ -156.79891, 21.07063 ], [ -156.7987, 21.07057 ], [ -156.79862, 21.07041 ], [ -156.79859, 21.06996 ], [ -156.79853, 21.06984 ], [ -156.79847, 21.06947 ], [ -156.79856, 21.0694 ], [ -156.79878, 21.06935 ], [ -156.79902, 21.06908 ], [ -156.79908, 21.06888 ], [ -156.7991, 21.06867 ], [ -156.79917, 21.06863 ], [ -156.79929, 21.06875 ], [ -156.79945, 21.06898 ], [ -156.79956, 21.06929 ], [ -156.79975, 21.06964 ], [ -156.79998, 21.07002 ], [ -156.80004, 21.07003 ], [ -156.80016, 21.06997 ], [ -156.80025, 21.0699 ], [ -156.80119, 21.06898 ], [ -156.80148, 21.06868 ], [ -156.80184, 21.06814 ], [ -156.80198, 21.06782 ], [ -156.8021, 21.06722 ], [ -156.80217, 21.06715 ], [ -156.80228, 21.06711 ], [ -156.80234, 21.06707 ], [ -156.80239, 21.06696 ], [ -156.80245, 21.06687 ], [ -156.80276, 21.06676 ], [ -156.80301, 21.06677 ], [ -156.80327, 21.06684 ], [ -156.8036, 21.0668 ], [ -156.80375, 21.06671 ], [ -156.80413, 21.06663 ], [ -156.80443, 21.06671 ], [ -156.80581, 21.0665 ], [ -156.80665, 21.06628 ], [ -156.80683, 21.06616 ], [ -156.80714, 21.06612 ], [ -156.80743, 21.06605 ], [ -156.80782, 21.06598 ], [ -156.80817, 21.06589 ], [ -156.80969, 21.06579 ], [ -156.81008, 21.06573 ], [ -156.81029, 21.06584 ], [ -156.81026, 21.0661 ], [ -156.81013, 21.06619 ], [ -156.80997, 21.06625 ], [ -156.80972, 21.06621 ], [ -156.80955, 21.06611 ], [ -156.80931, 21.06607 ], [ -156.80909, 21.06608 ], [ -156.80864, 21.06614 ], [ -156.80853, 21.06629 ], [ -156.80901, 21.06654 ], [ -156.8092, 21.06678 ], [ -156.80947, 21.06686 ], [ -156.80985, 21.06689 ], [ -156.81027, 21.06684 ], [ -156.8108, 21.0669 ], [ -156.81105, 21.06681 ], [ -156.81107, 21.06662 ], [ -156.81096, 21.06643 ], [ -156.81073, 21.06632 ], [ -156.81055, 21.0662 ], [ -156.81049, 21.06598 ], [ -156.81059, 21.06584 ], [ -156.81117, 21.06545 ], [ -156.81145, 21.06534 ], [ -156.81167, 21.06532 ], [ -156.81281, 21.0655 ], [ -156.81441, 21.06538 ], [ -156.81524, 21.06522 ], [ -156.81664, 21.06496 ], [ -156.81711, 21.0649 ], [ -156.81723, 21.06491 ], [ -156.81754, 21.06521 ], [ -156.81782, 21.06531 ], [ -156.81818, 21.06525 ], [ -156.81856, 21.06509 ], [ -156.81881, 21.06494 ], [ -156.81902, 21.06474 ], [ -156.819, 21.06425 ], [ -156.81901, 21.06415 ], [ -156.8191, 21.06424 ], [ -156.81923, 21.0645 ], [ -156.81935, 21.0647 ], [ -156.81955, 21.06487 ], [ -156.81967, 21.06506 ], [ -156.81992, 21.06512 ], [ -156.82021, 21.06536 ], [ -156.82044, 21.06552 ], [ -156.82079, 21.06553 ], [ -156.82127, 21.0655 ], [ -156.82173, 21.0654 ], [ -156.82193, 21.06509 ], [ -156.82215, 21.06481 ], [ -156.82218, 21.06454 ], [ -156.82215, 21.06413 ], [ -156.82208, 21.06387 ], [ -156.82201, 21.06368 ], [ -156.82202, 21.06365 ], [ -156.8222, 21.06368 ], [ -156.82222, 21.06368 ], [ -156.82223, 21.06369 ], [ -156.8224, 21.06368 ], [ -156.8227, 21.06349 ], [ -156.82293, 21.06321 ], [ -156.82306, 21.06291 ], [ -156.82323, 21.0627 ], [ -156.82328, 21.0625 ], [ -156.82334, 21.06213 ], [ -156.82345, 21.06188 ], [ -156.82362, 21.06163 ], [ -156.82387, 21.06149 ], [ -156.82452, 21.06124 ], [ -156.82558, 21.06097 ], [ -156.82623, 21.06084 ], [ -156.82686, 21.06066 ], [ -156.82708, 21.06068 ], [ -156.82737, 21.06062 ], [ -156.82756, 21.06053 ], [ -156.82794, 21.06028 ], [ -156.82813, 21.0601 ], [ -156.82851, 21.05955 ], [ -156.82868, 21.05944 ], [ -156.82896, 21.05936 ], [ -156.82913, 21.05935 ], [ -156.82923, 21.05938 ], [ -156.8299, 21.05968 ], [ -156.83022, 21.05999 ], [ -156.83059, 21.06012 ], [ -156.83088, 21.06017 ], [ -156.83159, 21.06015 ], [ -156.83195, 21.06009 ], [ -156.83218, 21.06013 ], [ -156.8324, 21.06006 ], [ -156.83247, 21.05997 ], [ -156.83259, 21.0597 ], [ -156.83282, 21.05947 ], [ -156.8329, 21.05932 ], [ -156.83293, 21.05893 ], [ -156.83289, 21.05868 ], [ -156.83274, 21.05841 ], [ -156.83268, 21.05819 ], [ -156.83267, 21.05799 ], [ -156.83277, 21.05797 ], [ -156.8329, 21.05807 ], [ -156.83301, 21.05807 ], [ -156.83312, 21.05811 ], [ -156.83324, 21.05809 ], [ -156.83358, 21.05792 ], [ -156.83369, 21.0578 ], [ -156.83384, 21.05755 ], [ -156.8341, 21.05724 ], [ -156.83436, 21.05697 ], [ -156.83444, 21.05661 ], [ -156.83454, 21.05639 ], [ -156.83483, 21.05589 ], [ -156.83505, 21.05568 ], [ -156.83531, 21.05559 ], [ -156.83541, 21.0556 ], [ -156.83551, 21.05557 ], [ -156.83558, 21.0555 ], [ -156.83574, 21.05536 ], [ -156.83584, 21.05518 ], [ -156.83589, 21.05487 ], [ -156.83587, 21.0544 ], [ -156.83593, 21.05412 ], [ -156.83599, 21.0539 ], [ -156.83616, 21.05378 ], [ -156.83643, 21.05363 ], [ -156.83703, 21.05342 ], [ -156.83701, 21.05354 ], [ -156.83696, 21.05361 ], [ -156.83687, 21.05366 ], [ -156.83678, 21.05367 ], [ -156.8367, 21.05366 ], [ -156.83664, 21.05368 ], [ -156.83676, 21.05386 ], [ -156.83674, 21.05394 ], [ -156.83665, 21.05395 ], [ -156.83658, 21.05399 ], [ -156.8366, 21.05409 ], [ -156.83659, 21.05417 ], [ -156.83635, 21.05436 ], [ -156.83633, 21.05445 ], [ -156.83639, 21.0545 ], [ -156.83692, 21.0546 ], [ -156.83734, 21.05476 ], [ -156.83756, 21.05477 ], [ -156.83772, 21.0547 ], [ -156.8378, 21.05462 ], [ -156.83794, 21.05457 ], [ -156.83802, 21.05449 ], [ -156.83803, 21.05411 ], [ -156.8381, 21.05405 ], [ -156.83818, 21.05413 ], [ -156.83857, 21.05477 ], [ -156.8388, 21.05483 ], [ -156.83902, 21.05479 ], [ -156.8393, 21.05468 ], [ -156.83963, 21.05463 ], [ -156.83973, 21.05454 ], [ -156.83982, 21.05447 ], [ -156.84007, 21.05441 ], [ -156.8402, 21.05436 ], [ -156.84031, 21.05429 ], [ -156.84056, 21.05395 ], [ -156.84105, 21.05367 ], [ -156.84124, 21.0536 ], [ -156.84133, 21.05365 ], [ -156.84148, 21.05384 ], [ -156.84155, 21.0539 ], [ -156.84171, 21.05393 ], [ -156.84183, 21.05408 ], [ -156.84197, 21.0542 ], [ -156.84297, 21.05428 ], [ -156.84332, 21.05426 ], [ -156.84366, 21.05419 ], [ -156.84401, 21.054 ], [ -156.84428, 21.054 ], [ -156.84453, 21.05396 ], [ -156.84474, 21.0539 ], [ -156.84488, 21.05381 ], [ -156.84511, 21.05367 ], [ -156.84536, 21.05357 ], [ -156.84569, 21.0536 ], [ -156.84599, 21.05366 ], [ -156.84644, 21.05353 ], [ -156.84673, 21.05353 ], [ -156.84697, 21.05348 ], [ -156.8472, 21.05331 ], [ -156.84742, 21.05308 ], [ -156.84762, 21.05281 ], [ -156.84804, 21.05214 ], [ -156.84859, 21.05148 ], [ -156.84889, 21.05122 ], [ -156.84907, 21.05101 ], [ -156.84913, 21.05081 ], [ -156.84911, 21.05058 ], [ -156.84901, 21.05 ], [ -156.84897, 21.04928 ], [ -156.84901, 21.04892 ], [ -156.84904, 21.04879 ], [ -156.84914, 21.04872 ], [ -156.84927, 21.04883 ], [ -156.84951, 21.04891 ], [ -156.84962, 21.04893 ], [ -156.84988, 21.04932 ], [ -156.85031, 21.04979 ], [ -156.85092, 21.05014 ], [ -156.85112, 21.05027 ], [ -156.85166, 21.05057 ], [ -156.85181, 21.05061 ], [ -156.8519, 21.05068 ], [ -156.85183, 21.05073 ], [ -156.85136, 21.05068 ], [ -156.85094, 21.05078 ], [ -156.85057, 21.05096 ], [ -156.85045, 21.0511 ], [ -156.85025, 21.05154 ], [ -156.85017, 21.05158 ], [ -156.85001, 21.05159 ], [ -156.84986, 21.05155 ], [ -156.8497, 21.05158 ], [ -156.84955, 21.05166 ], [ -156.8493, 21.0517 ], [ -156.849, 21.05183 ], [ -156.84875, 21.052 ], [ -156.84847, 21.05226 ], [ -156.84811, 21.05284 ], [ -156.84804, 21.05332 ], [ -156.84798, 21.05347 ], [ -156.84792, 21.0537 ], [ -156.84792, 21.05392 ], [ -156.84819, 21.05497 ], [ -156.84844, 21.05554 ], [ -156.84886, 21.05587 ], [ -156.84917, 21.05639 ], [ -156.84948, 21.05649 ], [ -156.84975, 21.05665 ], [ -156.84994, 21.05683 ], [ -156.85026, 21.05698 ], [ -156.85057, 21.05704 ], [ -156.85073, 21.05721 ], [ -156.85158, 21.05736 ], [ -156.85184, 21.05736 ], [ -156.85217, 21.05729 ], [ -156.8528, 21.05696 ], [ -156.85291, 21.05674 ], [ -156.85299, 21.05665 ], [ -156.85306, 21.05664 ], [ -156.85325, 21.05672 ], [ -156.85338, 21.05668 ], [ -156.85343, 21.05663 ], [ -156.85354, 21.05661 ], [ -156.85384, 21.0566 ], [ -156.85401, 21.05657 ], [ -156.85432, 21.05669 ], [ -156.85453, 21.05667 ], [ -156.85467, 21.05656 ], [ -156.8549, 21.05626 ], [ -156.8552, 21.05651 ], [ -156.85542, 21.05661 ], [ -156.85571, 21.05664 ], [ -156.85593, 21.05655 ], [ -156.85606, 21.05641 ], [ -156.85619, 21.05621 ], [ -156.85632, 21.05607 ], [ -156.85649, 21.05601 ], [ -156.85753, 21.05585 ], [ -156.85813, 21.05562 ], [ -156.85824, 21.05549 ], [ -156.85828, 21.05532 ], [ -156.85829, 21.05497 ], [ -156.85839, 21.05494 ], [ -156.85851, 21.05497 ], [ -156.85867, 21.05512 ], [ -156.8588, 21.05528 ], [ -156.85897, 21.0554 ], [ -156.85917, 21.05542 ], [ -156.8594, 21.0554 ], [ -156.85954, 21.05532 ], [ -156.85964, 21.05522 ], [ -156.85986, 21.05474 ], [ -156.85981, 21.05411 ], [ -156.85988, 21.05375 ], [ -156.86002, 21.0534 ], [ -156.86037, 21.05305 ], [ -156.86051, 21.05278 ], [ -156.86076, 21.05259 ], [ -156.86108, 21.05248 ], [ -156.86136, 21.05242 ], [ -156.86169, 21.05238 ], [ -156.86202, 21.05231 ], [ -156.86228, 21.05217 ], [ -156.86257, 21.05211 ], [ -156.86299, 21.05206 ], [ -156.86318, 21.05209 ], [ -156.86327, 21.05216 ], [ -156.86335, 21.05233 ], [ -156.86345, 21.05233 ], [ -156.86399, 21.05228 ], [ -156.86408, 21.05212 ], [ -156.86434, 21.05181 ], [ -156.86457, 21.05143 ], [ -156.8649, 21.05128 ], [ -156.86523, 21.05123 ], [ -156.86534, 21.05115 ], [ -156.86549, 21.05088 ], [ -156.86563, 21.05068 ], [ -156.86591, 21.05038 ], [ -156.86616, 21.05018 ], [ -156.8664, 21.05009 ], [ -156.867, 21.04996 ], [ -156.86734, 21.0498 ], [ -156.86753, 21.04967 ], [ -156.86836, 21.04961 ], [ -156.86854, 21.04946 ], [ -156.86872, 21.04942 ], [ -156.8691, 21.04946 ], [ -156.86952, 21.04955 ], [ -156.86969, 21.04968 ], [ -156.86979, 21.04998 ], [ -156.86992, 21.05021 ], [ -156.87013, 21.05029 ], [ -156.87054, 21.0505 ], [ -156.87096, 21.05046 ], [ -156.87119, 21.05047 ], [ -156.8715, 21.05019 ], [ -156.87166, 21.04984 ], [ -156.87185, 21.04952 ], [ -156.87202, 21.04929 ], [ -156.87219, 21.04915 ], [ -156.87244, 21.04909 ], [ -156.87289, 21.04903 ], [ -156.87304, 21.0489 ], [ -156.87309, 21.04865 ], [ -156.87318, 21.04849 ], [ -156.87354, 21.04814 ], [ -156.87357, 21.04767 ], [ -156.87363, 21.04735 ], [ -156.87378, 21.04708 ], [ -156.87397, 21.04684 ], [ -156.87426, 21.04632 ], [ -156.87438, 21.04605 ], [ -156.87447, 21.04601 ], [ -156.87463, 21.04604 ], [ -156.87467, 21.04619 ], [ -156.87461, 21.04643 ], [ -156.87465, 21.04662 ], [ -156.87477, 21.04675 ], [ -156.87499, 21.04685 ], [ -156.87526, 21.04687 ], [ -156.87591, 21.04676 ], [ -156.87605, 21.0468 ], [ -156.87619, 21.0469 ], [ -156.87635, 21.04695 ], [ -156.87648, 21.04694 ], [ -156.87662, 21.04688 ], [ -156.87676, 21.04679 ], [ -156.87682, 21.04681 ], [ -156.87698, 21.0469 ], [ -156.8771, 21.04691 ], [ -156.8774, 21.04674 ], [ -156.87771, 21.04669 ], [ -156.87784, 21.04668 ], [ -156.878, 21.04669 ], [ -156.87848, 21.04675 ], [ -156.87926, 21.0468 ], [ -156.8797, 21.04685 ], [ -156.88076, 21.04708 ], [ -156.88088, 21.04713 ], [ -156.88095, 21.04724 ], [ -156.88094, 21.04747 ], [ -156.88064, 21.0479 ], [ -156.88064, 21.048 ], [ -156.8807, 21.04803 ], [ -156.8808, 21.04795 ], [ -156.88089, 21.0478 ], [ -156.88103, 21.04763 ], [ -156.88119, 21.04761 ], [ -156.88128, 21.04751 ], [ -156.8812, 21.04728 ], [ -156.8812, 21.04706 ], [ -156.88125, 21.04685 ], [ -156.88133, 21.04672 ], [ -156.88142, 21.04662 ], [ -156.88158, 21.04654 ], [ -156.8818, 21.04653 ], [ -156.88191, 21.04658 ], [ -156.882, 21.04685 ], [ -156.88211, 21.04748 ], [ -156.88214, 21.04755 ], [ -156.88219, 21.04746 ], [ -156.88221, 21.04736 ], [ -156.88211, 21.04693 ], [ -156.8821, 21.04674 ], [ -156.88213, 21.04667 ], [ -156.88224, 21.04663 ], [ -156.88238, 21.04665 ], [ -156.8826, 21.04673 ], [ -156.88297, 21.04681 ], [ -156.88334, 21.04668 ], [ -156.88371, 21.04666 ], [ -156.88391, 21.04684 ], [ -156.88378, 21.0472 ], [ -156.8838, 21.04737 ], [ -156.88393, 21.0475 ], [ -156.88407, 21.04768 ], [ -156.88416, 21.04789 ], [ -156.88531, 21.04914 ], [ -156.88545, 21.04918 ], [ -156.88575, 21.04899 ], [ -156.88674, 21.04882 ], [ -156.88775, 21.04874 ], [ -156.88865, 21.04871 ], [ -156.8894, 21.04878 ], [ -156.89036, 21.04892 ], [ -156.89072, 21.04902 ], [ -156.89153, 21.04943 ], [ -156.89199, 21.04972 ], [ -156.89236, 21.05009 ], [ -156.89298, 21.05094 ], [ -156.8935, 21.05174 ], [ -156.89366, 21.05219 ], [ -156.89373, 21.05271 ], [ -156.8937, 21.05314 ], [ -156.89362, 21.05359 ], [ -156.89359, 21.05403 ], [ -156.89352, 21.0544 ], [ -156.89372, 21.05456 ], [ -156.89404, 21.05476 ], [ -156.89447, 21.05499 ], [ -156.89486, 21.05515 ], [ -156.89559, 21.05528 ], [ -156.89585, 21.05527 ], [ -156.89604, 21.05519 ], [ -156.89629, 21.05516 ], [ -156.89655, 21.05517 ], [ -156.89697, 21.05501 ], [ -156.89764, 21.05516 ], [ -156.89778, 21.05517 ], [ -156.89793, 21.05516 ], [ -156.89817, 21.05508 ], [ -156.89838, 21.05506 ], [ -156.89856, 21.05494 ], [ -156.89867, 21.05462 ], [ -156.89879, 21.05444 ], [ -156.89894, 21.05432 ], [ -156.89926, 21.05426 ], [ -156.89986, 21.0543 ], [ -156.90043, 21.05443 ], [ -156.9007, 21.05456 ], [ -156.90087, 21.05482 ], [ -156.90091, 21.05509 ], [ -156.90105, 21.05543 ], [ -156.90131, 21.05568 ], [ -156.90194, 21.05594 ], [ -156.90241, 21.05604 ], [ -156.90274, 21.05607 ], [ -156.90313, 21.05605 ], [ -156.90361, 21.05591 ], [ -156.90403, 21.05568 ], [ -156.90442, 21.05535 ], [ -156.90469, 21.05495 ], [ -156.90498, 21.05459 ], [ -156.9052, 21.05454 ], [ -156.90602, 21.05454 ], [ -156.9061, 21.05458 ], [ -156.90605, 21.05465 ], [ -156.90592, 21.05474 ], [ -156.9057, 21.05483 ], [ -156.90547, 21.05489 ], [ -156.90532, 21.05506 ], [ -156.90529, 21.05532 ], [ -156.90529, 21.05555 ], [ -156.90543, 21.05574 ], [ -156.90566, 21.05596 ], [ -156.90582, 21.05605 ], [ -156.9059, 21.05614 ], [ -156.90627, 21.05628 ], [ -156.90659, 21.05619 ], [ -156.9071, 21.0561 ], [ -156.90736, 21.05596 ], [ -156.90758, 21.05578 ], [ -156.90772, 21.05579 ], [ -156.90791, 21.05584 ], [ -156.9083, 21.05588 ], [ -156.90858, 21.05586 ], [ -156.9089, 21.05571 ], [ -156.90916, 21.05568 ], [ -156.9094, 21.05581 ], [ -156.90975, 21.05582 ], [ -156.90995, 21.05592 ], [ -156.91026, 21.05618 ], [ -156.91061, 21.05641 ], [ -156.91118, 21.05655 ], [ -156.91159, 21.05655 ], [ -156.91197, 21.05653 ], [ -156.91251, 21.05663 ], [ -156.91299, 21.05677 ], [ -156.91357, 21.05676 ], [ -156.91386, 21.05669 ], [ -156.91657, 21.05841 ], [ -156.92241, 21.06279 ], [ -156.92993, 21.06869 ], [ -156.93704, 21.07523 ], [ -156.94407, 21.08264 ], [ -156.95532, 21.09274 ], [ -156.96346, 21.09925 ], [ -156.97558, 21.10831 ], [ -156.98657, 21.11539 ], [ -157.00094, 21.12283 ], [ -157.01162, 21.12885 ], [ -157.01695, 21.13193 ], [ -157.02392, 21.1349 ], [ -157.03017, 21.13851 ], [ -157.03578, 21.14058 ], [ -157.0465, 21.14511 ], [ -157.06031, 21.14792 ], [ -157.08087, 21.15083 ], [ -157.09609, 21.1508 ], [ -157.11421, 21.14931 ], [ -157.12923, 21.14378 ], [ -157.14141, 21.13749 ], [ -157.15152, 21.13116 ], [ -157.16343, 21.12551 ], [ -157.1762, 21.12103 ], [ -157.18432, 21.11964 ], [ -157.19582, 21.11865 ], [ -157.20373, 21.11711 ], [ -157.21537, 21.11468 ], [ -157.22744, 21.11249 ], [ -157.24221, 21.10875 ], [ -157.25149, 21.10581 ], [ -157.25667, 21.10541 ], [ -157.26208, 21.10571 ], [ -157.26827, 21.1063 ], [ -157.27207, 21.10796 ], [ -157.27403, 21.11031 ], [ -157.27465, 21.11309 ], [ -157.27403, 21.11635 ], [ -157.27122, 21.12017 ], [ -157.26568, 21.12717 ], [ -157.26055, 21.13168 ], [ -157.25135, 21.13901 ], [ -157.2411, 21.14692 ], [ -157.23162, 21.15378 ], [ -157.22326, 21.159 ], [ -157.20915, 21.16571 ], [ -157.19734, 21.1692 ], [ -157.1885, 21.16993 ], [ -157.1784, 21.17017 ], [ -157.17081, 21.17019 ], [ -157.15745, 21.17059 ], [ -157.1466, 21.171 ], [ -157.13899, 21.17203 ], [ -157.12817, 21.17512 ], [ -157.11975, 21.17858 ], [ -157.1136, 21.18236 ], [ -157.10515, 21.18887 ], [ -157.09976, 21.19517 ], [ -157.09972, 21.19525 ], [ -157.09969, 21.19521 ], [ -157.09968, 21.19514 ], [ -157.09959, 21.19501 ], [ -157.09941, 21.195 ], [ -157.09931, 21.19503 ], [ -157.09912, 21.19499 ], [ -157.09901, 21.19502 ], [ -157.09869, 21.19517 ], [ -157.09854, 21.19519 ], [ -157.09828, 21.19507 ], [ -157.0982, 21.19507 ], [ -157.09789, 21.1952 ], [ -157.09784, 21.19519 ], [ -157.09782, 21.19516 ], [ -157.09778, 21.19496 ], [ -157.09774, 21.19489 ], [ -157.09768, 21.19484 ], [ -157.09754, 21.1948 ], [ -157.09738, 21.19478 ], [ -157.09729, 21.19475 ], [ -157.09703, 21.19455 ], [ -157.0969, 21.19451 ], [ -157.09687, 21.19451 ], [ -157.09662, 21.19464 ], [ -157.09639, 21.19463 ], [ -157.09627, 21.19466 ], [ -157.09591, 21.19482 ], [ -157.09528, 21.19501 ], [ -157.09473, 21.19495 ], [ -157.09445, 21.19506 ], [ -157.09417, 21.19514 ], [ -157.09393, 21.19526 ], [ -157.09338, 21.1951 ] ] ] ] } },
{ "type": "Feature", "properties": { "objectid": 56, "solar_cal": "400-450", "st_areasha": 3736122.4710236932, "st_perimet": 10526.904711471048 }, "geometry": { "type": "MultiPolygon", "coordinates": [ [ [ [ -156.97109, 21.21532 ], [ -156.97096, 21.21515 ], [ -156.97079, 21.21514 ], [ -156.9706, 21.215 ], [ -156.97041, 21.21497 ], [ -156.97029, 21.21482 ], [ -156.97011, 21.21471 ], [ -156.97, 21.21477 ], [ -156.96993, 21.21472 ], [ -156.96975, 21.21457 ], [ -156.96947, 21.21438 ], [ -156.96914, 21.21452 ], [ -156.96919, 21.21441 ], [ -156.96917, 21.21427 ], [ -156.96896, 21.2142 ], [ -156.96888, 21.21409 ], [ -156.96883, 21.21394 ], [ -156.96894, 21.21382 ], [ -156.969, 21.21362 ], [ -156.96884, 21.21358 ], [ -156.96868, 21.21368 ], [ -156.96851, 21.2139 ], [ -156.9684, 21.21399 ], [ -156.9683, 21.21398 ], [ -156.96818, 21.21386 ], [ -156.96813, 21.2139 ], [ -156.96808, 21.214 ], [ -156.96796, 21.21404 ], [ -156.96793, 21.21396 ], [ -156.96784, 21.21388 ], [ -156.96766, 21.214 ], [ -156.96756, 21.21391 ], [ -156.96732, 21.21408 ], [ -156.96725, 21.21404 ], [ -156.9672, 21.21395 ], [ -156.96708, 21.2139 ], [ -156.96686, 21.21408 ], [ -156.96682, 21.21402 ], [ -156.9668, 21.21395 ], [ -156.96665, 21.21389 ], [ -156.96637, 21.21384 ], [ -156.96623, 21.21376 ], [ -156.96609, 21.21333 ], [ -156.96596, 21.21327 ], [ -156.9658, 21.21349 ], [ -156.96554, 21.21359 ], [ -156.96544, 21.2136 ], [ -156.96549, 21.21346 ], [ -156.96559, 21.21333 ], [ -156.96566, 21.2129 ], [ -156.96583, 21.21274 ], [ -156.96587, 21.21257 ], [ -156.96581, 21.21228 ], [ -156.96564, 21.21215 ], [ -156.96558, 21.21197 ], [ -156.96548, 21.21172 ], [ -156.96514, 21.21169 ], [ -156.96503, 21.21161 ], [ -156.96503, 21.21143 ], [ -156.96486, 21.2114 ], [ -156.96469, 21.21142 ], [ -156.96457, 21.21132 ], [ -156.96431, 21.21115 ], [ -156.96431, 21.21095 ], [ -156.96409, 21.21104 ], [ -156.96392, 21.21101 ], [ -156.96388, 21.21085 ], [ -156.96398, 21.21072 ], [ -156.96407, 21.21052 ], [ -156.96396, 21.21029 ], [ -156.96373, 21.21012 ], [ -156.96348, 21.20998 ], [ -156.96332, 21.20995 ], [ -156.96296, 21.20999 ], [ -156.96275, 21.20974 ], [ -156.96256, 21.20977 ], [ -156.96214, 21.20986 ], [ -156.96201, 21.21002 ], [ -156.96199, 21.20963 ], [ -156.96194, 21.20951 ], [ -156.96186, 21.20956 ], [ -156.96184, 21.20966 ], [ -156.96178, 21.2097 ], [ -156.96173, 21.20959 ], [ -156.96167, 21.20957 ], [ -156.96151, 21.20946 ], [ -156.96124, 21.20968 ], [ -156.96095, 21.20962 ], [ -156.96083, 21.20952 ], [ -156.96082, 21.20941 ], [ -156.96078, 21.20924 ], [ -156.9606, 21.20911 ], [ -156.96063, 21.20901 ], [ -156.96052, 21.20897 ], [ -156.96041, 21.20904 ], [ -156.96013, 21.20908 ], [ -156.96001, 21.20897 ], [ -156.95994, 21.20886 ], [ -156.95994, 21.20874 ], [ -156.9599, 21.20869 ], [ -156.95977, 21.20866 ], [ -156.95974, 21.20859 ], [ -156.95974, 21.2084 ], [ -156.95977, 21.20822 ], [ -156.95989, 21.20813 ], [ -156.95981, 21.20804 ], [ -156.95966, 21.20795 ], [ -156.95966, 21.2079 ], [ -156.95973, 21.20783 ], [ -156.95981, 21.20764 ], [ -156.95978, 21.20749 ], [ -156.95984, 21.20731 ], [ -156.95981, 21.20724 ], [ -156.9596, 21.20732 ], [ -156.95939, 21.20753 ], [ -156.95934, 21.20748 ], [ -156.95943, 21.20719 ], [ -156.95925, 21.20723 ], [ -156.95915, 21.20717 ], [ -156.95912, 21.20696 ], [ -156.95904, 21.20689 ], [ -156.95903, 21.20678 ], [ -156.95882, 21.20693 ], [ -156.95882, 21.20686 ], [ -156.95872, 21.20673 ], [ -156.95859, 21.20659 ], [ -156.95856, 21.20648 ], [ -156.95871, 21.2063 ], [ -156.95865, 21.20619 ], [ -156.95868, 21.20603 ], [ -156.95851, 21.20607 ], [ -156.95846, 21.20626 ], [ -156.95826, 21.20643 ], [ -156.958, 21.2065 ], [ -156.95797, 21.2064 ], [ -156.95803, 21.20629 ], [ -156.95802, 21.20613 ], [ -156.95818, 21.20584 ], [ -156.95789, 21.20582 ], [ -156.95785, 21.20576 ], [ -156.95778, 21.20573 ], [ -156.95771, 21.20553 ], [ -156.95755, 21.20547 ], [ -156.95759, 21.20534 ], [ -156.95752, 21.20515 ], [ -156.95751, 21.20512 ], [ -156.95738, 21.20499 ], [ -156.95739, 21.20476 ], [ -156.95732, 21.20472 ], [ -156.95719, 21.2047 ], [ -156.95717, 21.20463 ], [ -156.95725, 21.20444 ], [ -156.95734, 21.20439 ], [ -156.95748, 21.20424 ], [ -156.95754, 21.2042 ], [ -156.95757, 21.20408 ], [ -156.95772, 21.20383 ], [ -156.95766, 21.20375 ], [ -156.95753, 21.20368 ], [ -156.95761, 21.20357 ], [ -156.95776, 21.20349 ], [ -156.95772, 21.20336 ], [ -156.95765, 21.20326 ], [ -156.95776, 21.20303 ], [ -156.95774, 21.2029 ], [ -156.95762, 21.20283 ], [ -156.95755, 21.20266 ], [ -156.95779, 21.20248 ], [ -156.95781, 21.2024 ], [ -156.95777, 21.20234 ], [ -156.95759, 21.20225 ], [ -156.95758, 21.20221 ], [ -156.95761, 21.20208 ], [ -156.95748, 21.20207 ], [ -156.95735, 21.20218 ], [ -156.95725, 21.20223 ], [ -156.95721, 21.20211 ], [ -156.95709, 21.20218 ], [ -156.95704, 21.20217 ], [ -156.95702, 21.2021 ], [ -156.95708, 21.20194 ], [ -156.95707, 21.2018 ], [ -156.95702, 21.20165 ], [ -156.9571, 21.20148 ], [ -156.95722, 21.20134 ], [ -156.9572, 21.20125 ], [ -156.95709, 21.20124 ], [ -156.95705, 21.20115 ], [ -156.95686, 21.20124 ], [ -156.95686, 21.20112 ], [ -156.95713, 21.20079 ], [ -156.95705, 21.20075 ], [ -156.95693, 21.20078 ], [ -156.95684, 21.20067 ], [ -156.95669, 21.20081 ], [ -156.9566, 21.20094 ], [ -156.95655, 21.20074 ], [ -156.95647, 21.20062 ], [ -156.95643, 21.20049 ], [ -156.95644, 21.20036 ], [ -156.95631, 21.2003 ], [ -156.9559, 21.20048 ], [ -156.95588, 21.20039 ], [ -156.95598, 21.20025 ], [ -156.95596, 21.20012 ], [ -156.95589, 21.2 ], [ -156.95594, 21.19993 ], [ -156.95591, 21.19986 ], [ -156.9558, 21.19979 ], [ -156.95589, 21.1995 ], [ -156.95598, 21.19938 ], [ -156.9562, 21.19921 ], [ -156.95625, 21.19912 ], [ -156.95612, 21.19899 ], [ -156.95605, 21.19888 ], [ -156.95591, 21.1988 ], [ -156.9557, 21.19877 ], [ -156.95573, 21.1986 ], [ -156.9554, 21.19861 ], [ -156.95536, 21.19849 ], [ -156.9599, 21.19868 ], [ -156.96627, 21.19804 ], [ -156.97525, 21.19737 ], [ -156.98304, 21.19633 ], [ -156.98311, 21.19662 ], [ -156.98308, 21.19697 ], [ -156.98293, 21.19733 ], [ -156.98238, 21.19817 ], [ -156.98172, 21.19888 ], [ -156.98156, 21.19926 ], [ -156.98155, 21.19957 ], [ -156.98179, 21.20023 ], [ -156.98182, 21.20043 ], [ -156.98192, 21.20062 ], [ -156.98196, 21.20093 ], [ -156.98179, 21.20103 ], [ -156.98136, 21.20116 ], [ -156.98048, 21.20152 ], [ -156.98026, 21.20168 ], [ -156.97999, 21.20173 ], [ -156.97981, 21.2021 ], [ -156.97973, 21.20247 ], [ -156.97954, 21.20353 ], [ -156.97943, 21.20449 ], [ -156.97943, 21.20469 ], [ -156.97947, 21.20484 ], [ -156.97955, 21.20498 ], [ -156.97969, 21.20515 ], [ -156.97987, 21.20538 ], [ -156.98007, 21.20557 ], [ -156.98041, 21.20567 ], [ -156.98075, 21.20583 ], [ -156.98097, 21.20608 ], [ -156.98127, 21.20626 ], [ -156.98143, 21.20652 ], [ -156.98161, 21.20683 ], [ -156.98155, 21.207 ], [ -156.98117, 21.20686 ], [ -156.9807, 21.20697 ], [ -156.9805, 21.20722 ], [ -156.98048, 21.20757 ], [ -156.98041, 21.20785 ], [ -156.98027, 21.20807 ], [ -156.98022, 21.20844 ], [ -156.97977, 21.20878 ], [ -156.97934, 21.20906 ], [ -156.97887, 21.20949 ], [ -156.97879, 21.20969 ], [ -156.97873, 21.20977 ], [ -156.9784, 21.20978 ], [ -156.9782, 21.20998 ], [ -156.97813, 21.21018 ], [ -156.97796, 21.21027 ], [ -156.97765, 21.21018 ], [ -156.97752, 21.21032 ], [ -156.9772, 21.21041 ], [ -156.97695, 21.21068 ], [ -156.97695, 21.21089 ], [ -156.97687, 21.21119 ], [ -156.97681, 21.21154 ], [ -156.9769, 21.21173 ], [ -156.97692, 21.21204 ], [ -156.97675, 21.21224 ], [ -156.97666, 21.21266 ], [ -156.97639, 21.21284 ], [ -156.9759, 21.2132 ], [ -156.97589, 21.21335 ], [ -156.97582, 21.21356 ], [ -156.97571, 21.21358 ], [ -156.97564, 21.21351 ], [ -156.97564, 21.21342 ], [ -156.97558, 21.21332 ], [ -156.97551, 21.21337 ], [ -156.97542, 21.21347 ], [ -156.9754, 21.21358 ], [ -156.97545, 21.21379 ], [ -156.97546, 21.21414 ], [ -156.97526, 21.2141 ], [ -156.97499, 21.21367 ], [ -156.97485, 21.21357 ], [ -156.97476, 21.21359 ], [ -156.97471, 21.21343 ], [ -156.97448, 21.21337 ], [ -156.97432, 21.2134 ], [ -156.97413, 21.21337 ], [ -156.97386, 21.21357 ], [ -156.9738, 21.21354 ], [ -156.97375, 21.2134 ], [ -156.97366, 21.21343 ], [ -156.97364, 21.21361 ], [ -156.97359, 21.21373 ], [ -156.97328, 21.2139 ], [ -156.97309, 21.21392 ], [ -156.97293, 21.21417 ], [ -156.9729, 21.21431 ], [ -156.97282, 21.21431 ], [ -156.97284, 21.21422 ], [ -156.97278, 21.21416 ], [ -156.9727, 21.2142 ], [ -156.97266, 21.21415 ], [ -156.97263, 21.214 ], [ -156.97248, 21.21397 ], [ -156.97232, 21.21401 ], [ -156.97216, 21.21419 ], [ -156.97208, 21.21437 ], [ -156.97212, 21.21448 ], [ -156.97209, 21.21468 ], [ -156.97216, 21.21481 ], [ -156.97216, 21.21493 ], [ -156.97206, 21.21502 ], [ -156.97194, 21.21499 ], [ -156.97186, 21.21492 ], [ -156.97192, 21.2148 ], [ -156.97186, 21.2147 ], [ -156.97143, 21.215 ], [ -156.97133, 21.21497 ], [ -156.97122, 21.21498 ], [ -156.97128, 21.21528 ], [ -156.9712, 21.21535 ], [ -156.97109, 21.21532 ] ] ] ] } },
{ "type": "Feature", "properties": { "objectid": 59, "solar_cal": "400-450", "st_areasha": 2749.0437060808422, "st_perimet": 237.84075134905422 }, "geometry": { "type": "MultiPolygon", "coordinates": [ [ [ [ -157.70414, 21.28479 ], [ -157.7041, 21.28469 ], [ -157.70412, 21.28463 ], [ -157.70417, 21.28453 ], [ -157.70412, 21.28444 ], [ -157.7044, 21.28457 ], [ -157.70451, 21.28469 ], [ -157.70454, 21.28476 ], [ -157.70455, 21.28487 ], [ -157.70449, 21.28502 ], [ -157.70432, 21.28531 ], [ -157.70424, 21.28535 ], [ -157.70414, 21.28479 ] ] ] ] } },
{ "type": "Feature", "properties": { "objectid": 60, "solar_cal": "400-450", "st_areasha": 10508.953367865039, "st_perimet": 440.090541438586 }, "geometry": { "type": "MultiPolygon", "coordinates": [ [ [ [ -157.69503, 21.29451 ], [ -157.69493, 21.29447 ], [ -157.69458, 21.29445 ], [ -157.69445, 21.2942 ], [ -157.69446, 21.29402 ], [ -157.69454, 21.29397 ], [ -157.69481, 21.29391 ], [ -157.695, 21.29387 ], [ -157.69528, 21.29378 ], [ -157.6954, 21.29371 ], [ -157.6956, 21.29367 ], [ -157.69565, 21.29357 ], [ -157.69574, 21.29369 ], [ -157.69575, 21.29398 ], [ -157.69567, 21.2943 ], [ -157.69559, 21.29463 ], [ -157.69552, 21.29475 ], [ -157.69549, 21.29483 ], [ -157.69503, 21.29451 ] ] ] ] } },
{ "type": "Feature", "properties": { "objectid": 70, "solar_cal": "400-450", "st_areasha": 12919209.438547434, "st_perimet": 30925.195453375229 }, "geometry": { "type": "MultiPolygon", "coordinates": [ [ [ [ -157.72964, 21.46033 ], [ -157.72952, 21.46027 ], [ -157.72943, 21.46017 ], [ -157.72931, 21.46001 ], [ -157.72919, 21.45983 ], [ -157.72909, 21.45977 ], [ -157.72893, 21.45971 ], [ -157.72876, 21.45965 ], [ -157.72856, 21.45959 ], [ -157.72842, 21.45957 ], [ -157.72821, 21.45952 ], [ -157.72788, 21.45949 ], [ -157.72771, 21.4595 ], [ -157.72752, 21.45945 ], [ -157.7273, 21.45945 ], [ -157.72712, 21.45942 ], [ -157.72699, 21.45941 ], [ -157.72688, 21.45939 ], [ -157.72666, 21.45932 ], [ -157.72652, 21.45929 ], [ -157.72636, 21.45923 ], [ -157.72622, 21.45921 ], [ -157.72602, 21.45922 ], [ -157.72584, 21.45919 ], [ -157.72568, 21.45915 ], [ -157.72556, 21.45912 ], [ -157.72541, 21.45909 ], [ -157.72526, 21.45911 ], [ -157.72512, 21.4591 ], [ -157.72497, 21.4591 ], [ -157.72477, 21.45912 ], [ -157.72459, 21.45911 ], [ -157.72442, 21.45915 ], [ -157.72423, 21.45917 ], [ -157.72401, 21.45922 ], [ -157.72385, 21.45926 ], [ -157.72362, 21.4593 ], [ -157.72346, 21.45934 ], [ -157.72331, 21.4594 ], [ -157.72314, 21.45941 ], [ -157.72298, 21.45939 ], [ -157.72278, 21.45933 ], [ -157.72261, 21.45925 ], [ -157.72248, 21.45916 ], [ -157.72239, 21.45909 ], [ -157.72227, 21.45896 ], [ -157.72222, 21.45888 ], [ -157.72215, 21.45875 ], [ -157.72212, 21.45861 ], [ -157.72213, 21.45851 ], [ -157.72212, 21.45837 ], [ -157.72211, 21.45822 ], [ -157.72208, 21.45809 ], [ -157.72209, 21.45794 ], [ -157.72211, 21.45779 ], [ -157.72212, 21.45757 ], [ -157.72214, 21.45737 ], [ -157.72214, 21.4572 ], [ -157.72213, 21.45709 ], [ -157.72217, 21.45695 ], [ -157.72219, 21.45682 ], [ -157.72224, 21.45662 ], [ -157.72227, 21.45649 ], [ -157.72232, 21.45643 ], [ -157.72239, 21.45626 ], [ -157.72244, 21.45609 ], [ -157.72249, 21.45595 ], [ -157.72255, 21.45579 ], [ -157.72262, 21.45566 ], [ -157.72275, 21.45554 ], [ -157.72287, 21.45546 ], [ -157.72298, 21.45543 ], [ -157.72308, 21.45538 ], [ -157.72313, 21.45535 ], [ -157.7232, 21.45533 ], [ -157.72327, 21.45525 ], [ -157.72329, 21.4552 ], [ -157.72334, 21.45511 ], [ -157.72328, 21.45484 ], [ -157.72328, 21.45476 ], [ -157.7234, 21.45446 ], [ -157.72347, 21.45445 ], [ -157.72349, 21.45465 ], [ -157.7236, 21.45482 ], [ -157.72369, 21.45498 ], [ -157.72376, 21.45504 ], [ -157.72392, 21.45505 ], [ -157.72405, 21.45506 ], [ -157.72416, 21.45504 ], [ -157.72429, 21.45498 ], [ -157.72441, 21.45493 ], [ -157.72457, 21.45486 ], [ -157.7247, 21.45478 ], [ -157.72481, 21.45472 ], [ -157.72492, 21.45463 ], [ -157.72502, 21.45452 ], [ -157.72511, 21.45441 ], [ -157.72519, 21.4543 ], [ -157.72526, 21.45414 ], [ -157.72531, 21.454 ], [ -157.72534, 21.45389 ], [ -157.72536, 21.45376 ], [ -157.72536, 21.45359 ], [ -157.72534, 21.45347 ], [ -157.72535, 21.45331 ], [ -157.72534, 21.45315 ], [ -157.72532, 21.45296 ], [ -157.72529, 21.45279 ], [ -157.7253, 21.45267 ], [ -157.72536, 21.45256 ], [ -157.72541, 21.45247 ], [ -157.72546, 21.45237 ], [ -157.72551, 21.45227 ], [ -157.72556, 21.45217 ], [ -157.72559, 21.45207 ], [ -157.72559, 21.45194 ], [ -157.72556, 21.45186 ], [ -157.72549, 21.45179 ], [ -157.72543, 21.45176 ], [ -157.72534, 21.45175 ], [ -157.72526, 21.45175 ], [ -157.72518, 21.45174 ], [ -157.72512, 21.4517 ], [ -157.72505, 21.45167 ], [ -157.72502, 21.45162 ], [ -157.72505, 21.45159 ], [ -157.7251, 21.45157 ], [ -157.72518, 21.45155 ], [ -157.72525, 21.45154 ], [ -157.72533, 21.45152 ], [ -157.72537, 21.45151 ], [ -157.72543, 21.45147 ], [ -157.7255, 21.45143 ], [ -157.72555, 21.45138 ], [ -157.72561, 21.45132 ], [ -157.72568, 21.45119 ], [ -157.72576, 21.4511 ], [ -157.72581, 21.45104 ], [ -157.7259, 21.45095 ], [ -157.726, 21.45084 ], [ -157.72608, 21.45073 ], [ -157.72615, 21.45064 ], [ -157.72615, 21.45055 ], [ -157.72612, 21.45047 ], [ -157.72607, 21.4504 ], [ -157.72599, 21.45032 ], [ -157.72593, 21.45026 ], [ -157.72586, 21.4502 ], [ -157.72578, 21.45012 ], [ -157.72574, 21.45005 ], [ -157.72573, 21.44996 ], [ -157.72578, 21.4499 ], [ -157.72581, 21.44984 ], [ -157.72587, 21.44976 ], [ -157.72595, 21.44972 ], [ -157.72602, 21.4497 ], [ -157.72612, 21.44969 ], [ -157.72621, 21.44968 ], [ -157.72631, 21.44966 ], [ -157.72637, 21.44961 ], [ -157.72648, 21.44957 ], [ -157.72657, 21.44948 ], [ -157.72666, 21.44937 ], [ -157.72678, 21.44922 ], [ -157.72686, 21.44916 ], [ -157.72698, 21.44911 ], [ -157.72706, 21.44908 ], [ -157.7271, 21.449 ], [ -157.72713, 21.44891 ], [ -157.72718, 21.44882 ], [ -157.72725, 21.44877 ], [ -157.72736, 21.44874 ], [ -157.72751, 21.4487 ], [ -157.72766, 21.44864 ], [ -157.72779, 21.44854 ], [ -157.72791, 21.44845 ], [ -157.728, 21.44833 ], [ -157.7281, 21.44821 ], [ -157.72818, 21.44811 ], [ -157.7283, 21.44804 ], [ -157.72843, 21.44795 ], [ -157.72857, 21.44781 ], [ -157.72871, 21.44771 ], [ -157.72886, 21.44758 ], [ -157.72891, 21.44751 ], [ -157.72899, 21.44746 ], [ -157.72902, 21.44737 ], [ -157.72908, 21.4473 ], [ -157.72924, 21.4472 ], [ -157.72938, 21.44708 ], [ -157.72948, 21.44697 ], [ -157.72965, 21.44687 ], [ -157.72976, 21.4468 ], [ -157.72992, 21.44667 ], [ -157.73011, 21.44662 ], [ -157.73034, 21.44659 ], [ -157.73053, 21.44659 ], [ -157.73081, 21.44656 ], [ -157.73112, 21.44649 ], [ -157.73138, 21.44639 ], [ -157.73163, 21.44629 ], [ -157.73185, 21.44632 ], [ -157.73196, 21.44635 ], [ -157.73207, 21.44638 ], [ -157.73219, 21.4464 ], [ -157.73222, 21.44629 ], [ -157.73229, 21.44619 ], [ -157.73231, 21.44608 ], [ -157.73232, 21.44604 ], [ -157.73245, 21.44596 ], [ -157.73252, 21.44593 ], [ -157.73253, 21.44588 ], [ -157.73249, 21.44582 ], [ -157.73249, 21.44578 ], [ -157.73256, 21.44574 ], [ -157.73263, 21.44574 ], [ -157.73281, 21.44576 ], [ -157.73298, 21.4458 ], [ -157.73312, 21.44588 ], [ -157.73325, 21.44598 ], [ -157.73329, 21.44607 ], [ -157.73333, 21.44617 ], [ -157.7334, 21.4462 ], [ -157.73348, 21.4462 ], [ -157.73359, 21.4461 ], [ -157.73373, 21.44602 ], [ -157.73395, 21.44594 ], [ -157.73416, 21.44592 ], [ -157.73427, 21.44597 ], [ -157.73443, 21.44604 ], [ -157.73452, 21.44604 ], [ -157.73461, 21.44597 ], [ -157.73474, 21.44585 ], [ -157.73482, 21.44575 ], [ -157.73499, 21.44556 ], [ -157.73511, 21.44539 ], [ -157.7352, 21.44523 ], [ -157.73525, 21.4451 ], [ -157.73529, 21.445 ], [ -157.73533, 21.4449 ], [ -157.73536, 21.44487 ], [ -157.7354, 21.44486 ], [ -157.73546, 21.44488 ], [ -157.73551, 21.44491 ], [ -157.73553, 21.44494 ], [ -157.73558, 21.44502 ], [ -157.73562, 21.44508 ], [ -157.73569, 21.44509 ], [ -157.73576, 21.44503 ], [ -157.73583, 21.44497 ], [ -157.73597, 21.44479 ], [ -157.73612, 21.44457 ], [ -157.73625, 21.4443 ], [ -157.73634, 21.44409 ], [ -157.73645, 21.44381 ], [ -157.73649, 21.44366 ], [ -157.73656, 21.44346 ], [ -157.73655, 21.44331 ], [ -157.73653, 21.44309 ], [ -157.73657, 21.44291 ], [ -157.73663, 21.4427 ], [ -157.73663, 21.44255 ], [ -157.73662, 21.44245 ], [ -157.73658, 21.44232 ], [ -157.73653, 21.44217 ], [ -157.73649, 21.44193 ], [ -157.73643, 21.44172 ], [ -157.7364, 21.44158 ], [ -157.73642, 21.4414 ], [ -157.73646, 21.44122 ], [ -157.73648, 21.4411 ], [ -157.73656, 21.44091 ], [ -157.73657, 21.44073 ], [ -157.73657, 21.44059 ], [ -157.73646, 21.44035 ], [ -157.73643, 21.4402 ], [ -157.73643, 21.44006 ], [ -157.73654, 21.43996 ], [ -157.73662, 21.4398 ], [ -157.73667, 21.43963 ], [ -157.73669, 21.43941 ], [ -157.73669, 21.43908 ], [ -157.73667, 21.43883 ], [ -157.73664, 21.43864 ], [ -157.73656, 21.43844 ], [ -157.73649, 21.43825 ], [ -157.73639, 21.43813 ], [ -157.73629, 21.438 ], [ -157.73623, 21.43787 ], [ -157.7362, 21.43775 ], [ -157.73619, 21.43764 ], [ -157.73613, 21.43757 ], [ -157.73609, 21.43747 ], [ -157.73607, 21.43738 ], [ -157.73609, 21.4373 ], [ -157.73613, 21.4372 ], [ -157.73614, 21.43709 ], [ -157.73614, 21.43697 ], [ -157.73609, 21.43679 ], [ -157.736, 21.43662 ], [ -157.73596, 21.43647 ], [ -157.736, 21.4363 ], [ -157.736, 21.43615 ], [ -157.73597, 21.436 ], [ -157.73587, 21.43533 ], [ -157.73585, 21.43507 ], [ -157.7358, 21.43476 ], [ -157.73575, 21.43448 ], [ -157.73572, 21.43431 ], [ -157.7357, 21.43397 ], [ -157.73568, 21.43364 ], [ -157.7357, 21.43343 ], [ -157.73579, 21.43327 ], [ -157.73583, 21.43321 ], [ -157.73594, 21.43309 ], [ -157.73602, 21.43299 ], [ -157.73603, 21.43292 ], [ -157.73603, 21.43284 ], [ -157.73601, 21.43271 ], [ -157.73601, 21.43254 ], [ -157.736, 21.43237 ], [ -157.73603, 21.43224 ], [ -157.73601, 21.43201 ], [ -157.73604, 21.43178 ], [ -157.73608, 21.4316 ], [ -157.73616, 21.43143 ], [ -157.73617, 21.43131 ], [ -157.7362, 21.43123 ], [ -157.73626, 21.43114 ], [ -157.73634, 21.43103 ], [ -157.73643, 21.43088 ], [ -157.73657, 21.43061 ], [ -157.7367, 21.43045 ], [ -157.73684, 21.43026 ], [ -157.73696, 21.43009 ], [ -157.73703, 21.42993 ], [ -157.73714, 21.4297 ], [ -157.73721, 21.4295 ], [ -157.73728, 21.42933 ], [ -157.73731, 21.42908 ], [ -157.73731, 21.42886 ], [ -157.73732, 21.42872 ], [ -157.73734, 21.42858 ], [ -157.73741, 21.42853 ], [ -157.73752, 21.42851 ], [ -157.7377, 21.4285 ], [ -157.73781, 21.42849 ], [ -157.73787, 21.42845 ], [ -157.73791, 21.42834 ], [ -157.73794, 21.4282 ], [ -157.73796, 21.42798 ], [ -157.73802, 21.42778 ], [ -157.73803, 21.42752 ], [ -157.73803, 21.42725 ], [ -157.73806, 21.42698 ], [ -157.73809, 21.42674 ], [ -157.7381, 21.42649 ], [ -157.73807, 21.42634 ], [ -157.73806, 21.42605 ], [ -157.73804, 21.42582 ], [ -157.73805, 21.42561 ], [ -157.73812, 21.4254 ], [ -157.73825, 21.42525 ], [ -157.73843, 21.42514 ], [ -157.73864, 21.42505 ], [ -157.73874, 21.42496 ], [ -157.73882, 21.42482 ], [ -157.73887, 21.42464 ], [ -157.73892, 21.42447 ], [ -157.73902, 21.42427 ], [ -157.73908, 21.42421 ], [ -157.73918, 21.4242 ], [ -157.73933, 21.42426 ], [ -157.73946, 21.42437 ], [ -157.73962, 21.42451 ], [ -157.7397, 21.42453 ], [ -157.7398, 21.42455 ], [ -157.73988, 21.42461 ], [ -157.73996, 21.42467 ], [ -157.73998, 21.42474 ], [ -157.73999, 21.42482 ], [ -157.73998, 21.42493 ], [ -157.74, 21.42505 ], [ -157.74003, 21.42519 ], [ -157.7401, 21.4253 ], [ -157.74021, 21.42538 ], [ -157.74031, 21.42542 ], [ -157.74048, 21.42545 ], [ -157.74064, 21.42545 ], [ -157.74079, 21.42543 ], [ -157.74105, 21.42539 ], [ -157.74125, 21.4254 ], [ -157.74148, 21.42549 ], [ -157.74178, 21.42526 ], [ -157.74187, 21.4252 ], [ -157.74194, 21.4251 ], [ -157.74215, 21.425 ], [ -157.74234, 21.42487 ], [ -157.74252, 21.42473 ], [ -157.74269, 21.42453 ], [ -157.74287, 21.42436 ], [ -157.74317, 21.42406 ], [ -157.74335, 21.42384 ], [ -157.74345, 21.42362 ], [ -157.74353, 21.42344 ], [ -157.74353, 21.42342 ], [ -157.74357, 21.42314 ], [ -157.74358, 21.42293 ], [ -157.74362, 21.42271 ], [ -157.74371, 21.42251 ], [ -157.74379, 21.42244 ], [ -157.74389, 21.42242 ], [ -157.74405, 21.42246 ], [ -157.74417, 21.42253 ], [ -157.74428, 21.42255 ], [ -157.74435, 21.42256 ], [ -157.74441, 21.4225 ], [ -157.74448, 21.42239 ], [ -157.7445, 21.42222 ], [ -157.74456, 21.422 ], [ -157.74461, 21.42173 ], [ -157.74465, 21.42135 ], [ -157.74473, 21.42097 ], [ -157.74479, 21.42067 ], [ -157.74471, 21.42052 ], [ -157.74467, 21.42034 ], [ -157.74467, 21.42018 ], [ -157.74468, 21.42 ], [ -157.74463, 21.41916 ], [ -157.74454, 21.41833 ], [ -157.74436, 21.4178 ], [ -157.74378, 21.41606 ], [ -157.74329, 21.4143 ], [ -157.74266, 21.41207 ], [ -157.74253, 21.41159 ], [ -157.74248, 21.41142 ], [ -157.74239, 21.41126 ], [ -157.74231, 21.41109 ], [ -157.74226, 21.41095 ], [ -157.74214, 21.41071 ], [ -157.7419, 21.41002 ], [ -157.74137, 21.40888 ], [ -157.74076, 21.40774 ], [ -157.74024, 21.40686 ], [ -157.73998, 21.40641 ], [ -157.73982, 21.40616 ], [ -157.73979, 21.4061 ], [ -157.73976, 21.40599 ], [ -157.73975, 21.40589 ], [ -157.73973, 21.40579 ], [ -157.73966, 21.40572 ], [ -157.73953, 21.40565 ], [ -157.73943, 21.40553 ], [ -157.73932, 21.40534 ], [ -157.73917, 21.40514 ], [ -157.73893, 21.4048 ], [ -157.73872, 21.40452 ], [ -157.73856, 21.40433 ], [ -157.73843, 21.40417 ], [ -157.73832, 21.40409 ], [ -157.73822, 21.40394 ], [ -157.73812, 21.40377 ], [ -157.73795, 21.40353 ], [ -157.73779, 21.40339 ], [ -157.73758, 21.4032 ], [ -157.73729, 21.40285 ], [ -157.73703, 21.40255 ], [ -157.73663, 21.40212 ], [ -157.73633, 21.40183 ], [ -157.73584, 21.40142 ], [ -157.73524, 21.40101 ], [ -157.73485, 21.40075 ], [ -157.73436, 21.40049 ], [ -157.73399, 21.4003 ], [ -157.73352, 21.4001 ], [ -157.73333, 21.40001 ], [ -157.73318, 21.39994 ], [ -157.73308, 21.39988 ], [ -157.73302, 21.39982 ], [ -157.73301, 21.39978 ], [ -157.73302, 21.39968 ], [ -157.73296, 21.39962 ], [ -157.73288, 21.39957 ], [ -157.73269, 21.39956 ], [ -157.73249, 21.39954 ], [ -157.73221, 21.39945 ], [ -157.73185, 21.39933 ], [ -157.73145, 21.39921 ], [ -157.73104, 21.39911 ], [ -157.73062, 21.39901 ], [ -157.73027, 21.39892 ], [ -157.72996, 21.39886 ], [ -157.7297, 21.39882 ], [ -157.72941, 21.39877 ], [ -157.72921, 21.39872 ], [ -157.72889, 21.39869 ], [ -157.72864, 21.39869 ], [ -157.72843, 21.39869 ], [ -157.72822, 21.39869 ], [ -157.72806, 21.39869 ], [ -157.72789, 21.39866 ], [ -157.72773, 21.39863 ], [ -157.72753, 21.3986 ], [ -157.7273, 21.39853 ], [ -157.7271, 21.39847 ], [ -157.72688, 21.3984 ], [ -157.72669, 21.39832 ], [ -157.72648, 21.39822 ], [ -157.7263, 21.39813 ], [ -157.72623, 21.39809 ], [ -157.72618, 21.39806 ], [ -157.72615, 21.39803 ], [ -157.72601, 21.39792 ], [ -157.72475, 21.39705 ], [ -157.72379, 21.39651 ], [ -157.72339, 21.39625 ], [ -157.72309, 21.39607 ], [ -157.72296, 21.39601 ], [ -157.72288, 21.39595 ], [ -157.72278, 21.39591 ], [ -157.72266, 21.3959 ], [ -157.7225, 21.39588 ], [ -157.72237, 21.39585 ], [ -157.72219, 21.39579 ], [ -157.72204, 21.39577 ], [ -157.72189, 21.39576 ], [ -157.72173, 21.39575 ], [ -157.72157, 21.39577 ], [ -157.72143, 21.39581 ], [ -157.72131, 21.39588 ], [ -157.72119, 21.39593 ], [ -157.7211, 21.39602 ], [ -157.721, 21.3961 ], [ -157.7209, 21.39617 ], [ -157.72077, 21.39623 ], [ -157.72066, 21.39622 ], [ -157.72055, 21.39623 ], [ -157.72042, 21.3962 ], [ -157.72011, 21.39594 ], [ -157.7199, 21.39577 ], [ -157.71967, 21.3956 ], [ -157.71938, 21.39542 ], [ -157.71916, 21.39529 ], [ -157.71888, 21.39514 ], [ -157.71861, 21.39498 ], [ -157.71833, 21.39477 ], [ -157.71808, 21.39464 ], [ -157.71778, 21.3944 ], [ -157.71746, 21.39413 ], [ -157.71727, 21.39397 ], [ -157.717, 21.39381 ], [ -157.71665, 21.39362 ], [ -157.71635, 21.39335 ], [ -157.71609, 21.3931 ], [ -157.71591, 21.39294 ], [ -157.71572, 21.39271 ], [ -157.71562, 21.39254 ], [ -157.71552, 21.39242 ], [ -157.71537, 21.39221 ], [ -157.71517, 21.39203 ], [ -157.71495, 21.39181 ], [ -157.71477, 21.39163 ], [ -157.71457, 21.39135 ], [ -157.71434, 21.39112 ], [ -157.71415, 21.3909 ], [ -157.71401, 21.39072 ], [ -157.71385, 21.3905 ], [ -157.71375, 21.3903 ], [ -157.71341, 21.38997 ], [ -157.71314, 21.38973 ], [ -157.71297, 21.38954 ], [ -157.71278, 21.38928 ], [ -157.71256, 21.38908 ], [ -157.71228, 21.3889 ], [ -157.71205, 21.3887 ], [ -157.71184, 21.38841 ], [ -157.71164, 21.3882 ], [ -157.7115, 21.38804 ], [ -157.7114, 21.38782 ], [ -157.7113, 21.38757 ], [ -157.71113, 21.38721 ], [ -157.71101, 21.38688 ], [ -157.71091, 21.38657 ], [ -157.71085, 21.38626 ], [ -157.71074, 21.38596 ], [ -157.71057, 21.3856 ], [ -157.71042, 21.3853 ], [ -157.7102, 21.38499 ], [ -157.70999, 21.38482 ], [ -157.70979, 21.38455 ], [ -157.70957, 21.38425 ], [ -157.70939, 21.38396 ], [ -157.70927, 21.38371 ], [ -157.70908, 21.38333 ], [ -157.70893, 21.38297 ], [ -157.70882, 21.38268 ], [ -157.70877, 21.38248 ], [ -157.70874, 21.38228 ], [ -157.70873, 21.38214 ], [ -157.7087, 21.38198 ], [ -157.70866, 21.38171 ], [ -157.70855, 21.38149 ], [ -157.70843, 21.3813 ], [ -157.70823, 21.38112 ], [ -157.70806, 21.38102 ], [ -157.70783, 21.38093 ], [ -157.70759, 21.38083 ], [ -157.70733, 21.38082 ], [ -157.70706, 21.38082 ], [ -157.70686, 21.38079 ], [ -157.70666, 21.38074 ], [ -157.70645, 21.38067 ], [ -157.70625, 21.3806 ], [ -157.70615, 21.38051 ], [ -157.70611, 21.38046 ], [ -157.70608, 21.38039 ], [ -157.70601, 21.38032 ], [ -157.70598, 21.38025 ], [ -157.70594, 21.38014 ], [ -157.70591, 21.38005 ], [ -157.70584, 21.37988 ], [ -157.70582, 21.37977 ], [ -157.70581, 21.37965 ], [ -157.70581, 21.37951 ], [ -157.70579, 21.37932 ], [ -157.70581, 21.37917 ], [ -157.70581, 21.37904 ], [ -157.70582, 21.37888 ], [ -157.70581, 21.37878 ], [ -157.70582, 21.37862 ], [ -157.70581, 21.37843 ], [ -157.70579, 21.37822 ], [ -157.70578, 21.37807 ], [ -157.70577, 21.3779 ], [ -157.70578, 21.37774 ], [ -157.70579, 21.37761 ], [ -157.70581, 21.37751 ], [ -157.70582, 21.37739 ], [ -157.70583, 21.37731 ], [ -157.70583, 21.37723 ], [ -157.70584, 21.37714 ], [ -157.70585, 21.377 ], [ -157.70588, 21.37689 ], [ -157.7059, 21.37671 ], [ -157.70593, 21.3766 ], [ -157.70595, 21.37653 ], [ -157.706, 21.37641 ], [ -157.70606, 21.37629 ], [ -157.70611, 21.3762 ], [ -157.70615, 21.37609 ], [ -157.70618, 21.37598 ], [ -157.70623, 21.37582 ], [ -157.70626, 21.37568 ], [ -157.70633, 21.3755 ], [ -157.70638, 21.37527 ], [ -157.70646, 21.37501 ], [ -157.70656, 21.37475 ], [ -157.7066, 21.37458 ], [ -157.70671, 21.37443 ], [ -157.70675, 21.37422 ], [ -157.70684, 21.37403 ], [ -157.70689, 21.37389 ], [ -157.70698, 21.37373 ], [ -157.70706, 21.37354 ], [ -157.70718, 21.37339 ], [ -157.70726, 21.37322 ], [ -157.70736, 21.37302 ], [ -157.70745, 21.37284 ], [ -157.70749, 21.37271 ], [ -157.70758, 21.3725 ], [ -157.70765, 21.37235 ], [ -157.70776, 21.37184 ], [ -157.70777, 21.37182 ], [ -157.70785, 21.37163 ], [ -157.70793, 21.37143 ], [ -157.70798, 21.37125 ], [ -157.70808, 21.37093 ], [ -157.70812, 21.37085 ], [ -157.70829, 21.37037 ], [ -157.70832, 21.37031 ], [ -157.70836, 21.37019 ], [ -157.70844, 21.36998 ], [ -157.7085, 21.36981 ], [ -157.70875, 21.36908 ], [ -157.70878, 21.36893 ], [ -157.70882, 21.36885 ], [ -157.70889, 21.36861 ], [ -157.709, 21.36841 ], [ -157.70917, 21.36803 ], [ -157.70919, 21.368 ], [ -157.70929, 21.3678 ], [ -157.70935, 21.36751 ], [ -157.7094, 21.36735 ], [ -157.70948, 21.36713 ], [ -157.70963, 21.36661 ], [ -157.70964, 21.36654 ], [ -157.70967, 21.36649 ], [ -157.70971, 21.36633 ], [ -157.70971, 21.36623 ], [ -157.70973, 21.36618 ], [ -157.70974, 21.36593 ], [ -157.70971, 21.36583 ], [ -157.70965, 21.36545 ], [ -157.70964, 21.36524 ], [ -157.7097, 21.36505 ], [ -157.70969, 21.36498 ], [ -157.70967, 21.36496 ], [ -157.70953, 21.36496 ], [ -157.70943, 21.36503 ], [ -157.7094, 21.36503 ], [ -157.70933, 21.36499 ], [ -157.70932, 21.36497 ], [ -157.7094, 21.36465 ], [ -157.7096, 21.36454 ], [ -157.70974, 21.36445 ], [ -157.70978, 21.36437 ], [ -157.70977, 21.36435 ], [ -157.70962, 21.36417 ], [ -157.70958, 21.36401 ], [ -157.70955, 21.36383 ], [ -157.70954, 21.36364 ], [ -157.70952, 21.36346 ], [ -157.70951, 21.36313 ], [ -157.70943, 21.3624 ], [ -157.70945, 21.36235 ], [ -157.70941, 21.36202 ], [ -157.70939, 21.3618 ], [ -157.70938, 21.36179 ], [ -157.70938, 21.36176 ], [ -157.70936, 21.36175 ], [ -157.70934, 21.36162 ], [ -157.70931, 21.36156 ], [ -157.70928, 21.36137 ], [ -157.70927, 21.36119 ], [ -157.70923, 21.36094 ], [ -157.70921, 21.36063 ], [ -157.70917, 21.36052 ], [ -157.70916, 21.36042 ], [ -157.70917, 21.36033 ], [ -157.70912, 21.36005 ], [ -157.7091, 21.36002 ], [ -157.70905, 21.35978 ], [ -157.70894, 21.35944 ], [ -157.70894, 21.35941 ], [ -157.70893, 21.3594 ], [ -157.70892, 21.35935 ], [ -157.7089, 21.35933 ], [ -157.70884, 21.35916 ], [ -157.70883, 21.35915 ], [ -157.70879, 21.35899 ], [ -157.70878, 21.35895 ], [ -157.70872, 21.3589 ], [ -157.70872, 21.35888 ], [ -157.7086, 21.35867 ], [ -157.7086, 21.35865 ], [ -157.70858, 21.35864 ], [ -157.70851, 21.35829 ], [ -157.70849, 21.35827 ], [ -157.70843, 21.35816 ], [ -157.70841, 21.35814 ], [ -157.70833, 21.35783 ], [ -157.70831, 21.35781 ], [ -157.70827, 21.35766 ], [ -157.70824, 21.35755 ], [ -157.70824, 21.35732 ], [ -157.70828, 21.35725 ], [ -157.70838, 21.35712 ], [ -157.70856, 21.35706 ], [ -157.70866, 21.35698 ], [ -157.70866, 21.35677 ], [ -157.70858, 21.3567 ], [ -157.70853, 21.3567 ], [ -157.70849, 21.35672 ], [ -157.70839, 21.35677 ], [ -157.70829, 21.35686 ], [ -157.70818, 21.35689 ], [ -157.70807, 21.35685 ], [ -157.70802, 21.35674 ], [ -157.70799, 21.35667 ], [ -157.70796, 21.35662 ], [ -157.7079, 21.35645 ], [ -157.7079, 21.35636 ], [ -157.70788, 21.3563 ], [ -157.70782, 21.35602 ], [ -157.70782, 21.35572 ], [ -157.70783, 21.35559 ], [ -157.70777, 21.3555 ], [ -157.7077, 21.35542 ], [ -157.70762, 21.35531 ], [ -157.70749, 21.35505 ], [ -157.70746, 21.35501 ], [ -157.70745, 21.35498 ], [ -157.70746, 21.35495 ], [ -157.70745, 21.35488 ], [ -157.70736, 21.35465 ], [ -157.70735, 21.35454 ], [ -157.70733, 21.35445 ], [ -157.7073, 21.35429 ], [ -157.70725, 21.35417 ], [ -157.70703, 21.35366 ], [ -157.70701, 21.35356 ], [ -157.70692, 21.35338 ], [ -157.71383, 21.36027 ], [ -157.72108, 21.36931 ], [ -157.73255, 21.38392 ], [ -157.73987, 21.39637 ], [ -157.74345, 21.40628 ], [ -157.74528, 21.41733 ], [ -157.74528, 21.42959 ], [ -157.74459, 21.43836 ], [ -157.74287, 21.44612 ], [ -157.74202, 21.4537 ], [ -157.74185, 21.4537 ], [ -157.7417, 21.45371 ], [ -157.74152, 21.45376 ], [ -157.74129, 21.45388 ], [ -157.74102, 21.45398 ], [ -157.74079, 21.4541 ], [ -157.74055, 21.45421 ], [ -157.7404, 21.45423 ], [ -157.74019, 21.45427 ], [ -157.73996, 21.45431 ], [ -157.73985, 21.45439 ], [ -157.73983, 21.45446 ], [ -157.73986, 21.45456 ], [ -157.73986, 21.45467 ], [ -157.73981, 21.45478 ], [ -157.73972, 21.45489 ], [ -157.73963, 21.45501 ], [ -157.73959, 21.45516 ], [ -157.73952, 21.45535 ], [ -157.73941, 21.45554 ], [ -157.73933, 21.45565 ], [ -157.73924, 21.45574 ], [ -157.7391, 21.45583 ], [ -157.73898, 21.45587 ], [ -157.73882, 21.45591 ], [ -157.73864, 21.45594 ], [ -157.73845, 21.45599 ], [ -157.73813, 21.4559 ], [ -157.73793, 21.45587 ], [ -157.73778, 21.45588 ], [ -157.73763, 21.45589 ], [ -157.73755, 21.4559 ], [ -157.73728, 21.45602 ], [ -157.73713, 21.45603 ], [ -157.73699, 21.45607 ], [ -157.73693, 21.45612 ], [ -157.73687, 21.45627 ], [ -157.73678, 21.45629 ], [ -157.73667, 21.45633 ], [ -157.73653, 21.45635 ], [ -157.73632, 21.45639 ], [ -157.73617, 21.4564 ], [ -157.73604, 21.45646 ], [ -157.73587, 21.45662 ], [ -157.73572, 21.45677 ], [ -157.73552, 21.45689 ], [ -157.73539, 21.45696 ], [ -157.73531, 21.45708 ], [ -157.73525, 21.45718 ], [ -157.73515, 21.45731 ], [ -157.73502, 21.4574 ], [ -157.73491, 21.45751 ], [ -157.73476, 21.45758 ], [ -157.73464, 21.45765 ], [ -157.73448, 21.45776 ], [ -157.73431, 21.45787 ], [ -157.73416, 21.458 ], [ -157.73403, 21.45813 ], [ -157.73379, 21.45828 ], [ -157.73364, 21.45841 ], [ -157.73345, 21.45859 ], [ -157.73329, 21.45872 ], [ -157.73313, 21.45884 ], [ -157.73295, 21.45897 ], [ -157.73274, 21.45909 ], [ -157.7326, 21.45918 ], [ -157.73241, 21.45924 ], [ -157.73232, 21.45929 ], [ -157.73222, 21.45936 ], [ -157.73214, 21.45941 ], [ -157.73204, 21.4595 ], [ -157.73188, 21.45961 ], [ -157.73171, 21.45967 ], [ -157.73158, 21.45974 ], [ -157.73138, 21.4598 ], [ -157.73118, 21.45989 ], [ -157.73098, 21.45998 ], [ -157.73074, 21.46006 ], [ -157.73051, 21.46017 ], [ -157.73029, 21.46023 ], [ -157.73013, 21.46028 ], [ -157.72998, 21.46032 ], [ -157.72981, 21.46036 ], [ -157.72964, 21.46033 ] ] ] ] } },
{ "type": "Feature", "properties": { "objectid": 78, "solar_cal": "400-450", "st_areasha": 334866951.63845843, "st_perimet": 320585.67319322511 }, "geometry": { "type": "MultiPolygon", "coordinates": [ [ [ [ -157.96534, 21.66791 ], [ -157.9555, 21.66515 ], [ -157.94383, 21.6602 ], [ -157.93552, 21.65582 ], [ -157.92645, 21.64983 ], [ -157.91892, 21.64406 ], [ -157.91893, 21.64402 ], [ -157.91894, 21.64393 ], [ -157.91896, 21.64381 ], [ -157.91896, 21.64351 ], [ -157.91895, 21.64313 ], [ -157.91893, 21.64307 ], [ -157.91892, 21.64299 ], [ -157.9189, 21.64298 ], [ -157.9189, 21.64293 ], [ -157.91885, 21.64278 ], [ -157.91882, 21.64273 ], [ -157.91881, 21.64265 ], [ -157.91879, 21.64264 ], [ -157.91874, 21.64247 ], [ -157.91872, 21.64231 ], [ -157.9187, 21.64229 ], [ -157.9186, 21.64198 ], [ -157.91858, 21.64197 ], [ -157.91859, 21.64187 ], [ -157.91857, 21.64185 ], [ -157.91855, 21.6417 ], [ -157.91853, 21.64164 ], [ -157.91851, 21.64149 ], [ -157.91849, 21.64142 ], [ -157.91847, 21.64138 ], [ -157.91839, 21.64116 ], [ -157.91831, 21.64098 ], [ -157.9183, 21.64097 ], [ -157.91822, 21.64084 ], [ -157.91822, 21.64082 ], [ -157.91818, 21.64073 ], [ -157.91813, 21.64057 ], [ -157.91812, 21.64049 ], [ -157.9181, 21.64047 ], [ -157.91812, 21.6401 ], [ -157.91816, 21.63943 ], [ -157.9182, 21.63942 ], [ -157.91822, 21.63926 ], [ -157.91831, 21.63889 ], [ -157.91833, 21.63886 ], [ -157.91834, 21.63873 ], [ -157.91833, 21.63868 ], [ -157.91836, 21.63845 ], [ -157.91839, 21.63831 ], [ -157.9185, 21.63808 ], [ -157.91851, 21.63802 ], [ -157.91854, 21.63796 ], [ -157.91853, 21.63785 ], [ -157.91855, 21.63783 ], [ -157.91856, 21.63774 ], [ -157.91859, 21.63757 ], [ -157.91862, 21.63743 ], [ -157.91866, 21.63732 ], [ -157.91868, 21.63724 ], [ -157.91869, 21.6371 ], [ -157.91871, 21.63708 ], [ -157.91872, 21.63693 ], [ -157.91875, 21.63684 ], [ -157.91878, 21.63668 ], [ -157.91876, 21.63633 ], [ -157.91875, 21.63632 ], [ -157.91863, 21.63587 ], [ -157.91862, 21.63576 ], [ -157.9186, 21.63549 ], [ -157.91859, 21.63489 ], [ -157.91859, 21.63455 ], [ -157.91861, 21.63449 ], [ -157.91866, 21.63424 ], [ -157.91871, 21.63413 ], [ -157.91876, 21.634 ], [ -157.91891, 21.63382 ], [ -157.91903, 21.63372 ], [ -157.9192, 21.63364 ], [ -157.91942, 21.63355 ], [ -157.91972, 21.63341 ], [ -157.91988, 21.63339 ], [ -157.91997, 21.63344 ], [ -157.92005, 21.63353 ], [ -157.92005, 21.63357 ], [ -157.92007, 21.63358 ], [ -157.92007, 21.63376 ], [ -157.92004, 21.63385 ], [ -157.92, 21.63391 ], [ -157.92, 21.63394 ], [ -157.91997, 21.63398 ], [ -157.91996, 21.63406 ], [ -157.92005, 21.63406 ], [ -157.92025, 21.63386 ], [ -157.92033, 21.63381 ], [ -157.92037, 21.63377 ], [ -157.92038, 21.63374 ], [ -157.92038, 21.63369 ], [ -157.92037, 21.63365 ], [ -157.92036, 21.63362 ], [ -157.92034, 21.63361 ], [ -157.92031, 21.63354 ], [ -157.92028, 21.63336 ], [ -157.92031, 21.63325 ], [ -157.92037, 21.63315 ], [ -157.92046, 21.63304 ], [ -157.92056, 21.63296 ], [ -157.92069, 21.6329 ], [ -157.92093, 21.63283 ], [ -157.92101, 21.63279 ], [ -157.92104, 21.63271 ], [ -157.92102, 21.63267 ], [ -157.92101, 21.63264 ], [ -157.92099, 21.63263 ], [ -157.92097, 21.63262 ], [ -157.92092, 21.6326 ], [ -157.92089, 21.63259 ], [ -157.92086, 21.63258 ], [ -157.92082, 21.63257 ], [ -157.92077, 21.63258 ], [ -157.92068, 21.63259 ], [ -157.9206, 21.63263 ], [ -157.92053, 21.63271 ], [ -157.92041, 21.63283 ], [ -157.92041, 21.63284 ], [ -157.92039, 21.63285 ], [ -157.9203, 21.63303 ], [ -157.92022, 21.63312 ], [ -157.92014, 21.63317 ], [ -157.92008, 21.63317 ], [ -157.92006, 21.63313 ], [ -157.92005, 21.63308 ], [ -157.92021, 21.6329 ], [ -157.92027, 21.63281 ], [ -157.92029, 21.6328 ], [ -157.92031, 21.63276 ], [ -157.92037, 21.63264 ], [ -157.92041, 21.63253 ], [ -157.92064, 21.63206 ], [ -157.92081, 21.6318 ], [ -157.92084, 21.63175 ], [ -157.92097, 21.63145 ], [ -157.92097, 21.6314 ], [ -157.921, 21.63134 ], [ -157.92103, 21.63112 ], [ -157.92109, 21.63093 ], [ -157.92112, 21.63088 ], [ -157.9212, 21.63065 ], [ -157.92124, 21.63054 ], [ -157.92128, 21.63043 ], [ -157.92131, 21.63031 ], [ -157.92129, 21.6303 ], [ -157.92128, 21.63024 ], [ -157.92118, 21.63016 ], [ -157.92102, 21.63011 ], [ -157.92092, 21.63001 ], [ -157.9208, 21.62985 ], [ -157.92061, 21.62969 ], [ -157.92047, 21.62959 ], [ -157.92035, 21.62941 ], [ -157.92033, 21.62934 ], [ -157.92031, 21.62932 ], [ -157.92029, 21.62925 ], [ -157.92029, 21.62906 ], [ -157.92032, 21.629 ], [ -157.92037, 21.62891 ], [ -157.92046, 21.62885 ], [ -157.92064, 21.62882 ], [ -157.92074, 21.62884 ], [ -157.92087, 21.62889 ], [ -157.92096, 21.6289 ], [ -157.92102, 21.62886 ], [ -157.92103, 21.62857 ], [ -157.92105, 21.62851 ], [ -157.92106, 21.62846 ], [ -157.92394, 21.63004 ], [ -157.93396, 21.6365 ], [ -157.94447, 21.64195 ], [ -157.95539, 21.6455 ], [ -157.9641, 21.64768 ], [ -157.97531, 21.64842 ], [ -157.98415, 21.64845 ], [ -157.9919, 21.64727 ], [ -157.99885, 21.64416 ], [ -158.00382, 21.63943 ], [ -158.00785, 21.62938 ], [ -158.01153, 21.61747 ], [ -158.01239, 21.60803 ], [ -158.01052, 21.60079 ], [ -158.00845, 21.59096 ], [ -158.00484, 21.5797 ], [ -157.9998, 21.57062 ], [ -157.99238, 21.56207 ], [ -157.98263, 21.55258 ], [ -157.98054, 21.5492 ], [ -157.97398, 21.53206 ], [ -157.9721, 21.51566 ], [ -157.96966, 21.48484 ], [ -157.96725, 21.46606 ], [ -157.96423, 21.45296 ], [ -157.96024, 21.446 ], [ -157.95506, 21.44045 ], [ -157.94762, 21.4343 ], [ -157.93885, 21.43214 ], [ -157.9307, 21.43244 ], [ -157.92501, 21.43369 ], [ -157.91831, 21.43239 ], [ -157.91216, 21.42864 ], [ -157.90402, 21.41828 ], [ -157.89685, 21.40121 ], [ -157.89185, 21.38559 ], [ -157.88742, 21.37387 ], [ -157.88074, 21.3665 ], [ -157.86761, 21.35801 ], [ -157.85762, 21.35302 ], [ -157.85022, 21.34598 ], [ -157.84217, 21.34008 ], [ -157.83362, 21.3332 ], [ -157.82258, 21.32644 ], [ -157.81266, 21.32183 ], [ -157.7983, 21.31831 ], [ -157.78662, 21.31546 ], [ -157.76991, 21.3126 ], [ -157.75441, 21.31173 ], [ -157.73945, 21.31228 ], [ -157.72418, 21.31243 ], [ -157.71232, 21.3127 ], [ -157.70161, 21.31231 ], [ -157.69262, 21.31147 ], [ -157.68214, 21.31204 ], [ -157.67577, 21.31239 ], [ -157.67073, 21.31456 ], [ -157.66721, 21.31636 ], [ -157.66719, 21.31635 ], [ -157.66685, 21.31618 ], [ -157.66659, 21.31612 ], [ -157.66619, 21.31608 ], [ -157.66588, 21.3161 ], [ -157.66569, 21.31615 ], [ -157.66568, 21.31615 ], [ -157.66546, 21.31626 ], [ -157.6652, 21.31644 ], [ -157.66503, 21.31663 ], [ -157.6649, 21.3167 ], [ -157.6648, 21.31678 ], [ -157.66468, 21.31693 ], [ -157.66464, 21.31693 ], [ -157.6646, 21.31686 ], [ -157.66455, 21.31672 ], [ -157.6645, 21.31673 ], [ -157.66443, 21.31673 ], [ -157.66432, 21.3168 ], [ -157.66428, 21.31688 ], [ -157.66426, 21.31696 ], [ -157.66418, 21.31697 ], [ -157.66415, 21.31696 ], [ -157.66406, 21.31686 ], [ -157.66402, 21.3168 ], [ -157.66394, 21.31671 ], [ -157.66388, 21.31668 ], [ -157.66376, 21.31669 ], [ -157.66367, 21.31673 ], [ -157.66356, 21.31675 ], [ -157.66349, 21.31674 ], [ -157.66326, 21.31665 ], [ -157.66309, 21.31655 ], [ -157.66296, 21.31646 ], [ -157.66292, 21.31638 ], [ -157.6629, 21.31624 ], [ -157.66287, 21.31621 ], [ -157.66282, 21.31619 ], [ -157.66253, 21.31613 ], [ -157.66248, 21.3161 ], [ -157.66242, 21.31604 ], [ -157.66236, 21.31591 ], [ -157.66219, 21.31588 ], [ -157.66216, 21.31583 ], [ -157.66215, 21.31563 ], [ -157.66213, 21.31558 ], [ -157.66209, 21.31552 ], [ -157.66205, 21.31549 ], [ -157.66197, 21.31548 ], [ -157.66179, 21.31554 ], [ -157.66159, 21.31568 ], [ -157.66156, 21.31566 ], [ -157.66156, 21.31555 ], [ -157.66167, 21.31531 ], [ -157.66167, 21.31514 ], [ -157.66162, 21.31509 ], [ -157.66145, 21.31496 ], [ -157.66135, 21.3149 ], [ -157.66119, 21.31485 ], [ -157.66103, 21.31474 ], [ -157.66095, 21.31462 ], [ -157.6609, 21.31453 ], [ -157.66083, 21.31447 ], [ -157.66057, 21.31433 ], [ -157.6605, 21.31425 ], [ -157.66044, 21.31403 ], [ -157.66043, 21.31397 ], [ -157.66041, 21.31393 ], [ -157.66041, 21.31366 ], [ -157.6604, 21.31359 ], [ -157.66038, 21.31357 ], [ -157.66035, 21.31347 ], [ -157.66034, 21.31316 ], [ -157.6604, 21.31301 ], [ -157.66042, 21.31299 ], [ -157.66052, 21.31292 ], [ -157.66057, 21.31287 ], [ -157.66058, 21.31283 ], [ -157.66052, 21.31275 ], [ -157.66043, 21.31269 ], [ -157.66034, 21.31262 ], [ -157.66031, 21.31256 ], [ -157.6603, 21.31241 ], [ -157.66033, 21.31234 ], [ -157.66045, 21.31221 ], [ -157.66057, 21.31203 ], [ -157.66057, 21.31188 ], [ -157.66056, 21.31184 ], [ -157.66054, 21.31183 ], [ -157.66052, 21.31175 ], [ -157.66046, 21.31162 ], [ -157.66035, 21.31142 ], [ -157.66024, 21.3113 ], [ -157.6602, 21.31126 ], [ -157.65993, 21.31099 ], [ -157.65966, 21.31069 ], [ -157.65945, 21.3104 ], [ -157.65939, 21.31033 ], [ -157.65939, 21.31031 ], [ -157.65932, 21.31024 ], [ -157.65915, 21.31017 ], [ -157.65907, 21.31017 ], [ -157.65899, 21.31019 ], [ -157.65896, 21.31021 ], [ -157.65895, 21.31024 ], [ -157.65895, 21.31027 ], [ -157.65892, 21.3103 ], [ -157.6589, 21.31031 ], [ -157.65889, 21.3103 ], [ -157.65883, 21.31025 ], [ -157.65877, 21.31013 ], [ -157.6587, 21.31013 ], [ -157.65831, 21.31009 ], [ -157.65815, 21.31011 ], [ -157.65809, 21.31011 ], [ -157.65802, 21.3102 ], [ -157.65782, 21.31012 ], [ -157.65772, 21.31014 ], [ -157.65762, 21.31019 ], [ -157.65755, 21.31029 ], [ -157.65752, 21.3103 ], [ -157.65749, 21.3103 ], [ -157.65746, 21.31025 ], [ -157.65747, 21.31015 ], [ -157.65749, 21.3101 ], [ -157.65752, 21.31005 ], [ -157.65746, 21.31002 ], [ -157.65738, 21.31005 ], [ -157.65722, 21.31016 ], [ -157.65712, 21.31017 ], [ -157.65685, 21.31016 ], [ -157.65638, 21.31024 ], [ -157.65592, 21.31031 ], [ -157.65565, 21.31034 ], [ -157.65493, 21.31046 ], [ -157.65475, 21.31053 ], [ -157.65428, 21.31078 ], [ -157.65378, 21.31087 ], [ -157.65342, 21.31093 ], [ -157.65332, 21.31092 ], [ -157.65305, 21.31087 ], [ -157.65294, 21.31085 ], [ -157.65286, 21.31083 ], [ -157.65266, 21.31078 ], [ -157.65195, 21.3106 ], [ -157.65181, 21.31061 ], [ -157.65162, 21.31067 ], [ -157.65155, 21.31066 ], [ -157.65141, 21.31063 ], [ -157.65129, 21.31047 ], [ -157.65115, 21.31024 ], [ -157.65115, 21.31022 ], [ -157.65105, 21.31011 ], [ -157.65095, 21.31006 ], [ -157.65074, 21.31007 ], [ -157.65066, 21.31014 ], [ -157.65058, 21.31024 ], [ -157.65039, 21.31042 ], [ -157.65024, 21.31052 ], [ -157.65019, 21.31058 ], [ -157.65016, 21.31067 ], [ -157.64997, 21.31092 ], [ -157.64971, 21.31109 ], [ -157.64961, 21.31112 ], [ -157.6495, 21.3111 ], [ -157.64897, 21.31101 ], [ -157.64893, 21.31099 ], [ -157.64891, 21.31098 ], [ -157.64891, 21.31094 ], [ -157.64891, 21.31089 ], [ -157.649, 21.31073 ], [ -157.64906, 21.3106 ], [ -157.64906, 21.31047 ], [ -157.64904, 21.3104 ], [ -157.64899, 21.31032 ], [ -157.64897, 21.31027 ], [ -157.64875, 21.30997 ], [ -157.64869, 21.30981 ], [ -157.64863, 21.30968 ], [ -157.64863, 21.30957 ], [ -157.64868, 21.30935 ], [ -157.64876, 21.30924 ], [ -157.64894, 21.30906 ], [ -157.64902, 21.30881 ], [ -157.64905, 21.30873 ], [ -157.64904, 21.30864 ], [ -157.64901, 21.30859 ], [ -157.64904, 21.30824 ], [ -157.64906, 21.30818 ], [ -157.64909, 21.30814 ], [ -157.64919, 21.30811 ], [ -157.64921, 21.30809 ], [ -157.64922, 21.30804 ], [ -157.64917, 21.30799 ], [ -157.64897, 21.30785 ], [ -157.64886, 21.30775 ], [ -157.64883, 21.3077 ], [ -157.64883, 21.30764 ], [ -157.64883, 21.30762 ], [ -157.64887, 21.30756 ], [ -157.64898, 21.30753 ], [ -157.64902, 21.30749 ], [ -157.64902, 21.30744 ], [ -157.649, 21.30741 ], [ -157.649, 21.30732 ], [ -157.64896, 21.30697 ], [ -157.64898, 21.30687 ], [ -157.64899, 21.30668 ], [ -157.64903, 21.30664 ], [ -157.649, 21.30649 ], [ -157.64898, 21.30631 ], [ -157.64902, 21.30618 ], [ -157.64921, 21.30583 ], [ -157.64922, 21.3056 ], [ -157.6492, 21.30556 ], [ -157.64917, 21.30535 ], [ -157.64912, 21.30485 ], [ -157.64893, 21.30468 ], [ -157.64889, 21.30444 ], [ -157.6489, 21.30406 ], [ -157.64891, 21.30402 ], [ -157.64904, 21.30393 ], [ -157.64917, 21.30385 ], [ -157.64935, 21.30373 ], [ -157.64945, 21.30356 ], [ -157.64955, 21.30352 ], [ -157.64978, 21.30352 ], [ -157.6498, 21.30349 ], [ -157.6498, 21.30332 ], [ -157.64978, 21.30315 ], [ -157.6498, 21.30303 ], [ -157.64985, 21.30293 ], [ -157.64987, 21.3029 ], [ -157.64989, 21.30276 ], [ -157.64996, 21.30258 ], [ -157.64995, 21.3023 ], [ -157.64994, 21.30223 ], [ -157.64989, 21.30216 ], [ -157.64989, 21.30209 ], [ -157.65, 21.3018 ], [ -157.65008, 21.30159 ], [ -157.65009, 21.30139 ], [ -157.65017, 21.30123 ], [ -157.65029, 21.30098 ], [ -157.65033, 21.3009 ], [ -157.65035, 21.30073 ], [ -157.65041, 21.30059 ], [ -157.65041, 21.30046 ], [ -157.65039, 21.30038 ], [ -157.65037, 21.30036 ], [ -157.65038, 21.30031 ], [ -157.65064, 21.29989 ], [ -157.65064, 21.29979 ], [ -157.65066, 21.29971 ], [ -157.65072, 21.29947 ], [ -157.65074, 21.29928 ], [ -157.65081, 21.29912 ], [ -157.65084, 21.29899 ], [ -157.65086, 21.29895 ], [ -157.65099, 21.29887 ], [ -157.65105, 21.29882 ], [ -157.65109, 21.2988 ], [ -157.65123, 21.29877 ], [ -157.65131, 21.29873 ], [ -157.65138, 21.29866 ], [ -157.65162, 21.29847 ], [ -157.65165, 21.29843 ], [ -157.65172, 21.29842 ], [ -157.65199, 21.29842 ], [ -157.65214, 21.29834 ], [ -157.65245, 21.29824 ], [ -157.65271, 21.29809 ], [ -157.65289, 21.29804 ], [ -157.65299, 21.29799 ], [ -157.65303, 21.29795 ], [ -157.65308, 21.29785 ], [ -157.65309, 21.29775 ], [ -157.65315, 21.29766 ], [ -157.65319, 21.29762 ], [ -157.6533, 21.29761 ], [ -157.65336, 21.29762 ], [ -157.65353, 21.29764 ], [ -157.65407, 21.29772 ], [ -157.65408, 21.29753 ], [ -157.65406, 21.29748 ], [ -157.65402, 21.29744 ], [ -157.65395, 21.29729 ], [ -157.65394, 21.29719 ], [ -157.65393, 21.29681 ], [ -157.65391, 21.29669 ], [ -157.65393, 21.29658 ], [ -157.65401, 21.29657 ], [ -157.65409, 21.29666 ], [ -157.65416, 21.29682 ], [ -157.65422, 21.29691 ], [ -157.65428, 21.2971 ], [ -157.65429, 21.29717 ], [ -157.6543, 21.29722 ], [ -157.65427, 21.29725 ], [ -157.65429, 21.29736 ], [ -157.65434, 21.29744 ], [ -157.65444, 21.29753 ], [ -157.65467, 21.29759 ], [ -157.65476, 21.2976 ], [ -157.65481, 21.29758 ], [ -157.65486, 21.29751 ], [ -157.65488, 21.2973 ], [ -157.65494, 21.29721 ], [ -157.65493, 21.29717 ], [ -157.65518, 21.29705 ], [ -157.65525, 21.29697 ], [ -157.65531, 21.29691 ], [ -157.65533, 21.29681 ], [ -157.65531, 21.29679 ], [ -157.65531, 21.29675 ], [ -157.65533, 21.2967 ], [ -157.65538, 21.29663 ], [ -157.65554, 21.29652 ], [ -157.65576, 21.29651 ], [ -157.65583, 21.29647 ], [ -157.65623, 21.29605 ], [ -157.65639, 21.29592 ], [ -157.65651, 21.29587 ], [ -157.65661, 21.29585 ], [ -157.65691, 21.29595 ], [ -157.65701, 21.29596 ], [ -157.65709, 21.29592 ], [ -157.65717, 21.29585 ], [ -157.65724, 21.29573 ], [ -157.65733, 21.29567 ], [ -157.65745, 21.29561 ], [ -157.65756, 21.29568 ], [ -157.6577, 21.29576 ], [ -157.65779, 21.29579 ], [ -157.6579, 21.29579 ], [ -157.65797, 21.29577 ], [ -157.65809, 21.29566 ], [ -157.65823, 21.29549 ], [ -157.65831, 21.29535 ], [ -157.65832, 21.29529 ], [ -157.65827, 21.29524 ], [ -157.65805, 21.29513 ], [ -157.6579, 21.29499 ], [ -157.65778, 21.29494 ], [ -157.65756, 21.29491 ], [ -157.65748, 21.29484 ], [ -157.65748, 21.29473 ], [ -157.65758, 21.29466 ], [ -157.65763, 21.29459 ], [ -157.65766, 21.29448 ], [ -157.65766, 21.29421 ], [ -157.65766, 21.29419 ], [ -157.65765, 21.29402 ], [ -157.65768, 21.29397 ], [ -157.65808, 21.29398 ], [ -157.65822, 21.29391 ], [ -157.65835, 21.29391 ], [ -157.6585, 21.29402 ], [ -157.65865, 21.29408 ], [ -157.65886, 21.29408 ], [ -157.65908, 21.29415 ], [ -157.65916, 21.2942 ], [ -157.6592, 21.29428 ], [ -157.65918, 21.29437 ], [ -157.65914, 21.2944 ], [ -157.65905, 21.29444 ], [ -157.65862, 21.29453 ], [ -157.65848, 21.29453 ], [ -157.65832, 21.29454 ], [ -157.65832, 21.29462 ], [ -157.6585, 21.29467 ], [ -157.65894, 21.2947 ], [ -157.65908, 21.29465 ], [ -157.65916, 21.29459 ], [ -157.65933, 21.29452 ], [ -157.65946, 21.29449 ], [ -157.65977, 21.29448 ], [ -157.66039, 21.29458 ], [ -157.66061, 21.2946 ], [ -157.66081, 21.29464 ], [ -157.66094, 21.29462 ], [ -157.66099, 21.2946 ], [ -157.66105, 21.29449 ], [ -157.66106, 21.29438 ], [ -157.66108, 21.29436 ], [ -157.66115, 21.29428 ], [ -157.66128, 21.29416 ], [ -157.66133, 21.29412 ], [ -157.66143, 21.2939 ], [ -157.66144, 21.29383 ], [ -157.66142, 21.2938 ], [ -157.66135, 21.29374 ], [ -157.66084, 21.29399 ], [ -157.66068, 21.29405 ], [ -157.66049, 21.29406 ], [ -157.6599, 21.29392 ], [ -157.65971, 21.29393 ], [ -157.65939, 21.29409 ], [ -157.65924, 21.29408 ], [ -157.65908, 21.29399 ], [ -157.65893, 21.29386 ], [ -157.65873, 21.29371 ], [ -157.6586, 21.29364 ], [ -157.65826, 21.29353 ], [ -157.65798, 21.29342 ], [ -157.65788, 21.29336 ], [ -157.65782, 21.29335 ], [ -157.65772, 21.29326 ], [ -157.65771, 21.29322 ], [ -157.65778, 21.29317 ], [ -157.65788, 21.29312 ], [ -157.658, 21.29304 ], [ -157.65827, 21.2929 ], [ -157.65841, 21.29278 ], [ -157.65856, 21.29253 ], [ -157.65865, 21.29249 ], [ -157.6588, 21.29248 ], [ -157.65886, 21.29246 ], [ -157.6592, 21.29269 ], [ -157.65944, 21.29279 ], [ -157.65963, 21.2928 ], [ -157.65986, 21.29283 ], [ -157.66009, 21.29278 ], [ -157.66029, 21.29267 ], [ -157.6605, 21.29253 ], [ -157.66081, 21.29238 ], [ -157.66093, 21.29227 ], [ -157.66101, 21.29219 ], [ -157.66108, 21.29202 ], [ -157.66114, 21.29192 ], [ -157.66118, 21.29177 ], [ -157.66121, 21.29172 ], [ -157.66129, 21.29164 ], [ -157.66139, 21.29161 ], [ -157.66191, 21.29158 ], [ -157.66198, 21.29158 ], [ -157.66208, 21.29155 ], [ -157.66216, 21.2915 ], [ -157.66218, 21.29146 ], [ -157.6623, 21.29133 ], [ -157.66245, 21.29125 ], [ -157.66285, 21.29112 ], [ -157.66312, 21.29099 ], [ -157.66328, 21.29088 ], [ -157.66352, 21.29076 ], [ -157.66361, 21.29074 ], [ -157.66417, 21.29054 ], [ -157.66435, 21.29045 ], [ -157.66459, 21.29032 ], [ -157.66491, 21.29005 ], [ -157.66509, 21.28995 ], [ -157.66546, 21.28971 ], [ -157.66556, 21.28964 ], [ -157.66559, 21.28955 ], [ -157.66554, 21.2895 ], [ -157.66547, 21.28945 ], [ -157.66548, 21.28942 ], [ -157.66571, 21.28918 ], [ -157.66579, 21.28905 ], [ -157.66582, 21.28896 ], [ -157.66585, 21.28891 ], [ -157.66595, 21.28883 ], [ -157.66633, 21.28863 ], [ -157.66664, 21.28839 ], [ -157.66684, 21.28825 ], [ -157.66703, 21.28821 ], [ -157.66764, 21.28816 ], [ -157.66793, 21.2881 ], [ -157.6681, 21.28802 ], [ -157.66833, 21.28776 ], [ -157.66837, 21.2877 ], [ -157.6684, 21.28765 ], [ -157.66841, 21.28763 ], [ -157.66842, 21.28759 ], [ -157.66846, 21.2875 ], [ -157.66853, 21.2872 ], [ -157.66858, 21.28709 ], [ -157.6687, 21.28687 ], [ -157.66873, 21.28685 ], [ -157.66886, 21.2866 ], [ -157.66899, 21.28639 ], [ -157.66914, 21.28628 ], [ -157.66928, 21.28618 ], [ -157.66948, 21.28609 ], [ -157.66965, 21.28606 ], [ -157.66978, 21.28605 ], [ -157.66988, 21.28607 ], [ -157.66992, 21.28607 ], [ -157.67007, 21.28605 ], [ -157.67028, 21.28593 ], [ -157.67049, 21.2858 ], [ -157.67076, 21.28578 ], [ -157.67129, 21.28577 ], [ -157.67153, 21.28574 ], [ -157.67174, 21.28565 ], [ -157.67196, 21.28557 ], [ -157.67247, 21.28563 ], [ -157.67272, 21.28563 ], [ -157.67287, 21.28563 ], [ -157.67328, 21.28555 ], [ -157.67364, 21.28544 ], [ -157.67391, 21.28533 ], [ -157.67414, 21.28517 ], [ -157.67437, 21.28503 ], [ -157.67445, 21.285 ], [ -157.67457, 21.28489 ], [ -157.67484, 21.28453 ], [ -157.67502, 21.28444 ], [ -157.67522, 21.28428 ], [ -157.67538, 21.28413 ], [ -157.67574, 21.28367 ], [ -157.67595, 21.28335 ], [ -157.67607, 21.28317 ], [ -157.67611, 21.28308 ], [ -157.67621, 21.28293 ], [ -157.67629, 21.28282 ], [ -157.67634, 21.28273 ], [ -157.67634, 21.28264 ], [ -157.67629, 21.28254 ], [ -157.67629, 21.28252 ], [ -157.67623, 21.28239 ], [ -157.6762, 21.28234 ], [ -157.67625, 21.28224 ], [ -157.67661, 21.28213 ], [ -157.67685, 21.28199 ], [ -157.67723, 21.28187 ], [ -157.67728, 21.28183 ], [ -157.67736, 21.28174 ], [ -157.6773, 21.28166 ], [ -157.6772, 21.28162 ], [ -157.67689, 21.28157 ], [ -157.67688, 21.28154 ], [ -157.6769, 21.28151 ], [ -157.67703, 21.28133 ], [ -157.67735, 21.28108 ], [ -157.67741, 21.28098 ], [ -157.67745, 21.28088 ], [ -157.6775, 21.28072 ], [ -157.67749, 21.28032 ], [ -157.67752, 21.28028 ], [ -157.67756, 21.28026 ], [ -157.67767, 21.28027 ], [ -157.67775, 21.28034 ], [ -157.67797, 21.28046 ], [ -157.67807, 21.28049 ], [ -157.67813, 21.28049 ], [ -157.67822, 21.28044 ], [ -157.67823, 21.28036 ], [ -157.67829, 21.2803 ], [ -157.67836, 21.2802 ], [ -157.67844, 21.28007 ], [ -157.67856, 21.28 ], [ -157.67876, 21.27991 ], [ -157.6793, 21.27978 ], [ -157.67946, 21.27968 ], [ -157.67975, 21.27956 ], [ -157.67987, 21.27943 ], [ -157.67997, 21.27937 ], [ -157.68013, 21.27928 ], [ -157.68029, 21.27912 ], [ -157.68038, 21.27898 ], [ -157.68044, 21.27892 ], [ -157.68054, 21.27891 ], [ -157.68071, 21.27898 ], [ -157.68077, 21.27898 ], [ -157.68091, 21.27896 ], [ -157.68118, 21.27906 ], [ -157.68125, 21.27905 ], [ -157.68125, 21.27899 ], [ -157.68124, 21.27874 ], [ -157.68123, 21.27862 ], [ -157.68125, 21.2786 ], [ -157.6813, 21.27856 ], [ -157.68138, 21.27861 ], [ -157.6815, 21.27874 ], [ -157.68168, 21.27883 ], [ -157.68179, 21.27883 ], [ -157.68182, 21.27879 ], [ -157.6818, 21.27874 ], [ -157.68172, 21.27863 ], [ -157.68172, 21.27861 ], [ -157.68165, 21.27854 ], [ -157.68165, 21.27849 ], [ -157.6817, 21.2784 ], [ -157.68177, 21.27822 ], [ -157.68181, 21.27801 ], [ -157.68186, 21.27795 ], [ -157.68193, 21.27791 ], [ -157.68215, 21.27787 ], [ -157.68234, 21.2778 ], [ -157.6825, 21.2777 ], [ -157.68259, 21.27764 ], [ -157.68278, 21.27746 ], [ -157.68326, 21.27731 ], [ -157.68329, 21.27727 ], [ -157.68333, 21.27719 ], [ -157.68339, 21.27704 ], [ -157.68338, 21.27701 ], [ -157.68347, 21.27694 ], [ -157.68377, 21.27693 ], [ -157.68389, 21.27695 ], [ -157.68396, 21.27696 ], [ -157.68399, 21.27694 ], [ -157.684, 21.27679 ], [ -157.68398, 21.27674 ], [ -157.68398, 21.27662 ], [ -157.68406, 21.27662 ], [ -157.68417, 21.27664 ], [ -157.68434, 21.2768 ], [ -157.68452, 21.2769 ], [ -157.68461, 21.27691 ], [ -157.68463, 21.2769 ], [ -157.68466, 21.27685 ], [ -157.68467, 21.27662 ], [ -157.68468, 21.27657 ], [ -157.68468, 21.27649 ], [ -157.68461, 21.2763 ], [ -157.68444, 21.27598 ], [ -157.68441, 21.27592 ], [ -157.68439, 21.27585 ], [ -157.68442, 21.27571 ], [ -157.68442, 21.27566 ], [ -157.68457, 21.27564 ], [ -157.68493, 21.27563 ], [ -157.68531, 21.27574 ], [ -157.68577, 21.27576 ], [ -157.6861, 21.27585 ], [ -157.68622, 21.27592 ], [ -157.6863, 21.27593 ], [ -157.68632, 21.27589 ], [ -157.68634, 21.27574 ], [ -157.68632, 21.27572 ], [ -157.68628, 21.27555 ], [ -157.68629, 21.2755 ], [ -157.6863, 21.27541 ], [ -157.68628, 21.27534 ], [ -157.68626, 21.27531 ], [ -157.68625, 21.27522 ], [ -157.68627, 21.27519 ], [ -157.68627, 21.27509 ], [ -157.68631, 21.27507 ], [ -157.68628, 21.27495 ], [ -157.68626, 21.27493 ], [ -157.68627, 21.27484 ], [ -157.68628, 21.2748 ], [ -157.68635, 21.27471 ], [ -157.68659, 21.27458 ], [ -157.68703, 21.27438 ], [ -157.68707, 21.27425 ], [ -157.68709, 21.27417 ], [ -157.68708, 21.27412 ], [ -157.68699, 21.274 ], [ -157.68697, 21.27393 ], [ -157.68695, 21.2739 ], [ -157.68693, 21.2737 ], [ -157.68688, 21.27365 ], [ -157.68682, 21.27348 ], [ -157.68682, 21.2734 ], [ -157.6868, 21.27339 ], [ -157.6868, 21.27322 ], [ -157.68685, 21.27307 ], [ -157.68698, 21.27282 ], [ -157.68706, 21.27268 ], [ -157.68729, 21.27246 ], [ -157.68739, 21.27237 ], [ -157.68741, 21.27226 ], [ -157.68745, 21.2719 ], [ -157.68745, 21.27181 ], [ -157.68752, 21.27163 ], [ -157.68759, 21.27156 ], [ -157.68767, 21.27151 ], [ -157.68781, 21.27147 ], [ -157.68786, 21.27145 ], [ -157.68788, 21.27141 ], [ -157.68789, 21.2713 ], [ -157.68786, 21.27123 ], [ -157.68786, 21.27112 ], [ -157.68789, 21.27105 ], [ -157.68818, 21.27075 ], [ -157.68839, 21.27047 ], [ -157.68856, 21.27017 ], [ -157.68862, 21.2701 ], [ -157.68866, 21.27003 ], [ -157.68902, 21.26962 ], [ -157.68905, 21.26952 ], [ -157.68916, 21.26932 ], [ -157.68921, 21.26915 ], [ -157.68929, 21.26901 ], [ -157.6893, 21.26891 ], [ -157.6893, 21.26874 ], [ -157.68931, 21.26869 ], [ -157.68933, 21.26866 ], [ -157.6894, 21.26866 ], [ -157.68954, 21.2687 ], [ -157.68967, 21.26878 ], [ -157.68982, 21.26885 ], [ -157.6901, 21.26884 ], [ -157.69017, 21.26886 ], [ -157.69028, 21.26893 ], [ -157.69032, 21.26903 ], [ -157.69044, 21.26957 ], [ -157.69047, 21.26967 ], [ -157.69049, 21.26971 ], [ -157.69056, 21.26971 ], [ -157.69059, 21.26969 ], [ -157.69061, 21.2694 ], [ -157.69065, 21.26934 ], [ -157.6907, 21.26928 ], [ -157.69075, 21.26926 ], [ -157.69085, 21.26924 ], [ -157.69096, 21.26927 ], [ -157.69109, 21.26933 ], [ -157.69127, 21.26946 ], [ -157.69145, 21.26963 ], [ -157.69157, 21.26988 ], [ -157.69164, 21.27005 ], [ -157.69175, 21.27037 ], [ -157.69174, 21.27045 ], [ -157.69176, 21.27047 ], [ -157.69181, 21.27074 ], [ -157.69182, 21.27076 ], [ -157.69182, 21.27079 ], [ -157.69188, 21.27094 ], [ -157.69206, 21.27114 ], [ -157.69221, 21.27124 ], [ -157.69246, 21.27145 ], [ -157.69253, 21.2715 ], [ -157.6927, 21.27165 ], [ -157.693, 21.27184 ], [ -157.69329, 21.27206 ], [ -157.6937, 21.27212 ], [ -157.69405, 21.27209 ], [ -157.69433, 21.272 ], [ -157.6944, 21.27194 ], [ -157.69441, 21.2719 ], [ -157.69444, 21.27188 ], [ -157.69473, 21.2719 ], [ -157.6948, 21.27189 ], [ -157.69487, 21.27185 ], [ -157.6949, 21.27176 ], [ -157.69507, 21.27171 ], [ -157.69524, 21.27164 ], [ -157.6954, 21.27153 ], [ -157.69554, 21.27135 ], [ -157.69565, 21.27116 ], [ -157.69579, 21.2708 ], [ -157.69595, 21.27025 ], [ -157.69596, 21.2702 ], [ -157.69611, 21.27025 ], [ -157.709, 21.27396 ], [ -157.70887, 21.27439 ], [ -157.70883, 21.27469 ], [ -157.70882, 21.27499 ], [ -157.70887, 21.27518 ], [ -157.70886, 21.27521 ], [ -157.70887, 21.27524 ], [ -157.70888, 21.27529 ], [ -157.7089, 21.27539 ], [ -157.70895, 21.27577 ], [ -157.70899, 21.27601 ], [ -157.709, 21.27612 ], [ -157.709, 21.27625 ], [ -157.70901, 21.27628 ], [ -157.70904, 21.27638 ], [ -157.70911, 21.27647 ], [ -157.70912, 21.27651 ], [ -157.70913, 21.27665 ], [ -157.70915, 21.27669 ], [ -157.70917, 21.27676 ], [ -157.70923, 21.27698 ], [ -157.70924, 21.27706 ], [ -157.70928, 21.27732 ], [ -157.70931, 21.27738 ], [ -157.70931, 21.27744 ], [ -157.70932, 21.27749 ], [ -157.70933, 21.27759 ], [ -157.70941, 21.27781 ], [ -157.70942, 21.27787 ], [ -157.70941, 21.27796 ], [ -157.70944, 21.27802 ], [ -157.70945, 21.27809 ], [ -157.70949, 21.27825 ], [ -157.70951, 21.27826 ], [ -157.70952, 21.27831 ], [ -157.70965, 21.27849 ], [ -157.70975, 21.2787 ], [ -157.70982, 21.27883 ], [ -157.70981, 21.27885 ], [ -157.70984, 21.27893 ], [ -157.70989, 21.27902 ], [ -157.70989, 21.27906 ], [ -157.70993, 21.27911 ], [ -157.70998, 21.27916 ], [ -157.71002, 21.27923 ], [ -157.71, 21.27928 ], [ -157.71018, 21.27954 ], [ -157.71018, 21.27956 ], [ -157.71026, 21.27974 ], [ -157.71032, 21.27983 ], [ -157.71035, 21.27999 ], [ -157.71038, 21.28002 ], [ -157.71041, 21.28011 ], [ -157.7105, 21.28026 ], [ -157.71059, 21.28038 ], [ -157.71078, 21.2805 ], [ -157.71091, 21.28056 ], [ -157.71118, 21.28086 ], [ -157.71126, 21.28096 ], [ -157.71123, 21.28112 ], [ -157.71123, 21.28114 ], [ -157.71122, 21.28115 ], [ -157.71121, 21.28118 ], [ -157.7112, 21.28119 ], [ -157.71118, 21.28125 ], [ -157.7111, 21.28134 ], [ -157.71103, 21.28147 ], [ -157.71093, 21.28158 ], [ -157.71076, 21.28175 ], [ -157.71068, 21.28177 ], [ -157.71065, 21.28175 ], [ -157.70666, 21.27843 ], [ -157.70645, 21.27828 ], [ -157.7064, 21.27832 ], [ -157.70636, 21.27834 ], [ -157.70602, 21.27808 ], [ -157.70586, 21.27796 ], [ -157.70579, 21.27802 ], [ -157.7058, 21.27805 ], [ -157.70592, 21.27815 ], [ -157.70592, 21.27817 ], [ -157.70549, 21.27867 ], [ -157.70545, 21.27869 ], [ -157.70522, 21.2785 ], [ -157.70518, 21.2785 ], [ -157.70502, 21.27869 ], [ -157.7049, 21.27878 ], [ -157.70462, 21.2792 ], [ -157.7046, 21.27925 ], [ -157.70468, 21.27928 ], [ -157.70479, 21.27936 ], [ -157.70482, 21.27939 ], [ -157.70444, 21.2799 ], [ -157.70443, 21.27992 ], [ -157.7044, 21.27995 ], [ -157.70432, 21.28008 ], [ -157.70426, 21.28015 ], [ -157.70426, 21.28017 ], [ -157.70421, 21.28022 ], [ -157.7042, 21.28025 ], [ -157.70418, 21.28027 ], [ -157.70418, 21.28029 ], [ -157.70411, 21.28037 ], [ -157.70408, 21.28039 ], [ -157.70403, 21.28048 ], [ -157.70392, 21.28061 ], [ -157.70391, 21.28066 ], [ -157.7041, 21.28081 ], [ -157.70405, 21.2809 ], [ -157.70396, 21.28101 ], [ -157.70391, 21.28101 ], [ -157.70374, 21.28091 ], [ -157.70369, 21.28092 ], [ -157.70365, 21.28099 ], [ -157.70358, 21.28109 ], [ -157.70294, 21.28198 ], [ -157.70294, 21.28199 ], [ -157.7029, 21.28203 ], [ -157.70247, 21.28266 ], [ -157.70243, 21.2827 ], [ -157.70222, 21.28299 ], [ -157.70207, 21.28317 ], [ -157.70194, 21.2833 ], [ -157.70178, 21.2834 ], [ -157.70165, 21.28345 ], [ -157.7013, 21.28354 ], [ -157.70108, 21.28358 ], [ -157.70086, 21.28364 ], [ -157.70073, 21.28372 ], [ -157.7005, 21.28393 ], [ -157.70019, 21.28433 ], [ -157.70009, 21.28446 ], [ -157.70005, 21.28456 ], [ -157.69994, 21.28469 ], [ -157.69979, 21.28493 ], [ -157.69973, 21.28499 ], [ -157.69913, 21.28588 ], [ -157.69896, 21.2861 ], [ -157.69894, 21.28615 ], [ -157.69895, 21.28624 ], [ -157.699, 21.28631 ], [ -157.69913, 21.28643 ], [ -157.69922, 21.28645 ], [ -157.69933, 21.28641 ], [ -157.69962, 21.28622 ], [ -157.69979, 21.28604 ], [ -157.69988, 21.28594 ], [ -157.69994, 21.2858 ], [ -157.69995, 21.28573 ], [ -157.70002, 21.28551 ], [ -157.70026, 21.28518 ], [ -157.70033, 21.28513 ], [ -157.70089, 21.2845 ], [ -157.70103, 21.28438 ], [ -157.70121, 21.2842 ], [ -157.70133, 21.28411 ], [ -157.70149, 21.28397 ], [ -157.70189, 21.28371 ], [ -157.702, 21.28364 ], [ -157.70227, 21.28358 ], [ -157.70253, 21.28358 ], [ -157.70272, 21.28361 ], [ -157.70288, 21.28367 ], [ -157.70321, 21.28389 ], [ -157.70326, 21.28396 ], [ -157.70325, 21.28398 ], [ -157.7033, 21.28406 ], [ -157.70336, 21.28424 ], [ -157.70336, 21.28454 ], [ -157.70334, 21.28463 ], [ -157.70325, 21.28483 ], [ -157.70318, 21.28497 ], [ -157.70307, 21.28509 ], [ -157.70269, 21.28538 ], [ -157.70198, 21.28596 ], [ -157.70133, 21.2865 ], [ -157.70049, 21.28727 ], [ -157.70035, 21.28736 ], [ -157.70028, 21.28745 ], [ -157.70021, 21.28759 ], [ -157.7001, 21.28765 ], [ -157.69996, 21.28769 ], [ -157.69988, 21.28774 ], [ -157.69979, 21.28782 ], [ -157.69962, 21.28797 ], [ -157.69954, 21.28805 ], [ -157.69953, 21.2881 ], [ -157.69951, 21.28811 ], [ -157.69938, 21.28841 ], [ -157.69937, 21.28849 ], [ -157.69936, 21.28878 ], [ -157.69939, 21.28893 ], [ -157.69942, 21.28903 ], [ -157.69945, 21.28908 ], [ -157.69954, 21.28911 ], [ -157.69955, 21.28926 ], [ -157.69951, 21.28938 ], [ -157.69939, 21.28943 ], [ -157.69922, 21.28949 ], [ -157.69918, 21.28948 ], [ -157.69917, 21.28947 ], [ -157.69912, 21.28942 ], [ -157.69907, 21.2894 ], [ -157.69898, 21.28941 ], [ -157.69884, 21.28945 ], [ -157.69847, 21.28943 ], [ -157.69827, 21.28944 ], [ -157.69812, 21.28946 ], [ -157.69787, 21.28947 ], [ -157.69758, 21.28949 ], [ -157.69753, 21.28945 ], [ -157.69749, 21.2894 ], [ -157.69738, 21.28942 ], [ -157.69736, 21.28939 ], [ -157.69736, 21.28937 ], [ -157.69733, 21.28931 ], [ -157.6973, 21.28933 ], [ -157.69721, 21.28942 ], [ -157.69719, 21.28943 ], [ -157.69716, 21.28951 ], [ -157.69656, 21.29036 ], [ -157.69623, 21.29085 ], [ -157.69593, 21.29125 ], [ -157.69567, 21.29156 ], [ -157.69545, 21.2918 ], [ -157.69525, 21.29197 ], [ -157.69472, 21.29243 ], [ -157.69367, 21.29342 ], [ -157.69317, 21.29401 ], [ -157.69308, 21.29407 ], [ -157.69288, 21.29432 ], [ -157.69277, 21.29444 ], [ -157.69267, 21.29456 ], [ -157.69217, 21.2949 ], [ -157.69193, 21.295 ], [ -157.69154, 21.29508 ], [ -157.69133, 21.29517 ], [ -157.69113, 21.2953 ], [ -157.69053, 21.29553 ], [ -157.69024, 21.2957 ], [ -157.68987, 21.29596 ], [ -157.6897, 21.29608 ], [ -157.68962, 21.29618 ], [ -157.68958, 21.29627 ], [ -157.68975, 21.29639 ], [ -157.68974, 21.29646 ], [ -157.68972, 21.29649 ], [ -157.68956, 21.29665 ], [ -157.68947, 21.29676 ], [ -157.68939, 21.29688 ], [ -157.68924, 21.29703 ], [ -157.68899, 21.29715 ], [ -157.68895, 21.29719 ], [ -157.68891, 21.29721 ], [ -157.68874, 21.29736 ], [ -157.68831, 21.2978 ], [ -157.68823, 21.29788 ], [ -157.68818, 21.29795 ], [ -157.68794, 21.29822 ], [ -157.68792, 21.29827 ], [ -157.68789, 21.29831 ], [ -157.68787, 21.29836 ], [ -157.68786, 21.29844 ], [ -157.68789, 21.29847 ], [ -157.68795, 21.29845 ], [ -157.68811, 21.29828 ], [ -157.68825, 21.2981 ], [ -157.68849, 21.29783 ], [ -157.68849, 21.29781 ], [ -157.68874, 21.29755 ], [ -157.68901, 21.29731 ], [ -157.68924, 21.29717 ], [ -157.68941, 21.29703 ], [ -157.68968, 21.29667 ], [ -157.68979, 21.29654 ], [ -157.6899, 21.29642 ], [ -157.68996, 21.29643 ], [ -157.68999, 21.29646 ], [ -157.69006, 21.29645 ], [ -157.69036, 21.29619 ], [ -157.69082, 21.29591 ], [ -157.69113, 21.29574 ], [ -157.69165, 21.29549 ], [ -157.69242, 21.29521 ], [ -157.69315, 21.29505 ], [ -157.69342, 21.29505 ], [ -157.69387, 21.29508 ], [ -157.69411, 21.29516 ], [ -157.69435, 21.29528 ], [ -157.69453, 21.29539 ], [ -157.6946, 21.29542 ], [ -157.69478, 21.29558 ], [ -157.69495, 21.29578 ], [ -157.69508, 21.29598 ], [ -157.69509, 21.296 ], [ -157.69524, 21.29628 ], [ -157.69525, 21.29633 ], [ -157.69544, 21.29663 ], [ -157.6955, 21.29678 ], [ -157.6955, 21.29683 ], [ -157.69552, 21.29686 ], [ -157.69552, 21.29689 ], [ -157.69554, 21.29691 ], [ -157.69564, 21.29727 ], [ -157.69567, 21.29737 ], [ -157.6957, 21.29748 ], [ -157.69572, 21.29776 ], [ -157.69574, 21.29795 ], [ -157.69576, 21.29821 ], [ -157.69573, 21.29837 ], [ -157.69566, 21.29851 ], [ -157.69556, 21.2987 ], [ -157.69542, 21.29888 ], [ -157.69513, 21.29911 ], [ -157.69506, 21.29914 ], [ -157.69489, 21.29927 ], [ -157.69476, 21.29941 ], [ -157.69465, 21.29954 ], [ -157.6945, 21.29982 ], [ -157.69447, 21.29993 ], [ -157.6945, 21.30005 ], [ -157.69452, 21.30015 ], [ -157.69458, 21.30022 ], [ -157.69462, 21.30023 ], [ -157.69473, 21.30023 ], [ -157.69481, 21.30029 ], [ -157.69489, 21.30027 ], [ -157.69501, 21.3002 ], [ -157.69506, 21.30021 ], [ -157.69511, 21.30026 ], [ -157.69514, 21.30033 ], [ -157.69516, 21.30048 ], [ -157.69516, 21.30075 ], [ -157.69511, 21.30087 ], [ -157.69512, 21.30108 ], [ -157.69516, 21.30111 ], [ -157.69523, 21.30113 ], [ -157.69535, 21.30105 ], [ -157.69544, 21.3009 ], [ -157.69551, 21.30077 ], [ -157.69559, 21.30051 ], [ -157.69564, 21.30026 ], [ -157.69566, 21.30018 ], [ -157.6957, 21.30009 ], [ -157.69575, 21.30001 ], [ -157.6959, 21.29976 ], [ -157.696, 21.29961 ], [ -157.69601, 21.2996 ], [ -157.6961, 21.29944 ], [ -157.69613, 21.29935 ], [ -157.69618, 21.29925 ], [ -157.69627, 21.29913 ], [ -157.69633, 21.29888 ], [ -157.69636, 21.29855 ], [ -157.69638, 21.29841 ], [ -157.69641, 21.29829 ], [ -157.69643, 21.29815 ], [ -157.69649, 21.29792 ], [ -157.69657, 21.29778 ], [ -157.6965, 21.29726 ], [ -157.69647, 21.29717 ], [ -157.69647, 21.2971 ], [ -157.69645, 21.29706 ], [ -157.69643, 21.29694 ], [ -157.69637, 21.29682 ], [ -157.69636, 21.29676 ], [ -157.69636, 21.29674 ], [ -157.69634, 21.29672 ], [ -157.6963, 21.29662 ], [ -157.69629, 21.29629 ], [ -157.69639, 21.29604 ], [ -157.69653, 21.29575 ], [ -157.69663, 21.29561 ], [ -157.69679, 21.29534 ], [ -157.69686, 21.29519 ], [ -157.69688, 21.29511 ], [ -157.69703, 21.29481 ], [ -157.69715, 21.29459 ], [ -157.69722, 21.29449 ], [ -157.69732, 21.29429 ], [ -157.69738, 21.29404 ], [ -157.6974, 21.29342 ], [ -157.69743, 21.29327 ], [ -157.69743, 21.29315 ], [ -157.69747, 21.29295 ], [ -157.69748, 21.29285 ], [ -157.6975, 21.29276 ], [ -157.69754, 21.29269 ], [ -157.69787, 21.29227 ], [ -157.69818, 21.292 ], [ -157.6983, 21.29185 ], [ -157.69906, 21.29113 ], [ -157.6995, 21.29069 ], [ -157.69952, 21.29065 ], [ -157.69968, 21.29048 ], [ -157.6998, 21.29033 ], [ -157.69991, 21.29023 ], [ -157.70005, 21.29004 ], [ -157.70013, 21.28995 ], [ -157.70024, 21.28957 ], [ -157.70025, 21.28947 ], [ -157.70025, 21.28893 ], [ -157.70023, 21.28863 ], [ -157.70022, 21.28859 ], [ -157.7002, 21.28836 ], [ -157.70035, 21.28814 ], [ -157.70051, 21.288 ], [ -157.70068, 21.28785 ], [ -157.70086, 21.28773 ], [ -157.70095, 21.28767 ], [ -157.70133, 21.28756 ], [ -157.70179, 21.28745 ], [ -157.70189, 21.28741 ], [ -157.70214, 21.28727 ], [ -157.70276, 21.28665 ], [ -157.70298, 21.28645 ], [ -157.70317, 21.28638 ], [ -157.70376, 21.2862 ], [ -157.70394, 21.28618 ], [ -157.70411, 21.28614 ], [ -157.70447, 21.28597 ], [ -157.70457, 21.28589 ], [ -157.70476, 21.28567 ], [ -157.7049, 21.28541 ], [ -157.70499, 21.28525 ], [ -157.70513, 21.28508 ], [ -157.70609, 21.28451 ], [ -157.70706, 21.28396 ], [ -157.70715, 21.28394 ], [ -157.70739, 21.28392 ], [ -157.70764, 21.28389 ], [ -157.70769, 21.2839 ], [ -157.70783, 21.28396 ], [ -157.70804, 21.2841 ], [ -157.70823, 21.28424 ], [ -157.70834, 21.28433 ], [ -157.70862, 21.28461 ], [ -157.70871, 21.28476 ], [ -157.70891, 21.28505 ], [ -157.70896, 21.28507 ], [ -157.70903, 21.28508 ], [ -157.70942, 21.28488 ], [ -157.70945, 21.28484 ], [ -157.70947, 21.28481 ], [ -157.70945, 21.28469 ], [ -157.70944, 21.28465 ], [ -157.70943, 21.2846 ], [ -157.70931, 21.2845 ], [ -157.70926, 21.2844 ], [ -157.70918, 21.28428 ], [ -157.70909, 21.28417 ], [ -157.70908, 21.28414 ], [ -157.70903, 21.28407 ], [ -157.70901, 21.28397 ], [ -157.70898, 21.28383 ], [ -157.709, 21.28364 ], [ -157.70901, 21.28356 ], [ -157.70902, 21.2835 ], [ -157.70904, 21.28345 ], [ -157.70914, 21.28331 ], [ -157.70921, 21.28322 ], [ -157.70928, 21.28314 ], [ -157.70939, 21.28307 ], [ -157.70957, 21.28301 ], [ -157.70987, 21.283 ], [ -157.71024, 21.28302 ], [ -157.71041, 21.28301 ], [ -157.71105, 21.28276 ], [ -157.71145, 21.28259 ], [ -157.71155, 21.28247 ], [ -157.71162, 21.28236 ], [ -157.71166, 21.28226 ], [ -157.71166, 21.28211 ], [ -157.71168, 21.282 ], [ -157.71173, 21.28187 ], [ -157.71178, 21.28169 ], [ -157.7118, 21.28167 ], [ -157.71189, 21.28148 ], [ -157.71205, 21.28127 ], [ -157.7121, 21.28126 ], [ -157.7122, 21.28118 ], [ -157.71249, 21.28117 ], [ -157.71278, 21.28127 ], [ -157.71303, 21.28129 ], [ -157.71319, 21.28139 ], [ -157.71341, 21.28151 ], [ -157.71362, 21.28167 ], [ -157.71382, 21.28175 ], [ -157.7139, 21.28183 ], [ -157.71394, 21.28189 ], [ -157.71389, 21.2819 ], [ -157.71348, 21.28211 ], [ -157.71345, 21.28214 ], [ -157.71345, 21.28216 ], [ -157.71418, 21.28245 ], [ -157.71425, 21.28246 ], [ -157.71427, 21.28243 ], [ -157.71428, 21.28225 ], [ -157.71425, 21.28216 ], [ -157.71425, 21.28205 ], [ -157.71427, 21.28202 ], [ -157.71434, 21.28201 ], [ -157.71443, 21.28206 ], [ -157.71458, 21.28214 ], [ -157.71479, 21.28227 ], [ -157.71489, 21.28237 ], [ -157.71495, 21.28246 ], [ -157.71508, 21.28256 ], [ -157.71516, 21.28257 ], [ -157.71532, 21.28257 ], [ -157.71586, 21.28272 ], [ -157.71669, 21.28299 ], [ -157.71738, 21.28315 ], [ -157.71759, 21.28325 ], [ -157.71791, 21.28343 ], [ -157.71804, 21.28351 ], [ -157.71839, 21.28373 ], [ -157.71852, 21.28387 ], [ -157.7186, 21.28395 ], [ -157.71862, 21.284 ], [ -157.71858, 21.28436 ], [ -157.71857, 21.28453 ], [ -157.71858, 21.28459 ], [ -157.71858, 21.28467 ], [ -157.71852, 21.28476 ], [ -157.71854, 21.2851 ], [ -157.71842, 21.28525 ], [ -157.71829, 21.28526 ], [ -157.71812, 21.28543 ], [ -157.71812, 21.28545 ], [ -157.71781, 21.28585 ], [ -157.71755, 21.28613 ], [ -157.71752, 21.28613 ], [ -157.71747, 21.28606 ], [ -157.71736, 21.28606 ], [ -157.71697, 21.28615 ], [ -157.71631, 21.28565 ], [ -157.71613, 21.28529 ], [ -157.71553, 21.28487 ], [ -157.71511, 21.28458 ], [ -157.71486, 21.28451 ], [ -157.71447, 21.28449 ], [ -157.71252, 21.28452 ], [ -157.71217, 21.28457 ], [ -157.7118, 21.28467 ], [ -157.71126, 21.28487 ], [ -157.70977, 21.28551 ], [ -157.70972, 21.28547 ], [ -157.70972, 21.28545 ], [ -157.70966, 21.28534 ], [ -157.70952, 21.28537 ], [ -157.70932, 21.28548 ], [ -157.70929, 21.2855 ], [ -157.70935, 21.28561 ], [ -157.70935, 21.28566 ], [ -157.70932, 21.2857 ], [ -157.70932, 21.28579 ], [ -157.70952, 21.2861 ], [ -157.70969, 21.28638 ], [ -157.70981, 21.28657 ], [ -157.70985, 21.28661 ], [ -157.70985, 21.28663 ], [ -157.70992, 21.28674 ], [ -157.70994, 21.28678 ], [ -157.70997, 21.28682 ], [ -157.70997, 21.28684 ], [ -157.71005, 21.28695 ], [ -157.71006, 21.28707 ], [ -157.71009, 21.28708 ], [ -157.71009, 21.28717 ], [ -157.71006, 21.28728 ], [ -157.70924, 21.28805 ], [ -157.70905, 21.28821 ], [ -157.70897, 21.28823 ], [ -157.70865, 21.28804 ], [ -157.70859, 21.28804 ], [ -157.70821, 21.28835 ], [ -157.70776, 21.28878 ], [ -157.70751, 21.28898 ], [ -157.70751, 21.28902 ], [ -157.70756, 21.28916 ], [ -157.70758, 21.28918 ], [ -157.70759, 21.28923 ], [ -157.7076, 21.28925 ], [ -157.70764, 21.28933 ], [ -157.70767, 21.28938 ], [ -157.70767, 21.28944 ], [ -157.70814, 21.28983 ], [ -157.70814, 21.28987 ], [ -157.70811, 21.28998 ], [ -157.70803, 21.29028 ], [ -157.708, 21.29053 ], [ -157.708, 21.291 ], [ -157.70804, 21.29165 ], [ -157.70812, 21.2923 ], [ -157.70814, 21.29247 ], [ -157.70815, 21.29253 ], [ -157.70817, 21.29255 ], [ -157.70817, 21.29259 ], [ -157.70821, 21.29265 ], [ -157.70825, 21.29276 ], [ -157.70827, 21.29287 ], [ -157.7083, 21.29291 ], [ -157.70851, 21.29309 ], [ -157.70868, 21.29318 ], [ -157.70871, 21.2932 ], [ -157.70901, 21.29328 ], [ -157.70908, 21.29328 ], [ -157.70911, 21.29326 ], [ -157.70911, 21.29306 ], [ -157.70909, 21.29296 ], [ -157.70904, 21.29293 ], [ -157.70885, 21.29285 ], [ -157.70859, 21.2926 ], [ -157.70853, 21.29251 ], [ -157.70848, 21.29239 ], [ -157.70845, 21.29186 ], [ -157.70842, 21.29161 ], [ -157.70839, 21.29073 ], [ -157.70837, 21.29059 ], [ -157.70837, 21.29046 ], [ -157.70838, 21.29036 ], [ -157.70842, 21.29022 ], [ -157.70847, 21.29008 ], [ -157.70854, 21.28997 ], [ -157.70867, 21.28976 ], [ -157.70952, 21.28871 ], [ -157.70976, 21.28839 ], [ -157.70982, 21.28831 ], [ -157.71001, 21.28825 ], [ -157.7102, 21.28821 ], [ -157.71033, 21.28827 ], [ -157.71043, 21.28835 ], [ -157.7105, 21.28843 ], [ -157.71057, 21.2886 ], [ -157.71057, 21.2888 ], [ -157.71055, 21.2889 ], [ -157.71051, 21.28896 ], [ -157.7105, 21.289 ], [ -157.70934, 21.29028 ], [ -157.7093, 21.29036 ], [ -157.70925, 21.29053 ], [ -157.70924, 21.29064 ], [ -157.70922, 21.29098 ], [ -157.70924, 21.29102 ], [ -157.70925, 21.29159 ], [ -157.70923, 21.29163 ], [ -157.70922, 21.29168 ], [ -157.70914, 21.29198 ], [ -157.70917, 21.29208 ], [ -157.70921, 21.29213 ], [ -157.7093, 21.29213 ], [ -157.70934, 21.29212 ], [ -157.70952, 21.29166 ], [ -157.70976, 21.29107 ], [ -157.70981, 21.29097 ], [ -157.70982, 21.29085 ], [ -157.70978, 21.29068 ], [ -157.70977, 21.29064 ], [ -157.70972, 21.29051 ], [ -157.70971, 21.29037 ], [ -157.70977, 21.29022 ], [ -157.70982, 21.2901 ], [ -157.70998, 21.28995 ], [ -157.71011, 21.28987 ], [ -157.7103, 21.28986 ], [ -157.71052, 21.28988 ], [ -157.71069, 21.28995 ], [ -157.71083, 21.29005 ], [ -157.71087, 21.29013 ], [ -157.71087, 21.29017 ], [ -157.71091, 21.29027 ], [ -157.71092, 21.29036 ], [ -157.71089, 21.29047 ], [ -157.71088, 21.29055 ], [ -157.7107, 21.29101 ], [ -157.71066, 21.29113 ], [ -157.71064, 21.29114 ], [ -157.71064, 21.29116 ], [ -157.71059, 21.29126 ], [ -157.71059, 21.29132 ], [ -157.71042, 21.29169 ], [ -157.71041, 21.29174 ], [ -157.71039, 21.29176 ], [ -157.71031, 21.29201 ], [ -157.7103, 21.29203 ], [ -157.71025, 21.29215 ], [ -157.71022, 21.29218 ], [ -157.71019, 21.29228 ], [ -157.71008, 21.29253 ], [ -157.71, 21.29264 ], [ -157.70994, 21.29272 ], [ -157.70975, 21.29281 ], [ -157.70937, 21.29287 ], [ -157.70938, 21.29313 ], [ -157.70939, 21.29325 ], [ -157.70944, 21.29325 ], [ -157.7098, 21.29319 ], [ -157.71, 21.29311 ], [ -157.71016, 21.29301 ], [ -157.71031, 21.29291 ], [ -157.71041, 21.29282 ], [ -157.71058, 21.29244 ], [ -157.71082, 21.2918 ], [ -157.71128, 21.29059 ], [ -157.71129, 21.29055 ], [ -157.71133, 21.29048 ], [ -157.71137, 21.29034 ], [ -157.71141, 21.29025 ], [ -157.71142, 21.29007 ], [ -157.7114, 21.28999 ], [ -157.71138, 21.28997 ], [ -157.71135, 21.2899 ], [ -157.71132, 21.28987 ], [ -157.71124, 21.28973 ], [ -157.71122, 21.28965 ], [ -157.71119, 21.28957 ], [ -157.71118, 21.28951 ], [ -157.71116, 21.2895 ], [ -157.71115, 21.28933 ], [ -157.71113, 21.28873 ], [ -157.71106, 21.28857 ], [ -157.71103, 21.28852 ], [ -157.71099, 21.28839 ], [ -157.71095, 21.28833 ], [ -157.71092, 21.28822 ], [ -157.7109, 21.28818 ], [ -157.71088, 21.2881 ], [ -157.71089, 21.28803 ], [ -157.71083, 21.28788 ], [ -157.7108, 21.28769 ], [ -157.7108, 21.28748 ], [ -157.71084, 21.28733 ], [ -157.71085, 21.28726 ], [ -157.71087, 21.28715 ], [ -157.71089, 21.28703 ], [ -157.711, 21.28682 ], [ -157.71103, 21.28672 ], [ -157.71109, 21.28656 ], [ -157.71113, 21.28643 ], [ -157.71122, 21.28629 ], [ -157.71125, 21.28624 ], [ -157.71132, 21.28612 ], [ -157.71143, 21.28585 ], [ -157.71146, 21.28576 ], [ -157.71159, 21.28554 ], [ -157.71172, 21.28548 ], [ -157.71186, 21.28545 ], [ -157.71212, 21.2855 ], [ -157.71226, 21.28555 ], [ -157.71233, 21.2856 ], [ -157.71234, 21.28563 ], [ -157.71237, 21.28566 ], [ -157.71239, 21.28572 ], [ -157.7124, 21.28572 ], [ -157.71243, 21.28584 ], [ -157.71242, 21.28601 ], [ -157.71239, 21.28611 ], [ -157.71236, 21.2862 ], [ -157.71229, 21.28632 ], [ -157.71227, 21.28638 ], [ -157.71221, 21.28651 ], [ -157.71219, 21.28655 ], [ -157.71217, 21.28666 ], [ -157.71213, 21.28671 ], [ -157.71212, 21.28676 ], [ -157.71196, 21.28716 ], [ -157.71191, 21.28722 ], [ -157.71192, 21.28724 ], [ -157.71179, 21.28748 ], [ -157.71178, 21.28752 ], [ -157.71176, 21.28754 ], [ -157.7117, 21.28773 ], [ -157.71181, 21.28778 ], [ -157.71186, 21.28779 ], [ -157.71192, 21.28768 ], [ -157.71227, 21.28734 ], [ -157.71232, 21.28727 ], [ -157.71247, 21.28701 ], [ -157.71286, 21.2861 ], [ -157.71291, 21.286 ], [ -157.71294, 21.28591 ], [ -157.71305, 21.28565 ], [ -157.71312, 21.28555 ], [ -157.71328, 21.28542 ], [ -157.71335, 21.28538 ], [ -157.71352, 21.28536 ], [ -157.71362, 21.28539 ], [ -157.71377, 21.28547 ], [ -157.71392, 21.28566 ], [ -157.714, 21.28578 ], [ -157.71402, 21.28584 ], [ -157.71403, 21.28599 ], [ -157.71397, 21.28615 ], [ -157.71395, 21.28617 ], [ -157.71391, 21.28631 ], [ -157.71388, 21.28634 ], [ -157.71384, 21.28644 ], [ -157.71382, 21.28648 ], [ -157.71382, 21.2865 ], [ -157.71373, 21.2867 ], [ -157.71371, 21.28673 ], [ -157.71367, 21.2868 ], [ -157.71367, 21.28685 ], [ -157.7136, 21.28698 ], [ -157.71357, 21.28705 ], [ -157.71348, 21.28722 ], [ -157.7132, 21.28768 ], [ -157.71317, 21.28773 ], [ -157.71305, 21.28785 ], [ -157.71222, 21.28877 ], [ -157.71216, 21.28882 ], [ -157.71216, 21.28917 ], [ -157.7122, 21.28918 ], [ -157.71229, 21.2891 ], [ -157.71261, 21.28877 ], [ -157.71277, 21.28861 ], [ -157.71284, 21.2886 ], [ -157.71287, 21.28862 ], [ -157.71291, 21.28862 ], [ -157.71295, 21.28858 ], [ -157.71295, 21.28851 ], [ -157.71322, 21.28822 ], [ -157.7133, 21.28821 ], [ -157.71341, 21.2881 ], [ -157.7134, 21.28804 ], [ -157.71369, 21.2877 ], [ -157.71376, 21.28769 ], [ -157.71384, 21.28761 ], [ -157.71384, 21.28753 ], [ -157.71402, 21.28731 ], [ -157.71405, 21.28724 ], [ -157.71409, 21.28719 ], [ -157.71412, 21.28721 ], [ -157.71417, 21.28722 ], [ -157.71426, 21.28711 ], [ -157.71423, 21.28703 ], [ -157.71452, 21.28668 ], [ -157.71464, 21.28668 ], [ -157.71472, 21.28659 ], [ -157.71471, 21.28652 ], [ -157.71494, 21.28624 ], [ -157.71502, 21.28624 ], [ -157.71518, 21.28605 ], [ -157.71515, 21.28601 ], [ -157.71515, 21.28599 ], [ -157.71528, 21.28586 ], [ -157.7154, 21.28585 ], [ -157.71548, 21.2859 ], [ -157.7156, 21.28598 ], [ -157.71569, 21.28603 ], [ -157.71575, 21.28603 ], [ -157.71602, 21.28577 ], [ -157.71609, 21.28574 ], [ -157.71639, 21.28599 ], [ -157.7164, 21.28603 ], [ -157.71632, 21.28611 ], [ -157.71627, 21.2862 ], [ -157.71628, 21.28629 ], [ -157.71636, 21.28636 ], [ -157.71663, 21.28637 ], [ -157.7172, 21.28633 ], [ -157.71726, 21.28634 ], [ -157.71735, 21.2864 ], [ -157.71739, 21.28651 ], [ -157.71741, 21.28668 ], [ -157.71737, 21.28676 ], [ -157.71736, 21.28681 ], [ -157.7172, 21.28713 ], [ -157.71712, 21.28726 ], [ -157.71699, 21.28744 ], [ -157.71695, 21.28748 ], [ -157.71691, 21.28754 ], [ -157.71676, 21.28769 ], [ -157.71669, 21.28772 ], [ -157.71653, 21.28775 ], [ -157.71623, 21.28757 ], [ -157.71592, 21.28735 ], [ -157.71582, 21.28734 ], [ -157.71576, 21.28736 ], [ -157.71565, 21.28744 ], [ -157.71467, 21.28852 ], [ -157.71467, 21.28857 ], [ -157.71479, 21.28868 ], [ -157.71484, 21.28868 ], [ -157.71502, 21.28847 ], [ -157.71522, 21.28825 ], [ -157.71585, 21.28759 ], [ -157.71589, 21.28757 ], [ -157.71633, 21.28791 ], [ -157.71646, 21.28801 ], [ -157.71643, 21.2881 ], [ -157.71533, 21.28938 ], [ -157.71521, 21.28956 ], [ -157.71526, 21.29041 ], [ -157.71528, 21.29066 ], [ -157.71529, 21.29091 ], [ -157.71534, 21.29175 ], [ -157.71538, 21.29179 ], [ -157.71563, 21.29192 ], [ -157.71572, 21.29198 ], [ -157.71575, 21.29198 ], [ -157.71633, 21.29227 ], [ -157.71642, 21.2923 ], [ -157.71654, 21.2923 ], [ -157.71662, 21.29226 ], [ -157.7167, 21.29219 ], [ -157.7167, 21.29216 ], [ -157.7166, 21.29211 ], [ -157.71647, 21.29212 ], [ -157.71638, 21.29213 ], [ -157.7162, 21.29206 ], [ -157.71556, 21.29175 ], [ -157.7155, 21.29169 ], [ -157.71545, 21.29157 ], [ -157.71544, 21.29111 ], [ -157.71542, 21.2899 ], [ -157.71544, 21.28984 ], [ -157.71549, 21.28977 ], [ -157.71563, 21.28972 ], [ -157.71587, 21.2897 ], [ -157.71598, 21.28974 ], [ -157.71612, 21.28984 ], [ -157.71621, 21.28995 ], [ -157.71623, 21.29009 ], [ -157.71617, 21.29051 ], [ -157.71613, 21.29092 ], [ -157.71612, 21.29107 ], [ -157.71612, 21.29116 ], [ -157.71629, 21.29118 ], [ -157.7163, 21.2911 ], [ -157.71632, 21.29106 ], [ -157.71635, 21.29091 ], [ -157.71641, 21.29073 ], [ -157.71642, 21.29061 ], [ -157.71646, 21.29048 ], [ -157.71647, 21.2904 ], [ -157.7165, 21.29031 ], [ -157.71657, 21.29017 ], [ -157.71663, 21.29014 ], [ -157.71686, 21.2901 ], [ -157.71702, 21.29014 ], [ -157.71712, 21.29021 ], [ -157.71722, 21.29032 ], [ -157.71729, 21.29047 ], [ -157.71729, 21.2906 ], [ -157.71727, 21.29063 ], [ -157.71727, 21.29069 ], [ -157.71711, 21.29096 ], [ -157.71678, 21.29154 ], [ -157.71671, 21.29165 ], [ -157.7167, 21.29171 ], [ -157.71683, 21.29179 ], [ -157.71688, 21.29181 ], [ -157.71712, 21.29146 ], [ -157.71731, 21.2911 ], [ -157.71736, 21.29103 ], [ -157.71749, 21.29083 ], [ -157.71751, 21.2907 ], [ -157.71751, 21.29047 ], [ -157.71786, 21.29021 ], [ -157.71787, 21.29016 ], [ -157.71786, 21.29013 ], [ -157.71781, 21.29008 ], [ -157.71767, 21.29014 ], [ -157.71744, 21.2902 ], [ -157.71717, 21.29001 ], [ -157.71694, 21.28994 ], [ -157.71588, 21.28948 ], [ -157.71583, 21.28943 ], [ -157.71582, 21.28932 ], [ -157.71608, 21.28898 ], [ -157.71617, 21.28887 ], [ -157.7162, 21.28881 ], [ -157.71628, 21.28877 ], [ -157.71639, 21.28875 ], [ -157.71804, 21.28927 ], [ -157.71808, 21.28928 ], [ -157.71811, 21.28925 ], [ -157.71813, 21.28918 ], [ -157.71811, 21.28917 ], [ -157.71696, 21.28873 ], [ -157.7167, 21.28855 ], [ -157.71667, 21.2885 ], [ -157.71663, 21.28842 ], [ -157.71663, 21.28827 ], [ -157.717, 21.28789 ], [ -157.7171, 21.28787 ], [ -157.71835, 21.28819 ], [ -157.7184, 21.28819 ], [ -157.71843, 21.28815 ], [ -157.71841, 21.28813 ], [ -157.71727, 21.28771 ], [ -157.71727, 21.28766 ], [ -157.71749, 21.28724 ], [ -157.71774, 21.2868 ], [ -157.71777, 21.28675 ], [ -157.71865, 21.28689 ], [ -157.71868, 21.28688 ], [ -157.71868, 21.28683 ], [ -157.71784, 21.28659 ], [ -157.71783, 21.28653 ], [ -157.71786, 21.28646 ], [ -157.7179, 21.28622 ], [ -157.71849, 21.28578 ], [ -157.7186, 21.28567 ], [ -157.71868, 21.28553 ], [ -157.71874, 21.28541 ], [ -157.71884, 21.28516 ], [ -157.71888, 21.2848 ], [ -157.71891, 21.28471 ], [ -157.71893, 21.28471 ], [ -157.71903, 21.28466 ], [ -157.71949, 21.28433 ], [ -157.71954, 21.28429 ], [ -157.7197, 21.28424 ], [ -157.72018, 21.28412 ], [ -157.72047, 21.28401 ], [ -157.7208, 21.28397 ], [ -157.72105, 21.28397 ], [ -157.72132, 21.28405 ], [ -157.72133, 21.28409 ], [ -157.72136, 21.28414 ], [ -157.72137, 21.28421 ], [ -157.72135, 21.28446 ], [ -157.72136, 21.28454 ], [ -157.72159, 21.28449 ], [ -157.7216, 21.28434 ], [ -157.72162, 21.28423 ], [ -157.72166, 21.28407 ], [ -157.72189, 21.28386 ], [ -157.72204, 21.28377 ], [ -157.72229, 21.28367 ], [ -157.72241, 21.28365 ], [ -157.72254, 21.28371 ], [ -157.72259, 21.28378 ], [ -157.7227, 21.28387 ], [ -157.72291, 21.28392 ], [ -157.72298, 21.28396 ], [ -157.72298, 21.28402 ], [ -157.72296, 21.28406 ], [ -157.72284, 21.28418 ], [ -157.72284, 21.28424 ], [ -157.72287, 21.28427 ], [ -157.72292, 21.28428 ], [ -157.72303, 21.28429 ], [ -157.72311, 21.28427 ], [ -157.72355, 21.28415 ], [ -157.72365, 21.2841 ], [ -157.72428, 21.28389 ], [ -157.72456, 21.28383 ], [ -157.72494, 21.28382 ], [ -157.72514, 21.28386 ], [ -157.72533, 21.28385 ], [ -157.72543, 21.28383 ], [ -157.72554, 21.28379 ], [ -157.72565, 21.2837 ], [ -157.72594, 21.2834 ], [ -157.72609, 21.28329 ], [ -157.72613, 21.28325 ], [ -157.7263, 21.2832 ], [ -157.7264, 21.28313 ], [ -157.72662, 21.2831 ], [ -157.7268, 21.28302 ], [ -157.72694, 21.28294 ], [ -157.72708, 21.28287 ], [ -157.72748, 21.28276 ], [ -157.72775, 21.28267 ], [ -157.72802, 21.2826 ], [ -157.72808, 21.28256 ], [ -157.72809, 21.28251 ], [ -157.72806, 21.28243 ], [ -157.72797, 21.28232 ], [ -157.72785, 21.28215 ], [ -157.72774, 21.28202 ], [ -157.72749, 21.28182 ], [ -157.72729, 21.28173 ], [ -157.72702, 21.28164 ], [ -157.72626, 21.28145 ], [ -157.72583, 21.28134 ], [ -157.72531, 21.28132 ], [ -157.72526, 21.28134 ], [ -157.72516, 21.28142 ], [ -157.72516, 21.28164 ], [ -157.7252, 21.28174 ], [ -157.72523, 21.28186 ], [ -157.72525, 21.28187 ], [ -157.72528, 21.28198 ], [ -157.72527, 21.28211 ], [ -157.72525, 21.28221 ], [ -157.72522, 21.28224 ], [ -157.72515, 21.28227 ], [ -157.72512, 21.28224 ], [ -157.72509, 21.28216 ], [ -157.7251, 21.28205 ], [ -157.72508, 21.28199 ], [ -157.72508, 21.28191 ], [ -157.72505, 21.2819 ], [ -157.72499, 21.28173 ], [ -157.7249, 21.28163 ], [ -157.7248, 21.2816 ], [ -157.72472, 21.28164 ], [ -157.72468, 21.2817 ], [ -157.72462, 21.28185 ], [ -157.72461, 21.28196 ], [ -157.72459, 21.28219 ], [ -157.72464, 21.28226 ], [ -157.72504, 21.28244 ], [ -157.72512, 21.2825 ], [ -157.72512, 21.28256 ], [ -157.72509, 21.28258 ], [ -157.72495, 21.28261 ], [ -157.72479, 21.28261 ], [ -157.7246, 21.28256 ], [ -157.72432, 21.28243 ], [ -157.72422, 21.28235 ], [ -157.72418, 21.28229 ], [ -157.72418, 21.28226 ], [ -157.72416, 21.28224 ], [ -157.72412, 21.28209 ], [ -157.72409, 21.28202 ], [ -157.724, 21.28193 ], [ -157.72382, 21.28188 ], [ -157.72364, 21.28191 ], [ -157.7234, 21.28198 ], [ -157.72314, 21.28211 ], [ -157.72304, 21.28217 ], [ -157.72291, 21.28217 ], [ -157.72287, 21.28217 ], [ -157.7228, 21.28213 ], [ -157.72265, 21.28207 ], [ -157.72255, 21.28206 ], [ -157.7225, 21.28213 ], [ -157.7225, 21.28231 ], [ -157.72247, 21.28241 ], [ -157.72244, 21.28245 ], [ -157.72244, 21.28247 ], [ -157.7224, 21.2825 ], [ -157.72216, 21.28264 ], [ -157.72205, 21.28273 ], [ -157.72191, 21.28283 ], [ -157.72182, 21.28285 ], [ -157.72175, 21.28285 ], [ -157.72174, 21.28277 ], [ -157.72179, 21.28269 ], [ -157.72187, 21.28254 ], [ -157.72229, 21.28206 ], [ -157.72231, 21.28203 ], [ -157.72242, 21.28182 ], [ -157.72248, 21.28173 ], [ -157.72259, 21.28163 ], [ -157.72278, 21.28148 ], [ -157.72289, 21.28139 ], [ -157.72303, 21.28131 ], [ -157.72328, 21.28115 ], [ -157.72366, 21.28108 ], [ -157.7242, 21.28106 ], [ -157.72445, 21.2811 ], [ -157.72465, 21.28107 ], [ -157.7248, 21.28108 ], [ -157.72514, 21.28103 ], [ -157.72553, 21.28099 ], [ -157.72596, 21.28099 ], [ -157.72639, 21.28103 ], [ -157.72659, 21.28104 ], [ -157.72687, 21.28105 ], [ -157.72729, 21.28108 ], [ -157.72775, 21.28115 ], [ -157.72833, 21.28129 ], [ -157.72864, 21.28146 ], [ -157.7292, 21.28168 ], [ -157.72945, 21.28178 ], [ -157.72984, 21.28189 ], [ -157.7302, 21.28197 ], [ -157.73068, 21.28202 ], [ -157.7309, 21.28204 ], [ -157.73192, 21.28198 ], [ -157.73233, 21.28195 ], [ -157.73236, 21.28194 ], [ -157.73452, 21.28272 ], [ -157.75874, 21.29146 ], [ -157.77954, 21.29929 ], [ -157.80291, 21.30728 ], [ -157.82306, 21.31377 ], [ -157.83773, 21.32023 ], [ -157.84725, 21.3271 ], [ -157.85989, 21.33414 ], [ -157.87088, 21.33851 ], [ -157.88502, 21.34284 ], [ -157.89731, 21.34674 ], [ -157.90852, 21.35637 ], [ -157.91223, 21.36803 ], [ -157.91323, 21.37926 ], [ -157.91532, 21.39403 ], [ -157.91618, 21.39706 ], [ -157.92356, 21.40768 ], [ -157.92945, 21.41316 ], [ -157.93674, 21.41555 ], [ -157.94747, 21.41759 ], [ -157.95572, 21.42133 ], [ -157.9614, 21.42537 ], [ -157.96761, 21.43187 ], [ -157.97312, 21.43742 ], [ -157.98115, 21.4417 ], [ -157.98642, 21.44375 ], [ -157.99175, 21.44439 ], [ -157.99704, 21.44321 ], [ -158.00281, 21.44069 ], [ -158.01488, 21.43234 ], [ -158.02498, 21.42084 ], [ -158.03512, 21.40904 ], [ -158.04329, 21.39923 ], [ -158.04752, 21.39494 ], [ -158.05438, 21.3891 ], [ -158.06158, 21.38453 ], [ -158.06907, 21.38278 ], [ -158.07829, 21.38299 ], [ -158.08567, 21.38579 ], [ -158.09158, 21.38987 ], [ -158.10143, 21.40152 ], [ -158.11524, 21.42431 ], [ -158.12182, 21.43658 ], [ -158.12983, 21.44899 ], [ -158.13774, 21.45992 ], [ -158.14358, 21.46624 ], [ -158.15015, 21.47215 ], [ -158.16034, 21.47749 ], [ -158.17072, 21.48017 ], [ -158.17953, 21.48338 ], [ -158.1907, 21.48869 ], [ -158.19847, 21.49526 ], [ -158.20771, 21.50493 ], [ -158.21668, 21.51748 ], [ -158.22369, 21.52849 ], [ -158.22799, 21.53359 ], [ -158.23079, 21.53519 ], [ -158.2308, 21.5352 ], [ -158.23086, 21.53537 ], [ -158.23117, 21.53595 ], [ -158.2315, 21.53636 ], [ -158.23154, 21.53658 ], [ -158.23155, 21.53666 ], [ -158.23159, 21.53677 ], [ -158.23162, 21.53688 ], [ -158.23171, 21.53701 ], [ -158.23187, 21.53717 ], [ -158.23199, 21.5373 ], [ -158.23212, 21.53748 ], [ -158.23211, 21.53751 ], [ -158.23226, 21.53773 ], [ -158.2324, 21.5379 ], [ -158.23254, 21.5382 ], [ -158.23268, 21.53835 ], [ -158.23291, 21.53855 ], [ -158.23313, 21.53872 ], [ -158.23327, 21.53883 ], [ -158.23337, 21.53899 ], [ -158.23342, 21.53913 ], [ -158.23352, 21.53927 ], [ -158.23369, 21.53941 ], [ -158.23379, 21.53944 ], [ -158.23381, 21.53953 ], [ -158.23386, 21.53962 ], [ -158.23392, 21.53968 ], [ -158.23396, 21.53969 ], [ -158.23411, 21.53971 ], [ -158.23413, 21.53984 ], [ -158.23426, 21.53996 ], [ -158.23431, 21.54 ], [ -158.2344, 21.53999 ], [ -158.23445, 21.53992 ], [ -158.23452, 21.53991 ], [ -158.23456, 21.53995 ], [ -158.23457, 21.54005 ], [ -158.23468, 21.54019 ], [ -158.23472, 21.54029 ], [ -158.23478, 21.54027 ], [ -158.23484, 21.54023 ], [ -158.23511, 21.54032 ], [ -158.23517, 21.54038 ], [ -158.23525, 21.54045 ], [ -158.23535, 21.54055 ], [ -158.23535, 21.54064 ], [ -158.23539, 21.5407 ], [ -158.23554, 21.54083 ], [ -158.23555, 21.54088 ], [ -158.23558, 21.54091 ], [ -158.23574, 21.54096 ], [ -158.23592, 21.54109 ], [ -158.23606, 21.54107 ], [ -158.23621, 21.54103 ], [ -158.23627, 21.54107 ], [ -158.23634, 21.54114 ], [ -158.23638, 21.54115 ], [ -158.2366, 21.54146 ], [ -158.2368, 21.54165 ], [ -158.23682, 21.5417 ], [ -158.23685, 21.54185 ], [ -158.23697, 21.54201 ], [ -158.23726, 21.54233 ], [ -158.23769, 21.54277 ], [ -158.23791, 21.54303 ], [ -158.23807, 21.54325 ], [ -158.23823, 21.54342 ], [ -158.23836, 21.54339 ], [ -158.23845, 21.54339 ], [ -158.2385, 21.54343 ], [ -158.23856, 21.54355 ], [ -158.23869, 21.54358 ], [ -158.2387, 21.5436 ], [ -158.23873, 21.54376 ], [ -158.2388, 21.5439 ], [ -158.23883, 21.54396 ], [ -158.23897, 21.54397 ], [ -158.23898, 21.54399 ], [ -158.23894, 21.54406 ], [ -158.23897, 21.54413 ], [ -158.23896, 21.54418 ], [ -158.23893, 21.54422 ], [ -158.23892, 21.54431 ], [ -158.23894, 21.54433 ], [ -158.23899, 21.54434 ], [ -158.23906, 21.54429 ], [ -158.23911, 21.54431 ], [ -158.2392, 21.54431 ], [ -158.23925, 21.54434 ], [ -158.23926, 21.54436 ], [ -158.23927, 21.54452 ], [ -158.23928, 21.54461 ], [ -158.2393, 21.54463 ], [ -158.23934, 21.54463 ], [ -158.23936, 21.54462 ], [ -158.23943, 21.54458 ], [ -158.23948, 21.54463 ], [ -158.23956, 21.54471 ], [ -158.23964, 21.54473 ], [ -158.23976, 21.54471 ], [ -158.23978, 21.54469 ], [ -158.2398, 21.54459 ], [ -158.23988, 21.54455 ], [ -158.23992, 21.54458 ], [ -158.23993, 21.54469 ], [ -158.23995, 21.54472 ], [ -158.24, 21.54471 ], [ -158.24006, 21.54459 ], [ -158.24009, 21.54462 ], [ -158.24012, 21.54474 ], [ -158.2403, 21.54484 ], [ -158.24032, 21.54502 ], [ -158.24035, 21.54505 ], [ -158.24037, 21.54507 ], [ -158.24044, 21.54505 ], [ -158.24049, 21.54501 ], [ -158.24053, 21.54502 ], [ -158.2406, 21.54508 ], [ -158.24069, 21.54513 ], [ -158.24069, 21.54516 ], [ -158.24066, 21.54518 ], [ -158.24056, 21.54529 ], [ -158.24051, 21.54538 ], [ -158.24047, 21.54548 ], [ -158.24047, 21.54557 ], [ -158.24045, 21.54583 ], [ -158.24047, 21.54591 ], [ -158.24058, 21.54606 ], [ -158.24088, 21.54644 ], [ -158.24093, 21.54653 ], [ -158.24105, 21.54666 ], [ -158.24105, 21.54667 ], [ -158.24108, 21.5467 ], [ -158.24109, 21.54675 ], [ -158.24108, 21.54677 ], [ -158.24114, 21.54684 ], [ -158.24116, 21.54688 ], [ -158.24148, 21.54731 ], [ -158.24162, 21.5475 ], [ -158.2418, 21.54778 ], [ -158.24194, 21.54806 ], [ -158.24233, 21.54849 ], [ -158.24313, 21.54924 ], [ -158.24335, 21.5494 ], [ -158.24363, 21.54964 ], [ -158.24399, 21.54991 ], [ -158.24451, 21.55025 ], [ -158.24475, 21.55044 ], [ -158.24488, 21.55062 ], [ -158.24523, 21.55093 ], [ -158.24588, 21.55146 ], [ -158.24628, 21.55184 ], [ -158.24645, 21.55204 ], [ -158.24653, 21.55215 ], [ -158.24661, 21.55224 ], [ -158.24666, 21.55231 ], [ -158.24683, 21.55278 ], [ -158.24688, 21.55287 ], [ -158.24693, 21.55294 ], [ -158.24722, 21.55325 ], [ -158.24735, 21.55335 ], [ -158.24744, 21.55341 ], [ -158.24759, 21.55357 ], [ -158.24794, 21.55392 ], [ -158.24816, 21.55405 ], [ -158.24827, 21.55419 ], [ -158.24841, 21.55439 ], [ -158.24857, 21.55466 ], [ -158.24857, 21.55467 ], [ -158.24862, 21.55469 ], [ -158.24862, 21.55473 ], [ -158.24863, 21.55507 ], [ -158.24862, 21.55511 ], [ -158.24861, 21.5552 ], [ -158.24855, 21.55541 ], [ -158.24853, 21.55564 ], [ -158.24855, 21.55565 ], [ -158.24865, 21.55562 ], [ -158.24876, 21.55552 ], [ -158.24884, 21.55546 ], [ -158.24895, 21.55536 ], [ -158.2491, 21.55526 ], [ -158.24925, 21.55521 ], [ -158.2493, 21.55521 ], [ -158.24932, 21.55523 ], [ -158.24934, 21.55527 ], [ -158.24932, 21.55532 ], [ -158.24932, 21.55541 ], [ -158.24933, 21.55543 ], [ -158.24935, 21.55548 ], [ -158.24943, 21.55565 ], [ -158.24944, 21.5557 ], [ -158.24947, 21.55588 ], [ -158.24952, 21.55592 ], [ -158.24981, 21.55593 ], [ -158.24988, 21.55596 ], [ -158.24993, 21.55603 ], [ -158.24994, 21.55619 ], [ -158.24995, 21.55622 ], [ -158.25001, 21.55627 ], [ -158.25064, 21.55629 ], [ -158.2507, 21.55632 ], [ -158.2507, 21.55635 ], [ -158.25072, 21.55636 ], [ -158.25072, 21.55654 ], [ -158.25075, 21.55656 ], [ -158.25096, 21.55651 ], [ -158.25114, 21.55647 ], [ -158.25143, 21.55647 ], [ -158.25169, 21.55651 ], [ -158.25184, 21.55661 ], [ -158.25187, 21.55664 ], [ -158.25188, 21.55669 ], [ -158.2519, 21.55684 ], [ -158.25192, 21.55684 ], [ -158.25195, 21.55686 ], [ -158.25212, 21.55684 ], [ -158.25225, 21.55689 ], [ -158.25232, 21.55695 ], [ -158.25244, 21.55695 ], [ -158.25254, 21.55687 ], [ -158.25264, 21.55686 ], [ -158.2528, 21.55692 ], [ -158.25288, 21.557 ], [ -158.25292, 21.5571 ], [ -158.25292, 21.55716 ], [ -158.25297, 21.55724 ], [ -158.25304, 21.55731 ], [ -158.25311, 21.55728 ], [ -158.25334, 21.55718 ], [ -158.25348, 21.55719 ], [ -158.25356, 21.55724 ], [ -158.25356, 21.55726 ], [ -158.2535, 21.55733 ], [ -158.2534, 21.55744 ], [ -158.25338, 21.55748 ], [ -158.25338, 21.55752 ], [ -158.25342, 21.55756 ], [ -158.2536, 21.55759 ], [ -158.25368, 21.55765 ], [ -158.25372, 21.55782 ], [ -158.2538, 21.55791 ], [ -158.25389, 21.55794 ], [ -158.25409, 21.55791 ], [ -158.25419, 21.55791 ], [ -158.25431, 21.55788 ], [ -158.25447, 21.55793 ], [ -158.25472, 21.55813 ], [ -158.25501, 21.55817 ], [ -158.2551, 21.55823 ], [ -158.25514, 21.55828 ], [ -158.25515, 21.55834 ], [ -158.25519, 21.5584 ], [ -158.25525, 21.5584 ], [ -158.25537, 21.55839 ], [ -158.25543, 21.5584 ], [ -158.25546, 21.55843 ], [ -158.25548, 21.55854 ], [ -158.25552, 21.55857 ], [ -158.25561, 21.55859 ], [ -158.25574, 21.55862 ], [ -158.25591, 21.55871 ], [ -158.25603, 21.55876 ], [ -158.25614, 21.55876 ], [ -158.25636, 21.55869 ], [ -158.25644, 21.55869 ], [ -158.25652, 21.55877 ], [ -158.25666, 21.55876 ], [ -158.2569, 21.55896 ], [ -158.25698, 21.55901 ], [ -158.25701, 21.55911 ], [ -158.25699, 21.55913 ], [ -158.25699, 21.55917 ], [ -158.25694, 21.5593 ], [ -158.25681, 21.55949 ], [ -158.25679, 21.55958 ], [ -158.25681, 21.55961 ], [ -158.25689, 21.55969 ], [ -158.25707, 21.55974 ], [ -158.25719, 21.55981 ], [ -158.25716, 21.55989 ], [ -158.25714, 21.55993 ], [ -158.25712, 21.56002 ], [ -158.25715, 21.56015 ], [ -158.25726, 21.56024 ], [ -158.25735, 21.56022 ], [ -158.2574, 21.56019 ], [ -158.25747, 21.56008 ], [ -158.25754, 21.56004 ], [ -158.25759, 21.56005 ], [ -158.25767, 21.56011 ], [ -158.2577, 21.56016 ], [ -158.25766, 21.56026 ], [ -158.25767, 21.56033 ], [ -158.25778, 21.56044 ], [ -158.25782, 21.56046 ], [ -158.25789, 21.56044 ], [ -158.258, 21.56031 ], [ -158.2581, 21.56027 ], [ -158.2582, 21.56027 ], [ -158.25832, 21.56031 ], [ -158.25847, 21.56041 ], [ -158.25853, 21.56046 ], [ -158.25864, 21.56061 ], [ -158.25872, 21.56068 ], [ -158.25891, 21.56075 ], [ -158.25903, 21.56077 ], [ -158.25909, 21.56089 ], [ -158.25915, 21.56097 ], [ -158.25924, 21.56105 ], [ -158.25926, 21.56117 ], [ -158.25934, 21.56125 ], [ -158.25951, 21.56128 ], [ -158.25953, 21.56131 ], [ -158.25953, 21.56145 ], [ -158.25963, 21.56161 ], [ -158.25972, 21.56173 ], [ -158.25974, 21.56181 ], [ -158.25976, 21.56191 ], [ -158.25977, 21.56193 ], [ -158.25977, 21.56206 ], [ -158.2598, 21.56212 ], [ -158.25991, 21.56216 ], [ -158.25997, 21.56223 ], [ -158.25994, 21.56228 ], [ -158.25999, 21.56243 ], [ -158.26004, 21.56255 ], [ -158.26019, 21.5627 ], [ -158.26024, 21.56273 ], [ -158.26034, 21.56274 ], [ -158.26049, 21.56271 ], [ -158.26069, 21.56262 ], [ -158.26074, 21.56258 ], [ -158.26083, 21.56256 ], [ -158.261, 21.56258 ], [ -158.26107, 21.56263 ], [ -158.26107, 21.56271 ], [ -158.26099, 21.56283 ], [ -158.26096, 21.5629 ], [ -158.26096, 21.56304 ], [ -158.26101, 21.56311 ], [ -158.26118, 21.56315 ], [ -158.26138, 21.56311 ], [ -158.26152, 21.56307 ], [ -158.26161, 21.56312 ], [ -158.26189, 21.56341 ], [ -158.26194, 21.56343 ], [ -158.26202, 21.56341 ], [ -158.26211, 21.56333 ], [ -158.2623, 21.56344 ], [ -158.26242, 21.56358 ], [ -158.26242, 21.56366 ], [ -158.26237, 21.56374 ], [ -158.26224, 21.56383 ], [ -158.26221, 21.56389 ], [ -158.26222, 21.56394 ], [ -158.2623, 21.56403 ], [ -158.26229, 21.56415 ], [ -158.26233, 21.56421 ], [ -158.26252, 21.56419 ], [ -158.2627, 21.56429 ], [ -158.26273, 21.56432 ], [ -158.26275, 21.56438 ], [ -158.26273, 21.56445 ], [ -158.26278, 21.56448 ], [ -158.26299, 21.56454 ], [ -158.26307, 21.56457 ], [ -158.26313, 21.56463 ], [ -158.26318, 21.56471 ], [ -158.26319, 21.56483 ], [ -158.26323, 21.56489 ], [ -158.26328, 21.56492 ], [ -158.26335, 21.56492 ], [ -158.26345, 21.56487 ], [ -158.2635, 21.56489 ], [ -158.26364, 21.56491 ], [ -158.26367, 21.56498 ], [ -158.26369, 21.56506 ], [ -158.26372, 21.5651 ], [ -158.26387, 21.56512 ], [ -158.26397, 21.56519 ], [ -158.26399, 21.56528 ], [ -158.26413, 21.5654 ], [ -158.26426, 21.56557 ], [ -158.26437, 21.56558 ], [ -158.2646, 21.56556 ], [ -158.26484, 21.56564 ], [ -158.2649, 21.56563 ], [ -158.265, 21.56558 ], [ -158.26507, 21.56559 ], [ -158.26514, 21.56563 ], [ -158.26518, 21.56567 ], [ -158.26517, 21.56575 ], [ -158.26516, 21.56579 ], [ -158.26512, 21.56588 ], [ -158.26512, 21.56595 ], [ -158.26517, 21.56599 ], [ -158.26531, 21.566 ], [ -158.26536, 21.56603 ], [ -158.26539, 21.56616 ], [ -158.26544, 21.56623 ], [ -158.26559, 21.56633 ], [ -158.26571, 21.56639 ], [ -158.26574, 21.56642 ], [ -158.26571, 21.56658 ], [ -158.26574, 21.56664 ], [ -158.26584, 21.56674 ], [ -158.26597, 21.56675 ], [ -158.26606, 21.56673 ], [ -158.26615, 21.56668 ], [ -158.26621, 21.56669 ], [ -158.26628, 21.56671 ], [ -158.26637, 21.56678 ], [ -158.26638, 21.56683 ], [ -158.26638, 21.56702 ], [ -158.26647, 21.56711 ], [ -158.26662, 21.56715 ], [ -158.26667, 21.5672 ], [ -158.26669, 21.56727 ], [ -158.26673, 21.56732 ], [ -158.26688, 21.56732 ], [ -158.26705, 21.56731 ], [ -158.26719, 21.56733 ], [ -158.26733, 21.56746 ], [ -158.26741, 21.56746 ], [ -158.2675, 21.56745 ], [ -158.26753, 21.56748 ], [ -158.26752, 21.56762 ], [ -158.26757, 21.56774 ], [ -158.26767, 21.56787 ], [ -158.26774, 21.56793 ], [ -158.26783, 21.56797 ], [ -158.26813, 21.56804 ], [ -158.26831, 21.56805 ], [ -158.26832, 21.56816 ], [ -158.26835, 21.56819 ], [ -158.26836, 21.56829 ], [ -158.2688, 21.56873 ], [ -158.26922, 21.56902 ], [ -158.26948, 21.56923 ], [ -158.26962, 21.56928 ], [ -158.26969, 21.56933 ], [ -158.26976, 21.56933 ], [ -158.26989, 21.56931 ], [ -158.26995, 21.56936 ], [ -158.26996, 21.56938 ], [ -158.26998, 21.56949 ], [ -158.27, 21.56954 ], [ -158.27006, 21.5696 ], [ -158.27028, 21.56976 ], [ -158.27039, 21.56979 ], [ -158.27052, 21.56984 ], [ -158.27058, 21.56988 ], [ -158.27077, 21.57004 ], [ -158.2709, 21.57014 ], [ -158.2711, 21.57016 ], [ -158.27122, 21.57023 ], [ -158.27139, 21.57038 ], [ -158.27149, 21.57043 ], [ -158.27185, 21.57051 ], [ -158.27198, 21.57058 ], [ -158.27203, 21.57063 ], [ -158.27215, 21.57074 ], [ -158.27224, 21.57079 ], [ -158.27227, 21.5708 ], [ -158.27244, 21.5709 ], [ -158.27259, 21.57089 ], [ -158.27276, 21.57077 ], [ -158.27282, 21.5708 ], [ -158.27287, 21.5709 ], [ -158.27297, 21.57097 ], [ -158.27332, 21.57111 ], [ -158.27338, 21.57119 ], [ -158.27337, 21.5713 ], [ -158.27339, 21.57139 ], [ -158.2735, 21.57161 ], [ -158.27355, 21.57163 ], [ -158.2736, 21.5716 ], [ -158.27379, 21.57147 ], [ -158.27388, 21.57151 ], [ -158.27398, 21.57162 ], [ -158.27419, 21.57159 ], [ -158.27438, 21.57168 ], [ -158.27446, 21.57163 ], [ -158.27451, 21.57163 ], [ -158.27453, 21.57167 ], [ -158.27453, 21.57182 ], [ -158.27456, 21.57191 ], [ -158.27472, 21.572 ], [ -158.27476, 21.57199 ], [ -158.27495, 21.57178 ], [ -158.27501, 21.57178 ], [ -158.27508, 21.57183 ], [ -158.27516, 21.57206 ], [ -158.27528, 21.57224 ], [ -158.27541, 21.57235 ], [ -158.27547, 21.57216 ], [ -158.27558, 21.57209 ], [ -158.27572, 21.57211 ], [ -158.27577, 21.57219 ], [ -158.27579, 21.57238 ], [ -158.27583, 21.57241 ], [ -158.27595, 21.57243 ], [ -158.27611, 21.57228 ], [ -158.27616, 21.57229 ], [ -158.27622, 21.57239 ], [ -158.27622, 21.57245 ], [ -158.27618, 21.5725 ], [ -158.27622, 21.5726 ], [ -158.27622, 21.57267 ], [ -158.27626, 21.57276 ], [ -158.27625, 21.57281 ], [ -158.27629, 21.57285 ], [ -158.27641, 21.57279 ], [ -158.27664, 21.57266 ], [ -158.27674, 21.57265 ], [ -158.27679, 21.5726 ], [ -158.27687, 21.57258 ], [ -158.27691, 21.57262 ], [ -158.27693, 21.57275 ], [ -158.27701, 21.57281 ], [ -158.27714, 21.57266 ], [ -158.27719, 21.57265 ], [ -158.27725, 21.57271 ], [ -158.27733, 21.57266 ], [ -158.2775, 21.57281 ], [ -158.27755, 21.57277 ], [ -158.27766, 21.57258 ], [ -158.27773, 21.57252 ], [ -158.27785, 21.57262 ], [ -158.27788, 21.5727 ], [ -158.27793, 21.57276 ], [ -158.27804, 21.57283 ], [ -158.27844, 21.57305 ], [ -158.27856, 21.57309 ], [ -158.2789, 21.5733 ], [ -158.27907, 21.57337 ], [ -158.27912, 21.57337 ], [ -158.27916, 21.57334 ], [ -158.27917, 21.57317 ], [ -158.27922, 21.57308 ], [ -158.27925, 21.57307 ], [ -158.27932, 21.57307 ], [ -158.27934, 21.57313 ], [ -158.27934, 21.57323 ], [ -158.2794, 21.57328 ], [ -158.27956, 21.57332 ], [ -158.27964, 21.57335 ], [ -158.27966, 21.57352 ], [ -158.27972, 21.57366 ], [ -158.27982, 21.57376 ], [ -158.28062, 21.57376 ], [ -158.28067, 21.57383 ], [ -158.28066, 21.5739 ], [ -158.28063, 21.57394 ], [ -158.28065, 21.57409 ], [ -158.2807, 21.57414 ], [ -158.28072, 21.57423 ], [ -158.28066, 21.57425 ], [ -158.28042, 21.57413 ], [ -158.28033, 21.57403 ], [ -158.28024, 21.5741 ], [ -158.28022, 21.57415 ], [ -158.28022, 21.57431 ], [ -158.28028, 21.57442 ], [ -158.28037, 21.57453 ], [ -158.28056, 21.57458 ], [ -158.28062, 21.57453 ], [ -158.28067, 21.57452 ], [ -158.2807, 21.57454 ], [ -158.28075, 21.57463 ], [ -158.28096, 21.57469 ], [ -158.28087, 21.57472 ], [ -158.28085, 21.5748 ], [ -158.28083, 21.57493 ], [ -158.28082, 21.57499 ], [ -158.28074, 21.57504 ], [ -158.28063, 21.57499 ], [ -158.28039, 21.57493 ], [ -158.28032, 21.57498 ], [ -158.28017, 21.57486 ], [ -158.28002, 21.57495 ], [ -158.27994, 21.57508 ], [ -158.27979, 21.57509 ], [ -158.2797, 21.57514 ], [ -158.27956, 21.57514 ], [ -158.27948, 21.57518 ], [ -158.27935, 21.57525 ], [ -158.27916, 21.57534 ], [ -158.27908, 21.57535 ], [ -158.27905, 21.57543 ], [ -158.27898, 21.57548 ], [ -158.27895, 21.57546 ], [ -158.27883, 21.57544 ], [ -158.27874, 21.57547 ], [ -158.27867, 21.57552 ], [ -158.2786, 21.5757 ], [ -158.27861, 21.57578 ], [ -158.27865, 21.57585 ], [ -158.27865, 21.5759 ], [ -158.27862, 21.57597 ], [ -158.27856, 21.57602 ], [ -158.27847, 21.57614 ], [ -158.27842, 21.57619 ], [ -158.27833, 21.57621 ], [ -158.27823, 21.57617 ], [ -158.27822, 21.57613 ], [ -158.27831, 21.57594 ], [ -158.27827, 21.57587 ], [ -158.27818, 21.57586 ], [ -158.27778, 21.57605 ], [ -158.27764, 21.57606 ], [ -158.2776, 21.57604 ], [ -158.27755, 21.57594 ], [ -158.27746, 21.57589 ], [ -158.27735, 21.57592 ], [ -158.27724, 21.57585 ], [ -158.27715, 21.57583 ], [ -158.27699, 21.57591 ], [ -158.27685, 21.57592 ], [ -158.27671, 21.57589 ], [ -158.27662, 21.57593 ], [ -158.27653, 21.57592 ], [ -158.27642, 21.57585 ], [ -158.27639, 21.57566 ], [ -158.27635, 21.57559 ], [ -158.2762, 21.57558 ], [ -158.27614, 21.57569 ], [ -158.27612, 21.57579 ], [ -158.27606, 21.57578 ], [ -158.27595, 21.5757 ], [ -158.27584, 21.57553 ], [ -158.27579, 21.57548 ], [ -158.27576, 21.57549 ], [ -158.27573, 21.57565 ], [ -158.27577, 21.5758 ], [ -158.2757, 21.57591 ], [ -158.27566, 21.57592 ], [ -158.27526, 21.57588 ], [ -158.27519, 21.57584 ], [ -158.27501, 21.57561 ], [ -158.27494, 21.57563 ], [ -158.27492, 21.57568 ], [ -158.27493, 21.57575 ], [ -158.27488, 21.57576 ], [ -158.27471, 21.57569 ], [ -158.2746, 21.57556 ], [ -158.27457, 21.5755 ], [ -158.27451, 21.57544 ], [ -158.27439, 21.57538 ], [ -158.27433, 21.57537 ], [ -158.27416, 21.57542 ], [ -158.2741, 21.5754 ], [ -158.27406, 21.57545 ], [ -158.27398, 21.57563 ], [ -158.27394, 21.57565 ], [ -158.27389, 21.57564 ], [ -158.27377, 21.57552 ], [ -158.27374, 21.57543 ], [ -158.27368, 21.57541 ], [ -158.27352, 21.57541 ], [ -158.27336, 21.57546 ], [ -158.27332, 21.5755 ], [ -158.27328, 21.57583 ], [ -158.27321, 21.57592 ], [ -158.27312, 21.57595 ], [ -158.27303, 21.57601 ], [ -158.27295, 21.57599 ], [ -158.27287, 21.57586 ], [ -158.27277, 21.5758 ], [ -158.27263, 21.57582 ], [ -158.27258, 21.57584 ], [ -158.27255, 21.57598 ], [ -158.27247, 21.57596 ], [ -158.27233, 21.57578 ], [ -158.27227, 21.57578 ], [ -158.27225, 21.57579 ], [ -158.27217, 21.57581 ], [ -158.27205, 21.57579 ], [ -158.27197, 21.57576 ], [ -158.27186, 21.57579 ], [ -158.2716, 21.57591 ], [ -158.27131, 21.57601 ], [ -158.27121, 21.57602 ], [ -158.27099, 21.57601 ], [ -158.27093, 21.57601 ], [ -158.27054, 21.57603 ], [ -158.27042, 21.57601 ], [ -158.27013, 21.57611 ], [ -158.26998, 21.5762 ], [ -158.26977, 21.57637 ], [ -158.26955, 21.57646 ], [ -158.26933, 21.57654 ], [ -158.2691, 21.57662 ], [ -158.26845, 21.57684 ], [ -158.26841, 21.57687 ], [ -158.26841, 21.57692 ], [ -158.2684, 21.57696 ], [ -158.26835, 21.57701 ], [ -158.26828, 21.57704 ], [ -158.26812, 21.57708 ], [ -158.26796, 21.57707 ], [ -158.26766, 21.57702 ], [ -158.26746, 21.57703 ], [ -158.26727, 21.57707 ], [ -158.26702, 21.57707 ], [ -158.26687, 21.57701 ], [ -158.26678, 21.57697 ], [ -158.26663, 21.57687 ], [ -158.26656, 21.57687 ], [ -158.26648, 21.57694 ], [ -158.2664, 21.57699 ], [ -158.26623, 21.57703 ], [ -158.26614, 21.57708 ], [ -158.26606, 21.57716 ], [ -158.26594, 21.57726 ], [ -158.26576, 21.57738 ], [ -158.26544, 21.57751 ], [ -158.26537, 21.57754 ], [ -158.26517, 21.57753 ], [ -158.26506, 21.5775 ], [ -158.26492, 21.57744 ], [ -158.26477, 21.57742 ], [ -158.26465, 21.57734 ], [ -158.26452, 21.57731 ], [ -158.26443, 21.57732 ], [ -158.26435, 21.57742 ], [ -158.26425, 21.57741 ], [ -158.26423, 21.57739 ], [ -158.26421, 21.57735 ], [ -158.26409, 21.5773 ], [ -158.26407, 21.57727 ], [ -158.26405, 21.57717 ], [ -158.26402, 21.57713 ], [ -158.26393, 21.57716 ], [ -158.26373, 21.57722 ], [ -158.26357, 21.5772 ], [ -158.2634, 21.57726 ], [ -158.26333, 21.57732 ], [ -158.26331, 21.57736 ], [ -158.26329, 21.57744 ], [ -158.26333, 21.57749 ], [ -158.26336, 21.57756 ], [ -158.26335, 21.57766 ], [ -158.26317, 21.57782 ], [ -158.26306, 21.57796 ], [ -158.26298, 21.57794 ], [ -158.26292, 21.5779 ], [ -158.26286, 21.57781 ], [ -158.26276, 21.57777 ], [ -158.26261, 21.57776 ], [ -158.26247, 21.57772 ], [ -158.2622, 21.57768 ], [ -158.2619, 21.5776 ], [ -158.26154, 21.57761 ], [ -158.26141, 21.57757 ], [ -158.2613, 21.57749 ], [ -158.26127, 21.57742 ], [ -158.26124, 21.57735 ], [ -158.2612, 21.57733 ], [ -158.2611, 21.57725 ], [ -158.26097, 21.57726 ], [ -158.26091, 21.5773 ], [ -158.26084, 21.57737 ], [ -158.2608, 21.57754 ], [ -158.26075, 21.57758 ], [ -158.26068, 21.57758 ], [ -158.26064, 21.57757 ], [ -158.26053, 21.57753 ], [ -158.26045, 21.57755 ], [ -158.26036, 21.57765 ], [ -158.26034, 21.57775 ], [ -158.26032, 21.57789 ], [ -158.26031, 21.57817 ], [ -158.26028, 21.57821 ], [ -158.26019, 21.57824 ], [ -158.26011, 21.57823 ], [ -158.25992, 21.57819 ], [ -158.25961, 21.57805 ], [ -158.25936, 21.57801 ], [ -158.25907, 21.57796 ], [ -158.25875, 21.57797 ], [ -158.2583, 21.57808 ], [ -158.25813, 21.57807 ], [ -158.25805, 21.57805 ], [ -158.25797, 21.578 ], [ -158.25792, 21.57795 ], [ -158.25785, 21.57792 ], [ -158.25773, 21.57795 ], [ -158.2576, 21.578 ], [ -158.25747, 21.57812 ], [ -158.2574, 21.57814 ], [ -158.25728, 21.57813 ], [ -158.25713, 21.57805 ], [ -158.25706, 21.57798 ], [ -158.25704, 21.57795 ], [ -158.25701, 21.57793 ], [ -158.25698, 21.5779 ], [ -158.25696, 21.57788 ], [ -158.25694, 21.57787 ], [ -158.25692, 21.57785 ], [ -158.2569, 21.57784 ], [ -158.25683, 21.57785 ], [ -158.25677, 21.57786 ], [ -158.25671, 21.57788 ], [ -158.25668, 21.5779 ], [ -158.25664, 21.57794 ], [ -158.25661, 21.57807 ], [ -158.25644, 21.57816 ], [ -158.25616, 21.57825 ], [ -158.25599, 21.57842 ], [ -158.25589, 21.57847 ], [ -158.25569, 21.57852 ], [ -158.25556, 21.57852 ], [ -158.25551, 21.57849 ], [ -158.25529, 21.57831 ], [ -158.25522, 21.57829 ], [ -158.25498, 21.57828 ], [ -158.25491, 21.57832 ], [ -158.25488, 21.57837 ], [ -158.25485, 21.57858 ], [ -158.25486, 21.5787 ], [ -158.25485, 21.57873 ], [ -158.25483, 21.57874 ], [ -158.25473, 21.57884 ], [ -158.25428, 21.57906 ], [ -158.25392, 21.57922 ], [ -158.2538, 21.57924 ], [ -158.25368, 21.57928 ], [ -158.2535, 21.57935 ], [ -158.25309, 21.57943 ], [ -158.25295, 21.57944 ], [ -158.25281, 21.57933 ], [ -158.25271, 21.57935 ], [ -158.2526, 21.57948 ], [ -158.2525, 21.57947 ], [ -158.25238, 21.57948 ], [ -158.25233, 21.57952 ], [ -158.25218, 21.57973 ], [ -158.25214, 21.57979 ], [ -158.2521, 21.57985 ], [ -158.25202, 21.57984 ], [ -158.25197, 21.57978 ], [ -158.25185, 21.57955 ], [ -158.25181, 21.57953 ], [ -158.25179, 21.57948 ], [ -158.25172, 21.5794 ], [ -158.25109, 21.57928 ], [ -158.25087, 21.5793 ], [ -158.25051, 21.57944 ], [ -158.25026, 21.57949 ], [ -158.24984, 21.57956 ], [ -158.24967, 21.57957 ], [ -158.24903, 21.57954 ], [ -158.24869, 21.57949 ], [ -158.24846, 21.57951 ], [ -158.24832, 21.57958 ], [ -158.24811, 21.57963 ], [ -158.24803, 21.57965 ], [ -158.24791, 21.57965 ], [ -158.24758, 21.57956 ], [ -158.24734, 21.57953 ], [ -158.24697, 21.57953 ], [ -158.24682, 21.5795 ], [ -158.24665, 21.57942 ], [ -158.24648, 21.57932 ], [ -158.24608, 21.57917 ], [ -158.24585, 21.57912 ], [ -158.24536, 21.57913 ], [ -158.24522, 21.5791 ], [ -158.24502, 21.579 ], [ -158.24496, 21.579 ], [ -158.24492, 21.57903 ], [ -158.24482, 21.57917 ], [ -158.2446, 21.57928 ], [ -158.24445, 21.57935 ], [ -158.24424, 21.5794 ], [ -158.24393, 21.57947 ], [ -158.24381, 21.57946 ], [ -158.24365, 21.57947 ], [ -158.24332, 21.57948 ], [ -158.24302, 21.57958 ], [ -158.24274, 21.5797 ], [ -158.24253, 21.57981 ], [ -158.24246, 21.57988 ], [ -158.24227, 21.57984 ], [ -158.24179, 21.57979 ], [ -158.24161, 21.57972 ], [ -158.24118, 21.5796 ], [ -158.24081, 21.57965 ], [ -158.24049, 21.57965 ], [ -158.24018, 21.57961 ], [ -158.24002, 21.57958 ], [ -158.23962, 21.5796 ], [ -158.23937, 21.57963 ], [ -158.23904, 21.5796 ], [ -158.2387, 21.57956 ], [ -158.23834, 21.57957 ], [ -158.23782, 21.57968 ], [ -158.2372, 21.57983 ], [ -158.23699, 21.57982 ], [ -158.23667, 21.5797 ], [ -158.23661, 21.57972 ], [ -158.23641, 21.57971 ], [ -158.23611, 21.57977 ], [ -158.23596, 21.57977 ], [ -158.23569, 21.57973 ], [ -158.23525, 21.57975 ], [ -158.23505, 21.57975 ], [ -158.2347, 21.57982 ], [ -158.23441, 21.57988 ], [ -158.23423, 21.57989 ], [ -158.23396, 21.57984 ], [ -158.23344, 21.5797 ], [ -158.2332, 21.57967 ], [ -158.23283, 21.57969 ], [ -158.23261, 21.57965 ], [ -158.23242, 21.57956 ], [ -158.23202, 21.57948 ], [ -158.23175, 21.57941 ], [ -158.23127, 21.57933 ], [ -158.231, 21.57924 ], [ -158.23061, 21.57918 ], [ -158.22997, 21.57909 ], [ -158.22941, 21.57899 ], [ -158.22894, 21.57898 ], [ -158.22867, 21.579 ], [ -158.22828, 21.57908 ], [ -158.22756, 21.57933 ], [ -158.22705, 21.57943 ], [ -158.22685, 21.57946 ], [ -158.22655, 21.57944 ], [ -158.2263, 21.57939 ], [ -158.2259, 21.57928 ], [ -158.22547, 21.57921 ], [ -158.2251, 21.57924 ], [ -158.22475, 21.57933 ], [ -158.22429, 21.57947 ], [ -158.22408, 21.57949 ], [ -158.22386, 21.57948 ], [ -158.22359, 21.57944 ], [ -158.22347, 21.57941 ], [ -158.2232, 21.57927 ], [ -158.22297, 21.57912 ], [ -158.22278, 21.57904 ], [ -158.22246, 21.57899 ], [ -158.22184, 21.57893 ], [ -158.22163, 21.57888 ], [ -158.22135, 21.57882 ], [ -158.22093, 21.57876 ], [ -158.22027, 21.57863 ], [ -158.21969, 21.57854 ], [ -158.2195, 21.57849 ], [ -158.21909, 21.57853 ], [ -158.21837, 21.57865 ], [ -158.21788, 21.57877 ], [ -158.21721, 21.579 ], [ -158.21701, 21.57904 ], [ -158.21647, 21.57913 ], [ -158.21581, 21.57931 ], [ -158.21555, 21.57942 ], [ -158.21534, 21.57954 ], [ -158.21512, 21.57966 ], [ -158.21498, 21.57982 ], [ -158.21481, 21.57998 ], [ -158.21474, 21.58005 ], [ -158.21456, 21.58022 ], [ -158.21382, 21.58065 ], [ -158.21367, 21.58072 ], [ -158.21344, 21.5808 ], [ -158.21302, 21.58091 ], [ -158.21256, 21.58095 ], [ -158.21219, 21.58098 ], [ -158.21162, 21.58107 ], [ -158.21147, 21.58112 ], [ -158.21131, 21.58114 ], [ -158.21125, 21.58118 ], [ -158.21124, 21.5812 ], [ -158.2112, 21.58125 ], [ -158.2111, 21.58134 ], [ -158.21082, 21.5815 ], [ -158.21065, 21.58158 ], [ -158.2105, 21.58162 ], [ -158.21036, 21.58162 ], [ -158.20985, 21.58157 ], [ -158.20952, 21.58158 ], [ -158.20922, 21.58166 ], [ -158.20866, 21.58186 ], [ -158.20715, 21.58213 ], [ -158.20672, 21.58215 ], [ -158.2065, 21.58216 ], [ -158.20623, 21.58213 ], [ -158.20591, 21.58202 ], [ -158.20563, 21.58196 ], [ -158.20468, 21.58196 ], [ -158.20436, 21.58192 ], [ -158.20403, 21.58182 ], [ -158.2036, 21.58176 ], [ -158.20321, 21.58174 ], [ -158.20285, 21.5818 ], [ -158.20264, 21.58188 ], [ -158.20243, 21.58205 ], [ -158.20199, 21.58224 ], [ -158.20159, 21.58254 ], [ -158.20122, 21.5827 ], [ -158.20117, 21.58273 ], [ -158.20096, 21.5828 ], [ -158.20057, 21.58285 ], [ -158.20031, 21.58286 ], [ -158.19957, 21.58274 ], [ -158.19744, 21.57968 ], [ -158.1917, 21.57603 ], [ -158.17705, 21.57113 ], [ -158.15965, 21.5677 ], [ -158.13931, 21.56387 ], [ -158.11342, 21.56081 ], [ -158.09913, 21.55809 ], [ -158.08254, 21.55372 ], [ -158.06509, 21.54908 ], [ -158.04837, 21.54181 ], [ -158.03518, 21.53619 ], [ -158.02416, 21.529 ], [ -158.01622, 21.52173 ], [ -158.0131, 21.51678 ], [ -158.01184, 21.51127 ], [ -158.01197, 21.50365 ], [ -158.01393, 21.49345 ], [ -158.01968, 21.48542 ], [ -158.02662, 21.47887 ], [ -158.0341, 21.47457 ], [ -158.04084, 21.47042 ], [ -158.04475, 21.46599 ], [ -158.04712, 21.46191 ], [ -158.04836, 21.45745 ], [ -158.04572, 21.45196 ], [ -158.03685, 21.45264 ], [ -158.03081, 21.45502 ], [ -158.01322, 21.45995 ], [ -158.00173, 21.46173 ], [ -157.99521, 21.46261 ], [ -157.99102, 21.46509 ], [ -157.98793, 21.46935 ], [ -157.98639, 21.47445 ], [ -157.98631, 21.48485 ], [ -157.98834, 21.51125 ], [ -157.98952, 21.52375 ], [ -157.99155, 21.52882 ], [ -157.99527, 21.53461 ], [ -158.00296, 21.54384 ], [ -158.01059, 21.55275 ], [ -158.01949, 21.56322 ], [ -158.02448, 21.57138 ], [ -158.02904, 21.58409 ], [ -158.03105, 21.59934 ], [ -158.03039, 21.61579 ], [ -158.02807, 21.63033 ], [ -158.0219, 21.64516 ], [ -158.01319, 21.65579 ], [ -157.99842, 21.66506 ], [ -157.98809, 21.66782 ], [ -157.97768, 21.66908 ], [ -157.96534, 21.66791 ] ], [ [ -158.065, 21.45844 ], [ -158.0552, 21.46715 ], [ -158.05091, 21.47079 ], [ -158.04605, 21.47531 ], [ -158.03997, 21.48026 ], [ -158.03271, 21.48569 ], [ -158.02532, 21.49114 ], [ -158.02081, 21.49664 ], [ -158.01822, 21.50216 ], [ -158.01763, 21.50674 ], [ -158.01897, 21.51076 ], [ -158.02277, 21.51439 ], [ -158.02903, 21.51543 ], [ -158.04381, 21.51803 ], [ -158.05114, 21.51876 ], [ -158.05836, 21.51897 ], [ -158.06569, 21.51893 ], [ -158.07342, 21.52026 ], [ -158.08206, 21.52407 ], [ -158.08491, 21.5253 ], [ -158.10203, 21.5304 ], [ -158.11191, 21.53256 ], [ -158.12762, 21.53616 ], [ -158.14366, 21.54027 ], [ -158.15988, 21.54449 ], [ -158.17137, 21.54836 ], [ -158.18481, 21.55156 ], [ -158.19351, 21.55015 ], [ -158.19818, 21.54735 ], [ -158.20043, 21.54166 ], [ -158.20136, 21.53512 ], [ -158.20194, 21.5289 ], [ -158.19755, 21.51898 ], [ -158.19398, 21.51276 ], [ -158.18755, 21.50514 ], [ -158.18234, 21.50144 ], [ -158.176, 21.498 ], [ -158.16899, 21.49508 ], [ -158.16231, 21.49148 ], [ -158.15665, 21.48877 ], [ -158.15051, 21.48474 ], [ -158.14407, 21.47988 ], [ -158.13788, 21.47462 ], [ -158.12841, 21.46594 ], [ -158.12094, 21.45925 ], [ -158.11505, 21.45343 ], [ -158.11021, 21.44868 ], [ -158.10252, 21.44265 ], [ -158.09743, 21.4379 ], [ -158.09246, 21.43686 ], [ -158.08639, 21.43798 ], [ -158.08172, 21.43995 ], [ -158.07871, 21.44407 ], [ -158.065, 21.45844 ] ] ] ] } },
{ "type": "Feature", "properties": { "objectid": 84, "solar_cal": "400-450", "st_areasha": 950709.39839974383, "st_perimet": 5877.2952141524283 }, "geometry": { "type": "MultiPolygon", "coordinates": [ [ [ [ -159.34845, 21.95338 ], [ -159.34843, 21.95329 ], [ -159.34845, 21.95318 ], [ -159.34851, 21.95309 ], [ -159.34875, 21.9529 ], [ -159.34914, 21.95218 ], [ -159.34986, 21.95066 ], [ -159.35031, 21.94983 ], [ -159.35042, 21.94957 ], [ -159.35059, 21.94909 ], [ -159.35059, 21.94888 ], [ -159.35053, 21.94874 ], [ -159.35035, 21.94854 ], [ -159.35023, 21.94846 ], [ -159.34996, 21.9484 ], [ -159.34951, 21.94834 ], [ -159.34907, 21.94823 ], [ -159.34859, 21.94817 ], [ -159.34842, 21.94811 ], [ -159.34813, 21.94777 ], [ -159.34803, 21.94761 ], [ -159.34793, 21.94735 ], [ -159.34791, 21.94726 ], [ -159.3478, 21.94695 ], [ -159.3478, 21.94686 ], [ -159.34776, 21.94673 ], [ -159.34783, 21.94673 ], [ -159.34788, 21.94671 ], [ -159.34786, 21.94637 ], [ -159.3479, 21.94627 ], [ -159.34803, 21.94612 ], [ -159.34806, 21.94603 ], [ -159.34836, 21.94585 ], [ -159.34839, 21.94579 ], [ -159.3484, 21.94568 ], [ -159.34836, 21.94562 ], [ -159.34831, 21.94544 ], [ -159.34836, 21.94532 ], [ -159.34846, 21.9453 ], [ -159.34867, 21.94538 ], [ -159.34887, 21.94536 ], [ -159.34891, 21.94527 ], [ -159.34869, 21.94506 ], [ -159.34852, 21.94486 ], [ -159.34825, 21.94461 ], [ -159.34781, 21.94445 ], [ -159.34772, 21.94426 ], [ -159.34777, 21.94417 ], [ -159.34804, 21.94402 ], [ -159.34819, 21.94399 ], [ -159.34853, 21.94398 ], [ -159.34896, 21.94376 ], [ -159.34915, 21.94371 ], [ -159.3496, 21.94365 ], [ -159.34969, 21.94355 ], [ -159.34983, 21.94344 ], [ -159.3499, 21.94335 ], [ -159.35003, 21.94302 ], [ -159.35009, 21.94281 ], [ -159.35251, 21.9427 ], [ -159.3568, 21.94189 ], [ -159.36061, 21.94199 ], [ -159.36313, 21.94316 ], [ -159.36649, 21.94577 ], [ -159.36632, 21.94573 ], [ -159.36534, 21.9456 ], [ -159.3647, 21.94554 ], [ -159.36433, 21.94556 ], [ -159.36358, 21.94572 ], [ -159.36315, 21.94597 ], [ -159.36301, 21.94607 ], [ -159.36267, 21.94615 ], [ -159.36227, 21.9463 ], [ -159.36208, 21.9464 ], [ -159.36179, 21.94663 ], [ -159.36155, 21.94687 ], [ -159.36135, 21.94702 ], [ -159.36057, 21.94757 ], [ -159.36038, 21.94766 ], [ -159.36016, 21.94769 ], [ -159.35996, 21.94763 ], [ -159.35936, 21.94753 ], [ -159.35875, 21.94744 ], [ -159.35849, 21.94734 ], [ -159.35815, 21.94732 ], [ -159.35798, 21.94736 ], [ -159.3578, 21.94743 ], [ -159.35692, 21.94757 ], [ -159.35672, 21.94755 ], [ -159.35552, 21.9478 ], [ -159.35485, 21.94781 ], [ -159.3538, 21.94788 ], [ -159.35292, 21.94796 ], [ -159.35271, 21.94793 ], [ -159.35235, 21.94801 ], [ -159.35215, 21.9481 ], [ -159.35172, 21.94816 ], [ -159.35146, 21.94824 ], [ -159.35131, 21.94849 ], [ -159.35119, 21.94886 ], [ -159.35107, 21.94907 ], [ -159.3507, 21.94958 ], [ -159.34999, 21.95095 ], [ -159.34902, 21.95293 ], [ -159.34874, 21.95338 ], [ -159.34863, 21.95345 ], [ -159.34855, 21.95346 ], [ -159.34845, 21.95338 ] ] ] ] } },
{ "type": "Feature", "properties": { "objectid": 89, "solar_cal": "400-450", "st_areasha": 159902395.27527618, "st_perimet": 114116.8796100444 }, "geometry": { "type": "MultiPolygon", "coordinates": [ [ [ [ -159.72659, 22.13976 ], [ -159.7287, 22.13259 ], [ -159.73053, 22.12574 ], [ -159.73201, 22.11922 ], [ -159.73328, 22.11261 ], [ -159.73469, 22.10553 ], [ -159.73588, 22.09687 ], [ -159.73617, 22.0896 ], [ -159.73594, 22.08397 ], [ -159.73487, 22.07768 ], [ -159.73258, 22.07165 ], [ -159.73061, 22.06853 ], [ -159.72797, 22.06495 ], [ -159.7245, 22.06062 ], [ -159.72021, 22.0558 ], [ -159.7125, 22.04816 ], [ -159.70871, 22.04507 ], [ -159.70388, 22.04146 ], [ -159.69862, 22.03821 ], [ -159.69214, 22.03424 ], [ -159.68542, 22.03109 ], [ -159.67803, 22.02772 ], [ -159.66928, 22.023 ], [ -159.66179, 22.01919 ], [ -159.65454, 22.015 ], [ -159.64821, 22.01136 ], [ -159.64309, 22.00817 ], [ -159.63956, 22.00677 ], [ -159.63631, 22.00522 ], [ -159.62683, 22.00246 ], [ -159.61976, 21.99953 ], [ -159.61077, 21.99563 ], [ -159.60184, 21.99081 ], [ -159.59726, 21.98733 ], [ -159.5947, 21.98433 ], [ -159.59315, 21.9815 ], [ -159.58975, 21.97805 ], [ -159.58453, 21.97186 ], [ -159.57973, 21.96773 ], [ -159.57602, 21.96515 ], [ -159.56987, 21.96184 ], [ -159.56042, 21.95803 ], [ -159.55203, 21.95419 ], [ -159.54521, 21.95015 ], [ -159.54007, 21.94735 ], [ -159.5344, 21.94272 ], [ -159.52715, 21.93569 ], [ -159.52264, 21.9308 ], [ -159.51749, 21.92549 ], [ -159.51161, 21.92025 ], [ -159.50476, 21.91517 ], [ -159.49805, 21.91246 ], [ -159.49347, 21.91097 ], [ -159.48743, 21.91041 ], [ -159.4832, 21.91025 ], [ -159.47587, 21.91188 ], [ -159.46871, 21.91527 ], [ -159.46079, 21.92003 ], [ -159.45528, 21.92404 ], [ -159.45012, 21.92599 ], [ -159.44425, 21.92687 ], [ -159.43531, 21.92782 ], [ -159.42738, 21.92772 ], [ -159.41809, 21.92605 ], [ -159.40946, 21.92432 ], [ -159.40366, 21.9224 ], [ -159.39807, 21.92093 ], [ -159.39402, 21.92142 ], [ -159.39032, 21.92236 ], [ -159.38693, 21.92311 ], [ -159.38131, 21.92372 ], [ -159.37523, 21.92365 ], [ -159.37401, 21.92333 ], [ -159.37406, 21.92325 ], [ -159.37415, 21.92299 ], [ -159.37457, 21.92287 ], [ -159.37489, 21.92275 ], [ -159.37497, 21.92278 ], [ -159.37542, 21.92304 ], [ -159.37556, 21.92308 ], [ -159.37628, 21.92283 ], [ -159.37648, 21.92275 ], [ -159.37728, 21.92231 ], [ -159.37759, 21.92209 ], [ -159.37773, 21.92195 ], [ -159.37791, 21.92188 ], [ -159.37848, 21.92187 ], [ -159.37879, 21.92184 ], [ -159.37912, 21.92167 ], [ -159.37929, 21.92156 ], [ -159.37973, 21.92134 ], [ -159.37991, 21.92122 ], [ -159.38009, 21.92107 ], [ -159.38023, 21.92087 ], [ -159.38054, 21.9205 ], [ -159.3807, 21.92026 ], [ -159.38089, 21.92012 ], [ -159.38114, 21.92015 ], [ -159.38132, 21.9202 ], [ -159.3817, 21.92015 ], [ -159.38196, 21.92006 ], [ -159.38269, 21.91981 ], [ -159.38301, 21.91963 ], [ -159.38325, 21.91945 ], [ -159.38338, 21.91931 ], [ -159.38345, 21.91912 ], [ -159.38355, 21.91865 ], [ -159.38353, 21.91846 ], [ -159.38331, 21.91812 ], [ -159.38324, 21.91797 ], [ -159.38308, 21.91775 ], [ -159.38291, 21.9177 ], [ -159.38281, 21.91772 ], [ -159.38276, 21.9178 ], [ -159.38262, 21.91793 ], [ -159.38246, 21.91796 ], [ -159.38226, 21.91797 ], [ -159.38219, 21.91796 ], [ -159.38208, 21.91786 ], [ -159.38206, 21.91773 ], [ -159.38208, 21.91761 ], [ -159.38208, 21.91746 ], [ -159.38212, 21.91728 ], [ -159.38216, 21.91719 ], [ -159.38227, 21.91706 ], [ -159.38236, 21.91691 ], [ -159.38237, 21.91676 ], [ -159.38236, 21.91671 ], [ -159.38239, 21.91665 ], [ -159.38252, 21.91662 ], [ -159.3826, 21.91654 ], [ -159.38275, 21.91628 ], [ -159.38311, 21.91621 ], [ -159.38361, 21.91608 ], [ -159.3838, 21.91568 ], [ -159.38397, 21.91558 ], [ -159.38414, 21.91553 ], [ -159.38443, 21.91549 ], [ -159.38454, 21.91539 ], [ -159.38471, 21.91529 ], [ -159.38479, 21.91527 ], [ -159.38492, 21.91519 ], [ -159.38499, 21.91512 ], [ -159.38504, 21.91489 ], [ -159.38501, 21.91467 ], [ -159.38499, 21.91432 ], [ -159.38494, 21.91424 ], [ -159.38467, 21.91403 ], [ -159.38457, 21.91399 ], [ -159.38443, 21.91397 ], [ -159.38429, 21.91399 ], [ -159.38416, 21.91404 ], [ -159.38402, 21.91402 ], [ -159.38405, 21.91384 ], [ -159.38433, 21.91358 ], [ -159.38449, 21.91344 ], [ -159.38464, 21.91327 ], [ -159.38493, 21.91315 ], [ -159.38506, 21.91304 ], [ -159.38514, 21.9129 ], [ -159.38526, 21.91255 ], [ -159.38531, 21.91247 ], [ -159.38551, 21.91244 ], [ -159.38576, 21.91243 ], [ -159.3859, 21.91238 ], [ -159.38602, 21.91238 ], [ -159.38639, 21.91243 ], [ -159.38637, 21.91253 ], [ -159.38626, 21.91266 ], [ -159.38614, 21.91287 ], [ -159.38614, 21.91297 ], [ -159.3862, 21.91303 ], [ -159.38623, 21.91316 ], [ -159.38633, 21.91322 ], [ -159.38659, 21.91324 ], [ -159.3868, 21.91321 ], [ -159.38715, 21.91324 ], [ -159.38762, 21.91302 ], [ -159.38786, 21.91287 ], [ -159.38822, 21.91261 ], [ -159.38853, 21.91252 ], [ -159.38864, 21.91244 ], [ -159.38871, 21.91229 ], [ -159.38889, 21.91199 ], [ -159.38898, 21.9117 ], [ -159.38899, 21.91154 ], [ -159.38905, 21.91144 ], [ -159.38908, 21.91124 ], [ -159.38934, 21.91079 ], [ -159.3896, 21.91044 ], [ -159.38964, 21.91031 ], [ -159.38977, 21.90984 ], [ -159.38984, 21.9097 ], [ -159.39007, 21.90912 ], [ -159.39004, 21.909 ], [ -159.39001, 21.90871 ], [ -159.39021, 21.90793 ], [ -159.39024, 21.90761 ], [ -159.39029, 21.90748 ], [ -159.3903, 21.90732 ], [ -159.39026, 21.90723 ], [ -159.39023, 21.90708 ], [ -159.39025, 21.90696 ], [ -159.39016, 21.90676 ], [ -159.38947, 21.90592 ], [ -159.38929, 21.90575 ], [ -159.38905, 21.90548 ], [ -159.38891, 21.90539 ], [ -159.38878, 21.90533 ], [ -159.38854, 21.90519 ], [ -159.3884, 21.90513 ], [ -159.38826, 21.90514 ], [ -159.38821, 21.90507 ], [ -159.38796, 21.90487 ], [ -159.38794, 21.9048 ], [ -159.38768, 21.90457 ], [ -159.38736, 21.90417 ], [ -159.3873, 21.90403 ], [ -159.38721, 21.90348 ], [ -159.38735, 21.90325 ], [ -159.38745, 21.90319 ], [ -159.38762, 21.90303 ], [ -159.38774, 21.90292 ], [ -159.38804, 21.90276 ], [ -159.38818, 21.90272 ], [ -159.38841, 21.90273 ], [ -159.38849, 21.90268 ], [ -159.38876, 21.90242 ], [ -159.38886, 21.90243 ], [ -159.38918, 21.90244 ], [ -159.38926, 21.90248 ], [ -159.38952, 21.90256 ], [ -159.38969, 21.90252 ], [ -159.39015, 21.90239 ], [ -159.39024, 21.9023 ], [ -159.39043, 21.90206 ], [ -159.3905, 21.90182 ], [ -159.39048, 21.90161 ], [ -159.39051, 21.90155 ], [ -159.39059, 21.90158 ], [ -159.39069, 21.90158 ], [ -159.39098, 21.90147 ], [ -159.39119, 21.90148 ], [ -159.39125, 21.90146 ], [ -159.39151, 21.90153 ], [ -159.39171, 21.90163 ], [ -159.39178, 21.90181 ], [ -159.3919, 21.90181 ], [ -159.39207, 21.9017 ], [ -159.39224, 21.9017 ], [ -159.39243, 21.9018 ], [ -159.39269, 21.90198 ], [ -159.39284, 21.90197 ], [ -159.39295, 21.90205 ], [ -159.3933, 21.90213 ], [ -159.39338, 21.90218 ], [ -159.39361, 21.90226 ], [ -159.39367, 21.90226 ], [ -159.39379, 21.90238 ], [ -159.39378, 21.90245 ], [ -159.3937, 21.90249 ], [ -159.3937, 21.90261 ], [ -159.39379, 21.9026 ], [ -159.39394, 21.90263 ], [ -159.39419, 21.90261 ], [ -159.39449, 21.90272 ], [ -159.39461, 21.90267 ], [ -159.39488, 21.90249 ], [ -159.39501, 21.90247 ], [ -159.39528, 21.9025 ], [ -159.39546, 21.90255 ], [ -159.39559, 21.90264 ], [ -159.39599, 21.90278 ], [ -159.39623, 21.90291 ], [ -159.39644, 21.90296 ], [ -159.39684, 21.90302 ], [ -159.39695, 21.90309 ], [ -159.39725, 21.90305 ], [ -159.39747, 21.90298 ], [ -159.39752, 21.90294 ], [ -159.3976, 21.90274 ], [ -159.40112, 21.90408 ], [ -159.40797, 21.90607 ], [ -159.41223, 21.90757 ], [ -159.42075, 21.90829 ], [ -159.42987, 21.90852 ], [ -159.43937, 21.90898 ], [ -159.44817, 21.90768 ], [ -159.45536, 21.90644 ], [ -159.46094, 21.90468 ], [ -159.46778, 21.90155 ], [ -159.47696, 21.89868 ], [ -159.48374, 21.89734 ], [ -159.48677, 21.89663 ], [ -159.49351, 21.89787 ], [ -159.49851, 21.89835 ], [ -159.50399, 21.89992 ], [ -159.50927, 21.90249 ], [ -159.51389, 21.90536 ], [ -159.5254, 21.91526 ], [ -159.53299, 21.92242 ], [ -159.54052, 21.92829 ], [ -159.5451, 21.93125 ], [ -159.55146, 21.93304 ], [ -159.55698, 21.93369 ], [ -159.56494, 21.93261 ], [ -159.57374, 21.93146 ], [ -159.58101, 21.93061 ], [ -159.58932, 21.93106 ], [ -159.59799, 21.9333 ], [ -159.60904, 21.9375 ], [ -159.61547, 21.94003 ], [ -159.62048, 21.94339 ], [ -159.62485, 21.94657 ], [ -159.6321, 21.95289 ], [ -159.64026, 21.95858 ], [ -159.64498, 21.96118 ], [ -159.64886, 21.96206 ], [ -159.65387, 21.96401 ], [ -159.65575, 21.96495 ], [ -159.66345, 21.96729 ], [ -159.67058, 21.96949 ], [ -159.68195, 21.97378 ], [ -159.68797, 21.97608 ], [ -159.69553, 21.97911 ], [ -159.70179, 21.98177 ], [ -159.70686, 21.98437 ], [ -159.71285, 21.98781 ], [ -159.71768, 21.99081 ], [ -159.72382, 21.99591 ], [ -159.72984, 22.00092 ], [ -159.73668, 22.00808 ], [ -159.73984, 22.0113 ], [ -159.74349, 22.01513 ], [ -159.74581, 22.01813 ], [ -159.74833, 22.02132 ], [ -159.75102, 22.0289 ], [ -159.75252, 22.03767 ], [ -159.75381, 22.04536 ], [ -159.75503, 22.05409 ], [ -159.75716, 22.06314 ], [ -159.75859, 22.07135 ], [ -159.76065, 22.07932 ], [ -159.76161, 22.08331 ], [ -159.76118, 22.0838 ], [ -159.76097, 22.08396 ], [ -159.76068, 22.08411 ], [ -159.76027, 22.08422 ], [ -159.75988, 22.08435 ], [ -159.75958, 22.08452 ], [ -159.75867, 22.08519 ], [ -159.75843, 22.08542 ], [ -159.75825, 22.08581 ], [ -159.75798, 22.08629 ], [ -159.75775, 22.08662 ], [ -159.75647, 22.08749 ], [ -159.75591, 22.08798 ], [ -159.75539, 22.08856 ], [ -159.75506, 22.08889 ], [ -159.75472, 22.08915 ], [ -159.75437, 22.08935 ], [ -159.75351, 22.08968 ], [ -159.75327, 22.08992 ], [ -159.75272, 22.09072 ], [ -159.75139, 22.09197 ], [ -159.7512, 22.09221 ], [ -159.7509, 22.09289 ], [ -159.75073, 22.09304 ], [ -159.75043, 22.09319 ], [ -159.74999, 22.09345 ], [ -159.74981, 22.09363 ], [ -159.74978, 22.09371 ], [ -159.74963, 22.09396 ], [ -159.7492, 22.09435 ], [ -159.74798, 22.0952 ], [ -159.7471, 22.09597 ], [ -159.74607, 22.09653 ], [ -159.7457, 22.09683 ], [ -159.7454, 22.0972 ], [ -159.74511, 22.09766 ], [ -159.74486, 22.09823 ], [ -159.74463, 22.09889 ], [ -159.7445, 22.09949 ], [ -159.74445, 22.10018 ], [ -159.7442, 22.10136 ], [ -159.74385, 22.10295 ], [ -159.74375, 22.10324 ], [ -159.74356, 22.10359 ], [ -159.74329, 22.10395 ], [ -159.74248, 22.10462 ], [ -159.74184, 22.10504 ], [ -159.74127, 22.10562 ], [ -159.74098, 22.10625 ], [ -159.74083, 22.10684 ], [ -159.74082, 22.10744 ], [ -159.74091, 22.10785 ], [ -159.74102, 22.10857 ], [ -159.74076, 22.10956 ], [ -159.74062, 22.10989 ], [ -159.74042, 22.11019 ], [ -159.73929, 22.11118 ], [ -159.73901, 22.11151 ], [ -159.73877, 22.11189 ], [ -159.73847, 22.11269 ], [ -159.73835, 22.11353 ], [ -159.7382, 22.11476 ], [ -159.73798, 22.11777 ], [ -159.73788, 22.11838 ], [ -159.73739, 22.1197 ], [ -159.73706, 22.12013 ], [ -159.73637, 22.12078 ], [ -159.73633, 22.12099 ], [ -159.73637, 22.12143 ], [ -159.7363, 22.12164 ], [ -159.7359, 22.12192 ], [ -159.73553, 22.12223 ], [ -159.73533, 22.1227 ], [ -159.73508, 22.12319 ], [ -159.73456, 22.12371 ], [ -159.73409, 22.12465 ], [ -159.73369, 22.12566 ], [ -159.73342, 22.12627 ], [ -159.73313, 22.12675 ], [ -159.73296, 22.12716 ], [ -159.73285, 22.12837 ], [ -159.73285, 22.12919 ], [ -159.73283, 22.12995 ], [ -159.73284, 22.13084 ], [ -159.73276, 22.13195 ], [ -159.73265, 22.13296 ], [ -159.73229, 22.13479 ], [ -159.73209, 22.13569 ], [ -159.7318, 22.13664 ], [ -159.73156, 22.13732 ], [ -159.73084, 22.13917 ], [ -159.73058, 22.13977 ], [ -159.73009, 22.14039 ], [ -159.72908, 22.14102 ], [ -159.72852, 22.14132 ], [ -159.72813, 22.1418 ], [ -159.72753, 22.14259 ], [ -159.72714, 22.14302 ], [ -159.72689, 22.14325 ], [ -159.72608, 22.14433 ], [ -159.72578, 22.14497 ], [ -159.72547, 22.1455 ], [ -159.72508, 22.14606 ], [ -159.72659, 22.13976 ] ] ] ] } },
{ "type": "Feature", "properties": { "objectid": 94, "solar_cal": "400-450", "st_areasha": 97476348.112887993, "st_perimet": 104048.14256794564 }, "geometry": { "type": "MultiPolygon", "coordinates": [ [ [ [ -159.40224, 22.23247 ], [ -159.40222, 22.23243 ], [ -159.4022, 22.23238 ], [ -159.40213, 22.23234 ], [ -159.40208, 22.23221 ], [ -159.40202, 22.23217 ], [ -159.40185, 22.23215 ], [ -159.40168, 22.23211 ], [ -159.40148, 22.23212 ], [ -159.40137, 22.23209 ], [ -159.40123, 22.23198 ], [ -159.40119, 22.23195 ], [ -159.40114, 22.23185 ], [ -159.40113, 22.23173 ], [ -159.40103, 22.2315 ], [ -159.40111, 22.2314 ], [ -159.40113, 22.23132 ], [ -159.40108, 22.23123 ], [ -159.40105, 22.23116 ], [ -159.40111, 22.23109 ], [ -159.40113, 22.23095 ], [ -159.40114, 22.23083 ], [ -159.40131, 22.23072 ], [ -159.4013, 22.23065 ], [ -159.40123, 22.23056 ], [ -159.40121, 22.23049 ], [ -159.40122, 22.23039 ], [ -159.40144, 22.22972 ], [ -159.40146, 22.22942 ], [ -159.40144, 22.22931 ], [ -159.40132, 22.22904 ], [ -159.40124, 22.22899 ], [ -159.40111, 22.22908 ], [ -159.40097, 22.22922 ], [ -159.4009, 22.22923 ], [ -159.40081, 22.22923 ], [ -159.40076, 22.22933 ], [ -159.40066, 22.22943 ], [ -159.40039, 22.22948 ], [ -159.40008, 22.22956 ], [ -159.4, 22.22962 ], [ -159.39994, 22.22972 ], [ -159.39968, 22.22982 ], [ -159.39957, 22.22987 ], [ -159.39948, 22.22994 ], [ -159.39938, 22.22994 ], [ -159.3991, 22.22987 ], [ -159.39902, 22.22982 ], [ -159.39887, 22.22981 ], [ -159.39865, 22.22991 ], [ -159.39853, 22.22993 ], [ -159.39839, 22.2299 ], [ -159.3983, 22.22996 ], [ -159.39809, 22.22995 ], [ -159.39797, 22.22991 ], [ -159.39777, 22.22995 ], [ -159.39764, 22.22992 ], [ -159.39751, 22.22982 ], [ -159.39738, 22.22963 ], [ -159.39723, 22.22948 ], [ -159.39713, 22.2294 ], [ -159.39709, 22.22934 ], [ -159.39691, 22.22878 ], [ -159.39679, 22.22854 ], [ -159.39671, 22.22827 ], [ -159.39672, 22.22803 ], [ -159.39664, 22.22768 ], [ -159.39665, 22.22747 ], [ -159.39677, 22.2268 ], [ -159.39668, 22.22638 ], [ -159.39658, 22.2262 ], [ -159.39652, 22.22614 ], [ -159.39642, 22.2261 ], [ -159.39611, 22.22587 ], [ -159.39584, 22.22564 ], [ -159.39564, 22.22521 ], [ -159.39541, 22.22463 ], [ -159.39519, 22.22437 ], [ -159.395, 22.22423 ], [ -159.39472, 22.22414 ], [ -159.39461, 22.22407 ], [ -159.39452, 22.22401 ], [ -159.39423, 22.22394 ], [ -159.39398, 22.22395 ], [ -159.39388, 22.22397 ], [ -159.39363, 22.22392 ], [ -159.39337, 22.22394 ], [ -159.39317, 22.22393 ], [ -159.39306, 22.2239 ], [ -159.39287, 22.22396 ], [ -159.39265, 22.22395 ], [ -159.39248, 22.22396 ], [ -159.39233, 22.22391 ], [ -159.39222, 22.22384 ], [ -159.39186, 22.22371 ], [ -159.39161, 22.22359 ], [ -159.39156, 22.22364 ], [ -159.39148, 22.22385 ], [ -159.39148, 22.22393 ], [ -159.39163, 22.22411 ], [ -159.39169, 22.22427 ], [ -159.39168, 22.22434 ], [ -159.39157, 22.22435 ], [ -159.39155, 22.2244 ], [ -159.39161, 22.22453 ], [ -159.39154, 22.22463 ], [ -159.39136, 22.22475 ], [ -159.39113, 22.22473 ], [ -159.39106, 22.22476 ], [ -159.39095, 22.22495 ], [ -159.3909, 22.22506 ], [ -159.39085, 22.22513 ], [ -159.39079, 22.22512 ], [ -159.39073, 22.22499 ], [ -159.39026, 22.22431 ], [ -159.39029, 22.22426 ], [ -159.39054, 22.22426 ], [ -159.3907, 22.22417 ], [ -159.39072, 22.22378 ], [ -159.3908, 22.22377 ], [ -159.39105, 22.2238 ], [ -159.39113, 22.22373 ], [ -159.39116, 22.2236 ], [ -159.39112, 22.22337 ], [ -159.39104, 22.22315 ], [ -159.39094, 22.2231 ], [ -159.39075, 22.22301 ], [ -159.39065, 22.22295 ], [ -159.39041, 22.22289 ], [ -159.38996, 22.22271 ], [ -159.38977, 22.22255 ], [ -159.38903, 22.22222 ], [ -159.3888, 22.22204 ], [ -159.38871, 22.22202 ], [ -159.3884, 22.22212 ], [ -159.3882, 22.22208 ], [ -159.38777, 22.22192 ], [ -159.38757, 22.22181 ], [ -159.38738, 22.22183 ], [ -159.38704, 22.22197 ], [ -159.38687, 22.22203 ], [ -159.3865, 22.2221 ], [ -159.38627, 22.22208 ], [ -159.38607, 22.22219 ], [ -159.38579, 22.22227 ], [ -159.3857, 22.22237 ], [ -159.38558, 22.22241 ], [ -159.3855, 22.22243 ], [ -159.38538, 22.2225 ], [ -159.38526, 22.22249 ], [ -159.38517, 22.22261 ], [ -159.38511, 22.22273 ], [ -159.38504, 22.2228 ], [ -159.38479, 22.22286 ], [ -159.38456, 22.22284 ], [ -159.38451, 22.22287 ], [ -159.38446, 22.22299 ], [ -159.38436, 22.22304 ], [ -159.38428, 22.22305 ], [ -159.38416, 22.22314 ], [ -159.38404, 22.22318 ], [ -159.38404, 22.2233 ], [ -159.384, 22.22336 ], [ -159.38386, 22.22344 ], [ -159.38375, 22.2235 ], [ -159.38369, 22.22369 ], [ -159.38325, 22.22402 ], [ -159.38317, 22.22416 ], [ -159.3831, 22.22439 ], [ -159.38296, 22.22454 ], [ -159.38276, 22.22465 ], [ -159.38258, 22.22469 ], [ -159.38243, 22.22467 ], [ -159.38227, 22.22454 ], [ -159.38219, 22.22431 ], [ -159.38204, 22.22416 ], [ -159.38198, 22.22407 ], [ -159.38194, 22.22387 ], [ -159.38196, 22.22363 ], [ -159.38202, 22.2235 ], [ -159.38222, 22.22327 ], [ -159.38235, 22.22314 ], [ -159.38249, 22.22301 ], [ -159.38262, 22.22274 ], [ -159.3828, 22.22242 ], [ -159.3829, 22.22204 ], [ -159.38305, 22.22194 ], [ -159.38319, 22.22178 ], [ -159.38325, 22.22161 ], [ -159.38325, 22.2213 ], [ -159.38331, 22.22107 ], [ -159.38336, 22.22087 ], [ -159.38359, 22.22063 ], [ -159.38395, 22.2205 ], [ -159.38402, 22.22046 ], [ -159.38424, 22.22044 ], [ -159.38437, 22.22041 ], [ -159.38447, 22.22041 ], [ -159.3846, 22.22034 ], [ -159.38492, 22.22015 ], [ -159.38509, 22.21997 ], [ -159.38527, 22.21975 ], [ -159.38539, 22.2197 ], [ -159.38547, 22.21972 ], [ -159.38549, 22.21954 ], [ -159.38531, 22.21929 ], [ -159.38512, 22.21883 ], [ -159.38481, 22.21828 ], [ -159.38467, 22.21768 ], [ -159.38428, 22.2174 ], [ -159.38408, 22.21713 ], [ -159.38399, 22.21699 ], [ -159.38376, 22.21685 ], [ -159.38367, 22.21682 ], [ -159.38359, 22.2167 ], [ -159.38354, 22.21655 ], [ -159.38348, 22.2165 ], [ -159.38326, 22.21645 ], [ -159.38313, 22.2164 ], [ -159.38277, 22.21632 ], [ -159.38232, 22.21617 ], [ -159.38221, 22.21616 ], [ -159.38162, 22.21598 ], [ -159.38131, 22.21588 ], [ -159.38098, 22.21578 ], [ -159.38068, 22.21573 ], [ -159.38043, 22.21587 ], [ -159.38027, 22.21595 ], [ -159.38002, 22.216 ], [ -159.3798, 22.21597 ], [ -159.37936, 22.21605 ], [ -159.37899, 22.21605 ], [ -159.37805, 22.21631 ], [ -159.3776, 22.21647 ], [ -159.37709, 22.21658 ], [ -159.37666, 22.21676 ], [ -159.37659, 22.21676 ], [ -159.37643, 22.21682 ], [ -159.37623, 22.21682 ], [ -159.37608, 22.21675 ], [ -159.37598, 22.21671 ], [ -159.37592, 22.21667 ], [ -159.37573, 22.21662 ], [ -159.37568, 22.21658 ], [ -159.37552, 22.21654 ], [ -159.37512, 22.21631 ], [ -159.37504, 22.21628 ], [ -159.37468, 22.21624 ], [ -159.3745, 22.2162 ], [ -159.37403, 22.21603 ], [ -159.37362, 22.21595 ], [ -159.37349, 22.21592 ], [ -159.37335, 22.21582 ], [ -159.3732, 22.21562 ], [ -159.37309, 22.21557 ], [ -159.37285, 22.21562 ], [ -159.37258, 22.21571 ], [ -159.3723, 22.21568 ], [ -159.37219, 22.21562 ], [ -159.37202, 22.21549 ], [ -159.37182, 22.21544 ], [ -159.37152, 22.21537 ], [ -159.37136, 22.21531 ], [ -159.37112, 22.21516 ], [ -159.37072, 22.21467 ], [ -159.37054, 22.21455 ], [ -159.37021, 22.2144 ], [ -159.36995, 22.21433 ], [ -159.3697, 22.21433 ], [ -159.36937, 22.21425 ], [ -159.36909, 22.21411 ], [ -159.36867, 22.21387 ], [ -159.36845, 22.21369 ], [ -159.36821, 22.21347 ], [ -159.36807, 22.21344 ], [ -159.36789, 22.21344 ], [ -159.3677, 22.21339 ], [ -159.36753, 22.21325 ], [ -159.36749, 22.21315 ], [ -159.36744, 22.2131 ], [ -159.36729, 22.21287 ], [ -159.36705, 22.21261 ], [ -159.3667, 22.2124 ], [ -159.36637, 22.21222 ], [ -159.36622, 22.21211 ], [ -159.36552, 22.21172 ], [ -159.36502, 22.21157 ], [ -159.36488, 22.21155 ], [ -159.36462, 22.21154 ], [ -159.36438, 22.21142 ], [ -159.36414, 22.21142 ], [ -159.36362, 22.21152 ], [ -159.3628, 22.21157 ], [ -159.36262, 22.21152 ], [ -159.36246, 22.21144 ], [ -159.36208, 22.21121 ], [ -159.36176, 22.21111 ], [ -159.36162, 22.21114 ], [ -159.36116, 22.21145 ], [ -159.36085, 22.21157 ], [ -159.36046, 22.21159 ], [ -159.36017, 22.21155 ], [ -159.35965, 22.21142 ], [ -159.35924, 22.21137 ], [ -159.35872, 22.21136 ], [ -159.35801, 22.21126 ], [ -159.35778, 22.21128 ], [ -159.35746, 22.21134 ], [ -159.35698, 22.21149 ], [ -159.35674, 22.21162 ], [ -159.3565, 22.21183 ], [ -159.35635, 22.21199 ], [ -159.35605, 22.21216 ], [ -159.35583, 22.21224 ], [ -159.35571, 22.21229 ], [ -159.35569, 22.21241 ], [ -159.35554, 22.21266 ], [ -159.35529, 22.21284 ], [ -159.35499, 22.2131 ], [ -159.35489, 22.21326 ], [ -159.35474, 22.21345 ], [ -159.35437, 22.21378 ], [ -159.3543, 22.21384 ], [ -159.35432, 22.21397 ], [ -159.35439, 22.2141 ], [ -159.35441, 22.21418 ], [ -159.35438, 22.21424 ], [ -159.35431, 22.2143 ], [ -159.35415, 22.21431 ], [ -159.35389, 22.21445 ], [ -159.3536, 22.21448 ], [ -159.35351, 22.21447 ], [ -159.35327, 22.21456 ], [ -159.35313, 22.21449 ], [ -159.35305, 22.21441 ], [ -159.35285, 22.21435 ], [ -159.35244, 22.21436 ], [ -159.35236, 22.21436 ], [ -159.35214, 22.21419 ], [ -159.35202, 22.21408 ], [ -159.35192, 22.21394 ], [ -159.35181, 22.21391 ], [ -159.35165, 22.21394 ], [ -159.3515, 22.21395 ], [ -159.3515, 22.21404 ], [ -159.35141, 22.21411 ], [ -159.35104, 22.21417 ], [ -159.35093, 22.21414 ], [ -159.35079, 22.21417 ], [ -159.3508, 22.21434 ], [ -159.35076, 22.2144 ], [ -159.35054, 22.21455 ], [ -159.35032, 22.21475 ], [ -159.35025, 22.2147 ], [ -159.35019, 22.21464 ], [ -159.35012, 22.21452 ], [ -159.35011, 22.21444 ], [ -159.35016, 22.21437 ], [ -159.35015, 22.2143 ], [ -159.34994, 22.21408 ], [ -159.34998, 22.21393 ], [ -159.35011, 22.2138 ], [ -159.35011, 22.21374 ], [ -159.35007, 22.21357 ], [ -159.35011, 22.21339 ], [ -159.35008, 22.21334 ], [ -159.34995, 22.21329 ], [ -159.34976, 22.21312 ], [ -159.34963, 22.21308 ], [ -159.34946, 22.21307 ], [ -159.34939, 22.2131 ], [ -159.34941, 22.21318 ], [ -159.3495, 22.21328 ], [ -159.34948, 22.21333 ], [ -159.34938, 22.21334 ], [ -159.34927, 22.21336 ], [ -159.34914, 22.21339 ], [ -159.34891, 22.21332 ], [ -159.34857, 22.21322 ], [ -159.34845, 22.21323 ], [ -159.34828, 22.21331 ], [ -159.34812, 22.21349 ], [ -159.34805, 22.2135 ], [ -159.34801, 22.21343 ], [ -159.34797, 22.21331 ], [ -159.34793, 22.21327 ], [ -159.34777, 22.21322 ], [ -159.34773, 22.2131 ], [ -159.3478, 22.21305 ], [ -159.34775, 22.21295 ], [ -159.34776, 22.2129 ], [ -159.34791, 22.21281 ], [ -159.34796, 22.21261 ], [ -159.34789, 22.21252 ], [ -159.34788, 22.21247 ], [ -159.34805, 22.21208 ], [ -159.34807, 22.2119 ], [ -159.348, 22.21178 ], [ -159.34791, 22.21169 ], [ -159.34764, 22.21158 ], [ -159.34747, 22.21156 ], [ -159.34721, 22.21153 ], [ -159.34694, 22.2116 ], [ -159.34673, 22.21172 ], [ -159.34659, 22.21172 ], [ -159.34647, 22.21168 ], [ -159.34642, 22.21163 ], [ -159.34639, 22.21136 ], [ -159.34628, 22.21117 ], [ -159.34603, 22.21095 ], [ -159.34559, 22.21066 ], [ -159.34544, 22.21058 ], [ -159.34498, 22.21041 ], [ -159.34432, 22.2102 ], [ -159.34374, 22.21012 ], [ -159.34333, 22.21007 ], [ -159.34323, 22.21004 ], [ -159.34309, 22.20984 ], [ -159.3429, 22.20942 ], [ -159.34288, 22.20922 ], [ -159.34276, 22.20897 ], [ -159.34266, 22.20886 ], [ -159.34258, 22.20882 ], [ -159.3421, 22.20885 ], [ -159.34188, 22.20883 ], [ -159.34173, 22.20877 ], [ -159.34163, 22.20858 ], [ -159.34164, 22.20846 ], [ -159.34161, 22.20836 ], [ -159.3416, 22.20825 ], [ -159.34145, 22.20818 ], [ -159.34118, 22.20814 ], [ -159.34104, 22.20806 ], [ -159.3408, 22.20783 ], [ -159.34068, 22.20771 ], [ -159.34064, 22.20764 ], [ -159.3403, 22.20741 ], [ -159.33976, 22.20693 ], [ -159.33944, 22.20672 ], [ -159.33932, 22.20661 ], [ -159.33912, 22.2065 ], [ -159.33902, 22.20647 ], [ -159.33864, 22.2061 ], [ -159.33812, 22.20578 ], [ -159.33791, 22.20559 ], [ -159.33764, 22.20531 ], [ -159.33737, 22.20506 ], [ -159.33701, 22.20484 ], [ -159.33696, 22.20478 ], [ -159.33691, 22.20468 ], [ -159.33687, 22.20464 ], [ -159.33668, 22.20455 ], [ -159.33626, 22.20423 ], [ -159.33588, 22.20401 ], [ -159.33555, 22.20386 ], [ -159.33532, 22.2038 ], [ -159.33524, 22.20374 ], [ -159.33516, 22.20369 ], [ -159.33508, 22.20354 ], [ -159.335, 22.20314 ], [ -159.33498, 22.20298 ], [ -159.335, 22.20281 ], [ -159.33484, 22.20252 ], [ -159.33484, 22.20228 ], [ -159.33482, 22.20209 ], [ -159.33474, 22.20196 ], [ -159.33464, 22.20193 ], [ -159.33433, 22.20171 ], [ -159.33421, 22.20159 ], [ -159.33386, 22.20147 ], [ -159.33368, 22.20142 ], [ -159.33322, 22.2012 ], [ -159.33301, 22.20106 ], [ -159.33277, 22.20092 ], [ -159.33258, 22.20081 ], [ -159.33237, 22.20073 ], [ -159.33184, 22.20049 ], [ -159.33175, 22.20037 ], [ -159.33151, 22.19994 ], [ -159.33124, 22.19965 ], [ -159.33115, 22.19949 ], [ -159.331, 22.19899 ], [ -159.33098, 22.19876 ], [ -159.33092, 22.19856 ], [ -159.33095, 22.19834 ], [ -159.33098, 22.19827 ], [ -159.33112, 22.19813 ], [ -159.33126, 22.19784 ], [ -159.33137, 22.19771 ], [ -159.33158, 22.19756 ], [ -159.33168, 22.19751 ], [ -159.33218, 22.19706 ], [ -159.33235, 22.19694 ], [ -159.33262, 22.19659 ], [ -159.3327, 22.19636 ], [ -159.33284, 22.19626 ], [ -159.33306, 22.19617 ], [ -159.33327, 22.1961 ], [ -159.33351, 22.19593 ], [ -159.33361, 22.1958 ], [ -159.33384, 22.19513 ], [ -159.33382, 22.19501 ], [ -159.33387, 22.19487 ], [ -159.33383, 22.19476 ], [ -159.33376, 22.19468 ], [ -159.33338, 22.19455 ], [ -159.33325, 22.19446 ], [ -159.33316, 22.19437 ], [ -159.33308, 22.19419 ], [ -159.33299, 22.19396 ], [ -159.33291, 22.19379 ], [ -159.33268, 22.1936 ], [ -159.33231, 22.19343 ], [ -159.33214, 22.19326 ], [ -159.33211, 22.1932 ], [ -159.33196, 22.1931 ], [ -159.3316, 22.193 ], [ -159.33136, 22.19296 ], [ -159.33102, 22.19299 ], [ -159.33053, 22.19324 ], [ -159.33024, 22.19344 ], [ -159.32993, 22.19361 ], [ -159.32968, 22.19381 ], [ -159.32951, 22.1939 ], [ -159.32915, 22.194 ], [ -159.32896, 22.19401 ], [ -159.32859, 22.19396 ], [ -159.32832, 22.19397 ], [ -159.32782, 22.1939 ], [ -159.32723, 22.19394 ], [ -159.32698, 22.19394 ], [ -159.3269, 22.19393 ], [ -159.32653, 22.19371 ], [ -159.32604, 22.19336 ], [ -159.32588, 22.19317 ], [ -159.32576, 22.19307 ], [ -159.32569, 22.19297 ], [ -159.32545, 22.19282 ], [ -159.32523, 22.19263 ], [ -159.32511, 22.19248 ], [ -159.32478, 22.19224 ], [ -159.32457, 22.19203 ], [ -159.32425, 22.19189 ], [ -159.32404, 22.19171 ], [ -159.32381, 22.19147 ], [ -159.32347, 22.19119 ], [ -159.32326, 22.19098 ], [ -159.32306, 22.19069 ], [ -159.32292, 22.19054 ], [ -159.3227, 22.19016 ], [ -159.3226, 22.18989 ], [ -159.32253, 22.18977 ], [ -159.32204, 22.18934 ], [ -159.3218, 22.18915 ], [ -159.32154, 22.18888 ], [ -159.32109, 22.18861 ], [ -159.32083, 22.18852 ], [ -159.32065, 22.18843 ], [ -159.31987, 22.18827 ], [ -159.31913, 22.18807 ], [ -159.31835, 22.18784 ], [ -159.31827, 22.18784 ], [ -159.31816, 22.18789 ], [ -159.31797, 22.1879 ], [ -159.3179, 22.18781 ], [ -159.31783, 22.18772 ], [ -159.31772, 22.1877 ], [ -159.31755, 22.18762 ], [ -159.31746, 22.18754 ], [ -159.31742, 22.18734 ], [ -159.31746, 22.1873 ], [ -159.31741, 22.18717 ], [ -159.31703, 22.18669 ], [ -159.31689, 22.18654 ], [ -159.31668, 22.18644 ], [ -159.3157, 22.18601 ], [ -159.31495, 22.18558 ], [ -159.31477, 22.18544 ], [ -159.31421, 22.18484 ], [ -159.31391, 22.18457 ], [ -159.31359, 22.18414 ], [ -159.31339, 22.18392 ], [ -159.31316, 22.18373 ], [ -159.31306, 22.1836 ], [ -159.31295, 22.1833 ], [ -159.31294, 22.18304 ], [ -159.31288, 22.18291 ], [ -159.31249, 22.18243 ], [ -159.31241, 22.18232 ], [ -159.31236, 22.18214 ], [ -159.31222, 22.18197 ], [ -159.3122, 22.18184 ], [ -159.31223, 22.18153 ], [ -159.31211, 22.18126 ], [ -159.31207, 22.18118 ], [ -159.31205, 22.18096 ], [ -159.31204, 22.18054 ], [ -159.31185, 22.1802 ], [ -159.31178, 22.18006 ], [ -159.31167, 22.17966 ], [ -159.3115, 22.17942 ], [ -159.31139, 22.17921 ], [ -159.31129, 22.17899 ], [ -159.31129, 22.17886 ], [ -159.31129, 22.1787 ], [ -159.31123, 22.17857 ], [ -159.31117, 22.17847 ], [ -159.31118, 22.17836 ], [ -159.31122, 22.17826 ], [ -159.31122, 22.17817 ], [ -159.31116, 22.17799 ], [ -159.31115, 22.17776 ], [ -159.31116, 22.17752 ], [ -159.31124, 22.17741 ], [ -159.31149, 22.17729 ], [ -159.31155, 22.17724 ], [ -159.31174, 22.17726 ], [ -159.31211, 22.17716 ], [ -159.31228, 22.17701 ], [ -159.31242, 22.17673 ], [ -159.3125, 22.17653 ], [ -159.31246, 22.17628 ], [ -159.31236, 22.17609 ], [ -159.31238, 22.17598 ], [ -159.31251, 22.17597 ], [ -159.31273, 22.17587 ], [ -159.31289, 22.17574 ], [ -159.313, 22.17562 ], [ -159.31314, 22.17522 ], [ -159.31314, 22.17513 ], [ -159.31319, 22.17503 ], [ -159.31325, 22.17456 ], [ -159.31323, 22.17444 ], [ -159.31326, 22.17431 ], [ -159.3135, 22.17389 ], [ -159.31354, 22.17382 ], [ -159.31365, 22.17379 ], [ -159.31374, 22.17379 ], [ -159.3138, 22.17374 ], [ -159.31379, 22.17356 ], [ -159.31374, 22.17339 ], [ -159.31381, 22.17309 ], [ -159.31385, 22.173 ], [ -159.31385, 22.17286 ], [ -159.31397, 22.17232 ], [ -159.314, 22.17217 ], [ -159.31399, 22.17206 ], [ -159.3139, 22.17178 ], [ -159.3138, 22.17172 ], [ -159.31354, 22.1717 ], [ -159.31316, 22.17169 ], [ -159.31275, 22.17178 ], [ -159.3123, 22.17177 ], [ -159.31206, 22.17172 ], [ -159.31184, 22.17158 ], [ -159.31134, 22.17114 ], [ -159.31127, 22.17089 ], [ -159.3112, 22.17055 ], [ -159.31118, 22.1705 ], [ -159.31089, 22.17027 ], [ -159.31079, 22.17003 ], [ -159.31068, 22.16981 ], [ -159.31063, 22.16963 ], [ -159.31066, 22.1694 ], [ -159.31069, 22.16932 ], [ -159.31049, 22.16918 ], [ -159.31032, 22.16894 ], [ -159.31025, 22.1688 ], [ -159.31004, 22.16853 ], [ -159.30997, 22.1682 ], [ -159.30998, 22.16813 ], [ -159.30943, 22.16734 ], [ -159.30926, 22.16698 ], [ -159.30922, 22.16684 ], [ -159.30886, 22.16624 ], [ -159.30884, 22.16611 ], [ -159.30889, 22.16593 ], [ -159.30902, 22.16561 ], [ -159.309, 22.16543 ], [ -159.30892, 22.16506 ], [ -159.30884, 22.165 ], [ -159.30874, 22.16494 ], [ -159.30862, 22.1648 ], [ -159.30866, 22.16466 ], [ -159.30884, 22.16456 ], [ -159.30891, 22.16452 ], [ -159.309, 22.16428 ], [ -159.30898, 22.16413 ], [ -159.30893, 22.16394 ], [ -159.30902, 22.16378 ], [ -159.30947, 22.16327 ], [ -159.30955, 22.1631 ], [ -159.30955, 22.16298 ], [ -159.3095, 22.16281 ], [ -159.30927, 22.1624 ], [ -159.30911, 22.1622 ], [ -159.30889, 22.16177 ], [ -159.30861, 22.16142 ], [ -159.30837, 22.1611 ], [ -159.30799, 22.16054 ], [ -159.30779, 22.16014 ], [ -159.30763, 22.1599 ], [ -159.30715, 22.15942 ], [ -159.30681, 22.15921 ], [ -159.30652, 22.15902 ], [ -159.30617, 22.15886 ], [ -159.3059, 22.15877 ], [ -159.30577, 22.15872 ], [ -159.30562, 22.15869 ], [ -159.30555, 22.15865 ], [ -159.30539, 22.15845 ], [ -159.30513, 22.15785 ], [ -159.30499, 22.15752 ], [ -159.30498, 22.15744 ], [ -159.30525, 22.15716 ], [ -159.30542, 22.15678 ], [ -159.30561, 22.15613 ], [ -159.30568, 22.15583 ], [ -159.30593, 22.15534 ], [ -159.30601, 22.15515 ], [ -159.30601, 22.15495 ], [ -159.3059, 22.15448 ], [ -159.30586, 22.15417 ], [ -159.30589, 22.15387 ], [ -159.30584, 22.15362 ], [ -159.30586, 22.15344 ], [ -159.30593, 22.15324 ], [ -159.30597, 22.1528 ], [ -159.30593, 22.1526 ], [ -159.30596, 22.15233 ], [ -159.3059, 22.15208 ], [ -159.30584, 22.15191 ], [ -159.30585, 22.15131 ], [ -159.3059, 22.15108 ], [ -159.30609, 22.15066 ], [ -159.30621, 22.15032 ], [ -159.3063, 22.15008 ], [ -159.30606, 22.14971 ], [ -159.30598, 22.1497 ], [ -159.30592, 22.14964 ], [ -159.30565, 22.14892 ], [ -159.30554, 22.14875 ], [ -159.3053, 22.14851 ], [ -159.30494, 22.14818 ], [ -159.30432, 22.14755 ], [ -159.30404, 22.14735 ], [ -159.30358, 22.14715 ], [ -159.30324, 22.14698 ], [ -159.30307, 22.14684 ], [ -159.30294, 22.14678 ], [ -159.30262, 22.14673 ], [ -159.3025, 22.14675 ], [ -159.30231, 22.14675 ], [ -159.30228, 22.14668 ], [ -159.30231, 22.14663 ], [ -159.30211, 22.14657 ], [ -159.30207, 22.14498 ], [ -159.30221, 22.13996 ], [ -159.30287, 22.1343 ], [ -159.30402, 22.13007 ], [ -159.30636, 22.12568 ], [ -159.30944, 22.12045 ], [ -159.31181, 22.11505 ], [ -159.31356, 22.10984 ], [ -159.31485, 22.10448 ], [ -159.31562, 22.10008 ], [ -159.31642, 22.0952 ], [ -159.31732, 22.09139 ], [ -159.3168, 22.08622 ], [ -159.31588, 22.08081 ], [ -159.31557, 22.07739 ], [ -159.31534, 22.07682 ], [ -159.31603, 22.07624 ], [ -159.31627, 22.076 ], [ -159.31634, 22.07586 ], [ -159.31654, 22.0756 ], [ -159.31656, 22.07553 ], [ -159.31662, 22.07543 ], [ -159.31676, 22.0751 ], [ -159.3168, 22.07504 ], [ -159.31684, 22.07487 ], [ -159.3169, 22.07474 ], [ -159.31701, 22.07431 ], [ -159.31706, 22.07363 ], [ -159.31704, 22.07298 ], [ -159.31706, 22.07243 ], [ -159.31705, 22.07224 ], [ -159.31703, 22.07173 ], [ -159.31697, 22.07153 ], [ -159.31687, 22.07141 ], [ -159.3168, 22.07132 ], [ -159.31664, 22.07118 ], [ -159.3166, 22.07112 ], [ -159.3165, 22.07104 ], [ -159.31638, 22.0706 ], [ -159.31634, 22.07056 ], [ -159.31623, 22.07031 ], [ -159.31619, 22.0701 ], [ -159.31625, 22.06988 ], [ -159.31632, 22.06963 ], [ -159.31643, 22.06922 ], [ -159.31668, 22.06859 ], [ -159.31694, 22.06784 ], [ -159.31705, 22.06748 ], [ -159.31711, 22.06733 ], [ -159.31716, 22.06712 ], [ -159.3173, 22.06678 ], [ -159.31745, 22.06624 ], [ -159.31747, 22.06612 ], [ -159.31761, 22.0657 ], [ -159.31784, 22.06497 ], [ -159.3179, 22.06474 ], [ -159.318, 22.06408 ], [ -159.31804, 22.06376 ], [ -159.31809, 22.06361 ], [ -159.31813, 22.06335 ], [ -159.31819, 22.06303 ], [ -159.3184, 22.062 ], [ -159.3185, 22.06091 ], [ -159.31855, 22.06069 ], [ -159.31861, 22.06053 ], [ -159.31886, 22.06008 ], [ -159.31912, 22.05965 ], [ -159.31917, 22.05954 ], [ -159.31935, 22.05928 ], [ -159.31957, 22.05892 ], [ -159.31963, 22.05879 ], [ -159.31972, 22.05869 ], [ -159.31989, 22.05839 ], [ -159.32004, 22.05819 ], [ -159.32008, 22.0581 ], [ -159.32048, 22.05763 ], [ -159.32055, 22.0575 ], [ -159.32106, 22.05679 ], [ -159.32114, 22.0567 ], [ -159.32133, 22.05636 ], [ -159.32137, 22.05626 ], [ -159.32146, 22.05597 ], [ -159.32163, 22.05572 ], [ -159.32169, 22.05564 ], [ -159.32181, 22.05554 ], [ -159.32188, 22.05549 ], [ -159.32192, 22.05543 ], [ -159.32208, 22.05532 ], [ -159.32225, 22.05525 ], [ -159.32284, 22.05508 ], [ -159.32295, 22.05502 ], [ -159.32308, 22.05497 ], [ -159.3232, 22.05491 ], [ -159.32335, 22.05485 ], [ -159.32345, 22.05478 ], [ -159.32359, 22.05471 ], [ -159.32399, 22.05463 ], [ -159.32429, 22.0545 ], [ -159.3246, 22.0544 ], [ -159.3247, 22.05435 ], [ -159.32501, 22.05422 ], [ -159.3252, 22.05406 ], [ -159.3254, 22.05396 ], [ -159.3256, 22.05387 ], [ -159.32588, 22.05368 ], [ -159.326, 22.05363 ], [ -159.32618, 22.05353 ], [ -159.32627, 22.05349 ], [ -159.32643, 22.05333 ], [ -159.32653, 22.05325 ], [ -159.32673, 22.05294 ], [ -159.327, 22.05264 ], [ -159.32703, 22.05257 ], [ -159.32728, 22.0523 ], [ -159.32748, 22.05214 ], [ -159.32767, 22.05205 ], [ -159.32777, 22.05196 ], [ -159.32822, 22.05176 ], [ -159.32852, 22.05167 ], [ -159.32879, 22.0515 ], [ -159.32891, 22.0514 ], [ -159.32917, 22.05129 ], [ -159.32947, 22.0511 ], [ -159.32982, 22.05092 ], [ -159.32998, 22.05093 ], [ -159.33005, 22.05098 ], [ -159.33009, 22.05126 ], [ -159.33017, 22.05135 ], [ -159.33022, 22.05139 ], [ -159.33036, 22.05144 ], [ -159.33041, 22.05148 ], [ -159.33083, 22.0516 ], [ -159.33119, 22.05161 ], [ -159.33132, 22.05159 ], [ -159.33179, 22.05138 ], [ -159.33205, 22.05125 ], [ -159.33215, 22.05111 ], [ -159.33224, 22.05086 ], [ -159.33241, 22.05067 ], [ -159.33262, 22.05057 ], [ -159.33293, 22.05049 ], [ -159.33313, 22.05036 ], [ -159.33368, 22.05019 ], [ -159.33381, 22.05011 ], [ -159.3339, 22.05 ], [ -159.33399, 22.04976 ], [ -159.33412, 22.04952 ], [ -159.33422, 22.04927 ], [ -159.33428, 22.04902 ], [ -159.33434, 22.04889 ], [ -159.33449, 22.04866 ], [ -159.33454, 22.04848 ], [ -159.33456, 22.04832 ], [ -159.33477, 22.04779 ], [ -159.33484, 22.04765 ], [ -159.33484, 22.04743 ], [ -159.33492, 22.04723 ], [ -159.33495, 22.04716 ], [ -159.33494, 22.04707 ], [ -159.33499, 22.04679 ], [ -159.33516, 22.04631 ], [ -159.33517, 22.04624 ], [ -159.33534, 22.04587 ], [ -159.33536, 22.04562 ], [ -159.33535, 22.04556 ], [ -159.33545, 22.04522 ], [ -159.3355, 22.04507 ], [ -159.33558, 22.04496 ], [ -159.3357, 22.04485 ], [ -159.33569, 22.04464 ], [ -159.33563, 22.04457 ], [ -159.33551, 22.04424 ], [ -159.33536, 22.04376 ], [ -159.33531, 22.04367 ], [ -159.33472, 22.04298 ], [ -159.33453, 22.04281 ], [ -159.33447, 22.04271 ], [ -159.3344, 22.04244 ], [ -159.33427, 22.04211 ], [ -159.33431, 22.04196 ], [ -159.33431, 22.04165 ], [ -159.33426, 22.04117 ], [ -159.33429, 22.04103 ], [ -159.33453, 22.04041 ], [ -159.33462, 22.04002 ], [ -159.33473, 22.03977 ], [ -159.33486, 22.03919 ], [ -159.33495, 22.03898 ], [ -159.33509, 22.03882 ], [ -159.33513, 22.03865 ], [ -159.33513, 22.03848 ], [ -159.33511, 22.03834 ], [ -159.33513, 22.038 ], [ -159.33516, 22.03789 ], [ -159.33536, 22.03749 ], [ -159.33545, 22.03723 ], [ -159.33547, 22.03681 ], [ -159.33553, 22.03652 ], [ -159.33563, 22.03569 ], [ -159.33561, 22.03536 ], [ -159.33565, 22.03518 ], [ -159.33579, 22.03489 ], [ -159.33582, 22.03442 ], [ -159.33582, 22.03421 ], [ -159.33583, 22.03395 ], [ -159.3359, 22.0336 ], [ -159.33601, 22.03331 ], [ -159.33639, 22.03267 ], [ -159.33659, 22.03217 ], [ -159.33671, 22.03194 ], [ -159.33677, 22.03181 ], [ -159.33682, 22.03158 ], [ -159.3369, 22.03139 ], [ -159.33708, 22.03112 ], [ -159.33714, 22.03106 ], [ -159.33719, 22.03095 ], [ -159.33721, 22.03087 ], [ -159.33735, 22.03066 ], [ -159.33744, 22.03059 ], [ -159.33772, 22.0302 ], [ -159.33784, 22.02995 ], [ -159.33787, 22.02979 ], [ -159.33791, 22.02967 ], [ -159.33798, 22.02922 ], [ -159.33799, 22.02891 ], [ -159.33807, 22.02863 ], [ -159.33813, 22.02847 ], [ -159.33824, 22.02787 ], [ -159.33826, 22.02733 ], [ -159.33824, 22.02705 ], [ -159.33825, 22.02691 ], [ -159.33834, 22.02663 ], [ -159.33836, 22.0264 ], [ -159.33845, 22.02612 ], [ -159.33861, 22.02541 ], [ -159.33872, 22.02503 ], [ -159.33871, 22.02494 ], [ -159.33874, 22.02468 ], [ -159.33865, 22.02384 ], [ -159.33855, 22.02344 ], [ -159.33859, 22.02324 ], [ -159.33944, 22.01866 ], [ -159.34132, 22.01287 ], [ -159.34439, 22.00636 ], [ -159.34798, 22.00069 ], [ -159.35074, 21.99672 ], [ -159.35399, 21.99278 ], [ -159.3573, 21.98793 ], [ -159.35981, 21.98243 ], [ -159.36082, 21.97666 ], [ -159.36012, 21.97311 ], [ -159.35837, 21.96985 ], [ -159.35641, 21.96724 ], [ -159.35326, 21.96414 ], [ -159.35012, 21.96182 ], [ -159.34641, 21.95967 ], [ -159.34335, 21.95796 ], [ -159.34343, 21.95788 ], [ -159.3437, 21.95758 ], [ -159.34386, 21.95733 ], [ -159.34408, 21.95714 ], [ -159.34453, 21.9569 ], [ -159.3446, 21.95684 ], [ -159.34484, 21.95674 ], [ -159.34528, 21.95666 ], [ -159.34544, 21.95666 ], [ -159.34566, 21.95654 ], [ -159.34592, 21.95647 ], [ -159.34656, 21.95644 ], [ -159.34681, 21.95649 ], [ -159.347, 21.9566 ], [ -159.34719, 21.95675 ], [ -159.34731, 21.95681 ], [ -159.34735, 21.9567 ], [ -159.34728, 21.95639 ], [ -159.34738, 21.95633 ], [ -159.34748, 21.95632 ], [ -159.34758, 21.95635 ], [ -159.34762, 21.95646 ], [ -159.34763, 21.95671 ], [ -159.34768, 21.95674 ], [ -159.34771, 21.95657 ], [ -159.34768, 21.95629 ], [ -159.34781, 21.95628 ], [ -159.34793, 21.95628 ], [ -159.3481, 21.95652 ], [ -159.34824, 21.95708 ], [ -159.34826, 21.95737 ], [ -159.34817, 21.95788 ], [ -159.34821, 21.95826 ], [ -159.34821, 21.95884 ], [ -159.34826, 21.95921 ], [ -159.34839, 21.95997 ], [ -159.34843, 21.96008 ], [ -159.3486, 21.96017 ], [ -159.34892, 21.96025 ], [ -159.34917, 21.96027 ], [ -159.34945, 21.96032 ], [ -159.3502, 21.96034 ], [ -159.35054, 21.96032 ], [ -159.35144, 21.9602 ], [ -159.35172, 21.96013 ], [ -159.3519, 21.96004 ], [ -159.35216, 21.95973 ], [ -159.3522, 21.95957 ], [ -159.3522, 21.95938 ], [ -159.35254, 21.95301 ], [ -159.35286, 21.95303 ], [ -159.35363, 21.95516 ], [ -159.35383, 21.95512 ], [ -159.35384, 21.95501 ], [ -159.35669, 21.95428 ], [ -159.35671, 21.95436 ], [ -159.35734, 21.95422 ], [ -159.35733, 21.95416 ], [ -159.35779, 21.95404 ], [ -159.3578, 21.9541 ], [ -159.35863, 21.95392 ], [ -159.3588, 21.95361 ], [ -159.35892, 21.95346 ], [ -159.3593, 21.95306 ], [ -159.35927, 21.95301 ], [ -159.35884, 21.9528 ], [ -159.35811, 21.95063 ], [ -159.35784, 21.95039 ], [ -159.35779, 21.95028 ], [ -159.35787, 21.94968 ], [ -159.35787, 21.94953 ], [ -159.35801, 21.94952 ], [ -159.35796, 21.94986 ], [ -159.35809, 21.94989 ], [ -159.35809, 21.95 ], [ -159.35823, 21.95001 ], [ -159.35826, 21.94993 ], [ -159.35906, 21.95002 ], [ -159.35905, 21.95012 ], [ -159.36083, 21.95035 ], [ -159.36086, 21.95018 ], [ -159.3609, 21.94983 ], [ -159.36095, 21.9496 ], [ -159.36091, 21.94929 ], [ -159.36079, 21.94918 ], [ -159.36065, 21.94911 ], [ -159.35776, 21.94878 ], [ -159.35718, 21.94911 ], [ -159.3571, 21.94932 ], [ -159.35702, 21.94929 ], [ -159.35712, 21.94906 ], [ -159.3574, 21.9489 ], [ -159.35745, 21.94884 ], [ -159.35771, 21.9487 ], [ -159.36063, 21.94903 ], [ -159.36074, 21.94907 ], [ -159.36095, 21.94919 ], [ -159.36102, 21.94929 ], [ -159.36104, 21.94943 ], [ -159.36087, 21.95067 ], [ -159.36086, 21.95105 ], [ -159.36093, 21.95131 ], [ -159.36107, 21.95133 ], [ -159.36129, 21.95118 ], [ -159.36157, 21.95089 ], [ -159.36214, 21.95041 ], [ -159.36228, 21.95026 ], [ -159.36233, 21.95016 ], [ -159.36233, 21.95008 ], [ -159.36225, 21.94983 ], [ -159.36224, 21.94973 ], [ -159.36218, 21.94951 ], [ -159.36204, 21.94913 ], [ -159.36186, 21.94885 ], [ -159.36189, 21.9484 ], [ -159.36194, 21.9483 ], [ -159.36203, 21.94827 ], [ -159.3622, 21.94828 ], [ -159.36233, 21.9482 ], [ -159.36241, 21.94812 ], [ -159.36276, 21.94731 ], [ -159.36296, 21.94691 ], [ -159.36307, 21.94682 ], [ -159.36328, 21.94673 ], [ -159.36362, 21.94666 ], [ -159.36392, 21.94669 ], [ -159.36415, 21.94669 ], [ -159.36452, 21.94662 ], [ -159.36485, 21.94664 ], [ -159.36543, 21.94658 ], [ -159.36581, 21.94658 ], [ -159.36662, 21.94665 ], [ -159.36712, 21.94674 ], [ -159.3697, 21.9507 ], [ -159.3731, 21.95386 ], [ -159.37774, 21.9569 ], [ -159.38204, 21.95866 ], [ -159.38554, 21.95977 ], [ -159.39033, 21.96179 ], [ -159.39369, 21.96554 ], [ -159.39537, 21.97017 ], [ -159.39454, 21.97538 ], [ -159.39185, 21.9817 ], [ -159.38561, 21.99365 ], [ -159.38471, 22.00095 ], [ -159.38587, 22.00799 ], [ -159.3891, 22.01477 ], [ -159.39064, 22.02082 ], [ -159.39089, 22.02379 ], [ -159.39075, 22.0273 ], [ -159.38905, 22.03339 ], [ -159.38646, 22.03736 ], [ -159.38304, 22.04205 ], [ -159.37938, 22.04521 ], [ -159.37284, 22.04882 ], [ -159.36058, 22.05382 ], [ -159.3545, 22.05661 ], [ -159.3487, 22.06123 ], [ -159.34601, 22.06464 ], [ -159.3435, 22.06975 ], [ -159.34054, 22.08775 ], [ -159.33954, 22.10188 ], [ -159.33899, 22.11874 ], [ -159.33736, 22.12766 ], [ -159.33593, 22.13201 ], [ -159.33296, 22.13956 ], [ -159.33041, 22.14587 ], [ -159.32751, 22.15303 ], [ -159.32559, 22.15865 ], [ -159.32472, 22.16627 ], [ -159.32497, 22.17112 ], [ -159.32585, 22.17642 ], [ -159.32813, 22.18258 ], [ -159.33104, 22.18782 ], [ -159.3344, 22.19199 ], [ -159.33986, 22.19763 ], [ -159.3448, 22.20083 ], [ -159.34977, 22.20409 ], [ -159.358, 22.20657 ], [ -159.36426, 22.20727 ], [ -159.37343, 22.20819 ], [ -159.38002, 22.20878 ], [ -159.38439, 22.20947 ], [ -159.39146, 22.21036 ], [ -159.39836, 22.21101 ], [ -159.40721, 22.21161 ], [ -159.41474, 22.21194 ], [ -159.42093, 22.21282 ], [ -159.42541, 22.21335 ], [ -159.4335, 22.21521 ], [ -159.43963, 22.21723 ], [ -159.44705, 22.22039 ], [ -159.45189, 22.22215 ], [ -159.45686, 22.22505 ], [ -159.45697, 22.22516 ], [ -159.45663, 22.22531 ], [ -159.45617, 22.22548 ], [ -159.45588, 22.22565 ], [ -159.4556, 22.22578 ], [ -159.45536, 22.22585 ], [ -159.45514, 22.2259 ], [ -159.45492, 22.22591 ], [ -159.45468, 22.2259 ], [ -159.45451, 22.22586 ], [ -159.45431, 22.22574 ], [ -159.45416, 22.22557 ], [ -159.45403, 22.22542 ], [ -159.45394, 22.22533 ], [ -159.45384, 22.22528 ], [ -159.4536, 22.22523 ], [ -159.45327, 22.22512 ], [ -159.45294, 22.22508 ], [ -159.45246, 22.22503 ], [ -159.4515, 22.22498 ], [ -159.45085, 22.22495 ], [ -159.45055, 22.22494 ], [ -159.45035, 22.22494 ], [ -159.45013, 22.22497 ], [ -159.44994, 22.22502 ], [ -159.44978, 22.22503 ], [ -159.44964, 22.22503 ], [ -159.44949, 22.22498 ], [ -159.44939, 22.22489 ], [ -159.44922, 22.22474 ], [ -159.4491, 22.22461 ], [ -159.449, 22.22454 ], [ -159.44884, 22.22445 ], [ -159.44852, 22.22434 ], [ -159.44816, 22.22423 ], [ -159.44775, 22.22416 ], [ -159.447, 22.22408 ], [ -159.4467, 22.22405 ], [ -159.44641, 22.224 ], [ -159.44608, 22.22389 ], [ -159.4456, 22.22373 ], [ -159.44538, 22.22366 ], [ -159.44518, 22.22362 ], [ -159.44486, 22.22357 ], [ -159.44421, 22.22357 ], [ -159.44382, 22.22356 ], [ -159.44352, 22.22352 ], [ -159.44316, 22.22345 ], [ -159.44246, 22.22317 ], [ -159.44168, 22.22288 ], [ -159.44128, 22.22272 ], [ -159.44104, 22.22258 ], [ -159.44096, 22.22254 ], [ -159.4409, 22.22255 ], [ -159.44085, 22.22263 ], [ -159.44076, 22.22267 ], [ -159.44067, 22.22269 ], [ -159.44052, 22.22265 ], [ -159.4399, 22.22242 ], [ -159.43956, 22.22234 ], [ -159.43936, 22.22233 ], [ -159.43923, 22.22235 ], [ -159.43913, 22.22241 ], [ -159.43907, 22.22253 ], [ -159.43903, 22.22264 ], [ -159.439, 22.22281 ], [ -159.4389, 22.22297 ], [ -159.43878, 22.22314 ], [ -159.43871, 22.2232 ], [ -159.43859, 22.22329 ], [ -159.43837, 22.22338 ], [ -159.43824, 22.22338 ], [ -159.43806, 22.22334 ], [ -159.43778, 22.22325 ], [ -159.43736, 22.22306 ], [ -159.43705, 22.22294 ], [ -159.43692, 22.22288 ], [ -159.43677, 22.22288 ], [ -159.43658, 22.22293 ], [ -159.43643, 22.223 ], [ -159.43629, 22.22305 ], [ -159.43613, 22.22304 ], [ -159.43594, 22.22297 ], [ -159.43581, 22.22286 ], [ -159.43568, 22.2227 ], [ -159.43542, 22.22232 ], [ -159.43523, 22.22194 ], [ -159.43512, 22.22174 ], [ -159.43497, 22.22166 ], [ -159.43474, 22.22153 ], [ -159.43449, 22.22137 ], [ -159.43428, 22.22121 ], [ -159.43411, 22.22099 ], [ -159.43392, 22.22076 ], [ -159.43371, 22.22058 ], [ -159.43358, 22.22045 ], [ -159.43348, 22.22026 ], [ -159.43328, 22.21993 ], [ -159.43304, 22.21945 ], [ -159.4328, 22.21903 ], [ -159.43264, 22.21875 ], [ -159.4325, 22.21855 ], [ -159.43235, 22.21832 ], [ -159.43212, 22.2179 ], [ -159.43185, 22.21753 ], [ -159.43156, 22.21729 ], [ -159.43132, 22.21716 ], [ -159.43117, 22.21714 ], [ -159.43099, 22.21719 ], [ -159.43084, 22.21731 ], [ -159.43068, 22.21746 ], [ -159.43053, 22.21759 ], [ -159.43044, 22.21761 ], [ -159.43037, 22.21763 ], [ -159.43027, 22.21764 ], [ -159.43017, 22.2176 ], [ -159.43004, 22.21749 ], [ -159.42987, 22.21743 ], [ -159.42969, 22.21742 ], [ -159.42955, 22.21743 ], [ -159.42942, 22.21742 ], [ -159.42931, 22.21734 ], [ -159.42921, 22.21724 ], [ -159.42913, 22.21709 ], [ -159.42907, 22.21698 ], [ -159.42907, 22.21682 ], [ -159.42865, 22.21656 ], [ -159.42852, 22.21659 ], [ -159.42817, 22.21656 ], [ -159.42782, 22.21654 ], [ -159.42758, 22.21653 ], [ -159.4274, 22.21655 ], [ -159.42723, 22.2166 ], [ -159.42704, 22.21672 ], [ -159.42652, 22.21711 ], [ -159.42613, 22.21742 ], [ -159.42584, 22.21765 ], [ -159.42569, 22.21782 ], [ -159.42561, 22.21805 ], [ -159.42556, 22.21825 ], [ -159.42555, 22.2185 ], [ -159.4256, 22.21878 ], [ -159.42568, 22.21913 ], [ -159.42576, 22.21948 ], [ -159.42588, 22.21975 ], [ -159.42594, 22.21996 ], [ -159.42595, 22.22006 ], [ -159.42596, 22.22015 ], [ -159.4259, 22.22034 ], [ -159.4258, 22.22053 ], [ -159.42557, 22.22086 ], [ -159.42533, 22.22121 ], [ -159.42522, 22.22141 ], [ -159.4252, 22.22149 ], [ -159.42523, 22.22156 ], [ -159.42533, 22.22162 ], [ -159.42546, 22.22169 ], [ -159.42553, 22.22172 ], [ -159.42555, 22.22176 ], [ -159.42537, 22.22217 ], [ -159.42524, 22.22246 ], [ -159.4252, 22.22264 ], [ -159.42515, 22.22271 ], [ -159.42509, 22.22272 ], [ -159.42495, 22.2227 ], [ -159.42486, 22.22274 ], [ -159.42483, 22.2228 ], [ -159.42485, 22.22288 ], [ -159.42498, 22.22308 ], [ -159.42502, 22.22313 ], [ -159.42504, 22.2232 ], [ -159.42499, 22.22335 ], [ -159.42492, 22.22354 ], [ -159.42479, 22.22353 ], [ -159.42473, 22.22354 ], [ -159.42472, 22.22364 ], [ -159.4247, 22.22369 ], [ -159.42465, 22.22374 ], [ -159.42457, 22.22372 ], [ -159.42453, 22.22368 ], [ -159.42452, 22.2235 ], [ -159.4245, 22.22339 ], [ -159.42449, 22.22334 ], [ -159.42441, 22.2233 ], [ -159.42428, 22.22338 ], [ -159.4242, 22.22339 ], [ -159.42406, 22.22333 ], [ -159.42401, 22.22333 ], [ -159.42393, 22.22334 ], [ -159.42386, 22.22342 ], [ -159.42382, 22.22355 ], [ -159.42381, 22.22371 ], [ -159.42377, 22.22379 ], [ -159.42374, 22.22383 ], [ -159.42368, 22.22382 ], [ -159.42362, 22.22378 ], [ -159.42363, 22.22362 ], [ -159.42362, 22.22346 ], [ -159.42358, 22.22338 ], [ -159.42347, 22.22337 ], [ -159.42343, 22.22343 ], [ -159.42342, 22.22349 ], [ -159.4234, 22.2237 ], [ -159.42337, 22.22375 ], [ -159.42328, 22.22378 ], [ -159.42289, 22.22369 ], [ -159.42259, 22.22364 ], [ -159.42241, 22.22362 ], [ -159.42227, 22.22355 ], [ -159.42219, 22.22348 ], [ -159.42199, 22.22321 ], [ -159.42182, 22.22303 ], [ -159.42161, 22.22294 ], [ -159.4214, 22.22291 ], [ -159.42127, 22.22289 ], [ -159.42117, 22.22282 ], [ -159.42113, 22.22279 ], [ -159.421, 22.22263 ], [ -159.42081, 22.22247 ], [ -159.42069, 22.22239 ], [ -159.42051, 22.22239 ], [ -159.42035, 22.22245 ], [ -159.42026, 22.22247 ], [ -159.4202, 22.22245 ], [ -159.4201, 22.22235 ], [ -159.42, 22.2223 ], [ -159.41991, 22.2223 ], [ -159.41987, 22.22244 ], [ -159.41985, 22.22249 ], [ -159.41975, 22.22243 ], [ -159.41967, 22.22234 ], [ -159.41952, 22.2223 ], [ -159.41938, 22.2223 ], [ -159.4192, 22.22236 ], [ -159.41913, 22.22244 ], [ -159.41903, 22.22254 ], [ -159.41891, 22.2226 ], [ -159.41878, 22.22259 ], [ -159.41867, 22.22252 ], [ -159.41841, 22.22246 ], [ -159.41834, 22.22249 ], [ -159.41829, 22.2225 ], [ -159.41821, 22.22253 ], [ -159.41809, 22.22258 ], [ -159.41795, 22.22262 ], [ -159.41777, 22.22262 ], [ -159.4176, 22.22261 ], [ -159.41739, 22.22266 ], [ -159.4172, 22.22274 ], [ -159.41702, 22.22287 ], [ -159.41685, 22.22304 ], [ -159.41647, 22.22314 ], [ -159.41616, 22.22328 ], [ -159.41611, 22.2233 ], [ -159.41602, 22.22324 ], [ -159.41593, 22.22315 ], [ -159.41582, 22.22313 ], [ -159.41574, 22.22315 ], [ -159.4157, 22.2232 ], [ -159.41564, 22.22342 ], [ -159.4156, 22.22353 ], [ -159.41555, 22.22357 ], [ -159.41549, 22.22358 ], [ -159.41538, 22.2235 ], [ -159.41515, 22.22335 ], [ -159.41503, 22.22333 ], [ -159.41499, 22.22337 ], [ -159.41495, 22.22346 ], [ -159.41491, 22.22366 ], [ -159.41489, 22.22376 ], [ -159.4148, 22.22375 ], [ -159.41473, 22.22366 ], [ -159.41459, 22.22347 ], [ -159.41448, 22.22341 ], [ -159.41437, 22.2234 ], [ -159.41431, 22.22342 ], [ -159.41426, 22.2235 ], [ -159.41423, 22.2236 ], [ -159.41412, 22.22371 ], [ -159.41403, 22.22375 ], [ -159.41394, 22.22376 ], [ -159.41386, 22.22375 ], [ -159.41343, 22.22369 ], [ -159.41317, 22.22368 ], [ -159.413, 22.22369 ], [ -159.41284, 22.22367 ], [ -159.41268, 22.22384 ], [ -159.41263, 22.22383 ], [ -159.41256, 22.22377 ], [ -159.41242, 22.22372 ], [ -159.41185, 22.22385 ], [ -159.41169, 22.22391 ], [ -159.41159, 22.22392 ], [ -159.41142, 22.22396 ], [ -159.41106, 22.22406 ], [ -159.41068, 22.22414 ], [ -159.41021, 22.22429 ], [ -159.40968, 22.22453 ], [ -159.40944, 22.22459 ], [ -159.40923, 22.22467 ], [ -159.4082, 22.22494 ], [ -159.40773, 22.22512 ], [ -159.40714, 22.22542 ], [ -159.40624, 22.22596 ], [ -159.40578, 22.2262 ], [ -159.40569, 22.22625 ], [ -159.40565, 22.22634 ], [ -159.40541, 22.22657 ], [ -159.40522, 22.22667 ], [ -159.40505, 22.22682 ], [ -159.40487, 22.22687 ], [ -159.40474, 22.227 ], [ -159.4045, 22.22738 ], [ -159.40443, 22.22758 ], [ -159.40447, 22.22773 ], [ -159.40454, 22.22808 ], [ -159.40483, 22.22826 ], [ -159.40489, 22.22838 ], [ -159.40486, 22.22852 ], [ -159.4048, 22.22853 ], [ -159.40475, 22.22861 ], [ -159.4047, 22.22873 ], [ -159.40463, 22.22886 ], [ -159.40464, 22.22899 ], [ -159.40449, 22.22918 ], [ -159.40441, 22.22928 ], [ -159.40441, 22.22951 ], [ -159.40423, 22.22996 ], [ -159.40412, 22.2301 ], [ -159.40372, 22.23026 ], [ -159.40366, 22.23035 ], [ -159.40359, 22.23052 ], [ -159.40347, 22.2307 ], [ -159.40339, 22.23071 ], [ -159.40326, 22.23063 ], [ -159.40318, 22.23066 ], [ -159.40313, 22.2307 ], [ -159.40295, 22.23073 ], [ -159.40278, 22.23074 ], [ -159.4024, 22.23064 ], [ -159.40229, 22.23066 ], [ -159.40218, 22.23083 ], [ -159.4022, 22.23089 ], [ -159.40234, 22.23099 ], [ -159.40245, 22.23104 ], [ -159.40252, 22.23113 ], [ -159.40256, 22.23128 ], [ -159.40264, 22.23136 ], [ -159.40285, 22.23146 ], [ -159.40285, 22.2317 ], [ -159.403, 22.23189 ], [ -159.40309, 22.23207 ], [ -159.40307, 22.23213 ], [ -159.40285, 22.23213 ], [ -159.40278, 22.23221 ], [ -159.40274, 22.23233 ], [ -159.40251, 22.23237 ], [ -159.40235, 22.23247 ], [ -159.40224, 22.23247 ] ] ] ] } }
]
}
