{
"type": "FeatureCollection",
"name": "Solar_Insolation_350-400",
"crs": { "type": "name", "properties": { "name": "urn:ogc:def:crs:OGC:1.3:CRS84" } },
"xy_coordinate_resolution": 1e-05,
"features": [
{ "type": "Feature", "properties": { "objectid": 7, "solar_cal": "350-400", "st_areasha": 310147888.3304708, "st_perimet": 193843.77887600142 }, "geometry": { "type": "MultiPolygon", "coordinates": [ [ [ [ -155.38423, 19.38295 ], [ -155.37042, 19.37587 ], [ -155.36663, 19.36163 ], [ -155.36578, 19.34525 ], [ -155.38245, 19.31839 ], [ -155.39416, 19.30346 ], [ -155.40049, 19.29141 ], [ -155.41205, 19.27376 ], [ -155.41907, 19.25748 ], [ -155.42339, 19.23842 ], [ -155.42725, 19.21694 ], [ -155.43516, 19.19652 ], [ -155.4456, 19.18271 ], [ -155.46158, 19.16229 ], [ -155.46825, 19.15335 ], [ -155.47766, 19.14148 ], [ -155.47772, 19.14145 ], [ -155.47774, 19.14142 ], [ -155.47778, 19.1414 ], [ -155.47795, 19.1412 ], [ -155.47821, 19.14111 ], [ -155.47832, 19.141 ], [ -155.47842, 19.14089 ], [ -155.47846, 19.14083 ], [ -155.47863, 19.14074 ], [ -155.47889, 19.14061 ], [ -155.47899, 19.14046 ], [ -155.47919, 19.14029 ], [ -155.47936, 19.14023 ], [ -155.47952, 19.14024 ], [ -155.47966, 19.14018 ], [ -155.47993, 19.14018 ], [ -155.48011, 19.14012 ], [ -155.48033, 19.14013 ], [ -155.48038, 19.14011 ], [ -155.48043, 19.13994 ], [ -155.48053, 19.13989 ], [ -155.48064, 19.1399 ], [ -155.48069, 19.13989 ], [ -155.48079, 19.13982 ], [ -155.48093, 19.13974 ], [ -155.48109, 19.13972 ], [ -155.48127, 19.13968 ], [ -155.48137, 19.13972 ], [ -155.48151, 19.13976 ], [ -155.48169, 19.13974 ], [ -155.48185, 19.13966 ], [ -155.48215, 19.1396 ], [ -155.48245, 19.13945 ], [ -155.48257, 19.13944 ], [ -155.48274, 19.13933 ], [ -155.48286, 19.13924 ], [ -155.48295, 19.13909 ], [ -155.48298, 19.13907 ], [ -155.48306, 19.13906 ], [ -155.48321, 19.13886 ], [ -155.48332, 19.13864 ], [ -155.48342, 19.13849 ], [ -155.48343, 19.13845 ], [ -155.48353, 19.13838 ], [ -155.48368, 19.13838 ], [ -155.48374, 19.13835 ], [ -155.48385, 19.13833 ], [ -155.48397, 19.13823 ], [ -155.48412, 19.13822 ], [ -155.48429, 19.13813 ], [ -155.48441, 19.13815 ], [ -155.4845, 19.13807 ], [ -155.48477, 19.13802 ], [ -155.48486, 19.13791 ], [ -155.48503, 19.13782 ], [ -155.48509, 19.13779 ], [ -155.48519, 19.13777 ], [ -155.48527, 19.13776 ], [ -155.48546, 19.1377 ], [ -155.4859, 19.13768 ], [ -155.48613, 19.13763 ], [ -155.4864, 19.13766 ], [ -155.48649, 19.13764 ], [ -155.48675, 19.13764 ], [ -155.48711, 19.13764 ], [ -155.48743, 19.13759 ], [ -155.48771, 19.13762 ], [ -155.48794, 19.13761 ], [ -155.48817, 19.13757 ], [ -155.48827, 19.13747 ], [ -155.48847, 19.13749 ], [ -155.48861, 19.13745 ], [ -155.48865, 19.13747 ], [ -155.48866, 19.1375 ], [ -155.48884, 19.13753 ], [ -155.48896, 19.13745 ], [ -155.48907, 19.13745 ], [ -155.4892, 19.13738 ], [ -155.48943, 19.13733 ], [ -155.48953, 19.13729 ], [ -155.48965, 19.1373 ], [ -155.48974, 19.13737 ], [ -155.48992, 19.13744 ], [ -155.48999, 19.13736 ], [ -155.49012, 19.13743 ], [ -155.49034, 19.13742 ], [ -155.49037, 19.1374 ], [ -155.49043, 19.13725 ], [ -155.4905, 19.13723 ], [ -155.49052, 19.13725 ], [ -155.49052, 19.13741 ], [ -155.4906, 19.13754 ], [ -155.49066, 19.13758 ], [ -155.4907, 19.13765 ], [ -155.49081, 19.13769 ], [ -155.49087, 19.13778 ], [ -155.4909, 19.13785 ], [ -155.49105, 19.13791 ], [ -155.49111, 19.138 ], [ -155.49118, 19.13802 ], [ -155.49129, 19.138 ], [ -155.49132, 19.13803 ], [ -155.49138, 19.138 ], [ -155.49144, 19.13797 ], [ -155.49163, 19.13798 ], [ -155.49166, 19.13795 ], [ -155.49167, 19.13789 ], [ -155.49169, 19.13786 ], [ -155.49183, 19.13786 ], [ -155.4919, 19.13787 ], [ -155.49197, 19.13784 ], [ -155.49203, 19.13779 ], [ -155.49206, 19.1378 ], [ -155.49213, 19.13793 ], [ -155.49219, 19.13796 ], [ -155.49231, 19.13796 ], [ -155.49234, 19.13803 ], [ -155.49248, 19.13803 ], [ -155.49251, 19.13809 ], [ -155.49273, 19.13814 ], [ -155.49281, 19.13812 ], [ -155.49295, 19.13822 ], [ -155.49311, 19.13823 ], [ -155.4932, 19.13829 ], [ -155.49324, 19.1383 ], [ -155.49341, 19.13833 ], [ -155.49355, 19.13847 ], [ -155.49364, 19.13853 ], [ -155.49373, 19.13859 ], [ -155.49381, 19.13859 ], [ -155.49384, 19.13858 ], [ -155.49395, 19.13841 ], [ -155.49402, 19.13839 ], [ -155.4941, 19.13848 ], [ -155.49416, 19.13856 ], [ -155.49422, 19.13859 ], [ -155.49421, 19.13849 ], [ -155.49423, 19.13846 ], [ -155.49437, 19.13852 ], [ -155.49443, 19.13865 ], [ -155.49459, 19.13873 ], [ -155.49484, 19.13876 ], [ -155.49491, 19.1388 ], [ -155.49505, 19.13876 ], [ -155.49516, 19.13876 ], [ -155.49516, 19.13873 ], [ -155.49506, 19.13869 ], [ -155.49496, 19.13865 ], [ -155.49491, 19.13856 ], [ -155.4949, 19.13845 ], [ -155.49492, 19.13843 ], [ -155.49503, 19.13842 ], [ -155.49509, 19.13838 ], [ -155.49527, 19.13843 ], [ -155.49531, 19.13842 ], [ -155.49531, 19.13839 ], [ -155.49515, 19.13826 ], [ -155.49512, 19.13815 ], [ -155.49514, 19.13812 ], [ -155.49527, 19.13819 ], [ -155.49534, 19.13817 ], [ -155.49535, 19.13807 ], [ -155.49535, 19.13803 ], [ -155.49539, 19.13794 ], [ -155.49536, 19.1378 ], [ -155.49536, 19.13751 ], [ -155.49539, 19.13751 ], [ -155.49552, 19.13769 ], [ -155.49556, 19.13782 ], [ -155.49563, 19.1379 ], [ -155.49585, 19.1379 ], [ -155.49592, 19.13788 ], [ -155.49594, 19.13785 ], [ -155.49604, 19.13783 ], [ -155.49606, 19.138 ], [ -155.49608, 19.13803 ], [ -155.49615, 19.13803 ], [ -155.49617, 19.13792 ], [ -155.49612, 19.13783 ], [ -155.49626, 19.13771 ], [ -155.4963, 19.13761 ], [ -155.49627, 19.13748 ], [ -155.49619, 19.1374 ], [ -155.49609, 19.13721 ], [ -155.49604, 19.13716 ], [ -155.496, 19.13717 ], [ -155.49596, 19.13727 ], [ -155.49593, 19.13729 ], [ -155.49582, 19.13714 ], [ -155.49577, 19.13698 ], [ -155.4958, 19.13688 ], [ -155.49583, 19.13686 ], [ -155.4959, 19.13688 ], [ -155.49595, 19.13684 ], [ -155.49601, 19.13675 ], [ -155.49605, 19.13676 ], [ -155.49608, 19.13682 ], [ -155.49612, 19.13681 ], [ -155.49617, 19.13665 ], [ -155.49624, 19.13661 ], [ -155.49634, 19.13658 ], [ -155.4964, 19.13653 ], [ -155.49651, 19.13656 ], [ -155.49661, 19.13657 ], [ -155.49665, 19.13663 ], [ -155.49672, 19.13665 ], [ -155.49675, 19.13663 ], [ -155.49674, 19.13657 ], [ -155.49672, 19.13654 ], [ -155.49672, 19.1365 ], [ -155.49678, 19.13641 ], [ -155.49683, 19.13614 ], [ -155.49674, 19.13591 ], [ -155.49671, 19.13589 ], [ -155.49668, 19.13595 ], [ -155.49667, 19.13609 ], [ -155.49664, 19.13611 ], [ -155.49662, 19.13601 ], [ -155.49665, 19.13584 ], [ -155.49673, 19.13576 ], [ -155.49674, 19.13571 ], [ -155.49721, 19.13538 ], [ -155.49734, 19.13532 ], [ -155.4975, 19.13533 ], [ -155.49768, 19.1355 ], [ -155.49779, 19.13554 ], [ -155.49786, 19.13565 ], [ -155.49792, 19.13572 ], [ -155.49793, 19.1358 ], [ -155.49793, 19.13599 ], [ -155.49791, 19.13605 ], [ -155.498, 19.1361 ], [ -155.49798, 19.13627 ], [ -155.49799, 19.13643 ], [ -155.49801, 19.13646 ], [ -155.49806, 19.13643 ], [ -155.49826, 19.13627 ], [ -155.49825, 19.13613 ], [ -155.49829, 19.13608 ], [ -155.49831, 19.136 ], [ -155.49837, 19.136 ], [ -155.49845, 19.1361 ], [ -155.49856, 19.13641 ], [ -155.49859, 19.13643 ], [ -155.49871, 19.13642 ], [ -155.4988, 19.13644 ], [ -155.49885, 19.13627 ], [ -155.49892, 19.13633 ], [ -155.49904, 19.13653 ], [ -155.4991, 19.1366 ], [ -155.49922, 19.13665 ], [ -155.49935, 19.13663 ], [ -155.49936, 19.13652 ], [ -155.49941, 19.13645 ], [ -155.49937, 19.13633 ], [ -155.49943, 19.13612 ], [ -155.49951, 19.13607 ], [ -155.49961, 19.1361 ], [ -155.49964, 19.13615 ], [ -155.49969, 19.13615 ], [ -155.49978, 19.13612 ], [ -155.49984, 19.13612 ], [ -155.49987, 19.13608 ], [ -155.4998, 19.13595 ], [ -155.49983, 19.13589 ], [ -155.49991, 19.13586 ], [ -155.49983, 19.1357 ], [ -155.49984, 19.13564 ], [ -155.49987, 19.13559 ], [ -155.49984, 19.13538 ], [ -155.4997, 19.13537 ], [ -155.49964, 19.13515 ], [ -155.49965, 19.1351 ], [ -155.49974, 19.13502 ], [ -155.4998, 19.13499 ], [ -155.4998, 19.13491 ], [ -155.49977, 19.13482 ], [ -155.49981, 19.13467 ], [ -155.49991, 19.1346 ], [ -155.50005, 19.13455 ], [ -155.5002, 19.13459 ], [ -155.50026, 19.13469 ], [ -155.50028, 19.13481 ], [ -155.5003, 19.13483 ], [ -155.50033, 19.13482 ], [ -155.50033, 19.13468 ], [ -155.50038, 19.13461 ], [ -155.50043, 19.13447 ], [ -155.50049, 19.13445 ], [ -155.50058, 19.13447 ], [ -155.50064, 19.13459 ], [ -155.50058, 19.13484 ], [ -155.50056, 19.13498 ], [ -155.50066, 19.1351 ], [ -155.50069, 19.13506 ], [ -155.5007, 19.1349 ], [ -155.50078, 19.13474 ], [ -155.50089, 19.13468 ], [ -155.50104, 19.13469 ], [ -155.50116, 19.13478 ], [ -155.50119, 19.13483 ], [ -155.50119, 19.13518 ], [ -155.50125, 19.13518 ], [ -155.50132, 19.13512 ], [ -155.50131, 19.13504 ], [ -155.50129, 19.1349 ], [ -155.5013, 19.13469 ], [ -155.50138, 19.13463 ], [ -155.5015, 19.13465 ], [ -155.50155, 19.13462 ], [ -155.50158, 19.13462 ], [ -155.50161, 19.13468 ], [ -155.50166, 19.13465 ], [ -155.50173, 19.13458 ], [ -155.50176, 19.13457 ], [ -155.50181, 19.13465 ], [ -155.50189, 19.13468 ], [ -155.50191, 19.13473 ], [ -155.50186, 19.13481 ], [ -155.50187, 19.1349 ], [ -155.50181, 19.13496 ], [ -155.50181, 19.135 ], [ -155.50186, 19.13501 ], [ -155.50192, 19.13497 ], [ -155.502, 19.13481 ], [ -155.50206, 19.13479 ], [ -155.50217, 19.13486 ], [ -155.50228, 19.13482 ], [ -155.50236, 19.13486 ], [ -155.50245, 19.13484 ], [ -155.50248, 19.13485 ], [ -155.50261, 19.13507 ], [ -155.50259, 19.13523 ], [ -155.50262, 19.13529 ], [ -155.5029, 19.13544 ], [ -155.50304, 19.13557 ], [ -155.50311, 19.13568 ], [ -155.50315, 19.13576 ], [ -155.50327, 19.13582 ], [ -155.50331, 19.13589 ], [ -155.50334, 19.13604 ], [ -155.50332, 19.13618 ], [ -155.50335, 19.13624 ], [ -155.50344, 19.13632 ], [ -155.50349, 19.1364 ], [ -155.50368, 19.1364 ], [ -155.50375, 19.13633 ], [ -155.50394, 19.1363 ], [ -155.5042, 19.13616 ], [ -155.50424, 19.13612 ], [ -155.50436, 19.13605 ], [ -155.50459, 19.13584 ], [ -155.50484, 19.1354 ], [ -155.505, 19.13524 ], [ -155.50506, 19.13508 ], [ -155.50507, 19.13483 ], [ -155.50506, 19.13465 ], [ -155.50495, 19.13453 ], [ -155.50483, 19.13442 ], [ -155.50477, 19.13429 ], [ -155.50478, 19.13423 ], [ -155.50481, 19.13422 ], [ -155.5048, 19.1341 ], [ -155.50481, 19.13407 ], [ -155.50487, 19.13401 ], [ -155.50492, 19.13387 ], [ -155.50492, 19.13384 ], [ -155.5048, 19.13377 ], [ -155.50474, 19.13363 ], [ -155.50478, 19.13349 ], [ -155.50491, 19.13339 ], [ -155.50515, 19.1333 ], [ -155.50524, 19.1332 ], [ -155.50529, 19.13303 ], [ -155.50529, 19.13285 ], [ -155.50527, 19.1327 ], [ -155.50519, 19.13261 ], [ -155.50502, 19.13252 ], [ -155.50499, 19.13247 ], [ -155.50499, 19.13238 ], [ -155.50507, 19.13232 ], [ -155.50516, 19.1323 ], [ -155.50517, 19.13226 ], [ -155.50508, 19.13217 ], [ -155.50509, 19.13206 ], [ -155.50501, 19.13201 ], [ -155.50499, 19.13195 ], [ -155.50498, 19.13193 ], [ -155.50498, 19.1319 ], [ -155.50504, 19.13188 ], [ -155.50511, 19.13194 ], [ -155.50518, 19.132 ], [ -155.50532, 19.13196 ], [ -155.50545, 19.13199 ], [ -155.5055, 19.13196 ], [ -155.50562, 19.13177 ], [ -155.50566, 19.13169 ], [ -155.50565, 19.1316 ], [ -155.50571, 19.13157 ], [ -155.50578, 19.13155 ], [ -155.50597, 19.13157 ], [ -155.50627, 19.13151 ], [ -155.50642, 19.13153 ], [ -155.5066, 19.13147 ], [ -155.50688, 19.13145 ], [ -155.507, 19.13144 ], [ -155.50708, 19.1314 ], [ -155.50732, 19.13136 ], [ -155.50735, 19.1313 ], [ -155.50737, 19.13109 ], [ -155.50743, 19.1311 ], [ -155.50751, 19.13116 ], [ -155.50754, 19.13115 ], [ -155.5076, 19.13105 ], [ -155.5077, 19.131 ], [ -155.5078, 19.13084 ], [ -155.50789, 19.1308 ], [ -155.50794, 19.13066 ], [ -155.50802, 19.13061 ], [ -155.50809, 19.13062 ], [ -155.50816, 19.13075 ], [ -155.50819, 19.13074 ], [ -155.50824, 19.1306 ], [ -155.50831, 19.13053 ], [ -155.50835, 19.13045 ], [ -155.50847, 19.13042 ], [ -155.50849, 19.1304 ], [ -155.50843, 19.13017 ], [ -155.50846, 19.13015 ], [ -155.50852, 19.13017 ], [ -155.50854, 19.13022 ], [ -155.50856, 19.13031 ], [ -155.50858, 19.13033 ], [ -155.5088, 19.1302 ], [ -155.50901, 19.13012 ], [ -155.50906, 19.13015 ], [ -155.50911, 19.13019 ], [ -155.50917, 19.13016 ], [ -155.50923, 19.13005 ], [ -155.50918, 19.12992 ], [ -155.50907, 19.12985 ], [ -155.50907, 19.12977 ], [ -155.50911, 19.12969 ], [ -155.50906, 19.1296 ], [ -155.50907, 19.12955 ], [ -155.50925, 19.12941 ], [ -155.50939, 19.12934 ], [ -155.50951, 19.12933 ], [ -155.50972, 19.12936 ], [ -155.50978, 19.12934 ], [ -155.50981, 19.12925 ], [ -155.50978, 19.1292 ], [ -155.50968, 19.12914 ], [ -155.50967, 19.12905 ], [ -155.50976, 19.12897 ], [ -155.50992, 19.12898 ], [ -155.51007, 19.12904 ], [ -155.51017, 19.12916 ], [ -155.51018, 19.12921 ], [ -155.51017, 19.12924 ], [ -155.50991, 19.12931 ], [ -155.50978, 19.12945 ], [ -155.50958, 19.12951 ], [ -155.50955, 19.12956 ], [ -155.50955, 19.12962 ], [ -155.50969, 19.1297 ], [ -155.50973, 19.12982 ], [ -155.50979, 19.12982 ], [ -155.50993, 19.12975 ], [ -155.51011, 19.12981 ], [ -155.51018, 19.12976 ], [ -155.51029, 19.12956 ], [ -155.51017, 19.12935 ], [ -155.51018, 19.12932 ], [ -155.51024, 19.12931 ], [ -155.51043, 19.12957 ], [ -155.51054, 19.12963 ], [ -155.51062, 19.12963 ], [ -155.51077, 19.12959 ], [ -155.51092, 19.12962 ], [ -155.51112, 19.12968 ], [ -155.51125, 19.12968 ], [ -155.51139, 19.12959 ], [ -155.5116, 19.12945 ], [ -155.5117, 19.12944 ], [ -155.51194, 19.12947 ], [ -155.5122, 19.12937 ], [ -155.51227, 19.12927 ], [ -155.51225, 19.12922 ], [ -155.51213, 19.1292 ], [ -155.51202, 19.12914 ], [ -155.51162, 19.12916 ], [ -155.51137, 19.12914 ], [ -155.51125, 19.1291 ], [ -155.51114, 19.12898 ], [ -155.51108, 19.12884 ], [ -155.51102, 19.12867 ], [ -155.51089, 19.12853 ], [ -155.51074, 19.12852 ], [ -155.51042, 19.1286 ], [ -155.51033, 19.12855 ], [ -155.51031, 19.12847 ], [ -155.51039, 19.12837 ], [ -155.51046, 19.12831 ], [ -155.51048, 19.1281 ], [ -155.51072, 19.12816 ], [ -155.51084, 19.12812 ], [ -155.51092, 19.128 ], [ -155.51093, 19.12781 ], [ -155.51086, 19.12742 ], [ -155.51071, 19.12723 ], [ -155.51059, 19.12712 ], [ -155.51053, 19.12695 ], [ -155.51042, 19.1268 ], [ -155.51039, 19.12675 ], [ -155.51026, 19.12666 ], [ -155.51023, 19.12654 ], [ -155.51032, 19.12642 ], [ -155.51021, 19.12635 ], [ -155.5101, 19.126 ], [ -155.5101, 19.12594 ], [ -155.51001, 19.12594 ], [ -155.5099, 19.12601 ], [ -155.5098, 19.126 ], [ -155.50976, 19.12596 ], [ -155.50977, 19.12588 ], [ -155.50978, 19.1258 ], [ -155.50962, 19.12578 ], [ -155.50956, 19.12565 ], [ -155.50955, 19.1255 ], [ -155.50951, 19.12546 ], [ -155.50954, 19.12537 ], [ -155.50952, 19.12534 ], [ -155.50944, 19.1253 ], [ -155.50945, 19.12524 ], [ -155.50936, 19.12512 ], [ -155.50939, 19.12507 ], [ -155.50944, 19.12504 ], [ -155.50969, 19.125 ], [ -155.5097, 19.12497 ], [ -155.50962, 19.12494 ], [ -155.50958, 19.12486 ], [ -155.50961, 19.12481 ], [ -155.50969, 19.12477 ], [ -155.5097, 19.12474 ], [ -155.50967, 19.12469 ], [ -155.5097, 19.12464 ], [ -155.50973, 19.12463 ], [ -155.50974, 19.1246 ], [ -155.50969, 19.12457 ], [ -155.5095, 19.12455 ], [ -155.50946, 19.12447 ], [ -155.50948, 19.12438 ], [ -155.50971, 19.12432 ], [ -155.51, 19.12437 ], [ -155.51003, 19.12436 ], [ -155.51001, 19.1243 ], [ -155.50987, 19.12425 ], [ -155.50977, 19.12425 ], [ -155.50971, 19.12414 ], [ -155.5095, 19.12418 ], [ -155.50943, 19.12417 ], [ -155.50942, 19.12411 ], [ -155.50965, 19.12394 ], [ -155.50965, 19.12391 ], [ -155.50956, 19.12389 ], [ -155.50951, 19.12381 ], [ -155.50939, 19.12381 ], [ -155.50937, 19.12373 ], [ -155.50928, 19.12364 ], [ -155.50928, 19.12361 ], [ -155.50941, 19.12353 ], [ -155.50953, 19.12354 ], [ -155.5097, 19.12358 ], [ -155.50986, 19.12358 ], [ -155.51003, 19.12367 ], [ -155.51018, 19.12366 ], [ -155.5103, 19.12369 ], [ -155.51032, 19.12368 ], [ -155.5103, 19.12363 ], [ -155.50997, 19.12353 ], [ -155.50983, 19.1234 ], [ -155.50971, 19.1233 ], [ -155.50964, 19.1231 ], [ -155.50966, 19.12305 ], [ -155.50992, 19.123 ], [ -155.51016, 19.12303 ], [ -155.51028, 19.12303 ], [ -155.51036, 19.12306 ], [ -155.51048, 19.12304 ], [ -155.51061, 19.1231 ], [ -155.51067, 19.12309 ], [ -155.51072, 19.12301 ], [ -155.51063, 19.12299 ], [ -155.51054, 19.1229 ], [ -155.51039, 19.12296 ], [ -155.51033, 19.12295 ], [ -155.51026, 19.1229 ], [ -155.51017, 19.1229 ], [ -155.51012, 19.12287 ], [ -155.51014, 19.12263 ], [ -155.51015, 19.1226 ], [ -155.51026, 19.12257 ], [ -155.51028, 19.12255 ], [ -155.51017, 19.12243 ], [ -155.5101, 19.1224 ], [ -155.51008, 19.12225 ], [ -155.51003, 19.12221 ], [ -155.51003, 19.12216 ], [ -155.51008, 19.12211 ], [ -155.51007, 19.12206 ], [ -155.50994, 19.12199 ], [ -155.50973, 19.12174 ], [ -155.50967, 19.12162 ], [ -155.50969, 19.12155 ], [ -155.50989, 19.12135 ], [ -155.50997, 19.12114 ], [ -155.51037, 19.12058 ], [ -155.51042, 19.12061 ], [ -155.51041, 19.12078 ], [ -155.51041, 19.12095 ], [ -155.51047, 19.12093 ], [ -155.51072, 19.12078 ], [ -155.51117, 19.12064 ], [ -155.51148, 19.12059 ], [ -155.51181, 19.1206 ], [ -155.51189, 19.12067 ], [ -155.512, 19.12068 ], [ -155.5121, 19.12066 ], [ -155.5121, 19.1206 ], [ -155.512, 19.12053 ], [ -155.51195, 19.12046 ], [ -155.51197, 19.12019 ], [ -155.51195, 19.12013 ], [ -155.5119, 19.12009 ], [ -155.51174, 19.12003 ], [ -155.51162, 19.11988 ], [ -155.51157, 19.11974 ], [ -155.51154, 19.11958 ], [ -155.51158, 19.11955 ], [ -155.51165, 19.11954 ], [ -155.51169, 19.11948 ], [ -155.51177, 19.11949 ], [ -155.51202, 19.1196 ], [ -155.51207, 19.11957 ], [ -155.51212, 19.11922 ], [ -155.51221, 19.11912 ], [ -155.51233, 19.11909 ], [ -155.51243, 19.1191 ], [ -155.51254, 19.11918 ], [ -155.5126, 19.11919 ], [ -155.51271, 19.11917 ], [ -155.51276, 19.11922 ], [ -155.51279, 19.11945 ], [ -155.51285, 19.11956 ], [ -155.5129, 19.11957 ], [ -155.51294, 19.11933 ], [ -155.51294, 19.1192 ], [ -155.51297, 19.11915 ], [ -155.51309, 19.11911 ], [ -155.51301, 19.11878 ], [ -155.51317, 19.1188 ], [ -155.51322, 19.11884 ], [ -155.51321, 19.11894 ], [ -155.51328, 19.119 ], [ -155.51345, 19.11911 ], [ -155.51358, 19.11907 ], [ -155.51367, 19.11909 ], [ -155.51374, 19.11905 ], [ -155.5138, 19.11906 ], [ -155.5139, 19.11903 ], [ -155.514, 19.11894 ], [ -155.51414, 19.11887 ], [ -155.51425, 19.11887 ], [ -155.51441, 19.11876 ], [ -155.51464, 19.11889 ], [ -155.51474, 19.11889 ], [ -155.51476, 19.1188 ], [ -155.51473, 19.11866 ], [ -155.51474, 19.1186 ], [ -155.51494, 19.1184 ], [ -155.51502, 19.11835 ], [ -155.51527, 19.11837 ], [ -155.51535, 19.11835 ], [ -155.51538, 19.11813 ], [ -155.51544, 19.11793 ], [ -155.51543, 19.11788 ], [ -155.51531, 19.11782 ], [ -155.51531, 19.11778 ], [ -155.51536, 19.11762 ], [ -155.51553, 19.11753 ], [ -155.51557, 19.11749 ], [ -155.51558, 19.11741 ], [ -155.51556, 19.11736 ], [ -155.51521, 19.11716 ], [ -155.51513, 19.11709 ], [ -155.51516, 19.11701 ], [ -155.51527, 19.11687 ], [ -155.51536, 19.11684 ], [ -155.5154, 19.11686 ], [ -155.51545, 19.11691 ], [ -155.51555, 19.11689 ], [ -155.51561, 19.11684 ], [ -155.51553, 19.11665 ], [ -155.51545, 19.11655 ], [ -155.51538, 19.1165 ], [ -155.51541, 19.11645 ], [ -155.51547, 19.11641 ], [ -155.51551, 19.11643 ], [ -155.5156, 19.11642 ], [ -155.51571, 19.11646 ], [ -155.51576, 19.11649 ], [ -155.51587, 19.11649 ], [ -155.51592, 19.11643 ], [ -155.51588, 19.11641 ], [ -155.51576, 19.11624 ], [ -155.51579, 19.11618 ], [ -155.51584, 19.11612 ], [ -155.51589, 19.11603 ], [ -155.51592, 19.11571 ], [ -155.51596, 19.11565 ], [ -155.51617, 19.11566 ], [ -155.51625, 19.11564 ], [ -155.5166, 19.11575 ], [ -155.51671, 19.11573 ], [ -155.51676, 19.1157 ], [ -155.51675, 19.11562 ], [ -155.51659, 19.11541 ], [ -155.51658, 19.11516 ], [ -155.51665, 19.11508 ], [ -155.51677, 19.11504 ], [ -155.51713, 19.11506 ], [ -155.51713, 19.11501 ], [ -155.51704, 19.11491 ], [ -155.51704, 19.11488 ], [ -155.51718, 19.11489 ], [ -155.51723, 19.11486 ], [ -155.51724, 19.11478 ], [ -155.51721, 19.11473 ], [ -155.51695, 19.11453 ], [ -155.51697, 19.11451 ], [ -155.51715, 19.11458 ], [ -155.51727, 19.11458 ], [ -155.51731, 19.11453 ], [ -155.51733, 19.11431 ], [ -155.51713, 19.11395 ], [ -155.51713, 19.11391 ], [ -155.51706, 19.11385 ], [ -155.51714, 19.11382 ], [ -155.51718, 19.11385 ], [ -155.51732, 19.11389 ], [ -155.51765, 19.11389 ], [ -155.51794, 19.11393 ], [ -155.51817, 19.11391 ], [ -155.5183, 19.11394 ], [ -155.51852, 19.11405 ], [ -155.51861, 19.11405 ], [ -155.5187, 19.11399 ], [ -155.51871, 19.11392 ], [ -155.51876, 19.11386 ], [ -155.51886, 19.11368 ], [ -155.51912, 19.11376 ], [ -155.51924, 19.11372 ], [ -155.51937, 19.11361 ], [ -155.51949, 19.11345 ], [ -155.51953, 19.11334 ], [ -155.51956, 19.11332 ], [ -155.5196, 19.11333 ], [ -155.51967, 19.11339 ], [ -155.5198, 19.11341 ], [ -155.51993, 19.11342 ], [ -155.52016, 19.11338 ], [ -155.52026, 19.11333 ], [ -155.52046, 19.11335 ], [ -155.52052, 19.11332 ], [ -155.5205, 19.11309 ], [ -155.52052, 19.11305 ], [ -155.52066, 19.11312 ], [ -155.52076, 19.11314 ], [ -155.52083, 19.1131 ], [ -155.52088, 19.11302 ], [ -155.52095, 19.11308 ], [ -155.52118, 19.11319 ], [ -155.52126, 19.11317 ], [ -155.52131, 19.1132 ], [ -155.52155, 19.11323 ], [ -155.52175, 19.11335 ], [ -155.52184, 19.11335 ], [ -155.52198, 19.11325 ], [ -155.52205, 19.11323 ], [ -155.52249, 19.11342 ], [ -155.52252, 19.11337 ], [ -155.52252, 19.1132 ], [ -155.52255, 19.11311 ], [ -155.5226, 19.11303 ], [ -155.52268, 19.113 ], [ -155.52286, 19.11306 ], [ -155.52298, 19.11304 ], [ -155.52308, 19.1129 ], [ -155.5233, 19.11285 ], [ -155.52365, 19.11292 ], [ -155.52381, 19.11305 ], [ -155.52388, 19.11309 ], [ -155.52407, 19.11312 ], [ -155.5242, 19.11316 ], [ -155.52438, 19.11351 ], [ -155.52444, 19.11355 ], [ -155.52456, 19.11358 ], [ -155.52479, 19.11368 ], [ -155.52487, 19.11387 ], [ -155.52492, 19.11392 ], [ -155.52505, 19.11391 ], [ -155.52519, 19.11385 ], [ -155.5253, 19.11383 ], [ -155.52536, 19.1138 ], [ -155.52544, 19.11367 ], [ -155.52541, 19.11355 ], [ -155.52534, 19.11338 ], [ -155.52538, 19.11328 ], [ -155.5254, 19.11315 ], [ -155.52539, 19.11308 ], [ -155.5255, 19.11298 ], [ -155.52553, 19.11289 ], [ -155.52568, 19.1127 ], [ -155.52572, 19.11259 ], [ -155.52568, 19.11249 ], [ -155.52557, 19.1124 ], [ -155.5255, 19.11231 ], [ -155.5254, 19.11224 ], [ -155.52535, 19.11216 ], [ -155.52537, 19.11209 ], [ -155.52541, 19.11202 ], [ -155.5254, 19.11193 ], [ -155.52537, 19.11182 ], [ -155.52555, 19.11178 ], [ -155.52568, 19.11169 ], [ -155.52583, 19.11146 ], [ -155.52587, 19.11129 ], [ -155.52588, 19.11114 ], [ -155.52575, 19.11095 ], [ -155.52575, 19.11087 ], [ -155.52609, 19.11096 ], [ -155.52623, 19.11094 ], [ -155.52634, 19.11096 ], [ -155.52652, 19.11105 ], [ -155.52659, 19.11115 ], [ -155.52669, 19.11142 ], [ -155.52676, 19.1114 ], [ -155.52681, 19.11123 ], [ -155.52687, 19.11114 ], [ -155.52692, 19.11112 ], [ -155.5271, 19.11096 ], [ -155.52714, 19.11087 ], [ -155.52709, 19.11084 ], [ -155.527, 19.11083 ], [ -155.52653, 19.1108 ], [ -155.52635, 19.11073 ], [ -155.5268, 19.10997 ], [ -155.52691, 19.10975 ], [ -155.52711, 19.10971 ], [ -155.52712, 19.10962 ], [ -155.52707, 19.10952 ], [ -155.5271, 19.10944 ], [ -155.52741, 19.10916 ], [ -155.5275, 19.10903 ], [ -155.52762, 19.10872 ], [ -155.52765, 19.10848 ], [ -155.52762, 19.10829 ], [ -155.52768, 19.1082 ], [ -155.52776, 19.10813 ], [ -155.52808, 19.10804 ], [ -155.52816, 19.10791 ], [ -155.52822, 19.10774 ], [ -155.52835, 19.1077 ], [ -155.52844, 19.1076 ], [ -155.52858, 19.10748 ], [ -155.52861, 19.10734 ], [ -155.52895, 19.10692 ], [ -155.52902, 19.10674 ], [ -155.52905, 19.10656 ], [ -155.52914, 19.1064 ], [ -155.5292, 19.10633 ], [ -155.52937, 19.10633 ], [ -155.52943, 19.10628 ], [ -155.52948, 19.10596 ], [ -155.52961, 19.10581 ], [ -155.52963, 19.10567 ], [ -155.52972, 19.10525 ], [ -155.52995, 19.10505 ], [ -155.53, 19.1051 ], [ -155.53015, 19.1053 ], [ -155.53024, 19.10536 ], [ -155.53052, 19.10543 ], [ -155.5312, 19.1053 ], [ -155.53134, 19.10522 ], [ -155.53142, 19.10515 ], [ -155.53149, 19.10505 ], [ -155.53155, 19.10491 ], [ -155.53161, 19.10462 ], [ -155.53161, 19.10443 ], [ -155.53166, 19.10433 ], [ -155.5318, 19.10414 ], [ -155.53192, 19.10409 ], [ -155.53199, 19.10396 ], [ -155.53187, 19.1038 ], [ -155.53188, 19.1037 ], [ -155.53212, 19.10326 ], [ -155.5323, 19.10305 ], [ -155.53252, 19.1027 ], [ -155.5326, 19.10268 ], [ -155.53287, 19.10268 ], [ -155.53294, 19.10265 ], [ -155.53298, 19.1026 ], [ -155.53306, 19.10257 ], [ -155.53317, 19.10261 ], [ -155.53332, 19.10281 ], [ -155.53343, 19.10288 ], [ -155.5335, 19.10287 ], [ -155.53355, 19.10282 ], [ -155.53365, 19.10256 ], [ -155.53341, 19.10228 ], [ -155.53356, 19.10224 ], [ -155.53362, 19.10218 ], [ -155.53382, 19.10201 ], [ -155.53381, 19.10192 ], [ -155.53377, 19.10185 ], [ -155.53379, 19.10183 ], [ -155.53415, 19.10179 ], [ -155.53426, 19.10181 ], [ -155.53442, 19.10177 ], [ -155.53449, 19.10169 ], [ -155.53449, 19.10164 ], [ -155.53442, 19.10156 ], [ -155.53409, 19.10137 ], [ -155.53409, 19.10133 ], [ -155.53426, 19.10135 ], [ -155.53441, 19.10143 ], [ -155.53447, 19.10144 ], [ -155.53461, 19.10138 ], [ -155.53455, 19.10128 ], [ -155.53438, 19.10112 ], [ -155.53417, 19.10104 ], [ -155.53417, 19.10101 ], [ -155.53434, 19.10103 ], [ -155.53444, 19.10098 ], [ -155.53457, 19.10095 ], [ -155.53478, 19.10101 ], [ -155.53481, 19.10099 ], [ -155.5348, 19.10094 ], [ -155.53467, 19.10064 ], [ -155.53474, 19.10059 ], [ -155.53479, 19.10049 ], [ -155.53476, 19.10042 ], [ -155.53466, 19.10027 ], [ -155.53457, 19.10004 ], [ -155.5345, 19.1 ], [ -155.53448, 19.09996 ], [ -155.53463, 19.09988 ], [ -155.53462, 19.0998 ], [ -155.53459, 19.09972 ], [ -155.5345, 19.09967 ], [ -155.53435, 19.09962 ], [ -155.53434, 19.09957 ], [ -155.5345, 19.09956 ], [ -155.53453, 19.09955 ], [ -155.53446, 19.09928 ], [ -155.53474, 19.09926 ], [ -155.53474, 19.09922 ], [ -155.53464, 19.09917 ], [ -155.53461, 19.09914 ], [ -155.53471, 19.09914 ], [ -155.53471, 19.09904 ], [ -155.53462, 19.09892 ], [ -155.5347, 19.09889 ], [ -155.5348, 19.09868 ], [ -155.53487, 19.09869 ], [ -155.53492, 19.09872 ], [ -155.53502, 19.09873 ], [ -155.53511, 19.09871 ], [ -155.53529, 19.09877 ], [ -155.53535, 19.09874 ], [ -155.53547, 19.09863 ], [ -155.53552, 19.09853 ], [ -155.53566, 19.09846 ], [ -155.53581, 19.09843 ], [ -155.53588, 19.09837 ], [ -155.53591, 19.09826 ], [ -155.53589, 19.09814 ], [ -155.5359, 19.09804 ], [ -155.53595, 19.09799 ], [ -155.53596, 19.09796 ], [ -155.53602, 19.09778 ], [ -155.53624, 19.09739 ], [ -155.53631, 19.09734 ], [ -155.53625, 19.09723 ], [ -155.53625, 19.09711 ], [ -155.53627, 19.09703 ], [ -155.53637, 19.09679 ], [ -155.53639, 19.09671 ], [ -155.53635, 19.09667 ], [ -155.53639, 19.09655 ], [ -155.53646, 19.09646 ], [ -155.53654, 19.09624 ], [ -155.53672, 19.09603 ], [ -155.53675, 19.09594 ], [ -155.5367, 19.09585 ], [ -155.53672, 19.09581 ], [ -155.53675, 19.09579 ], [ -155.5368, 19.09564 ], [ -155.53707, 19.09559 ], [ -155.53712, 19.09553 ], [ -155.5371, 19.09549 ], [ -155.537, 19.09542 ], [ -155.53699, 19.09537 ], [ -155.53704, 19.09531 ], [ -155.53722, 19.0952 ], [ -155.53727, 19.09513 ], [ -155.53729, 19.09506 ], [ -155.53735, 19.09504 ], [ -155.53756, 19.09515 ], [ -155.5376, 19.09513 ], [ -155.53759, 19.09497 ], [ -155.53747, 19.09473 ], [ -155.53758, 19.09469 ], [ -155.53763, 19.09462 ], [ -155.53756, 19.09459 ], [ -155.53749, 19.09457 ], [ -155.5375, 19.09447 ], [ -155.53749, 19.0944 ], [ -155.53761, 19.09429 ], [ -155.53768, 19.09418 ], [ -155.53786, 19.09409 ], [ -155.53805, 19.09405 ], [ -155.5381, 19.09398 ], [ -155.53811, 19.09394 ], [ -155.53807, 19.09392 ], [ -155.53805, 19.0939 ], [ -155.53815, 19.09389 ], [ -155.53831, 19.09382 ], [ -155.53832, 19.09378 ], [ -155.53828, 19.09376 ], [ -155.53827, 19.09372 ], [ -155.53853, 19.09377 ], [ -155.53874, 19.09365 ], [ -155.53884, 19.09367 ], [ -155.53892, 19.09367 ], [ -155.539, 19.09363 ], [ -155.53903, 19.09359 ], [ -155.539, 19.0935 ], [ -155.53907, 19.0935 ], [ -155.53905, 19.09336 ], [ -155.539, 19.0933 ], [ -155.53889, 19.09323 ], [ -155.53893, 19.09318 ], [ -155.53915, 19.09322 ], [ -155.53919, 19.09321 ], [ -155.53926, 19.09302 ], [ -155.53924, 19.09297 ], [ -155.53915, 19.09292 ], [ -155.53915, 19.09289 ], [ -155.53919, 19.09288 ], [ -155.53928, 19.09294 ], [ -155.53946, 19.09294 ], [ -155.53962, 19.09297 ], [ -155.53978, 19.09293 ], [ -155.53982, 19.09289 ], [ -155.53982, 19.09284 ], [ -155.53978, 19.09279 ], [ -155.53972, 19.09277 ], [ -155.53943, 19.09273 ], [ -155.5394, 19.09268 ], [ -155.53942, 19.09255 ], [ -155.53945, 19.09251 ], [ -155.53955, 19.0923 ], [ -155.53977, 19.09202 ], [ -155.5401, 19.09174 ], [ -155.54023, 19.09167 ], [ -155.5403, 19.09159 ], [ -155.54036, 19.09136 ], [ -155.5404, 19.09134 ], [ -155.54045, 19.09133 ], [ -155.54059, 19.09137 ], [ -155.54074, 19.09151 ], [ -155.54084, 19.09154 ], [ -155.5409, 19.09152 ], [ -155.54094, 19.09146 ], [ -155.54094, 19.0914 ], [ -155.54091, 19.09137 ], [ -155.54089, 19.09132 ], [ -155.54092, 19.09119 ], [ -155.54114, 19.09082 ], [ -155.54115, 19.09065 ], [ -155.54122, 19.09061 ], [ -155.54131, 19.09066 ], [ -155.54138, 19.09066 ], [ -155.54146, 19.0906 ], [ -155.54152, 19.0905 ], [ -155.54175, 19.09045 ], [ -155.54177, 19.09034 ], [ -155.54175, 19.0903 ], [ -155.54178, 19.0902 ], [ -155.54184, 19.08995 ], [ -155.54181, 19.08977 ], [ -155.54177, 19.08968 ], [ -155.54173, 19.08943 ], [ -155.54168, 19.08936 ], [ -155.54167, 19.0893 ], [ -155.54169, 19.08925 ], [ -155.54175, 19.0892 ], [ -155.54193, 19.08914 ], [ -155.54198, 19.08909 ], [ -155.542, 19.08889 ], [ -155.54203, 19.08885 ], [ -155.54227, 19.08869 ], [ -155.54226, 19.08866 ], [ -155.5423, 19.08857 ], [ -155.54222, 19.08836 ], [ -155.54224, 19.08828 ], [ -155.54215, 19.08813 ], [ -155.54218, 19.08809 ], [ -155.54241, 19.08802 ], [ -155.5424, 19.08795 ], [ -155.54224, 19.08775 ], [ -155.54225, 19.08771 ], [ -155.54228, 19.08768 ], [ -155.54237, 19.08757 ], [ -155.54248, 19.08753 ], [ -155.5424, 19.08733 ], [ -155.54244, 19.08711 ], [ -155.5424, 19.08678 ], [ -155.54249, 19.08636 ], [ -155.54254, 19.08626 ], [ -155.54266, 19.0862 ], [ -155.54277, 19.08619 ], [ -155.54284, 19.08614 ], [ -155.54287, 19.08606 ], [ -155.54285, 19.086 ], [ -155.54279, 19.08592 ], [ -155.5428, 19.08588 ], [ -155.54286, 19.08581 ], [ -155.54294, 19.08579 ], [ -155.54302, 19.08581 ], [ -155.54315, 19.08577 ], [ -155.54326, 19.08571 ], [ -155.54343, 19.08574 ], [ -155.54351, 19.08567 ], [ -155.54355, 19.08561 ], [ -155.54366, 19.08554 ], [ -155.54371, 19.08546 ], [ -155.54375, 19.08543 ], [ -155.54384, 19.08542 ], [ -155.54398, 19.08543 ], [ -155.54422, 19.08534 ], [ -155.54438, 19.08531 ], [ -155.54482, 19.08544 ], [ -155.54517, 19.08545 ], [ -155.54579, 19.08534 ], [ -155.54599, 19.08542 ], [ -155.54624, 19.08546 ], [ -155.54638, 19.0854 ], [ -155.54646, 19.08534 ], [ -155.54666, 19.08512 ], [ -155.54671, 19.08501 ], [ -155.54675, 19.08475 ], [ -155.54681, 19.08471 ], [ -155.54692, 19.08469 ], [ -155.54701, 19.0847 ], [ -155.54713, 19.08474 ], [ -155.54719, 19.08479 ], [ -155.54722, 19.08486 ], [ -155.5472, 19.08494 ], [ -155.54703, 19.08518 ], [ -155.54691, 19.08528 ], [ -155.54672, 19.08538 ], [ -155.5467, 19.08553 ], [ -155.54673, 19.0856 ], [ -155.54678, 19.08568 ], [ -155.54703, 19.08581 ], [ -155.5471, 19.08592 ], [ -155.54717, 19.08611 ], [ -155.54725, 19.08619 ], [ -155.5474, 19.08619 ], [ -155.54754, 19.08618 ], [ -155.54788, 19.08607 ], [ -155.548, 19.08606 ], [ -155.54806, 19.08607 ], [ -155.54807, 19.08612 ], [ -155.54804, 19.08616 ], [ -155.54803, 19.08623 ], [ -155.54805, 19.0863 ], [ -155.54811, 19.08629 ], [ -155.54857, 19.08611 ], [ -155.54863, 19.08608 ], [ -155.54908, 19.0858 ], [ -155.54949, 19.08547 ], [ -155.54977, 19.08538 ], [ -155.55002, 19.08538 ], [ -155.5501, 19.08535 ], [ -155.55009, 19.08526 ], [ -155.55, 19.08499 ], [ -155.54995, 19.08495 ], [ -155.54988, 19.08494 ], [ -155.54976, 19.085 ], [ -155.54947, 19.08523 ], [ -155.54927, 19.08536 ], [ -155.54908, 19.08543 ], [ -155.54904, 19.0854 ], [ -155.54915, 19.08535 ], [ -155.54941, 19.08517 ], [ -155.54962, 19.08497 ], [ -155.54997, 19.08472 ], [ -155.55033, 19.08439 ], [ -155.55039, 19.08431 ], [ -155.55042, 19.08425 ], [ -155.55028, 19.08399 ], [ -155.5504, 19.08394 ], [ -155.55059, 19.0843 ], [ -155.55084, 19.08433 ], [ -155.55115, 19.0843 ], [ -155.55126, 19.08425 ], [ -155.55172, 19.08368 ], [ -155.55185, 19.08357 ], [ -155.55187, 19.08348 ], [ -155.55189, 19.08335 ], [ -155.55179, 19.08317 ], [ -155.55158, 19.08295 ], [ -155.55157, 19.08291 ], [ -155.55161, 19.08271 ], [ -155.5516, 19.0824 ], [ -155.55157, 19.0822 ], [ -155.55157, 19.08216 ], [ -155.55179, 19.08219 ], [ -155.55197, 19.08195 ], [ -155.55217, 19.0817 ], [ -155.55219, 19.08161 ], [ -155.55222, 19.08156 ], [ -155.55235, 19.08148 ], [ -155.55257, 19.08148 ], [ -155.55273, 19.08145 ], [ -155.5528, 19.08141 ], [ -155.55285, 19.08134 ], [ -155.55287, 19.08122 ], [ -155.55296, 19.08101 ], [ -155.55293, 19.08093 ], [ -155.55296, 19.08087 ], [ -155.55318, 19.08066 ], [ -155.55318, 19.08058 ], [ -155.55312, 19.08053 ], [ -155.55313, 19.08043 ], [ -155.55356, 19.08044 ], [ -155.55365, 19.08042 ], [ -155.55372, 19.08039 ], [ -155.55383, 19.08036 ], [ -155.55417, 19.08015 ], [ -155.55432, 19.07996 ], [ -155.5544, 19.07991 ], [ -155.55458, 19.07989 ], [ -155.55473, 19.07985 ], [ -155.55485, 19.07977 ], [ -155.55516, 19.07941 ], [ -155.55524, 19.07926 ], [ -155.55538, 19.0788 ], [ -155.55539, 19.07821 ], [ -155.55535, 19.07797 ], [ -155.55525, 19.07778 ], [ -155.55504, 19.07765 ], [ -155.55505, 19.07762 ], [ -155.5551, 19.07754 ], [ -155.55513, 19.07744 ], [ -155.55513, 19.07738 ], [ -155.55516, 19.07734 ], [ -155.55525, 19.07725 ], [ -155.55521, 19.07709 ], [ -155.55503, 19.07667 ], [ -155.55476, 19.07619 ], [ -155.55463, 19.07604 ], [ -155.55452, 19.07595 ], [ -155.55438, 19.07589 ], [ -155.55429, 19.07583 ], [ -155.55391, 19.07589 ], [ -155.5537, 19.0759 ], [ -155.55364, 19.07585 ], [ -155.55352, 19.07582 ], [ -155.55341, 19.07581 ], [ -155.55335, 19.07579 ], [ -155.55337, 19.07532 ], [ -155.55343, 19.075 ], [ -155.55353, 19.0747 ], [ -155.55362, 19.07459 ], [ -155.55372, 19.07451 ], [ -155.55377, 19.07444 ], [ -155.55378, 19.07435 ], [ -155.55369, 19.07408 ], [ -155.55365, 19.07402 ], [ -155.55364, 19.07376 ], [ -155.55355, 19.07353 ], [ -155.55334, 19.07287 ], [ -155.55323, 19.07256 ], [ -155.55316, 19.07252 ], [ -155.55317, 19.07247 ], [ -155.55321, 19.07239 ], [ -155.55316, 19.0722 ], [ -155.55316, 19.0719 ], [ -155.55312, 19.07178 ], [ -155.55312, 19.07173 ], [ -155.55316, 19.07169 ], [ -155.55327, 19.07165 ], [ -155.55362, 19.07152 ], [ -155.55407, 19.0712 ], [ -155.55406, 19.07111 ], [ -155.55391, 19.07092 ], [ -155.55391, 19.0708 ], [ -155.55384, 19.07052 ], [ -155.55381, 19.0701 ], [ -155.55377, 19.07001 ], [ -155.5537, 19.06997 ], [ -155.55362, 19.06989 ], [ -155.55352, 19.06982 ], [ -155.55342, 19.06981 ], [ -155.55325, 19.06984 ], [ -155.55332, 19.06974 ], [ -155.55332, 19.06962 ], [ -155.55329, 19.06952 ], [ -155.55363, 19.06941 ], [ -155.55373, 19.0694 ], [ -155.55379, 19.06935 ], [ -155.55447, 19.06913 ], [ -155.57037, 19.06781 ], [ -155.58733, 19.06598 ], [ -155.60451, 19.06494 ], [ -155.61994, 19.0599 ], [ -155.63411, 19.05669 ], [ -155.64468, 19.06047 ], [ -155.65548, 19.06616 ], [ -155.66237, 19.0725 ], [ -155.66937, 19.07975 ], [ -155.67535, 19.08913 ], [ -155.67881, 19.10066 ], [ -155.6769, 19.11537 ], [ -155.6725, 19.13385 ], [ -155.6707, 19.14102 ], [ -155.66035, 19.15978 ], [ -155.65237, 19.17347 ], [ -155.64698, 19.1825 ], [ -155.63713, 19.19933 ], [ -155.62511, 19.21308 ], [ -155.61726, 19.22103 ], [ -155.60634, 19.23788 ], [ -155.59608, 19.24878 ], [ -155.58727, 19.25735 ], [ -155.57298, 19.26841 ], [ -155.55544, 19.28383 ], [ -155.54325, 19.29404 ], [ -155.52977, 19.30287 ], [ -155.51558, 19.31462 ], [ -155.50122, 19.3298 ], [ -155.48876, 19.34354 ], [ -155.46948, 19.35716 ], [ -155.4577, 19.36656 ], [ -155.43031, 19.37847 ], [ -155.41263, 19.38422 ], [ -155.39956, 19.38488 ], [ -155.38423, 19.38295 ] ], [ [ -155.44722, 19.34597 ], [ -155.46457, 19.33146 ], [ -155.48338, 19.31523 ], [ -155.497, 19.30078 ], [ -155.50875, 19.28926 ], [ -155.52387, 19.27558 ], [ -155.53507, 19.26316 ], [ -155.55039, 19.24908 ], [ -155.56563, 19.23691 ], [ -155.58777, 19.2173 ], [ -155.59908, 19.20508 ], [ -155.60949, 19.19025 ], [ -155.61774, 19.18048 ], [ -155.62419, 19.17113 ], [ -155.63834, 19.14317 ], [ -155.64166, 19.13025 ], [ -155.64235, 19.11192 ], [ -155.64065, 19.09745 ], [ -155.63649, 19.08866 ], [ -155.62517, 19.08408 ], [ -155.6135, 19.08434 ], [ -155.59672, 19.09151 ], [ -155.58177, 19.10037 ], [ -155.5603, 19.11352 ], [ -155.54142, 19.13017 ], [ -155.52876, 19.14392 ], [ -155.51473, 19.15829 ], [ -155.49827, 19.1739 ], [ -155.49144, 19.18002 ], [ -155.47787, 19.19709 ], [ -155.46454, 19.21738 ], [ -155.46104, 19.23362 ], [ -155.45692, 19.25913 ], [ -155.45584, 19.27393 ], [ -155.45183, 19.28464 ], [ -155.44448, 19.29922 ], [ -155.43768, 19.3155 ], [ -155.42673, 19.33153 ], [ -155.41888, 19.34108 ], [ -155.42045, 19.3476 ], [ -155.42604, 19.35196 ], [ -155.432, 19.35279 ], [ -155.44722, 19.34597 ] ] ] ] } },
{ "type": "Feature", "properties": { "objectid": 11, "solar_cal": "350-400", "st_areasha": 279253591.30150527, "st_perimet": 93665.918382637159 }, "geometry": { "type": "MultiPolygon", "coordinates": [ [ [ [ -155.76803, 19.76972 ], [ -155.7611, 19.76256 ], [ -155.7599, 19.75292 ], [ -155.76389, 19.7417 ], [ -155.77251, 19.72618 ], [ -155.78768, 19.70665 ], [ -155.79804, 19.69413 ], [ -155.80717, 19.68455 ], [ -155.81388, 19.66342 ], [ -155.82164, 19.64781 ], [ -155.83445, 19.63586 ], [ -155.8496, 19.62306 ], [ -155.86349, 19.6117 ], [ -155.87349, 19.59746 ], [ -155.88077, 19.58628 ], [ -155.88941, 19.55959 ], [ -155.89026, 19.53935 ], [ -155.88489, 19.52232 ], [ -155.87781, 19.50521 ], [ -155.86779, 19.49076 ], [ -155.85862, 19.4765 ], [ -155.85399, 19.46611 ], [ -155.85142, 19.45769 ], [ -155.85308, 19.4487 ], [ -155.86252, 19.44666 ], [ -155.87204, 19.44974 ], [ -155.87779, 19.4568 ], [ -155.88366, 19.46416 ], [ -155.89224, 19.47501 ], [ -155.90191, 19.48765 ], [ -155.90827, 19.49923 ], [ -155.91422, 19.51887 ], [ -155.91931, 19.53802 ], [ -155.92324, 19.55738 ], [ -155.9274, 19.57121 ], [ -155.93366, 19.58954 ], [ -155.93355, 19.60977 ], [ -155.93485, 19.62465 ], [ -155.93649, 19.63368 ], [ -155.93822, 19.6418 ], [ -155.93851, 19.66012 ], [ -155.94114, 19.67145 ], [ -155.94165, 19.68332 ], [ -155.94114, 19.69208 ], [ -155.9371, 19.70563 ], [ -155.93307, 19.72048 ], [ -155.92634, 19.72682 ], [ -155.91704, 19.73169 ], [ -155.90695, 19.73425 ], [ -155.89406, 19.73484 ], [ -155.88598, 19.73606 ], [ -155.87405, 19.73694 ], [ -155.85929, 19.74067 ], [ -155.84676, 19.74377 ], [ -155.83382, 19.74848 ], [ -155.82271, 19.75417 ], [ -155.81245, 19.75944 ], [ -155.79856, 19.76507 ], [ -155.78445, 19.7698 ], [ -155.7752, 19.77153 ], [ -155.76803, 19.76972 ] ] ] ] } },
{ "type": "Feature", "properties": { "objectid": 25, "solar_cal": "350-400", "st_areasha": 1378600439.4108324, "st_perimet": 558071.21612691763 }, "geometry": { "type": "MultiPolygon", "coordinates": [ [ [ [ -155.76979, 20.22281 ], [ -155.75541, 20.21928 ], [ -155.74404, 20.21681 ], [ -155.73142, 20.21467 ], [ -155.73143, 20.21463 ], [ -155.73144, 20.21456 ], [ -155.73143, 20.2145 ], [ -155.7314, 20.21439 ], [ -155.7314, 20.21432 ], [ -155.73145, 20.21423 ], [ -155.73151, 20.2141 ], [ -155.73158, 20.21402 ], [ -155.73171, 20.21381 ], [ -155.73193, 20.21354 ], [ -155.73199, 20.21344 ], [ -155.73201, 20.21338 ], [ -155.73204, 20.21325 ], [ -155.73211, 20.2131 ], [ -155.73218, 20.21301 ], [ -155.73225, 20.21293 ], [ -155.7323, 20.21292 ], [ -155.73236, 20.21289 ], [ -155.73257, 20.21283 ], [ -155.73265, 20.21278 ], [ -155.73276, 20.21264 ], [ -155.73284, 20.2126 ], [ -155.73293, 20.21254 ], [ -155.73311, 20.21248 ], [ -155.73319, 20.21239 ], [ -155.73323, 20.21235 ], [ -155.73328, 20.21229 ], [ -155.73335, 20.2122 ], [ -155.73336, 20.21211 ], [ -155.73341, 20.21199 ], [ -155.73343, 20.21186 ], [ -155.7334, 20.21171 ], [ -155.73338, 20.21147 ], [ -155.73331, 20.21124 ], [ -155.73318, 20.21089 ], [ -155.73316, 20.2108 ], [ -155.73317, 20.21072 ], [ -155.73318, 20.21062 ], [ -155.73319, 20.21054 ], [ -155.73314, 20.21033 ], [ -155.73312, 20.21021 ], [ -155.7331, 20.21007 ], [ -155.73305, 20.20994 ], [ -155.73297, 20.20977 ], [ -155.73295, 20.20956 ], [ -155.73291, 20.20939 ], [ -155.73288, 20.20933 ], [ -155.73285, 20.20926 ], [ -155.73282, 20.20919 ], [ -155.73277, 20.20911 ], [ -155.73272, 20.20901 ], [ -155.73266, 20.20892 ], [ -155.7326, 20.20883 ], [ -155.73256, 20.20875 ], [ -155.73251, 20.20866 ], [ -155.7325, 20.20856 ], [ -155.73245, 20.20849 ], [ -155.7324, 20.20839 ], [ -155.7323, 20.2082 ], [ -155.73221, 20.20791 ], [ -155.73202, 20.20747 ], [ -155.73194, 20.20731 ], [ -155.73186, 20.20715 ], [ -155.73182, 20.20702 ], [ -155.73166, 20.20657 ], [ -155.73147, 20.20602 ], [ -155.73139, 20.20584 ], [ -155.73132, 20.20572 ], [ -155.73126, 20.20557 ], [ -155.73122, 20.20538 ], [ -155.73113, 20.20504 ], [ -155.73111, 20.20492 ], [ -155.73106, 20.20467 ], [ -155.73107, 20.2045 ], [ -155.73107, 20.20442 ], [ -155.73105, 20.20422 ], [ -155.73104, 20.2041 ], [ -155.73103, 20.20397 ], [ -155.731, 20.20388 ], [ -155.73096, 20.20377 ], [ -155.73086, 20.2036 ], [ -155.73078, 20.20348 ], [ -155.73065, 20.20333 ], [ -155.73044, 20.20309 ], [ -155.73034, 20.20294 ], [ -155.73021, 20.20278 ], [ -155.73007, 20.20254 ], [ -155.73001, 20.20247 ], [ -155.72991, 20.20237 ], [ -155.72972, 20.20217 ], [ -155.72948, 20.20195 ], [ -155.72922, 20.20179 ], [ -155.72887, 20.20159 ], [ -155.72853, 20.2014 ], [ -155.7282, 20.20124 ], [ -155.72772, 20.20111 ], [ -155.7276, 20.20112 ], [ -155.72746, 20.20111 ], [ -155.72739, 20.20113 ], [ -155.72735, 20.20113 ], [ -155.72729, 20.20114 ], [ -155.72723, 20.20116 ], [ -155.72715, 20.20118 ], [ -155.72707, 20.20119 ], [ -155.72689, 20.20122 ], [ -155.72675, 20.20121 ], [ -155.72673, 20.20123 ], [ -155.72665, 20.20124 ], [ -155.72656, 20.20126 ], [ -155.72643, 20.20126 ], [ -155.72629, 20.20122 ], [ -155.7261, 20.20115 ], [ -155.72599, 20.20109 ], [ -155.72589, 20.20107 ], [ -155.72578, 20.20105 ], [ -155.72564, 20.20099 ], [ -155.72545, 20.20095 ], [ -155.72529, 20.20094 ], [ -155.72514, 20.20092 ], [ -155.72495, 20.20089 ], [ -155.72486, 20.20087 ], [ -155.72479, 20.20082 ], [ -155.72472, 20.20078 ], [ -155.72462, 20.20069 ], [ -155.72453, 20.20059 ], [ -155.72441, 20.20039 ], [ -155.7243, 20.20013 ], [ -155.72425, 20.20002 ], [ -155.72423, 20.2 ], [ -155.72419, 20.2 ], [ -155.72408, 20.19988 ], [ -155.72394, 20.1998 ], [ -155.72368, 20.19967 ], [ -155.72345, 20.19952 ], [ -155.72329, 20.19943 ], [ -155.72312, 20.1993 ], [ -155.72289, 20.19912 ], [ -155.72265, 20.19889 ], [ -155.72231, 20.19857 ], [ -155.72198, 20.19823 ], [ -155.72188, 20.19818 ], [ -155.72175, 20.19802 ], [ -155.72173, 20.19799 ], [ -155.7217, 20.19797 ], [ -155.7216, 20.19794 ], [ -155.72146, 20.19789 ], [ -155.72134, 20.19784 ], [ -155.72126, 20.19779 ], [ -155.72119, 20.19777 ], [ -155.72111, 20.19772 ], [ -155.721, 20.19766 ], [ -155.7209, 20.19754 ], [ -155.72079, 20.19745 ], [ -155.72066, 20.19737 ], [ -155.72051, 20.19729 ], [ -155.72009, 20.19712 ], [ -155.7197, 20.19699 ], [ -155.71948, 20.19691 ], [ -155.71927, 20.19678 ], [ -155.71892, 20.19664 ], [ -155.71884, 20.19661 ], [ -155.71865, 20.19659 ], [ -155.71847, 20.19657 ], [ -155.71824, 20.19654 ], [ -155.71795, 20.19645 ], [ -155.71784, 20.19643 ], [ -155.7178, 20.19644 ], [ -155.71773, 20.19645 ], [ -155.71766, 20.19646 ], [ -155.71753, 20.19646 ], [ -155.71747, 20.19647 ], [ -155.71742, 20.1965 ], [ -155.71736, 20.19653 ], [ -155.71729, 20.19661 ], [ -155.71722, 20.19669 ], [ -155.71712, 20.19681 ], [ -155.71699, 20.19697 ], [ -155.71688, 20.19702 ], [ -155.71678, 20.19697 ], [ -155.71665, 20.1969 ], [ -155.71663, 20.1968 ], [ -155.71657, 20.19672 ], [ -155.71653, 20.19659 ], [ -155.71648, 20.19643 ], [ -155.71647, 20.19624 ], [ -155.71647, 20.19604 ], [ -155.71645, 20.19598 ], [ -155.71645, 20.19588 ], [ -155.71647, 20.19577 ], [ -155.71646, 20.19565 ], [ -155.71647, 20.1955 ], [ -155.71648, 20.19537 ], [ -155.71647, 20.19527 ], [ -155.71644, 20.19518 ], [ -155.71645, 20.19505 ], [ -155.71642, 20.19488 ], [ -155.7164, 20.19475 ], [ -155.7164, 20.19463 ], [ -155.71639, 20.19446 ], [ -155.71635, 20.19426 ], [ -155.71635, 20.19418 ], [ -155.71636, 20.19394 ], [ -155.71636, 20.19368 ], [ -155.71636, 20.19358 ], [ -155.71638, 20.19351 ], [ -155.71641, 20.19344 ], [ -155.71642, 20.19337 ], [ -155.71644, 20.19333 ], [ -155.71648, 20.19319 ], [ -155.71656, 20.19303 ], [ -155.71663, 20.19289 ], [ -155.71664, 20.19278 ], [ -155.71664, 20.19273 ], [ -155.71662, 20.19268 ], [ -155.71661, 20.19265 ], [ -155.71644, 20.19255 ], [ -155.7161, 20.19254 ], [ -155.71604, 20.19252 ], [ -155.71594, 20.19249 ], [ -155.71587, 20.19247 ], [ -155.71582, 20.19248 ], [ -155.71577, 20.19252 ], [ -155.71573, 20.19256 ], [ -155.71567, 20.19264 ], [ -155.71559, 20.19276 ], [ -155.71553, 20.19289 ], [ -155.71546, 20.1931 ], [ -155.71544, 20.19321 ], [ -155.71543, 20.1933 ], [ -155.71541, 20.19343 ], [ -155.7154, 20.19351 ], [ -155.7154, 20.19359 ], [ -155.71541, 20.19363 ], [ -155.71541, 20.19371 ], [ -155.71541, 20.19379 ], [ -155.71541, 20.19391 ], [ -155.71538, 20.19401 ], [ -155.71538, 20.19412 ], [ -155.71537, 20.19419 ], [ -155.71534, 20.1942 ], [ -155.7153, 20.19419 ], [ -155.71528, 20.19418 ], [ -155.71527, 20.19415 ], [ -155.71527, 20.1941 ], [ -155.71523, 20.19402 ], [ -155.71518, 20.19397 ], [ -155.71513, 20.19396 ], [ -155.71507, 20.19397 ], [ -155.71498, 20.19402 ], [ -155.71483, 20.19407 ], [ -155.71464, 20.19414 ], [ -155.71437, 20.19425 ], [ -155.71407, 20.19433 ], [ -155.71398, 20.19434 ], [ -155.71393, 20.19434 ], [ -155.71387, 20.1943 ], [ -155.7138, 20.19428 ], [ -155.71362, 20.19412 ], [ -155.71352, 20.19413 ], [ -155.71347, 20.1941 ], [ -155.71333, 20.1941 ], [ -155.71327, 20.1941 ], [ -155.71316, 20.19409 ], [ -155.71307, 20.19405 ], [ -155.71296, 20.19403 ], [ -155.71285, 20.19401 ], [ -155.71275, 20.19396 ], [ -155.7127, 20.19393 ], [ -155.7126, 20.19387 ], [ -155.71253, 20.19382 ], [ -155.7124, 20.19377 ], [ -155.71223, 20.19369 ], [ -155.71207, 20.19362 ], [ -155.7119, 20.19356 ], [ -155.71177, 20.1935 ], [ -155.71164, 20.19343 ], [ -155.71147, 20.19332 ], [ -155.71125, 20.19322 ], [ -155.71111, 20.19314 ], [ -155.71093, 20.19301 ], [ -155.71084, 20.19294 ], [ -155.71079, 20.1929 ], [ -155.71071, 20.19285 ], [ -155.71058, 20.19277 ], [ -155.71047, 20.19268 ], [ -155.71044, 20.19266 ], [ -155.7104, 20.19264 ], [ -155.71035, 20.19264 ], [ -155.71029, 20.19264 ], [ -155.71022, 20.19264 ], [ -155.71013, 20.1926 ], [ -155.71008, 20.19258 ], [ -155.71003, 20.19252 ], [ -155.70989, 20.19247 ], [ -155.70974, 20.19236 ], [ -155.70961, 20.19223 ], [ -155.70947, 20.19211 ], [ -155.70934, 20.19197 ], [ -155.7092, 20.19181 ], [ -155.71429, 20.19175 ], [ -155.72467, 20.19242 ], [ -155.73762, 20.19346 ], [ -155.74748, 20.19554 ], [ -155.76121, 20.19858 ], [ -155.76989, 20.20007 ], [ -155.78272, 20.20041 ], [ -155.78935, 20.19991 ], [ -155.79328, 20.19845 ], [ -155.79633, 20.19479 ], [ -155.79679, 20.18955 ], [ -155.79433, 20.18224 ], [ -155.79147, 20.17664 ], [ -155.7875, 20.16824 ], [ -155.7809, 20.15555 ], [ -155.77393, 20.14659 ], [ -155.76534, 20.13603 ], [ -155.75711, 20.1282 ], [ -155.74221, 20.11803 ], [ -155.72986, 20.10551 ], [ -155.71835, 20.09238 ], [ -155.70741, 20.08196 ], [ -155.69083, 20.07221 ], [ -155.66384, 20.05958 ], [ -155.64635, 20.05377 ], [ -155.62808, 20.05289 ], [ -155.61401, 20.05528 ], [ -155.60328, 20.05954 ], [ -155.58274, 20.06443 ], [ -155.57409, 20.06473 ], [ -155.56381, 20.06234 ], [ -155.55388, 20.05442 ], [ -155.53861, 20.03861 ], [ -155.51521, 20.02883 ], [ -155.48655, 20.02515 ], [ -155.45403, 20.01949 ], [ -155.42639, 20.01227 ], [ -155.4099, 20.00743 ], [ -155.3943, 20.0061 ], [ -155.38314, 20.01055 ], [ -155.38452, 20.01898 ], [ -155.38722, 20.03021 ], [ -155.39265, 20.0381 ], [ -155.40831, 20.05261 ], [ -155.43087, 20.06352 ], [ -155.4518, 20.07233 ], [ -155.46816, 20.07385 ], [ -155.48226, 20.07408 ], [ -155.50208, 20.07949 ], [ -155.51828, 20.08513 ], [ -155.53931, 20.09242 ], [ -155.5599, 20.09841 ], [ -155.59361, 20.10282 ], [ -155.60279, 20.11036 ], [ -155.61412, 20.11937 ], [ -155.6231, 20.12711 ], [ -155.63122, 20.13555 ], [ -155.63677, 20.14283 ], [ -155.64095, 20.15153 ], [ -155.64211, 20.1551 ], [ -155.64209, 20.15509 ], [ -155.64198, 20.155 ], [ -155.64179, 20.15489 ], [ -155.64167, 20.1548 ], [ -155.64156, 20.15464 ], [ -155.64142, 20.15453 ], [ -155.64131, 20.15445 ], [ -155.64122, 20.15438 ], [ -155.64102, 20.15415 ], [ -155.6408, 20.15387 ], [ -155.64057, 20.15354 ], [ -155.64048, 20.15341 ], [ -155.64039, 20.15327 ], [ -155.6403, 20.15305 ], [ -155.64022, 20.15273 ], [ -155.64016, 20.15249 ], [ -155.64013, 20.15228 ], [ -155.64005, 20.15213 ], [ -155.63995, 20.15203 ], [ -155.6399, 20.15196 ], [ -155.63986, 20.15184 ], [ -155.63983, 20.15154 ], [ -155.63969, 20.15113 ], [ -155.63966, 20.15091 ], [ -155.63962, 20.15082 ], [ -155.63953, 20.1506 ], [ -155.63942, 20.15037 ], [ -155.63936, 20.1501 ], [ -155.6393, 20.1499 ], [ -155.63915, 20.14945 ], [ -155.63913, 20.14929 ], [ -155.63916, 20.14917 ], [ -155.63917, 20.14905 ], [ -155.63913, 20.1489 ], [ -155.6391, 20.14879 ], [ -155.63899, 20.14859 ], [ -155.63892, 20.14839 ], [ -155.63886, 20.14822 ], [ -155.63884, 20.14795 ], [ -155.63885, 20.1478 ], [ -155.63881, 20.14768 ], [ -155.63874, 20.14751 ], [ -155.6386, 20.14726 ], [ -155.63845, 20.14691 ], [ -155.63831, 20.14649 ], [ -155.63817, 20.14608 ], [ -155.63813, 20.14592 ], [ -155.63805, 20.14581 ], [ -155.63788, 20.14561 ], [ -155.63761, 20.14532 ], [ -155.63733, 20.14511 ], [ -155.63701, 20.14489 ], [ -155.63679, 20.1448 ], [ -155.63658, 20.14469 ], [ -155.63626, 20.14453 ], [ -155.63606, 20.14439 ], [ -155.63573, 20.14421 ], [ -155.63525, 20.14396 ], [ -155.63485, 20.14372 ], [ -155.63427, 20.14346 ], [ -155.63409, 20.14338 ], [ -155.6339, 20.14332 ], [ -155.63355, 20.14312 ], [ -155.63327, 20.14298 ], [ -155.63317, 20.14296 ], [ -155.63299, 20.14297 ], [ -155.63285, 20.14299 ], [ -155.63271, 20.14303 ], [ -155.63253, 20.14308 ], [ -155.63242, 20.14312 ], [ -155.63231, 20.14321 ], [ -155.63215, 20.14329 ], [ -155.63197, 20.14338 ], [ -155.63173, 20.14345 ], [ -155.63159, 20.14349 ], [ -155.63137, 20.14355 ], [ -155.6311, 20.14358 ], [ -155.63088, 20.14358 ], [ -155.63056, 20.14356 ], [ -155.63028, 20.14355 ], [ -155.63008, 20.14359 ], [ -155.62995, 20.14363 ], [ -155.62972, 20.1437 ], [ -155.62951, 20.14372 ], [ -155.62916, 20.14378 ], [ -155.62901, 20.14381 ], [ -155.62881, 20.14381 ], [ -155.62876, 20.14381 ], [ -155.62865, 20.14382 ], [ -155.62838, 20.14381 ], [ -155.6283, 20.14383 ], [ -155.62819, 20.14383 ], [ -155.62808, 20.14384 ], [ -155.62796, 20.1438 ], [ -155.62786, 20.14381 ], [ -155.62767, 20.14379 ], [ -155.62755, 20.14375 ], [ -155.62744, 20.14371 ], [ -155.62726, 20.14363 ], [ -155.62713, 20.14361 ], [ -155.62687, 20.14347 ], [ -155.62657, 20.14329 ], [ -155.62643, 20.14326 ], [ -155.6263, 20.14321 ], [ -155.62615, 20.14321 ], [ -155.62599, 20.14317 ], [ -155.62581, 20.14314 ], [ -155.62549, 20.14306 ], [ -155.62516, 20.14299 ], [ -155.6249, 20.14295 ], [ -155.62457, 20.14293 ], [ -155.62419, 20.14291 ], [ -155.62394, 20.14292 ], [ -155.62364, 20.14293 ], [ -155.62349, 20.14294 ], [ -155.62331, 20.14291 ], [ -155.623, 20.1429 ], [ -155.62275, 20.14292 ], [ -155.62255, 20.14288 ], [ -155.62244, 20.14286 ], [ -155.62235, 20.14278 ], [ -155.62226, 20.14269 ], [ -155.62222, 20.14266 ], [ -155.62191, 20.14242 ], [ -155.62175, 20.14236 ], [ -155.62155, 20.14217 ], [ -155.62123, 20.14187 ], [ -155.62117, 20.14178 ], [ -155.62106, 20.14173 ], [ -155.6206, 20.14132 ], [ -155.62038, 20.14126 ], [ -155.61998, 20.14099 ], [ -155.61979, 20.14098 ], [ -155.61943, 20.14094 ], [ -155.61923, 20.1409 ], [ -155.61904, 20.14078 ], [ -155.61892, 20.14072 ], [ -155.6188, 20.14062 ], [ -155.61857, 20.14046 ], [ -155.61842, 20.14035 ], [ -155.61831, 20.14027 ], [ -155.61823, 20.14017 ], [ -155.61817, 20.14012 ], [ -155.61813, 20.14005 ], [ -155.61789, 20.13977 ], [ -155.61778, 20.13973 ], [ -155.61754, 20.13968 ], [ -155.61735, 20.13975 ], [ -155.61716, 20.13979 ], [ -155.61706, 20.13974 ], [ -155.61699, 20.13963 ], [ -155.61709, 20.13948 ], [ -155.61712, 20.13923 ], [ -155.61709, 20.13905 ], [ -155.617, 20.13891 ], [ -155.61693, 20.13887 ], [ -155.61656, 20.13859 ], [ -155.6165, 20.13853 ], [ -155.61599, 20.13803 ], [ -155.61529, 20.13749 ], [ -155.615, 20.13729 ], [ -155.61479, 20.13714 ], [ -155.61458, 20.13706 ], [ -155.61433, 20.13701 ], [ -155.61416, 20.13694 ], [ -155.61386, 20.1368 ], [ -155.61327, 20.13652 ], [ -155.61299, 20.13642 ], [ -155.61281, 20.13634 ], [ -155.61237, 20.13624 ], [ -155.6118, 20.13624 ], [ -155.61144, 20.13619 ], [ -155.61135, 20.13622 ], [ -155.61117, 20.13627 ], [ -155.61087, 20.13639 ], [ -155.61039, 20.13668 ], [ -155.61014, 20.13678 ], [ -155.60951, 20.13693 ], [ -155.60924, 20.13696 ], [ -155.60881, 20.13696 ], [ -155.60843, 20.13683 ], [ -155.60806, 20.13659 ], [ -155.60787, 20.13648 ], [ -155.6075, 20.13639 ], [ -155.60737, 20.1363 ], [ -155.60728, 20.13616 ], [ -155.60712, 20.13607 ], [ -155.60705, 20.136 ], [ -155.60705, 20.1358 ], [ -155.60705, 20.13572 ], [ -155.60702, 20.1357 ], [ -155.60695, 20.13562 ], [ -155.60681, 20.13548 ], [ -155.60593, 20.13507 ], [ -155.60555, 20.13491 ], [ -155.60515, 20.13468 ], [ -155.60501, 20.13456 ], [ -155.60485, 20.13437 ], [ -155.60478, 20.13416 ], [ -155.6046, 20.13388 ], [ -155.60449, 20.13341 ], [ -155.60442, 20.13292 ], [ -155.60439, 20.1325 ], [ -155.60434, 20.1321 ], [ -155.60418, 20.13161 ], [ -155.60407, 20.13148 ], [ -155.60385, 20.13113 ], [ -155.60363, 20.13087 ], [ -155.60327, 20.13055 ], [ -155.60319, 20.1305 ], [ -155.60288, 20.13022 ], [ -155.6026, 20.13006 ], [ -155.60242, 20.1299 ], [ -155.60237, 20.12982 ], [ -155.60224, 20.12971 ], [ -155.60197, 20.12949 ], [ -155.60182, 20.1293 ], [ -155.6017, 20.12919 ], [ -155.6015, 20.12889 ], [ -155.6014, 20.12882 ], [ -155.60094, 20.12829 ], [ -155.60069, 20.12793 ], [ -155.60019, 20.12745 ], [ -155.60001, 20.12729 ], [ -155.59994, 20.12717 ], [ -155.59975, 20.12686 ], [ -155.5995, 20.12649 ], [ -155.59939, 20.12634 ], [ -155.59934, 20.12623 ], [ -155.59894, 20.1255 ], [ -155.59875, 20.12513 ], [ -155.59861, 20.12484 ], [ -155.59858, 20.12464 ], [ -155.59849, 20.12437 ], [ -155.59844, 20.12412 ], [ -155.59835, 20.1239 ], [ -155.59828, 20.12359 ], [ -155.59823, 20.1235 ], [ -155.59805, 20.12326 ], [ -155.59772, 20.12293 ], [ -155.59717, 20.1225 ], [ -155.59699, 20.1223 ], [ -155.59673, 20.12208 ], [ -155.59653, 20.12193 ], [ -155.59646, 20.12188 ], [ -155.59617, 20.12165 ], [ -155.59558, 20.12125 ], [ -155.59523, 20.12111 ], [ -155.59489, 20.12105 ], [ -155.59455, 20.12093 ], [ -155.59383, 20.12061 ], [ -155.59354, 20.12056 ], [ -155.59317, 20.12044 ], [ -155.59285, 20.12041 ], [ -155.59257, 20.12031 ], [ -155.5924, 20.1202 ], [ -155.59226, 20.12011 ], [ -155.59204, 20.12007 ], [ -155.5912, 20.11982 ], [ -155.59093, 20.11966 ], [ -155.59076, 20.11967 ], [ -155.5906, 20.11964 ], [ -155.59029, 20.11953 ], [ -155.58997, 20.11951 ], [ -155.58976, 20.11946 ], [ -155.58959, 20.11935 ], [ -155.58942, 20.11929 ], [ -155.58912, 20.11921 ], [ -155.58856, 20.11908 ], [ -155.58827, 20.11909 ], [ -155.58779, 20.11906 ], [ -155.58724, 20.11901 ], [ -155.58681, 20.11898 ], [ -155.58643, 20.11901 ], [ -155.58612, 20.1191 ], [ -155.58586, 20.11919 ], [ -155.58501, 20.11948 ], [ -155.58452, 20.1197 ], [ -155.58404, 20.11989 ], [ -155.5836, 20.12 ], [ -155.58339, 20.12001 ], [ -155.58293, 20.11994 ], [ -155.58268, 20.11984 ], [ -155.58245, 20.11986 ], [ -155.58215, 20.11996 ], [ -155.58193, 20.11996 ], [ -155.58182, 20.12002 ], [ -155.58169, 20.12004 ], [ -155.58166, 20.12003 ], [ -155.58154, 20.12002 ], [ -155.58076, 20.12015 ], [ -155.58021, 20.12021 ], [ -155.57988, 20.1202 ], [ -155.57892, 20.12024 ], [ -155.57857, 20.12035 ], [ -155.57825, 20.12049 ], [ -155.57631, 20.11953 ], [ -155.56407, 20.11546 ], [ -155.55292, 20.11248 ], [ -155.53512, 20.10726 ], [ -155.51901, 20.10011 ], [ -155.50798, 20.09783 ], [ -155.48892, 20.09413 ], [ -155.47555, 20.09288 ], [ -155.46582, 20.09148 ], [ -155.45232, 20.08842 ], [ -155.4358, 20.08227 ], [ -155.4228, 20.07608 ], [ -155.40616, 20.06903 ], [ -155.39081, 20.06256 ], [ -155.37827, 20.05848 ], [ -155.37234, 20.058 ], [ -155.37228, 20.05789 ], [ -155.37223, 20.05784 ], [ -155.37214, 20.05779 ], [ -155.37191, 20.05768 ], [ -155.37151, 20.05755 ], [ -155.3708, 20.05726 ], [ -155.37043, 20.0572 ], [ -155.37003, 20.05718 ], [ -155.36941, 20.05701 ], [ -155.36925, 20.05705 ], [ -155.36885, 20.05717 ], [ -155.36873, 20.05717 ], [ -155.36865, 20.05715 ], [ -155.36851, 20.05705 ], [ -155.36845, 20.05703 ], [ -155.36839, 20.05702 ], [ -155.36807, 20.05702 ], [ -155.36772, 20.05708 ], [ -155.36762, 20.05713 ], [ -155.36751, 20.05727 ], [ -155.36744, 20.0573 ], [ -155.36736, 20.05727 ], [ -155.36732, 20.05723 ], [ -155.36732, 20.05715 ], [ -155.36727, 20.05705 ], [ -155.36721, 20.057 ], [ -155.36708, 20.05694 ], [ -155.36686, 20.05684 ], [ -155.36679, 20.05676 ], [ -155.36658, 20.05635 ], [ -155.36628, 20.05603 ], [ -155.36585, 20.05573 ], [ -155.36561, 20.05562 ], [ -155.36552, 20.05553 ], [ -155.36529, 20.05527 ], [ -155.365, 20.05505 ], [ -155.36488, 20.05485 ], [ -155.36469, 20.05468 ], [ -155.36446, 20.05458 ], [ -155.3644, 20.05452 ], [ -155.36435, 20.05443 ], [ -155.36412, 20.0543 ], [ -155.36361, 20.05409 ], [ -155.36321, 20.05381 ], [ -155.36307, 20.05367 ], [ -155.36293, 20.05357 ], [ -155.36264, 20.0534 ], [ -155.36187, 20.0532 ], [ -155.36136, 20.0531 ], [ -155.36113, 20.053 ], [ -155.36087, 20.05281 ], [ -155.36076, 20.05275 ], [ -155.36053, 20.05259 ], [ -155.36033, 20.05251 ], [ -155.35971, 20.05233 ], [ -155.35933, 20.05219 ], [ -155.35901, 20.05203 ], [ -155.35883, 20.05187 ], [ -155.35844, 20.05168 ], [ -155.35818, 20.05146 ], [ -155.35804, 20.05139 ], [ -155.35783, 20.05137 ], [ -155.35756, 20.05134 ], [ -155.35738, 20.0513 ], [ -155.35723, 20.05119 ], [ -155.35694, 20.05071 ], [ -155.3566, 20.05039 ], [ -155.35642, 20.05029 ], [ -155.35586, 20.05008 ], [ -155.3556, 20.04996 ], [ -155.35513, 20.04971 ], [ -155.3548, 20.0496 ], [ -155.35451, 20.04958 ], [ -155.35419, 20.04944 ], [ -155.35408, 20.04943 ], [ -155.3537, 20.04945 ], [ -155.3532, 20.04937 ], [ -155.35233, 20.04914 ], [ -155.35209, 20.04907 ], [ -155.35164, 20.04898 ], [ -155.35138, 20.04888 ], [ -155.35092, 20.04861 ], [ -155.35069, 20.04854 ], [ -155.35062, 20.04854 ], [ -155.35026, 20.04859 ], [ -155.34945, 20.04856 ], [ -155.34924, 20.04858 ], [ -155.34898, 20.04867 ], [ -155.34874, 20.04888 ], [ -155.34861, 20.0489 ], [ -155.34843, 20.04884 ], [ -155.3483, 20.04872 ], [ -155.34809, 20.0485 ], [ -155.34784, 20.0484 ], [ -155.34741, 20.04834 ], [ -155.34706, 20.04833 ], [ -155.34677, 20.04841 ], [ -155.3465, 20.0486 ], [ -155.34625, 20.04864 ], [ -155.34617, 20.04866 ], [ -155.34601, 20.04883 ], [ -155.34592, 20.04904 ], [ -155.34586, 20.04907 ], [ -155.34551, 20.04906 ], [ -155.34548, 20.049 ], [ -155.3455, 20.04884 ], [ -155.34547, 20.04877 ], [ -155.34524, 20.0485 ], [ -155.34512, 20.0483 ], [ -155.34494, 20.04808 ], [ -155.34486, 20.04791 ], [ -155.34483, 20.04769 ], [ -155.34482, 20.04748 ], [ -155.34467, 20.04735 ], [ -155.34465, 20.04725 ], [ -155.34472, 20.04699 ], [ -155.34464, 20.04668 ], [ -155.34454, 20.04653 ], [ -155.34429, 20.04636 ], [ -155.34417, 20.0462 ], [ -155.34413, 20.04594 ], [ -155.34387, 20.04564 ], [ -155.34334, 20.04522 ], [ -155.34325, 20.04517 ], [ -155.34319, 20.04519 ], [ -155.34309, 20.04525 ], [ -155.34304, 20.04524 ], [ -155.34302, 20.04521 ], [ -155.34315, 20.04489 ], [ -155.34314, 20.04481 ], [ -155.34283, 20.0446 ], [ -155.34246, 20.04441 ], [ -155.3423, 20.04421 ], [ -155.34217, 20.04409 ], [ -155.34166, 20.04386 ], [ -155.34144, 20.04367 ], [ -155.34106, 20.04334 ], [ -155.34045, 20.04298 ], [ -155.34006, 20.04277 ], [ -155.33967, 20.04267 ], [ -155.33928, 20.0425 ], [ -155.33893, 20.0423 ], [ -155.33868, 20.04225 ], [ -155.33855, 20.04218 ], [ -155.33837, 20.04201 ], [ -155.33806, 20.04182 ], [ -155.33757, 20.04166 ], [ -155.33718, 20.04162 ], [ -155.33675, 20.04169 ], [ -155.33654, 20.04175 ], [ -155.33632, 20.04184 ], [ -155.33615, 20.04184 ], [ -155.33599, 20.04179 ], [ -155.33593, 20.04168 ], [ -155.33586, 20.0415 ], [ -155.33575, 20.04137 ], [ -155.33561, 20.04128 ], [ -155.33538, 20.04123 ], [ -155.33515, 20.04124 ], [ -155.33484, 20.04129 ], [ -155.33463, 20.04127 ], [ -155.3341, 20.04107 ], [ -155.33366, 20.04085 ], [ -155.3333, 20.04056 ], [ -155.33317, 20.04048 ], [ -155.33298, 20.04024 ], [ -155.33289, 20.0401 ], [ -155.33277, 20.03986 ], [ -155.33255, 20.03946 ], [ -155.33224, 20.03898 ], [ -155.33195, 20.03866 ], [ -155.33184, 20.03855 ], [ -155.33139, 20.03815 ], [ -155.33117, 20.0379 ], [ -155.33088, 20.03767 ], [ -155.33051, 20.03748 ], [ -155.32991, 20.0372 ], [ -155.32944, 20.03685 ], [ -155.32916, 20.03672 ], [ -155.32896, 20.03653 ], [ -155.32879, 20.03633 ], [ -155.32864, 20.03615 ], [ -155.32834, 20.03596 ], [ -155.32745, 20.03558 ], [ -155.32666, 20.0353 ], [ -155.32573, 20.03509 ], [ -155.32487, 20.0348 ], [ -155.32404, 20.03449 ], [ -155.32361, 20.03436 ], [ -155.32331, 20.03429 ], [ -155.32322, 20.0342 ], [ -155.3231, 20.03385 ], [ -155.32306, 20.03378 ], [ -155.32273, 20.03349 ], [ -155.32239, 20.03332 ], [ -155.32157, 20.03314 ], [ -155.3212, 20.03308 ], [ -155.32084, 20.03305 ], [ -155.32012, 20.03292 ], [ -155.31967, 20.03286 ], [ -155.31911, 20.03266 ], [ -155.31882, 20.03249 ], [ -155.3186, 20.03247 ], [ -155.31843, 20.03248 ], [ -155.31808, 20.0324 ], [ -155.3179, 20.03241 ], [ -155.31776, 20.0325 ], [ -155.31752, 20.03247 ], [ -155.31725, 20.03257 ], [ -155.31711, 20.03256 ], [ -155.31674, 20.03247 ], [ -155.31655, 20.03245 ], [ -155.31627, 20.0325 ], [ -155.31616, 20.03247 ], [ -155.31608, 20.03235 ], [ -155.31605, 20.03223 ], [ -155.31602, 20.03217 ], [ -155.31593, 20.03216 ], [ -155.31579, 20.0322 ], [ -155.31565, 20.03218 ], [ -155.3155, 20.03207 ], [ -155.31529, 20.03177 ], [ -155.31508, 20.03166 ], [ -155.31459, 20.03155 ], [ -155.31395, 20.03146 ], [ -155.31374, 20.03139 ], [ -155.31363, 20.03132 ], [ -155.31353, 20.03126 ], [ -155.31317, 20.03086 ], [ -155.31284, 20.03051 ], [ -155.31266, 20.03028 ], [ -155.3125, 20.0302 ], [ -155.31227, 20.03012 ], [ -155.31218, 20.03007 ], [ -155.31138, 20.02956 ], [ -155.31098, 20.02931 ], [ -155.31072, 20.02922 ], [ -155.31038, 20.02919 ], [ -155.31014, 20.0292 ], [ -155.30982, 20.02939 ], [ -155.30959, 20.02958 ], [ -155.30947, 20.0297 ], [ -155.30941, 20.02971 ], [ -155.30939, 20.02967 ], [ -155.30941, 20.02937 ], [ -155.30943, 20.02918 ], [ -155.30941, 20.0291 ], [ -155.30931, 20.02899 ], [ -155.30927, 20.02882 ], [ -155.30922, 20.02878 ], [ -155.30903, 20.02873 ], [ -155.30895, 20.02862 ], [ -155.30866, 20.02846 ], [ -155.30846, 20.02827 ], [ -155.30823, 20.02806 ], [ -155.30806, 20.028 ], [ -155.30769, 20.02792 ], [ -155.30742, 20.02793 ], [ -155.3071, 20.0278 ], [ -155.30641, 20.02742 ], [ -155.30614, 20.02728 ], [ -155.30599, 20.02727 ], [ -155.30586, 20.02738 ], [ -155.30583, 20.02739 ], [ -155.30571, 20.02723 ], [ -155.30551, 20.02711 ], [ -155.3053, 20.02703 ], [ -155.30517, 20.02703 ], [ -155.30498, 20.02712 ], [ -155.30491, 20.0271 ], [ -155.3048, 20.02673 ], [ -155.30472, 20.02665 ], [ -155.30458, 20.02664 ], [ -155.30446, 20.02665 ], [ -155.30407, 20.0265 ], [ -155.30387, 20.0265 ], [ -155.30375, 20.02651 ], [ -155.30349, 20.02636 ], [ -155.30322, 20.02621 ], [ -155.30313, 20.0262 ], [ -155.30302, 20.02629 ], [ -155.30295, 20.02629 ], [ -155.30292, 20.02626 ], [ -155.30292, 20.02607 ], [ -155.30286, 20.026 ], [ -155.30264, 20.02592 ], [ -155.3025, 20.02586 ], [ -155.30225, 20.02583 ], [ -155.30172, 20.0258 ], [ -155.30157, 20.02576 ], [ -155.30151, 20.02569 ], [ -155.30146, 20.02541 ], [ -155.30138, 20.02532 ], [ -155.30106, 20.02512 ], [ -155.30077, 20.02501 ], [ -155.30053, 20.025 ], [ -155.30039, 20.02503 ], [ -155.30028, 20.02515 ], [ -155.30022, 20.02515 ], [ -155.30019, 20.02501 ], [ -155.30013, 20.02494 ], [ -155.29996, 20.0249 ], [ -155.29979, 20.02486 ], [ -155.29957, 20.02477 ], [ -155.29944, 20.02478 ], [ -155.29918, 20.02491 ], [ -155.29908, 20.02483 ], [ -155.299, 20.02474 ], [ -155.29888, 20.02465 ], [ -155.29888, 20.02457 ], [ -155.29892, 20.02451 ], [ -155.2989, 20.02444 ], [ -155.29851, 20.02414 ], [ -155.29828, 20.02384 ], [ -155.29804, 20.02361 ], [ -155.29791, 20.02356 ], [ -155.29774, 20.02345 ], [ -155.29755, 20.02338 ], [ -155.29735, 20.02337 ], [ -155.29731, 20.02336 ], [ -155.2973, 20.02328 ], [ -155.2973, 20.0232 ], [ -155.29698, 20.02306 ], [ -155.29666, 20.02298 ], [ -155.2965, 20.02289 ], [ -155.29626, 20.02271 ], [ -155.29588, 20.02252 ], [ -155.29554, 20.02241 ], [ -155.2951, 20.02232 ], [ -155.29477, 20.02215 ], [ -155.29454, 20.02211 ], [ -155.29411, 20.02196 ], [ -155.29354, 20.0216 ], [ -155.2934, 20.02156 ], [ -155.2932, 20.02144 ], [ -155.29295, 20.02144 ], [ -155.29254, 20.02149 ], [ -155.29225, 20.02163 ], [ -155.2921, 20.02164 ], [ -155.2919, 20.02159 ], [ -155.29164, 20.02144 ], [ -155.2913, 20.02121 ], [ -155.29123, 20.02119 ], [ -155.29097, 20.02111 ], [ -155.29049, 20.02089 ], [ -155.29029, 20.02077 ], [ -155.29015, 20.02074 ], [ -155.28965, 20.02072 ], [ -155.28892, 20.02053 ], [ -155.28869, 20.02052 ], [ -155.28833, 20.02065 ], [ -155.28785, 20.02055 ], [ -155.28735, 20.02053 ], [ -155.28685, 20.02049 ], [ -155.28662, 20.02049 ], [ -155.28645, 20.02045 ], [ -155.28624, 20.02031 ], [ -155.286, 20.02011 ], [ -155.28568, 20.01996 ], [ -155.28515, 20.01981 ], [ -155.28493, 20.0197 ], [ -155.28483, 20.01956 ], [ -155.28475, 20.01942 ], [ -155.28449, 20.01929 ], [ -155.28431, 20.01917 ], [ -155.28415, 20.01912 ], [ -155.28394, 20.01913 ], [ -155.28358, 20.01918 ], [ -155.28322, 20.0192 ], [ -155.28317, 20.01915 ], [ -155.2832, 20.01887 ], [ -155.2832, 20.01871 ], [ -155.28307, 20.01865 ], [ -155.28291, 20.01867 ], [ -155.28263, 20.01876 ], [ -155.28238, 20.01895 ], [ -155.28222, 20.01909 ], [ -155.28209, 20.01913 ], [ -155.28181, 20.01919 ], [ -155.28138, 20.01911 ], [ -155.28122, 20.01902 ], [ -155.28118, 20.01895 ], [ -155.28105, 20.0189 ], [ -155.28069, 20.01903 ], [ -155.28058, 20.01903 ], [ -155.28043, 20.01895 ], [ -155.28018, 20.01892 ], [ -155.28007, 20.01892 ], [ -155.27996, 20.01888 ], [ -155.27983, 20.01876 ], [ -155.2797, 20.01867 ], [ -155.27959, 20.01856 ], [ -155.27941, 20.0183 ], [ -155.27928, 20.01808 ], [ -155.27917, 20.01802 ], [ -155.27882, 20.01787 ], [ -155.2786, 20.01767 ], [ -155.27847, 20.01758 ], [ -155.27823, 20.01753 ], [ -155.27782, 20.01734 ], [ -155.27752, 20.01711 ], [ -155.27733, 20.01689 ], [ -155.27726, 20.01686 ], [ -155.27699, 20.01685 ], [ -155.27642, 20.01696 ], [ -155.27639, 20.01695 ], [ -155.27636, 20.01692 ], [ -155.27637, 20.01679 ], [ -155.27637, 20.01671 ], [ -155.27635, 20.01669 ], [ -155.27611, 20.0166 ], [ -155.2758, 20.01644 ], [ -155.2754, 20.01623 ], [ -155.27526, 20.01619 ], [ -155.27502, 20.01621 ], [ -155.2749, 20.01624 ], [ -155.27479, 20.01621 ], [ -155.27476, 20.01612 ], [ -155.27479, 20.01588 ], [ -155.27477, 20.01574 ], [ -155.27475, 20.0157 ], [ -155.27449, 20.01567 ], [ -155.27397, 20.01535 ], [ -155.27379, 20.01517 ], [ -155.27365, 20.01497 ], [ -155.27318, 20.01477 ], [ -155.27218, 20.0142 ], [ -155.27182, 20.01404 ], [ -155.27172, 20.01393 ], [ -155.27162, 20.01376 ], [ -155.27155, 20.01372 ], [ -155.27143, 20.01378 ], [ -155.27137, 20.01382 ], [ -155.27132, 20.01381 ], [ -155.27128, 20.01377 ], [ -155.27125, 20.01357 ], [ -155.27117, 20.01341 ], [ -155.27091, 20.01322 ], [ -155.27053, 20.01304 ], [ -155.2702, 20.01291 ], [ -155.26997, 20.01289 ], [ -155.2699, 20.01292 ], [ -155.26984, 20.01298 ], [ -155.26976, 20.01297 ], [ -155.2696, 20.01283 ], [ -155.26957, 20.01273 ], [ -155.26944, 20.01264 ], [ -155.26932, 20.0125 ], [ -155.26917, 20.0124 ], [ -155.26888, 20.01238 ], [ -155.26868, 20.01229 ], [ -155.26849, 20.01209 ], [ -155.26828, 20.01185 ], [ -155.26803, 20.01171 ], [ -155.26765, 20.01154 ], [ -155.26754, 20.0114 ], [ -155.26751, 20.01129 ], [ -155.26736, 20.01117 ], [ -155.26715, 20.01107 ], [ -155.26709, 20.01098 ], [ -155.26708, 20.01087 ], [ -155.26705, 20.0108 ], [ -155.26687, 20.01061 ], [ -155.2668, 20.01049 ], [ -155.26677, 20.01046 ], [ -155.26658, 20.01036 ], [ -155.26629, 20.01007 ], [ -155.26607, 20.00972 ], [ -155.26604, 20.0097 ], [ -155.26584, 20.00958 ], [ -155.26558, 20.00938 ], [ -155.26503, 20.00904 ], [ -155.26444, 20.00859 ], [ -155.26422, 20.0085 ], [ -155.26391, 20.00841 ], [ -155.26372, 20.0083 ], [ -155.2635, 20.00814 ], [ -155.26326, 20.00777 ], [ -155.26303, 20.00763 ], [ -155.26284, 20.00749 ], [ -155.26263, 20.00727 ], [ -155.26244, 20.00709 ], [ -155.26226, 20.00678 ], [ -155.26224, 20.00654 ], [ -155.26227, 20.00614 ], [ -155.26226, 20.00605 ], [ -155.26218, 20.0059 ], [ -155.26176, 20.00561 ], [ -155.26159, 20.00549 ], [ -155.26142, 20.0055 ], [ -155.26116, 20.00562 ], [ -155.26091, 20.00567 ], [ -155.2608, 20.00568 ], [ -155.26052, 20.00568 ], [ -155.26039, 20.00565 ], [ -155.2603, 20.00555 ], [ -155.26007, 20.00516 ], [ -155.25981, 20.00482 ], [ -155.2592, 20.00436 ], [ -155.25878, 20.00412 ], [ -155.25836, 20.00393 ], [ -155.25782, 20.00378 ], [ -155.25754, 20.00375 ], [ -155.25746, 20.00376 ], [ -155.25735, 20.00376 ], [ -155.25708, 20.00365 ], [ -155.2566, 20.00355 ], [ -155.25641, 20.00353 ], [ -155.2561, 20.00345 ], [ -155.256, 20.00339 ], [ -155.25564, 20.00293 ], [ -155.25554, 20.00287 ], [ -155.2552, 20.00278 ], [ -155.25486, 20.00276 ], [ -155.25474, 20.00269 ], [ -155.25458, 20.00242 ], [ -155.25456, 20.0023 ], [ -155.2545, 20.00223 ], [ -155.25427, 20.00215 ], [ -155.25413, 20.00201 ], [ -155.25381, 20.0018 ], [ -155.25344, 20.00142 ], [ -155.25337, 20.00131 ], [ -155.25321, 20.00105 ], [ -155.25306, 20.00091 ], [ -155.25271, 20.00073 ], [ -155.25242, 20.00064 ], [ -155.25214, 20.00064 ], [ -155.25175, 20.00072 ], [ -155.25161, 20.00069 ], [ -155.25155, 20.00065 ], [ -155.25151, 20.00052 ], [ -155.25151, 20.00044 ], [ -155.25146, 20.00012 ], [ -155.25147, 19.99984 ], [ -155.25143, 19.99964 ], [ -155.25125, 19.99944 ], [ -155.25119, 19.99938 ], [ -155.25066, 19.99899 ], [ -155.25055, 19.99884 ], [ -155.2505, 19.99865 ], [ -155.25015, 19.9983 ], [ -155.25003, 19.99805 ], [ -155.24996, 19.99781 ], [ -155.24997, 19.99756 ], [ -155.24976, 19.99731 ], [ -155.24975, 19.99715 ], [ -155.24977, 19.99694 ], [ -155.24976, 19.99686 ], [ -155.24969, 19.99685 ], [ -155.24953, 19.99644 ], [ -155.24946, 19.99638 ], [ -155.24925, 19.99627 ], [ -155.24921, 19.99621 ], [ -155.24921, 19.99613 ], [ -155.24917, 19.99607 ], [ -155.24902, 19.99574 ], [ -155.24895, 19.99557 ], [ -155.24885, 19.99543 ], [ -155.2486, 19.9953 ], [ -155.24855, 19.99521 ], [ -155.24842, 19.99517 ], [ -155.24831, 19.99507 ], [ -155.24803, 19.99498 ], [ -155.24795, 19.99486 ], [ -155.24774, 19.99464 ], [ -155.2474, 19.99449 ], [ -155.24723, 19.99445 ], [ -155.2471, 19.99442 ], [ -155.24685, 19.99444 ], [ -155.24638, 19.99432 ], [ -155.24616, 19.99431 ], [ -155.24571, 19.99434 ], [ -155.24521, 19.99433 ], [ -155.24503, 19.99435 ], [ -155.24254, 19.98804 ], [ -155.23837, 19.97782 ], [ -155.22959, 19.96574 ], [ -155.22151, 19.95819 ], [ -155.19358, 19.94118 ], [ -155.18497, 19.93352 ], [ -155.17495, 19.92447 ], [ -155.16098, 19.91486 ], [ -155.15214, 19.906 ], [ -155.14532, 19.89652 ], [ -155.13627, 19.88806 ], [ -155.12824, 19.87497 ], [ -155.12279, 19.86296 ], [ -155.11402, 19.84001 ], [ -155.10759, 19.82701 ], [ -155.09572, 19.81295 ], [ -155.09312, 19.81078 ], [ -155.0934, 19.81066 ], [ -155.09353, 19.81053 ], [ -155.09357, 19.81043 ], [ -155.09361, 19.81011 ], [ -155.09357, 19.80976 ], [ -155.09343, 19.80964 ], [ -155.09297, 19.8094 ], [ -155.0925, 19.80902 ], [ -155.09248, 19.80896 ], [ -155.09252, 19.80889 ], [ -155.0927, 19.80893 ], [ -155.09295, 19.80905 ], [ -155.09311, 19.80908 ], [ -155.0932, 19.80906 ], [ -155.09331, 19.80896 ], [ -155.09325, 19.80891 ], [ -155.09271, 19.80865 ], [ -155.09259, 19.80854 ], [ -155.09233, 19.80817 ], [ -155.09233, 19.80812 ], [ -155.09236, 19.80802 ], [ -155.09248, 19.80786 ], [ -155.0926, 19.80755 ], [ -155.09264, 19.8075 ], [ -155.09269, 19.80749 ], [ -155.09285, 19.8075 ], [ -155.0929, 19.80749 ], [ -155.09283, 19.80727 ], [ -155.09277, 19.80714 ], [ -155.09279, 19.80712 ], [ -155.09288, 19.80718 ], [ -155.09307, 19.80722 ], [ -155.09311, 19.80718 ], [ -155.09307, 19.80701 ], [ -155.09301, 19.80687 ], [ -155.09295, 19.80682 ], [ -155.09285, 19.8068 ], [ -155.09251, 19.80659 ], [ -155.09244, 19.80654 ], [ -155.09227, 19.80648 ], [ -155.09208, 19.8064 ], [ -155.09179, 19.80643 ], [ -155.09174, 19.80638 ], [ -155.09171, 19.80625 ], [ -155.09162, 19.8062 ], [ -155.09137, 19.80618 ], [ -155.09117, 19.80618 ], [ -155.0911, 19.8062 ], [ -155.09104, 19.80624 ], [ -155.09081, 19.80629 ], [ -155.09057, 19.80626 ], [ -155.09053, 19.80624 ], [ -155.09048, 19.80616 ], [ -155.09048, 19.80604 ], [ -155.09052, 19.8059 ], [ -155.09052, 19.80577 ], [ -155.09054, 19.80571 ], [ -155.09059, 19.80565 ], [ -155.09068, 19.80537 ], [ -155.09068, 19.80522 ], [ -155.0907, 19.80513 ], [ -155.09074, 19.80505 ], [ -155.09091, 19.80492 ], [ -155.09093, 19.80487 ], [ -155.09078, 19.80481 ], [ -155.09063, 19.80474 ], [ -155.09037, 19.8044 ], [ -155.09032, 19.80427 ], [ -155.09026, 19.80421 ], [ -155.09022, 19.80417 ], [ -155.08994, 19.804 ], [ -155.0898, 19.80398 ], [ -155.08966, 19.80407 ], [ -155.08951, 19.80419 ], [ -155.08943, 19.80423 ], [ -155.08938, 19.80419 ], [ -155.08929, 19.80402 ], [ -155.089, 19.80382 ], [ -155.08895, 19.80383 ], [ -155.08874, 19.80399 ], [ -155.08851, 19.80403 ], [ -155.08808, 19.80395 ], [ -155.08776, 19.80389 ], [ -155.08743, 19.80394 ], [ -155.08714, 19.80403 ], [ -155.08697, 19.804 ], [ -155.0869, 19.80393 ], [ -155.08689, 19.8039 ], [ -155.08675, 19.8037 ], [ -155.08666, 19.80361 ], [ -155.08654, 19.80354 ], [ -155.08649, 19.80347 ], [ -155.08646, 19.80336 ], [ -155.08645, 19.80311 ], [ -155.08631, 19.80266 ], [ -155.08632, 19.8026 ], [ -155.08645, 19.80237 ], [ -155.08645, 19.80231 ], [ -155.08633, 19.8022 ], [ -155.08635, 19.80212 ], [ -155.08635, 19.80204 ], [ -155.08614, 19.80191 ], [ -155.08613, 19.80186 ], [ -155.08637, 19.80161 ], [ -155.08646, 19.80137 ], [ -155.08651, 19.80132 ], [ -155.08667, 19.80126 ], [ -155.08669, 19.80119 ], [ -155.08699, 19.80098 ], [ -155.08695, 19.80092 ], [ -155.08682, 19.80084 ], [ -155.08671, 19.80083 ], [ -155.08638, 19.80073 ], [ -155.0862, 19.80081 ], [ -155.08609, 19.80083 ], [ -155.08589, 19.80075 ], [ -155.08584, 19.8007 ], [ -155.08579, 19.8004 ], [ -155.08582, 19.8003 ], [ -155.08602, 19.80025 ], [ -155.08617, 19.80016 ], [ -155.08619, 19.8001 ], [ -155.08618, 19.80005 ], [ -155.08608, 19.79996 ], [ -155.08604, 19.79989 ], [ -155.08606, 19.79972 ], [ -155.08617, 19.79957 ], [ -155.08654, 19.79946 ], [ -155.08671, 19.79934 ], [ -155.08685, 19.79904 ], [ -155.0869, 19.79879 ], [ -155.08688, 19.79855 ], [ -155.08674, 19.79831 ], [ -155.08669, 19.79809 ], [ -155.08673, 19.79795 ], [ -155.08686, 19.79782 ], [ -155.08703, 19.79776 ], [ -155.08712, 19.79771 ], [ -155.08717, 19.79764 ], [ -155.08734, 19.79763 ], [ -155.08746, 19.79758 ], [ -155.08767, 19.79742 ], [ -155.08777, 19.79722 ], [ -155.08778, 19.79716 ], [ -155.08775, 19.79709 ], [ -155.08765, 19.79702 ], [ -155.08767, 19.79688 ], [ -155.08764, 19.79669 ], [ -155.08777, 19.79666 ], [ -155.0879, 19.79658 ], [ -155.08823, 19.79661 ], [ -155.08856, 19.79667 ], [ -155.08889, 19.79663 ], [ -155.08915, 19.79648 ], [ -155.08928, 19.79629 ], [ -155.08929, 19.79624 ], [ -155.08926, 19.79616 ], [ -155.08925, 19.79606 ], [ -155.08929, 19.79593 ], [ -155.08937, 19.79583 ], [ -155.0895, 19.79572 ], [ -155.08949, 19.79563 ], [ -155.08958, 19.79559 ], [ -155.08964, 19.79551 ], [ -155.08968, 19.79523 ], [ -155.08985, 19.79518 ], [ -155.08991, 19.79513 ], [ -155.08991, 19.79504 ], [ -155.08988, 19.79497 ], [ -155.08995, 19.79489 ], [ -155.09013, 19.79477 ], [ -155.09009, 19.79457 ], [ -155.08997, 19.7943 ], [ -155.09002, 19.79416 ], [ -155.0901, 19.79396 ], [ -155.09008, 19.79383 ], [ -155.08998, 19.79341 ], [ -155.0899, 19.79282 ], [ -155.08982, 19.79258 ], [ -155.08974, 19.7925 ], [ -155.08967, 19.79237 ], [ -155.08949, 19.79214 ], [ -155.08945, 19.79199 ], [ -155.0895, 19.79182 ], [ -155.0895, 19.79172 ], [ -155.08948, 19.79164 ], [ -155.08956, 19.79128 ], [ -155.0899, 19.79081 ], [ -155.09021, 19.79054 ], [ -155.09029, 19.79029 ], [ -155.09029, 19.7901 ], [ -155.09025, 19.79002 ], [ -155.0899, 19.78981 ], [ -155.08958, 19.78981 ], [ -155.0895, 19.78978 ], [ -155.0895, 19.78964 ], [ -155.0896, 19.7895 ], [ -155.08972, 19.78939 ], [ -155.08979, 19.7893 ], [ -155.08971, 19.7891 ], [ -155.08946, 19.78876 ], [ -155.08942, 19.78866 ], [ -155.08944, 19.7886 ], [ -155.08954, 19.78851 ], [ -155.08961, 19.78837 ], [ -155.08975, 19.78826 ], [ -155.08977, 19.78819 ], [ -155.08973, 19.78796 ], [ -155.08947, 19.78717 ], [ -155.08932, 19.78683 ], [ -155.08923, 19.78669 ], [ -155.08908, 19.78664 ], [ -155.08884, 19.78649 ], [ -155.08871, 19.78637 ], [ -155.08866, 19.78629 ], [ -155.08859, 19.78591 ], [ -155.08856, 19.7858 ], [ -155.08843, 19.78568 ], [ -155.08822, 19.78564 ], [ -155.08806, 19.78558 ], [ -155.08797, 19.78544 ], [ -155.08776, 19.78526 ], [ -155.08768, 19.78523 ], [ -155.08747, 19.78521 ], [ -155.08742, 19.78515 ], [ -155.08744, 19.78513 ], [ -155.08752, 19.78509 ], [ -155.08766, 19.78505 ], [ -155.08766, 19.78502 ], [ -155.08758, 19.78489 ], [ -155.08757, 19.78479 ], [ -155.08752, 19.78473 ], [ -155.0873, 19.78459 ], [ -155.08731, 19.78441 ], [ -155.08725, 19.78429 ], [ -155.08713, 19.78419 ], [ -155.08677, 19.78403 ], [ -155.08647, 19.78385 ], [ -155.08608, 19.78354 ], [ -155.08599, 19.78337 ], [ -155.08598, 19.78331 ], [ -155.08603, 19.78319 ], [ -155.08598, 19.78289 ], [ -155.08599, 19.78269 ], [ -155.08621, 19.7823 ], [ -155.08637, 19.78215 ], [ -155.08662, 19.7821 ], [ -155.08673, 19.78212 ], [ -155.0868, 19.78215 ], [ -155.08688, 19.78217 ], [ -155.087, 19.78216 ], [ -155.08714, 19.78206 ], [ -155.08744, 19.78195 ], [ -155.08767, 19.78184 ], [ -155.08774, 19.78176 ], [ -155.08778, 19.78167 ], [ -155.08774, 19.78156 ], [ -155.08768, 19.78144 ], [ -155.08756, 19.78134 ], [ -155.08741, 19.78127 ], [ -155.08715, 19.78121 ], [ -155.08712, 19.78117 ], [ -155.08702, 19.78112 ], [ -155.08677, 19.78104 ], [ -155.08668, 19.78097 ], [ -155.08659, 19.78067 ], [ -155.08656, 19.78042 ], [ -155.08658, 19.78038 ], [ -155.08696, 19.78037 ], [ -155.0871, 19.78032 ], [ -155.08717, 19.78022 ], [ -155.08721, 19.78 ], [ -155.08716, 19.7797 ], [ -155.08716, 19.77951 ], [ -155.08719, 19.77939 ], [ -155.08725, 19.77935 ], [ -155.08742, 19.77907 ], [ -155.08764, 19.77891 ], [ -155.08784, 19.77889 ], [ -155.08795, 19.77878 ], [ -155.08801, 19.77868 ], [ -155.08808, 19.77865 ], [ -155.08815, 19.77857 ], [ -155.08817, 19.7785 ], [ -155.0882, 19.77812 ], [ -155.08825, 19.77793 ], [ -155.08822, 19.77777 ], [ -155.08809, 19.77767 ], [ -155.08798, 19.77742 ], [ -155.08778, 19.77733 ], [ -155.08731, 19.77719 ], [ -155.08729, 19.77714 ], [ -155.08733, 19.77705 ], [ -155.08753, 19.77687 ], [ -155.08752, 19.77682 ], [ -155.0874, 19.77671 ], [ -155.08738, 19.77653 ], [ -155.08741, 19.77638 ], [ -155.08734, 19.77628 ], [ -155.08727, 19.77607 ], [ -155.08727, 19.77603 ], [ -155.08732, 19.77597 ], [ -155.08742, 19.77593 ], [ -155.08747, 19.77586 ], [ -155.08744, 19.77575 ], [ -155.08739, 19.7757 ], [ -155.08738, 19.77558 ], [ -155.08739, 19.7755 ], [ -155.08729, 19.77525 ], [ -155.08731, 19.77521 ], [ -155.08758, 19.77501 ], [ -155.08785, 19.77439 ], [ -155.08789, 19.77427 ], [ -155.08789, 19.77413 ], [ -155.08799, 19.7739 ], [ -155.08803, 19.77385 ], [ -155.08832, 19.77379 ], [ -155.08843, 19.77371 ], [ -155.08842, 19.77355 ], [ -155.08845, 19.77344 ], [ -155.08853, 19.77336 ], [ -155.08894, 19.77329 ], [ -155.089, 19.77332 ], [ -155.08921, 19.77335 ], [ -155.08932, 19.77318 ], [ -155.08938, 19.77316 ], [ -155.08941, 19.77321 ], [ -155.08949, 19.77325 ], [ -155.08957, 19.7731 ], [ -155.08959, 19.77297 ], [ -155.08953, 19.77275 ], [ -155.08959, 19.77254 ], [ -155.08957, 19.77245 ], [ -155.08962, 19.77217 ], [ -155.08968, 19.77204 ], [ -155.08965, 19.77187 ], [ -155.08942, 19.77162 ], [ -155.0894, 19.77145 ], [ -155.08948, 19.77125 ], [ -155.08945, 19.77114 ], [ -155.08931, 19.77095 ], [ -155.0893, 19.77084 ], [ -155.08944, 19.77054 ], [ -155.08959, 19.77035 ], [ -155.08961, 19.77025 ], [ -155.08957, 19.77011 ], [ -155.0895, 19.77006 ], [ -155.08951, 19.77 ], [ -155.08959, 19.76991 ], [ -155.08961, 19.76983 ], [ -155.08958, 19.76978 ], [ -155.08959, 19.76971 ], [ -155.08963, 19.76965 ], [ -155.08966, 19.76945 ], [ -155.08995, 19.76927 ], [ -155.0901, 19.76911 ], [ -155.09014, 19.76909 ], [ -155.09029, 19.76905 ], [ -155.09033, 19.76902 ], [ -155.09041, 19.76894 ], [ -155.09065, 19.76886 ], [ -155.09072, 19.76881 ], [ -155.09077, 19.76872 ], [ -155.09069, 19.7681 ], [ -155.09069, 19.76795 ], [ -155.09065, 19.76772 ], [ -155.09053, 19.76757 ], [ -155.09907, 19.7562 ], [ -155.10353, 19.74509 ], [ -155.10276, 19.73253 ], [ -155.09443, 19.72075 ], [ -155.08456, 19.7132 ], [ -155.07097, 19.7078 ], [ -155.05796, 19.70622 ], [ -155.04761, 19.70441 ], [ -155.03509, 19.6981 ], [ -155.02763, 19.68741 ], [ -155.01823, 19.67353 ], [ -155.01343, 19.66271 ], [ -155.00786, 19.64809 ], [ -154.99702, 19.62858 ], [ -154.97046, 19.60219 ], [ -154.95789, 19.58974 ], [ -154.93537, 19.57195 ], [ -154.91551, 19.55323 ], [ -154.89771, 19.53892 ], [ -154.88099, 19.5251 ], [ -154.87013, 19.51303 ], [ -154.86387, 19.50273 ], [ -154.86283, 19.4948 ], [ -154.86656, 19.4836 ], [ -154.87116, 19.47592 ], [ -154.87898, 19.47092 ], [ -154.89387, 19.46034 ], [ -154.90985, 19.45265 ], [ -154.94451, 19.4309 ], [ -154.96774, 19.41539 ], [ -154.98855, 19.40321 ], [ -155.01206, 19.39413 ], [ -155.03209, 19.38861 ], [ -155.05399, 19.37925 ], [ -155.08253, 19.37383 ], [ -155.09823, 19.37146 ], [ -155.13673, 19.36432 ], [ -155.14991, 19.36398 ], [ -155.16905, 19.36498 ], [ -155.19007, 19.37199 ], [ -155.20142, 19.37851 ], [ -155.20967, 19.38414 ], [ -155.22545, 19.39755 ], [ -155.23138, 19.40472 ], [ -155.23626, 19.41262 ], [ -155.23829, 19.42235 ], [ -155.24262, 19.42854 ], [ -155.24754, 19.44015 ], [ -155.24927, 19.4519 ], [ -155.24893, 19.4682 ], [ -155.24942, 19.48247 ], [ -155.24682, 19.49688 ], [ -155.24442, 19.51894 ], [ -155.2411, 19.53557 ], [ -155.24691, 19.55914 ], [ -155.25648, 19.57634 ], [ -155.26412, 19.58369 ], [ -155.2699, 19.58644 ], [ -155.27955, 19.59187 ], [ -155.29082, 19.59959 ], [ -155.30758, 19.61268 ], [ -155.32256, 19.62759 ], [ -155.33282, 19.63985 ], [ -155.34228, 19.65564 ], [ -155.34666, 19.66514 ], [ -155.35119, 19.67877 ], [ -155.35439, 19.69674 ], [ -155.35498, 19.70991 ], [ -155.35326, 19.72643 ], [ -155.35004, 19.74205 ], [ -155.34369, 19.7543 ], [ -155.33225, 19.77766 ], [ -155.32622, 19.7905 ], [ -155.32071, 19.82919 ], [ -155.31912, 19.85777 ], [ -155.31973, 19.87335 ], [ -155.32149, 19.88641 ], [ -155.32499, 19.90327 ], [ -155.32951, 19.91549 ], [ -155.33789, 19.92928 ], [ -155.34837, 19.94053 ], [ -155.35785, 19.94847 ], [ -155.36657, 19.9544 ], [ -155.37796, 19.96142 ], [ -155.39543, 19.96746 ], [ -155.41269, 19.9737 ], [ -155.4243, 19.98071 ], [ -155.43492, 19.98521 ], [ -155.44391, 19.98762 ], [ -155.45523, 19.98789 ], [ -155.47229, 19.98669 ], [ -155.4948, 19.98511 ], [ -155.51775, 19.98584 ], [ -155.53042, 19.99122 ], [ -155.54001, 19.99805 ], [ -155.54651, 20.00571 ], [ -155.55393, 20.01789 ], [ -155.56412, 20.02924 ], [ -155.57626, 20.03533 ], [ -155.58022, 20.03558 ], [ -155.62263, 20.02952 ], [ -155.63954, 20.03182 ], [ -155.66763, 20.03981 ], [ -155.69048, 20.04757 ], [ -155.70735, 20.05479 ], [ -155.72748, 20.066 ], [ -155.74512, 20.08197 ], [ -155.7606, 20.09595 ], [ -155.77247, 20.11139 ], [ -155.78241, 20.12635 ], [ -155.79111, 20.1374 ], [ -155.80197, 20.14873 ], [ -155.81241, 20.16137 ], [ -155.82167, 20.17332 ], [ -155.82942, 20.18408 ], [ -155.83253, 20.19239 ], [ -155.83296, 20.19953 ], [ -155.83167, 20.20639 ], [ -155.82506, 20.21493 ], [ -155.8087, 20.222 ], [ -155.79151, 20.22384 ], [ -155.77997, 20.22429 ], [ -155.76979, 20.22281 ] ], [ [ -155.259, 19.94351 ], [ -155.26871, 19.93426 ], [ -155.2722, 19.913 ], [ -155.27145, 19.8943 ], [ -155.26865, 19.8727 ], [ -155.26354, 19.85466 ], [ -155.2593, 19.83841 ], [ -155.25809, 19.82625 ], [ -155.26074, 19.81536 ], [ -155.26198, 19.80257 ], [ -155.26795, 19.77505 ], [ -155.27242, 19.75569 ], [ -155.27479, 19.73967 ], [ -155.27384, 19.72229 ], [ -155.26521, 19.70408 ], [ -155.25369, 19.69314 ], [ -155.23443, 19.67665 ], [ -155.21791, 19.65641 ], [ -155.21101, 19.63023 ], [ -155.20633, 19.61228 ], [ -155.19934, 19.58691 ], [ -155.19729, 19.56612 ], [ -155.19765, 19.55073 ], [ -155.19969, 19.53341 ], [ -155.20279, 19.51607 ], [ -155.20532, 19.50458 ], [ -155.20781, 19.48977 ], [ -155.20703, 19.47761 ], [ -155.2054, 19.46535 ], [ -155.19387, 19.45261 ], [ -155.17623, 19.44425 ], [ -155.16152, 19.44109 ], [ -155.11561, 19.44358 ], [ -155.09544, 19.4465 ], [ -155.06052, 19.45329 ], [ -155.02405, 19.46331 ], [ -154.99797, 19.47101 ], [ -154.97806, 19.47935 ], [ -154.96859, 19.4887 ], [ -154.9655, 19.49878 ], [ -154.96545, 19.51547 ], [ -154.97326, 19.53068 ], [ -154.98704, 19.54663 ], [ -154.99905, 19.55577 ], [ -155.01437, 19.56618 ], [ -155.02797, 19.57499 ], [ -155.04427, 19.5872 ], [ -155.05202, 19.59527 ], [ -155.0661, 19.61846 ], [ -155.08127, 19.64345 ], [ -155.10182, 19.66406 ], [ -155.11508, 19.67951 ], [ -155.12277, 19.69119 ], [ -155.12686, 19.70554 ], [ -155.12801, 19.72292 ], [ -155.12811, 19.74193 ], [ -155.12592, 19.75663 ], [ -155.12237, 19.77376 ], [ -155.12238, 19.79468 ], [ -155.12669, 19.80841 ], [ -155.13735, 19.82892 ], [ -155.14688, 19.85266 ], [ -155.159, 19.87928 ], [ -155.16801, 19.89468 ], [ -155.18278, 19.90921 ], [ -155.20021, 19.92321 ], [ -155.21698, 19.9345 ], [ -155.22664, 19.94043 ], [ -155.2395, 19.94583 ], [ -155.24933, 19.94713 ], [ -155.259, 19.94351 ] ] ] ] } },
{ "type": "Feature", "properties": { "objectid": 32, "solar_cal": "350-400", "st_areasha": 103687130.91979942, "st_perimet": 39307.778008501577 }, "geometry": { "type": "MultiPolygon", "coordinates": [ [ [ [ -156.23078, 20.74613 ], [ -156.21784, 20.74204 ], [ -156.2124, 20.73798 ], [ -156.2058, 20.73135 ], [ -156.20358, 20.72476 ], [ -156.20524, 20.71426 ], [ -156.20929, 20.70418 ], [ -156.21675, 20.69167 ], [ -156.22096, 20.68661 ], [ -156.22693, 20.6835 ], [ -156.23755, 20.68119 ], [ -156.24418, 20.67849 ], [ -156.24927, 20.67654 ], [ -156.25444, 20.67369 ], [ -156.26072, 20.67119 ], [ -156.28148, 20.6654 ], [ -156.29766, 20.66197 ], [ -156.31619, 20.65974 ], [ -156.33104, 20.65975 ], [ -156.34016, 20.66628 ], [ -156.34524, 20.67417 ], [ -156.34579, 20.68198 ], [ -156.34107, 20.69502 ], [ -156.33665, 20.70397 ], [ -156.3309, 20.71375 ], [ -156.32434, 20.72375 ], [ -156.31789, 20.7316 ], [ -156.31184, 20.73585 ], [ -156.30066, 20.74007 ], [ -156.29068, 20.7418 ], [ -156.28606, 20.74251 ], [ -156.26469, 20.74419 ], [ -156.25283, 20.74567 ], [ -156.24088, 20.74715 ], [ -156.23078, 20.74613 ] ] ] ] } },
{ "type": "Feature", "properties": { "objectid": 37, "solar_cal": "350-400", "st_areasha": 212318505.69635925, "st_perimet": 151128.39066768996 }, "geometry": { "type": "MultiPolygon", "coordinates": [ [ [ [ -156.28242, 20.94561 ], [ -156.28216, 20.94558 ], [ -156.28189, 20.94559 ], [ -156.28181, 20.94557 ], [ -156.28163, 20.9454 ], [ -156.28146, 20.94521 ], [ -156.28123, 20.94487 ], [ -156.28104, 20.9446 ], [ -156.2808, 20.9443 ], [ -156.28059, 20.9441 ], [ -156.28033, 20.94386 ], [ -156.28024, 20.94378 ], [ -156.28001, 20.94368 ], [ -156.27926, 20.94358 ], [ -156.2792, 20.94352 ], [ -156.27919, 20.94348 ], [ -156.27918, 20.94328 ], [ -156.27909, 20.94312 ], [ -156.27899, 20.94291 ], [ -156.27892, 20.94288 ], [ -156.27886, 20.94285 ], [ -156.27886, 20.94279 ], [ -156.27896, 20.9427 ], [ -156.27896, 20.94259 ], [ -156.2789, 20.94249 ], [ -156.27878, 20.94222 ], [ -156.27867, 20.94181 ], [ -156.27856, 20.94171 ], [ -156.27818, 20.94154 ], [ -156.27795, 20.94144 ], [ -156.27762, 20.94133 ], [ -156.27755, 20.9413 ], [ -156.27746, 20.94121 ], [ -156.27747, 20.9411 ], [ -156.27748, 20.94107 ], [ -156.27748, 20.94102 ], [ -156.27744, 20.94096 ], [ -156.27734, 20.94091 ], [ -156.27724, 20.94088 ], [ -156.27721, 20.94084 ], [ -156.27718, 20.94074 ], [ -156.27704, 20.94054 ], [ -156.27696, 20.94045 ], [ -156.27679, 20.94036 ], [ -156.2767, 20.9402 ], [ -156.27663, 20.93989 ], [ -156.27652, 20.9397 ], [ -156.27635, 20.93946 ], [ -156.27622, 20.93919 ], [ -156.2762, 20.93907 ], [ -156.27613, 20.93887 ], [ -156.27612, 20.9388 ], [ -156.27607, 20.93861 ], [ -156.27605, 20.93836 ], [ -156.27599, 20.9382 ], [ -156.2758, 20.93781 ], [ -156.27575, 20.93766 ], [ -156.27574, 20.93734 ], [ -156.27569, 20.93722 ], [ -156.27564, 20.93717 ], [ -156.27545, 20.93712 ], [ -156.27543, 20.93706 ], [ -156.27545, 20.937 ], [ -156.27553, 20.9369 ], [ -156.27553, 20.9368 ], [ -156.2754, 20.93658 ], [ -156.27523, 20.93637 ], [ -156.27499, 20.93609 ], [ -156.27481, 20.93587 ], [ -156.27472, 20.93572 ], [ -156.27464, 20.93565 ], [ -156.27457, 20.93558 ], [ -156.27454, 20.93554 ], [ -156.27447, 20.93538 ], [ -156.27446, 20.93527 ], [ -156.2744, 20.93513 ], [ -156.27428, 20.93499 ], [ -156.27405, 20.93488 ], [ -156.27378, 20.93475 ], [ -156.27358, 20.93465 ], [ -156.27334, 20.93457 ], [ -156.27256, 20.93435 ], [ -156.27245, 20.93427 ], [ -156.27233, 20.93418 ], [ -156.27229, 20.93417 ], [ -156.27216, 20.93433 ], [ -156.27202, 20.93452 ], [ -156.27194, 20.93459 ], [ -156.27162, 20.93463 ], [ -156.27146, 20.93469 ], [ -156.27123, 20.93466 ], [ -156.27113, 20.93457 ], [ -156.2711, 20.93452 ], [ -156.27098, 20.93441 ], [ -156.27081, 20.93436 ], [ -156.27067, 20.93433 ], [ -156.27048, 20.93425 ], [ -156.27031, 20.93422 ], [ -156.26997, 20.93423 ], [ -156.26989, 20.93427 ], [ -156.26982, 20.93438 ], [ -156.26978, 20.93446 ], [ -156.26973, 20.93448 ], [ -156.26966, 20.93444 ], [ -156.26955, 20.93445 ], [ -156.26944, 20.93452 ], [ -156.26925, 20.93455 ], [ -156.26895, 20.93461 ], [ -156.26888, 20.93465 ], [ -156.26886, 20.93468 ], [ -156.26882, 20.93475 ], [ -156.26878, 20.93492 ], [ -156.26871, 20.93505 ], [ -156.26861, 20.93516 ], [ -156.26828, 20.93528 ], [ -156.26817, 20.93536 ], [ -156.26802, 20.93538 ], [ -156.26764, 20.9353 ], [ -156.26747, 20.93531 ], [ -156.26727, 20.93537 ], [ -156.2672, 20.93543 ], [ -156.26716, 20.93556 ], [ -156.26706, 20.93568 ], [ -156.26681, 20.93583 ], [ -156.26664, 20.93593 ], [ -156.26647, 20.93603 ], [ -156.26639, 20.93609 ], [ -156.26636, 20.93617 ], [ -156.26635, 20.93634 ], [ -156.26629, 20.93645 ], [ -156.26618, 20.93654 ], [ -156.26613, 20.93662 ], [ -156.26612, 20.93689 ], [ -156.26604, 20.93709 ], [ -156.2659, 20.93741 ], [ -156.26569, 20.93773 ], [ -156.26551, 20.93794 ], [ -156.26542, 20.93801 ], [ -156.2654, 20.938 ], [ -156.26539, 20.93766 ], [ -156.26537, 20.93755 ], [ -156.2653, 20.93748 ], [ -156.26518, 20.93747 ], [ -156.26497, 20.93757 ], [ -156.26451, 20.93775 ], [ -156.26435, 20.93787 ], [ -156.26395, 20.93797 ], [ -156.26359, 20.93805 ], [ -156.26327, 20.93805 ], [ -156.26325, 20.93807 ], [ -156.26324, 20.93835 ], [ -156.2632, 20.93845 ], [ -156.26314, 20.93852 ], [ -156.26311, 20.93859 ], [ -156.2631, 20.93872 ], [ -156.26305, 20.93878 ], [ -156.263, 20.93887 ], [ -156.26293, 20.93894 ], [ -156.26281, 20.93913 ], [ -156.26271, 20.93929 ], [ -156.26265, 20.93955 ], [ -156.26259, 20.93962 ], [ -156.26252, 20.93963 ], [ -156.26248, 20.93958 ], [ -156.26247, 20.93924 ], [ -156.26242, 20.93911 ], [ -156.26236, 20.93902 ], [ -156.26228, 20.93894 ], [ -156.26219, 20.93888 ], [ -156.2621, 20.93875 ], [ -156.26203, 20.93874 ], [ -156.26196, 20.93878 ], [ -156.26189, 20.9388 ], [ -156.26184, 20.93879 ], [ -156.2617, 20.9387 ], [ -156.26157, 20.93855 ], [ -156.26151, 20.93843 ], [ -156.2615, 20.93813 ], [ -156.26145, 20.93803 ], [ -156.26094, 20.93754 ], [ -156.26087, 20.93752 ], [ -156.2607, 20.93752 ], [ -156.26063, 20.93749 ], [ -156.26057, 20.93748 ], [ -156.26056, 20.9375 ], [ -156.26049, 20.9378 ], [ -156.26043, 20.93788 ], [ -156.26035, 20.9379 ], [ -156.26033, 20.93788 ], [ -156.2603, 20.93781 ], [ -156.26026, 20.93749 ], [ -156.26022, 20.93737 ], [ -156.26022, 20.93729 ], [ -156.26026, 20.93725 ], [ -156.26046, 20.93717 ], [ -156.26047, 20.93712 ], [ -156.26027, 20.93701 ], [ -156.2601, 20.93691 ], [ -156.25989, 20.93672 ], [ -156.25982, 20.93662 ], [ -156.25979, 20.93644 ], [ -156.25969, 20.93637 ], [ -156.25948, 20.93629 ], [ -156.25917, 20.93626 ], [ -156.25903, 20.93619 ], [ -156.25896, 20.93618 ], [ -156.25892, 20.93623 ], [ -156.2589, 20.93629 ], [ -156.25892, 20.93647 ], [ -156.2589, 20.93648 ], [ -156.2588, 20.93645 ], [ -156.25877, 20.93649 ], [ -156.25874, 20.93659 ], [ -156.25869, 20.93662 ], [ -156.25866, 20.93658 ], [ -156.2586, 20.93638 ], [ -156.25856, 20.93615 ], [ -156.25844, 20.93579 ], [ -156.25842, 20.93562 ], [ -156.25839, 20.9356 ], [ -156.25831, 20.9356 ], [ -156.25823, 20.93567 ], [ -156.25821, 20.93573 ], [ -156.25821, 20.93602 ], [ -156.25817, 20.93603 ], [ -156.25791, 20.93577 ], [ -156.25791, 20.93571 ], [ -156.25803, 20.93553 ], [ -156.25804, 20.9354 ], [ -156.25802, 20.93534 ], [ -156.25796, 20.93522 ], [ -156.25785, 20.93516 ], [ -156.25778, 20.93516 ], [ -156.25774, 20.93521 ], [ -156.25772, 20.93534 ], [ -156.25767, 20.93537 ], [ -156.25762, 20.93535 ], [ -156.25754, 20.93526 ], [ -156.25753, 20.93492 ], [ -156.25749, 20.93484 ], [ -156.25734, 20.93468 ], [ -156.25726, 20.93457 ], [ -156.25711, 20.93444 ], [ -156.25694, 20.93436 ], [ -156.25677, 20.93423 ], [ -156.25671, 20.93414 ], [ -156.25668, 20.93411 ], [ -156.25661, 20.93404 ], [ -156.25643, 20.93395 ], [ -156.25633, 20.93382 ], [ -156.25626, 20.93364 ], [ -156.25625, 20.93351 ], [ -156.25628, 20.93342 ], [ -156.25637, 20.93326 ], [ -156.25643, 20.9331 ], [ -156.25643, 20.93287 ], [ -156.25642, 20.93281 ], [ -156.25632, 20.93293 ], [ -156.25628, 20.93309 ], [ -156.25622, 20.93315 ], [ -156.25609, 20.9332 ], [ -156.2549, 20.93322 ], [ -156.25458, 20.93325 ], [ -156.2542, 20.93336 ], [ -156.25409, 20.93344 ], [ -156.25398, 20.93356 ], [ -156.25391, 20.9337 ], [ -156.25385, 20.93389 ], [ -156.25382, 20.93405 ], [ -156.2537, 20.93441 ], [ -156.2536, 20.93461 ], [ -156.25342, 20.93483 ], [ -156.25328, 20.93502 ], [ -156.25321, 20.93527 ], [ -156.25319, 20.93547 ], [ -156.25316, 20.9356 ], [ -156.25305, 20.93582 ], [ -156.25305, 20.93609 ], [ -156.25303, 20.93616 ], [ -156.253, 20.93621 ], [ -156.25294, 20.9364 ], [ -156.25291, 20.93683 ], [ -156.25285, 20.93693 ], [ -156.25271, 20.93702 ], [ -156.25264, 20.93707 ], [ -156.25264, 20.93715 ], [ -156.2527, 20.93726 ], [ -156.25269, 20.93739 ], [ -156.25258, 20.93756 ], [ -156.25254, 20.93768 ], [ -156.25252, 20.93793 ], [ -156.2525, 20.93797 ], [ -156.25238, 20.93799 ], [ -156.25237, 20.93793 ], [ -156.25238, 20.93788 ], [ -156.25237, 20.9378 ], [ -156.25231, 20.93773 ], [ -156.25231, 20.9376 ], [ -156.2524, 20.93748 ], [ -156.25246, 20.93737 ], [ -156.25246, 20.93722 ], [ -156.25237, 20.93717 ], [ -156.25203, 20.93711 ], [ -156.25189, 20.93704 ], [ -156.25178, 20.93695 ], [ -156.25169, 20.9369 ], [ -156.25129, 20.93683 ], [ -156.25116, 20.93676 ], [ -156.25068, 20.93632 ], [ -156.2505, 20.93623 ], [ -156.25036, 20.93622 ], [ -156.2502, 20.93628 ], [ -156.25006, 20.9363 ], [ -156.2499, 20.93624 ], [ -156.24959, 20.93626 ], [ -156.24943, 20.9363 ], [ -156.24905, 20.93656 ], [ -156.24891, 20.9367 ], [ -156.24873, 20.93701 ], [ -156.24871, 20.93708 ], [ -156.2487, 20.93729 ], [ -156.24867, 20.93738 ], [ -156.24853, 20.93751 ], [ -156.24812, 20.93766 ], [ -156.24798, 20.93769 ], [ -156.24796, 20.93767 ], [ -156.24796, 20.93762 ], [ -156.24801, 20.93748 ], [ -156.24802, 20.9374 ], [ -156.24796, 20.93734 ], [ -156.24788, 20.93731 ], [ -156.24783, 20.93725 ], [ -156.24779, 20.937 ], [ -156.24781, 20.93675 ], [ -156.24779, 20.93669 ], [ -156.24771, 20.9366 ], [ -156.24748, 20.9365 ], [ -156.24731, 20.93635 ], [ -156.24716, 20.93629 ], [ -156.24687, 20.93622 ], [ -156.24653, 20.9361 ], [ -156.24621, 20.93599 ], [ -156.24608, 20.93599 ], [ -156.24597, 20.93603 ], [ -156.24587, 20.93603 ], [ -156.24578, 20.936 ], [ -156.24572, 20.93595 ], [ -156.24568, 20.93579 ], [ -156.24553, 20.93568 ], [ -156.2455, 20.93567 ], [ -156.24547, 20.93571 ], [ -156.24542, 20.93573 ], [ -156.24536, 20.93564 ], [ -156.24528, 20.93556 ], [ -156.24515, 20.93555 ], [ -156.24506, 20.93562 ], [ -156.24502, 20.9357 ], [ -156.24489, 20.93582 ], [ -156.24482, 20.93586 ], [ -156.24465, 20.9359 ], [ -156.24458, 20.93591 ], [ -156.24458, 20.93553 ], [ -156.24448, 20.93538 ], [ -156.24437, 20.93528 ], [ -156.24427, 20.93525 ], [ -156.24421, 20.93524 ], [ -156.24414, 20.93523 ], [ -156.24404, 20.93536 ], [ -156.24394, 20.93547 ], [ -156.24375, 20.93559 ], [ -156.24359, 20.93565 ], [ -156.24358, 20.93564 ], [ -156.24356, 20.9356 ], [ -156.24358, 20.93546 ], [ -156.24356, 20.93544 ], [ -156.24347, 20.93544 ], [ -156.24331, 20.93557 ], [ -156.24319, 20.93562 ], [ -156.24314, 20.9356 ], [ -156.24308, 20.9354 ], [ -156.24304, 20.93535 ], [ -156.24263, 20.93526 ], [ -156.24249, 20.93518 ], [ -156.24241, 20.93509 ], [ -156.24232, 20.93503 ], [ -156.242, 20.93497 ], [ -156.24183, 20.93499 ], [ -156.24176, 20.93503 ], [ -156.24169, 20.9351 ], [ -156.24161, 20.93517 ], [ -156.2415, 20.93523 ], [ -156.24145, 20.93528 ], [ -156.24143, 20.93534 ], [ -156.24137, 20.93545 ], [ -156.24129, 20.93554 ], [ -156.24117, 20.93559 ], [ -156.24096, 20.93562 ], [ -156.24089, 20.93561 ], [ -156.24066, 20.93543 ], [ -156.24058, 20.93533 ], [ -156.24058, 20.93523 ], [ -156.24062, 20.93513 ], [ -156.24064, 20.93493 ], [ -156.24057, 20.93482 ], [ -156.24046, 20.93481 ], [ -156.2404, 20.93483 ], [ -156.24021, 20.93496 ], [ -156.24012, 20.93499 ], [ -156.2401, 20.93497 ], [ -156.24007, 20.93486 ], [ -156.23995, 20.93474 ], [ -156.23986, 20.9347 ], [ -156.23968, 20.93472 ], [ -156.23961, 20.93475 ], [ -156.23948, 20.9349 ], [ -156.23939, 20.93512 ], [ -156.23935, 20.93531 ], [ -156.2393, 20.93534 ], [ -156.23918, 20.9353 ], [ -156.23916, 20.93527 ], [ -156.23915, 20.9351 ], [ -156.2391, 20.93499 ], [ -156.23894, 20.93487 ], [ -156.2389, 20.93481 ], [ -156.23889, 20.9347 ], [ -156.23893, 20.93458 ], [ -156.23897, 20.93451 ], [ -156.23898, 20.93438 ], [ -156.23896, 20.93432 ], [ -156.23896, 20.93409 ], [ -156.239, 20.93394 ], [ -156.23905, 20.93385 ], [ -156.23911, 20.93378 ], [ -156.23931, 20.93364 ], [ -156.23938, 20.93357 ], [ -156.23938, 20.9335 ], [ -156.23934, 20.93346 ], [ -156.23911, 20.93342 ], [ -156.23905, 20.93338 ], [ -156.23907, 20.93334 ], [ -156.23929, 20.93319 ], [ -156.23935, 20.93311 ], [ -156.23937, 20.93299 ], [ -156.23943, 20.93281 ], [ -156.23954, 20.93263 ], [ -156.23986, 20.93233 ], [ -156.23998, 20.93218 ], [ -156.24, 20.93202 ], [ -156.24003, 20.9319 ], [ -156.24018, 20.93175 ], [ -156.24024, 20.93167 ], [ -156.2403, 20.93153 ], [ -156.24031, 20.93123 ], [ -156.24026, 20.93111 ], [ -156.24018, 20.93104 ], [ -156.24009, 20.93101 ], [ -156.24001, 20.93099 ], [ -156.23996, 20.93102 ], [ -156.23985, 20.93104 ], [ -156.23978, 20.93101 ], [ -156.2397, 20.93091 ], [ -156.23965, 20.93078 ], [ -156.23959, 20.93072 ], [ -156.2395, 20.93068 ], [ -156.23946, 20.93064 ], [ -156.23941, 20.93056 ], [ -156.23936, 20.93043 ], [ -156.2393, 20.93035 ], [ -156.2392, 20.93028 ], [ -156.23887, 20.93014 ], [ -156.23878, 20.93012 ], [ -156.23878, 20.93025 ], [ -156.23885, 20.93045 ], [ -156.23884, 20.93053 ], [ -156.23876, 20.93052 ], [ -156.23866, 20.93047 ], [ -156.23857, 20.93035 ], [ -156.23849, 20.93023 ], [ -156.23844, 20.93024 ], [ -156.23833, 20.93033 ], [ -156.23811, 20.93042 ], [ -156.23801, 20.93053 ], [ -156.23793, 20.93063 ], [ -156.23781, 20.93069 ], [ -156.23771, 20.93077 ], [ -156.23713, 20.93113 ], [ -156.23703, 20.93123 ], [ -156.23699, 20.93132 ], [ -156.23693, 20.93154 ], [ -156.23685, 20.93171 ], [ -156.23682, 20.93178 ], [ -156.23677, 20.93182 ], [ -156.23658, 20.93184 ], [ -156.23634, 20.93192 ], [ -156.23603, 20.93188 ], [ -156.23601, 20.93182 ], [ -156.23602, 20.93165 ], [ -156.23605, 20.93153 ], [ -156.23606, 20.93136 ], [ -156.2361, 20.93113 ], [ -156.2361, 20.93084 ], [ -156.23603, 20.93078 ], [ -156.23588, 20.93072 ], [ -156.23575, 20.93059 ], [ -156.2357, 20.93049 ], [ -156.23567, 20.93035 ], [ -156.23567, 20.93016 ], [ -156.23572, 20.93002 ], [ -156.23572, 20.92984 ], [ -156.23561, 20.92973 ], [ -156.23526, 20.92959 ], [ -156.23518, 20.9296 ], [ -156.23513, 20.9297 ], [ -156.23508, 20.9298 ], [ -156.23506, 20.92982 ], [ -156.2349, 20.93017 ], [ -156.23483, 20.93025 ], [ -156.23479, 20.93026 ], [ -156.23477, 20.93024 ], [ -156.23475, 20.92982 ], [ -156.23472, 20.92978 ], [ -156.23469, 20.92979 ], [ -156.23462, 20.92989 ], [ -156.23458, 20.92989 ], [ -156.23454, 20.92982 ], [ -156.23447, 20.92956 ], [ -156.23448, 20.92944 ], [ -156.23455, 20.92925 ], [ -156.23462, 20.9291 ], [ -156.23464, 20.92904 ], [ -156.23466, 20.929 ], [ -156.23466, 20.9289 ], [ -156.23459, 20.92884 ], [ -156.23383, 20.92863 ], [ -156.23341, 20.92847 ], [ -156.23334, 20.92848 ], [ -156.23329, 20.92857 ], [ -156.23321, 20.92889 ], [ -156.23315, 20.92906 ], [ -156.23315, 20.92911 ], [ -156.23312, 20.92911 ], [ -156.23305, 20.92903 ], [ -156.23295, 20.92888 ], [ -156.23285, 20.9288 ], [ -156.23276, 20.92877 ], [ -156.23272, 20.92867 ], [ -156.23271, 20.92842 ], [ -156.23269, 20.9283 ], [ -156.2326, 20.92813 ], [ -156.23247, 20.92802 ], [ -156.23236, 20.92796 ], [ -156.23229, 20.92788 ], [ -156.23225, 20.92778 ], [ -156.23221, 20.92775 ], [ -156.23203, 20.92776 ], [ -156.23186, 20.92779 ], [ -156.23185, 20.9278 ], [ -156.23172, 20.92784 ], [ -156.23165, 20.92791 ], [ -156.23158, 20.92805 ], [ -156.23157, 20.92837 ], [ -156.23151, 20.92853 ], [ -156.23147, 20.92859 ], [ -156.2314, 20.92866 ], [ -156.23107, 20.9288 ], [ -156.23099, 20.92882 ], [ -156.23097, 20.92878 ], [ -156.23105, 20.92863 ], [ -156.23103, 20.92857 ], [ -156.23092, 20.92849 ], [ -156.23053, 20.92837 ], [ -156.23047, 20.92838 ], [ -156.23044, 20.92843 ], [ -156.23047, 20.9286 ], [ -156.23046, 20.92878 ], [ -156.23043, 20.9288 ], [ -156.23037, 20.92878 ], [ -156.23032, 20.9287 ], [ -156.23032, 20.92863 ], [ -156.23027, 20.92858 ], [ -156.23021, 20.9286 ], [ -156.23015, 20.92864 ], [ -156.2301, 20.92862 ], [ -156.23008, 20.92852 ], [ -156.23001, 20.92845 ], [ -156.22987, 20.9284 ], [ -156.22987, 20.9283 ], [ -156.22991, 20.92826 ], [ -156.23011, 20.92818 ], [ -156.23011, 20.92812 ], [ -156.23004, 20.92805 ], [ -156.22997, 20.92804 ], [ -156.22986, 20.92815 ], [ -156.2298, 20.92818 ], [ -156.22977, 20.92814 ], [ -156.22981, 20.92802 ], [ -156.22983, 20.928 ], [ -156.22983, 20.92794 ], [ -156.22963, 20.92782 ], [ -156.22945, 20.92775 ], [ -156.22935, 20.92775 ], [ -156.22921, 20.9278 ], [ -156.22906, 20.92798 ], [ -156.22903, 20.92804 ], [ -156.22894, 20.92809 ], [ -156.2289, 20.92806 ], [ -156.22888, 20.92798 ], [ -156.22876, 20.92793 ], [ -156.22849, 20.92787 ], [ -156.22834, 20.92781 ], [ -156.22829, 20.92781 ], [ -156.22826, 20.92791 ], [ -156.22831, 20.92813 ], [ -156.22834, 20.92825 ], [ -156.22834, 20.92864 ], [ -156.22827, 20.9288 ], [ -156.22819, 20.92892 ], [ -156.22809, 20.929 ], [ -156.22791, 20.929 ], [ -156.22767, 20.92891 ], [ -156.22764, 20.92888 ], [ -156.22764, 20.9288 ], [ -156.22767, 20.92873 ], [ -156.22767, 20.92863 ], [ -156.22761, 20.92857 ], [ -156.22756, 20.92858 ], [ -156.22744, 20.92868 ], [ -156.22741, 20.92866 ], [ -156.2274, 20.9286 ], [ -156.22738, 20.92845 ], [ -156.22734, 20.92825 ], [ -156.2274, 20.92809 ], [ -156.22767, 20.92757 ], [ -156.22777, 20.92733 ], [ -156.22782, 20.92721 ], [ -156.22787, 20.92717 ], [ -156.22794, 20.92718 ], [ -156.22812, 20.92727 ], [ -156.22822, 20.92727 ], [ -156.22828, 20.92725 ], [ -156.22833, 20.92719 ], [ -156.22832, 20.927 ], [ -156.22829, 20.9269 ], [ -156.22828, 20.9268 ], [ -156.22825, 20.9267 ], [ -156.22823, 20.92647 ], [ -156.22818, 20.92641 ], [ -156.22812, 20.92639 ], [ -156.22804, 20.92639 ], [ -156.22784, 20.92646 ], [ -156.22781, 20.92645 ], [ -156.22781, 20.92636 ], [ -156.22784, 20.9263 ], [ -156.22791, 20.92623 ], [ -156.22791, 20.92608 ], [ -156.22797, 20.92604 ], [ -156.22806, 20.92602 ], [ -156.22809, 20.92598 ], [ -156.2281, 20.92558 ], [ -156.2281, 20.92548 ], [ -156.22799, 20.9253 ], [ -156.22796, 20.92522 ], [ -156.22797, 20.92501 ], [ -156.22801, 20.92489 ], [ -156.228, 20.92475 ], [ -156.22791, 20.92455 ], [ -156.22782, 20.92441 ], [ -156.22761, 20.92417 ], [ -156.22748, 20.92406 ], [ -156.22739, 20.92391 ], [ -156.22735, 20.92373 ], [ -156.22733, 20.92335 ], [ -156.22728, 20.92305 ], [ -156.22724, 20.92254 ], [ -156.22718, 20.92243 ], [ -156.22718, 20.92232 ], [ -156.22728, 20.92219 ], [ -156.22727, 20.92212 ], [ -156.22719, 20.92203 ], [ -156.22719, 20.92198 ], [ -156.22722, 20.92195 ], [ -156.22733, 20.92192 ], [ -156.22732, 20.92185 ], [ -156.22723, 20.92168 ], [ -156.22721, 20.92163 ], [ -156.22715, 20.92143 ], [ -156.22711, 20.92114 ], [ -156.22707, 20.921 ], [ -156.22697, 20.92093 ], [ -156.2269, 20.92095 ], [ -156.22682, 20.92102 ], [ -156.22678, 20.92112 ], [ -156.22671, 20.92118 ], [ -156.2264, 20.92121 ], [ -156.2261, 20.92124 ], [ -156.22608, 20.92123 ], [ -156.22605, 20.92108 ], [ -156.22596, 20.92098 ], [ -156.22589, 20.92093 ], [ -156.22589, 20.92078 ], [ -156.22607, 20.92045 ], [ -156.22611, 20.92034 ], [ -156.22622, 20.92005 ], [ -156.22622, 20.91987 ], [ -156.22611, 20.91971 ], [ -156.22611, 20.91958 ], [ -156.22616, 20.91944 ], [ -156.22623, 20.91933 ], [ -156.22644, 20.91913 ], [ -156.22653, 20.91906 ], [ -156.22666, 20.91885 ], [ -156.22673, 20.9187 ], [ -156.22689, 20.9185 ], [ -156.22694, 20.91841 ], [ -156.22709, 20.9179 ], [ -156.22713, 20.91782 ], [ -156.22732, 20.91755 ], [ -156.22739, 20.91748 ], [ -156.22739, 20.91744 ], [ -156.22727, 20.91736 ], [ -156.22727, 20.91724 ], [ -156.22739, 20.91706 ], [ -156.22739, 20.917 ], [ -156.22733, 20.91696 ], [ -156.22725, 20.91694 ], [ -156.22719, 20.91688 ], [ -156.22718, 20.91677 ], [ -156.22725, 20.91657 ], [ -156.2274, 20.91632 ], [ -156.22742, 20.91622 ], [ -156.22749, 20.91605 ], [ -156.22768, 20.91584 ], [ -156.22776, 20.9157 ], [ -156.22776, 20.91557 ], [ -156.22773, 20.9155 ], [ -156.2274, 20.91518 ], [ -156.22732, 20.91505 ], [ -156.22727, 20.91485 ], [ -156.22719, 20.9147 ], [ -156.22706, 20.91458 ], [ -156.22692, 20.91459 ], [ -156.22679, 20.91468 ], [ -156.22669, 20.91477 ], [ -156.22658, 20.91487 ], [ -156.22638, 20.91488 ], [ -156.22629, 20.91492 ], [ -156.2262, 20.915 ], [ -156.22614, 20.91503 ], [ -156.2261, 20.91501 ], [ -156.22607, 20.91484 ], [ -156.22594, 20.91463 ], [ -156.22594, 20.91445 ], [ -156.226, 20.91418 ], [ -156.22604, 20.91401 ], [ -156.22605, 20.91395 ], [ -156.22602, 20.9139 ], [ -156.2255, 20.9137 ], [ -156.22519, 20.91363 ], [ -156.22511, 20.91363 ], [ -156.22494, 20.91363 ], [ -156.22481, 20.91367 ], [ -156.22453, 20.91373 ], [ -156.22427, 20.91369 ], [ -156.22413, 20.91362 ], [ -156.22397, 20.91356 ], [ -156.22387, 20.91355 ], [ -156.22377, 20.9136 ], [ -156.2237, 20.91368 ], [ -156.22352, 20.91374 ], [ -156.22351, 20.91377 ], [ -156.22349, 20.91394 ], [ -156.22336, 20.91415 ], [ -156.22328, 20.91429 ], [ -156.22331, 20.91436 ], [ -156.22342, 20.91448 ], [ -156.22349, 20.91457 ], [ -156.22349, 20.91463 ], [ -156.22333, 20.91465 ], [ -156.2233, 20.91467 ], [ -156.22327, 20.91474 ], [ -156.22325, 20.91492 ], [ -156.22323, 20.9151 ], [ -156.22318, 20.91526 ], [ -156.22309, 20.91539 ], [ -156.22303, 20.91547 ], [ -156.22296, 20.9155 ], [ -156.22288, 20.9155 ], [ -156.22288, 20.91545 ], [ -156.22295, 20.91518 ], [ -156.223, 20.91503 ], [ -156.22301, 20.91491 ], [ -156.223, 20.9149 ], [ -156.22268, 20.91492 ], [ -156.22228, 20.91485 ], [ -156.22211, 20.91485 ], [ -156.22201, 20.91489 ], [ -156.22178, 20.91504 ], [ -156.22156, 20.91516 ], [ -156.22136, 20.91518 ], [ -156.22108, 20.9151 ], [ -156.22095, 20.91509 ], [ -156.22068, 20.9152 ], [ -156.22039, 20.91527 ], [ -156.21967, 20.91531 ], [ -156.2194, 20.91528 ], [ -156.21903, 20.91511 ], [ -156.21876, 20.915 ], [ -156.21846, 20.915 ], [ -156.21825, 20.91505 ], [ -156.2181, 20.91507 ], [ -156.21807, 20.91504 ], [ -156.21806, 20.91492 ], [ -156.21805, 20.91485 ], [ -156.21801, 20.91481 ], [ -156.2179, 20.9148 ], [ -156.21774, 20.91483 ], [ -156.21764, 20.9149 ], [ -156.21757, 20.915 ], [ -156.2175, 20.91504 ], [ -156.21734, 20.91505 ], [ -156.21726, 20.91505 ], [ -156.21721, 20.91501 ], [ -156.21718, 20.91492 ], [ -156.21716, 20.91467 ], [ -156.21713, 20.91456 ], [ -156.21712, 20.91405 ], [ -156.21709, 20.91395 ], [ -156.21705, 20.91391 ], [ -156.21696, 20.91387 ], [ -156.216, 20.9137 ], [ -156.21529, 20.9135 ], [ -156.21509, 20.91342 ], [ -156.215, 20.91341 ], [ -156.21496, 20.91346 ], [ -156.21492, 20.91357 ], [ -156.21482, 20.91357 ], [ -156.21466, 20.91358 ], [ -156.21465, 20.91356 ], [ -156.21467, 20.91352 ], [ -156.21479, 20.91344 ], [ -156.2148, 20.91339 ], [ -156.21473, 20.91335 ], [ -156.21458, 20.91332 ], [ -156.21454, 20.91329 ], [ -156.21437, 20.91314 ], [ -156.21431, 20.91305 ], [ -156.21426, 20.91285 ], [ -156.21425, 20.91271 ], [ -156.21427, 20.91263 ], [ -156.21433, 20.91254 ], [ -156.21432, 20.91239 ], [ -156.21426, 20.9122 ], [ -156.21421, 20.91193 ], [ -156.21411, 20.91174 ], [ -156.21412, 20.91165 ], [ -156.21414, 20.9116 ], [ -156.21428, 20.91157 ], [ -156.21433, 20.91152 ], [ -156.21434, 20.91139 ], [ -156.21436, 20.91132 ], [ -156.2144, 20.91045 ], [ -156.2144, 20.91013 ], [ -156.21439, 20.90984 ], [ -156.21442, 20.90977 ], [ -156.21449, 20.90955 ], [ -156.21449, 20.90934 ], [ -156.21446, 20.9092 ], [ -156.21442, 20.90908 ], [ -156.21428, 20.90887 ], [ -156.21407, 20.90865 ], [ -156.2139, 20.90841 ], [ -156.21377, 20.90818 ], [ -156.21372, 20.90803 ], [ -156.21372, 20.90773 ], [ -156.21371, 20.90769 ], [ -156.2136, 20.90761 ], [ -156.2136, 20.90754 ], [ -156.21367, 20.90748 ], [ -156.21388, 20.90745 ], [ -156.21395, 20.90741 ], [ -156.21397, 20.90737 ], [ -156.21391, 20.90731 ], [ -156.21391, 20.90724 ], [ -156.21394, 20.9072 ], [ -156.21404, 20.90721 ], [ -156.21412, 20.90721 ], [ -156.2142, 20.90714 ], [ -156.2142, 20.90709 ], [ -156.21413, 20.90702 ], [ -156.2141, 20.90695 ], [ -156.2141, 20.90689 ], [ -156.21415, 20.90688 ], [ -156.21428, 20.90693 ], [ -156.21439, 20.90693 ], [ -156.21448, 20.90691 ], [ -156.21457, 20.90681 ], [ -156.21458, 20.90674 ], [ -156.21451, 20.90663 ], [ -156.21451, 20.90655 ], [ -156.21453, 20.90652 ], [ -156.21467, 20.90648 ], [ -156.21471, 20.90645 ], [ -156.21478, 20.90638 ], [ -156.2148, 20.90622 ], [ -156.21478, 20.90608 ], [ -156.21476, 20.90595 ], [ -156.21472, 20.90586 ], [ -156.21459, 20.90559 ], [ -156.2145, 20.9055 ], [ -156.21433, 20.90543 ], [ -156.21421, 20.90533 ], [ -156.21413, 20.9052 ], [ -156.21413, 20.90504 ], [ -156.21416, 20.90496 ], [ -156.21415, 20.9048 ], [ -156.21409, 20.90464 ], [ -156.21389, 20.90436 ], [ -156.21379, 20.90427 ], [ -156.21361, 20.90421 ], [ -156.21351, 20.90417 ], [ -156.2135, 20.90406 ], [ -156.21347, 20.904 ], [ -156.21331, 20.90399 ], [ -156.2132, 20.90402 ], [ -156.21318, 20.90403 ], [ -156.21306, 20.90409 ], [ -156.213, 20.90418 ], [ -156.213, 20.90431 ], [ -156.21306, 20.90447 ], [ -156.21316, 20.90464 ], [ -156.21325, 20.90473 ], [ -156.21327, 20.90479 ], [ -156.21323, 20.90488 ], [ -156.21316, 20.90496 ], [ -156.21306, 20.90502 ], [ -156.21262, 20.90506 ], [ -156.21237, 20.90514 ], [ -156.2123, 20.90513 ], [ -156.21225, 20.90509 ], [ -156.21225, 20.90502 ], [ -156.21228, 20.90498 ], [ -156.21228, 20.90495 ], [ -156.21221, 20.90492 ], [ -156.21214, 20.90493 ], [ -156.21205, 20.90498 ], [ -156.21196, 20.90497 ], [ -156.2119, 20.90492 ], [ -156.21189, 20.90486 ], [ -156.2119, 20.90472 ], [ -156.21197, 20.90462 ], [ -156.21217, 20.90451 ], [ -156.21225, 20.90441 ], [ -156.21229, 20.90432 ], [ -156.21235, 20.90411 ], [ -156.21243, 20.90389 ], [ -156.21248, 20.90376 ], [ -156.2125, 20.90371 ], [ -156.2125, 20.90362 ], [ -156.21244, 20.90358 ], [ -156.21236, 20.90356 ], [ -156.21209, 20.90355 ], [ -156.212, 20.90351 ], [ -156.21198, 20.90345 ], [ -156.21196, 20.90326 ], [ -156.21189, 20.90322 ], [ -156.21166, 20.90316 ], [ -156.2116, 20.90311 ], [ -156.2115, 20.90297 ], [ -156.21141, 20.90282 ], [ -156.21133, 20.90274 ], [ -156.21115, 20.90267 ], [ -156.21088, 20.90266 ], [ -156.21082, 20.90269 ], [ -156.21079, 20.90276 ], [ -156.21079, 20.90279 ], [ -156.21079, 20.90292 ], [ -156.21082, 20.903 ], [ -156.21081, 20.90306 ], [ -156.21072, 20.90305 ], [ -156.21061, 20.903 ], [ -156.21058, 20.90294 ], [ -156.21057, 20.90285 ], [ -156.21055, 20.90278 ], [ -156.21051, 20.90276 ], [ -156.21041, 20.90278 ], [ -156.21023, 20.90277 ], [ -156.21014, 20.90285 ], [ -156.21001, 20.90297 ], [ -156.20978, 20.90306 ], [ -156.20946, 20.90308 ], [ -156.20911, 20.90302 ], [ -156.20885, 20.90294 ], [ -156.20854, 20.90281 ], [ -156.20826, 20.90266 ], [ -156.2079, 20.90238 ], [ -156.20775, 20.90225 ], [ -156.20746, 20.90202 ], [ -156.2072, 20.90186 ], [ -156.20705, 20.90178 ], [ -156.20681, 20.90168 ], [ -156.20668, 20.90154 ], [ -156.20654, 20.90148 ], [ -156.20636, 20.90134 ], [ -156.20602, 20.90114 ], [ -156.20552, 20.90089 ], [ -156.20535, 20.90072 ], [ -156.20525, 20.90059 ], [ -156.20501, 20.90013 ], [ -156.20492, 20.89996 ], [ -156.20486, 20.89972 ], [ -156.2048, 20.89948 ], [ -156.20481, 20.89933 ], [ -156.20483, 20.89919 ], [ -156.20488, 20.89912 ], [ -156.20478, 20.89903 ], [ -156.20471, 20.8989 ], [ -156.20458, 20.89891 ], [ -156.20449, 20.8989 ], [ -156.20443, 20.89886 ], [ -156.20428, 20.89874 ], [ -156.20414, 20.8986 ], [ -156.20396, 20.89841 ], [ -156.20379, 20.89827 ], [ -156.20359, 20.89823 ], [ -156.20352, 20.89804 ], [ -156.20279, 20.89779 ], [ -156.20198, 20.89761 ], [ -156.20187, 20.89764 ], [ -156.20169, 20.89767 ], [ -156.20158, 20.89758 ], [ -156.20146, 20.89742 ], [ -156.2013, 20.89724 ], [ -156.20101, 20.8972 ], [ -156.2006, 20.8972 ], [ -156.20047, 20.89718 ], [ -156.20037, 20.89706 ], [ -156.20029, 20.89691 ], [ -156.20007, 20.89683 ], [ -156.20005, 20.89686 ], [ -156.19994, 20.89696 ], [ -156.19989, 20.89694 ], [ -156.19986, 20.89679 ], [ -156.19972, 20.89675 ], [ -156.19956, 20.89683 ], [ -156.19954, 20.89656 ], [ -156.19943, 20.8965 ], [ -156.19923, 20.89627 ], [ -156.19917, 20.89584 ], [ -156.19889, 20.89569 ], [ -156.19873, 20.89556 ], [ -156.19866, 20.89547 ], [ -156.19861, 20.8953 ], [ -156.19854, 20.89522 ], [ -156.19843, 20.89513 ], [ -156.19834, 20.89504 ], [ -156.19826, 20.89491 ], [ -156.19813, 20.89487 ], [ -156.19794, 20.8949 ], [ -156.19767, 20.89491 ], [ -156.19739, 20.89488 ], [ -156.1971, 20.89483 ], [ -156.1969, 20.89474 ], [ -156.19674, 20.89461 ], [ -156.19656, 20.89446 ], [ -156.19634, 20.89425 ], [ -156.1962, 20.89417 ], [ -156.19602, 20.89415 ], [ -156.19592, 20.89414 ], [ -156.19582, 20.89423 ], [ -156.19573, 20.89431 ], [ -156.19567, 20.89431 ], [ -156.1956, 20.89424 ], [ -156.19554, 20.8941 ], [ -156.19551, 20.89391 ], [ -156.19556, 20.8937 ], [ -156.19564, 20.89358 ], [ -156.19573, 20.89349 ], [ -156.19574, 20.89341 ], [ -156.19557, 20.89328 ], [ -156.19544, 20.8933 ], [ -156.19521, 20.89344 ], [ -156.19501, 20.89363 ], [ -156.19491, 20.8938 ], [ -156.19483, 20.89397 ], [ -156.19477, 20.89416 ], [ -156.19472, 20.89425 ], [ -156.19471, 20.8944 ], [ -156.19472, 20.89459 ], [ -156.1947, 20.89468 ], [ -156.19459, 20.89469 ], [ -156.19434, 20.89467 ], [ -156.19419, 20.89462 ], [ -156.19418, 20.89452 ], [ -156.19418, 20.89439 ], [ -156.1942, 20.89428 ], [ -156.19422, 20.89421 ], [ -156.19418, 20.89422 ], [ -156.19406, 20.89434 ], [ -156.19402, 20.89432 ], [ -156.19405, 20.89422 ], [ -156.19411, 20.89409 ], [ -156.1942, 20.89384 ], [ -156.19429, 20.89369 ], [ -156.19436, 20.89353 ], [ -156.19437, 20.89348 ], [ -156.19437, 20.89338 ], [ -156.19422, 20.89344 ], [ -156.19412, 20.89349 ], [ -156.19409, 20.8934 ], [ -156.19404, 20.89334 ], [ -156.19396, 20.89335 ], [ -156.19395, 20.89327 ], [ -156.19388, 20.89324 ], [ -156.19397, 20.89296 ], [ -156.19404, 20.89282 ], [ -156.19421, 20.8928 ], [ -156.19431, 20.89257 ], [ -156.19431, 20.89232 ], [ -156.19434, 20.89207 ], [ -156.19441, 20.89197 ], [ -156.19449, 20.89193 ], [ -156.19471, 20.89177 ], [ -156.19482, 20.89166 ], [ -156.19485, 20.89153 ], [ -156.19488, 20.89133 ], [ -156.19493, 20.89118 ], [ -156.19505, 20.89099 ], [ -156.19517, 20.89078 ], [ -156.1952, 20.89063 ], [ -156.19528, 20.89044 ], [ -156.19528, 20.89032 ], [ -156.19536, 20.89015 ], [ -156.19548, 20.88998 ], [ -156.19555, 20.88983 ], [ -156.19562, 20.88973 ], [ -156.19576, 20.88955 ], [ -156.19592, 20.88937 ], [ -156.19602, 20.88923 ], [ -156.19616, 20.88909 ], [ -156.19618, 20.88898 ], [ -156.19601, 20.88872 ], [ -156.19592, 20.88874 ], [ -156.19579, 20.88878 ], [ -156.19547, 20.88893 ], [ -156.19513, 20.88911 ], [ -156.19501, 20.8892 ], [ -156.19494, 20.88937 ], [ -156.19486, 20.88947 ], [ -156.19465, 20.88972 ], [ -156.19441, 20.88997 ], [ -156.19417, 20.89025 ], [ -156.19385, 20.89065 ], [ -156.19366, 20.89082 ], [ -156.19345, 20.89094 ], [ -156.19334, 20.89096 ], [ -156.1932, 20.89102 ], [ -156.19294, 20.89115 ], [ -156.19267, 20.8913 ], [ -156.19235, 20.89152 ], [ -156.19217, 20.89168 ], [ -156.19203, 20.8918 ], [ -156.19198, 20.89183 ], [ -156.1919, 20.89176 ], [ -156.1918, 20.89175 ], [ -156.19183, 20.89167 ], [ -156.19187, 20.8916 ], [ -156.19187, 20.89145 ], [ -156.19192, 20.89143 ], [ -156.192, 20.89146 ], [ -156.19219, 20.89131 ], [ -156.19222, 20.89118 ], [ -156.19228, 20.89096 ], [ -156.19238, 20.89073 ], [ -156.19263, 20.89049 ], [ -156.19279, 20.89039 ], [ -156.19294, 20.89028 ], [ -156.19273, 20.88976 ], [ -156.19272, 20.88953 ], [ -156.19221, 20.88893 ], [ -156.19184, 20.88851 ], [ -156.19168, 20.88832 ], [ -156.19129, 20.88784 ], [ -156.19092, 20.88764 ], [ -156.19054, 20.88755 ], [ -156.19044, 20.88744 ], [ -156.19034, 20.88719 ], [ -156.1899, 20.88685 ], [ -156.18958, 20.88668 ], [ -156.18915, 20.88646 ], [ -156.18885, 20.88623 ], [ -156.18855, 20.88596 ], [ -156.18839, 20.88584 ], [ -156.18824, 20.88567 ], [ -156.18805, 20.88547 ], [ -156.18783, 20.88532 ], [ -156.1875, 20.88515 ], [ -156.18728, 20.88506 ], [ -156.18695, 20.8849 ], [ -156.18682, 20.88486 ], [ -156.18671, 20.88487 ], [ -156.18664, 20.88479 ], [ -156.18659, 20.88466 ], [ -156.18644, 20.88455 ], [ -156.18619, 20.88438 ], [ -156.18593, 20.88418 ], [ -156.18581, 20.88405 ], [ -156.18575, 20.88396 ], [ -156.18549, 20.88361 ], [ -156.18543, 20.88352 ], [ -156.18672, 20.88259 ], [ -156.19509, 20.88033 ], [ -156.20177, 20.88143 ], [ -156.21894, 20.88477 ], [ -156.23459, 20.88554 ], [ -156.24407, 20.88549 ], [ -156.24927, 20.88372 ], [ -156.25739, 20.87739 ], [ -156.26192, 20.8728 ], [ -156.26424, 20.86858 ], [ -156.26647, 20.8629 ], [ -156.27009, 20.85591 ], [ -156.27485, 20.85079 ], [ -156.28147, 20.84525 ], [ -156.28476, 20.83926 ], [ -156.28628, 20.83132 ], [ -156.28553, 20.82304 ], [ -156.28379, 20.81588 ], [ -156.27939, 20.8065 ], [ -156.27375, 20.8006 ], [ -156.26492, 20.79378 ], [ -156.25688, 20.79063 ], [ -156.25377, 20.78894 ], [ -156.24434, 20.78663 ], [ -156.23345, 20.78448 ], [ -156.22789, 20.78356 ], [ -156.21241, 20.78099 ], [ -156.19645, 20.77734 ], [ -156.1843, 20.77261 ], [ -156.17512, 20.76797 ], [ -156.16805, 20.76267 ], [ -156.15907, 20.75584 ], [ -156.14771, 20.74589 ], [ -156.13671, 20.73635 ], [ -156.12728, 20.72726 ], [ -156.11757, 20.71898 ], [ -156.10036, 20.71502 ], [ -156.08706, 20.72149 ], [ -156.07674, 20.72842 ], [ -156.06262, 20.74115 ], [ -156.05782, 20.7493 ], [ -156.05473, 20.75973 ], [ -156.05409, 20.7712 ], [ -156.05486, 20.78312 ], [ -156.05895, 20.79256 ], [ -156.06463, 20.80092 ], [ -156.0714, 20.80836 ], [ -156.07911, 20.81517 ], [ -156.08696, 20.82108 ], [ -156.09455, 20.82736 ], [ -156.09417, 20.82739 ], [ -156.09388, 20.82731 ], [ -156.09381, 20.82738 ], [ -156.09349, 20.82796 ], [ -156.09337, 20.82807 ], [ -156.0932, 20.82813 ], [ -156.09308, 20.82812 ], [ -156.09302, 20.82809 ], [ -156.09301, 20.82789 ], [ -156.09296, 20.8278 ], [ -156.0929, 20.82774 ], [ -156.0928, 20.82771 ], [ -156.09266, 20.82773 ], [ -156.09254, 20.82777 ], [ -156.09248, 20.82786 ], [ -156.09249, 20.82803 ], [ -156.0926, 20.82825 ], [ -156.09259, 20.82837 ], [ -156.09263, 20.82854 ], [ -156.09262, 20.82862 ], [ -156.09256, 20.82865 ], [ -156.0924, 20.82864 ], [ -156.0922, 20.82858 ], [ -156.09209, 20.82847 ], [ -156.09207, 20.82842 ], [ -156.09202, 20.82817 ], [ -156.09195, 20.82801 ], [ -156.09178, 20.82784 ], [ -156.09176, 20.8278 ], [ -156.09177, 20.82769 ], [ -156.09179, 20.82765 ], [ -156.09179, 20.8275 ], [ -156.09177, 20.82748 ], [ -156.09174, 20.82739 ], [ -156.09166, 20.82725 ], [ -156.09154, 20.82717 ], [ -156.09115, 20.82704 ], [ -156.09101, 20.82705 ], [ -156.09093, 20.82715 ], [ -156.09079, 20.82748 ], [ -156.09073, 20.82756 ], [ -156.09069, 20.82758 ], [ -156.09059, 20.82757 ], [ -156.09047, 20.82751 ], [ -156.09039, 20.82746 ], [ -156.09011, 20.82745 ], [ -156.08973, 20.82738 ], [ -156.08958, 20.82739 ], [ -156.08939, 20.82744 ], [ -156.08923, 20.82757 ], [ -156.08888, 20.82772 ], [ -156.08873, 20.82781 ], [ -156.08868, 20.82791 ], [ -156.08865, 20.82806 ], [ -156.08862, 20.82811 ], [ -156.08861, 20.82828 ], [ -156.08858, 20.82831 ], [ -156.08844, 20.82836 ], [ -156.08834, 20.82845 ], [ -156.08827, 20.82843 ], [ -156.08818, 20.8284 ], [ -156.08812, 20.82831 ], [ -156.08805, 20.82832 ], [ -156.08799, 20.82839 ], [ -156.088, 20.8285 ], [ -156.08806, 20.82859 ], [ -156.08813, 20.82866 ], [ -156.08813, 20.8287 ], [ -156.0881, 20.82871 ], [ -156.08796, 20.82872 ], [ -156.08783, 20.82883 ], [ -156.08777, 20.82881 ], [ -156.08761, 20.82872 ], [ -156.08749, 20.82875 ], [ -156.08743, 20.82871 ], [ -156.08734, 20.82856 ], [ -156.08723, 20.82846 ], [ -156.08651, 20.82819 ], [ -156.08633, 20.82808 ], [ -156.08603, 20.82801 ], [ -156.08562, 20.82788 ], [ -156.08538, 20.82774 ], [ -156.0853, 20.82765 ], [ -156.08523, 20.82763 ], [ -156.08517, 20.82764 ], [ -156.08511, 20.8277 ], [ -156.08498, 20.82786 ], [ -156.08492, 20.82796 ], [ -156.08487, 20.82801 ], [ -156.0848, 20.82801 ], [ -156.08458, 20.82782 ], [ -156.08442, 20.82776 ], [ -156.08433, 20.82773 ], [ -156.08425, 20.82763 ], [ -156.08417, 20.82745 ], [ -156.08417, 20.82724 ], [ -156.08424, 20.82711 ], [ -156.08448, 20.82686 ], [ -156.08455, 20.82671 ], [ -156.08452, 20.82656 ], [ -156.08449, 20.8265 ], [ -156.08437, 20.82639 ], [ -156.08416, 20.82636 ], [ -156.08412, 20.82622 ], [ -156.08407, 20.82614 ], [ -156.08375, 20.82581 ], [ -156.08348, 20.82555 ], [ -156.08326, 20.82535 ], [ -156.08291, 20.82519 ], [ -156.08272, 20.825 ], [ -156.08269, 20.825 ], [ -156.08249, 20.82517 ], [ -156.08241, 20.82529 ], [ -156.08233, 20.82544 ], [ -156.08224, 20.8255 ], [ -156.08218, 20.82549 ], [ -156.0821, 20.82547 ], [ -156.08204, 20.82539 ], [ -156.08203, 20.82531 ], [ -156.08201, 20.82527 ], [ -156.08191, 20.8252 ], [ -156.08179, 20.82521 ], [ -156.08164, 20.82525 ], [ -156.0816, 20.82529 ], [ -156.08157, 20.82536 ], [ -156.08158, 20.82547 ], [ -156.08164, 20.8256 ], [ -156.08163, 20.82566 ], [ -156.08159, 20.8257 ], [ -156.08152, 20.82569 ], [ -156.08145, 20.82564 ], [ -156.08136, 20.82552 ], [ -156.08132, 20.82542 ], [ -156.08129, 20.82522 ], [ -156.08121, 20.82507 ], [ -156.08097, 20.82473 ], [ -156.0808, 20.8246 ], [ -156.08068, 20.82462 ], [ -156.08059, 20.82454 ], [ -156.08053, 20.8244 ], [ -156.08047, 20.82431 ], [ -156.08044, 20.82422 ], [ -156.08037, 20.82406 ], [ -156.08024, 20.82388 ], [ -156.08001, 20.82367 ], [ -156.07988, 20.8236 ], [ -156.0796, 20.82355 ], [ -156.07948, 20.82355 ], [ -156.07941, 20.82359 ], [ -156.0794, 20.82365 ], [ -156.07943, 20.82371 ], [ -156.07944, 20.82376 ], [ -156.07936, 20.82378 ], [ -156.07925, 20.82373 ], [ -156.07912, 20.82369 ], [ -156.07901, 20.82362 ], [ -156.07886, 20.82357 ], [ -156.07882, 20.82355 ], [ -156.07885, 20.82349 ], [ -156.07901, 20.82346 ], [ -156.07901, 20.8234 ], [ -156.07894, 20.82334 ], [ -156.07892, 20.82329 ], [ -156.07901, 20.82322 ], [ -156.07901, 20.82309 ], [ -156.07884, 20.82299 ], [ -156.07884, 20.82295 ], [ -156.07888, 20.82285 ], [ -156.07888, 20.8226 ], [ -156.07882, 20.82251 ], [ -156.07861, 20.8223 ], [ -156.07833, 20.82217 ], [ -156.07804, 20.8221 ], [ -156.0778, 20.82209 ], [ -156.0776, 20.82213 ], [ -156.07749, 20.82218 ], [ -156.07736, 20.82229 ], [ -156.07722, 20.82248 ], [ -156.07705, 20.82266 ], [ -156.07693, 20.82273 ], [ -156.07683, 20.82275 ], [ -156.07677, 20.82272 ], [ -156.07661, 20.82251 ], [ -156.07647, 20.82241 ], [ -156.07647, 20.82236 ], [ -156.07637, 20.82223 ], [ -156.07636, 20.82213 ], [ -156.07638, 20.82206 ], [ -156.07638, 20.82195 ], [ -156.0763, 20.82186 ], [ -156.07627, 20.82183 ], [ -156.07626, 20.82172 ], [ -156.07623, 20.82168 ], [ -156.07614, 20.82161 ], [ -156.07611, 20.82147 ], [ -156.07583, 20.82135 ], [ -156.07578, 20.82127 ], [ -156.07571, 20.82123 ], [ -156.07557, 20.8211 ], [ -156.07556, 20.82105 ], [ -156.07537, 20.821 ], [ -156.07511, 20.82087 ], [ -156.0749, 20.82071 ], [ -156.07471, 20.82053 ], [ -156.07459, 20.82039 ], [ -156.07454, 20.82035 ], [ -156.07451, 20.82034 ], [ -156.07425, 20.82032 ], [ -156.07421, 20.82029 ], [ -156.07417, 20.82024 ], [ -156.07411, 20.82024 ], [ -156.07394, 20.82031 ], [ -156.0738, 20.82032 ], [ -156.0737, 20.82028 ], [ -156.07372, 20.82021 ], [ -156.07381, 20.82013 ], [ -156.07382, 20.82007 ], [ -156.07389, 20.82001 ], [ -156.07391, 20.81994 ], [ -156.07377, 20.81971 ], [ -156.07358, 20.8195 ], [ -156.07346, 20.81933 ], [ -156.07335, 20.8192 ], [ -156.07321, 20.8191 ], [ -156.07315, 20.81908 ], [ -156.07301, 20.81897 ], [ -156.07284, 20.8189 ], [ -156.07274, 20.81887 ], [ -156.07257, 20.81889 ], [ -156.07236, 20.81892 ], [ -156.07228, 20.81897 ], [ -156.07221, 20.81909 ], [ -156.07212, 20.81909 ], [ -156.07201, 20.81906 ], [ -156.0719, 20.81907 ], [ -156.07187, 20.81904 ], [ -156.07188, 20.819 ], [ -156.07195, 20.81893 ], [ -156.07195, 20.81889 ], [ -156.07189, 20.81885 ], [ -156.07163, 20.81882 ], [ -156.0713, 20.81874 ], [ -156.07098, 20.81865 ], [ -156.07089, 20.81866 ], [ -156.07075, 20.81866 ], [ -156.07071, 20.81862 ], [ -156.07067, 20.81854 ], [ -156.07062, 20.8185 ], [ -156.07058, 20.81849 ], [ -156.07052, 20.81847 ], [ -156.07039, 20.81834 ], [ -156.0703, 20.81829 ], [ -156.06998, 20.81823 ], [ -156.06987, 20.81819 ], [ -156.06972, 20.81819 ], [ -156.06965, 20.81822 ], [ -156.0695, 20.81837 ], [ -156.06926, 20.81853 ], [ -156.06914, 20.81857 ], [ -156.069, 20.81856 ], [ -156.06895, 20.81854 ], [ -156.06888, 20.81855 ], [ -156.06877, 20.81863 ], [ -156.06856, 20.81862 ], [ -156.06837, 20.81868 ], [ -156.06827, 20.81869 ], [ -156.06823, 20.81867 ], [ -156.06823, 20.81863 ], [ -156.06825, 20.81859 ], [ -156.06824, 20.81851 ], [ -156.06823, 20.81847 ], [ -156.06828, 20.81838 ], [ -156.06836, 20.81832 ], [ -156.06863, 20.81796 ], [ -156.06868, 20.81785 ], [ -156.06871, 20.81771 ], [ -156.06869, 20.81757 ], [ -156.06862, 20.81743 ], [ -156.0685, 20.81731 ], [ -156.06805, 20.81714 ], [ -156.06792, 20.81701 ], [ -156.06786, 20.81692 ], [ -156.06774, 20.81682 ], [ -156.06752, 20.81673 ], [ -156.06687, 20.81653 ], [ -156.06642, 20.81634 ], [ -156.06611, 20.81625 ], [ -156.06579, 20.81621 ], [ -156.06569, 20.81612 ], [ -156.06554, 20.81607 ], [ -156.06545, 20.81608 ], [ -156.06539, 20.8161 ], [ -156.06534, 20.81614 ], [ -156.06525, 20.81623 ], [ -156.06514, 20.81633 ], [ -156.06507, 20.81634 ], [ -156.06504, 20.8163 ], [ -156.065, 20.81618 ], [ -156.06498, 20.81613 ], [ -156.06502, 20.81606 ], [ -156.06522, 20.81589 ], [ -156.06527, 20.81583 ], [ -156.06527, 20.81558 ], [ -156.06518, 20.81536 ], [ -156.06504, 20.81506 ], [ -156.06497, 20.81494 ], [ -156.06497, 20.8149 ], [ -156.06494, 20.81488 ], [ -156.06482, 20.81477 ], [ -156.06436, 20.81451 ], [ -156.06424, 20.81443 ], [ -156.0641, 20.81443 ], [ -156.06398, 20.81449 ], [ -156.0639, 20.81443 ], [ -156.06389, 20.81438 ], [ -156.06392, 20.81435 ], [ -156.06422, 20.81426 ], [ -156.06431, 20.81419 ], [ -156.06437, 20.81408 ], [ -156.06439, 20.81398 ], [ -156.06438, 20.8138 ], [ -156.06436, 20.81376 ], [ -156.06416, 20.81354 ], [ -156.06413, 20.81346 ], [ -156.06412, 20.81333 ], [ -156.06398, 20.81314 ], [ -156.06381, 20.81283 ], [ -156.06368, 20.81247 ], [ -156.06366, 20.81229 ], [ -156.06363, 20.81227 ], [ -156.06349, 20.8122 ], [ -156.0633, 20.81216 ], [ -156.06315, 20.8121 ], [ -156.06311, 20.81207 ], [ -156.06304, 20.81204 ], [ -156.06261, 20.81209 ], [ -156.06219, 20.81211 ], [ -156.06211, 20.81219 ], [ -156.06199, 20.81226 ], [ -156.06174, 20.81231 ], [ -156.06171, 20.81228 ], [ -156.06171, 20.81214 ], [ -156.06167, 20.81213 ], [ -156.06152, 20.81219 ], [ -156.06148, 20.81216 ], [ -156.06147, 20.812 ], [ -156.06146, 20.81198 ], [ -156.06138, 20.81193 ], [ -156.06138, 20.81191 ], [ -156.06141, 20.81185 ], [ -156.06141, 20.81171 ], [ -156.06141, 20.81147 ], [ -156.06135, 20.81127 ], [ -156.06126, 20.81118 ], [ -156.06115, 20.81114 ], [ -156.06093, 20.81114 ], [ -156.06074, 20.81123 ], [ -156.06065, 20.81125 ], [ -156.06034, 20.81116 ], [ -156.06013, 20.81116 ], [ -156.06009, 20.81112 ], [ -156.06005, 20.81102 ], [ -156.0599, 20.81099 ], [ -156.05978, 20.81099 ], [ -156.05971, 20.81102 ], [ -156.05956, 20.81106 ], [ -156.05954, 20.81104 ], [ -156.05955, 20.81085 ], [ -156.05955, 20.81043 ], [ -156.05955, 20.81009 ], [ -156.05953, 20.80995 ], [ -156.05945, 20.80986 ], [ -156.05933, 20.80979 ], [ -156.05929, 20.80972 ], [ -156.05928, 20.80958 ], [ -156.05926, 20.8095 ], [ -156.05923, 20.80946 ], [ -156.05908, 20.80935 ], [ -156.05887, 20.80929 ], [ -156.05851, 20.8092 ], [ -156.05843, 20.80914 ], [ -156.05835, 20.80899 ], [ -156.05804, 20.80859 ], [ -156.05781, 20.80843 ], [ -156.05769, 20.80831 ], [ -156.0576, 20.80812 ], [ -156.05757, 20.80803 ], [ -156.05748, 20.80784 ], [ -156.05745, 20.80783 ], [ -156.05731, 20.80768 ], [ -156.05704, 20.80743 ], [ -156.05684, 20.80733 ], [ -156.05649, 20.8072 ], [ -156.05614, 20.80712 ], [ -156.0556, 20.80705 ], [ -156.05519, 20.80705 ], [ -156.05514, 20.80706 ], [ -156.05509, 20.80714 ], [ -156.05505, 20.80716 ], [ -156.05486, 20.80717 ], [ -156.0547, 20.80721 ], [ -156.05449, 20.80734 ], [ -156.05442, 20.80743 ], [ -156.05441, 20.80753 ], [ -156.05443, 20.80757 ], [ -156.05464, 20.80779 ], [ -156.05464, 20.80786 ], [ -156.05452, 20.80803 ], [ -156.05438, 20.80817 ], [ -156.0543, 20.80823 ], [ -156.05432, 20.80831 ], [ -156.05433, 20.80844 ], [ -156.05429, 20.80847 ], [ -156.05422, 20.8085 ], [ -156.05419, 20.80846 ], [ -156.05412, 20.80834 ], [ -156.05402, 20.80822 ], [ -156.05392, 20.80801 ], [ -156.0539, 20.80791 ], [ -156.05371, 20.80789 ], [ -156.05368, 20.80787 ], [ -156.05367, 20.80776 ], [ -156.05364, 20.80771 ], [ -156.05359, 20.8077 ], [ -156.05355, 20.80774 ], [ -156.05342, 20.80776 ], [ -156.05337, 20.80772 ], [ -156.05335, 20.80758 ], [ -156.05328, 20.8075 ], [ -156.05304, 20.80737 ], [ -156.05295, 20.80736 ], [ -156.05274, 20.80742 ], [ -156.05271, 20.8074 ], [ -156.05272, 20.80733 ], [ -156.05278, 20.80728 ], [ -156.05287, 20.80728 ], [ -156.05292, 20.80728 ], [ -156.05293, 20.8072 ], [ -156.0529, 20.80715 ], [ -156.05289, 20.80709 ], [ -156.05289, 20.80705 ], [ -156.05291, 20.80699 ], [ -156.05293, 20.80689 ], [ -156.05291, 20.80687 ], [ -156.05265, 20.80684 ], [ -156.05193, 20.80672 ], [ -156.05139, 20.80668 ], [ -156.05126, 20.80663 ], [ -156.05119, 20.80658 ], [ -156.05113, 20.80656 ], [ -156.05105, 20.80666 ], [ -156.05103, 20.80677 ], [ -156.051, 20.80682 ], [ -156.05073, 20.80684 ], [ -156.05058, 20.8069 ], [ -156.05044, 20.80694 ], [ -156.0503, 20.80691 ], [ -156.05004, 20.80691 ], [ -156.04995, 20.80695 ], [ -156.04989, 20.807 ], [ -156.04983, 20.80712 ], [ -156.04985, 20.80722 ], [ -156.04986, 20.8073 ], [ -156.04981, 20.80733 ], [ -156.04975, 20.80742 ], [ -156.04974, 20.80759 ], [ -156.04969, 20.80764 ], [ -156.04939, 20.80772 ], [ -156.04928, 20.80781 ], [ -156.04925, 20.80787 ], [ -156.04924, 20.80806 ], [ -156.04923, 20.80809 ], [ -156.04899, 20.80822 ], [ -156.0489, 20.80836 ], [ -156.0489, 20.80854 ], [ -156.04883, 20.80857 ], [ -156.04877, 20.80853 ], [ -156.04859, 20.80836 ], [ -156.04851, 20.80832 ], [ -156.04839, 20.80829 ], [ -156.04833, 20.80823 ], [ -156.04832, 20.80805 ], [ -156.0483, 20.808 ], [ -156.04829, 20.80784 ], [ -156.04833, 20.80777 ], [ -156.04834, 20.8077 ], [ -156.04832, 20.80768 ], [ -156.04823, 20.80769 ], [ -156.04818, 20.80772 ], [ -156.04812, 20.80784 ], [ -156.04803, 20.80794 ], [ -156.04796, 20.80797 ], [ -156.04793, 20.80796 ], [ -156.04793, 20.80787 ], [ -156.04791, 20.80778 ], [ -156.04791, 20.80767 ], [ -156.04796, 20.80763 ], [ -156.04799, 20.80759 ], [ -156.04794, 20.80757 ], [ -156.04785, 20.80752 ], [ -156.04787, 20.80749 ], [ -156.04787, 20.80744 ], [ -156.04784, 20.80742 ], [ -156.04704, 20.80717 ], [ -156.04697, 20.80718 ], [ -156.04691, 20.80725 ], [ -156.04689, 20.80738 ], [ -156.04682, 20.80741 ], [ -156.0468, 20.80748 ], [ -156.04663, 20.80751 ], [ -156.04659, 20.80754 ], [ -156.04656, 20.80754 ], [ -156.04653, 20.80749 ], [ -156.04651, 20.80741 ], [ -156.04644, 20.80734 ], [ -156.04627, 20.80728 ], [ -156.04628, 20.80722 ], [ -156.04629, 20.80715 ], [ -156.04621, 20.80706 ], [ -156.04618, 20.80691 ], [ -156.0461, 20.80691 ], [ -156.04602, 20.80692 ], [ -156.04579, 20.80684 ], [ -156.04565, 20.80686 ], [ -156.04561, 20.80683 ], [ -156.04556, 20.80674 ], [ -156.04554, 20.8067 ], [ -156.04545, 20.80658 ], [ -156.04535, 20.8065 ], [ -156.04519, 20.80642 ], [ -156.04508, 20.80631 ], [ -156.04498, 20.80631 ], [ -156.04493, 20.80631 ], [ -156.04491, 20.8063 ], [ -156.04494, 20.80618 ], [ -156.04493, 20.80606 ], [ -156.04479, 20.80595 ], [ -156.04473, 20.80592 ], [ -156.0447, 20.80575 ], [ -156.04464, 20.80569 ], [ -156.04454, 20.8056 ], [ -156.04427, 20.80548 ], [ -156.04353, 20.80526 ], [ -156.04333, 20.80522 ], [ -156.04315, 20.80523 ], [ -156.04244, 20.8053 ], [ -156.04241, 20.80534 ], [ -156.04239, 20.8054 ], [ -156.04237, 20.8054 ], [ -156.03776, 20.79567 ], [ -156.03475, 20.7829 ], [ -156.03379, 20.77141 ], [ -156.03305, 20.76314 ], [ -156.03241, 20.755 ], [ -156.03267, 20.74638 ], [ -156.03408, 20.73944 ], [ -156.03941, 20.73019 ], [ -156.04818, 20.71932 ], [ -156.05953, 20.70475 ], [ -156.06303, 20.70118 ], [ -156.0717, 20.69073 ], [ -156.07934, 20.68551 ], [ -156.08999, 20.68013 ], [ -156.099, 20.67555 ], [ -156.10992, 20.67561 ], [ -156.12222, 20.68029 ], [ -156.13357, 20.68982 ], [ -156.14276, 20.69763 ], [ -156.15123, 20.70675 ], [ -156.15852, 20.71498 ], [ -156.16629, 20.72197 ], [ -156.17412, 20.7292 ], [ -156.18257, 20.73727 ], [ -156.18974, 20.74484 ], [ -156.19513, 20.75113 ], [ -156.20188, 20.75535 ], [ -156.20988, 20.75906 ], [ -156.21973, 20.76223 ], [ -156.23084, 20.76351 ], [ -156.24135, 20.76277 ], [ -156.25711, 20.76216 ], [ -156.26393, 20.76088 ], [ -156.27108, 20.763 ], [ -156.28257, 20.76726 ], [ -156.29203, 20.77062 ], [ -156.3027, 20.77655 ], [ -156.31172, 20.78479 ], [ -156.32013, 20.79503 ], [ -156.32697, 20.80469 ], [ -156.33233, 20.81382 ], [ -156.3348, 20.81983 ], [ -156.33661, 20.82575 ], [ -156.33627, 20.83272 ], [ -156.33524, 20.83777 ], [ -156.33294, 20.84293 ], [ -156.32977, 20.84722 ], [ -156.32372, 20.85132 ], [ -156.31655, 20.85503 ], [ -156.30817, 20.86094 ], [ -156.30276, 20.86664 ], [ -156.29595, 20.87465 ], [ -156.2909, 20.88062 ], [ -156.28628, 20.89005 ], [ -156.28498, 20.89899 ], [ -156.28527, 20.9068 ], [ -156.28556, 20.91674 ], [ -156.2855, 20.92673 ], [ -156.28514, 20.93896 ], [ -156.28512, 20.94415 ], [ -156.28506, 20.94415 ], [ -156.28494, 20.94415 ], [ -156.28485, 20.94421 ], [ -156.28462, 20.94436 ], [ -156.28449, 20.94443 ], [ -156.28434, 20.94446 ], [ -156.28422, 20.94446 ], [ -156.28413, 20.94445 ], [ -156.28403, 20.94449 ], [ -156.28379, 20.9446 ], [ -156.28359, 20.94467 ], [ -156.28342, 20.94474 ], [ -156.28317, 20.94496 ], [ -156.28312, 20.94505 ], [ -156.28312, 20.94511 ], [ -156.28313, 20.94543 ], [ -156.28307, 20.94553 ], [ -156.28297, 20.9456 ], [ -156.28266, 20.94565 ], [ -156.28242, 20.94561 ] ] ] ] } },
{ "type": "Feature", "properties": { "objectid": 43, "solar_cal": "350-400", "st_areasha": 86398446.341557086, "st_perimet": 103190.15198509931 }, "geometry": { "type": "MultiPolygon", "coordinates": [ [ [ [ -156.60397, 21.00605 ], [ -156.59846, 21.00575 ], [ -156.59131, 21.00449 ], [ -156.58627, 21.00276 ], [ -156.57986, 21.00082 ], [ -156.5725, 20.99758 ], [ -156.56707, 20.99443 ], [ -156.56099, 20.98945 ], [ -156.55472, 20.98499 ], [ -156.54994, 20.98193 ], [ -156.54247, 20.97797 ], [ -156.5325, 20.97487 ], [ -156.52694, 20.97396 ], [ -156.52668, 20.97379 ], [ -156.52669, 20.97372 ], [ -156.52682, 20.97365 ], [ -156.52681, 20.97353 ], [ -156.52674, 20.97345 ], [ -156.52658, 20.97314 ], [ -156.52657, 20.97289 ], [ -156.52654, 20.97282 ], [ -156.52645, 20.97282 ], [ -156.52636, 20.97285 ], [ -156.52622, 20.97294 ], [ -156.52614, 20.97297 ], [ -156.52606, 20.97297 ], [ -156.52597, 20.97292 ], [ -156.52588, 20.97279 ], [ -156.52569, 20.97272 ], [ -156.52566, 20.97266 ], [ -156.52568, 20.97262 ], [ -156.52592, 20.97247 ], [ -156.52636, 20.9723 ], [ -156.52658, 20.97226 ], [ -156.52666, 20.97218 ], [ -156.52663, 20.97212 ], [ -156.52655, 20.97203 ], [ -156.52658, 20.97194 ], [ -156.52679, 20.97182 ], [ -156.52688, 20.97173 ], [ -156.52692, 20.97153 ], [ -156.52691, 20.97142 ], [ -156.52681, 20.97109 ], [ -156.52677, 20.97072 ], [ -156.5267, 20.97049 ], [ -156.52654, 20.97029 ], [ -156.52653, 20.97014 ], [ -156.52656, 20.96962 ], [ -156.52652, 20.96933 ], [ -156.52639, 20.96907 ], [ -156.5262, 20.96846 ], [ -156.526, 20.96804 ], [ -156.52594, 20.96786 ], [ -156.52573, 20.96744 ], [ -156.52569, 20.96725 ], [ -156.52558, 20.96701 ], [ -156.5255, 20.96697 ], [ -156.5254, 20.96695 ], [ -156.52536, 20.96691 ], [ -156.52531, 20.96675 ], [ -156.52521, 20.96671 ], [ -156.52517, 20.96666 ], [ -156.52512, 20.96656 ], [ -156.52515, 20.96647 ], [ -156.52536, 20.96618 ], [ -156.5253, 20.96604 ], [ -156.5253, 20.96586 ], [ -156.52527, 20.9657 ], [ -156.52518, 20.96554 ], [ -156.52524, 20.96543 ], [ -156.52543, 20.96524 ], [ -156.52545, 20.96509 ], [ -156.52552, 20.96504 ], [ -156.52556, 20.96496 ], [ -156.52551, 20.96469 ], [ -156.52544, 20.96457 ], [ -156.52521, 20.9643 ], [ -156.5243, 20.96341 ], [ -156.5241, 20.96327 ], [ -156.52352, 20.96294 ], [ -156.52326, 20.96284 ], [ -156.52262, 20.96264 ], [ -156.52248, 20.96252 ], [ -156.52218, 20.9624 ], [ -156.52201, 20.96229 ], [ -156.52159, 20.96188 ], [ -156.5215, 20.96186 ], [ -156.52131, 20.96187 ], [ -156.52119, 20.96191 ], [ -156.52104, 20.96194 ], [ -156.52094, 20.96189 ], [ -156.52098, 20.96183 ], [ -156.52123, 20.96169 ], [ -156.52122, 20.9616 ], [ -156.52098, 20.96135 ], [ -156.52075, 20.96096 ], [ -156.52054, 20.96069 ], [ -156.52029, 20.96053 ], [ -156.52007, 20.96048 ], [ -156.51973, 20.96037 ], [ -156.51957, 20.96041 ], [ -156.51945, 20.96037 ], [ -156.51948, 20.96021 ], [ -156.51937, 20.96009 ], [ -156.51938, 20.95999 ], [ -156.51944, 20.9599 ], [ -156.51941, 20.95988 ], [ -156.51932, 20.95989 ], [ -156.51922, 20.95982 ], [ -156.51937, 20.95968 ], [ -156.51935, 20.9596 ], [ -156.5194, 20.95954 ], [ -156.51979, 20.95915 ], [ -156.51986, 20.959 ], [ -156.51988, 20.95883 ], [ -156.51972, 20.95833 ], [ -156.51962, 20.95821 ], [ -156.51946, 20.95815 ], [ -156.51937, 20.95816 ], [ -156.51918, 20.95824 ], [ -156.51912, 20.95822 ], [ -156.51911, 20.95813 ], [ -156.51914, 20.95807 ], [ -156.51912, 20.95801 ], [ -156.51907, 20.95797 ], [ -156.51837, 20.95764 ], [ -156.51825, 20.95758 ], [ -156.51801, 20.95732 ], [ -156.51781, 20.95728 ], [ -156.51752, 20.95719 ], [ -156.51743, 20.95712 ], [ -156.51745, 20.95708 ], [ -156.51755, 20.95702 ], [ -156.51772, 20.95702 ], [ -156.51781, 20.95698 ], [ -156.51785, 20.95691 ], [ -156.51776, 20.95672 ], [ -156.51771, 20.95643 ], [ -156.5176, 20.95613 ], [ -156.51753, 20.95605 ], [ -156.51743, 20.95606 ], [ -156.51734, 20.95601 ], [ -156.51738, 20.95594 ], [ -156.51746, 20.95587 ], [ -156.5175, 20.95578 ], [ -156.51748, 20.95571 ], [ -156.51745, 20.95569 ], [ -156.51735, 20.95572 ], [ -156.51709, 20.95592 ], [ -156.51698, 20.95591 ], [ -156.51695, 20.95584 ], [ -156.51707, 20.95561 ], [ -156.51721, 20.95542 ], [ -156.51733, 20.95522 ], [ -156.51734, 20.95512 ], [ -156.51723, 20.95512 ], [ -156.51656, 20.95512 ], [ -156.51644, 20.95504 ], [ -156.5163, 20.95495 ], [ -156.51624, 20.9548 ], [ -156.51611, 20.95479 ], [ -156.5159, 20.95484 ], [ -156.51577, 20.95491 ], [ -156.51568, 20.95496 ], [ -156.51562, 20.95497 ], [ -156.5156, 20.95495 ], [ -156.51568, 20.95486 ], [ -156.51586, 20.95471 ], [ -156.51596, 20.95464 ], [ -156.51607, 20.95451 ], [ -156.5161, 20.95406 ], [ -156.51599, 20.95401 ], [ -156.51598, 20.95398 ], [ -156.51604, 20.95382 ], [ -156.51609, 20.95376 ], [ -156.51613, 20.95361 ], [ -156.51616, 20.95339 ], [ -156.51613, 20.95327 ], [ -156.51601, 20.95323 ], [ -156.51593, 20.95317 ], [ -156.51582, 20.95307 ], [ -156.51573, 20.95306 ], [ -156.51556, 20.9531 ], [ -156.51529, 20.95317 ], [ -156.51502, 20.95324 ], [ -156.51494, 20.95326 ], [ -156.51484, 20.9532 ], [ -156.51481, 20.95313 ], [ -156.5148, 20.95308 ], [ -156.51478, 20.95305 ], [ -156.51476, 20.95303 ], [ -156.51467, 20.95302 ], [ -156.51461, 20.953 ], [ -156.51457, 20.95298 ], [ -156.51457, 20.95293 ], [ -156.51464, 20.95285 ], [ -156.51478, 20.95277 ], [ -156.51517, 20.95265 ], [ -156.5155, 20.95257 ], [ -156.51574, 20.95245 ], [ -156.51588, 20.95237 ], [ -156.51594, 20.95226 ], [ -156.51599, 20.95212 ], [ -156.51599, 20.95203 ], [ -156.516, 20.95189 ], [ -156.516, 20.95183 ], [ -156.51596, 20.95178 ], [ -156.51587, 20.95158 ], [ -156.51583, 20.95154 ], [ -156.51579, 20.95152 ], [ -156.51567, 20.95149 ], [ -156.51553, 20.95145 ], [ -156.51515, 20.9513 ], [ -156.51497, 20.95132 ], [ -156.51446, 20.95144 ], [ -156.51434, 20.95143 ], [ -156.51427, 20.95137 ], [ -156.51424, 20.95127 ], [ -156.51419, 20.95111 ], [ -156.51418, 20.95106 ], [ -156.51203, 20.95029 ], [ -156.51177, 20.95009 ], [ -156.51171, 20.94995 ], [ -156.51162, 20.94959 ], [ -156.51158, 20.94941 ], [ -156.5115, 20.94931 ], [ -156.51138, 20.94915 ], [ -156.51116, 20.949 ], [ -156.51094, 20.94884 ], [ -156.51061, 20.94864 ], [ -156.51009, 20.9484 ], [ -156.50941, 20.9482 ], [ -156.50922, 20.94812 ], [ -156.50881, 20.94806 ], [ -156.50869, 20.94803 ], [ -156.50863, 20.94798 ], [ -156.50859, 20.94793 ], [ -156.50859, 20.9479 ], [ -156.50861, 20.94788 ], [ -156.50867, 20.94784 ], [ -156.50872, 20.9478 ], [ -156.50873, 20.94778 ], [ -156.50871, 20.94771 ], [ -156.50866, 20.94766 ], [ -156.50857, 20.94759 ], [ -156.5085, 20.94749 ], [ -156.50846, 20.94739 ], [ -156.50852, 20.94719 ], [ -156.50862, 20.94688 ], [ -156.50869, 20.94653 ], [ -156.5087, 20.94616 ], [ -156.50866, 20.94558 ], [ -156.50866, 20.94542 ], [ -156.5087, 20.94532 ], [ -156.50876, 20.94517 ], [ -156.5088, 20.94497 ], [ -156.50882, 20.94472 ], [ -156.50876, 20.94449 ], [ -156.50864, 20.94416 ], [ -156.50848, 20.94391 ], [ -156.50843, 20.94371 ], [ -156.50839, 20.94354 ], [ -156.50837, 20.94333 ], [ -156.50841, 20.94311 ], [ -156.50849, 20.94269 ], [ -156.50865, 20.94234 ], [ -156.50868, 20.94223 ], [ -156.5088, 20.94098 ], [ -156.50879, 20.94087 ], [ -156.50869, 20.94071 ], [ -156.50787, 20.93989 ], [ -156.50778, 20.93979 ], [ -156.50778, 20.93977 ], [ -156.50774, 20.93954 ], [ -156.50774, 20.9393 ], [ -156.50773, 20.93891 ], [ -156.50777, 20.93873 ], [ -156.50778, 20.93856 ], [ -156.50781, 20.93846 ], [ -156.50776, 20.93834 ], [ -156.50773, 20.93775 ], [ -156.5077, 20.93755 ], [ -156.5075, 20.9372 ], [ -156.50727, 20.93686 ], [ -156.50684, 20.93636 ], [ -156.50629, 20.93583 ], [ -156.50508, 20.9348 ], [ -156.50484, 20.93465 ], [ -156.50425, 20.93443 ], [ -156.50347, 20.93423 ], [ -156.5025, 20.93391 ], [ -156.50179, 20.93371 ], [ -156.50166, 20.93367 ], [ -156.50122, 20.93353 ], [ -156.50045, 20.93324 ], [ -156.49981, 20.93293 ], [ -156.49927, 20.93265 ], [ -156.49921, 20.93263 ], [ -156.50049, 20.93068 ], [ -156.50357, 20.92654 ], [ -156.50698, 20.92196 ], [ -156.50892, 20.91703 ], [ -156.51072, 20.91245 ], [ -156.50922, 20.90694 ], [ -156.50648, 20.90221 ], [ -156.50311, 20.89675 ], [ -156.50059, 20.89074 ], [ -156.50137, 20.88778 ], [ -156.50447, 20.88269 ], [ -156.508, 20.87674 ], [ -156.5098, 20.87045 ], [ -156.51187, 20.86258 ], [ -156.5144, 20.85305 ], [ -156.51757, 20.84483 ], [ -156.52113, 20.83608 ], [ -156.5248, 20.8296 ], [ -156.52764, 20.82656 ], [ -156.53237, 20.82436 ], [ -156.54073, 20.822 ], [ -156.54805, 20.82022 ], [ -156.5556, 20.81996 ], [ -156.56093, 20.82107 ], [ -156.5649, 20.82268 ], [ -156.57242, 20.82498 ], [ -156.57994, 20.82727 ], [ -156.58886, 20.83086 ], [ -156.59774, 20.83677 ], [ -156.60426, 20.84325 ], [ -156.60728, 20.84688 ], [ -156.60964, 20.85042 ], [ -156.6112, 20.85593 ], [ -156.61274, 20.86452 ], [ -156.61416, 20.87463 ], [ -156.61495, 20.88366 ], [ -156.61721, 20.8927 ], [ -156.61761, 20.89454 ], [ -156.62212, 20.90496 ], [ -156.62712, 20.91479 ], [ -156.63116, 20.92062 ], [ -156.63638, 20.92733 ], [ -156.6415, 20.93223 ], [ -156.64481, 20.9369 ], [ -156.64641, 20.94041 ], [ -156.64561, 20.94445 ], [ -156.64392, 20.94923 ], [ -156.64254, 20.95452 ], [ -156.63985, 20.96151 ], [ -156.63791, 20.96629 ], [ -156.63638, 20.97153 ], [ -156.63597, 20.97713 ], [ -156.63515, 20.98213 ], [ -156.6332, 20.98686 ], [ -156.63137, 20.99031 ], [ -156.6289, 20.99615 ], [ -156.62546, 20.99983 ], [ -156.62084, 21.00259 ], [ -156.61439, 21.00496 ], [ -156.61024, 21.00634 ], [ -156.60397, 21.00605 ] ], [ [ -156.5865, 20.98068 ], [ -156.5946, 20.9795 ], [ -156.59766, 20.97891 ], [ -156.60532, 20.97637 ], [ -156.61337, 20.97348 ], [ -156.61995, 20.9703 ], [ -156.62453, 20.96593 ], [ -156.62655, 20.96039 ], [ -156.62767, 20.95482 ], [ -156.62805, 20.95021 ], [ -156.62771, 20.94297 ], [ -156.62351, 20.93099 ], [ -156.62038, 20.92343 ], [ -156.61682, 20.91636 ], [ -156.6098, 20.90856 ], [ -156.60427, 20.89939 ], [ -156.60172, 20.89069 ], [ -156.5996, 20.88088 ], [ -156.5987, 20.87365 ], [ -156.59829, 20.86547 ], [ -156.59613, 20.85827 ], [ -156.59385, 20.85377 ], [ -156.58884, 20.84957 ], [ -156.57726, 20.84434 ], [ -156.56419, 20.83985 ], [ -156.55289, 20.83774 ], [ -156.54319, 20.83919 ], [ -156.53707, 20.84245 ], [ -156.53043, 20.85283 ], [ -156.52231, 20.87021 ], [ -156.51985, 20.87652 ], [ -156.5196, 20.88283 ], [ -156.52154, 20.88757 ], [ -156.52325, 20.89132 ], [ -156.52366, 20.89543 ], [ -156.52313, 20.90431 ], [ -156.52249, 20.91863 ], [ -156.52117, 20.92624 ], [ -156.51955, 20.93419 ], [ -156.51954, 20.93774 ], [ -156.52214, 20.94247 ], [ -156.52407, 20.94508 ], [ -156.52938, 20.94946 ], [ -156.53393, 20.95187 ], [ -156.53833, 20.95627 ], [ -156.54095, 20.96009 ], [ -156.54602, 20.96491 ], [ -156.55067, 20.96907 ], [ -156.55518, 20.97167 ], [ -156.56218, 20.97516 ], [ -156.57289, 20.97947 ], [ -156.57828, 20.98067 ], [ -156.5865, 20.98068 ] ] ] ] } },
{ "type": "Feature", "properties": { "objectid": 54, "solar_cal": "350-400", "st_areasha": 100600423.13969776, "st_perimet": 98177.032140243959 }, "geometry": { "type": "MultiPolygon", "coordinates": [ [ [ [ -156.95536, 21.19849 ], [ -156.95533, 21.19844 ], [ -156.95545, 21.19822 ], [ -156.95543, 21.1982 ], [ -156.95538, 21.19808 ], [ -156.95521, 21.19813 ], [ -156.95518, 21.19808 ], [ -156.95518, 21.19794 ], [ -156.95511, 21.1978 ], [ -156.95496, 21.19777 ], [ -156.95492, 21.1977 ], [ -156.9548, 21.1976 ], [ -156.95473, 21.19749 ], [ -156.95462, 21.19747 ], [ -156.95443, 21.19722 ], [ -156.9544, 21.19689 ], [ -156.95448, 21.19677 ], [ -156.95449, 21.19667 ], [ -156.95434, 21.19676 ], [ -156.95404, 21.19679 ], [ -156.95406, 21.19666 ], [ -156.95402, 21.19658 ], [ -156.95397, 21.19641 ], [ -156.95401, 21.19632 ], [ -156.95392, 21.19627 ], [ -156.9537, 21.1963 ], [ -156.95354, 21.1963 ], [ -156.95355, 21.19613 ], [ -156.95345, 21.19603 ], [ -156.95347, 21.1959 ], [ -156.95342, 21.19574 ], [ -156.95347, 21.19561 ], [ -156.95335, 21.19557 ], [ -156.95322, 21.19574 ], [ -156.95304, 21.19573 ], [ -156.95295, 21.19567 ], [ -156.95277, 21.19566 ], [ -156.95275, 21.19555 ], [ -156.95282, 21.19534 ], [ -156.95285, 21.19515 ], [ -156.95263, 21.19508 ], [ -156.9524, 21.19517 ], [ -156.95236, 21.1951 ], [ -156.95231, 21.19489 ], [ -156.95221, 21.19478 ], [ -156.95231, 21.1945 ], [ -156.95245, 21.19417 ], [ -156.95255, 21.19403 ], [ -156.95243, 21.19397 ], [ -156.95215, 21.19394 ], [ -156.95205, 21.19383 ], [ -156.95212, 21.19372 ], [ -156.95214, 21.1936 ], [ -156.95178, 21.19327 ], [ -156.95165, 21.19321 ], [ -156.95157, 21.19291 ], [ -156.95155, 21.1927 ], [ -156.95165, 21.19235 ], [ -156.95151, 21.19218 ], [ -156.95151, 21.192 ], [ -156.9514, 21.19176 ], [ -156.95126, 21.19188 ], [ -156.95091, 21.19206 ], [ -156.95075, 21.192 ], [ -156.95077, 21.19191 ], [ -156.95094, 21.19158 ], [ -156.95092, 21.19147 ], [ -156.95075, 21.19151 ], [ -156.95052, 21.19163 ], [ -156.95039, 21.1916 ], [ -156.95042, 21.1915 ], [ -156.95034, 21.1913 ], [ -156.95047, 21.19113 ], [ -156.95048, 21.19101 ], [ -156.95029, 21.1908 ], [ -156.95023, 21.19065 ], [ -156.95016, 21.19058 ], [ -156.95003, 21.19065 ], [ -156.94998, 21.19059 ], [ -156.95002, 21.19049 ], [ -156.95013, 21.19037 ], [ -156.9502, 21.19016 ], [ -156.95019, 21.18994 ], [ -156.95013, 21.1899 ], [ -156.95007, 21.18992 ], [ -156.94992, 21.18982 ], [ -156.94991, 21.18978 ], [ -156.94977, 21.18975 ], [ -156.9496, 21.18966 ], [ -156.94943, 21.18952 ], [ -156.94946, 21.18934 ], [ -156.94939, 21.18918 ], [ -156.94932, 21.18915 ], [ -156.94935, 21.18904 ], [ -156.9494, 21.18895 ], [ -156.94936, 21.18891 ], [ -156.9492, 21.18893 ], [ -156.94914, 21.18896 ], [ -156.94904, 21.18897 ], [ -156.94895, 21.18894 ], [ -156.94888, 21.18885 ], [ -156.94865, 21.18881 ], [ -156.9486, 21.18878 ], [ -156.94866, 21.18868 ], [ -156.94892, 21.18849 ], [ -156.94884, 21.1884 ], [ -156.94868, 21.18834 ], [ -156.94863, 21.18825 ], [ -156.94876, 21.18817 ], [ -156.94882, 21.18811 ], [ -156.94881, 21.18794 ], [ -156.94893, 21.1879 ], [ -156.94908, 21.18778 ], [ -156.94908, 21.18761 ], [ -156.94912, 21.18748 ], [ -156.94901, 21.18742 ], [ -156.94897, 21.18746 ], [ -156.94887, 21.1875 ], [ -156.94884, 21.18744 ], [ -156.9487, 21.18742 ], [ -156.94857, 21.18743 ], [ -156.9485, 21.18733 ], [ -156.94853, 21.18726 ], [ -156.94871, 21.187 ], [ -156.94873, 21.18689 ], [ -156.94863, 21.18671 ], [ -156.94858, 21.18654 ], [ -156.94847, 21.18643 ], [ -156.94835, 21.1864 ], [ -156.9484, 21.1863 ], [ -156.9485, 21.18624 ], [ -156.94856, 21.18616 ], [ -156.94853, 21.18609 ], [ -156.94842, 21.1861 ], [ -156.94833, 21.18607 ], [ -156.94834, 21.186 ], [ -156.94854, 21.18576 ], [ -156.94881, 21.18565 ], [ -156.94877, 21.18562 ], [ -156.94858, 21.18563 ], [ -156.94833, 21.18555 ], [ -156.94831, 21.18549 ], [ -156.94843, 21.1854 ], [ -156.94853, 21.18528 ], [ -156.94861, 21.18514 ], [ -156.94849, 21.18505 ], [ -156.94837, 21.18504 ], [ -156.94843, 21.18495 ], [ -156.94864, 21.18478 ], [ -156.94872, 21.18476 ], [ -156.9487, 21.1847 ], [ -156.94862, 21.18472 ], [ -156.94855, 21.18466 ], [ -156.94849, 21.18456 ], [ -156.94822, 21.18452 ], [ -156.94829, 21.18442 ], [ -156.94851, 21.18428 ], [ -156.94858, 21.18421 ], [ -156.9486, 21.1841 ], [ -156.94859, 21.18397 ], [ -156.94871, 21.18384 ], [ -156.94875, 21.18376 ], [ -156.94865, 21.18364 ], [ -156.94855, 21.1836 ], [ -156.94853, 21.18349 ], [ -156.94873, 21.18328 ], [ -156.94859, 21.18326 ], [ -156.94851, 21.18329 ], [ -156.94837, 21.18336 ], [ -156.9483, 21.18336 ], [ -156.94827, 21.18334 ], [ -156.94829, 21.18308 ], [ -156.94821, 21.183 ], [ -156.94826, 21.18295 ], [ -156.94829, 21.18294 ], [ -156.94844, 21.183 ], [ -156.94849, 21.183 ], [ -156.94847, 21.1829 ], [ -156.94833, 21.18276 ], [ -156.94822, 21.18275 ], [ -156.94816, 21.18277 ], [ -156.94802, 21.18287 ], [ -156.94795, 21.1829 ], [ -156.94791, 21.18281 ], [ -156.94797, 21.18274 ], [ -156.94803, 21.1827 ], [ -156.94812, 21.18259 ], [ -156.94809, 21.18255 ], [ -156.9479, 21.18263 ], [ -156.94789, 21.18258 ], [ -156.94801, 21.18239 ], [ -156.94801, 21.1823 ], [ -156.94804, 21.18218 ], [ -156.94797, 21.18199 ], [ -156.94776, 21.18193 ], [ -156.94777, 21.18186 ], [ -156.948, 21.18184 ], [ -156.94811, 21.18181 ], [ -156.94828, 21.18155 ], [ -156.94835, 21.1813 ], [ -156.94832, 21.18085 ], [ -156.94822, 21.18061 ], [ -156.94822, 21.18036 ], [ -156.94837, 21.18009 ], [ -156.94839, 21.17967 ], [ -156.94838, 21.17955 ], [ -156.94829, 21.17937 ], [ -156.94798, 21.17901 ], [ -156.94761, 21.17882 ], [ -156.94722, 21.17844 ], [ -156.9472, 21.17843 ], [ -156.94706, 21.17843 ], [ -156.94683, 21.17838 ], [ -156.94682, 21.17829 ], [ -156.94644, 21.17832 ], [ -156.94639, 21.17819 ], [ -156.94636, 21.17801 ], [ -156.94628, 21.17786 ], [ -156.94606, 21.17768 ], [ -156.94597, 21.17753 ], [ -156.94577, 21.17738 ], [ -156.94567, 21.17734 ], [ -156.94562, 21.17725 ], [ -156.94571, 21.17703 ], [ -156.94575, 21.17675 ], [ -156.94565, 21.17666 ], [ -156.94552, 21.17671 ], [ -156.94512, 21.177 ], [ -156.94504, 21.17699 ], [ -156.94501, 21.1767 ], [ -156.94483, 21.17654 ], [ -156.94454, 21.17614 ], [ -156.94452, 21.17587 ], [ -156.94455, 21.17554 ], [ -156.94453, 21.17529 ], [ -156.94449, 21.17511 ], [ -156.94456, 21.17456 ], [ -156.94454, 21.17444 ], [ -156.94981, 21.17453 ], [ -156.96058, 21.17353 ], [ -156.97012, 21.17228 ], [ -156.97751, 21.16857 ], [ -156.98034, 21.16401 ], [ -156.97996, 21.15957 ], [ -156.97597, 21.15417 ], [ -156.97075, 21.15063 ], [ -156.96318, 21.14653 ], [ -156.9568, 21.14357 ], [ -156.95173, 21.13989 ], [ -156.94576, 21.13657 ], [ -156.938, 21.13043 ], [ -156.92918, 21.12168 ], [ -156.91983, 21.11412 ], [ -156.91443, 21.11016 ], [ -156.90582, 21.10433 ], [ -156.89499, 21.09701 ], [ -156.88525, 21.09133 ], [ -156.87642, 21.08683 ], [ -156.86716, 21.08504 ], [ -156.85495, 21.08327 ], [ -156.84595, 21.08324 ], [ -156.8407, 21.08423 ], [ -156.82877, 21.08671 ], [ -156.81226, 21.09269 ], [ -156.79892, 21.09957 ], [ -156.78758, 21.10705 ], [ -156.78031, 21.11338 ], [ -156.7765, 21.11786 ], [ -156.77207, 21.12653 ], [ -156.76947, 21.13663 ], [ -156.77, 21.14388 ], [ -156.77304, 21.15149 ], [ -156.77696, 21.1574 ], [ -156.7831, 21.16489 ], [ -156.78822, 21.16946 ], [ -156.78809, 21.16973 ], [ -156.78794, 21.17014 ], [ -156.78769, 21.17107 ], [ -156.78753, 21.17154 ], [ -156.7873, 21.17193 ], [ -156.78695, 21.17235 ], [ -156.78647, 21.17283 ], [ -156.786, 21.17321 ], [ -156.78542, 21.17358 ], [ -156.785, 21.17382 ], [ -156.78432, 21.1741 ], [ -156.78399, 21.1741 ], [ -156.78367, 21.17406 ], [ -156.78333, 21.17404 ], [ -156.78282, 21.17409 ], [ -156.78235, 21.17409 ], [ -156.78212, 21.17402 ], [ -156.78175, 21.17375 ], [ -156.78133, 21.17353 ], [ -156.78086, 21.17333 ], [ -156.7802, 21.17318 ], [ -156.77976, 21.17313 ], [ -156.77941, 21.17315 ], [ -156.77905, 21.17324 ], [ -156.77715, 21.17422 ], [ -156.77635, 21.17446 ], [ -156.77591, 21.17436 ], [ -156.77537, 21.17419 ], [ -156.77479, 21.17405 ], [ -156.77444, 21.17404 ], [ -156.77406, 21.17388 ], [ -156.77373, 21.17377 ], [ -156.77335, 21.17374 ], [ -156.77291, 21.17377 ], [ -156.77265, 21.17389 ], [ -156.77211, 21.17446 ], [ -156.7715, 21.17532 ], [ -156.77114, 21.17572 ], [ -156.77079, 21.17603 ], [ -156.77055, 21.17618 ], [ -156.77027, 21.17626 ], [ -156.76987, 21.17632 ], [ -156.76918, 21.17643 ], [ -156.76852, 21.17625 ], [ -156.76822, 21.17621 ], [ -156.76792, 21.17614 ], [ -156.76762, 21.17595 ], [ -156.76726, 21.17576 ], [ -156.76658, 21.17561 ], [ -156.76632, 21.17579 ], [ -156.76617, 21.17595 ], [ -156.76587, 21.17603 ], [ -156.76533, 21.176 ], [ -156.76341, 21.17544 ], [ -156.76268, 21.17526 ], [ -156.76225, 21.17518 ], [ -156.76183, 21.17502 ], [ -156.7613, 21.17484 ], [ -156.7603, 21.17465 ], [ -156.75955, 21.17455 ], [ -156.75856, 21.17462 ], [ -156.75753, 21.17471 ], [ -156.75504, 21.16775 ], [ -156.75255, 21.15998 ], [ -156.75037, 21.15352 ], [ -156.7494, 21.1461 ], [ -156.75008, 21.13952 ], [ -156.74998, 21.13097 ], [ -156.75124, 21.12463 ], [ -156.75528, 21.11605 ], [ -156.76052, 21.10995 ], [ -156.76664, 21.10428 ], [ -156.77467, 21.09699 ], [ -156.78606, 21.08933 ], [ -156.79944, 21.08097 ], [ -156.814, 21.07425 ], [ -156.82786, 21.06974 ], [ -156.84042, 21.06764 ], [ -156.85135, 21.06739 ], [ -156.86115, 21.06735 ], [ -156.87193, 21.06737 ], [ -156.88006, 21.06891 ], [ -156.88857, 21.07091 ], [ -156.89749, 21.07426 ], [ -156.90749, 21.07911 ], [ -156.91586, 21.08443 ], [ -156.92497, 21.09167 ], [ -156.93097, 21.0973 ], [ -156.93866, 21.1044 ], [ -156.94745, 21.11255 ], [ -156.95365, 21.1181 ], [ -156.96141, 21.12414 ], [ -156.9697, 21.12909 ], [ -156.98142, 21.13657 ], [ -156.98767, 21.1405 ], [ -156.9914, 21.14261 ], [ -156.99938, 21.1446 ], [ -157.0055, 21.14764 ], [ -157.00878, 21.14846 ], [ -157.01821, 21.15126 ], [ -157.02797, 21.15273 ], [ -157.03419, 21.15417 ], [ -157.03869, 21.15727 ], [ -157.04079, 21.15981 ], [ -157.04315, 21.16369 ], [ -157.04274, 21.16784 ], [ -157.03942, 21.17247 ], [ -157.03308, 21.17732 ], [ -157.0273, 21.18194 ], [ -157.02387, 21.18508 ], [ -157.02361, 21.1851 ], [ -157.0235, 21.18506 ], [ -157.02332, 21.18494 ], [ -157.02317, 21.18487 ], [ -157.02285, 21.18481 ], [ -157.0228, 21.18476 ], [ -157.02275, 21.18465 ], [ -157.02269, 21.18461 ], [ -157.02243, 21.18458 ], [ -157.02228, 21.18447 ], [ -157.02208, 21.18445 ], [ -157.02171, 21.18431 ], [ -157.02096, 21.18424 ], [ -157.02025, 21.18402 ], [ -157.01955, 21.18387 ], [ -157.01902, 21.18377 ], [ -157.01849, 21.18372 ], [ -157.01809, 21.18365 ], [ -157.01779, 21.18372 ], [ -157.01753, 21.18371 ], [ -157.01667, 21.18404 ], [ -157.01654, 21.18402 ], [ -157.01615, 21.18391 ], [ -157.016, 21.18387 ], [ -157.01591, 21.18389 ], [ -157.01572, 21.18384 ], [ -157.01563, 21.18386 ], [ -157.01545, 21.18393 ], [ -157.01532, 21.18395 ], [ -157.01498, 21.18392 ], [ -157.01443, 21.18396 ], [ -157.01425, 21.18392 ], [ -157.01406, 21.18377 ], [ -157.01362, 21.18366 ], [ -157.01347, 21.18353 ], [ -157.01335, 21.18347 ], [ -157.01313, 21.18336 ], [ -157.01297, 21.18335 ], [ -157.01289, 21.1833 ], [ -157.01283, 21.18316 ], [ -157.01276, 21.18308 ], [ -157.0126, 21.18302 ], [ -157.01231, 21.18276 ], [ -157.012, 21.18263 ], [ -157.0116, 21.18246 ], [ -157.01141, 21.18242 ], [ -157.011, 21.18241 ], [ -157.01078, 21.18227 ], [ -157.01063, 21.18222 ], [ -157.01033, 21.18221 ], [ -157.01017, 21.18207 ], [ -157.01012, 21.18199 ], [ -157.01002, 21.18195 ], [ -157.00984, 21.18192 ], [ -157.00954, 21.1819 ], [ -157.00929, 21.18183 ], [ -157.00886, 21.18188 ], [ -157.00861, 21.18185 ], [ -157.00835, 21.18191 ], [ -157.00827, 21.1819 ], [ -157.00802, 21.18182 ], [ -157.00784, 21.18184 ], [ -157.00738, 21.18168 ], [ -157.00725, 21.18165 ], [ -157.00699, 21.18169 ], [ -157.00682, 21.18168 ], [ -157.00655, 21.18155 ], [ -157.00622, 21.18153 ], [ -157.0058, 21.18146 ], [ -157.00567, 21.18141 ], [ -157.00536, 21.18123 ], [ -157.00528, 21.18125 ], [ -157.00519, 21.18129 ], [ -157.00498, 21.18118 ], [ -157.00482, 21.1812 ], [ -157.00457, 21.1811 ], [ -157.00435, 21.18111 ], [ -157.0042, 21.18099 ], [ -157.00392, 21.18093 ], [ -157.00382, 21.18078 ], [ -157.00374, 21.18067 ], [ -157.00355, 21.18061 ], [ -157.00349, 21.18056 ], [ -157.00333, 21.18044 ], [ -157.00296, 21.18029 ], [ -157.00262, 21.18 ], [ -157.00228, 21.17974 ], [ -157.00197, 21.17959 ], [ -157.00146, 21.17944 ], [ -157.00029, 21.17905 ], [ -157.00021, 21.17907 ], [ -157.0001, 21.17918 ], [ -157.00004, 21.1792 ], [ -156.99984, 21.17918 ], [ -156.99972, 21.17918 ], [ -156.99957, 21.17925 ], [ -156.99947, 21.17926 ], [ -156.99914, 21.17923 ], [ -156.99881, 21.17922 ], [ -156.99817, 21.17919 ], [ -156.99792, 21.17925 ], [ -156.99775, 21.17932 ], [ -156.99768, 21.17932 ], [ -156.99753, 21.1793 ], [ -156.99743, 21.17933 ], [ -156.9972, 21.17938 ], [ -156.99696, 21.17943 ], [ -156.9967, 21.17952 ], [ -156.99642, 21.17958 ], [ -156.99621, 21.17959 ], [ -156.99583, 21.17964 ], [ -156.99566, 21.17971 ], [ -156.99502, 21.17989 ], [ -156.99466, 21.18004 ], [ -156.99442, 21.18012 ], [ -156.99403, 21.18015 ], [ -156.99351, 21.18028 ], [ -156.99318, 21.1803 ], [ -156.99285, 21.1804 ], [ -156.99257, 21.18058 ], [ -156.9924, 21.18066 ], [ -156.99211, 21.18075 ], [ -156.9917, 21.1808 ], [ -156.99131, 21.18098 ], [ -156.99095, 21.18123 ], [ -156.99042, 21.18152 ], [ -156.99006, 21.18168 ], [ -156.98943, 21.18192 ], [ -156.98891, 21.18222 ], [ -156.98846, 21.18241 ], [ -156.98816, 21.18257 ], [ -156.98775, 21.18289 ], [ -156.98728, 21.18339 ], [ -156.98711, 21.1837 ], [ -156.9871, 21.18391 ], [ -156.98652, 21.18421 ], [ -156.98632, 21.18447 ], [ -156.9863, 21.18485 ], [ -156.9862, 21.18493 ], [ -156.98616, 21.18499 ], [ -156.98614, 21.18508 ], [ -156.98592, 21.18522 ], [ -156.98592, 21.18545 ], [ -156.9858, 21.18565 ], [ -156.98508, 21.18619 ], [ -156.98493, 21.18655 ], [ -156.98489, 21.18677 ], [ -156.9848, 21.1869 ], [ -156.98486, 21.1872 ], [ -156.9848, 21.18733 ], [ -156.98487, 21.18744 ], [ -156.98485, 21.1876 ], [ -156.98472, 21.18772 ], [ -156.98459, 21.1878 ], [ -156.98455, 21.18786 ], [ -156.98473, 21.18814 ], [ -156.98487, 21.18827 ], [ -156.98474, 21.18857 ], [ -156.98477, 21.18887 ], [ -156.98466, 21.18903 ], [ -156.9846, 21.18924 ], [ -156.98458, 21.18944 ], [ -156.98481, 21.19012 ], [ -156.98488, 21.19008 ], [ -156.98494, 21.19 ], [ -156.98513, 21.18999 ], [ -156.98512, 21.19011 ], [ -156.98491, 21.19032 ], [ -156.98498, 21.1906 ], [ -156.98502, 21.19097 ], [ -156.98509, 21.19115 ], [ -156.9852, 21.19139 ], [ -156.9852, 21.19154 ], [ -156.98525, 21.19168 ], [ -156.98534, 21.19177 ], [ -156.98531, 21.19187 ], [ -156.98532, 21.19193 ], [ -156.98525, 21.19206 ], [ -156.98512, 21.19218 ], [ -156.98498, 21.19207 ], [ -156.98476, 21.19216 ], [ -156.98458, 21.19218 ], [ -156.98417, 21.19229 ], [ -156.9839, 21.19262 ], [ -156.98372, 21.19314 ], [ -156.98362, 21.19355 ], [ -156.98358, 21.19395 ], [ -156.98363, 21.19439 ], [ -156.98327, 21.19524 ], [ -156.98312, 21.19579 ], [ -156.98303, 21.19627 ], [ -156.98304, 21.19633 ], [ -156.97525, 21.19737 ], [ -156.96627, 21.19804 ], [ -156.9599, 21.19868 ], [ -156.95536, 21.19849 ] ] ] ] } },
{ "type": "Feature", "properties": { "objectid": 74, "solar_cal": "350-400", "st_areasha": 84730315.541773289, "st_perimet": 78396.290750876738 }, "geometry": { "type": "MultiPolygon", "coordinates": [ [ [ [ -158.17137, 21.54836 ], [ -158.15988, 21.54449 ], [ -158.14366, 21.54027 ], [ -158.12762, 21.53616 ], [ -158.11191, 21.53256 ], [ -158.10203, 21.5304 ], [ -158.08491, 21.5253 ], [ -158.08206, 21.52407 ], [ -158.07342, 21.52026 ], [ -158.06569, 21.51893 ], [ -158.05836, 21.51897 ], [ -158.05114, 21.51876 ], [ -158.04381, 21.51803 ], [ -158.02903, 21.51543 ], [ -158.02277, 21.51439 ], [ -158.01897, 21.51076 ], [ -158.01763, 21.50674 ], [ -158.01822, 21.50216 ], [ -158.02081, 21.49664 ], [ -158.02532, 21.49114 ], [ -158.03271, 21.48569 ], [ -158.03997, 21.48026 ], [ -158.04605, 21.47531 ], [ -158.05091, 21.47079 ], [ -158.0552, 21.46715 ], [ -158.065, 21.45844 ], [ -158.07871, 21.44407 ], [ -158.08172, 21.43995 ], [ -158.08639, 21.43798 ], [ -158.09246, 21.43686 ], [ -158.09743, 21.4379 ], [ -158.10252, 21.44265 ], [ -158.11021, 21.44868 ], [ -158.11505, 21.45343 ], [ -158.12094, 21.45925 ], [ -158.12841, 21.46594 ], [ -158.13788, 21.47462 ], [ -158.14407, 21.47988 ], [ -158.15051, 21.48474 ], [ -158.15665, 21.48877 ], [ -158.16231, 21.49148 ], [ -158.16899, 21.49508 ], [ -158.176, 21.498 ], [ -158.18234, 21.50144 ], [ -158.18755, 21.50514 ], [ -158.19398, 21.51276 ], [ -158.19755, 21.51898 ], [ -158.20194, 21.5289 ], [ -158.20136, 21.53512 ], [ -158.20043, 21.54166 ], [ -158.19818, 21.54735 ], [ -158.19351, 21.55015 ], [ -158.18481, 21.55156 ], [ -158.17137, 21.54836 ] ], [ [ -158.16794, 21.52416 ], [ -158.17026, 21.5237 ], [ -158.17108, 21.52094 ], [ -158.16892, 21.51768 ], [ -158.16268, 21.51298 ], [ -158.15333, 21.50537 ], [ -158.14556, 21.49967 ], [ -158.13762, 21.49355 ], [ -158.13143, 21.48812 ], [ -158.12468, 21.48074 ], [ -158.11691, 21.47306 ], [ -158.10947, 21.46712 ], [ -158.10171, 21.46357 ], [ -158.09448, 21.46174 ], [ -158.08725, 21.4606 ], [ -158.07964, 21.46284 ], [ -158.05585, 21.47442 ], [ -158.05251, 21.477 ], [ -158.05076, 21.47906 ], [ -158.05154, 21.48179 ], [ -158.0532, 21.48342 ], [ -158.05871, 21.48696 ], [ -158.06589, 21.49171 ], [ -158.0719, 21.49464 ], [ -158.07948, 21.49875 ], [ -158.08612, 21.50142 ], [ -158.08922, 21.50346 ], [ -158.09753, 21.50587 ], [ -158.11139, 21.50924 ], [ -158.1195, 21.51191 ], [ -158.13171, 21.51643 ], [ -158.14267, 21.52013 ], [ -158.15441, 21.52273 ], [ -158.16389, 21.52427 ], [ -158.16794, 21.52416 ] ] ] ] } },
{ "type": "Feature", "properties": { "objectid": 77, "solar_cal": "350-400", "st_areasha": 198427947.77010626, "st_perimet": 237214.1108041649 }, "geometry": { "type": "MultiPolygon", "coordinates": [ [ [ [ -157.92394, 21.63004 ], [ -157.92106, 21.62846 ], [ -157.92108, 21.62842 ], [ -157.92125, 21.62825 ], [ -157.92128, 21.62821 ], [ -157.92136, 21.62813 ], [ -157.92135, 21.62802 ], [ -157.92122, 21.62782 ], [ -157.92122, 21.62777 ], [ -157.92119, 21.62775 ], [ -157.92118, 21.62767 ], [ -157.92119, 21.62716 ], [ -157.92118, 21.62705 ], [ -157.92116, 21.62704 ], [ -157.92116, 21.62699 ], [ -157.92111, 21.62682 ], [ -157.92108, 21.6267 ], [ -157.92106, 21.62669 ], [ -157.92105, 21.62665 ], [ -157.92104, 21.62663 ], [ -157.92104, 21.6266 ], [ -157.92101, 21.62651 ], [ -157.92102, 21.62641 ], [ -157.92107, 21.62634 ], [ -157.92107, 21.62628 ], [ -157.9209, 21.62624 ], [ -157.92086, 21.62622 ], [ -157.92081, 21.62618 ], [ -157.92078, 21.62611 ], [ -157.92071, 21.62599 ], [ -157.92047, 21.6257 ], [ -157.92015, 21.62541 ], [ -157.91993, 21.62527 ], [ -157.91965, 21.62509 ], [ -157.91926, 21.62494 ], [ -157.91874, 21.62476 ], [ -157.91841, 21.6246 ], [ -157.91813, 21.62451 ], [ -157.91797, 21.62435 ], [ -157.9179, 21.62422 ], [ -157.9179, 21.6242 ], [ -157.91786, 21.62416 ], [ -157.91782, 21.6241 ], [ -157.91761, 21.62385 ], [ -157.91738, 21.62366 ], [ -157.91728, 21.62359 ], [ -157.91703, 21.62333 ], [ -157.91694, 21.62327 ], [ -157.91684, 21.62322 ], [ -157.91679, 21.62316 ], [ -157.9167, 21.62312 ], [ -157.91652, 21.62306 ], [ -157.91639, 21.62302 ], [ -157.91618, 21.62291 ], [ -157.91585, 21.62272 ], [ -157.91582, 21.62268 ], [ -157.9158, 21.62263 ], [ -157.91582, 21.62261 ], [ -157.91583, 21.62245 ], [ -157.91581, 21.62242 ], [ -157.91571, 21.62233 ], [ -157.91536, 21.62217 ], [ -157.91515, 21.62203 ], [ -157.91499, 21.62194 ], [ -157.91491, 21.62191 ], [ -157.91481, 21.62183 ], [ -157.91416, 21.6212 ], [ -157.91376, 21.62092 ], [ -157.91328, 21.62059 ], [ -157.91297, 21.62029 ], [ -157.91272, 21.62002 ], [ -157.91248, 21.61963 ], [ -157.91238, 21.61937 ], [ -157.91235, 21.61915 ], [ -157.91247, 21.61861 ], [ -157.91261, 21.61827 ], [ -157.91273, 21.61774 ], [ -157.91278, 21.61732 ], [ -157.91286, 21.61729 ], [ -157.91292, 21.61727 ], [ -157.91329, 21.6173 ], [ -157.91339, 21.61727 ], [ -157.91341, 21.61722 ], [ -157.91339, 21.61719 ], [ -157.91327, 21.61714 ], [ -157.91297, 21.61708 ], [ -157.91287, 21.61705 ], [ -157.91281, 21.61695 ], [ -157.91277, 21.61669 ], [ -157.9128, 21.61643 ], [ -157.91268, 21.61574 ], [ -157.91266, 21.61539 ], [ -157.91272, 21.61523 ], [ -157.91282, 21.61503 ], [ -157.91286, 21.61496 ], [ -157.91274, 21.61452 ], [ -157.91246, 21.61399 ], [ -157.91201, 21.61354 ], [ -157.91174, 21.61321 ], [ -157.91147, 21.61299 ], [ -157.91114, 21.61279 ], [ -157.91098, 21.61259 ], [ -157.91082, 21.6123 ], [ -157.91068, 21.61213 ], [ -157.91062, 21.61201 ], [ -157.91051, 21.61188 ], [ -157.9103, 21.61154 ], [ -157.9098, 21.61104 ], [ -157.90974, 21.61101 ], [ -157.90969, 21.61094 ], [ -157.90955, 21.61083 ], [ -157.90948, 21.61074 ], [ -157.90942, 21.61059 ], [ -157.90951, 21.61054 ], [ -157.9098, 21.61054 ], [ -157.91002, 21.61061 ], [ -157.91026, 21.61064 ], [ -157.91015, 21.61045 ], [ -157.90979, 21.61038 ], [ -157.90981, 21.61027 ], [ -157.90984, 21.61017 ], [ -157.90988, 21.61002 ], [ -157.90985, 21.61 ], [ -157.90979, 21.61001 ], [ -157.90974, 21.61007 ], [ -157.90971, 21.61018 ], [ -157.90963, 21.61032 ], [ -157.90955, 21.61031 ], [ -157.90943, 21.61028 ], [ -157.90932, 21.61023 ], [ -157.90919, 21.61011 ], [ -157.90907, 21.60997 ], [ -157.90904, 21.60994 ], [ -157.90902, 21.60979 ], [ -157.90902, 21.60949 ], [ -157.9089, 21.60914 ], [ -157.90875, 21.60876 ], [ -157.90867, 21.60856 ], [ -157.90871, 21.60846 ], [ -157.90882, 21.6084 ], [ -157.90915, 21.60824 ], [ -157.90944, 21.60811 ], [ -157.90948, 21.60806 ], [ -157.90943, 21.60804 ], [ -157.90934, 21.60804 ], [ -157.90894, 21.60818 ], [ -157.90852, 21.60838 ], [ -157.90849, 21.60837 ], [ -157.90795, 21.60784 ], [ -157.90767, 21.60763 ], [ -157.90741, 21.60748 ], [ -157.90697, 21.60732 ], [ -157.90688, 21.60732 ], [ -157.90632, 21.60727 ], [ -157.90608, 21.60728 ], [ -157.9057, 21.60723 ], [ -157.90547, 21.60721 ], [ -157.90535, 21.60718 ], [ -157.90528, 21.60708 ], [ -157.9051, 21.60691 ], [ -157.90484, 21.60679 ], [ -157.9038, 21.60632 ], [ -157.9035, 21.60618 ], [ -157.9026, 21.60581 ], [ -157.902, 21.60554 ], [ -157.90152, 21.60527 ], [ -157.90125, 21.60507 ], [ -157.90104, 21.60493 ], [ -157.89996, 21.60411 ], [ -157.89948, 21.60366 ], [ -157.89904, 21.6032 ], [ -157.89893, 21.60321 ], [ -157.89882, 21.60323 ], [ -157.89872, 21.60321 ], [ -157.89861, 21.60314 ], [ -157.89853, 21.60304 ], [ -157.89842, 21.60283 ], [ -157.89825, 21.60259 ], [ -157.89803, 21.60246 ], [ -157.89798, 21.6024 ], [ -157.89795, 21.60227 ], [ -157.89786, 21.60185 ], [ -157.89768, 21.60153 ], [ -157.89762, 21.60134 ], [ -157.89759, 21.60115 ], [ -157.89769, 21.601 ], [ -157.89773, 21.60089 ], [ -157.89778, 21.60084 ], [ -157.89759, 21.60024 ], [ -157.8975, 21.60005 ], [ -157.89748, 21.59994 ], [ -157.89736, 21.59999 ], [ -157.89725, 21.59997 ], [ -157.89707, 21.59938 ], [ -157.89701, 21.59908 ], [ -157.89699, 21.59888 ], [ -157.89693, 21.59865 ], [ -157.89687, 21.59843 ], [ -157.89679, 21.5982 ], [ -157.89672, 21.59802 ], [ -157.89646, 21.5978 ], [ -157.89641, 21.59758 ], [ -157.89635, 21.59738 ], [ -157.89623, 21.59713 ], [ -157.89613, 21.59695 ], [ -157.89607, 21.59687 ], [ -157.89602, 21.59671 ], [ -157.89602, 21.5966 ], [ -157.89602, 21.59644 ], [ -157.89601, 21.59623 ], [ -157.89596, 21.59604 ], [ -157.8959, 21.59583 ], [ -157.89585, 21.59568 ], [ -157.89581, 21.59556 ], [ -157.89575, 21.59547 ], [ -157.89568, 21.5954 ], [ -157.89554, 21.59521 ], [ -157.89539, 21.5949 ], [ -157.89523, 21.59467 ], [ -157.89507, 21.59445 ], [ -157.8949, 21.59419 ], [ -157.89475, 21.594 ], [ -157.89457, 21.5938 ], [ -157.89441, 21.59366 ], [ -157.89414, 21.5934 ], [ -157.89399, 21.59326 ], [ -157.89382, 21.59312 ], [ -157.89371, 21.59304 ], [ -157.89364, 21.59298 ], [ -157.89319, 21.59283 ], [ -157.89306, 21.5928 ], [ -157.89286, 21.59278 ], [ -157.89268, 21.59278 ], [ -157.89255, 21.59274 ], [ -157.89238, 21.5927 ], [ -157.89223, 21.5926 ], [ -157.89205, 21.59249 ], [ -157.89189, 21.59243 ], [ -157.89177, 21.59229 ], [ -157.89156, 21.59209 ], [ -157.89139, 21.59193 ], [ -157.89121, 21.59177 ], [ -157.891, 21.59159 ], [ -157.89082, 21.59143 ], [ -157.89065, 21.59131 ], [ -157.8905, 21.5912 ], [ -157.8903, 21.59105 ], [ -157.89008, 21.59089 ], [ -157.88985, 21.5907 ], [ -157.88968, 21.59047 ], [ -157.88942, 21.5902 ], [ -157.88929, 21.59005 ], [ -157.88914, 21.58985 ], [ -157.88899, 21.58967 ], [ -157.88885, 21.58949 ], [ -157.88869, 21.58921 ], [ -157.88865, 21.58912 ], [ -157.88853, 21.58897 ], [ -157.88842, 21.58881 ], [ -157.88836, 21.58862 ], [ -157.88838, 21.58846 ], [ -157.88834, 21.58829 ], [ -157.8882, 21.58796 ], [ -157.8879, 21.58731 ], [ -157.88769, 21.58688 ], [ -157.88757, 21.58669 ], [ -157.88753, 21.58651 ], [ -157.88736, 21.58599 ], [ -157.88719, 21.58561 ], [ -157.8871, 21.58536 ], [ -157.88712, 21.58514 ], [ -157.88707, 21.58486 ], [ -157.88671, 21.58254 ], [ -157.88668, 21.58239 ], [ -157.88659, 21.58212 ], [ -157.88655, 21.58179 ], [ -157.88646, 21.58147 ], [ -157.88632, 21.58116 ], [ -157.88611, 21.58078 ], [ -157.88598, 21.58053 ], [ -157.88572, 21.58023 ], [ -157.88546, 21.57989 ], [ -157.88523, 21.5797 ], [ -157.88512, 21.57957 ], [ -157.88502, 21.57944 ], [ -157.88461, 21.57897 ], [ -157.88433, 21.57863 ], [ -157.88431, 21.57862 ], [ -157.88409, 21.57838 ], [ -157.88383, 21.57816 ], [ -157.88356, 21.57798 ], [ -157.88333, 21.57784 ], [ -157.88311, 21.57773 ], [ -157.88278, 21.57754 ], [ -157.88249, 21.57742 ], [ -157.88211, 21.57725 ], [ -157.88183, 21.57714 ], [ -157.88148, 21.57699 ], [ -157.88099, 21.57671 ], [ -157.88081, 21.57653 ], [ -157.88063, 21.5764 ], [ -157.88036, 21.57627 ], [ -157.88003, 21.57614 ], [ -157.87979, 21.57607 ], [ -157.87935, 21.57601 ], [ -157.87895, 21.57592 ], [ -157.87849, 21.57575 ], [ -157.87817, 21.57566 ], [ -157.87784, 21.57548 ], [ -157.8777, 21.57541 ], [ -157.87752, 21.57533 ], [ -157.87731, 21.57521 ], [ -157.87703, 21.57509 ], [ -157.87682, 21.57495 ], [ -157.87666, 21.5748 ], [ -157.8765, 21.5746 ], [ -157.87616, 21.5742 ], [ -157.87598, 21.57402 ], [ -157.87578, 21.57378 ], [ -157.8756, 21.57354 ], [ -157.87544, 21.57342 ], [ -157.87526, 21.57328 ], [ -157.87507, 21.57314 ], [ -157.87497, 21.57296 ], [ -157.87492, 21.57279 ], [ -157.87489, 21.57259 ], [ -157.87489, 21.57236 ], [ -157.87489, 21.57213 ], [ -157.87482, 21.5719 ], [ -157.87482, 21.5717 ], [ -157.87483, 21.5715 ], [ -157.87486, 21.57121 ], [ -157.87491, 21.57096 ], [ -157.87495, 21.57066 ], [ -157.87496, 21.57044 ], [ -157.87496, 21.57026 ], [ -157.87492, 21.57008 ], [ -157.87488, 21.56994 ], [ -157.87486, 21.5698 ], [ -157.87483, 21.56945 ], [ -157.87482, 21.5685 ], [ -157.87481, 21.56809 ], [ -157.87476, 21.56776 ], [ -157.87481, 21.56755 ], [ -157.87487, 21.56728 ], [ -157.87493, 21.56683 ], [ -157.87502, 21.56619 ], [ -157.87502, 21.56594 ], [ -157.87499, 21.56565 ], [ -157.87503, 21.5654 ], [ -157.87503, 21.56522 ], [ -157.87501, 21.56503 ], [ -157.87491, 21.56482 ], [ -157.87482, 21.56459 ], [ -157.87473, 21.56417 ], [ -157.87473, 21.56401 ], [ -157.87475, 21.56384 ], [ -157.87473, 21.56366 ], [ -157.87472, 21.56342 ], [ -157.87465, 21.56319 ], [ -157.87462, 21.56299 ], [ -157.87466, 21.56281 ], [ -157.87479, 21.56267 ], [ -157.87499, 21.56249 ], [ -157.87517, 21.56233 ], [ -157.87526, 21.56217 ], [ -157.87536, 21.56197 ], [ -157.87543, 21.56167 ], [ -157.87546, 21.5614 ], [ -157.87542, 21.56121 ], [ -157.87533, 21.56089 ], [ -157.87532, 21.56059 ], [ -157.87534, 21.56038 ], [ -157.87552, 21.56007 ], [ -157.87565, 21.55997 ], [ -157.87577, 21.55983 ], [ -157.87586, 21.55971 ], [ -157.8759, 21.5596 ], [ -157.8759, 21.5595 ], [ -157.87578, 21.55918 ], [ -157.87579, 21.55909 ], [ -157.87581, 21.55901 ], [ -157.87583, 21.55894 ], [ -157.87586, 21.55886 ], [ -157.8759, 21.55876 ], [ -157.87592, 21.55873 ], [ -157.87595, 21.55866 ], [ -157.87602, 21.55851 ], [ -157.87604, 21.55848 ], [ -157.87605, 21.55847 ], [ -157.87607, 21.55847 ], [ -157.8761, 21.55846 ], [ -157.87612, 21.55846 ], [ -157.87614, 21.55846 ], [ -157.87617, 21.55847 ], [ -157.87619, 21.55847 ], [ -157.87621, 21.55848 ], [ -157.87624, 21.55848 ], [ -157.87626, 21.55848 ], [ -157.87628, 21.55849 ], [ -157.87631, 21.55849 ], [ -157.87633, 21.55848 ], [ -157.87636, 21.55848 ], [ -157.87638, 21.55847 ], [ -157.8764, 21.55846 ], [ -157.87642, 21.55845 ], [ -157.87645, 21.55845 ], [ -157.87647, 21.55844 ], [ -157.87649, 21.55842 ], [ -157.87651, 21.55841 ], [ -157.87653, 21.55841 ], [ -157.87654, 21.55838 ], [ -157.87654, 21.55836 ], [ -157.87654, 21.55834 ], [ -157.87654, 21.55832 ], [ -157.87654, 21.55829 ], [ -157.87653, 21.55827 ], [ -157.87653, 21.55825 ], [ -157.87653, 21.55822 ], [ -157.87653, 21.5582 ], [ -157.87653, 21.55818 ], [ -157.87653, 21.55816 ], [ -157.87652, 21.55813 ], [ -157.87652, 21.55811 ], [ -157.87652, 21.55809 ], [ -157.87651, 21.55807 ], [ -157.87651, 21.55804 ], [ -157.87651, 21.55802 ], [ -157.8765, 21.558 ], [ -157.8765, 21.55798 ], [ -157.8765, 21.55795 ], [ -157.8765, 21.55793 ], [ -157.8765, 21.55791 ], [ -157.87649, 21.55789 ], [ -157.87649, 21.55787 ], [ -157.87648, 21.55784 ], [ -157.87646, 21.55783 ], [ -157.87645, 21.5578 ], [ -157.87644, 21.55779 ], [ -157.87643, 21.55777 ], [ -157.87641, 21.55775 ], [ -157.87639, 21.55773 ], [ -157.87638, 21.55771 ], [ -157.87637, 21.5577 ], [ -157.87636, 21.55767 ], [ -157.87635, 21.55765 ], [ -157.87634, 21.55763 ], [ -157.87633, 21.55761 ], [ -157.87632, 21.55759 ], [ -157.87631, 21.55757 ], [ -157.87631, 21.55755 ], [ -157.8763, 21.55753 ], [ -157.87629, 21.5575 ], [ -157.87628, 21.55748 ], [ -157.87627, 21.55746 ], [ -157.87626, 21.55744 ], [ -157.87625, 21.55742 ], [ -157.87624, 21.5574 ], [ -157.87624, 21.55738 ], [ -157.87623, 21.55736 ], [ -157.87622, 21.55734 ], [ -157.87621, 21.55731 ], [ -157.8762, 21.5573 ], [ -157.87619, 21.55727 ], [ -157.87618, 21.55726 ], [ -157.87617, 21.55723 ], [ -157.87616, 21.55721 ], [ -157.87614, 21.5572 ], [ -157.87613, 21.55718 ], [ -157.87611, 21.55716 ], [ -157.87609, 21.55715 ], [ -157.87607, 21.55714 ], [ -157.87586, 21.55692 ], [ -157.87561, 21.55674 ], [ -157.87538, 21.55655 ], [ -157.8751, 21.55636 ], [ -157.8749, 21.55624 ], [ -157.87474, 21.55617 ], [ -157.87414, 21.55591 ], [ -157.87382, 21.55579 ], [ -157.87351, 21.5557 ], [ -157.87341, 21.55567 ], [ -157.87311, 21.55563 ], [ -157.87275, 21.55559 ], [ -157.8725, 21.55554 ], [ -157.87226, 21.55551 ], [ -157.87207, 21.55551 ], [ -157.87175, 21.55552 ], [ -157.87151, 21.55554 ], [ -157.87088, 21.55572 ], [ -157.87058, 21.55584 ], [ -157.8703, 21.55598 ], [ -157.87, 21.55606 ], [ -157.86977, 21.55613 ], [ -157.86957, 21.55619 ], [ -157.8694, 21.5562 ], [ -157.86932, 21.55616 ], [ -157.86891, 21.55628 ], [ -157.86892, 21.55637 ], [ -157.86896, 21.55648 ], [ -157.86907, 21.55668 ], [ -157.86911, 21.55679 ], [ -157.86915, 21.55693 ], [ -157.86915, 21.55719 ], [ -157.86905, 21.55722 ], [ -157.8689, 21.5571 ], [ -157.86884, 21.55702 ], [ -157.86882, 21.55694 ], [ -157.86879, 21.55668 ], [ -157.86874, 21.55668 ], [ -157.86865, 21.5568 ], [ -157.86844, 21.55703 ], [ -157.86825, 21.55709 ], [ -157.86782, 21.55711 ], [ -157.86769, 21.55716 ], [ -157.86759, 21.55724 ], [ -157.86733, 21.55752 ], [ -157.86723, 21.55762 ], [ -157.86711, 21.55771 ], [ -157.86709, 21.55774 ], [ -157.8671, 21.55779 ], [ -157.8672, 21.55784 ], [ -157.86728, 21.55792 ], [ -157.86733, 21.55805 ], [ -157.86734, 21.55809 ], [ -157.86736, 21.55812 ], [ -157.86739, 21.55813 ], [ -157.86763, 21.55811 ], [ -157.86776, 21.55805 ], [ -157.86789, 21.55798 ], [ -157.86803, 21.55793 ], [ -157.86869, 21.5578 ], [ -157.86879, 21.55773 ], [ -157.86887, 21.55764 ], [ -157.8689, 21.55759 ], [ -157.869, 21.55748 ], [ -157.86909, 21.55748 ], [ -157.86909, 21.55749 ], [ -157.86922, 21.55767 ], [ -157.8692, 21.5578 ], [ -157.86913, 21.55792 ], [ -157.86893, 21.55806 ], [ -157.86875, 21.55818 ], [ -157.86849, 21.55829 ], [ -157.86822, 21.55838 ], [ -157.86788, 21.55847 ], [ -157.86759, 21.55857 ], [ -157.86724, 21.5586 ], [ -157.8669, 21.55858 ], [ -157.86667, 21.55861 ], [ -157.8665, 21.55861 ], [ -157.86636, 21.55859 ], [ -157.86618, 21.55861 ], [ -157.86602, 21.55868 ], [ -157.86581, 21.55884 ], [ -157.86567, 21.55899 ], [ -157.86559, 21.55913 ], [ -157.86547, 21.55923 ], [ -157.86534, 21.55934 ], [ -157.8652, 21.55945 ], [ -157.86509, 21.55957 ], [ -157.86502, 21.5597 ], [ -157.86497, 21.55989 ], [ -157.86495, 21.56002 ], [ -157.86493, 21.56011 ], [ -157.86488, 21.5602 ], [ -157.86479, 21.56026 ], [ -157.86468, 21.56036 ], [ -157.86454, 21.56045 ], [ -157.8644, 21.56054 ], [ -157.86428, 21.5606 ], [ -157.86416, 21.56062 ], [ -157.86407, 21.56061 ], [ -157.86401, 21.5606 ], [ -157.86384, 21.56055 ], [ -157.8634, 21.56044 ], [ -157.86267, 21.5601 ], [ -157.86192, 21.55975 ], [ -157.86122, 21.55944 ], [ -157.86085, 21.55925 ], [ -157.86054, 21.55906 ], [ -157.86012, 21.55888 ], [ -157.85956, 21.55867 ], [ -157.85871, 21.55844 ], [ -157.85839, 21.55833 ], [ -157.85818, 21.55834 ], [ -157.85803, 21.55832 ], [ -157.85773, 21.55823 ], [ -157.85749, 21.55815 ], [ -157.85723, 21.55806 ], [ -157.85701, 21.55798 ], [ -157.85684, 21.55791 ], [ -157.85677, 21.55788 ], [ -157.8567, 21.55791 ], [ -157.85664, 21.55793 ], [ -157.85648, 21.55786 ], [ -157.85634, 21.5578 ], [ -157.85611, 21.55772 ], [ -157.85591, 21.55768 ], [ -157.85572, 21.5577 ], [ -157.85553, 21.55773 ], [ -157.85535, 21.55779 ], [ -157.85517, 21.55787 ], [ -157.85504, 21.55793 ], [ -157.85489, 21.55802 ], [ -157.8548, 21.55804 ], [ -157.85465, 21.558 ], [ -157.85442, 21.55788 ], [ -157.85428, 21.55781 ], [ -157.85408, 21.5577 ], [ -157.85362, 21.55748 ], [ -157.85335, 21.55736 ], [ -157.85309, 21.55729 ], [ -157.85298, 21.55724 ], [ -157.8529, 21.55719 ], [ -157.85275, 21.55709 ], [ -157.85255, 21.55699 ], [ -157.8524, 21.55689 ], [ -157.85223, 21.55676 ], [ -157.85212, 21.55666 ], [ -157.85204, 21.55657 ], [ -157.85198, 21.5565 ], [ -157.8514, 21.55594 ], [ -157.85112, 21.55569 ], [ -157.85101, 21.55558 ], [ -157.85086, 21.5554 ], [ -157.85072, 21.55522 ], [ -157.85059, 21.55506 ], [ -157.85048, 21.55491 ], [ -157.85038, 21.55478 ], [ -157.85035, 21.55468 ], [ -157.85037, 21.55457 ], [ -157.85001, 21.55409 ], [ -157.84861, 21.55218 ], [ -157.8485, 21.55213 ], [ -157.84828, 21.5519 ], [ -157.84814, 21.5517 ], [ -157.848, 21.5515 ], [ -157.84782, 21.55121 ], [ -157.84761, 21.55093 ], [ -157.84751, 21.55078 ], [ -157.84736, 21.55065 ], [ -157.84715, 21.55051 ], [ -157.84703, 21.55043 ], [ -157.84691, 21.55032 ], [ -157.84684, 21.55026 ], [ -157.84676, 21.55018 ], [ -157.84669, 21.55006 ], [ -157.8465, 21.54965 ], [ -157.84641, 21.54948 ], [ -157.84633, 21.54925 ], [ -157.84632, 21.54915 ], [ -157.84631, 21.54905 ], [ -157.84631, 21.54896 ], [ -157.84628, 21.54888 ], [ -157.84623, 21.54879 ], [ -157.8462, 21.54857 ], [ -157.84622, 21.54835 ], [ -157.84628, 21.54786 ], [ -157.84631, 21.54764 ], [ -157.84638, 21.54736 ], [ -157.84643, 21.54713 ], [ -157.84642, 21.54689 ], [ -157.84639, 21.54677 ], [ -157.84635, 21.54653 ], [ -157.84632, 21.54632 ], [ -157.84632, 21.54615 ], [ -157.84621, 21.54593 ], [ -157.84613, 21.54577 ], [ -157.84608, 21.54569 ], [ -157.84583, 21.54549 ], [ -157.8456, 21.54524 ], [ -157.84552, 21.5451 ], [ -157.84547, 21.54497 ], [ -157.8453, 21.54468 ], [ -157.8451, 21.5443 ], [ -157.84503, 21.54419 ], [ -157.84494, 21.54408 ], [ -157.84487, 21.54397 ], [ -157.84475, 21.5438 ], [ -157.84464, 21.54374 ], [ -157.84414, 21.54327 ], [ -157.84372, 21.54309 ], [ -157.84328, 21.5429 ], [ -157.84262, 21.54247 ], [ -157.84244, 21.54233 ], [ -157.84233, 21.54223 ], [ -157.84223, 21.54211 ], [ -157.84213, 21.54197 ], [ -157.84199, 21.54164 ], [ -157.84142, 21.54019 ], [ -157.84128, 21.54007 ], [ -157.84123, 21.53995 ], [ -157.84113, 21.53962 ], [ -157.84087, 21.53875 ], [ -157.84073, 21.5384 ], [ -157.84058, 21.53815 ], [ -157.84052, 21.53802 ], [ -157.84041, 21.53779 ], [ -157.84034, 21.53741 ], [ -157.84021, 21.53679 ], [ -157.84008, 21.53648 ], [ -157.83989, 21.53621 ], [ -157.83962, 21.53592 ], [ -157.839, 21.53538 ], [ -157.83863, 21.53509 ], [ -157.83843, 21.53494 ], [ -157.83826, 21.53484 ], [ -157.83818, 21.53477 ], [ -157.83806, 21.53467 ], [ -157.83799, 21.53458 ], [ -157.83793, 21.53447 ], [ -157.83788, 21.53435 ], [ -157.83787, 21.53424 ], [ -157.83787, 21.5341 ], [ -157.83786, 21.53387 ], [ -157.83782, 21.53371 ], [ -157.83774, 21.53349 ], [ -157.83767, 21.53333 ], [ -157.83761, 21.53314 ], [ -157.83755, 21.53295 ], [ -157.83742, 21.53273 ], [ -157.8373, 21.53254 ], [ -157.83716, 21.53238 ], [ -157.83699, 21.53223 ], [ -157.83687, 21.53211 ], [ -157.83673, 21.53198 ], [ -157.83661, 21.53183 ], [ -157.83649, 21.5316 ], [ -157.8364, 21.53137 ], [ -157.83632, 21.53118 ], [ -157.83629, 21.53099 ], [ -157.83623, 21.53076 ], [ -157.83608, 21.53056 ], [ -157.83593, 21.53036 ], [ -157.83586, 21.53019 ], [ -157.83576, 21.53002 ], [ -157.83562, 21.52974 ], [ -157.83546, 21.52956 ], [ -157.83536, 21.52939 ], [ -157.83523, 21.52918 ], [ -157.83509, 21.52894 ], [ -157.83497, 21.5287 ], [ -157.83489, 21.52851 ], [ -157.8348, 21.52831 ], [ -157.83472, 21.52806 ], [ -157.8346, 21.52769 ], [ -157.83454, 21.52749 ], [ -157.83453, 21.52726 ], [ -157.83449, 21.52703 ], [ -157.83442, 21.52683 ], [ -157.83434, 21.52661 ], [ -157.83431, 21.52644 ], [ -157.83431, 21.52637 ], [ -157.83435, 21.52634 ], [ -157.83447, 21.52629 ], [ -157.83454, 21.52623 ], [ -157.8346, 21.52607 ], [ -157.83464, 21.52553 ], [ -157.83476, 21.52456 ], [ -157.83473, 21.52424 ], [ -157.83468, 21.5239 ], [ -157.83467, 21.52357 ], [ -157.83471, 21.52331 ], [ -157.83473, 21.5231 ], [ -157.83472, 21.52288 ], [ -157.83473, 21.52275 ], [ -157.83478, 21.52266 ], [ -157.83486, 21.52258 ], [ -157.83497, 21.52249 ], [ -157.83504, 21.52243 ], [ -157.83509, 21.52237 ], [ -157.8351, 21.52224 ], [ -157.83513, 21.52198 ], [ -157.83513, 21.52176 ], [ -157.83519, 21.52157 ], [ -157.8353, 21.52124 ], [ -157.83533, 21.52108 ], [ -157.83532, 21.52092 ], [ -157.83528, 21.5205 ], [ -157.8353, 21.51897 ], [ -157.8353, 21.51865 ], [ -157.83532, 21.51839 ], [ -157.83535, 21.51819 ], [ -157.83537, 21.51805 ], [ -157.83543, 21.51797 ], [ -157.83565, 21.51781 ], [ -157.83571, 21.51764 ], [ -157.83571, 21.51749 ], [ -157.83568, 21.51727 ], [ -157.83555, 21.51514 ], [ -157.8355, 21.51463 ], [ -157.83554, 21.51414 ], [ -157.83552, 21.51393 ], [ -157.83549, 21.51357 ], [ -157.83546, 21.5134 ], [ -157.83542, 21.51317 ], [ -157.83534, 21.51299 ], [ -157.83528, 21.51279 ], [ -157.835, 21.51155 ], [ -157.83493, 21.51118 ], [ -157.83489, 21.51093 ], [ -157.8348, 21.51073 ], [ -157.83472, 21.51047 ], [ -157.83463, 21.51011 ], [ -157.83453, 21.50977 ], [ -157.83453, 21.50957 ], [ -157.83456, 21.50945 ], [ -157.83463, 21.5093 ], [ -157.83472, 21.50915 ], [ -157.83487, 21.50901 ], [ -157.83508, 21.50888 ], [ -157.83534, 21.50881 ], [ -157.83561, 21.50879 ], [ -157.83573, 21.50875 ], [ -157.83591, 21.50869 ], [ -157.83611, 21.50862 ], [ -157.83632, 21.50857 ], [ -157.83658, 21.50851 ], [ -157.83683, 21.50847 ], [ -157.83706, 21.50843 ], [ -157.83729, 21.50841 ], [ -157.83748, 21.50841 ], [ -157.83776, 21.50838 ], [ -157.83806, 21.50841 ], [ -157.83828, 21.50845 ], [ -157.83851, 21.50845 ], [ -157.8387, 21.50845 ], [ -157.83892, 21.50845 ], [ -157.83917, 21.50853 ], [ -157.83939, 21.5086 ], [ -157.83961, 21.50867 ], [ -157.83979, 21.50875 ], [ -157.83993, 21.50878 ], [ -157.84005, 21.50877 ], [ -157.84017, 21.50874 ], [ -157.84062, 21.50855 ], [ -157.84077, 21.50852 ], [ -157.84109, 21.50845 ], [ -157.84138, 21.50837 ], [ -157.84175, 21.50826 ], [ -157.84208, 21.50816 ], [ -157.84245, 21.50802 ], [ -157.84268, 21.50791 ], [ -157.84295, 21.50789 ], [ -157.84328, 21.50788 ], [ -157.84357, 21.50779 ], [ -157.84395, 21.50772 ], [ -157.84436, 21.50765 ], [ -157.8446, 21.50755 ], [ -157.84499, 21.50743 ], [ -157.84548, 21.50733 ], [ -157.84583, 21.50725 ], [ -157.84613, 21.5071 ], [ -157.84636, 21.50697 ], [ -157.84667, 21.50677 ], [ -157.84699, 21.50658 ], [ -157.84736, 21.50643 ], [ -157.84766, 21.50637 ], [ -157.84797, 21.50636 ], [ -157.84859, 21.50649 ], [ -157.84861, 21.50649 ], [ -157.84862, 21.5065 ], [ -157.84863, 21.5065 ], [ -157.84865, 21.50651 ], [ -157.84866, 21.50651 ], [ -157.84867, 21.50651 ], [ -157.84868, 21.50651 ], [ -157.8487, 21.50652 ], [ -157.84871, 21.50652 ], [ -157.84872, 21.50652 ], [ -157.84873, 21.50652 ], [ -157.84874, 21.50652 ], [ -157.84876, 21.50652 ], [ -157.84877, 21.50652 ], [ -157.84879, 21.50652 ], [ -157.8488, 21.50652 ], [ -157.84881, 21.50652 ], [ -157.84883, 21.50652 ], [ -157.84884, 21.50652 ], [ -157.84885, 21.50652 ], [ -157.84887, 21.50652 ], [ -157.84888, 21.50652 ], [ -157.84889, 21.50652 ], [ -157.8489, 21.50652 ], [ -157.84892, 21.50652 ], [ -157.84893, 21.50652 ], [ -157.84894, 21.50652 ], [ -157.84896, 21.50652 ], [ -157.84897, 21.50652 ], [ -157.84898, 21.50652 ], [ -157.849, 21.50652 ], [ -157.84901, 21.50651 ], [ -157.84902, 21.50651 ], [ -157.84904, 21.50651 ], [ -157.84905, 21.50651 ], [ -157.84906, 21.50651 ], [ -157.84908, 21.50651 ], [ -157.84909, 21.50651 ], [ -157.84911, 21.50651 ], [ -157.84912, 21.50651 ], [ -157.84913, 21.50651 ], [ -157.84914, 21.50652 ], [ -157.84915, 21.50653 ], [ -157.84915, 21.50655 ], [ -157.84915, 21.50656 ], [ -157.84914, 21.50657 ], [ -157.84913, 21.50658 ], [ -157.84912, 21.50659 ], [ -157.84911, 21.50659 ], [ -157.8491, 21.5066 ], [ -157.84909, 21.50661 ], [ -157.84908, 21.50661 ], [ -157.84907, 21.50662 ], [ -157.84906, 21.50663 ], [ -157.84905, 21.50664 ], [ -157.84903, 21.50664 ], [ -157.84902, 21.50665 ], [ -157.84901, 21.50666 ], [ -157.849, 21.50666 ], [ -157.84899, 21.50667 ], [ -157.84898, 21.50668 ], [ -157.84897, 21.50668 ], [ -157.84896, 21.50669 ], [ -157.84895, 21.5067 ], [ -157.84894, 21.5067 ], [ -157.84893, 21.5067 ], [ -157.84891, 21.50671 ], [ -157.8489, 21.50671 ], [ -157.84889, 21.50671 ], [ -157.84888, 21.50672 ], [ -157.84887, 21.50672 ], [ -157.84885, 21.50673 ], [ -157.84884, 21.50674 ], [ -157.84883, 21.50674 ], [ -157.84882, 21.50675 ], [ -157.84881, 21.50675 ], [ -157.8488, 21.50676 ], [ -157.84878, 21.50676 ], [ -157.84877, 21.50676 ], [ -157.84876, 21.50677 ], [ -157.84875, 21.50677 ], [ -157.84874, 21.50677 ], [ -157.84873, 21.50678 ], [ -157.84871, 21.50678 ], [ -157.84869, 21.50679 ], [ -157.84869, 21.50709 ], [ -157.84876, 21.50724 ], [ -157.84892, 21.50731 ], [ -157.8492, 21.50733 ], [ -157.84983, 21.50734 ], [ -157.8505, 21.50743 ], [ -157.85118, 21.50757 ], [ -157.85129, 21.50755 ], [ -157.8514, 21.50742 ], [ -157.85146, 21.50721 ], [ -157.85146, 21.50703 ], [ -157.85136, 21.50683 ], [ -157.85129, 21.50666 ], [ -157.85123, 21.50649 ], [ -157.85119, 21.50634 ], [ -157.85117, 21.50613 ], [ -157.85119, 21.50596 ], [ -157.85126, 21.50584 ], [ -157.85132, 21.50574 ], [ -157.85138, 21.50564 ], [ -157.8514, 21.50559 ], [ -157.85152, 21.50544 ], [ -157.85173, 21.50526 ], [ -157.85201, 21.50512 ], [ -157.85215, 21.50502 ], [ -157.85229, 21.5049 ], [ -157.85235, 21.50483 ], [ -157.85239, 21.50472 ], [ -157.85241, 21.50457 ], [ -157.85238, 21.50442 ], [ -157.85236, 21.5043 ], [ -157.85233, 21.50415 ], [ -157.85241, 21.50381 ], [ -157.85242, 21.5035 ], [ -157.85241, 21.50323 ], [ -157.85239, 21.50307 ], [ -157.85243, 21.5029 ], [ -157.85239, 21.50281 ], [ -157.8523, 21.50267 ], [ -157.85223, 21.50244 ], [ -157.8522, 21.50221 ], [ -157.85216, 21.50196 ], [ -157.8521, 21.50166 ], [ -157.85206, 21.50133 ], [ -157.85197, 21.50109 ], [ -157.85187, 21.50076 ], [ -157.85179, 21.50037 ], [ -157.85173, 21.50016 ], [ -157.85171, 21.50008 ], [ -157.85156, 21.49981 ], [ -157.85148, 21.49955 ], [ -157.85139, 21.49933 ], [ -157.85136, 21.49912 ], [ -157.85132, 21.49883 ], [ -157.85123, 21.49852 ], [ -157.85115, 21.4982 ], [ -157.85108, 21.49797 ], [ -157.85099, 21.49774 ], [ -157.85096, 21.49749 ], [ -157.85092, 21.49732 ], [ -157.85091, 21.4972 ], [ -157.85087, 21.49705 ], [ -157.8508, 21.49692 ], [ -157.85073, 21.49684 ], [ -157.85064, 21.49665 ], [ -157.85059, 21.49652 ], [ -157.85055, 21.49639 ], [ -157.8506, 21.49626 ], [ -157.85054, 21.49616 ], [ -157.85044, 21.49604 ], [ -157.85032, 21.49595 ], [ -157.85015, 21.49568 ], [ -157.84987, 21.49521 ], [ -157.8495, 21.49472 ], [ -157.84912, 21.49424 ], [ -157.84895, 21.494 ], [ -157.84882, 21.49395 ], [ -157.84875, 21.49396 ], [ -157.84862, 21.49399 ], [ -157.84848, 21.494 ], [ -157.8483, 21.49397 ], [ -157.84802, 21.49384 ], [ -157.84779, 21.49367 ], [ -157.84755, 21.49345 ], [ -157.84732, 21.49322 ], [ -157.84715, 21.49304 ], [ -157.84705, 21.49291 ], [ -157.84703, 21.49281 ], [ -157.84701, 21.49268 ], [ -157.84703, 21.4925 ], [ -157.84709, 21.49224 ], [ -157.84729, 21.49166 ], [ -157.84744, 21.49134 ], [ -157.84771, 21.49088 ], [ -157.84786, 21.49069 ], [ -157.84809, 21.49044 ], [ -157.84821, 21.4903 ], [ -157.84842, 21.49012 ], [ -157.84854, 21.49 ], [ -157.8486, 21.48992 ], [ -157.84871, 21.48977 ], [ -157.84876, 21.4896 ], [ -157.84877, 21.48949 ], [ -157.84888, 21.4893 ], [ -157.84898, 21.48917 ], [ -157.84904, 21.48901 ], [ -157.84907, 21.48871 ], [ -157.84892, 21.48852 ], [ -157.84896, 21.48839 ], [ -157.84908, 21.48827 ], [ -157.84919, 21.48819 ], [ -157.84927, 21.48807 ], [ -157.84931, 21.4879 ], [ -157.84931, 21.48772 ], [ -157.84929, 21.48763 ], [ -157.84922, 21.48743 ], [ -157.84918, 21.48722 ], [ -157.84904, 21.48689 ], [ -157.84882, 21.48652 ], [ -157.84861, 21.48624 ], [ -157.84842, 21.48604 ], [ -157.84825, 21.48591 ], [ -157.84808, 21.48576 ], [ -157.84787, 21.48569 ], [ -157.84768, 21.48563 ], [ -157.84739, 21.48543 ], [ -157.84711, 21.4852 ], [ -157.84683, 21.485 ], [ -157.84655, 21.48482 ], [ -157.84619, 21.48468 ], [ -157.84586, 21.48448 ], [ -157.84562, 21.48434 ], [ -157.84533, 21.48421 ], [ -157.84518, 21.48415 ], [ -157.84498, 21.48398 ], [ -157.84479, 21.48394 ], [ -157.84459, 21.48401 ], [ -157.84433, 21.48405 ], [ -157.84404, 21.48406 ], [ -157.84374, 21.48406 ], [ -157.84354, 21.48409 ], [ -157.84341, 21.48414 ], [ -157.84331, 21.48423 ], [ -157.84323, 21.48434 ], [ -157.84317, 21.4844 ], [ -157.84311, 21.48442 ], [ -157.843, 21.48437 ], [ -157.84292, 21.48432 ], [ -157.84283, 21.48426 ], [ -157.84277, 21.48416 ], [ -157.84269, 21.48408 ], [ -157.84265, 21.48423 ], [ -157.84262, 21.48428 ], [ -157.84258, 21.48432 ], [ -157.84253, 21.48432 ], [ -157.84244, 21.48428 ], [ -157.84233, 21.48419 ], [ -157.8422, 21.48403 ], [ -157.84203, 21.48377 ], [ -157.8419, 21.48358 ], [ -157.8418, 21.48341 ], [ -157.84173, 21.48323 ], [ -157.84167, 21.48305 ], [ -157.8417, 21.48281 ], [ -157.84176, 21.48254 ], [ -157.84184, 21.48231 ], [ -157.84186, 21.48209 ], [ -157.84182, 21.48177 ], [ -157.84176, 21.48148 ], [ -157.8417, 21.48118 ], [ -157.84159, 21.48089 ], [ -157.84149, 21.4806 ], [ -157.84142, 21.48043 ], [ -157.84145, 21.48023 ], [ -157.84152, 21.47996 ], [ -157.84155, 21.47964 ], [ -157.84154, 21.47939 ], [ -157.84151, 21.47919 ], [ -157.84148, 21.47898 ], [ -157.84146, 21.4788 ], [ -157.84147, 21.47863 ], [ -157.84151, 21.4785 ], [ -157.84155, 21.47831 ], [ -157.84166, 21.47806 ], [ -157.84177, 21.47783 ], [ -157.84179, 21.47764 ], [ -157.84185, 21.47743 ], [ -157.8419, 21.47717 ], [ -157.84188, 21.47684 ], [ -157.84191, 21.47656 ], [ -157.84195, 21.47633 ], [ -157.84203, 21.47607 ], [ -157.84209, 21.47584 ], [ -157.84215, 21.47557 ], [ -157.84218, 21.47534 ], [ -157.84223, 21.47521 ], [ -157.84231, 21.47509 ], [ -157.84235, 21.47506 ], [ -157.84246, 21.47497 ], [ -157.84268, 21.47481 ], [ -157.84283, 21.47467 ], [ -157.84297, 21.47459 ], [ -157.84308, 21.47449 ], [ -157.84311, 21.47444 ], [ -157.84311, 21.47432 ], [ -157.84311, 21.47414 ], [ -157.8431, 21.47386 ], [ -157.8431, 21.47364 ], [ -157.84312, 21.47344 ], [ -157.84311, 21.47321 ], [ -157.84311, 21.47303 ], [ -157.84314, 21.47287 ], [ -157.84325, 21.47274 ], [ -157.84338, 21.47255 ], [ -157.84353, 21.47245 ], [ -157.84366, 21.47235 ], [ -157.84378, 21.47223 ], [ -157.84386, 21.47216 ], [ -157.84401, 21.47205 ], [ -157.84413, 21.47203 ], [ -157.84422, 21.47198 ], [ -157.8443, 21.47196 ], [ -157.84434, 21.47189 ], [ -157.84435, 21.47182 ], [ -157.84436, 21.47174 ], [ -157.84438, 21.47153 ], [ -157.84437, 21.47138 ], [ -157.84517, 21.4725 ], [ -157.84968, 21.48179 ], [ -157.85339, 21.48741 ], [ -157.85662, 21.49479 ], [ -157.85808, 21.50101 ], [ -157.85859, 21.51155 ], [ -157.86098, 21.52159 ], [ -157.86381, 21.52967 ], [ -157.86723, 21.53843 ], [ -157.87088, 21.54319 ], [ -157.87481, 21.54678 ], [ -157.87709, 21.54909 ], [ -157.88583, 21.56079 ], [ -157.8924, 21.56729 ], [ -157.89939, 21.57826 ], [ -157.90941, 21.5911 ], [ -157.92172, 21.6029 ], [ -157.93351, 21.61234 ], [ -157.94203, 21.61833 ], [ -157.94749, 21.6214 ], [ -157.95252, 21.62373 ], [ -157.96091, 21.62689 ], [ -157.96784, 21.6286 ], [ -157.97568, 21.62905 ], [ -157.98095, 21.62783 ], [ -157.9872, 21.62419 ], [ -157.992, 21.62035 ], [ -157.99538, 21.61146 ], [ -157.99421, 21.60195 ], [ -157.99184, 21.59345 ], [ -157.98913, 21.58731 ], [ -157.98486, 21.58085 ], [ -157.97919, 21.57226 ], [ -157.9733, 21.56412 ], [ -157.96755, 21.55546 ], [ -157.96341, 21.54638 ], [ -157.96107, 21.53917 ], [ -157.95848, 21.53027 ], [ -157.9563, 21.51375 ], [ -157.95407, 21.48864 ], [ -157.95189, 21.46904 ], [ -157.94897, 21.45892 ], [ -157.94404, 21.45398 ], [ -157.93731, 21.45023 ], [ -157.93136, 21.44936 ], [ -157.92251, 21.44953 ], [ -157.91479, 21.44843 ], [ -157.90489, 21.44389 ], [ -157.89818, 21.43932 ], [ -157.8935, 21.43531 ], [ -157.88922, 21.42864 ], [ -157.88566, 21.41722 ], [ -157.88277, 21.40729 ], [ -157.88134, 21.40486 ], [ -157.87596, 21.39683 ], [ -157.8741, 21.39195 ], [ -157.86925, 21.38581 ], [ -157.86175, 21.37814 ], [ -157.85485, 21.37222 ], [ -157.84799, 21.36676 ], [ -157.83977, 21.35862 ], [ -157.83219, 21.35014 ], [ -157.82514, 21.34113 ], [ -157.81807, 21.33224 ], [ -157.80678, 21.32926 ], [ -157.79589, 21.32839 ], [ -157.79149, 21.32673 ], [ -157.78088, 21.32207 ], [ -157.76889, 21.31919 ], [ -157.7607, 21.31869 ], [ -157.75154, 21.31925 ], [ -157.74238, 21.32046 ], [ -157.73799, 21.32162 ], [ -157.73389, 21.32436 ], [ -157.7334, 21.32955 ], [ -157.73587, 21.33425 ], [ -157.73947, 21.33917 ], [ -157.74527, 21.34831 ], [ -157.74989, 21.35531 ], [ -157.75746, 21.36357 ], [ -157.76518, 21.37044 ], [ -157.7712, 21.37597 ], [ -157.77551, 21.38325 ], [ -157.77821, 21.39042 ], [ -157.78336, 21.39951 ], [ -157.78854, 21.40747 ], [ -157.79487, 21.41662 ], [ -157.79659, 21.41781 ], [ -157.80969, 21.43069 ], [ -157.81755, 21.44064 ], [ -157.82393, 21.44799 ], [ -157.83016, 21.45422 ], [ -157.83421, 21.45911 ], [ -157.83412, 21.45935 ], [ -157.83409, 21.45955 ], [ -157.834, 21.45977 ], [ -157.83399, 21.45993 ], [ -157.83403, 21.4601 ], [ -157.83409, 21.4603 ], [ -157.83412, 21.46045 ], [ -157.83418, 21.46055 ], [ -157.83429, 21.46064 ], [ -157.83442, 21.4607 ], [ -157.83452, 21.46077 ], [ -157.83462, 21.46085 ], [ -157.83469, 21.46092 ], [ -157.83472, 21.46101 ], [ -157.83461, 21.461 ], [ -157.83447, 21.46099 ], [ -157.83432, 21.46098 ], [ -157.83417, 21.46094 ], [ -157.83403, 21.46088 ], [ -157.8338, 21.46098 ], [ -157.83367, 21.46118 ], [ -157.83364, 21.46136 ], [ -157.83366, 21.4615 ], [ -157.83374, 21.46164 ], [ -157.83374, 21.46179 ], [ -157.83365, 21.4619 ], [ -157.83349, 21.46203 ], [ -157.83329, 21.4621 ], [ -157.8331, 21.46218 ], [ -157.83288, 21.46228 ], [ -157.83276, 21.46232 ], [ -157.83278, 21.46244 ], [ -157.83279, 21.46246 ], [ -157.83288, 21.46243 ], [ -157.8329, 21.46254 ], [ -157.83263, 21.46264 ], [ -157.8326, 21.46253 ], [ -157.83266, 21.46251 ], [ -157.83266, 21.4625 ], [ -157.83259, 21.46251 ], [ -157.83243, 21.46215 ], [ -157.83237, 21.46209 ], [ -157.83233, 21.46198 ], [ -157.83231, 21.46185 ], [ -157.83235, 21.46169 ], [ -157.8324, 21.46152 ], [ -157.8324, 21.4614 ], [ -157.83236, 21.46127 ], [ -157.83192, 21.45959 ], [ -157.83174, 21.45906 ], [ -157.83164, 21.45881 ], [ -157.83132, 21.45807 ], [ -157.83122, 21.45794 ], [ -157.83102, 21.45772 ], [ -157.8309, 21.45759 ], [ -157.83082, 21.45755 ], [ -157.83076, 21.45751 ], [ -157.8307, 21.45749 ], [ -157.83063, 21.45748 ], [ -157.83054, 21.45755 ], [ -157.83044, 21.45765 ], [ -157.83034, 21.45777 ], [ -157.83025, 21.45785 ], [ -157.83012, 21.45793 ], [ -157.83002, 21.45796 ], [ -157.82988, 21.45794 ], [ -157.82974, 21.45789 ], [ -157.82962, 21.45779 ], [ -157.82949, 21.45759 ], [ -157.8294, 21.4574 ], [ -157.82935, 21.45724 ], [ -157.82928, 21.45706 ], [ -157.82915, 21.45687 ], [ -157.82902, 21.4567 ], [ -157.82883, 21.45663 ], [ -157.82779, 21.45649 ], [ -157.82755, 21.45644 ], [ -157.82735, 21.45639 ], [ -157.82712, 21.45624 ], [ -157.82696, 21.45613 ], [ -157.82692, 21.4561 ], [ -157.82679, 21.45618 ], [ -157.82664, 21.45625 ], [ -157.82651, 21.45628 ], [ -157.82645, 21.45617 ], [ -157.82656, 21.45614 ], [ -157.82662, 21.45608 ], [ -157.82667, 21.45604 ], [ -157.82659, 21.45593 ], [ -157.82648, 21.456 ], [ -157.82639, 21.4561 ], [ -157.82631, 21.45613 ], [ -157.82629, 21.45611 ], [ -157.82636, 21.45588 ], [ -157.82651, 21.4556 ], [ -157.82648, 21.45552 ], [ -157.82643, 21.4554 ], [ -157.82642, 21.45514 ], [ -157.82637, 21.455 ], [ -157.82582, 21.45412 ], [ -157.82489, 21.45324 ], [ -157.82482, 21.45321 ], [ -157.82455, 21.45327 ], [ -157.8242, 21.45336 ], [ -157.82389, 21.45345 ], [ -157.82363, 21.45344 ], [ -157.82341, 21.4534 ], [ -157.82326, 21.45333 ], [ -157.82308, 21.45323 ], [ -157.82292, 21.45307 ], [ -157.82282, 21.45289 ], [ -157.82273, 21.45274 ], [ -157.82269, 21.45266 ], [ -157.82262, 21.45259 ], [ -157.82252, 21.45258 ], [ -157.82242, 21.45249 ], [ -157.82229, 21.45241 ], [ -157.82077, 21.45252 ], [ -157.8204, 21.45257 ], [ -157.82005, 21.45266 ], [ -157.81965, 21.45281 ], [ -157.81939, 21.45295 ], [ -157.81902, 21.45321 ], [ -157.81872, 21.45344 ], [ -157.81835, 21.45373 ], [ -157.81795, 21.45393 ], [ -157.81745, 21.45425 ], [ -157.8171, 21.45443 ], [ -157.81661, 21.45461 ], [ -157.81643, 21.45468 ], [ -157.81626, 21.45467 ], [ -157.81612, 21.45459 ], [ -157.81589, 21.4544 ], [ -157.81571, 21.45416 ], [ -157.81558, 21.45388 ], [ -157.81548, 21.45365 ], [ -157.81538, 21.45349 ], [ -157.8152, 21.45295 ], [ -157.81508, 21.45271 ], [ -157.81501, 21.45255 ], [ -157.81496, 21.45242 ], [ -157.81491, 21.45224 ], [ -157.81486, 21.452 ], [ -157.81476, 21.45172 ], [ -157.81472, 21.45155 ], [ -157.81461, 21.45127 ], [ -157.81453, 21.451 ], [ -157.81445, 21.45077 ], [ -157.81438, 21.4505 ], [ -157.81433, 21.45026 ], [ -157.81434, 21.45013 ], [ -157.81434, 21.45004 ], [ -157.81435, 21.44968 ], [ -157.8144, 21.44943 ], [ -157.81442, 21.44921 ], [ -157.81443, 21.449 ], [ -157.81439, 21.44886 ], [ -157.81433, 21.44873 ], [ -157.81428, 21.44863 ], [ -157.8139, 21.44771 ], [ -157.81331, 21.44619 ], [ -157.81252, 21.44455 ], [ -157.8121, 21.4437 ], [ -157.81177, 21.44318 ], [ -157.81164, 21.44292 ], [ -157.81161, 21.44288 ], [ -157.80997, 21.44411 ], [ -157.81006, 21.44453 ], [ -157.80981, 21.44456 ], [ -157.80964, 21.44396 ], [ -157.81002, 21.44374 ], [ -157.80998, 21.44366 ], [ -157.81077, 21.44304 ], [ -157.81056, 21.44281 ], [ -157.80971, 21.44346 ], [ -157.80962, 21.44334 ], [ -157.81056, 21.4426 ], [ -157.81092, 21.44291 ], [ -157.81137, 21.44259 ], [ -157.81134, 21.44255 ], [ -157.81106, 21.44227 ], [ -157.81081, 21.44216 ], [ -157.81062, 21.4421 ], [ -157.81041, 21.44206 ], [ -157.8101, 21.44197 ], [ -157.80988, 21.44194 ], [ -157.80972, 21.44198 ], [ -157.80966, 21.44198 ], [ -157.80932, 21.44209 ], [ -157.80921, 21.44218 ], [ -157.80912, 21.44232 ], [ -157.80912, 21.44243 ], [ -157.80923, 21.44269 ], [ -157.80916, 21.44269 ], [ -157.80912, 21.44266 ], [ -157.80906, 21.44258 ], [ -157.80899, 21.44255 ], [ -157.80888, 21.44257 ], [ -157.80878, 21.44269 ], [ -157.80878, 21.44275 ], [ -157.80884, 21.44299 ], [ -157.80883, 21.44303 ], [ -157.80879, 21.44304 ], [ -157.80848, 21.44296 ], [ -157.80782, 21.443 ], [ -157.80748, 21.44294 ], [ -157.80737, 21.44266 ], [ -157.80728, 21.44241 ], [ -157.80727, 21.44223 ], [ -157.80728, 21.44208 ], [ -157.8075, 21.44182 ], [ -157.80752, 21.44171 ], [ -157.80757, 21.44166 ], [ -157.80805, 21.44163 ], [ -157.80839, 21.44158 ], [ -157.80855, 21.4415 ], [ -157.8086, 21.44145 ], [ -157.80867, 21.44124 ], [ -157.80868, 21.44087 ], [ -157.80874, 21.44061 ], [ -157.80859, 21.43988 ], [ -157.80874, 21.43983 ], [ -157.8091, 21.43977 ], [ -157.80964, 21.43976 ], [ -157.80995, 21.43935 ], [ -157.81053, 21.43864 ], [ -157.81084, 21.43792 ], [ -157.81093, 21.43769 ], [ -157.81108, 21.43741 ], [ -157.81114, 21.43731 ], [ -157.81118, 21.43723 ], [ -157.81117, 21.43717 ], [ -157.81112, 21.43707 ], [ -157.81102, 21.43703 ], [ -157.81088, 21.43701 ], [ -157.81076, 21.43701 ], [ -157.81066, 21.43702 ], [ -157.81058, 21.43701 ], [ -157.8105, 21.43688 ], [ -157.81044, 21.43673 ], [ -157.81039, 21.43654 ], [ -157.81037, 21.43637 ], [ -157.8103, 21.4362 ], [ -157.81019, 21.43611 ], [ -157.81013, 21.43603 ], [ -157.80984, 21.43575 ], [ -157.80977, 21.43553 ], [ -157.80963, 21.43529 ], [ -157.8095, 21.43516 ], [ -157.80934, 21.435 ], [ -157.8091, 21.43461 ], [ -157.8089, 21.43424 ], [ -157.80864, 21.43382 ], [ -157.80826, 21.43321 ], [ -157.80806, 21.43291 ], [ -157.80786, 21.43256 ], [ -157.80759, 21.43229 ], [ -157.80721, 21.43196 ], [ -157.80698, 21.43181 ], [ -157.8067, 21.43169 ], [ -157.80649, 21.43162 ], [ -157.80626, 21.43154 ], [ -157.80606, 21.43136 ], [ -157.80556, 21.43082 ], [ -157.80491, 21.43005 ], [ -157.8046, 21.42959 ], [ -157.80443, 21.42928 ], [ -157.80435, 21.42897 ], [ -157.80413, 21.42839 ], [ -157.80392, 21.42808 ], [ -157.80378, 21.42788 ], [ -157.8036, 21.42771 ], [ -157.80338, 21.42754 ], [ -157.80327, 21.4274 ], [ -157.8032, 21.42715 ], [ -157.80318, 21.42699 ], [ -157.80311, 21.42685 ], [ -157.80306, 21.42677 ], [ -157.80292, 21.42673 ], [ -157.80284, 21.42675 ], [ -157.80275, 21.4268 ], [ -157.80265, 21.4269 ], [ -157.80252, 21.42696 ], [ -157.80236, 21.42697 ], [ -157.80222, 21.42695 ], [ -157.80213, 21.42691 ], [ -157.80184, 21.42686 ], [ -157.80177, 21.42683 ], [ -157.80166, 21.42657 ], [ -157.80162, 21.42624 ], [ -157.80153, 21.42605 ], [ -157.80137, 21.42586 ], [ -157.80124, 21.42574 ], [ -157.80112, 21.42564 ], [ -157.80108, 21.42562 ], [ -157.80099, 21.42563 ], [ -157.80075, 21.4254 ], [ -157.80078, 21.4253 ], [ -157.80064, 21.42514 ], [ -157.80051, 21.42504 ], [ -157.80042, 21.42494 ], [ -157.80034, 21.42483 ], [ -157.80033, 21.42478 ], [ -157.80029, 21.42473 ], [ -157.80007, 21.42442 ], [ -157.79989, 21.42428 ], [ -157.79986, 21.42433 ], [ -157.79985, 21.42443 ], [ -157.79985, 21.42455 ], [ -157.7999, 21.42468 ], [ -157.79989, 21.4247 ], [ -157.79987, 21.42473 ], [ -157.79963, 21.42491 ], [ -157.79942, 21.42498 ], [ -157.79921, 21.42503 ], [ -157.79898, 21.42502 ], [ -157.79878, 21.42499 ], [ -157.79863, 21.42497 ], [ -157.79844, 21.42501 ], [ -157.79827, 21.42509 ], [ -157.79817, 21.42515 ], [ -157.79811, 21.42519 ], [ -157.79798, 21.42518 ], [ -157.7978, 21.42512 ], [ -157.79757, 21.42504 ], [ -157.7973, 21.42494 ], [ -157.79709, 21.42484 ], [ -157.79686, 21.42476 ], [ -157.79656, 21.42469 ], [ -157.79636, 21.42469 ], [ -157.79604, 21.42476 ], [ -157.79574, 21.42489 ], [ -157.79539, 21.42509 ], [ -157.79505, 21.42533 ], [ -157.79485, 21.42549 ], [ -157.79474, 21.42561 ], [ -157.7946, 21.42578 ], [ -157.79452, 21.42594 ], [ -157.79449, 21.42607 ], [ -157.79451, 21.42624 ], [ -157.79457, 21.42645 ], [ -157.79467, 21.42669 ], [ -157.79476, 21.42712 ], [ -157.79489, 21.4278 ], [ -157.79496, 21.42798 ], [ -157.79501, 21.42819 ], [ -157.79501, 21.42835 ], [ -157.79506, 21.42851 ], [ -157.79509, 21.42861 ], [ -157.79511, 21.42867 ], [ -157.7951, 21.42874 ], [ -157.79504, 21.42878 ], [ -157.79486, 21.42878 ], [ -157.79463, 21.42876 ], [ -157.79438, 21.4288 ], [ -157.79411, 21.42884 ], [ -157.79357, 21.42882 ], [ -157.79306, 21.42876 ], [ -157.79235, 21.42875 ], [ -157.79217, 21.42872 ], [ -157.79199, 21.42865 ], [ -157.79179, 21.42853 ], [ -157.7916, 21.42836 ], [ -157.79157, 21.42833 ], [ -157.79149, 21.42827 ], [ -157.79145, 21.42823 ], [ -157.79135, 21.4281 ], [ -157.79126, 21.42797 ], [ -157.7912, 21.42784 ], [ -157.79115, 21.42772 ], [ -157.79113, 21.42761 ], [ -157.7912, 21.42739 ], [ -157.79122, 21.42719 ], [ -157.79128, 21.42701 ], [ -157.79134, 21.42687 ], [ -157.79144, 21.4267 ], [ -157.7915, 21.4266 ], [ -157.79148, 21.42639 ], [ -157.79151, 21.42621 ], [ -157.79148, 21.42604 ], [ -157.79151, 21.42596 ], [ -157.7916, 21.42586 ], [ -157.79166, 21.42565 ], [ -157.79168, 21.42541 ], [ -157.79168, 21.42522 ], [ -157.79166, 21.42507 ], [ -157.79159, 21.42491 ], [ -157.79145, 21.42476 ], [ -157.79135, 21.42466 ], [ -157.79129, 21.42458 ], [ -157.79134, 21.42453 ], [ -157.79149, 21.42447 ], [ -157.79138, 21.42422 ], [ -157.78953, 21.42481 ], [ -157.78926, 21.42485 ], [ -157.78906, 21.42485 ], [ -157.7889, 21.42482 ], [ -157.7887, 21.42469 ], [ -157.78857, 21.42457 ], [ -157.78846, 21.42443 ], [ -157.78837, 21.42428 ], [ -157.7883, 21.42403 ], [ -157.78822, 21.42378 ], [ -157.78813, 21.4235 ], [ -157.78809, 21.42331 ], [ -157.78803, 21.42315 ], [ -157.78804, 21.42295 ], [ -157.78803, 21.42276 ], [ -157.78803, 21.42257 ], [ -157.78803, 21.42252 ], [ -157.78806, 21.42249 ], [ -157.78816, 21.42254 ], [ -157.78826, 21.42263 ], [ -157.78833, 21.42266 ], [ -157.78846, 21.42261 ], [ -157.78855, 21.42251 ], [ -157.78858, 21.42231 ], [ -157.78857, 21.42209 ], [ -157.78859, 21.42189 ], [ -157.78859, 21.42171 ], [ -157.78862, 21.42153 ], [ -157.78871, 21.42136 ], [ -157.78893, 21.42125 ], [ -157.78909, 21.42112 ], [ -157.78922, 21.42098 ], [ -157.7893, 21.42086 ], [ -157.78936, 21.42068 ], [ -157.78936, 21.42053 ], [ -157.78938, 21.42041 ], [ -157.78959, 21.42044 ], [ -157.78977, 21.42044 ], [ -157.79, 21.42035 ], [ -157.79022, 21.42013 ], [ -157.7904, 21.42001 ], [ -157.79054, 21.41997 ], [ -157.79053, 21.41952 ], [ -157.79007, 21.41936 ], [ -157.78995, 21.41937 ], [ -157.78999, 21.4193 ], [ -157.78999, 21.41925 ], [ -157.78994, 21.41923 ], [ -157.78984, 21.41914 ], [ -157.78992, 21.41875 ], [ -157.78992, 21.41865 ], [ -157.79002, 21.41865 ], [ -157.79002, 21.41873 ], [ -157.78999, 21.41879 ], [ -157.78999, 21.41881 ], [ -157.78997, 21.41902 ], [ -157.79, 21.41906 ], [ -157.79001, 21.41908 ], [ -157.79009, 21.41921 ], [ -157.79011, 21.41922 ], [ -157.79016, 21.41923 ], [ -157.79019, 21.41921 ], [ -157.79047, 21.41914 ], [ -157.79058, 21.4191 ], [ -157.7906, 21.41906 ], [ -157.79058, 21.41904 ], [ -157.79049, 21.419 ], [ -157.79043, 21.41885 ], [ -157.7904, 21.41881 ], [ -157.79038, 21.41872 ], [ -157.79035, 21.41868 ], [ -157.79022, 21.41835 ], [ -157.79016, 21.41833 ], [ -157.78996, 21.41832 ], [ -157.78993, 21.41828 ], [ -157.78995, 21.41825 ], [ -157.7903, 21.41818 ], [ -157.79034, 21.41822 ], [ -157.79034, 21.41828 ], [ -157.79031, 21.41831 ], [ -157.79031, 21.41836 ], [ -157.79038, 21.41838 ], [ -157.79042, 21.41846 ], [ -157.79042, 21.41849 ], [ -157.79043, 21.41851 ], [ -157.79044, 21.41854 ], [ -157.79048, 21.41859 ], [ -157.7905, 21.41869 ], [ -157.79053, 21.41874 ], [ -157.79053, 21.41876 ], [ -157.79056, 21.41881 ], [ -157.79059, 21.4189 ], [ -157.79063, 21.41894 ], [ -157.79068, 21.41895 ], [ -157.791, 21.41887 ], [ -157.791, 21.41876 ], [ -157.79102, 21.41873 ], [ -157.79116, 21.41868 ], [ -157.79122, 21.41867 ], [ -157.79123, 21.41862 ], [ -157.7911, 21.41829 ], [ -157.7911, 21.41825 ], [ -157.79108, 21.41823 ], [ -157.79108, 21.41821 ], [ -157.79106, 21.41819 ], [ -157.79099, 21.41818 ], [ -157.7905, 21.41827 ], [ -157.79048, 21.41823 ], [ -157.79048, 21.41814 ], [ -157.79103, 21.41804 ], [ -157.79105, 21.41806 ], [ -157.79119, 21.41804 ], [ -157.79128, 21.41803 ], [ -157.79129, 21.41798 ], [ -157.7914, 21.41795 ], [ -157.79144, 21.41793 ], [ -157.79146, 21.41786 ], [ -157.79122, 21.41786 ], [ -157.79083, 21.41791 ], [ -157.79069, 21.41798 ], [ -157.79007, 21.41807 ], [ -157.79, 21.41803 ], [ -157.78996, 21.41796 ], [ -157.78986, 21.41785 ], [ -157.78965, 21.41782 ], [ -157.78929, 21.41781 ], [ -157.78895, 21.41785 ], [ -157.78865, 21.41791 ], [ -157.78852, 21.41793 ], [ -157.78823, 21.41795 ], [ -157.78814, 21.41795 ], [ -157.78802, 21.41792 ], [ -157.78788, 21.41785 ], [ -157.78772, 21.41775 ], [ -157.78763, 21.41766 ], [ -157.78754, 21.41752 ], [ -157.7875, 21.41736 ], [ -157.78746, 21.41718 ], [ -157.78744, 21.41701 ], [ -157.78744, 21.41681 ], [ -157.78743, 21.41664 ], [ -157.78737, 21.41646 ], [ -157.78732, 21.41631 ], [ -157.78724, 21.41614 ], [ -157.78721, 21.41608 ], [ -157.78719, 21.41597 ], [ -157.78723, 21.41586 ], [ -157.78721, 21.4157 ], [ -157.7871, 21.41553 ], [ -157.78702, 21.41542 ], [ -157.78699, 21.41525 ], [ -157.78704, 21.41507 ], [ -157.78708, 21.41492 ], [ -157.7871, 21.41475 ], [ -157.78711, 21.41458 ], [ -157.78712, 21.41442 ], [ -157.7871, 21.41434 ], [ -157.78696, 21.41416 ], [ -157.78678, 21.41396 ], [ -157.78664, 21.41381 ], [ -157.7865, 21.41367 ], [ -157.78637, 21.41354 ], [ -157.78618, 21.4134 ], [ -157.78607, 21.41326 ], [ -157.78595, 21.41318 ], [ -157.78536, 21.41292 ], [ -157.78488, 21.4127 ], [ -157.7846, 21.41259 ], [ -157.78444, 21.41251 ], [ -157.78434, 21.41245 ], [ -157.78428, 21.41242 ], [ -157.78417, 21.41245 ], [ -157.78412, 21.41246 ], [ -157.78406, 21.41241 ], [ -157.78341, 21.4122 ], [ -157.78324, 21.41191 ], [ -157.783, 21.41177 ], [ -157.78274, 21.41164 ], [ -157.78119, 21.4111 ], [ -157.78107, 21.41129 ], [ -157.78092, 21.4113 ], [ -157.7809, 21.4113 ], [ -157.78084, 21.41123 ], [ -157.78086, 21.41108 ], [ -157.78089, 21.41098 ], [ -157.78097, 21.41085 ], [ -157.78098, 21.41079 ], [ -157.7809, 21.41079 ], [ -157.78077, 21.41087 ], [ -157.78056, 21.41108 ], [ -157.78041, 21.41123 ], [ -157.78027, 21.41144 ], [ -157.78016, 21.4116 ], [ -157.78012, 21.41168 ], [ -157.7801, 21.41175 ], [ -157.7801, 21.41181 ], [ -157.78017, 21.41187 ], [ -157.78023, 21.41187 ], [ -157.78035, 21.41182 ], [ -157.78048, 21.41171 ], [ -157.78057, 21.41162 ], [ -157.78063, 21.41161 ], [ -157.78065, 21.4116 ], [ -157.78062, 21.41164 ], [ -157.7804, 21.4119 ], [ -157.78028, 21.41198 ], [ -157.78017, 21.41202 ], [ -157.7801, 21.41201 ], [ -157.78, 21.4119 ], [ -157.77995, 21.4118 ], [ -157.77988, 21.41171 ], [ -157.77976, 21.41166 ], [ -157.77962, 21.41168 ], [ -157.77953, 21.41169 ], [ -157.77936, 21.41172 ], [ -157.77913, 21.41176 ], [ -157.77871, 21.4118 ], [ -157.77842, 21.41179 ], [ -157.77817, 21.41176 ], [ -157.77794, 21.41173 ], [ -157.77769, 21.41174 ], [ -157.77747, 21.41179 ], [ -157.77726, 21.41178 ], [ -157.77705, 21.41177 ], [ -157.77686, 21.41179 ], [ -157.77668, 21.41183 ], [ -157.7765, 21.4119 ], [ -157.77636, 21.41201 ], [ -157.77625, 21.41215 ], [ -157.77609, 21.41227 ], [ -157.77589, 21.41236 ], [ -157.7756, 21.41251 ], [ -157.77532, 21.41263 ], [ -157.77502, 21.41272 ], [ -157.77468, 21.41283 ], [ -157.77442, 21.41291 ], [ -157.77418, 21.41298 ], [ -157.77396, 21.41298 ], [ -157.7738, 21.41298 ], [ -157.7736, 21.41294 ], [ -157.77343, 21.41285 ], [ -157.77318, 21.41272 ], [ -157.773, 21.41263 ], [ -157.77293, 21.41258 ], [ -157.77291, 21.41258 ], [ -157.77291, 21.41253 ], [ -157.77299, 21.41234 ], [ -157.77302, 21.41228 ], [ -157.77306, 21.41222 ], [ -157.77312, 21.41209 ], [ -157.77316, 21.412 ], [ -157.7732, 21.41196 ], [ -157.77321, 21.41189 ], [ -157.77316, 21.41182 ], [ -157.77316, 21.41179 ], [ -157.77314, 21.41177 ], [ -157.77311, 21.41172 ], [ -157.77309, 21.41171 ], [ -157.77309, 21.41168 ], [ -157.77293, 21.41142 ], [ -157.77274, 21.41147 ], [ -157.77275, 21.41152 ], [ -157.77288, 21.41172 ], [ -157.77289, 21.41175 ], [ -157.77291, 21.41177 ], [ -157.77294, 21.41186 ], [ -157.77296, 21.41188 ], [ -157.77297, 21.41197 ], [ -157.77298, 21.4121 ], [ -157.77294, 21.41218 ], [ -157.77286, 21.41232 ], [ -157.77273, 21.41248 ], [ -157.77262, 21.41257 ], [ -157.77246, 21.41263 ], [ -157.77225, 21.4127 ], [ -157.77203, 21.41277 ], [ -157.7719, 21.41285 ], [ -157.77179, 21.41295 ], [ -157.77178, 21.41311 ], [ -157.7718, 21.4133 ], [ -157.77184, 21.41349 ], [ -157.77185, 21.41366 ], [ -157.77184, 21.41377 ], [ -157.7718, 21.41386 ], [ -157.77178, 21.41397 ], [ -157.7718, 21.41408 ], [ -157.77173, 21.41422 ], [ -157.77169, 21.41437 ], [ -157.77163, 21.41448 ], [ -157.77159, 21.41459 ], [ -157.77154, 21.41467 ], [ -157.77145, 21.41471 ], [ -157.77135, 21.4147 ], [ -157.7712, 21.41466 ], [ -157.77103, 21.41462 ], [ -157.77089, 21.41458 ], [ -157.7707, 21.41448 ], [ -157.77044, 21.41438 ], [ -157.77023, 21.41431 ], [ -157.77, 21.41424 ], [ -157.76984, 21.41422 ], [ -157.76959, 21.41424 ], [ -157.76939, 21.41426 ], [ -157.76926, 21.41433 ], [ -157.76913, 21.41443 ], [ -157.76909, 21.41449 ], [ -157.76904, 21.41465 ], [ -157.76904, 21.41483 ], [ -157.76903, 21.41499 ], [ -157.769, 21.41518 ], [ -157.76895, 21.41533 ], [ -157.7689, 21.41548 ], [ -157.7688, 21.41564 ], [ -157.76869, 21.41575 ], [ -157.76859, 21.41587 ], [ -157.76854, 21.41604 ], [ -157.76841, 21.41609 ], [ -157.7682, 21.41614 ], [ -157.76795, 21.41619 ], [ -157.76783, 21.4162 ], [ -157.76766, 21.41623 ], [ -157.76746, 21.4162 ], [ -157.7673, 21.41609 ], [ -157.76717, 21.41599 ], [ -157.767, 21.41588 ], [ -157.76694, 21.41584 ], [ -157.76688, 21.41581 ], [ -157.76683, 21.41581 ], [ -157.7668, 21.41583 ], [ -157.76677, 21.41587 ], [ -157.76679, 21.41593 ], [ -157.76686, 21.41604 ], [ -157.76692, 21.41612 ], [ -157.76699, 21.4162 ], [ -157.76706, 21.41627 ], [ -157.76707, 21.41632 ], [ -157.76703, 21.41633 ], [ -157.76695, 21.41629 ], [ -157.76684, 21.41626 ], [ -157.76676, 21.41623 ], [ -157.76667, 21.41621 ], [ -157.76662, 21.41618 ], [ -157.76652, 21.41614 ], [ -157.76649, 21.41615 ], [ -157.76649, 21.41619 ], [ -157.76649, 21.41631 ], [ -157.76648, 21.41644 ], [ -157.76644, 21.41657 ], [ -157.7664, 21.41667 ], [ -157.76635, 21.41682 ], [ -157.76632, 21.41699 ], [ -157.76634, 21.4173 ], [ -157.76638, 21.41751 ], [ -157.7664, 21.41775 ], [ -157.7664, 21.41793 ], [ -157.76642, 21.41803 ], [ -157.76651, 21.41821 ], [ -157.76658, 21.41843 ], [ -157.76661, 21.41865 ], [ -157.76666, 21.41886 ], [ -157.76663, 21.41897 ], [ -157.76654, 21.41905 ], [ -157.7665, 21.41908 ], [ -157.76647, 21.41909 ], [ -157.76626, 21.41912 ], [ -157.76612, 21.41912 ], [ -157.76585, 21.41908 ], [ -157.76574, 21.41909 ], [ -157.76559, 21.41913 ], [ -157.76543, 21.41921 ], [ -157.76525, 21.41938 ], [ -157.76516, 21.41955 ], [ -157.7651, 21.41966 ], [ -157.76508, 21.41978 ], [ -157.76506, 21.41991 ], [ -157.76502, 21.42005 ], [ -157.76499, 21.42016 ], [ -157.76495, 21.42033 ], [ -157.76493, 21.42047 ], [ -157.76491, 21.42058 ], [ -157.76493, 21.42073 ], [ -157.76488, 21.42081 ], [ -157.76476, 21.42092 ], [ -157.76459, 21.42103 ], [ -157.76451, 21.4211 ], [ -157.76442, 21.42119 ], [ -157.76431, 21.42129 ], [ -157.76429, 21.42142 ], [ -157.76427, 21.42156 ], [ -157.76425, 21.42168 ], [ -157.76427, 21.42178 ], [ -157.76429, 21.42191 ], [ -157.76438, 21.42208 ], [ -157.76447, 21.42229 ], [ -157.76455, 21.42244 ], [ -157.76461, 21.42252 ], [ -157.76468, 21.42265 ], [ -157.76471, 21.42281 ], [ -157.76474, 21.42295 ], [ -157.76476, 21.42304 ], [ -157.76493, 21.42325 ], [ -157.76512, 21.4234 ], [ -157.76532, 21.42364 ], [ -157.76542, 21.42382 ], [ -157.76548, 21.42399 ], [ -157.76554, 21.42427 ], [ -157.76554, 21.42444 ], [ -157.76553, 21.4246 ], [ -157.76553, 21.42477 ], [ -157.76549, 21.42494 ], [ -157.76541, 21.42511 ], [ -157.76525, 21.42534 ], [ -157.76507, 21.42554 ], [ -157.76489, 21.42567 ], [ -157.76467, 21.42581 ], [ -157.76454, 21.42588 ], [ -157.76446, 21.42593 ], [ -157.76439, 21.42596 ], [ -157.76438, 21.42601 ], [ -157.76444, 21.42616 ], [ -157.76447, 21.42627 ], [ -157.76443, 21.42661 ], [ -157.76439, 21.4268 ], [ -157.76431, 21.42695 ], [ -157.76424, 21.42715 ], [ -157.76416, 21.42733 ], [ -157.76417, 21.42743 ], [ -157.76421, 21.42752 ], [ -157.76426, 21.42764 ], [ -157.76423, 21.42773 ], [ -157.76409, 21.42781 ], [ -157.764, 21.42787 ], [ -157.76398, 21.42798 ], [ -157.76397, 21.42813 ], [ -157.76384, 21.42826 ], [ -157.76366, 21.42833 ], [ -157.76343, 21.4284 ], [ -157.76317, 21.42851 ], [ -157.7629, 21.42857 ], [ -157.76267, 21.42859 ], [ -157.7625, 21.42859 ], [ -157.76224, 21.42857 ], [ -157.76196, 21.4285 ], [ -157.7618, 21.42848 ], [ -157.76164, 21.42846 ], [ -157.76144, 21.42845 ], [ -157.76133, 21.42846 ], [ -157.76121, 21.42848 ], [ -157.76109, 21.42859 ], [ -157.76106, 21.42865 ], [ -157.76108, 21.42931 ], [ -157.76104, 21.42959 ], [ -157.761, 21.42978 ], [ -157.76095, 21.43008 ], [ -157.7609, 21.43043 ], [ -157.76089, 21.43088 ], [ -157.76089, 21.43121 ], [ -157.76085, 21.43186 ], [ -157.76083, 21.43201 ], [ -157.76083, 21.43215 ], [ -157.76078, 21.43234 ], [ -157.7607, 21.43253 ], [ -157.76056, 21.43274 ], [ -157.7604, 21.433 ], [ -157.76024, 21.43322 ], [ -157.76002, 21.43342 ], [ -157.75985, 21.43361 ], [ -157.75965, 21.43378 ], [ -157.75942, 21.43395 ], [ -157.7593, 21.434 ], [ -157.75914, 21.43411 ], [ -157.75891, 21.43421 ], [ -157.75865, 21.43429 ], [ -157.75839, 21.43434 ], [ -157.75819, 21.43444 ], [ -157.75799, 21.43459 ], [ -157.75784, 21.4347 ], [ -157.75773, 21.43484 ], [ -157.75769, 21.43499 ], [ -157.75762, 21.43518 ], [ -157.75757, 21.4353 ], [ -157.75752, 21.4354 ], [ -157.75746, 21.43546 ], [ -157.75738, 21.43571 ], [ -157.75739, 21.43585 ], [ -157.75763, 21.43599 ], [ -157.75776, 21.43608 ], [ -157.75788, 21.43615 ], [ -157.75798, 21.43621 ], [ -157.75808, 21.43627 ], [ -157.75815, 21.43637 ], [ -157.75818, 21.43651 ], [ -157.75825, 21.43667 ], [ -157.75831, 21.4368 ], [ -157.75842, 21.43691 ], [ -157.75863, 21.43703 ], [ -157.75878, 21.43709 ], [ -157.75898, 21.43713 ], [ -157.75915, 21.4372 ], [ -157.75931, 21.43723 ], [ -157.75955, 21.43723 ], [ -157.75971, 21.43722 ], [ -157.75981, 21.43721 ], [ -157.76005, 21.43725 ], [ -157.76015, 21.43726 ], [ -157.76031, 21.43732 ], [ -157.76045, 21.43743 ], [ -157.76071, 21.43756 ], [ -157.76091, 21.43771 ], [ -157.76103, 21.43782 ], [ -157.76115, 21.43791 ], [ -157.76132, 21.43799 ], [ -157.76154, 21.43812 ], [ -157.76173, 21.43818 ], [ -157.76195, 21.43827 ], [ -157.76218, 21.43838 ], [ -157.76234, 21.43844 ], [ -157.76247, 21.43852 ], [ -157.76248, 21.43852 ], [ -157.76249, 21.43853 ], [ -157.76251, 21.43854 ], [ -157.76252, 21.43855 ], [ -157.76253, 21.43856 ], [ -157.76255, 21.43858 ], [ -157.76256, 21.43858 ], [ -157.76257, 21.4386 ], [ -157.76258, 21.43862 ], [ -157.76258, 21.43863 ], [ -157.76258, 21.43865 ], [ -157.76259, 21.43866 ], [ -157.76259, 21.43868 ], [ -157.76259, 21.43869 ], [ -157.7626, 21.4387 ], [ -157.7626, 21.43872 ], [ -157.7626, 21.43873 ], [ -157.7626, 21.43875 ], [ -157.7626, 21.43877 ], [ -157.7626, 21.43878 ], [ -157.7626, 21.43879 ], [ -157.7626, 21.43881 ], [ -157.7626, 21.43882 ], [ -157.7626, 21.43884 ], [ -157.7626, 21.43885 ], [ -157.76259, 21.43887 ], [ -157.76258, 21.43888 ], [ -157.76257, 21.4389 ], [ -157.76257, 21.43891 ], [ -157.76256, 21.43893 ], [ -157.76255, 21.43894 ], [ -157.76255, 21.43895 ], [ -157.76254, 21.43897 ], [ -157.76253, 21.43899 ], [ -157.76253, 21.439 ], [ -157.76252, 21.43901 ], [ -157.76252, 21.43903 ], [ -157.76251, 21.43904 ], [ -157.7625, 21.43906 ], [ -157.76249, 21.43907 ], [ -157.76248, 21.43909 ], [ -157.76248, 21.4391 ], [ -157.76247, 21.43911 ], [ -157.76246, 21.43913 ], [ -157.76245, 21.43914 ], [ -157.76245, 21.43915 ], [ -157.76244, 21.43916 ], [ -157.76243, 21.43918 ], [ -157.76242, 21.43919 ], [ -157.76241, 21.4392 ], [ -157.76241, 21.43922 ], [ -157.7624, 21.43923 ], [ -157.76239, 21.43925 ], [ -157.76238, 21.43926 ], [ -157.76237, 21.43927 ], [ -157.76236, 21.43929 ], [ -157.76235, 21.4393 ], [ -157.76234, 21.43931 ], [ -157.76234, 21.43933 ], [ -157.76233, 21.43934 ], [ -157.76232, 21.43936 ], [ -157.76232, 21.43937 ], [ -157.76231, 21.43939 ], [ -157.7623, 21.4394 ], [ -157.76229, 21.43941 ], [ -157.76229, 21.43943 ], [ -157.76228, 21.43945 ], [ -157.76227, 21.43946 ], [ -157.76226, 21.43947 ], [ -157.76226, 21.43949 ], [ -157.76225, 21.4395 ], [ -157.76224, 21.43952 ], [ -157.76223, 21.43953 ], [ -157.76223, 21.43954 ], [ -157.76222, 21.43956 ], [ -157.76222, 21.43957 ], [ -157.76221, 21.43958 ], [ -157.76221, 21.4396 ], [ -157.7622, 21.43961 ], [ -157.76219, 21.43963 ], [ -157.76219, 21.43964 ], [ -157.76218, 21.43966 ], [ -157.76217, 21.43967 ], [ -157.76217, 21.43968 ], [ -157.76216, 21.4397 ], [ -157.76215, 21.43972 ], [ -157.76215, 21.43973 ], [ -157.76214, 21.43975 ], [ -157.76214, 21.43976 ], [ -157.76213, 21.43977 ], [ -157.76213, 21.43979 ], [ -157.76212, 21.43981 ], [ -157.76212, 21.43982 ], [ -157.76211, 21.43983 ], [ -157.76212, 21.43985 ], [ -157.76212, 21.43986 ], [ -157.76213, 21.43988 ], [ -157.76214, 21.43989 ], [ -157.76214, 21.4399 ], [ -157.76215, 21.43992 ], [ -157.76216, 21.43994 ], [ -157.76217, 21.43995 ], [ -157.76218, 21.43995 ], [ -157.76219, 21.43996 ], [ -157.76221, 21.43997 ], [ -157.76222, 21.43998 ], [ -157.76223, 21.43999 ], [ -157.76224, 21.44 ], [ -157.76225, 21.44001 ], [ -157.76227, 21.44001 ], [ -157.76228, 21.44002 ], [ -157.7623, 21.44003 ], [ -157.76231, 21.44004 ], [ -157.76233, 21.44004 ], [ -157.76234, 21.44005 ], [ -157.76235, 21.44005 ], [ -157.76237, 21.44006 ], [ -157.76238, 21.44007 ], [ -157.76239, 21.44007 ], [ -157.76241, 21.44007 ], [ -157.76242, 21.44007 ], [ -157.76243, 21.44007 ], [ -157.76245, 21.44007 ], [ -157.76247, 21.44007 ], [ -157.76248, 21.44007 ], [ -157.7625, 21.44006 ], [ -157.76252, 21.44005 ], [ -157.76253, 21.44005 ], [ -157.76254, 21.44004 ], [ -157.76255, 21.44004 ], [ -157.76256, 21.44003 ], [ -157.76257, 21.44002 ], [ -157.76258, 21.44001 ], [ -157.76259, 21.43999 ], [ -157.76259, 21.43998 ], [ -157.7626, 21.43996 ], [ -157.7626, 21.43994 ], [ -157.7626, 21.43993 ], [ -157.76261, 21.43992 ], [ -157.76262, 21.43991 ], [ -157.76263, 21.4399 ], [ -157.76264, 21.43989 ], [ -157.76265, 21.43988 ], [ -157.76266, 21.43987 ], [ -157.76267, 21.43986 ], [ -157.76268, 21.43985 ], [ -157.76269, 21.43985 ], [ -157.7627, 21.43983 ], [ -157.76271, 21.43982 ], [ -157.76272, 21.43981 ], [ -157.76272, 21.43981 ], [ -157.76273, 21.4398 ], [ -157.76274, 21.43978 ], [ -157.76275, 21.43977 ], [ -157.76276, 21.43977 ], [ -157.76277, 21.43975 ], [ -157.76278, 21.43974 ], [ -157.76279, 21.43973 ], [ -157.7628, 21.43972 ], [ -157.76281, 21.43971 ], [ -157.76281, 21.4397 ], [ -157.76282, 21.43969 ], [ -157.76283, 21.43968 ], [ -157.76284, 21.43966 ], [ -157.76285, 21.43965 ], [ -157.76286, 21.43963 ], [ -157.76286, 21.43962 ], [ -157.76287, 21.43961 ], [ -157.76288, 21.43959 ], [ -157.76289, 21.43958 ], [ -157.7629, 21.43957 ], [ -157.76291, 21.43955 ], [ -157.76292, 21.43954 ], [ -157.76293, 21.43952 ], [ -157.76294, 21.43951 ], [ -157.76295, 21.4395 ], [ -157.76296, 21.43949 ], [ -157.76296, 21.43947 ], [ -157.76297, 21.43945 ], [ -157.76298, 21.43944 ], [ -157.76299, 21.43943 ], [ -157.763, 21.43941 ], [ -157.763, 21.4394 ], [ -157.76301, 21.43939 ], [ -157.76302, 21.43937 ], [ -157.76303, 21.43936 ], [ -157.76303, 21.43934 ], [ -157.76304, 21.43933 ], [ -157.76305, 21.43932 ], [ -157.76306, 21.4393 ], [ -157.76307, 21.43928 ], [ -157.76307, 21.43927 ], [ -157.76308, 21.43926 ], [ -157.76309, 21.43924 ], [ -157.7631, 21.43923 ], [ -157.76311, 21.43922 ], [ -157.76311, 21.4392 ], [ -157.76312, 21.43919 ], [ -157.76313, 21.43918 ], [ -157.76314, 21.43916 ], [ -157.76315, 21.43915 ], [ -157.76316, 21.43914 ], [ -157.76317, 21.43912 ], [ -157.76317, 21.43911 ], [ -157.76318, 21.4391 ], [ -157.76319, 21.43908 ], [ -157.7632, 21.43906 ], [ -157.76321, 21.43905 ], [ -157.76322, 21.43904 ], [ -157.76323, 21.43903 ], [ -157.76323, 21.43902 ], [ -157.76325, 21.43901 ], [ -157.76325, 21.43899 ], [ -157.76326, 21.43898 ], [ -157.76327, 21.43897 ], [ -157.76328, 21.43896 ], [ -157.76329, 21.43894 ], [ -157.76329, 21.43893 ], [ -157.7633, 21.43892 ], [ -157.76331, 21.4389 ], [ -157.76332, 21.43889 ], [ -157.76333, 21.43887 ], [ -157.76333, 21.43886 ], [ -157.76334, 21.43885 ], [ -157.76335, 21.43883 ], [ -157.76336, 21.43882 ], [ -157.76337, 21.4388 ], [ -157.76338, 21.43879 ], [ -157.76338, 21.43878 ], [ -157.76339, 21.43876 ], [ -157.7634, 21.43875 ], [ -157.76341, 21.43874 ], [ -157.76342, 21.43871 ], [ -157.76343, 21.4387 ], [ -157.76344, 21.43869 ], [ -157.76344, 21.43867 ], [ -157.76345, 21.43866 ], [ -157.76346, 21.43864 ], [ -157.76347, 21.43863 ], [ -157.76348, 21.43861 ], [ -157.76348, 21.4386 ], [ -157.76349, 21.43859 ], [ -157.7635, 21.43857 ], [ -157.7635, 21.43856 ], [ -157.76351, 21.43855 ], [ -157.76352, 21.43853 ], [ -157.76353, 21.43852 ], [ -157.76354, 21.4385 ], [ -157.76355, 21.43849 ], [ -157.76355, 21.43847 ], [ -157.76356, 21.43846 ], [ -157.76357, 21.43844 ], [ -157.76358, 21.43843 ], [ -157.76359, 21.43842 ], [ -157.76359, 21.4384 ], [ -157.7636, 21.43838 ], [ -157.7636, 21.43837 ], [ -157.76361, 21.43836 ], [ -157.76361, 21.43834 ], [ -157.76362, 21.43833 ], [ -157.76362, 21.43831 ], [ -157.76363, 21.43829 ], [ -157.76363, 21.43828 ], [ -157.76364, 21.43827 ], [ -157.76365, 21.43825 ], [ -157.76366, 21.43824 ], [ -157.76367, 21.43823 ], [ -157.76368, 21.43821 ], [ -157.76369, 21.4382 ], [ -157.7637, 21.43819 ], [ -157.76371, 21.43817 ], [ -157.76372, 21.43816 ], [ -157.76373, 21.43815 ], [ -157.76374, 21.43813 ], [ -157.76375, 21.43812 ], [ -157.76376, 21.43811 ], [ -157.76377, 21.4381 ], [ -157.76379, 21.43809 ], [ -157.7638, 21.43808 ], [ -157.76382, 21.43807 ], [ -157.76383, 21.43807 ], [ -157.76385, 21.43806 ], [ -157.76386, 21.43806 ], [ -157.76388, 21.43805 ], [ -157.76389, 21.43805 ], [ -157.76391, 21.43804 ], [ -157.76393, 21.43804 ], [ -157.76394, 21.43804 ], [ -157.76396, 21.43805 ], [ -157.76397, 21.43805 ], [ -157.76399, 21.43806 ], [ -157.764, 21.43807 ], [ -157.76402, 21.43808 ], [ -157.76404, 21.43808 ], [ -157.76405, 21.43809 ], [ -157.76407, 21.43809 ], [ -157.76408, 21.4381 ], [ -157.7641, 21.43811 ], [ -157.76411, 21.43812 ], [ -157.76413, 21.43812 ], [ -157.76414, 21.43813 ], [ -157.76415, 21.43814 ], [ -157.76417, 21.43815 ], [ -157.76418, 21.43817 ], [ -157.76419, 21.43818 ], [ -157.7642, 21.43819 ], [ -157.76421, 21.4382 ], [ -157.76423, 21.43821 ], [ -157.76424, 21.43822 ], [ -157.76425, 21.43823 ], [ -157.76425, 21.43824 ], [ -157.76426, 21.43825 ], [ -157.76427, 21.43827 ], [ -157.76428, 21.43829 ], [ -157.76428, 21.4383 ], [ -157.76429, 21.43831 ], [ -157.7643, 21.43833 ], [ -157.76431, 21.43834 ], [ -157.76432, 21.43835 ], [ -157.76433, 21.43835 ], [ -157.76434, 21.43834 ], [ -157.76435, 21.43833 ], [ -157.76436, 21.43832 ], [ -157.76438, 21.43831 ], [ -157.76439, 21.4383 ], [ -157.76441, 21.4383 ], [ -157.76442, 21.43829 ], [ -157.76443, 21.43828 ], [ -157.76445, 21.43826 ], [ -157.76446, 21.43826 ], [ -157.76447, 21.43825 ], [ -157.76449, 21.43824 ], [ -157.7645, 21.43823 ], [ -157.76451, 21.43822 ], [ -157.76453, 21.43821 ], [ -157.76454, 21.4382 ], [ -157.76455, 21.43819 ], [ -157.76457, 21.43818 ], [ -157.76458, 21.43817 ], [ -157.7646, 21.43816 ], [ -157.76461, 21.43815 ], [ -157.76462, 21.43814 ], [ -157.76463, 21.43813 ], [ -157.76464, 21.43813 ], [ -157.76466, 21.43812 ], [ -157.76467, 21.43811 ], [ -157.76468, 21.4381 ], [ -157.7647, 21.43809 ], [ -157.76471, 21.43808 ], [ -157.76473, 21.43807 ], [ -157.76474, 21.43806 ], [ -157.76475, 21.43805 ], [ -157.76477, 21.43804 ], [ -157.76478, 21.43803 ], [ -157.76479, 21.43802 ], [ -157.76481, 21.43801 ], [ -157.76482, 21.438 ], [ -157.76483, 21.43799 ], [ -157.76485, 21.43798 ], [ -157.76486, 21.43797 ], [ -157.76487, 21.43796 ], [ -157.76489, 21.43796 ], [ -157.7649, 21.43795 ], [ -157.76492, 21.43793 ], [ -157.76493, 21.43792 ], [ -157.76494, 21.43792 ], [ -157.76496, 21.43791 ], [ -157.76497, 21.4379 ], [ -157.76498, 21.43789 ], [ -157.765, 21.43788 ], [ -157.76501, 21.43787 ], [ -157.76503, 21.43786 ], [ -157.76504, 21.43785 ], [ -157.76505, 21.43784 ], [ -157.76507, 21.43783 ], [ -157.76508, 21.43782 ], [ -157.76509, 21.43781 ], [ -157.76511, 21.4378 ], [ -157.76512, 21.43779 ], [ -157.76513, 21.43778 ], [ -157.76515, 21.43777 ], [ -157.76516, 21.43776 ], [ -157.76517, 21.43775 ], [ -157.76519, 21.43775 ], [ -157.7652, 21.43774 ], [ -157.76521, 21.43773 ], [ -157.76522, 21.43772 ], [ -157.76524, 21.43771 ], [ -157.76525, 21.4377 ], [ -157.76526, 21.43769 ], [ -157.76528, 21.43768 ], [ -157.76529, 21.43767 ], [ -157.7653, 21.43766 ], [ -157.76532, 21.43765 ], [ -157.76533, 21.43764 ], [ -157.76534, 21.43763 ], [ -157.76536, 21.43763 ], [ -157.76537, 21.43762 ], [ -157.76539, 21.43763 ], [ -157.76539, 21.43764 ], [ -157.7654, 21.43765 ], [ -157.7654, 21.43767 ], [ -157.76541, 21.43768 ], [ -157.76542, 21.4377 ], [ -157.76542, 21.43771 ], [ -157.76541, 21.43772 ], [ -157.76539, 21.43773 ], [ -157.76538, 21.43774 ], [ -157.76537, 21.43775 ], [ -157.76535, 21.43776 ], [ -157.76534, 21.43777 ], [ -157.76533, 21.43778 ], [ -157.76531, 21.43779 ], [ -157.7653, 21.4378 ], [ -157.76529, 21.43781 ], [ -157.76527, 21.43782 ], [ -157.76526, 21.43783 ], [ -157.76524, 21.43784 ], [ -157.76523, 21.43785 ], [ -157.76522, 21.43785 ], [ -157.7652, 21.43787 ], [ -157.76519, 21.43788 ], [ -157.76518, 21.43789 ], [ -157.76516, 21.43789 ], [ -157.76515, 21.4379 ], [ -157.76513, 21.43791 ], [ -157.76512, 21.43792 ], [ -157.76511, 21.43793 ], [ -157.76509, 21.43794 ], [ -157.76508, 21.43795 ], [ -157.76507, 21.43796 ], [ -157.76505, 21.43797 ], [ -157.76504, 21.43798 ], [ -157.76503, 21.43799 ], [ -157.76501, 21.438 ], [ -157.765, 21.43801 ], [ -157.76498, 21.43802 ], [ -157.76497, 21.43803 ], [ -157.76496, 21.43804 ], [ -157.76494, 21.43805 ], [ -157.76493, 21.43806 ], [ -157.76492, 21.43806 ], [ -157.7649, 21.43807 ], [ -157.76489, 21.43809 ], [ -157.76488, 21.4381 ], [ -157.76486, 21.4381 ], [ -157.76485, 21.43811 ], [ -157.76483, 21.43812 ], [ -157.76482, 21.43813 ], [ -157.76481, 21.43814 ], [ -157.76479, 21.43815 ], [ -157.76479, 21.43816 ], [ -157.76477, 21.43817 ], [ -157.76476, 21.43818 ], [ -157.76474, 21.43819 ], [ -157.76473, 21.43819 ], [ -157.76472, 21.4382 ], [ -157.7647, 21.43821 ], [ -157.76469, 21.43822 ], [ -157.76468, 21.43823 ], [ -157.76466, 21.43824 ], [ -157.76465, 21.43825 ], [ -157.76463, 21.43826 ], [ -157.76462, 21.43827 ], [ -157.76461, 21.43828 ], [ -157.76459, 21.43829 ], [ -157.76458, 21.4383 ], [ -157.76457, 21.43831 ], [ -157.76455, 21.43832 ], [ -157.76454, 21.43833 ], [ -157.76453, 21.43834 ], [ -157.76451, 21.43835 ], [ -157.7645, 21.43836 ], [ -157.76448, 21.43836 ], [ -157.76447, 21.43838 ], [ -157.76446, 21.43839 ], [ -157.76444, 21.4384 ], [ -157.76443, 21.4384 ], [ -157.76442, 21.43841 ], [ -157.7644, 21.43842 ], [ -157.76439, 21.43843 ], [ -157.76438, 21.43844 ], [ -157.76436, 21.43845 ], [ -157.76433, 21.43847 ], [ -157.76434, 21.43849 ], [ -157.76445, 21.43863 ], [ -157.76452, 21.43871 ], [ -157.76461, 21.43878 ], [ -157.76472, 21.43886 ], [ -157.76482, 21.43899 ], [ -157.76494, 21.43915 ], [ -157.76501, 21.43925 ], [ -157.7652, 21.43934 ], [ -157.7654, 21.43947 ], [ -157.76559, 21.43958 ], [ -157.76584, 21.43973 ], [ -157.76605, 21.43983 ], [ -157.76631, 21.43995 ], [ -157.76652, 21.44004 ], [ -157.76669, 21.44012 ], [ -157.76691, 21.44023 ], [ -157.76708, 21.44031 ], [ -157.76726, 21.4404 ], [ -157.76755, 21.44048 ], [ -157.76778, 21.44058 ], [ -157.76794, 21.44067 ], [ -157.76812, 21.44077 ], [ -157.76821, 21.44081 ], [ -157.76863, 21.44099 ], [ -157.76901, 21.44118 ], [ -157.76948, 21.4414 ], [ -157.77051, 21.44187 ], [ -157.77115, 21.44217 ], [ -157.77159, 21.44238 ], [ -157.7718, 21.44246 ], [ -157.77198, 21.44253 ], [ -157.77205, 21.44257 ], [ -157.77225, 21.44267 ], [ -157.7724, 21.44264 ], [ -157.7726, 21.44267 ], [ -157.77284, 21.44272 ], [ -157.77309, 21.44282 ], [ -157.77444, 21.44302 ], [ -157.77527, 21.44315 ], [ -157.77677, 21.44336 ], [ -157.77689, 21.44345 ], [ -157.77702, 21.44359 ], [ -157.77716, 21.44376 ], [ -157.77725, 21.44395 ], [ -157.77741, 21.44419 ], [ -157.77759, 21.44448 ], [ -157.77775, 21.44475 ], [ -157.77788, 21.44503 ], [ -157.77806, 21.44534 ], [ -157.77836, 21.44574 ], [ -157.77846, 21.44582 ], [ -157.77855, 21.44598 ], [ -157.77857, 21.44615 ], [ -157.77855, 21.44625 ], [ -157.77855, 21.44643 ], [ -157.77847, 21.44659 ], [ -157.77833, 21.44679 ], [ -157.77824, 21.44694 ], [ -157.77804, 21.44717 ], [ -157.7777, 21.4475 ], [ -157.77754, 21.44767 ], [ -157.77735, 21.44783 ], [ -157.77715, 21.44798 ], [ -157.77694, 21.44814 ], [ -157.77676, 21.44837 ], [ -157.77671, 21.44849 ], [ -157.7767, 21.44864 ], [ -157.77668, 21.44881 ], [ -157.77665, 21.44888 ], [ -157.77659, 21.44898 ], [ -157.77656, 21.44907 ], [ -157.77654, 21.44918 ], [ -157.77655, 21.44946 ], [ -157.77655, 21.44948 ], [ -157.77656, 21.44949 ], [ -157.7766, 21.44956 ], [ -157.77679, 21.44969 ], [ -157.77727, 21.45002 ], [ -157.77741, 21.45015 ], [ -157.7775, 21.45025 ], [ -157.77755, 21.45036 ], [ -157.77759, 21.45046 ], [ -157.77761, 21.45064 ], [ -157.77761, 21.45083 ], [ -157.77758, 21.451 ], [ -157.77751, 21.45121 ], [ -157.77745, 21.45135 ], [ -157.77739, 21.45155 ], [ -157.77733, 21.45171 ], [ -157.77726, 21.45185 ], [ -157.77714, 21.45198 ], [ -157.77703, 21.45212 ], [ -157.77688, 21.45231 ], [ -157.77668, 21.45248 ], [ -157.77642, 21.45266 ], [ -157.77615, 21.45286 ], [ -157.77596, 21.45298 ], [ -157.77559, 21.45314 ], [ -157.77446, 21.4536 ], [ -157.77431, 21.45367 ], [ -157.77415, 21.45387 ], [ -157.77403, 21.4542 ], [ -157.7739, 21.45468 ], [ -157.77372, 21.45513 ], [ -157.7732, 21.45652 ], [ -157.77307, 21.45688 ], [ -157.773, 21.4571 ], [ -157.77296, 21.45721 ], [ -157.77287, 21.45728 ], [ -157.7727, 21.45729 ], [ -157.77254, 21.45729 ], [ -157.77238, 21.45722 ], [ -157.77226, 21.45716 ], [ -157.77161, 21.45704 ], [ -157.77118, 21.45698 ], [ -157.77056, 21.45683 ], [ -157.76992, 21.45669 ], [ -157.76946, 21.45659 ], [ -157.76909, 21.4565 ], [ -157.76878, 21.45643 ], [ -157.76855, 21.45642 ], [ -157.7684, 21.45641 ], [ -157.76825, 21.45645 ], [ -157.76818, 21.45652 ], [ -157.76809, 21.45662 ], [ -157.76804, 21.45675 ], [ -157.76799, 21.45701 ], [ -157.7679, 21.45733 ], [ -157.76785, 21.45758 ], [ -157.76783, 21.4578 ], [ -157.76768, 21.45797 ], [ -157.76752, 21.45812 ], [ -157.76733, 21.45824 ], [ -157.76715, 21.45836 ], [ -157.76694, 21.45845 ], [ -157.76671, 21.45854 ], [ -157.76655, 21.45858 ], [ -157.76647, 21.45864 ], [ -157.76643, 21.45868 ], [ -157.76642, 21.45873 ], [ -157.76645, 21.45879 ], [ -157.76655, 21.45886 ], [ -157.76661, 21.45894 ], [ -157.76667, 21.45907 ], [ -157.76661, 21.45919 ], [ -157.76656, 21.45924 ], [ -157.76647, 21.45929 ], [ -157.76632, 21.45933 ], [ -157.76622, 21.45938 ], [ -157.76612, 21.45945 ], [ -157.76606, 21.45956 ], [ -157.76607, 21.45967 ], [ -157.76607, 21.45978 ], [ -157.76603, 21.45992 ], [ -157.76597, 21.46012 ], [ -157.76592, 21.46022 ], [ -157.76584, 21.46035 ], [ -157.76584, 21.46044 ], [ -157.76587, 21.46057 ], [ -157.76587, 21.46064 ], [ -157.76583, 21.46071 ], [ -157.76577, 21.46087 ], [ -157.76575, 21.461 ], [ -157.76568, 21.46116 ], [ -157.76562, 21.46125 ], [ -157.76555, 21.46132 ], [ -157.76544, 21.46148 ], [ -157.76531, 21.46165 ], [ -157.76525, 21.46175 ], [ -157.7652, 21.46181 ], [ -157.76514, 21.46182 ], [ -157.76504, 21.46185 ], [ -157.76494, 21.4619 ], [ -157.7648, 21.46198 ], [ -157.76468, 21.46213 ], [ -157.76455, 21.46229 ], [ -157.76448, 21.46236 ], [ -157.76434, 21.4624 ], [ -157.76419, 21.46243 ], [ -157.76404, 21.46246 ], [ -157.76394, 21.46253 ], [ -157.76387, 21.4626 ], [ -157.76373, 21.46266 ], [ -157.7636, 21.46279 ], [ -157.76353, 21.46287 ], [ -157.76343, 21.46287 ], [ -157.76334, 21.46287 ], [ -157.76329, 21.46287 ], [ -157.76321, 21.46283 ], [ -157.76311, 21.46268 ], [ -157.763, 21.46253 ], [ -157.76293, 21.46235 ], [ -157.76291, 21.46226 ], [ -157.76296, 21.46218 ], [ -157.76303, 21.46214 ], [ -157.76307, 21.46203 ], [ -157.76311, 21.46195 ], [ -157.76318, 21.4619 ], [ -157.76325, 21.46188 ], [ -157.76335, 21.46182 ], [ -157.76349, 21.46177 ], [ -157.76358, 21.46167 ], [ -157.7637, 21.46148 ], [ -157.7638, 21.46127 ], [ -157.76383, 21.46109 ], [ -157.76383, 21.46089 ], [ -157.7638, 21.46066 ], [ -157.76374, 21.46047 ], [ -157.76368, 21.46033 ], [ -157.76362, 21.46021 ], [ -157.7635, 21.46004 ], [ -157.76338, 21.45988 ], [ -157.76323, 21.45973 ], [ -157.76309, 21.45961 ], [ -157.76293, 21.45944 ], [ -157.76276, 21.45935 ], [ -157.76258, 21.45926 ], [ -157.7624, 21.45921 ], [ -157.76221, 21.4591 ], [ -157.76193, 21.45897 ], [ -157.76175, 21.45883 ], [ -157.76157, 21.45872 ], [ -157.76136, 21.45863 ], [ -157.76107, 21.45851 ], [ -157.76079, 21.45838 ], [ -157.76042, 21.45821 ], [ -157.76007, 21.4581 ], [ -157.75985, 21.45803 ], [ -157.75965, 21.45799 ], [ -157.75947, 21.45801 ], [ -157.75932, 21.45803 ], [ -157.75918, 21.45801 ], [ -157.75907, 21.45798 ], [ -157.75894, 21.45795 ], [ -157.75885, 21.45792 ], [ -157.75875, 21.45785 ], [ -157.75868, 21.45779 ], [ -157.75858, 21.45772 ], [ -157.7585, 21.45765 ], [ -157.75836, 21.45758 ], [ -157.75812, 21.45747 ], [ -157.75784, 21.45739 ], [ -157.7576, 21.45728 ], [ -157.75726, 21.45718 ], [ -157.75695, 21.45709 ], [ -157.75634, 21.45692 ], [ -157.75604, 21.45688 ], [ -157.75585, 21.45683 ], [ -157.75561, 21.45677 ], [ -157.75545, 21.4567 ], [ -157.75542, 21.45669 ], [ -157.75525, 21.45666 ], [ -157.75505, 21.45664 ], [ -157.75486, 21.45666 ], [ -157.75467, 21.45663 ], [ -157.75452, 21.45664 ], [ -157.75445, 21.45659 ], [ -157.75438, 21.45652 ], [ -157.75433, 21.45649 ], [ -157.75426, 21.45644 ], [ -157.75415, 21.45638 ], [ -157.75412, 21.45635 ], [ -157.75409, 21.45634 ], [ -157.75405, 21.45632 ], [ -157.75401, 21.45631 ], [ -157.75395, 21.45632 ], [ -157.75388, 21.45632 ], [ -157.75384, 21.45633 ], [ -157.75379, 21.45634 ], [ -157.75377, 21.45633 ], [ -157.75373, 21.45633 ], [ -157.75369, 21.45629 ], [ -157.75366, 21.45626 ], [ -157.75362, 21.45622 ], [ -157.75358, 21.45623 ], [ -157.75352, 21.45624 ], [ -157.75342, 21.45625 ], [ -157.75335, 21.45629 ], [ -157.75329, 21.45631 ], [ -157.75324, 21.45631 ], [ -157.75319, 21.45632 ], [ -157.75315, 21.45632 ], [ -157.75308, 21.45629 ], [ -157.75305, 21.45627 ], [ -157.75302, 21.45623 ], [ -157.75298, 21.45621 ], [ -157.75294, 21.45623 ], [ -157.75289, 21.45624 ], [ -157.75287, 21.45626 ], [ -157.75284, 21.45625 ], [ -157.75281, 21.45622 ], [ -157.75279, 21.45616 ], [ -157.75273, 21.45608 ], [ -157.75268, 21.456 ], [ -157.75264, 21.45596 ], [ -157.75256, 21.45585 ], [ -157.75239, 21.45577 ], [ -157.75226, 21.45568 ], [ -157.75208, 21.45562 ], [ -157.75181, 21.45552 ], [ -157.75156, 21.45546 ], [ -157.75139, 21.45545 ], [ -157.75125, 21.45541 ], [ -157.75107, 21.45537 ], [ -157.75088, 21.45534 ], [ -157.75073, 21.45533 ], [ -157.75062, 21.45531 ], [ -157.75046, 21.45524 ], [ -157.75026, 21.4551 ], [ -157.75005, 21.45495 ], [ -157.74975, 21.45479 ], [ -157.74958, 21.45468 ], [ -157.74938, 21.45458 ], [ -157.74915, 21.4545 ], [ -157.74891, 21.45448 ], [ -157.74875, 21.45445 ], [ -157.74858, 21.4544 ], [ -157.74835, 21.45431 ], [ -157.74814, 21.45424 ], [ -157.74799, 21.45418 ], [ -157.74782, 21.45415 ], [ -157.74759, 21.45408 ], [ -157.74741, 21.45402 ], [ -157.74723, 21.45395 ], [ -157.74708, 21.45392 ], [ -157.74688, 21.45385 ], [ -157.74674, 21.45383 ], [ -157.74659, 21.45382 ], [ -157.74638, 21.45382 ], [ -157.74627, 21.45383 ], [ -157.74608, 21.45383 ], [ -157.74589, 21.45382 ], [ -157.74573, 21.45381 ], [ -157.74562, 21.45381 ], [ -157.74545, 21.45379 ], [ -157.74535, 21.45378 ], [ -157.74516, 21.45376 ], [ -157.74506, 21.45376 ], [ -157.74493, 21.45377 ], [ -157.74481, 21.45376 ], [ -157.74468, 21.45374 ], [ -157.7445, 21.45372 ], [ -157.74434, 21.45371 ], [ -157.74407, 21.45369 ], [ -157.74392, 21.45369 ], [ -157.74374, 21.45367 ], [ -157.74352, 21.45366 ], [ -157.74339, 21.45361 ], [ -157.74325, 21.45358 ], [ -157.74312, 21.45355 ], [ -157.74302, 21.45354 ], [ -157.74286, 21.45352 ], [ -157.74268, 21.45353 ], [ -157.74254, 21.45357 ], [ -157.74234, 21.45365 ], [ -157.74218, 21.4537 ], [ -157.74202, 21.4537 ], [ -157.74287, 21.44612 ], [ -157.74459, 21.43836 ], [ -157.74528, 21.42959 ], [ -157.74528, 21.41733 ], [ -157.74345, 21.40628 ], [ -157.73987, 21.39637 ], [ -157.73255, 21.38392 ], [ -157.72108, 21.36931 ], [ -157.71383, 21.36027 ], [ -157.70692, 21.35338 ], [ -157.70679, 21.35311 ], [ -157.70679, 21.35306 ], [ -157.70677, 21.35305 ], [ -157.70676, 21.35299 ], [ -157.70673, 21.35292 ], [ -157.7067, 21.35283 ], [ -157.70669, 21.35281 ], [ -157.70666, 21.35265 ], [ -157.70659, 21.3525 ], [ -157.70638, 21.35222 ], [ -157.70618, 21.35187 ], [ -157.70614, 21.35177 ], [ -157.7061, 21.3517 ], [ -157.70608, 21.35165 ], [ -157.70608, 21.35163 ], [ -157.70606, 21.35162 ], [ -157.70602, 21.35155 ], [ -157.706, 21.3515 ], [ -157.70597, 21.35145 ], [ -157.70595, 21.35137 ], [ -157.70584, 21.35119 ], [ -157.70583, 21.35117 ], [ -157.70582, 21.35116 ], [ -157.70581, 21.35107 ], [ -157.70574, 21.35096 ], [ -157.70569, 21.3509 ], [ -157.70562, 21.35088 ], [ -157.70557, 21.35093 ], [ -157.7055, 21.35093 ], [ -157.70541, 21.35099 ], [ -157.70534, 21.35084 ], [ -157.70532, 21.35085 ], [ -157.70526, 21.35086 ], [ -157.70524, 21.35084 ], [ -157.70521, 21.35066 ], [ -157.70516, 21.35057 ], [ -157.70513, 21.35046 ], [ -157.70514, 21.35043 ], [ -157.70519, 21.35041 ], [ -157.70521, 21.35042 ], [ -157.70529, 21.35044 ], [ -157.70535, 21.35046 ], [ -157.7054, 21.35044 ], [ -157.70542, 21.35041 ], [ -157.70542, 21.35031 ], [ -157.7054, 21.35018 ], [ -157.70535, 21.35002 ], [ -157.70531, 21.3499 ], [ -157.70527, 21.34981 ], [ -157.70511, 21.34951 ], [ -157.70507, 21.3494 ], [ -157.70507, 21.34937 ], [ -157.70502, 21.34926 ], [ -157.70501, 21.34921 ], [ -157.70498, 21.34917 ], [ -157.70493, 21.349 ], [ -157.70489, 21.34893 ], [ -157.70487, 21.34884 ], [ -157.70471, 21.34858 ], [ -157.70442, 21.34817 ], [ -157.70437, 21.34807 ], [ -157.70424, 21.34789 ], [ -157.70411, 21.34767 ], [ -157.70393, 21.34748 ], [ -157.70388, 21.34739 ], [ -157.70384, 21.34729 ], [ -157.70382, 21.34726 ], [ -157.70373, 21.34711 ], [ -157.70372, 21.34709 ], [ -157.70357, 21.34687 ], [ -157.70323, 21.34658 ], [ -157.70309, 21.34639 ], [ -157.70276, 21.34601 ], [ -157.70269, 21.34591 ], [ -157.70245, 21.34573 ], [ -157.70228, 21.34557 ], [ -157.70223, 21.34554 ], [ -157.70211, 21.34539 ], [ -157.70183, 21.34507 ], [ -157.7018, 21.34502 ], [ -157.7017, 21.34488 ], [ -157.70162, 21.34476 ], [ -157.70146, 21.34453 ], [ -157.70144, 21.34448 ], [ -157.70135, 21.34437 ], [ -157.7012, 21.34409 ], [ -157.70121, 21.34406 ], [ -157.70119, 21.34406 ], [ -157.70117, 21.34402 ], [ -157.70104, 21.3439 ], [ -157.70102, 21.34384 ], [ -157.70086, 21.34362 ], [ -157.70083, 21.34357 ], [ -157.7008, 21.34354 ], [ -157.70059, 21.34312 ], [ -157.70056, 21.3431 ], [ -157.70053, 21.34302 ], [ -157.70019, 21.34257 ], [ -157.70019, 21.34256 ], [ -157.70006, 21.34237 ], [ -157.70002, 21.34229 ], [ -157.69984, 21.34209 ], [ -157.6998, 21.342 ], [ -157.6997, 21.34194 ], [ -157.69955, 21.34178 ], [ -157.69943, 21.34153 ], [ -157.69939, 21.34142 ], [ -157.69937, 21.3414 ], [ -157.69929, 21.34126 ], [ -157.69911, 21.34099 ], [ -157.69901, 21.34088 ], [ -157.69901, 21.34087 ], [ -157.69894, 21.34078 ], [ -157.69869, 21.34043 ], [ -157.69851, 21.34015 ], [ -157.69848, 21.34001 ], [ -157.69838, 21.33988 ], [ -157.69834, 21.33979 ], [ -157.69823, 21.33966 ], [ -157.69813, 21.33948 ], [ -157.6981, 21.33945 ], [ -157.69795, 21.33924 ], [ -157.69791, 21.33915 ], [ -157.69788, 21.33912 ], [ -157.69787, 21.33909 ], [ -157.69778, 21.33896 ], [ -157.69768, 21.33878 ], [ -157.69767, 21.33873 ], [ -157.69767, 21.33871 ], [ -157.69765, 21.33868 ], [ -157.69766, 21.33865 ], [ -157.69759, 21.3386 ], [ -157.69754, 21.33854 ], [ -157.69751, 21.33847 ], [ -157.69749, 21.33845 ], [ -157.6974, 21.33829 ], [ -157.6974, 21.33827 ], [ -157.69734, 21.33816 ], [ -157.6973, 21.33802 ], [ -157.69717, 21.33776 ], [ -157.69711, 21.33768 ], [ -157.69702, 21.33749 ], [ -157.69694, 21.33735 ], [ -157.69672, 21.33698 ], [ -157.69666, 21.33688 ], [ -157.69666, 21.33686 ], [ -157.69647, 21.33652 ], [ -157.69605, 21.33596 ], [ -157.69585, 21.33579 ], [ -157.69579, 21.33571 ], [ -157.69574, 21.33563 ], [ -157.69572, 21.33559 ], [ -157.6957, 21.33557 ], [ -157.69565, 21.33546 ], [ -157.69564, 21.33543 ], [ -157.69547, 21.33517 ], [ -157.69547, 21.33515 ], [ -157.69538, 21.33507 ], [ -157.69525, 21.33488 ], [ -157.69512, 21.33469 ], [ -157.69503, 21.3346 ], [ -157.69476, 21.33411 ], [ -157.69476, 21.33409 ], [ -157.69472, 21.33407 ], [ -157.69467, 21.33396 ], [ -157.69459, 21.33384 ], [ -157.69459, 21.33381 ], [ -157.69456, 21.33379 ], [ -157.6945, 21.33368 ], [ -157.69449, 21.33363 ], [ -157.69446, 21.33359 ], [ -157.69443, 21.33351 ], [ -157.69439, 21.33345 ], [ -157.69411, 21.33314 ], [ -157.69411, 21.33312 ], [ -157.69408, 21.33307 ], [ -157.69405, 21.33302 ], [ -157.69361, 21.33246 ], [ -157.69329, 21.3321 ], [ -157.69278, 21.33161 ], [ -157.69264, 21.33142 ], [ -157.69228, 21.33107 ], [ -157.69221, 21.33101 ], [ -157.69194, 21.33077 ], [ -157.69174, 21.33059 ], [ -157.69157, 21.33046 ], [ -157.69133, 21.33024 ], [ -157.6913, 21.33022 ], [ -157.69104, 21.32997 ], [ -157.69047, 21.32963 ], [ -157.69012, 21.32945 ], [ -157.68965, 21.32907 ], [ -157.68949, 21.32897 ], [ -157.68925, 21.32885 ], [ -157.6889, 21.32868 ], [ -157.68829, 21.32833 ], [ -157.68801, 21.32824 ], [ -157.68779, 21.32814 ], [ -157.68677, 21.32769 ], [ -157.6861, 21.32736 ], [ -157.68598, 21.32731 ], [ -157.68485, 21.32679 ], [ -157.68437, 21.3266 ], [ -157.68433, 21.32656 ], [ -157.68419, 21.32643 ], [ -157.68408, 21.32647 ], [ -157.68376, 21.32647 ], [ -157.6833, 21.32636 ], [ -157.68203, 21.32578 ], [ -157.68191, 21.32588 ], [ -157.68184, 21.32592 ], [ -157.68172, 21.32595 ], [ -157.68164, 21.32589 ], [ -157.68134, 21.32573 ], [ -157.68117, 21.32569 ], [ -157.68099, 21.32563 ], [ -157.68053, 21.32547 ], [ -157.67963, 21.32528 ], [ -157.67938, 21.32522 ], [ -157.6791, 21.32501 ], [ -157.67857, 21.3246 ], [ -157.67836, 21.32449 ], [ -157.67805, 21.32445 ], [ -157.6778, 21.32439 ], [ -157.67759, 21.32428 ], [ -157.67745, 21.32418 ], [ -157.67707, 21.32374 ], [ -157.67692, 21.32355 ], [ -157.67659, 21.32322 ], [ -157.67636, 21.3231 ], [ -157.67592, 21.32292 ], [ -157.67584, 21.32288 ], [ -157.67563, 21.32279 ], [ -157.6753, 21.3227 ], [ -157.67508, 21.32264 ], [ -157.67471, 21.32245 ], [ -157.67412, 21.32217 ], [ -157.67365, 21.32193 ], [ -157.6733, 21.32162 ], [ -157.67272, 21.32136 ], [ -157.67245, 21.32115 ], [ -157.67231, 21.32106 ], [ -157.67215, 21.32089 ], [ -157.672, 21.32065 ], [ -157.67194, 21.32052 ], [ -157.67192, 21.32049 ], [ -157.67191, 21.32043 ], [ -157.67185, 21.32031 ], [ -157.67164, 21.32008 ], [ -157.67123, 21.31968 ], [ -157.67103, 21.31945 ], [ -157.67088, 21.31934 ], [ -157.67036, 21.31899 ], [ -157.67017, 21.31889 ], [ -157.66993, 21.31878 ], [ -157.66981, 21.31868 ], [ -157.66975, 21.31862 ], [ -157.66944, 21.31835 ], [ -157.66915, 21.31806 ], [ -157.66887, 21.31766 ], [ -157.66869, 21.31748 ], [ -157.66868, 21.31744 ], [ -157.66862, 21.31736 ], [ -157.66851, 21.31725 ], [ -157.66845, 21.31718 ], [ -157.66832, 21.31704 ], [ -157.6681, 21.3169 ], [ -157.66797, 21.31681 ], [ -157.6676, 21.31655 ], [ -157.66721, 21.31636 ], [ -157.67073, 21.31456 ], [ -157.67577, 21.31239 ], [ -157.68214, 21.31204 ], [ -157.69262, 21.31147 ], [ -157.70161, 21.31231 ], [ -157.71232, 21.3127 ], [ -157.72418, 21.31243 ], [ -157.73945, 21.31228 ], [ -157.75441, 21.31173 ], [ -157.76991, 21.3126 ], [ -157.78662, 21.31546 ], [ -157.7983, 21.31831 ], [ -157.81266, 21.32183 ], [ -157.82258, 21.32644 ], [ -157.83362, 21.3332 ], [ -157.84217, 21.34008 ], [ -157.85022, 21.34598 ], [ -157.85762, 21.35302 ], [ -157.86761, 21.35801 ], [ -157.88074, 21.3665 ], [ -157.88742, 21.37387 ], [ -157.89185, 21.38559 ], [ -157.89685, 21.40121 ], [ -157.90402, 21.41828 ], [ -157.91216, 21.42864 ], [ -157.91831, 21.43239 ], [ -157.92501, 21.43369 ], [ -157.9307, 21.43244 ], [ -157.93885, 21.43214 ], [ -157.94762, 21.4343 ], [ -157.95506, 21.44045 ], [ -157.96024, 21.446 ], [ -157.96423, 21.45296 ], [ -157.96725, 21.46606 ], [ -157.96966, 21.48484 ], [ -157.9721, 21.51566 ], [ -157.97398, 21.53206 ], [ -157.98054, 21.5492 ], [ -157.98263, 21.55258 ], [ -157.99238, 21.56207 ], [ -157.9998, 21.57062 ], [ -158.00484, 21.5797 ], [ -158.00845, 21.59096 ], [ -158.01052, 21.60079 ], [ -158.01239, 21.60803 ], [ -158.01153, 21.61747 ], [ -158.00785, 21.62938 ], [ -158.00382, 21.63943 ], [ -157.99885, 21.64416 ], [ -157.9919, 21.64727 ], [ -157.98415, 21.64845 ], [ -157.97531, 21.64842 ], [ -157.9641, 21.64768 ], [ -157.95539, 21.6455 ], [ -157.94447, 21.64195 ], [ -157.93396, 21.6365 ], [ -157.92394, 21.63004 ] ] ] ] } },
{ "type": "Feature", "properties": { "objectid": 93, "solar_cal": "350-400", "st_areasha": 422201120.57938498, "st_perimet": 243381.11849661227 }, "geometry": { "type": "MultiPolygon", "coordinates": [ [ [ [ -159.47673, 22.22976 ], [ -159.47631, 22.22959 ], [ -159.47599, 22.22941 ], [ -159.47586, 22.22926 ], [ -159.47578, 22.22915 ], [ -159.47576, 22.22909 ], [ -159.47568, 22.22905 ], [ -159.47547, 22.22898 ], [ -159.47539, 22.22895 ], [ -159.47534, 22.22892 ], [ -159.47533, 22.22888 ], [ -159.4753, 22.22878 ], [ -159.47519, 22.22878 ], [ -159.47501, 22.22875 ], [ -159.47472, 22.22863 ], [ -159.47454, 22.22852 ], [ -159.4742, 22.22831 ], [ -159.47386, 22.22804 ], [ -159.4736, 22.22777 ], [ -159.47325, 22.22732 ], [ -159.47278, 22.22675 ], [ -159.47248, 22.22636 ], [ -159.47224, 22.2261 ], [ -159.47211, 22.22597 ], [ -159.47197, 22.22594 ], [ -159.47175, 22.22593 ], [ -159.47131, 22.22583 ], [ -159.47101, 22.22573 ], [ -159.47084, 22.22571 ], [ -159.47078, 22.2257 ], [ -159.47073, 22.22575 ], [ -159.47064, 22.22581 ], [ -159.47055, 22.22579 ], [ -159.47045, 22.22576 ], [ -159.47035, 22.22571 ], [ -159.4703, 22.22569 ], [ -159.47022, 22.22577 ], [ -159.4701, 22.22581 ], [ -159.46966, 22.22587 ], [ -159.46929, 22.22589 ], [ -159.46897, 22.2259 ], [ -159.46868, 22.22583 ], [ -159.46832, 22.22575 ], [ -159.4679, 22.22557 ], [ -159.46755, 22.22535 ], [ -159.46717, 22.22511 ], [ -159.4669, 22.22482 ], [ -159.46661, 22.2245 ], [ -159.46623, 22.22416 ], [ -159.46575, 22.22381 ], [ -159.46518, 22.22343 ], [ -159.46497, 22.22326 ], [ -159.4647, 22.22315 ], [ -159.4645, 22.22302 ], [ -159.46435, 22.2229 ], [ -159.46428, 22.22279 ], [ -159.46387, 22.2228 ], [ -159.46351, 22.22284 ], [ -159.46305, 22.22285 ], [ -159.46255, 22.22291 ], [ -159.46221, 22.223 ], [ -159.46187, 22.22315 ], [ -159.46153, 22.22336 ], [ -159.46124, 22.2235 ], [ -159.46078, 22.2238 ], [ -159.46032, 22.22411 ], [ -159.45991, 22.22437 ], [ -159.4596, 22.2245 ], [ -159.45931, 22.22459 ], [ -159.45904, 22.22467 ], [ -159.45867, 22.22474 ], [ -159.45831, 22.22483 ], [ -159.45791, 22.2249 ], [ -159.4574, 22.22504 ], [ -159.45697, 22.22516 ], [ -159.45686, 22.22505 ], [ -159.45189, 22.22215 ], [ -159.44705, 22.22039 ], [ -159.43963, 22.21723 ], [ -159.4335, 22.21521 ], [ -159.42541, 22.21335 ], [ -159.42093, 22.21282 ], [ -159.41474, 22.21194 ], [ -159.40721, 22.21161 ], [ -159.39836, 22.21101 ], [ -159.39146, 22.21036 ], [ -159.38439, 22.20947 ], [ -159.38002, 22.20878 ], [ -159.37343, 22.20819 ], [ -159.36426, 22.20727 ], [ -159.358, 22.20657 ], [ -159.34977, 22.20409 ], [ -159.3448, 22.20083 ], [ -159.33986, 22.19763 ], [ -159.3344, 22.19199 ], [ -159.33104, 22.18782 ], [ -159.32813, 22.18258 ], [ -159.32585, 22.17642 ], [ -159.32497, 22.17112 ], [ -159.32472, 22.16627 ], [ -159.32559, 22.15865 ], [ -159.32751, 22.15303 ], [ -159.33041, 22.14587 ], [ -159.33296, 22.13956 ], [ -159.33593, 22.13201 ], [ -159.33736, 22.12766 ], [ -159.33899, 22.11874 ], [ -159.33954, 22.10188 ], [ -159.34054, 22.08775 ], [ -159.3435, 22.06975 ], [ -159.34601, 22.06464 ], [ -159.3487, 22.06123 ], [ -159.3545, 22.05661 ], [ -159.36058, 22.05382 ], [ -159.37284, 22.04882 ], [ -159.37938, 22.04521 ], [ -159.38304, 22.04205 ], [ -159.38646, 22.03736 ], [ -159.38905, 22.03339 ], [ -159.39075, 22.0273 ], [ -159.39089, 22.02379 ], [ -159.39064, 22.02082 ], [ -159.3891, 22.01477 ], [ -159.38587, 22.00799 ], [ -159.38471, 22.00095 ], [ -159.38561, 21.99365 ], [ -159.39185, 21.9817 ], [ -159.39454, 21.97538 ], [ -159.39537, 21.97017 ], [ -159.39369, 21.96554 ], [ -159.39033, 21.96179 ], [ -159.38554, 21.95977 ], [ -159.38204, 21.95866 ], [ -159.37774, 21.9569 ], [ -159.3731, 21.95386 ], [ -159.3697, 21.9507 ], [ -159.36712, 21.94674 ], [ -159.3677, 21.94686 ], [ -159.36841, 21.94715 ], [ -159.36881, 21.94738 ], [ -159.36943, 21.94767 ], [ -159.36967, 21.94769 ], [ -159.36976, 21.94771 ], [ -159.3702, 21.94775 ], [ -159.37043, 21.94772 ], [ -159.37105, 21.9477 ], [ -159.37157, 21.94772 ], [ -159.37174, 21.94776 ], [ -159.37205, 21.94786 ], [ -159.37255, 21.94785 ], [ -159.37299, 21.94787 ], [ -159.3735, 21.94774 ], [ -159.37344, 21.94764 ], [ -159.37351, 21.94751 ], [ -159.37408, 21.94735 ], [ -159.37436, 21.94725 ], [ -159.3746, 21.94722 ], [ -159.37477, 21.94714 ], [ -159.37514, 21.94685 ], [ -159.37495, 21.94628 ], [ -159.37495, 21.94619 ], [ -159.37502, 21.94609 ], [ -159.37517, 21.94599 ], [ -159.37551, 21.94589 ], [ -159.3761, 21.94582 ], [ -159.37691, 21.9459 ], [ -159.3774, 21.94591 ], [ -159.37798, 21.94594 ], [ -159.3789, 21.94529 ], [ -159.37851, 21.94529 ], [ -159.37811, 21.94538 ], [ -159.3778, 21.94533 ], [ -159.37743, 21.94523 ], [ -159.37701, 21.94501 ], [ -159.3768, 21.94497 ], [ -159.37661, 21.945 ], [ -159.37632, 21.94509 ], [ -159.37613, 21.94514 ], [ -159.3758, 21.94513 ], [ -159.37556, 21.94519 ], [ -159.37524, 21.94529 ], [ -159.37503, 21.94543 ], [ -159.3744, 21.94613 ], [ -159.3742, 21.94628 ], [ -159.37407, 21.94633 ], [ -159.37385, 21.94653 ], [ -159.37371, 21.9466 ], [ -159.37335, 21.94674 ], [ -159.37301, 21.94684 ], [ -159.37261, 21.9469 ], [ -159.37228, 21.94688 ], [ -159.37151, 21.94689 ], [ -159.3709, 21.94685 ], [ -159.37054, 21.94677 ], [ -159.37029, 21.94665 ], [ -159.37013, 21.94655 ], [ -159.36973, 21.94635 ], [ -159.36943, 21.94626 ], [ -159.36859, 21.94613 ], [ -159.36832, 21.94606 ], [ -159.36751, 21.94595 ], [ -159.36717, 21.94588 ], [ -159.3667, 21.94581 ], [ -159.36649, 21.94577 ], [ -159.36313, 21.94316 ], [ -159.36061, 21.94199 ], [ -159.3568, 21.94189 ], [ -159.35251, 21.9427 ], [ -159.35009, 21.94281 ], [ -159.35012, 21.9427 ], [ -159.35022, 21.94255 ], [ -159.35049, 21.94197 ], [ -159.35051, 21.9418 ], [ -159.35051, 21.94163 ], [ -159.35032, 21.94091 ], [ -159.35023, 21.94076 ], [ -159.35012, 21.94062 ], [ -159.34995, 21.94047 ], [ -159.34979, 21.94036 ], [ -159.34963, 21.9403 ], [ -159.3489, 21.94005 ], [ -159.34876, 21.93995 ], [ -159.34833, 21.93977 ], [ -159.34805, 21.93968 ], [ -159.34793, 21.93958 ], [ -159.34744, 21.93935 ], [ -159.3473, 21.93918 ], [ -159.3472, 21.93887 ], [ -159.34695, 21.93866 ], [ -159.34643, 21.93797 ], [ -159.34631, 21.93777 ], [ -159.34626, 21.93762 ], [ -159.34629, 21.93745 ], [ -159.34633, 21.93736 ], [ -159.34646, 21.9372 ], [ -159.34669, 21.93705 ], [ -159.34676, 21.93693 ], [ -159.34681, 21.93689 ], [ -159.34692, 21.93687 ], [ -159.34702, 21.93682 ], [ -159.34731, 21.93661 ], [ -159.34772, 21.93639 ], [ -159.34789, 21.93627 ], [ -159.3481, 21.93628 ], [ -159.3482, 21.93623 ], [ -159.34852, 21.93621 ], [ -159.3493, 21.93651 ], [ -159.3495, 21.93645 ], [ -159.34963, 21.93644 ], [ -159.34978, 21.93641 ], [ -159.35009, 21.9364 ], [ -159.35038, 21.93644 ], [ -159.3506, 21.93643 ], [ -159.35076, 21.9364 ], [ -159.3512, 21.93639 ], [ -159.35243, 21.93656 ], [ -159.35299, 21.93646 ], [ -159.35316, 21.93645 ], [ -159.35331, 21.93648 ], [ -159.35352, 21.93643 ], [ -159.35382, 21.93623 ], [ -159.35432, 21.936 ], [ -159.3547, 21.93563 ], [ -159.35483, 21.93542 ], [ -159.35487, 21.9353 ], [ -159.35492, 21.93492 ], [ -159.35498, 21.93467 ], [ -159.35522, 21.93424 ], [ -159.35524, 21.93413 ], [ -159.35519, 21.9339 ], [ -159.35511, 21.93369 ], [ -159.35497, 21.93354 ], [ -159.35467, 21.93346 ], [ -159.35447, 21.9331 ], [ -159.3544, 21.93294 ], [ -159.35441, 21.93278 ], [ -159.35449, 21.93263 ], [ -159.35453, 21.93218 ], [ -159.35459, 21.93205 ], [ -159.35466, 21.93193 ], [ -159.35483, 21.93174 ], [ -159.35495, 21.93167 ], [ -159.35512, 21.93159 ], [ -159.3554, 21.93152 ], [ -159.35569, 21.93153 ], [ -159.35582, 21.93145 ], [ -159.35592, 21.93134 ], [ -159.35601, 21.93129 ], [ -159.35662, 21.93123 ], [ -159.35667, 21.93115 ], [ -159.35674, 21.93112 ], [ -159.35688, 21.93124 ], [ -159.3572, 21.93122 ], [ -159.35756, 21.93124 ], [ -159.35774, 21.93122 ], [ -159.35816, 21.93131 ], [ -159.35851, 21.93148 ], [ -159.35898, 21.93143 ], [ -159.35918, 21.93149 ], [ -159.35931, 21.93142 ], [ -159.35953, 21.93149 ], [ -159.35967, 21.93149 ], [ -159.36055, 21.93177 ], [ -159.36073, 21.93174 ], [ -159.36096, 21.93178 ], [ -159.36116, 21.93175 ], [ -159.36158, 21.93152 ], [ -159.36188, 21.9315 ], [ -159.36212, 21.93151 ], [ -159.36235, 21.93145 ], [ -159.36263, 21.93129 ], [ -159.36309, 21.93097 ], [ -159.36361, 21.93069 ], [ -159.36384, 21.93062 ], [ -159.36414, 21.93049 ], [ -159.36443, 21.93041 ], [ -159.36525, 21.93007 ], [ -159.36585, 21.92973 ], [ -159.36616, 21.9295 ], [ -159.36632, 21.92935 ], [ -159.36659, 21.92901 ], [ -159.36673, 21.92879 ], [ -159.36716, 21.92817 ], [ -159.3675, 21.92757 ], [ -159.36753, 21.92743 ], [ -159.36754, 21.92728 ], [ -159.36761, 21.92715 ], [ -159.36774, 21.92701 ], [ -159.36781, 21.92688 ], [ -159.36782, 21.92673 ], [ -159.36786, 21.9266 ], [ -159.36794, 21.92652 ], [ -159.36799, 21.92632 ], [ -159.36796, 21.92602 ], [ -159.36788, 21.92579 ], [ -159.36793, 21.92564 ], [ -159.36805, 21.92551 ], [ -159.36821, 21.9253 ], [ -159.36833, 21.92519 ], [ -159.36845, 21.92516 ], [ -159.3686, 21.92508 ], [ -159.36868, 21.92508 ], [ -159.36878, 21.925 ], [ -159.36891, 21.925 ], [ -159.36896, 21.92504 ], [ -159.36923, 21.92536 ], [ -159.3694, 21.92539 ], [ -159.36973, 21.92538 ], [ -159.3702, 21.92533 ], [ -159.37058, 21.9252 ], [ -159.37103, 21.9251 ], [ -159.37116, 21.92503 ], [ -159.37125, 21.92489 ], [ -159.37137, 21.92476 ], [ -159.37153, 21.92456 ], [ -159.37181, 21.92434 ], [ -159.37189, 21.92424 ], [ -159.37192, 21.92414 ], [ -159.37196, 21.92374 ], [ -159.37218, 21.9233 ], [ -159.37226, 21.92322 ], [ -159.37242, 21.92316 ], [ -159.37282, 21.92321 ], [ -159.37326, 21.92339 ], [ -159.37346, 21.92344 ], [ -159.37357, 21.92342 ], [ -159.37366, 21.92349 ], [ -159.3738, 21.92352 ], [ -159.37393, 21.92345 ], [ -159.37401, 21.92333 ], [ -159.37523, 21.92365 ], [ -159.38131, 21.92372 ], [ -159.38693, 21.92311 ], [ -159.39032, 21.92236 ], [ -159.39402, 21.92142 ], [ -159.39807, 21.92093 ], [ -159.40366, 21.9224 ], [ -159.40946, 21.92432 ], [ -159.41809, 21.92605 ], [ -159.42738, 21.92772 ], [ -159.43531, 21.92782 ], [ -159.44425, 21.92687 ], [ -159.45012, 21.92599 ], [ -159.45528, 21.92404 ], [ -159.46079, 21.92003 ], [ -159.46871, 21.91527 ], [ -159.47587, 21.91188 ], [ -159.4832, 21.91025 ], [ -159.48743, 21.91041 ], [ -159.49347, 21.91097 ], [ -159.49805, 21.91246 ], [ -159.50476, 21.91517 ], [ -159.51161, 21.92025 ], [ -159.51749, 21.92549 ], [ -159.52264, 21.9308 ], [ -159.52715, 21.93569 ], [ -159.5344, 21.94272 ], [ -159.54007, 21.94735 ], [ -159.54521, 21.95015 ], [ -159.55203, 21.95419 ], [ -159.56042, 21.95803 ], [ -159.56987, 21.96184 ], [ -159.57602, 21.96515 ], [ -159.57973, 21.96773 ], [ -159.58453, 21.97186 ], [ -159.58975, 21.97805 ], [ -159.59315, 21.9815 ], [ -159.5947, 21.98433 ], [ -159.59726, 21.98733 ], [ -159.60184, 21.99081 ], [ -159.61077, 21.99563 ], [ -159.61976, 21.99953 ], [ -159.62683, 22.00246 ], [ -159.63631, 22.00522 ], [ -159.63956, 22.00677 ], [ -159.64309, 22.00817 ], [ -159.64821, 22.01136 ], [ -159.65454, 22.015 ], [ -159.66179, 22.01919 ], [ -159.66928, 22.023 ], [ -159.67803, 22.02772 ], [ -159.68542, 22.03109 ], [ -159.69214, 22.03424 ], [ -159.69862, 22.03821 ], [ -159.70388, 22.04146 ], [ -159.70871, 22.04507 ], [ -159.7125, 22.04816 ], [ -159.72021, 22.0558 ], [ -159.7245, 22.06062 ], [ -159.72797, 22.06495 ], [ -159.73061, 22.06853 ], [ -159.73258, 22.07165 ], [ -159.73487, 22.07768 ], [ -159.73594, 22.08397 ], [ -159.73617, 22.0896 ], [ -159.73588, 22.09687 ], [ -159.73469, 22.10553 ], [ -159.73328, 22.11261 ], [ -159.73201, 22.11922 ], [ -159.73053, 22.12574 ], [ -159.7287, 22.13259 ], [ -159.72659, 22.13976 ], [ -159.72508, 22.14606 ], [ -159.72501, 22.14616 ], [ -159.72473, 22.14656 ], [ -159.72414, 22.14751 ], [ -159.7235, 22.14851 ], [ -159.72311, 22.14938 ], [ -159.72308, 22.14946 ], [ -159.72296, 22.14965 ], [ -159.72249, 22.15008 ], [ -159.72156, 22.15061 ], [ -159.72117, 22.15074 ], [ -159.7206, 22.15084 ], [ -159.72005, 22.15089 ], [ -159.71943, 22.15101 ], [ -159.71864, 22.1512 ], [ -159.71818, 22.1514 ], [ -159.71768, 22.15167 ], [ -159.71727, 22.15193 ], [ -159.71685, 22.15227 ], [ -159.71636, 22.15254 ], [ -159.71592, 22.15281 ], [ -159.71518, 22.15322 ], [ -159.71463, 22.15356 ], [ -159.71387, 22.15421 ], [ -159.71313, 22.15467 ], [ -159.7128, 22.1548 ], [ -159.71197, 22.15503 ], [ -159.71093, 22.1552 ], [ -159.71021, 22.15535 ], [ -159.7096, 22.15556 ], [ -159.7087, 22.15606 ], [ -159.70767, 22.15671 ], [ -159.70745, 22.15681 ], [ -159.7074, 22.15693 ], [ -159.70747, 22.1574 ], [ -159.70751, 22.1576 ], [ -159.70762, 22.15801 ], [ -159.70765, 22.15822 ], [ -159.70762, 22.15834 ], [ -159.70753, 22.1585 ], [ -159.70728, 22.15866 ], [ -159.70694, 22.15898 ], [ -159.70673, 22.15905 ], [ -159.70658, 22.15905 ], [ -159.70643, 22.15897 ], [ -159.70635, 22.15885 ], [ -159.70624, 22.15883 ], [ -159.70616, 22.15889 ], [ -159.706, 22.15926 ], [ -159.70589, 22.15932 ], [ -159.70555, 22.15928 ], [ -159.70545, 22.15922 ], [ -159.70534, 22.15905 ], [ -159.70524, 22.1587 ], [ -159.70507, 22.15829 ], [ -159.70498, 22.15783 ], [ -159.70487, 22.15777 ], [ -159.7046, 22.15771 ], [ -159.70397, 22.15763 ], [ -159.70366, 22.15761 ], [ -159.70347, 22.15764 ], [ -159.70302, 22.15803 ], [ -159.70266, 22.15834 ], [ -159.70232, 22.15855 ], [ -159.70176, 22.15882 ], [ -159.70076, 22.1591 ], [ -159.7004, 22.15931 ], [ -159.69998, 22.15962 ], [ -159.69914, 22.16042 ], [ -159.69852, 22.16093 ], [ -159.69809, 22.16116 ], [ -159.69739, 22.16144 ], [ -159.69708, 22.16155 ], [ -159.69701, 22.16169 ], [ -159.69706, 22.16183 ], [ -159.69716, 22.16206 ], [ -159.6972, 22.16224 ], [ -159.69718, 22.16237 ], [ -159.69653, 22.16258 ], [ -159.69633, 22.16255 ], [ -159.69614, 22.16257 ], [ -159.6959, 22.16267 ], [ -159.69559, 22.16278 ], [ -159.69531, 22.16279 ], [ -159.69497, 22.16272 ], [ -159.69472, 22.16258 ], [ -159.69447, 22.16238 ], [ -159.69441, 22.16238 ], [ -159.69424, 22.16251 ], [ -159.69412, 22.1627 ], [ -159.69398, 22.16282 ], [ -159.69378, 22.16287 ], [ -159.69344, 22.16278 ], [ -159.69322, 22.16284 ], [ -159.69298, 22.16296 ], [ -159.69269, 22.16303 ], [ -159.69237, 22.16306 ], [ -159.69171, 22.16308 ], [ -159.69123, 22.16303 ], [ -159.69093, 22.16312 ], [ -159.69059, 22.16326 ], [ -159.69045, 22.16327 ], [ -159.69034, 22.16316 ], [ -159.69028, 22.16307 ], [ -159.6902, 22.16305 ], [ -159.69016, 22.16314 ], [ -159.68997, 22.16334 ], [ -159.68943, 22.16367 ], [ -159.68915, 22.16377 ], [ -159.6888, 22.16381 ], [ -159.68865, 22.16378 ], [ -159.68849, 22.16371 ], [ -159.68826, 22.16341 ], [ -159.6879, 22.16312 ], [ -159.68776, 22.16307 ], [ -159.68749, 22.16307 ], [ -159.68668, 22.16317 ], [ -159.68597, 22.1633 ], [ -159.68565, 22.16345 ], [ -159.68549, 22.16362 ], [ -159.68537, 22.16381 ], [ -159.68527, 22.16386 ], [ -159.68502, 22.16387 ], [ -159.68481, 22.164 ], [ -159.68467, 22.16423 ], [ -159.68453, 22.16441 ], [ -159.68436, 22.16451 ], [ -159.6838, 22.16446 ], [ -159.68338, 22.16436 ], [ -159.68331, 22.16437 ], [ -159.68324, 22.16447 ], [ -159.68314, 22.1647 ], [ -159.68297, 22.16491 ], [ -159.6827, 22.16506 ], [ -159.68245, 22.16506 ], [ -159.682, 22.16503 ], [ -159.68188, 22.16507 ], [ -159.68166, 22.1653 ], [ -159.6812, 22.16552 ], [ -159.68101, 22.16557 ], [ -159.6806, 22.16561 ], [ -159.68046, 22.16583 ], [ -159.68036, 22.16593 ], [ -159.6802, 22.16602 ], [ -159.67978, 22.16612 ], [ -159.67925, 22.16622 ], [ -159.67907, 22.16633 ], [ -159.67883, 22.16654 ], [ -159.67866, 22.16664 ], [ -159.67842, 22.16673 ], [ -159.67816, 22.16675 ], [ -159.67789, 22.1667 ], [ -159.67777, 22.1666 ], [ -159.67772, 22.16649 ], [ -159.67772, 22.16638 ], [ -159.67741, 22.16622 ], [ -159.67735, 22.16623 ], [ -159.67726, 22.1663 ], [ -159.67711, 22.16635 ], [ -159.67694, 22.16659 ], [ -159.67676, 22.16669 ], [ -159.6766, 22.16696 ], [ -159.6765, 22.167 ], [ -159.67593, 22.1671 ], [ -159.67565, 22.16712 ], [ -159.67538, 22.16719 ], [ -159.67498, 22.16719 ], [ -159.67467, 22.16723 ], [ -159.67443, 22.16724 ], [ -159.67422, 22.16719 ], [ -159.67395, 22.16704 ], [ -159.67368, 22.16671 ], [ -159.67344, 22.16603 ], [ -159.67335, 22.16583 ], [ -159.67323, 22.1657 ], [ -159.67302, 22.16562 ], [ -159.67288, 22.1656 ], [ -159.67269, 22.1657 ], [ -159.6724, 22.16578 ], [ -159.67226, 22.16587 ], [ -159.67171, 22.16658 ], [ -159.67167, 22.16671 ], [ -159.67178, 22.16686 ], [ -159.67208, 22.16743 ], [ -159.67213, 22.16767 ], [ -159.6721, 22.16785 ], [ -159.67199, 22.16813 ], [ -159.67188, 22.16824 ], [ -159.67172, 22.16836 ], [ -159.67162, 22.16839 ], [ -159.67135, 22.16843 ], [ -159.67109, 22.1684 ], [ -159.67088, 22.16833 ], [ -159.67066, 22.16817 ], [ -159.67051, 22.16796 ], [ -159.67035, 22.16752 ], [ -159.67029, 22.16716 ], [ -159.67019, 22.16702 ], [ -159.67006, 22.1669 ], [ -159.6699, 22.16682 ], [ -159.66963, 22.1668 ], [ -159.66945, 22.16683 ], [ -159.66828, 22.16721 ], [ -159.66732, 22.16761 ], [ -159.66702, 22.16772 ], [ -159.66679, 22.16788 ], [ -159.66659, 22.16805 ], [ -159.66647, 22.16818 ], [ -159.6664, 22.1683 ], [ -159.66641, 22.16841 ], [ -159.66674, 22.16908 ], [ -159.66677, 22.16925 ], [ -159.6667, 22.16941 ], [ -159.66641, 22.16943 ], [ -159.66624, 22.16946 ], [ -159.66585, 22.16939 ], [ -159.66573, 22.16942 ], [ -159.66553, 22.16954 ], [ -159.66541, 22.16966 ], [ -159.66527, 22.1699 ], [ -159.66521, 22.1704 ], [ -159.66517, 22.17049 ], [ -159.66504, 22.17055 ], [ -159.66469, 22.17059 ], [ -159.6643, 22.17072 ], [ -159.66391, 22.1708 ], [ -159.66386, 22.17082 ], [ -159.66374, 22.17084 ], [ -159.66348, 22.17089 ], [ -159.66321, 22.17098 ], [ -159.66276, 22.17105 ], [ -159.66254, 22.17107 ], [ -159.66229, 22.17115 ], [ -159.66133, 22.17169 ], [ -159.66111, 22.17185 ], [ -159.661, 22.17201 ], [ -159.66071, 22.1721 ], [ -159.66033, 22.17229 ], [ -159.65922, 22.17275 ], [ -159.65871, 22.17301 ], [ -159.65808, 22.17319 ], [ -159.65744, 22.17333 ], [ -159.65719, 22.17342 ], [ -159.657, 22.17359 ], [ -159.65679, 22.17388 ], [ -159.65647, 22.17423 ], [ -159.65596, 22.17458 ], [ -159.65481, 22.17531 ], [ -159.65465, 22.17547 ], [ -159.6545, 22.17582 ], [ -159.65427, 22.17619 ], [ -159.65403, 22.17648 ], [ -159.65368, 22.17681 ], [ -159.65326, 22.17724 ], [ -159.6527, 22.17789 ], [ -159.65227, 22.17824 ], [ -159.65157, 22.17853 ], [ -159.65095, 22.17883 ], [ -159.64985, 22.17923 ], [ -159.64915, 22.17943 ], [ -159.6488, 22.1796 ], [ -159.64844, 22.17972 ], [ -159.64729, 22.17994 ], [ -159.64638, 22.18024 ], [ -159.64606, 22.18027 ], [ -159.64575, 22.18025 ], [ -159.64551, 22.18027 ], [ -159.64494, 22.18025 ], [ -159.64445, 22.18041 ], [ -159.64404, 22.18063 ], [ -159.64373, 22.18083 ], [ -159.64335, 22.18101 ], [ -159.64272, 22.18145 ], [ -159.6424, 22.18173 ], [ -159.64174, 22.18204 ], [ -159.64102, 22.18244 ], [ -159.64093, 22.18263 ], [ -159.64076, 22.18281 ], [ -159.64024, 22.1831 ], [ -159.63978, 22.18327 ], [ -159.63969, 22.18334 ], [ -159.63957, 22.1836 ], [ -159.6395, 22.18384 ], [ -159.63927, 22.18408 ], [ -159.639, 22.18423 ], [ -159.63845, 22.18449 ], [ -159.63828, 22.18463 ], [ -159.63798, 22.18496 ], [ -159.63751, 22.18517 ], [ -159.63728, 22.18532 ], [ -159.63713, 22.18547 ], [ -159.63695, 22.18583 ], [ -159.63698, 22.18636 ], [ -159.6369, 22.18658 ], [ -159.63676, 22.18678 ], [ -159.63659, 22.18692 ], [ -159.63573, 22.18723 ], [ -159.63566, 22.18736 ], [ -159.63553, 22.18752 ], [ -159.63494, 22.18806 ], [ -159.63433, 22.18844 ], [ -159.63421, 22.18856 ], [ -159.63402, 22.18882 ], [ -159.63385, 22.18911 ], [ -159.63381, 22.18929 ], [ -159.63382, 22.18953 ], [ -159.63376, 22.18971 ], [ -159.63355, 22.18992 ], [ -159.63277, 22.19052 ], [ -159.63242, 22.19087 ], [ -159.63212, 22.19122 ], [ -159.63198, 22.19142 ], [ -159.6318, 22.19162 ], [ -159.6316, 22.1918 ], [ -159.63141, 22.19202 ], [ -159.63119, 22.19232 ], [ -159.63099, 22.1924 ], [ -159.63057, 22.19268 ], [ -159.62964, 22.1932 ], [ -159.62943, 22.19323 ], [ -159.62924, 22.19332 ], [ -159.62903, 22.1935 ], [ -159.62818, 22.19388 ], [ -159.62772, 22.19397 ], [ -159.62756, 22.19405 ], [ -159.6271, 22.19442 ], [ -159.62686, 22.19467 ], [ -159.62671, 22.19505 ], [ -159.62644, 22.19535 ], [ -159.62607, 22.19569 ], [ -159.62591, 22.19575 ], [ -159.62552, 22.19588 ], [ -159.62527, 22.19582 ], [ -159.62518, 22.19573 ], [ -159.62505, 22.1956 ], [ -159.62497, 22.19546 ], [ -159.62485, 22.19538 ], [ -159.62458, 22.19531 ], [ -159.62427, 22.19514 ], [ -159.624, 22.19526 ], [ -159.62381, 22.19529 ], [ -159.62374, 22.19538 ], [ -159.62352, 22.19596 ], [ -159.62341, 22.1965 ], [ -159.62335, 22.19672 ], [ -159.62329, 22.19685 ], [ -159.62321, 22.19692 ], [ -159.623, 22.197 ], [ -159.62278, 22.19701 ], [ -159.62255, 22.19696 ], [ -159.6222, 22.1968 ], [ -159.62201, 22.19678 ], [ -159.62149, 22.19677 ], [ -159.62124, 22.19681 ], [ -159.62028, 22.19708 ], [ -159.61996, 22.19722 ], [ -159.61969, 22.19739 ], [ -159.61947, 22.19756 ], [ -159.61905, 22.19775 ], [ -159.61871, 22.1978 ], [ -159.61857, 22.19788 ], [ -159.61847, 22.19803 ], [ -159.61811, 22.19829 ], [ -159.61785, 22.19841 ], [ -159.61747, 22.19849 ], [ -159.61734, 22.19863 ], [ -159.6171, 22.19876 ], [ -159.61659, 22.19912 ], [ -159.61642, 22.19941 ], [ -159.61618, 22.19963 ], [ -159.61608, 22.1998 ], [ -159.61595, 22.19991 ], [ -159.61584, 22.19997 ], [ -159.61569, 22.19992 ], [ -159.61563, 22.19983 ], [ -159.61546, 22.19952 ], [ -159.61529, 22.19937 ], [ -159.61512, 22.19943 ], [ -159.61488, 22.19969 ], [ -159.61485, 22.19975 ], [ -159.615, 22.2 ], [ -159.61502, 22.20014 ], [ -159.61495, 22.20029 ], [ -159.61479, 22.20034 ], [ -159.61452, 22.20037 ], [ -159.61429, 22.20045 ], [ -159.61374, 22.20075 ], [ -159.61345, 22.20086 ], [ -159.61313, 22.20104 ], [ -159.61265, 22.20126 ], [ -159.61191, 22.20149 ], [ -159.61158, 22.20176 ], [ -159.61139, 22.20188 ], [ -159.61112, 22.20201 ], [ -159.61076, 22.20212 ], [ -159.61036, 22.20219 ], [ -159.60971, 22.20227 ], [ -159.6096, 22.20245 ], [ -159.60952, 22.20255 ], [ -159.60947, 22.20268 ], [ -159.60944, 22.20285 ], [ -159.60938, 22.20293 ], [ -159.60915, 22.20306 ], [ -159.60895, 22.20315 ], [ -159.60844, 22.20322 ], [ -159.60807, 22.20333 ], [ -159.60775, 22.20335 ], [ -159.60746, 22.20332 ], [ -159.60721, 22.20341 ], [ -159.60698, 22.20355 ], [ -159.60612, 22.20395 ], [ -159.60595, 22.2041 ], [ -159.60591, 22.20435 ], [ -159.60593, 22.20462 ], [ -159.6059, 22.20496 ], [ -159.60578, 22.20524 ], [ -159.60528, 22.20582 ], [ -159.60508, 22.20597 ], [ -159.60489, 22.20601 ], [ -159.6046, 22.20603 ], [ -159.60443, 22.20608 ], [ -159.60404, 22.20642 ], [ -159.60374, 22.20665 ], [ -159.60332, 22.20684 ], [ -159.60206, 22.20722 ], [ -159.6018, 22.20734 ], [ -159.60135, 22.20765 ], [ -159.60055, 22.20797 ], [ -159.6, 22.20826 ], [ -159.59976, 22.20837 ], [ -159.59918, 22.20851 ], [ -159.59891, 22.20851 ], [ -159.59866, 22.20844 ], [ -159.59847, 22.20835 ], [ -159.59831, 22.20834 ], [ -159.59821, 22.2084 ], [ -159.59791, 22.20887 ], [ -159.59766, 22.20917 ], [ -159.59727, 22.20959 ], [ -159.59677, 22.21009 ], [ -159.59671, 22.21023 ], [ -159.59661, 22.21065 ], [ -159.59653, 22.21088 ], [ -159.59625, 22.21132 ], [ -159.59609, 22.21143 ], [ -159.59576, 22.21159 ], [ -159.5957, 22.21164 ], [ -159.59558, 22.21182 ], [ -159.59555, 22.21187 ], [ -159.59538, 22.21196 ], [ -159.59519, 22.212 ], [ -159.59478, 22.21203 ], [ -159.59456, 22.21221 ], [ -159.59413, 22.21242 ], [ -159.59391, 22.21256 ], [ -159.59345, 22.21304 ], [ -159.59304, 22.21325 ], [ -159.59295, 22.21335 ], [ -159.59272, 22.21374 ], [ -159.59252, 22.21393 ], [ -159.59233, 22.21405 ], [ -159.59207, 22.21415 ], [ -159.59092, 22.21442 ], [ -159.59072, 22.21453 ], [ -159.59062, 22.21475 ], [ -159.59057, 22.21493 ], [ -159.59047, 22.215 ], [ -159.58998, 22.21519 ], [ -159.58967, 22.21535 ], [ -159.58949, 22.21552 ], [ -159.58915, 22.21602 ], [ -159.58879, 22.21624 ], [ -159.5887, 22.21642 ], [ -159.58859, 22.21657 ], [ -159.58846, 22.2169 ], [ -159.58829, 22.21716 ], [ -159.58813, 22.21731 ], [ -159.58804, 22.21737 ], [ -159.5877, 22.21745 ], [ -159.5876, 22.21754 ], [ -159.58743, 22.21774 ], [ -159.58725, 22.21821 ], [ -159.58714, 22.21838 ], [ -159.58696, 22.21855 ], [ -159.58679, 22.21866 ], [ -159.58635, 22.21901 ], [ -159.58604, 22.21913 ], [ -159.58578, 22.21921 ], [ -159.58568, 22.21926 ], [ -159.58565, 22.21931 ], [ -159.58573, 22.21951 ], [ -159.5857, 22.22007 ], [ -159.58555, 22.22024 ], [ -159.58537, 22.22038 ], [ -159.58521, 22.22044 ], [ -159.58406, 22.2204 ], [ -159.58379, 22.22043 ], [ -159.58358, 22.22056 ], [ -159.58328, 22.22093 ], [ -159.58254, 22.22218 ], [ -159.5822, 22.22257 ], [ -159.58183, 22.22293 ], [ -159.58154, 22.22313 ], [ -159.58091, 22.22344 ], [ -159.58042, 22.2236 ], [ -159.58008, 22.22366 ], [ -159.57983, 22.22372 ], [ -159.57943, 22.22375 ], [ -159.5792, 22.22373 ], [ -159.57908, 22.2237 ], [ -159.57871, 22.22356 ], [ -159.57848, 22.22352 ], [ -159.57809, 22.2236 ], [ -159.57738, 22.22382 ], [ -159.57719, 22.22385 ], [ -159.57676, 22.22387 ], [ -159.57602, 22.22386 ], [ -159.57588, 22.22384 ], [ -159.57507, 22.22362 ], [ -159.57458, 22.22339 ], [ -159.57438, 22.22336 ], [ -159.57423, 22.22337 ], [ -159.57402, 22.22343 ], [ -159.57336, 22.22355 ], [ -159.57299, 22.22349 ], [ -159.57246, 22.22341 ], [ -159.57222, 22.22335 ], [ -159.57201, 22.22327 ], [ -159.57188, 22.22318 ], [ -159.57173, 22.22305 ], [ -159.57154, 22.22293 ], [ -159.57133, 22.22284 ], [ -159.56993, 22.22261 ], [ -159.56977, 22.22254 ], [ -159.56952, 22.22222 ], [ -159.56931, 22.22205 ], [ -159.56877, 22.22194 ], [ -159.56837, 22.22179 ], [ -159.56779, 22.22141 ], [ -159.56745, 22.221 ], [ -159.56726, 22.22074 ], [ -159.5671, 22.22064 ], [ -159.5669, 22.22055 ], [ -159.56605, 22.22047 ], [ -159.56581, 22.2205 ], [ -159.56566, 22.22047 ], [ -159.56525, 22.22063 ], [ -159.56496, 22.22076 ], [ -159.56442, 22.22121 ], [ -159.56367, 22.22188 ], [ -159.56329, 22.22214 ], [ -159.56273, 22.22254 ], [ -159.56195, 22.22332 ], [ -159.56171, 22.22346 ], [ -159.56135, 22.22361 ], [ -159.56099, 22.22384 ], [ -159.5607, 22.22409 ], [ -159.5603, 22.22454 ], [ -159.55999, 22.22484 ], [ -159.5592, 22.22582 ], [ -159.55883, 22.22605 ], [ -159.55864, 22.22612 ], [ -159.55838, 22.22616 ], [ -159.55797, 22.22616 ], [ -159.55724, 22.22605 ], [ -159.55682, 22.22593 ], [ -159.55656, 22.22579 ], [ -159.55615, 22.22545 ], [ -159.55581, 22.22512 ], [ -159.5554, 22.22485 ], [ -159.55478, 22.22445 ], [ -159.55454, 22.22438 ], [ -159.55423, 22.22436 ], [ -159.55398, 22.22438 ], [ -159.55343, 22.22445 ], [ -159.55314, 22.2244 ], [ -159.55277, 22.22429 ], [ -159.55245, 22.22424 ], [ -159.55224, 22.22424 ], [ -159.55218, 22.22433 ], [ -159.55211, 22.22453 ], [ -159.55203, 22.22466 ], [ -159.55179, 22.22481 ], [ -159.5515, 22.22489 ], [ -159.55114, 22.22486 ], [ -159.55077, 22.22481 ], [ -159.55054, 22.22471 ], [ -159.55032, 22.22459 ], [ -159.55009, 22.22452 ], [ -159.54974, 22.22448 ], [ -159.5482, 22.22411 ], [ -159.54736, 22.22367 ], [ -159.54696, 22.22353 ], [ -159.54631, 22.22334 ], [ -159.54605, 22.22321 ], [ -159.54571, 22.22303 ], [ -159.54556, 22.22292 ], [ -159.54548, 22.2228 ], [ -159.54538, 22.22253 ], [ -159.54525, 22.22235 ], [ -159.54462, 22.22187 ], [ -159.54445, 22.22172 ], [ -159.54436, 22.22157 ], [ -159.54426, 22.22132 ], [ -159.54411, 22.22079 ], [ -159.54412, 22.22056 ], [ -159.54411, 22.22024 ], [ -159.544, 22.21965 ], [ -159.54389, 22.21934 ], [ -159.54374, 22.21905 ], [ -159.54337, 22.21858 ], [ -159.54326, 22.21847 ], [ -159.54251, 22.21801 ], [ -159.54228, 22.21784 ], [ -159.54208, 22.21765 ], [ -159.542, 22.21753 ], [ -159.54196, 22.21738 ], [ -159.54189, 22.217 ], [ -159.54183, 22.21682 ], [ -159.54145, 22.21637 ], [ -159.54145, 22.21614 ], [ -159.54155, 22.2159 ], [ -159.5417, 22.21551 ], [ -159.54177, 22.2154 ], [ -159.54184, 22.21512 ], [ -159.5417, 22.21494 ], [ -159.54125, 22.21453 ], [ -159.54073, 22.21421 ], [ -159.53982, 22.21393 ], [ -159.53937, 22.21385 ], [ -159.53894, 22.21382 ], [ -159.53885, 22.21381 ], [ -159.53871, 22.21379 ], [ -159.53858, 22.21379 ], [ -159.53847, 22.21372 ], [ -159.53841, 22.21366 ], [ -159.53839, 22.21355 ], [ -159.53805, 22.21344 ], [ -159.53797, 22.21349 ], [ -159.53784, 22.21359 ], [ -159.53772, 22.21367 ], [ -159.53745, 22.21386 ], [ -159.53732, 22.21397 ], [ -159.53719, 22.21403 ], [ -159.53699, 22.21404 ], [ -159.53676, 22.21406 ], [ -159.53662, 22.2141 ], [ -159.53645, 22.21417 ], [ -159.53634, 22.21424 ], [ -159.53623, 22.21434 ], [ -159.53608, 22.21441 ], [ -159.53594, 22.21447 ], [ -159.53576, 22.21456 ], [ -159.5356, 22.2147 ], [ -159.53539, 22.21489 ], [ -159.53518, 22.21507 ], [ -159.53493, 22.21525 ], [ -159.53477, 22.21544 ], [ -159.53446, 22.21577 ], [ -159.5342, 22.21607 ], [ -159.53386, 22.21647 ], [ -159.53364, 22.21668 ], [ -159.53346, 22.21685 ], [ -159.53318, 22.2171 ], [ -159.53295, 22.21733 ], [ -159.53286, 22.21742 ], [ -159.53276, 22.21746 ], [ -159.53259, 22.21747 ], [ -159.53239, 22.21748 ], [ -159.53229, 22.2175 ], [ -159.53217, 22.21755 ], [ -159.53199, 22.21764 ], [ -159.53184, 22.21769 ], [ -159.53175, 22.21771 ], [ -159.53169, 22.21766 ], [ -159.53166, 22.21758 ], [ -159.53172, 22.2174 ], [ -159.53176, 22.21728 ], [ -159.53191, 22.21717 ], [ -159.53202, 22.21708 ], [ -159.53208, 22.21694 ], [ -159.53215, 22.21679 ], [ -159.53223, 22.21652 ], [ -159.53207, 22.21639 ], [ -159.53182, 22.21628 ], [ -159.53144, 22.21607 ], [ -159.53088, 22.21589 ], [ -159.53033, 22.21572 ], [ -159.52962, 22.21555 ], [ -159.5292, 22.21542 ], [ -159.52875, 22.21535 ], [ -159.52814, 22.21526 ], [ -159.52772, 22.21521 ], [ -159.52727, 22.21517 ], [ -159.52664, 22.21513 ], [ -159.52623, 22.21513 ], [ -159.52601, 22.2151 ], [ -159.5258, 22.21504 ], [ -159.52551, 22.21498 ], [ -159.52499, 22.21482 ], [ -159.52441, 22.21461 ], [ -159.52384, 22.21435 ], [ -159.5235, 22.21426 ], [ -159.52342, 22.21427 ], [ -159.52339, 22.21432 ], [ -159.52341, 22.21448 ], [ -159.52337, 22.21453 ], [ -159.52329, 22.21454 ], [ -159.52318, 22.21453 ], [ -159.52309, 22.21449 ], [ -159.523, 22.21455 ], [ -159.52293, 22.21462 ], [ -159.52283, 22.21459 ], [ -159.52273, 22.21456 ], [ -159.52269, 22.21451 ], [ -159.5227, 22.21443 ], [ -159.52274, 22.21435 ], [ -159.52274, 22.21429 ], [ -159.52267, 22.21429 ], [ -159.5226, 22.21426 ], [ -159.52251, 22.2142 ], [ -159.52249, 22.21415 ], [ -159.52247, 22.2141 ], [ -159.52242, 22.21411 ], [ -159.52241, 22.21416 ], [ -159.5224, 22.21423 ], [ -159.52225, 22.2142 ], [ -159.52183, 22.21405 ], [ -159.52151, 22.214 ], [ -159.52125, 22.21401 ], [ -159.52093, 22.21407 ], [ -159.52076, 22.21415 ], [ -159.52069, 22.21425 ], [ -159.52064, 22.2143 ], [ -159.52053, 22.2144 ], [ -159.52046, 22.21445 ], [ -159.52041, 22.2145 ], [ -159.52043, 22.21459 ], [ -159.52048, 22.21465 ], [ -159.52067, 22.2147 ], [ -159.52084, 22.21472 ], [ -159.5209, 22.21476 ], [ -159.52079, 22.21482 ], [ -159.52073, 22.21487 ], [ -159.52063, 22.21487 ], [ -159.52051, 22.21483 ], [ -159.52041, 22.21484 ], [ -159.52034, 22.21489 ], [ -159.52029, 22.21492 ], [ -159.52013, 22.21487 ], [ -159.52003, 22.21491 ], [ -159.52004, 22.21498 ], [ -159.52006, 22.21509 ], [ -159.52004, 22.21514 ], [ -159.51995, 22.21514 ], [ -159.51988, 22.21509 ], [ -159.51977, 22.21494 ], [ -159.51976, 22.21488 ], [ -159.5197, 22.21484 ], [ -159.51966, 22.21486 ], [ -159.51957, 22.21495 ], [ -159.5195, 22.21501 ], [ -159.51946, 22.21507 ], [ -159.5194, 22.21506 ], [ -159.51935, 22.21502 ], [ -159.51933, 22.21495 ], [ -159.51934, 22.21487 ], [ -159.51941, 22.21465 ], [ -159.51945, 22.21456 ], [ -159.51938, 22.21449 ], [ -159.5193, 22.21445 ], [ -159.51918, 22.21446 ], [ -159.51908, 22.21437 ], [ -159.51896, 22.21428 ], [ -159.51883, 22.21423 ], [ -159.51869, 22.21426 ], [ -159.51854, 22.2143 ], [ -159.51844, 22.21433 ], [ -159.51835, 22.21429 ], [ -159.5183, 22.21424 ], [ -159.51827, 22.21408 ], [ -159.51827, 22.21391 ], [ -159.51822, 22.21382 ], [ -159.51818, 22.21376 ], [ -159.51808, 22.21376 ], [ -159.51801, 22.21379 ], [ -159.51792, 22.21387 ], [ -159.51783, 22.21404 ], [ -159.51776, 22.21417 ], [ -159.51769, 22.21425 ], [ -159.51763, 22.21425 ], [ -159.51754, 22.21423 ], [ -159.51749, 22.21415 ], [ -159.51741, 22.21407 ], [ -159.51721, 22.21377 ], [ -159.51715, 22.21366 ], [ -159.51712, 22.21357 ], [ -159.51715, 22.21348 ], [ -159.51729, 22.21309 ], [ -159.5175, 22.21248 ], [ -159.51766, 22.21196 ], [ -159.51776, 22.21159 ], [ -159.51778, 22.21135 ], [ -159.51774, 22.21107 ], [ -159.51762, 22.21083 ], [ -159.51742, 22.21057 ], [ -159.51717, 22.21025 ], [ -159.51701, 22.21002 ], [ -159.51694, 22.20989 ], [ -159.51687, 22.2097 ], [ -159.51682, 22.20943 ], [ -159.51677, 22.20914 ], [ -159.51673, 22.20867 ], [ -159.5167, 22.20828 ], [ -159.51663, 22.20768 ], [ -159.51654, 22.20733 ], [ -159.5165, 22.20715 ], [ -159.51636, 22.20682 ], [ -159.51611, 22.20646 ], [ -159.51575, 22.20605 ], [ -159.51544, 22.20568 ], [ -159.51503, 22.20528 ], [ -159.51466, 22.20496 ], [ -159.51442, 22.20484 ], [ -159.51428, 22.20476 ], [ -159.51416, 22.20459 ], [ -159.51394, 22.20428 ], [ -159.51377, 22.20407 ], [ -159.51361, 22.20399 ], [ -159.51347, 22.20398 ], [ -159.51332, 22.20394 ], [ -159.51325, 22.20391 ], [ -159.51321, 22.20386 ], [ -159.51308, 22.20372 ], [ -159.51287, 22.20359 ], [ -159.51239, 22.20339 ], [ -159.51194, 22.20322 ], [ -159.51157, 22.2031 ], [ -159.51118, 22.20306 ], [ -159.51085, 22.20302 ], [ -159.51062, 22.20294 ], [ -159.51052, 22.20288 ], [ -159.51035, 22.20273 ], [ -159.50986, 22.20279 ], [ -159.50986, 22.20288 ], [ -159.50983, 22.20293 ], [ -159.50973, 22.20303 ], [ -159.5096, 22.20311 ], [ -159.5094, 22.20316 ], [ -159.50921, 22.20317 ], [ -159.50889, 22.20312 ], [ -159.50817, 22.20288 ], [ -159.50756, 22.20276 ], [ -159.50703, 22.20262 ], [ -159.50659, 22.20255 ], [ -159.50615, 22.20252 ], [ -159.50574, 22.20254 ], [ -159.50544, 22.20258 ], [ -159.50525, 22.20262 ], [ -159.5049, 22.20268 ], [ -159.50429, 22.20288 ], [ -159.50363, 22.20314 ], [ -159.50299, 22.20342 ], [ -159.50233, 22.20372 ], [ -159.50156, 22.20417 ], [ -159.50102, 22.20452 ], [ -159.50036, 22.20502 ], [ -159.49983, 22.20551 ], [ -159.49921, 22.20601 ], [ -159.49874, 22.20655 ], [ -159.49836, 22.20706 ], [ -159.49798, 22.20771 ], [ -159.49781, 22.20811 ], [ -159.49762, 22.2086 ], [ -159.49745, 22.20928 ], [ -159.49733, 22.20974 ], [ -159.49727, 22.21004 ], [ -159.49722, 22.21044 ], [ -159.49717, 22.21084 ], [ -159.49716, 22.21124 ], [ -159.49714, 22.21149 ], [ -159.49713, 22.21171 ], [ -159.4971, 22.21197 ], [ -159.49707, 22.21227 ], [ -159.49707, 22.21256 ], [ -159.49709, 22.21274 ], [ -159.49713, 22.213 ], [ -159.49716, 22.21322 ], [ -159.4972, 22.2134 ], [ -159.49729, 22.21361 ], [ -159.49738, 22.2138 ], [ -159.49745, 22.21402 ], [ -159.49745, 22.21409 ], [ -159.49768, 22.21475 ], [ -159.49797, 22.21482 ], [ -159.49814, 22.21488 ], [ -159.4983, 22.21496 ], [ -159.49838, 22.21509 ], [ -159.49846, 22.21519 ], [ -159.49849, 22.21528 ], [ -159.49852, 22.21539 ], [ -159.49856, 22.2156 ], [ -159.4986, 22.21583 ], [ -159.49865, 22.21612 ], [ -159.49867, 22.21639 ], [ -159.49869, 22.21657 ], [ -159.49867, 22.2168 ], [ -159.49865, 22.21699 ], [ -159.4986, 22.21724 ], [ -159.49854, 22.2174 ], [ -159.49846, 22.21759 ], [ -159.49837, 22.21783 ], [ -159.4983, 22.21802 ], [ -159.49825, 22.2182 ], [ -159.4982, 22.21843 ], [ -159.49814, 22.21875 ], [ -159.49812, 22.21903 ], [ -159.49822, 22.21939 ], [ -159.49838, 22.21972 ], [ -159.49845, 22.21988 ], [ -159.49846, 22.21999 ], [ -159.49843, 22.22009 ], [ -159.49839, 22.22025 ], [ -159.4983, 22.22055 ], [ -159.49826, 22.22091 ], [ -159.49825, 22.22105 ], [ -159.49822, 22.22119 ], [ -159.49811, 22.22144 ], [ -159.49799, 22.22176 ], [ -159.49781, 22.22203 ], [ -159.49766, 22.22218 ], [ -159.49749, 22.22229 ], [ -159.49722, 22.22242 ], [ -159.4971, 22.22248 ], [ -159.497, 22.22255 ], [ -159.49679, 22.22262 ], [ -159.49661, 22.2227 ], [ -159.4964, 22.22286 ], [ -159.49618, 22.22301 ], [ -159.49597, 22.22304 ], [ -159.4958, 22.22305 ], [ -159.49555, 22.22302 ], [ -159.49527, 22.22304 ], [ -159.49523, 22.22314 ], [ -159.49513, 22.22323 ], [ -159.49503, 22.22331 ], [ -159.49492, 22.22335 ], [ -159.4948, 22.22337 ], [ -159.49464, 22.22332 ], [ -159.49444, 22.22326 ], [ -159.49425, 22.22319 ], [ -159.49407, 22.2232 ], [ -159.49393, 22.2232 ], [ -159.49377, 22.22328 ], [ -159.49349, 22.22343 ], [ -159.4931, 22.22364 ], [ -159.49259, 22.22405 ], [ -159.49224, 22.22437 ], [ -159.49208, 22.22456 ], [ -159.49196, 22.22481 ], [ -159.49191, 22.22502 ], [ -159.4919, 22.22518 ], [ -159.49192, 22.22538 ], [ -159.49198, 22.2256 ], [ -159.49194, 22.22567 ], [ -159.49186, 22.22562 ], [ -159.49173, 22.2255 ], [ -159.49163, 22.2255 ], [ -159.49157, 22.2256 ], [ -159.49144, 22.22587 ], [ -159.4913, 22.22608 ], [ -159.49119, 22.22614 ], [ -159.49105, 22.22619 ], [ -159.4909, 22.22617 ], [ -159.49072, 22.22612 ], [ -159.49053, 22.22599 ], [ -159.49031, 22.22582 ], [ -159.49021, 22.22575 ], [ -159.49011, 22.22579 ], [ -159.49008, 22.22597 ], [ -159.49005, 22.22618 ], [ -159.48994, 22.2265 ], [ -159.48986, 22.22659 ], [ -159.48978, 22.22663 ], [ -159.48939, 22.22659 ], [ -159.48897, 22.22661 ], [ -159.48885, 22.22667 ], [ -159.4888, 22.22675 ], [ -159.48881, 22.22684 ], [ -159.4889, 22.22694 ], [ -159.48898, 22.22705 ], [ -159.48897, 22.22715 ], [ -159.48895, 22.22733 ], [ -159.48891, 22.22751 ], [ -159.48884, 22.22766 ], [ -159.48873, 22.22779 ], [ -159.48851, 22.2279 ], [ -159.48844, 22.22794 ], [ -159.48843, 22.228 ], [ -159.48848, 22.22806 ], [ -159.48852, 22.22813 ], [ -159.48849, 22.22822 ], [ -159.48839, 22.22826 ], [ -159.48802, 22.22838 ], [ -159.48795, 22.2284 ], [ -159.48795, 22.22845 ], [ -159.48796, 22.22854 ], [ -159.4879, 22.22859 ], [ -159.48779, 22.2286 ], [ -159.48767, 22.22862 ], [ -159.48755, 22.2287 ], [ -159.48739, 22.22891 ], [ -159.4873, 22.22898 ], [ -159.48723, 22.22899 ], [ -159.48709, 22.22903 ], [ -159.48692, 22.22909 ], [ -159.48677, 22.22917 ], [ -159.48664, 22.22929 ], [ -159.48646, 22.22931 ], [ -159.48631, 22.22931 ], [ -159.48596, 22.2293 ], [ -159.48571, 22.22928 ], [ -159.4855, 22.22924 ], [ -159.48555, 22.22936 ], [ -159.48572, 22.22943 ], [ -159.48576, 22.22949 ], [ -159.48577, 22.22954 ], [ -159.48553, 22.22959 ], [ -159.48532, 22.22959 ], [ -159.48528, 22.22951 ], [ -159.48521, 22.22939 ], [ -159.48508, 22.22929 ], [ -159.48491, 22.22922 ], [ -159.48466, 22.22913 ], [ -159.48445, 22.22903 ], [ -159.48425, 22.22895 ], [ -159.48409, 22.2289 ], [ -159.484, 22.22892 ], [ -159.48388, 22.22894 ], [ -159.48375, 22.22899 ], [ -159.48362, 22.22899 ], [ -159.48348, 22.22898 ], [ -159.48304, 22.22888 ], [ -159.48244, 22.22873 ], [ -159.4821, 22.22867 ], [ -159.4819, 22.2286 ], [ -159.48156, 22.22853 ], [ -159.48114, 22.22849 ], [ -159.48084, 22.22848 ], [ -159.48064, 22.22849 ], [ -159.48041, 22.22857 ], [ -159.48023, 22.22873 ], [ -159.48005, 22.22881 ], [ -159.47989, 22.22886 ], [ -159.47979, 22.22892 ], [ -159.47974, 22.22899 ], [ -159.47967, 22.22916 ], [ -159.47958, 22.22928 ], [ -159.47948, 22.22938 ], [ -159.47935, 22.22941 ], [ -159.47919, 22.22937 ], [ -159.47908, 22.22931 ], [ -159.47889, 22.22919 ], [ -159.4788, 22.22916 ], [ -159.47867, 22.22917 ], [ -159.47854, 22.22916 ], [ -159.47843, 22.22911 ], [ -159.47823, 22.22904 ], [ -159.47801, 22.22897 ], [ -159.47771, 22.22891 ], [ -159.47743, 22.22893 ], [ -159.47726, 22.22898 ], [ -159.47715, 22.22915 ], [ -159.47714, 22.22929 ], [ -159.47717, 22.22949 ], [ -159.47715, 22.22962 ], [ -159.47712, 22.2297 ], [ -159.47703, 22.22975 ], [ -159.4769, 22.22978 ], [ -159.47673, 22.22976 ] ], [ [ -159.45832, 22.19759 ], [ -159.46231, 22.19687 ], [ -159.46972, 22.19541 ], [ -159.47732, 22.19382 ], [ -159.48137, 22.19239 ], [ -159.48735, 22.19066 ], [ -159.49403, 22.18923 ], [ -159.49988, 22.18855 ], [ -159.50407, 22.18803 ], [ -159.51051, 22.18735 ], [ -159.5172, 22.18771 ], [ -159.5215, 22.18826 ], [ -159.53568, 22.19077 ], [ -159.54759, 22.19486 ], [ -159.55742, 22.19672 ], [ -159.5682, 22.1975 ], [ -159.57821, 22.19675 ], [ -159.58573, 22.19505 ], [ -159.59569, 22.19173 ], [ -159.61031, 22.18674 ], [ -159.61891, 22.18289 ], [ -159.62865, 22.1779 ], [ -159.63763, 22.17266 ], [ -159.64636, 22.16754 ], [ -159.65233, 22.16392 ], [ -159.65648, 22.15952 ], [ -159.66108, 22.15316 ], [ -159.66515, 22.14616 ], [ -159.66768, 22.13906 ], [ -159.66933, 22.12916 ], [ -159.66962, 22.11942 ], [ -159.66868, 22.10922 ], [ -159.66752, 22.09697 ], [ -159.66429, 22.08345 ], [ -159.65864, 22.07573 ], [ -159.65268, 22.06971 ], [ -159.64087, 22.06142 ], [ -159.63152, 22.0568 ], [ -159.62855, 22.05537 ], [ -159.62102, 22.05261 ], [ -159.61504, 22.05043 ], [ -159.60468, 22.04611 ], [ -159.59694, 22.04178 ], [ -159.58844, 22.03696 ], [ -159.57755, 22.03062 ], [ -159.57065, 22.02417 ], [ -159.56441, 22.01707 ], [ -159.55767, 22.00681 ], [ -159.5521, 21.997 ], [ -159.54708, 21.98834 ], [ -159.54136, 21.9787 ], [ -159.53701, 21.97169 ], [ -159.53291, 21.96622 ], [ -159.52696, 21.95997 ], [ -159.52017, 21.95501 ], [ -159.51328, 21.95101 ], [ -159.50807, 21.94765 ], [ -159.50184, 21.94401 ], [ -159.50045, 21.94355 ], [ -159.49653, 21.94346 ], [ -159.4914, 21.94388 ], [ -159.48672, 21.94437 ], [ -159.48127, 21.94535 ], [ -159.47841, 21.94815 ], [ -159.47552, 21.95274 ], [ -159.47371, 21.95789 ], [ -159.46936, 21.96634 ], [ -159.46441, 21.97096 ], [ -159.45875, 21.97435 ], [ -159.45118, 21.97832 ], [ -159.44287, 21.98158 ], [ -159.43665, 21.98461 ], [ -159.43183, 21.98771 ], [ -159.42523, 21.9909 ], [ -159.42017, 21.99575 ], [ -159.41711, 22.00122 ], [ -159.41568, 22.00741 ], [ -159.41572, 22.01243 ], [ -159.41612, 22.01904 ], [ -159.41689, 22.02315 ], [ -159.41788, 22.02898 ], [ -159.41918, 22.03533 ], [ -159.4188, 22.04148 ], [ -159.41784, 22.05025 ], [ -159.41536, 22.05715 ], [ -159.4123, 22.06327 ], [ -159.40916, 22.06962 ], [ -159.40818, 22.07177 ], [ -159.40518, 22.07636 ], [ -159.40064, 22.08146 ], [ -159.39488, 22.08632 ], [ -159.388, 22.09135 ], [ -159.38118, 22.09467 ], [ -159.37538, 22.09798 ], [ -159.3679, 22.1052 ], [ -159.36455, 22.11008 ], [ -159.36298, 22.11363 ], [ -159.36204, 22.11727 ], [ -159.36148, 22.12215 ], [ -159.36031, 22.13286 ], [ -159.35948, 22.14279 ], [ -159.35963, 22.1519 ], [ -159.36047, 22.15929 ], [ -159.36086, 22.16482 ], [ -159.3622, 22.17081 ], [ -159.36528, 22.17554 ], [ -159.36963, 22.18016 ], [ -159.37638, 22.18336 ], [ -159.38342, 22.18565 ], [ -159.39346, 22.18849 ], [ -159.40169, 22.19077 ], [ -159.41072, 22.19352 ], [ -159.4193, 22.19489 ], [ -159.42602, 22.19581 ], [ -159.43428, 22.19653 ], [ -159.44397, 22.19751 ], [ -159.45171, 22.19817 ], [ -159.45832, 22.19759 ] ] ] ] } }
]
}
